g AceDragon_Charge_Tip
v 0.121879466 0.021287799 -0.009986371
v 0.11316031 0.021287799 0.004147038
v 0.12454675 0.021287799 -2.9221177E-05
v 0.09464873 0.02128248 0.01710622
v 0.11316031 0.021287799 0.004147038
v 0.08743856 0.02128248 0.009896055
v 0.09468061 0.021287799 -0.017270923
v 0.11316031 0.021287799 0.004147038
v 0.104632445 0.021287799 -0.019938216
v 0.1145896 0.021287799 0.01721248
v 0.11316031 0.021287799 0.004147038
v 0.10482904 0.021287799 0.019842565
v 0.08476065 0.021287799 -0.00017799437
v 0.11316031 0.021287799 0.004147038
v 0.08739074 0.021287799 -0.009986371
v 0.12454675 0.021287799 -2.9221177E-05
v 0.11316031 0.021287799 0.004147038
v 0.12187415 0.021287799 0.009922609
v 0.104632445 0.021287799 -0.019938216
v 0.11316031 0.021287799 0.004147038
v 0.1145896 0.021287799 -0.017270923
v 0.08743856 0.02128248 0.009896055
v 0.11316031 0.021287799 0.004147038
v 0.08476065 0.021287799 -0.00017799437
v 0.08739074 0.021287799 -0.009986371
v 0.11316031 0.021287799 0.004147038
v 0.09468061 0.021287799 -0.017270923
v 0.10482904 0.021287799 0.019842565
v 0.11316031 0.021287799 0.004147038
v 0.09464873 0.02128248 0.01710622
v 0.12187415 0.021287799 0.009922609
v 0.11316031 0.021287799 0.004147038
v 0.1145896 0.021287799 0.01721248
v 0.1145896 0.021287799 -0.017270923
v 0.11316031 0.021287799 0.004147038
v 0.121879466 0.021287799 -0.009986371
v -0.09446275 0.021287799 0.01721248
v -0.11208171 0.021287799 -0.0031906515
v -0.10441992 0.021287799 0.019879758
v -0.10461119 0.021287799 -0.019906327
v -0.11208171 0.021287799 -0.0031906515
v -0.09443089 0.02128248 -0.017164662
v -0.12166163 0.021287799 0.009922609
v -0.11208171 0.021287799 -0.0031906515
v -0.12432891 0.021287799 -3.454089E-05
v -0.08722073 0.02128248 -0.009959802
v -0.11208171 0.021287799 -0.0031906515
v -0.08454281 0.021287799 0.000119552016
v -0.12432891 0.021287799 -3.454089E-05
v -0.11208171 0.021287799 -0.0031906515
v -0.12166163 0.021287799 -0.009986371
v -0.08454281 0.021287799 0.000119552016
v -0.11208171 0.021287799 -0.0031906515
v -0.0871782 0.021287799 0.009927928
v -0.10441992 0.021287799 0.019879758
v -0.11208171 0.021287799 -0.0031906515
v -0.11437705 0.021287799 0.01721248
v -0.11437175 0.021287799 -0.017276242
v -0.11208171 0.021287799 -0.0031906515
v -0.10461119 0.021287799 -0.019906327
v -0.0871782 0.021287799 0.009927928
v -0.11208171 0.021287799 -0.0031906515
v -0.09446275 0.021287799 0.01721248
v -0.09443089 0.02128248 -0.017164662
v -0.11208171 0.021287799 -0.0031906515
v -0.08722073 0.02128248 -0.009959802
v -0.11437705 0.021287799 0.01721248
v -0.11208171 0.021287799 -0.0031906515
v -0.12166163 0.021287799 0.009922609
v -0.12166163 0.021287799 -0.009986371
v -0.11208171 0.021287799 -0.0031906515
v -0.11437175 0.021287799 -0.017276242
v 0.017812893 0.112682104 0.08088723
v 0.018338904 0.11084372 0.08428776
v 0.023253724 0.10791075 0.07937294
v -0.021866947 0.10825083 0.08012745
v -0.0176588 0.11088091 0.08383083
v -0.018365473 0.11272994 0.080605626
v 0.0005233586 0.14369592 -0.032153517
v 0.01185666 0.14174062 -0.022950858
v 0.00035865605 0.14174062 -0.031117424
v 0.0005233586 0.14369592 -0.032153517
v 0.0116335 0.14360562 -0.022621438
v 0.01185666 0.14174062 -0.022950858
v -0.0031747073 0.1437597 0.022334516
v -0.0076060146 0.14343026 -0.016489878
v -0.0031109452 0.14174062 0.022605494
v -0.0076060146 0.14343026 -0.016489878
v -0.005980134 0.14174062 -0.016707718
v -0.0031109452 0.14174062 0.022605494
v -0.085106015 -0.070462525 0.061881512
v -0.084569365 -0.069984324 0.06149365
v -0.08552045 -0.07083445 0.06218438
v -0.085106015 -0.070462525 0.061881512
v -0.08170548 -0.0767163 0.080749094
v -0.07691288 -0.07514355 0.08144513
v -0.07557924 -0.07571739 0.08383083
v -0.07445814 -0.07647188 0.08628026
v -0.07676941 -0.07488851 0.08145577
v -0.07334234 -0.07716793 0.08874032
v -0.0697346 -0.07864503 0.0939208
v -0.0714933 -0.08113166 0.09917036
v -0.06162116 -0.07716261 0.09725225
v -0.058937937 -0.07647188 0.0975551
v -0.06373586 -0.0773964 0.0969972
v -0.069564566 -0.07602025 0.09586549
v -0.056260034 -0.0757227 0.09786859
v -0.06428313 -0.0773964 0.096890956
v -0.053576812 -0.07514355 0.09839994
v -0.03325869 -0.07218403 0.10310751
v -0.053635255 -0.07488851 0.09826177
v -0.046765134 -0.07334765 0.09894189
v -0.039916277 -0.07159426 0.09917566
v -0.032238528 -0.069984324 0.099515736
v -0.062311903 -0.0823856 0.093405426
v -0.06162116 -0.07716261 0.09725225
v -0.051074237 -0.09262967 0.0848988
v -0.053635255 -0.07488851 0.09826177
v -0.054889202 -0.09838399 0.07851219
v -0.01579383 -0.07752923 0.1151475
v -0.014316723 -0.07514355 0.11115721
v -0.03928399 -0.07052097 0.099181
v -0.032238528 -0.069984324 0.099515736
v -0.061557397 -0.095934555 0.075499535
v -0.0027762055 -0.07837405 0.11690089
v -0.014189199 -0.07488851 0.11107749
v 0.0037166625 -0.081147596 0.12223014
v 0.0036582202 -0.07563238 0.11229426
v 0.00010892749 -0.07602025 0.11850551
v 0.0054169297 -0.07740171 0.11600825
v 0.0055710077 -0.07773645 0.1157532
v 0.0031056404 -0.07716261 0.11713466
v 0.007340342 -0.077215746 0.11489245
v 0.009694144 -0.07647188 0.113622576
v 0.0054169297 -0.07740171 0.11600825
v 0.012047946 -0.0757227 0.11230487
v 0.014529258 -0.07514355 0.11115721
v 0.014407054 -0.07488851 0.11107749
v 0.020363286 -0.07334765 0.10759196
v 0.026037902 -0.07159426 0.10375574
v 0.032451063 -0.069984324 0.099515736
v 0.0036582202 -0.08256094 0.11229426
v 0.006245807 -0.077539854 0.11540252
v 0.007340342 -0.077215746 0.11489245
v 0.0052947253 -0.09630648 0.09710348
v -0.0005711764 -0.09731601 0.09710348
v 0.011649445 -0.08159923 0.10741663
v 0.014407054 -0.07488851 0.11107749
v 0.026553288 -0.07052097 0.103389144
v 0.032451063 -0.069984324 0.099515736
v 0.018025413 -0.08997301 0.09144479
v 0.033970684 -0.072215915 0.10326162
v 0.054278165 -0.077380456 0.1025815
v 0.053794652 -0.07514355 0.09839994
v 0.066504106 -0.07837405 0.096263975
v 0.05384779 -0.07488851 0.09826177
v 0.07487789 -0.081147596 0.09676874
v 0.069006674 -0.07548892 0.08875626
v 0.06978242 -0.07602025 0.09586549
v 0.072609104 -0.07740171 0.09072751
v 0.072582535 -0.07773645 0.09042996
v 0.07140298 -0.07716261 0.0929963
v 0.07350705 -0.077215746 0.088692516
v 0.074670665 -0.07647188 0.08628026
v 0.072609104 -0.07740171 0.09072751
v 0.07579709 -0.0757227 0.08383083
v 0.077130735 -0.07514355 0.08144513
v 0.07698196 -0.07488851 0.08145577
v 0.07975551 -0.07334765 0.07512762
v 0.08208805 -0.07159426 0.06869319
v 0.08478722 -0.069984324 0.06149365
v 0.088426836 -0.07222654 0.06395371
v 0.101396635 -0.07514355 0.04804565
v 0.069006674 -0.08256094 0.08875626
v 0.07292259 -0.077539854 0.08974984
v 0.07350705 -0.077215746 0.088692516
v 0.10495125 -0.0763603 0.044480413
v 0.10310753 -0.07566426 0.04617004
v 0.10135944 -0.07488851 0.04790218
v 0.1067684 -0.07706697 0.04277484
v 0.11581697 -0.081253864 0.039698422
v 0.107932016 -0.07578115 0.03743495
v 0.111911684 -0.07773645 0.03055422
v 0.11164071 -0.077215746 0.028604224
v 0.11116251 -0.07647188 0.02596882
v 0.11063118 -0.0757227 0.02332811
v 0.11030707 -0.07514355 0.020613
v 0.11019549 -0.07488851 0.02070333
v 0.109988265 -0.07474505 0.019146532
v 0.11065243 -0.07519668 0.01894994
v 0.1113166 -0.075643 0.018726781
v 0.111970134 -0.0760787 0.018477052
v 0.11541316 -0.076684415 0.017005265
v 0.11775634 -0.048194423 0.014858678
v 0.10971729 -0.0745644 0.019220918
v 0.11822922 -0.080026485 0.031096175
v 0.12191666 -0.042971432 0.009848222
v 0.122267336 -0.0664244 0.00923188
v 0.12187415 0.021287799 0.009922609
v 0.124249205 -0.038672954 0.0033872426
v 0.12454675 -0.058831677 -2.9221177E-05
v 0.14167157 -0.0469511 0.019146532
v 0.12454675 0.021287799 -2.9221177E-05
v 0.1145896 0.021287799 0.01721248
v 0.11025925 -0.052014694 0.019470647
v 0.104611196 -0.081928656 0.019879758
v 0.10482904 0.021287799 0.019842565
v 0.11019549 -0.07488851 0.02070333
v 0.109988265 -0.074139334 0.019146532
v 0.11164071 -0.077215746 0.028604224
v 0.12549251 -0.07226373 0.031287447
v 0.13588536 -0.06068071 0.035516843
v 0.100450866 -0.055760577 0.019475952
v 0.09464873 0.02128248 0.01710622
v 0.13042858 -0.0672586 0.041313678
v 0.094197094 -0.09628523 0.025655344
v 0.09507911 -0.09158826 0.017706618
v 0.09494096 -0.056807302 0.017403767
v 0.089707345 -0.06346489 0.013147801
v 0.08743856 0.02128248 0.009896055
v 0.086030535 -0.08062158 0.007165
v 0.08476065 0.021287799 -0.00017799437
v 0.08714633 -0.07962799 0.009486929
v 0.074702546 -0.088963486 0.013530359
v 0.08899536 -0.09417053 0.012292355
v 0.10803297 -0.08256094 0.03130339
v 0.11178948 -0.077539854 0.029805034
v 0.11210828 -0.07740171 0.03077738
v 0.107932016 -0.08130168 0.03743495
v 0.11246427 -0.07716261 0.033322453
v 0.11284152 -0.07602025 0.03660077
v 0.08714633 -0.08844809 0.009486929
v 0.07359207 -0.10938787 0.017297491
v 0.07201401 -0.10380357 0.014391109
v 0.092273675 -0.09731601 0.030628607
v 0.071737714 -0.110604614 0.023609713
v 0.060840108 -0.11516875 0.019688487
v 0.06986743 -0.10921784 0.02936934
v 0.058295034 -0.11263961 0.01886493
v 0.068507224 -0.101534784 0.032966465
v 0.09092941 -0.09578046 0.035495594
v 0.06741268 -0.102544315 0.013780087
v 0.05816751 -0.112613045 0.016872436
v 0.05699858 -0.11334628 0.018158257
v 0.05716861 -0.11331972 0.017621607
v 0.057630867 -0.11306468 0.017095596
v 0.056823246 -0.11334628 0.018700212
v 0.056642592 -0.11331972 0.019236848
v 0.056706347 -0.113069996 0.019911647
v 0.057014525 -0.112613045 0.020421728
v 0.07462816 -0.09011647 0.011346579
v 0.07520731 -0.08895817 0.010384873
v 0.0751648 -0.08903787 -2.9221177E-05
v 0.07462816 -0.09011647 -0.011405036
v 0.07520731 -0.08895817 -0.010443315
v 0.074702546 -0.08895817 -0.013588801
v 0.07555268 -0.08922915 -2.9221177E-05
v 0.08620056 -0.08048875 -0.0075635016
v 0.07125421 -0.10498313 0.012494251
v 0.08620056 -0.094399005 0.0074944347
v 0.058156885 -0.11346849 0.01687774
v 0.05813563 -0.11377666 0.01688306
v 0.057901844 -0.11407421 0.016973376
v 0.057620242 -0.11432925 0.017116845
v 0.05724831 -0.11334628 0.017371878
v 0.05724831 -0.11453115 0.017371878
v 0.08596677 -0.09708754 0.0070799887
v 0.05813563 -0.11377666 0.01688306
v 0.057487406 -0.116513014 0.016697094
v 0.08484035 -0.10219895 0.002611488
v 0.056451313 -0.13293116 0.019794747
v 0.059830576 -0.1283192 0.003599763
v 0.056360982 -0.11650771 0.020161375
v 0.08472877 -0.10287374 -0.0021014214
v 0.056562893 -0.11453115 0.019475952
v 0.05716861 -0.11331972 0.017621607
v 0.056642592 -0.11331972 0.019236848
v 0.08739074 0.021287799 -0.009986371
v 0.05671698 -0.11432925 0.019906327
v 0.056562893 -0.11334628 0.019475952
v 0.05686044 -0.114068896 0.020187944
v 0.05699858 -0.11377666 0.02039516
v 0.057009213 -0.11346849 0.020411104
v 0.05699858 -0.11377666 0.02039516
v 0.0659037 -0.104000166 0.03288676
v 0.07680131 -0.09370827 0.049060494
v 0.07619559 -0.092023954 0.04730709
v 0.06709919 -0.090100534 0.034560457
v 0.06857629 -0.08772548 0.036632642
v 0.062678516 -0.102544315 0.028359815
v 0.068427525 -0.08895817 0.03284426
v 0.05075012 -0.12798977 0.03184004
v 0.08374581 -0.083937086 0.058236584
v 0.048428208 -0.12920652 0.035075843
v 0.08103602 -0.08423463 0.061456457
v 0.042849228 -0.13293116 0.041690916
v 0.04604253 -0.12791538 0.03830102
v 0.036680475 -0.11649708 0.047232702
v 0.083825506 -0.065659285 0.05828972
v 0.06805559 -0.095318206 0.057057023
v 0.03711085 -0.11377666 0.047764033
v 0.06864005 -0.092023954 0.057705253
v 0.056392863 -0.087507635 0.05384247
v 0.05370964 -0.090100534 0.052992344
v 0.05174903 -0.104000166 0.052376002
v 0.036558256 -0.11432925 0.04764715
v 0.08079161 -0.06624375 0.061472386
v 0.046441033 -0.102544315 0.050702304
v 0.037142724 -0.112613045 0.047769353
v 0.0371321 -0.11346849 0.047769353
v 0.03711085 -0.11377666 0.047764033
v 0.036866426 -0.11407421 0.047700286
v 0.03610663 -0.11334628 0.047631204
v 0.03610663 -0.11453115 0.047631204
v 0.034316048 -0.11453115 0.04893297
v 0.035899416 -0.11331972 0.0477906
v 0.034523264 -0.11331972 0.048789516
v 0.033747524 -0.11650771 0.04937397
v 0.020857424 -0.12879209 0.05666916
v 0.021622539 -0.13915305 0.053900912
v 0.034188524 -0.11432925 0.04937397
v 0.034316048 -0.11334628 0.04893297
v 0.03412476 -0.112613045 0.049963757
v 0.034140706 -0.114068896 0.04968214
v 0.03412476 -0.11377666 0.04993187
v 0.03412476 -0.11346849 0.049953133
v 0.03412476 -0.11377666 0.04993187
v 0.033991933 -0.104000166 0.06527673
v 0.033295885 -0.093697645 0.08477658
v 0.03383784 -0.092023954 0.0829913
v 0.03397599 -0.090100534 0.06733298
v 0.03394942 -0.0876936 0.06990993
v 0.033519045 -0.08388927 0.09633306
v 0.029358715 -0.08427714 0.09718317
v 0.03403975 -0.102544315 0.05971369
v 0.036080062 -0.112613045 0.0494643
v 0.03417258 -0.113069996 0.04937397
v 0.034523264 -0.11331972 0.048789516
v 0.034985527 -0.11334628 0.04846008
v 0.03544247 -0.11334628 0.04812534
v 0.036053494 -0.08895817 0.066721946
v 0.03353499 -0.06560084 0.09640744
v 0.035899416 -0.11331972 0.0477906
v 0.03657952 -0.11306468 0.047636524
v 0.052487582 -0.088963486 0.054782927
v 0.023423746 -0.08922915 0.07172178
v 0.0123083 -0.09009522 0.07437843
v 0.013981983 -0.087507635 0.07663658
v 0.033221498 -0.08895817 0.068172485
v 0.013408154 -0.08895817 0.074612215
v 0.023306862 -0.08903787 0.071355164
v 0.036053494 -0.07658346 0.08352265
v 0.03604819 -0.10155604 0.06684415
v 0.010262668 -0.088963486 0.07510635
v 0.052795753 -0.101375386 0.054878563
v 0.037647486 -0.11516875 0.05162151
v 0.03593129 -0.061706178 0.0991863
v 0.036069438 -0.07975551 0.08728978
v 0.039379627 -0.08998364 0.08449498
v 0.03926274 -0.10921784 0.06475602
v 0.039523095 -0.07053159 0.099181
v 0.029364035 -0.062040918 0.10095033
v 0.053890295 -0.081593916 0.09368169
v 0.052524775 -0.09588142 0.08196053
v 0.056653216 -0.09731601 0.07894787
v 0.044161618 -0.1105993 0.06120141
v 0.061398007 -0.09630648 0.075504854
v 0.049591824 -0.109244406 0.05722706
v 0.072603785 -0.08160454 0.0801115
v 0.07698196 -0.07488851 0.08145577
v 0.068369076 -0.08997301 0.06344363
v 0.08228996 -0.07052097 0.06809278
v 0.08478722 -0.069984324 0.06149365
v 0.071960874 -0.07984584 0.061127022
v 0.06846472 -0.07658346 0.05997403
v 0.083129466 -0.06201435 0.064463794
v 0.08740668 -0.061706178 0.059182346
v 0.05474042 -0.08895817 0.052540705
v 0.061142966 -0.08922915 0.04431039
v 0.060834795 -0.08903787 0.04408723
v 0.06698761 -0.08895817 0.03568688
v 0.078299664 -0.07658346 0.046435714
v 0.09030775 -0.07053159 0.057067648
v 0.10135944 -0.07488851 0.04790218
v 0.08052594 -0.07975551 0.049474925
v 0.081562035 -0.08998364 0.045266777
v 0.09871341 -0.08159923 0.044161618
v 0.10724129 -0.077151984 0.04239759
v 0.10916471 -0.07740171 0.04053262
v 0.107932016 -0.07578115 0.03743495
v 0.11210828 -0.07740171 0.03077738
v -0.08651936 -0.071514554 0.06237565
v -0.08586049 -0.07114263 0.062428787
v -0.08586049 -0.07114263 0.062428787
v -0.11305404 -0.08047812 0.044251934
v -0.09058404 -0.07159426 0.056701034
v -0.09598768 -0.07334765 0.052492887
v -0.101178795 -0.07514355 0.04804565
v -0.10303846 -0.0757227 0.046037212
v -0.10114691 -0.07488851 0.04790218
v -0.105020314 -0.07647188 0.044209436
v -0.106954366 -0.077215746 0.042360395
v -0.10831988 -0.07773645 0.040941745
v -0.089574516 -0.072104335 0.06504294
v -0.11582759 -0.08127512 0.03822133
v -0.10799578 -0.076572835 0.036335096
v -0.11174166 -0.0776355 0.03035231
v -0.114929646 -0.07698196 0.017154038
v -0.11916435 -0.079192296 0.031925052
v -0.11009455 -0.07514355 0.020613
v -0.10998297 -0.07488851 0.02070333
v -0.10441992 -0.0819074 0.019879758
v -0.10977042 -0.07474505 0.019146532
v -0.10995108 -0.07438906 0.01997009
v -0.077991486 -0.07924543 0.09523851
v -0.12962627 -0.0672586 0.043120205
v -0.112629 -0.07602025 0.03660077
v -0.10861212 -0.07740171 0.040877983
v -0.10799578 -0.08166299 0.036335096
v -0.1103974 -0.07716261 0.039028957
v -0.10861212 -0.07740171 0.040877983
v -0.10777792 -0.077539854 0.041478395
v -0.106954366 -0.077215746 0.042360395
v -0.09508443 -0.0952757 0.0256394
v -0.090669066 -0.09630648 0.034921765
v -0.0924809 -0.09731601 0.029337466
v -0.09851152 -0.08160454 0.044150993
v -0.10114691 -0.07488851 0.04790218
v -0.09007928 -0.07052097 0.057078287
v -0.084569365 -0.069984324 0.06149365
v -0.08135483 -0.08997301 0.0452774
v -0.07355487 -0.10924972 0.017244369
v -0.07173772 -0.110604614 0.022945553
v -0.06963365 -0.109244406 0.029342785
v -0.060670078 -0.115179375 0.019688487
v -0.06832126 -0.10149759 0.033008963
v -0.058071867 -0.11265555 0.01886493
v -0.08026558 -0.07984584 0.049411163
v -0.08688599 -0.06201435 0.0590017
v -0.07808712 -0.07658346 0.046435714
v -0.094499946 -0.091800794 0.017488778
v -0.07157831 -0.104021415 0.014470816
v -0.074484706 -0.0889688 0.013530359
v -0.08878282 -0.09418116 0.01230298
v -0.06820968 -0.08895817 0.03284426
v -0.06835845 -0.08772548 0.036632642
v -0.083272934 -0.06632345 0.057625547
v -0.083341986 -0.084298395 0.057875276
v -0.08125916 -0.065632716 0.061562717
v -0.08692849 -0.08844809 0.009486929
v -0.08318791 -0.06171149 0.06469758
v -0.082066804 -0.07053159 0.06811403
v -0.07676941 -0.07488851 0.08145577
v -0.07239126 -0.08159923 0.080090255
v -0.068145916 -0.08998364 0.06343831
v -0.07182273 -0.07975551 0.06115359
v -0.04926771 -0.10930285 0.057173923
v -0.06824687 -0.07658346 0.05997403
v -0.056180328 -0.08750232 0.05384247
v -0.052317545 -0.101625115 0.05479355
v -0.052269727 -0.088963486 0.054782927
v -0.081195414 -0.08388927 0.06152022
v -0.048699185 -0.12856361 0.035527483
v -0.044188187 -0.11061524 0.061052635
v -0.037424326 -0.11517406 0.05166401
v -0.03899707 -0.1088034 0.06517577
v -0.035851583 -0.11260242 0.049474925
v -0.035835654 -0.101534784 0.06688666
v -0.0462285 -0.102544315 0.050702304
v -0.03693019 -0.112613045 0.047769353
v -0.05153118 -0.104000166 0.052376002
v -0.053491786 -0.090100534 0.052992344
v -0.03916709 -0.08997832 0.08450028
v -0.03691426 -0.11346849 0.047769353
v -0.036898315 -0.11377666 0.047764033
v -0.03665921 -0.114068896 0.047700286
v -0.06842752 -0.092023954 0.057705253
v -0.03635104 -0.11432925 0.04764715
v -0.035851583 -0.07984584 0.087204784
v -0.035888776 -0.11334628 0.047631204
v -0.035888776 -0.11453115 0.047631204
v -0.035718754 -0.061700866 0.0991863
v -0.03584096 -0.07658346 0.08352265
v -0.036478564 -0.116513014 0.047227398
v -0.033540294 -0.11650239 0.04935804
v -0.036898315 -0.11377666 0.047764033
v -0.028917715 -0.13293116 0.05217409
v -0.04584594 -0.12798977 0.038290396
v -0.07029781 -0.093697645 0.057742447
v -0.033465907 -0.066360645 0.09557855
v -0.03373158 -0.087507635 0.070149034
v -0.03337027 -0.08430902 0.09585485
v -0.0291515 -0.062030293 0.10095033
v -0.03584096 -0.088963486 0.066721946
v -0.029539376 -0.06561678 0.09765074
v -0.026319504 -0.07053159 0.10339975
v -0.011463478 -0.081593916 0.10739538
v -0.005677283 -0.09588142 0.09710878
v -0.017802253 -0.08998364 0.09143418
v -0.02212198 -0.07975551 0.09174767
v -0.0062936246 -0.10921784 0.075398594
v -0.019922271 -0.07658346 0.088692516
v -0.013620675 -0.0876936 0.07644531
v -0.010097951 -0.101598546 0.07516481
v -0.00024175644 -0.1105993 0.075398594
v 0.000119552016 -0.11516875 0.06383151
v 0.0064902157 -0.109244406 0.07537733
v -0.010050133 -0.08895817 0.07510635
v 0.010443315 -0.101401955 0.07534546
v 0.00012485683 -0.112559915 0.06113234
v -0.029486239 -0.08389989 0.097549796
v 0.022292018 -0.07984584 0.091683894
v -0.007558182 -0.102544315 0.06824687
v -0.0017560422 -0.112613045 0.060409725
v -0.012090445 -0.090100534 0.074373126
v -0.010863066 -0.104000166 0.07272068
v 0.020140126 -0.07658346 0.088692516
v -0.0017507374 -0.11346849 0.0603991
v -0.0017401129 -0.11377666 0.060383156
v -0.0015807152 -0.114068896 0.060191885
v -0.0013628602 -0.11432925 0.05997403
v -0.021404684 -0.092023954 0.086960375
v -0.0013681799 -0.113069996 0.059963405
v -0.0010015517 -0.11334628 0.059687123
v -0.0007465184 -0.11331972 0.059692428
v -0.00017799437 -0.11334628 0.059697747
v -0.0010015517 -0.11453115 0.059687123
v 0.00038520992 -0.11334628 0.059697747
v 0.0019738972 -0.112613045 0.060409725
v 0.0009537339 -0.11331972 0.059692428
v 0.0015966445 -0.11306468 0.059968725
v -0.0017082244 -0.11650771 0.05970837
v 0.0019260794 -0.11650239 0.05970837
v -0.0017401129 -0.11377666 0.060383156
v -0.0042161196 -0.13293116 0.059543654
v -0.014555827 -0.12799509 0.05798155
v -0.022881791 -0.09371359 0.088076144
v -0.018349528 -0.12920652 0.05677542
v 0.001214087 -0.11453115 0.059687123
v 0.0009537339 -0.11331972 0.059692428
v -0.0007465184 -0.11331972 0.059692428
v 0.0015700907 -0.11432925 0.059968725
v 0.001214087 -0.11334628 0.059687123
v 0.0017932504 -0.11407421 0.060186565
v 0.0019526482 -0.11377666 0.060383156
v 0.0019632727 -0.11346849 0.0603991
v 0.0019526482 -0.11377666 0.060383156
v 0.011080921 -0.104000166 0.072726
v 0.021537527 -0.09530227 0.086110234
v 0.021617219 -0.092023954 0.086960375
v 0.0076485127 -0.10239554 0.06852847
v 0.014640838 -0.1278782 0.057960287
v 0.029140875 -0.066360645 0.09705034
v -0.002175808 -0.13915305 0.057986856
v -0.025575638 -0.13915305 0.052041262
v -0.022159174 -0.12790477 0.055500224
v -0.033189625 -0.09530758 0.08224213
v -0.03362 -0.092023954 0.0829913
v -0.03375815 -0.090100534 0.06733298
v -0.033779398 -0.104000166 0.06528203
v -0.033912227 -0.11377666 0.04993187
v -0.03397599 -0.11432925 0.049368665
v -0.045564324 -0.13915305 0.036080062
v -0.034098193 -0.11453115 0.04893297
v -0.03431073 -0.11331972 0.048784196
v -0.03568688 -0.11331972 0.047785297
v -0.034098193 -0.11334628 0.04893297
v -0.033912227 -0.112613045 0.049963757
v -0.03392817 -0.11407421 0.049676836
v -0.033912227 -0.11377666 0.04993187
v -0.033912227 -0.11346849 0.049953133
v -0.033827215 -0.102544315 0.05971369
v -0.033003658 -0.08895817 0.068172485
v -0.023200586 -0.08922915 0.07172178
v -0.023083687 -0.08903787 0.071355164
v -0.013195619 -0.08895817 0.074612215
v -0.034772992 -0.11334628 0.048454776
v -0.03431073 -0.11331972 0.048784196
v -0.03395474 -0.11306468 0.049384594
v -0.035229936 -0.11334628 0.04812534
v -0.03568688 -0.11331972 0.047785297
v -0.03635104 -0.113069996 0.047636524
v -0.02301994 -0.0409258 0.15121958
v 0.0006349385 -0.041079894 0.15286142
v -0.012664288 -0.045654655 0.14884984
v -0.013344392 -0.047121137 0.14770749
v -0.0043330044 -0.047455877 0.15146932
v -0.008445516 -0.044230685 0.1502313
v -0.004189551 -0.042812034 0.15149057
v 0.00010892749 -0.04140401 0.15261698
v -0.03494832 -0.047105193 0.14409444
v -0.04717426 -0.040936425 0.1454812
v 0.0025955588 -0.04717958 0.15223974
v 0.004402086 -0.042812034 0.15149057
v 0.008663356 -0.044230685 0.1502313
v 0.012876824 -0.045654655 0.14884984
v -0.05624941 -0.047105193 0.13717648
v -0.07009059 -0.0409258 0.13592786
v -0.0068462044 -0.0654255 0.13662392
v 0.0010546893 -0.0672586 0.13668767
v -0.023524702 -0.047121137 0.14140591
v 0.008217037 -0.060861364 0.13996068
v -0.04433696 -0.04708925 0.1364167
v -0.07626465 -0.047105193 0.12712902
v -0.062094048 -0.046972364 0.1286327
v -0.042758897 -0.04097894 0.13188976
v -0.017265618 -0.070595354 0.12437141
v -0.007069364 -0.07928263 0.122926176
v -0.07707229 -0.045654655 0.12792602
v -0.09018555 -0.041079894 0.123351246
v -0.034337297 -0.071514554 0.1059342
v -0.07565363 -0.060686022 0.118112326
v -0.050760746 -0.06768897 0.11255461
v -0.06488885 -0.07950579 0.1036548
v -0.07948452 -0.0672586 0.11113593
v -0.08739075 -0.04717958 0.12462112
v -0.09253934 -0.047455877 0.11992416
v -0.081296355 -0.044230685 0.12656051
v -0.08547795 -0.042812034 0.12507808
v -0.089617014 -0.04140401 0.123462826
v -0.09242776 -0.042812034 0.12002513
v -0.09513757 -0.044230685 0.11650771
v -0.09773576 -0.045654655 0.1129106
v -0.08584458 -0.0654255 0.10643366
v -0.09761354 -0.047121137 0.111587584
v -0.087071955 -0.07059004 0.09039807
v -0.10214582 -0.047121137 0.10050401
v -0.10750696 -0.0409258 0.108739644
v -0.08933011 -0.041079894 0.12397292
v -0.11296904 -0.047105193 0.09596643
v -0.123675376 -0.040936425 0.089898616
v -0.112113595 -0.04097894 0.0815036
v -0.1261301 -0.047105193 0.07784802
v -0.13659734 -0.0409258 0.068698496
v -0.116045445 -0.04708925 0.084234625
v -0.107220024 -0.06768897 0.06115359
v -0.1258432 -0.046972364 0.067503005
v -0.1364167 -0.047105193 0.057949662
v -0.1196585 -0.07234875 0.048306003
v -0.13052955 -0.060861364 0.050941408
v -0.1375378 -0.045654655 0.058125004
v -0.14546525 -0.041079894 0.04671201
v -0.14394036 -0.04717958 0.049395233
v -0.14535367 -0.047455877 0.042562306
v -0.14015725 -0.044230685 0.05453852
v -0.14266515 -0.042812034 0.050877646
v -0.14506677 -0.04140401 0.047142386
v -0.14532182 -0.042812034 0.04270576
v -0.145444 -0.044230685 0.038269147
v -0.1454334 -0.045654655 0.033827215
v -0.13187912 -0.0655849 0.035607174
v -0.1445567 -0.047121137 0.032822996
v -0.14171937 -0.047131762 0.021319672
v -0.12418544 -0.06908106 0.020288885
v -0.15089017 -0.0409258 0.024714887
v -0.14513585 -0.041079894 0.047716215
v -0.14779782 -0.047105193 0.011165932
v -0.15289328 -0.040936425 -3.454089E-05
v -0.14779782 -0.047105193 -0.011229694
v -0.15089017 -0.0409258 -0.02477865
v -0.122054815 -0.06611623 0.009210631
v -0.12432891 -0.058831677 -2.9221177E-05
v -0.14339307 -0.04708925 -0.00018331409
v -0.14145371 -0.0469511 -0.019210294
v -0.13860577 -0.04097894 -2.9221177E-05
v -0.14442387 -0.047105193 -0.03337027
v -0.1454334 -0.045654655 -0.033890978
v -0.14513585 -0.041079894 -0.047779977
v -0.1356675 -0.06068071 -0.0355753
v -0.1454812 -0.04717958 -0.044724822
v -0.145444 -0.044230685 -0.03832759
v -0.14532182 -0.042812034 -0.042764217
v -0.14506677 -0.04140401 -0.04720083
v -0.1426067 -0.047455877 -0.051074237
v -0.14266515 -0.042812034 -0.050936088
v -0.14015725 -0.044230685 -0.05460228
v -0.1375378 -0.045654655 -0.058183454
v -0.13021606 -0.0672586 -0.04137744
v -0.12527466 -0.07226373 -0.031345904
v -0.12204948 -0.0664244 -0.009295642
v -0.11801669 -0.080026485 -0.031154618
v -0.11566821 -0.08123261 -0.03983657
v -0.11516875 -0.07672161 -0.017090276
v -0.12770817 -0.0654255 -0.048874527
v -0.111757606 -0.0760787 -0.018540815
v -0.13624135 -0.047121137 -0.05847568
v -0.11109874 -0.075643 -0.018785223
v -0.11043459 -0.07519668 -0.019008383
v -0.10977042 -0.07474505 -0.019210294
v -0.11009455 -0.07514355 -0.020671457
v -0.11041865 -0.0757227 -0.023386553
v -0.10998297 -0.07488851 -0.020767093
v -0.11094466 -0.07647188 -0.026032582
v -0.11142287 -0.077215746 -0.028662682
v -0.111699164 -0.07773645 -0.030612662
v -0.107714176 -0.07639749 -0.037498713
v -0.10655588 -0.07706697 -0.042833284
v -0.10473341 -0.0763603 -0.044544175
v -0.101178795 -0.07514355 -0.048104092
v -0.10288969 -0.07566426 -0.0462285
v -0.1011416 -0.07488851 -0.04796064
v -0.085733 -0.07103636 -0.062280014
v -0.08498913 -0.06988337 -0.060728528
v -0.08308163 -0.061918713 -0.06428314
v -0.087204784 -0.061700866 -0.05925674
v -0.11066836 -0.07898508 -0.04764183
v -0.09009522 -0.07053159 -0.057126105
v -0.1011416 -0.07488851 -0.04796064
v -0.09849557 -0.08159923 -0.04422006
v -0.10702345 -0.077151984 -0.04246135
v -0.11283621 -0.07059004 -0.055000775
v -0.08935666 -0.07226373 -0.065127954
v -0.12710246 -0.047121137 -0.06621187
v -0.112113595 -0.04097894 -0.081562035
v -0.08134419 -0.08998364 -0.04533054
v -0.080313414 -0.07975551 -0.049533375
v -0.090711564 -0.09578046 -0.03555405
v -0.107714176 -0.08130168 -0.037498713
v -0.108952165 -0.07740171 -0.04059106
v -0.107714176 -0.07639749 -0.037498713
v -0.112629 -0.07602025 -0.03665921
v -0.11189574 -0.07740171 -0.030841142
v -0.11225173 -0.07716261 -0.033386216
v -0.11189574 -0.07740171 -0.030841142
v -0.10782042 -0.08256094 -0.031361833
v -0.11157164 -0.077539854 -0.029863492
v -0.11142287 -0.077215746 -0.028662682
v -0.09206113 -0.09731601 -0.030692369
v -0.06964958 -0.10921784 -0.029427797
v -0.093984574 -0.09628523 -0.025719106
v -0.10439333 -0.081928656 -0.01994352
v -0.10998297 -0.07488851 -0.020767093
v -0.06828937 -0.101534784 -0.033030227
v -0.07151987 -0.110604614 -0.023673475
v -0.06062226 -0.11516875 -0.01975225
v -0.07337953 -0.10938787 -0.017355949
v -0.10950476 -0.0745644 -0.01927936
v -0.10977042 -0.074139334 -0.019210294
v -0.07808712 -0.07658346 -0.046499476
v -0.094866574 -0.09158826 -0.01777038
v -0.08361828 -0.065638036 -0.058380045
v -0.06835845 -0.08772548 -0.0366911
v -0.06820968 -0.08895817 -0.032908008
v -0.05808249 -0.11263961 -0.018923372
v -0.07180147 -0.10380357 -0.014454871
v -0.074484706 -0.0889688 -0.013588801
v -0.06246066 -0.102544315 -0.028418258
v -0.05680199 -0.112613045 -0.02048017
v -0.06688666 -0.090100534 -0.03462422
v -0.06569116 -0.104000166 -0.0329452
v -0.056791365 -0.11346849 -0.020469546
v -0.05678074 -0.11377666 -0.020453602
v -0.056647897 -0.114068896 -0.020246387
v -0.056504443 -0.11432925 -0.01997009
v -0.07597774 -0.092023954 -0.04737085
v -0.05649382 -0.113069996 -0.019975409
v -0.056345046 -0.11334628 -0.019539714
v -0.056430057 -0.11331972 -0.019295305
v -0.056610703 -0.11334628 -0.018758655
v -0.056345046 -0.11453115 -0.019539714
v -0.05613783 -0.116513014 -0.020214513
v -0.056786045 -0.11334628 -0.01822202
v -0.05678074 -0.11377666 -0.020453602
v -0.057954982 -0.112613045 -0.016936198
v -0.056956068 -0.11331972 -0.017680049
v -0.057413027 -0.11306468 -0.017154038
v -0.076583445 -0.09371359 -0.049118936
v -0.06720014 -0.102544315 -0.01383853
v -0.074415624 -0.09011647 -0.011405036
v -0.07103635 -0.10498313 -0.012558013
v -0.057939038 -0.11346849 -0.016936198
v -0.057923093 -0.11377666 -0.016946822
v -0.057684004 -0.11407421 -0.017037138
v -0.057407707 -0.11432925 -0.017180607
v -0.057030454 -0.11334628 -0.017430335
v -0.057030454 -0.11453115 -0.017430335
v -0.057296127 -0.116513014 -0.016739592
v -0.054055005 -0.13293116 -0.025203705
v -0.05902295 -0.13805851 0.0010121912
v -0.057923093 -0.11377666 -0.016946822
v -0.085988015 -0.094399005 -0.007552877
v -0.056956068 -0.11331972 -0.017680049
v -0.056430057 -0.11331972 -0.019295305
v -0.085754246 -0.09709285 -0.007143751
v -0.08581799 -0.08073316 -0.007223457
v -0.0846225 -0.10219895 -0.0026752502
v -0.07534014 -0.08922915 -3.454089E-05
v -0.074415624 -0.09011647 0.011346579
v -0.08598271 -0.08060033 0.0075050592
v -0.07498947 -0.08895817 0.010384873
v -0.074952275 -0.08903787 -3.454089E-05
v -0.07498947 -0.08895817 -0.010448635
v -0.0595596 -0.12842548 -0.0036050826
v -0.08451092 -0.10286843 0.0020535886
v -0.08454281 0.021287799 0.000119552016
v -0.059687123 -0.12877083 0.003004685
v -0.08722073 0.02128248 -0.009959802
v -0.0871782 0.021287799 0.009927928
v -0.089494824 -0.06346489 -0.0132062435
v -0.09443089 0.02128248 -0.017164662
v -0.08692849 -0.07962799 -0.009545371
v -0.08692849 -0.08844809 -0.009545371
v -0.08877751 -0.09417053 -0.012356117
v -0.094723105 -0.056807302 -0.017467529
v -0.10023832 -0.055760577 -0.019534409
v -0.10461119 0.021287799 -0.019906327
v -0.11026457 -0.052370682 -0.019545034
v -0.11437175 0.021287799 -0.017276242
v -0.11753848 -0.048194423 -0.01492244
v -0.12166163 0.021287799 -0.009986371
v -0.12170413 -0.042971432 -0.009911984
v -0.124031365 -0.038672954 -0.003445685
v -0.12432891 0.021287799 -3.454089E-05
v -0.124031365 -0.038672954 0.0033872426
v -0.12166163 0.021287799 0.009922609
v -0.12162444 -0.04310426 0.009954497
v -0.11753848 -0.048194423 0.014858678
v -0.11437705 0.021287799 0.01721248
v -0.11013174 -0.052136898 0.019460008
v -0.10441992 0.021287799 0.019879758
v -0.10950476 -0.0745644 0.019220918
v -0.10977042 -0.074139334 0.019146532
v -0.097693264 -0.05677011 0.018668324
v -0.09446275 0.021287799 0.01721248
v -0.08692849 -0.07962799 0.009486929
v -0.08583394 -0.0968325 0.0071543753
v -0.085988015 -0.094399005 0.0074944347
v -0.057923093 -0.11377666 0.01688306
v -0.07104167 -0.10498313 0.012494251
v -0.067189515 -0.10255494 0.013785392
v -0.057258934 -0.11653958 0.016702399
v -0.057413027 -0.11432925 0.017111525
v -0.05636099 -0.11438238 0.01765348
v -0.05612719 -0.116523646 0.020140111
v -0.057939038 -0.11346849 0.01687774
v -0.05768931 -0.114068896 0.016973376
v -0.057923093 -0.11377666 0.01688306
v -0.058316275 -0.13293116 0.012387991
v -0.062455356 -0.10255494 0.028349191
v -0.06688666 -0.090100534 0.034560457
v -0.066769764 -0.08895817 0.03568688
v -0.06062226 -0.08903787 0.04408191
v -0.06093043 -0.08922915 0.04431039
v -0.054527894 -0.08895817 0.0525354
v -0.07597774 -0.092023954 0.04730709
v -0.06569648 -0.104000166 0.03289208
v -0.056791365 -0.11346849 0.020411104
v -0.05678074 -0.11377666 0.02039516
v -0.056642592 -0.11407421 0.020182624
v -0.056499124 -0.11432925 0.019901022
v -0.05678074 -0.11377666 0.02039516
v -0.07519136 -0.09530227 0.046967044
v -0.050537586 -0.12791538 0.031792223
v -0.054458812 -0.13293116 0.024263248
v -0.051276147 -0.13915305 0.026999608
v -0.04473014 -0.14396691 0.030596718
v -0.055032656 -0.14271298 0.0008740425
v -0.023365304 -0.14460452 0.046988294
v -0.05735457 -0.13915305 -0.00836581
v -0.0021651685 -0.14428571 0.052806377
v -0.020846784 -0.15086891 0.015193418
v -0.04993719 -0.14475328 0.010602713
v -0.051499307 -0.14456733 -0.0088546425
v -0.007898241 -0.15086891 0.024608612
v 0.00010892749 -0.15292516 -2.9221177E-05
v 0.008116096 -0.15086891 0.024608612
v -0.025798798 -0.15086891 -2.9221177E-05
v 0.020474851 -0.14468421 0.048226297
v -0.020852104 -0.15086891 -0.01525718
v -0.04435821 -0.14435479 -0.028540477
v -0.04899673 -0.13915305 -0.031016469
v -0.038407296 -0.13293116 -0.045686543
v -0.048215672 -0.12920652 -0.035139605
v -0.029103681 -0.14428571 -0.044119105
v 0.041674986 -0.13915305 0.04051137
v 0.02106464 -0.15086891 0.015198737
v 0.054581024 -0.13915305 0.020071045
v 0.03894925 -0.14430165 0.035639063
v 0.04965558 -0.14428571 0.018471733
v 0.058045305 -0.13915305 -0.0038229376
v 0.026016653 -0.15086891 -2.9221177E-05
v 0.052296296 -0.14468421 -0.004492402
v 0.0595596 -0.13293116 -0.0057941675
v 0.02106464 -0.15086891 -0.01525718
v 0.051493987 -0.13915305 -0.02706337
v 0.060128123 -0.12850517 -0.0031056404
v 0.051594943 -0.13293116 -0.030309796
v 0.057492718 -0.11651833 -0.016760856
v 0.086051784 -0.0968325 -0.0072181374
v 0.046037212 -0.14429635 -0.02595289
v 0.036053494 -0.13915305 -0.045628086
v 0.032913327 -0.14429103 -0.041473076
v 0.03403975 -0.13293116 -0.04918801
v 0.014401734 -0.13915305 -0.056307852
v 0.0101670325 -0.13293116 -0.058906063
v -0.009720713 -0.13915305 -0.05725362
v -0.015581295 -0.13293116 -0.057662748
v -0.0017135441 -0.11649708 -0.059777446
v -0.014523938 -0.12793665 -0.05802405
v 0.008110777 -0.15086891 -0.024672374
v 0.011989489 -0.14468421 -0.051042356
v -0.007898241 -0.15086891 -0.024672374
v -0.010352999 -0.14430165 -0.051717147
v -0.032148212 -0.13915305 -0.048311308
v -0.018349528 -0.12920652 -0.056839183
v -0.029167444 -0.08430371 -0.09727882
v -0.02215387 -0.12799509 -0.055542737
v -0.03352967 -0.116513014 -0.04943242
v -0.03330651 -0.08389989 -0.09637024
v -0.021324992 -0.09529696 -0.08617931
v -0.03308335 -0.09370296 -0.084829725
v -0.0017401129 -0.11377666 -0.060446925
v -0.021404684 -0.092023954 -0.08701881
v -0.013764143 -0.087507635 -0.07670035
v -0.012090445 -0.090100534 -0.07443688
v -0.010868385 -0.104000166 -0.07278444
v -0.0013575554 -0.11432925 -0.060027175
v -0.033912227 -0.11377666 -0.04999032
v -0.03362 -0.092023954 -0.08304977
v -0.033736885 -0.0876936 -0.06996838
v -0.03375815 -0.090100534 -0.067391425
v -0.033779398 -0.104000166 -0.06533517
v -0.03397067 -0.11432925 -0.04943774
v -0.033322453 -0.06559021 -0.09647651
v -0.02892834 -0.066360645 -0.09711411
v -0.033827215 -0.102544315 -0.059772134
v -0.033912227 -0.112613045 -0.050027512
v -0.033912227 -0.11346849 -0.050011575
v -0.033912227 -0.11377666 -0.04999032
v -0.03392285 -0.114068896 -0.04974591
v -0.034098193 -0.11334628 -0.04899673
v -0.034098193 -0.11453115 -0.04899673
v -0.035867527 -0.11260773 -0.04952275
v -0.033960044 -0.113069996 -0.04943774
v -0.03430541 -0.11331972 -0.04884796
v -0.034767672 -0.11334628 -0.04851854
v -0.035224617 -0.11334628 -0.048189104
v -0.03568156 -0.11331972 -0.04784906
v -0.036361665 -0.11306468 -0.047694966
v -0.03693019 -0.112613045 -0.047833115
v -0.03584096 -0.08895817 -0.06678571
v -0.035888776 -0.11453115 -0.047694966
v -0.03568156 -0.11331972 -0.04784906
v -0.03430541 -0.11331972 -0.04884796
v -0.036473244 -0.11649708 -0.04729116
v -0.03634572 -0.11432925 -0.04771091
v -0.035888776 -0.11334628 -0.047694966
v -0.036653906 -0.11407421 -0.04775873
v -0.036898315 -0.11377666 -0.04782249
v -0.03691426 -0.11346849 -0.047827795
v -0.036898315 -0.11377666 -0.04782249
v -0.0515365 -0.104000166 -0.052439757
v -0.045829996 -0.12789945 -0.038370103
v -0.0807544 -0.084298395 -0.061498962
v -0.06784305 -0.09531289 -0.057120785
v -0.06842752 -0.092023954 -0.057763703
v -0.056180328 -0.087507635 -0.05390092
v -0.053491786 -0.090100534 -0.053056106
v -0.0462285 -0.102544315 -0.050766066
v -0.052269727 -0.088963486 -0.05484669
v -0.083554536 -0.08389989 -0.058332227
v -0.05053228 -0.12800041 -0.031903803
v -0.080494046 -0.06631814 -0.0615149
v -0.06824687 -0.07658346 -0.0600378
v -0.06093043 -0.08922915 -0.044374153
v -0.066769764 -0.08895817 -0.035745323
v -0.060616955 -0.08903787 -0.044145674
v -0.054527894 -0.08895817 -0.052599154
v -0.052577898 -0.101375386 -0.054942332
v -0.071748346 -0.07984584 -0.06119079
v -0.082077414 -0.07052628 -0.06815654
v -0.06815122 -0.08997301 -0.06350208
v -0.08391583 -0.06988337 -0.062205628
v -0.07676941 -0.07488851 -0.08151422
v -0.08187553 -0.07159426 -0.06875163
v -0.07238594 -0.08160454 -0.080169946
v -0.07329452 -0.077215746 -0.08875095
v -0.07281631 -0.0811901 -0.09809707
v -0.07953766 -0.07334765 -0.07519137
v -0.07691288 -0.07514355 -0.08150359
v -0.07557924 -0.0757227 -0.08389458
v -0.07676941 -0.07488851 -0.08151422
v -0.07445282 -0.07647188 -0.08634402
v -0.07329452 -0.077215746 -0.08875095
v -0.07236999 -0.07773645 -0.09049372
v -0.06878883 -0.07520731 -0.08881471
v -0.06118548 -0.09630648 -0.075563304
v -0.07756111 -0.080058366 -0.09379329
v -0.04937929 -0.109244406 -0.057285503
v -0.03743495 -0.11516875 -0.051685266
v -0.06878883 -0.08256094 -0.08881471
v -0.07270473 -0.077539854 -0.0898083
v -0.07239126 -0.07740171 -0.09079126
v -0.043943763 -0.1105993 -0.06125986
v -0.035830334 -0.10156135 -0.0669026
v -0.06629157 -0.07836342 -0.09633305
v -0.07119045 -0.07716261 -0.09306005
v -0.069564566 -0.07602025 -0.095929235
v -0.056435376 -0.09731601 -0.07901164
v -0.07239126 -0.07740171 -0.09079126
v -0.039050207 -0.10921784 -0.06481978
v -0.05231224 -0.09588142 -0.08201898
v -0.03916709 -0.08998364 -0.084553435
v -0.053677753 -0.081593916 -0.09374015
v -0.035856903 -0.07975551 -0.08734824
v -0.03930524 -0.07053159 -0.09924474
v -0.03584096 -0.07658346 -0.0835811
v -0.053635255 -0.07488851 -0.09832023
v -0.053576812 -0.07514355 -0.09845838
v -0.032238528 -0.069984324 -0.09957417
v -0.03571345 -0.061706178 -0.09925006
v -0.05406563 -0.077380456 -0.10264527
v -0.032238528 -0.069984324 -0.09957417
v -0.02914618 -0.062040918 -0.10101408
v -0.033003658 -0.08895817 -0.06823624
v -0.023211211 -0.08922915 -0.07178023
v -0.023089007 -0.08903787 -0.07141361
v -0.013195619 -0.08895817 -0.074670665
v -0.019922271 -0.07658346 -0.08875626
v -0.010050133 -0.088963486 -0.0751648
v -0.026340753 -0.07052097 -0.10345289
v -0.014189199 -0.07488851 -0.11114126
v -0.022074163 -0.07984584 -0.091742344
v -0.011436909 -0.08159923 -0.10747507
v -0.0071225017 -0.077215746 -0.1149509
v -0.010262668 -0.10133819 -0.075451724
v -0.017807573 -0.08997301 -0.09150325
v -0.007558182 -0.102544315 -0.068310626
v -0.0017560422 -0.112613045 -0.060473487
v -0.0017507374 -0.11346849 -0.060462862
v -0.0017401129 -0.11377666 -0.060446925
v -0.0015753955 -0.11407421 -0.060250334
v 0.00010892749 -0.11252272 -0.061201416
v -0.00508219 -0.09630648 -0.09716193
v -0.0010015517 -0.11334628 -0.059750877
v -0.0010015517 -0.11453115 -0.059750877
v -0.00017267466 -0.11334628 -0.05976151
v 0.00039584935 -0.11334628 -0.05976151
v 0.00095905364 -0.11331972 -0.05975619
v -0.00074121356 -0.11331972 -0.05975619
v -0.0013788044 -0.11306468 -0.060032487
v 0.00158602 -0.113069996 -0.060021855
v 0.0019738972 -0.112613045 -0.060473487
v 0.001214087 -0.11453115 -0.059750877
v -0.00074121356 -0.11331972 -0.05975619
v 0.00095905364 -0.11331972 -0.05975619
v 0.0019207597 -0.11650771 -0.05976151
v 0.0015753955 -0.11432925 -0.060032487
v 0.001214087 -0.11334628 -0.059750877
v 0.0017985553 -0.114068896 -0.060255647
v 0.0019526482 -0.11377666 -0.060446925
v 0.0019632727 -0.11346849 -0.060462862
v 0.0019526482 -0.11377666 -0.060446925
v 0.011080921 -0.104000166 -0.07277913
v 0.023089007 -0.093697645 -0.088150546
v 0.021617219 -0.092023954 -0.08701881
v 0.0123083 -0.09009522 -0.07443688
v 0.01383853 -0.0876936 -0.07650376
v 0.0076538324 -0.102374285 -0.06860817
v 0.014773667 -0.12800571 -0.058039993
v 0.029704079 -0.08389989 -0.09761356
v 0.018567383 -0.12920652 -0.056839183
v 0.033582807 -0.08430371 -0.09591861
v 0.02234514 -0.12791538 -0.05560118
v 0.010262668 -0.08895817 -0.0751648
v 0.029751912 -0.06559021 -0.0977092
v 0.03375815 -0.116491765 -0.04943242
v 0.03340216 -0.09531289 -0.082295276
v 0.03412476 -0.11377666 -0.04999563
v 0.03383784 -0.092023954 -0.08304977
v 0.03394942 -0.087507635 -0.070207484
v 0.03397599 -0.090100534 -0.067391425
v 0.033991933 -0.104000166 -0.06534049
v 0.034188524 -0.11432925 -0.04943242
v 0.033683762 -0.066360645 -0.09563701
v 0.034316048 -0.11453115 -0.04899673
v 0.034316048 -0.11334628 -0.04899673
v 0.03412476 -0.112613045 -0.050027512
v 0.034140706 -0.11407421 -0.049740598
v 0.03412476 -0.11377666 -0.04999563
v 0.03412476 -0.11346849 -0.050011575
v 0.03452857 -0.11331972 -0.04884796
v 0.03403975 -0.102544315 -0.059772134
v 0.036696404 -0.11650771 -0.04729116
v 0.04605846 -0.12798977 -0.03835416
v 0.03610663 -0.11453115 -0.047694966
v 0.035899416 -0.11331972 -0.04784906
v 0.036563575 -0.11432925 -0.04771091
v 0.03610663 -0.11334628 -0.047694966
v 0.037142724 -0.112613045 -0.047833115
v 0.036871746 -0.114068896 -0.04775873
v 0.03711085 -0.11377666 -0.04782249
v 0.0371321 -0.11346849 -0.047827795
v 0.03711085 -0.11377666 -0.04782249
v 0.051743716 -0.104000166 -0.052434444
v 0.07049972 -0.09370827 -0.057800896
v 0.06864005 -0.092023954 -0.057763703
v 0.05370964 -0.090100534 -0.053056106
v 0.05613251 -0.08772548 -0.05381591
v 0.081365444 -0.083937086 -0.061568037
v 0.046441033 -0.102544315 -0.050766066
v 0.03606412 -0.112613045 -0.049538687
v 0.036568895 -0.113069996 -0.047700286
v 0.035899416 -0.11331972 -0.04784906
v 0.035447776 -0.11334628 -0.0481838
v 0.034990832 -0.11334628 -0.04851854
v 0.052487582 -0.08895817 -0.05484669
v 0.048428208 -0.12920652 -0.035139605
v 0.08359172 -0.08423463 -0.057997487
v 0.05075012 -0.1279207 -0.031871915
v 0.056360982 -0.116491765 -0.020209193
v 0.03452857 -0.11331972 -0.04884796
v 0.03417258 -0.11306468 -0.049448363
v 0.08144514 -0.065659285 -0.06162648
v 0.075393274 -0.095318206 -0.047004238
v 0.036053494 -0.088963486 -0.06678571
v 0.05699858 -0.11377666 -0.020453602
v 0.07619559 -0.092023954 -0.04737085
v 0.0687357 -0.087507635 -0.03691426
v 0.06709919 -0.090100534 -0.03462422
v 0.06590901 -0.104000166 -0.03295052
v 0.05671698 -0.11432925 -0.019964784
v 0.08353327 -0.06624375 -0.057758383
v 0.056562893 -0.11453115 -0.019539714
v 0.056562893 -0.11334628 -0.019539714
v 0.057014525 -0.112613045 -0.02048017
v 0.05686044 -0.11407421 -0.020241067
v 0.05699858 -0.11377666 -0.020453602
v 0.056642592 -0.11331972 -0.019295305
v 0.057009213 -0.11346849 -0.020469546
v 0.05719517 -0.11333034 -0.017589733
v 0.057625555 -0.11432925 -0.017175287
v 0.05816751 -0.112613045 -0.016936198
v 0.05813563 -0.11377666 -0.016946822
v 0.057907157 -0.114068896 -0.017031834
v 0.08620056 -0.094399005 -0.007552877
v 0.05813563 -0.11377666 -0.016946822
v 0.058156885 -0.11346849 -0.016936198
v 0.07125421 -0.10498313 -0.012552708
v 0.06741268 -0.102544315 -0.01383853
v 0.05828972 -0.11265024 -0.018928677
v 0.057620242 -0.113069996 -0.017164662
v 0.05719517 -0.11333034 -0.017589733
v 0.057003893 -0.11334628 -0.0182167
v 0.05682856 -0.11334628 -0.01875335
v 0.08714633 -0.07962799 -0.009545371
v 0.08714633 -0.08844809 -0.009545371
v 0.07179085 -0.104021415 -0.014534578
v 0.08900068 -0.09418116 -0.012361422
v 0.09468061 0.021287799 -0.017270923
v 0.056642592 -0.11331972 -0.019295305
v 0.056711666 -0.11306468 -0.019986033
v 0.062678516 -0.102544315 -0.028418258
v 0.068427525 -0.088963486 -0.032908008
v 0.07377271 -0.10924972 -0.017302811
v 0.060882613 -0.115179375 -0.01975225
v 0.0947178 -0.091800794 -0.01754722
v 0.068533786 -0.1015029 -0.03306742
v 0.097018465 -0.057126105 -0.01843454
v 0.09990891 -0.055893414 -0.019369692
v 0.104632445 -0.0819074 -0.01994352
v 0.104632445 0.021287799 -0.019938216
v 0.09529696 -0.0952757 -0.025703162
v 0.11195951 -0.0776355 -0.030410752
v 0.10821362 -0.08166299 -0.036393553
v 0.09269343 -0.09731601 -0.029401228
v 0.07195556 -0.110604614 -0.023003995
v 0.06985149 -0.109244406 -0.029401228
v 0.090881586 -0.09630648 -0.034980208
v 0.08156735 -0.08997301 -0.04533586
v 0.10971729 -0.0745644 -0.01927936
v 0.110323004 -0.05211565 -0.01952377
v 0.1145896 0.021287799 -0.017270923
v 0.11775634 -0.048194423 -0.01492244
v 0.121879466 0.021287799 -0.009986371
v 0.11514218 -0.07698196 -0.0172178
v 0.109988265 -0.07474505 -0.019210294
v 0.11030707 -0.07514355 -0.020671457
v 0.11016892 -0.07438906 -0.020028546
v 0.109988265 -0.074139334 -0.019210294
v 0.11019549 -0.07488851 -0.020767093
v 0.11528564 -0.08117948 -0.04115428
v 0.10821362 -0.07686506 -0.036393553
v 0.12183696 -0.04310426 -0.010018259
v 0.10853773 -0.07773645 -0.041005507
v 0.1071669 -0.077215746 -0.042418852
v 0.10523285 -0.07647188 -0.044267878
v 0.10325099 -0.0757227 -0.046100974
v 0.11284152 -0.07602025 -0.03665921
v 0.10882997 -0.07740171 -0.040936425
v 0.11061524 -0.07716261 -0.0390874
v 0.10882997 -0.07740171 -0.040936425
v 0.10799578 -0.077539854 -0.041536838
v 0.1071669 -0.077215746 -0.042418852
v 0.09872936 -0.08160454 -0.044209436
v 0.10135944 -0.07488851 -0.04796064
v 0.09029181 -0.07052097 -0.05714204
v 0.08478722 -0.069984324 -0.061552092
v 0.08047812 -0.07984584 -0.049469613
v 0.08710382 -0.06201435 -0.05906015
v 0.078299664 -0.07658346 -0.046499476
v 0.08340044 -0.061706178 -0.06476133
v 0.06698761 -0.08895817 -0.035745323
v 0.061137654 -0.08922915 -0.044379458
v 0.060829483 -0.08903787 -0.044150993
v 0.05474042 -0.08895817 -0.052599154
v 0.06846472 -0.07658346 -0.0600378
v 0.082284644 -0.07053159 -0.068172485
v 0.07698196 -0.07488851 -0.08151422
v 0.052604474 -0.10155604 -0.05487857
v 0.07204057 -0.07975551 -0.061217353
v 0.06835845 -0.08998364 -0.06350208
v 0.07261442 -0.081593916 -0.080138065
v 0.07116919 -0.07837405 -0.09293253
v 0.077130735 -0.07514355 -0.08150359
v 0.061886832 -0.09588142 -0.07521794
v 0.08095632 -0.077380456 -0.083262295
v 0.06905449 -0.08115291 -0.10107253
v 0.063257664 -0.07558455 -0.09299097
v 0.08478722 -0.069984324 -0.061552092
v 0.049623705 -0.10921784 -0.057290815
v 0.06374649 -0.07773645 -0.0969122
v 0.061807133 -0.077215746 -0.09725226
v 0.059155785 -0.07647188 -0.09761356
v 0.056477875 -0.0757227 -0.09792704
v 0.053794652 -0.07514355 -0.09845838
v 0.05384779 -0.07488851 -0.09832023
v 0.04697767 -0.07334765 -0.09900565
v 0.040134117 -0.07159426 -0.09923412
v 0.032451063 -0.069984324 -0.09957417
v 0.037631556 -0.11516875 -0.0516959
v 0.05774776 -0.09731601 -0.078214645
v 0.03604819 -0.101370074 -0.06710982
v 0.04473014 -0.1105993 -0.060850732
v 0.039268047 -0.109244406 -0.0647879
v 0.05300297 -0.09630648 -0.08166299
v 0.063257664 -0.08256094 -0.09299097
v 0.039379627 -0.08997301 -0.08456406
v 0.036053494 -0.07658346 -0.0835811
v 0.036069438 -0.07984584 -0.08726854
v 0.053922176 -0.08160454 -0.09374015
v 0.03950183 -0.07052097 -0.09924474
v 0.061807133 -0.077215746 -0.09725226
v 0.05384779 -0.07488851 -0.09832023
v 0.062992 -0.077539854 -0.09702378
v 0.06402279 -0.07740171 -0.0970291
v 0.066551924 -0.07716261 -0.09658278
v 0.06978242 -0.07602025 -0.095929235
v 0.06402279 -0.07740171 -0.0970291
v 0.032451063 -0.069984324 -0.09957417
v 0.03579846 -0.062040918 -0.098920636
v 0.029449046 -0.061706178 -0.10135413
v 0.033221498 -0.08895817 -0.06823624
v 0.023418441 -0.08922915 -0.07178554
v 0.023296222 -0.08903787 -0.07141892
v 0.013408154 -0.08895817 -0.074670665
v 0.020140126 -0.07658346 -0.08875626
v 0.026537344 -0.07053159 -0.103463516
v 0.014407054 -0.07488851 -0.111135945
v 0.010379568 -0.10149228 -0.075313576
v 0.022339836 -0.07975551 -0.09181142
v 0.018014789 -0.08998364 -0.091497935
v 0.0116760135 -0.081593916 -0.10745913
v 9.830296E-05 -0.115184695 -0.063815564
v 0.0029940605 -0.07837405 -0.11696465
v 0.014529258 -0.07514355 -0.11121564
v 0.005895123 -0.09588142 -0.09717255
v 0.016596138 -0.077380456 -0.11488715
v -0.003488183 -0.081147596 -0.122293904
v -0.003445685 -0.07577052 -0.112358004
v 0.00650616 -0.10921784 -0.07545704
v -0.0062723607 -0.109244406 -0.07543579
v 0.00045959651 -0.1105993 -0.07546235
v 0.0007837117 -0.09731601 -0.09716193
v -0.003445685 -0.08256094 -0.112358004
v -0.006027952 -0.077539854 -0.11546098
v -0.0051990747 -0.07740171 -0.116072014
v -0.0028931051 -0.07716261 -0.11719844
v 0.00010892749 -0.07602025 -0.11856927
v -0.0051990747 -0.07740171 -0.116072014
v -0.0053531677 -0.07773645 -0.11581697
v -0.0071225017 -0.077215746 -0.1149509
v -0.009481609 -0.07647188 -0.11368102
v -0.0118300915 -0.0757227 -0.11236332
v -0.014316723 -0.07514355 -0.11121564
v -0.014189199 -0.07488851 -0.11114126
v -0.02015075 -0.07334765 -0.10765041
v -0.025825366 -0.07159426 -0.1038142
v -0.03375283 -0.072215915 -0.10332006
v -0.03431073 -0.071514554 -0.106003284
v -0.016697094 -0.076238096 -0.11817077
v -0.0663819 -0.07931982 -0.10369199
v -0.08102009 -0.0672586 -0.11008391
v -0.008849323 -0.07234875 -0.12887178
v -0.024911478 -0.06768897 -0.121013395
v -0.0589592 -0.070595354 -0.110886216
v -0.042758897 -0.04097894 -0.13195351
v -0.0251984 -0.046972364 -0.1406833
v -0.07458565 -0.0654255 -0.11467461
v -0.085350424 -0.047455877 -0.12521091
v -0.0639112 -0.047121137 -0.12834577
v -0.008004501 -0.060861364 -0.14002444
v -0.07585022 -0.047121137 -0.12745845
v -0.044140354 -0.04708925 -0.1365389
v -0.05624941 -0.047105193 -0.13723494
v -0.03494832 -0.047105193 -0.1441582
v -0.012850255 -0.047105193 -0.1477925
v -0.047168955 -0.040936425 -0.14554498
v -0.02301462 -0.0409258 -0.15128335
v -0.07008527 -0.0409258 -0.13599163
v -0.012664288 -0.045654655 -0.1489136
v 0.0006349385 -0.041079894 -0.15291984
v -0.07707229 -0.045654655 -0.12798446
v -0.09018555 -0.041079894 -0.1234097
v -0.081296355 -0.044230685 -0.12662426
v -0.08547795 -0.042812034 -0.12513652
v -0.089617014 -0.04140401 -0.123526596
v -0.0914076 -0.04717958 -0.12175726
v -0.09242776 -0.042812034 -0.120088875
v -0.09513757 -0.044230685 -0.11656615
v -0.09773576 -0.045654655 -0.11296904
v -0.08783707 -0.06337988 -0.10627426
v -0.091248214 -0.06768897 -0.08319854
v -0.10303846 -0.046972364 -0.0989472
v -0.097225696 -0.047105193 -0.11195951
v -0.11592856 -0.04708925 -0.084463105
v -0.107501626 -0.0409258 -0.1088034
v -0.08933011 -0.041079894 -0.12403136
v -0.11296904 -0.047105193 -0.09602488
v -0.12367004 -0.040936425 -0.0899677
v -0.1261301 -0.047105193 -0.077906474
v -0.13659734 -0.0409258 -0.06876758
v -0.14546525 -0.041079894 -0.04677576
v 0.07029781 -0.0409258 0.13592786
v 0.09040339 -0.041079894 0.123351246
v 0.07728482 -0.045654655 0.12792602
v 0.076062754 -0.047121137 0.12740001
v 0.08556296 -0.047455877 0.12514716
v 0.081508905 -0.044230685 0.12656051
v 0.08569048 -0.042812034 0.12507808
v 0.08982956 -0.04140401 0.123462826
v 0.056461938 -0.047105193 0.13717648
v 0.047386795 -0.040936425 0.14548653
v 0.09162545 -0.04717958 0.12169883
v 0.09264561 -0.042812034 0.12002513
v 0.09535009 -0.044230685 0.11650771
v 0.0979483 -0.045654655 0.1129106
v 0.035160854 -0.047105193 0.14409444
v 0.023232475 -0.0409258 0.15122491
v 0.0748035 -0.0654255 0.11461085
v 0.08123793 -0.0672586 0.11002016
v 0.064123735 -0.047121137 0.12828201
v 0.088952854 -0.060861364 0.10845804
v 0.04435289 -0.04708925 0.13648045
v 0.01306279 -0.047105193 0.14772874
v 0.02541092 -0.046972364 0.14062485
v -0.00042240322 -0.041079894 0.15286142
v 0.042971432 -0.04097894 0.13188976
v 0.05917173 -0.070595354 0.11082247
v 0.06657317 -0.07928263 0.10366011
v 0.009067178 -0.07234875 0.12881333
v 0.03452857 -0.071514554 0.10593951
v 0.025129318 -0.06768897 0.120949626
v 0.016914934 -0.076238096 0.118112326
v 0.08308696 -0.07234875 0.09893656
v 0.0831454 -0.076238096 0.08566922
v 0.1032563 -0.046972364 0.098888755
v 0.09146074 -0.06768897 0.083140075
v 0.090243995 -0.071514554 0.065468
v 0.097443536 -0.047105193 0.11189574
v 0.10771948 -0.0409258 0.10874495
v 0.08954795 -0.041079894 0.12397292
v 0.11318157 -0.047105193 0.09596643
v 0.1238879 -0.040936425 0.08990395
v 0.11232613 -0.04097894 0.0815036
v 0.1113166 -0.07834217 0.048098773
v 0.12634796 -0.047105193 0.07784802
v 0.13680989 -0.0409258 0.068703815
v 0.11614109 -0.04708925 0.08439934
v 0.11304873 -0.07059004 0.05493702
v 0.1279207 -0.0654255 0.048810765
v 0.14281924 -0.047455877 0.051010475
v 0.1273203 -0.047121137 0.0661481
v 0.1364592 -0.047121137 0.05841723
v 0.13775565 -0.045654655 0.058125004
v 0.1456778 -0.041079894 0.04671201
v 0.1403698 -0.044230685 0.05453852
v 0.142883 -0.042812034 0.050877646
v 0.14528462 -0.04140401 0.047142386
v 0.14569375 -0.04717958 0.04466638
v 0.14553966 -0.042812034 0.04270576
v 0.14565656 -0.044230685 0.038269147
v 0.14564592 -0.045654655 0.033827215
v 0.14464171 -0.047105193 0.03330651
v 0.15110269 -0.0409258 0.024720192
v 0.14535369 -0.041079894 0.047716215
v 0.14801034 -0.047105193 0.011165932
v 0.15311113 -0.040936425 -2.9221177E-05
v 0.14801034 -0.047105193 -0.011229694
v 0.15110269 -0.0409258 -0.02477333
v 0.1436056 -0.04708925 0.000119552016
v 0.14193723 -0.047131762 -0.021383435
v 0.13881831 -0.04097894 -2.9221177E-05
v 0.14477454 -0.047121137 -0.032881454
v 0.14564592 -0.045654655 -0.033890978
v 0.14556623 -0.047455877 -0.04262075
v 0.14535369 -0.041079894 -0.047779977
v 0.14565656 -0.044230685 -0.03832759
v 0.14553966 -0.042812034 -0.042764217
v 0.14528462 -0.04140401 -0.04720083
v 0.13209698 -0.0655849 -0.035670936
v 0.1441582 -0.04717958 -0.049453676
v 0.142883 -0.042812034 -0.050936088
v 0.1403698 -0.044230685 -0.05460228
v 0.13775565 -0.045654655 -0.058183454
v 0.12984413 -0.0672586 -0.043183967
v 0.13074207 -0.060861364 -0.051005162
v 0.12439798 -0.06908106 -0.020352647
v 0.1193769 -0.079192296 -0.031988814
v 0.11987635 -0.07234875 -0.048364446
v 0.122272655 -0.06611623 -0.009269074
v 0.124249205 -0.038672954 -0.003445685
v 0.12605573 -0.046972364 -0.067561455
v 0.13663454 -0.047105193 -0.058013424
v 0.13681519 -0.0409258 -0.06876226
v 0.1456778 -0.041079894 -0.04677576
v 0.12634796 -0.047105193 -0.077906474
v 0.123893216 -0.040936425 -0.089962386
v 0.11318157 -0.047105193 -0.09602488
v 0.10772479 -0.0409258 -0.1088034
v 0.11626329 -0.04708925 -0.08429308
v 0.10743788 -0.06768897 -0.06121204
v 0.11232613 -0.04097894 -0.081562035
v 0.10235835 -0.047121137 -0.100562446
v 0.09782609 -0.047121137 -0.11164603
v 0.10727316 -0.076238096 -0.052519456
v 0.09025462 -0.071514554 -0.06551051
v 0.087284476 -0.070595354 -0.090461835
v 0.0860571 -0.0654255 -0.10649742
v 0.092751876 -0.047455877 -0.11998793
v 0.0979483 -0.045654655 -0.11296904
v 0.08954795 -0.041079894 -0.12403136
v 0.09535009 -0.044230685 -0.11656615
v 0.09264561 -0.042812034 -0.120088875
v 0.08982956 -0.04140401 -0.123526596
v 0.078188084 -0.07928263 -0.09528101
v 0.08787957 -0.072215915 -0.064155616
v 0.07970238 -0.0672586 -0.11119971
v 0.08760327 -0.04717958 -0.1246849
v 0.08569048 -0.042812034 -0.12513652
v 0.081508905 -0.044230685 -0.12662426
v 0.07586085 -0.060728528 -0.11814421
v 0.07728482 -0.045654655 -0.12798446
v 0.09080189 -0.07159426 -0.056764796
v 0.09620022 -0.07334765 -0.052551337
v 0.101396635 -0.07514355 -0.048104092
v 0.10135944 -0.07488851 -0.04796064
v 0.068592235 -0.07234875 -0.10953132
v 0.055951856 -0.076238096 -0.10548789
v 0.03342341 -0.072215915 -0.10350071
v 0.034549832 -0.071514554 -0.10599265
v 0.05097328 -0.06768897 -0.112613045
v 0.057630867 -0.04703611 -0.12855299
v 0.042971432 -0.04097894 -0.13195351
v 0.007287219 -0.07928263 -0.12298463
v 0.06406529 -0.047105193 -0.12832451
v 0.07630717 -0.047413364 -0.12701213
v 0.07647719 -0.047105193 -0.12718746
v 0.07030312 -0.0409258 -0.13598631
v 0.09040339 -0.041079894 -0.1234097
v 0.056461938 -0.047105193 -0.13723494
v 0.047392115 -0.040936425 -0.14554498
v 0.04454948 -0.04708925 -0.13647515
v 0.035160854 -0.047105193 -0.1441582
v 0.02323778 -0.0409258 -0.15128335
v 0.023737237 -0.047121137 -0.14146435
v 0.013556927 -0.047121137 -0.14777125
v 0.017478153 -0.070595354 -0.12442985
v 0.0070640594 -0.0654255 -0.13668236
v 0.0045508593 -0.047455877 -0.15153307
v 0.012876824 -0.045654655 -0.1489136
v -0.00042240322 -0.041079894 -0.15291984
v 0.008663356 -0.044230685 -0.15029508
v 0.004402086 -0.042812034 -0.15154901
v 0.00010892749 -0.04140401 -0.15268075
v -0.000842154 -0.0672586 -0.13675143
v -0.0023830235 -0.04717958 -0.1523035
v -0.004189551 -0.042812034 -0.15154901
v -0.008445516 -0.044230685 -0.15029508
v 0.11025925 -0.07458034 0.02037391
v 0.11022737 -0.074978836 0.020230442
v 0.11019549 -0.07488851 0.02070333
v 0.11017955 -0.074394375 0.020012602
v 0.11013704 -0.07493102 0.019821316
v 0.11008922 -0.07434656 0.019603476
v 0.11005734 -0.07474505 0.019460008
v 0.109988265 -0.07444219 0.019146532
v 0.11019549 -0.07488851 -0.020767093
v 0.11023268 -0.074978836 -0.020331398
v 0.11024862 -0.074559085 -0.02040048
v 0.11016892 -0.07438906 -0.020028546
v 0.11014767 -0.07494164 -0.019932896
v 0.110078596 -0.07435187 -0.019624725
v 0.11006265 -0.07477162 -0.019555658
v 0.109988265 -0.07444219 -0.019210294
v -0.11004141 -0.07458034 -0.020432353
v -0.11000952 -0.074978836 -0.0202889
v -0.10998297 -0.07488851 -0.020767093
v -0.10996169 -0.074394375 -0.020071045
v -0.10991919 -0.07493102 -0.019879773
v -0.10987139 -0.07434656 -0.019661918
v -0.1098395 -0.07474505 -0.01952377
v -0.10977042 -0.07444219 -0.019210294
v -0.10998297 -0.07488851 0.02070333
v -0.11002016 -0.074978836 0.020272955
v -0.110036075 -0.074559085 0.020336717
v -0.10995108 -0.07438906 0.01997009
v -0.109935135 -0.07494164 0.019874454
v -0.10986605 -0.07435187 0.019560963
v -0.10985011 -0.07477162 0.0194972
v -0.10977042 -0.07444219 0.019146532
v -0.008822754 -0.0010546893 0.17114982
v 0.009061858 -0.025772229 0.17109138
v -0.0088546425 -0.025798798 0.17095855
v 0.009067178 -0.0011131465 0.17095855
v 0.14389253 -0.0011184514 -0.09335759
v 0.14370656 -0.025798798 -0.09328852
v 0.15276577 -0.025804117 -0.07784803
v 0.15267013 -0.0011131465 -0.07776301
v 0.17399246 -0.0011662692 0.00945504
v 0.17398714 -0.026133537 0.009486929
v 0.1729351 -0.0010493845 0.022047594
v 0.17406152 -0.03228104 0.009481609
v 0.17410403 -0.026181355 -0.009646326
v 0.17114452 -0.03228104 -0.033141807
v 0.17063975 -0.015437841 0.035718754
v 0.17054412 -0.0011450201 0.035782516
v 0.17278102 -0.001060009 -0.023333415
v 0.17402965 -0.0011875331 -0.009481609
v 0.17057599 -0.015453771 -0.03579846
v 0.1705335 -0.0011450201 -0.03584096
v 0.16579401 -0.015273124 -0.054113455
v 0.15794092 -0.03228104 -0.07377271
v 0.16093764 -0.0010759532 -0.06709388
v 0.16561867 -0.0011450201 -0.054219723
v 0.15548618 -0.0011715889 -0.078740664
v 0.15575716 -0.026494846 -0.07879911
v 0.13524777 -0.03228104 -0.10997233
v 0.14598598 -0.0261973 -0.0952757
v 0.13809039 -0.0010918826 -0.106476165
v 0.1459594 -0.0011609644 -0.09519069
v 0.12983349 -0.015304998 -0.11626329
v 0.12978569 -0.0011450201 -0.11626329
v 0.116582096 -0.0154590905 -0.12972191
v 0.10441992 -0.03228104 -0.13955685
v 0.105923586 -0.0011025071 -0.13851014
v 0.11634299 -0.0011450201 -0.12972191
v 0.09532352 -0.026154786 -0.14589034
v 0.09525976 -0.0011450201 -0.1458744
v 0.07892663 -0.026298255 -0.15548618
v 0.14199567 -0.03873141 -0.091216326
v 0.11415391 -0.03873141 -0.12429171
v 0.16051789 -0.03873141 -0.052152842
v 0.16849849 -0.03873141 -0.009656951
v 0.06732235 -0.03228104 -0.16075167
v 0.07882036 -0.03873141 -0.14920053
v 0.06695042 -0.0011025071 -0.16098015
v 0.078825675 -0.0011662692 -0.1553746
v 0.05415596 -0.015384704 -0.16577807
v 0.026186675 -0.03228104 -0.17228156
v 0.05429942 -0.0011450201 -0.16553366
v 0.035787836 -0.015395328 -0.17052285
v 0.03831166 -0.03873141 -0.1643116
v 0.023142144 -0.0010972023 -0.1727757
v 0.03595254 -0.0011875331 -0.17048036
v 0.009704769 -0.0261973 -0.17403497
v 0.009555995 -0.001192838 -0.17394994
v -0.016521752 -0.03228104 -0.17344518
v -0.00946036 -0.026154786 -0.1738543
v -0.00934878 -0.0012300313 -0.17396589
v -0.02235046 -0.0010812581 -0.17283416
v -0.004710257 -0.03873141 -0.16862601
v -0.035915345 -0.015448466 -0.17055474
v -0.035697505 -0.0011397004 -0.17046441
v -0.058231264 -0.03228104 -0.16418408
v -0.054124072 -0.015294373 -0.16545928
v -0.05407095 -0.001214087 -0.1655921
v -0.06628625 -0.0010653138 -0.16112892
v -0.047413364 -0.03873141 -0.16186216
v -0.07860252 -0.026133537 -0.15547024
v -0.07862377 -0.0011450201 -0.15536398
v -0.096434 -0.03228104 -0.14504552
v -0.09514287 -0.026271686 -0.14585845
v -0.09509504 -0.0011609644 -0.1458744
v -0.10539755 -0.001060009 -0.1386961
v -0.086992234 -0.03873141 -0.14446637
v -0.11633235 -0.015320942 -0.1297166
v -0.12882397 -0.03228104 -0.11718781
v -0.11612514 -0.0011450201 -0.1297166
v -0.12969536 -0.015395328 -0.11617297
v -0.120848686 -0.03873141 -0.117580995
v -0.13819134 -0.00103876 -0.10598203
v -0.12958908 -0.0011875331 -0.116300486
v -0.1457628 -0.026218548 -0.09536602
v -0.14578408 -0.0012194067 -0.095180064
v -0.15346181 -0.03228104 -0.082284644
v -0.15533209 -0.026122913 -0.07870878
v -0.14675641 -0.03873141 -0.08297006
v -0.10778323 -0.040330708 -0.12715559
v -0.13600758 -0.040330708 -0.09633305
v -0.072773814 -0.040330708 -0.14999753
v -0.033189625 -0.040330708 -0.16340834
v 0.0084827095 -0.040330708 -0.16655913
v 0.049251772 -0.040941745 -0.15821192
v -0.0045455396 -0.041329622 -0.16296732
v -0.045814052 -0.041329622 -0.15643194
v -0.0840646 -0.041329622 -0.13962063
v -0.11678931 -0.041329622 -0.1136332
v 0.08728979 -0.040920496 -0.14089581
v 0.11966382 -0.0409258 -0.11470649
v 0.14453013 -0.040915176 -0.08117948
v 0.16015127 -0.04095769 -0.042408228
v -0.071902424 -0.041329622 -0.14144841
v -0.09317163 -0.041329622 -0.12841484
v -0.04892765 -0.041329622 -0.15095924
v -0.024757385 -0.041329622 -0.15676668
v -0.112134844 -0.041329622 -0.112219855
v 0.000103607774 -0.041329622 -0.1587273
v 0.02497524 -0.041329622 -0.15676668
v 0.04915613 -0.041329622 -0.15095924
v 0.07212028 -0.041329622 -0.14144841
v 0.09338416 -0.041329622 -0.12842016
v 0.11235269 -0.041329622 -0.11221455
v 0.12849987 -0.041329622 -0.09330446
v 0.1414909 -0.041329622 -0.07211496
v 0.15103363 -0.041329622 -0.04907112
v 0.15685701 -0.041329622 -0.024815843
v 0.16557616 -0.04095237 -0.0016710311
v 0.15880169 -0.041329622 -2.3916364E-05
v 0.15986435 -0.041329622 0.032339483
v 0.15685701 -0.041329622 0.024757385
v 0.15103894 -0.041329622 0.049007356
v 0.164115 -0.039964095 0.03419915
v 0.14638448 -0.041329622 0.0718918
v 0.1414856 -0.041329622 0.0720512
v 0.12848923 -0.041329622 0.09325132
v 0.16651131 -0.03228104 0.0515365
v 0.16577807 -0.01535283 0.054081574
v 0.12329812 -0.041329622 0.10671526
v 0.11235269 -0.041329622 0.11215609
v 0.15007722 -0.039990664 0.07458034
v 0.09211428 -0.041329622 0.13452515
v 0.093389474 -0.041329622 0.1283564
v 0.07211496 -0.041329622 0.14138463
v 0.12628421 -0.040017232 0.1100786
v 0.14895612 -0.03228104 0.090488404
v 0.12244799 -0.03228104 0.12399417
v 0.15560839 -0.026186675 0.07863441
v 0.16083668 -0.0010546893 0.06723203
v 0.16561335 -0.0011450201 0.054166585
v 0.15544367 -0.0011981577 0.07874599
v 0.1459594 -0.02630888 0.095302254
v 0.054883882 -0.041329622 0.15349367
v 0.049140193 -0.041329622 0.15090078
v 0.02496992 -0.041329622 0.15670824
v 0.094287425 -0.0400438 0.13839856
v 0.01405637 -0.041329622 0.16237754
v 0.00010892749 -0.041329622 0.15866354
v 0.05616439 -0.04007037 0.15769652
v -0.027690336 -0.041329622 0.16058695
v -0.024757385 -0.041329622 0.15670294
v -0.04893829 -0.041329622 0.15089548
v -0.067609265 -0.041329622 0.14824414
v -0.071902424 -0.041329622 0.14138463
v -0.09317163 -0.041329622 0.1283617
v 0.014391109 -0.0400863 0.16672385
v 0.08858092 -0.03228104 0.15004003
v -0.10307565 -0.041329622 0.12615669
v -0.112134844 -0.041329622 0.11215609
v -0.14196378 -0.04140401 0.081296355
v -0.12828201 -0.041329622 0.09324071
v -0.14127305 -0.041329622 0.0720512
v -0.15082109 -0.041329622 0.049012676
v -0.16513515 -0.041159585 0.010602713
v -0.15663916 -0.041329622 0.02475208
v -0.15858915 -0.041329622 -3.9845705E-05
v -0.15663916 -0.041329622 -0.024815843
v 0.049395226 -0.03228104 0.16706389
v -0.15754244 -0.041329622 -0.04146777
v -0.15082109 -0.041329622 -0.0490658
v -0.14182565 -0.041329622 -0.08018589
v -0.14127305 -0.041329622 -0.07211496
v -0.1282767 -0.041329622 -0.09331509
v -0.15567747 -0.040330708 -0.05945865
v -0.16556555 -0.040330708 -0.018848985
v -0.16301516 -0.03873141 -0.04290767
v -0.16855693 -0.03873141 -2.9221177E-05
v -0.16886511 -0.03228104 -0.04243478
v -0.17410403 -0.03228104 -2.9221177E-05
v -0.17029971 -0.03228104 0.036191642
v -0.16486949 -0.03873141 0.03503865
v -0.15904078 -0.03228104 0.07082914
v -0.15753713 -0.040330708 0.054278165
v -0.15397719 -0.03873141 0.06857099
v -0.14083207 -0.03228104 0.10236898
v -0.13578442 -0.040341347 0.0975126
v -0.11167258 -0.03228104 0.13359532
v -0.10551977 -0.04010755 0.1297591
v -0.07578646 -0.03228104 0.15678263
v -0.069256395 -0.040049106 0.15230882
v -0.035336196 -0.03228104 0.17053881
v -0.028333247 -0.040096924 0.16488013
v 0.007244706 -0.03228104 0.17403495
v -0.09516412 -0.026330128 0.14583719
v -0.07860783 -0.02616541 0.15535867
v -0.07861313 -0.0011875331 0.15533209
v -0.06713107 -0.0010706335 0.16072512
v -0.05398062 -0.015320942 0.16565585
v -0.05408688 -0.0011450201 0.16547522
v -0.0355753 -0.015390024 0.17044848
v -0.106168 -0.0010759532 0.13805851
v -0.09505254 -0.0011450201 0.14581594
v -0.11617297 -0.001214087 0.12968472
v -0.116034806 -0.015379384 0.12969536
v -0.12955189 -0.015315637 0.11644393
v -0.14083207 -0.03228104 0.10236898
v -0.12987068 0.00013017654 0.11604014
v -0.14585313 -0.0012194067 0.095281005
v -0.14577875 -0.026340753 0.095403224
v -0.15904078 -0.03228104 0.07082914
v -0.15526834 -0.026186675 0.078671604
v -0.022913665 -0.0010334402 0.1726588
v -0.0357347 -0.0011875331 0.1704219
v -0.009518802 -0.026218548 0.17396057
v -0.00934346 -0.001192838 0.17389151
v 0.009688824 -0.026117593 0.17392337
v -0.16066667 -0.0010972023 0.06723203
v -0.1552152 -0.0011450201 0.07870346
v -0.16556555 -0.015273124 0.054049686
v -0.16540083 -0.0011450201 0.05415596
v -0.17029971 -0.03228104 0.036191642
v -0.17035815 -0.015453771 0.0357347
v 0.035835654 -0.015506908 0.17050692
v 0.022222936 -0.0010546893 0.17279163
v 0.009587884 -0.0011662692 0.17385432
v 0.035915345 -0.0011397004 0.17040595
v 0.054219723 -0.015299693 0.16563994
v -0.1726057 -0.0010334402 0.022786155
v -0.17032096 -0.0011450201 0.035777196
v -0.17387557 -0.0261973 0.0095985085
v -0.1738118 -0.001192838 0.0094231665
v -0.17410403 -0.03228104 -2.9221177E-05
v -0.17387557 -0.02608572 -0.009630382
v -0.16886511 -0.03228104 -0.04243478
v 0.07876723 -0.026186675 0.15547025
v 0.06737017 -0.0010493845 0.16069853
v 0.054294102 -0.0011450201 0.16548052
v 0.07887881 -0.0012194067 0.15531084
v 0.0954351 -0.026319504 0.14582658
v -0.17251003 -0.00103876 -0.023673475
v -0.17378524 -0.0011450201 -0.009513497
v -0.17035815 -0.015395328 -0.03579314
v -0.17031565 -0.0011503398 -0.035846278
v -0.16558146 -0.015331566 -0.054140016
v -0.16061884 -0.0010546893 -0.06729047
v -0.15522051 -0.0011662692 -0.07876192
v -0.16540083 -0.0011450201 -0.054225035
v 0.11651833 -0.015336886 0.12967941
v 0.105668545 -0.0010493845 0.13858452
v 0.09525976 -0.0011450201 0.14581594
v 0.11634299 -0.0011450201 0.12965816
v 0.12992382 -0.015432522 0.11618358
v 0.13871735 -0.0010493845 0.105535716
v 0.14594878 -0.0011662692 0.09512693
v 0.12980162 -0.0011450201 0.11620486
v -0.09317693 -0.025804117 -0.1437597
v -0.07762486 -0.025798798 -0.15259574
v -0.07775238 -0.001060009 -0.15274452
v -0.09315038 -0.0011131465 -0.14363217
v 0.009035289 -0.0010546893 -0.17120828
v -0.008844018 -0.025782853 -0.17115514
v 0.009067178 -0.025798798 -0.17102231
v -0.0088546425 -0.0011131465 -0.17102231
v 0.14594878 -0.0011662692 0.09512693
v 0.13871735 -0.0010493845 0.105535716
v 0.14113492 0.004364893 0.0930388
v 0.12616731 0.004364893 0.11212954
v 0.12980162 -0.0011450201 0.11620486
v 0.105668545 -0.0010493845 0.13858452
v 0.09525976 -0.0011450201 0.14581594
v 0.0928422 0.004364893 0.14093831
v 0.112193294 0.004364893 0.12638515
v 0.11634299 -0.0011450201 0.12965816
v -0.07861313 -0.0011875331 0.15533209
v -0.075499535 0.004364893 0.15107614
v -0.06713107 -0.0010706335 0.16072512
v -0.052987024 0.004364893 0.16013533
v -0.05408688 -0.0011450201 0.16547522
v -0.16066667 -0.0010972023 0.06723203
v -0.16540083 -0.0011450201 0.05415596
v -0.16017783 0.004364893 0.05339615
v -0.15068826 0.004364893 0.0756802
v -0.1552152 -0.0011450201 0.07870346
v -0.17032096 -0.0011450201 0.035777196
v -0.1726057 -0.0010334402 0.022786155
v -0.16542208 0.004364893 0.033827215
v -0.16834441 0.004364893 0.009800404
v -0.1738118 -0.001192838 0.0094231665
v -0.15260637 -0.0011184514 -0.07789054
v -0.14360562 -0.025809422 -0.093341656
v -0.14349404 -0.0011131465 -0.09328852
v -0.1524576 -0.025798798 -0.07776301
v 0.05429942 -0.0011450201 -0.16553366
v 0.06695042 -0.0011025071 -0.16098015
v 0.05319956 0.004364893 -0.16019909
v 0.07571208 0.004364893 -0.15113458
v 0.078825675 -0.0011662692 -0.1553746
v 0.05304016 -0.0011184514 0.16300982
v 0.035782516 -0.015055284 0.16756335
v 0.03570813 -0.0011131465 0.16745177
v 0.053018913 -0.015049964 0.16281325
v 0.12741062 -0.0150446445 0.11465868
v 0.114679925 -0.015049964 0.12721404
v 0.11483401 -0.001060009 0.12733093
v 0.12735218 -0.0011131465 0.11454177
v 0.12317592 0.004364893 0.111040294
v 0.14113492 0.004364893 0.0930388
v 0.12616731 0.004364893 0.11212954
v 0.10903187 0.00047022104 0.105142534
v 0.11127409 0.004364893 0.12314403
v 0.13936558 0.004364893 0.09017491
v 0.07937826 0.00047022104 0.12897274
v 0.13181005 0.00047022104 0.07467598
v 0.112193294 0.004364893 0.12638515
v 0.14772874 0.004364893 0.0754039
v 0.09023336 0.004364893 0.13911054
v 0.0928422 0.004364893 0.14093831
v 0.07560581 0.004364893 0.1477181
v 0.044724822 0.00047022104 0.14466295
v 0.075706765 0.004364893 0.15108144
v 0.16038506 0.004364893 0.053412095
v 0.1509061 0.004364893 0.0756802
v 0.15801 0.004364893 0.051074237
v 0.1462729 0.00047022104 0.039491206
v 0.14852042 0.00047022104 0.029964432
v 0.16229784 0.004364893 0.034634843
v 0.16877478 0.004364893 0.010055453
v 0.16536364 0.004364893 0.034071624
v 0.1511877 0.00047022104 0.010028884
v 0.16579401 0.004364893 0.008461446
v 0.1511877 0.00047022104 -0.010087326
v 0.16567181 0.004364893 -0.008514583
v 0.16563992 0.004364893 -0.033885658
v 0.16855693 0.004364893 -0.009858862
v 0.14852042 0.00047022104 -0.030028194
v 0.1623616 0.004364893 -0.034714535
v 0.1462729 0.00047022104 -0.039549664
v 0.15783466 0.004364893 -0.051074237
v 0.13181005 0.00047022104 -0.07473443
v 0.16039038 0.004364893 -0.0534546
v 0.14785627 0.004364893 -0.07553142
v 0.1509061 0.004364893 -0.07574396
v 0.1392487 0.004364893 -0.09015898
v 0.10903187 0.00047022104 -0.10520629
v 0.14113492 0.004364893 -0.093086615
v 0.12328218 0.004364893 -0.11119439
v 0.12616731 0.004364893 -0.112193294
v 0.11117845 0.004364893 -0.12310153
v 0.07937826 0.00047022104 -0.1290365
v 0.112203926 0.004364893 -0.12643829
v 0.09031306 0.004364893 -0.1392912
v 0.0928422 0.004364893 -0.14099677
v 0.07554205 0.004364893 -0.14765435
v 0.044724822 0.00047022104 -0.1447214
v 0.07571208 0.004364893 -0.15113458
v 0.051212385 0.004364893 -0.15793562
v 0.05319956 0.004364893 -0.16019909
v 0.034772992 0.004364893 -0.16221815
v 0.007250026 0.00047022104 -0.15127803
v 0.033970684 0.004364893 -0.16556023
v 0.008599594 0.004364893 -0.16573556
v 0.009938553 0.004364893 -0.16848254
v -0.007032171 0.00047022104 -0.15127803
v -0.008376434 0.004364893 -0.1655921
v -0.009970427 0.004364893 -0.16869508
v -0.034576386 0.004364893 -0.16228722
v -0.033997238 0.004364893 -0.16528393
v -0.044506982 0.00047022104 -0.1447214
v -0.050936088 0.004364893 -0.15775497
v -0.053321764 0.004364893 -0.16031599
v -0.075393274 0.004364893 -0.14778188
v -0.07560581 0.004364893 -0.15082641
v -0.07916573 0.00047022104 -0.1290365
v -0.090020835 0.004364893 -0.13917431
v -0.11197543 0.004364893 -0.12644891
v -0.09262967 0.004364893 -0.14099677
v -0.11105624 0.004364893 -0.12320779
v -0.108819336 0.00047022104 -0.10520629
v -0.12296337 0.004364893 -0.11110406
v -0.14091706 0.004364893 -0.09309724
v -0.12595478 0.004364893 -0.112193294
v -0.13915306 0.004364893 -0.090238675
v -0.13159221 0.00047022104 -0.07473443
v -0.14751622 0.004364893 -0.07546766
v -0.14606035 0.00047022104 -0.039549664
v -0.15100175 0.004364893 -0.07563769
v -0.15779749 0.004364893 -0.051138
v -0.16006094 0.004364893 -0.053125173
v -0.14830789 0.00047022104 -0.030028194
v -0.16207999 0.004364893 -0.034693286
v -0.16542739 0.004364893 -0.033896297
v -0.15097517 0.00047022104 -0.010087326
v -0.16558146 0.004364893 -0.008519903
v -0.16834441 0.004364893 -0.009858862
v -0.15097517 0.00047022104 0.010028884
v -0.16545397 0.004364893 0.008450821
v -0.16542208 0.004364893 0.033827215
v -0.16834441 0.004364893 0.009800404
v -0.14830789 0.00047022104 0.029964432
v -0.16214907 0.004364893 0.034656093
v -0.14606035 0.00047022104 0.039491206
v -0.15761682 0.004364893 0.051015794
v -0.13159221 0.00047022104 0.07467598
v -0.16017783 0.004364893 0.05339615
v -0.14764372 0.004364893 0.07546766
v -0.15068826 0.004364893 0.0756802
v -0.13903615 0.004364893 0.09009522
v -0.108819336 0.00047022104 0.105142534
v -0.14094895 0.004364893 0.093070686
v -0.12306434 0.004364893 0.11113593
v -0.12987068 0.00013017654 0.11604014
v -0.14585313 -0.0012194067 0.095281005
v -0.11096591 0.004364893 0.123037755
v -0.07916573 0.00047022104 0.12897274
v -0.111991376 0.004364893 0.12637985
v -0.09010053 0.004364893 0.13922745
v -0.09262967 0.004364893 0.14093831
v -0.07532951 0.004364893 0.1475906
v -0.044506982 0.00047022104 0.14466295
v -0.075499535 0.004364893 0.15107614
v -0.05099985 0.004364893 0.15787184
v -0.052987024 0.004364893 0.16013533
v -0.034555137 0.004364893 0.16215971
v -0.007032171 0.00047022104 0.15121427
v -0.03375815 0.004364893 0.16549647
v -0.008387059 0.004364893 0.16565585
v -0.009720713 0.004364893 0.1684188
v 0.007250026 0.00047022104 0.15121427
v 0.00858897 0.004364893 0.16553366
v 0.010182962 0.004364893 0.16863662
v 0.03479424 0.004364893 0.16222346
v 0.034209773 0.004364893 0.16522548
v 0.051153935 0.004364893 0.15769652
v 0.05319956 0.004364893 0.16013533
v -0.052827626 -0.0011184514 -0.16306828
v -0.052806377 -0.015049964 -0.162877
v -0.035564676 -0.015002146 -0.16762179
v -0.03549029 -0.0011131465 -0.16751553
v -0.12725124 -0.001060009 0.11469588
v -0.11446208 -0.0011131465 0.12721404
v -0.11457896 -0.0150446445 0.12727249
v -0.12713966 -0.015049964 0.11454177
v 0.07791179 -0.025814742 -0.1526967
v 0.093362905 -0.025798798 -0.14363217
v 0.09343198 -0.001060009 -0.14381284
v 0.07784271 -0.0011131465 -0.15259574
v -0.17251003 -0.00103876 -0.023673475
v -0.17031565 -0.0011503398 -0.035846278
v -0.16542739 0.004364893 -0.033896297
v -0.16834441 0.004364893 -0.009858862
v -0.17378524 -0.0011450201 -0.009513497
v -0.17107013 -0.0010546893 -0.008960903
v -0.17088416 -0.0011131465 0.008929029
v -0.17101699 -0.02586256 0.008923709
v -0.17088416 -0.025798798 -0.008992791
v -0.14362153 -0.025724411 0.09325132
v -0.1524576 -0.025798798 0.07770458
v -0.15260637 -0.001060009 0.07782677
v -0.14349404 -0.0011131465 0.093224764
v 0.1528189 -0.0011184514 0.07783207
v 0.15267013 -0.025798798 0.07770458
v 0.14382876 -0.025724411 0.09326726
v 0.14370656 -0.0011131465 0.093224764
v 0.1677015 -0.0150446445 0.035639063
v 0.16295138 -0.015049964 0.052880764
v 0.16314267 -0.0011237711 0.052902013
v 0.16758992 -0.0011131465 0.03556998
v -0.13819134 -0.00103876 -0.10598203
v -0.12958908 -0.0011875331 -0.116300486
v -0.12595478 0.004364893 -0.112193294
v -0.14091706 0.004364893 -0.09309724
v -0.14578408 -0.0012194067 -0.095180064
v -0.10539755 -0.001060009 -0.1386961
v -0.09509504 -0.0011609644 -0.1458744
v -0.09262967 0.004364893 -0.14099677
v -0.11197543 0.004364893 -0.12644891
v -0.11612514 -0.0011450201 -0.1297166
v -0.09505254 -0.0011450201 0.14581594
v -0.106168 -0.0010759532 0.13805851
v -0.09262967 0.004364893 0.14093831
v -0.111991376 0.004364893 0.12637985
v -0.11617297 -0.001214087 0.12968472
v -0.07775238 -0.0011184514 0.15268606
v -0.07762486 -0.025798798 0.15253198
v -0.093192875 -0.02572973 0.14369062
v -0.09315038 -0.0011131465 0.14356843
v -0.14362153 -0.025724411 0.09325132
v -0.14577875 -0.026340753 0.095403224
v -0.15526834 -0.026186675 0.078671604
v -0.1524576 -0.025798798 0.07770458
v -0.14585313 -0.0012194067 0.095281005
v -0.14577875 -0.026340753 0.095403224
v -0.14362153 -0.025724411 0.09325132
v -0.14349404 -0.0011131465 0.093224764
v -0.13903615 0.004364893 0.09009522
v -0.14094895 0.004364893 0.093070686
v 0.17128798 -0.0010546893 0.00890246
v 0.17122953 -0.025798798 -0.008982152
v 0.1710967 -0.025798798 0.008929029
v 0.1710967 -0.0011131465 -0.008992791
v 0.17278102 -0.001060009 -0.023333415
v 0.17402965 -0.0011875331 -0.009481609
v 0.16855693 0.004364893 -0.009858862
v 0.16563992 0.004364893 -0.033885658
v 0.1705335 -0.0011450201 -0.03584096
v 0.105923586 -0.0011025071 -0.13851014
v 0.11634299 -0.0011450201 -0.12972191
v 0.112203926 0.004364893 -0.12643829
v 0.0928422 0.004364893 -0.14099677
v 0.09525976 -0.0011450201 -0.1458744
v -0.035564676 -0.0150446445 0.16756335
v -0.052806377 -0.015049964 0.16281325
v -0.052827626 -0.0011237711 0.16300452
v -0.03549029 -0.0011131465 0.16745177
v 0.022222936 -0.0010546893 0.17279163
v 0.009587884 -0.0011662692 0.17385432
v 0.010182962 0.004364893 0.16863662
v 0.034209773 0.004364893 0.16522548
v 0.035915345 -0.0011397004 0.17040595
v -0.02235046 -0.0010812581 -0.17283416
v -0.00934878 -0.0012300313 -0.17396589
v -0.009970427 0.004364893 -0.16869508
v -0.033997238 0.004364893 -0.16528393
v -0.035697505 -0.0011397004 -0.17046441
v 0.05304016 -0.0011237711 -0.16306828
v 0.03570813 -0.0011131465 -0.16751553
v 0.03577721 -0.0150446445 -0.16762711
v 0.053018913 -0.015049964 -0.162877
v 0.009555995 -0.001192838 -0.17394994
v 0.023142144 -0.0010972023 -0.1727757
v 0.009938553 0.004364893 -0.16848254
v 0.033970684 0.004364893 -0.16556023
v 0.03595254 -0.0011875331 -0.17048036
v -0.1738118 -0.001192838 0.0094231665
v -0.17387557 -0.0261973 0.0095985085
v -0.17101699 -0.02586256 0.008923709
v -0.17088416 -0.0011131465 0.008929029
v -0.16545397 0.004364893 0.008450821
v -0.16834441 0.004364893 0.009800404
v -0.17101699 -0.02586256 0.008923709
v -0.17387557 -0.0261973 0.0095985085
v -0.17387557 -0.02608572 -0.009630382
v -0.17088416 -0.025798798 -0.008992791
v -0.07862377 -0.0011450201 -0.15536398
v -0.06628625 -0.0010653138 -0.16112892
v -0.07560581 0.004364893 -0.15082641
v -0.053321764 0.004364893 -0.16031599
v -0.05407095 -0.001214087 -0.1655921
v 0.09340541 -0.025724411 0.14369062
v 0.07784271 -0.025798798 0.15253198
v 0.07797024 -0.001060009 0.15268075
v 0.093362905 -0.0011131465 0.14356843
v 0.16314799 -0.0011184514 -0.052965775
v 0.16295138 -0.015049964 -0.052944526
v 0.1677015 -0.015055284 -0.035702825
v 0.16758992 -0.0011131465 -0.035628438
v 0.15548618 -0.0011715889 -0.078740664
v 0.16093764 -0.0010759532 -0.06709388
v 0.1509061 0.004364893 -0.07574396
v 0.16039038 0.004364893 -0.0534546
v 0.16561867 -0.0011450201 -0.054219723
v 0.13809039 -0.0010918826 -0.106476165
v 0.1459594 -0.0011609644 -0.09519069
v 0.14113492 0.004364893 -0.093086615
v 0.12616731 0.004364893 -0.112193294
v 0.12978569 -0.0011450201 -0.11626329
v 0.15575716 -0.026494846 -0.07879911
v 0.15548618 -0.0011715889 -0.078740664
v 0.15276577 -0.025804117 -0.07784803
v 0.15267013 -0.0011131465 -0.07776301
v 0.14785627 0.004364893 -0.07553142
v 0.1509061 0.004364893 -0.07574396
v 0.15575716 -0.026494846 -0.07879911
v 0.15276577 -0.025804117 -0.07784803
v 0.14598598 -0.0261973 -0.0952757
v 0.14370656 -0.025798798 -0.09328852
v 0.16083668 -0.0010546893 0.06723203
v 0.15544367 -0.0011981577 0.07874599
v 0.1509061 0.004364893 0.0756802
v 0.16038506 0.004364893 0.053412095
v 0.16561335 -0.0011450201 0.054166585
v 0.07887881 -0.0012194067 0.15531084
v 0.06737017 -0.0010493845 0.16069853
v 0.075706765 0.004364893 0.15108144
v 0.05319956 0.004364893 0.16013533
v 0.054294102 -0.0011450201 0.16548052
v 0.1459594 -0.02630888 0.095302254
v 0.14594878 -0.0011662692 0.09512693
v 0.14382876 -0.025724411 0.09326726
v 0.14370656 -0.0011131465 0.093224764
v 0.13936558 0.004364893 0.09017491
v 0.14113492 0.004364893 0.0930388
v 0.1459594 -0.02630888 0.095302254
v 0.14382876 -0.025724411 0.09326726
v 0.15560839 -0.026186675 0.07863441
v 0.15267013 -0.025798798 0.07770458
v 0.09525976 -0.0011450201 0.14581594
v 0.0954351 -0.026319504 0.14582658
v 0.09340541 -0.025724411 0.14369062
v 0.093362905 -0.0011131465 0.14356843
v 0.09023336 0.004364893 0.13911054
v 0.0928422 0.004364893 0.14093831
v 0.09340541 -0.025724411 0.14369062
v 0.0954351 -0.026319504 0.14582658
v 0.07876723 -0.026186675 0.15547025
v 0.07784271 -0.025798798 0.15253198
v -0.1457628 -0.026218548 -0.09536602
v -0.14578408 -0.0012194067 -0.095180064
v -0.14360562 -0.025809422 -0.093341656
v -0.14349404 -0.0011131465 -0.09328852
v -0.13915306 0.004364893 -0.090238675
v -0.14091706 0.004364893 -0.09309724
v -0.1457628 -0.026218548 -0.09536602
v -0.14360562 -0.025809422 -0.093341656
v -0.15533209 -0.026122913 -0.07870878
v -0.1524576 -0.025798798 -0.07776301
v -0.00934346 -0.001192838 0.17389151
v -0.022913665 -0.0010334402 0.1726588
v -0.009720713 0.004364893 0.1684188
v -0.03375815 0.004364893 0.16549647
v -0.0357347 -0.0011875331 0.1704219
v -0.009518802 -0.026218548 0.17396057
v 0.009061858 -0.025772229 0.17109138
v 0.009688824 -0.026117593 0.17392337
v -0.0088546425 -0.025798798 0.17095855
v 0.009587884 -0.0011662692 0.17385432
v 0.009688824 -0.026117593 0.17392337
v 0.009061858 -0.025772229 0.17109138
v 0.009067178 -0.0011131465 0.17095855
v 0.00858897 0.004364893 0.16553366
v 0.010182962 0.004364893 0.16863662
v 0.17402965 -0.0011875331 -0.009481609
v 0.17410403 -0.026181355 -0.009646326
v 0.17122953 -0.025798798 -0.008982152
v 0.1710967 -0.0011131465 -0.008992791
v 0.16567181 0.004364893 -0.008514583
v 0.16855693 0.004364893 -0.009858862
v 0.17122953 -0.025798798 -0.008982152
v 0.17410403 -0.026181355 -0.009646326
v 0.17398714 -0.026133537 0.009486929
v 0.1710967 -0.025798798 0.008929029
v -0.09516412 -0.026330128 0.14583719
v -0.093192875 -0.02572973 0.14369062
v -0.07860783 -0.02616541 0.15535867
v -0.07762486 -0.025798798 0.15253198
v -0.09516412 -0.026330128 0.14583719
v -0.09505254 -0.0011450201 0.14581594
v -0.093192875 -0.02572973 0.14369062
v -0.09315038 -0.0011131465 0.14356843
v -0.09010053 0.004364893 0.13922745
v -0.09262967 0.004364893 0.14093831
v 0.07876723 -0.026186675 0.15547025
v 0.07887881 -0.0012194067 0.15531084
v 0.07784271 -0.025798798 0.15253198
v 0.07797024 -0.001060009 0.15268075
v 0.07560581 0.004364893 0.1477181
v 0.075706765 0.004364893 0.15108144
v 0.11479682 -0.0150446445 -0.12733623
v 0.12735218 -0.015049964 -0.11460023
v 0.12746908 -0.001060009 -0.114759624
v 0.114679925 -0.0011131465 -0.12727779
v -0.07860252 -0.026133537 -0.15547024
v -0.07862377 -0.0011450201 -0.15536398
v -0.07762486 -0.025798798 -0.15259574
v -0.07775238 -0.001060009 -0.15274452
v -0.075393274 0.004364893 -0.14778188
v -0.07560581 0.004364893 -0.15082641
v -0.07860252 -0.026133537 -0.15547024
v -0.07762486 -0.025798798 -0.15259574
v -0.09317693 -0.025804117 -0.1437597
v -0.09514287 -0.026271686 -0.14585845
v 0.11634299 -0.0011450201 -0.12972191
v 0.116582096 -0.0154590905 -0.12972191
v 0.11479682 -0.0150446445 -0.12733623
v 0.114679925 -0.0011131465 -0.12727779
v 0.11117845 0.004364893 -0.12310153
v 0.112203926 0.004364893 -0.12643829
v 0.116582096 -0.0154590905 -0.12972191
v 0.12983349 -0.015304998 -0.11626329
v 0.11479682 -0.0150446445 -0.12733623
v 0.12735218 -0.015049964 -0.11460023
v 0.17054412 -0.0011450201 0.035782516
v 0.17063975 -0.015437841 0.035718754
v 0.1677015 -0.0150446445 0.035639063
v 0.16758992 -0.0011131465 0.03556998
v 0.16229784 0.004364893 0.034634843
v 0.16536364 0.004364893 0.034071624
v 0.17063975 -0.015437841 0.035718754
v 0.16577807 -0.01535283 0.054081574
v 0.1677015 -0.0150446445 0.035639063
v 0.16295138 -0.015049964 0.052880764
v 0.09532352 -0.026154786 -0.14589034
v 0.07791179 -0.025814742 -0.1526967
v 0.07892663 -0.026298255 -0.15548618
v 0.093362905 -0.025798798 -0.14363217
v 0.078825675 -0.0011662692 -0.1553746
v 0.07892663 -0.026298255 -0.15548618
v 0.07791179 -0.025814742 -0.1526967
v 0.07784271 -0.0011131465 -0.15259574
v 0.07554205 0.004364893 -0.14765435
v 0.07571208 0.004364893 -0.15113458
v 0.15544367 -0.0011981577 0.07874599
v 0.15560839 -0.026186675 0.07863441
v 0.15267013 -0.025798798 0.07770458
v 0.1528189 -0.0011184514 0.07783207
v 0.14772874 0.004364893 0.0754039
v 0.1509061 0.004364893 0.0756802
v -0.13915306 0.004364893 -0.090238675
v -0.14751622 0.004364893 -0.07546766
v -0.15260637 -0.0011184514 -0.07789054
v -0.14349404 -0.0011131465 -0.09328852
v -0.15522051 -0.0011662692 -0.07876192
v -0.15100175 0.004364893 -0.07563769
v -0.16061884 -0.0010546893 -0.06729047
v -0.16006094 0.004364893 -0.053125173
v -0.16540083 -0.0011450201 -0.054225035
v 0.009704769 -0.0261973 -0.17403497
v 0.009555995 -0.001192838 -0.17394994
v 0.009067178 -0.025798798 -0.17102231
v 0.009035289 -0.0010546893 -0.17120828
v 0.008599594 0.004364893 -0.16573556
v 0.009938553 0.004364893 -0.16848254
v 0.009704769 -0.0261973 -0.17403497
v 0.009067178 -0.025798798 -0.17102231
v -0.008844018 -0.025782853 -0.17115514
v -0.00946036 -0.026154786 -0.1738543
v -0.17088416 -0.0011131465 0.008929029
v -0.17107013 -0.0010546893 -0.008960903
v -0.16545397 0.004364893 0.008450821
v -0.16558146 0.004364893 -0.008519903
v -0.009518802 -0.026218548 0.17396057
v -0.00934346 -0.001192838 0.17389151
v -0.0088546425 -0.025798798 0.17095855
v -0.008822754 -0.0010546893 0.17114982
v -0.008387059 0.004364893 0.16565585
v -0.009720713 0.004364893 0.1684188
v -0.035915345 -0.015448466 -0.17055474
v -0.035697505 -0.0011397004 -0.17046441
v -0.035564676 -0.015002146 -0.16762179
v -0.03549029 -0.0011131465 -0.16751553
v -0.034576386 0.004364893 -0.16228722
v -0.033997238 0.004364893 -0.16528393
v -0.054124072 -0.015294373 -0.16545928
v -0.035915345 -0.015448466 -0.17055474
v -0.035564676 -0.015002146 -0.16762179
v -0.052806377 -0.015049964 -0.162877
v 0.1459594 -0.0011609644 -0.09519069
v 0.14598598 -0.0261973 -0.0952757
v 0.14370656 -0.025798798 -0.09328852
v 0.14389253 -0.0011184514 -0.09335759
v 0.1392487 0.004364893 -0.09015898
v 0.14113492 0.004364893 -0.093086615
v 0.12980162 -0.0011450201 0.11620486
v 0.12992382 -0.015432522 0.11618358
v 0.12741062 -0.0150446445 0.11465868
v 0.12735218 -0.0011131465 0.11454177
v 0.12317592 0.004364893 0.111040294
v 0.12616731 0.004364893 0.11212954
v 0.12992382 -0.015432522 0.11618358
v 0.11651833 -0.015336886 0.12967941
v 0.12741062 -0.0150446445 0.11465868
v 0.114679925 -0.015049964 0.12721404
v 0.035835654 -0.015506908 0.17050692
v 0.035915345 -0.0011397004 0.17040595
v 0.035782516 -0.015055284 0.16756335
v 0.03570813 -0.0011131465 0.16745177
v 0.03479424 0.004364893 0.16222346
v 0.034209773 0.004364893 0.16522548
v 0.054219723 -0.015299693 0.16563994
v 0.035835654 -0.015506908 0.17050692
v 0.035782516 -0.015055284 0.16756335
v 0.053018913 -0.015049964 0.16281325
v -0.17387557 -0.02608572 -0.009630382
v -0.17378524 -0.0011450201 -0.009513497
v -0.17088416 -0.025798798 -0.008992791
v -0.17107013 -0.0010546893 -0.008960903
v -0.16558146 0.004364893 -0.008519903
v -0.16834441 0.004364893 -0.009858862
v -0.15522051 -0.0011662692 -0.07876192
v -0.15533209 -0.026122913 -0.07870878
v -0.1524576 -0.025798798 -0.07776301
v -0.15260637 -0.0011184514 -0.07789054
v -0.14751622 0.004364893 -0.07546766
v -0.15100175 0.004364893 -0.07563769
v -0.1271981 -0.0150446445 -0.11471712
v -0.11446208 -0.015049964 -0.12727779
v -0.11462149 -0.001060009 -0.12738937
v -0.12713966 -0.0011131465 -0.11460023
v -0.12958908 -0.0011875331 -0.116300486
v -0.12969536 -0.015395328 -0.11617297
v -0.1271981 -0.0150446445 -0.11471712
v -0.12713966 -0.0011131465 -0.11460023
v -0.12296337 0.004364893 -0.11110406
v -0.12595478 0.004364893 -0.112193294
v -0.12969536 -0.015395328 -0.11617297
v -0.11633235 -0.015320942 -0.1297166
v -0.1271981 -0.0150446445 -0.11471712
v -0.11446208 -0.015049964 -0.12727779
v 0.03479424 0.004364893 0.16222346
v 0.05304016 -0.0011184514 0.16300982
v 0.03570813 -0.0011131465 0.16745177
v 0.051153935 0.004364893 0.15769652
v -0.15779749 0.004364893 -0.051138
v -0.16737738 -0.0011131465 -0.035628438
v -0.16293013 -0.0011237711 -0.052965775
v -0.16207999 0.004364893 -0.034693286
v -0.16748896 -0.0150446445 -0.035702825
v -0.16273886 -0.015049964 -0.052944526
v -0.16293013 -0.0011237711 -0.052965775
v -0.16737738 -0.0011131465 -0.035628438
v 0.07554205 0.004364893 -0.14765435
v 0.07784271 -0.0011131465 -0.15259574
v 0.09343198 -0.001060009 -0.14381284
v 0.09031306 0.004364893 -0.1392912
v -0.17031565 -0.0011503398 -0.035846278
v -0.17035815 -0.015395328 -0.03579314
v -0.16748896 -0.0150446445 -0.035702825
v -0.16737738 -0.0011131465 -0.035628438
v -0.16207999 0.004364893 -0.034693286
v -0.16542739 0.004364893 -0.033896297
v -0.17035815 -0.015395328 -0.03579314
v -0.16558146 -0.015331566 -0.054140016
v -0.16748896 -0.0150446445 -0.035702825
v -0.16273886 -0.015049964 -0.052944526
v -0.16556555 -0.015273124 0.054049686
v -0.17035815 -0.015453771 0.0357347
v -0.16748366 -0.015055284 0.035644367
v -0.16273886 -0.015049964 0.052880764
v -0.17035815 -0.015453771 0.0357347
v -0.17032096 -0.0011450201 0.035777196
v -0.16748366 -0.015055284 0.035644367
v -0.16737738 -0.0011131465 0.03556998
v -0.16214907 0.004364893 0.034656093
v -0.16542208 0.004364893 0.033827215
v -0.16214907 0.004364893 0.034656093
v -0.16293013 -0.0011184514 0.052902013
v -0.16737738 -0.0011131465 0.03556998
v -0.15761682 0.004364893 0.051015794
v -0.16293013 -0.0011184514 0.052902013
v -0.16748366 -0.015055284 0.035644367
v -0.16737738 -0.0011131465 0.03556998
v -0.16273886 -0.015049964 0.052880764
v -0.008822754 -0.0010546893 0.17114982
v -0.008387059 0.004364893 0.16565585
v 0.00858897 0.004364893 0.16553366
v 0.009067178 -0.0011131465 0.17095855
v -0.12296337 0.004364893 -0.11110406
v -0.12713966 -0.0011131465 -0.11460023
v -0.11462149 -0.001060009 -0.12738937
v -0.11105624 0.004364893 -0.12320779
v 0.1710967 -0.0011131465 -0.008992791
v 0.17128798 -0.0010546893 0.00890246
v 0.16567181 0.004364893 -0.008514583
v 0.16579401 0.004364893 0.008461446
v 0.07560581 0.004364893 0.1477181
v 0.09023336 0.004364893 0.13911054
v 0.07797024 -0.001060009 0.15268075
v 0.093362905 -0.0011131465 0.14356843
v 0.11117845 0.004364893 -0.12310153
v 0.114679925 -0.0011131465 -0.12727779
v 0.12746908 -0.001060009 -0.114759624
v 0.12328218 0.004364893 -0.11119439
v 0.17399246 -0.0011662692 0.00945504
v 0.1729351 -0.0010493845 0.022047594
v 0.16877478 0.004364893 0.010055453
v 0.16536364 0.004364893 0.034071624
v 0.17054412 -0.0011450201 0.035782516
v 0.13936558 0.004364893 0.09017491
v 0.1528189 -0.0011184514 0.07783207
v 0.14370656 -0.0011131465 0.093224764
v 0.14772874 0.004364893 0.0754039
v -0.09010053 0.004364893 0.13922745
v -0.07532951 0.004364893 0.1475906
v -0.07775238 -0.0011184514 0.15268606
v -0.09315038 -0.0011131465 0.14356843
v 0.11127409 0.004364893 0.12314403
v 0.12317592 0.004364893 0.111040294
v 0.11483401 -0.001060009 0.12733093
v 0.12735218 -0.0011131465 0.11454177
v 0.008599594 0.004364893 -0.16573556
v -0.008376434 0.004364893 -0.1655921
v 0.009035289 -0.0010546893 -0.17120828
v -0.0088546425 -0.0011131465 -0.17102231
v 0.14785627 0.004364893 -0.07553142
v 0.1392487 0.004364893 -0.09015898
v 0.14389253 -0.0011184514 -0.09335759
v 0.15267013 -0.0011131465 -0.07776301
v -0.075393274 0.004364893 -0.14778188
v -0.090020835 0.004364893 -0.13917431
v -0.07775238 -0.001060009 -0.15274452
v -0.09315038 -0.0011131465 -0.14363217
v -0.13903615 0.004364893 0.09009522
v -0.14349404 -0.0011131465 0.093224764
v -0.15260637 -0.001060009 0.07782677
v -0.14764372 0.004364893 0.07546766
v -0.034576386 0.004364893 -0.16228722
v -0.052827626 -0.0011184514 -0.16306828
v -0.03549029 -0.0011131465 -0.16751553
v -0.050936088 0.004364893 -0.15775497
v 0.15801 0.004364893 0.051074237
v 0.16758992 -0.0011131465 0.03556998
v 0.16314267 -0.0011237711 0.052902013
v 0.16229784 0.004364893 0.034634843
v -0.05099985 0.004364893 0.15787184
v -0.03549029 -0.0011131465 0.16745177
v -0.052827626 -0.0011237711 0.16300452
v -0.034555137 0.004364893 0.16215971
v -0.12987068 0.00013017654 0.11604014
v -0.12306434 0.004364893 0.11113593
v -0.12725124 -0.001060009 0.11469588
v -0.12713966 -0.015049964 0.11454177
v -0.12955189 -0.015315637 0.11644393
v -0.12306434 0.004364893 0.11113593
v -0.11096591 0.004364893 0.123037755
v -0.12725124 -0.001060009 0.11469588
v -0.11446208 -0.0011131465 0.12721404
v -0.05398062 -0.015320942 0.16565585
v -0.05408688 -0.0011450201 0.16547522
v -0.052806377 -0.015049964 0.16281325
v -0.052827626 -0.0011237711 0.16300452
v -0.05099985 0.004364893 0.15787184
v -0.052987024 0.004364893 0.16013533
v -0.05398062 -0.015320942 0.16565585
v -0.052806377 -0.015049964 0.16281325
v -0.035564676 -0.0150446445 0.16756335
v -0.0355753 -0.015390024 0.17044848
v -0.12955189 -0.015315637 0.11644393
v -0.12713966 -0.015049964 0.11454177
v -0.11457896 -0.0150446445 0.12727249
v -0.116034806 -0.015379384 0.12969536
v 0.16561867 -0.0011450201 -0.054219723
v 0.16579401 -0.015273124 -0.054113455
v 0.16295138 -0.015049964 -0.052944526
v 0.16314799 -0.0011184514 -0.052965775
v 0.15783466 0.004364893 -0.051074237
v 0.16039038 0.004364893 -0.0534546
v 0.16579401 -0.015273124 -0.054113455
v 0.1677015 -0.015055284 -0.035702825
v 0.16295138 -0.015049964 -0.052944526
v 0.17057599 -0.015453771 -0.03579846
v 0.17398714 -0.026133537 0.009486929
v 0.17399246 -0.0011662692 0.00945504
v 0.1710967 -0.025798798 0.008929029
v 0.17128798 -0.0010546893 0.00890246
v 0.16579401 0.004364893 0.008461446
v 0.16877478 0.004364893 0.010055453
v -0.16558146 -0.015331566 -0.054140016
v -0.16540083 -0.0011450201 -0.054225035
v -0.16273886 -0.015049964 -0.052944526
v -0.16293013 -0.0011237711 -0.052965775
v -0.15779749 0.004364893 -0.051138
v -0.16006094 0.004364893 -0.053125173
v -0.11633235 -0.015320942 -0.1297166
v -0.11612514 -0.0011450201 -0.1297166
v -0.11446208 -0.015049964 -0.12727779
v -0.11462149 -0.001060009 -0.12738937
v -0.11105624 0.004364893 -0.12320779
v -0.11197543 0.004364893 -0.12644891
v 0.11651833 -0.015336886 0.12967941
v 0.11634299 -0.0011450201 0.12965816
v 0.114679925 -0.015049964 0.12721404
v 0.11483401 -0.001060009 0.12733093
v 0.11127409 0.004364893 0.12314403
v 0.112193294 0.004364893 0.12638515
v 0.054294102 -0.0011450201 0.16548052
v 0.054219723 -0.015299693 0.16563994
v 0.053018913 -0.015049964 0.16281325
v 0.05304016 -0.0011184514 0.16300982
v 0.051153935 0.004364893 0.15769652
v 0.05319956 0.004364893 0.16013533
v 0.16577807 -0.01535283 0.054081574
v 0.16561335 -0.0011450201 0.054166585
v 0.16295138 -0.015049964 0.052880764
v 0.16314267 -0.0011237711 0.052902013
v 0.15801 0.004364893 0.051074237
v 0.16038506 0.004364893 0.053412095
v 0.05415596 -0.015384704 -0.16577807
v 0.053018913 -0.015049964 -0.162877
v 0.03577721 -0.0150446445 -0.16762711
v 0.035787836 -0.015395328 -0.17052285
v 0.03595254 -0.0011875331 -0.17048036
v 0.035787836 -0.015395328 -0.17052285
v 0.03577721 -0.0150446445 -0.16762711
v 0.03570813 -0.0011131465 -0.16751553
v 0.034772992 0.004364893 -0.16221815
v 0.033970684 0.004364893 -0.16556023
v -0.16540083 -0.0011450201 0.05415596
v -0.16556555 -0.015273124 0.054049686
v -0.16273886 -0.015049964 0.052880764
v -0.16293013 -0.0011184514 0.052902013
v -0.15761682 0.004364893 0.051015794
v -0.16017783 0.004364893 0.05339615
v 0.051212385 0.004364893 -0.15793562
v 0.03570813 -0.0011131465 -0.16751553
v 0.05304016 -0.0011237711 -0.16306828
v 0.034772992 0.004364893 -0.16221815
v 0.09532352 -0.026154786 -0.14589034
v 0.09525976 -0.0011450201 -0.1458744
v 0.093362905 -0.025798798 -0.14363217
v 0.09343198 -0.001060009 -0.14381284
v 0.09031306 0.004364893 -0.1392912
v 0.0928422 0.004364893 -0.14099677
v 0.05415596 -0.015384704 -0.16577807
v 0.05429942 -0.0011450201 -0.16553366
v 0.053018913 -0.015049964 -0.162877
v 0.05304016 -0.0011237711 -0.16306828
v 0.051212385 0.004364893 -0.15793562
v 0.05319956 0.004364893 -0.16019909
v 0.1623616 0.004364893 -0.034714535
v 0.15783466 0.004364893 -0.051074237
v 0.16314799 -0.0011184514 -0.052965775
v 0.16758992 -0.0011131465 -0.035628438
v -0.11617297 -0.001214087 0.12968472
v -0.116034806 -0.015379384 0.12969536
v -0.11457896 -0.0150446445 0.12727249
v -0.11446208 -0.0011131465 0.12721404
v -0.11096591 0.004364893 0.123037755
v -0.111991376 0.004364893 0.12637985
v -0.15526834 -0.026186675 0.078671604
v -0.1552152 -0.0011450201 0.07870346
v -0.1524576 -0.025798798 0.07770458
v -0.15260637 -0.001060009 0.07782677
v -0.14764372 0.004364893 0.07546766
v -0.15068826 0.004364893 0.0756802
v 0.17057599 -0.015453771 -0.03579846
v 0.1705335 -0.0011450201 -0.03584096
v 0.1677015 -0.015055284 -0.035702825
v 0.16758992 -0.0011131465 -0.035628438
v 0.1623616 0.004364893 -0.034714535
v 0.16563992 0.004364893 -0.033885658
v -0.0357347 -0.0011875331 0.1704219
v -0.0355753 -0.015390024 0.17044848
v -0.035564676 -0.0150446445 0.16756335
v -0.03549029 -0.0011131465 0.16745177
v -0.034555137 0.004364893 0.16215971
v -0.03375815 0.004364893 0.16549647
v -0.00934878 -0.0012300313 -0.17396589
v -0.00946036 -0.026154786 -0.1738543
v -0.008844018 -0.025782853 -0.17115514
v -0.0088546425 -0.0011131465 -0.17102231
v -0.008376434 0.004364893 -0.1655921
v -0.009970427 0.004364893 -0.16869508
v 0.12983349 -0.015304998 -0.11626329
v 0.12978569 -0.0011450201 -0.11626329
v 0.12735218 -0.015049964 -0.11460023
v 0.12746908 -0.001060009 -0.114759624
v 0.12328218 0.004364893 -0.11119439
v 0.12616731 0.004364893 -0.112193294
v -0.05407095 -0.001214087 -0.1655921
v -0.054124072 -0.015294373 -0.16545928
v -0.052806377 -0.015049964 -0.162877
v -0.052827626 -0.0011184514 -0.16306828
v -0.050936088 0.004364893 -0.15775497
v -0.053321764 0.004364893 -0.16031599
v -0.07861313 -0.0011875331 0.15533209
v -0.07860783 -0.02616541 0.15535867
v -0.07762486 -0.025798798 0.15253198
v -0.07775238 -0.0011184514 0.15268606
v -0.07532951 0.004364893 0.1475906
v -0.075499535 0.004364893 0.15107614
v -0.09509504 -0.0011609644 -0.1458744
v -0.09514287 -0.026271686 -0.14585845
v -0.09317693 -0.025804117 -0.1437597
v -0.09315038 -0.0011131465 -0.14363217
v -0.090020835 0.004364893 -0.13917431
v -0.09262967 0.004364893 -0.14099677
v -0.025756285 0.1307899 0.014901191
v -0.025756285 0.1307899 -0.014964953
v -0.029757217 0.1307899 -2.9221177E-05
v -0.014826804 0.1307899 0.025830671
v -0.014826804 0.1307899 -0.025894433
v 0.00010892749 0.1307899 0.029836923
v 0.00010892749 0.1307899 -0.029895365
v 0.01503934 0.1307899 0.025830671
v 0.01503934 0.1307899 -0.025894433
v 0.02596882 0.1307899 0.014901191
v 0.02596882 0.1307899 -0.014964953
v 0.029969752 0.1307899 -2.9221177E-05
v -0.021898821 0.10750696 -0.080228396
v -0.021776617 0.10695967 -0.09510036
v -0.02179256 0.06807685 -0.09510568
v -0.021882892 0.041111767 -0.08006368
v -0.021765992 0.04118085 -0.11380322
v -0.021712855 0.068029016 -0.1137501
v -0.062566936 0.05612719 -0.11211891
v -0.033736885 0.05612719 -0.12390915
v -0.033736885 0.05612719 -0.10207675
v -0.06095168 0.05612719 -0.08852248
v -0.08770421 0.05612719 -0.09373484
v -0.08327824 0.05612719 -0.06789619
v -0.10767698 0.05612719 -0.06984086
v -0.09894189 0.05612719 -0.04183969
v -0.121316254 0.05612719 -0.04183969
v -0.10767698 0.05612719 0.06978242
v -0.121316254 0.05612719 0.041781247
v -0.09894189 0.05612719 0.041781247
v -0.08327824 0.05612719 0.067832425
v -0.08770421 0.05612719 0.09367639
v -0.06095168 0.05612719 0.08846402
v -0.062566936 0.05612719 0.11205515
v -0.033736885 0.05612719 0.1020183
v -0.033736885 0.05612719 0.1238454
v 0.10789482 0.05612719 -0.06984086
v 0.12152879 0.05612719 -0.04183969
v 0.09915973 0.05612719 -0.04183969
v 0.08349608 0.05612719 -0.06789619
v 0.08791676 0.05612719 -0.09373484
v 0.061164223 0.05612719 -0.08852248
v 0.06277947 0.05612719 -0.11211891
v 0.03395474 0.05612719 -0.10207675
v 0.03395474 0.05612719 -0.12390915
v 0.0220104 0.107390046 0.08120605
v 0.021994472 0.10695967 0.0950419
v 0.0220104 0.06807685 0.095047235
v 0.022116676 0.04109052 0.08003181
v 0.021983847 0.04118085 0.11373946
v 0.02193071 0.06805028 0.11367038
v 0.021978527 0.04119678 -0.11362789
v 0.021951959 0.068060905 -0.11380854
v 0.0220104 0.06807685 -0.09510568
v 0.022074163 0.041138336 -0.08007962
v 0.022090107 0.10778856 -0.08029747
v 0.021994472 0.106965005 -0.09510036
v 0.014858678 0.039379627 -0.117559746
v 0.018758655 0.06806621 -0.11717187
v 0.019263417 0.041356176 -0.116938084
v 0.0080682635 0.03621821 -0.11823453
v 0.0023777038 0.068082154 -0.11851614
v -0.007850423 0.03621821 -0.118362054
v -0.009200007 0.06807685 -0.11818671
v -0.008663356 0.0365742 -0.11820266
v -0.018997759 0.041414633 -0.11698059
v -0.019040257 0.068060905 -0.11684245
v -0.014678031 0.03940089 0.117464095
v -0.018588632 0.06801839 0.11706561
v -0.019003063 0.04139337 0.116906196
v -0.007850423 0.03621821 0.1182664
v -0.002218306 0.068082154 0.11845237
v 0.0080682635 0.03621821 0.11819735
v 0.009391278 0.06807685 0.11812827
v 0.008865267 0.036606073 0.118144214
v 0.019210294 0.041414633 0.11692214
v 0.019274056 0.06801839 0.11677867
v -0.021760672 0.04119678 0.11357474
v -0.021728799 0.06806621 0.11380324
v -0.02179256 0.06807685 0.095047235
v -0.021882892 0.041111767 0.08008492
v -0.021866947 0.10825083 0.08012745
v -0.021728799 0.10783106 0.09505254
v 0.1267996 0.0045933574 -0.041829064
v 0.12681553 0.03621821 -0.041813135
v 0.11331972 0.004364893 -0.07057942
v 0.11402638 0.051153928 -0.06943705
v 0.093453236 0.004364893 -0.09532352
v 0.12837234 0.051153928 -0.036680475
v 0.09149262 0.051153928 -0.097209744
v 0.06830531 0.004364893 -0.11467461
v 0.062391594 0.051153928 -0.11799012
v 0.13121496 0.03621821 -0.0246405
v 0.12837234 0.06611623 -0.036680475
v 0.039299935 0.004364893 -0.12753814
v 0.13141155 0.066084355 -0.023556575
v 0.02881676 0.051153928 -0.13030107
v 0.13321808 0.03621821 -0.0062086135
v 0.021936014 0.040341333 -0.13173567
v 0.028774261 0.06667413 -0.13026918
v 0.008073583 0.004364893 -0.13319151
v 0.00010892749 0.066084355 -0.1334253
v 0.008073583 0.03621821 -0.13319151
v -0.007855728 0.004364893 -0.13319151
v -0.0078716725 0.03623946 -0.1335103
v -0.02857235 0.06667943 -0.13025856
v -0.028110087 0.05110611 -0.13052423
v -0.03908208 0.004364893 -0.12753814
v -0.06217906 0.051153928 -0.11799012
v -0.06809278 0.004364893 -0.11467461
v -0.09128007 0.051153928 -0.097209744
v -0.09324071 0.004364893 -0.09532352
v -0.11380854 0.051153928 -0.06943705
v -0.113107175 0.004364893 -0.07057942
v -0.12659237 0.0043755174 -0.041829064
v -0.12661895 0.03621821 -0.04181844
v -0.12815449 0.051153928 -0.036680475
v -0.13185787 0.03621821 -0.018514246
v -0.13119903 0.066084355 -0.023556575
v -0.12815449 0.06611623 -0.036680475
v -0.13165596 0.09099847 -0.011787593
v -0.13094929 0.09107819 -0.023620337
v -0.1092391 0.11731532 -0.023200586
v -0.13300022 0.03621821 0.0061501563
v -0.110360205 0.1185002 0.0020961016
v -0.104138315 0.12069461 -0.022185743
v -0.13317025 0.091035664 0.0060970336
v -0.13119903 0.066084355 0.023492813
v -0.13099712 0.03621821 0.024582043
v -0.13088554 0.09103036 0.023604393
v -0.12815449 0.06611623 0.036616713
v -0.1093241 0.117171854 0.02321653
v -0.12815449 0.051153928 0.036622018
v -0.10496187 0.12064147 0.02193071
v -0.126603 0.03621821 0.041754678
v -0.11380854 0.051153928 0.0693786
v -0.09787923 0.12085399 -0.0035625845
v -0.095169425 0.12087524 0.021776617
v -0.09496221 0.120838046 -0.02193071
v -0.113107175 0.004364893 0.07051565
v -0.12658706 0.0043755174 0.041765302
v -0.09324071 0.004364893 0.095259756
v -0.09128007 0.051153928 0.097145975
v -0.06809278 0.004364893 0.114616156
v -0.06217906 0.051153928 0.117931664
v -0.03908208 0.004364893 0.1274797
v -0.028604224 0.051153928 0.13023731
v -0.02125591 0.042758897 0.13173565
v -0.028561726 0.0667007 0.13020542
v -0.007855728 0.004364893 0.13312775
v 0.00010892749 0.066084355 0.13336685
v -0.007855728 0.03621821 0.1331437
v 0.008073583 0.004364893 0.13312775
v 0.008057639 0.03621821 0.13325527
v 0.017276242 0.046988294 0.13233608
v 0.028784886 0.066706 0.13019481
v 0.028784886 0.051143304 0.13025326
v 0.039299935 0.004364893 0.1274797
v 0.062391594 0.051153928 0.117931664
v 0.06830531 0.004364893 0.114616156
v 0.09149262 0.051153928 0.097145975
v 0.093453236 0.004364893 0.095259756
v 0.11402638 0.051153928 0.0693786
v 0.11331972 0.004364893 0.07051565
v 0.12681022 0.0045933574 0.041770622
v 0.12683147 0.03621821 0.041754678
v 0.12837234 0.051153928 0.036622018
v 0.1320704 0.03621821 0.018455803
v 0.13141155 0.066084355 0.023492813
v 0.12837234 0.06611623 0.036616713
v 0.13187382 0.09099847 0.011729136
v 0.13116182 0.09107819 0.023556575
v 0.10945162 0.11731532 0.023136824
v 0.1333881 0.091035664 -0.006155476
v 0.13110338 0.09103036 -0.02366285
v 0.10954195 0.117171854 -0.023280293
v 0.11057273 0.1185002 -0.002154544
v 0.104356155 0.12068927 0.0221273
v 0.10517441 0.12064147 -0.021989152
v 0.09808645 0.12085399 0.003488183
v 0.09539259 0.120869935 -0.021835074
v 0.095174745 0.120838046 0.021872252
v 0.06277947 0.05612719 0.11205515
v 0.03395474 0.05612719 0.1238454
v 0.03395474 0.05612719 0.1020183
v 0.061164223 0.05612719 0.08846402
v 0.08791676 0.05612719 0.09367639
v 0.08349608 0.05612719 0.067832425
v 0.10789482 0.05612719 0.06978242
v 0.09915973 0.05612719 0.041781247
v 0.12152879 0.05612719 0.041781247
v -0.12392509 0.07117982 0.029720023
v -0.09694409 0.07106292 0.03879516
v -0.12230453 0.07106292 0.03879516
v -0.092767805 0.07106292 0.029836923
v -0.07784802 0.07106292 0.05862446
v -0.08133888 0.07106292 0.06548394
v -0.054320663 0.07106292 0.08093506
v -0.058613822 0.07106292 0.08643967
v -0.024778634 0.07106292 0.094298035
v -0.030750811 0.07106292 0.09983984
v -0.024693623 0.07105762 0.11429736
v -0.030750811 0.07106292 0.12462646
v -0.020437658 0.07105762 0.11960006
v -0.00013548136 0.07106292 0.121619105
v 0.00010892749 0.07106292 0.12838829
v 0.030968651 0.07106292 0.12462646
v 0.02050674 0.07105762 0.11962661
v 0.024900854 0.07105762 0.11449927
v 0.030968651 0.07106292 0.09983984
v 0.02499649 0.07106292 0.094298035
v 0.058831677 0.07106292 0.08643967
v 0.05453852 0.07106292 0.08093506
v 0.08155672 0.07106292 0.06548394
v 0.07806587 0.07106292 0.05862446
v 0.09716193 0.07106292 0.03879516
v 0.09298035 0.07106292 0.029836923
v 0.12414825 0.07117982 0.029725343
v 0.122517064 0.07106292 0.03879516
v 0.124137625 0.07117982 -0.029783785
v 0.09716193 0.07106292 -0.038853616
v 0.122517064 0.07106292 -0.038853616
v 0.09298035 0.07106292 -0.029895365
v 0.07806587 0.07106292 -0.058682904
v 0.08155672 0.07106292 -0.06554239
v 0.05453852 0.07106292 -0.08099351
v 0.058831677 0.07106292 -0.08650342
v 0.02499649 0.07106292 -0.09436181
v 0.030968651 0.07106292 -0.0999036
v 0.024911478 0.07105762 -0.11435582
v 0.030963346 0.07105762 -0.12473803
v 0.020650193 0.07105762 -0.11966382
v 0.000448972 0.07106292 -0.1216935
v 0.00010892749 0.07106292 -0.12844673
v -0.030750811 0.07105762 -0.12473803
v -0.020437658 0.07105762 -0.1196585
v -0.024693623 0.07105762 -0.11435582
v -0.030750811 0.07106292 -0.0999036
v -0.024778634 0.07106292 -0.09436181
v -0.058613822 0.07106292 -0.08650342
v -0.054320663 0.07106292 -0.08099351
v -0.08133888 0.07106292 -0.06554239
v -0.07784802 0.07106292 -0.058682904
v -0.09694409 0.07106292 -0.038853616
v -0.092767805 0.07106292 -0.029895365
v -0.123930395 0.07117982 -0.029783785
v -0.12230453 0.07106292 -0.038853616
v -0.14736211 0.0043755174 -0.041829064
v -0.13256985 0.004364893 -0.0768385
v -0.12659237 0.0043755174 -0.041829064
v -0.113107175 0.004364893 -0.07057942
v -0.1096057 0.004364893 -0.10711376
v -0.09324071 0.004364893 -0.09532352
v -0.06809278 0.004364893 -0.11467461
v -0.07989365 0.004364893 -0.13080584
v -0.03908208 0.004364893 -0.12753814
v -0.045272097 0.004364893 -0.14646949
v -0.007855728 0.004364893 -0.13319151
v -0.007855728 0.004364893 -0.15313238
v 0.008073583 0.004364893 -0.13319151
v 0.008073583 0.004364893 -0.15313238
v 0.045484632 0.004364893 -0.14646949
v 0.039299935 0.004364893 -0.12753814
v 0.0801115 0.004364893 -0.13080584
v 0.06830531 0.004364893 -0.11467461
v 0.10981824 0.004364893 -0.10711376
v 0.093453236 0.004364893 -0.09532352
v 0.11331972 0.004364893 -0.07057942
v 0.1327877 0.004364893 -0.0768385
v 0.1267996 0.0045933574 -0.041829064
v 0.14776063 0.0045933574 -0.041829064
v 0.14777125 0.0045933574 0.041770622
v 0.1327877 0.004364893 0.076774746
v 0.12681022 0.0045933574 0.041770622
v 0.11331972 0.004364893 0.07051565
v 0.10981824 0.004364893 0.10705
v 0.093453236 0.004364893 0.095259756
v 0.06830531 0.004364893 0.114616156
v 0.0801115 0.004364893 0.13074738
v 0.039299935 0.004364893 0.1274797
v 0.045484632 0.004364893 0.14640573
v 0.008073583 0.004364893 0.13312775
v 0.008073583 0.004364893 0.15306863
v -0.007855728 0.004364893 0.13312775
v -0.007855728 0.004364893 0.15306863
v -0.045272097 0.004364893 0.14640573
v -0.03908208 0.004364893 0.1274797
v -0.07989365 0.004364893 0.13074738
v -0.06809278 0.004364893 0.114616156
v -0.1096057 0.004364893 0.10705
v -0.09324071 0.004364893 0.095259756
v -0.113107175 0.004364893 0.07051565
v -0.13256985 0.004364893 0.076774746
v -0.12658706 0.0043755174 0.041765302
v -0.1473515 0.0043755174 0.041765302
v 0.03395474 0.06807685 0.1238507
v 0.03395474 0.06807685 0.1020183
v 0.03395474 0.05612719 0.1020183
v 0.03395474 0.05612719 0.1238454
v 0.061164223 0.05612719 0.08846402
v 0.03395474 0.05612719 0.1020183
v 0.03395474 0.06807685 0.1020183
v 0.061164223 0.06807685 0.08846402
v 0.08349608 0.05612719 0.067832425
v 0.08349608 0.06807685 0.067832425
v 0.09915973 0.06807685 0.041781247
v 0.09915973 0.05612719 0.041781247
v -0.06095168 0.05612719 -0.08852248
v -0.033736885 0.05612719 -0.10207675
v -0.033736885 0.06807685 -0.10207675
v -0.06095168 0.06807685 -0.08852248
v -0.08327824 0.05612719 -0.06789619
v -0.08327824 0.06807685 -0.06789619
v -0.09894189 0.06807685 -0.04183969
v -0.09894189 0.05612719 -0.04183969
v -0.033736885 0.06807685 -0.12390384
v -0.033736885 0.06807685 -0.10207675
v -0.033736885 0.05612719 -0.10207675
v -0.033736885 0.05612719 -0.12390915
v 0.03395474 0.05612719 -0.10207675
v 0.03395474 0.06807685 -0.10207675
v 0.03395474 0.06807685 -0.12390384
v 0.03395474 0.05612719 -0.12390915
v -0.033736885 0.05612719 0.1020183
v -0.033736885 0.06807685 0.1020183
v -0.033736885 0.06807685 0.1238507
v -0.033736885 0.05612719 0.1238454
v -0.0176588 0.11088091 0.08383083
v -0.018004164 0.11084902 0.09586015
v 0.00016736984 0.110907465 0.09779951
v 0.018338904 0.11084372 0.08428776
v 0.019231543 0.11075869 0.095695436
v 0.061164223 0.05612719 -0.08852248
v 0.03395474 0.06807685 -0.10207675
v 0.03395474 0.05612719 -0.10207675
v 0.061164223 0.06807685 -0.08852248
v 0.08349608 0.05612719 -0.06789619
v 0.08349608 0.06807685 -0.06789619
v 0.09915973 0.06807685 -0.04183969
v 0.09915973 0.05612719 -0.04183969
v -0.06095168 0.05612719 0.08846402
v -0.033736885 0.06807685 0.1020183
v -0.033736885 0.05612719 0.1020183
v -0.06095168 0.06807685 0.08846402
v -0.08327824 0.05612719 0.067832425
v -0.08327824 0.06807685 0.067832425
v -0.09894189 0.06807685 0.041781247
v -0.09894189 0.05612719 0.041781247
v 0.1215341 0.06807685 -0.04183969
v 0.09915973 0.06807685 -0.04183969
v 0.09915973 0.05612719 -0.04183969
v 0.12152879 0.05612719 -0.04183969
v -0.121316254 0.06807685 0.041781247
v -0.09894189 0.06807685 0.041781247
v -0.09894189 0.05612719 0.041781247
v -0.121316254 0.05612719 0.041781247
v -0.13256985 -0.010570839 -0.0768385
v -0.14736211 0.0043755174 -0.041829064
v -0.14736211 -0.010491148 -0.041829064
v -0.13256985 0.004364893 -0.0768385
v -0.1096057 0.004364893 -0.10711376
v -0.1096057 -0.010570839 -0.10711376
v -0.07989365 0.004364893 -0.13080584
v -0.07989365 -0.010570839 -0.13080584
v -0.045272097 0.004364893 -0.14646949
v -0.045272097 -0.010570839 -0.14646949
v -0.007855728 0.004364893 -0.15313238
v -0.007855728 -0.010570839 -0.15313238
v 0.008073583 0.004364893 -0.15313238
v 0.008073583 -0.010570839 -0.15313238
v 0.045484632 -0.010570839 -0.14646949
v 0.045484632 0.004364893 -0.14646949
v 0.0801115 0.004364893 -0.13080584
v 0.0801115 -0.010570839 -0.13080584
v 0.10981824 0.004364893 -0.10711376
v 0.10981824 -0.010570839 -0.10711376
v 0.1327877 0.004364893 -0.0768385
v 0.1327877 -0.010570839 -0.0768385
v 0.14776063 0.0045933574 -0.041829064
v 0.14776063 -0.010294542 -0.041829064
v 0.1327877 -0.010570839 0.076774746
v 0.14777125 0.0045933574 0.041770622
v 0.14777125 -0.010294542 0.041770622
v 0.1327877 0.004364893 0.076774746
v 0.10981824 0.004364893 0.10705
v 0.10981824 -0.010570839 0.10705
v 0.0801115 0.004364893 0.13074738
v 0.0801115 -0.010570839 0.13074738
v 0.045484632 0.004364893 0.14640573
v 0.045484632 -0.010570839 0.14640573
v 0.008073583 0.004364893 0.15306863
v 0.008073583 -0.010570839 0.15306863
v -0.007855728 0.004364893 0.15306863
v -0.007855728 -0.010570839 0.15306863
v -0.045272097 -0.010570839 0.14640573
v -0.045272097 0.004364893 0.14640573
v -0.07989365 0.004364893 0.13074738
v -0.07989365 -0.010570839 0.13074738
v -0.1096057 0.004364893 0.10705
v -0.1096057 -0.010570839 0.10705
v -0.13256985 0.004364893 0.076774746
v -0.13256985 -0.010570839 0.076774746
v -0.1473515 0.0043755174 0.041765302
v -0.1473515 -0.010491148 0.041765302
v -0.09894189 0.05612719 -0.04183969
v -0.09894189 0.06807685 -0.04183969
v -0.121316254 0.05612719 -0.04183969
v -0.121316254 0.06807685 -0.04183969
v 0.09915973 0.05612719 0.041781247
v 0.09915973 0.06807685 0.041781247
v 0.12152879 0.05612719 0.041781247
v 0.1215341 0.06807685 0.041781247
v 0.12363286 0.08855966 -0.029895365
v 0.09298035 0.07106292 -0.029895365
v 0.124137625 0.07117982 -0.029783785
v 0.10275153 0.11283621 -0.029895365
v 0.09298035 0.112873405 -0.029895365
v -0.12341502 0.08855966 0.029836923
v -0.092767805 0.07106292 0.029836923
v -0.12392509 0.07117982 0.029720023
v -0.102539 0.11283621 0.029836923
v -0.092767805 0.112873405 0.029836923
v 0.12363286 0.088591546 0.029836923
v 0.12414825 0.07117982 0.029725343
v 0.09298035 0.07106292 0.029836923
v 0.102852486 0.11282027 0.029836923
v 0.09298035 0.112873405 0.029836923
v -0.12342033 0.088591546 -0.029895365
v -0.123930395 0.07117982 -0.029783785
v -0.092767805 0.07106292 -0.029895365
v -0.10263464 0.11282027 -0.029895365
v -0.092767805 0.112873405 -0.029895365
v -0.028604224 0.051153928 0.13023731
v -0.033736885 0.05612719 0.1238454
v -0.028561726 0.0667007 0.13020542
v -0.033736885 0.06807685 0.1238507
v -0.030750811 0.07106292 0.12462646
v -0.06217906 0.051153928 0.117931664
v -0.033736885 0.05612719 0.1238454
v -0.028604224 0.051153928 0.13023731
v -0.062566936 0.05612719 0.11205515
v -0.09128007 0.051153928 0.097145975
v -0.08770421 0.05612719 0.09367639
v -0.10767698 0.05612719 0.06978242
v -0.11380854 0.051153928 0.0693786
v -0.121316254 0.05612719 0.041781247
v -0.12815449 0.051153928 0.036622018
v 0.02881676 0.051153928 -0.13030107
v 0.03395474 0.05612719 -0.12390915
v 0.028774261 0.06667413 -0.13026918
v 0.03395474 0.06807685 -0.12390384
v 0.030963346 0.07105762 -0.12473803
v 0.062391594 0.051153928 -0.11799012
v 0.03395474 0.05612719 -0.12390915
v 0.02881676 0.051153928 -0.13030107
v 0.06277947 0.05612719 -0.11211891
v 0.09149262 0.051153928 -0.097209744
v 0.08791676 0.05612719 -0.09373484
v 0.10789482 0.05612719 -0.06984086
v 0.11402638 0.051153928 -0.06943705
v 0.12152879 0.05612719 -0.04183969
v 0.12837234 0.051153928 -0.036680475
v -0.06217906 0.051153928 -0.11799012
v -0.028110087 0.05110611 -0.13052423
v -0.033736885 0.05612719 -0.12390915
v -0.062566936 0.05612719 -0.11211891
v -0.09128007 0.051153928 -0.097209744
v -0.08770421 0.05612719 -0.09373484
v -0.10767698 0.05612719 -0.06984086
v -0.11380854 0.051153928 -0.06943705
v -0.121316254 0.05612719 -0.04183969
v -0.12815449 0.051153928 -0.036680475
v -0.028110087 0.05110611 -0.13052423
v -0.02857235 0.06667943 -0.13025856
v -0.033736885 0.05612719 -0.12390915
v -0.033736885 0.06807685 -0.12390384
v -0.030750811 0.07105762 -0.12473803
v 0.12837234 0.051153928 0.036622018
v 0.12152879 0.05612719 0.041781247
v 0.12837234 0.06611623 0.036616713
v 0.1215341 0.06807685 0.041781247
v 0.122517064 0.07106292 0.03879516
v 0.12837234 0.051153928 0.036622018
v 0.11402638 0.051153928 0.0693786
v 0.12152879 0.05612719 0.041781247
v 0.10789482 0.05612719 0.06978242
v 0.09149262 0.051153928 0.097145975
v 0.08791676 0.05612719 0.09367639
v 0.06277947 0.05612719 0.11205515
v 0.062391594 0.051153928 0.117931664
v 0.03395474 0.05612719 0.1238454
v 0.028784886 0.051143304 0.13025326
v -0.12815449 0.051153928 -0.036680475
v -0.121316254 0.05612719 -0.04183969
v -0.12815449 0.06611623 -0.036680475
v -0.121316254 0.06807685 -0.04183969
v -0.12230453 0.07106292 -0.038853616
v -0.018381417 0.11085433 -0.0835811
v -4.516542E-05 0.11091277 -0.0978686
v -0.019003063 0.110774636 -0.095764525
v 0.009019345 0.11088091 -0.08539294
v 0.019109339 0.11075339 -0.09578046
v 0.017605662 0.11161414 -0.08112635
v -0.0035360157 0.11251208 -0.082986005
v -0.018381417 0.11085433 -0.0835811
v -0.018487677 0.11260772 -0.08066408
v -0.13094929 0.09107819 -0.023620337
v -0.13119903 0.066084355 -0.023556575
v -0.123930395 0.07117982 -0.029783785
v -0.12342033 0.088591546 -0.029895365
v -0.10263464 0.11282027 -0.029895365
v -0.1092391 0.11731532 -0.023200586
v -0.104138315 0.12069461 -0.022185743
v -0.09496221 0.120838046 -0.02193071
v -0.092767805 0.112873405 -0.029895365
v -0.13119903 0.066084355 -0.023556575
v -0.12815449 0.06611623 -0.036680475
v -0.123930395 0.07117982 -0.029783785
v -0.12230453 0.07106292 -0.038853616
v 0.13116182 0.09107819 0.023556575
v 0.13141155 0.066084355 0.023492813
v 0.12414825 0.07117982 0.029725343
v 0.12363286 0.088591546 0.029836923
v 0.102852486 0.11282027 0.029836923
v 0.10945162 0.11731532 0.023136824
v 0.104356155 0.12068927 0.0221273
v 0.095174745 0.120838046 0.021872252
v 0.09298035 0.112873405 0.029836923
v 0.13141155 0.066084355 0.023492813
v 0.12837234 0.06611623 0.036616713
v 0.12414825 0.07117982 0.029725343
v 0.122517064 0.07106292 0.03879516
v 0.028784886 0.051143304 0.13025326
v 0.028784886 0.066706 0.13019481
v 0.03395474 0.05612719 0.1238454
v 0.03395474 0.06807685 0.1238507
v 0.030968651 0.07106292 0.12462646
v -0.12815449 0.06611623 0.036616713
v -0.13119903 0.066084355 0.023492813
v -0.12392509 0.07117982 0.029720023
v -0.12230453 0.07106292 0.03879516
v -0.13119903 0.066084355 0.023492813
v -0.13088554 0.09103036 0.023604393
v -0.12392509 0.07117982 0.029720023
v -0.12341502 0.08855966 0.029836923
v -0.1093241 0.117171854 0.02321653
v -0.102539 0.11283621 0.029836923
v -0.10496187 0.12064147 0.02193071
v -0.095169425 0.12087524 0.021776617
v -0.092767805 0.112873405 0.029836923
v 0.12837234 0.06611623 -0.036680475
v 0.13141155 0.066084355 -0.023556575
v 0.124137625 0.07117982 -0.029783785
v 0.122517064 0.07106292 -0.038853616
v 0.13141155 0.066084355 -0.023556575
v 0.13110338 0.09103036 -0.02366285
v 0.124137625 0.07117982 -0.029783785
v 0.12363286 0.08855966 -0.029895365
v 0.10954195 0.117171854 -0.023280293
v 0.10275153 0.11283621 -0.029895365
v 0.10517441 0.12064147 -0.021989152
v 0.09539259 0.120869935 -0.021835074
v 0.09298035 0.112873405 -0.029895365
v 0.12837234 0.051153928 -0.036680475
v 0.12837234 0.06611623 -0.036680475
v 0.12152879 0.05612719 -0.04183969
v 0.1215341 0.06807685 -0.04183969
v 0.122517064 0.07106292 -0.038853616
v -0.12815449 0.051153928 0.036622018
v -0.12815449 0.06611623 0.036616713
v -0.121316254 0.05612719 0.041781247
v -0.121316254 0.06807685 0.041781247
v -0.12230453 0.07106292 0.03879516
v -0.0176588 0.11088091 0.08383083
v -0.021866947 0.10825083 0.08012745
v -0.018004164 0.11084902 0.09586015
v -0.021728799 0.10783106 0.09505254
v -0.030750811 0.07105762 -0.12473803
v -0.02857235 0.06667943 -0.13025856
v 0.00010892749 0.07106292 -0.12844673
v 0.00010892749 0.066084355 -0.1334253
v 0.028774261 0.06667413 -0.13026918
v 0.030963346 0.07105762 -0.12473803
v 0.00010892749 0.07106292 0.12838829
v 0.030968651 0.07106292 0.12462646
v 0.028784886 0.066706 0.13019481
v 0.00010892749 0.066084355 0.13336685
v -0.028561726 0.0667007 0.13020542
v -0.030750811 0.07106292 0.12462646
v -0.09894189 0.06807685 -0.04183969
v -0.09694409 0.07106292 -0.038853616
v -0.121316254 0.06807685 -0.04183969
v -0.12230453 0.07106292 -0.038853616
v -0.08133888 0.07106292 -0.06554239
v -0.09694409 0.07106292 -0.038853616
v -0.09894189 0.06807685 -0.04183969
v -0.08327824 0.06807685 -0.06789619
v -0.06095168 0.06807685 -0.08852248
v -0.058613822 0.07106292 -0.08650342
v -0.033736885 0.06807685 -0.10207675
v -0.030750811 0.07106292 -0.0999036
v 0.08155672 0.07106292 0.06548394
v 0.09716193 0.07106292 0.03879516
v 0.09915973 0.06807685 0.041781247
v 0.08349608 0.06807685 0.067832425
v 0.061164223 0.06807685 0.08846402
v 0.058831677 0.07106292 0.08643967
v 0.03395474 0.06807685 0.1020183
v 0.030968651 0.07106292 0.09983984
v 0.09915973 0.06807685 0.041781247
v 0.09716193 0.07106292 0.03879516
v 0.1215341 0.06807685 0.041781247
v 0.122517064 0.07106292 0.03879516
v -0.09694409 0.07106292 0.03879516
v -0.09894189 0.06807685 0.041781247
v -0.121316254 0.06807685 0.041781247
v -0.12230453 0.07106292 0.03879516
v -0.08133888 0.07106292 0.06548394
v -0.09894189 0.06807685 0.041781247
v -0.09694409 0.07106292 0.03879516
v -0.08327824 0.06807685 0.067832425
v -0.06095168 0.06807685 0.08846402
v -0.058613822 0.07106292 0.08643967
v -0.033736885 0.06807685 0.1020183
v -0.030750811 0.07106292 0.09983984
v 0.08155672 0.07106292 -0.06554239
v 0.09915973 0.06807685 -0.04183969
v 0.09716193 0.07106292 -0.038853616
v 0.08349608 0.06807685 -0.06789619
v 0.061164223 0.06807685 -0.08852248
v 0.058831677 0.07106292 -0.08650342
v 0.03395474 0.06807685 -0.10207675
v 0.030968651 0.07106292 -0.0999036
v 0.09716193 0.07106292 -0.038853616
v 0.09915973 0.06807685 -0.04183969
v 0.1215341 0.06807685 -0.04183969
v 0.122517064 0.07106292 -0.038853616
v -0.033736885 0.06807685 -0.12390384
v -0.030750811 0.07106292 -0.0999036
v -0.033736885 0.06807685 -0.10207675
v -0.030750811 0.07105762 -0.12473803
v 0.030968651 0.07106292 -0.0999036
v 0.03395474 0.06807685 -0.12390384
v 0.03395474 0.06807685 -0.10207675
v 0.030963346 0.07105762 -0.12473803
v 0.03395474 0.06807685 0.1238507
v 0.030968651 0.07106292 0.09983984
v 0.03395474 0.06807685 0.1020183
v 0.030968651 0.07106292 0.12462646
v -0.030750811 0.07106292 0.09983984
v -0.033736885 0.06807685 0.1238507
v -0.033736885 0.06807685 0.1020183
v -0.030750811 0.07106292 0.12462646
v 0.0220104 0.107390046 0.08120605
v 0.018338904 0.11084372 0.08428776
v 0.019231543 0.11075869 0.095695436
v 0.021994472 0.10695967 0.0950419
v 0.017605662 0.11161414 -0.08112635
v 0.022090107 0.10778856 -0.08029747
v 0.019109339 0.11075339 -0.09578046
v 0.021994472 0.106965005 -0.09510036
v -0.024778634 0.07106292 -0.09436181
v -0.02179256 0.06807685 -0.09510568
v -0.021776617 0.10695967 -0.09510036
v -0.030038819 0.1278038 -0.09281564
v -0.054320663 0.07106292 -0.08099351
v -0.019003063 0.110774636 -0.095764525
v -0.057237685 0.1278038 -0.07895851
v -0.07784802 0.07106292 -0.058682904
v 0.00010892749 0.1278038 -0.09758699
v -4.516542E-05 0.11091277 -0.0978686
v 0.019109339 0.11075339 -0.09578046
v -0.07882038 0.1278038 -0.057375826
v -0.092767805 0.07106292 -0.029895365
v -0.092767805 0.112873405 -0.029895365
v 0.030256674 0.1278038 -0.09281564
v -0.092677474 0.1278038 -0.030176967
v -0.09496221 0.120838046 -0.02193071
v -0.09787923 0.12085399 -0.0035625845
v -0.097448856 0.1278038 -2.9221177E-05
v -0.095169425 0.12087524 0.021776617
v -0.092677474 0.1278038 0.030118525
v -0.092767805 0.112873405 0.029836923
v -0.07882038 0.1278038 0.05731207
v -0.092767805 0.07106292 0.029836923
v -0.07784802 0.07106292 0.05862446
v -0.057237685 0.1278038 0.078894764
v -0.054320663 0.07106292 0.08093506
v -0.030038819 0.1278038 0.09275186
v -0.024778634 0.07106292 0.094298035
v -0.021728799 0.10783106 0.09505254
v -0.02179256 0.06807685 0.095047235
v -0.018004164 0.11084902 0.09586015
v 0.00010892749 0.1278038 0.09752855
v 0.00016736984 0.110907465 0.09779951
v 0.019231543 0.11075869 0.095695436
v 0.030256674 0.1278038 0.09275186
v 0.021994472 0.10695967 0.0950419
v 0.02499649 0.07106292 0.094298035
v 0.0220104 0.06807685 0.095047235
v 0.05453852 0.07106292 0.08093506
v 0.057450213 0.1278038 0.078894764
v 0.07806587 0.07106292 0.05862446
v 0.0790329 0.1278038 0.05731207
v 0.09298035 0.07106292 0.029836923
v 0.09298035 0.112873405 0.029836923
v 0.092890024 0.1278038 0.030118525
v 0.095174745 0.120838046 0.021872252
v 0.09808645 0.12085399 0.003488183
v 0.097666696 0.1278038 -2.9221177E-05
v 0.09539259 0.120869935 -0.021835074
v 0.092890024 0.1278038 -0.030176967
v 0.09298035 0.112873405 -0.029895365
v 0.0790329 0.1278038 -0.057375826
v 0.09298035 0.07106292 -0.029895365
v 0.07806587 0.07106292 -0.058682904
v 0.057450213 0.1278038 -0.07895851
v 0.05453852 0.07106292 -0.08099351
v 0.02499649 0.07106292 -0.09436181
v 0.021994472 0.106965005 -0.09510036
v 0.0220104 0.06807685 -0.09510568
v -0.02179256 0.06807685 -0.09510568
v -0.024778634 0.07106292 -0.09436181
v -0.024693623 0.07105762 -0.11435582
v -0.021712855 0.068029016 -0.1137501
v -0.020437658 0.07105762 -0.1196585
v -0.019040257 0.068060905 -0.11684245
v -0.009200007 0.06807685 -0.11818671
v 0.000448972 0.07106292 -0.1216935
v 0.0023777038 0.068082154 -0.11851614
v 0.018758655 0.06806621 -0.11717187
v 0.020650193 0.07105762 -0.11966382
v 0.021951959 0.068060905 -0.11380854
v 0.024911478 0.07105762 -0.11435582
v 0.0220104 0.06807685 -0.09510568
v 0.02499649 0.07106292 -0.09436181
v 0.0220104 0.06807685 0.095047235
v 0.02499649 0.07106292 0.094298035
v 0.024900854 0.07105762 0.11449927
v 0.02193071 0.06805028 0.11367038
v 0.019274056 0.06801839 0.11677867
v 0.02050674 0.07105762 0.11962661
v -0.02179256 0.06807685 0.095047235
v -0.024693623 0.07105762 0.11429736
v -0.024778634 0.07106292 0.094298035
v -0.021728799 0.06806621 0.11380324
v -0.020437658 0.07105762 0.11960006
v -0.018588632 0.06801839 0.11706561
v -0.00013548136 0.07106292 0.121619105
v -0.002218306 0.068082154 0.11845237
v 0.009391278 0.06807685 0.11812827
v 0.02050674 0.07105762 0.11962661
v 0.019274056 0.06801839 0.11677867
v 0.021983847 0.04118085 0.11373946
v 0.02193071 0.06805028 0.11367038
v 0.019274056 0.06801839 0.11677867
v 0.019210294 0.041414633 0.11692214
v -0.021765992 0.04118085 -0.11380322
v -0.021712855 0.068029016 -0.1137501
v -0.019040257 0.068060905 -0.11684245
v -0.018997759 0.041414633 -0.11698059
v -0.019003063 0.04139337 0.116906196
v -0.018588632 0.06801839 0.11706561
v -0.021728799 0.06806621 0.11380324
v -0.021760672 0.04119678 0.11357474
v 0.019263417 0.041356176 -0.116938084
v 0.018758655 0.06806621 -0.11717187
v 0.021951959 0.068060905 -0.11380854
v 0.021978527 0.04119678 -0.11362789
v -0.0176588 0.11088091 0.08383083
v -0.008275479 0.11261305 0.08232185
v -0.018365473 0.11272994 0.080605626
v 0.018338904 0.11084372 0.08428776
v 0.0029037297 0.112559915 0.08265656
v 0.017812893 0.112682104 0.08088723
v -0.021898821 0.10750696 -0.080228396
v -0.019003063 0.110774636 -0.095764525
v -0.021776617 0.10695967 -0.09510036
v -0.018381417 0.11085433 -0.0835811
v -0.018487677 0.11260772 -0.08066408
v 0.023253724 0.10791075 0.07937294
v 0.0220104 0.107390046 0.08120605
v 0.022116676 0.04109052 0.08003181
v 0.018338904 0.11084372 0.08428776
v -0.13185787 0.03621821 -0.018514246
v -0.13185787 0.004386142 -0.018514246
v -0.12659237 0.0043755174 -0.041829064
v -0.12661895 0.03621821 -0.04181844
v -0.13099712 0.03621821 0.024582043
v -0.13099712 0.004386142 0.024582043
v -0.13300022 0.004386142 0.0061501563
v -0.13300022 0.03621821 0.0061501563
v -0.13300022 0.03621821 0.0061501563
v -0.13300022 0.004386142 0.0061501563
v -0.13185787 0.004386142 -0.018514246
v -0.13185787 0.03621821 -0.018514246
v -0.126603 0.03621821 0.041754678
v -0.12658706 0.0043755174 0.041765302
v -0.13099712 0.004386142 0.024582043
v -0.13099712 0.03621821 0.024582043
v -0.13185787 0.004386142 -0.018514246
v -0.15257448 0.004386142 -0.018514246
v -0.14736211 0.0043755174 -0.041829064
v -0.12659237 0.0043755174 -0.041829064
v -0.13099712 0.004386142 0.024582043
v -0.15171373 0.004386142 0.024582043
v -0.15371683 0.004386142 0.0061501563
v -0.13300022 0.004386142 0.0061501563
v -0.13300022 0.004386142 0.0061501563
v -0.15371683 0.004386142 0.0061501563
v -0.15257448 0.004386142 -0.018514246
v -0.13185787 0.004386142 -0.018514246
v -0.12658706 0.0043755174 0.041765302
v -0.1473515 0.0043755174 0.041765302
v -0.15171373 0.004386142 0.024582043
v -0.13099712 0.004386142 0.024582043
v -0.15257448 0.004386142 -0.018514246
v -0.15257448 -0.010411441 -0.018514246
v -0.14736211 -0.010491148 -0.041829064
v -0.14736211 0.0043755174 -0.041829064
v -0.15171373 0.004386142 0.024582043
v -0.15171373 -0.010411441 0.024582043
v -0.15371683 -0.010411441 0.0061501563
v -0.15371683 0.004386142 0.0061501563
v -0.15371683 0.004386142 0.0061501563
v -0.15371683 -0.010411441 0.0061501563
v -0.15257448 -0.010411441 -0.018514246
v -0.15257448 0.004386142 -0.018514246
v -0.1473515 0.0043755174 0.041765302
v -0.1473515 -0.010491148 0.041765302
v -0.15171373 -0.010411441 0.024582043
v -0.15171373 0.004386142 0.024582043
v 0.1320704 0.03621821 0.018455803
v 0.1320704 0.0048271418 0.018455803
v 0.12681022 0.0045933574 0.041770622
v 0.12683147 0.03621821 0.041754678
v 0.12681553 0.03621821 -0.041813135
v 0.1267996 0.0045933574 -0.041829064
v 0.13121496 0.0048271418 -0.0246405
v 0.13121496 0.03621821 -0.0246405
v 0.13121496 0.03621821 -0.0246405
v 0.13121496 0.0048271418 -0.0246405
v 0.13321808 0.0048271418 -0.0062086135
v 0.13321808 0.03621821 -0.0062086135
v 0.13321808 0.03621821 -0.0062086135
v 0.13321808 0.0048271418 -0.0062086135
v 0.1320704 0.0048271418 0.018455803
v 0.1320704 0.03621821 0.018455803
v 0.1320704 0.0048271418 0.018455803
v 0.15317489 0.0048271418 0.018455803
v 0.14777125 0.0045933574 0.041770622
v 0.12681022 0.0045933574 0.041770622
v 0.1267996 0.0045933574 -0.041829064
v 0.14776063 0.0045933574 -0.041829064
v 0.15231413 0.0048271418 -0.0246405
v 0.13121496 0.0048271418 -0.0246405
v 0.13121496 0.0048271418 -0.0246405
v 0.15231413 0.0048271418 -0.0246405
v 0.15431726 0.0048271418 -0.0062086135
v 0.13321808 0.0048271418 -0.0062086135
v 0.13321808 0.0048271418 -0.0062086135
v 0.15431726 0.0048271418 -0.0062086135
v 0.15317489 0.0048271418 0.018455803
v 0.1320704 0.0048271418 0.018455803
v 0.15317489 0.0048271418 0.018455803
v 0.15317489 -0.01001294 0.018455803
v 0.14777125 -0.010294542 0.041770622
v 0.14777125 0.0045933574 0.041770622
v 0.14776063 0.0045933574 -0.041829064
v 0.14776063 -0.010294542 -0.041829064
v 0.15231413 -0.01001294 -0.0246405
v 0.15231413 0.0048271418 -0.0246405
v 0.15231413 0.0048271418 -0.0246405
v 0.15231413 -0.01001294 -0.0246405
v 0.15431726 -0.01001294 -0.0062086135
v 0.15431726 0.0048271418 -0.0062086135
v 0.15431726 0.0048271418 -0.0062086135
v 0.15431726 -0.01001294 -0.0062086135
v 0.15317489 -0.01001294 0.018455803
v 0.15317489 0.0048271418 0.018455803
v 0.035649687 0.14074704 0.027238712
v 0.02499649 0.14074704 0.03721711
v 0.020017907 0.14572561 0.03445418
v 0.03459233 0.14572561 0.019879758
v 0.042525113 0.14074704 0.01436986
v 0.0399269 0.14572561 -2.9221177E-05
v 0.044905484 0.14074704 -2.9221177E-05
v 0.042525113 0.14074704 -0.014428303
v 0.03459233 0.14572561 -0.019938216
v 0.035649687 0.14074704 -0.027302474
v 0.020017907 0.14572561 -0.034517944
v 0.02499649 0.14074704 -0.037280872
v -0.035431832 0.14074704 -0.027302474
v -0.024778634 0.14074704 -0.037280872
v -0.019800067 0.14572561 -0.034517944
v -0.034379795 0.14572561 -0.019938216
v -0.042312577 0.14074704 -0.014428303
v -0.039714366 0.14572561 -2.9221177E-05
v -0.04468763 0.14074704 -2.9221177E-05
v -0.042312577 0.14074704 0.01436986
v -0.034379795 0.14572561 0.019879758
v -0.035431832 0.14074704 0.027238712
v -0.019800067 0.14572561 0.03445418
v -0.024778634 0.14074704 0.03721711
v 0.020017907 0.14572561 -0.04564935
v 9.830296E-05 0.1457097 -0.050537594
v 0.023120895 0.14075235 -0.049915932
v 5.0470233E-05 0.14074704 -0.054782927
v -0.02290304 0.14075235 -0.049915932
v -0.019800067 0.14572561 -0.04564935
v 9.830296E-05 0.1457097 0.050479144
v -0.019800067 0.14572561 0.045590892
v -0.019800067 0.14572561 0.03445418
v -0.017579094 0.14569375 0.030288547
v -0.030405447 0.14565122 0.017366573
v -0.034379795 0.14572561 0.019879758
v -0.00015674531 0.14570436 0.035102412
v -0.034985512 0.1456778 -0.00017268956
v -0.039714366 0.14572561 -2.9221177E-05
v -0.034379795 0.14572561 -0.019938216
v -0.03021416 0.14565122 -0.0177757
v -0.019800067 0.14572561 -0.034517944
v 0.01744096 0.14568841 0.030522332
v -0.017244369 0.14568841 -0.03057015
v 0.020017907 0.14572561 0.03445418
v 0.020017907 0.14572561 0.045590892
v 0.030405447 0.14566186 0.017738506
v 0.03459233 0.14572561 0.019879758
v 0.035224617 0.1456778 0.00020986795
v 0.0399269 0.14572561 -2.9221177E-05
v 0.03459233 0.14572561 -0.019938216
v 0.030633911 0.14565122 -0.017414391
v 0.020017907 0.14572561 -0.034517944
v 0.017786324 0.14569375 -0.030357629
v 9.830296E-05 0.1457097 -0.050537594
v -0.019800067 0.14572561 -0.04564935
v 0.020017907 0.14572561 -0.04564935
v 0.0003373921 0.14570436 -0.035160854
v -0.019800067 0.14572561 -0.034517944
v -0.024778634 0.14074704 -0.037280872
v -0.019800067 0.14572561 -0.04564935
v -0.024762705 0.14074704 -0.04642509
v -0.02290304 0.14075235 -0.049915932
v 9.830296E-05 0.1457097 0.050479144
v 0.020017907 0.14572561 0.045590892
v 0.023115575 0.14075235 0.049857482
v 5.0470233E-05 0.14074704 0.054719165
v -0.02290304 0.14075235 0.049857482
v -0.019800067 0.14572561 0.045590892
v 0.020017907 0.14572561 -0.034517944
v 0.020017907 0.14572561 -0.04564935
v 0.02499649 0.14074704 -0.037280872
v 0.02497524 0.14074704 -0.04642509
v 0.023120895 0.14075235 -0.049915932
v -0.0347358 0.14373311 -2.9221177E-05
v -0.034985512 0.1456778 -0.00017268956
v -0.03021416 0.14565122 -0.0177757
v -0.030065387 0.14373311 -0.017451584
v 0.020017907 0.14572561 0.045590892
v 0.020017907 0.14572561 0.03445418
v 0.02499649 0.14074704 0.03721711
v 0.02497524 0.14074704 0.04637727
v 0.023115575 0.14075235 0.049857482
v -0.024778634 0.14074704 0.03721711
v -0.019800067 0.14572561 0.03445418
v -0.019800067 0.14572561 0.045590892
v -0.024762705 0.14074704 0.04637195
v -0.02290304 0.14075235 0.049857482
v 0.034948334 0.14373311 -2.9221177E-05
v 0.030283242 0.14373311 -0.017451584
v 0.035224617 0.1456778 0.00020986795
v 0.030633911 0.14565122 -0.017414391
v -0.012579277 0.14364812 -0.021431252
v -0.0076060146 0.14343026 -0.016489878
v -0.0031747073 0.1437597 0.022334516
v -0.0347358 0.14373311 -2.9221177E-05
v -0.030065387 0.14373311 0.017393127
v -0.030065387 0.14373311 -0.017451584
v -0.007749468 0.14356309 0.021951959
v -0.017313436 0.14373311 -0.030203536
v -0.017313436 0.14373311 0.030145094
v -0.0052947104 0.1437544 0.029991
v 0.00010892749 0.14373311 0.034810185
v 0.0063201934 0.1437225 0.028747693
v 0.017531276 0.14373311 0.030145094
v 0.008073583 0.14353123 0.021856323
v 0.030283242 0.14373311 0.017393127
v 0.0031056404 0.14364812 0.022440776
v 0.0005233586 0.14369592 -0.032153517
v 0.00010892749 0.14373311 -0.034873948
v 0.017531276 0.14373311 -0.030203536
v 0.034948334 0.14373311 -2.9221177E-05
v 0.00825955 0.14361092 -0.015921354
v 0.0116335 0.14360562 -0.022621438
v 0.030283242 0.14373311 -0.017451584
v -0.012579277 0.14364812 -0.021431252
v 0.0005233586 0.14369592 -0.032153517
v -0.011187181 0.14175656 -0.021601275
v 0.00035865605 0.14174062 -0.031117424
v 0.00010892749 0.14373311 -0.034873948
v -0.017313436 0.14373311 -0.030203536
v 0.0003373921 0.14570436 -0.035160854
v -0.017244369 0.14568841 -0.03057015
v 0.00010892749 0.14373311 -0.034873948
v 0.0003373921 0.14570436 -0.035160854
v 0.017786324 0.14569375 -0.030357629
v 0.017531276 0.14373311 -0.030203536
v -0.0052947104 0.1437544 0.029991
v 0.005693212 0.14174062 0.027982563
v 0.0063201934 0.1437225 0.028747693
v -0.0052947104 0.14174062 0.029066488
v 0.0033287853 0.14174062 0.022605494
v 0.0077388436 0.1417672 -0.016224205
v 0.0031056404 0.14364812 0.022440776
v 0.00825955 0.14361092 -0.015921354
v 0.0116335 0.14360562 -0.022621438
v 0.01185666 0.14174062 -0.022950858
v 0.034948334 0.14373311 -2.9221177E-05
v 0.035224617 0.1456778 0.00020986795
v 0.030405447 0.14566186 0.017738506
v 0.030283242 0.14373311 0.017393127
v -0.017313436 0.14373311 -0.030203536
v -0.030065387 0.14373311 -0.017451584
v -0.017244369 0.14568841 -0.03057015
v -0.03021416 0.14565122 -0.0177757
v 0.017531276 0.14373311 0.030145094
v 0.030283242 0.14373311 0.017393127
v 0.01744096 0.14568841 0.030522332
v 0.030405447 0.14566186 0.017738506
v 0.017531276 0.14373311 0.030145094
v 0.01744096 0.14568841 0.030522332
v -0.00015674531 0.14570436 0.035102412
v 0.00010892749 0.14373311 0.034810185
v -0.0347358 0.14373311 -2.9221177E-05
v -0.030065387 0.14373311 0.017393127
v -0.034985512 0.1456778 -0.00017268956
v -0.030405447 0.14565122 0.017366573
v -0.017313436 0.14373311 0.030145094
v -0.017579094 0.14569375 0.030288547
v -0.030405447 0.14565122 0.017366573
v -0.030065387 0.14373311 0.017393127
v -0.017313436 0.14373311 0.030145094
v 0.00010892749 0.14373311 0.034810185
v -0.017579094 0.14569375 0.030288547
v -0.00015674531 0.14570436 0.035102412
v 0.017531276 0.14373311 -0.030203536
v 0.017786324 0.14569375 -0.030357629
v 0.030633911 0.14565122 -0.017414391
v 0.030283242 0.14373311 -0.017451584
v -0.005980134 0.14174062 -0.016707718
v -0.011187181 0.14175656 -0.021601275
v 0.00035865605 0.14174062 -0.031117424
v 0.0077388436 0.1417672 -0.016224205
v 0.01185666 0.14174062 -0.022950858
v -0.0031109452 0.14174062 0.022605494
v 0.0033287853 0.14174062 0.022605494
v 0.007335037 0.14174062 0.02234514
v 0.0006827563 0.14174062 0.024922103
v -0.0072818995 0.14174062 0.02237171
v 0.005693212 0.14174062 0.027982563
v -0.0052947104 0.14174062 0.029066488
v -0.011187181 0.14175656 -0.021601275
v -0.005980134 0.14174062 -0.016707718
v -0.012579277 0.14364812 -0.021431252
v -0.0076060146 0.14343026 -0.016489878
v -0.007749468 0.14356309 0.021951959
v -0.0072818995 0.14174062 0.02237171
v -0.0052947104 0.14174062 0.029066488
v -0.0052947104 0.1437544 0.029991
v 0.0033287853 0.14174062 0.022605494
v 0.008073583 0.14353123 0.021856323
v 0.007335037 0.14174062 0.02234514
v 0.0031056404 0.14364812 0.022440776
v 0.0063201934 0.1437225 0.028747693
v 0.005693212 0.14174062 0.027982563
v 0.008073583 0.14353123 0.021856323
v 0.007335037 0.14174062 0.02234514
v -0.0031747073 0.1437597 0.022334516
v -0.0031109452 0.14174062 0.022605494
v -0.007749468 0.14356309 0.021951959
v -0.0072818995 0.14174062 0.02237171
v 0.027791291 0.13576847 0.0851804
v 0.00010892749 0.13576847 0.08956388
v 0.00010892749 0.13576847 0.08558422
v -0.027578756 0.13576847 0.0851804
v 0.026563913 0.13576847 0.08139202
v -0.026346073 0.13576847 0.08139202
v 0.052769184 0.13576847 0.07245502
v -0.05255665 0.13576847 0.07245502
v 0.050431326 0.13576847 0.06922983
v -0.05021347 0.13576847 0.06922983
v 0.07259316 0.13576847 0.052631035
v -0.07237531 0.13576847 0.052631035
v 0.06936798 0.13576847 0.050293177
v -0.06915544 0.13576847 0.050293177
v -0.08510071 0.13576847 0.027653143
v -0.0813123 0.13576847 0.026425764
v 0.08531855 0.13576847 0.027653143
v 0.081530154 0.13576847 0.026425764
v 0.085722364 0.13576847 -2.9221177E-05
v 0.08970203 0.13576847 -2.9221177E-05
v 0.081530154 0.13576847 -0.026484221
v 0.08531855 0.13576847 -0.027716905
v 0.06936798 0.13576847 -0.050351627
v 0.07259316 0.13576847 -0.052694798
v 0.050431326 0.13576847 -0.069293596
v 0.052769184 0.13576847 -0.07251346
v 0.026563913 0.13576847 -0.081450455
v 0.027791291 0.13576847 -0.08523885
v 0.00010892749 0.13576847 -0.08564266
v 0.00010892749 0.13576847 -0.089627646
v -0.027578756 0.13576847 -0.08523885
v -0.026346073 0.13576847 -0.081450455
v -0.05255665 0.13576847 -0.07251346
v -0.05021347 0.13576847 -0.069293596
v -0.07237531 0.13576847 -0.052694798
v -0.06915544 0.13576847 -0.050351627
v -0.08510071 0.13576847 -0.027716905
v -0.0813123 0.13576847 -0.026484221
v -0.08948949 0.13576847 -2.9221177E-05
v -0.0855045 0.13576847 -2.9221177E-05
v 0.00010892749 0.1327824 -0.08265658
v -0.025426865 0.1327824 -0.07861315
v 0.00010892749 0.13576847 -0.08564266
v 0.0256394 0.1327824 -0.07861315
v -0.026346073 0.13576847 -0.081450455
v 0.026563913 0.13576847 -0.081450455
v -0.04846008 0.1327824 -0.06687603
v 0.048672616 0.1327824 -0.06687603
v -0.05021347 0.13576847 -0.069293596
v 0.050431326 0.13576847 -0.069293596
v -0.06673789 0.1327824 -0.04859823
v 0.06695573 0.1327824 -0.04859823
v -0.06915544 0.13576847 -0.050351627
v 0.06936798 0.13576847 -0.050351627
v -0.078475 0.1327824 -0.025565013
v 0.078687534 0.1327824 -0.025565013
v -0.0813123 0.13576847 -0.026484221
v 0.081530154 0.13576847 -0.026484221
v -0.08251843 0.1327824 -2.9221177E-05
v 0.082730964 0.1327824 -2.9221177E-05
v -0.0855045 0.13576847 -2.9221177E-05
v 0.085722364 0.13576847 -2.9221177E-05
v -0.078475 0.1327824 0.025501251
v 0.078687534 0.1327824 0.025501251
v -0.0813123 0.13576847 0.026425764
v 0.081530154 0.13576847 0.026425764
v -0.06673789 0.1327824 0.048534468
v 0.06695573 0.1327824 0.048534468
v -0.06915544 0.13576847 0.050293177
v 0.06936798 0.13576847 0.050293177
v -0.04846008 0.1327824 0.06681758
v 0.048672616 0.1327824 0.06681758
v -0.05021347 0.13576847 0.06922983
v 0.050431326 0.13576847 0.06922983
v -0.025426865 0.1327824 0.078549385
v 0.0256394 0.1327824 0.078549385
v -0.026346073 0.13576847 0.08139202
v 0.026563913 0.13576847 0.08139202
v 0.00010892749 0.1327824 0.08259812
v 0.00010892749 0.13576847 0.08558422
v 0.022116676 0.04109052 0.08003181
v 0.0256394 0.1327824 0.078549385
v 0.023253724 0.10791075 0.07937294
v 0.026983663 0.03621821 0.078103065
v 0.017812893 0.112682104 0.08088723
v 0.048672616 0.1327824 0.06681758
v 0.049533375 0.03621821 0.066185296
v 0.06695573 0.1327824 0.048534468
v 0.06737017 0.03621821 0.04796064
v 0.078687534 0.1327824 0.025501251
v 0.07879911 0.03621821 0.025166512
v 0.00010892749 0.1327824 0.08259812
v 0.0029037297 0.112559915 0.08265656
v -0.008275479 0.11261305 0.08232185
v 0.082730964 0.1327824 -2.9221177E-05
v 0.082730964 0.03621821 -2.9221177E-05
v 0.07879911 0.03621821 -0.025224969
v 0.078687534 0.1327824 -0.025565013
v 0.06737017 0.03621821 -0.04801908
v 0.06695573 0.1327824 -0.04859823
v 0.049533375 0.03621821 -0.06624375
v 0.048672616 0.1327824 -0.06687603
v 0.026983663 0.03621821 -0.078161515
v -0.025426865 0.1327824 0.078549385
v 0.0256394 0.1327824 -0.07861315
v -0.018365473 0.11272994 0.080605626
v 0.022074163 0.041138336 -0.08007962
v 0.022090107 0.10778856 -0.08029747
v 0.017605662 0.11161414 -0.08112635
v 0.00010892749 0.1327824 -0.08265658
v -0.0035360157 0.11251208 -0.082986005
v -0.021866947 0.10825083 0.08012745
v -0.021882892 0.041111767 0.08008492
v -0.026771128 0.03621821 0.078103065
v -0.04846008 0.1327824 0.06681758
v -0.049315527 0.03621821 0.066185296
v -0.06673789 0.1327824 0.048534468
v -0.06715232 0.03621821 0.04796064
v -0.078475 0.1327824 0.025501251
v -0.07858127 0.03621821 0.025166512
v -0.025426865 0.1327824 -0.07861315
v -0.08251843 0.1327824 -2.9221177E-05
v -0.08251843 0.03621821 -2.9221177E-05
v -0.07858127 0.03621821 -0.025224969
v -0.078475 0.1327824 -0.025565013
v -0.06715232 0.03621821 -0.04801908
v -0.06673789 0.1327824 -0.04859823
v -0.049315527 0.03621821 -0.06624375
v -0.04846008 0.1327824 -0.06687603
v -0.026771128 0.03621821 -0.078161515
v -0.018487677 0.11260772 -0.08066408
v -0.021882892 0.041111767 -0.08006368
v -0.021898821 0.10750696 -0.080228396
v -0.08948949 0.13576847 -2.9221177E-05
v -0.092677474 0.1278038 -0.030176967
v -0.08510071 0.13576847 -0.027716905
v -0.07237531 0.13576847 -0.052694798
v -0.097448856 0.1278038 -2.9221177E-05
v -0.07882038 0.1278038 -0.057375826
v -0.092677474 0.1278038 0.030118525
v -0.05255665 0.13576847 -0.07251346
v -0.08510071 0.13576847 0.027653143
v -0.057237685 0.1278038 -0.07895851
v -0.07882038 0.1278038 0.05731207
v -0.027578756 0.13576847 -0.08523885
v -0.07237531 0.13576847 0.052631035
v -0.030038819 0.1278038 -0.09281564
v -0.057237685 0.1278038 0.078894764
v -0.05255665 0.13576847 0.07245502
v 0.00010892749 0.13576847 -0.089627646
v 0.00010892749 0.1278038 -0.09758699
v -0.030038819 0.1278038 0.09275186
v -0.027578756 0.13576847 0.0851804
v 0.030256674 0.1278038 -0.09281564
v 0.027791291 0.13576847 -0.08523885
v 0.052769184 0.13576847 -0.07251346
v 0.057450213 0.1278038 -0.07895851
v 0.07259316 0.13576847 -0.052694798
v 0.0790329 0.1278038 -0.057375826
v 0.08531855 0.13576847 -0.027716905
v 0.092890024 0.1278038 -0.030176967
v 0.00010892749 0.13576847 0.08956388
v 0.00010892749 0.1278038 0.09752855
v 0.030256674 0.1278038 0.09275186
v 0.027791291 0.13576847 0.0851804
v 0.057450213 0.1278038 0.078894764
v 0.052769184 0.13576847 0.07245502
v 0.0790329 0.1278038 0.05731207
v 0.07259316 0.13576847 0.052631035
v 0.08970203 0.13576847 -2.9221177E-05
v 0.097666696 0.1278038 -2.9221177E-05
v 0.092890024 0.1278038 0.030118525
v 0.08531855 0.13576847 0.027653143
v 0.000119552016 -0.04093112 0.15866354
v 0.024002895 -0.04093112 0.15109739
v 0.00010892749 -0.04093112 0.15297297
v -0.02379036 -0.04093112 0.15109739
v 0.024980545 -0.04093112 0.15670294
v -0.02475208 -0.04093112 0.15670294
v 0.047386795 -0.040936425 0.14548653
v 0.049140193 -0.04093112 0.15090078
v 0.07212028 -0.04093112 0.14138463
v 0.06960177 -0.04093112 0.13627854
v -0.04717426 -0.040936425 0.1454812
v -0.04893829 -0.04093112 0.15089548
v -0.07189712 -0.04093112 0.14138997
v -0.069389224 -0.04093112 0.13627854
v 0.093394786 -0.04093112 0.12835109
v 0.090042084 -0.04093112 0.12375507
v 0.108266756 -0.04093112 0.10818705
v 0.112358004 -0.04093112 0.11215079
v -0.09316099 -0.04093112 0.1283617
v -0.08982423 -0.04093112 0.12375507
v -0.108059525 -0.04093112 0.10818705
v -0.11212954 -0.04093112 0.1121614
v 0.1238879 -0.040936425 0.08990395
v 0.12848923 -0.04093112 0.09325132
v 0.1414909 -0.04093112 0.07204589
v 0.1364539 -0.04093112 0.06939986
v -0.123675376 -0.040936425 0.089898616
v -0.12828201 -0.04093112 0.09324071
v -0.14127305 -0.04093112 0.07205652
v -0.13624135 -0.04093112 0.069394544
v 0.15103894 -0.04093112 0.049002036
v 0.14562467 -0.04093112 0.047248647
v 0.15121959 -0.04093112 0.023944452
v 0.15685701 -0.04093112 0.02474676
v -0.15082109 -0.04093112 0.04901798
v -0.14540681 -0.04093112 0.047248647
v -0.15100706 -0.04093112 0.023939133
v -0.15663916 -0.04093112 0.024762705
v 0.15311113 -0.040936425 -2.9221177E-05
v 0.15880169 -0.04093112 -2.3916364E-05
v 0.15685171 -0.04093112 -0.024821147
v 0.15121959 -0.04093112 -0.024002895
v -0.15289328 -0.040936425 -3.454089E-05
v -0.15858915 -0.04093112 -3.9845705E-05
v -0.1566445 -0.04093112 -0.024810523
v -0.15100706 -0.04093112 -0.024008214
v 0.15103363 -0.04093112 -0.049081743
v 0.14562467 -0.04093112 -0.04731241
v 0.1364539 -0.04093112 -0.069458306
v 0.1414856 -0.04093112 -0.07212028
v -0.1508264 -0.04093112 -0.049060494
v -0.14540681 -0.04093112 -0.04731241
v -0.13623604 -0.04093112 -0.069458306
v -0.14127305 -0.04093112 -0.07210965
v 0.123893216 -0.040936425 -0.089962386
v 0.12849987 -0.04093112 -0.09330446
v 0.11234738 -0.04093112 -0.112219855
v 0.10827207 -0.04093112 -0.1082455
v -0.12367004 -0.040936425 -0.0899677
v -0.1282767 -0.04093112 -0.09331509
v -0.11214015 -0.04093112 -0.11221455
v -0.10805422 -0.04093112 -0.10825081
v 0.09337885 -0.04093112 -0.12842548
v 0.090042084 -0.04093112 -0.12381351
v 0.06960708 -0.04093112 -0.136337
v 0.07211496 -0.04093112 -0.14145371
v -0.093182266 -0.04093112 -0.12841484
v -0.08982423 -0.04093112 -0.12381351
v -0.069389224 -0.04093112 -0.13634232
v -0.071907744 -0.04093112 -0.14144309
v 0.047392115 -0.040936425 -0.14554498
v 0.04915613 -0.04093112 -0.15095924
v 0.024964616 -0.04093112 -0.15676668
v 0.024008214 -0.04093112 -0.15115583
v -0.047168955 -0.040936425 -0.14554498
v -0.04892765 -0.04093112 -0.15095924
v -0.024762705 -0.04093112 -0.15676668
v -0.023785055 -0.04093112 -0.15115583
v 9.830296E-05 -0.04093112 -0.1587273
v 0.00010892749 -0.04093112 -0.15303674
v -0.018057302 0.09621614 0.09309724
v -0.0180998 0.09618428 0.09349042
v -0.018200755 0.09629586 0.09378797
v -0.0180998 0.09618428 0.09349042
v -0.018057302 0.09621614 0.09309724
v -0.018200755 0.09629586 0.09378797
v -0.017595038 0.09608865 0.09418115
v -0.01840797 0.09602487 0.09493032
v -0.019789442 0.09796423 0.09705034
v -0.019470647 0.097470105 0.09497285
v -0.01840797 0.09602487 0.09493032
v -0.017595038 0.09608865 0.09418115
v 0.0074519217 0.09412271 0.10087061
v -0.007186264 0.09598768 0.10088125
v -0.0079141855 0.0896914 0.10130632
v 0.008748367 0.08886784 0.096609354
v 0.009970441 0.09598237 0.09477624
v 0.0074519217 0.09412271 0.10087061
v -0.01425828 0.08945763 0.09344262
v -0.016851172 0.09595579 0.093617946
v -0.017595038 0.09608865 0.09418115
v -0.018891484 0.087730795 0.09634367
v -0.01840797 0.09602487 0.09493032
v -0.019789442 0.09796423 0.09705034
v -0.01350379 0.08612618 0.09631181
v -0.019709736 0.09017491 0.10876089
v -0.016378298 0.086413085 0.10962695
v -0.008737743 0.08878282 0.095950484
v -0.011011839 0.09594518 0.09381986
v -0.016851172 0.09595579 0.093617946
v -0.0097950995 0.08614212 0.10385671
v 0.01745689 0.085977405 0.10766104
v -0.0079141855 0.0896914 0.10130632
v -0.007186264 0.09598768 0.10088125
v -0.011011839 0.09594518 0.09381986
v 0.0074519217 0.09412271 0.10087061
v 0.01032643 0.08639714 0.10348478
v 0.008748367 0.08886784 0.096609354
v 0.013110608 0.08613679 0.09640744
v 0.0145611465 0.08963826 0.093203515
v 0.009970441 0.09598237 0.09477624
v 0.017053083 0.09596112 0.093830466
v 0.01950784 0.08875096 0.09609395
v 0.017053083 0.09596112 0.093830466
v 0.019146532 0.096710294 0.094967514
v 0.019975409 0.090254605 0.10759196
v 0.020007282 0.09816083 0.09730008
v 0.014821485 0.08977643 0.11247489
v 0.007095933 0.08700287 0.11161414
v -0.0157035 0.08972329 0.112358004
v -0.016532376 0.108920276 0.112113595
v -0.00031614304 0.108840585 0.11361727
v -0.019645974 0.10940379 0.10773012
v -0.016553625 0.11086497 0.110248625
v -0.019762874 0.10899466 0.0793145
v -0.016867116 0.110896856 0.08320916
v -0.01975225 0.09769857 0.06364022
v 0.017063707 0.11086497 0.11029643
v 0.017956346 0.110817134 0.0823431
v 0.014869317 0.108617425 0.11247489
v 0.019879773 0.10897341 0.10855368
v 0.020017907 0.10804358 0.07916573
v 0.018142313 0.09535009 0.11153445
v 0.020007282 0.09815019 0.06363492
v 0.019157156 0.09683782 0.092565894
v 0.018121064 0.09599298 0.064256564
v 0.018073246 0.09613645 0.09314507
v 0.017053083 0.09596112 0.093830466
v 0.009970441 0.09598237 0.09477624
v 0.01819545 0.09618428 0.09273061
v 0.005804792 0.095950484 0.0664244
v 0.018126369 0.09619489 0.09371889
v 0.018243268 0.09624803 0.09423429
v 0.016968071 0.095950484 0.0929963
v 0.017053083 0.09596112 0.093830466
v -0.011011839 0.09594518 0.09381986
v -0.005586952 0.095950484 0.0664244
v -0.017419696 0.09596112 0.06436284
v -0.007186264 0.09598768 0.10088125
v 0.0074519217 0.09412271 0.10087061
v -0.016851172 0.09595579 0.093617946
v -0.017499402 0.096030176 0.09335759
v -0.018057302 0.09621614 0.09309724
v -0.018923372 0.096821874 0.09261373
v -0.019470647 0.097470105 0.09497285
v -0.01840797 0.09602487 0.09493032
v -0.018455803 0.0964393 0.092805
v -0.018057302 0.09621614 0.09309724
v -0.018200755 0.09629586 0.09378797
v -0.017595038 0.09608865 0.09418115
v -0.018057302 0.09621614 0.09309724
v -0.016851172 0.09595579 0.093617946
v 0.04851854 0.14570436 -0.0050928146
v 0.07008528 0.1457203 -0.016378298
v 0.0716102 0.14575219 -0.004715562
v 0.042737648 0.14572561 -0.02433233
v 0.06251912 0.14572561 -0.035633743
v 0.028976157 0.14572561 -0.039347753
v 0.050787315 0.14572561 -0.05071293
v 0.028630793 0.1457203 -0.051483363
v 0.03615445 0.14572561 -0.062147185
v 0.012823686 0.145715 -0.057296127
v 0.01896587 0.14572561 -0.069182016
v -0.010379553 0.145715 -0.058119692
v 0.003945142 0.14572561 -0.071604885
v -0.011245623 0.14572561 -0.07080258
v -0.025921002 0.14572561 -0.06681228
v -0.03970374 0.14572561 -0.059633985
v -0.028444827 0.1457203 -0.051313333
v -0.051610887 0.14572561 -0.04965558
v -0.028763622 0.14572561 -0.039347753
v -0.06108983 0.14572561 -0.037344635
v -0.04250917 0.14572561 -0.024353579
v -0.068252176 0.1457203 -0.022297323
v -0.0483485 0.145715 -0.0050556213
v -0.07124889 0.1457575 -0.0048324615
v -0.017154038 0.08988801 -0.09388361
v -0.01688306 0.09596112 -0.09388892
v -0.01066117 0.09594518 -0.093979254
v -0.012117013 0.08667344 -0.09494627
v -0.018774599 0.0873695 -0.09819271
v -0.01689899 0.08611554 -0.108543046
v -0.019784123 0.09810239 -0.09625866
v -0.01688306 0.09596112 -0.09388892
v -0.018928677 0.096710294 -0.09502597
v -0.019731 0.09007397 -0.107932016
v -0.008514583 0.088804096 -0.096630596
v -0.010129839 0.08628556 -0.10393109
v -0.007377535 0.09341073 -0.10089187
v -0.007935435 0.095950484 -0.09777827
v 0.0101245195 0.08617398 -0.10414362
v 0.017154038 0.08627495 -0.10955789
v -0.01665458 0.08931947 -0.112193294
v -0.019688487 0.10858023 -0.10821894
v 0.00027363002 0.08779988 -0.11249084
v 0.008073583 0.095950484 -0.101258494
v 0.007664457 0.089717984 -0.101210676
v 0.008121401 0.09590268 -0.09747541
v 0.014640838 0.095929235 -0.09318225
v 0.011341274 0.087831736 -0.093894236
v 0.016410172 0.08608365 -0.098724045
v 0.019481272 0.08890504 -0.095791094
v -0.000863418 0.09676343 -0.11385636
v 0.014794931 0.08986676 -0.11254397
v -0.016415492 0.1087662 -0.11225705
v -0.016638637 0.11085966 -0.11037083
v 0.0045721084 0.1092391 -0.113394104
v 0.014672726 0.10908499 -0.11252803
v 0.018360153 0.098118335 -0.111359105
v 0.019964784 0.0902918 -0.10769823
v 0.019853204 0.109244406 -0.10853773
v 0.016941503 0.11086497 -0.11009453
v 0.019901022 0.097045034 -0.095955804
v 0.020017907 0.10803297 -0.07922418
v 0.020007282 0.09816083 -0.06369336
v 0.018280461 0.09604612 -0.06428314
v 0.0058101118 0.095950484 -0.06648285
v -0.005586952 0.095950484 -0.06648285
v -0.017398447 0.09596643 -0.06442659
v -0.01688306 0.09596112 -0.09388892
v -0.017935097 0.09616834 -0.093161
v -0.019757554 0.09763482 -0.063703984
v -0.018944621 0.09683782 -0.09262436
v -0.019805372 0.10795328 -0.07920293
v -0.018280461 0.11075869 -0.08213587
v -0.016638637 0.11085966 -0.11037083
v -0.017977595 0.09618428 -0.09278907
v -0.017908528 0.09619489 -0.09375078
v -0.018030733 0.09624803 -0.09429274
v -0.016755536 0.095950484 -0.09306005
v -0.01688306 0.09596112 -0.09388892
v -0.071567684 0.145715 0.0023245811
v -0.07043064 0.14573094 0.00508219
v -0.065345794 0.14572561 0.029172748
v -0.042525113 0.14572561 0.024268568
v -0.04829006 0.14569375 0.0050343573
v -0.049655586 0.14572561 0.05155243
v -0.028763622 0.14572561 0.03928931
v -0.028412953 0.1457203 0.05142492
v -0.02672331 0.14572561 0.06642972
v -0.012611151 0.145715 0.057237685
v 0.00010892749 0.1457203 0.07164739
v 0.010597408 0.145715 0.058055937
v 0.01952909 0.14572561 0.06912887
v 0.037424326 0.14572561 0.061164215
v 0.028662682 0.1457203 0.05124958
v 0.049735278 0.14572561 0.051685274
v 0.059713684 0.14572561 0.03977813
v 0.028976157 0.14572561 0.03928931
v 0.042721704 0.14572561 0.024295136
v 0.06875163 0.14572561 0.021851003
v 0.048561037 0.1457097 0.004991859
v 0.071519874 0.1457575 0.004752755
v 0.04851854 0.14570436 -0.0050928146
v 0.0716102 0.14575219 -0.004715562
v 0.06955926 0.14928022 -0.0048058927
v 0.048327252 0.14776593 -0.0050078034
v 0.04742931 0.15153307 -0.0034138113
v 0.07055816 0.15253198 -0.0016019642
v 0.04697767 0.14776063 -0.0043755174
v 0.04576093 0.14269704 -0.0029143542
v 0.04584062 0.14774469 -0.0025158525
v 0.04586719 0.14938119 -0.0017188638
v 0.045899063 0.1502313 -0.00021518767
v 0.045899063 0.14258015 -0.00014080107
v 0.04628694 0.14950338 0.0044180155
v 0.045739666 0.14267045 0.0029143542
v 0.048561037 0.1457097 0.004991859
v 0.04631351 0.15157557 -4.516542E-05
v 0.046908602 0.152176 -7.972121E-06
v 0.04815191 0.1526595 0.0013256669
v 0.06990994 0.15187845 0.0029993653
v 0.07146674 0.15118238 -8.235872E-05
v 0.06934141 0.14867982 0.004890904
v 0.071519874 0.1457575 0.004752755
v 0.07088759 0.14779249 0.0042639375
v 0.0717324 0.14841947 0.0028080791
v 0.0716102 0.14575219 -0.004715562
v 0.07055816 0.15253198 -0.0016019642
v 0.06955926 0.14928022 -0.0048058927
v -0.042785466 0.14273423 0.016006365
v -0.04829006 0.14569375 0.0050343573
v -0.045543075 0.14269704 0.0028559119
v -0.042525113 0.14572561 0.024268568
v -0.035957858 0.14273423 0.028189793
v -0.028763622 0.14572561 0.03928931
v -0.025777549 0.14273423 0.03774844
v 0.043003306 0.14273423 -0.016064808
v 0.04851854 0.14570436 -0.0050928146
v 0.04576093 0.14269704 -0.0029143542
v 0.042737648 0.14572561 -0.02433233
v 0.036170393 0.14273423 -0.028248236
v 0.028976157 0.14572561 -0.039347753
v 0.025990084 0.14273423 -0.037806883
v -9.828806E-05 0.110907465 -0.08335794
v -0.018280461 0.11075869 -0.08213587
v -0.016638637 0.11085966 -0.11037083
v 0.016941503 0.11086497 -0.11009453
v 0.017924473 0.11085433 -0.08137607
v 0.019853204 0.109244406 -0.10853773
v 0.020017907 0.10803297 -0.07922418
v 0.0045721084 0.1092391 -0.113394104
v -0.016415492 0.1087662 -0.11225705
v 0.014672726 0.10908499 -0.11252803
v -0.028412953 0.1457203 0.05142492
v -0.028763622 0.14572561 0.03928931
v -0.025777549 0.14273423 0.049342096
v -0.025777549 0.14273423 0.03774844
v -0.028412953 0.1457203 0.05142492
v -0.025777549 0.14273423 0.049342096
v -0.011734456 0.14271298 0.054543823
v -0.012611151 0.145715 0.057237685
v 0.0034828782 0.14275548 0.055787146
v 0.010597408 0.145715 0.058055937
v 0.013530359 0.14274484 0.054076254
v 0.025990084 0.14273423 0.049342096
v 0.028662682 0.1457203 0.05124958
v -0.045521826 0.14267045 -0.0029727966
v -0.0483485 0.145715 -0.0050556213
v -0.042785466 0.14273423 -0.016064808
v -0.04250917 0.14572561 -0.024353579
v -0.035957858 0.14273423 -0.028248236
v -0.028763622 0.14572561 -0.039347753
v -0.025777549 0.14273423 -0.037806883
v 0.048561037 0.1457097 0.004991859
v 0.043003306 0.14273423 0.016006365
v 0.045739666 0.14267045 0.0029143542
v 0.042721704 0.14572561 0.024295136
v 0.036170393 0.14273423 0.028189793
v 0.028976157 0.14572561 0.03928931
v 0.025990084 0.14273423 0.03774844
v 0.028976157 0.14572561 -0.039347753
v 0.025990084 0.14273423 -0.037806883
v 0.025990084 0.14273423 -0.049405858
v 0.028630793 0.1457203 -0.051483363
v -0.025777549 0.14273423 -0.037806883
v -0.028763622 0.14572561 -0.039347753
v -0.025777549 0.14273423 -0.049405858
v -0.028444827 0.1457203 -0.051313333
v 0.025990084 0.14273423 0.03774844
v 0.028976157 0.14572561 0.03928931
v 0.025990084 0.14273423 0.049342096
v 0.028662682 0.1457203 0.05124958
v 0.028630793 0.1457203 -0.051483363
v 0.025990084 0.14273423 -0.049405858
v 0.011952296 0.14271298 -0.054607593
v 0.012823686 0.145715 -0.057296127
v -0.003270343 0.14275548 -0.055845596
v -0.010379553 0.145715 -0.058119692
v -0.013317823 0.14274484 -0.054134704
v -0.025777549 0.14273423 -0.049405858
v -0.028444827 0.1457203 -0.051313333
v -0.08016464 0.13576847 -0.014848053
v -0.08016464 0.049283653 -0.014848053
v -0.07614246 0.049283653 -0.029172748
v -0.07614246 0.13576847 -0.029172748
v -0.079978675 0.13576847 0.015660986
v -0.079978675 0.049283653 0.015660986
v -0.08152485 0.049283653 -2.9221177E-05
v -0.08152485 0.13576847 -2.9221177E-05
v 0.056626648 0.13576847 0.05886887
v 0.056626648 0.049283653 0.05886887
v 0.04260482 0.049283653 0.06966552
v 0.04260482 0.13576847 0.06966552
v -0.045426175 0.13576847 0.06769428
v -0.045426175 0.049283653 0.06769428
v -0.057614923 0.049283653 0.05768931
v -0.057614923 0.13576847 0.05768931
v 0.08175331 0.13576317 0.0053956658
v 0.08175331 0.049278334 0.0053956658
v 0.07924543 0.049283653 0.019991338
v 0.07924543 0.13576847 0.019991338
v 0.07399056 0.13576847 -0.034746423
v 0.07399056 0.049283653 -0.034746423
v 0.07886287 0.049283653 -0.021505639
v 0.07886287 0.13576847 -0.021505639
v -0.06958583 0.13576847 -0.042530432
v -0.06958583 0.049283653 -0.042530432
v -0.0641503 0.04924114 -0.050489776
v -0.0641503 0.13572598 -0.050489776
v -0.012818366 0.13576847 -0.0806322
v -0.012818366 0.049283653 -0.0806322
v 0.0044817775 0.049283653 -0.0815461
v 0.0044817775 0.13576847 -0.0815461
v -0.057614923 0.13576847 0.05768931
v -0.057614923 0.049283653 0.05768931
v -0.06761989 0.049283653 0.04550056
v -0.06761989 0.13576847 0.04550056
v 0.021585345 0.13576847 -0.07878317
v 0.021585345 0.049283653 -0.07878317
v 0.034826115 0.049283653 -0.07391086
v 0.034826115 0.13576847 -0.07391086
v 0.029247135 0.13576847 0.07622215
v 0.029247135 0.049283653 0.07622215
v 0.01492244 0.049283653 0.08024433
v 0.01492244 0.13576847 0.08024433
v -0.039714366 0.13576847 -0.0712914
v -0.039714366 0.049283653 -0.0712914
v -0.029539376 0.049283653 -0.07608932
v -0.029539376 0.13576847 -0.07608932
v 0.07616371 0.13576847 0.029613763
v 0.07616371 0.049283653 0.029613763
v 0.06799183 0.049283653 0.04530929
v 0.06799183 0.13576847 0.04530929
v -0.015586615 0.13576847 0.08005306
v -0.015586615 0.049283653 0.08005306
v -0.031133369 0.049283653 0.07538797
v -0.031133369 0.13576847 0.07538797
v 0.057827458 0.13576847 -0.05775307
v 0.057827458 0.049283653 -0.05775307
v 0.06690791 0.049283653 -0.0469511
v 0.06690791 0.13576847 -0.0469511
v -0.07530826 0.13576847 0.031207755
v -0.07530826 0.049283653 0.031207755
v -0.079978675 0.049283653 0.015660986
v -0.079978675 0.13576847 0.015660986
v 0.0810679 0.13577378 -0.010724932
v 0.0810679 0.04928896 -0.010724932
v 0.08175331 0.049278334 0.0053956658
v 0.08175331 0.13576317 0.0053956658
v -0.057614923 0.13576847 -0.05775307
v -0.057614923 0.049283653 -0.05775307
v -0.04912956 0.049283653 -0.06513858
v -0.04912956 0.13576847 -0.06513858
v 0.047025487 0.13576847 -0.06682821
v 0.047025487 0.049283653 -0.06682821
v 0.057827458 0.049283653 -0.05775307
v 0.057827458 0.13576847 -0.05775307
v 0.00010892749 0.13576847 0.081599236
v 0.00010892749 0.049283653 0.081599236
v -0.015586615 0.049283653 0.08005306
v -0.015586615 0.13576847 0.08005306
v 0.06799183 0.13576847 0.04530929
v 0.06799183 0.049283653 0.04530929
v 0.056626648 0.049283653 0.05886887
v 0.056626648 0.13576847 0.05886887
v -0.06761989 0.13576847 0.04550056
v -0.06761989 0.049283653 0.04550056
v -0.07530826 0.049283653 0.031207755
v -0.07530826 0.13576847 0.031207755
v 0.0044817775 0.13576847 -0.0815461
v 0.0044817775 0.049283653 -0.0815461
v 0.021585345 0.049283653 -0.07878317
v 0.021585345 0.13576847 -0.07878317
v -0.08152485 0.13576847 -2.9221177E-05
v -0.08152485 0.049283653 -2.9221177E-05
v -0.08016464 0.049283653 -0.014848053
v -0.08016464 0.13576847 -0.014848053
v -0.07614246 0.13576847 -0.029172748
v -0.07614246 0.049283653 -0.029172748
v -0.06958583 0.049283653 -0.042530432
v -0.06958583 0.13576847 -0.042530432
v -0.031133369 0.13576847 0.07538797
v -0.031133369 0.049283653 0.07538797
v -0.045426175 0.049283653 0.06769428
v -0.045426175 0.13576847 0.06769428
v 0.06690791 0.13576847 -0.0469511
v 0.06690791 0.049283653 -0.0469511
v 0.07399056 0.049283653 -0.034746423
v 0.07399056 0.13576847 -0.034746423
v -0.029539376 0.13576847 -0.07608932
v -0.029539376 0.049283653 -0.07608932
v -0.012818366 0.049283653 -0.0806322
v -0.012818366 0.13576847 -0.0806322
v 0.034826115 0.13576847 -0.07391086
v 0.034826115 0.049283653 -0.07391086
v 0.047025487 0.049283653 -0.06682821
v 0.047025487 0.13576847 -0.06682821
v 0.01492244 0.13576847 0.08024433
v 0.01492244 0.049283653 0.08024433
v 0.00010892749 0.049283653 0.081599236
v 0.00010892749 0.13576847 0.081599236
v 0.04260482 0.13576847 0.06966552
v 0.04260482 0.049283653 0.06966552
v 0.029247135 0.049283653 0.07622215
v 0.029247135 0.13576847 0.07622215
v -0.04912956 0.13576847 -0.06513858
v -0.04912956 0.049283653 -0.06513858
v -0.039714366 0.049283653 -0.0712914
v -0.039714366 0.13576847 -0.0712914
v 0.07886287 0.13576847 -0.021505639
v 0.07886287 0.049283653 -0.021505639
v 0.0810679 0.04928896 -0.010724932
v 0.0810679 0.13577378 -0.010724932
v 0.07924543 0.13576847 0.019991338
v 0.07924543 0.049283653 0.019991338
v 0.07616371 0.049283653 0.029613763
v 0.07616371 0.13576847 0.029613763
v -0.0641503 0.13572598 -0.050489776
v -0.0641503 0.04924114 -0.050489776
v -0.057614923 0.049283653 -0.05775307
v -0.057614923 0.13576847 -0.05775307
v -0.08016464 0.049283653 -0.014848053
v -0.12644893 0.049283653 -0.021473765
v -0.12008357 0.049283653 -0.044119105
v -0.07614246 0.049283653 -0.029172748
v -0.079978675 0.049283653 0.015660986
v -0.12615138 0.049283653 0.026760504
v -0.12859017 0.049283653 0.0019526482
v -0.08152485 0.049283653 -2.9221177E-05
v 0.056626648 0.049283653 0.05886887
v 0.089818925 0.049283653 0.09507379
v 0.06765709 0.049283653 0.11214015
v 0.04260482 0.049283653 0.06966552
v -0.045426175 0.049283653 0.06769428
v -0.07151987 0.049283653 0.10902655
v -0.090791255 0.049283653 0.09320882
v -0.057614923 0.049283653 0.05768931
v 0.08175331 0.049278334 0.0053956658
v 0.12955189 0.049278334 0.010533646
v 0.12557754 0.049283653 0.033604056
v 0.07924543 0.049283653 0.019991338
v 0.07399056 0.049283653 -0.034746423
v 0.117267504 0.049283653 -0.052933894
v 0.12497713 0.049283653 -0.03199944
v 0.07886287 0.049283653 -0.021505639
v -0.06958583 0.049283653 -0.042530432
v -0.109722614 0.049283653 -0.06523422
v -0.10112566 0.04921989 -0.07782146
v -0.0641503 0.04924114 -0.050489776
v -0.012818366 0.049283653 -0.0806322
v -0.01997009 0.049283653 -0.12547126
v 0.007377535 0.049283653 -0.12691648
v 0.0044817775 0.049283653 -0.0815461
v -0.057614923 0.049283653 0.05768931
v -0.090791255 0.049283653 0.09320882
v -0.10660368 0.049283653 0.073942736
v -0.06761989 0.049283653 0.04550056
v 0.021585345 0.049283653 -0.07878317
v 0.03441699 0.049283653 -0.12255426
v 0.05535146 0.049283653 -0.114849955
v 0.034826115 0.049283653 -0.07391086
v 0.029247135 0.049283653 0.07622215
v 0.04653667 0.049283653 0.12250644
v 0.023891315 0.049283653 0.12886646
v 0.01492244 0.049283653 0.08024433
v -0.039714366 0.049283653 -0.0712914
v -0.06248723 0.049283653 -0.11070557
v -0.046403825 0.049283653 -0.11829298
v -0.029539376 0.049283653 -0.07608932
v 0.07616371 0.049283653 0.029613763
v 0.12071054 0.049283653 0.04882139
v 0.107788555 0.049283653 0.07362926
v 0.06799183 0.049283653 0.04530929
v -0.015586615 0.049283653 0.08005306
v -0.024342954 0.049283653 0.12856892
v -0.048922345 0.049283653 0.121183425
v -0.031133369 0.049283653 0.07538797
v 0.057827458 0.049283653 -0.05775307
v 0.091721095 0.049283653 -0.08930354
v 0.10607236 0.049283653 -0.07222654
v 0.06690791 0.049283653 -0.0469511
v -0.07530826 0.049283653 0.031207755
v -0.11876586 0.049283653 0.051339895
v -0.12615138 0.049283653 0.026760504
v -0.079978675 0.049283653 0.015660986
v 0.0810679 0.04928896 -0.010724932
v 0.12846267 0.049294278 -0.014949009
v 0.12955189 0.049278334 0.010533646
v 0.08175331 0.049278334 0.0053956658
v -0.057614923 0.049283653 -0.05775307
v -0.090791255 0.049283653 -0.08930354
v -0.07738045 0.049283653 -0.1009822
v -0.04912956 0.049283653 -0.06513858
v 0.047025487 0.049283653 -0.06682821
v 0.0746441 0.049283653 -0.103654794
v 0.091721095 0.049283653 -0.08930354
v 0.057827458 0.049283653 -0.05775307
v 0.00010892749 0.049283653 0.081599236
v 0.00046491623 0.049283653 0.13100773
v -0.024342954 0.049283653 0.12856892
v -0.015586615 0.049283653 0.08005306
v 0.06799183 0.049283653 0.04530929
v 0.107788555 0.049283653 0.07362926
v 0.089818925 0.049283653 0.09507379
v 0.056626648 0.049283653 0.05886887
v -0.06761989 0.049283653 0.04550056
v -0.10660368 0.049283653 0.073942736
v -0.11876586 0.049283653 0.051339895
v -0.07530826 0.049283653 0.031207755
v 0.0044817775 0.049283653 -0.0815461
v 0.007377535 0.049283653 -0.12691648
v 0.03441699 0.049283653 -0.12255426
v 0.021585345 0.049283653 -0.07878317
v -0.08152485 0.049283653 -2.9221177E-05
v -0.12859017 0.049283653 0.0019526482
v -0.12644893 0.049283653 -0.021473765
v -0.08016464 0.049283653 -0.014848053
v -0.07614246 0.049283653 -0.029172748
v -0.12008357 0.049283653 -0.044119105
v -0.109722614 0.049283653 -0.06523422
v -0.06958583 0.049283653 -0.042530432
v -0.031133369 0.049283653 0.07538797
v -0.048922345 0.049283653 0.121183425
v -0.07151987 0.049283653 0.10902655
v -0.045426175 0.049283653 0.06769428
v 0.06690791 0.049283653 -0.0469511
v 0.10607236 0.049283653 -0.07222654
v 0.117267504 0.049283653 -0.052933894
v 0.07399056 0.049283653 -0.034746423
v -0.029539376 0.049283653 -0.07608932
v -0.046403825 0.049283653 -0.11829298
v -0.01997009 0.049283653 -0.12547126
v -0.012818366 0.049283653 -0.0806322
v 0.034826115 0.049283653 -0.07391086
v 0.05535146 0.049283653 -0.114849955
v 0.0746441 0.049283653 -0.103654794
v 0.047025487 0.049283653 -0.06682821
v 0.01492244 0.049283653 0.08024433
v 0.023891315 0.049283653 0.12886646
v 0.00046491623 0.049283653 0.13100773
v 0.00010892749 0.049283653 0.081599236
v 0.04260482 0.049283653 0.06966552
v 0.06765709 0.049283653 0.11214015
v 0.04653667 0.049283653 0.12250644
v 0.029247135 0.049283653 0.07622215
v -0.04912956 0.049283653 -0.06513858
v -0.07738045 0.049283653 -0.1009822
v -0.06248723 0.049283653 -0.11070557
v -0.039714366 0.049283653 -0.0712914
v 0.07886287 0.049283653 -0.021505639
v 0.12497713 0.049283653 -0.03199944
v 0.12846267 0.049294278 -0.014949009
v 0.0810679 0.04928896 -0.010724932
v 0.07924543 0.049283653 0.019991338
v 0.12557754 0.049283653 0.033604056
v 0.12071054 0.049283653 0.04882139
v 0.07616371 0.049283653 0.029613763
v -0.0641503 0.04924114 -0.050489776
v -0.10112566 0.04921989 -0.07782146
v -0.090791255 0.049283653 -0.08930354
v -0.057614923 0.049283653 -0.05775307
v 0.06799183 0.13576847 0.04530929
v 0.059713684 0.14572561 0.03977813
v 0.06875163 0.14572561 0.021851003
v 0.049735278 0.14572561 0.051685274
v 0.056626648 0.13576847 0.05886887
v 0.07616371 0.13576847 0.029613763
v 0.07924543 0.13576847 0.019991338
v 0.037424326 0.14572561 0.061164215
v 0.04260482 0.13576847 0.06966552
v 0.029247135 0.13576847 0.07622215
v 0.01952909 0.14572561 0.06912887
v 0.01492244 0.13576847 0.08024433
v 0.08175331 0.13576317 0.0053956658
v 0.071519874 0.1457575 0.004752755
v 0.0716102 0.14575219 -0.004715562
v 0.0810679 0.13577378 -0.010724932
v 0.00010892749 0.1457203 0.07164739
v 0.00010892749 0.13576847 0.081599236
v -0.015586615 0.13576847 0.08005306
v 0.07008528 0.1457203 -0.016378298
v 0.07886287 0.13576847 -0.021505639
v 0.07399056 0.13576847 -0.034746423
v 0.06251912 0.14572561 -0.035633743
v 0.06690791 0.13576847 -0.0469511
v -0.02672331 0.14572561 0.06642972
v -0.031133369 0.13576847 0.07538797
v -0.045426175 0.13576847 0.06769428
v 0.050787315 0.14572561 -0.05071293
v 0.057827458 0.13576847 -0.05775307
v 0.047025487 0.13576847 -0.06682821
v 0.03615445 0.14572561 -0.062147185
v 0.034826115 0.13576847 -0.07391086
v 0.01896587 0.14572561 -0.069182016
v 0.021585345 0.13576847 -0.07878317
v -0.049655586 0.14572561 0.05155243
v -0.057614923 0.13576847 0.05768931
v -0.06761989 0.13576847 0.04550056
v 0.003945142 0.14572561 -0.071604885
v 0.0044817775 0.13576847 -0.0815461
v -0.065345794 0.14572561 0.029172748
v -0.07530826 0.13576847 0.031207755
v -0.079978675 0.13576847 0.015660986
v -0.071567684 0.145715 0.0023245811
v -0.08152485 0.13576847 -2.9221177E-05
v -0.07124889 0.1457575 -0.0048324615
v -0.08016464 0.13576847 -0.014848053
v -0.012818366 0.13576847 -0.0806322
v -0.011245623 0.14572561 -0.07080258
v -0.068252176 0.1457203 -0.022297323
v -0.07614246 0.13576847 -0.029172748
v -0.06958583 0.13576847 -0.042530432
v -0.06108983 0.14572561 -0.037344635
v -0.0641503 0.13572598 -0.050489776
v -0.025921002 0.14572561 -0.06681228
v -0.029539376 0.13576847 -0.07608932
v -0.039714366 0.13576847 -0.0712914
v -0.03970374 0.14572561 -0.059633985
v -0.04912956 0.13576847 -0.06513858
v -0.051610887 0.14572561 -0.04965558
v -0.057614923 0.13576847 -0.05775307
v -0.046069086 0.14950338 -0.0044764727
v -0.045521826 0.14267045 -0.0029727966
v -0.045686528 0.14261734 8.235872E-05
v -0.0483485 0.145715 -0.0050556213
v -0.045686528 0.1502313 0.00015674531
v -0.045543075 0.14269704 0.0028559119
v -0.069123566 0.14867982 -0.004949346
v -0.06969209 0.15292516 -0.0018623173
v -0.07124889 0.1457575 -0.0048324615
v -0.070675045 0.14779249 -0.00432238
v -0.07151456 0.14840353 -0.0028824806
v -0.071567684 0.145715 0.0023245811
v -0.07126483 0.15117177 2.6524067E-06
v -0.071551755 0.14949808 0.0017560422
v -0.06947425 0.15112394 0.00388138
v -0.047216773 0.15151712 0.0033447295
v -0.07150924 0.14819631 0.0025796145
v -0.07043064 0.14573094 0.00508219
v -0.048109412 0.14776593 0.0049440414
v -0.04829006 0.14569375 0.0050343573
v -0.046765134 0.14776063 0.00431706
v -0.04793407 0.1526595 -0.0013788044
v -0.046690747 0.152176 -5.5789948E-05
v -0.046100974 0.15157557 -1.3276935E-05
v -0.045654655 0.14938119 0.0016551018
v -0.04562278 0.14774469 0.00245741
vt 0 0
vt 0.50048876 1
vt 1 0
vt 0 0
vt 0.50048876 1
vt 1 0
vt 0 0
vt 0.50048876 1
vt 1 0
vt 0 0
vt 0.50048876 1
vt 1 0
vt 0 0
vt 0.50048876 1
vt 1 0
vt 0 0
vt 0.50048876 1
vt 1 0
vt 0 0
vt 0.50048876 1
vt 1 0
vt 0 0
vt 0.50048876 1
vt 1 0
vt 0 0
vt 0.50048876 1
vt 1 0
vt 0 0
vt 0.50048876 1
vt 1 0
vt 0 0
vt 0.50048876 1
vt 1 0
vt 0 0
vt 0.50048876 1
vt 1 0
vt 0 0
vt 0.50048876 1
vt 1 0
vt 0 0
vt 0.50048876 1
vt 1 0
vt 0 0
vt 0.50048876 1
vt 1 0
vt 0 0
vt 0.50048876 1
vt 1 0
vt 0 0
vt 0.50048876 1
vt 1 0
vt 0 0
vt 0.50048876 1
vt 1 0
vt 0 0
vt 0.50048876 1
vt 1 0
vt 0 0
vt 0.50048876 1
vt 1 0
vt 0 0
vt 0.50048876 1
vt 1 0
vt 0 0
vt 0.50048876 1
vt 1 0
vt 0 0
vt 0.50048876 1
vt 1 0
vt 0 0
vt 0.50048876 1
vt 1 0
vt 0 0
vt 0 0
vt 0 0
vt 0 0
vt 0 0
vt 0 0
vt 0 0
vt 0 0
vt 0 0
vt 0 0
vt 0 0
vt 0 0
vt 0 0
vt 0 0
vt 0 0
vt 0 0
vt 0 0
vt 0 0
vt 0 0
vt 0 0
vt 0 0
vt 0 0
vt 0 0
vt 0 0
vt 0 0
vt 0 0
vt 0 0
vt 0 0
vt 0 0
vt 0 0
vt 0 0
vt 0 0
vt 0 0
vt 0 0
vt 0 0
vt 0 0
vt 0 0
vt 0 0
vt 0 0
vt 0 0
vt 0 0
vt 0 0
vt 0 0
vt 0 0
vt 0 0
vt 0 0
vt 0 0
vt 0 0
vt 0 0
vt 0 0
vt 0 0
vt 0 0
vt 0 0
vt 0 0
vt 0 0
vt 0 0
vt 0 0
vt 0 0
vt 0 0
vt 0 0
vt 0 0
vt 0 0
vt 0 0
vt 0 0
vt 0 0
vt 0 0
vt 0 0
vt 0 0
vt 0 0
vt 0 0
vt 0 0
vt 0 0
vt 0 0
vt 0 0
vt 0 0
vt 0 0
vt 0 0
vt 0 0
vt 0 0
vt 0 0
vt 0 0
vt 0 0
vt 0 0
vt 0 0
vt 0 0
vt 0 0
vt 0 0
vt 0 0
vt 0 0
vt 0 0
vt 0 0
vt 0 0
vt 0 0
vt 0 0
vt 0 0
vt 0 0
vt 0 0
vt 0 0
vt 0 0
vt 0 0
vt 0 0
vt 0 0
vt 0 0
vt 0 0
vt 0 0
vt 0 0
vt 0 0
vt 0 0
vt 0 0
vt 0 0
vt 0 0
vt 0 0
vt 0 0
vt 0 0
vt 0 0
vt 0 0
vt 0 0
vt 0 0
vt 0 0
vt 0 0
vt 0 0
vt 0 0
vt 0 0
vt 0 0
vt 0 0
vt 0 0
vt 0 0
vt 0 0
vt 0 0
vt 0 0
vt 0 0
vt 0 0
vt 0 0
vt 0 0
vt 0 0
vt 0 0
vt 0 0
vt 0 0
vt 0 0
vt 0 0
vt 0 0
vt 0 0
vt 0 0
vt 0 0
vt 0 0
vt 0 0
vt 0 0
vt 0 0
vt 0 0
vt 0 0
vt 0 0
vt 0 0
vt 0 0
vt 0 0
vt 0 0
vt 0 0
vt 0 0
vt 0 0
vt 0 0
vt 0 0
vt 0 0
vt 0 0
vt 0 0
vt 0 0
vt 0 0
vt 0 0
vt 0 0
vt 0 0
vt 0 0
vt 0 0
vt 0 0
vt 0 0
vt 0 0
vt 0 0
vt 0 0
vt 0 0
vt 0 0
vt 0 0
vt 0 0
vt 0 0
vt 0 0
vt 0 0
vt 0 0
vt 0 0
vt 0 0
vt 0 0
vt 0 0
vt 0 0
vt 0 0
vt 0 0
vt 0 0
vt 0 0
vt 0 0
vt 0 0
vt 0 0
vt 0 0
vt 0 0
vt 0 0
vt 0 0
vt 0 0
vt 0 0
vt 0 0
vt 0 0
vt 0 0
vt 0 0
vt 0 0
vt 0 0
vt 0 0
vt 0 0
vt 0 0
vt 0 0
vt 0 0
vt 0 0
vt 0 0
vt 0 0
vt 0 0
vt 0 0
vt 0 0
vt 0 0
vt 0 0
vt 0 0
vt 0 0
vt 0 0
vt 0 0
vt 0 0
vt 0 0
vt 0 0
vt 0 0
vt 0 0
vt 0 0
vt 0 0
vt 0 0
vt 0 0
vt 0 0
vt 0 0
vt 0 0
vt 0 0
vt 0 0
vt 0 0
vt 0 0
vt 0 0
vt 0 0
vt 0 0
vt 0 0
vt 0 0
vt 0 0
vt 0 0
vt 0 0
vt 0 0
vt 0 0
vt 0 0
vt 0 0
vt 0 0
vt 0 0
vt 0 0
vt 0 0
vt 0 0
vt 0 0
vt 0 0
vt 0 0
vt 0 0
vt 0 0
vt 0 0
vt 0 0
vt 0 0
vt 0 0
vt 0 0
vt 0 0
vt 0 0
vt 0 0
vt 0 0
vt 0 0
vt 0 0
vt 0 0
vt 0 0
vt 0 0
vt 0 0
vt 0 0
vt 0 0
vt 0 0
vt 0 0
vt 0 0
vt 0 0
vt 0 0
vt 0 0
vt 0 0
vt 0 0
vt 0 0
vt 0 0
vt 0 0
vt 0 0
vt 0 0
vt 0 0
vt 0 0
vt 0 0
vt 0 0
vt 0 0
vt 0 0
vt 0 0
vt 0 0
vt 0 0
vt 0 0
vt 0 0
vt 0 0
vt 0 0
vt 0 0
vt 0 0
vt 0 0
vt 0 0
vt 0 0
vt 0 0
vt 0 0
vt 0 0
vt 0 0
vt 0 0
vt 0 0
vt 0 0
vt 0 0
vt 0 0
vt 0 0
vt 0 0
vt 0 0
vt 0 0
vt 0 0
vt 0 0
vt 0 0
vt 0 0
vt 0 0
vt 0 0
vt 0 0
vt 0 0
vt 0 0
vt 0 0
vt 0 0
vt 0 0
vt 0 0
vt 0 0
vt 0 0
vt 0 0
vt 0 0
vt 0 0
vt 0 0
vt 0 0
vt 0 0
vt 0 0
vt 0 0
vt 0 0
vt 0 0
vt 0 0
vt 0 0
vt 0 0
vt 0 0
vt 0 0
vt 0 0
vt 0 0
vt 0 0
vt 0 0
vt 0 0
vt 0 0
vt 0 0
vt 0 0
vt 0 0
vt 0 0
vt 0 0
vt 0 0
vt 0 0
vt 0 0
vt 0 0
vt 0 0
vt 0 0
vt 0 0
vt 0 0
vt 0 0
vt 0 0
vt 0 0
vt 0 0
vt 0 0
vt 0 0
vt 0 0
vt 0 0
vt 0 0
vt 0 0
vt 0 0
vt 0 0
vt 0 0
vt 0 0
vt 0 0
vt 0 0
vt 0 0
vt 0 0
vt 0 0
vt 0 0
vt 0 0
vt 0 0
vt 0 0
vt 0 0
vt 0 0
vt 0 0
vt 0 0
vt 0 0
vt 0 0
vt 0 0
vt 0 0
vt 0 0
vt 0 0
vt 0 0
vt 0 0
vt 0 0
vt 0 0
vt 0 0
vt 0 0
vt 0 0
vt 0 0
vt 0 0
vt 0 0
vt 0 0
vt 0 0
vt 0 0
vt 0 0
vt 0 0
vt 0 0
vt 0 0
vt 0 0
vt 0 0
vt 0 0
vt 0 0
vt 0 0
vt 0 0
vt 0 0
vt 0 0
vt 0 0
vt 0 0
vt 0 0
vt 0 0
vt 0 0
vt 0 0
vt 0 0
vt 0 0
vt 0 0
vt 0 0
vt 0 0
vt 0 0
vt 0 0
vt 0 0
vt 0 0
vt 0 0
vt 0 0
vt 0 0
vt 0 0
vt 0 0
vt 0 0
vt 0 0
vt 0 0
vt 0 0
vt 0 0
vt 0 0
vt 0 0
vt 0 0
vt 0 0
vt 0 0
vt 0 0
vt 0 0
vt 0 0
vt 0 0
vt 0 0
vt 0 0
vt 0 0
vt 0 0
vt 0 0
vt 0 0
vt 0 0
vt 0 0
vt 0 0
vt 0 0
vt 0 0
vt 0 0
vt 0 0
vt 0 0
vt 0 0
vt 0 0
vt 0 0
vt 0 0
vt 0 0
vt 0 0
vt 0 0
vt 0 0
vt 0 0
vt 0 0
vt 0 0
vt 0 0
vt 0 0
vt 0 0
vt 0 0
vt 0 0
vt 0 0
vt 0 0
vt 0 0
vt 0 0
vt 0 0
vt 0 0
vt 0 0
vt 0 0
vt 0 0
vt 0 0
vt 0 0
vt 0 0
vt 0 0
vt 0 0
vt 0 0
vt 0 0
vt 0 0
vt 0 0
vt 0 0
vt 0 0
vt 0 0
vt 0 0
vt 0 0
vt 0 0
vt 0 0
vt 0 0
vt 0 0
vt 0 0
vt 0 0
vt 0 0
vt 0 0
vt 0 0
vt 0 0
vt 0 0
vt 0 0
vt 0 0
vt 0 0
vt 0 0
vt 0 0
vt 0 0
vt 0 0
vt 0 0
vt 0 0
vt 0 0
vt 0 0
vt 0 0
vt 0 0
vt 0 0
vt 0 0
vt 0 0
vt 0 0
vt 0 0
vt 0 0
vt 0 0
vt 0 0
vt 0 0
vt 0 0
vt 0 0
vt 0 0
vt 0 0
vt 0 0
vt 0 0
vt 0 0
vt 0 0
vt 0 0
vt 0 0
vt 0 0
vt 0 0
vt 0 0
vt 0 0
vt 0 0
vt 0 0
vt 0 0
vt 0 0
vt 0 0
vt 0 0
vt 0 0
vt 0 0
vt 0 0
vt 0 0
vt 0 0
vt 0 0
vt 0 0
vt 0 0
vt 0 0
vt 0 0
vt 0 0
vt 0 0
vt 0 0
vt 0 0
vt 0 0
vt 0 0
vt 0 0
vt 0 0
vt 0 0
vt 0 0
vt 0 0
vt 0 0
vt 0 0
vt 0 0
vt 0 0
vt 0 0
vt 0 0
vt 0 0
vt 0 0
vt 0 0
vt 0 0
vt 0 0
vt 0 0
vt 0 0
vt 0 0
vt 0 0
vt 0 0
vt 0 0
vt 0 0
vt 0 0
vt 0 0
vt 0 0
vt 0 0
vt 0 0
vt 0 0
vt 0 0
vt 0 0
vt 0 0
vt 0 0
vt 0 0
vt 0 0
vt 0 0
vt 0 0
vt 0 0
vt 0 0
vt 0 0
vt 0 0
vt 0 0
vt 0 0
vt 0 0
vt 0 0
vt 0 0
vt 0 0
vt 0 0
vt 0 0
vt 0 0
vt 0 0
vt 0 0
vt 0 0
vt 0 0
vt 0 0
vt 0 0
vt 0 0
vt 0 0
vt 0 0
vt 0 0
vt 0 0
vt 0 0
vt 0 0
vt 0 0
vt 0 0
vt 0 0
vt 0 0
vt 0 0
vt 0 0
vt 0 0
vt 0 0
vt 0 0
vt 0 0
vt 0 0
vt 0 0
vt 0 0
vt 0 0
vt 0 0
vt 0 0
vt 0 0
vt 0 0
vt 0 0
vt 0 0
vt 0 0
vt 0 0
vt 0 0
vt 0 0
vt 0 0
vt 0 0
vt 0 0
vt 0 0
vt 0 0
vt 0 0
vt 0 0
vt 0 0
vt 0 0
vt 0 0
vt 0 0
vt 0 0
vt 0 0
vt 0 0
vt 0 0
vt 0 0
vt 0 0
vt 0 0
vt 0 0
vt 0 0
vt 0 0
vt 0 0
vt 0 0
vt 0 0
vt 0 0
vt 0 0
vt 0 0
vt 0 0
vt 0 0
vt 0 0
vt 0 0
vt 0 0
vt 0 0
vt 0 0
vt 0 0
vt 0 0
vt 0 0
vt 0 0
vt 0 0
vt 0 0
vt 0 0
vt 0 0
vt 0 0
vt 0 0
vt 0 0
vt 0 0
vt 0 0
vt 0 0
vt 0 0
vt 0 0
vt 0 0
vt 0 0
vt 0 0
vt 0 0
vt 0 0
vt 0 0
vt 0 0
vt 0 0
vt 0 0
vt 0 0
vt 0 0
vt 0 0
vt 0 0
vt 0 0
vt 0 0
vt 0 0
vt 0 0
vt 0 0
vt 0 0
vt 0 0
vt 0 0
vt 0 0
vt 0 0
vt 0 0
vt 0 0
vt 0 0
vt 0 0
vt 0 0
vt 0 0
vt 0 0
vt 0 0
vt 0 0
vt 0 0
vt 0 0
vt 0 0
vt 0 0
vt 0 0
vt 0 0
vt 0 0
vt 0 0
vt 0 0
vt 0 0
vt 0 0
vt 0 0
vt 0 0
vt 0 0
vt 0 0
vt 0 0
vt 0 0
vt 0 0
vt 0 0
vt 0 0
vt 0 0
vt 0 0
vt 0 0
vt 0 0
vt 0 0
vt 0 0
vt 0 0
vt 0 0
vt 0 0
vt 0 0
vt 0 0
vt 0 0
vt 0 0
vt 0 0
vt 0 0
vt 0 0
vt 0 0
vt 0 0
vt 0 0
vt 0 0
vt 0 0
vt 0 0
vt 0 0
vt 0 0
vt 0 0
vt 0 0
vt 0 0
vt 0 0
vt 0 0
vt 0 0
vt 0 0
vt 0 0
vt 0 0
vt 0 0
vt 0 0
vt 0 0
vt 0 0
vt 0 0
vt 0 0
vt 0 0
vt 0 0
vt 0 0
vt 0 0
vt 0 0
vt 0 0
vt 0 0
vt 0 0
vt 0 0
vt 0 0
vt 0 0
vt 0 0
vt 0 0
vt 0 0
vt 0 0
vt 0 0
vt 0 0
vt 0 0
vt 0 0
vt 0 0
vt 0 0
vt 0 0
vt 0 0
vt 0 0
vt 0 0
vt 0 0
vt 0 0
vt 0 0
vt 0 0
vt 0 0
vt 0 0
vt 0 0
vt 0 0
vt 0 0
vt 0 0
vt 0 0
vt 0 0
vt 0 0
vt 0 0
vt 0 0
vt 0 0
vt 0 0
vt 0 0
vt 0 0
vt 0 0
vt 0 0
vt 0 0
vt 0 0
vt 0 0
vt 0 0
vt 0 0
vt 0 0
vt 0 0
vt 0 0
vt 0 0
vt 0 0
vt 0 0
vt 0 0
vt 0 0
vt 0 0
vt 0 0
vt 0 0
vt 0 0
vt 0 0
vt 0 0
vt 0 0
vt 0 0
vt 0 0
vt 0 0
vt 0 0
vt 0 0
vt 0 0
vt 0 0
vt 0 0
vt 0 0
vt 0 0
vt 0 0
vt 0 0
vt 0 0
vt 0 0
vt 0 0
vt 0 0
vt 0 0
vt 0 0
vt 0 0
vt 0 0
vt 0 0
vt 0 0
vt 0 0
vt 0 0
vt 0 0
vt 0 0
vt 0 0
vt 0 0
vt 0 0
vt 0 0
vt 0 0
vt 0 0
vt 0 0
vt 0 0
vt 0 0
vt 0 0
vt 0 0
vt 0 0
vt 0 0
vt 0 0
vt 0 0
vt 0 0
vt 0 0
vt 0 0
vt 0 0
vt 0 0
vt 0 0
vt 0 0
vt 0 0
vt 0 0
vt 0 0
vt 0 0
vt 0 0
vt 0 0
vt 0 0
vt 0 0
vt 0 0
vt 0 0
vt 0 0
vt 0 0
vt 0 0
vt 0 0
vt 0 0
vt 0 0
vt 0 0
vt 0 0
vt 0 0
vt 0 0
vt 0 0
vt 0 0
vt 0 0
vt 0 0
vt 0 0
vt 0 0
vt 0 0
vt 0 0
vt 0 0
vt 0 0
vt 0 0
vt 0 0
vt 0 0
vt 0 0
vt 0 0
vt 0 0
vt 0 0
vt 0 0
vt 0 0
vt 0 0
vt 0 0
vt 0 0
vt 0 0
vt 0 0
vt 0 0
vt 0 0
vt 0 0
vt 0 0
vt 0 0
vt 0 0
vt 0 0
vt 0 0
vt 0 0
vt 0 0
vt 0 0
vt 0 0
vt 0 0
vt 0 0
vt 0 0
vt 0 0
vt 0 0
vt 0 0
vt 0 0
vt 0 0
vt 0 0
vt 0 0
vt 0 0
vt 0 0
vt 0 0
vt 0 0
vt 0 0
vt 0 0
vt 0 0
vt 0 0
vt 0 0
vt 0 0
vt 0 0
vt 0 0
vt 0 0
vt 0 0
vt 0 0
vt 0 0
vt 0 0
vt 0 0
vt 0 0
vt 0 0
vt 0 0
vt 0 0
vt 0 0
vt 0 0
vt 0 0
vt 0 0
vt 0 0
vt 0 0
vt 0 0
vt 0 0
vt 0 0
vt 0 0
vt 0 0
vt 0 0
vt 0 0
vt 0 0
vt 0 0
vt 0 0
vt 0 0
vt 0 0
vt 0 0
vt 0 0
vt 0 0
vt 0 0
vt 0 0
vt 0 0
vt 0 0
vt 0 0
vt 0 0
vt 0 0
vt 0 0
vt 0 0
vt 0 0
vt 0 0
vt 0 0
vt 0 0
vt 0 0
vt 0 0
vt 0 0
vt 0 0
vt 0 0
vt 0 0
vt 0 0
vt 0 0
vt 0 0
vt 0 0
vt 0 0
vt 0 0
vt 0 0
vt 0 0
vt 0 0
vt 0 0
vt 0 0
vt 0 0
vt 0 0
vt 0 0
vt 0 0
vt 0 0
vt 0 0
vt 0 0
vt 0 0
vt 0 0
vt 0 0
vt 0 0
vt 0 0
vt 0 0
vt 0 0
vt 0 0
vt 0 0
vt 0 0
vt 0 0
vt 0 0
vt 0 0
vt 0 0
vt 0 0
vt 0 0
vt 0 0
vt 0 0
vt 0 0
vt 0 0
vt 0 0
vt 0 0
vt 0 0
vt 0 0
vt 0 0
vt 0 0
vt 0 0
vt 0 0
vt 0 0
vt 0 0
vt 0 0
vt 0 0
vt 0 0
vt 0 0
vt 0 0
vt 0 0
vt 0 0
vt 0 0
vt 0 0
vt 0 0
vt 0 0
vt 0 0
vt 0 0
vt 0 0
vt 0 0
vt 0 0
vt 0 0
vt 0 0
vt 0 0
vt 0 0
vt 0 0
vt 0 0
vt 0 0
vt 0 0
vt 0 0
vt 0 0
vt 0 0
vt 0 0
vt 0 0
vt 0 0
vt 0 0
vt 0 0
vt 0 0
vt 0 0
vt 0 0
vt 0 0
vt 0 0
vt 0 0
vt 0 0
vt 0 0
vt 0 0
vt 0 0
vt 0 0
vt 0 0
vt 0 0
vt 0 0
vt 0 0
vt 0 0
vt 0 0
vt 0 0
vt 0 0
vt 0 0
vt 0 0
vt 0 0
vt 0 0
vt 0 0
vt 0 0
vt 0 0
vt 0 0
vt 0 0
vt 0 0
vt 0 0
vt 0 0
vt 0 0
vt 0 0
vt 0 0
vt 0 0
vt 0 0
vt 0 0
vt 0 0
vt 0 0
vt 0 0
vt 0 0
vt 0 0
vt 0 0
vt 0 0
vt 0 0
vt 0 0
vt 0 0
vt 0 0
vt 0 0
vt 0 0
vt 0 0
vt 0 0
vt 0 0
vt 0 0
vt 0 0
vt 0 0
vt 0 0
vt 0 0
vt 0 0
vt 0 0
vt 0 0
vt 0 0
vt 0 0
vt 0 0
vt 0 0
vt 0 0
vt 0 0
vt 0 0
vt 0 0
vt 0 0
vt 0 0
vt 0 0
vt 0 0
vt 0 0
vt 0 0
vt 0 0
vt 0 0
vt 0 0
vt 0 0
vt 0 0
vt 0 0
vt 0 0
vt 0 0
vt 0 0
vt 0 0
vt 0 0
vt 0 0
vt 0 0
vt 0 0
vt 0 0
vt 0 0
vt 0 0
vt 0 0
vt 0 0
vt 0 0
vt 0 0
vt 0 0
vt 0 0
vt 0 0
vt 0 0
vt 0 0
vt 0 0
vt 0 0
vt 0 0
vt 0 0
vt 0 0
vt 0 0
vt 0 0
vt 0 0
vt 0 0
vt 0 0
vt 0 0
vt 0 0
vt 0 0
vt 0 0
vt 0 0
vt 0 0
vt 0 0
vt 0 0
vt 0 0
vt 0 0
vt 0 0
vt 0 0
vt 0 0
vt 0 0
vt 0 0
vt 0 0
vt 0 0
vt 0 0
vt 0 0
vt 0 0
vt 0 0
vt 0 0
vt 0 0
vt 0 0
vt 0 0
vt 0 0
vt 0 0
vt 0 0
vt 0 0
vt 0 0
vt 0 0
vt 0 0
vt 0 0
vt 0 0
vt 0 0
vt 0 0
vt 0 0
vt 0 0
vt 0 0
vt 0 0
vt 0 0
vt 0 0
vt 0 0
vt 0 0
vt 0 0
vt 0 0
vt 0 0
vt 0 0
vt 0 0
vt 0 0
vt 0 0
vt 0 0
vt 0 0
vt 0 0
vt 0 0
vt 0 0
vt 0 0
vt 0 0
vt 0 0
vt 0 0
vt 0 0
vt 0 0
vt 0 0
vt 0 0
vt 0 0
vt 0 0
vt 0 0
vt 0 0
vt 0 0
vt 0 0
vt 0 0
vt 0 0
vt 0 0
vt 0 0
vt 0 0
vt 0 0
vt 0 0
vt 0 0
vt 0 0
vt 0 0
vt 0 0
vt 0 0
vt 0 0
vt 0 0
vt 0 0
vt 0 0
vt 0 0
vt 0 0
vt 0 0
vt 0 0
vt 0 0
vt 0 0
vt 0 0
vt 0 0
vt 0 0
vt 0 0
vt 0 0
vt 0 0
vt 0 0
vt 0 0
vt 0 0
vt 0 0
vt 0 0
vt 0 0
vt 0 0
vt 0 0
vt 0 0
vt 0 0
vt 0 0
vt 0 0
vt 0 0
vt 0 0
vt 0 0
vt 0 0
vt 0 0
vt 0 0
vt 0 0
vt 0 0
vt 0 0
vt 0 0
vt 0 0
vt 0 0
vt 0 0
vt 0 0
vt 0 0
vt 0 0
vt 0 0
vt 0 0
vt 0 0
vt 0 0
vt 0 0
vt 0 0
vt 0 0
vt 0 0
vt 0 0
vt 0 0
vt 0 0
vt 0 0
vt 0 0
vt 0 0
vt 0 0
vt 0 0
vt 0 0
vt 0 0
vt 0 0
vt 0 0
vt 0 0
vt 0 0
vt 0 0
vt 0 0
vt 0 0
vt 0 0
vt 0 0
vt 0 0
vt 0 0
vt 0 0
vt 0 0
vt 0 0
vt 0 0
vt 0 0
vt 0 0
vt 0 0
vt 0 0
vt 0 0
vt 0 0
vt 0 0
vt 0 0
vt 0 0
vt 0 0
vt 0 0
vt 0 0
vt 0 0
vt 0 0
vt 0 0
vt 0 0
vt 0 0
vt 0 0
vt 0 0
vt 0 0
vt 0 0
vt 0 0
vt 0 0
vt 0 0
vt 0 0
vt 0 0
vt 0 0
vt 0 0
vt 0 0
vt 0 0
vt 0 0
vt 0 0
vt 0 0
vt 0 0
vt 0 0
vt 0 0
vt 0 0
vt 0 0
vt 0 0
vt 0 0
vt 0 0
vt 0 0
vt 0 0
vt 0 0
vt 0 0
vt 0 0
vt 0 0
vt 0 0
vt 0 0
vt 0 0
vt 0 0
vt 0 0
vt 0 0
vt 0 0
vt 0 0
vt 0 0
vt 0 0
vt 0 0
vt 0 0
vt 0 0
vt 0 0
vt 0 0
vt 0 0
vt 0 0
vt 0 0
vt 0 0
vt 0 0
vt 0 0
vt 0 0
vt 0 0
vt 0 0
vt 0 0
vt 0 0
vt 0 0
vt 0 0
vt 0 0
vt 0 0
vt 0 0
vt 0 0
vt 0 0
vt 0 0
vt 0 0
vt 0 0
vt 0 0
vt 0 0
vt 0 0
vt 0 0
vt 0 0
vt 0 0
vt 0 0
vt 0 0
vt 0 0
vt 0 0
vt 0 0
vt 0 0
vt 0 0
vt 0 0
vt 0 0
vt 0 0
vt 0 0
vt 0 0
vt 0 0
vt 0 0
vt 0 0
vt 0 0
vt 0 0
vt 0 0
vt 0 0
vt 0 0
vt 0 0
vt 0 0
vt 0 0
vt 0 0
vt 0 0
vt 0 0
vt 0 0
vt 0 0
vt 0 0
vt 0 0
vt 0 0
vt 0 0
vt 0 0
vt 0 0
vt 0 0
vt 0 0
vt 0 0
vt 0 0
vt 0 0
vt 0 0
vt 0 0
vt 0 0
vt 0 0
vt 0 0
vt 0 0
vt 0 0
vt 0 0
vt 0 0
vt 0 0
vt 0 0
vt 0 0
vt 0 0
vt 0 0
vt 0 0
vt 0 0
vt 0 0
vt 0 0
vt 0 0
vt 0 0
vt 0 0
vt 0 0
vt 0 0
vt 0 0
vt 0 0
vt 0 0
vt 0 0
vt 0 0
vt 0 0
vt 0 0
vt 0 0
vt 0 0
vt 0 0
vt 0 0
vt 0 0
vt 0 0
vt 0 0
vt 0 0
vt 0 0
vt 0 0
vt 0 0
vt 0 0
vt 0 0
vt 0 0
vt 0 0
vt 0 0
vt 0 0
vt 0 0
vt 0 0
vt 0 0
vt 0 0
vt 0 0
vt 0 0
vt 0 0
vt 0 0
vt 0 0
vt 0 0
vt 0 0
vt 0 0
vt 0 0
vt 0 0
vt 0 0
vt 0 0
vt 0 0
vt 0 0
vt 0 0
vt 0 0
vt 0 0
vt 0 0
vt 0 0
vt 0 0
vt 0 0
vt 0 0
vt 0 0
vt 0 0
vt 0 0
vt 0 0
vt 0 0
vt 0 0
vt 0 0
vt 0 0
vt 0 0
vt 0 0
vt 0 0
vt 0 0
vt 0 0
vt 0 0
vt 0 0
vt 0 0
vt 0 0
vt 0 0
vt 0 0
vt 0 0
vt 0 0
vt 0 0
vt 0 0
vt 0 0
vt 0 0
vt 0 0
vt 0 0
vt 0 0
vt 0 0
vt 0 0
vt 0 0
vt 0 0
vt 0 0
vt 0 0
vt 0 0
vt 0 0
vt 0 0
vt 0 0
vt 0 0
vt 0 0
vt 0 0
vt 0 0
vt 0 0
vt 0 0
vt 0 0
vt 0 0
vt 0 0
vt 0 0
vt 0 0
vt 0 0
vt 0 0
vt 0 0
vt 0 0
vt 0 0
vt 0 0
vt 0 0
vt 0 0
vt 0 0
vt 0 0
vt 0 0
vt 0 0
vt 0 0
vt 0 0
vt 0 0
vt 0 0
vt 0 0
vt 0 0
vt 0 0
vt 0 0
vt 0 0
vt 0 0
vt 0 0
vt 0 0
vt 0 0
vt 0 0
vt 0 0
vt 0 0
vt 0 0
vt 0 0
vt 0 0
vt 0 0
vt 0 0
vt 0 0
vt 0 0
vt 0 0
vt 0 0
vt 0 0
vt 0 0
vt 0 0
vt 0 0
vt 0 0
vt 0 0
vt 0 0
vt 0 0
vt 0 0
vt 0 0
vt 0 0
vt 0 0
vt 0 0
vt 0 0
vt 0 0
vt 0 0
vt 0 0
vt 0 0
vt 0 0
vt 0 0
vt 0 0
vt 0 0
vt 0 0
vt 0 0
vt 0 0
vt 0 0
vt 0 0
vt 0 0
vt 0 0
vt 0 0
vt 0 0
vt 0 0
vt 0 0
vt 0 0
vt 0 0
vt 0 0
vt 0 0
vt 0 0
vt 0 0
vt 0 0
vt 0 0
vt 0 0
vt 0 0
vt 0 0
vt 0 0
vt 0 0
vt 0 0
vt 0 0
vt 0 0
vt 0 0
vt 0 0
vt 0 0
vt 0 0
vt 0 0
vt 0 0
vt 0 0
vt 0 0
vt 0 0
vt 0 0
vt 0 0
vt 0 0
vt 0 0
vt 0 0
vt 0 0
vt 0 0
vt 0 0
vt 0 0
vt 0 0
vt 0 0
vt 0 0
vt 0 0
vt 0 0
vt 0 0
vt 0 0
vt 0 0
vt 0 0
vt 0 0
vt 0 0
vt 0 0
vt 0 0
vt 0 0
vt 0 0
vt 0 0
vt 0 0
vt 0 0
vt 0 0
vt 0 0
vt 0 0
vt 0 0
vt 0 0
vt 0 0
vt 0 0
vt 0 0
vt 0 0
vt 0 0
vt 0 0
vt 0 0
vt 0 0
vt 0 0
vt 0 0
vt 0 0
vt 0 0
vt 0 0
vt 0 0
vt 0 0
vt 0 0
vt 0 0
vt 0 0
vt 0 0
vt 0 0
vt 0 0
vt 0 0
vt 0 0
vt 0 0
vt 0 0
vt 0 0
vt 0 0
vt 0 0
vt 0 0
vt 0 0
vt 0 0
vt 0 0
vt 0 0
vt 0 0
vt 0 0
vt 0 0
vt 0 0
vt 0 0
vt 0 0
vt 0 0
vt 0 0
vt 0 0
vt 0 0
vt 0 0
vt 0 0
vt 0 0
vt 0 0
vt 0 0
vt 0 0
vt 0 0
vt 0 0
vt 0 0
vt 0 0
vt 0 0
vt 0 0
vt 0 0
vt 0 0
vt 0 0
vt 0 0
vt 0 0
vt 0 0
vt 0 0
vt 0 0
vt 0 0
vt 0 0
vt 0 0
vt 0 0
vt 0 0
vt 0 0
vt 0 0
vt 0 0
vt 0 0
vt 0 0
vt 0 0
vt 0 0
vt 0 0
vt 0 0
vt 0 0
vt 0 0
vt 0 0
vt 0 0
vt 0 0
vt 0 0
vt 0 0
vt 0 0
vt 0 0
vt 0 0
vt 0 0
vt 0 0
vt 0 0
vt 0 0
vt 0 0
vt 0 0
vt 0 0
vt 0 0
vt 0 0
vt 0 0
vt 0 0
vt 0 0
vt 0 0
vt 0 0
vt 0 0
vt 0 0
vt 0 0
vt 0 0
vt 0 0
vt 0 0
vt 0 0
vt 0 0
vt 0 0
vt 0 0
vt 0 0
vt 0 0
vt 0 0
vt 0 0
vt 0 0
vt 0 0
vt 0 0
vt 0 0
vt 0 0
vt 0 0
vt 0 0
vt 0 0
vt 0 0
vt 0 0
vt 0 0
vt 0 0
vt 0 0
vt 0 0
vt 0 0
vt 0 0
vt 0 0
vt 0 0
vt 0 0
vt 0 0
vt 0 0
vt 0 0
vt 0 0
vt 0 0
vt 0 0
vt 0 0
vt 0 0
vt 0 0
vt 0 0
vt 0 0
vt 0 0
vt 0 0
vt 0 0
vt 0 0
vt 0 0
vt 0 0
vt 0 0
vt 0 0
vt 0 0
vt 0 0
vt 0 0
vt 0 0
vt 0 0
vt 0 0
vt 0 0
vt 0 0
vt 0 0
vt 0 0
vt 0 0
vt 0 0
vt 0 0
vt 0 0
vt 0 0
vt 0 0
vt 0 0
vt 0 0
vt 0 0
vt 0 0
vt 0 0
vt 0 0
vt 0 0
vt 0 0
vt 0 0
vt 0 0
vt 0 0
vt 0 0
vt 0 0
vt 0 0
vt 0 0
vt 0 0
vt 0 0
vt 0 0
vt 0 0
vt 0 0
vt 0 0
vt 0 0
vt 0 0
vt 0 0
vt 0 0
vt 0 0
vt 0 0
vt 0 0
vt 0 0
vt 0 0
vt 0 0
vt 0 0
vt 0 0
vt 0 0
vt 0 0
vt 0 0
vt 0 0
vt 0 0
vt 0 0
vt 0 0
vt 0 0
vt 0 0
vt 0 0
vt 0 0
vt 0 0
vt 0 0
vt 0 0
vt 0 0
vt 0 0
vt 0 0
vt 0 0
vt 0 0
vt 0 0
vt 0 0
vt 0 0
vt 0 0
vt 0 0
vt 0 0
vt 0 0
vt 0 0
vt 0 0
vt 0 0
vt 0 0
vt 0 0
vt 0 0
vt 0 0
vt 0 0
vt 0 0
vt 0 0
vt 0 0
vt 0 0
vt 0 0
vt 0 0
vt 0 0
vt 0 0
vt 0 0
vt 0 0
vt 0 0
vt 0 0
vt 0 0
vt 0 0
vt 0 0
vt 0 0
vt 0 0
vt 0 0
vt 0 0
vt 0 0
vt 0 0
vt 0 0
vt 0 0
vt 0 0
vt 0 0
vt 0 0
vt 0 0
vt 0 0
vt 0 0
vt 0 0
vt 0 0
vt 0 0
vt 0 0
vt 0 0
vt 0 0
vt 0 0
vt 0 0
vt 0 0
vt 0 0
vt 0 0
vt 0 0
vt 0 0
vt 0 0
vt 0 0
vt 0 0
vt 0 0
vt 0 0
vt 0 0
vt 0 0
vt 0 0
vt 0 0
vt 0 0
vt 0 0
vt 0 0
vt 0 0
vt 0 0
vt 0 0
vt 0 0
vt 0 0
vt 0 0
vt 0 0
vt 0 0
vt 0 0
vt 0 0
vt 0 0
vt 0 0
vt 0 0
vt 0 0
vt 0 0
vt 0 0
vt 0 0
vt 0 0
vt 0 0
vt 0 0
vt 0 0
vt 0 0
vt 0 0
vt 0 0
vt 0 0
vt 0 0
vt 0 0
vt 0 0
vt 0 0
vt 0 0
vt 0 0
vt 0 0
vt 0 0
vt 0 0
vt 0 0
vt 0 0
vt 0 0
vt 0 0
vt 0 0
vt 0 0
vt 0 0
vt 0 0
vt 0 0
vt 0 0
vt 0 0
vt 0 0
vt 0 0
vt 0 0
vt 0 0
vt 0 0
vt 0 0
vt 0 0
vt 0 0
vt 0 0
vt 0 0
vt 0 0
vt 0 0
vt 0 0
vt 0 0
vt 0 0
vt 0 0
vt 0 0
vt 0 0
vt 0 0
vt 0 0
vt 0 0
vt 0 0
vt 0 0
vt 0 0
vt 0 0
vt 0 0
vt 0 0
vt 0 0
vt 0 0
vt 0 0
vt 0 0
vt 0 0
vt 0 0
vt 0 0
vt 0 0
vt 0 0
vt 0 0
vt 0 0
vt 0 0
vt 0 0
vt 0 0
vt 0 0
vt 0 0
vt 0 0
vt 0 0
vt 0 0
vt 0 0
vt 0 0
vt 0 0
vt 0 0
vt 0 0
vt 0 0
vt 0 0
vt 0 0
vt 0 0
vt 0 0
vt 0 0
vt 0 0
vt 0 0
vt 0 0
vt 0 0
vt 0 0
vt 0 0
vt 0 0
vt 0 0
vt 0 0
vt 0 0
vt 0 0
vt 0 0
vt 0 0
vt 0 0
vt 0 0
vt 0 0
vt 0 0
vt 0 0
vt 0 0
vt 0 0
vt 0 0
vt 0 0
vt 0 0
vt 0 0
vt 0 0
vt 0 0
vt 0 0
vt 0 0
vt 0 0
vt 0 0
vt 0 0
vt 0 0
vt 0 0
vt 0 0
vt 0 0
vt 0 0
vt 0 0
vt 0 0
vt 0 0
vt 0 0
vt 0 0
vt 0 0
vt 0 0
vt 0 0
vt 0 0
vt 0 0
vt 0 0
vt 0 0
vt 0 0
vt 0 0
vt 0 0
vt 0 0
vt 0 0
vt 0 0
vt 0 0
vt 0 0
vt 0 0
vt 0 0
vt 0 0
vt 0 0
vt 0 0
vt 0 0
vt 0 0
vt 0 0
vt 0 0
vt 0 0
vt 0 0
vt 0 0
vt 0 0
vt 0 0
vt 0 0
vt 0 0
vt 0 0
vt 0 0
vt 0 0
vt 0 0
vt 0 0
vt 0 0
vt 0 0
vt 0 0
vt 0 0
vt 0 0
vt 0 0
vt 0 0
vt 0 0
vt 0 0
vt 0 0
vt 0 0
vt 0 0
vt 0 0
vt 0 0
vt 0 0
vt 0 0
vt 0 0
vt 0 0
vt 0 0
vt 0 0
vt 0 0
vt 0 0
vt 0 0
vt 0 0
vt 0 0
vt 0 0
vt 0 0
vt 0 0
vt 0 0
vt 0 0
vt 0 0
vt 0 0
vt 0 0
vt 0 0
vt 0 0
vt 0 0
vt 0 0
vt 0 0
vt 0 0
vt 0 0
vt 0 0
vt 0 0
vt 0 0
vt 0 0
vt 0 0
vt 0 0
vt 0 0
vt 0 0
vt 0 0
vt 0 0
vt 0 0
vt 0 0
vt 0 0
vt 0 0
vt 0 0
vt 0 0
vt 0 0
vt 0 0
vt 0 0
vt 0 0
vt 0 0
vt 0 0
vt 0 0
vt 0 0
vt 0 0
vt 0 0
vt 0 0
vt 0 0
vt 0 0
vt 0 0
vt 0 0
vt 0 0
vt 0 0
vt 0 0
vt 0 0
vt 0 0
vt 0 0
vt 0 0
vt 0 0
vt 0 0
vt 0 0
vt 0 0
vt 0 0
vt 0 0
vt 0 0
vt 0 0
vt 0 0
vt 0 0
vt 0 0
vt 0 0
vt 0 0
vt 0 0
vt 0 0
vt 0 0
vt 0 0
vt 0 0
vt 0 0
vt 0 0
vt 0 0
vt 0 0
vt 0 0
vt 0 0
vt 0 0
vt 0 0
vt 0 0
vt 0 0
vt 0 0
vt 0 0
vt 0 0
vt 0 0
vt 0 0
vt 0 0
vt 0 0
vt 0 0
vt 0 0
vt 0 0
vt 0 0
vt 0 0
vt 0 0
vt 0 0
vt 0 0
vt 0 0
vt 0 0
vt 0 0
vt 0 0
vt 0 0
vt 0 0
vt 0 0
vt 0 0
vt 0 0
vt 0 0
vt 0 0
vt 0 0
vt 0 0
vt 0 0
vt 0 0
vt 0 0
vt 0 0
vt 0 0
vt 0 0
vt 0 0
vt 0 0
vt 0 0
vt 0 0
vt 0 0
vt 0 0
vt 0 0
vt 0 0
vt 0 0
vt 0 0
vt 0 0
vt 0 0
vt 0 0
vt 0 0
vt 0 0
vt 0 0
vt 0 0
vt 0 0
vt 0 0
vt 0 0
vt 0 0
vt 0 0
vt 0 0
vt 0 0
vt 0 0
vt 0 0
vt 0 0
vt 0 0
vt 0 0
vt 0 0
vt 0 0
vt 0 0
vt 0 0
vt 0 0
vt 0 0
vt 0 0
vt 0 0
vt 0 0
vt 0 0
vt 0 0
vt 0 0
vt 0 0
vt 0 0
vt 0 0
vt 0 0
vt 0 0
vt 0 0
vt 0 0
vt 0 0
vt 0 0
vt 0 0
vt 0 0
vt 0 0
vt 0 0
vt 0 0
vt 0 0
vt 0 0
vt 0 0
vt 0 0
vt 0 0
vt 0 0
vt 0 0
vt 0 0
vt 0 0
vt 0 0
vt 0 0
vt 0 0
vt 0 0
vt 0 0
vt 0 0
vt 0 0
vt 0 0
vt 0 0
vt 0 0
vt 0 0
vt 0 0
vt 0 0
vt 0 0
vt 0 0
vt 0 0
vt 0 0
vt 0 0
vt 0 0
vt 0 0
vt 0 0
vt 0 0
vt 0 0
vt 0 0
vt 0 0
vt 0 0
vt 0 0
vt 0 0
vt 0 0
vt 0 0
vt 0 0
vt 0 0
vt 0 0
vt 0 0
vt 0 0
vt 0 0
vt 0 0
vt 0 0
vt 0 0
vt 0 0
vt 0 0
vt 0 0
vt 0 0
vt 0 0
vt 0 0
vt 0 0
vt 0 0
vt 0 0
vt 0 0
vt 0 0
vt 0 0
vt 0 0
vt 0 0
vt 0 0
vt 0 0
vt 0 0
vt 0 0
vt 0 0
vt 0 0
vt 0 0
vt 0 0
vt 0 0
vt 0 0
vt 0 0
vt 0 0
vt 0 0
vt 0 0
vt 0 0
vt 0 0
vt 0 0
vt 0 0
vt 0 0
vt 0 0
vt 0 0
vt 0 0
vt 0 0
vt 0 0
vt 0 0
vt 0 0
vt 0 0
vt 0 0
vt 0 0
vt 0 0
vt 0 0
vt 0 0
vt 0 0
vt 0 0
vt 0 0
vt 0 0
vt 0 0
vt 0 0
vt 0 0
vt 0 0
vt 0 0
vt 0 0
vt 0 0
vt 0 0
vt 0 0
vt 0 0
vt 0 0
vt 0 0
vt 0 0
vt 0 0
vt 0 0
vt 0 0
vt 0 0
vt 0 0
vt 0 0
vt 0 0
vt 0 0
vt 0 0
vt 0 0
vt 0 0
vt 0 0
vt 0 0
vt 0 0
vt 0 0
vt 0 0
vt 0 0
vt 0 0
vt 0 0
vt 0 0
vt 0 0
vt 0 0
vt 0 0
vt 0 0
vt 0 0
vt 0 0
vt 0 0
vt 0 0
vt 0 0
vt 0 0
vt 0 0
vt 0 0
vt 0 0
vt 0 0
vt 0 0
vt 0 0
vt 0 0
vt 0 0
vt 0 0
vt 0 0
vt 0 0
vt 0 0
vt 0 0
vt 0 0
vt 0 0
vt 0 0
vt 0 0
vt 0 0
vt 0 0
vt 0 0
vt 0 0
vt 0 0
vt 0 0
vt 0 0
vt 0 0
vt 0 0
vt 0 0
vt 0 0
vt 0 0
vt 0 0
vt 0 0
vt 0 0
vt 0 0
vt 0 0
vt 0 0
vt 0 0
vt 0 0
vt 0 0
vt 0 0
vt 0 0
vt 0 0
vt 0 0
vt 0 0
vt 0 0
vt 0 0
vt 0 0
vt 0 0
vt 0 0
vt 0 0
vt 0 0
vt 0 0
vt 0 0
vt 0 0
vt 0 0
vt 0 0
vt 0 0
vt 0 0
vt 0 0
vt 0 0
vt 0 0
vt 0 0
vt 0 0
vt 0 0
vt 0 0
vt 0 0
vt 0 0
vt 0 0
vt 0 0
vt 0 0
vt 0 0
vt 0 0
vt 0 0
vt 0 0
vt 0 0
vt 0 0
vt 0 0
vt 0 0
vt 0 0
vt 0 0
vt 0 0
vt 0 0
vt 0 0
vt 0 0
vt 0 0
vt 0 0
vt 0 0
vt 0 0
vt 0 0
vt 0 0
vt 0 0
vt 0 0
vt 0 0
vt 0 0
vt 0 0
vt 0 0
vt 0 0
vt 0 0
vt 0 0
vt 0 0
vt 0 0
vt 0 0
vt 0 0
vt 0 0
vt 0 0
vt 0 0
vt 0 0
vt 0 0
vt 0 0
vt 0 0
vt 0 0
vt 0 0
vt 0 0
vt 0 0
vt 0 0
vt 0 0
vt 0 0
vt 0 0
vt 0 0
vt 0 0
vt 0 0
vt 0 0
vt 0 0
vt 0 0
vt 0 0
vt 0 0
vt 0 0
vt 0 0
vt 0 0
vt 0 0
vt 0 0
vt 0 0
vt 0 0
vt 0 0
vt 0 0
vt 0 0
vt 0 0
vt 0 0
vt 0 0
vt 0 0
vt 0 0
vt 0 0
vt 0 0
vt 0 0
vt 0 0
vt 0 0
vt 0 0
vt 0 0
vt 0 0
vt 0 0
vt 0 0
vt 0 0
vt 0 0
vt 0 0
vt 0 0
vt 0 0
vt 0 0
vt 0 0
vt 0 0
vt 0 0
vt 0 0
vt 0 0
vt 0 0
vt 0 0
vt 0 0
vt 0 0
vt 0 0
vt 0 0
vt 0 0
vt 0 0
vt 0 0
vt 0 0
vt 0 0
vt 0 0
vt 0 0
vt 0 0
vt 0 0
vt 0 0
vt 0 0
vt 0 0
vt 0 0
vt 0 0
vt 0 0
vt 0 0
vt 0 0
vt 0 0
vt 0 0
vt 0 0
vt 0 0
vt 0 0
vt 0 0
vt 0 0
vt 0 0
vt 0 0
vt 0 0
vt 0 0
vt 0 0
vt 0 0
vt 0 0
vt 0 0
vt 0 0
vt 0 0
vt 0 0
vt 0 0
vt 0 0
vt 0 0
vt 0 0
vt 0 0
vt 0 0
vt 0 0
vt 0 0
vt 0 0
vt 0 0
vt 0 0
vt 0 0
vt 0 0
vt 0 0
vt 0 0
vt 0 0
vt 0 0
vt 0 0
vt 0 0
vt 0 0
vt 0 0
vt 0 0
vt 0 0
vt 0 0
vt 0 0
vt 0 0
vt 0 0
vt 0 0
vt 0 0
vt 0 0
vt 0 0
vt 0 0
vt 0 0
vt 0 0
vt 0 0
vt 0 0
vt 0 0
vt 0 0
vt 0 0
vt 0 0
vt 0 0
vt 0 0
vt 0 0
vt 0 0
vt 0 0
vt 0 0
vt 0 0
vt 0 0
vt 0 0
vt 0 0
vt 0 0
vt 0 0
vt 0 0
vt 0 0
vt 0 0
vt 0 0
vt 0 0
vt 0 0
vt 0 0
vt 0 0
vt 0 0
vt 0 0
vt 0 0
vt 0 0
vt 0 0
vt 0 0
vt 0 0
vt 0 0
vt 0 0
vt 0 0
vt 0 0
vt 0 0
vt 0 0
vt 0 0
vt 0 0
vt 0 0
vt 0 0
vt 0 0
vt 0 0
vt 0 0
vt 0 0
vt 0 0
vt 0 0
vt 0 0
vt 0 0
vt 0 0
vt 0 0
vt 0 0
vt 0 0
vt 0 0
vt 0 0
vt 0 0
vt 0 0
vt 0 0
vt 0 0
vt 0 0
vt 0 0
vt 0 0
vt 0 0
vt 0 0
vt 0 0
vt 0 0
vt 0 0
vt 0 0
vt 0 0
vt 0 0
vt 0 0
vt 0 0
vt 0 0
vt 0 0
vt 0 0
vt 0 0
vt 0 0
vt 0 0
vt 0 0
vt 0 0
vt 0 0
vt 0 0
vt 0 0
vt 0 0
vt 0 0
vt 0 0
vt 0 0
vt 0 0
vt 0 0
vt 0 0
vt 0 0
vt 0 0
vt 0 0
vt 0 0
vt 0 0
vt 0 0
vt 0 0
vt 0 0
vt 0 0
vt 0 0
vt 0 0
vt 0 0
vt 0 0
vt 0 0
vt 0 0
vt 0 0
vt 0 0
vt 0 0
vt 0 0
vt 0 0
vt 0 0
vt 0 0
vt 0 0
vt 0 0
vt 0 0
vt 0 0
vt 0 0
vt 0 0
vt 0 0
vt 0 0
vt 0 0
vt 0 0
vt 0 0
vt 0 0
vt 0 0
vt 0 0
vt 0 0
vt 0 0
vt 0 0
vt 0 0
vt 0 0
vt 0 0
vt 0 0
vt 0 0
vt 0 0
vt 0 0
vt 0 0
vt 0 0
vt 0 0
vt 0 0
vt 0 0
vt 0 0
vt 0 0
vt 0 0
vt 0 0
vt 0 0
vt 0 0
vt 0 0
vt 0 0
vt 0 0
vt 0 0
vt 0 0
vt 0 0
vt 0 0
vt 0 0
vt 0 0
vt 0 0
vt 0 0
vt 0 0
vt 0 0
vt 0 0
vt 0 0
vt 0 0
vt 0 0
vt 0 0
vt 0 0
vt 0 0
vt 0 0
vt 0 0
vt 0 0
vt 0 0
vt 0 0
vt 0 0
vt 0 0
vt 0 0
vt 0 0
vt 0 0
vt 0 0
vt 0 0
vt 0 0
vt 0 0
vt 0 0
vt 0 0
vt 0 0
vt 0 0
vt 0 0
vt 0 0
vt 0 0
vt 0 0
vt 0 0
vt 0 0
vt 0 0
vt 0 0
vt 0 0
vt 0 0
vt 0 0
vt 0 0
vt 0 0
vt 0 0
vt 0 0
vt 0 0
vt 0 0
vt 0 0
vt 0 0
vt 0 0
vt 0 0
vt 0 0
vt 0 0
vt 0 0
vt 0 0
vt 0 0
vt 0 0
vt 0 0
vt 0 0
vt 0 0
vt 0 0
vt 0 0
vt 0 0
vt 0 0
vt 0 0
vt 0 0
vt 0 0
vt 0 0
vt 0 0
vt 0 0
vt 0 0
vt 0 0
vt 0 0
vt 0 0
vt 0 0
vt 0 0
vt 0 0
vt 0 0
vt 0 0
vt 0 0
vt 0 0
vt 0 0
vt 0 0
vt 0 0
vt 0 0
vt 0 0
vt 0 0
vt 0 0
vt 0 0
vt 0 0
vt 0 0
vt 0 0
vt 0 0
vt 0 0
vt 0 0
vt 0 0
vt 0 0
vt 0 0
vt 0 0
vt 0 0
vt 0 0
vt 0 0
vt 0 0
vt 0 0
vt 0 0
vt 0 0
vt 0 0
vt 0 0
vt 0 0
vt 0 0
vt 0 0
vt 0 0
vt 0 0
vt 0 0
vt 0 0
vt 0 0
vt 0 0
vt 0 0
vt 0 0
vt 0 0
vt 0 0
vt 0 0
vt 0 0
vt 0 0
vt 0 0
vt 0 0
vt 0 0
vt 0 0
vt 0 0
vt 0 0
vt 0 0
vt 0 0
vt 0 0
vt 0 0
vt 0 0
vt 0 0
vt 0 0
vt 0 0
vt 0 0
vt 0 0
vt 0 0
vt 0 0
vt 0 0
vt 0 0
vt 0 0
vt 0 0
vt 0 0
vt 0 0
vt 0 0
vt 0 0
vt 0 0
vt 0 0
vt 0 0
vt 0 0
vt 0 0
vt 0 0
vt 0 0
vt 0 0
vt 0 0
vt 0 0
vt 0 0
vt 0 0
vt 0 0
vt 0 0
vt 0 0
vt 0 0
vt 0 0
vt 0 0
vt 0 0
vt 0 0
vt 0 0
vt 0 0
vt 0 0
vt 0 0
vt 0 0
vt 0 0
vt 0 0
vt 0 0
vt 0 0
vt 0 0
vt 0 0
vt 0 0
vt 0 0
vt 0 0
vt 0 0
vt 0 0
vt 0 0
vt 0 0
vt 0 0
vt 0 0
vt 0 0
vt 0 0
vt 0 0
vt 0 0
vt 0 0
vt 0 0
vt 0 0
vt 0 0
vt 0 0
vt 0 0
vt 0 0
vt 0 0
vt 0 0
vt 0 0
vt 0 0
vt 0 0
vt 0 0
vt 0 0
vt 0 0
vt 0 0
vt 0 0
vt 0 0
vt 0 0
vt 0 0
vt 0 0
vt 0 0
vt 0 0
vt 0 0
vt 0 0
vt 0 0
vt 0 0
vt 0 0
vt 0 0
vt 0 0
vt 0 0
vt 0 0
vt 0 0
vt 0 0
vt 0 0
vt 0 0
vt 0 0
vt 0 0
vt 0 0
vt 0 0
vt 0 0
vt 0 0
vt 0 0
vt 0 0
vt 0 0
vt 0 0
vt 0 0
vt 0 0
vt 0 0
vt 0 0
vt 0 0
vt 0 0
vt 0 0
vt 0 0
vt 0 0
vt 0 0
vt 0 0
vt 0 0
vt 0 0
vt 0 0
vt 0 0
vt 0 0
vt 0 0
vt 0 0
vt 0 0
vt 0 0
vt 0 0
vt 0 0
vt 0 0
vt 0 0
vt 0 0
vt 0 0
vt 0 0
vt 0 0
vt 0 0
vt 0 0
vt 0 0
vt 0 0
vt 0 0
vt 0 0
vt 0 0
vt 0 0
vt 0 0
vt 0 0
vt 0 0
vt 0 0
vt 0 0
vt 0 0
vt 0 0
vt 0 0
vt 0 0
vt 0 0
vt 0 0
vt 0 0
vt 0 0
vt 0 0
vt 0 0
vt 0 0
vt 0 0
vt 0 0
vt 0 0
vt 0 0
vt 0 0
vt 0 0
vt 0 0
vt 0 0
vt 0 0
vt 0 0
vt 0 0
vt 0 0
vt 0 0
vt 0 0
vt 0 0
vt 0 0
vt 0 0
vt 0 0
vt 0 0
vt 0 0
vt 0 0
vt 0 0
vt 0 0
vt 0 0
vt 0 0
vt 0 0
vt 0 1
vt 1 1
vt 1 0
vt 0 0
vt 0 1
vt 1 1
vt 1 0
vt 0 0
vt 0 1
vt 1 1
vt 1 0
vt 0 0
vt 0 1
vt 1 1
vt 1 0
vt 0 0
vt 0 1
vt 1 1
vt 1 0
vt 0 0
vt 0 1
vt 1 1
vt 1 0
vt 0 0
vt 0 1
vt 1 1
vt 1 0
vt 0 0
vt 0 1
vt 1 1
vt 1 0
vt 0 0
vt 0 1
vt 1 1
vt 1 0
vt 0 0
vt 0 1
vt 1 1
vt 1 0
vt 0 0
vt 0 1
vt 1 1
vt 1 0
vt 0 0
vt 0 1
vt 1 1
vt 1 0
vt 0 0
vt 0 1
vt 1 1
vt 1 0
vt 0 0
vt 0 1
vt 1 1
vt 1 0
vt 0 0
vt 0 1
vt 1 1
vt 1 0
vt 0 0
vt 0 1
vt 1 1
vt 1 0
vt 0 0
vt 0 1
vt 1 1
vt 1 0
vt 0 0
vt 0 1
vt 1 1
vt 1 0
vt 0 0
vt 0 1
vt 1 1
vt 1 0
vt 0 0
vt 0 1
vt 1 1
vt 1 0
vt 0 0
vt 0 1
vt 1 1
vt 1 0
vt 0 0
vt 0 1
vt 1 1
vt 1 0
vt 0 0
vt 0 1
vt 1 1
vt 1 0
vt 0 0
vt 0 1
vt 1 1
vt 1 0
vt 0 0
vt 0 0
vt 0 0
vt 0 0
vt 0 0
vt 0 0
vt 0 0
vt 0 0
vt 0 0
vt 0 0
vt 0 0
vt 0 0
vt 0 0
vt 0 0
vt 0 0
vt 0 0
vt 0 0
vt 0 0
vt 0 0
vt 0 0
vt 0 0
vt 0 0
vt 0 0
vt 0 0
vt 0 0
vt 0 0
vt 0 0
vt 0 0
vt 0 0
vt 0 0
vt 0 0
vt 0 0
vt 0 0
vt 0 0
vt 0 0
vt 0 0
vt 0 0
vt 0 0
vt 0 0
vt 0 0
vt 0 0
vt 0 0
vt 0 0
vt 0 0
vt 0 0
vt 0 0
vt 0 0
vt 0 0
vt 0 0
vt 0 0
vt 0 0
vt 0 0
vt 0 0
vt 0 0
vt 0 0
vt 0 0
vt 0 0
vt 0 0
vt 0 0
vt 0 0
vt 0 0
vt 0 0
vt 0 0
vt 0 0
vt 0 0
vt 0 0
vt 0 0
vt 0 0
vt 0 0
vt 0 0
vt 0 0
vt 0 0
vt 0 0
vt 0 0
vt 0 0
vt 0 0
vt 0 0
vt 0 0
vt 0 0
vt 0 0
vt 0 0
vt 0 0
vt 0 0
vt 0 0
vt 0 0
vt 0 0
vt 0 0
vt 0 0
vt 0 0
vt 0 0
vt 0 0
vt 0 0
vt 0 0
vt 0 0
vt 0 0
vt 0 0
vt 0 0
vt 0 0
vt 0 0
vt 0 0
vt 0 0
vt 0 0
vt 0 0
vt 0 0
vt 0 0
vt 0 0
vt 0 0
vt 0 0
vt 0 0
vt 0 0
vt 0 0
vt 0 0
vt 0 0
vt 0 0
vt 0 0
vt 0 0
vt 0 0
vt 0 0
vt 0 0
vt 0 0
vt 0 0
vt 0 0
vt 0 0
vt 0 0
vt 0 0
vt 0 0
vt 0 0
vt 0 0
vt 0 0
vt 0 0
vt 0 0
vt 0 0
vt 0 0
vt 0 0
vt 0 0
vt 0 0
vt 0 0
vt 0 0
vt 0 0
vt 0 0
vt 0 0
vt 0 0
vt 0 0
vt 0 0
vt 0 0
vt 0 0
vt 0 0
vt 0 0
vt 0 0
vt 0 0
vt 0 0
vt 0 0
vt 0 0
vt 0 0
vt 0 0
vt 0 0
vt 0 0
vt 0 0
vt 0 0
vt 0 0
vt 0 0
vt 0 0
vt 0 0
vt 0 0
vt 0 0
vt 0 0
vt 0 0
vt 0 0
vt 0 0
vt 0 0
vt 0 0
vt 0 0
vt 0 0
vt 0 0
vt 0 0
vt 0 0
vt 0 0
vt 0 0
vt 0 0
vt 0 0
vt 0 0
vt 0 0
vt 0 0
vt 0 0
vt 0 0
vt 0 0
vt 0 0
vt 0 0
vt 0 0
vt 0 0
vt 0 0
vt 0 0
vt 0 0
vt 0 0
vt 0 0
vt 0 0
vt 0 0
vt 0 0
vt 0 0
vt 0 0
vt 0 0
vt 0 0
vt 0 0
vt 0 0
vt 0 0
vt 0 0
vt 0 0
vt 0 0
vt 0 0
vt 0 0
vt 0 0
vt 0 0
vt 0 0
vt 0 0
vt 0 0
vt 0 0
vt 0 0
vt 0 0
vt 0 0
vt 0 0
vt 0 0
vt 0 0
vt 0 0
vt 0 0
vt 0 0
vt 0 0
vt 0 0
vt 0 0
vt 0 0
vt 0 0
vt 0 0
vt 0 0
vt 0 0
vt 0 0
vt 0 0
vt 0 0
vt 0 0
vt 0 0
vt 0 0
vt 0 0
vt 0 0
vt 0 0
vt 0 0
vt 0 0
vt 0 0
vt 0 0
vt 0 0
vt 0 0
vt 0 0
vt 0 0
vt 0 0
vt 0 0
vt 0 0
vt 0 0
vt 0 0
vt 0 0
vt 0 0
vt 0 0
vt 0 0
vt 0 0
vt 0 0
vt 0 0
vt 0 0
vt 0 0
vt 0 0
vt 0 0
vt 0 0
vt 0 0
vt 0 0
vt 0 0
vt 0 0
vt 0 0
vt 0 0
vt 0 0
vt 0 0
vt 0 0
vt 0 0
vt 0 0
vt 0 0
vt 0 0
vt 0 0
vt 0 0
vt 0 0
vt 0 0
vt 0 0
vt 0 0
vt 0 0
vt 0 0
vt 0 0
vt 0 0
vt 0 0
vt 0 0
vt 0 0
vt 0 0
vt 0 0
vt 0 0
vt 0 0
vt 0 0
vt 0 0
vt 0 0
vt 0 0
vt 0 0
vt 0 0
vt 0 0
vt 0 0
vt 0 0
vt 0 0
vt 0 0
vt 0 0
vt 0 0
vt 0 0
vt 0 0
vt 0 0
vt 0 0
vt 0 0
vt 0 0
vt 0 0
vt 0 0
vt 0 0
vt 0 0
vt 0 0
vt 0 0
vt 0 0
vt 0 0
vt 0 0
vt 0 0
vt 0 0
vt 0 0
vt 0 0
vt 0 0
vt 0 0
vt 0 0
vt 0 0
vt 0 0
vt 0 0
vt 0 0
vt 0 0
vt 0 0
vt 0 0
vt 0 0
vt 0 0
vt 0 0
vt 0 0
vt 0 0
vt 0 0
vt 0 0
vt 0 0
vt 0 0
vt 0 0
vt 0 0
vt 0 0
vt 0 0
vt 0 0
vt 0 0
vt 0 0
vt 0 0
vt 0 0
vt 0 0
vt 0 0
vt 0 0
vt 0 0
vt 0 0
vt 0 0
vt 0 0
vt 0 0
vt 0 0
vt 0 0
vt 0 0
vt 0 0
vt 0 0
vt 0 0
vt 0 0
vt 0 0
vt 0 0
vt 0 0
vt 0 0
vt 0 0
vt 0 0
vt 0 0
vt 0 0
vt 0 0
vt 0 0
vt 0 0
vt 0 0
vt 0 0
vt 0 0
vt 0 0
vt 0 0
vt 0 0
vt 0 0
vt 0 0
vt 0 0
vt 0 0
vt 0 0
vt 0 0
vt 0 0
vt 0 0
vt 0 0
vt 0 0
vt 0 0
vt 0 0
vt 0 0
vt 0 0
vt 0 0
vt 0 0
vt 0 0
vt 0 0
vt 0 0
vt 0 0
vt 0 0
vt 0 0
vt 0 0
vt 0 0
vt 0 0
vt 0 0
vt 0 0
vt 0 0
vt 0 0
vt 0 0
vt 0 0
vt 0 0
vt 0 0
vt 0 0
vt 0 0
vt 0 0
vt 0 0
vt 0 0
vt 0 0
vt 0 0
vt 0 0
vt 0 0
vt 0 0
vt 0 0
vt 0 0
vt 0 0
vt 0 0
vt 0 0
vt 0 0
vt 0 0
vt 0 0
vt 0 0
vt 0 0
vt 0 0
vt 0 0
vt 0 0
vt 0 0
vt 0 0
vt 0 0
vt 0 0
vt 0 0
vt 0 0
vt 0 0
vt 0 0
vt 0 0
vt 0 0
vt 0 0
vt 0 0
vt 0 0
vt 0 0
vt 0 0
vt 0 0
vt 0 0
vt 0 0
vt 0 0
vt 0 0
vt 0 0
vt 0 0
vt 0 0
vt 0 0
vt 0 0
vt 0 0
vt 0 0
vt 0 0
vt 0 0
vt 0 0
vt 0 0
vt 0 0
vt 0 0
vt 0 0
vt 0 0
vt 0 0
vt 0 0
vt 0 0
vt 0 0
vt 0 0
vt 0 0
vt 0 0
vt 0 0
vt 0 0
vt 0 0
vt 0 0
vt 0 0
vt 0 0
vt 0 0
vt 0 0
vt 0 0
vt 0 0
vt 0 0
vt 0 0
vt 0 0
vt 0 0
vt 0 0
vt 0 0
vt 0 0
vt 0 0
vt 0 0
vt 0 0
vt 0 0
vt 0 0
vt 0 0
vt 0 0
vt 0 0
vt 0 0
vt 0 0
vt 0 0
vt 0 0
vt 0 0
vt 0 0
vt 0 0
vt 0 0
vt 0 0
vt 0 0
vt 0 0
vt 0 0
vt 0 0
vt 0 0
vt 0 0
vt 0 0
vt 0 0
vt 0 0
vt 0 0
vt 0 0
vt 0 0
vt 0 0
vt 0 0
vt 0 0
vt 0 0
vt 0 0
vt 0 0
vt 0 0
vt 0 0
vt 0 0
vt 0 0
vt 0 0
vt 0 0
vt 0 0
vt 0 0
vt 0 0
vt 0 0
vt 0 0
vt 0 0
vt 0 0
vt 0 0
vt 0 0
vt 0 0
vt 0 0
vt 0 0
vt 0 0
vt 0 0
vt 0 0
vt 0 0
vt 0 0
vt 0 0
vt 0 0
vt 0 0
vt 0 0
vt 0 0
vt 0 0
vt 0 0
vt 0 0
vt 0 0
vt 0 0
vt 0 0
vt 0 0
vt 0 0
vt 0 0
vt 0 0
vt 0 0
vt 0 0
vt 0 0
vt 0 0
vt 0 0
vt 0 0
vt 0 0
vt 0 0
vt 0 0
vt 0 0
vt 0 0
vt 0 0
vt 0 0
vt 0 0
vt 0 0
vt 0 0
vt 0 0
vt 0 0
vt 0 0
vt 0 0
vt 0 0
vt 0 0
vt 0 0
vt 0 0
vt 0 0
vt 0 0
vt 0 0
vt 0 0
vt 0 0
vt 0 0
vt 0 0
vt 0 0
vt 0 0
vt 0 0
vt 0 0
vt 0 0
vt 0 0
vt 0 0
vt 0 0
vt 0 0
vt 0 0
vt 0 0
vt 0 0
vt 0 0
vt 0 0
vt 0 0
vt 0 0
vt 0 0
vt 0 0
vt 0 0
vt 0 0
vt 0 0
vt 0 0
vt 0 0
vt 0 0
vt 0 0
vt 0 0
vt 0 0
vt 0 0
vt 0 0
vt 0 0
vt 0 0
vt 0 0
vt 0 0
vt 0 0
vt 0 0
vt 0 0
vt 0 0
vt 0 0
vt 0 0
vt 0 0
vt 0 0
vt 0 0
vt 0 0
vt 0 0
vt 0 0
vt 0 0
vt 0 0
vt 0 0
vt 0 0
vt 0 0
vt 0 0
vt 0 0
vt 0 0
vt 0 0
vt 0 0
vt 0 0
vt 0 0
vt 0 0
vt 0 0
vt 0 0
vt 0 0
vt 0 0
vt 0 0
vt 0 0
vt 0 0
vt 0 0
vt 0 0
vt 0 0
vt 0 0
vt 0 0
vt 0 0
vt 0 0
vt 0 0
vt 0 0
vt 0 0
vt 0 0
vt 0 0
vt 0 0
vt 0 0
vt 0 0
vt 0 0
vt 0 0
vt 0 0
vt 0 0
vt 0 0
vt 0 0
vt 0 0
vt 0 0
vt 0 0
vt 0 0
vt 0 0
vt 0 0
vt 0 0
vt 0 0
vt 0 0
vt 0 0
vt 0 0
vt 0 0
vt 0 0
vt 0 0
vt 0 0
vt 0 0
vt 0 0
vt 0 0
vt 0 0
vt 0 0
vt 0 0
vt 0 0
vt 0 0
vt 0 0
vt 0 0
vt 0 0
vt 0 0
vt 0 0
vt 0 0
vt 0 0
vt 0 0
vt 0 0
vt 0 0
vt 0 0
vt 0 0
vt 0 0
vt 0 0
vt 0 0
vt 0 0
vt 0 0
vt 0 0
vt 0 0
vt 0 0
vt 0 0
vt 0 0
vt 0 0
vt 0 0
vt 0 0
vt 0 0
vt 0 0
vt 0 0
vt 0 0
vt 0 0
vt 0 1
vt 1 1
vt 1 0
vt 0 0
vt 0 1
vt 1 1
vt 1 0
vt 0 0
vt 0 1
vt 1 1
vt 1 0
vt 0 0
vt 0 1
vt 1 1
vt 1 0
vt 0 0
vt 0 1
vt 1 1
vt 1 0
vt 0 0
vt 0 1
vt 1 1
vt 1 0
vt 0 0
vt 0 1
vt 1 1
vt 1 0
vt 0 0
vt 0 1
vt 1 1
vt 1 0
vt 0 0
vt 0 1
vt 1 1
vt 1 0
vt 0 0
vt 0 1
vt 1 1
vt 1 0
vt 0 0
vt 0 1
vt 1 1
vt 1 0
vt 0 0
vt 0 1
vt 1 1
vt 1 0
vt 0 0
vt 0 1
vt 1 1
vt 1 0
vt 0 0
vt 0 1
vt 1 1
vt 1 0
vt 0 0
vt 0 1
vt 1 1
vt 1 0
vt 0 0
vt 0 1
vt 1 1
vt 1 0
vt 0 0
vt 0 1
vt 1 1
vt 1 0
vt 0 0
vt 0 1
vt 1 1
vt 1 0
vt 0 0
vt 0 1
vt 1 1
vt 1 0
vt 0 0
vt 0 1
vt 1 1
vt 1 0
vt 0 0
vt 0 1
vt 1 1
vt 1 0
vt 0 0
vt 0 1
vt 1 1
vt 1 0
vt 0 0
vt 0 1
vt 1 1
vt 1 0
vt 0 0
vt 0 1
vt 1 1
vt 1 0
vt 0 0
vt 0 1
vt 1 1
vt 1 0
vt 0 0
vt 0 1
vt 1 1
vt 1 0
vt 0 0
vt 0 1
vt 1 1
vt 1 0
vt 0 0
vt 0 1
vt 1 1
vt 1 0
vt 0 0
vt 0 1
vt 1 1
vt 1 0
vt 0 0
vt 0 1
vt 1 1
vt 1 0
vt 0 0
vt 0 1
vt 1 1
vt 1 0
vt 0 0
vt 0 1
vt 1 1
vt 1 0
vt 0 0
vt 0 1
vt 1 1
vt 1 0
vt 0 0
vt 0 1
vt 1 1
vt 1 0
vt 0 0
vt 0 1
vt 1 1
vt 1 0
vt 0 0
vt 0 1
vt 1 1
vt 1 0
vt 0 0
vt 0 1
vt 1 1
vt 1 0
vt 0 0
vt 0 1
vt 1 1
vt 1 0
vt 0 0
vt 0 1
vt 1 1
vt 1 0
vt 0 0
vt 0 1
vt 1 1
vt 1 0
vt 0 0
vt 0 1
vt 1 1
vt 1 0
vt 0 0
vt 0 1
vt 1 1
vt 1 0
vt 0 0
vt 0 1
vt 1 1
vt 1 0
vt 0 0
vt 0 1
vt 1 1
vt 1 0
vt 0 0
vt 0 1
vt 1 1
vt 1 0
vt 0 0
vt 0 1
vt 1 1
vt 1 0
vt 0 0
vt 0 1
vt 1 1
vt 1 0
vt 0 0
vt 0 1
vt 1 1
vt 1 0
vt 0 0
vt 0 1
vt 1 1
vt 1 0
vt 0 0
vt 0 1
vt 1 1
vt 1 0
vt 0 0
vt 0 1
vt 1 1
vt 1 0
vt 0 0
vt 0 1
vt 1 1
vt 1 0
vt 0 0
vt 0 1
vt 1 1
vt 1 0
vt 0 0
vt 0 1
vt 1 1
vt 1 0
vt 0 0
vt 0 1
vt 1 1
vt 1 0
vt 0 0
vt 0 1
vt 1 1
vt 1 0
vt 0 0
vt 0 1
vt 1 1
vt 1 0
vt 0 0
vt 0 1
vt 1 1
vt 1 0
vt 0 0
vt 0 1
vt 1 1
vt 1 0
vt 0 0
vt 0 1
vt 1 1
vt 1 0
vt 0 0
vt 0 1
vt 1 1
vt 1 0
vt 0 0
vt 0 1
vt 1 1
vt 1 0
vt 0 0
vt 0 1
vt 1 1
vt 1 0
vt 0 0
vt 0 1
vt 1 1
vt 1 0
vt 0 0
vt 0 1
vt 1 1
vt 1 0
vt 0 0
vt 0 1
vt 1 1
vt 1 0
vt 0 0
vt 0 1
vt 1 1
vt 1 0
vt 0 0
vt 0 1
vt 1 1
vt 1 0
vt 0 0
vt 0 1
vt 1 1
vt 1 0
vt 0 0
vt 0 1
vt 1 1
vt 1 0
vt 0 0
vt 0 0
vt 0 0
vt 0 0
vt 0 0
vt 0 0
vt 0 0
vt 0 0
vt 0 0
vt 0 0
vt 0 0
vt 0 0
vt 0 0
vt 0 0
vt 0 0
vt 0 0
vt 0 0
vt 0 0
vt 0 0
vt 0 0
vt 0 0
vt 0 0
vt 0 0
vt 0 0
vt 0 0
vt 0 0
vt 0 0
vt 0 0
vt 0 0
vt 0 0
vt 0 0
vt 0 0
vt 0 0
vt 0 0
vt 0 0
vt 0 0
vt 0 0
vt 0 0
vt 0 0
vt 0 0
vt 0 0
vt 0 0
vt 0 0
vt 0 0
vt 0 0
vt 0 0
vt 0 0
vt 0 0
vt 0 0
vt 0 0
vt 0 0
vt 0 0
vt 0 0
vt 0 0
vt 0 0
vt 0 0
vt 0 0
vt 0 0
vt 0 0
vt 0 0
vt 0 0
vt 0 0
vt 0 0
vt 0 0
vt 0 0
vt 0 0
vt 0 0
vt 0 0
vt 0 0
vt 0 0
vt 0 0
vt 0 0
vt 0 0
vt 0 0
vt 0 0
vt 0 0
vt 0 0
vt 0 0
vt 0 0
vt 0 0
vt 0 0
vt 0 0
vt 0 0
vt 0 0
vt 0 0
vt 0 0
vn -0.8352877 -0.20784158 0.5090151
vn 0.0039215684 -0.9999924 -0
vn -0.9843061 -0.17646927 -0.00034255895
vn 0.49803543 -0.22352773 -0.83785206
vn 0.0039215684 -0.9999924 -0
vn 0.858817 -0.2313708 -0.45705685
vn 0.52940774 -0.24705696 0.8115974
vn 0.0039215684 -0.9999924 -0
vn 0.0039215684 -0.27842927 0.96044874
vn -0.4901923 -0.15294003 -0.8580914
vn 0.0039215684 -0.9999924 -0
vn 0.011764646 -0.19215542 -0.981294
vn 0.96862006 -0.23921388 -0.06746751
vn 0.0039215684 -0.9999924 -0
vn 0.83528775 -0.22352773 0.50232434
vn -0.9843061 -0.17646927 -0.00034255895
vn 0.0039215684 -0.9999924 -0
vn -0.8431307 -0.14509696 -0.517762
vn 0.0039215684 -0.27842927 0.96044874
vn 0.0039215684 -0.9999924 -0
vn -0.48234916 -0.23921388 0.84268385
vn 0.858817 -0.2313708 -0.45705685
vn 0.0039215684 -0.9999924 -0
vn 0.96862006 -0.23921388 -0.06746751
vn 0.83528775 -0.22352773 0.50232434
vn 0.0039215684 -0.9999924 -0
vn 0.52940774 -0.24705696 0.8115974
vn 0.011764646 -0.19215542 -0.981294
vn 0.0039215684 -0.9999924 -0
vn 0.49803543 -0.22352773 -0.83785206
vn -0.8431307 -0.14509696 -0.517762
vn 0.0039215684 -0.9999924 -0
vn -0.4901923 -0.15294003 -0.8580914
vn -0.48234916 -0.23921388 0.84268385
vn 0.0039215684 -0.9999924 -0
vn -0.8352877 -0.20784158 0.5090151
vn -0.5294076 -0.2313708 -0.81620777
vn -0.003921509 -0.9999924 -0
vn -0.011764526 -0.26274312 -0.9647941
vn -0.011764526 -0.1999985 0.97972554
vn -0.003921509 -0.9999924 -0
vn -0.4980353 -0.2313708 0.8357203
vn 0.83528775 -0.20784158 -0.509015
vn -0.003921509 -0.9999924 -0
vn 0.9829164 -0.1840521 -0
vn -0.85881686 -0.2313708 0.45705703
vn -0.003921509 -0.9999924 -0
vn -0.97305715 -0.23056379 -0
vn 0.9829164 -0.1840521 -0
vn -0.003921509 -0.9999924 -0
vn 0.8431308 -0.16078311 0.51310736
vn -0.97305715 -0.23056379 -0
vn -0.003921509 -0.9999924 -0
vn -0.8352877 -0.21568465 -0.50574166
vn -0.011764526 -0.26274312 -0.9647941
vn -0.003921509 -0.9999924 -0
vn 0.48234928 -0.2313708 -0.84487087
vn 0.49019235 -0.16862619 0.8551471
vn -0.003921509 -0.9999924 -0
vn -0.011764526 -0.1999985 0.97972554
vn -0.8352877 -0.21568465 -0.50574166
vn -0.003921509 -0.9999924 -0
vn -0.5294076 -0.2313708 -0.81620777
vn -0.4980353 -0.2313708 0.8357203
vn -0.003921509 -0.9999924 -0
vn -0.85881686 -0.2313708 0.45705703
vn 0.48234928 -0.2313708 -0.84487087
vn -0.003921509 -0.9999924 -0
vn 0.83528775 -0.20784158 -0.509015
vn 0.8431308 -0.16078311 0.51310736
vn -0.003921509 -0.9999924 -0
vn 0.49019235 -0.16862619 0.8551471
vn -0.67842615 -0.6862693 -0.26224494
vn -0.67842615 -0.6862693 -0.26224494
vn -0.67842615 -0.6862693 -0.26224494
vn 0.72548467 -0.52156466 -0.44904596
vn 0.72548467 -0.52156466 -0.44904596
vn 0.72548467 -0.52156466 -0.44904596
vn -0.5215646 0.4352907 0.7338204
vn -0.5215646 0.4352907 0.7338204
vn -0.5215646 0.4352907 0.7338204
vn -0.6392107 -0.20784158 0.7404131
vn -0.6392107 -0.20784158 0.7404131
vn -0.6392107 -0.20784158 0.7404131
vn 0.9921493 0.011764526 -0.12450453
vn 0.9921493 0.011764526 -0.12450453
vn 0.9921493 0.011764526 -0.12450453
vn 0.7176416 0.6941123 -0.05655664
vn 0.7176416 0.6941123 -0.05655664
vn 0.7176416 0.6941123 -0.05655664
vn 0.5686231 0.02745068 0.82214004
vn 0.45882004 -0.8196016 -0.34312877
vn 0.4745062 -0.80391544 -0.35855797
vn -0.56862307 -0.0274508 -0.82214004
vn -0.02745068 -0.96862006 -0.24702556
vn 0.3411739 -0.86666006 -0.36400646
vn 0.34901696 -0.8431308 -0.4090447
vn 0.3333308 -0.858817 -0.3890038
vn 0.7490139 -0.41176158 -0.51906705
vn -0.6392107 -0.7411708 0.20512317
vn -0.262743 -0.9529339 0.15127167
vn -0.19999838 -0.9294047 0.31017342
vn 0.28627235 -0.8823462 -0.3735148
vn 0.28627235 -0.89803237 -0.33404496
vn 0.07450926 0.86666 -0.493304
vn 0.16862619 0.5764661 -0.7995324
vn 0.2705862 -0.86666006 -0.4191461
vn -0.21568453 -0.6078385 0.7642071
vn 0.24705696 -0.79607236 -0.5524778
vn 0.066666186 -0.9843062 -0.16339192
vn 0.26274312 -0.41176158 -0.8725929
vn 0.24705696 -0.77254313 -0.5849273
vn 0.22352773 -0.83528775 -0.5023243
vn 0.11372465 -0.858817 -0.49949986
vn -0.18431222 -0.6862693 0.70360744
vn 0.05882311 -0.59215236 0.8036762
vn 0.09019542 -0.6705831 0.7363308
vn 0.10588157 -0.59215236 0.79883957
vn -0.24705684 -0.80391544 0.54100174
vn -0.19999838 -0.96862006 -0.1475662
vn 0.05882311 -0.858817 -0.50889415
vn 0.5372508 -0.59215236 0.6005973
vn 0.29411542 -0.011764646 -0.95569754
vn -0.64705384 -0.73332775 0.20869069
vn -0.20784152 -0.94509083 0.2522007
vn -0.5529369 -0.5764662 0.60162073
vn 0.1294108 -0.87450314 0.46743673
vn 0.05882311 -0.66274005 -0.74653566
vn -0.36470306 0.8901892 0.27304748
vn 0.35686004 0.8980323 0.25727198
vn -0.043136835 -0.8823462 -0.46861964
vn 0.13725388 -0.79607236 0.58943206
vn 0.035293877 -0.8901893 -0.45422173
vn 0.019607723 -0.8823462 -0.47019222
vn 0.18431234 -0.62352467 0.75976706
vn -0.02745068 -0.86666006 -0.49814337
vn -0.050979972 -0.8509739 -0.52272797
vn -0.30195844 -0.41176158 -0.8598102
vn -0.16078305 -0.7803862 -0.60427326
vn -0.2941153 -0.654897 -0.6961366
vn -0.12156761 -0.87450314 -0.46953765
vn 0.1999985 -0.69411236 0.6915263
vn 0.4352908 -0.62352467 0.64941424
vn 0.48234928 -0.6156816 0.62311745
vn 0.42744774 -0.72548467 0.53940743
vn -0.043136835 -0.80391544 0.59317714
vn 0.5450939 -0.6078385 0.5774123
vn 0.56078005 -0.56078005 0.60914
vn 0.79607236 -0.59215236 0.124997616
vn -0.2941153 -0.011764646 -0.95569754
vn 0.72548467 -0.6078385 0.32280695
vn -0.074509144 -0.9529339 -0.2938798
vn -0.23921382 -0.96862006 0.067467675
vn -0.25489998 -0.858817 -0.44436404
vn -0.02745068 -0.9529339 0.30193287
vn -0.0901953 -0.5764662 0.81212777
vn 0.3725462 -0.87450314 0.31056982
vn -0.3803892 -0.66274005 -0.6450424
vn -0.11372459 0.88234615 0.4566531
vn 0.45814416 0.88887787 -0
vn -0.34117377 -0.87450314 -0.34473866
vn 0.45882004 -0.79607236 0.3946555
vn -0.23921382 -0.8901893 -0.38773674
vn -0.25489998 -0.8823462 -0.39558965
vn 0.59215236 -0.62352467 0.5104631
vn -0.30980146 -0.86666006 -0.3910542
vn -0.3490169 -0.8509739 -0.39246735
vn -0.7490138 -0.41176158 -0.5190672
vn -0.48234916 -0.7803862 -0.39791536
vn -0.64705384 -0.654897 -0.39042452
vn -0.3490169 -0.8901893 -0.2928314
vn -0.21568453 -0.960777 -0.17432085
vn -0.5529369 -0.77254313 -0.3121504
vn 0.5686231 -0.69411236 0.44144738
vn 0.73332775 -0.62352467 0.2710119
vn 0.756857 -0.6156816 0.2193256
vn -0.62352455 -0.6784262 -0.3885293
vn -0.5764661 -0.7490139 -0.3265961
vn -0.7254846 -0.41176158 -0.5514748
vn -0.47450614 -0.8509739 -0.22513856
vn 0.3725462 -0.89803237 0.23398125
vn -0.5215646 -0.83528775 -0.17396763
vn -0.5215646 -0.8431308 -0.13076983
vn -0.37254608 -0.90587544 -0.20149206
vn -0.41960454 -0.8901893 -0.17746857
vn -0.5294076 -0.83528775 -0.14839794
vn -0.6156815 -0.7803862 -0.10924113
vn -0.91170174 -0.41085276 -0
vn -0.5764661 -0.8117585 -0.09346091
vn -0.5764661 -0.8117585 -0.09346091
vn -0.5764661 -0.8117585 -0.09346091
vn -0.42744768 -0.49019235 -0.7596051
vn 0.09019542 -0.6862693 -0.7217335
vn -0.62352455 0.003921509 -0.78179395
vn -0.21568453 -0.0274508 -0.9760772
vn 0.5686231 -0.80391544 -0.17432068
vn -0.85097384 0.003921509 -0.5251934
vn 0.36470312 -0.6784262 -0.6377535
vn -0.8431307 -0.14509696 -0.517762
vn -0.9764631 0.003921509 -0.21564901
vn 0.31764466 -0.94509083 0.07684498
vn 0.63136774 -0.7411708 -0.22812404
vn -0.9843061 -0.17646927 -0.00034255895
vn -0.4901923 -0.15294003 -0.8580914
vn -0.25489998 0.003921509 -0.9669595
vn 0.4431339 -0.27842927 -0.8521206
vn 0.011764646 -0.19215542 -0.981294
vn 0.76470006 -0.5686231 -0.30315277
vn 0.756857 -0.5372508 -0.37219498
vn 0.7411708 -0.6156816 -0.26758555
vn 0.7411708 -0.63136774 -0.2281241
vn 0.7882293 -0.6078385 -0.096057005
vn 0.21568465 -0.0039215684 -0.9764552
vn 0.49803543 -0.22352773 -0.83785206
vn 0.7176416 -0.6705831 0.18790638
vn 0.6392108 -0.7490139 -0.17432085
vn 0.654897 -0.36470312 -0.6618924
vn 0.52156466 -0.0039215684 -0.85320276
vn 0.7803862 0.003921509 -0.6252855
vn 0.858817 -0.2313708 -0.45705685
vn 0.97646314 -0.0274508 -0.21393038
vn 0.96862006 -0.23921388 -0.06746751
vn 0.72548467 -0.098038495 -0.6812198
vn -0.16078305 -0.13725388 -0.9773997
vn 0.56078005 -0.41960466 -0.71376306
vn 0.72548467 -0.6862693 -0.05202344
vn 0.7490139 -0.62352467 -0.22404282
vn 0.7562059 -0.65433365 -0
vn 0.59215236 -0.6862693 0.42236248
vn 0.70195544 -0.7097985 0.058690816
vn 0.858817 0.48234916 0.17254767
vn -0.043136835 -0.11372465 -0.9925754
vn 0.41960466 -0.7882293 -0.45014057
vn -0.15293992 -0.17646927 -0.9723518
vn 0.5450939 -0.80391544 0.23789196
vn 0.4431339 -0.8823462 0.15842205
vn -0.34897396 -0.9371325 -0
vn 0.043136954 -0.756857 0.65215546
vn -0.50587845 -0.858817 -0.08074894
vn -0.670583 -0.19215542 0.71651566
vn 0.36470312 -0.7097985 0.6026423
vn 0.5843093 -0.22352773 0.78013974
vn 0.69411236 -0.48234928 0.5343662
vn 0.4889607 -0.87230587 -0
vn 0.654897 -0.7411708 0.1475662
vn 0.6784262 -0.6784262 0.28191444
vn 0.41176158 -0.89803237 0.15488794
vn 0.41176158 -0.87450314 0.2563136
vn 0.45097697 -0.8196016 0.3533737
vn 0.88887787 -0.45814413 -0
vn 0.20784158 0.23921382 0.9484612
vn 0.654897 -0.7490139 0.100439765
vn 0.8901893 -0.45097697 -0.06467469
vn 0.19215542 0.23921382 -0.9517631
vn 0.65433365 -0.7562059 -0
vn -0.16078305 -0.13725388 0.9773997
vn -0.7019553 0.70979846 -0.058693357
vn 0.97646314 -0.019607723 0.21479128
vn 0.31764466 0.003921509 0.9482017
vn 0.38038927 -0.019607723 0.9246186
vn 0.31764466 0.003921509 0.9482017
vn 0.36470312 -0.0039215684 0.9311156
vn 0.45882004 -0.019607723 0.8883128
vn 0.56078005 -0.1294108 0.81778884
vn 0.49803543 -0.0274508 0.8667221
vn 0.94509083 -0.0039215684 0.32678422
vn 0.7490139 -0.4039185 0.52519333
vn 0.41176158 -0.16078311 0.89699566
vn 0.70195544 -0.4431339 0.5575759
vn 0.960777 -0.25490004 0.109240755
vn 0.93724775 -0.13725388 0.32051212
vn 0.80391544 -0.48234928 0.3479355
vn 0.8901893 -0.45097697 -0.06467469
vn 0.94509083 -0.3019585 -0.12499744
vn 0.97646314 -0.019607723 0.21479128
vn 0.9529339 -0.0039215684 0.30315277
vn 0.9529339 -0.0039215684 0.30315277
vn 0.83528775 -0.22352773 0.50232434
vn 0.93724775 -0.1294108 -0.3237584
vn 0.9137185 -0.0274508 -0.4054194
vn 0.8901893 -0.019607723 -0.45516872
vn 0.8431308 -0.0039215684 -0.53769416
vn 0.8117585 0.003921509 -0.5839801
vn 0.858817 -0.16078311 -0.48639718
vn 0.8117585 -0.0039215684 -0.5839801
vn 0.83528775 -0.5450939 -0.0718819
vn 0.83528775 -0.043136954 -0.54811823
vn 0.8509739 -0.0039215684 -0.52519333
vn 0.858817 -0.16862619 -0.48373404
vn 0.9294047 -0.21568465 -0.29947796
vn -0.74117076 -0.09019542 0.6652298
vn 0.8509739 -0.52156466 0.061755516
vn 0.93724775 -0.24705696 -0.24602745
vn 0.66274005 -0.5843093 0.46835703
vn 0.09019542 -0.28627235 0.95389354
vn 0.654897 -0.16078311 0.7384164
vn 0.3333308 -0.52940774 0.78013974
vn 0.16862619 -0.48234928 0.8595955
vn 0.960777 -0.24705696 -0.1259779
vn 0.14509696 -0.52156466 0.84078366
vn -0.19999838 -0.16078311 0.96651405
vn -0.27842915 -0.0274508 0.9600644
vn -0.19215536 -0.16862619 0.96676856
vn -0.23921382 0.003921509 0.970959
vn -0.30195844 -0.0039215684 0.95331305
vn -0.02745068 -0.1294108 0.99121106
vn 0.11372465 -0.1999985 0.9731738
vn -0.003921509 -0.21568465 0.9764552
vn 0.21568465 -0.45882004 0.86195374
vn -0.30195844 0.003921509 0.95331305
vn -0.25489998 -0.0039215684 0.9669595
vn -0.15293992 -0.019607723 0.988041
vn -0.10588145 -0.0274508 0.9939998
vn 0.5058785 -0.019607723 0.8623819
vn 0.6470539 -0.011764646 0.7623535
vn 0.5843093 -0.0039215684 0.8115216
vn 0.5843093 -0.0039215684 0.8115216
vn 0.73332775 -0.41176158 0.5410017
vn 0.49019235 -0.4745062 0.7311329
vn 0.3411739 -0.42744774 0.837191
vn 0.9529339 -0.1294108 0.27417114
vn 0.97646314 -0.0274508 0.21393038
vn 0.756857 -0.45882004 0.4654586
vn 0.9843062 -0.019607723 0.17537622
vn 0.9999924 -0.0039215684 -0
vn 0.9999924 0.003921509 -0
vn 0.97646314 -0.16078311 0.1437656
vn 0.9999924 -0.0039215684 -0
vn 0.7176416 -0.5450939 0.43343186
vn 0.9990709 -0.043097205 -0
vn 0.9999924 -0.0039215684 -0
vn 0.97646314 -0.16862619 0.13448034
vn 0.89803237 -0.24705696 0.36400652
vn -0.48234916 -0.29411542 0.82512754
vn 0.9294047 -0.21568465 0.29947796
vn -0.30195844 -0.8509739 -0.42972612
vn 0.16862619 -0.8117585 0.55911833
vn 0.1999985 -0.86666006 0.45705682
vn 0.24705696 -0.8901893 0.38278705
vn 0.38823235 -0.86666006 0.3133305
vn -0.99214923 -0.09019542 0.0866296
vn 0.858817 -0.24705696 0.44877195
vn 0.42744774 -0.7411708 0.517643
vn 0.39607543 -0.6784262 0.61875856
vn 0.4039185 -0.09019542 -0.9103376
vn -0.21568453 0.70979846 -0.6705716
vn -0.76469994 0.003921509 0.6443746
vn -0.7254846 -0.16862619 0.66726106
vn 0.25490004 -0.69411236 0.6732266
vn 0.18431234 -0.70195544 0.68795896
vn 0.27842927 -0.4431339 0.8521206
vn -0.88234615 -0.36470312 0.2974171
vn -0.9607769 -0.19215542 0.19995996
vn 0.858817 -0.08235234 -0.50561994
vn 0.4745062 -0.19215542 -0.8590228
vn -0.19999838 -0.93724775 -0.2855999
vn -0.7882292 -0.59999543 -0.13674861
vn -0.93724763 -0.21568465 0.27394712
vn -0.4039184 -0.6078385 0.68365365
vn -0.3490169 -0.756857 0.5525891
vn -0.5764661 -0.5843093 0.5712
vn 0.5764662 -0.552937 -0.6016207
vn -0.08235228 -0.6078385 0.7897787
vn -0.043136835 -0.7097985 0.7030827
vn 0.31764466 -0.80391544 0.5028139
vn 0.2705862 -0.8823462 0.3850302
vn 0.66274005 -0.72548467 0.18560067
vn 0.62352467 -0.77254313 -0.11997543
vn 0.7803862 -0.6078385 0.14673004
vn 0.8117585 -0.56078005 0.16301493
vn 0.7803862 -0.6078385 -0.14673004
vn 0.72548467 -0.59215236 -0.35075286
vn -0.79607224 -0.011764646 -0.6050873
vn 0.56078005 -0.22352773 -0.7972209
vn 0.552937 -0.35686004 -0.75293535
vn 0.121567726 -0.56078005 -0.8189915
vn -0.70979846 -0.59999543 0.36904147
vn 0.552937 -0.70195544 0.44890898
vn -0.56862307 0.70979846 -0.4157571
vn 0.72548467 -0.4431339 0.5265969
vn 0.59999543 -0.69411236 0.3977606
vn -0.53725076 -0.36470312 0.7604954
vn -0.12941074 -0.5843093 0.8011464
vn 0.39607543 -0.56078005 0.72708327
vn -0.59215224 -0.22352773 0.77420354
vn 0.07450926 -0.6078385 0.7905572
vn 0.38038927 -0.6078385 0.69701964
vn 0.4745062 -0.59999543 0.644088
vn 0.73332775 -0.098038495 0.67276955
vn 0.098038495 0.99214923 0.07764248
vn 0.0039215684 0.9764631 -0.21564901
vn 0.32548773 -0.9294047 -0.17396745
vn 0.48234928 -0.8117585 -0.32922226
vn -0.48234916 0.8117584 0.3292227
vn -0.35685992 -0.7803862 0.51346695
vn 0.52156466 -0.756857 -0.39387542
vn 0.4745062 -0.8431308 -0.25293133
vn 0.45097697 -0.87450314 -0.17850503
vn 0.4431339 -0.8823462 -0.15842205
vn 0.72548467 -0.41176158 -0.5514747
vn 0.4431339 -0.8901893 -0.105808415
vn 0.4431339 -0.8901893 -0.105808415
vn 0.45882004 -0.87450314 -0.15725271
vn -0.5450938 -0.77254313 0.32565293
vn -0.38823223 -0.9137185 0.11997568
vn 0.7882293 -0.552937 -0.2701024
vn -0.3176446 -0.9294047 -0.18790646
vn -0.003921509 -0.6156816 -0.78798527
vn -0.6313677 -0.76470006 -0.12887481
vn 0.46666312 -0.87450314 -0.13217346
vn -0.7490138 -0.5843093 -0.31234762
vn -0.3803892 -0.2313708 -0.89541703
vn 0.3725462 -0.035293877 -0.92734224
vn -0.7568569 -0.552937 -0.34846565
vn -0.5843092 -0.7803862 0.22266589
vn -0.67842615 -0.6705831 0.30009368
vn -0.9764631 0.20784152 0.0576349
vn 0.1294108 0.9764631 0.17254767
vn -0.65489686 -0.70195544 0.2799441
vn -0.670583 -0.6078385 0.42526552
vn -0.56862307 -0.6392108 0.5177619
vn -0.41176152 -0.70195544 0.5811291
vn -0.48234916 -0.63136774 0.6072183
vn -0.66274 -0.72548467 -0.18560083
vn -0.3803892 -0.72548467 0.57356435
vn -0.5607799 -0.8117585 0.16301538
vn -0.3803892 -0.6078385 0.6970197
vn -0.39607537 -0.56078005 0.72708327
vn 0.121567726 -0.59215236 0.7966033
vn 0.8196016 -0.011764646 -0.5728131
vn -0.08235228 -0.6078385 0.7897787
vn -0.41176152 -0.77254313 -0.4833524
vn -0.44313383 -0.8823462 0.15842205
vn -0.074509144 -0.77254313 0.6305755
vn 0.34897402 -0.9371325 -0
vn 0.6705831 -0.19215542 0.71651554
vn 0.38038927 -0.9215616 0.07764171
vn 0.59215236 -0.22352773 0.7742034
vn 0.7490139 -0.552937 0.36501905
vn 0.5450939 -0.35686004 0.75863266
vn -0.670583 -0.19215542 -0.71651566
vn 0.15294003 -0.17646927 -0.9723518
vn 0.16078311 -0.13725388 -0.9773997
vn -0.65489686 -0.19215542 -0.73088056
vn 0.7411708 -0.09019542 0.66522974
vn -0.85881686 -0.16862619 -0.48373422
vn -0.9607769 -0.1999985 -0.19211532
vn -0.93724763 -0.28627235 -0.19903526
vn -0.16078305 -0.24705696 0.9555688
vn -0.5999954 -0.043136954 -0.7988396
vn -0.12156761 -0.59999543 -0.79071283
vn -0.7176415 -0.5843093 -0.37891078
vn -0.8117584 -0.56078005 0.16301547
vn -0.7803861 -0.6078385 0.14673065
vn -0.7803861 -0.6078385 -0.14673065
vn -0.5607799 -0.21568465 -0.7993785
vn -0.6313677 -0.76470006 -0.12887481
vn -0.5607799 -0.36470312 -0.7433152
vn 0.19215542 -0.16862619 0.96676856
vn -0.466663 -0.19215542 -0.86330867
vn -0.4039184 -0.09019542 -0.9103377
vn -0.074509144 -0.24705696 0.9661321
vn -0.670583 -0.5137216 0.5351715
vn -0.262743 -0.8901893 0.3721951
vn 0.21568465 -0.93724775 -0.27394667
vn 0.34901696 -0.756857 0.5525891
vn 0.30980158 -0.858817 -0.4079907
vn 0.96862006 -0.19215542 0.1576434
vn 0.0039215684 -0.21568465 0.9764552
vn -0.21568453 -0.45882004 0.8619538
vn 0.3019585 -0.0039215684 0.953313
vn 0.23921388 0.003921509 0.970959
vn 0.41960466 -0.59999543 0.6811295
vn 0.3019585 0.003921509 0.953313
vn 0.25490004 -0.0039215684 0.9669595
vn 0.16078311 -0.019607723 0.986795
vn 0.26274312 -0.043136954 0.9639011
vn 0.019607723 -0.13725388 0.99034184
vn 0.93724775 -0.21568465 0.27394667
vn 0.098038495 -0.0274508 0.99480397
vn -0.5215646 -0.011764646 0.8531307
vn 0.77254313 -0.63136774 -0.06746746
vn 0.8901893 -0.34901696 0.29283136
vn -0.262743 -0.41960466 0.8688487
vn -0.76469994 -0.4745062 0.43597925
vn 0.19215542 -0.16078311 0.9681039
vn -0.53725076 -0.16078311 0.8279556
vn -0.34117377 -0.49803543 0.7972209
vn -0.1764692 -0.5450939 0.8195921
vn -0.88234615 -0.21568465 0.41826478
vn -0.9764631 -0.16862619 0.13448079
vn -0.874503 -0.29411542 0.38566896
vn -0.5843092 -0.59215236 -0.5549219
vn 0.9921493 -0.09019542 0.086628914
vn 0.46666312 -0.21568465 0.8577329
vn -0.79607224 -0.59215236 0.12499833
vn -0.5294076 -0.6078385 0.59182763
vn -0.45097685 -0.7097985 0.54111546
vn -0.7333276 -0.6078385 0.30457005
vn -0.9215615 -0.22352773 -0.3174268
vn -0.6078384 -0.756857 0.24020833
vn -0.8901892 -0.36470312 -0.27304736
vn 0.72548467 -0.16862619 0.66726094
vn -0.8901892 -0.19215542 -0.41308537
vn -0.003921509 -0.8823462 0.4705845
vn 0.011764646 -0.9294047 -0.36887467
vn 0.5843093 -0.77254313 0.24851513
vn -0.85881686 -0.09019542 -0.5042801
vn 0.8901893 -0.19215542 -0.41308513
vn 0.011764646 -0.8509739 -0.5250762
vn 0.5058785 -0.24705696 0.8264683
vn 0.9215616 -0.22352773 -0.3174265
vn 0.5843093 -0.20784158 0.78446454
vn 0.3411739 -0.4431339 0.828995
vn 0.756857 -0.0039215684 0.6535688
vn 0.80391544 0.003921509 0.5947307
vn 0.8901893 -0.34901696 -0.29283136
vn 0.80391544 0.003921509 0.5947307
vn 0.77254313 -0.0039215684 0.63495016
vn 0.7097985 -0.019607723 0.70413184
vn 0.59999543 -0.1294108 0.7894671
vn 0.7803862 -0.043136954 0.6238081
vn -0.16862607 -0.80391544 0.5703378
vn 0.6705831 -0.0274508 0.74132633
vn -0.0901953 -0.858817 0.5042799
vn -0.02745068 -0.87450314 0.48424244
vn 0.07450926 -0.011764646 0.9971509
vn 0.121567726 -0.8509739 0.5109449
vn -0.34117377 -0.46666312 0.8159816
vn 0.035293877 -0.7411708 0.67038804
vn -0.043136835 -0.6784262 0.73340106
vn 0.34901696 -0.46666312 0.81265783
vn -0.30195844 -0.42744774 0.8521206
vn 0.72548467 -0.16078311 0.6691941
vn -0.050979972 -0.14509696 0.9881032
vn 0.18431234 -0.52156466 0.83306617
vn 0.3411739 -0.5450939 0.76581526
vn -0.24705684 -0.5843093 0.77301073
vn -0.098038435 -0.019607723 0.99498945
vn -0.003921509 -0.0039215684 0.9999846
vn -0.003921509 -0.0039215684 0.9999846
vn -0.5999954 -0.13725388 0.7881414
vn -0.670583 -0.0274508 0.74132645
vn -0.70979846 -0.019607723 0.70413184
vn -0.7725431 -0.0039215684 0.6349503
vn -0.8039154 0.003921509 0.5947308
vn -0.7254846 -0.16078311 0.6691942
vn -0.7882292 -0.011764646 0.6152693
vn -0.3803892 -0.52156466 0.763724
vn -0.7882292 -0.0274508 0.6147692
vn -0.5999954 -0.20784158 0.7725332
vn -0.12941074 -0.52940774 0.8384392
vn -0.47450614 -0.1999985 0.8572307
vn -0.003921509 -0.48234928 0.8759702
vn -0.37254608 -0.5058785 0.7780079
vn -0.6313677 -0.52156466 0.57388604
vn -0.7568569 -0.52156466 0.39387548
vn -0.9996234 -0.027440675 -0
vn -0.99999225 0.003921509 -0.00034492963
vn -0.99999225 -0.0039215684 -0.00034425134
vn -0.9843061 -0.16078311 0.07273452
vn -0.9529338 -0.1294108 0.2741716
vn -0.6392107 -0.4039185 0.6544154
vn -0.66274 -0.019607723 0.74859285
vn -0.5843092 -0.0039215684 0.81152165
vn -0.5843092 -0.0039215684 0.81152165
vn -0.9764631 -0.0274508 0.21393067
vn -0.7490138 -0.45882004 0.47797757
vn -0.9843061 -0.019607723 0.17537689
vn -0.99999225 -0.0039215684 -0.00034425134
vn -0.99999225 0.003921509 -0.00034492963
vn -0.9294046 -0.21568465 0.29947817
vn -0.25489998 -0.70195544 0.6650448
vn 0.21568465 0.70979846 -0.67057157
vn -0.27842915 -0.4431339 0.8521206
vn -0.18431222 -0.69411236 0.6958714
vn -0.1764692 -0.86666006 0.4666465
vn -0.36470306 -0.7411708 0.56361115
vn -0.45882 -0.6784262 0.57377875
vn -0.2862723 -0.8901893 0.35441676
vn -0.4352907 -0.8431308 0.3156777
vn -0.39607537 -0.6784262 0.61875856
vn -0.12941074 -0.6078385 0.78344446
vn -0.05882299 -0.552937 0.8311441
vn -0.098038435 -0.5372508 0.8377052
vn -0.33333075 -0.6078385 0.7207101
vn -0.19999838 -0.5450939 0.8141703
vn -0.30195844 -0.011764646 0.9532485
vn -0.27058613 0.003921509 0.9626878
vn -0.035293818 -0.05098003 0.99807584
vn -0.13725376 -0.8196016 0.5562505
vn -0.24705684 -0.6078385 0.75464916
vn 0.1294108 -0.52940774 0.83843917
vn 0.28627235 0.050979972 0.9567911
vn 0.30980158 0.011764526 0.9507285
vn 0.19215542 -0.552937 0.81076324
vn -0.22352767 -0.8117585 0.5395216
vn -0.35685992 -0.6078385 0.70935416
vn -0.35685992 -0.62352467 0.6956062
vn 0.043136954 -0.6705831 0.7405792
vn -0.4352907 -0.7097985 0.5538123
vn 0.36470312 -0.6078385 0.7053538
vn 0.16078311 -0.858817 -0.48639718
vn -0.15293992 -0.62352467 0.76669836
vn 0.0274508 -0.72548467 0.6876907
vn -0.23921382 -0.7882293 0.5669844
vn -0.5215646 -0.63136774 0.573886
vn -0.30980146 -0.80391544 0.50768393
vn -0.3254876 -0.552937 0.7670193
vn -0.44313383 -0.552937 0.7056154
vn -0.27058613 -0.72548467 0.63281524
vn -0.0901953 -0.6078385 0.78892154
vn 0.09019542 -0.62352467 0.77658343
vn 0.035293877 -0.79607236 0.60417145
vn -0.38823223 -0.6705831 0.63213444
vn -0.38823223 -0.52940774 0.754323
vn -0.64705384 -0.5450939 0.53309846
vn -0.30980146 0.011764526 0.9507285
vn -0.33333075 0.050979972 0.9414306
vn -0.6156815 -0.05098003 0.7863443
vn -0.7803861 0.003921509 0.6252857
vn -0.8039154 -0.011764646 0.5946273
vn -0.56862307 -0.5372508 0.62292004
vn -0.6941123 -0.62352467 0.35975707
vn -0.6941123 -0.6078385 0.3856689
vn -0.7568569 -0.63136774 0.16894487
vn -0.67842615 -0.7097985 0.18953632
vn -0.56862307 -0.6078385 0.5542564
vn -0.53725076 -0.552937 0.63688487
vn -0.44313383 -0.8196016 0.36316055
vn -0.6392107 -0.6078385 0.47110724
vn -0.5294076 -0.7882293 0.3137231
vn -0.4980353 -0.8117585 0.30497366
vn -0.7019553 -0.6078385 0.37120226
vn 0.41176158 -0.858817 -0.3047717
vn -0.36470306 -0.63136774 0.6843731
vn -0.3803892 -0.72548467 0.57356435
vn -0.5764661 -0.62352467 0.5281134
vn -0.466663 -0.63136774 0.6193548
vn -0.5607799 -0.6078385 0.5621906
vn -0.7176415 -0.552937 0.42338094
vn -0.7725431 -0.552937 0.31215048
vn -0.7568569 -0.52940774 0.3832689
vn -0.8352877 -0.5450939 0.07188273
vn -0.8117584 0.011764526 0.5838749
vn -0.81960154 0.050979972 0.5706613
vn -0.9607769 -0.05098003 0.27259627
vn -0.99999225 0.003921509 -0.00034492963
vn -0.99993086 -0.011763923 -0
vn -0.82744455 -0.5372508 0.16339238
vn -0.7725431 -0.62352467 -0.119975805
vn -0.7882292 -0.6078385 -0.09605762
vn -0.6392107 -0.73332775 -0.23160338
vn -0.7333276 -0.6156816 -0.28838646
vn -0.7882292 -0.6078385 0.09605762
vn -0.8117584 -0.552937 0.18790694
vn -0.57529944 -0.8179429 -0
vn -0.7948022 -0.60686874 -0
vn -0.5764661 -0.8117585 -0.09346091
vn -0.7803861 -0.6078385 -0.14673065
vn -0.12941074 -0.62352467 -0.77101874
vn -0.3176446 -0.94509083 -0.07684537
vn 0.51334274 -0.8581836 -0
vn -0.6313677 -0.7411708 0.2281243
vn -0.5607799 -0.8274447 -0.029346678
vn -0.7725431 -0.62352467 0.119975805
vn -0.82744455 -0.552937 -0.097960345
vn -0.8117584 -0.552937 -0.18790694
vn -0.7882292 -0.6078385 0.09605762
vn -0.8352877 -0.52940774 -0.14839794
vn -0.99993086 0.011763804 -0
vn -0.998703 0.050914247 -0
vn -0.93724763 -0.05098003 -0.34491727
vn -0.70979846 -0.5450939 -0.44616002
vn -0.8352877 0.003921509 -0.54979914
vn -0.8117584 -0.011764646 -0.5838749
vn -0.76469994 -0.5372508 -0.35580274
vn -0.7176415 -0.6705831 -0.18790686
vn -0.74117076 -0.63136774 0.22812423
vn -0.36470306 -0.6784262 0.63775355
vn -0.5764661 -0.80391544 0.14631052
vn -0.41960454 -0.87450314 -0.24326184
vn -0.0901953 -0.69411236 0.7141938
vn -0.5529369 -0.62352467 -0.55270046
vn 0.42744774 -0.49019235 0.75960505
vn -0.5764661 -0.6078385 -0.5460945
vn 0.5764662 -0.8117585 0.09346027
vn 0.5764662 -0.8117585 0.09346027
vn 0.5764662 -0.8117585 0.09346027
vn 0.59215236 -0.79607236 0.124997616
vn 0.52156466 -0.8431308 0.13076961
vn 0.9117018 -0.41085276 -0
vn 0.38823235 -0.90587544 0.1693083
vn 0.34901696 -0.9137185 0.20810007
vn 0.46666312 -0.87450314 0.13217346
vn 0.48234928 -0.86666006 0.12743439
vn 0.45882004 -0.87450314 0.15725271
vn 0.45882004 -0.87450314 0.15725271
vn 0.52156466 -0.7803862 0.34491688
vn 0.5764662 -0.7490139 0.32659593
vn 0.72548467 -0.41176158 0.5514747
vn 0.31764466 -0.9215616 0.22321758
vn 0.76470006 -0.32548773 0.5561399
vn -0.21568453 -0.5686231 0.7938186
vn 0.69411236 -0.59215236 -0.40934536
vn -0.23921382 -0.83528775 -0.4950466
vn 0.09019542 -0.552937 -0.82832694
vn -0.4039184 -0.56078005 -0.7227556
vn -0.3803892 -0.6078385 -0.6970197
vn -0.47450614 -0.6078385 -0.6366917
vn -0.38823223 -0.62352467 -0.67859614
vn -0.4352907 -0.8117585 -0.3893201
vn -0.39607537 -0.7097985 -0.5825035
vn -0.466663 -0.7882293 -0.40114862
vn -0.074509144 -0.6078385 -0.7905572
vn 0.59215236 -0.21568465 -0.77642494
vn -0.36470306 -0.7097985 -0.60264236
vn -0.59215224 -0.6862693 -0.4223627
vn -0.7333276 -0.098038495 -0.67276967
vn 0.03527219 0.9993777 -0
vn -0.82744455 0.5294076 -0.1872514
vn 0.11372465 0.96861994 0.22100243
vn -0.7019553 -0.7097985 -0.05869285
vn -0.756206 -0.6543337 -0
vn -0.7254846 -0.6862693 0.052024584
vn -0.7490138 -0.62352467 0.22404322
vn -0.74117076 -0.6156816 0.26758564
vn -0.5450938 -0.80391544 -0.23789221
vn -0.043136835 -0.756857 -0.65215546
vn -0.6392107 -0.7490139 0.17432119
vn -0.44313383 -0.2705862 0.85464346
vn -0.76469994 -0.5686231 0.30315307
vn 0.6705831 -0.19215542 -0.71651554
vn -0.44313383 -0.8823462 -0.15842205
vn 0.34897402 -0.9371325 -0
vn -0.41960454 -0.7882293 0.45014068
vn 0.22352773 -0.0274508 0.97431093
vn -0.7568569 -0.5450939 0.3606109
vn 0.5372508 -0.36470312 -0.76049536
vn -0.65489686 -0.36470312 0.6618926
vn -0.9607769 -0.24705696 0.12597838
vn -0.85881686 -0.16862619 0.48373422
vn 0.7411708 -0.09019542 -0.66522974
vn 0.5058785 -0.858817 0.080748565
vn 0.15294003 -0.17646927 0.9723518
vn 0.16078311 -0.13725388 0.9773997
vn -0.9294046 -0.21568465 0.29947817
vn -0.88887787 -0.45814416 -0
vn -0.85097384 -0.0039215684 0.5251934
vn -0.8117584 -0.0039215684 0.58398026
vn -0.8117584 0.003921509 0.58398026
vn -0.8431307 -0.0039215684 0.5376944
vn -0.8901892 -0.019607723 0.45516893
vn -0.93724763 -0.13725388 0.3205125
vn -0.8352877 -0.043136954 0.5481183
vn -0.45097685 -0.8196016 -0.3533739
vn -0.91371846 -0.0274508 0.40541956
vn -0.41176152 -0.87450314 -0.2563137
vn -0.41176152 -0.89803237 -0.15488814
vn -0.9764631 -0.019607723 -0.21479157
vn -0.874503 -0.4745062 0.10044065
vn -0.48896065 -0.87230587 -0
vn -0.85881686 -0.16078311 0.48639736
vn -0.6941123 -0.48234928 -0.53436625
vn -0.65489686 -0.7411708 -0.1475668
vn -0.67842615 -0.6784262 -0.28191456
vn -0.8352877 -0.5450939 0.07188273
vn -0.5843092 -0.22352773 -0.7801398
vn -0.20784152 0.23921382 -0.9484612
vn -0.3176446 0.003921509 -0.9482017
vn -0.3176446 0.003921509 -0.9482017
vn -0.36470306 -0.0039215684 -0.9311156
vn -0.45882 -0.019607723 -0.8883129
vn -0.5607799 -0.13725388 -0.8165092
vn -0.4980353 -0.0274508 -0.86672217
vn -0.9215615 -0.011764646 -0.38805413
vn -0.7725431 -0.38823235 -0.5024469
vn -0.93724763 -0.16078311 -0.30937952
vn -0.9450908 -0.32548773 -0.029345408
vn -0.41176152 -0.16078311 -0.89699566
vn -0.3803892 -0.019607723 -0.9246186
vn -0.9529338 -0.0039215684 -0.30315316
vn -0.9529338 -0.0039215684 -0.30315316
vn -0.7490138 -0.4039185 -0.5251935
vn -0.9843061 -0.0274508 0.17432147
vn -0.9607769 -0.25490004 -0.1092413
vn 0.70195544 0.70979846 0.058691327
vn -0.19215536 0.23921382 0.9517631
vn -0.9764631 -0.019607723 -0.21479157
vn -0.64705384 -0.756857 0.09213519
vn -0.8901892 -0.45097697 -0.064676076
vn -0.6543336 -0.75620604 -0
vn -0.7333276 -0.5450939 -0.40632892
vn -0.9450908 -0.3019585 0.124997914
vn -0.97305715 -0.23056379 -0
vn -0.8039154 -0.49019235 0.336796
vn -0.85881686 -0.2313708 0.45705703
vn -0.8352877 -0.21568465 -0.50574166
vn -0.7803861 0.003921509 0.6252857
vn -0.4980353 -0.2313708 0.8357203
vn -0.7254846 -0.098038495 0.6812199
vn 0.043136954 -0.11372465 0.9925754
vn -0.5607799 -0.41960466 0.7137631
vn -0.5215646 -0.0039215684 0.85320276
vn -0.21568453 -0.0039215684 0.9764552
vn -0.011764526 -0.1999985 0.97972554
vn 0.25490004 0.003921509 0.9669595
vn 0.49019235 -0.16862619 0.8551471
vn 0.63136774 0.003921509 0.77547365
vn 0.8431308 -0.16078311 0.51310736
vn 0.8509739 0.003921509 0.52519333
vn 0.97646314 0.003921509 0.21564874
vn 0.9829164 -0.1840521 -0
vn 0.96862006 0.003921509 -0.24851513
vn 0.83528775 -0.20784158 -0.509015
vn 0.8509739 0.003921509 -0.52519333
vn 0.62352467 0.003921509 -0.7817939
vn 0.48234928 -0.2313708 -0.84487087
vn 0.34901696 -0.0039215684 -0.9371082
vn -0.011764526 -0.26274312 -0.9647941
vn 0.121567726 -0.0039215684 -0.9925754
vn -0.7725431 -0.5450939 -0.32565293
vn -0.24705684 -0.0039215684 -0.96899307
vn -0.5294076 -0.2313708 -0.81620777
vn -0.8039154 -0.066666186 -0.5909955
vn -0.76469994 -0.4039185 0.50207955
vn -0.36470306 -0.019607723 0.93091744
vn -0.41176152 -0.16078311 0.89699566
vn -0.3176446 0.003921509 0.9482017
vn -0.5764661 -0.20784158 0.790246
vn -0.670583 -0.46666312 0.57666624
vn -0.4980353 -0.17646927 0.8490108
vn -0.81960154 -0.3725462 0.43527308
vn -0.8967644 -0.44250825 -0
vn -0.59215224 -0.72548467 0.3507531
vn -0.466663 -0.09019542 0.8798241
vn -0.45097685 -0.0274508 0.89211345
vn -0.9529338 -0.18431234 0.24072012
vn -0.9294046 -0.20784158 -0.30497363
vn -0.85097384 -0.0039215684 -0.5251934
vn -0.5999954 -0.69411236 0.39776075
vn -0.7254846 -0.4431339 0.526597
vn 0.5686231 0.70979846 -0.415757
vn -0.5529369 -0.70195544 0.44890904
vn -0.82744455 -0.0274508 -0.5608761
vn -0.8117584 -0.0039215684 -0.58398026
vn -0.9215615 -0.3725462 -0.10924168
vn -0.9843061 -0.121567726 -0.1279172
vn -0.9187401 -0.39486283 -0
vn -0.96861994 -0.21568465 -0.12351323
vn -0.85881686 -0.16078311 -0.48639736
vn -0.8431307 -0.52156466 -0.13077052
vn -0.85881686 -0.5058785 0.080749676
vn -0.91371846 -0.10588157 0.39231068
vn -0.76469994 -0.56078005 0.3174268
vn -0.2862723 -0.93724775 0.19903481
vn -0.6392107 -0.76470006 0.08150788
vn -0.1764692 -0.9294047 0.32413813
vn -0.86666 -0.45097697 -0.21335474
vn -0.011764526 -0.9294047 0.36887467
vn -0.1450969 -0.9843062 0.100439765
vn -0.2862723 -0.9529339 0.099825755
vn -0.33333075 -0.93724775 -0.10226083
vn -0.050979972 -0.9843062 0.16894478
vn -0.003921509 -0.9999924 -0
vn 0.05098003 -0.9843062 0.16894478
vn -0.16862607 -0.9843062 -0.052024297
vn 0.14509696 -0.9294047 0.33934316
vn -0.1450969 -0.9843062 -0.100439765
vn -0.30980146 -0.9294047 -0.20057411
vn -0.74117076 -0.46666312 -0.48258826
vn -0.62352455 -0.16078311 -0.76509213
vn -0.64705384 -0.5843093 -0.48979998
vn -0.20784152 -0.9294047 -0.30497345
vn 0.6156816 -0.5058785 0.6041714
vn 0.13725388 -0.9843062 0.110917255
vn 0.8196016 -0.49019235 0.2965884
vn 0.2705862 -0.9294047 0.2509781
vn 0.34901696 -0.9294047 0.11997543
vn 0.858817 -0.5058785 -0.080748565
vn 0.16862619 -0.9843062 0.052023727
vn 0.36470312 -0.9294047 -0.05655585
vn 0.97646314 -0.16078311 -0.1437656
vn 0.14509696 -0.9843062 -0.100439765
vn 0.7803862 -0.49019235 -0.38821232
vn 0.79607236 -0.4745062 -0.3756497
vn 0.87450314 -0.18431234 -0.44863486
vn 0.76470006 -0.38823235 -0.5143049
vn 0.76470006 -0.4039185 -0.50207937
vn 0.31764466 -0.9294047 -0.1879063
vn 0.552937 -0.48234928 -0.6794114
vn 0.2313708 -0.9294047 -0.28753164
vn 0.56078005 -0.14509696 -0.81515193
vn 0.23921388 -0.49019235 -0.8381457
vn 0.08235234 -0.16862619 -0.9822338
vn -0.12156761 -0.48234928 -0.86750245
vn -0.20784152 -0.1999985 -0.957498
vn 0.2705862 -0.39607543 -0.8774437
vn 0.21568465 -0.56078005 -0.79937845
vn 0.05882311 -0.9843062 -0.16637641
vn 0.08235234 -0.9294047 -0.35975686
vn -0.050979972 -0.9843062 -0.16894478
vn -0.074509144 -0.9294047 -0.3614627
vn -0.48234916 -0.45882004 -0.74620605
vn -0.23137069 -0.6470539 -0.72649074
vn 0.48234928 -0.29411542 -0.8251274
vn -0.62352455 -0.48234928 -0.6152693
vn -0.7490138 -0.42744774 -0.506228
vn -0.8980323 -0.24705696 -0.3640066
vn 0.38038927 -0.52156466 -0.76372397
vn -0.7254846 -0.5450939 -0.42017224
vn 0.72548467 -0.16078311 -0.6691941
vn 0.7882293 -0.0274508 -0.6147691
vn 0.72548467 -0.16862619 -0.66726094
vn 0.76470006 0.003921509 -0.6443745
vn 0.80391544 -0.0039215684 -0.5947307
vn 0.59999543 -0.1294108 -0.7894671
vn -0.9764631 -0.16078311 -0.14376602
vn -0.9990709 -0.04309721 -0
vn -0.9764631 -0.16862619 -0.13448079
vn -0.99999225 -0.0039215684 -0.00034425134
vn -0.99999225 -0.0039215684 -0.00034425134
vn -0.9529338 -0.13725388 -0.27033052
vn -0.85881686 -0.24705696 -0.44877216
vn 0.48234928 -0.1999985 -0.85284215
vn -0.9294046 -0.21568465 -0.29947817
vn -0.7568569 -0.45097697 -0.47306168
vn -0.99999225 0.003921509 -0.00034492963
vn -0.99999225 -0.0039215684 -0.00034425134
vn -0.9843061 -0.019607723 -0.17537689
vn -0.9764631 -0.0274508 -0.21393067
vn -0.66274 -0.019607723 -0.74859285
vn 0.3019585 -0.8509739 0.42972606
vn -0.16862607 -0.8117585 -0.5591184
vn -0.19999838 -0.86666006 -0.45705688
vn -0.24705684 -0.8901893 -0.3827871
vn -0.2862723 -0.8901893 -0.35441676
vn -0.36470306 -0.86666006 -0.34042922
vn -0.47450614 -0.8117585 -0.34042922
vn -0.21568453 -0.45097697 -0.8660831
vn 0.9921493 -0.09019542 -0.086628914
vn -0.5294076 -0.011764646 -0.84828603
vn -0.5843092 -0.0039215684 -0.81152165
vn -0.5843092 -0.0039215684 -0.81152165
vn -0.19999838 -0.45882004 -0.8657279
vn 0.019607723 -0.1294108 -0.9913972
vn 0.10588157 -0.0274508 -0.9939998
vn 0.15294003 -0.019607723 -0.9880409
vn 0.25490004 -0.0039215684 -0.9669595
vn 0.3019585 0.003921509 -0.953313
vn 0.19215542 -0.16078311 -0.9681039
vn 0.3019585 -0.0039215684 -0.953313
vn -0.3490169 -0.52156466 -0.7785612
vn -0.098038435 -0.29411542 -0.9507285
vn -0.1450969 -0.52156466 -0.84078366
vn 0.27842927 -0.0274508 -0.96006435
vn 0.19215542 -0.16862619 -0.96676856
vn 0.23921388 0.003921509 -0.970959
vn 0.0039215684 -0.21568465 -0.9764552
vn -0.4039184 -0.09019542 0.9103377
vn -0.9450908 -0.24705696 0.21393053
vn -0.8431307 -0.52940774 -0.094117396
vn -0.10588145 -0.19215542 -0.9756359
vn -0.5450938 -0.35686004 0.7586328
vn 0.5686231 0.70979846 0.415757
vn -0.5999954 -0.69411236 -0.39776075
vn -0.7254846 -0.4431339 -0.526597
vn -0.5529369 -0.70195544 -0.44890904
vn -0.47450614 -0.19215542 0.85902286
vn -0.5529369 -0.22352773 0.80268055
vn -0.76469994 -0.56078005 0.3174268
vn -0.7803861 -0.6078385 0.14673065
vn 0.7803862 -0.121567726 0.61336666
vn -0.8117584 -0.56078005 -0.16301547
vn 0.5843093 -0.70195544 0.4072361
vn -0.7803861 -0.6078385 -0.14673065
vn -0.7568569 -0.6156816 -0.21932574
vn -0.27842915 -0.90587544 -0.31916586
vn 0.63136774 -0.654897 0.41531277
vn 0.39607543 -0.8274447 0.39806986
vn 0.3333308 -0.858817 0.3890038
vn 0.7490139 -0.41176158 0.51906705
vn 0.26274312 -0.8823462 0.39042446
vn 0.23921388 -0.8901893 0.38773674
vn 0.38038927 -0.8509739 0.36214286
vn 0.42744774 -0.5450939 0.7212219
vn -0.66274 -0.72548467 -0.18560083
vn -0.56862307 -0.8117585 -0.13310121
vn -0.62352455 -0.77254313 0.11997593
vn 0.1999985 -0.9294047 0.31017333
vn -0.56862307 -0.69411236 -0.44144744
vn -0.7333276 -0.62352467 -0.2710121
vn -0.59215224 -0.62352467 -0.5104633
vn -0.27058613 -0.8823462 -0.38503027
vn 0.960777 -0.19215542 -0.19995967
vn 0.019607723 -0.9529339 -0.30254343
vn -0.45882 -0.79607236 -0.39465556
vn 0.09019542 0.86666 -0.49067837
vn -0.3176446 -0.80391544 -0.50281394
vn -0.4980353 0.86666 -0.029347694
vn 0.34901696 -0.756857 -0.5525891
vn 0.043136954 -0.7097985 -0.7030827
vn 0.4039185 -0.6078385 -0.68365353
vn 0.08235234 -0.6078385 -0.7897787
vn 0.93724775 -0.21568465 -0.27394667
vn 0.5764662 -0.5843093 -0.57119995
vn 0.8823462 -0.36470312 -0.2974169
vn 0.09019542 -0.5764662 -0.81212777
vn 0.25490004 -0.858817 0.44436404
vn 0.29411542 -0.011764646 0.95569754
vn 0.7882293 -0.59999543 0.13674818
vn 0.23921388 -0.96862006 0.067467675
vn 0.121567726 -0.87450314 0.4695376
vn -0.5764661 -0.552937 0.60162073
vn -0.25489998 -0.69411236 -0.6732266
vn 0.21568465 0.70979846 0.67057157
vn -0.27842915 -0.4431339 -0.8521206
vn -0.18431222 -0.70195544 -0.68795896
vn -0.8901892 -0.34901696 0.29283166
vn -0.85881686 -0.09019542 0.5042801
vn -0.79607224 -0.59215236 -0.12499833
vn -0.5607799 -0.56078005 -0.6091401
vn -0.9215615 -0.22352773 0.3174268
vn -0.5450938 -0.6078385 -0.5774124
vn -0.48234916 -0.6156816 -0.62311757
vn -0.8901892 -0.19215542 0.41308537
vn -0.7254846 -0.6078385 -0.32280713
vn 0.5843093 -0.20784158 -0.78446454
vn 0.34901696 -0.45097697 -0.8214663
vn 0.80391544 0.003921509 -0.5947307
vn 0.77254313 -0.0039215684 -0.63495016
vn 0.7097985 -0.019607723 -0.70413184
vn -0.011764526 -0.8431308 0.5375798
vn -0.42744768 -0.72548467 -0.53940755
vn 0.6705831 -0.0274508 -0.74132633
vn 0.098038495 -0.019607723 -0.99498945
vn -0.11372459 -0.8431308 -0.5255446
vn 0.0274508 -0.86666006 -0.49814337
vn 0.09019542 -0.8509739 -0.5174053
vn -0.035293818 -0.7411708 -0.67038804
vn 0.043136954 -0.6784262 -0.73340106
vn 0.16078311 -0.80391544 -0.5725983
vn -0.34117377 -0.45097697 -0.82475466
vn -0.074509144 -0.011764646 -0.9971509
vn 0.0039215684 -0.0039215684 -0.9999846
vn 0.0039215684 -0.0039215684 -0.9999846
vn -0.37254608 -0.48234928 -0.79281056
vn -0.5999954 -0.1294108 -0.78946716
vn -0.670583 -0.0274508 -0.74132645
vn -0.70979846 -0.019607723 -0.70413184
vn -0.7725431 -0.0039215684 -0.6349503
vn -0.8039154 0.003921509 -0.5947308
vn -0.7254846 -0.16078311 -0.6691942
vn -0.7882292 -0.011764646 -0.6152693
vn -0.34117377 -0.5450939 -0.7658153
vn -0.7803861 -0.043136954 -0.62380826
vn -0.7568569 -0.0039215684 -0.6535688
vn -0.7254846 -0.16862619 -0.66726106
vn -0.5999954 -0.20784158 -0.7725332
vn -0.19215536 -0.52940774 -0.8263194
vn -0.50587845 -0.24705696 -0.8264683
vn 0.2313708 -0.6705831 -0.70483035
vn 0.87450314 -0.29411542 -0.38566875
vn 0.59999543 -0.49019235 -0.6322317
vn 0.858817 -0.08235234 0.50561994
vn -0.4352907 -0.24705696 -0.86572796
vn 0.756857 -0.46666312 -0.45759487
vn 0.756857 -0.52156466 -0.39387542
vn 0.9843062 -0.15294003 -0.08803764
vn 0.9996234 -0.027440673 -0
vn 0.97646314 -0.16862619 -0.13448034
vn 0.9999924 0.003921509 -0
vn 0.9999924 -0.0039215684 -0
vn 0.9529339 -0.1294108 -0.27417114
vn 0.8901893 -0.1999985 -0.4093454
vn 0.6392108 -0.019607723 -0.7687816
vn 0.97646314 -0.0274508 -0.21393038
vn 0.7490139 -0.45882004 -0.47797737
vn 0.9843062 -0.019607723 -0.17537622
vn 0.9999924 -0.0039215684 -0
vn 0.9999924 0.003921509 -0
vn 0.5843093 -0.0039215684 -0.8115216
vn 0.9294047 -0.21568465 -0.29947796
vn 0.23921388 -0.4352908 -0.8679278
vn 0.39607543 -0.49019235 -0.77642494
vn 0.49019235 -0.019607723 -0.8713937
vn 0.5843093 -0.0039215684 -0.8115216
vn -0.019607663 -0.1294108 -0.9913972
vn -0.098038435 -0.0274508 -0.99480397
vn 0.21568465 -0.45882004 -0.86195374
vn -0.16078305 -0.019607723 -0.986795
vn -0.25489998 -0.0039215684 -0.9669595
vn -0.30195844 0.003921509 -0.95331305
vn -0.19215536 -0.16078311 -0.9681039
vn -0.30195844 -0.0039215684 -0.95331305
vn 0.17646927 -0.5450939 -0.8195921
vn -0.262743 -0.043136954 -0.9639011
vn -0.23137069 -0.0039215684 -0.9728578
vn -0.19215536 -0.16862619 -0.96676856
vn 0.07450926 -0.24705696 -0.9661321
vn -0.003921509 -0.21568465 -0.9764552
vn -0.3176446 -0.8509739 0.4182647
vn 0.4745062 -0.8117585 -0.34042913
vn 0.36470312 -0.86666006 -0.34042913
vn 0.28627235 -0.8901893 -0.3544167
vn 0.17646927 -0.86666006 -0.4666465
vn 0.4039185 -0.09019542 0.9103376
vn 0.6078385 -0.66274005 -0.43738773
vn 0.93724775 -0.28627235 0.19903466
vn 0.83528775 -0.5372508 -0.116858594
vn 0.86666006 -0.49019235 0.09279986
vn 0.36470312 -0.7411708 -0.5636111
vn 0.45882004 -0.6784262 -0.57377875
vn 0.15294003 -0.24705696 -0.95685536
vn 0.8431308 -0.52156466 0.13076961
vn -0.99214923 -0.09019542 -0.0866296
vn 0.858817 -0.15294003 0.48892
vn 0.8274447 -0.0274508 0.5608759
vn 0.858817 -0.16862619 0.48373404
vn 0.8509739 0.003921509 0.52519333
vn 0.8117585 -0.0039215684 0.5839801
vn 0.93724775 -0.1294108 0.3237584
vn 0.960777 -0.1999985 0.19211501
vn 0.96862006 -0.011764646 -0.24826749
vn 0.9137185 -0.0274508 0.4054194
vn 0.8823462 -0.46666312 0.06075117
vn 0.8901893 -0.019607723 0.45516872
vn 0.8431308 -0.0039215684 0.53769416
vn 0.9529339 0.003921509 -0.30315277
vn 0.8117585 0.003921509 0.5839801
vn 0.89803237 -0.011764646 -0.4397721
vn 0.5058785 -0.16862619 -0.8459622
vn 0.69411236 -0.4745062 -0.5413427
vn 0.41176158 -0.15294003 -0.89836615
vn 0.45097697 -0.019607723 -0.8923202
vn 0.36470312 -0.019607723 -0.9309174
vn 0.36470312 -0.0039215684 -0.9311156
vn 0.31764466 0.003921509 -0.9482017
vn 0.31764466 0.003921509 -0.9482017
vn 0.5843093 -0.22352773 -0.78013974
vn -0.5133427 -0.85818374 -0
vn 0.5842015 -0.8116088 -0
vn 0.4889607 -0.87230587 -0
vn 0.41960466 -0.89803237 -0.13217346
vn 0.4039185 -0.87450314 -0.26850343
vn 0.79607236 -0.07450926 0.6005973
vn 0.59999543 -0.043136954 0.79883957
vn -0.15293992 -0.17646927 0.9723518
vn 0.654897 -0.19215542 0.73088044
vn 0.52940774 -0.24705696 0.8115974
vn 0.63136774 -0.7411708 -0.22812404
vn 0.7097985 -0.6784262 -0.18953617
vn 0.9294047 -0.21568465 0.29947796
vn -0.74117076 -0.09019542 -0.6652298
vn 0.41176158 -0.77254313 0.48335233
vn -0.34897396 -0.9371325 -0
vn 0.6705831 -0.19215542 0.71651554
vn -0.670583 -0.19215542 -0.71651566
vn 0.35686004 -0.0039215684 0.9341496
vn 0.18431234 -0.0039215684 0.9828599
vn 0.38823235 -0.24705696 0.887828
vn 0.0039215684 -0.27842927 0.96044874
vn 0.66274005 -0.72548467 0.18560067
vn 0.31764466 -0.9294047 0.1879063
vn 0.654897 -0.70195544 -0.27994376
vn 0.56078005 -0.8117585 -0.16301502
vn 0.4431339 -0.8823462 -0.15842205
vn 0.07450926 -0.77254313 -0.6305755
vn 0.38038927 -0.72548467 -0.5735643
vn 0.08235234 -0.6078385 -0.7897787
vn -0.12156761 -0.0039215684 0.9925754
vn -0.3490169 -0.0039215684 0.9371082
vn -0.48234916 -0.23921388 0.84268385
vn -0.62352455 0.003921509 0.78179395
vn -0.8352877 -0.20784158 0.5090151
vn 0.0039215684 -0.62352467 0.7817939
vn -0.37254608 -0.035293877 0.9273423
vn -0.466663 -0.87450314 0.13217369
vn 0.756857 -0.552937 0.34846556
vn 0.77254313 -0.5450939 0.32565275
vn 0.7490139 -0.5843093 0.31234732
vn 0.38823235 -0.8823462 -0.26597145
vn -0.7333276 -0.62352467 0.2710121
vn -0.85097384 0.003921509 0.5251934
vn -0.45097685 -0.8823462 0.13448071
vn -0.45097685 -0.8823462 0.13448071
vn -0.45097685 -0.8823462 0.13448071
vn -0.466663 -0.86666006 0.17642552
vn 0.97646314 0.20784152 -0.057633866
vn -0.18431222 0.9764631 -0.112021714
vn 0.6705831 -0.6078385 -0.4252653
vn 0.5686231 -0.6392108 -0.5177618
vn 0.41176158 -0.70195544 -0.581129
vn 0.48234928 -0.63136774 -0.6072182
vn 0.38038927 -0.6078385 -0.69701964
vn 0.39607543 -0.56078005 -0.72708327
vn -0.12156761 -0.59215236 -0.7966034
vn -0.81960154 -0.011764646 0.57281315
vn -0.59215224 -0.22352773 -0.77420354
vn -0.7490138 -0.56078005 -0.35285142
vn -0.5529369 -0.34901696 -0.7566029
vn 0.121567726 -0.59999543 0.7907128
vn 0.59999543 -0.70195544 -0.38374996
vn -0.56862307 0.70979846 0.4157571
vn 0.72548467 -0.4431339 -0.5265969
vn 0.56078005 -0.69411236 -0.4513688
vn 0.56078005 -0.36470312 0.74331516
vn 0.7176416 -0.5843093 0.37891054
vn 0.79607236 -0.5764662 -0.1842703
vn 0.46666312 -0.19215542 0.86330867
vn 0.56078005 -0.21568465 0.79937845
vn 0.7803862 -0.6078385 0.14673004
vn 0.7803862 -0.6078385 -0.14673004
vn 0.3019585 -0.9529339 -0.02716661
vn -0.34117377 -0.858817 0.3821438
vn 0.6784262 -0.7097985 -0.18953617
vn 0.07450926 -0.96862006 0.23711498
vn 0.16862619 -0.87450314 -0.45476308
vn -0.4901923 -0.66274005 0.56611586
vn -0.41960454 -0.86666006 0.26987478
vn 0.63136774 -0.756857 0.16894461
vn -0.23921382 -0.87450314 0.42192537
vn -0.30195844 -0.8901893 0.3411512
vn -0.2941153 -0.8823462 0.36737087
vn -0.27058613 -0.86666006 0.41914615
vn -0.262743 -0.8509739 0.4547632
vn -0.262743 -0.41176158 0.872593
vn -0.22352767 -0.7803862 0.5839801
vn -0.16862607 -0.654897 0.7366649
vn -0.18431222 -0.87450314 0.4486349
vn -0.22352767 -0.93724775 0.26758558
vn 0.38038927 -0.80391544 -0.45719138
vn -0.9607769 -0.19215542 -0.19995996
vn 0.27842927 -0.8823462 -0.37939727
vn -0.3176446 -0.77254313 -0.549799
vn -0.02745068 -0.72548467 -0.6876907
vn 0.23921388 -0.69411236 -0.6789586
vn -0.39607537 -0.6078385 -0.6882272
vn -0.8901892 -0.34901696 -0.29283166
vn -0.9294046 -0.22352773 -0.29367056
vn -0.098038435 -0.6078385 -0.78798527
vn -0.56862307 -0.59215236 -0.5709846
vn -0.019607663 -0.6156816 -0.787751
vn -0.098038435 -0.56078005 -0.82214
vn 0.0274508 -0.62352467 -0.78132164
vn 0.29411542 -0.62352467 -0.7243709
vn 0.2313708 -0.79607236 -0.55922836
vn 0.46666312 0.88234615 -0.060752273
vn -0.12941074 0.8980323 -0.42046502
vn -0.3254876 -0.011764646 0.94547313
vn -0.81960154 -0.552937 0.15004681
vn 0.56078005 -0.59999543 0.5705535
vn 0.25490004 -0.70195544 -0.6650448
vn -0.21568453 0.70979846 0.6705716
vn 0.27842927 -0.4431339 -0.8521206
vn 0.18431234 -0.69411236 -0.69587135
vn 0.8901893 -0.36470312 0.27304703
vn 0.80391544 -0.5843093 -0.11091712
vn 0.552937 -0.5764662 -0.6016207
vn 0.8901893 -0.19215542 0.41308513
vn 0.9215616 -0.22352773 0.3174265
vn 0.73332775 -0.6078385 -0.30456987
vn 0.52940774 -0.6078385 -0.5918275
vn -0.011764526 -0.9294047 0.36887467
vn 0.20784158 -0.94509083 -0.2522007
vn -0.05882299 -0.858817 0.50889415
vn 0.45097697 -0.7097985 -0.5411154
vn 0.19215542 -0.96862006 0.1576434
vn -0.12941074 -0.87450314 -0.4674368
vn -0.043136835 -0.66274005 0.7476061
vn 0.6078385 -0.756857 -0.24020807
vn -0.5843092 -0.77254313 -0.24851525
vn 0.0039215684 -0.8823462 -0.4705845
vn 0.043136954 -0.80391544 -0.59317714
vn -0.19999838 -0.69411236 -0.69152635
vn -0.4352907 -0.62352467 -0.64941436
vn -0.18431222 -0.62352467 -0.75976706
vn -0.13725376 -0.79607236 -0.5894321
vn 0.36470312 0.8901892 -0.27304736
vn -0.3490169 0.9058753 -0.23995224
vn 0.019607723 -0.8823462 0.47019222
vn -0.035293818 -0.8901893 0.45422173
vn -0.019607663 -0.8823462 0.47019222
vn 0.0274508 -0.86666006 0.49814337
vn 0.05098003 -0.8509739 0.52272797
vn 0.3019585 -0.41176158 0.8598101
vn 0.16078311 -0.7803862 0.60427326
vn 0.29411542 -0.654897 0.69613653
vn 0.07450926 -0.9529339 0.2938798
vn -0.12941074 -0.7097985 -0.6924153
vn -0.45882 -0.77254313 -0.43893197
vn -0.043136835 -0.7803862 -0.6238081
vn -0.47450614 -0.6705831 -0.57022995
vn -0.42744768 -0.6392108 -0.639295
vn -0.53725076 -0.62352467 -0.5679601
vn 0.08235234 -0.63136774 -0.77109843
vn -0.1450969 -0.7882293 -0.59803134
vn -0.42744768 -0.72548467 -0.53940755
vn -0.12156761 -0.62352467 -0.77229416
vn -0.3176446 -0.5450939 -0.7758702
vn 0.019607723 -0.7097985 -0.70413184
vn -0.36470306 -0.6078385 -0.70535386
vn -0.15293992 -0.6078385 -0.779193
vn 0.16078311 -0.858817 0.48639718
vn -0.22352767 -0.8196016 -0.52753067
vn -0.13725376 -0.8117585 -0.56763506
vn -0.3254876 -0.62352467 -0.7108268
vn -0.24705684 -0.6078385 -0.75464916
vn -0.12941074 -0.6078385 -0.78344446
vn -0.35685992 -0.6078385 -0.70935416
vn -0.19215536 -0.552937 -0.81076324
vn -0.05882299 -0.552937 -0.8311441
vn -0.41176152 -0.5372508 -0.7360801
vn -0.44313383 -0.552937 -0.7056154
vn -0.3176446 -0.011764646 -0.94813687
vn -0.3490169 0.003921509 -0.9371082
vn -0.5607799 -0.05098003 -0.82639396
vn -0.6078384 -0.5372508 -0.5847171
vn -0.79607224 0.050979972 -0.6030506
vn -0.8117584 0.011764526 -0.5838749
vn -0.6392107 -0.552937 -0.5344814
vn -0.7254846 -0.6156816 -0.30758458
vn -0.76469994 -0.63136774 -0.12887515
vn -0.670583 -0.7176416 -0.18790677
vn -0.68626916 -0.62352467 -0.37450182
vn 0.41176158 -0.858817 0.3047717
vn -0.5607799 -0.6078385 -0.5621906
vn -0.53725076 -0.552937 -0.63688487
vn -0.44313383 -0.8117585 -0.3803689
vn -0.6392107 -0.6078385 -0.47110724
vn -0.4901923 -0.8196016 -0.29658845
vn -0.7019553 -0.6078385 -0.37120226
vn -0.7725431 -0.552937 -0.31215048
vn 0.35686004 -0.6078385 0.7093541
vn 0.4431339 -0.552937 0.7056154
vn 0.41176158 -0.5372508 0.7360801
vn 0.15294003 -0.6078385 0.779193
vn 0.31764466 -0.5450939 0.77587014
vn 0.31764466 -0.011764646 0.9481368
vn 0.34901696 0.003921509 0.9371082
vn 0.56078005 -0.05098003 0.8263939
vn 0.22352773 -0.8196016 0.5275306
vn 0.24705696 -0.6078385 0.75464904
vn 0.59999543 -0.52940774 0.5997774
vn 0.79607236 0.050979972 0.6030505
vn 0.8117585 0.011764526 0.58387476
vn 0.63136774 -0.552937 0.5437237
vn 0.13725388 -0.8117585 0.567635
vn 0.1294108 -0.6078385 0.7834444
vn 0.121567726 -0.62352467 0.77229416
vn 0.46666312 -0.6705831 0.5766661
vn -0.019607663 -0.7097985 0.70413184
vn 0.7097985 -0.6078385 0.35597533
vn -0.16078305 -0.858817 -0.48639718
vn 0.32548773 -0.62352467 0.7108268
vn 0.42744774 -0.72548467 0.53940743
vn 0.05882311 -0.552937 0.8311441
vn 0.14509696 -0.7882293 0.59803134
vn -0.08235228 -0.63136774 0.7710985
vn 0.05098003 -0.80391544 0.5925546
vn 0.42744774 -0.6392108 0.63929486
vn 0.1294108 -0.7097985 0.69241524
vn 0.5372508 -0.62352467 0.56795996
vn 0.45882004 -0.77254313 0.4389319
vn 0.72548467 -0.6392108 0.25511077
vn 0.63136774 -0.77254313 0.067467235
vn 0.66274005 -0.72548467 0.18560067
vn 0.77254313 -0.62352467 0.119975306
vn 0.5137216 -0.7097985 0.4819504
vn 0.6784262 -0.62352467 0.38852912
vn 0.56078005 -0.6078385 0.5621905
vn 0.5372508 -0.552937 0.6368848
vn 0.4431339 -0.8117585 0.3803689
vn 0.6392108 -0.6078385 0.47110713
vn 0.46666312 -0.7882293 0.40114853
vn 0.3019585 -0.79607236 0.5244901
vn 0.49019235 -0.8196016 0.29658836
vn 0.70195544 -0.6078385 0.37120196
vn -0.41176152 -0.858817 -0.3047718
vn 0.39607543 -0.62352467 0.6740484
vn 0.552937 -0.62352467 0.5527004
vn 0.7097985 -0.5450939 0.44615996
vn 0.39607543 -0.7097985 0.5825035
vn 0.5764662 -0.6078385 0.54609436
vn 0.76470006 -0.5372508 0.35580248
vn 0.77254313 -0.552937 0.31215027
vn 0.8117585 -0.011764646 0.58387476
vn 0.83528775 0.003921509 0.549799
vn 0.93724775 -0.05098003 0.34491694
vn 0.83528775 -0.52940774 0.14839754
vn 0.998703 0.05091424 -0
vn 0.99993086 0.011763803 -0
vn 0.8274447 -0.552937 0.09795943
vn 0.77254313 -0.62352467 -0.119975306
vn 0.7803862 -0.6078385 0.14673004
vn 0.8117585 -0.552937 0.18790646
vn 0.5764662 -0.8117585 0.09346027
vn 0.7948022 -0.6068687 -0
vn 0.5752995 -0.8179428 -0
vn 0.7882293 -0.6078385 -0.096057005
vn -0.5133427 -0.85818374 -0
vn 0.6392108 -0.73332775 0.23160313
vn 0.56078005 -0.8274447 0.029344646
vn 0.7882293 -0.6078385 0.096057005
vn 0.8274447 -0.5372508 -0.16339183
vn 0.83528775 -0.5450939 -0.0718819
vn 0.8117585 -0.552937 -0.18790646
vn 0.99993086 -0.011763922 -0
vn 0.9999924 0.003921509 -0
vn 0.960777 -0.05098003 -0.27259606
vn 0.77254313 -0.62352467 0.119975306
vn 0.756857 -0.52940774 -0.38326883
vn 0.8196016 0.050979972 -0.57066125
vn 0.8117585 0.011764526 -0.58387476
vn 0.7176416 -0.552937 -0.42338073
vn 0.6862693 -0.6705831 -0.28169623
vn 0.56078005 -0.6078385 -0.5621905
vn 0.73332775 -0.6156816 0.28838626
vn 0.5843093 -0.80391544 0.110917255
vn 0.4745062 -0.6392108 -0.6051887
vn 0.1294108 -0.62352467 0.7710187
vn -0.96861994 0.003921509 0.2485156
vn 0.38038927 -0.72548467 -0.5735643
vn 0.5764662 -0.62352467 -0.5281133
vn 0.70195544 -0.6078385 -0.37120196
vn 0.77254313 -0.552937 -0.31215027
vn 0.49803543 -0.8117585 -0.30497345
vn 0.6392108 -0.6078385 -0.47110713
vn 0.4431339 -0.8196016 -0.36316055
vn 0.5686231 -0.6078385 -0.5542564
vn -0.41176152 -0.858817 0.3047718
vn 0.38038927 -0.62352467 -0.6830234
vn 0.52940774 -0.7882293 -0.31372288
vn 0.6784262 -0.7097985 -0.18953617
vn 0.69411236 -0.6078385 -0.38566875
vn 0.2705862 -0.77254313 -0.5744216
vn 0.6156816 -0.7097985 -0.34223124
vn 0.756857 -0.63136774 -0.1689447
vn 0.69411236 -0.62352467 -0.3597569
vn 0.6470539 -0.5450939 -0.5330984
vn 0.5686231 -0.5372508 -0.62292
vn 0.5372508 -0.552937 -0.6368848
vn 0.80391544 -0.011764646 -0.59462726
vn 0.7803862 0.003921509 -0.6252855
vn 0.6156816 -0.05098003 -0.78634423
vn 0.5450939 -0.80391544 -0.23789196
vn -0.262743 -0.9529339 0.15127167
vn 0.39607543 -0.6705831 -0.62724996
vn 0.38823235 -0.52940774 -0.75432295
vn 0.3333308 0.050979972 -0.9414306
vn 0.30980158 0.011764526 -0.9507285
vn 0.11372465 -0.6078385 -0.78587466
vn 0.32548773 -0.552937 -0.7670192
vn -0.5764661 -0.6470539 0.49900708
vn -0.5294076 -0.77254313 0.3505776
vn -0.48234916 -0.8509739 0.20780455
vn -0.7254846 -0.41176158 0.5514748
vn 0.035293877 -0.6392108 -0.7682212
vn -0.12156761 -0.77254313 -0.62321615
vn -0.12156761 -0.9529339 0.27773783
vn 0.35686004 -0.6784262 -0.6421751
vn -0.098038435 -0.62352467 -0.77563226
vn -0.035293818 -0.5843093 -0.8107632
vn 0.38823235 -0.73332775 -0.5581273
vn 0.30980158 -0.80391544 -0.5076839
vn 0.0039215684 -0.8823462 -0.4705845
vn 0.07450926 -0.552937 -0.829885
vn 0.27842927 -0.72548467 -0.62940377
vn 0.35686004 -0.6078385 -0.7093541
vn 0.4431339 -0.552937 -0.7056154
vn 0.22352773 -0.8196016 -0.5275306
vn 0.24705696 -0.6078385 -0.75464904
vn -0.16078305 -0.8509739 0.49999225
vn 0.13725388 -0.8196016 -0.55625045
vn 0.1294108 -0.6078385 -0.7834444
vn 0.49019235 -0.6705831 -0.5568031
vn 0.3333308 -0.6078385 -0.72071
vn 0.52156466 -0.62352467 -0.5823979
vn 0.35686004 -0.62352467 -0.6956062
vn 0.1999985 -0.5450939 -0.81417024
vn 0.098038495 -0.5372508 -0.8377052
vn 0.05882311 -0.552937 -0.8311441
vn 0.3019585 -0.011764646 -0.95324844
vn 0.2705862 0.003921509 -0.96268773
vn 0.035293877 -0.05098003 -0.99807584
vn -0.043136835 -0.6705831 -0.7405792
vn -0.12941074 -0.52940774 -0.8384392
vn -0.2862723 0.050979972 -0.9567911
vn -0.30980146 0.011764526 -0.9507285
vn 0.9921493 -0.043136954 -0.11738393
vn 0.9921493 -0.035293877 -0.119975515
vn 0.9921493 -0.10588157 0.06654979
vn 0.97646314 0.003921509 -0.21564874
vn 0.97646314 -0.0039215684 -0.21564874
vn 0.97646314 0.003921509 -0.21564874
vn 0.97646314 0.003921509 -0.21564874
vn 0.97646314 0.003921509 -0.21564874
vn 0.9921493 -0.05098003 -0.114196405
vn 0.9921493 -0.019607723 0.123512425
vn 0.9921493 -0.019607723 0.123512425
vn 0.97646314 0.003921509 0.21564874
vn 0.97646314 0.003921509 0.21564874
vn 0.97646314 0.003921509 0.21564874
vn 0.97646314 -0.0039215684 0.21564874
vn 0.97646314 0.003921509 0.21564874
vn -0.99214923 -0.043136954 0.117384434
vn -0.99214923 -0.035293877 0.119976014
vn -0.99214923 -0.10588157 -0.06655069
vn -0.9764631 0.003921509 0.21564901
vn -0.9764631 -0.0039215684 0.21564901
vn -0.9764631 0.003921509 0.21564901
vn -0.9764631 0.003921509 0.21564901
vn -0.9764631 0.003921509 0.21564901
vn -0.99214923 -0.05098003 0.11419693
vn -0.99214923 -0.019607723 -0.12351291
vn -0.99214923 -0.019607723 -0.12351291
vn -0.9764631 0.003921509 -0.21564901
vn -0.9764631 0.003921509 -0.21564901
vn -0.9764631 0.003921509 -0.21564901
vn -0.9764631 -0.0039215684 -0.21564901
vn -0.9764631 0.003921509 -0.21564901
vn 0.0039215684 0.003921509 0.9999846
vn -0.003921509 -0.0039215684 0.9999846
vn -0.003921509 -0.0039215684 0.9999846
vn 0.011764646 0.003921509 0.9999231
vn 0.86666006 -0.0039215684 -0.49888372
vn 0.858817 -0.011764646 -0.5121474
vn 0.86666006 -0.0039215684 -0.49888372
vn 0.87450314 0.003921509 -0.485004
vn 0.9999924 -0.0039215684 -0
vn 0.99993086 0.011763803 -0
vn 0.9921493 -0.011764646 0.12450452
vn 0.89803237 -0.4352908 0.06371649
vn 0.9921493 -0.09019542 -0.086628914
vn 0.9215616 -0.3411739 -0.18526901
vn 0.9843062 -0.043136954 0.17111541
vn 0.9843062 0.003921509 0.17642535
vn 0.9921493 -0.0039215684 -0.12499761
vn 0.9921493 0.003921509 -0.124997616
vn 0.97646314 -0.0039215684 -0.21564874
vn 0.9843062 0.003921509 -0.17642535
vn 0.94509083 -0.05098003 -0.32280695
vn 0.8431308 -0.38823235 -0.37202963
vn 0.9215616 -0.0039215684 -0.38821238
vn 0.93724775 0.011764526 -0.34846556
vn 0.90587544 0.003921509 -0.42352602
vn 0.87450314 -0.09019542 -0.4765596
vn 0.7176416 -0.35686004 -0.59803134
vn 0.8196016 -0.07450926 -0.56806827
vn 0.79607236 -0.0039215684 -0.6051888
vn 0.8196016 0.003921509 -0.57292044
vn 0.7411708 -0.011764646 -0.6712134
vn 0.76470006 0.003921509 -0.6443745
vn 0.6705831 -0.043136954 -0.7405791
vn 0.5764662 -0.36470312 -0.731217
vn 0.6078385 0.003921509 -0.794051
vn 0.6470539 0.011764526 -0.7623535
vn 0.552937 -0.043136954 -0.8321057
vn 0.5686231 0.003921509 -0.8225888
vn 0.45097697 -0.09019542 -0.8879665
vn 0.59999543 -0.70195544 -0.38374996
vn 0.48234928 -0.70195544 -0.52402073
vn 0.6784262 -0.70195544 -0.21678664
vn 0.7176416 -0.69411236 -0.05655585
vn 0.3333308 -0.34901696 -0.87582976
vn 0.3333308 -0.7097985 -0.62054545
vn 0.38823235 0.003921509 -0.9215532
vn 0.42744774 0.003921509 -0.9040315
vn 0.3019585 -0.043136954 -0.9523446
vn 0.14509696 -0.35686004 -0.92282057
vn 0.3411739 0.011764526 -0.93992656
vn 0.20784158 -0.019607723 -0.97796595
vn 0.16862619 -0.70195544 -0.69197094
vn 0.121567726 0.003921509 -0.9925754
vn 0.17646927 0.003921509 -0.98429835
vn 0.066666186 -0.09019542 -0.9936903
vn 0.08235234 0.003921509 -0.99659556
vn -0.12941074 -0.3725462 -0.91894627
vn -0.035293818 -0.0274508 -0.9989999
vn -0.08235228 0.003921509 -0.99659556
vn -0.12941074 -0.0039215684 -0.99158335
vn -0.011764526 -0.70195544 -0.7121237
vn -0.19999838 -0.043136954 -0.9788462
vn -0.1764692 0.011764526 -0.9842358
vn -0.3176446 -0.32548773 -0.89059514
vn -0.27058613 -0.0039215684 -0.9626878
vn -0.34117377 0.003921509 -0.9399921
vn -0.3803892 -0.0039215684 -0.9248182
vn -0.19215536 -0.7097985 -0.677689
vn -0.41960454 -0.09019542 -0.90321475
vn -0.41960454 0.003921509 -0.9076986
vn -0.5529369 -0.3725462 -0.7452987
vn -0.51372147 -0.0039215684 -0.85794806
vn -0.56862307 0.003921509 -0.82258886
vn -0.6078384 -0.0039215684 -0.7940511
vn -0.35685992 -0.7097985 -0.6073196
vn -0.64705384 -0.043136954 -0.7612231
vn -0.70979846 -0.3019585 -0.6364018
vn -0.6392107 0.011764526 -0.76894164
vn -0.7490138 0.003921509 -0.6625428
vn -0.4901923 -0.7176416 -0.49467367
vn -0.79607224 -0.011764646 -0.6050873
vn -0.76469994 -0.0039215684 -0.6443746
vn -0.8039154 -0.08235234 -0.5890146
vn -0.81960154 0.003921509 -0.57292056
vn -0.8039154 -0.4431339 -0.39667672
vn -0.9215615 -0.0274508 -0.3872607
vn -0.5999954 -0.72548467 -0.33716103
vn -0.27842915 -0.89803237 -0.34060985
vn -0.35685992 -0.89803237 -0.25727198
vn -0.18431222 -0.89803237 -0.39945823
vn -0.074509144 -0.89803237 -0.4335738
vn 0.043136954 -0.9137185 -0.40405154
vn 0.11372465 -0.93724775 -0.3295957
vn -0.011764526 -0.9843062 -0.17607634
vn -0.05882299 -0.9843062 -0.16637641
vn -0.098038435 -0.9843062 -0.14673014
vn -0.13725376 -0.9843062 -0.11091752
vn 0.1999985 -0.9294047 -0.31017333
vn 0.27842927 -0.9294047 -0.24224791
vn 0.30980158 -0.93724775 -0.15996763
vn 0.35686004 -0.9294047 -0.09411613
vn -0.003921509 -0.9999924 -0
vn -0.003921509 -0.9999924 -0
vn -0.003921509 -0.9999924 -0
vn -0.003921509 -0.9999924 -0
vn -0.003921509 -0.9999924 -0
vn -0.003921509 -0.9999924 -0
vn 0.011763922 -0.99993086 -0
vn 0.019604106 -0.9998079 -0
vn 0.027440673 -0.9996234 -0
vn 0.043097205 -0.9990709 -0
vn 0.043097205 -0.9990709 -0
vn 0.05872205 -0.9982743 -0
vn 0.05872205 -0.9982743 -0
vn 0.05872205 -0.9982743 -0
vn 0.066519044 -0.9977852 -0
vn 0.33261544 -0.9430625 -0
vn 0.0509143 -0.998703 -0
vn 0.17646927 -0.9843062 -0
vn -0.003921509 -0.9999924 -0
vn -0.003921509 -0.9999924 -0
vn 0.654897 -0.7490139 0.100439765
vn 0.17646927 -0.9843062 -0
vn -0.003921509 -0.9999924 -0
vn -0.003921509 -0.9999924 -0
vn 0.8901893 -0.3725462 0.26224488
vn 0.93724775 -0.011764646 0.34846556
vn 0.14509696 -0.9843062 0.100439765
vn -0.003921509 -0.9999924 -0
vn 0.59215236 -0.756857 0.27662814
vn 0.10588157 -0.9843062 0.14117494
vn -0.003921509 -0.9999924 -0
vn -0.003921509 -0.9999924 -0
vn 0.49803543 -0.756857 0.42323542
vn 0.7176416 -0.5372508 0.44311634
vn 0.6470539 -0.38038927 0.66077626
vn 0.9137185 -0.09019542 0.39621112
vn 0.9215616 -0.011764646 0.3880539
vn 0.93724775 0.011764526 0.34846556
vn 0.90587544 0.003921509 0.42352602
vn 0.7882293 -0.05882311 0.6125638
vn 0.066666186 -0.9843062 0.16339192
vn -0.003921509 -0.9999924 -0
vn -0.003921509 -0.9999924 -0
vn 0.3725462 -0.756857 0.53700733
vn 0.019607723 -0.9843062 0.17537625
vn -0.003921509 -0.9999924 -0
vn 0.2313708 -0.756857 0.61125696
vn -0.035293818 -0.9843062 0.17290345
vn -0.003921509 -0.9999924 -0
vn -0.003921509 -0.9999924 -0
vn -0.074509144 -0.9843062 0.15996763
vn -0.003921509 -0.9999924 -0
vn -0.003921509 -0.9999924 -0
vn 0.066666186 -0.76470006 0.6409286
vn 0.41960466 -0.52940774 0.73733264
vn -0.11372459 -0.9843062 0.13493712
vn 0.0039215684 -0.9999924 -0
vn -0.19215536 -0.97646314 0.09795943
vn 0.019604106 -0.9998079 -0
vn 0.011763922 -0.99993086 -0
vn -0.019604046 -0.9998079 -0
vn -0.3254876 -0.94509083 0.029344646
vn -0.035272125 -0.9993777 -0
vn -0.027440554 -0.9996234 -0
vn -0.019604046 -0.9998079 -0
vn 0.24705696 -0.35686004 0.90089613
vn -0.1764692 -0.9843062 -0
vn -0.003921509 -0.9999924 -0
vn -0.16862607 -0.9843062 -0.052024297
vn -0.003921509 -0.9999924 -0
vn -0.003921509 -0.9999924 -0
vn -0.41176152 -0.89803237 -0.15488814
vn -0.41176152 -0.90587544 -0.09920735
vn -0.66274 -0.72548467 -0.18560083
vn -0.7176415 -0.69411236 -0.056557428
vn -0.7333276 -0.654897 -0.18259385
vn -0.756206 -0.6543337 -0
vn -0.74117076 -0.654897 0.1475664
vn -0.64705384 -0.7490139 0.1424765
vn -0.6941123 -0.654897 0.29886132
vn -0.24705684 -0.96862006 0.027167708
vn -0.6078384 -0.7411708 0.2849532
vn -0.5999954 -0.654897 0.4594731
vn -0.42744768 -0.8431308 0.3262191
vn -0.6078384 -0.34901696 0.71324587
vn -0.4039184 -0.76470006 0.5020794
vn -0.3803892 -0.39607543 0.83572024
vn -0.25489998 -0.76470006 0.5918276
vn -0.20784152 -0.3411739 0.9167346
vn -0.098038435 -0.76470006 0.63688487
vn 0.043136954 -0.4745062 0.87919456
vn -0.56862307 -0.09019542 0.81763846
vn -0.47450614 -0.011764646 0.88017356
vn -0.42744768 0.003921509 0.9040316
vn -0.38823223 -0.0039215684 0.9215532
vn -0.33333075 -0.043136954 0.9418226
vn -0.34117377 0.011764526 0.9399266
vn -0.20784152 0.003921509 0.97815466
vn -0.6078384 -0.0039215684 0.7940511
vn -0.56862307 0.003921509 0.82258886
vn -0.6392107 0.003921509 0.76902163
vn -0.6941123 -0.011764646 0.7197706
vn -0.74117076 -0.05098003 0.669378
vn -0.7803861 -0.035293877 0.62430114
vn -0.7882292 0.011764526 0.6152693
vn -0.79607224 0.011764526 0.6050873
vn -0.8431307 -0.066666186 0.53356
vn -0.9294046 -0.035293877 0.3673709
vn -0.8901892 -0.0274508 0.45476332
vn -0.12156761 -0.0039215684 0.9925754
vn -0.16862607 0.003921509 0.9856723
vn -0.10588145 -0.08235234 0.99096274
vn -0.0901953 0.003921509 0.99591637
vn 0.11372465 -0.019607723 0.9933188
vn -0.9215615 -0.0039215684 0.38821262
vn -0.9058753 0.003921509 0.4235263
vn -0.9450908 -0.0274508 0.325653
vn -0.93724763 0.011764526 0.34846592
vn -0.9764631 -0.0274508 0.21393067
vn -0.9764631 0.003921509 0.21564901
vn 0.16862619 -0.043136954 0.98473567
vn 0.1294108 -0.011764646 0.99152124
vn 0.08235234 0.003921509 0.99659556
vn 0.16862619 0.003921509 0.98567224
vn 0.34901696 -0.019607723 0.9369113
vn -0.99214923 -0.011764646 0.124505
vn -0.9843061 0.003921509 0.17642602
vn -0.99214923 -0.043136954 0.117384434
vn -0.99214923 0.003921509 0.12499809
vn -0.9982743 -0.058722056 -0
vn -0.99214923 -0.05882311 -0.110361874
vn -0.96861994 -0.043136954 -0.24477457
vn 0.39607543 -0.08235234 0.9145175
vn 0.38823235 -0.011764646 0.92148644
vn 0.3411739 0.011764526 0.93992656
vn 0.42744774 0.003921509 0.9040315
vn 0.59999543 -0.066666186 0.7972209
vn -0.99214923 -0.019607723 -0.12351291
vn -0.99214923 0.003921509 -0.12499809
vn -0.9843061 -0.0039215684 -0.17642602
vn -0.9843061 0.003921509 -0.17642602
vn -0.93724763 -0.043136954 -0.34598568
vn -0.9215615 -0.011764646 -0.38805413
vn -0.9058753 0.003921509 -0.4235263
vn -0.93724763 0.011764526 -0.34846592
vn 0.6392108 -0.0274508 0.7685415
vn 0.6078385 -0.011764646 0.79397357
vn 0.5686231 0.003921509 0.8225888
vn 0.6392108 0.011764526 0.7689416
vn 0.77254313 -0.0274508 0.6343686
vn 0.79607236 -0.011764646 0.6050871
vn 0.8196016 0.003921509 0.57292044
vn 0.76470006 0.003921509 0.6443745
vn -0.4980353 -0.0039215684 -0.86714786
vn -0.4901923 -0.0039215684 -0.8716055
vn -0.50587845 -0.0039215684 -0.86259586
vn -0.50587845 0.003921509 -0.86259586
vn -0.003921509 0.003921509 -0.9999846
vn 0.0039215684 -0.0039215684 -0.9999846
vn 0.0039215684 -0.0039215684 -0.9999846
vn -0.011764526 0.003921509 -0.9999231
vn 0.6078385 0.67842615 0.41263828
vn 0.5450939 0.7254846 0.42017224
vn 0.5686231 0.70979846 0.415757
vn 0.5450939 0.7176415 0.43343207
vn 0.5450939 0.7019553 0.4584009
vn 0.41960466 0.7254846 0.545531
vn 0.4039185 0.7019553 0.58660764
vn 0.4039185 0.7176415 0.5673099
vn 0.4431339 0.70979846 0.5475569
vn 0.4745062 0.68626916 0.55125177
vn -0.3176446 0.68626916 0.65432143
vn -0.2862723 0.70979846 0.6436104
vn -0.262743 0.7254846 0.6361118
vn -0.24705684 0.7176415 0.6511172
vn -0.23921382 0.7019553 0.6708468
vn -0.6392107 0.7254846 0.2551113
vn -0.68626916 0.68626916 0.24097563
vn -0.65489686 0.70979846 0.25941524
vn -0.6392107 0.7176415 0.27640623
vn -0.64705384 0.7019553 0.29762408
vn -0.7176415 0.68626916 0.118428715
vn -0.68626916 0.7254846 0.05202602
vn -0.6941123 0.70979846 0.11997618
vn -0.6941123 0.7176415 0.056558482
vn -0.70979846 0.7019553 0.058693103
vn -0.86666 -0.0039215684 -0.49888384
vn -0.86666 -0.0039215684 -0.49888384
vn -0.85881686 0.003921509 -0.5122677
vn -0.86666 -0.011764646 -0.49876052
vn 0.23921388 0.7019553 -0.6708468
vn 0.26274312 0.7254846 -0.63611174
vn 0.24705696 0.7176415 -0.6511172
vn 0.28627235 0.70979846 -0.64361036
vn 0.31764466 0.68626916 -0.65432143
vn 0.25490004 -0.0039215684 0.9669595
vn 0.25490004 -0.0039215684 0.9669595
vn 0.24705696 0.011764526 0.9689295
vn 0.26274312 -0.011764646 0.9647941
vn 0.7097985 -0.0039215684 0.70439386
vn 0.70195544 -0.011764646 0.7121237
vn 0.7097985 -0.0039215684 0.70439386
vn 0.7176416 0.011764526 0.69631326
vn -0.1764692 0.96861994 -0.17502567
vn -0.13725376 0.9843061 -0.1109186
vn -0.003921509 0.99999225 -0.00034526698
vn -0.1764692 0.96861994 -0.17502567
vn -0.15293992 0.9764631 -0.15208314
vn -0.19215536 0.9764631 -0.09796004
vn -0.12156761 0.96861994 -0.21678725
vn -0.21568453 0.96861994 -0.123513445
vn -0.12156761 0.9843061 -0.12791733
vn -0.21568453 0.96861994 -0.123513445
vn -0.12156761 0.96861994 -0.21678725
vn -0.003921509 0.99999225 -0.00034526698
vn -0.10588145 0.9764631 -0.18790694
vn -0.066666126 0.96861994 -0.23943898
vn -0.0901953 0.9843061 -0.15167834
vn -0.14470576 0.9894747 -0
vn -0.003921509 0.99999225 -0.00034526698
vn -0.20784152 0.9764631 -0.05763477
vn -0.23921382 0.96861994 -0.06746945
vn -0.23921382 0.96861994 -0.06746945
vn -0.23137069 0.96861994 -0.09079077
vn -0.22314367 0.97478557 -0
vn 0.0039215684 0.99999225 -0.00034526698
vn -0.23137069 0.96861994 -0.09079077
vn -0.2544933 0.9670746 -0
vn -0.24705684 0.96861994 0.027172094
vn -0.23921382 0.96861994 0.06746945
vn -0.2305637 0.97305727 -0
vn -0.003921509 0.99999225 -0.00034526698
vn -0.22314367 0.97478557 -0
vn -0.23137069 0.9607769 0.15288974
vn -0.23921382 0.96861994 0.06746945
vn -0.21568453 0.9764631 -0.00024414062
vn -0.21568453 0.96861994 0.123513445
vn -0.14470576 0.9894747 -0
vn -0.21568453 0.96861994 0.123513445
vn 0.0039215684 0.99999225 -0.00034526698
vn -0.19215536 0.9764631 0.09796004
vn -0.1764692 0.96861994 0.17502567
vn -0.13725376 0.9843061 0.1109186
vn -0.1764692 0.96861994 0.17502567
vn 0.0039215684 0.99999225 -0.00034526698
vn -0.15293992 0.9764631 0.15208314
vn -0.12156761 0.96861994 0.21678725
vn -0.12156761 0.9843061 0.12791733
vn -0.12156761 0.96861994 0.21678725
vn 0.0039215684 0.99999225 -0.00034526698
vn -0.10588145 0.9764631 0.18790694
vn -0.066666126 0.96861994 0.23943898
vn -0.0901953 0.9843061 0.15167834
vn -0.066666126 0.96861994 0.23943898
vn -0.003921509 0.99999225 -0.00034526698
vn -0.05882299 0.9764631 0.20750833
vn -0.011764526 0.96861994 0.24826796
vn -0.050979972 0.9843061 0.16894549
vn -0.003921509 0.96861994 0.2485156
vn -0.003921509 0.99999225 -0.00034526698
vn 0.035293877 0.96861994 0.24602786
vn -0.074509144 0.9607769 0.26712555
vn 0.043136954 0.9764631 0.21132694
vn 0.043136954 0.9764631 0.21132694
vn -0.003921509 0.99999225 -0.00034526698
vn 0.07450926 0.96861994 0.23711547
vn -0.003921509 0.9607769 0.27729464
vn 0.098038495 0.9764631 0.19211541
vn 0.098038495 0.9764631 0.19211541
vn -0.003921509 0.99999225 -0.00034526698
vn 0.121567726 0.96861994 0.21678711
vn 0.121567726 0.96861994 0.21678711
vn 0.121567726 0.9843061 0.12791711
vn 0.0039215684 0.99999225 -0.00034526698
vn 0.15294003 0.9764631 0.15208295
vn 0.17646927 0.96861994 0.17502567
vn 0.17646927 0.96861994 0.17502567
vn 0.14509696 0.9843061 0.10044095
vn 0.0039215684 0.99999225 -0.00034526698
vn 0.19215542 0.9764631 0.09796004
vn 0.21568465 0.96861994 0.1235132
vn 0.19215542 0.9764631 0.09796004
vn 0.24705696 0.96861994 0.027170997
vn 0.11372465 0.99214923 0.05202487
vn 0.2313708 0.96861994 0.09079044
vn -0.003921509 0.99999225 -0.00034526698
vn 0.23056379 0.97305715 -0
vn 0.2313708 0.96861994 0.09079044
vn 0.22314373 0.97478557 -0
vn 0.24705696 0.96861994 0.027170997
vn 0.23921388 0.96861994 0.06746945
vn -0.003921509 0.99999225 -0.00034526698
vn 0.24705696 0.96861994 -0.027170997
vn 0.23921388 0.96861994 -0.06746945
vn 0.23056379 0.97305715 -0
vn 0.0039215684 0.99999225 -0.00034526698
vn 0.22314373 0.97478557 -0
vn 0.2313708 0.9607769 -0.15288955
vn 0.23921388 0.96861994 -0.06746945
vn 0.21568465 0.9764631 -0
vn 0.21568465 0.96861994 -0.1235132
vn 0.14470582 0.9894747 -0
vn 0.21568465 0.96861994 -0.1235132
vn -0.003921509 0.99999225 -0.00034526698
vn 0.19215542 0.9764631 -0.09796004
vn 0.17646927 0.96861994 -0.17502567
vn -0.24705684 0.9450908 0.21393073
vn 0.066666186 0.99214923 -0.10580898
vn -0.37254608 0.86666 0.33182806
vn -0.5999954 0.68626916 0.41114503
vn 0.15294003 0.9764631 -0.15208295
vn 0.121567726 0.96861994 -0.21678711
vn 0.121567726 0.9843061 -0.12791711
vn 0.121567726 0.96861994 -0.21678711
vn -0.003921509 0.99999225 -0.00034526698
vn 0.10588157 0.9764631 -0.18790677
vn 0.066666186 0.96861994 -0.23943898
vn 0.09019542 0.9843061 -0.15167834
vn 0.066666186 0.96861994 -0.23943898
vn -0.003921509 0.99999225 -0.00034526698
vn 0.05882311 0.9764631 -0.20750833
vn 0.011764646 0.96861994 -0.24826796
vn 0.05098003 0.9843061 -0.16894549
vn 0.0039215684 0.96861994 -0.2485156
vn 0.0039215684 0.99999225 -0.00034526698
vn -0.035293818 0.96861994 -0.24602786
vn 0.07450926 0.9607769 -0.26712555
vn -0.043136835 0.9764631 -0.21132694
vn -0.043136835 0.9764631 -0.21132694
vn 0.0039215684 0.99999225 -0.00034526698
vn -0.066666126 0.96861994 -0.23943898
vn -0.003921509 0.99999225 -0.00034526698
vn -0.25489998 -0.0039215684 -0.9669595
vn -0.262743 -0.011764646 -0.96479416
vn -0.25489998 -0.0039215684 -0.9669595
vn -0.24705684 0.011764526 -0.9689296
vn -0.70979846 -0.0039215684 0.7043939
vn -0.7019553 0.011764526 0.7121239
vn -0.7019553 -0.0039215684 0.71221024
vn -0.70979846 -0.011764646 0.70430654
vn 0.49803543 -0.0039215684 -0.8671478
vn 0.5058785 -0.0039215684 -0.8625958
vn 0.49803543 -0.0039215684 -0.8671478
vn 0.49019235 0.003921509 -0.87160546
vn -0.68626916 0.7254846 -0.05202602
vn -0.7176415 0.68626916 -0.118428715
vn -0.6941123 0.70979846 -0.11997618
vn -0.6941123 0.7176415 -0.056558482
vn -0.70979846 0.7019553 -0.058693103
vn -0.99999225 0.003921509 -0.00034492963
vn -0.99999225 0.003921509 -0.00034492963
vn -0.99999225 -0.0039215684 -0.00034425134
vn -0.99999225 -0.0039215684 -0.00034425134
vn -0.86666 -0.0039215684 0.49888384
vn -0.86666 -0.0039215684 0.49888384
vn -0.86666 -0.0039215684 0.49888384
vn -0.85881686 0.003921509 0.5122677
vn 0.86666006 -0.0039215684 0.49888372
vn 0.86666006 -0.011764646 0.4987604
vn 0.86666006 -0.0039215684 0.49888372
vn 0.858817 0.003921509 0.51226753
vn 0.96862006 -0.0039215684 0.24851513
vn 0.960777 -0.011764646 0.2770725
vn 0.96862006 -0.0039215684 0.24851513
vn 0.96862006 0.011764526 0.24826749
vn -0.5450938 0.7254846 -0.4201724
vn -0.5450938 0.7019553 -0.45840102
vn -0.53725076 0.7176415 -0.44311664
vn -0.56862307 0.70979846 -0.4157571
vn -0.6078384 0.67842615 -0.41263843
vn -0.41176152 0.7254846 -0.55147487
vn -0.4039184 0.7019553 -0.58660775
vn -0.4039184 0.7176415 -0.56731004
vn -0.44313383 0.70979846 -0.5475569
vn -0.47450614 0.68626916 -0.5512518
vn -0.4039184 0.7019553 0.58660775
vn -0.41960454 0.7254846 0.5455311
vn -0.4039184 0.7176415 0.56731004
vn -0.44313383 0.70979846 0.5475569
vn -0.47450614 0.68626916 0.5512518
vn -0.50587845 -0.0039215684 0.86259586
vn -0.4901923 -0.0039215684 0.8716055
vn -0.4980353 -0.0039215684 0.86714786
vn -0.50587845 0.003921509 0.86259586
vn -0.16862607 0.9764631 0.13448094
vn -0.1764692 0.9764631 0.12400998
vn -0.12156761 0.99214923 0.029346678
vn -0.11372459 0.99214923 0.052025445
vn -0.670583 0.02745068 -0.74132645
vn -0.7019553 -0.0039215684 -0.71221024
vn -0.7019553 -0.0039215684 -0.71221024
vn -0.65489686 0.02745068 -0.7552196
vn -0.74117076 0.4039184 -0.536205
vn -0.74117076 0.466663 -0.48258835
vn 0.9999924 0.003921509 -0
vn 0.9999924 -0.0039215684 -0
vn 0.9999924 -0.0039215684 -0
vn 0.9999924 0.003921509 -0
vn 0.6862693 0.7254846 -0.05202487
vn 0.7097985 0.7019553 -0.058692593
vn 0.69411236 0.7176415 -0.056557428
vn 0.69411236 0.70979846 -0.11997568
vn 0.7176416 0.68626916 -0.11842796
vn 0.41960466 0.7254846 -0.545531
vn 0.4745062 0.68626916 -0.55125177
vn 0.4431339 0.70979846 -0.5475569
vn 0.4039185 0.7176415 -0.5673099
vn 0.4039185 0.7019553 -0.58660764
vn -0.25489998 -0.0039215684 0.9669595
vn -0.262743 -0.011764646 0.96479416
vn -0.25489998 -0.0039215684 0.9669595
vn -0.24705684 0.011764526 0.9689296
vn 0.098038495 0.7254846 0.6812199
vn 0.05882311 0.67842615 0.7323099
vn 0.07450926 0.70979846 0.70045304
vn 0.11372465 0.7176415 0.68706435
vn 0.1294108 0.7019553 0.7003653
vn -0.098038435 0.7254846 -0.6812199
vn -0.05882299 0.67842615 -0.7323099
vn -0.074509144 0.70979846 -0.70045304
vn -0.11372459 0.7176415 -0.6870644
vn -0.12941074 0.7019553 -0.70036536
vn 0.25490004 -0.0039215684 -0.9669595
vn 0.24705696 0.011764526 -0.9689295
vn 0.25490004 -0.0039215684 -0.9669595
vn 0.26274312 -0.011764646 -0.9647941
vn 0.05882311 0.7019553 -0.7097877
vn 0.08235234 0.7254846 -0.6832936
vn 0.066666186 0.7176415 -0.69321454
vn 0.10588157 0.70979846 -0.6964016
vn 0.13725388 0.68626916 -0.71428
vn -0.1764692 0.019607663 -0.98411083
vn -0.23137069 -0.0039215684 -0.9728578
vn -0.22352767 -0.0039215684 -0.9746897
vn -0.16862607 0.019607663 -0.9854851
vn -0.34117377 0.36470306 -0.8663672
vn -0.3803892 0.42744768 -0.82011735
vn -0.11372459 0.99214923 0.052025445
vn -0.11372459 0.99214923 0.052025445
vn -0.098038435 0.99214923 0.07764248
vn -0.098038435 0.99214923 0.07764248
vn -0.30980146 0.7019553 -0.64131254
vn -0.27058613 0.7254846 -0.6328153
vn -0.2862723 0.7176415 -0.6348535
vn -0.25489998 0.70979846 -0.6566674
vn -0.24705684 0.68626916 -0.6841035
vn 0.49803543 -0.0039215684 0.8671478
vn 0.49019235 -0.0039215684 0.87160546
vn 0.5058785 -0.0039215684 0.8625958
vn 0.5058785 0.003921509 0.8625958
vn 0.96862006 -0.0039215684 -0.24851513
vn 0.960777 -0.011764646 -0.2770725
vn 0.96862006 -0.0039215684 -0.24851513
vn 0.96862006 0.011764526 -0.24826749
vn 0.6470539 0.7019553 -0.2976239
vn 0.6392108 0.7254846 -0.25511107
vn 0.6392108 0.7176415 -0.27640602
vn 0.654897 0.70979846 -0.25941488
vn 0.6862693 0.68626916 -0.2409754
vn 0.5450939 0.7254846 -0.42017224
vn 0.59999543 0.68626916 -0.41114488
vn 0.5686231 0.70979846 -0.415757
vn 0.5372508 0.7176415 -0.44311652
vn 0.5450939 0.7019553 -0.4584009
vn -0.30195844 -0.0039215684 -0.95331305
vn -0.3176446 0.019607663 -0.9480071
vn -0.30195844 -0.0039215684 -0.95331305
vn -0.3254876 0.02745068 -0.94514775
vn -0.12156761 0.36470306 -0.9231538
vn -0.066666126 0.4352907 -0.89781827
vn 0.19215542 0.9764631 -0.09796004
vn 0.18431234 0.9764631 -0.112021446
vn 0.121567726 0.99214923 -0.029345663
vn 0.11372465 0.99214923 -0.05202487
vn 0.6392108 0.7254846 0.25511107
vn 0.6470539 0.7019553 0.2976239
vn 0.6392108 0.7176415 0.27640602
vn 0.654897 0.70979846 0.25941488
vn 0.6862693 0.68626916 0.2409754
vn 0.31764466 0.67842615 0.66244984
vn 0.26274312 0.7254846 0.63611174
vn 0.28627235 0.70979846 0.64361036
vn 0.24705696 0.7176415 0.6511172
vn 0.23921388 0.7019553 0.6708468
vn 0.6862693 -0.0039215684 -0.727337
vn 0.66274005 0.02745068 -0.74834627
vn 0.6862693 -0.0039215684 -0.727337
vn 0.6470539 0.02745068 -0.76194996
vn 0.7411708 0.41176152 -0.5302059
vn 0.7490139 0.47450614 -0.46240902
vn 0.16862619 0.9764631 0.13448071
vn 0.16078311 0.9843061 0.072734654
vn 0.121567726 0.99214923 0.029345663
vn 0.11372465 0.99214923 0.05202487
vn -0.7568569 0.02745068 0.6530039
vn -0.7254846 -0.0039215684 0.68822724
vn -0.7254846 -0.0039215684 0.68822724
vn -0.76469994 0.02745068 0.64380157
vn -0.5764661 0.36470306 0.73121715
vn -0.5215646 0.42744768 0.7384165
vn 0.10588157 0.9843061 0.14117578
vn 0.10588157 0.9764631 0.18790677
vn 0.066666186 0.99214923 0.10580898
vn 0.05882311 0.99214923 0.11036182
vn -0.68626916 -0.0039215684 0.72733706
vn -0.64705384 0.02745068 0.76195
vn -0.67842615 -0.0039215684 0.7346581
vn -0.6392107 0.019607663 0.76878166
vn -0.74117076 0.41176152 0.5302059
vn -0.7490138 0.48234916 0.45422205
vn -0.12156761 0.99214923 -0.029346678
vn -0.11372459 0.99214923 -0.052025445
vn -0.098038435 0.99214923 -0.07764248
vn -0.098038435 0.99214923 -0.07764248
vn -0.05882299 0.7019553 0.7097877
vn -0.08235228 0.7254846 0.68329364
vn -0.066666126 0.7176415 0.69321454
vn -0.10588145 0.70979846 0.69640166
vn -0.13725376 0.68626916 0.7142801
vn -0.003921509 0.99214923 0.12499809
vn -0.003921509 0.99214923 0.12499809
vn -0.003921509 0.99214923 0.12499809
vn -0.003921509 0.99214923 0.12499809
vn -0.9843061 0.02745068 0.17432149
vn -0.9764631 -0.0039215684 0.21564901
vn -0.9764631 -0.0039215684 0.21564901
vn -0.9843061 0.02745068 0.17432149
vn -0.8352877 0.4039184 0.37302068
vn -0.7882292 0.466663 0.4011488
vn 0.17646927 0.019607663 0.98411083
vn 0.22352773 -0.0039215684 0.97468966
vn 0.21568465 -0.0039215684 0.9764552
vn 0.16862619 0.019607663 0.985485
vn 0.3411739 0.36470306 0.86636716
vn 0.38038927 0.4352907 0.8159816
vn 0.12933922 0.9916004 -0
vn 0.12933922 0.9916004 -0
vn 0.11372465 0.99214923 0.05202487
vn 0.11372465 0.99214923 0.05202487
vn -0.10588145 0.9764631 0.18790694
vn -0.10588145 0.9764631 0.18790694
vn -0.066666126 0.99214923 0.10580898
vn -0.05882299 0.99214923 0.11036182
vn 0.73332775 -0.0039215684 0.679864
vn 0.756857 0.019607663 0.6532864
vn 0.7411708 -0.0039215684 0.67130506
vn 0.76470006 0.019607663 0.64408803
vn 0.5686231 0.37254608 0.7334011
vn 0.5058785 0.4352907 0.7447207
vn 0.9529339 -0.0039215684 -0.30315277
vn 0.9529339 0.02745068 -0.30193284
vn 0.9529339 -0.0039215684 -0.30315277
vn 0.94509083 0.02745068 -0.32565284
vn 0.89803237 0.42744768 -0.104049884
vn 0.87450314 0.48234916 -0.050828766
vn 0.70195544 -0.0039215684 -0.71221006
vn 0.7097985 -0.011764646 -0.70430654
vn 0.7097985 -0.0039215684 -0.70439386
vn 0.70195544 0.011764526 -0.7121237
vn -0.9450908 -0.0039215684 0.3267844
vn -0.9529338 0.019607663 0.30254382
vn -0.9450908 -0.0039215684 0.3267844
vn -0.9450908 0.02745068 0.32565302
vn -0.91371846 0.38823223 0.119976304
vn -0.8967644 0.4425082 -0
vn -0.05882299 0.99214923 -0.11036182
vn -0.050979972 0.99214923 -0.11419702
vn -0.08235228 0.9843061 -0.15607576
vn -0.0901953 0.9843061 -0.15167834
vn 0.83528775 0.050979972 0.5474444
vn 0.80391544 0.011764526 0.59462726
vn 0.80391544 0.011764526 0.59462726
vn 0.8274447 0.043136835 0.55988795
vn 0.8509739 0.41176152 0.3260305
vn 0.8431308 0.47450614 0.25293142
vn 0.09019542 0.99214923 -0.08662968
vn 0.066666186 0.99214923 -0.10580898
vn 0.09019542 0.99214923 -0.08662968
vn 0.058722056 0.9982743 -0
vn -0.050979972 0.043136835 0.9977676
vn -0.02745068 -0.0039215684 0.9996155
vn -0.035293818 -0.0039215684 0.99936926
vn -0.074509144 0.043136835 0.99628687
vn 0.11372465 0.36470306 0.9241528
vn 0.16078311 0.42744768 0.8896276
vn 0.12933922 0.9916004 -0
vn 0.098038495 0.99214923 0.07764248
vn 0.12933922 0.9916004 -0
vn 0.098038495 0.99214923 0.07764248
vn 0.05882311 0.99214923 -0.11036182
vn 0.07450926 0.9843061 -0.15996838
vn 0.07450926 0.9843061 -0.15996838
vn 0.05882311 0.99214923 -0.11036182
vn 0.94509083 0.02745068 0.32565284
vn 0.93724775 0.003921509 0.34864205
vn 0.93724775 0.003921509 0.34864205
vn 0.94509083 0.02745068 0.32565284
vn 0.90587544 0.4039184 0.12743469
vn 0.8823462 0.466663 0.06075203
vn -0.3176446 0.019607663 0.9480071
vn -0.30195844 -0.0039215684 0.95331305
vn -0.30195844 -0.0039215684 0.95331305
vn -0.3254876 0.02745068 0.94514775
vn -0.12156761 0.3803892 0.9168017
vn -0.08235228 0.42744768 0.90028137
vn -0.6156815 0.7019553 -0.3580433
vn -0.6078384 0.7176415 -0.33988708
vn -0.6078384 0.70979846 -0.35597563
vn -0.6156815 0.6941123 -0.37302062
vn -0.66274 0.67842615 -0.3170389
vn -0.64705384 0.70979846 -0.27840167
vn -0.6392107 0.7254846 -0.2551113
vn -0.65489686 0.7176415 -0.23685618
vn -0.670583 0.7019553 -0.23995242
vn -0.9764631 -0.0039215684 -0.21564901
vn -0.9843061 0.019607663 -0.1753769
vn -0.9764631 -0.0039215684 -0.21564901
vn -0.9843061 0.02745068 -0.17432149
vn -0.85097384 0.38823223 -0.35372198
vn -0.8039154 0.44313383 -0.39667678
vn 0.0039215684 0.99214923 -0.12499809
vn 0.0039215684 0.99214923 -0.12499809
vn 0.0039215684 0.99214923 -0.12499809
vn 0.0039215684 0.99214923 -0.12499809
vn -0.70979846 0.7019553 0.058693103
vn -0.7019553 0.70979846 0.058693357
vn -0.70710677 0.70710677 -0
vn -0.7019553 0.70979846 0.058693357
vn 0.97646314 -0.0039215684 0.21564874
vn 0.97646314 0.019607663 0.21479128
vn 0.97646314 -0.0039215684 0.21564874
vn 0.9843062 0.02745068 0.1743208
vn 0.8509739 0.38823223 0.3537219
vn 0.8117585 0.44313383 0.38036895
vn -0.99214923 0.011764526 0.124505006
vn -0.9990709 0.04309709 -0
vn -0.99214923 0.011764526 0.124505006
vn -0.9990709 0.04309709 -0
vn -0.9215615 0.36470306 -0.13310182
vn -0.88234615 0.4352907 -0.17884992
vn -0.02745068 0.99214923 -0.122009754
vn -0.035293818 0.99214923 -0.11997593
vn -0.035293818 0.99214923 -0.11997593
vn -0.027440555 0.9996234 -0
vn 0.6705831 0.02745068 0.74132633
vn 0.654897 -0.0039215684 0.755708
vn 0.654897 -0.0039215684 0.755708
vn 0.66274005 0.02745068 0.74834627
vn 0.7411708 0.41960454 0.5240209
vn 0.7411708 0.466663 0.4825883
vn -0.5450938 0.043136835 0.83726454
vn -0.5215646 -0.0039215684 0.85320276
vn -0.5215646 -0.0039215684 0.85320276
vn -0.5607799 0.043136835 0.8268404
vn -0.36470306 0.36470306 0.8567283
vn -0.30980146 0.42744768 0.8493006
vn 0.098038495 0.99214923 0.07764248
vn 0.066666186 0.99214923 0.10580898
vn 0.098038495 0.99214923 0.07764248
vn 0.066666186 0.99214923 0.10580898
vn 0.9999924 -0.0039215684 -0
vn 0.9990709 0.043097086 -0
vn 0.9999924 -0.0039215684 -0
vn 0.9990709 0.043097086 -0
vn 0.9215616 0.36470306 0.13310115
vn 0.8823462 0.4352907 0.1788496
vn 0.019607723 0.99214923 0.12351296
vn 0.0274508 0.9843061 0.17432153
vn 0.0274508 0.99214923 0.122009754
vn 0.019604107 0.9998079 -0
vn -0.20784152 -0.0039215684 0.97815466
vn -0.20784152 0.019607663 0.97796595
vn -0.20784152 -0.0039215684 0.97815466
vn -0.19999838 0.02745068 0.9794116
vn -0.36470306 0.38823223 0.8463259
vn -0.38823223 0.4352907 0.81227934
vn 0.3019585 0.02745068 -0.95292574
vn 0.30980158 -0.0039215684 -0.95079315
vn 0.30980158 -0.0039215684 -0.95079315
vn 0.31764466 0.02745068 -0.9478124
vn 0.09019542 0.41960454 -0.90321475
vn 0.043136954 0.466663 -0.8833826
vn -0.70979846 -0.0039215684 -0.7043939
vn -0.7019553 -0.011764646 -0.7121239
vn -0.70979846 -0.0039215684 -0.7043939
vn -0.7176415 0.011764526 -0.6963134
vn 0.552937 0.035293818 -0.83247524
vn 0.5058785 -0.011764646 -0.8625245
vn 0.5137216 -0.011764646 -0.8578763
vn 0.5686231 0.035293818 -0.82184064
vn 0.36470312 0.36470306 -0.85672826
vn 0.30980158 0.42744768 -0.84930056
vn -0.0901953 0.99214923 -0.08662968
vn -0.066666126 0.99214923 -0.10580898
vn -0.0901953 0.99214923 -0.08662968
vn -0.05882299 0.99214923 -0.11036182
vn 0.18431234 0.7019553 0.6879591
vn 0.18431234 0.70979846 0.679864
vn 0.17646927 0.6941123 0.69790167
vn 0.18431234 0.7176415 0.67157996
vn -0.68626916 0.7019553 -0.19050816
vn -0.6941123 0.7019553 -0.15958348
vn -0.68626916 0.7019553 -0.19050816
vn -0.6941123 0.7019553 -0.15958348
vn -0.96861994 -0.0039215684 -0.2485156
vn -0.9607769 -0.011764646 -0.2770727
vn -0.96861994 -0.0039215684 -0.2485156
vn -0.96861994 0.011764526 -0.24826796
vn 0.34901696 0.7019553 -0.62084293
vn 0.34901696 0.7019553 -0.62084293
vn 0.34901696 0.70979846 -0.6118605
vn 0.34901696 0.70979846 -0.6118605
vn 0.05098003 0.050979972 -0.99739766
vn 0.035293877 -0.0039215684 -0.99936926
vn 0.035293877 -0.0039215684 -0.99936926
vn 0.07450926 0.043136835 -0.99628687
vn -0.15293992 0.41960454 -0.89472985
vn -0.19999838 0.48234916 -0.8528423
vn -0.12156761 0.99214923 -0.029346678
vn -0.0901953 0.99214923 -0.08662968
vn -0.11372459 0.99214923 -0.052025445
vn -0.0901953 0.99214923 -0.08662968
vn -0.07430375 0.99723566 -0
vn -0.13703476 0.9905662 -0
vn -0.12933916 0.9916004 -0
vn -0.07430375 0.99723566 -0
vn 0.035293877 -0.0039215684 0.99936926
vn 0.043136954 0.050979972 0.9977676
vn 0.035293877 -0.0039215684 0.99936926
vn 0.066666186 0.043136835 0.99684244
vn -0.16078305 0.41960454 0.8933537
vn -0.21568453 0.4901923 0.8445068
vn -0.6941123 0.7019553 0.15958348
vn -0.67842615 0.70979846 0.18953648
vn -0.6941123 0.6941123 0.19083045
vn -0.670583 0.7176415 0.18790725
vn -0.96861994 -0.0039215684 0.2485156
vn -0.96861994 -0.0039215684 0.2485156
vn -0.96861994 0.011764526 0.24826796
vn -0.9607769 -0.011764646 0.2770727
vn 0.0039215684 0.70979846 0.7043939
vn 0.0039215684 0.70979846 0.7043939
vn 0.011764646 0.70979846 0.70430654
vn 0.011764646 0.7019553 0.7121239
vn -0.50587845 0.7019553 -0.5013439
vn -0.50587845 0.7019553 -0.5013439
vn -0.50587845 0.70979846 -0.49017662
vn -0.4980353 0.70979846 -0.4981435
vn 0.7097985 0.7019553 -0.058692593
vn 0.70195544 0.70979846 -0.058691327
vn 0.7071068 0.70710677 -0
vn 0.70195544 0.70979846 -0.058691327
vn 0.35686004 0.70979846 0.6073196
vn 0.36470312 0.7019553 0.6117601
vn 0.35686004 0.70979846 0.6073196
vn 0.36470312 0.7019553 0.6117601
vn 0.49803543 0.7019553 -0.50913596
vn 0.49803543 0.7019553 -0.50913596
vn 0.49019235 0.70979846 -0.5058632
vn 0.49019235 0.70979846 -0.5058632
vn 0.72548467 0.67842615 0.115801305
vn 0.6862693 0.7254846 0.05202487
vn 0.70195544 0.70979846 0.058691327
vn 0.6862693 0.7176415 0.11842809
vn 0.70195544 0.7019553 0.12048767
vn 0.6156816 0.7019553 0.35804316
vn 0.6078385 0.70979846 0.35597545
vn 0.6156816 0.6941123 0.37302047
vn 0.6078385 0.7176415 0.3398869
vn -0.35685992 0.7019553 0.6163682
vn -0.34117377 0.7176415 0.6071171
vn -0.3490169 0.70979846 0.6118605
vn -0.36470306 0.6941123 0.6206447
vn 0.49803543 0.70979846 0.49814337
vn 0.5058785 0.7019553 0.50134385
vn 0.5058785 0.70979846 0.49017656
vn 0.5058785 0.7019553 0.50134385
vn -0.003921509 0.70979846 -0.7043939
vn -0.011764526 0.70979846 -0.70430654
vn -0.003921509 0.70979846 -0.7043939
vn -0.011764526 0.7019553 -0.7121239
vn 0.62352467 0.7019553 -0.34420308
vn 0.59999543 0.7176415 -0.353548
vn 0.6078385 0.70979846 -0.35597545
vn 0.62352467 0.6941123 -0.35975707
vn -0.35685992 0.70979846 -0.6073196
vn -0.36470306 0.7019553 -0.61176014
vn -0.35685992 0.70979846 -0.6073196
vn -0.36470306 0.7019553 -0.61176014
vn -0.6078384 0.7019553 0.37120244
vn -0.6078384 0.7019553 0.37120244
vn -0.6078384 0.70979846 0.35597563
vn -0.6078384 0.70979846 0.35597563
vn -0.18431222 0.7019553 -0.68795913
vn -0.18431222 0.70979846 -0.67986405
vn -0.1764692 0.6941123 -0.69790167
vn -0.18431222 0.7176415 -0.67158
vn 0.6862693 0.7019553 0.19050784
vn 0.69411236 0.7019553 0.1595831
vn 0.6862693 0.7019553 0.19050784
vn 0.69411236 0.7019553 0.1595831
vn -0.1764692 0.7019553 0.6900126
vn -0.1764692 0.7019553 0.6900126
vn -0.1764692 0.7019553 0.6900126
vn -0.1764692 0.7019553 0.6900126
vn 0.49019235 0.050979972 0.87012213
vn 0.5058785 0.16078305 0.84748787
vn 0.4745062 0.050979972 0.8787747
vn 0.59999543 0.02745068 0.79953235
vn 0.6156816 0.035293818 0.7872042
vn -0.4901923 0.70979846 0.50586325
vn -0.4980353 0.7019553 0.5091361
vn -0.4901923 0.70979846 0.50586325
vn -0.4980353 0.7019553 0.5091361
vn 0.9215616 0.011764526 0.3880539
vn 0.8901893 0.043136835 0.4535441
vn 0.9215616 0.011764526 0.3880539
vn 0.8901893 0.043136835 0.4535441
vn 0.72548467 0.3803892 0.57356435
vn 0.6784262 0.44313383 0.5859781
vn -0.02745068 0.99214923 0.122009754
vn -0.02745068 0.99214923 0.122009754
vn -0.02745068 0.99214923 0.122009754
vn -0.02745068 0.99214923 0.122009754
vn -0.066666126 0.99214923 0.10580898
vn -0.058721937 0.9982743 -0
vn -0.08235228 0.99214923 0.09411708
vn -0.08235228 0.99214923 0.09411708
vn 0.45882004 0.050979972 0.88706553
vn 0.38038927 0.011764526 0.92475164
vn 0.38823235 0.011764526 0.92148644
vn 0.45097697 0.043136835 0.89149255
vn 0.5843093 0.42744768 0.6898342
vn 0.59999543 0.47450614 0.64408803
vn 0.07430387 0.99723566 -0
vn 0.12933922 0.9916004 -0
vn 0.07430387 0.99723566 -0
vn 0.13703488 0.9905662 -0
vn 0.19215542 -0.0039215684 -0.9813567
vn 0.20784158 0.02745068 -0.97777724
vn 0.19215542 -0.0039215684 -0.9813567
vn 0.1999985 0.02745068 -0.9794116
vn 0.38823235 0.42744768 -0.8164338
vn 0.41176158 0.47450614 -0.7780079
vn -0.38823223 0.011764526 0.92148644
vn -0.45882 0.043136835 0.8874815
vn -0.39607537 0.011764526 0.9181426
vn -0.45097685 0.043136835 0.8914926
vn -0.56862307 0.3803892 0.72936404
vn -0.59215224 0.44313383 0.67304397
vn -0.79607224 0.011764526 0.6050873
vn -0.8431307 0.050979972 0.53528655
vn -0.79607224 0.011764526 0.6050873
vn -0.8352877 0.043136835 0.5481183
vn -0.85097384 0.4352907 0.29388008
vn -0.8352877 0.4901923 0.24901006
vn 0.80391544 0.011764526 -0.59462726
vn 0.8431308 0.050979972 -0.5352863
vn 0.80391544 0.003921509 -0.5947307
vn 0.83528775 0.043136835 -0.54811823
vn 0.8509739 0.4352907 -0.29388
vn 0.83528775 0.4901923 -0.24900982
vn -0.8901892 0.043136835 0.45354432
vn -0.9215615 0.011764526 0.38805413
vn -0.91371846 0.003921509 0.40632892
vn -0.8901892 0.043136835 0.45354432
vn -0.7333276 0.37254608 0.56871784
vn -0.6941123 0.42744768 0.5792207
vn 0.39607543 0.011764526 -0.9181426
vn 0.46666312 0.050979972 -0.8829647
vn 0.39607543 0.011764526 -0.9181426
vn 0.45097697 0.043136835 -0.89149255
vn 0.59215236 0.4352907 -0.6781428
vn 0.6078385 0.4980353 -0.61846036
vn 0.0274508 0.99214923 -0.122009754
vn 0.0274508 0.99214923 -0.122009754
vn 0.0274508 0.99214923 -0.122009754
vn 0.0274508 0.99214923 -0.122009754
vn 0.998703 0.05091424 -0
vn 0.99993086 -0.011763922 -0
vn 0.99993086 -0.011763922 -0
vn 0.9921493 0.035293818 0.11997554
vn 0.8901893 0.41960454 -0.17746852
vn 0.8509739 0.48234916 -0.20780455
vn -0.45882 0.050979972 -0.88706553
vn -0.3803892 0.011764526 -0.9247517
vn -0.38823223 0.011764526 -0.92148644
vn -0.45097685 0.043136835 -0.8914926
vn -0.5843092 0.42744768 -0.68983424
vn -0.5999954 0.47450614 -0.64408815
vn 0.17646927 0.7019553 -0.6900126
vn 0.17646927 0.7019553 -0.6900126
vn 0.17646927 0.7019553 -0.6900126
vn 0.17646927 0.7019553 -0.6900126
vn -0.7568569 -0.0039215684 -0.6535688
vn -0.74117076 0.019607663 -0.67103016
vn -0.7568569 -0.0039215684 -0.6535688
vn -0.7490138 0.02745068 -0.6619855
vn -0.5529369 0.38823223 -0.7372493
vn -0.50587845 0.4352907 -0.74472076
vn -0.9294046 0.019607663 -0.36854115
vn -0.8901892 0.043136835 -0.45354432
vn -0.9294046 0.011764526 -0.36887482
vn -0.8901892 0.043136835 -0.45354432
vn -0.7254846 0.3803892 -0.5735644
vn -0.67842615 0.44313383 -0.5859781
vn 0.69411236 0.7019553 -0.1595831
vn 0.6705831 0.7176415 -0.18790677
vn 0.6784262 0.70979846 -0.18953632
vn 0.69411236 0.6941123 -0.19083014
vn -0.8352877 0.050979972 -0.5474445
vn -0.85881686 -0.011764646 -0.5121476
vn -0.85097384 -0.0039215684 -0.5251934
vn -0.81960154 0.035293818 -0.5718458
vn -0.85097384 0.41960454 -0.31587267
vn -0.8431307 0.47450614 -0.2529319
vn 0.32548773 -0.0039215684 0.94553816
vn 0.30980158 0.019607663 0.950599
vn 0.32548773 -0.0039215684 0.94553816
vn 0.31764466 0.02745068 0.9478124
vn 0.10588157 0.38823223 0.9154588
vn 0.066666186 0.44313383 0.8939732
vn -0.035293818 -0.0039215684 -0.99936926
vn -0.043136835 0.050979972 -0.9977676
vn -0.035293818 -0.0039215684 -0.99936926
vn -0.074509144 0.043136835 -0.99628687
vn 0.16078311 0.42744768 -0.8896276
vn 0.21568465 0.4901923 -0.84450674
vn -0.998703 0.050914247 -0
vn -0.99993086 -0.011763923 -0
vn -0.99993086 -0.011763923 -0
vn -0.99214923 0.035293818 -0.11997603
vn -0.8980323 0.41960454 0.13217407
vn -0.85097384 0.48234916 0.2078047
vn 0.9843062 0.02745068 -0.1743208
vn 0.97646314 -0.0039215684 -0.21564874
vn 0.97646314 -0.0039215684 -0.21564874
vn 0.9843062 0.019607663 -0.17537622
vn 0.83528775 0.4039184 -0.37302053
vn 0.7882293 0.466663 -0.40114865
vn -0.5607799 -0.0039215684 -0.8279556
vn -0.53725076 0.035293818 -0.8426838
vn -0.5529369 -0.0039215684 -0.8332139
vn -0.5450938 0.043136835 -0.83726454
vn -0.34117377 0.38823223 -0.8560819
vn -0.2941153 0.4352907 -0.8508926
vn 0.8823462 0.050979972 -0.4678314
vn 0.8901893 -0.0039215684 -0.455574
vn 0.8901893 -0.0039215684 -0.455574
vn 0.89803237 0.043136835 -0.43780944
vn 0.69411236 0.42744768 -0.5792206
vn 0.6392108 0.48234916 -0.59895647
vn -0.9529338 0.02745068 -0.30193323
vn -0.9450908 -0.0039215684 -0.3267844
vn -0.9450908 -0.0039215684 -0.3267844
vn -0.9529338 0.035293818 -0.30111718
vn -0.9058753 0.41176152 -0.09920855
vn -0.88234615 0.466663 -0.06075301
vn 0.7490139 0.02745068 -0.6619854
vn 0.72548467 -0.0039215684 -0.6882271
vn 0.73332775 -0.0039215684 -0.679864
vn 0.756857 0.02745068 -0.6530038
vn 0.5764662 0.36470306 -0.7312171
vn 0.52156466 0.42744768 -0.7384164
vn -0.003921509 -0.9999924 -0
vn -0.003921509 -0.9999924 -0
vn -0.003921509 -0.9999924 -0
vn -0.003921509 -0.9999924 -0
vn -0.003921509 -0.9999924 -0
vn -0.003921509 -0.9999924 -0
vn -0.003921509 -0.9999924 -0
vn -0.003921509 -0.9999924 -0
vn -0.003921509 -0.9999924 -0
vn -0.003921509 -0.9999924 -0
vn -0.003921509 -0.9999924 -0
vn -0.003921509 -0.9999924 -0
vn 0.9999924 -0.0039215684 -0
vn 0.9999924 -0.0039215684 -0
vn 0.9999924 -0.0039215684 -0
vn 0.9999924 -0.0039215684 -0
vn 0.9999924 -0.0039215684 -0
vn 0.9999924 -0.0039215684 -0
vn -0.003921509 0.99999225 -0.00034526698
vn -0.003921509 0.99999225 -0.00034526698
vn -0.003921509 0.99999225 -0.00034526698
vn -0.003921509 0.99999225 -0.00034526698
vn -0.003921509 0.99999225 -0.00034526698
vn -0.003921509 0.99999225 -0.00034526698
vn -0.003921509 0.99999225 -0.00034526698
vn -0.003921509 0.99999225 -0.00034526698
vn -0.003921509 0.99999225 -0.00034526698
vn -0.003921509 0.99999225 -0.00034526698
vn -0.003921509 0.99999225 -0.00034526698
vn -0.003921509 0.99999225 -0.00034526698
vn -0.003921509 0.99999225 -0.00034526698
vn -0.003921509 0.99999225 -0.00034526698
vn -0.003921509 0.99999225 -0.00034526698
vn -0.003921509 0.99999225 -0.00034526698
vn -0.003921509 0.99999225 -0.00034526698
vn -0.003921509 0.99999225 -0.00034526698
vn -0.003921509 0.99999225 -0.00034526698
vn -0.003921509 0.99999225 -0.00034526698
vn -0.003921509 0.99999225 -0.00034526698
vn -0.003921509 0.99999225 -0.00034526698
vn -0.003921509 0.99999225 -0.00034526698
vn -0.003921509 0.99999225 -0.00034526698
vn -0.003921509 0.99999225 -0.00034526698
vn -0.003921509 0.99999225 -0.00034526698
vn -0.003921509 0.99999225 -0.00034526698
vn -0.99999225 -0.0039215684 -0.00034425134
vn -0.99999225 -0.0039215684 -0.00034425134
vn -0.99999225 -0.0039215684 -0.00034425134
vn -0.99999225 -0.0039215684 -0.00034425134
vn -0.99999225 -0.0039215684 -0.00034425134
vn -0.99999225 -0.0039215684 -0.00034425134
vn -0.99999225 -0.0039215684 -0.00034425134
vn -0.99999225 -0.0039215684 -0.00034425134
vn -0.99999225 -0.0039215684 -0.00034425134
vn -0.99999225 -0.0039215684 -0.00034425134
vn -0.99999225 -0.0039215684 -0.00034425134
vn -0.99999225 -0.0039215684 -0.00034425134
vn -0.10588145 0.003921509 0.99437106
vn -0.08235228 -0.0039215684 0.99659556
vn -0.1450969 0.003921509 0.9894097
vn -0.035293818 0.003921509 0.99936926
vn -0.035293818 -0.0039215684 0.99936926
vn 0.0039215684 0.003921509 0.9999846
vn 0.07450926 -0.0039215684 0.9972126
vn 0.1294108 0.003921509 0.9915833
vn 0.121567726 0.003921509 0.9925754
vn 0.13725388 -0.0039215684 0.9905281
vn 0.121567726 0.003921509 -0.9925754
vn 0.09019542 -0.011764646 -0.9958546
vn 0.1294108 0.003921509 -0.9915833
vn 0.035293877 0.003921509 -0.99936926
vn 0.035293877 -0.0039215684 -0.99936926
vn -0.011764526 0.003921509 -0.9999231
vn -0.074509144 -0.0039215684 -0.9972126
vn -0.11372459 0.003921509 -0.9935046
vn -0.12156761 0.003921509 -0.9925754
vn -0.13725376 -0.0039215684 -0.99052817
vn 0.9999924 -0.0039215684 -0
vn 0.9999924 -0.0039215684 -0
vn 0.9999924 -0.0039215684 -0
vn 0.9999924 -0.0039215684 -0
vn 0.9999924 -0.0039215684 -0
vn 0.9999924 -0.0039215684 -0
vn 0.94509083 -0.0039215684 -0.32678422
vn 0.93724775 0.003921509 -0.34864205
vn 0.8431308 0.003921509 -0.53769416
vn 0.8431308 0.003921509 -0.53769416
vn 0.70195544 -0.0039215684 -0.71221006
vn 0.94509083 0.019607663 -0.326219
vn 0.6862693 0.003921509 -0.727337
vn 0.5137216 -0.0039215684 -0.857948
vn 0.46666312 0.011764526 -0.8843569
vn 0.9843062 -0.0039215684 -0.17642535
vn 0.97646314 0.003921509 -0.21564874
vn 0.31764466 -0.011764646 -0.9481368
vn 0.9921493 -0.0039215684 -0.12499761
vn 0.31764466 0.019607663 -0.94800705
vn 0.9999924 0.003921509 -0
vn 0.15294003 -0.0039215684 -0.98822767
vn 0.11372465 0.02745068 -0.993133
vn 0.09019542 -0.011764646 -0.9958546
vn -0.011764526 0.02745068 -0.9995539
vn 0.05098003 0.003921509 -0.998692
vn -0.0901953 -0.011764646 -0.9958546
vn -0.066666126 0.003921509 -0.9977676
vn -0.11372459 0.02745068 -0.993133
vn -0.262743 0.003921509 -0.9648579
vn -0.30195844 -0.0039215684 -0.95331305
vn -0.466663 0.011764526 -0.8843569
vn -0.51372147 -0.0039215684 -0.85794806
vn -0.68626916 0.003921509 -0.72733706
vn -0.7019553 -0.0039215684 -0.71221024
vn -0.8352877 0.003921509 -0.54979914
vn -0.85097384 0.003921509 -0.5251934
vn -0.9450908 -0.0039215684 -0.3267844
vn -0.9450908 0.003921509 -0.3267844
vn -0.9607769 0.003921509 -0.27729464
vn -0.99214923 0.003921509 -0.12499809
vn -0.99214923 0.003921509 -0.12499809
vn -0.9764631 -0.0039215684 -0.21564901
vn -0.9529338 0.30195844 -0.027171958
vn -0.91371846 0.39607537 -0.09079028
vn -0.74117076 0.670583 -0.03137373
vn -0.99999225 0.003921509 -0.00034492963
vn -0.68626916 0.7254846 -0.05202602
vn -0.262743 0.9607769 -0.08873462
vn -0.9607769 0.27058613 0.060752273
vn -0.99214923 -0.0039215684 0.124998085
vn -0.9843061 -0.0039215684 0.17642602
vn -0.9058753 0.39607537 0.1500473
vn -0.9764631 0.003921509 0.21564901
vn -0.74892175 0.6626585 -0
vn -0.9450908 0.019607663 0.3262192
vn -0.23137069 0.96861994 0.09079077
vn -0.93724763 0.003921509 0.34864238
vn -0.8431307 0.003921509 0.5376944
vn -0.027440555 0.9996234 -0
vn -0.027440555 0.9996234 -0
vn -0.011763804 0.99993086 -0
vn -0.8431307 0.003921509 0.5376944
vn -0.9450908 -0.0039215684 0.3267844
vn -0.7019553 -0.0039215684 0.71221024
vn -0.68626916 0.003921509 0.72733706
vn -0.51372147 -0.0039215684 0.85794806
vn -0.466663 0.011764526 0.8843569
vn -0.30980146 -0.0039215684 0.9507932
vn -0.30980146 0.011764526 0.9507285
vn -0.15293992 -0.0039215684 0.9882277
vn -0.11372459 0.02745068 0.993133
vn -0.0901953 -0.011764646 0.9958546
vn -0.011764526 0.02745068 0.9995539
vn -0.043136835 0.003921509 0.99906147
vn 0.098038495 -0.011764646 0.9951131
vn 0.0274508 -0.0039215684 0.9996155
vn 0.14509696 0.003921509 0.9894097
vn 0.121567726 0.035293818 0.99195546
vn 0.28627235 0.011764526 0.95807606
vn 0.30980158 -0.0039215684 0.95079315
vn 0.46666312 0.011764526 0.8843569
vn 0.5137216 -0.0039215684 0.857948
vn 0.6862693 0.003921509 0.727337
vn 0.70195544 -0.0039215684 0.71221006
vn 0.83528775 0.003921509 0.549799
vn 0.8509739 0.003921509 0.52519333
vn 0.94509083 -0.0039215684 0.32678422
vn 0.94509083 0.003921509 0.32678422
vn 0.960777 0.003921509 0.27729443
vn 0.9921493 0.003921509 0.124997616
vn 0.9921493 0.003921509 0.124997616
vn 0.97646314 -0.0039215684 0.21564874
vn 0.9529339 0.30195844 0.02716757
vn 0.9137185 0.39607537 0.09078962
vn 0.7411708 0.670583 0.03137278
vn 0.960777 0.27058613 -0.060751293
vn 0.90587544 0.39607537 -0.15004651
vn 0.74892175 0.66265845 -0
vn 0.6862693 0.7254846 0.05202487
vn 0.26274312 0.9607769 0.088734284
vn 0.2313708 0.96861994 -0.09079044
vn 0.027440675 0.9996234 -0
vn 0.027440675 0.9996234 -0
vn 0.019604107 0.9998079 -0
vn -0.003921509 0.99999225 -0.00034526698
vn -0.003921509 0.99999225 -0.00034526698
vn -0.003921509 0.99999225 -0.00034526698
vn -0.003921509 0.99999225 -0.00034526698
vn -0.003921509 0.99999225 -0.00034526698
vn -0.003921509 0.99999225 -0.00034526698
vn -0.003921509 0.99999225 -0.00034526698
vn -0.003921509 0.99999225 -0.00034526698
vn -0.003921509 0.99999225 -0.00034526698
vn 0.0039215684 0.99999225 -0.00034526698
vn 0.0039215684 0.99999225 -0.00034526698
vn 0.0039215684 0.99999225 -0.00034526698
vn 0.0039215684 0.99999225 -0.00034526698
vn -0.003921509 0.99999225 -0.00034526698
vn -0.003921509 0.99999225 -0.00034526698
vn -0.003921509 0.99999225 -0.00034526698
vn -0.003921509 0.99999225 -0.00034526698
vn 0.0039215684 0.99999225 -0.00034526698
vn 0.0039215684 0.99999225 -0.00034526698
vn 0.0039215684 0.99999225 -0.00034526698
vn 0.0039215684 0.99999225 -0.00034526698
vn -0.003921509 0.99999225 -0.00034526698
vn -0.003921509 0.99999225 -0.00034526698
vn 0.0039215684 0.99999225 -0.00034526698
vn -0.003921509 0.99999225 -0.00034526698
vn 0.0039215684 0.99999225 -0.00034526698
vn -0.003921509 0.99999225 -0.00034526698
vn -0.003921509 0.99999225 -0.00034526698
vn -0.003921509 0.99999225 -0.00034526698
vn -0.003921509 0.99999225 -0.00034526698
vn -0.003921509 0.99999225 -0.00034526698
vn -0.003921509 0.99999225 -0.00034526698
vn -0.003921509 0.99999225 -0.00034526698
vn -0.003921509 0.99999225 -0.00034526698
vn -0.003921509 0.99999225 -0.00034526698
vn -0.003921509 0.99999225 -0.00034526698
vn -0.003921509 0.99999225 -0.00034526698
vn -0.003921509 0.99999225 -0.00034526698
vn -0.003921509 0.99999225 -0.00034526698
vn -0.003921509 0.99999225 -0.00034526698
vn -0.003921509 0.99999225 -0.00034526698
vn -0.003921509 0.99999225 -0.00034526698
vn -0.003921509 0.99999225 -0.00034526698
vn -0.003921509 0.99999225 -0.00034526698
vn -0.003921509 0.99999225 -0.00034526698
vn -0.003921509 0.99999225 -0.00034526698
vn -0.003921509 0.99999225 -0.00034526698
vn -0.003921509 0.99999225 -0.00034526698
vn -0.003921509 0.99999225 -0.00034526698
vn 0.0039215684 0.99999225 -0.00034526698
vn 0.0039215684 0.99999225 -0.00034526698
vn -0.003921509 0.99999225 -0.00034526698
vn 0.0039215684 0.99999225 -0.00034526698
vn -0.003921509 0.99999225 -0.00034526698
vn 0.0039215684 0.99999225 -0.00034526698
vn 0.0039215684 0.99999225 -0.00034526698
vn 0.0039215684 0.99999225 -0.00034526698
vn -0.003921509 0.99999225 -0.00034526698
vn -0.003921509 0.99999225 -0.00034526698
vn -0.003921509 0.99999225 -0.00034526698
vn -0.003921509 0.99999225 -0.00034526698
vn 0.0039215684 0.99999225 -0.00034526698
vn 0.0039215684 0.99999225 -0.00034526698
vn 0.0039215684 0.99999225 -0.00034526698
vn 0.0039215684 0.99999225 -0.00034526698
vn -0.003921509 0.99999225 -0.00034526698
vn 0.0039215684 0.99999225 -0.00034526698
vn 0.0039215684 0.99999225 -0.00034526698
vn 0.0039215684 0.99999225 -0.00034526698
vn -0.003921509 0.99999225 -0.00034526698
vn -0.003921509 0.99999225 -0.00034526698
vn -0.003921509 0.99999225 -0.00034526698
vn -0.003921509 0.99999225 -0.00034526698
vn -0.003921509 0.99999225 -0.00034526698
vn -0.003921509 0.99999225 -0.00034526698
vn -0.003921509 0.99999225 -0.00034526698
vn -0.003921509 0.99999225 -0.00034526698
vn -0.003921509 0.99999225 -0.00034526698
vn -0.003921509 0.99999225 -0.00034526698
vn -0.003921509 0.99999225 -0.00034526698
vn -0.003921509 0.99999225 -0.00034526698
vn -0.003921509 0.99999225 -0.00034526698
vn -0.003921509 0.99999225 -0.00034526698
vn -0.003921509 0.99999225 -0.00034526698
vn -0.003921509 0.99999225 -0.00034526698
vn -0.003921509 0.99999225 -0.00034526698
vn -0.003921509 0.99999225 -0.00034526698
vn -0.003921509 0.99999225 -0.00034526698
vn -0.003921509 0.99999225 -0.00034526698
vn -0.003921509 0.99999225 -0.00034526698
vn -0.003921509 0.99999225 -0.00034526698
vn -0.003921509 0.99999225 -0.00034526698
vn -0.003921509 0.99999225 -0.00034526698
vn -0.003921509 0.99999225 -0.00034526698
vn -0.003921509 0.99999225 -0.00034526698
vn -0.003921509 0.99999225 -0.00034526698
vn -0.003921509 0.99999225 -0.00034526698
vn -0.003921509 0.99999225 -0.00034526698
vn -0.003921509 0.99999225 -0.00034526698
vn -0.003921509 0.99999225 -0.00034526698
vn -0.003921509 0.99999225 -0.00034526698
vn -0.003921509 0.99999225 -0.00034526698
vn -0.003921509 0.99999225 -0.00034526698
vn -0.003921509 0.99999225 -0.00034526698
vn -0.003921509 0.99999225 -0.00034526698
vn -0.003921509 0.99999225 -0.00034526698
vn -0.003921509 0.99999225 -0.00034526698
vn -0.003921509 0.99999225 -0.00034526698
vn -0.003921509 0.99999225 -0.00034526698
vn 0.0039215684 0.99999225 -0.00034526698
vn 0.0039215684 0.99999225 -0.00034526698
vn 0.0039215684 0.99999225 -0.00034526698
vn -0.003921509 0.99999225 -0.00034526698
vn 0.9999924 0.003921509 -0
vn 0.9999924 0.003921509 -0
vn 0.9999924 0.003921509 -0
vn 0.9999924 0.003921509 -0
vn 0.5686231 0.003921509 0.8225888
vn 0.4431339 0.003921509 0.8964469
vn 0.4431339 0.003921509 0.8964469
vn 0.5686231 0.003921509 0.8225888
vn 0.77254313 0.003921509 0.63495016
vn 0.77254313 0.003921509 0.63495016
vn 0.858817 0.003921509 0.51226753
vn 0.858817 0.003921509 0.51226753
vn -0.56862307 0.003921509 -0.82258886
vn -0.44313383 0.003921509 -0.8964469
vn -0.44313383 0.003921509 -0.8964469
vn -0.56862307 0.003921509 -0.82258886
vn -0.7725431 0.003921509 -0.6349503
vn -0.7725431 0.003921509 -0.6349503
vn -0.85881686 0.003921509 -0.5122677
vn -0.85881686 0.003921509 -0.5122677
vn -0.99999225 -0.0039215684 -0.00034425134
vn -0.99999225 0.003921509 -0.00034492963
vn -0.99999225 -0.0039215684 -0.00034425134
vn -0.99999225 -0.0039215684 -0.00034425134
vn 0.9999924 -0.0039215684 -0
vn 0.9999924 0.003921509 -0
vn 0.9999924 -0.0039215684 -0
vn 0.9999924 -0.0039215684 -0
vn -0.99999225 0.003921509 -0.00034492963
vn -0.99999225 0.003921509 -0.00034492963
vn -0.99999225 0.003921509 -0.00034492963
vn -0.99999225 0.003921509 -0.00034492963
vn 0.0039215684 -0.9999924 -0
vn 0.0039215684 -0.9999924 -0
vn -0.003921509 -0.9999924 -0
vn -0.003921509 -0.9999924 -0
vn -0.011763803 -0.99993086 -0
vn 0.5686231 0.003921509 -0.8225888
vn 0.4431339 0.003921509 -0.8964469
vn 0.4431339 0.003921509 -0.8964469
vn 0.5686231 0.003921509 -0.8225888
vn 0.77254313 0.003921509 -0.63495016
vn 0.77254313 0.003921509 -0.63495016
vn 0.858817 0.003921509 -0.51226753
vn 0.858817 0.003921509 -0.51226753
vn -0.56862307 0.003921509 0.82258886
vn -0.44313383 0.003921509 0.8964469
vn -0.44313383 0.003921509 0.8964469
vn -0.56862307 0.003921509 0.82258886
vn -0.7725431 0.003921509 0.6349503
vn -0.7725431 0.003921509 0.6349503
vn -0.85881686 0.003921509 0.5122677
vn -0.85881686 0.003921509 0.5122677
vn 0.0039215684 0.003921509 -0.9999846
vn 0.0039215684 0.003921509 -0.9999846
vn 0.0039215684 0.003921509 -0.9999846
vn -0.003921509 0.003921509 -0.9999846
vn -0.003921509 0.003921509 0.9999846
vn -0.003921509 0.003921509 0.9999846
vn -0.003921509 0.003921509 0.9999846
vn -0.003921509 0.003921509 0.9999846
vn -0.86666 0.003921509 -0.49888384
vn -0.9529338 0.003921509 -0.30315316
vn -0.9529338 0.003921509 -0.30315316
vn -0.86666 0.003921509 -0.49888384
vn -0.7176415 0.003921509 -0.6964017
vn -0.7176415 0.003921509 -0.6964017
vn -0.5215646 0.003921509 -0.85320276
vn -0.5215646 0.003921509 -0.85320276
vn -0.2941153 0.003921509 -0.9557619
vn -0.2941153 0.003921509 -0.9557619
vn -0.098038435 0.003921509 -0.9951749
vn -0.098038435 0.003921509 -0.9951749
vn 0.098038495 0.003921509 -0.9951749
vn 0.098038495 0.003921509 -0.9951749
vn 0.29411542 0.003921509 -0.95576185
vn 0.29411542 0.003921509 -0.95576185
vn 0.52156466 0.003921509 -0.85320276
vn 0.52156466 0.003921509 -0.85320276
vn 0.7176416 0.003921509 -0.6964016
vn 0.7176416 0.003921509 -0.6964016
vn 0.86666006 0.003921509 -0.49888372
vn 0.86666006 0.003921509 -0.49888372
vn 0.94509083 0.003921509 -0.32678422
vn 0.94509083 0.003921509 -0.32678422
vn 0.86666006 0.003921509 0.49888372
vn 0.9529339 0.003921509 0.30315277
vn 0.9529339 0.003921509 0.30315277
vn 0.86666006 0.003921509 0.49888372
vn 0.7176416 0.003921509 0.6964016
vn 0.7176416 0.003921509 0.6964016
vn 0.52156466 0.003921509 0.85320276
vn 0.52156466 0.003921509 0.85320276
vn 0.29411542 0.003921509 0.95576185
vn 0.29411542 0.003921509 0.95576185
vn 0.098038495 0.003921509 0.9951749
vn 0.098038495 0.003921509 0.9951749
vn -0.098038435 0.003921509 0.9951749
vn -0.098038435 0.003921509 0.9951749
vn -0.2941153 0.003921509 0.9557619
vn -0.2941153 0.003921509 0.9557619
vn -0.5215646 0.003921509 0.85320276
vn -0.5215646 0.003921509 0.85320276
vn -0.7176415 0.003921509 0.6964017
vn -0.7176415 0.003921509 0.6964017
vn -0.86666 0.003921509 0.49888384
vn -0.86666 0.003921509 0.49888384
vn -0.9450908 0.003921509 0.3267844
vn -0.9450908 0.003921509 0.3267844
vn -0.003921509 0.003921509 -0.9999846
vn -0.003921509 0.003921509 -0.9999846
vn -0.003921509 0.003921509 -0.9999846
vn -0.003921509 0.003921509 -0.9999846
vn -0.003921509 0.003921509 0.9999846
vn 0.0039215684 0.003921509 0.9999846
vn 0.0039215684 0.003921509 0.9999846
vn 0.0039215684 0.003921509 0.9999846
vn 0.0039215684 -0.0039215684 -0.9999846
vn 0.0039215684 -0.0039215684 -0.9999846
vn 0.0039215684 -0.0039215684 -0.9999846
vn -0.003921509 -0.0039215684 -0.9999846
vn -0.003921509 0.003921509 -0.9999846
vn -0.003921509 -0.0039215684 0.9999846
vn -0.003921509 -0.0039215684 0.9999846
vn -0.003921509 -0.0039215684 0.9999846
vn 0.0039215684 -0.0039215684 0.9999846
vn 0.0039215684 0.003921509 0.9999846
vn 0.0039215684 -0.0039215684 0.9999846
vn 0.0039215684 -0.0039215684 0.9999846
vn 0.0039215684 -0.0039215684 0.9999846
vn -0.003921509 -0.0039215684 0.9999846
vn -0.003921509 0.003921509 0.9999846
vn -0.003921509 -0.0039215684 -0.9999846
vn -0.003921509 -0.0039215684 -0.9999846
vn -0.003921509 -0.0039215684 -0.9999846
vn 0.0039215684 -0.0039215684 -0.9999846
vn 0.0039215684 0.003921509 -0.9999846
vn -0.7803861 0.003921509 0.6252857
vn -0.7803861 0.003921509 0.6252857
vn -0.7725431 0.043136835 0.6334954
vn -0.76469994 0.098038435 0.636885
vn -0.6313677 0.47450614 0.6133668
vn -0.3254876 0.7019553 0.6334955
vn -0.262743 0.65489686 0.7085734
vn -0.262743 0.64705384 0.71574265
vn -0.37254608 0.7019553 0.6070158
vn -0.4901923 0.7019553 0.5166916
vn -0.48234916 0.70979846 0.51334727
vn -0.59215224 0.6941123 0.4093457
vn -0.6078384 0.70979846 0.35597563
vn -0.6941123 0.65489686 0.2988616
vn -0.7019553 0.64705384 0.29762408
vn 0.7803862 0.003921509 -0.6252855
vn 0.7803862 0.003921509 -0.6252855
vn 0.77254313 0.043136835 -0.6334953
vn 0.76470006 0.098038435 -0.63688487
vn 0.63136774 0.466663 -0.6193548
vn 0.32548773 0.7019553 -0.63349545
vn 0.26274312 0.65489686 -0.70857334
vn 0.26274312 0.64705384 -0.7157425
vn 0.3725462 0.7019553 -0.6070157
vn 0.49019235 0.7019553 -0.51669157
vn 0.48234928 0.70979846 -0.51334715
vn 0.59215236 0.6941123 -0.40934545
vn 0.6078385 0.70979846 -0.35597545
vn 0.69411236 0.65489686 -0.29886138
vn 0.70195544 0.64705384 -0.2976237
vn -0.3254876 0.7019553 -0.6334955
vn -0.262743 0.64705384 -0.71574265
vn -0.262743 0.65489686 -0.7085734
vn -0.37254608 0.7019553 -0.6070158
vn -0.4901923 0.7019553 -0.5166916
vn -0.48234916 0.70979846 -0.51334727
vn -0.59215224 0.6941123 -0.4093457
vn -0.6078384 0.70979846 -0.35597563
vn -0.6941123 0.65489686 -0.2988616
vn -0.7019553 0.64705384 -0.29762408
vn -0.76469994 -0.011764646 -0.6442792
vn -0.76469994 0.035293818 -0.64341927
vn -0.76469994 -0.011764646 -0.6442792
vn -0.76469994 0.098038435 -0.636885
vn -0.6313677 0.466663 -0.6193549
vn 0.59999543 0.003921509 0.7999938
vn 0.59999543 0.003921509 0.7999938
vn 0.6078385 0.035293818 0.79327595
vn 0.6156816 0.098038435 0.7818725
vn 0.6156816 0.44313383 0.6515893
vn 0.70195544 0.64705384 0.2976237
vn 0.6078385 0.70979846 0.35597545
vn 0.69411236 0.65489686 0.29886138
vn 0.59215236 0.6941123 0.40934545
vn 0.49019235 0.7019553 0.51669157
vn 0.48234928 0.70979846 0.51334715
vn 0.3725462 0.7019553 0.6070157
vn 0.32548773 0.7019553 0.63349545
vn 0.26274312 0.65489686 0.70857334
vn 0.26274312 0.64705384 0.7157425
vn -0.5999954 0.003921509 -0.7999939
vn -0.5999954 0.003921509 -0.7999939
vn -0.6078384 0.035293818 -0.793276
vn -0.6156815 0.098038435 -0.7818726
vn -0.6156815 0.44313383 -0.65158933
vn 0.0039215684 -0.9999924 -0
vn -0.003921509 -0.9999924 -0
vn 0.011763922 -0.99993086 -0
vn -0.003921509 -0.9999924 -0
vn 0.011763922 -0.99993086 -0
vn 0.035293877 -0.9921493 0.11997543
vn 0.035293877 -0.7411708 0.67038804
vn 0.07450926 -0.83528775 0.544741
vn 0.07450926 -0.8509739 0.519896
vn -0.5607799 0.27058613 -0.78250176
vn -0.65489686 0.003921509 -0.7557081
vn -0.64705384 0.003921509 -0.76243424
vn -0.5529369 0.2862723 -0.78250176
vn -0.37254608 0.51372147 -0.77285165
vn -0.466663 0.45097685 -0.76081896
vn -0.0901953 0.68626916 -0.7217336
vn 0.0039215684 0.7019553 -0.71221024
vn -0.003921509 0.70979846 -0.7043939
vn -0.64705384 0.7490138 -0.14247712
vn -0.65489686 0.74117076 -0.147567
vn -0.65489686 0.74117076 -0.147567
vn -0.670583 0.7333276 -0.11202224
vn 0.56078005 0.27058613 0.7825017
vn 0.654897 0.003921509 0.755708
vn 0.6470539 0.003921509 0.7624342
vn 0.552937 0.2862723 0.7825017
vn 0.3725462 0.51372147 0.7728516
vn 0.46666312 0.45097685 0.7608189
vn 0.09019542 0.68626916 0.7217336
vn -0.003921509 0.7019553 0.71221024
vn 0.0039215684 0.70979846 0.7043939
vn 0.6470539 0.7490138 0.14247671
vn 0.654897 0.74117076 0.1475664
vn 0.654897 0.74117076 0.1475664
vn 0.6705831 0.7333276 0.112021446
vn 0.7803862 0.003921509 0.6252855
vn 0.77254313 0.043136835 0.6334953
vn 0.7803862 0.003921509 0.6252855
vn 0.76470006 0.098038435 0.63688487
vn 0.63136774 0.47450614 0.61336666
vn -0.65489686 0.74117076 0.147567
vn -0.64705384 0.7490138 0.14247712
vn -0.65489686 0.74117076 0.147567
vn -0.670583 0.7333276 0.11202224
vn -0.65489686 0.003921509 0.7557081
vn -0.5607799 0.27058613 0.78250176
vn -0.64705384 0.003921509 0.76243424
vn -0.5529369 0.2941153 0.7795877
vn -0.45882 0.45097685 0.76557434
vn -0.35685992 0.5215646 0.77499765
vn -0.098038435 0.6941123 0.71315956
vn -0.003921509 0.70979846 0.7043939
vn -0.003921509 0.70979846 0.7043939
vn 0.654897 0.74117076 -0.1475664
vn 0.6470539 0.7490138 -0.14247671
vn 0.654897 0.74117076 -0.1475664
vn 0.6705831 0.7333276 -0.112021446
vn 0.654897 0.003921509 -0.755708
vn 0.56078005 0.27058613 -0.7825017
vn 0.6470539 0.003921509 -0.7624342
vn 0.552937 0.2941153 -0.7795876
vn 0.45882004 0.45097685 -0.76557434
vn 0.35686004 0.5215646 -0.7749976
vn 0.098038495 0.6941123 -0.71315956
vn 0.0039215684 0.70979846 -0.7043939
vn 0.0039215684 0.70979846 -0.7043939
vn 0.59999543 0.003921509 -0.7999938
vn 0.6078385 0.035293818 -0.79327595
vn 0.59999543 0.003921509 -0.7999938
vn 0.6156816 0.098038435 -0.7818725
vn 0.6156816 0.44313383 -0.6515893
vn -0.5999954 0.003921509 0.7999939
vn -0.6078384 0.035293818 0.793276
vn -0.5999954 0.003921509 0.7999939
vn -0.6156815 0.098038435 0.7818726
vn -0.6156815 0.44313383 0.65158933
vn 0.52156466 -0.8509739 0.061755516
vn 0.56078005 -0.8274447 -0.029344646
vn 0.615568 -0.78808385 -0
vn 0.63136774 -0.77254313 -0.067467235
vn -0.074509144 0.76469994 -0.64006436
vn -0.074509144 0.7568569 -0.6493196
vn -0.003921509 0.7176415 -0.6964017
vn -0.003921509 0.70979846 -0.7043939
vn 0.07450926 0.7568569 -0.6493196
vn 0.07450926 0.76469994 -0.64006436
vn -0.003921509 0.7176415 0.6964017
vn 0.07450926 0.7725431 0.6305756
vn 0.07450926 0.76469994 0.64006436
vn 0.0039215684 0.70979846 0.7043939
vn -0.074509144 0.76469994 0.64006436
vn -0.074509144 0.7725431 0.6305756
vn 0.0039215684 0.70979846 -0.7043939
vn 0.0039215684 0.70979846 -0.7043939
vn -0.003921509 0.70979846 -0.7043939
vn -0.003921509 0.70979846 -0.7043939
vn -0.5529369 0.70979846 -0.43640223
vn -0.5843092 0.7333276 -0.3475821
vn -0.5843092 0.7333276 -0.3475821
vn -0.5450938 0.70979846 -0.44616017
vn -0.41176152 0.70979846 -0.571523
vn -0.38823223 0.70979846 -0.58776003
vn -0.2941153 0.7333276 -0.6129655
vn -0.2941153 0.7333276 -0.6129655
vn 0.552937 0.70979846 0.43640217
vn 0.5843093 0.7333276 0.347582
vn 0.5843093 0.7333276 0.347582
vn 0.5450939 0.70979846 0.44616002
vn 0.41176158 0.70979846 0.571523
vn 0.38823235 0.70979846 0.58776
vn 0.29411542 0.7333276 0.6129655
vn 0.29411542 0.7333276 0.6129655
vn -0.003921509 0.70979846 0.7043939
vn -0.003921509 0.70979846 0.7043939
vn 0.0039215684 0.70979846 0.7043939
vn 0.0039215684 0.70979846 0.7043939
vn 0.0039215684 0.70979846 0.7043939
vn 0.0039215684 0.70979846 0.7043939
vn -0.003921509 0.70979846 0.7043939
vn -0.003921509 0.70979846 0.7043939
vn -0.5529369 0.70979846 0.43640223
vn -0.5843092 0.7333276 0.3475821
vn -0.5843092 0.7333276 0.3475821
vn -0.5450938 0.70979846 0.44616017
vn -0.41176152 0.70979846 0.571523
vn -0.38823223 0.70979846 0.58776003
vn -0.2941153 0.7333276 0.6129655
vn -0.2941153 0.7333276 0.6129655
vn 0.552937 0.70979846 -0.43640217
vn 0.5843093 0.7333276 -0.347582
vn 0.5843093 0.7333276 -0.347582
vn 0.5450939 0.70979846 -0.44616002
vn 0.41176158 0.70979846 -0.571523
vn 0.38823235 0.70979846 -0.58776
vn 0.29411542 0.7333276 -0.6129655
vn 0.29411542 0.7333276 -0.6129655
vn -0.003921509 0.70979846 -0.7043939
vn -0.003921509 0.70979846 -0.7043939
vn 0.0039215684 0.70979846 -0.7043939
vn 0.0039215684 0.70979846 -0.7043939
vn -0.70710677 0.70710677 -0
vn -0.70710677 0.70710677 -0
vn -0.70710677 0.70710677 -0
vn -0.70710677 0.70710677 -0
vn 0.7071068 0.70710677 -0
vn 0.7071068 0.70710677 -0
vn 0.7071068 0.70710677 -0
vn 0.7071068 0.70710677 -0
vn 0.7071068 0.70710677 -0
vn 0.7071068 0.70710677 -0
vn 0.7071068 0.70710677 -0
vn 0.7071068 0.70710677 -0
vn -0.70710677 0.70710677 -0
vn -0.70710677 0.70710677 -0
vn -0.70710677 0.70710677 -0
vn -0.70710677 0.70710677 -0
vn -0.7148764 -0.6992508 -0
vn -0.66265845 -0.74892175 -0
vn -0.7803861 -0.62352467 -0.047058698
vn -0.8116087 -0.5842015 -0
vn -0.6459423 -0.76338637 -0
vn -0.67842615 -0.73332775 -0.04436647
vn -0.7568569 -0.6470539 0.09213487
vn -0.79607224 -0.59999543 0.0792115
vn -0.39607537 -0.011764646 -0.9181426
vn -0.23921382 0.003921509 -0.970959
vn -0.262743 0.003921509 -0.9648579
vn -0.39607537 0.011764526 -0.9181426
vn -0.5607799 -0.011764646 -0.82788134
vn -0.16078305 0.050979972 -0.9856723
vn -0.59215224 0.003921509 -0.8058166
vn -0.8039154 -0.0039215684 -0.5947308
vn 0.0039215684 0.050979972 -0.998692
vn -0.003921509 0.019607663 -0.9998001
vn 0.16078311 0.050979972 -0.9856723
vn -0.79607224 0.003921509 -0.6051889
vn -0.8901892 -0.0039215684 -0.45557418
vn -0.8980323 -0.0039215684 -0.439912
vn 0.39607543 0.011764526 -0.9181426
vn -0.91371846 0.011764526 -0.40617752
vn -0.9764631 0.0901953 -0.1959201
vn -0.99214923 0.098038435 -0.07764255
vn -0.99723566 0.07430375 -0
vn -0.9764631 0.11372459 0.18326645
vn -0.9215615 0.019607663 0.38773695
vn -0.8980323 -0.0039215684 0.439912
vn -0.79607224 0.003921509 0.6051889
vn -0.8901892 -0.0039215684 0.45557418
vn -0.8039154 -0.0039215684 0.5947308
vn -0.59215224 0.003921509 0.8058166
vn -0.5607799 -0.011764646 0.82788134
vn -0.39607537 0.011764526 0.9181426
vn -0.39607537 -0.011764646 0.9181426
vn -0.25489998 0.003921509 0.9669595
vn -0.23921382 0.003921509 0.970959
vn -0.15293992 0.050979972 0.9869197
vn 0.0039215684 0.050979972 0.998692
vn 0.0039215684 0.019607663 0.9998001
vn 0.16078311 0.050979972 0.9856723
vn 0.39607543 0.011764526 0.9181426
vn 0.26274312 0.003921509 0.9648579
vn 0.39607543 -0.011764646 0.9181426
vn 0.23921388 0.003921509 0.970959
vn 0.56078005 -0.011764646 0.8278813
vn 0.59215236 0.003921509 0.8058165
vn 0.80391544 -0.0039215684 0.5947307
vn 0.79607236 0.003921509 0.6051888
vn 0.8901893 -0.0039215684 0.455574
vn 0.89803237 -0.0039215684 0.43991193
vn 0.9137185 0.011764526 0.40617737
vn 0.97646314 0.0901953 0.1959198
vn 0.9921493 0.098038435 0.077641785
vn 0.99723566 0.074303746 -0
vn 0.97646314 0.11372459 -0.18326612
vn 0.9215616 0.019607663 -0.38773674
vn 0.89803237 -0.0039215684 -0.43991193
vn 0.79607236 0.003921509 -0.6051888
vn 0.8901893 -0.0039215684 -0.455574
vn 0.80391544 -0.0039215684 -0.5947307
vn 0.59215236 0.003921509 -0.8058165
vn 0.56078005 -0.011764646 -0.8278813
vn 0.39607543 -0.011764646 -0.9181426
vn 0.26274312 0.003921509 -0.9648579
vn 0.23921388 0.003921509 -0.970959
vn 0.7071068 0.70710677 -0
vn 0.7071068 0.70710677 -0
vn 0.69411236 0.70979846 0.11997568
vn 0.69411236 0.70979846 0.11997568
vn 0.2313708 0.7019553 0.67359203
vn 0.2313708 0.7176415 0.6568548
vn 0.066666186 0.66274 0.7458762
vn -0.003921509 0.70979846 0.7043939
vn -0.035293818 0.7176415 0.69551784
vn -0.15293992 0.6941123 0.7034327
vn -0.19999838 0.6941123 0.6915264
vn -0.68626916 0.7176415 0.11842859
vn -0.6941123 0.70979846 0.11997618
vn -0.70710677 0.70710677 -0
vn -0.70710677 0.70710677 -0
vn -0.70710677 0.70710677 -0
vn -0.70710677 0.70710677 -0
vn -0.6941123 0.70979846 -0.11997618
vn -0.6941123 0.70979846 -0.11997618
vn -0.5607799 0.67842615 -0.47461972
vn -0.5607799 0.67842615 -0.47461972
vn 0.7071068 0.70710677 -0
vn 0.69411236 0.70979846 -0.11997568
vn 0.7071068 0.70710677 -0
vn 0.6862693 0.70979846 -0.15881005
vn 0.19215542 0.68626916 -0.7015062
vn 0.15294003 0.68626916 -0.71108645
vn 0.0039215684 0.70979846 -0.7043939
vn 0.035293877 0.7176415 -0.69551784
vn -0.066666126 0.66274 -0.7458762
vn -0.08235228 0.67842615 -0.73003846
vn -0.0901953 0.7019553 -0.70648676
vn -0.7568569 -0.0039215684 -0.6535688
vn -0.7568569 -0.0039215684 -0.6535688
vn -0.7568569 -0.0039215684 -0.6535688
vn -0.7568569 -0.0039215684 -0.6535688
vn 0.756857 -0.0039215684 0.6535688
vn 0.756857 -0.0039215684 0.6535688
vn 0.756857 -0.0039215684 0.6535688
vn 0.756857 -0.0039215684 0.6535688
vn 0.76470006 0.003921509 -0.6443745
vn 0.7176416 -0.0039215684 -0.6964016
vn 0.72548467 -0.0039215684 -0.6882271
vn 0.77254313 0.003921509 -0.63495016
vn -0.76469994 0.003921509 0.6443746
vn -0.7254846 -0.0039215684 0.68822724
vn -0.7333276 -0.0039215684 0.6798641
vn -0.7725431 0.003921509 0.6349503
vn 0.05882311 -0.8196016 -0.5699062
vn 0.011764646 -0.69411236 -0.71977055
vn 0.07450926 -0.858817 -0.50683504
vn -0.043136835 -0.86666006 -0.49703074
vn 0.011764646 -0.6470539 -0.7623535
vn -0.050979972 -0.8823462 -0.4678314
vn 0.7411708 -0.6705831 0.03137041
vn 0.78808385 -0.615568 -0
vn 0.8116088 -0.5842015 -0
vn 0.70195544 -0.7097985 0.058690816
vn 0.79607236 -0.5058785 0.33219832
vn -0.82744455 -0.0039215684 -0.56153375
vn -0.82744455 -0.011764646 -0.5614242
vn -0.82744455 0.011764526 -0.5614242
vn -0.7568569 -0.27842927 -0.59130764
vn -0.99214923 0.003921509 -0.12499809
vn -0.99214923 -0.0039215684 -0.124998085
vn -0.9450908 -0.0039215684 -0.3267844
vn -0.9450908 0.003921509 -0.3267844
vn -0.9843061 -0.0039215684 0.17642602
vn -0.9843061 -0.0039215684 0.17642602
vn -0.99999225 0.003921509 -0.00034492963
vn -0.99999225 0.003921509 -0.00034492963
vn -0.99999225 0.003921509 -0.00034492963
vn -0.99999225 0.003921509 -0.00034492963
vn -0.99214923 -0.0039215684 -0.124998085
vn -0.99214923 0.003921509 -0.12499809
vn -0.93724763 0.003921509 0.34864238
vn -0.9450908 -0.0039215684 0.3267844
vn -0.9843061 -0.0039215684 0.17642602
vn -0.9843061 -0.0039215684 0.17642602
vn -0.003921509 0.99999225 -0.00034526698
vn -0.003921509 0.99999225 -0.00034526698
vn -0.003921509 0.99999225 -0.00034526698
vn 0.0039215684 0.99999225 -0.00034526698
vn -0.003921509 0.99999225 -0.00034526698
vn -0.003921509 0.99999225 -0.00034526698
vn -0.003921509 0.99999225 -0.00034526698
vn -0.003921509 0.99999225 -0.00034526698
vn -0.003921509 0.99999225 -0.00034526698
vn -0.003921509 0.99999225 -0.00034526698
vn -0.003921509 0.99999225 -0.00034526698
vn -0.003921509 0.99999225 -0.00034526698
vn 0.0039215684 0.99999225 -0.00034526698
vn -0.003921509 0.99999225 -0.00034526698
vn -0.003921509 0.99999225 -0.00034526698
vn -0.003921509 0.99999225 -0.00034526698
vn -0.9764631 0.003921509 -0.21564901
vn -0.9764631 0.003921509 -0.21564901
vn -0.9529338 0.003921509 -0.30315316
vn -0.9529338 0.003921509 -0.30315316
vn -0.99214923 0.003921509 0.12499809
vn -0.99214923 0.003921509 0.12499809
vn -0.99214923 0.003921509 0.12499809
vn -0.99214923 0.003921509 0.12499809
vn -0.99999225 0.003921509 -0.00034492963
vn -0.99999225 0.003921509 -0.00034492963
vn -0.99999225 0.003921509 -0.00034492963
vn -0.99999225 0.003921509 -0.00034492963
vn -0.9450908 0.003921509 0.3267844
vn -0.9450908 0.003921509 0.3267844
vn -0.96861994 0.003921509 0.2485156
vn -0.96861994 0.003921509 0.2485156
vn 0.9921493 0.003921509 0.124997616
vn 0.9921493 -0.0039215684 0.12499761
vn 0.94509083 -0.0039215684 0.32678422
vn 0.94509083 0.003921509 0.32678422
vn 0.93724775 0.003921509 -0.34864205
vn 0.94509083 -0.0039215684 -0.32678422
vn 0.9843062 -0.0039215684 -0.17642535
vn 0.9843062 -0.0039215684 -0.17642535
vn 0.9843062 -0.0039215684 -0.17642535
vn 0.9843062 -0.0039215684 -0.17642535
vn 0.9999924 0.003921509 -0
vn 0.9999924 0.003921509 -0
vn 0.9999924 0.003921509 -0
vn 0.9999924 0.003921509 -0
vn 0.9921493 -0.0039215684 0.12499761
vn 0.9921493 0.003921509 0.124997616
vn -0.003921509 0.99999225 -0.00034526698
vn -0.003921509 0.99999225 -0.00034526698
vn -0.003921509 0.99999225 -0.00034526698
vn -0.003921509 0.99999225 -0.00034526698
vn -0.003921509 0.99999225 -0.00034526698
vn -0.003921509 0.99999225 -0.00034526698
vn -0.003921509 0.99999225 -0.00034526698
vn -0.003921509 0.99999225 -0.00034526698
vn -0.003921509 0.99999225 -0.00034526698
vn -0.003921509 0.99999225 -0.00034526698
vn -0.003921509 0.99999225 -0.00034526698
vn -0.003921509 0.99999225 -0.00034526698
vn -0.003921509 0.99999225 -0.00034526698
vn -0.003921509 0.99999225 -0.00034526698
vn -0.003921509 0.99999225 -0.00034526698
vn -0.003921509 0.99999225 -0.00034526698
vn 0.9921493 0.003921509 0.124997616
vn 0.9921493 0.003921509 0.124997616
vn 0.9529339 0.003921509 0.30315277
vn 0.9529339 0.003921509 0.30315277
vn 0.94509083 0.003921509 -0.32678422
vn 0.94509083 0.003921509 -0.32678422
vn 0.9843062 0.003921509 -0.17642535
vn 0.9843062 0.003921509 -0.17642535
vn 0.9843062 0.003921509 -0.17642535
vn 0.9843062 0.003921509 -0.17642535
vn 0.9999924 0.003921509 -0
vn 0.9999924 0.003921509 -0
vn 0.9999924 0.003921509 -0
vn 0.9999924 0.003921509 -0
vn 0.9921493 0.003921509 0.124997616
vn 0.9921493 0.003921509 0.124997616
vn 0.49803543 0.7490138 0.43696576
vn 0.45882004 0.7333276 0.5017118
vn 0.45882004 0.7490138 0.4779775
vn 0.5764662 0.74117076 0.34402412
vn 0.62352467 0.7568569 0.19591992
vn 0.6705831 0.74117076 0.031370882
vn 0.7071068 0.70710677 -0
vn 0.62352467 0.7568569 -0.19591992
vn 0.5764662 0.74117076 -0.34402412
vn 0.49803543 0.7490138 -0.43696576
vn 0.45882004 0.7490138 -0.4779775
vn 0.45882004 0.7333276 -0.5017118
vn -0.4980353 0.7490138 -0.43696588
vn -0.45882 0.7333276 -0.50171185
vn -0.45882 0.7490138 -0.4779776
vn -0.5764661 0.74117076 -0.3440243
vn -0.62352455 0.7568569 -0.19592023
vn -0.670583 0.74117076 -0.03137373
vn -0.70710677 0.70710677 -0
vn -0.62352455 0.7568569 0.19592023
vn -0.5764661 0.74117076 0.3440243
vn -0.4980353 0.7490138 0.43696588
vn -0.45882 0.7490138 0.4779776
vn -0.45882 0.7333276 0.50171185
vn 0.16862619 0.7019553 -0.69197106
vn 0.0039215684 0.66274 -0.7488393
vn 0.16862619 0.68626916 -0.7075308
vn -0.003921509 0.64705384 -0.76243424
vn -0.16862607 0.68626916 -0.7075308
vn -0.16862607 0.7019553 -0.69197106
vn 0.0039215684 0.99999225 -0.00034526698
vn 0.0039215684 0.99999225 -0.00034526698
vn 0.0039215684 0.99999225 -0.00034526698
vn 0.0039215684 0.99999225 -0.00034526698
vn 0.011763923 0.99993086 -0
vn 0.011763923 0.99993086 -0
vn 0.0039215684 0.99999225 -0.00034526698
vn 0.011763923 0.99993086 -0
vn 0.011763923 0.99993086 -0
vn 0.011763923 0.99993086 -0
vn 0.011763923 0.99993086 -0
vn 0.0039215684 0.99999225 -0.00034526698
vn -0.003921509 0.99999225 -0.00034526698
vn 0.0039215684 0.99999225 -0.00034526698
vn -0.003921509 0.99999225 -0.00034526698
vn -0.003921509 0.99999225 -0.00034526698
vn -0.011763804 0.99993086 -0
vn -0.011763804 0.99993086 -0
vn -0.011763804 0.99993086 -0
vn -0.011763804 0.99993086 -0
vn -0.011763804 0.99993086 -0
vn -0.011763804 0.99993086 -0
vn -0.003921509 0.99999225 -0.00034526698
vn -0.003921509 0.99999225 -0.00034526698
vn -0.003921509 0.99999225 -0.00034526698
vn 0.0039215684 0.99999225 -0.00034526698
vn -0.003921509 0.99999225 -0.00034526698
vn -0.003921509 0.99999225 -0.00034526698
vn -0.70710677 0.70710677 -0
vn -0.70710677 0.70710677 -0
vn -0.7019553 0.70979846 -0.058693357
vn -0.6941123 0.70979846 -0.11997618
vn -0.6392107 0.68626916 -0.3470509
vn 0.0039215684 0.66274 0.7488393
vn 0.16862619 0.7019553 0.69197106
vn 0.16862619 0.68626916 0.7075308
vn -0.003921509 0.64705384 0.76243424
vn -0.16862607 0.68626916 0.7075308
vn -0.16862607 0.7019553 0.69197106
vn 0.7071068 0.70710677 -0
vn 0.70195544 0.70979846 -0.058691327
vn 0.7071068 0.70710677 -0
vn 0.69411236 0.70979846 -0.11997568
vn 0.6392108 0.68626916 -0.34705073
vn 0.9529339 0.13725376 0.27033013
vn 0.9529339 0.1450969 0.2662027
vn 0.960777 0.12156761 0.24925669
vn 0.960777 0.11372459 0.2529314
vn 0.70195544 0.70979846 0.058691327
vn 0.7071068 0.70710677 -0
vn 0.7071068 0.70710677 -0
vn 0.69411236 0.70979846 0.11997568
vn 0.6392108 0.6941123 0.33108562
vn -0.70710677 0.70710677 -0
vn -0.70710677 0.70710677 -0
vn -0.7019553 0.70979846 0.058693357
vn -0.6941123 0.70979846 0.11997618
vn -0.6392107 0.6941123 0.3310858
vn -0.9607769 0.10588145 0.2563139
vn -0.9529338 0.16078305 0.2570331
vn -0.9607769 0.10588145 0.2563139
vn -0.9529338 0.16862607 0.25195727
vn 0.0039215684 0.99999225 -0.00034526698
vn 0.058722056 0.9982743 -0
vn 0.0039215684 0.99999225 -0.00034526698
vn 0.0039215684 0.99999225 -0.00034526698
vn 0.0039215684 0.99999225 -0.00034526698
vn 0.0039215684 0.99999225 -0.00034526698
vn -0.003921509 0.99999225 -0.00034526698
vn 0.0039215684 0.99999225 -0.00034526698
vn 0.0039215684 0.99999225 -0.00034526698
vn -0.003921509 0.99999225 -0.00034526698
vn 0.0039215684 0.99999225 -0.00034526698
vn 0.0039215684 0.99999225 -0.00034526698
vn -0.011763804 0.99993086 -0
vn -0.003921509 0.99999225 -0.00034526698
vn -0.003921509 0.99999225 -0.00034526698
vn -0.003921509 0.99999225 -0.00034526698
vn -0.003921509 0.99999225 -0.00034526698
vn 0.0039215684 0.99999225 -0.00034526698
vn -0.003921509 0.99999225 -0.00034526698
vn -0.003921509 0.99999225 -0.00034526698
vn -0.003921509 0.99999225 -0.00034526698
vn -0.003921509 0.99999225 -0.00034526698
vn -0.003921509 0.99999225 -0.00034526698
vn 0.5843093 0.36470306 0.7249651
vn 0.59999543 0.34117377 0.7236062
vn 0.59215236 0.36470306 0.7185731
vn 0.59999543 0.33333075 0.7272524
vn 0.25490004 0.11372459 0.9602566
vn 0.24705696 0.16862607 0.95421594
vn 0.25490004 0.11372459 0.9602566
vn 0.24705696 0.16862607 0.95421594
vn -0.262743 0.16862607 0.9500165
vn -0.262743 0.16862607 0.9500165
vn -0.25489998 0.11372459 0.9602566
vn -0.25489998 0.10588145 0.96115303
vn -0.0901953 0.41176152 -0.9068171
vn -0.098038435 0.38823223 -0.91633195
vn -0.098038435 0.38823223 -0.91633195
vn -0.0901953 0.41176152 -0.9068171
vn -0.9843061 -0.121567726 -0.1279172
vn -0.9450908 0.27842915 -0.17111583
vn -0.9843061 -0.11372465 -0.13493785
vn -0.93724763 0.2941153 -0.18725139
vn -0.85881686 0.035293818 -0.5110655
vn -0.85097384 -0.011764646 -0.52507627
vn -0.9529338 0.16078305 -0.2570331
vn -0.9529338 0.16862607 -0.25195727
vn -0.9607769 0.11372459 -0.25293162
vn -0.9607769 0.10588145 -0.2563139
vn 0.70195544 0.10588145 0.7043065
vn 0.69411236 0.16862607 0.69983804
vn 0.70195544 0.11372459 0.7030827
vn 0.69411236 0.16862607 0.69983804
vn -0.7019553 0.10588145 -0.70430666
vn -0.6941123 0.16862607 -0.6998381
vn -0.7019553 0.11372459 -0.70308286
vn -0.6941123 0.16862607 -0.6998381
vn -0.24705684 0.16862607 -0.954216
vn -0.24705684 0.1764692 -0.9527967
vn -0.25489998 0.11372459 -0.9602566
vn -0.25489998 0.10588145 -0.96115303
vn 0.960777 0.10588145 -0.25631365
vn 0.9529339 0.16078305 -0.25703266
vn 0.960777 0.11372459 -0.2529314
vn 0.9529339 0.16078305 -0.25703266
vn 0.70195544 0.1450969 -0.69728434
vn 0.70195544 0.1450969 -0.69728434
vn 0.70195544 0.11372459 -0.7030827
vn 0.70195544 0.11372459 -0.7030827
vn 0.25490004 0.10588145 -0.96115303
vn 0.26274312 0.16862607 -0.9500165
vn 0.25490004 0.11372459 -0.9602566
vn 0.26274312 0.1764692 -0.9485909
vn -0.7019553 0.1450969 0.6972845
vn -0.7019553 0.1450969 0.6972845
vn -0.7019553 0.11372459 0.70308286
vn -0.7019553 0.11372459 0.70308286
vn -0.003921509 0.99999225 -0.00034526698
vn 0.0039215684 0.99999225 -0.00034526698
vn -0.003921509 0.99999225 -0.00034526698
vn -0.003921509 0.99999225 -0.00034526698
vn 0.0039215684 0.99999225 -0.00034526698
vn -0.003921509 0.99999225 -0.00034526698
vn 0.0039215684 0.99999225 -0.00034526698
vn 0.0039215684 0.99999225 -0.00034526698
vn 0.0039215684 0.99999225 -0.00034526698
vn 0.0039215684 0.99999225 -0.00034526698
vn 0.0039215684 0.99999225 -0.00034526698
vn 0.0039215684 0.99999225 -0.00034526698
vn 0.59215236 0.4980353 -0.6334954
vn 0.5764662 0.59215224 -0.56306523
vn 0.59215236 0.5215646 -0.61426866
vn 0.5686231 0.6156815 -0.5455309
vn 0.94509083 0.16862607 -0.27994382
vn 0.94509083 0.1764692 -0.2750671
vn 0.94509083 0.13725376 -0.29658842
vn 0.94509083 0.12941074 -0.3000936
vn 0.10588157 0.12156761 0.98691964
vn 0.08235234 0.18431222 0.9794116
vn 0.05882311 0.23921382 0.96918344
vn 0.121567726 0.098038435 0.98772955
vn -0.8980323 0.37254608 -0.23398156
vn -0.8980323 0.36470306 -0.24602771
vn -0.9058753 0.3254876 -0.27101237
vn -0.91371846 0.30195844 -0.2719185
vn -0.0901953 0.12941074 0.98748046
vn -0.08235228 0.1450969 0.98598427
vn -0.066666126 0.18431222 0.98060423
vn -0.050979972 0.20784152 0.9768331
vn -0.003921509 0.99999225 -0.00034526698
vn -0.003921509 0.99999225 -0.00034526698
vn -0.003921509 0.99999225 -0.00034526698
vn -0.003921509 0.99999225 -0.00034526698
vn -0.003921509 0.99999225 -0.00034526698
vn -0.003921509 0.99999225 -0.00034526698
vn -0.003921509 0.99999225 -0.00034526698
vn -0.003921509 0.99999225 -0.00034526698
vn -0.003921509 0.99999225 -0.00034526698
vn -0.003921509 0.99999225 -0.00034526698
vn -0.003921509 0.99999225 -0.00034526698
vn -0.003921509 0.99999225 -0.00034526698
vn -0.003921509 0.99999225 -0.00034526698
vn -0.003921509 0.99999225 -0.00034526698
vn -0.003921509 0.99999225 -0.00034526698
vn -0.003921509 0.99999225 -0.00034526698
vn -0.003921509 0.99999225 -0.00034526698
vn -0.003921509 0.99999225 -0.00034526698
vn -0.003921509 0.99999225 -0.00034526698
vn -0.003921509 0.99999225 -0.00034526698
vn -0.003921509 0.99999225 -0.00034526698
vn -0.003921509 0.99999225 -0.00034526698
vn -0.003921509 0.99999225 -0.00034526698
vn -0.003921509 0.99999225 -0.00034526698
vn -0.003921509 0.99999225 -0.00034526698
vn -0.003921509 0.99999225 -0.00034526698
vn -0.003921509 0.99999225 -0.00034526698
vn -0.003921509 0.99999225 -0.00034526698
vn -0.003921509 0.99999225 -0.00034526698
vn -0.003921509 0.99999225 -0.00034526698
vn -0.003921509 0.99999225 -0.00034526698
vn -0.003921509 0.99999225 -0.00034526698
vn -0.003921509 0.99999225 -0.00034526698
vn -0.003921509 0.99999225 -0.00034526698
vn -0.003921509 0.99999225 -0.00034526698
vn -0.003921509 0.99999225 -0.00034526698
vn -0.003921509 0.99999225 -0.00034526698
vn -0.003921509 0.99999225 -0.00034526698
vn -0.003921509 0.99999225 -0.00034526698
vn -0.003921509 0.99999225 -0.00034526698
vn -0.003921509 0.70979846 0.7043939
vn 0.21568465 0.70979846 0.67057157
vn -0.003921509 0.70979846 0.7043939
vn -0.21568453 0.70979846 0.6705716
vn 0.21568465 0.70979846 0.67057157
vn -0.21568453 0.70979846 0.6705716
vn 0.41176158 0.70979846 0.571523
vn -0.41176152 0.70979846 0.571523
vn 0.41176158 0.70979846 0.571523
vn -0.41176152 0.70979846 0.571523
vn 0.5686231 0.70979846 0.415757
vn -0.56862307 0.70979846 0.4157571
vn 0.5686231 0.70979846 0.415757
vn -0.56862307 0.70979846 0.4157571
vn 0.6705831 0.70979846 0.21564874
vn -0.670583 0.70979846 0.21564916
vn 0.6705831 0.70979846 0.21564874
vn -0.670583 0.70979846 0.21564916
vn 0.7071068 0.70710677 -0
vn -0.70710677 0.70710677 -0
vn 0.7071068 0.70710677 -0
vn -0.70710677 0.70710677 -0
vn 0.6705831 0.70979846 -0.21564874
vn -0.670583 0.70979846 -0.21564916
vn 0.6705831 0.70979846 -0.21564874
vn -0.670583 0.70979846 -0.21564916
vn 0.5764662 0.70979846 -0.4048121
vn -0.5764661 0.70979846 -0.40481225
vn 0.5764662 0.70979846 -0.4048121
vn -0.5764661 0.70979846 -0.40481225
vn 0.41960466 0.70979846 -0.56578976
vn -0.41960454 0.70979846 -0.5657899
vn 0.41960466 0.70979846 -0.56578976
vn -0.41960454 0.70979846 -0.5657899
vn 0.22352773 0.70979846 -0.66799814
vn -0.22352767 0.70979846 -0.66799814
vn 0.22352773 0.70979846 -0.66799814
vn -0.22352767 0.70979846 -0.66799814
vn -0.003921509 0.70979846 -0.7043939
vn -0.003921509 0.70979846 -0.7043939
vn -0.37254608 -0.0039215684 -0.9280054
vn -0.41176152 -0.011764646 -0.9112157
vn -0.27842915 -0.0039215684 -0.96044874
vn -0.45882 0.003921509 -0.8885206
vn -0.1764692 -0.035293877 -0.98367316
vn -0.5843092 -0.0039215684 -0.81152165
vn -0.5999954 0.003921509 -0.7999939
vn -0.8117584 -0.0039215684 -0.58398026
vn -0.8117584 0.003921509 -0.58398026
vn -0.9529338 -0.0039215684 -0.30315316
vn -0.9529338 0.003921509 -0.30315316
vn 0.0039215684 -0.043136954 -0.99906147
vn -0.05882299 -0.011764646 -0.9981991
vn 0.121567726 -0.035293877 -0.99195546
vn -0.99999225 -0.0039215684 -0.00034425134
vn -0.99999225 0.003921509 -0.00034492963
vn -0.9529338 0.003921509 0.30315316
vn -0.9529338 -0.0039215684 0.30315316
vn -0.8117584 0.003921509 0.58398026
vn -0.8117584 -0.0039215684 0.58398026
vn -0.5999954 0.003921509 0.7999939
vn -0.5843092 -0.0039215684 0.81152165
vn -0.45882 0.003921509 0.8885206
vn 0.41960466 -0.011764646 -0.90763074
vn -0.41176152 -0.011764646 0.9112157
vn 0.16862619 -0.043136954 -0.98473567
vn -0.36470306 -0.0039215684 0.9311156
vn -0.41176152 -0.0039215684 0.9112832
vn -0.1450969 -0.035293877 0.9887877
vn 0.0039215684 -0.035293877 0.99936926
vn 0.043136954 -0.0274508 0.998692
vn 0.38823235 -0.0039215684 -0.9215532
vn 0.38038927 -0.0039215684 -0.92481816
vn 0.45882004 0.003921509 -0.88852054
vn 0.5843093 -0.0039215684 -0.8115216
vn 0.59999543 0.003921509 -0.7999938
vn 0.8117585 -0.0039215684 -0.5839801
vn 0.8117585 0.003921509 -0.5839801
vn 0.9529339 -0.0039215684 -0.30315277
vn 0.9529339 0.003921509 -0.30315277
vn 0.41960466 -0.0039215684 0.9076985
vn 0.9999924 -0.0039215684 -0
vn 0.9999924 0.003921509 -0
vn 0.9529339 0.003921509 0.30315277
vn 0.9529339 -0.0039215684 0.30315277
vn 0.8117585 0.003921509 0.5839801
vn 0.8117585 -0.0039215684 0.5839801
vn 0.59999543 0.003921509 0.7999938
vn 0.5843093 -0.0039215684 0.8115216
vn 0.45882004 0.003921509 0.88852054
vn 0.16078311 -0.043136954 0.9860467
vn 0.36470312 -0.0039215684 0.9311156
vn 0.4039185 -0.0039215684 0.9147866
vn -0.70710677 0.70710677 -0
vn -0.670583 0.70979846 -0.21564916
vn -0.670583 0.70979846 -0.21564916
vn -0.5764661 0.70979846 -0.40481225
vn -0.70710677 0.70710677 -0
vn -0.5764661 0.70979846 -0.40481225
vn -0.670583 0.70979846 0.21564916
vn -0.41960454 0.70979846 -0.5657899
vn -0.670583 0.70979846 0.21564916
vn -0.41960454 0.70979846 -0.5657899
vn -0.56862307 0.70979846 0.4157571
vn -0.22352767 0.70979846 -0.66799814
vn -0.56862307 0.70979846 0.4157571
vn -0.22352767 0.70979846 -0.66799814
vn -0.41176152 0.70979846 0.571523
vn -0.41176152 0.70979846 0.571523
vn -0.003921509 0.70979846 -0.7043939
vn -0.003921509 0.70979846 -0.7043939
vn -0.21568453 0.70979846 0.6705716
vn -0.21568453 0.70979846 0.6705716
vn 0.21568465 0.70979846 -0.67057157
vn 0.21568465 0.70979846 -0.67057157
vn 0.41176158 0.70979846 -0.571523
vn 0.41176158 0.70979846 -0.571523
vn 0.5686231 0.70979846 -0.415757
vn 0.5686231 0.70979846 -0.415757
vn 0.6705831 0.70979846 -0.21564874
vn 0.6705831 0.70979846 -0.21564874
vn -0.003921509 0.70979846 0.7043939
vn -0.003921509 0.70979846 0.7043939
vn 0.22352773 0.70979846 0.66799814
vn 0.22352773 0.70979846 0.66799814
vn 0.41960466 0.70979846 0.56578976
vn 0.41960466 0.70979846 0.56578976
vn 0.5764662 0.70979846 0.4048121
vn 0.5764662 0.70979846 0.4048121
vn 0.7071068 0.70710677 -0
vn 0.7071068 0.70710677 -0
vn 0.6705831 0.70979846 0.21564874
vn 0.6705831 0.70979846 0.21564874
vn -0.003921509 -0.9999924 -0
vn -0.003921509 -0.9999924 -0
vn -0.003921509 -0.9999924 -0
vn 0.0039215684 -0.9999924 -0
vn -0.003921509 -0.9999924 -0
vn 0.0039215684 -0.9999924 -0
vn 0.0039215684 -0.9999924 -0
vn 0.0039215684 -0.9999924 -0
vn 0.0039215684 -0.9999924 -0
vn 0.0039215684 -0.9999924 -0
vn -0.003921509 -0.9999924 -0
vn -0.003921509 -0.9999924 -0
vn -0.003921509 -0.9999924 -0
vn -0.003921509 -0.9999924 -0
vn -0.003921509 -0.9999924 -0
vn -0.003921509 -0.9999924 -0
vn -0.003921509 -0.9999924 -0
vn -0.003921509 -0.9999924 -0
vn -0.003921509 -0.9999924 -0
vn -0.003921509 -0.9999924 -0
vn 0.0039215684 -0.9999924 -0
vn 0.0039215684 -0.9999924 -0
vn 0.0039215684 -0.9999924 -0
vn 0.0039215684 -0.9999924 -0
vn 0.0039215684 -0.9999924 -0
vn 0.0039215684 -0.9999924 -0
vn -0.003921509 -0.9999924 -0
vn -0.003921509 -0.9999924 -0
vn -0.003921509 -0.9999924 -0
vn -0.003921509 -0.9999924 -0
vn -0.003921509 -0.9999924 -0
vn -0.003921509 -0.9999924 -0
vn -0.003921509 -0.9999924 -0
vn 0.0039215684 -0.9999924 -0
vn -0.003921509 -0.9999924 -0
vn -0.003921509 -0.9999924 -0
vn 0.0039215684 -0.9999924 -0
vn -0.003921509 -0.9999924 -0
vn 0.0039215684 -0.9999924 -0
vn 0.0039215684 -0.9999924 -0
vn 0.0039215684 -0.9999924 -0
vn -0.003921509 -0.9999924 -0
vn -0.003921509 -0.9999924 -0
vn -0.003921509 -0.9999924 -0
vn -0.003921509 -0.9999924 -0
vn 0.0039215684 -0.9999924 -0
vn -0.003921509 -0.9999924 -0
vn -0.003921509 -0.9999924 -0
vn 0.0039215684 -0.9999924 -0
vn 0.0039215684 -0.9999924 -0
vn -0.003921509 -0.9999924 -0
vn -0.003921509 -0.9999924 -0
vn -0.003921509 -0.9999924 -0
vn -0.003921509 -0.9999924 -0
vn 0.0039215684 -0.9999924 -0
vn 0.0039215684 -0.9999924 -0
vn -0.003921509 -0.9999924 -0
vn -0.003921509 -0.9999924 -0
vn -0.003921509 -0.9999924 -0
vn -0.003921509 -0.9999924 -0
vn 0.0039215684 -0.9999924 -0
vn 0.0039215684 -0.9999924 -0
vn -0.003921509 -0.9999924 -0
vn -0.003921509 -0.9999924 -0
vn 0.0039215684 -0.9999924 -0
vn 0.0039215684 -0.9999924 -0
vn -0.003921509 -0.9999924 -0
vn -0.003921509 -0.9999924 -0
vn -0.003921509 -0.9999924 -0
vn -0.003921509 -0.9999924 -0
vn 0.0039215684 -0.9999924 -0
vn 0.0039215684 -0.9999924 -0
vn -0.003921509 -0.9999924 -0
vn -0.003921509 -0.9999924 -0
vn -0.003921509 -0.9999924 -0
vn -0.003921509 -0.9999924 -0
vn 0.0039215684 -0.9999924 -0
vn 0.0039215684 -0.9999924 -0
vn -0.003921509 -0.9999924 -0
vn -0.003921509 -0.9999924 -0
vn 0.89803237 0.41960454 0.13217385
vn 0.89803237 0.41960454 0.13217385
vn 0.89803237 0.41960454 0.13217385
vn -0.8980323 -0.41960466 -0.13217369
vn -0.8980323 -0.41960466 -0.13217369
vn -0.8980323 -0.41960466 -0.13217369
vn 0.66274005 -0.28627235 0.69197094
vn 0.66274005 -0.28627235 0.69197094
vn 0.66274005 -0.28627235 0.69197094
vn -0.5999954 -0.41960466 -0.6811296
vn -0.5999954 -0.41960466 -0.6811296
vn -0.5999954 -0.41960466 -0.6811296
vn -0.011764526 -0.066666186 -0.997706
vn -0.011764526 -0.066666186 -0.997706
vn -0.011764526 -0.066666186 -0.997706
vn -0.9294046 0.066666126 -0.36299127
vn -0.9294046 0.066666126 -0.36299127
vn -0.9294046 0.066666126 -0.36299127
vn -0.035293818 -0.2705862 -0.9620486
vn -0.6156815 -0.22352773 -0.7556266
vn -0.5450938 -0.14509696 -0.8257237
vn -0.8352877 -0.5058785 -0.21536344
vn -0.8117584 -0.05098003 -0.581764
vn -0.99999225 -0.0039215684 -0.00034425134
vn -0.011764526 -0.96862006 -0.24826749
vn -0.9529338 -0.15294003 0.2617758
vn -0.23921382 -0.90587544 0.3495231
vn 0.756857 -0.36470312 -0.5423644
vn 0.1999985 -0.043136954 -0.97884613
vn 0.035293877 0.043136835 -0.9984456
vn 0.043136954 -0.9921493 -0.11738392
vn 0.3725462 -0.90587544 0.2014919
vn 0.59999543 -0.5764662 -0.5547001
vn 0.9215616 0.05882299 -0.38375005
vn 0.87450314 0.13725376 -0.46519423
vn -0.18431222 -0.39607543 -0.89952946
vn -0.12156761 -0.8823462 -0.45462787
vn -0.76469994 -0.49019235 -0.41826487
vn 0.019607723 -0.9529339 -0.30254343
vn -0.011764526 -0.24705696 -0.9689295
vn -0.3176446 0.003921509 -0.9482017
vn -0.12941074 0.1450969 -0.9809178
vn 0.83528775 -0.48234928 -0.26388168
vn 0.49803543 -0.10588157 -0.86066824
vn 0.8509739 -0.1294108 -0.509015
vn 0.97646314 -0.15294003 0.15208255
vn 0.99993086 -0.011763922 -0
vn 0.09019542 -0.14509696 0.98529774
vn 0.011764646 -0.76470006 0.644279
vn -0.13725376 -0.14509696 0.9798511
vn -0.2862723 0.098038435 0.95311946
vn -0.003921509 0.1764692 0.98429835
vn -0.9450908 0.30195844 0.12499806
vn -0.03527213 0.9993777 -0
vn -0.9982743 0.058721937 -0
vn -0.07430375 0.99723566 -0
vn -0.9604815 -0.27834368 -0
vn 0.04309721 0.9990709 -0
vn 0.11372465 0.99214923 -0.05202487
vn 0.18431234 0.12156761 0.9753206
vn 0.94509083 0.27842915 0.17111547
vn 0.998703 0.05091424 -0
vn 0.654897 -0.035293877 0.75489354
vn 0.9670746 -0.25449333 -0
vn 0.7562059 -0.65433365 -0
vn 0.19160226 -0.9814727 -0
vn 0.32548773 -0.94509083 0.029343631
vn 0.011763922 -0.99993086 -0
vn -0.003921509 -0.9999924 -0
vn 0.45097697 -0.8901893 -0.06467469
vn 0.0039215684 -0.9999924 -0
vn 0.31764466 -0.94509083 0.07684498
vn 0.38038927 -0.9215616 0.07764171
vn 0.1999985 -0.97646314 0.080748565
vn 0.21568465 -0.97646314 -0
vn 0.0039215684 -0.9999924 -0
vn -0.003921509 -0.9999924 -0
vn -0.16078305 -0.9843062 -0.072733015
vn -0.011763803 -0.99993086 -0
vn -0.12156761 -0.93724775 -0.3267843
vn -0.011763803 -0.99993086 -0
vn -0.184052 -0.98291653 -0
vn -0.466663 -0.8823462 -0.060751785
vn -0.67842615 -0.73332775 -0.04436647
vn -0.81794286 -0.57529956 -0
vn -0.8039154 -0.59215236 0.055458628
vn -0.5999954 -0.79607236 0.07921112
vn -0.59215224 -0.80391544 0.055459164
vn -0.5607799 -0.8196016 0.11738443
vn -0.34117377 -0.9294047 0.14073876
vn -0.23921382 -0.96862006 -0.067467675
vn -0.19999838 -0.97646314 -0.08074894
vn -0.003921509 0.99999225 -0.00034526698
vn -0.003921509 0.99999225 -0.00034526698
vn -0.003921509 0.99999225 -0.00034526698
vn -0.003921509 0.99999225 -0.00034526698
vn 0.0039215684 0.99999225 -0.00034526698
vn -0.003921509 0.99999225 -0.00034526698
vn -0.003921509 0.99999225 -0.00034526698
vn -0.003921509 0.99999225 -0.00034526698
vn -0.003921509 0.99999225 -0.00034526698
vn -0.003921509 0.99999225 -0.00034526698
vn -0.003921509 0.99999225 -0.00034526698
vn 0.0039215684 0.99999225 -0.00034526698
vn -0.003921509 0.99999225 -0.00034526698
vn 0.0039215684 0.99999225 -0.00034526698
vn 0.0039215684 0.99999225 -0.00034526698
vn 0.0039215684 0.99999225 -0.00034526698
vn 0.0039215684 0.99999225 -0.00034526698
vn 0.0039215684 0.99999225 -0.00034526698
vn 0.0039215684 0.99999225 -0.00034526698
vn -0.003921509 0.99999225 -0.00034526698
vn -0.003921509 0.99999225 -0.00034526698
vn 0.0039215684 0.99999225 -0.00034526698
vn 0.0039215684 0.99999225 -0.00034526698
vn 0.0039215684 0.99999225 -0.00034526698
vn -0.4352907 -0.28627235 0.8535632
vn 0.011764646 0.003921509 0.9999231
vn 0.027440673 -0.9996234 -0
vn 0.13725388 -0.80391544 0.5786893
vn -0.7725431 -0.6078385 0.18360162
vn -0.24705684 -0.9294047 -0.27417123
vn -0.9998079 -0.019604107 -0
vn -0.62352455 0.019607663 0.78155786
vn -0.51372147 -0.7490139 -0.4184118
vn -0.9764631 -0.11372465 -0.18326642
vn 0.8196016 -0.41960466 0.39010915
vn 0.09019542 -0.9215616 0.37760964
vn 0.25490004 -0.49803543 0.8288466
vn 0.31764466 -0.8823462 0.34722763
vn -0.05882299 -0.9843062 0.16637641
vn 0.32548773 -0.8823462 -0.33988664
vn -0.27842915 -0.19215542 -0.9410385
vn -0.9529338 0.25489998 -0.16414389
vn -0.011764526 -0.5686231 -0.82251406
vn -0.18431222 -0.5450939 0.81786406
vn -0.42744768 -0.45097697 0.783523
vn -0.30195844 -0.9294047 0.2121981
vn 0.05098003 -0.9921493 0.1141965
vn -0.37254608 -0.49019235 0.7879853
vn 0.22352773 -0.960777 0.16414295
vn 0.8274447 -0.3333308 0.4519136
vn -0.019607663 -0.019607723 -0.9996155
vn 0.18431234 -0.1999985 -0.9623043
vn -0.2862723 0.02745068 -0.957755
vn -0.70979846 0.42744768 -0.55988806
vn 0.0274508 0.02745068 -0.9992462
vn 0.22352773 0.035293818 -0.97405833
vn 0.654897 -0.0039215684 -0.755708
vn 0.97646314 -0.16078311 -0.1437656
vn 0.9843062 0.02745068 -0.1743208
vn 0.5764662 0.30195844 -0.7592811
vn 0.99056625 -0.13703488 -0
vn 0.9999924 -0.0039215684 -0
vn 0.96862006 -0.24705696 0.027166268
vn 0.21568465 -0.97646314 -0
vn 0.0039215684 -0.9999924 -0
vn -0.003921509 -0.9999924 -0
vn -0.15293992 -0.9843062 0.088038005
vn -0.019604046 -0.9998079 -0
vn -0.34897396 -0.9371325 -0
vn -0.94306254 -0.33261546 -0
vn -0.74117076 -0.6705831 -0.03137136
vn -0.9993777 0.03527213 -0
vn -0.85881686 0.50587845 0.08075004
vn -0.6155679 0.7880838 -0
vn -0.45097685 -0.8901893 0.064675614
vn -0.3176446 -0.94509083 -0.07684537
vn -0.38823223 -0.9215616 -0
vn -0.20784152 -0.97646314 -0.057633735
vn -0.21568453 -0.97646314 -0
vn -0.027440555 0.9996234 -0
vn -0.003921509 0.99999225 -0.00034526698
vn -0.003921509 0.99999225 -0.00034526698
vn 0.0039215684 0.99999225 -0.00034526698
vn 0.0039215684 0.99999225 -0.00034526698
vn 0.0039215684 0.99999225 -0.00034526698
vn 0.0039215684 0.99999225 -0.00034526698
vn 0.0039215684 0.99999225 -0.00034526698
vn 0.0039215684 0.99999225 -0.00034526698
vn 0.0039215684 0.99999225 -0.00034526698
vn 0.0039215684 0.99999225 -0.00034526698
vn -0.003921509 0.99999225 -0.00034526698
vn -0.003921509 0.99999225 -0.00034526698
vn -0.003921509 0.99999225 -0.00034526698
vn -0.003921509 0.99999225 -0.00034526698
vn -0.003921509 0.99999225 -0.00034526698
vn 0.0039215684 0.99999225 -0.00034526698
vn -0.003921509 0.99999225 -0.00034526698
vn 0.0039215684 0.99999225 -0.00034526698
vn -0.003921509 0.99999225 -0.00034526698
vn -0.003921509 0.99999225 -0.00034526698
vn -0.003921509 0.99999225 -0.00034526698
vn -0.10588145 0.003921509 -0.99437106
vn 0.019607723 -0.019607723 -0.9996155
vn 0.019607723 0.3803892 -0.9246186
vn -0.035293818 0.27842915 -0.95980805
vn -0.08235228 0.79607224 -0.5995724
vn 0.035293877 0.9529338 -0.30111715
vn -0.6941123 0.0901953 -0.71419394
vn -0.9843061 -0.011764646 -0.17607701
vn -0.9215615 0.0901953 -0.37760988
vn -0.9529338 0.18431222 -0.24072021
vn -0.9977852 0.06651899 -0
vn -0.9996234 0.027440555 -0
vn -0.42744768 0.41960454 0.8007625
vn -0.99214923 0.011764526 0.124505006
vn -0.0901953 0.0901953 0.9918314
vn -0.86666 0.4901923 -0.09280082
vn -0.51334274 0.8581837 -0
vn -0.050979972 0.9607769 0.27259633
vn 0.07450926 0.85881686 0.5068352
vn 0.9604816 0.27834356 -0
vn 0.0274508 0.25489998 0.9665777
vn 0.38038927 -0.043136954 0.9238199
vn 0.63136774 0.36470306 0.684373
vn 0.9921493 0.08235228 0.09411633
vn 0.96862006 0.1450969 -0.20179702
vn 0.858817 0.3176446 -0.40191457
vn 0.69411236 0.38823223 -0.6062044
vn 0.73332775 0.6313677 -0.25220087
vn 0.69411236 0.7019553 -0.1595831
vn 0.6784262 0.7254846 -0.11580143
vn 0.59215236 0.7254846 -0.350753
vn 0.5764662 0.6392107 -0.5090151
vn 0.49019235 0.7019553 -0.51669157
vn 0.46666312 0.7254846 -0.50586325
vn -0.7333276 0.6313677 0.2522011
vn -0.6941123 0.7019553 0.15958348
vn -0.67842615 0.7254846 0.11580169
vn -0.59215224 0.7254846 0.35075328
vn -0.5764661 0.6392107 0.5090152
vn -0.4901923 0.7019553 0.5166916
vn -0.466663 0.7254846 0.5058633
vn -0.003921509 0.99999225 -0.00034526698
vn -0.011763804 0.99993086 -0
vn -0.003921509 0.99999225 -0.00034526698
vn 0.04309721 0.9990709 -0
vn 0.19160227 0.9814727 -0
vn 0.5133428 0.8581836 -0
vn 0.7948023 0.6068686 -0
vn 0.0039215684 0.88234615 -0.47058466
vn -0.05882299 0.66274 -0.74653566
vn 0.066666186 0.7725431 -0.631453
vn 0.7411708 0.670583 -0.03137278
vn 0.71487653 0.6992507 -0
vn 0.73332775 0.67842615 -0.044366807
vn 0.7071068 0.70710677 -0
vn 0.25490004 0.6941123 -0.67322665
vn 0.25490004 0.6941123 -0.67322665
vn 0.15294003 0.68626916 -0.71108645
vn 0.16078311 0.67842615 -0.716859
vn 0.019607723 0.59215224 -0.8055876
vn -0.12156761 0.6941123 -0.7095276
vn -0.22352767 0.6941123 -0.6842832
vn -0.262743 0.670583 -0.69374675
vn -0.262743 0.67842615 -0.6860788
vn 0.6705831 0.7254846 0.15488814
vn 0.69411236 0.7019553 0.1595831
vn 0.73332775 0.6313677 0.25220087
vn 0.59215236 0.7254846 0.350753
vn 0.5764662 0.6392107 0.5090151
vn 0.49019235 0.7019553 0.51669157
vn 0.46666312 0.7254846 0.50586325
vn -0.6941123 0.7019553 -0.15958348
vn -0.7333276 0.6313677 -0.2522011
vn -0.670583 0.7254846 -0.1548887
vn -0.59215224 0.7254846 -0.35075328
vn -0.5764661 0.6392107 -0.5090152
vn -0.4901923 0.7019553 -0.5166916
vn -0.466663 0.7254846 -0.5058633
vn -0.71487653 0.6992508 -0
vn -0.70710677 0.70710677 -0
vn -0.7333276 0.67842615 0.04436815
vn -0.74117076 0.670583 0.03137373
vn 0.7071068 0.70710677 -0
vn 0.7097985 0.7019553 0.058692593
vn 0.73332775 0.67842615 0.044366807
vn 0.7411708 0.670583 0.03137278
vn -0.70710677 0.70710677 -0
vn -0.70979846 0.7019553 -0.058693103
vn -0.7333276 0.67842615 -0.04436815
vn -0.74117076 0.670583 -0.03137373
vn -0.25489998 0.6941123 0.67322665
vn -0.25489998 0.6941123 0.67322665
vn -0.15293992 0.68626916 0.7110866
vn -0.16078305 0.67842615 0.716859
vn -0.019607663 0.59215224 0.8055876
vn 0.121567726 0.6941123 0.7095276
vn 0.22352773 0.6941123 0.68428314
vn 0.26274312 0.670583 0.6937467
vn 0.26274312 0.67842615 0.6860787
vn -0.9607769 0.003921509 -0.27729464
vn -0.9607769 0.003921509 -0.27729464
vn -0.9607769 0.003921509 -0.27729464
vn -0.9607769 0.003921509 -0.27729464
vn -0.99214923 0.003921509 0.12499809
vn -0.99214923 0.003921509 0.12499809
vn -0.99214923 0.003921509 0.12499809
vn -0.99214923 0.003921509 0.12499809
vn 0.6078385 0.003921509 0.794051
vn 0.6078385 0.003921509 0.794051
vn 0.6078385 0.003921509 0.794051
vn 0.6078385 0.003921509 0.794051
vn -0.6313677 0.003921509 0.7754737
vn -0.6313677 0.003921509 0.7754737
vn -0.6313677 0.003921509 0.7754737
vn -0.6313677 0.003921509 0.7754737
vn 0.9843062 0.003921509 0.17642535
vn 0.9843062 0.003921509 0.17642535
vn 0.9843062 0.003921509 0.17642535
vn 0.9843062 0.003921509 0.17642535
vn 0.93724775 0.003921509 -0.34864205
vn 0.93724775 0.003921509 -0.34864205
vn 0.93724775 0.003921509 -0.34864205
vn 0.93724775 0.003921509 -0.34864205
vn -0.82744455 0.003921509 -0.56153375
vn -0.82744455 0.003921509 -0.56153375
vn -0.82744455 0.003921509 -0.56153375
vn -0.82744455 0.003921509 -0.56153375
vn -0.050979972 0.003921509 -0.998692
vn -0.050979972 0.003921509 -0.998692
vn -0.050979972 0.003921509 -0.998692
vn -0.050979972 0.003921509 -0.998692
vn -0.7725431 0.003921509 0.6349503
vn -0.7725431 0.003921509 0.6349503
vn -0.7725431 0.003921509 0.6349503
vn -0.7725431 0.003921509 0.6349503
vn 0.34901696 0.003921509 -0.9371082
vn 0.34901696 0.003921509 -0.9371082
vn 0.34901696 0.003921509 -0.9371082
vn 0.34901696 0.003921509 -0.9371082
vn 0.2705862 0.003921509 0.96268773
vn 0.2705862 0.003921509 0.96268773
vn 0.2705862 0.003921509 0.96268773
vn 0.2705862 0.003921509 0.96268773
vn -0.42744768 0.003921509 -0.9040316
vn -0.42744768 0.003921509 -0.9040316
vn -0.42744768 0.003921509 -0.9040316
vn -0.42744768 0.003921509 -0.9040316
vn 0.8901893 0.003921509 0.455574
vn 0.8901893 0.003921509 0.455574
vn 0.8901893 0.003921509 0.455574
vn 0.8901893 0.003921509 0.455574
vn -0.2862723 0.003921509 0.9581403
vn -0.2862723 0.003921509 0.9581403
vn -0.2862723 0.003921509 0.9581403
vn -0.2862723 0.003921509 0.9581403
vn 0.76470006 0.003921509 -0.6443745
vn 0.76470006 0.003921509 -0.6443745
vn 0.76470006 0.003921509 -0.6443745
vn 0.76470006 0.003921509 -0.6443745
vn -0.9607769 0.003921509 0.27729464
vn -0.9607769 0.003921509 0.27729464
vn -0.9607769 0.003921509 0.27729464
vn -0.9607769 0.003921509 0.27729464
vn 0.9999924 0.003921509 -0
vn 0.9999924 0.003921509 -0
vn 0.9999924 0.003921509 -0
vn 0.9999924 0.003921509 -0
vn -0.65489686 0.003921509 -0.7557081
vn -0.65489686 0.003921509 -0.7557081
vn -0.65489686 0.003921509 -0.7557081
vn -0.65489686 0.003921509 -0.7557081
vn 0.6470539 0.003921509 -0.7624342
vn 0.6470539 0.003921509 -0.7624342
vn 0.6470539 0.003921509 -0.7624342
vn 0.6470539 0.003921509 -0.7624342
vn -0.098038435 0.003921509 0.9951749
vn -0.098038435 0.003921509 0.9951749
vn -0.098038435 0.003921509 0.9951749
vn -0.098038435 0.003921509 0.9951749
vn 0.76470006 0.003921509 0.6443745
vn 0.76470006 0.003921509 0.6443745
vn 0.76470006 0.003921509 0.6443745
vn 0.76470006 0.003921509 0.6443745
vn -0.88234615 0.003921509 0.47058466
vn -0.88234615 0.003921509 0.47058466
vn -0.88234615 0.003921509 0.47058466
vn -0.88234615 0.003921509 0.47058466
vn 0.16078311 0.003921509 -0.986982
vn 0.16078311 0.003921509 -0.986982
vn 0.16078311 0.003921509 -0.986982
vn 0.16078311 0.003921509 -0.986982
vn -0.99214923 0.003921509 -0.12499809
vn -0.99214923 0.003921509 -0.12499809
vn -0.99214923 0.003921509 -0.12499809
vn -0.99214923 0.003921509 -0.12499809
vn -0.8980323 0.003921509 -0.439912
vn -0.8980323 0.003921509 -0.439912
vn -0.8980323 0.003921509 -0.439912
vn -0.8980323 0.003921509 -0.439912
vn -0.47450614 0.003921509 0.8802435
vn -0.47450614 0.003921509 0.8802435
vn -0.47450614 0.003921509 0.8802435
vn -0.47450614 0.003921509 0.8802435
vn 0.86666006 0.003921509 -0.49888372
vn 0.86666006 0.003921509 -0.49888372
vn 0.86666006 0.003921509 -0.49888372
vn 0.86666006 0.003921509 -0.49888372
vn -0.262743 0.003921509 -0.9648579
vn -0.262743 0.003921509 -0.9648579
vn -0.262743 0.003921509 -0.9648579
vn -0.262743 0.003921509 -0.9648579
vn 0.49803543 0.003921509 -0.8671478
vn 0.49803543 0.003921509 -0.8671478
vn 0.49803543 0.003921509 -0.8671478
vn 0.49803543 0.003921509 -0.8671478
vn 0.09019542 0.003921509 0.99591637
vn 0.09019542 0.003921509 0.99591637
vn 0.09019542 0.003921509 0.99591637
vn 0.09019542 0.003921509 0.99591637
vn 0.4431339 0.003921509 0.8964469
vn 0.4431339 0.003921509 0.8964469
vn 0.4431339 0.003921509 0.8964469
vn 0.4431339 0.003921509 0.8964469
vn -0.5450938 0.003921509 -0.8383659
vn -0.5450938 0.003921509 -0.8383659
vn -0.5450938 0.003921509 -0.8383659
vn -0.5450938 0.003921509 -0.8383659
vn 0.97646314 0.003921509 -0.21564874
vn 0.97646314 0.003921509 -0.21564874
vn 0.97646314 0.003921509 -0.21564874
vn 0.97646314 0.003921509 -0.21564874
vn 0.9529339 0.003921509 0.30315277
vn 0.9529339 0.003921509 0.30315277
vn 0.9529339 0.003921509 0.30315277
vn 0.9529339 0.003921509 0.30315277
vn -0.74117076 0.003921509 -0.67130506
vn -0.74117076 0.003921509 -0.67130506
vn -0.74117076 0.003921509 -0.67130506
vn -0.74117076 0.003921509 -0.67130506
vn 0.0039215684 0.99999225 -0.00034526698
vn 0.0039215684 0.99999225 -0.00034526698
vn 0.0039215684 0.99999225 -0.00034526698
vn 0.0039215684 0.99999225 -0.00034526698
vn 0.0039215684 0.99999225 -0.00034526698
vn 0.0039215684 0.99999225 -0.00034526698
vn 0.0039215684 0.99999225 -0.00034526698
vn 0.0039215684 0.99999225 -0.00034526698
vn -0.003921509 0.99999225 -0.00034526698
vn -0.003921509 0.99999225 -0.00034526698
vn -0.003921509 0.99999225 -0.00034526698
vn -0.003921509 0.99999225 -0.00034526698
vn -0.003921509 0.99999225 -0.00034526698
vn -0.003921509 0.99999225 -0.00034526698
vn -0.003921509 0.99999225 -0.00034526698
vn -0.003921509 0.99999225 -0.00034526698
vn 0.0039215684 0.99999225 -0.00034526698
vn 0.0039215684 0.99999225 -0.00034526698
vn 0.0039215684 0.99999225 -0.00034526698
vn 0.0039215684 0.99999225 -0.00034526698
vn -0.003921509 0.99999225 -0.00034526698
vn -0.003921509 0.99999225 -0.00034526698
vn -0.003921509 0.99999225 -0.00034526698
vn -0.003921509 0.99999225 -0.00034526698
vn 0.0039215684 0.99999225 -0.00034526698
vn 0.0039215684 0.99999225 -0.00034526698
vn 0.0039215684 0.99999225 -0.00034526698
vn 0.0039215684 0.99999225 -0.00034526698
vn -0.003921509 0.99999225 -0.00034526698
vn -0.003921509 0.99999225 -0.00034526698
vn -0.003921509 0.99999225 -0.00034526698
vn -0.003921509 0.99999225 -0.00034526698
vn -0.003921509 0.99999225 -0.00034526698
vn -0.003921509 0.99999225 -0.00034526698
vn -0.003921509 0.99999225 -0.00034526698
vn -0.003921509 0.99999225 -0.00034526698
vn -0.003921509 0.99999225 -0.00034526698
vn -0.003921509 0.99999225 -0.00034526698
vn -0.003921509 0.99999225 -0.00034526698
vn -0.003921509 0.99999225 -0.00034526698
vn -0.003921509 0.99999225 -0.00034526698
vn -0.003921509 0.99999225 -0.00034526698
vn -0.003921509 0.99999225 -0.00034526698
vn -0.003921509 0.99999225 -0.00034526698
vn 0.0039215684 0.99999225 -0.00034526698
vn 0.0039215684 0.99999225 -0.00034526698
vn 0.0039215684 0.99999225 -0.00034526698
vn 0.0039215684 0.99999225 -0.00034526698
vn -0.003921509 0.99999225 -0.00034526698
vn -0.003921509 0.99999225 -0.00034526698
vn -0.003921509 0.99999225 -0.00034526698
vn -0.003921509 0.99999225 -0.00034526698
vn -0.003921509 0.99999225 -0.00034526698
vn -0.003921509 0.99999225 -0.00034526698
vn -0.003921509 0.99999225 -0.00034526698
vn -0.003921509 0.99999225 -0.00034526698
vn -0.003921509 0.99999225 -0.00034526698
vn -0.003921509 0.99999225 -0.00034526698
vn -0.003921509 0.99999225 -0.00034526698
vn -0.003921509 0.99999225 -0.00034526698
vn 0.0039215684 0.99999225 -0.00034526698
vn 0.0039215684 0.99999225 -0.00034526698
vn 0.0039215684 0.99999225 -0.00034526698
vn 0.0039215684 0.99999225 -0.00034526698
vn -0.003921509 0.99999225 -0.00034526698
vn -0.003921509 0.99999225 -0.00034526698
vn -0.003921509 0.99999225 -0.00034526698
vn -0.003921509 0.99999225 -0.00034526698
vn 0.0039215684 0.99999225 -0.00034526698
vn 0.0039215684 0.99999225 -0.00034526698
vn 0.0039215684 0.99999225 -0.00034526698
vn 0.0039215684 0.99999225 -0.00034526698
vn -0.003921509 0.99999225 -0.00034526698
vn -0.003921509 0.99999225 -0.00034526698
vn -0.003921509 0.99999225 -0.00034526698
vn -0.003921509 0.99999225 -0.00034526698
vn -0.003921509 0.99999225 -0.00034526698
vn -0.003921509 0.99999225 -0.00034526698
vn -0.003921509 0.99999225 -0.00034526698
vn -0.003921509 0.99999225 -0.00034526698
vn -0.003921509 0.99999225 -0.00034526698
vn -0.003921509 0.99999225 -0.00034526698
vn -0.003921509 0.99999225 -0.00034526698
vn -0.003921509 0.99999225 -0.00034526698
vn 0.0039215684 0.99999225 -0.00034526698
vn 0.0039215684 0.99999225 -0.00034526698
vn 0.0039215684 0.99999225 -0.00034526698
vn 0.0039215684 0.99999225 -0.00034526698
vn -0.003921509 0.99999225 -0.00034526698
vn -0.003921509 0.99999225 -0.00034526698
vn -0.003921509 0.99999225 -0.00034526698
vn -0.003921509 0.99999225 -0.00034526698
vn -0.003921509 0.99999225 -0.00034526698
vn -0.003921509 0.99999225 -0.00034526698
vn -0.003921509 0.99999225 -0.00034526698
vn -0.003921509 0.99999225 -0.00034526698
vn 0.0039215684 0.99999225 -0.00034526698
vn 0.0039215684 0.99999225 -0.00034526698
vn 0.0039215684 0.99999225 -0.00034526698
vn 0.0039215684 0.99999225 -0.00034526698
vn -0.003921509 0.99999225 -0.00034526698
vn -0.003921509 0.99999225 -0.00034526698
vn -0.003921509 0.99999225 -0.00034526698
vn -0.003921509 0.99999225 -0.00034526698
vn -0.003921509 0.99999225 -0.00034526698
vn -0.003921509 0.99999225 -0.00034526698
vn -0.003921509 0.99999225 -0.00034526698
vn -0.003921509 0.99999225 -0.00034526698
vn 0.0039215684 0.99999225 -0.00034526698
vn 0.0039215684 0.99999225 -0.00034526698
vn 0.0039215684 0.99999225 -0.00034526698
vn 0.0039215684 0.99999225 -0.00034526698
vn -0.003921509 0.99999225 -0.00034526698
vn -0.003921509 0.99999225 -0.00034526698
vn -0.003921509 0.99999225 -0.00034526698
vn -0.003921509 0.99999225 -0.00034526698
vn -0.003921509 0.99999225 -0.00034526698
vn -0.003921509 0.99999225 -0.00034526698
vn -0.003921509 0.99999225 -0.00034526698
vn -0.003921509 0.99999225 -0.00034526698
vn -0.003921509 0.99999225 -0.00034526698
vn -0.003921509 0.99999225 -0.00034526698
vn -0.003921509 0.99999225 -0.00034526698
vn -0.003921509 0.99999225 -0.00034526698
vn 0.0039215684 0.99999225 -0.00034526698
vn 0.0039215684 0.99999225 -0.00034526698
vn 0.0039215684 0.99999225 -0.00034526698
vn 0.0039215684 0.99999225 -0.00034526698
vn -0.003921509 0.99999225 -0.00034526698
vn -0.003921509 0.99999225 -0.00034526698
vn -0.003921509 0.99999225 -0.00034526698
vn -0.003921509 0.99999225 -0.00034526698
vn -0.003921509 0.99999225 -0.00034526698
vn -0.003921509 0.99999225 -0.00034526698
vn -0.003921509 0.99999225 -0.00034526698
vn -0.003921509 0.99999225 -0.00034526698
vn -0.003921509 0.99999225 -0.00034526698
vn -0.003921509 0.99999225 -0.00034526698
vn -0.003921509 0.99999225 -0.00034526698
vn -0.003921509 0.99999225 -0.00034526698
vn 0.59215236 0.70979846 0.38149932
vn 0.59999543 0.70979846 0.36904147
vn 0.66274005 0.70979846 0.23866665
vn 0.49019235 0.70979846 0.5058632
vn 0.49019235 0.70979846 0.5058632
vn 0.6392108 0.70979846 0.2959657
vn 0.69411236 0.7019553 0.1595831
vn 0.36470312 0.70979846 0.60264236
vn 0.38038927 0.70979846 0.59286606
vn 0.26274312 0.70979846 0.6535688
vn 0.18431234 0.7176415 0.67157996
vn 0.11372465 0.70979846 0.6951639
vn 0.70195544 0.70979846 0.058691327
vn 0.69411236 0.7176415 0.056557428
vn 0.70195544 0.70979846 -0.058691327
vn 0.7097985 0.7019553 -0.058692593
vn -0.02745068 0.7254846 0.68769073
vn -0.003921509 0.70979846 0.7043939
vn -0.12941074 0.7333276 0.6674455
vn 0.6705831 0.7176415 -0.18790677
vn 0.6784262 0.7019553 -0.21678704
vn 0.6470539 0.70979846 -0.27840146
vn 0.6078385 0.7176415 -0.3398869
vn 0.5686231 0.70979846 -0.415757
vn -0.25489998 0.7333276 0.63028294
vn -0.27058613 0.70979846 0.6503609
vn -0.37254608 0.7333276 0.56871784
vn 0.49019235 0.7176415 -0.4946738
vn 0.49803543 0.70979846 -0.49814337
vn 0.41176158 0.70979846 -0.571523
vn 0.34901696 0.7176415 -0.6026424
vn 0.29411542 0.70979846 -0.6400643
vn 0.18431234 0.70979846 -0.679864
vn 0.17646927 0.70979846 -0.68194187
vn -0.466663 0.74117076 0.48258832
vn -0.50587845 0.70979846 0.49017662
vn -0.5607799 0.7333276 0.384391
vn 0.035293877 0.70979846 -0.70352006
vn 0.035293877 0.70979846 -0.70352006
vn -0.6156815 0.7333276 0.2883866
vn -0.65489686 0.70979846 0.25941524
vn -0.66274 0.7333276 0.15167814
vn -0.67842615 0.7254846 0.11580169
vn -0.70979846 0.7019553 0.058693103
vn -0.6941123 0.7176415 -0.056558482
vn -0.6941123 0.70979846 -0.11997618
vn -0.11372459 0.70979846 -0.6951639
vn -0.11372459 0.70979846 -0.6951639
vn -0.670583 0.70979846 -0.21564916
vn -0.66274 0.7019553 -0.26083413
vn -0.6156815 0.70979846 -0.3422315
vn -0.6078384 0.70979846 -0.35597563
vn -0.5529369 0.70979846 -0.43640223
vn -0.24705684 0.70979846 -0.6596583
vn -0.23137069 0.70979846 -0.66532224
vn -0.34117377 0.70979846 -0.6162683
vn -0.38823223 0.7176415 -0.5781578
vn -0.42744768 0.70979846 -0.55988806
vn -0.4980353 0.7176415 -0.48677668
vn -0.4901923 0.70979846 -0.50586325
vn 0.41960466 0.41960454 -0.8049
vn 0.9921493 0.011764526 -0.12450453
vn 0.9996234 0.027440554 -0
vn 0.09019542 0.0901953 -0.9918314
vn 0.9977852 0.066518985 -0
vn 0.9843062 -0.011764646 0.17607632
vn -0.035293818 0.3490169 -0.93645155
vn -0.05882299 0.9607769 -0.27101204
vn -0.2941153 -0.0274508 -0.9553757
vn -0.62352455 0.39607537 -0.67404854
vn -0.9764631 0.12156761 -0.1781606
vn -0.99214923 0.003921509 0.12499809
vn -0.8967644 0.4425082 -0
vn -0.9450908 0.27058613 0.18326637
vn -0.050979972 0.68626916 0.72555894
vn 0.066666186 0.79607224 0.60151863
vn -0.85097384 0.19999838 0.48563787
vn -0.0901953 0.21568453 0.97228855
vn 0.0274508 0.27842915 0.9600644
vn 0.121567726 0.011764526 0.9925134
vn 0.69411236 0.098038435 0.7131595
vn 0.043136954 0.9607769 -0.27394688
vn 0.5133428 0.8581836 -0
vn 0.86666006 0.4901923 0.09280018
vn 0.9529339 0.18431222 0.24071972
vn 0.9215616 0.0901953 0.37760964
g AceDragon_Charge_Tip_0
f 3/3/3 2/2/2 1/1/1
f 6/6/6 5/5/5 4/4/4
f 9/9/9 8/8/8 7/7/7
f 12/12/12 11/11/11 10/10/10
f 15/15/15 14/14/14 13/13/13
f 18/18/18 17/17/17 16/16/16
f 21/21/21 20/20/20 19/19/19
f 24/24/24 23/23/23 22/22/22
f 27/27/27 26/26/26 25/25/25
f 30/30/30 29/29/29 28/28/28
f 33/33/33 32/32/32 31/31/31
f 36/36/36 35/35/35 34/34/34
f 39/39/39 38/38/38 37/37/37
f 42/42/42 41/41/41 40/40/40
f 45/45/45 44/44/44 43/43/43
f 48/48/48 47/47/47 46/46/46
f 51/51/51 50/50/50 49/49/49
f 54/54/54 53/53/53 52/52/52
f 57/57/57 56/56/56 55/55/55
f 60/60/60 59/59/59 58/58/58
f 63/63/63 62/62/62 61/61/61
f 66/66/66 65/65/65 64/64/64
f 69/69/69 68/68/68 67/67/67
f 72/72/72 71/71/71 70/70/70
f 75/75/75 74/74/74 73/73/73
f 78/78/78 77/77/77 76/76/76
f 81/81/81 80/80/80 79/79/79
f 84/84/84 83/83/83 82/82/82
f 87/87/87 86/86/86 85/85/85
f 90/90/90 89/89/89 88/88/88
f 93/93/93 92/92/92 91/91/91
f 92/92/92 93/93/93 94/94/94
f 95/95/95 93/93/93 92/92/92
f 96/96/96 95/95/95 92/92/92
f 97/97/97 95/95/95 96/96/96
f 98/98/98 95/95/95 97/97/97
f 97/97/97 96/96/96 99/99/99
f 98/98/98 100/100/100 95/95/95
f 100/100/100 101/101/101 95/95/95
f 95/95/95 101/101/101 102/102/102
f 103/103/103 102/102/102 101/101/101
f 102/102/102 103/103/103 104/104/104
f 103/103/103 101/101/101 105/105/105
f 105/105/105 101/101/101 106/106/106
f 102/102/102 104/104/104 107/107/107
f 106/106/106 101/101/101 108/108/108
f 109/109/109 102/102/102 107/107/107
f 102/102/102 109/109/109 110/110/110
f 109/109/109 107/107/107 111/111/111
f 109/109/109 112/112/112 110/110/110
f 113/113/113 110/110/110 112/112/112
f 113/113/113 114/114/114 110/110/110
f 108/108/108 101/101/101 115/115/115
f 116/116/116 108/108/108 115/115/115
f 116/116/116 115/115/115 117/117/117
f 118/118/118 116/116/116 117/117/117
f 101/101/101 119/119/119 115/115/115
f 117/117/117 115/115/115 119/119/119
f 114/114/114 120/120/120 110/110/110
f 121/121/121 120/120/120 114/114/114
f 118/118/118 117/117/117 122/122/122
f 122/122/122 123/123/123 118/118/118
f 124/124/124 119/119/119 101/101/101
f 124/124/124 101/101/101 100/100/100
f 120/120/120 121/121/121 125/125/125
f 125/125/125 121/121/121 126/126/126
f 120/120/120 125/125/125 127/127/127
f 125/125/125 128/128/128 127/127/127
f 129/129/129 128/128/128 125/125/125
f 128/128/128 129/129/129 130/130/130
f 131/131/131 127/127/127 128/128/128
f 132/132/132 129/129/129 125/125/125
f 133/133/133 127/127/127 131/131/131
f 133/133/133 134/134/134 127/127/127
f 135/135/135 132/132/132 125/125/125
f 134/134/134 136/136/136 127/127/127
f 127/127/127 136/136/136 137/137/137
f 136/136/136 138/138/138 137/137/137
f 137/137/137 139/139/139 127/127/127
f 140/140/140 127/127/127 139/139/139
f 140/140/140 141/141/141 127/127/127
f 135/135/135 125/125/125 142/142/142
f 142/142/142 143/143/143 135/135/135
f 143/143/143 142/142/142 144/144/144
f 142/142/142 145/145/145 144/144/144
f 125/125/125 146/146/146 142/142/142
f 146/146/146 145/145/145 142/142/142
f 147/147/147 144/144/144 145/145/145
f 148/148/148 144/144/144 147/147/147
f 148/148/148 147/147/147 149/149/149
f 149/149/149 150/150/150 148/148/148
f 147/147/147 145/145/145 151/151/151
f 147/147/147 151/151/151 149/149/149
f 141/141/141 152/152/152 127/127/127
f 141/141/141 153/153/153 152/152/152
f 154/154/154 153/153/153 141/141/141
f 153/153/153 154/154/154 155/155/155
f 155/155/155 154/154/154 156/156/156
f 153/153/153 155/155/155 157/157/157
f 155/155/155 158/158/158 157/157/157
f 159/159/159 158/158/158 155/155/155
f 158/158/158 159/159/159 160/160/160
f 161/161/161 157/157/157 158/158/158
f 162/162/162 159/159/159 155/155/155
f 163/163/163 157/157/157 161/161/161
f 163/163/163 164/164/164 157/157/157
f 165/165/165 162/162/162 155/155/155
f 164/164/164 166/166/166 157/157/157
f 157/157/157 166/166/166 167/167/167
f 166/166/166 168/168/168 167/167/167
f 167/167/167 169/169/169 157/157/157
f 170/170/170 157/157/157 169/169/169
f 170/170/170 171/171/171 157/157/157
f 171/171/171 172/172/172 157/157/157
f 173/173/173 172/172/172 171/171/171
f 165/165/165 155/155/155 174/174/174
f 174/174/174 175/175/175 165/165/165
f 175/175/175 174/174/174 176/176/176
f 177/177/177 172/172/172 173/173/173
f 178/178/178 177/177/177 173/173/173
f 178/178/178 173/173/173 179/179/179
f 177/177/177 180/180/180 172/172/172
f 180/180/180 181/181/181 172/172/172
f 180/180/180 182/182/182 181/181/181
f 183/183/183 181/181/181 182/182/182
f 184/184/184 181/181/181 183/183/183
f 184/184/184 185/185/185 181/181/181
f 185/185/185 186/186/186 181/181/181
f 181/181/181 186/186/186 187/187/187
f 186/186/186 188/188/188 187/187/187
f 187/187/187 189/189/189 181/181/181
f 190/190/190 181/181/181 189/189/189
f 190/190/190 191/191/191 181/181/181
f 191/191/191 192/192/192 181/181/181
f 181/181/181 192/192/192 193/193/193
f 192/192/192 194/194/194 193/193/193
f 192/192/192 195/195/195 194/194/194
f 193/193/193 196/196/196 181/181/181
f 193/193/193 194/194/194 197/197/197
f 196/196/196 193/193/193 198/198/198
f 198/198/198 193/193/193 197/197/197
f 197/197/197 194/194/194 199/199/199
f 197/197/197 199/199/199 200/200/200
f 198/198/198 197/197/197 200/200/200
f 201/201/201 198/198/198 200/200/200
f 201/201/201 202/202/202 198/198/198
f 199/199/199 203/203/203 200/200/200
f 201/201/201 200/200/200 203/203/203
f 194/194/194 204/204/204 199/199/199
f 194/194/194 205/205/205 204/204/204
f 195/195/195 205/205/205 194/194/194
f 195/195/195 206/206/206 205/205/205
f 205/205/205 207/207/207 204/204/204
f 206/206/206 207/207/207 205/205/205
f 206/206/206 195/195/195 208/208/208
f 195/195/195 209/209/209 208/208/208
f 210/210/210 206/206/206 208/208/208
f 202/202/202 211/211/211 198/198/198
f 198/198/198 211/211/211 196/196/196
f 211/211/211 212/212/212 196/196/196
f 212/212/212 211/211/211 202/202/202
f 206/206/206 213/213/213 207/207/207
f 214/214/214 207/207/207 213/213/213
f 212/212/212 215/215/215 196/196/196
f 215/215/215 181/181/181 196/196/196
f 210/210/210 216/216/216 206/206/206
f 213/213/213 206/206/206 217/217/217
f 217/217/217 206/206/206 216/216/216
f 214/214/214 213/213/213 218/218/218
f 218/218/218 213/213/213 217/217/217
f 218/218/218 219/219/219 214/214/214
f 219/219/219 218/218/218 217/217/217
f 219/219/219 220/220/220 214/214/214
f 219/219/219 221/221/221 220/220/220
f 221/221/221 222/222/222 220/220/220
f 223/223/223 221/221/221 219/219/219
f 223/223/223 224/224/224 221/221/221
f 219/219/219 217/217/217 225/225/225
f 223/223/223 219/219/219 225/225/225
f 226/226/226 216/216/216 210/210/210
f 227/227/227 226/226/226 210/210/210
f 226/226/226 227/227/227 228/228/228
f 228/228/228 229/229/229 226/226/226
f 228/228/228 230/230/230 229/229/229
f 230/230/230 231/231/231 229/229/229
f 232/232/232 224/224/224 223/223/223
f 223/223/223 225/225/225 232/232/232
f 217/217/217 233/233/233 225/225/225
f 217/217/217 216/216/216 233/233/233
f 234/234/234 232/232/232 225/225/225
f 232/232/232 234/234/234 224/224/224
f 234/234/234 225/225/225 233/233/233
f 235/235/235 216/216/216 226/226/226
f 229/229/229 235/235/235 226/226/226
f 236/236/236 233/233/233 216/216/216
f 235/235/235 236/236/236 216/216/216
f 233/233/233 237/237/237 234/234/234
f 236/236/236 237/237/237 233/233/233
f 235/235/235 238/238/238 236/236/236
f 238/238/238 237/237/237 236/236/236
f 239/239/239 234/234/234 237/237/237
f 239/239/239 224/224/224 234/234/234
f 237/237/237 240/240/240 239/239/239
f 240/240/240 237/237/237 238/238/238
f 235/235/235 241/241/241 238/238/238
f 229/229/229 241/241/241 235/235/235
f 224/224/224 239/239/239 242/242/242
f 239/239/239 243/243/243 242/242/242
f 244/244/244 243/243/243 239/239/239
f 244/244/244 245/245/245 243/243/243
f 245/245/245 246/246/246 243/243/243
f 247/247/247 244/244/244 239/239/239
f 247/247/247 239/239/239 248/248/248
f 249/249/249 248/248/248 239/239/239
f 249/249/249 239/239/239 250/250/250
f 224/224/224 242/242/242 251/251/251
f 224/224/224 251/251/251 252/252/252
f 224/224/224 252/252/252 221/221/221
f 251/251/251 253/253/253 252/252/252
f 251/251/251 254/254/254 253/253/253
f 254/254/254 255/255/255 253/253/253
f 256/256/256 255/255/255 254/254/254
f 221/221/221 252/252/252 257/257/257
f 221/221/221 257/257/257 251/251/251
f 257/257/257 254/254/254 251/251/251
f 258/258/258 257/257/257 255/255/255
f 258/258/258 255/255/255 256/256/256
f 257/257/257 258/258/258 254/254/254
f 259/259/259 251/251/251 242/242/242
f 259/259/259 242/242/242 243/243/243
f 251/251/251 259/259/259 260/260/260
f 251/251/251 260/260/260 221/221/221
f 261/261/261 259/259/259 243/243/243
f 243/243/243 262/262/262 261/261/261
f 263/263/263 262/262/262 243/243/243
f 264/264/264 263/263/263 243/243/243
f 264/264/264 243/243/243 265/265/265
f 265/265/265 266/266/266 264/264/264
f 221/221/221 260/260/260 267/267/267
f 268/268/268 267/267/267 260/260/260
f 268/268/268 264/264/264 269/269/269
f 264/264/264 266/266/266 269/269/269
f 268/268/268 269/269/269 267/267/267
f 267/267/267 270/270/270 221/221/221
f 221/221/221 270/270/270 222/222/222
f 266/266/266 271/271/271 269/269/269
f 272/272/272 269/269/269 271/271/271
f 267/267/267 269/269/269 272/272/272
f 270/270/270 267/267/267 272/272/272
f 266/266/266 273/273/273 271/271/271
f 274/274/274 222/222/222 270/270/270
f 274/274/274 270/270/270 272/272/272
f 266/266/266 275/275/275 273/273/273
f 266/266/266 276/276/276 275/275/275
f 276/276/276 277/277/277 275/275/275
f 274/274/274 258/258/258 222/222/222
f 258/258/258 278/278/278 222/222/222
f 279/279/279 273/273/273 275/275/275
f 279/279/279 275/275/275 280/280/280
f 279/279/279 280/280/280 250/250/250
f 281/281/281 279/279/279 250/250/250
f 281/281/281 250/250/250 282/282/282
f 283/283/283 282/282/282 250/250/250
f 284/284/284 273/273/273 279/279/279
f 285/285/285 283/283/283 250/250/250
f 286/286/286 273/273/273 284/284/284
f 286/286/286 284/284/284 287/287/287
f 287/287/287 285/285/285 288/288/288
f 289/289/289 287/287/287 288/288/288
f 285/285/285 250/250/250 290/290/290
f 290/290/290 288/288/288 285/285/285
f 239/239/239 290/290/290 250/250/250
f 239/239/239 291/291/291 290/290/290
f 291/291/291 288/288/288 290/290/290
f 240/240/240 291/291/291 239/239/239
f 292/292/292 273/273/273 286/286/286
f 292/292/292 271/271/271 273/273/273
f 287/287/287 293/293/293 286/286/286
f 292/292/292 286/286/286 293/293/293
f 289/289/289 293/293/293 287/287/287
f 292/292/292 294/294/294 271/271/271
f 292/292/292 293/293/293 294/294/294
f 294/294/294 293/293/293 295/295/295
f 294/294/294 296/296/296 271/271/271
f 294/294/294 297/297/297 296/296/296
f 294/294/294 295/295/295 297/297/297
f 296/296/296 297/297/297 298/298/298
f 289/289/289 299/299/299 293/293/293
f 299/299/299 295/295/295 293/293/293
f 298/298/298 297/297/297 300/300/300
f 300/300/300 297/297/297 295/295/295
f 300/300/300 301/301/301 298/298/298
f 300/300/300 302/302/302 301/301/301
f 302/302/302 300/300/300 295/295/295
f 302/302/302 295/295/295 303/303/303
f 304/304/304 302/302/302 303/303/303
f 305/305/305 302/302/302 304/304/304
f 301/301/301 306/306/306 298/298/298
f 307/307/307 295/295/295 299/299/299
f 303/303/303 295/295/295 307/307/307
f 305/305/305 304/304/304 308/308/308
f 305/305/305 308/308/308 309/309/309
f 310/310/310 305/305/305 309/309/309
f 309/309/309 311/311/311 310/310/310
f 312/312/312 311/311/311 309/309/309
f 306/306/306 312/312/312 309/309/309
f 306/306/306 309/309/309 313/313/313
f 313/313/313 314/314/314 306/306/306
f 306/306/306 314/314/314 298/298/298
f 315/315/315 298/298/298 314/314/314
f 315/315/315 314/314/314 316/316/316
f 315/315/315 316/316/316 317/317/317
f 315/315/315 318/318/318 298/298/298
f 318/318/318 296/296/296 298/298/298
f 318/318/318 319/319/319 296/296/296
f 320/320/320 296/296/296 319/319/319
f 321/321/321 318/318/318 315/315/315
f 321/321/321 315/315/315 322/322/322
f 321/321/321 322/322/322 323/323/323
f 324/324/324 321/321/321 323/323/323
f 324/324/324 323/323/323 325/325/325
f 326/326/326 325/325/325 323/323/323
f 327/327/327 318/318/318 321/321/321
f 328/328/328 326/326/326 323/323/323
f 329/329/329 318/318/318 327/327/327
f 319/319/319 318/318/318 329/329/329
f 329/329/329 327/327/327 330/330/330
f 330/330/330 328/328/328 331/331/331
f 332/332/332 330/330/330 331/331/331
f 330/330/330 333/333/333 329/329/329
f 319/319/319 329/329/329 333/333/333
f 332/332/332 333/333/333 330/330/330
f 319/319/319 333/333/333 334/334/334
f 328/328/328 323/323/323 335/335/335
f 335/335/335 331/331/331 328/328/328
f 336/336/336 335/335/335 323/323/323
f 337/337/337 336/336/336 323/323/323
f 337/337/337 338/338/338 336/336/336
f 339/339/339 336/336/336 338/338/338
f 339/339/339 340/340/340 336/336/336
f 336/336/336 341/341/341 335/335/335
f 341/341/341 331/331/331 335/335/335
f 332/332/332 342/342/342 333/333/333
f 342/342/342 334/334/334 333/333/333
f 340/340/340 309/309/309 336/336/336
f 340/340/340 343/343/343 309/309/309
f 343/343/343 344/344/344 309/309/309
f 336/336/336 309/309/309 308/308/308
f 345/345/345 336/336/336 308/308/308
f 345/345/345 308/308/308 304/304/304
f 346/346/346 332/332/332 331/331/331
f 346/346/346 331/331/331 347/347/347
f 348/348/348 346/346/346 347/347/347
f 349/349/349 332/332/332 346/346/346
f 348/348/348 350/350/350 346/346/346
f 331/331/331 349/349/349 351/351/351
f 347/347/347 331/331/331 351/351/351
f 347/347/347 351/351/351 350/350/350
f 341/341/341 349/349/349 331/331/331
f 332/332/332 349/349/349 341/341/341
f 341/341/341 352/352/352 332/332/332
f 352/352/352 342/342/342 332/332/332
f 353/353/353 341/341/341 336/336/336
f 353/353/353 352/352/352 341/341/341
f 348/348/348 354/354/354 350/350/350
f 354/354/354 347/347/347 350/350/350
f 355/355/355 336/336/336 345/345/345
f 356/356/356 353/353/353 336/336/336
f 356/356/356 336/336/336 355/355/355
f 352/352/352 357/357/357 342/342/342
f 353/353/353 358/358/358 352/352/352
f 358/358/358 357/357/357 352/352/352
f 358/358/358 353/353/353 359/359/359
f 353/353/353 356/356/356 360/360/360
f 359/359/359 353/353/353 360/360/360
f 361/361/361 357/357/357 358/358/358
f 358/358/358 359/359/359 361/361/361
f 342/342/342 357/357/357 362/362/362
f 150/150/150 357/357/357 361/361/361
f 357/357/357 150/150/150 362/362/362
f 361/361/361 156/156/156 150/150/150
f 149/149/149 362/362/362 150/150/150
f 156/156/156 361/361/361 363/363/363
f 359/359/359 363/363/363 361/361/361
f 155/155/155 156/156/156 363/363/363
f 359/359/359 364/364/364 363/363/363
f 155/155/155 363/363/363 364/364/364
f 360/360/360 364/364/364 359/359/359
f 155/155/155 364/364/364 365/365/365
f 365/365/365 364/364/364 360/360/360
f 155/155/155 365/365/365 174/174/174
f 365/365/365 360/360/360 366/366/366
f 360/360/360 356/356/356 366/366/366
f 365/365/365 367/367/367 174/174/174
f 365/365/365 366/366/366 367/367/367
f 174/174/174 367/367/367 176/176/176
f 366/366/366 356/356/356 368/368/368
f 366/366/366 368/368/368 367/367/367
f 356/356/356 355/355/355 368/368/368
f 369/369/369 176/176/176 367/367/367
f 370/370/370 176/176/176 369/369/369
f 367/367/367 368/368/368 371/371/371
f 369/369/369 367/367/367 371/371/371
f 368/368/368 355/355/355 371/371/371
f 370/370/370 369/369/369 372/372/372
f 369/369/369 371/371/371 372/372/372
f 372/372/372 373/373/373 370/370/370
f 355/355/355 374/374/374 371/371/371
f 371/371/371 374/374/374 372/372/372
f 374/374/374 355/355/355 375/375/375
f 355/355/355 345/345/345 375/375/375
f 374/374/374 376/376/376 372/372/372
f 372/372/372 376/376/376 373/373/373
f 374/374/374 375/375/375 376/376/376
f 375/375/375 345/345/345 303/303/303
f 376/376/376 375/375/375 307/307/307
f 375/375/375 303/303/303 307/307/307
f 376/376/376 307/307/307 299/299/299
f 377/377/377 373/373/373 376/376/376
f 299/299/299 377/377/377 376/376/376
f 303/303/303 345/345/345 378/378/378
f 345/345/345 304/304/304 378/378/378
f 303/303/303 378/378/378 379/379/379
f 303/303/303 379/379/379 304/304/304
f 304/304/304 380/380/380 378/378/378
f 304/304/304 288/288/288 380/380/380
f 379/379/379 288/288/288 304/304/304
f 288/288/288 381/381/381 380/380/380
f 379/379/379 289/289/289 288/288/288
f 381/381/381 289/289/289 379/379/379
f 291/291/291 381/381/381 288/288/288
f 289/289/289 381/381/381 291/291/291
f 382/382/382 299/299/299 289/289/289
f 291/291/291 382/382/382 289/289/289
f 382/382/382 377/377/377 299/299/299
f 240/240/240 382/382/382 291/291/291
f 373/373/373 377/377/377 383/383/383
f 383/383/383 384/384/384 373/373/373
f 385/385/385 377/377/377 382/382/382
f 240/240/240 385/385/385 382/382/382
f 383/383/383 377/377/377 385/385/385
f 385/385/385 240/240/240 386/386/386
f 385/385/385 386/386/386 383/383/383
f 386/386/386 240/240/240 238/238/238
f 238/238/238 241/241/241 386/386/386
f 384/384/384 383/383/383 387/387/387
f 386/386/386 387/387/387 383/383/383
f 386/386/386 241/241/241 387/387/387
f 388/388/388 384/384/384 387/387/387
f 388/388/388 387/387/387 241/241/241
f 388/388/388 241/241/241 229/229/229
f 388/388/388 229/229/229 389/389/389
f 389/389/389 390/390/390 388/388/388
f 229/229/229 231/231/231 389/389/389
f 231/231/231 390/390/390 389/389/389
f 390/390/390 231/231/231 391/391/391
f 393/393/393 392/392/392 93/93/93
f 392/392/392 394/394/394 93/93/93
f 392/392/392 92/92/92 93/93/93
f 95/95/95 392/392/392 93/93/93
f 92/92/92 392/392/392 395/395/395
f 396/396/396 92/92/92 395/395/395
f 396/396/396 395/395/395 397/397/397
f 398/398/398 397/397/397 395/395/395
f 395/395/395 399/399/399 398/398/398
f 399/399/399 400/400/400 398/398/398
f 401/401/401 399/399/399 395/395/395
f 402/402/402 401/401/401 395/395/395
f 402/402/402 395/395/395 403/403/403
f 95/95/95 404/404/404 392/392/392
f 395/395/395 392/392/392 404/404/404
f 403/403/403 395/395/395 405/405/405
f 403/403/403 405/405/405 406/406/406
f 407/407/407 406/406/406 405/405/405
f 408/408/408 407/407/407 405/405/405
f 408/408/408 405/405/405 409/409/409
f 408/408/408 410/410/410 407/407/407
f 407/407/407 410/410/410 411/411/411
f 412/412/412 407/407/407 411/411/411
f 413/413/413 410/410/410 408/408/408
f 412/412/412 411/411/411 414/414/414
f 95/95/95 415/415/415 404/404/404
f 95/95/95 102/102/102 415/415/415
f 416/416/416 405/405/405 395/395/395
f 416/416/416 409/409/409 405/405/405
f 417/417/417 406/406/406 407/407/407
f 406/406/406 417/417/417 418/418/418
f 419/419/419 417/417/417 407/407/407
f 420/420/420 417/417/417 419/419/419
f 421/421/421 420/420/420 419/419/419
f 419/419/419 422/422/422 421/421/421
f 422/422/422 419/419/419 423/423/423
f 424/424/424 419/419/419 407/407/407
f 412/412/412 424/424/424 407/407/407
f 419/419/419 425/425/425 423/423/423
f 419/419/419 424/424/424 426/426/426
f 426/426/426 425/425/425 419/419/419
f 427/427/427 423/423/423 425/425/425
f 428/428/428 423/423/423 427/427/427
f 428/428/428 427/427/427 429/429/429
f 429/429/429 430/430/430 428/428/428
f 427/427/427 425/425/425 431/431/431
f 427/427/427 431/431/431 429/429/429
f 426/426/426 424/424/424 432/432/432
f 426/426/426 433/433/433 425/425/425
f 426/426/426 432/432/432 433/433/433
f 433/433/433 434/434/434 425/425/425
f 425/425/425 434/434/434 431/431/431
f 433/433/433 435/435/435 434/434/434
f 432/432/432 435/435/435 433/433/433
f 434/434/434 436/436/436 431/431/431
f 435/435/435 436/436/436 434/434/434
f 435/435/435 437/437/437 436/436/436
f 431/431/431 438/438/438 429/429/429
f 436/436/436 438/438/438 431/431/431
f 438/438/438 439/439/439 429/429/429
f 429/429/429 439/439/439 430/430/430
f 438/438/438 436/436/436 440/440/440
f 438/438/438 440/440/440 439/439/439
f 424/424/424 441/441/441 432/432/432
f 424/424/424 412/412/412 441/441/441
f 442/442/442 435/435/435 432/432/432
f 437/437/437 435/435/435 442/442/442
f 437/437/437 442/442/442 443/443/443
f 444/444/444 442/442/442 432/432/432
f 441/441/441 444/444/444 432/432/432
f 436/436/436 437/437/437 445/445/445
f 436/436/436 445/445/445 440/440/440
f 440/440/440 445/445/445 446/446/446
f 439/439/439 440/440/440 447/447/447
f 440/440/440 446/446/446 447/447/447
f 446/446/446 448/448/448 447/447/447
f 439/439/439 447/447/447 449/449/449
f 447/447/447 448/448/448 449/449/449
f 442/442/442 450/450/450 443/443/443
f 444/444/444 450/450/450 442/442/442
f 449/449/449 451/451/451 439/439/439
f 451/451/451 430/430/430 439/439/439
f 430/430/430 451/451/451 452/452/452
f 452/452/452 453/453/453 430/430/430
f 453/453/453 452/452/452 454/454/454
f 100/100/100 453/453/453 454/454/454
f 100/100/100 454/454/454 124/124/124
f 455/455/455 454/454/454 452/452/452
f 455/455/455 124/124/124 454/454/454
f 452/452/452 451/451/451 456/456/456
f 456/456/456 455/455/455 452/452/452
f 457/457/457 124/124/124 455/455/455
f 119/119/119 124/124/124 457/457/457
f 456/456/456 451/451/451 458/458/458
f 458/458/458 451/451/451 449/449/449
f 458/458/458 449/449/449 459/459/459
f 456/456/456 460/460/460 455/455/455
f 460/460/460 456/456/456 458/458/458
f 455/455/455 460/460/460 457/457/457
f 461/461/461 458/458/458 459/459/459
f 460/460/460 458/458/458 461/461/461
f 459/459/459 449/449/449 462/462/462
f 449/449/449 448/448/448 462/462/462
f 463/463/463 462/462/462 448/448/448
f 119/119/119 457/457/457 464/464/464
f 460/460/460 465/465/465 457/457/457
f 464/464/464 457/457/457 465/465/465
f 464/464/464 466/466/466 119/119/119
f 466/466/466 464/464/464 465/465/465
f 117/117/117 119/119/119 466/466/466
f 465/465/465 460/460/460 467/467/467
f 460/460/460 461/461/461 467/467/467
f 465/465/465 467/467/467 468/468/468
f 465/465/465 468/468/468 466/466/466
f 467/467/467 461/461/461 469/469/469
f 467/467/467 469/469/469 470/470/470
f 471/471/471 470/470/470 469/469/469
f 461/461/461 472/472/472 469/469/469
f 469/469/469 472/472/472 471/471/471
f 117/117/117 466/466/466 473/473/473
f 466/466/466 468/468/468 473/473/473
f 117/117/117 473/473/473 122/122/122
f 471/471/471 474/474/474 470/470/470
f 474/474/474 475/475/475 470/470/470
f 476/476/476 470/470/470 475/475/475
f 477/477/477 471/471/471 472/472/472
f 476/476/476 478/478/478 470/470/470
f 473/473/473 479/479/479 122/122/122
f 468/468/468 479/479/479 473/473/473
f 478/478/478 480/480/480 470/470/470
f 478/478/478 481/481/481 480/480/480
f 479/479/479 482/482/482 122/122/122
f 122/122/122 482/482/482 123/123/123
f 479/479/479 468/468/468 483/483/483
f 479/479/479 483/483/483 482/482/482
f 478/478/478 484/484/484 481/481/481
f 484/484/484 485/485/485 481/481/481
f 486/486/486 484/484/484 478/478/478
f 484/484/484 487/487/487 485/485/485
f 488/488/488 487/487/487 484/484/484
f 489/489/489 484/484/484 486/486/486
f 488/488/488 484/484/484 489/489/489
f 489/489/489 486/486/486 477/477/477
f 488/488/488 489/489/489 462/462/462
f 477/477/477 462/462/462 489/489/489
f 488/488/488 462/462/462 463/463/463
f 488/488/488 463/463/463 487/487/487
f 459/459/459 462/462/462 477/477/477
f 459/459/459 477/477/477 472/472/472
f 482/482/482 483/483/483 490/490/490
f 483/483/483 491/491/491 490/490/490
f 491/491/491 492/492/492 490/490/490
f 490/490/490 493/493/493 482/482/482
f 482/482/482 493/493/493 123/123/123
f 483/483/483 494/494/494 491/491/491
f 468/468/468 494/494/494 483/483/483
f 468/468/468 467/467/467 494/494/494
f 492/492/492 495/495/495 490/490/490
f 490/490/490 495/495/495 493/493/493
f 123/123/123 493/493/493 496/496/496
f 496/496/496 126/126/126 123/123/123
f 126/126/126 496/496/496 497/497/497
f 125/125/125 126/126/126 497/497/497
f 125/125/125 497/497/497 498/498/498
f 125/125/125 498/498/498 146/146/146
f 499/499/499 497/497/497 496/496/496
f 499/499/499 498/498/498 497/497/497
f 496/496/496 493/493/493 500/500/500
f 500/500/500 499/499/499 496/496/496
f 146/146/146 498/498/498 501/501/501
f 501/501/501 498/498/498 499/499/499
f 500/500/500 493/493/493 502/502/502
f 502/502/502 493/493/493 495/495/495
f 502/502/502 495/495/495 503/503/503
f 500/500/500 504/504/504 499/499/499
f 504/504/504 500/500/500 502/502/502
f 499/499/499 504/504/504 501/501/501
f 146/146/146 501/501/501 505/505/505
f 146/146/146 505/505/505 145/145/145
f 501/501/501 506/506/506 505/505/505
f 504/504/504 506/506/506 501/501/501
f 505/505/505 507/507/507 145/145/145
f 505/505/505 506/506/506 507/507/507
f 145/145/145 507/507/507 151/151/151
f 504/504/504 502/502/502 508/508/508
f 508/508/508 502/502/502 503/503/503
f 506/506/506 509/509/509 507/507/507
f 507/507/507 509/509/509 151/151/151
f 506/506/506 504/504/504 510/510/510
f 504/504/504 508/508/508 510/510/510
f 506/506/506 510/510/510 509/509/509
f 503/503/503 495/495/495 511/511/511
f 495/495/495 492/492/492 511/511/511
f 509/509/509 512/512/512 151/151/151
f 151/151/151 512/512/512 149/149/149
f 512/512/512 362/362/362 149/149/149
f 509/509/509 510/510/510 354/354/354
f 510/510/510 508/508/508 513/513/513
f 510/510/510 513/513/513 514/514/514
f 508/508/508 515/515/515 513/513/513
f 513/513/513 515/515/515 516/516/516
f 516/516/516 514/514/514 513/513/513
f 512/512/512 509/509/509 517/517/517
f 512/512/512 517/517/517 362/362/362
f 509/509/509 354/354/354 517/517/517
f 516/516/516 518/518/518 514/514/514
f 518/518/518 519/519/519 514/514/514
f 520/520/520 514/514/514 519/519/519
f 520/520/520 521/521/521 514/514/514
f 522/522/522 516/516/516 515/515/515
f 523/523/523 510/510/510 514/514/514
f 521/521/521 524/524/524 514/514/514
f 523/523/523 525/525/525 510/510/510
f 526/526/526 510/510/510 525/525/525
f 521/521/521 527/527/527 524/524/524
f 526/526/526 528/528/528 510/510/510
f 528/528/528 529/529/529 510/510/510
f 528/528/528 530/530/530 529/529/529
f 530/530/530 531/531/531 529/529/529
f 521/521/521 532/532/532 527/527/527
f 533/533/533 527/527/527 532/532/532
f 534/534/534 532/532/532 521/521/521
f 535/535/535 533/533/533 532/532/532
f 532/532/532 536/536/536 535/535/535
f 537/537/537 532/532/532 534/534/534
f 536/536/536 532/532/532 537/537/537
f 537/537/537 534/534/534 522/522/522
f 536/536/536 537/537/537 511/511/511
f 522/522/522 511/511/511 537/537/537
f 536/536/536 511/511/511 538/538/538
f 538/538/538 535/535/535 536/536/536
f 503/503/503 511/511/511 522/522/522
f 538/538/538 511/511/511 492/492/492
f 503/503/503 522/522/522 515/515/515
f 533/533/533 539/539/539 527/527/527
f 539/539/539 540/540/540 527/527/527
f 541/541/541 527/527/527 540/540/540
f 542/542/542 539/539/539 533/533/533
f 543/543/543 539/539/539 542/542/542
f 542/542/542 529/529/529 543/543/543
f 542/542/542 544/544/544 529/529/529
f 544/544/544 545/545/545 529/529/529
f 529/529/529 545/545/545 546/546/546
f 547/547/547 542/542/542 533/533/533
f 546/546/546 548/548/548 529/529/529
f 549/549/549 547/547/547 533/533/533
f 549/549/549 550/550/550 547/547/547
f 548/548/548 551/551/551 529/529/529
f 510/510/510 529/529/529 551/551/551
f 510/510/510 551/551/551 354/354/354
f 548/548/548 347/347/347 551/551/551
f 354/354/354 551/551/551 347/347/347
f 548/548/548 550/550/550 347/347/347
f 347/347/347 550/550/550 348/348/348
f 517/517/517 354/354/354 348/348/348
f 533/533/533 552/552/552 549/549/549
f 552/552/552 533/533/533 535/535/535
f 550/550/550 549/549/549 334/334/334
f 550/550/550 334/334/334 348/348/348
f 549/549/549 552/552/552 334/334/334
f 517/517/517 348/348/348 553/553/553
f 348/348/348 334/334/334 553/553/553
f 362/362/362 517/517/517 553/553/553
f 362/362/362 553/553/553 342/342/342
f 334/334/334 342/342/342 553/553/553
f 319/319/319 334/334/334 552/552/552
f 552/552/552 535/535/535 319/319/319
f 319/319/319 535/535/535 554/554/554
f 320/320/320 319/319/319 554/554/554
f 535/535/535 555/555/555 554/554/554
f 535/535/535 487/487/487 555/555/555
f 538/538/538 487/487/487 535/535/535
f 556/556/556 487/487/487 538/538/538
f 538/538/538 492/492/492 556/556/556
f 556/556/556 485/485/485 487/487/487
f 557/557/557 556/556/556 492/492/492
f 485/485/485 556/556/556 557/557/557
f 558/558/558 557/557/557 492/492/492
f 558/558/558 492/492/492 491/491/491
f 559/559/559 558/558/558 491/491/491
f 560/560/560 558/558/558 559/559/559
f 557/557/557 558/558/558 561/561/561
f 557/557/557 561/561/561 485/485/485
f 561/561/561 562/562/562 485/485/485
f 487/487/487 563/563/563 555/555/555
f 487/487/487 463/463/463 563/563/563
f 562/562/562 564/564/564 485/485/485
f 564/564/564 481/481/481 485/485/485
f 564/564/564 565/565/565 481/481/481
f 565/565/565 566/566/566 481/481/481
f 567/567/567 564/564/564 562/562/562
f 562/562/562 568/568/568 567/567/567
f 562/562/562 569/569/569 568/568/568
f 569/569/569 570/570/570 568/568/568
f 568/568/568 570/570/570 571/571/571
f 571/571/571 560/560/560 568/568/568
f 560/560/560 572/572/572 568/568/568
f 560/560/560 559/559/559 572/572/572
f 467/467/467 568/568/568 572/572/572
f 494/494/494 572/572/572 559/559/559
f 494/494/494 467/467/467 572/572/572
f 494/494/494 559/559/559 573/573/573
f 491/491/491 494/494/494 573/573/573
f 491/491/491 573/573/573 574/574/574
f 491/491/491 574/574/574 559/559/559
f 559/559/559 575/575/575 573/573/573
f 559/559/559 515/515/515 575/575/575
f 574/574/574 515/515/515 559/559/559
f 515/515/515 576/576/576 575/575/575
f 574/574/574 503/503/503 515/515/515
f 576/576/576 503/503/503 574/574/574
f 508/508/508 576/576/576 515/515/515
f 503/503/503 576/576/576 508/508/508
f 577/577/577 568/568/568 467/467/467
f 577/577/577 578/578/578 568/568/568
f 578/578/578 579/579/579 568/568/568
f 580/580/580 577/577/577 467/467/467
f 581/581/581 580/580/580 467/467/467
f 581/581/581 467/467/467 470/470/470
f 581/581/581 470/470/470 582/582/582
f 585/585/585 584/584/584 583/583/583
f 586/586/586 585/585/585 583/583/583
f 585/585/585 586/586/586 587/587/587
f 588/588/588 585/585/585 587/587/587
f 589/589/589 588/588/588 587/587/587
f 590/590/590 589/589/589 587/587/587
f 591/591/591 586/586/586 583/583/583
f 591/591/591 583/583/583 592/592/592
f 590/590/590 587/587/587 593/593/593
f 594/594/594 590/590/590 593/593/593
f 595/595/595 594/594/594 593/593/593
f 595/595/595 593/593/593 596/596/596
f 597/597/597 591/591/591 592/592/592
f 597/597/597 592/592/592 598/598/598
f 587/587/587 586/586/586 599/599/599
f 593/593/593 587/587/587 600/600/600
f 600/600/600 587/587/587 599/599/599
f 601/601/601 586/586/586 591/591/591
f 599/599/599 586/586/586 601/601/601
f 602/602/602 596/596/596 593/593/593
f 600/600/600 602/602/602 593/593/593
f 603/603/603 591/591/591 597/597/597
f 603/603/603 601/601/601 591/591/591
f 604/604/604 597/597/597 598/598/598
f 603/603/603 597/597/597 605/605/605
f 604/604/604 605/605/605 597/597/597
f 601/601/601 603/603/603 606/606/606
f 606/606/606 603/603/603 605/605/605
f 607/607/607 599/599/599 601/601/601
f 601/601/601 606/606/606 607/607/607
f 608/608/608 600/600/600 599/599/599
f 607/607/607 608/608/608 599/599/599
f 604/604/604 598/598/598 609/609/609
f 610/610/610 609/609/609 598/598/598
f 611/611/611 607/607/607 606/606/606
f 611/611/611 608/608/608 607/607/607
f 600/600/600 608/608/608 127/127/127
f 602/602/602 600/600/600 127/127/127
f 609/609/609 612/612/612 604/604/604
f 605/605/605 604/604/604 612/612/612
f 606/606/606 605/605/605 613/613/613
f 611/611/611 606/606/606 613/613/613
f 605/605/605 614/614/614 613/613/613
f 612/612/612 614/614/614 605/605/605
f 614/614/614 611/611/611 613/613/613
f 611/611/611 120/120/120 608/608/608
f 120/120/120 127/127/127 608/608/608
f 110/110/110 120/120/120 611/611/611
f 611/611/611 614/614/614 110/110/110
f 110/110/110 614/614/614 102/102/102
f 615/615/615 102/102/102 614/614/614
f 612/612/612 615/615/615 614/614/614
f 615/615/615 415/415/415 102/102/102
f 612/612/612 609/609/609 616/616/616
f 615/615/615 612/612/612 616/616/616
f 616/616/616 617/617/617 615/615/615
f 618/618/618 616/616/616 609/609/609
f 618/618/618 619/619/619 616/616/616
f 619/619/619 620/620/620 616/616/616
f 620/620/620 617/617/617 616/616/616
f 620/620/620 621/621/621 617/617/617
f 621/621/621 622/622/622 617/617/617
f 622/622/622 623/623/623 617/617/617
f 415/415/415 615/615/615 624/624/624
f 615/615/615 617/617/617 624/624/624
f 623/623/623 625/625/625 617/617/617
f 617/617/617 625/625/625 624/624/624
f 626/626/626 415/415/415 624/624/624
f 404/404/404 415/415/415 626/626/626
f 626/626/626 624/624/624 627/627/627
f 624/624/624 625/625/625 627/627/627
f 625/625/625 623/623/623 628/628/628
f 623/623/623 629/629/629 628/628/628
f 625/625/625 628/628/628 630/630/630
f 630/630/630 627/627/627 625/625/625
f 630/630/630 628/628/628 631/631/631
f 404/404/404 626/626/626 632/632/632
f 627/627/627 632/632/632 626/626/626
f 633/633/633 630/630/630 631/631/631
f 633/633/633 631/631/631 634/634/634
f 635/635/635 627/627/627 630/630/630
f 627/627/627 635/635/635 632/632/632
f 635/635/635 630/630/630 633/633/633
f 404/404/404 632/632/632 636/636/636
f 395/395/395 404/404/404 636/636/636
f 632/632/632 635/635/635 637/637/637
f 637/637/637 635/635/635 633/633/633
f 632/632/632 637/637/637 636/636/636
f 638/638/638 633/633/633 634/634/634
f 637/637/637 633/633/633 638/638/638
f 639/639/639 395/395/395 636/636/636
f 637/637/637 639/639/639 636/636/636
f 639/639/639 640/640/640 395/395/395
f 640/640/640 639/639/639 637/637/637
f 637/637/637 638/638/638 640/640/640
f 640/640/640 416/416/416 395/395/395
f 638/638/638 634/634/634 641/641/641
f 641/641/641 640/640/640 638/638/638
f 641/641/641 634/634/634 642/642/642
f 640/640/640 641/641/641 643/643/643
f 416/416/416 640/640/640 643/643/643
f 643/643/643 644/644/644 416/416/416
f 645/645/645 643/643/643 641/641/641
f 645/645/645 646/646/646 643/643/643
f 646/646/646 647/647/647 643/643/643
f 647/647/647 644/644/644 643/643/643
f 647/647/647 648/648/648 644/644/644
f 648/648/648 649/649/649 644/644/644
f 649/649/649 650/650/650 644/644/644
f 416/416/416 644/644/644 651/651/651
f 409/409/409 416/416/416 651/651/651
f 650/650/650 652/652/652 644/644/644
f 651/651/651 644/644/644 652/652/652
f 652/652/652 653/653/653 651/651/651
f 651/651/651 654/654/654 409/409/409
f 651/651/651 653/653/653 654/654/654
f 654/654/654 408/408/408 409/409/409
f 652/652/652 650/650/650 655/655/655
f 650/650/650 656/656/656 655/655/655
f 657/657/657 652/652/652 655/655/655
f 653/653/653 652/652/652 657/657/657
f 657/657/657 655/655/655 658/658/658
f 659/659/659 657/657/657 658/658/658
f 659/659/659 658/658/658 660/660/660
f 661/661/661 408/408/408 654/654/654
f 653/653/653 661/661/661 654/654/654
f 653/653/653 662/662/662 661/661/661
f 663/663/663 653/653/653 657/657/657
f 663/663/663 657/657/657 659/659/659
f 663/663/663 659/659/659 664/664/664
f 653/653/653 663/663/663 665/665/665
f 653/653/653 665/665/665 662/662/662
f 665/665/665 663/663/663 664/664/664
f 665/665/665 664/664/664 662/662/662
f 666/666/666 659/659/659 660/660/660
f 666/666/666 664/664/664 659/659/659
f 666/666/666 660/660/660 667/667/667
f 668/668/668 667/667/667 660/660/660
f 667/667/667 669/669/669 666/666/666
f 666/666/666 669/669/669 664/664/664
f 667/667/667 670/670/670 669/669/669
f 671/671/671 670/670/670 667/667/667
f 671/671/671 672/672/672 670/670/670
f 672/672/672 673/673/673 670/670/670
f 673/673/673 674/674/674 670/670/670
f 673/673/673 675/675/675 674/674/674
f 675/675/675 676/676/676 674/674/674
f 676/676/676 677/677/677 674/674/674
f 678/678/678 669/669/669 670/670/670
f 670/670/670 674/674/674 678/678/678
f 669/669/669 679/679/679 664/664/664
f 664/664/664 679/679/679 680/680/680
f 662/662/662 664/664/664 680/680/680
f 679/679/679 669/669/669 681/681/681
f 669/669/669 678/678/678 681/681/681
f 680/680/680 679/679/679 681/681/681
f 678/678/678 682/682/682 681/681/681
f 683/683/683 681/681/681 682/682/682
f 681/681/681 683/683/683 680/680/680
f 682/682/682 678/678/678 684/684/684
f 678/678/678 674/674/674 684/684/684
f 682/682/682 685/685/685 683/683/683
f 677/677/677 686/686/686 674/674/674
f 674/674/674 686/686/686 684/684/684
f 687/687/687 685/685/685 682/682/682
f 688/688/688 687/687/687 682/682/682
f 688/688/688 682/682/682 689/689/689
f 690/690/690 689/689/689 682/682/682
f 682/682/682 691/691/691 690/690/690
f 691/691/691 692/692/692 690/690/690
f 693/693/693 691/691/691 682/682/682
f 694/694/694 693/693/693 682/682/682
f 694/694/694 682/682/682 695/695/695
f 695/695/695 682/682/682 696/696/696
f 697/697/697 696/696/696 682/682/682
f 698/698/698 697/697/697 682/682/682
f 698/698/698 682/682/682 699/699/699
f 700/700/700 698/698/698 699/699/699
f 700/700/700 699/699/699 701/701/701
f 702/702/702 699/699/699 682/682/682
f 702/702/702 703/703/703 699/699/699
f 702/702/702 704/704/704 703/703/703
f 703/703/703 704/704/704 705/705/705
f 706/706/706 702/702/702 682/682/682
f 706/706/706 682/682/682 684/684/684
f 703/703/703 705/705/705 707/707/707
f 707/707/707 708/708/708 703/703/703
f 708/708/708 707/707/707 709/709/709
f 710/710/710 708/708/708 709/709/709
f 711/711/711 706/706/706 684/684/684
f 712/712/712 702/702/702 706/706/706
f 712/712/712 706/706/706 711/711/711
f 711/711/711 684/684/684 713/713/713
f 684/684/684 686/686/686 713/713/713
f 712/712/712 711/711/711 714/714/714
f 713/713/713 714/714/714 711/711/711
f 715/715/715 709/709/709 707/707/707
f 707/707/707 705/705/705 716/716/716
f 716/716/716 715/715/715 707/707/707
f 710/710/710 709/709/709 717/717/717
f 715/715/715 717/717/717 709/709/709
f 710/710/710 717/717/717 718/718/718
f 710/710/710 718/718/718 719/719/719
f 719/719/719 720/720/720 710/710/710
f 721/721/721 720/720/720 719/719/719
f 718/718/718 721/721/721 719/719/719
f 720/720/720 721/721/721 722/722/722
f 723/723/723 721/721/721 718/718/718
f 724/724/724 723/723/723 718/718/718
f 724/724/724 718/718/718 725/725/725
f 725/725/725 726/726/726 724/724/724
f 726/726/726 725/725/725 727/727/727
f 718/718/718 717/717/717 728/728/728
f 718/718/718 728/728/728 725/725/725
f 729/729/729 717/717/717 715/715/715
f 728/728/728 717/717/717 729/729/729
f 725/725/725 730/730/730 727/727/727
f 728/728/728 730/730/730 725/725/725
f 727/727/727 730/730/730 731/731/731
f 727/727/727 731/731/731 732/732/732
f 715/715/715 733/733/733 729/729/729
f 716/716/716 733/733/733 715/715/715
f 728/728/728 729/729/729 734/734/734
f 728/728/728 734/734/734 730/730/730
f 729/729/729 735/735/735 734/734/734
f 733/733/733 735/735/735 729/729/729
f 734/734/734 736/736/736 730/730/730
f 734/734/734 735/735/735 736/736/736
f 731/731/731 737/737/737 732/732/732
f 737/737/737 738/738/738 732/732/732
f 733/733/733 716/716/716 739/739/739
f 716/716/716 705/705/705 739/739/739
f 740/740/740 730/730/730 736/736/736
f 740/740/740 731/731/731 730/730/730
f 739/739/739 705/705/705 741/741/741
f 739/739/739 741/741/741 742/742/742
f 705/705/705 704/704/704 741/741/741
f 733/733/733 739/739/739 743/743/743
f 743/743/743 739/739/739 742/742/742
f 733/733/733 743/743/743 744/744/744
f 735/735/735 733/733/733 744/744/744
f 736/736/736 735/735/735 745/745/745
f 744/744/744 745/745/745 735/735/735
f 744/744/744 746/746/746 745/745/745
f 744/744/744 743/743/743 747/747/747
f 744/744/744 747/747/747 748/748/748
f 743/743/743 749/749/749 747/747/747
f 747/747/747 749/749/749 750/750/750
f 750/750/750 748/748/748 747/747/747
f 750/750/750 751/751/751 748/748/748
f 751/751/751 752/752/752 748/748/748
f 753/753/753 748/748/748 752/752/752
f 753/753/753 754/754/754 748/748/748
f 755/755/755 750/750/750 749/749/749
f 756/756/756 744/744/744 748/748/748
f 754/754/754 757/757/757 748/748/748
f 756/756/756 758/758/758 744/744/744
f 759/759/759 744/744/744 758/758/758
f 754/754/754 760/760/760 757/757/757
f 754/754/754 761/761/761 760/760/760
f 759/759/759 762/762/762 744/744/744
f 763/763/763 761/761/761 754/754/754
f 762/762/762 764/764/764 744/744/744
f 762/762/762 765/765/765 764/764/764
f 765/765/765 766/766/766 764/764/764
f 767/767/767 763/763/763 755/755/755
f 767/767/767 761/761/761 763/763/763
f 744/744/744 764/764/764 768/768/768
f 746/746/746 744/744/744 768/768/768
f 746/746/746 768/768/768 769/769/769
f 770/770/770 769/769/769 768/768/768
f 770/770/770 768/768/768 764/764/764
f 771/771/771 770/770/770 764/764/764
f 764/764/764 772/772/772 771/771/771
f 773/773/773 772/772/772 764/764/764
f 774/774/774 773/773/773 764/764/764
f 774/774/774 764/764/764 775/775/775
f 775/775/775 776/776/776 774/774/774
f 774/774/774 776/776/776 777/777/777
f 777/777/777 776/776/776 761/761/761
f 761/761/761 778/778/778 777/777/777
f 778/778/778 779/779/779 777/777/777
f 780/780/780 774/774/774 777/777/777
f 769/769/769 770/770/770 781/781/781
f 776/776/776 760/760/760 761/761/761
f 776/776/776 782/782/782 760/760/760
f 782/782/782 783/783/783 760/760/760
f 780/780/780 777/777/777 784/784/784
f 780/780/780 784/784/784 781/781/781
f 769/769/769 781/781/781 785/785/785
f 785/785/785 781/781/781 784/784/784
f 784/784/784 786/786/786 785/785/785
f 785/785/785 787/787/787 769/769/769
f 787/787/787 788/788/788 769/769/769
f 787/787/787 789/789/789 788/788/788
f 789/789/789 787/787/787 790/790/790
f 790/790/790 443/443/443 789/789/789
f 443/443/443 790/790/790 788/788/788
f 788/788/788 790/790/790 791/791/791
f 769/769/769 788/788/788 791/791/791
f 769/769/769 791/791/791 792/792/792
f 785/785/785 792/792/792 787/787/787
f 746/746/746 769/769/769 792/792/792
f 746/746/746 792/792/792 785/785/785
f 784/784/784 777/777/777 793/793/793
f 786/786/786 784/784/784 793/793/793
f 779/779/779 793/793/793 777/777/777
f 794/794/794 786/786/786 793/793/793
f 785/785/785 786/786/786 795/795/795
f 795/795/795 786/786/786 794/794/794
f 796/796/796 793/793/793 779/779/779
f 794/794/794 793/793/793 796/796/796
f 785/785/785 795/795/795 797/797/797
f 794/794/794 789/789/789 795/795/795
f 789/789/789 798/798/798 795/795/795
f 799/799/799 785/785/785 797/797/797
f 799/799/799 797/797/797 800/800/800
f 801/801/801 746/746/746 785/785/785
f 801/801/801 785/785/785 799/799/799
f 802/802/802 746/746/746 801/801/801
f 802/802/802 745/745/745 746/746/746
f 801/801/801 803/803/803 802/802/802
f 745/745/745 802/802/802 803/803/803
f 801/801/801 799/799/799 803/803/803
f 745/745/745 803/803/803 736/736/736
f 740/740/740 736/736/736 803/803/803
f 799/799/799 740/740/740 803/803/803
f 804/804/804 799/799/799 800/800/800
f 799/799/799 804/804/804 740/740/740
f 800/800/800 805/805/805 804/804/804
f 804/804/804 805/805/805 740/740/740
f 800/800/800 806/806/806 805/805/805
f 805/805/805 731/731/731 740/740/740
f 731/731/731 805/805/805 806/806/806
f 731/731/731 806/806/806 807/807/807
f 737/737/737 731/731/731 807/807/807
f 808/808/808 807/807/807 806/806/806
f 737/737/737 807/807/807 809/809/809
f 808/808/808 809/809/809 807/807/807
f 685/685/685 737/737/737 809/809/809
f 685/685/685 809/809/809 683/683/683
f 810/810/810 809/809/809 808/808/808
f 683/683/683 809/809/809 811/811/811
f 811/811/811 809/809/809 810/810/810
f 680/680/680 683/683/683 811/811/811
f 812/812/812 811/811/811 810/810/810
f 680/680/680 811/811/811 812/812/812
f 812/812/812 810/810/810 813/813/813
f 662/662/662 680/680/680 812/812/812
f 662/662/662 812/812/812 813/813/813
f 814/814/814 662/662/662 813/813/813
f 814/814/814 661/661/661 662/662/662
f 814/814/814 813/813/813 815/815/815
f 814/814/814 816/816/816 661/661/661
f 816/816/816 814/814/814 815/815/815
f 816/816/816 408/408/408 661/661/661
f 816/816/816 815/815/815 817/817/817
f 816/816/816 817/817/817 408/408/408
f 818/818/818 817/817/817 815/815/815
f 408/408/408 817/817/817 819/819/819
f 818/818/818 819/819/819 817/817/817
f 413/413/413 408/408/408 819/819/819
f 819/819/819 818/818/818 820/820/820
f 413/413/413 819/819/819 821/821/821
f 821/821/821 819/819/819 820/820/820
f 821/821/821 820/820/820 412/412/412
f 821/821/821 412/412/412 414/414/414
f 821/821/821 414/414/414 822/822/822
f 823/823/823 412/412/412 820/820/820
f 441/441/441 412/412/412 823/823/823
f 823/823/823 820/820/820 824/824/824
f 441/441/441 823/823/823 824/824/824
f 444/444/444 441/441/441 824/824/824
f 444/444/444 824/824/824 798/798/798
f 450/450/450 444/444/444 798/798/798
f 450/450/450 798/798/798 825/825/825
f 450/450/450 825/825/825 443/443/443
f 789/789/789 825/825/825 798/798/798
f 443/443/443 825/825/825 789/789/789
f 794/794/794 826/826/826 789/789/789
f 826/826/826 794/794/794 796/796/796
f 827/827/827 789/789/789 826/826/826
f 827/827/827 788/788/788 789/789/789
f 826/826/826 828/828/828 827/827/827
f 829/829/829 788/788/788 827/827/827
f 443/443/443 788/788/788 830/830/830
f 829/829/829 830/830/830 788/788/788
f 437/437/437 443/443/443 830/830/830
f 831/831/831 828/828/828 826/826/826
f 831/831/831 826/826/826 796/796/796
f 828/828/828 831/831/831 832/832/832
f 833/833/833 830/830/830 829/829/829
f 437/437/437 830/830/830 833/833/833
f 832/832/832 831/831/831 833/833/833
f 834/834/834 833/833/833 831/831/831
f 833/833/833 829/829/829 835/835/835
f 836/836/836 832/832/832 833/833/833
f 835/835/835 837/837/837 833/833/833
f 836/836/836 833/833/833 837/837/837
f 831/831/831 796/796/796 838/838/838
f 834/834/834 831/831/831 838/838/838
f 796/796/796 779/779/779 838/838/838
f 437/437/437 833/833/833 839/839/839
f 445/445/445 437/437/437 839/839/839
f 445/445/445 839/839/839 840/840/840
f 445/445/445 840/840/840 841/841/841
f 445/445/445 841/841/841 446/446/446
f 840/840/840 842/842/842 841/841/841
f 841/841/841 843/843/843 446/446/446
f 446/446/446 843/843/843 840/840/840
f 840/840/840 472/472/472 842/842/842
f 843/843/843 472/472/472 840/840/840
f 472/472/472 844/844/844 842/842/842
f 843/843/843 459/459/459 472/472/472
f 844/844/844 459/459/459 843/843/843
f 461/461/461 844/844/844 472/472/472
f 459/459/459 844/844/844 461/461/461
f 446/446/446 840/840/840 845/845/845
f 446/446/446 845/845/845 448/448/448
f 840/840/840 839/839/839 846/846/846
f 840/840/840 846/846/846 845/845/845
f 839/839/839 847/847/847 846/846/846
f 839/839/839 833/833/833 847/847/847
f 833/833/833 848/848/848 847/847/847
f 849/849/849 848/848/848 833/833/833
f 850/850/850 849/849/849 833/833/833
f 850/850/850 833/833/833 834/834/834
f 851/851/851 850/850/850 834/834/834
f 852/852/852 845/845/845 851/851/851
f 845/845/845 852/852/852 448/448/448
f 852/852/852 851/851/851 834/834/834
f 852/852/852 853/853/853 448/448/448
f 834/834/834 853/853/853 852/852/852
f 463/463/463 448/448/448 853/853/853
f 853/853/853 834/834/834 854/854/854
f 853/853/853 854/854/854 463/463/463
f 834/834/834 838/838/838 854/854/854
f 463/463/463 854/854/854 855/855/855
f 855/855/855 854/854/854 838/838/838
f 563/563/563 463/463/463 855/855/855
f 779/779/779 855/855/855 838/838/838
f 563/563/563 855/855/855 856/856/856
f 555/555/555 563/563/563 856/856/856
f 855/855/855 779/779/779 857/857/857
f 855/855/855 857/857/857 856/856/856
f 555/555/555 856/856/856 858/858/858
f 554/554/554 555/555/555 858/858/858
f 859/859/859 857/857/857 779/779/779
f 859/859/859 779/779/779 778/778/778
f 554/554/554 858/858/858 860/860/860
f 320/320/320 554/554/554 860/860/860
f 861/861/861 858/858/858 856/856/856
f 862/862/862 856/856/856 857/857/857
f 862/862/862 861/861/861 856/856/856
f 863/863/863 862/862/862 857/857/857
f 859/859/859 863/863/863 857/857/857
f 864/864/864 860/860/860 858/858/858
f 858/858/858 861/861/861 864/864/864
f 861/861/861 865/865/865 864/864/864
f 866/866/866 864/864/864 865/865/865
f 864/864/864 866/866/866 860/860/860
f 867/867/867 865/865/865 861/861/861
f 862/862/862 867/867/867 861/861/861
f 863/863/863 867/867/867 862/862/862
f 868/868/868 320/320/320 860/860/860
f 866/866/866 868/868/868 860/860/860
f 869/869/869 867/867/867 863/863/863
f 867/867/867 869/869/869 865/865/865
f 863/863/863 859/859/859 870/870/870
f 869/869/869 863/863/863 870/870/870
f 870/870/870 859/859/859 871/871/871
f 859/859/859 778/778/778 871/871/871
f 872/872/872 871/871/871 778/778/778
f 873/873/873 872/872/872 778/778/778
f 874/874/874 869/869/869 870/870/870
f 870/870/870 871/871/871 874/874/874
f 868/868/868 875/875/875 320/320/320
f 320/320/320 875/875/875 296/296/296
f 868/868/868 866/866/866 876/876/876
f 866/866/866 865/865/865 876/876/876
f 875/875/875 877/877/877 296/296/296
f 271/271/271 296/296/296 877/877/877
f 868/868/868 878/878/878 875/875/875
f 868/868/868 876/876/876 878/878/878
f 875/875/875 878/878/878 877/877/877
f 878/878/878 876/876/876 879/879/879
f 878/878/878 879/879/879 877/877/877
f 880/880/880 271/271/271 877/877/877
f 880/880/880 877/877/877 879/879/879
f 879/879/879 876/876/876 881/881/881
f 876/876/876 865/865/865 881/881/881
f 879/879/879 881/881/881 882/882/882
f 882/882/882 880/880/880 879/879/879
f 883/883/883 271/271/271 880/880/880
f 272/272/272 271/271/271 883/883/883
f 881/881/881 865/865/865 884/884/884
f 882/882/882 881/881/881 884/884/884
f 885/885/885 880/880/880 882/882/882
f 885/885/885 883/883/883 880/880/880
f 272/272/272 883/883/883 886/886/886
f 274/274/274 272/272/272 886/886/886
f 883/883/883 885/885/885 887/887/887
f 886/886/886 883/883/883 887/887/887
f 888/888/888 886/886/886 887/887/887
f 888/888/888 889/889/889 886/886/886
f 889/889/889 274/274/274 886/886/886
f 274/274/274 889/889/889 258/258/258
f 890/890/890 885/885/885 882/882/882
f 882/882/882 884/884/884 890/890/890
f 885/885/885 890/890/890 891/891/891
f 885/885/885 891/891/891 887/887/887
f 890/890/890 884/884/884 892/892/892
f 890/890/890 892/892/892 891/891/891
f 893/893/893 887/887/887 891/891/891
f 894/894/894 893/893/893 891/891/891
f 894/894/894 891/891/891 892/892/892
f 895/895/895 893/893/893 894/894/894
f 896/896/896 895/895/895 894/894/894
f 895/895/895 896/896/896 897/897/897
f 898/898/898 895/895/895 897/897/897
f 899/899/899 898/898/898 897/897/897
f 892/892/892 884/884/884 900/900/900
f 884/884/884 865/865/865 900/900/900
f 901/901/901 894/894/894 892/892/892
f 892/892/892 900/900/900 901/901/901
f 896/896/896 894/894/894 901/901/901
f 900/900/900 865/865/865 902/902/902
f 901/901/901 900/900/900 902/902/902
f 902/902/902 865/865/865 869/869/869
f 874/874/874 902/902/902 869/869/869
f 901/901/901 902/902/902 903/903/903
f 903/903/903 896/896/896 901/901/901
f 903/903/903 902/902/902 874/874/874
f 896/896/896 903/903/903 904/904/904
f 903/903/903 874/874/874 904/904/904
f 896/896/896 904/904/904 897/897/897
f 904/904/904 874/874/874 871/871/871
f 872/872/872 904/904/904 871/871/871
f 897/897/897 904/904/904 872/872/872
f 905/905/905 899/899/899 897/897/897
f 905/905/905 906/906/906 899/899/899
f 907/907/907 905/905/905 897/897/897
f 907/907/907 897/897/897 872/872/872
f 907/907/907 872/872/872 908/908/908
f 907/907/907 909/909/909 905/905/905
f 905/905/905 909/909/909 906/906/906
f 910/910/910 899/899/899 906/906/906
f 898/898/898 899/899/899 910/910/910
f 907/907/907 908/908/908 911/911/911
f 907/907/907 911/911/911 909/909/909
f 910/910/910 912/912/912 898/898/898
f 910/910/910 913/913/913 912/912/912
f 913/913/913 910/910/910 906/906/906
f 913/913/913 906/906/906 914/914/914
f 915/915/915 913/913/913 914/914/914
f 916/916/916 913/913/913 915/915/915
f 912/912/912 917/917/917 898/898/898
f 911/911/911 908/908/908 918/918/918
f 911/911/911 918/918/918 919/919/919
f 919/919/919 909/909/909 911/911/911
f 920/920/920 909/909/909 919/919/919
f 920/920/920 919/919/919 921/921/921
f 919/919/919 922/922/922 921/921/921
f 918/918/918 908/908/908 923/923/923
f 920/920/920 924/924/924 909/909/909
f 924/924/924 906/906/906 909/909/909
f 906/906/906 924/924/924 925/925/925
f 914/914/914 906/906/906 925/925/925
f 926/926/926 921/921/921 922/922/922
f 922/922/922 927/927/927 926/926/926
f 922/922/922 928/928/928 927/927/927
f 928/928/928 929/929/929 927/927/927
f 930/930/930 927/927/927 929/929/929
f 930/930/930 923/923/923 927/927/927
f 923/923/923 931/931/931 927/927/927
f 923/923/923 932/932/932 931/931/931
f 923/923/923 908/908/908 932/932/932
f 933/933/933 926/926/926 927/927/927
f 934/934/934 933/933/933 927/927/927
f 935/935/935 933/933/933 934/934/934
f 935/935/935 936/936/936 933/933/933
f 936/936/936 937/937/937 933/933/933
f 938/938/938 933/933/933 937/937/937
f 938/938/938 939/939/939 933/933/933
f 939/939/939 940/940/940 933/933/933
f 933/933/933 941/941/941 926/926/926
f 941/941/941 921/921/921 926/926/926
f 942/942/942 932/932/932 908/908/908
f 942/942/942 943/943/943 932/932/932
f 943/943/943 944/944/944 932/932/932
f 945/945/945 942/942/942 908/908/908
f 945/945/945 908/908/908 872/872/872
f 946/946/946 942/942/942 945/945/945
f 947/947/947 942/942/942 946/946/946
f 946/946/946 940/940/940 947/947/947
f 946/946/946 948/948/948 940/940/940
f 948/948/948 949/949/949 940/940/940
f 940/940/940 949/949/949 950/950/950
f 951/951/951 946/946/946 945/945/945
f 950/950/950 952/952/952 940/940/940
f 945/945/945 872/872/872 953/953/953
f 873/873/873 953/953/953 872/872/872
f 873/873/873 954/954/954 953/953/953
f 955/955/955 951/951/951 945/945/945
f 945/945/945 953/953/953 955/955/955
f 955/955/955 953/953/953 954/954/954
f 955/955/955 956/956/956 951/951/951
f 956/956/956 955/955/955 954/954/954
f 956/956/956 954/954/954 957/957/957
f 952/952/952 956/956/956 958/958/958
f 958/958/958 956/956/956 957/957/957
f 952/952/952 959/959/959 940/940/940
f 952/952/952 958/958/958 959/959/959
f 933/933/933 940/940/940 959/959/959
f 960/960/960 959/959/959 958/958/958
f 960/960/960 933/933/933 959/959/959
f 873/873/873 961/961/961 954/954/954
f 962/962/962 961/961/961 873/873/873
f 962/962/962 873/873/873 778/778/778
f 962/962/962 778/778/778 761/761/761
f 962/962/962 761/761/761 767/767/767
f 962/962/962 767/767/767 961/961/961
f 755/755/755 961/961/961 767/767/767
f 742/742/742 961/961/961 755/755/755
f 742/742/742 755/755/755 749/749/749
f 741/741/741 954/954/954 961/961/961
f 742/742/742 741/741/741 961/961/961
f 963/963/963 954/954/954 741/741/741
f 704/704/704 963/963/963 741/741/741
f 957/957/957 954/954/954 963/963/963
f 704/704/704 964/964/964 963/963/963
f 964/964/964 957/957/957 963/963/963
f 964/964/964 960/960/960 957/957/957
f 965/965/965 742/742/742 749/749/749
f 966/966/966 742/742/742 965/965/965
f 742/742/742 966/966/966 743/743/743
f 743/743/743 966/966/966 749/749/749
f 749/749/749 966/966/966 967/967/967
f 958/958/958 749/749/749 967/967/967
f 965/965/965 749/749/749 958/958/958
f 957/957/957 965/965/965 958/958/958
f 958/958/958 967/967/967 968/968/968
f 957/957/957 968/968/968 965/965/965
f 960/960/960 958/958/958 968/968/968
f 957/957/957 960/960/960 968/968/968
f 969/969/969 960/960/960 964/964/964
f 969/969/969 933/933/933 960/960/960
f 970/970/970 964/964/964 704/704/704
f 970/970/970 969/969/969 964/964/964
f 970/970/970 704/704/704 971/971/971
f 969/969/969 970/970/970 972/972/972
f 972/972/972 970/970/970 971/971/971
f 971/971/971 704/704/704 973/973/973
f 704/704/704 702/702/702 973/973/973
f 971/971/971 973/973/973 974/974/974
f 975/975/975 973/973/973 702/702/702
f 974/974/974 976/976/976 971/971/971
f 976/976/976 972/972/972 971/971/971
f 974/974/974 977/977/977 976/976/976
f 975/975/975 702/702/702 978/978/978
f 975/975/975 978/978/978 979/979/979
f 980/980/980 979/979/979 978/978/978
f 978/978/978 981/981/981 980/980/980
f 981/981/981 982/982/982 980/980/980
f 983/983/983 981/981/981 978/978/978
f 984/984/984 983/983/983 978/978/978
f 984/984/984 978/978/978 985/985/985
f 985/985/985 978/978/978 986/986/986
f 976/976/976 987/987/987 972/972/972
f 976/976/976 977/977/977 987/987/987
f 988/988/988 978/978/978 702/702/702
f 712/712/712 988/988/988 702/702/702
f 987/987/987 989/989/989 972/972/972
f 989/989/989 969/969/969 972/972/972
f 990/990/990 969/969/969 989/989/989
f 990/990/990 933/933/933 969/969/969
f 991/991/991 987/987/987 977/977/977
f 992/992/992 991/991/991 977/977/977
f 991/991/991 992/992/992 993/993/993
f 994/994/994 989/989/989 987/987/987
f 994/994/994 990/990/990 989/989/989
f 990/990/990 995/995/995 933/933/933
f 995/995/995 941/941/941 933/933/933
f 993/993/993 996/996/996 991/991/991
f 993/993/993 997/997/997 996/996/996
f 997/997/997 998/998/998 996/996/996
f 998/998/998 986/986/986 996/996/996
f 996/996/996 999/999/999 991/991/991
f 999/999/999 987/987/987 991/991/991
f 999/999/999 994/994/994 987/987/987
f 986/986/986 998/998/998 1000/1000/1000
f 996/996/996 986/986/986 978/978/978
f 1001/1001/1001 990/990/990 994/994/994
f 999/999/999 1001/1001/1001 994/994/994
f 995/995/995 990/990/990 1001/1001/1001
f 999/999/999 1002/1002/1002 1001/1001/1001
f 996/996/996 1002/1002/1002 999/999/999
f 1001/1001/1001 1002/1002/1002 1003/1003/1003
f 1003/1003/1003 995/995/995 1001/1001/1001
f 996/996/996 1004/1004/1004 1002/1002/1002
f 1003/1003/1003 1002/1002/1002 1004/1004/1004
f 1005/1005/1005 995/995/995 1003/1003/1003
f 1003/1003/1003 1004/1004/1004 1006/1006/1006
f 1005/1005/1005 1003/1003/1003 1006/1006/1006
f 995/995/995 1005/1005/1005 1007/1007/1007
f 995/995/995 1007/1007/1007 941/941/941
f 996/996/996 1008/1008/1008 1004/1004/1004
f 1008/1008/1008 1006/1006/1006 1004/1004/1004
f 996/996/996 1009/1009/1009 1008/1008/1008
f 1006/1006/1006 1008/1008/1008 1010/1010/1010
f 1006/1006/1006 1011/1011/1011 1005/1005/1005
f 1005/1005/1005 1011/1011/1011 1007/1007/1007
f 1010/1010/1010 1011/1011/1011 1006/1006/1006
f 1012/1012/1012 1009/1009/1009 996/996/996
f 1012/1012/1012 996/996/996 978/978/978
f 1009/1009/1009 1012/1012/1012 1013/1013/1013
f 941/941/941 1007/1007/1007 920/920/920
f 1007/1007/1007 1011/1011/1011 924/924/924
f 1007/1007/1007 924/924/924 920/920/920
f 924/924/924 1011/1011/1011 1014/1014/1014
f 1011/1011/1011 1010/1010/1010 1014/1014/1014
f 1014/1014/1014 925/925/925 924/924/924
f 920/920/920 1015/1015/1015 941/941/941
f 941/941/941 1015/1015/1015 921/921/921
f 1015/1015/1015 920/920/920 1016/1016/1016
f 1016/1016/1016 920/920/920 921/921/921
f 921/921/921 1015/1015/1015 1017/1017/1017
f 915/915/915 921/921/921 1017/1017/1017
f 1016/1016/1016 921/921/921 915/915/915
f 915/915/915 1017/1017/1017 1018/1018/1018
f 914/914/914 1018/1018/1018 1016/1016/1016
f 914/914/914 1016/1016/1016 915/915/915
f 1019/1019/1019 914/914/914 925/925/925
f 1014/1014/1014 1019/1019/1019 925/925/925
f 914/914/914 1020/1020/1020 1018/1018/1018
f 1020/1020/1020 915/915/915 1018/1018/1018
f 1019/1019/1019 1020/1020/1020 914/914/914
f 1021/1021/1021 1014/1014/1014 1010/1010/1010
f 1021/1021/1021 1010/1010/1010 1022/1022/1022
f 1023/1023/1023 1019/1019/1019 1014/1014/1014
f 1023/1023/1023 1014/1014/1014 1021/1021/1021
f 1022/1022/1022 1024/1024/1024 1021/1021/1021
f 1022/1022/1022 1025/1025/1025 1024/1024/1024
f 1023/1023/1023 1026/1026/1026 1019/1019/1019
f 1026/1026/1026 1020/1020/1020 1019/1019/1019
f 1027/1027/1027 1023/1023/1023 1021/1021/1021
f 1024/1024/1024 1027/1027/1027 1021/1021/1021
f 1026/1026/1026 1023/1023/1023 1027/1027/1027
f 1020/1020/1020 1028/1028/1028 915/915/915
f 916/916/916 915/915/915 1028/1028/1028
f 916/916/916 1028/1028/1028 1029/1029/1029
f 1030/1030/1030 916/916/916 1029/1029/1029
f 1029/1029/1029 1031/1031/1031 1030/1030/1030
f 1032/1032/1032 1031/1031/1031 1029/1029/1029
f 917/917/917 1032/1032/1032 1029/1029/1029
f 1020/1020/1020 1033/1033/1033 1028/1028/1028
f 1026/1026/1026 1033/1033/1033 1020/1020/1020
f 1033/1033/1033 1029/1029/1029 1028/1028/1028
f 1024/1024/1024 1034/1034/1034 1027/1027/1027
f 1024/1024/1024 1025/1025/1025 1034/1034/1034
f 917/917/917 1029/1029/1029 1035/1035/1035
f 1035/1035/1035 1036/1036/1036 917/917/917
f 917/917/917 1036/1036/1036 898/898/898
f 1037/1037/1037 1029/1029/1029 1033/1033/1033
f 1038/1038/1038 1037/1037/1037 1033/1033/1033
f 1038/1038/1038 1033/1033/1033 1039/1039/1039
f 1037/1037/1037 1040/1040/1040 1029/1029/1029
f 1040/1040/1040 1041/1041/1041 1029/1029/1029
f 1042/1042/1042 1039/1039/1039 1033/1033/1033
f 1043/1043/1043 1042/1042/1042 1033/1033/1033
f 898/898/898 1036/1036/1036 1044/1044/1044
f 1036/1036/1036 1045/1045/1045 1044/1044/1044
f 1044/1044/1044 1045/1045/1045 1046/1046/1046
f 898/898/898 1044/1044/1044 1047/1047/1047
f 895/895/895 898/898/898 1047/1047/1047
f 1048/1048/1048 1047/1047/1047 1044/1044/1044
f 1048/1048/1048 1044/1044/1044 1049/1049/1049
f 1048/1048/1048 1049/1049/1049 1043/1043/1043
f 1050/1050/1050 1048/1048/1048 1043/1043/1043
f 1050/1050/1050 1043/1043/1043 1051/1051/1051
f 1052/1052/1052 1051/1051/1051 1043/1043/1043
f 1053/1053/1053 1047/1047/1047 1048/1048/1048
f 1054/1054/1054 1052/1052/1052 1043/1043/1043
f 1055/1055/1055 1047/1047/1047 1053/1053/1053
f 1055/1055/1055 1053/1053/1053 1056/1056/1056
f 1056/1056/1056 1054/1054/1054 1057/1057/1057
f 1058/1058/1058 1056/1056/1056 1057/1057/1057
f 1054/1054/1054 1043/1043/1043 1059/1059/1059
f 1059/1059/1059 1057/1057/1057 1054/1054/1054
f 1059/1059/1059 1043/1043/1043 1033/1033/1033
f 1060/1060/1060 1047/1047/1047 1055/1055/1055
f 895/895/895 1047/1047/1047 1060/1060/1060
f 1056/1056/1056 1061/1061/1061 1055/1055/1055
f 1060/1060/1060 1055/1055/1055 1061/1061/1061
f 1058/1058/1058 1061/1061/1061 1056/1056/1056
f 1062/1062/1062 895/895/895 1060/1060/1060
f 1060/1060/1060 1061/1061/1061 1062/1062/1062
f 1062/1062/1062 1061/1061/1061 1063/1063/1063
f 1062/1062/1062 1064/1064/1064 895/895/895
f 1062/1062/1062 1063/1063/1063 1064/1064/1064
f 1064/1064/1064 893/893/893 895/895/895
f 1057/1057/1057 1059/1059/1059 1065/1065/1065
f 1059/1059/1059 1033/1033/1033 1065/1065/1065
f 1058/1058/1058 1066/1066/1066 1061/1061/1061
f 1066/1066/1066 1063/1063/1063 1061/1061/1061
f 1064/1064/1064 1067/1067/1067 893/893/893
f 1068/1068/1068 1064/1064/1064 1063/1063/1063
f 1067/1067/1067 1064/1064/1064 1068/1068/1068
f 1068/1068/1068 1069/1069/1069 1067/1067/1067
f 1068/1068/1068 1070/1070/1070 1069/1069/1069
f 1070/1070/1070 1068/1068/1068 1063/1063/1063
f 1070/1070/1070 1063/1063/1063 1071/1071/1071
f 1072/1072/1072 1070/1070/1070 1071/1071/1071
f 1073/1073/1073 1070/1070/1070 1072/1072/1072
f 1069/1069/1069 1074/1074/1074 1067/1067/1067
f 1063/1063/1063 1066/1066/1066 1075/1075/1075
f 1071/1071/1071 1063/1063/1063 1075/1075/1075
f 1067/1067/1067 1076/1076/1076 893/893/893
f 1074/1074/1074 1076/1076/1076 1067/1067/1067
f 1077/1077/1077 1076/1076/1076 1074/1074/1074
f 1074/1074/1074 1078/1078/1078 1077/1077/1077
f 1074/1074/1074 1079/1079/1079 1078/1078/1078
f 1079/1079/1079 1080/1080/1080 1078/1078/1078
f 1078/1078/1078 1080/1080/1080 1081/1081/1081
f 1081/1081/1081 1073/1073/1073 1078/1078/1078
f 1082/1082/1082 893/893/893 1076/1076/1076
f 1073/1073/1073 1083/1083/1083 1078/1078/1078
f 1073/1073/1073 1072/1072/1072 1083/1083/1083
f 1082/1082/1082 1084/1084/1084 893/893/893
f 1085/1085/1085 893/893/893 1084/1084/1084
f 1085/1085/1085 887/887/887 893/893/893
f 1086/1086/1086 1084/1084/1084 1082/1082/1082
f 1086/1086/1086 1082/1082/1082 1087/1087/1087
f 1088/1088/1088 1084/1084/1084 1086/1086/1086
f 1088/1088/1088 1086/1086/1086 1089/1089/1089
f 1088/1088/1088 1089/1089/1089 1090/1090/1090
f 1091/1091/1091 1088/1088/1088 1090/1090/1090
f 1091/1091/1091 1090/1090/1090 1092/1092/1092
f 1093/1093/1093 1092/1092/1092 1090/1090/1090
f 1094/1094/1094 1084/1084/1084 1088/1088/1088
f 1095/1095/1095 1093/1093/1093 1090/1090/1090
f 1096/1096/1096 1084/1084/1084 1094/1094/1094
f 1085/1085/1085 1084/1084/1084 1096/1096/1096
f 1096/1096/1096 1094/1094/1094 1097/1097/1097
f 1097/1097/1097 1095/1095/1095 1098/1098/1098
f 1099/1099/1099 1097/1097/1097 1098/1098/1098
f 1097/1097/1097 1100/1100/1100 1096/1096/1096
f 1085/1085/1085 1096/1096/1096 1100/1100/1100
f 1099/1099/1099 1100/1100/1100 1097/1097/1097
f 1095/1095/1095 1090/1090/1090 1101/1101/1101
f 1101/1101/1101 1098/1098/1098 1095/1095/1095
f 1102/1102/1102 1101/1101/1101 1090/1090/1090
f 1103/1103/1103 1102/1102/1102 1090/1090/1090
f 1103/1103/1103 1104/1104/1104 1102/1102/1102
f 1105/1105/1105 1102/1102/1102 1104/1104/1104
f 1105/1105/1105 1106/1106/1106 1102/1102/1102
f 1102/1102/1102 1107/1107/1107 1101/1101/1101
f 1107/1107/1107 1098/1098/1098 1101/1101/1101
f 1085/1085/1085 1100/1100/1100 1108/1108/1108
f 1108/1108/1108 1100/1100/1100 1109/1109/1109
f 1085/1085/1085 1108/1108/1108 887/887/887
f 1108/1108/1108 1110/1110/1110 887/887/887
f 1108/1108/1108 1109/1109/1109 1110/1110/1110
f 1110/1110/1110 1111/1111/1111 887/887/887
f 888/888/888 887/887/887 1111/1111/1111
f 1106/1106/1106 1078/1078/1078 1102/1102/1102
f 1106/1106/1106 1112/1112/1112 1078/1078/1078
f 1112/1112/1112 1113/1113/1113 1078/1078/1078
f 1102/1102/1102 1078/1078/1078 1083/1083/1083
f 1114/1114/1114 1109/1109/1109 1100/1100/1100
f 1099/1099/1099 1114/1114/1114 1100/1100/1100
f 1111/1111/1111 1110/1110/1110 1115/1115/1115
f 1115/1115/1115 1110/1110/1110 1109/1109/1109
f 1116/1116/1116 1102/1102/1102 1083/1083/1083
f 1116/1116/1116 1083/1083/1083 1072/1072/1072
f 1115/1115/1115 1117/1117/1117 1111/1111/1111
f 1115/1115/1115 1118/1118/1118 1117/1117/1117
f 1118/1118/1118 1115/1115/1115 1109/1109/1109
f 1118/1118/1118 1109/1109/1109 1119/1119/1119
f 1120/1120/1120 1118/1118/1118 1119/1119/1119
f 1121/1121/1121 1118/1118/1118 1120/1120/1120
f 1117/1117/1117 1122/1122/1122 1111/1111/1111
f 1123/1123/1123 1109/1109/1109 1114/1114/1114
f 1119/1119/1119 1109/1109/1109 1123/1123/1123
f 1122/1122/1122 1124/1124/1124 1111/1111/1111
f 888/888/888 1111/1111/1111 1124/1124/1124
f 1125/1125/1125 1124/1124/1124 1122/1122/1122
f 1122/1122/1122 1126/1126/1126 1125/1125/1125
f 1122/1122/1122 1127/1127/1127 1126/1126/1126
f 1127/1127/1127 1128/1128/1128 1126/1126/1126
f 888/888/888 1124/1124/1124 1129/1129/1129
f 1126/1126/1126 1128/1128/1128 1130/1130/1130
f 1130/1130/1130 1121/1121/1121 1126/1126/1126
f 888/888/888 1129/1129/1129 1131/1131/1131
f 1132/1132/1132 888/888/888 1131/1131/1131
f 1132/1132/1132 1131/1131/1131 1133/1133/1133
f 1134/1134/1134 888/888/888 1132/1132/1132
f 888/888/888 1134/1134/1134 889/889/889
f 1135/1135/1135 1132/1132/1132 1133/1133/1133
f 889/889/889 1134/1134/1134 1136/1136/1136
f 1135/1135/1135 1133/1133/1133 1137/1137/1137
f 1138/1138/1138 1137/1137/1137 1133/1133/1133
f 1136/1136/1136 258/258/258 889/889/889
f 1133/1133/1133 1139/1139/1139 1138/1138/1138
f 258/258/258 1136/1136/1136 254/254/254
f 1136/1136/1136 1139/1139/1139 254/254/254
f 1140/1140/1140 254/254/254 1139/1139/1139
f 1133/1133/1133 1140/1140/1140 1139/1139/1139
f 256/256/256 254/254/254 1140/1140/1140
f 1141/1141/1141 1140/1140/1140 1133/1133/1133
f 1141/1141/1141 256/256/256 1140/1140/1140
f 1142/1142/1142 1141/1141/1141 1133/1133/1133
f 1142/1142/1142 1143/1143/1143 1141/1141/1141
f 1144/1144/1144 1141/1141/1141 1143/1143/1143
f 1144/1144/1144 1145/1145/1145 1141/1141/1141
f 256/256/256 1146/1146/1146 258/258/258
f 258/258/258 1146/1146/1146 278/278/278
f 1147/1147/1147 1146/1146/1146 256/256/256
f 1147/1147/1147 278/278/278 1146/1146/1146
f 1148/1148/1148 1147/1147/1147 256/256/256
f 1141/1141/1141 1148/1148/1148 256/256/256
f 1147/1147/1147 1149/1149/1149 278/278/278
f 1149/1149/1149 1147/1147/1147 1148/1148/1148
f 1149/1149/1149 1150/1150/1150 278/278/278
f 1145/1145/1145 1126/1126/1126 1141/1141/1141
f 1145/1145/1145 1151/1151/1151 1126/1126/1126
f 1151/1151/1151 1152/1152/1152 1126/1126/1126
f 1141/1141/1141 1126/1126/1126 1153/1153/1153
f 1121/1121/1121 1153/1153/1153 1126/1126/1126
f 1121/1121/1121 1120/1120/1120 1153/1153/1153
f 1154/1154/1154 1141/1141/1141 1153/1153/1153
f 1154/1154/1154 1153/1153/1153 1120/1120/1120
f 1149/1149/1149 1148/1148/1148 1155/1155/1155
f 1141/1141/1141 1156/1156/1156 1148/1148/1148
f 1148/1148/1148 1156/1156/1156 1155/1155/1155
f 1149/1149/1149 1157/1157/1157 1150/1150/1150
f 1157/1157/1157 1149/1149/1149 1155/1155/1155
f 1158/1158/1158 1141/1141/1141 1154/1154/1154
f 1156/1156/1156 1141/1141/1141 1158/1158/1158
f 1157/1157/1157 1159/1159/1159 1150/1150/1150
f 1159/1159/1159 1160/1160/1160 1150/1150/1150
f 1157/1157/1157 1160/1160/1160 1159/1159/1159
f 1157/1157/1157 1161/1161/1161 1160/1160/1160
f 1160/1160/1160 1162/1162/1162 1150/1150/1150
f 1160/1160/1160 1161/1161/1161 1162/1162/1162
f 1163/1163/1163 1157/1157/1157 1155/1155/1155
f 1163/1163/1163 1161/1161/1161 1157/1157/1157
f 1161/1161/1161 1163/1163/1163 1164/1164/1164
f 1163/1163/1163 1165/1165/1165 1164/1164/1164
f 1165/1165/1165 1163/1163/1163 1166/1166/1166
f 1166/1166/1166 1163/1163/1163 1155/1155/1155
f 1155/1155/1155 1156/1156/1156 1167/1167/1167
f 1166/1166/1166 1155/1155/1155 1167/1167/1167
f 1167/1167/1167 1156/1156/1156 1168/1168/1168
f 1156/1156/1156 1158/1158/1158 1168/1168/1168
f 1166/1166/1166 1167/1167/1167 1169/1169/1169
f 1167/1167/1167 1168/1168/1168 1169/1169/1169
f 1166/1166/1166 1169/1169/1169 1165/1165/1165
f 1168/1168/1168 1158/1158/1158 1170/1170/1170
f 1169/1169/1169 1168/1168/1168 1170/1170/1170
f 1171/1171/1171 1162/1162/1162 1161/1161/1161
f 1171/1171/1171 1172/1172/1172 1162/1162/1162
f 1172/1172/1172 1173/1173/1173 1162/1162/1162
f 1172/1172/1172 1174/1174/1174 1173/1173/1173
f 1174/1174/1174 1175/1175/1175 1173/1173/1173
f 1176/1176/1176 1174/1174/1174 1172/1172/1172
f 1177/1177/1177 1176/1176/1176 1172/1172/1172
f 1177/1177/1177 1172/1172/1172 1171/1171/1171
f 1177/1177/1177 1178/1178/1178 1176/1176/1176
f 1171/1171/1171 1161/1161/1161 1179/1179/1179
f 1171/1171/1171 1179/1179/1179 1180/1180/1180
f 1161/1161/1161 1181/1181/1181 1179/1179/1179
f 1161/1161/1161 1164/1164/1164 1181/1181/1181
f 1164/1164/1164 1178/1178/1178 1181/1181/1181
f 1176/1176/1176 1178/1178/1178 1164/1164/1164
f 1176/1176/1176 1164/1164/1164 1182/1182/1182
f 1164/1164/1164 1183/1183/1183 1182/1182/1182
f 1184/1184/1184 1175/1175/1175 1174/1174/1174
f 1184/1184/1184 1174/1174/1174 1176/1176/1176
f 1185/1185/1185 1182/1182/1182 1183/1183/1183
f 1186/1186/1186 1182/1182/1182 1185/1185/1185
f 1186/1186/1186 1187/1187/1187 1182/1182/1182
f 1187/1187/1187 1188/1188/1188 1182/1182/1182
f 1189/1189/1189 1183/1183/1183 1164/1164/1164
f 1183/1183/1183 1189/1189/1189 1190/1190/1190
f 1165/1165/1165 1189/1189/1189 1164/1164/1164
f 1191/1191/1191 1189/1189/1189 1165/1165/1165
f 1192/1192/1192 1191/1191/1191 1165/1165/1165
f 1165/1165/1165 1193/1193/1193 1192/1192/1192
f 1193/1193/1193 1165/1165/1165 1194/1194/1194
f 1165/1165/1165 1169/1169/1169 1194/1194/1194
f 1195/1195/1195 1194/1194/1194 1169/1169/1169
f 1196/1196/1196 1194/1194/1194 1195/1195/1195
f 1195/1195/1195 1169/1169/1169 1170/1170/1170
f 1196/1196/1196 1195/1195/1195 1197/1197/1197
f 1195/1195/1195 1170/1170/1170 1197/1197/1197
f 1197/1197/1197 1198/1198/1198 1196/1196/1196
f 1170/1170/1170 1199/1199/1199 1197/1197/1197
f 1158/1158/1158 1199/1199/1199 1170/1170/1170
f 1199/1199/1199 1200/1200/1200 1197/1197/1197
f 1197/1197/1197 1200/1200/1200 1198/1198/1198
f 1199/1199/1199 1158/1158/1158 1201/1201/1201
f 1199/1199/1199 1201/1201/1201 1200/1200/1200
f 1158/1158/1158 1154/1154/1154 1201/1201/1201
f 1200/1200/1200 1201/1201/1201 1123/1123/1123
f 1201/1201/1201 1119/1119/1119 1123/1123/1123
f 1201/1201/1201 1154/1154/1154 1119/1119/1119
f 1200/1200/1200 1123/1123/1123 1114/1114/1114
f 1202/1202/1202 1198/1198/1198 1200/1200/1200
f 1114/1114/1114 1202/1202/1202 1200/1200/1200
f 1119/1119/1119 1154/1154/1154 1203/1203/1203
f 1154/1154/1154 1120/1120/1120 1203/1203/1203
f 1119/1119/1119 1203/1203/1203 1204/1204/1204
f 1119/1119/1119 1204/1204/1204 1120/1120/1120
f 1120/1120/1120 1205/1205/1205 1203/1203/1203
f 1120/1120/1120 1098/1098/1098 1205/1205/1205
f 1204/1204/1204 1098/1098/1098 1120/1120/1120
f 1098/1098/1098 1206/1206/1206 1205/1205/1205
f 1204/1204/1204 1099/1099/1099 1098/1098/1098
f 1206/1206/1206 1099/1099/1099 1204/1204/1204
f 1107/1107/1107 1206/1206/1206 1098/1098/1098
f 1099/1099/1099 1206/1206/1206 1107/1107/1107
f 1207/1207/1207 1114/1114/1114 1099/1099/1099
f 1107/1107/1107 1207/1207/1207 1099/1099/1099
f 1207/1207/1207 1202/1202/1202 1114/1114/1114
f 1198/1198/1198 1202/1202/1202 1208/1208/1208
f 1208/1208/1208 1209/1209/1209 1198/1198/1198
f 1210/1210/1210 1207/1207/1207 1107/1107/1107
f 1210/1210/1210 1107/1107/1107 1102/1102/1102
f 1211/1211/1211 1202/1202/1202 1207/1207/1207
f 1208/1208/1208 1202/1202/1202 1211/1211/1211
f 1210/1210/1210 1211/1211/1211 1207/1207/1207
f 1211/1211/1211 1212/1212/1212 1208/1208/1208
f 1211/1211/1211 1210/1210/1210 1212/1212/1212
f 1209/1209/1209 1208/1208/1208 1213/1213/1213
f 1212/1212/1212 1213/1213/1213 1208/1208/1208
f 1214/1214/1214 1209/1209/1209 1213/1213/1213
f 1214/1214/1214 1215/1215/1215 1209/1209/1209
f 1214/1214/1214 1213/1213/1213 1216/1216/1216
f 1212/1212/1212 1216/1216/1216 1213/1213/1213
f 1217/1217/1217 1215/1215/1215 1214/1214/1214
f 1217/1217/1217 1214/1214/1214 1218/1218/1218
f 1214/1214/1214 1219/1219/1219 1218/1218/1218
f 1215/1215/1215 1217/1217/1217 1220/1220/1220
f 1212/1212/1212 1210/1210/1210 1221/1221/1221
f 1221/1221/1221 1216/1216/1216 1212/1212/1212
f 1222/1222/1222 1218/1218/1218 1219/1219/1219
f 1223/1223/1223 1218/1218/1218 1222/1222/1222
f 1223/1223/1223 1224/1224/1224 1218/1218/1218
f 1224/1224/1224 1225/1225/1225 1218/1218/1218
f 1218/1218/1218 1225/1225/1225 1226/1226/1226
f 1225/1225/1225 1227/1227/1227 1226/1226/1226
f 1226/1226/1226 1228/1228/1228 1218/1218/1218
f 1229/1229/1229 1218/1218/1218 1228/1228/1228
f 1229/1229/1229 1230/1230/1230 1218/1218/1218
f 1210/1210/1210 1231/1231/1231 1221/1221/1221
f 1231/1231/1231 1210/1210/1210 1102/1102/1102
f 1232/1232/1232 1216/1216/1216 1221/1221/1221
f 1214/1214/1214 1216/1216/1216 1232/1232/1232
f 1231/1231/1231 1102/1102/1102 1233/1233/1233
f 1233/1233/1233 1102/1102/1102 1116/1116/1116
f 1221/1221/1221 1231/1231/1231 1234/1234/1234
f 1232/1232/1232 1221/1221/1221 1234/1234/1234
f 1234/1234/1234 1231/1231/1231 1235/1235/1235
f 1231/1231/1231 1233/1233/1233 1235/1235/1235
f 1232/1232/1232 1234/1234/1234 1236/1236/1236
f 1234/1234/1234 1235/1235/1235 1236/1236/1236
f 1214/1214/1214 1232/1232/1232 1237/1237/1237
f 1232/1232/1232 1236/1236/1236 1237/1237/1237
f 1235/1235/1235 1233/1233/1233 1238/1238/1238
f 1236/1236/1236 1235/1235/1235 1238/1238/1238
f 1233/1233/1233 1116/1116/1116 1239/1239/1239
f 1233/1233/1233 1240/1240/1240 1238/1238/1238
f 1240/1240/1240 1233/1233/1233 1239/1239/1239
f 1241/1241/1241 1236/1236/1236 1238/1238/1238
f 1238/1238/1238 1240/1240/1240 1242/1242/1242
f 1241/1241/1241 1238/1238/1238 1242/1242/1242
f 1241/1241/1241 1243/1243/1243 1236/1236/1236
f 1237/1237/1237 1236/1236/1236 1243/1243/1243
f 1244/1244/1244 1243/1243/1243 1241/1241/1241
f 1244/1244/1244 1241/1241/1241 1242/1242/1242
f 1245/1245/1245 1237/1237/1237 1243/1243/1243
f 1237/1237/1237 1245/1245/1245 1246/1246/1246
f 1246/1246/1246 1214/1214/1214 1237/1237/1237
f 1246/1246/1246 1247/1247/1247 1214/1214/1214
f 1247/1247/1247 1248/1248/1248 1214/1214/1214
f 1248/1248/1248 1219/1219/1219 1214/1214/1214
f 1219/1219/1219 1248/1248/1248 1249/1249/1249
f 1242/1242/1242 1250/1250/1250 1244/1244/1244
f 1240/1240/1240 1251/1251/1251 1242/1242/1242
f 1242/1242/1242 1251/1251/1251 1250/1250/1250
f 1240/1240/1240 1239/1239/1239 1251/1251/1251
f 1251/1251/1251 1239/1239/1239 1075/1075/1075
f 1239/1239/1239 1071/1071/1071 1075/1075/1075
f 1251/1251/1251 1075/1075/1075 1066/1066/1066
f 1239/1239/1239 1116/1116/1116 1071/1071/1071
f 1252/1252/1252 1250/1250/1250 1251/1251/1251
f 1066/1066/1066 1252/1252/1252 1251/1251/1251
f 1071/1071/1071 1116/1116/1116 1253/1253/1253
f 1116/1116/1116 1072/1072/1072 1253/1253/1253
f 1071/1071/1071 1253/1253/1253 1254/1254/1254
f 1071/1071/1071 1254/1254/1254 1072/1072/1072
f 1072/1072/1072 1255/1255/1255 1253/1253/1253
f 1072/1072/1072 1057/1057/1057 1255/1255/1255
f 1254/1254/1254 1057/1057/1057 1072/1072/1072
f 1057/1057/1057 1256/1256/1256 1255/1255/1255
f 1254/1254/1254 1058/1058/1058 1057/1057/1057
f 1256/1256/1256 1058/1058/1058 1254/1254/1254
f 1256/1256/1256 1057/1057/1057 1065/1065/1065
f 1058/1058/1058 1256/1256/1256 1065/1065/1065
f 1257/1257/1257 1066/1066/1066 1058/1058/1058
f 1065/1065/1065 1257/1257/1257 1058/1058/1058
f 1257/1257/1257 1252/1252/1252 1066/1066/1066
f 1250/1250/1250 1252/1252/1252 1258/1258/1258
f 1258/1258/1258 1259/1259/1259 1250/1250/1250
f 1260/1260/1260 1257/1257/1257 1065/1065/1065
f 1260/1260/1260 1065/1065/1065 1033/1033/1033
f 1261/1261/1261 1252/1252/1252 1257/1257/1257
f 1258/1258/1258 1252/1252/1252 1261/1261/1261
f 1260/1260/1260 1261/1261/1261 1257/1257/1257
f 1261/1261/1261 1262/1262/1262 1258/1258/1258
f 1261/1261/1261 1260/1260/1260 1262/1262/1262
f 1259/1259/1259 1258/1258/1258 1263/1263/1263
f 1262/1262/1262 1263/1263/1263 1258/1258/1258
f 1264/1264/1264 1260/1260/1260 1033/1033/1033
f 1264/1264/1264 1033/1033/1033 1026/1026/1026
f 1265/1265/1265 1259/1259/1259 1263/1263/1263
f 1265/1265/1265 1266/1266/1266 1259/1259/1259
f 1265/1265/1265 1263/1263/1263 1267/1267/1267
f 1262/1262/1262 1267/1267/1267 1263/1263/1263
f 1268/1268/1268 1266/1266/1266 1265/1265/1265
f 1268/1268/1268 1265/1265/1265 1269/1269/1269
f 1265/1265/1265 1270/1270/1270 1269/1269/1269
f 1266/1266/1266 1268/1268/1268 1230/1230/1230
f 1262/1262/1262 1260/1260/1260 1271/1271/1271
f 1271/1271/1271 1267/1267/1267 1262/1262/1262
f 1260/1260/1260 1264/1264/1264 1271/1271/1271
f 1264/1264/1264 1026/1026/1026 1272/1272/1272
f 1272/1272/1272 1026/1026/1026 1027/1027/1027
f 1034/1034/1034 1272/1272/1272 1027/1027/1027
f 1273/1273/1273 1264/1264/1264 1272/1272/1272
f 1271/1271/1271 1264/1264/1264 1273/1273/1273
f 1273/1273/1273 1272/1272/1272 1034/1034/1034
f 1274/1274/1274 1267/1267/1267 1271/1271/1271
f 1274/1274/1274 1271/1271/1271 1273/1273/1273
f 1274/1274/1274 1273/1273/1273 1034/1034/1034
f 1265/1265/1265 1267/1267/1267 1274/1274/1274
f 1274/1274/1274 1034/1034/1034 1275/1275/1275
f 1265/1265/1265 1274/1274/1274 1275/1275/1275
f 1275/1275/1275 1034/1034/1034 1025/1025/1025
f 1276/1276/1276 1275/1275/1275 1025/1025/1025
f 1275/1275/1275 1276/1276/1276 1277/1277/1277
f 1277/1277/1277 1265/1265/1265 1275/1275/1275
f 1277/1277/1277 1278/1278/1278 1265/1265/1265
f 1278/1278/1278 1279/1279/1279 1265/1265/1265
f 1279/1279/1279 1270/1270/1270 1265/1265/1265
f 1270/1270/1270 1279/1279/1279 1280/1280/1280
f 1281/1281/1281 1269/1269/1269 1270/1270/1270
f 1282/1282/1282 1269/1269/1269 1281/1281/1281
f 1282/1282/1282 1283/1283/1283 1269/1269/1269
f 1283/1283/1283 1284/1284/1284 1269/1269/1269
f 1269/1269/1269 1284/1284/1284 1285/1285/1285
f 1284/1284/1284 1286/1286/1286 1285/1285/1285
f 1285/1285/1285 1287/1287/1287 1269/1269/1269
f 1288/1288/1288 1269/1269/1269 1287/1287/1287
f 1288/1288/1288 1013/1013/1013 1269/1269/1269
f 1013/1013/1013 1289/1289/1289 1269/1269/1269
f 1013/1013/1013 1012/1012/1012 1289/1289/1289
f 1289/1289/1289 1012/1012/1012 1290/1290/1290
f 1269/1269/1269 1289/1289/1289 1291/1291/1291
f 1290/1290/1290 1291/1291/1291 1289/1289/1289
f 1290/1290/1290 1012/1012/1012 1292/1292/1292
f 1012/1012/1012 978/978/978 1292/1292/1292
f 1293/1293/1293 1292/1292/1292 978/978/978
f 1293/1293/1293 978/978/978 988/988/988
f 1269/1269/1269 1291/1291/1291 1294/1294/1294
f 1291/1291/1291 1290/1290/1290 1295/1295/1295
f 1294/1294/1294 1291/1291/1291 1295/1295/1295
f 1290/1290/1290 1292/1292/1292 1296/1296/1296
f 1290/1290/1290 1297/1297/1297 1295/1295/1295
f 1290/1290/1290 1296/1296/1296 1297/1297/1297
f 1298/1298/1298 1294/1294/1294 1295/1295/1295
f 1297/1297/1297 1298/1298/1298 1295/1295/1295
f 1296/1296/1296 1292/1292/1292 1299/1299/1299
f 1292/1292/1292 1293/1293/1293 1299/1299/1299
f 1293/1293/1293 1300/1300/1300 1299/1299/1299
f 1301/1301/1301 1297/1297/1297 1296/1296/1296
f 1296/1296/1296 1299/1299/1299 1301/1301/1301
f 1294/1294/1294 1302/1302/1302 1269/1269/1269
f 1302/1302/1302 1294/1294/1294 1298/1298/1298
f 1300/1300/1300 1303/1303/1303 1299/1299/1299
f 1299/1299/1299 1303/1303/1303 1301/1301/1301
f 1301/1301/1301 1304/1304/1304 1297/1297/1297
f 1297/1297/1297 1304/1304/1304 1298/1298/1298
f 1304/1304/1304 1301/1301/1301 1305/1305/1305
f 1301/1301/1301 1303/1303/1303 1305/1305/1305
f 1304/1304/1304 1306/1306/1306 1298/1298/1298
f 1304/1304/1304 1305/1305/1305 1306/1306/1306
f 1298/1298/1298 1307/1307/1307 1302/1302/1302
f 1307/1307/1307 1298/1298/1298 1306/1306/1306
f 1306/1306/1306 1305/1305/1305 1308/1308/1308
f 1306/1306/1306 1308/1308/1308 1309/1309/1309
f 1307/1307/1307 1306/1306/1306 1309/1309/1309
f 1305/1305/1305 1310/1310/1310 1308/1308/1308
f 1305/1305/1305 1303/1303/1303 1310/1310/1310
f 1307/1307/1307 1309/1309/1309 1311/1311/1311
f 1311/1311/1311 1302/1302/1302 1307/1307/1307
f 1312/1312/1312 1311/1311/1311 1309/1309/1309
f 1303/1303/1303 1313/1313/1313 1310/1310/1310
f 1313/1313/1313 1314/1314/1314 1310/1310/1310
f 1313/1313/1313 1303/1303/1303 1300/1300/1300
f 1315/1315/1315 1313/1313/1313 1300/1300/1300
f 1316/1316/1316 1315/1315/1315 1300/1300/1300
f 1317/1317/1317 1316/1316/1316 1300/1300/1300
f 1317/1317/1317 1300/1300/1300 1318/1318/1318
f 1319/1319/1319 1317/1317/1317 1318/1318/1318
f 1320/1320/1320 1319/1319/1319 1318/1318/1318
f 1318/1318/1318 1300/1300/1300 1293/1293/1293
f 1320/1320/1320 1318/1318/1318 1321/1321/1321
f 1293/1293/1293 1322/1322/1322 1318/1318/1318
f 1322/1322/1322 1321/1321/1321 1318/1318/1318
f 1322/1322/1322 1293/1293/1293 988/988/988
f 1322/1322/1322 988/988/988 1323/1323/1323
f 988/988/988 712/712/712 1323/1323/1323
f 712/712/712 714/714/714 1323/1323/1323
f 1324/1324/1324 1322/1322/1322 1323/1323/1323
f 714/714/714 1324/1324/1324 1323/1323/1323
f 1321/1321/1321 1322/1322/1322 1325/1325/1325
f 1324/1324/1324 1325/1325/1325 1322/1322/1322
f 714/714/714 1326/1326/1326 1324/1324/1324
f 713/713/713 1326/1326/1326 714/714/714
f 1325/1325/1325 1327/1327/1327 1321/1321/1321
f 1328/1328/1328 1321/1321/1321 1327/1327/1327
f 1325/1325/1325 1324/1324/1324 1329/1329/1329
f 1325/1325/1325 1329/1329/1329 1327/1327/1327
f 1326/1326/1326 1329/1329/1329 1324/1324/1324
f 1329/1329/1329 1330/1330/1330 1327/1327/1327
f 1326/1326/1326 713/713/713 1331/1331/1331
f 1326/1326/1326 1331/1331/1331 1329/1329/1329
f 1329/1329/1329 1331/1331/1331 1330/1330/1330
f 713/713/713 686/686/686 1331/1331/1331
f 1331/1331/1331 1332/1332/1332 1330/1330/1330
f 1331/1331/1331 686/686/686 1332/1332/1332
f 686/686/686 677/677/677 1332/1332/1332
f 677/677/677 1333/1333/1333 1332/1332/1332
f 1336/1336/1336 1335/1335/1335 1334/1334/1334
f 1337/1337/1337 1336/1336/1336 1334/1334/1334
f 1336/1336/1336 1337/1337/1337 1338/1338/1338
f 1339/1339/1339 1336/1336/1336 1338/1338/1338
f 1340/1340/1340 1339/1339/1339 1338/1338/1338
f 1341/1341/1341 1340/1340/1340 1338/1338/1338
f 1342/1342/1342 1337/1337/1337 1334/1334/1334
f 1342/1342/1342 1334/1334/1334 1343/1343/1343
f 1341/1341/1341 1338/1338/1338 1344/1344/1344
f 1345/1345/1345 1341/1341/1341 1344/1344/1344
f 1346/1346/1346 1345/1345/1345 1344/1344/1344
f 1346/1346/1346 1344/1344/1344 1347/1347/1347
f 1348/1348/1348 1342/1342/1342 1343/1343/1343
f 1348/1348/1348 1343/1343/1343 1349/1349/1349
f 1338/1338/1338 1337/1337/1337 1350/1350/1350
f 1344/1344/1344 1338/1338/1338 1351/1351/1351
f 1351/1351/1351 1338/1338/1338 1350/1350/1350
f 1352/1352/1352 1337/1337/1337 1342/1342/1342
f 1350/1350/1350 1337/1337/1337 1352/1352/1352
f 1353/1353/1353 1347/1347/1347 1344/1344/1344
f 1351/1351/1351 1353/1353/1353 1344/1344/1344
f 1354/1354/1354 1342/1342/1342 1348/1348/1348
f 1354/1354/1354 1352/1352/1352 1342/1342/1342
f 1355/1355/1355 1348/1348/1348 1349/1349/1349
f 1354/1354/1354 1348/1348/1348 1356/1356/1356
f 1355/1355/1355 1356/1356/1356 1348/1348/1348
f 1355/1355/1355 1349/1349/1349 596/596/596
f 1357/1357/1357 596/596/596 1349/1349/1349
f 596/596/596 602/602/602 1355/1355/1355
f 1356/1356/1356 1355/1355/1355 602/602/602
f 1352/1352/1352 1354/1354/1354 1358/1358/1358
f 1358/1358/1358 1354/1354/1354 1356/1356/1356
f 1359/1359/1359 1350/1350/1350 1352/1352/1352
f 1352/1352/1352 1358/1358/1358 1359/1359/1359
f 1360/1360/1360 1351/1351/1351 1350/1350/1350
f 1359/1359/1359 1360/1360/1360 1350/1350/1350
f 602/602/602 1361/1361/1361 1356/1356/1356
f 1361/1361/1361 602/602/602 127/127/127
f 1362/1362/1362 1359/1359/1359 1358/1358/1358
f 1362/1362/1362 1360/1360/1360 1359/1359/1359
f 1358/1358/1358 1356/1356/1356 1363/1363/1363
f 1356/1356/1356 1361/1361/1361 1363/1363/1363
f 1362/1362/1362 1358/1358/1358 1363/1363/1363
f 127/127/127 1364/1364/1364 1361/1361/1361
f 1361/1361/1361 1364/1364/1364 1363/1363/1363
f 1364/1364/1364 1362/1362/1362 1363/1363/1363
f 127/127/127 152/152/152 1364/1364/1364
f 1362/1362/1362 1364/1364/1364 152/152/152
f 152/152/152 153/153/153 1362/1362/1362
f 1362/1362/1362 153/153/153 1360/1360/1360
f 153/153/153 157/157/157 1360/1360/1360
f 1351/1351/1351 1360/1360/1360 157/157/157
f 1353/1353/1353 1351/1351/1351 157/157/157
f 1365/1365/1365 1353/1353/1353 157/157/157
f 157/157/157 1366/1366/1366 1365/1365/1365
f 157/157/157 172/172/172 1366/1366/1366
f 1353/1353/1353 1365/1365/1365 1367/1367/1367
f 1365/1365/1365 1366/1366/1366 1368/1368/1368
f 1367/1367/1367 1365/1365/1365 1368/1368/1368
f 1369/1369/1369 1366/1366/1366 172/172/172
f 1366/1366/1366 1369/1369/1369 1368/1368/1368
f 1367/1367/1367 1370/1370/1370 1353/1353/1353
f 1347/1347/1347 1353/1353/1353 1370/1370/1370
f 1370/1370/1370 1371/1371/1371 1347/1347/1347
f 1372/1372/1372 1347/1347/1347 1371/1371/1371
f 1370/1370/1370 1373/1373/1373 1371/1371/1371
f 1370/1370/1370 1367/1367/1367 1373/1373/1373
f 1373/1373/1373 1374/1374/1374 1371/1371/1371
f 1375/1375/1375 1367/1367/1367 1368/1368/1368
f 1369/1369/1369 1375/1375/1375 1368/1368/1368
f 1369/1369/1369 172/172/172 1376/1376/1376
f 172/172/172 181/181/181 1376/1376/1376
f 1373/1373/1373 1377/1377/1377 1374/1374/1374
f 1377/1377/1377 1378/1378/1378 1374/1374/1374
f 1379/1379/1379 1373/1373/1373 1367/1367/1367
f 1375/1375/1375 1379/1379/1379 1367/1367/1367
f 1379/1379/1379 1377/1377/1377 1373/1373/1373
f 1369/1369/1369 1380/1380/1380 1375/1375/1375
f 1369/1369/1369 1376/1376/1376 1380/1380/1380
f 1376/1376/1376 181/181/181 1381/1381/1381
f 1380/1380/1380 1376/1376/1376 1381/1381/1381
f 181/181/181 215/215/215 1381/1381/1381
f 215/215/215 1382/1382/1382 1381/1381/1381
f 1383/1383/1383 1379/1379/1379 1375/1375/1375
f 1383/1383/1383 1375/1375/1375 1380/1380/1380
f 1379/1379/1379 1383/1383/1383 1377/1377/1377
f 1380/1380/1380 1381/1381/1381 1383/1383/1383
f 1383/1383/1383 1384/1384/1384 1377/1377/1377
f 1381/1381/1381 1384/1384/1384 1383/1383/1383
f 1377/1377/1377 1384/1384/1384 1378/1378/1378
f 1382/1382/1382 1384/1384/1384 1381/1381/1381
f 1384/1384/1384 1385/1385/1385 1378/1378/1378
f 1385/1385/1385 1384/1384/1384 1382/1382/1382
f 1385/1385/1385 1386/1386/1386 1378/1378/1378
f 1387/1387/1387 1385/1385/1385 1382/1382/1382
f 1388/1388/1388 1387/1387/1387 1382/1382/1382
f 1389/1389/1389 1388/1388/1388 1382/1382/1382
f 1390/1390/1390 1382/1382/1382 215/215/215
f 1389/1389/1389 1382/1382/1382 1390/1390/1390
f 1391/1391/1391 1389/1389/1389 1390/1390/1390
f 1392/1392/1392 1391/1391/1391 1390/1390/1390
f 215/215/215 212/212/212 1390/1390/1390
f 1392/1392/1392 1390/1390/1390 1393/1393/1393
f 1393/1393/1393 1390/1390/1390 212/212/212
f 1393/1393/1393 212/212/212 1394/1394/1394
f 1394/1394/1394 212/212/212 202/202/202
f 1394/1394/1394 1395/1395/1395 1393/1393/1393
f 1396/1396/1396 1393/1393/1393 1395/1395/1395
f 1394/1394/1394 1397/1397/1397 1395/1395/1395
f 1394/1394/1394 202/202/202 1397/1397/1397
f 1397/1397/1397 1398/1398/1398 1395/1395/1395
f 1397/1397/1397 1399/1399/1399 1398/1398/1398
f 1399/1399/1399 1400/1400/1400 1398/1398/1398
f 1401/1401/1401 1397/1397/1397 202/202/202
f 1401/1401/1401 1399/1399/1399 1397/1397/1397
f 1401/1401/1401 1402/1402/1402 1399/1399/1399
f 1403/1403/1403 1401/1401/1401 202/202/202
f 1402/1402/1402 1401/1401/1401 1403/1403/1403
f 1403/1403/1403 202/202/202 201/201/201
f 1402/1402/1402 1403/1403/1403 201/201/201
f 1399/1399/1399 1404/1404/1404 1400/1400/1400
f 1402/1402/1402 1404/1404/1404 1399/1399/1399
f 1404/1404/1404 1405/1405/1405 1400/1400/1400
f 1405/1405/1405 1404/1404/1404 1406/1406/1406
f 1405/1405/1405 1407/1407/1407 1400/1400/1400
f 1408/1408/1408 1405/1405/1405 1406/1406/1406
f 1409/1409/1409 1408/1408/1408 1406/1406/1406
f 1410/1410/1410 1409/1409/1409 1406/1406/1406
f 1404/1404/1404 1402/1402/1402 1411/1411/1411
f 1411/1411/1411 1406/1406/1406 1404/1404/1404
f 1410/1410/1410 1406/1406/1406 1412/1412/1412
f 1413/1413/1413 1410/1410/1410 1412/1412/1412
f 1414/1414/1414 1413/1413/1413 1412/1412/1412
f 1414/1414/1414 1412/1412/1412 1415/1415/1415
f 1412/1412/1412 1406/1406/1406 1416/1416/1416
f 1416/1416/1416 1406/1406/1406 1411/1411/1411
f 1417/1417/1417 1415/1415/1415 1412/1412/1412
f 1416/1416/1416 1417/1417/1417 1412/1412/1412
f 1411/1411/1411 1402/1402/1402 1418/1418/1418
f 1419/1419/1419 1416/1416/1416 1411/1411/1411
f 1411/1411/1411 1418/1418/1418 1419/1419/1419
f 1416/1416/1416 1419/1419/1419 1182/1182/1182
f 1417/1417/1417 1416/1416/1416 1182/1182/1182
f 1176/1176/1176 1182/1182/1182 1419/1419/1419
f 1418/1418/1418 1176/1176/1176 1419/1419/1419
f 1420/1420/1420 1417/1417/1417 1182/1182/1182
f 1402/1402/1402 1421/1421/1421 1418/1418/1418
f 1421/1421/1421 1176/1176/1176 1418/1418/1418
f 1402/1402/1402 201/201/201 1421/1421/1421
f 1184/1184/1184 1176/1176/1176 1421/1421/1421
f 1422/1422/1422 1421/1421/1421 201/201/201
f 1422/1422/1422 1184/1184/1184 1421/1421/1421
f 1422/1422/1422 201/201/201 203/203/203
f 1184/1184/1184 1422/1422/1422 1175/1175/1175
f 1422/1422/1422 203/203/203 1175/1175/1175
f 1417/1417/1417 1420/1420/1420 1423/1423/1423
f 1423/1423/1423 1424/1424/1424 1417/1417/1417
f 1415/1415/1415 1417/1417/1417 1424/1424/1424
f 1424/1424/1424 1425/1425/1425 1415/1415/1415
f 1426/1426/1426 1415/1415/1415 1425/1425/1425
f 1424/1424/1424 1427/1427/1427 1425/1425/1425
f 1424/1424/1424 1423/1423/1423 1427/1427/1427
f 1427/1427/1427 1428/1428/1428 1425/1425/1425
f 1427/1427/1427 1429/1429/1429 1428/1428/1428
f 1429/1429/1429 1430/1430/1430 1428/1428/1428
f 1431/1431/1431 1427/1427/1427 1423/1423/1423
f 1431/1431/1431 1429/1429/1429 1427/1427/1427
f 1423/1423/1423 1420/1420/1420 1432/1432/1432
f 1433/1433/1433 1431/1431/1431 1423/1423/1423
f 1433/1433/1433 1423/1423/1423 1432/1432/1432
f 1431/1431/1431 1434/1434/1434 1429/1429/1429
f 1434/1434/1434 1431/1431/1431 1433/1433/1433
f 1429/1429/1429 1435/1435/1435 1430/1430/1430
f 1434/1434/1434 1435/1435/1435 1429/1429/1429
f 1420/1420/1420 1436/1436/1436 1432/1432/1432
f 1182/1182/1182 1436/1436/1436 1420/1420/1420
f 1437/1437/1437 1433/1433/1433 1432/1432/1432
f 1436/1436/1436 1437/1437/1437 1432/1432/1432
f 1434/1434/1434 1433/1433/1433 1438/1438/1438
f 1437/1437/1437 1438/1438/1438 1433/1433/1433
f 1438/1438/1438 1439/1439/1439 1434/1434/1434
f 1439/1439/1439 1435/1435/1435 1434/1434/1434
f 1440/1440/1440 1435/1435/1435 1439/1439/1439
f 1435/1435/1435 1441/1441/1441 1430/1430/1430
f 1441/1441/1441 1435/1435/1435 1440/1440/1440
f 1441/1441/1441 1442/1442/1442 1430/1430/1430
f 1443/1443/1443 1441/1441/1441 1440/1440/1440
f 1444/1444/1444 1443/1443/1443 1440/1440/1440
f 1445/1445/1445 1444/1444/1444 1440/1440/1440
f 1438/1438/1438 1446/1446/1446 1439/1439/1439
f 1437/1437/1437 1446/1446/1446 1438/1438/1438
f 1437/1437/1437 1436/1436/1436 1447/1447/1447
f 1182/1182/1182 1447/1447/1447 1436/1436/1436
f 1448/1448/1448 1440/1440/1440 1439/1439/1439
f 1446/1446/1446 1448/1448/1448 1439/1439/1439
f 1445/1445/1445 1440/1440/1440 1449/1449/1449
f 1449/1449/1449 1440/1440/1440 1448/1448/1448
f 1450/1450/1450 1445/1445/1445 1449/1449/1449
f 1451/1451/1451 1450/1450/1450 1449/1449/1449
f 1448/1448/1448 1452/1452/1452 1449/1449/1449
f 1453/1453/1453 1449/1449/1449 1452/1452/1452
f 1451/1451/1451 1449/1449/1449 1453/1453/1453
f 1447/1447/1447 1217/1217/1217 1437/1437/1437
f 1437/1437/1437 1217/1217/1217 1446/1446/1446
f 1220/1220/1220 1217/1217/1217 1447/1447/1447
f 1220/1220/1220 1447/1447/1447 1182/1182/1182
f 1217/1217/1217 1218/1218/1218 1446/1446/1446
f 1448/1448/1448 1446/1446/1446 1218/1218/1218
f 1452/1452/1452 1448/1448/1448 1218/1218/1218
f 1454/1454/1454 1220/1220/1220 1182/1182/1182
f 1454/1454/1454 1182/1182/1182 1455/1455/1455
f 1456/1456/1456 1455/1455/1455 1182/1182/1182
f 1182/1182/1182 1188/1188/1188 1456/1456/1456
f 1188/1188/1188 1457/1457/1457 1456/1456/1456
f 1458/1458/1458 1452/1452/1452 1218/1218/1218
f 1218/1218/1218 1459/1459/1459 1458/1458/1458
f 1218/1218/1218 1460/1460/1460 1459/1459/1459
f 1230/1230/1230 1460/1460/1460 1218/1218/1218
f 1230/1230/1230 1268/1268/1268 1460/1460/1460
f 1461/1461/1461 1459/1459/1459 1460/1460/1460
f 1460/1460/1460 1268/1268/1268 1461/1461/1461
f 1462/1462/1462 1458/1458/1458 1459/1459/1459
f 1459/1459/1459 1461/1461/1461 1462/1462/1462
f 1458/1458/1458 1462/1462/1462 1463/1463/1463
f 1458/1458/1458 1463/1463/1463 1452/1452/1452
f 1463/1463/1463 1462/1462/1462 1464/1464/1464
f 1462/1462/1462 1461/1461/1461 1464/1464/1464
f 1461/1461/1461 1268/1268/1268 1465/1465/1465
f 1268/1268/1268 1269/1269/1269 1465/1465/1465
f 1452/1452/1452 1463/1463/1463 1466/1466/1466
f 1463/1463/1463 1464/1464/1464 1466/1466/1466
f 1452/1452/1452 1466/1466/1466 1467/1467/1467
f 1452/1452/1452 1467/1467/1467 1468/1468/1468
f 1453/1453/1453 1452/1452/1452 1468/1468/1468
f 1468/1468/1468 1469/1469/1469 1453/1453/1453
f 1470/1470/1470 1453/1453/1453 1469/1469/1469
f 1468/1468/1468 1471/1471/1471 1469/1469/1469
f 1468/1468/1468 1466/1466/1466 1471/1471/1471
f 1471/1471/1471 1472/1472/1472 1469/1469/1469
f 1473/1473/1473 1471/1471/1471 1466/1466/1466
f 1464/1464/1464 1473/1473/1473 1466/1466/1466
f 1471/1471/1471 1474/1474/1474 1472/1472/1472
f 1473/1473/1473 1474/1474/1474 1471/1471/1471
f 1474/1474/1474 1475/1475/1475 1472/1472/1472
f 1476/1476/1476 1473/1473/1473 1464/1464/1464
f 1473/1473/1473 1476/1476/1476 1474/1474/1474
f 1474/1474/1474 1477/1477/1477 1475/1475/1475
f 1476/1476/1476 1477/1477/1477 1474/1474/1474
f 1478/1478/1478 1476/1476/1476 1464/1464/1464
f 1461/1461/1461 1478/1478/1478 1464/1464/1464
f 1461/1461/1461 1465/1465/1465 1478/1478/1478
f 1478/1478/1478 1479/1479/1479 1476/1476/1476
f 1478/1478/1478 1465/1465/1465 1479/1479/1479
f 1479/1479/1479 1477/1477/1477 1476/1476/1476
f 1480/1480/1480 1477/1477/1477 1479/1479/1479
f 1477/1477/1477 1481/1481/1481 1475/1475/1475
f 1481/1481/1481 1477/1477/1477 1480/1480/1480
f 1481/1481/1481 1482/1482/1482 1475/1475/1475
f 1483/1483/1483 1481/1481/1481 1480/1480/1480
f 1484/1484/1484 1483/1483/1483 1480/1480/1480
f 1485/1485/1485 1484/1484/1484 1480/1480/1480
f 1465/1465/1465 1486/1486/1486 1479/1479/1479
f 1486/1486/1486 1480/1480/1480 1479/1479/1479
f 1486/1486/1486 1465/1465/1465 1269/1269/1269
f 1302/1302/1302 1486/1486/1486 1269/1269/1269
f 1485/1485/1485 1480/1480/1480 1487/1487/1487
f 1487/1487/1487 1480/1480/1480 1486/1486/1486
f 1486/1486/1486 1302/1302/1302 1487/1487/1487
f 1488/1488/1488 1485/1485/1485 1487/1487/1487
f 1302/1302/1302 1311/1311/1311 1487/1487/1487
f 1489/1489/1489 1488/1488/1488 1487/1487/1487
f 1489/1489/1489 1487/1487/1487 1311/1311/1311
f 1492/1492/1492 1491/1491/1491 1490/1490/1490
f 1491/1491/1491 1493/1493/1493 1490/1490/1490
f 1491/1491/1491 1494/1494/1494 1493/1493/1493
f 1494/1494/1494 1495/1495/1495 1493/1493/1493
f 1494/1494/1494 1496/1496/1496 1495/1495/1495
f 1496/1496/1496 1497/1497/1497 1495/1495/1495
f 1500/1500/1500 1499/1499/1499 1498/1498/1498
f 1500/1500/1500 1501/1501/1501 1499/1499/1499
f 1501/1501/1501 1502/1502/1502 1499/1499/1499
f 1501/1501/1501 1503/1503/1503 1502/1502/1502
f 1503/1503/1503 1504/1504/1504 1502/1502/1502
f 1503/1503/1503 1505/1505/1505 1504/1504/1504
f 1508/1508/1508 1507/1507/1507 1506/1506/1506
f 1507/1507/1507 1509/1509/1509 1506/1506/1506
f 1507/1507/1507 1510/1510/1510 1509/1509/1509
f 1510/1510/1510 1511/1511/1511 1509/1509/1509
f 1510/1510/1510 1512/1512/1512 1511/1511/1511
f 1512/1512/1512 1513/1513/1513 1511/1511/1511
f 1516/1516/1516 1515/1515/1515 1514/1514/1514
f 1516/1516/1516 1517/1517/1517 1515/1515/1515
f 1517/1517/1517 1518/1518/1518 1515/1515/1515
f 1517/1517/1517 1519/1519/1519 1518/1518/1518
f 1519/1519/1519 1520/1520/1520 1518/1518/1518
f 1519/1519/1519 1521/1521/1521 1520/1520/1520
f 1524/1524/1524 1523/1523/1523 1522/1522/1522
f 1523/1523/1523 1525/1525/1525 1522/1522/1522
f 1528/1528/1528 1527/1527/1527 1526/1526/1526
f 1529/1529/1529 1528/1528/1528 1526/1526/1526
f 1532/1532/1532 1531/1531/1531 1530/1530/1530
f 1532/1532/1532 1533/1533/1533 1531/1531/1531
f 1533/1533/1533 1534/1534/1534 1531/1531/1531
f 1534/1534/1534 1533/1533/1533 1535/1535/1535
f 1533/1533/1533 1532/1532/1532 1536/1536/1536
f 1532/1532/1532 1537/1537/1537 1536/1536/1536
f 1538/1538/1538 1534/1534/1534 1535/1535/1535
f 1538/1538/1538 1539/1539/1539 1534/1534/1534
f 1538/1538/1538 1535/1535/1535 1540/1540/1540
f 1538/1538/1538 1540/1540/1540 1541/1541/1541
f 1535/1535/1535 1542/1542/1542 1540/1540/1540
f 1542/1542/1542 1535/1535/1535 1543/1543/1543
f 1544/1544/1544 1542/1542/1542 1543/1543/1543
f 1545/1545/1545 1542/1542/1542 1544/1544/1544
f 1546/1546/1546 1544/1544/1544 1543/1543/1543
f 1547/1547/1547 1546/1546/1546 1543/1543/1543
f 1548/1548/1548 1547/1547/1547 1543/1543/1543
f 1548/1548/1548 1549/1549/1549 1547/1547/1547
f 1550/1550/1550 1549/1549/1549 1548/1548/1548
f 1549/1549/1549 1550/1550/1550 1551/1551/1551
f 1550/1550/1550 1548/1548/1548 1552/1552/1552
f 1550/1550/1550 1552/1552/1552 1553/1553/1553
f 1554/1554/1554 1552/1552/1552 1548/1548/1548
f 1554/1554/1554 1548/1548/1548 1555/1555/1555
f 1554/1554/1554 1555/1555/1555 1556/1556/1556
f 1554/1554/1554 1556/1556/1556 1557/1557/1557
f 1555/1555/1555 1558/1558/1558 1556/1556/1556
f 1558/1558/1558 1559/1559/1559 1556/1556/1556
f 1558/1558/1558 1555/1555/1555 1560/1560/1560
f 1561/1561/1561 1548/1548/1548 1543/1543/1543
f 1562/1562/1562 1555/1555/1555 1548/1548/1548
f 1561/1561/1561 1562/1562/1562 1548/1548/1548
f 1563/1563/1563 1561/1561/1561 1543/1543/1543
f 1563/1563/1563 1543/1543/1543 1535/1535/1535
f 1564/1564/1564 1563/1563/1563 1535/1535/1535
f 1564/1564/1564 1535/1535/1535 1533/1533/1533
f 1555/1555/1555 1565/1565/1565 1560/1560/1560
f 1562/1562/1562 1566/1566/1566 1555/1555/1555
f 1566/1566/1566 1565/1565/1565 1555/1555/1555
f 1565/1565/1565 1567/1567/1567 1560/1560/1560
f 1567/1567/1567 1568/1568/1568 1560/1560/1560
f 1569/1569/1569 1567/1567/1567 1565/1565/1565
f 1569/1569/1569 1565/1565/1565 1570/1570/1570
f 1569/1569/1569 1571/1571/1571 1567/1567/1567
f 1569/1569/1569 1570/1570/1570 1572/1572/1572
f 1566/1566/1566 1573/1573/1573 1565/1565/1565
f 1573/1573/1573 1570/1570/1570 1565/1565/1565
f 1572/1572/1572 1570/1570/1570 1574/1574/1574
f 1572/1572/1572 1574/1574/1574 1575/1575/1575
f 1570/1570/1570 1576/1576/1576 1574/1574/1574
f 1576/1576/1576 1577/1577/1577 1574/1574/1574
f 1576/1576/1576 1570/1570/1570 1578/1578/1578
f 1576/1576/1576 1578/1578/1578 1579/1579/1579
f 1580/1580/1580 1579/1579/1579 1578/1578/1578
f 1580/1580/1580 1578/1578/1578 1581/1581/1581
f 1573/1573/1573 1582/1582/1582 1570/1570/1570
f 1582/1582/1582 1578/1578/1578 1570/1570/1570
f 1583/1583/1583 1581/1581/1581 1578/1578/1578
f 1581/1581/1581 1583/1583/1583 1584/1584/1584
f 1583/1583/1583 1578/1578/1578 1585/1585/1585
f 1586/1586/1586 1583/1583/1583 1585/1585/1585
f 1586/1586/1586 1585/1585/1585 1587/1587/1587
f 1588/1588/1588 1587/1587/1587 1585/1585/1585
f 1582/1582/1582 1589/1589/1589 1578/1578/1578
f 1589/1589/1589 1585/1585/1585 1578/1578/1578
f 1588/1588/1588 1585/1585/1585 1590/1590/1590
f 1588/1588/1588 1590/1590/1590 1591/1591/1591
f 1592/1592/1592 1590/1590/1590 1585/1585/1585
f 1592/1592/1592 1593/1593/1593 1590/1590/1590
f 1593/1593/1593 1592/1592/1592 1594/1594/1594
f 1595/1595/1595 1594/1594/1594 1592/1592/1592
f 1589/1589/1589 1596/1596/1596 1585/1585/1585
f 1596/1596/1596 1592/1592/1592 1585/1585/1585
f 1595/1595/1595 1592/1592/1592 1597/1597/1597
f 1598/1598/1598 1597/1597/1597 1592/1592/1592
f 1595/1595/1595 1597/1597/1597 1599/1599/1599
f 1600/1600/1600 1597/1597/1597 1598/1598/1598
f 1596/1596/1596 1601/1601/1601 1592/1592/1592
f 1601/1601/1601 1598/1598/1598 1592/1592/1592
f 1602/1602/1602 1600/1600/1600 1598/1598/1598
f 1603/1603/1603 1600/1600/1600 1602/1602/1602
f 1602/1602/1602 1598/1598/1598 1604/1604/1604
f 1602/1602/1602 1604/1604/1604 1605/1605/1605
f 1606/1606/1606 1604/1604/1604 1598/1598/1598
f 1604/1604/1604 1606/1606/1606 1607/1607/1607
f 1601/1601/1601 1608/1608/1608 1598/1598/1598
f 1608/1608/1608 1606/1606/1606 1598/1598/1598
f 1609/1609/1609 1601/1601/1601 1596/1596/1596
f 1610/1610/1610 1608/1608/1608 1601/1601/1601
f 1610/1610/1610 1601/1601/1601 1609/1609/1609
f 1609/1609/1609 1596/1596/1596 1611/1611/1611
f 1611/1611/1611 1596/1596/1596 1589/1589/1589
f 1611/1611/1611 1589/1589/1589 1612/1612/1612
f 1612/1612/1612 1589/1589/1589 1582/1582/1582
f 1612/1612/1612 1582/1582/1582 1613/1613/1613
f 1613/1613/1613 1582/1582/1582 1573/1573/1573
f 1613/1613/1613 1573/1573/1573 1614/1614/1614
f 1614/1614/1614 1573/1573/1573 1566/1566/1566
f 1615/1615/1615 1612/1612/1612 1613/1613/1613
f 1615/1615/1615 1613/1613/1613 1614/1614/1614
f 1616/1616/1616 1611/1611/1611 1612/1612/1612
f 1616/1616/1616 1612/1612/1612 1615/1615/1615
f 1617/1617/1617 1609/1609/1609 1611/1611/1611
f 1617/1617/1617 1611/1611/1611 1616/1616/1616
f 1618/1618/1618 1610/1610/1610 1609/1609/1609
f 1618/1618/1618 1609/1609/1609 1617/1617/1617
f 1614/1614/1614 1566/1566/1566 1619/1619/1619
f 1619/1619/1619 1566/1566/1566 1562/1562/1562
f 1619/1619/1619 1562/1562/1562 1620/1620/1620
f 1620/1620/1620 1562/1562/1562 1561/1561/1561
f 1620/1620/1620 1561/1561/1561 1621/1621/1621
f 1621/1621/1621 1561/1561/1561 1563/1563/1563
f 1621/1621/1621 1563/1563/1563 1622/1622/1622
f 1564/1564/1564 1622/1622/1622 1563/1563/1563
f 1616/1616/1616 1623/1623/1623 1617/1617/1617
f 1617/1617/1617 1623/1623/1623 1624/1624/1624
f 1617/1617/1617 1624/1624/1624 1618/1618/1618
f 1616/1616/1616 1625/1625/1625 1623/1623/1623
f 1616/1616/1616 1626/1626/1626 1625/1625/1625
f 1618/1618/1618 1624/1624/1624 1627/1627/1627
f 1616/1616/1616 1615/1615/1615 1626/1626/1626
f 1615/1615/1615 1628/1628/1628 1626/1626/1626
f 1615/1615/1615 1629/1629/1629 1628/1628/1628
f 1614/1614/1614 1629/1629/1629 1615/1615/1615
f 1614/1614/1614 1630/1630/1630 1629/1629/1629
f 1619/1619/1619 1630/1630/1630 1614/1614/1614
f 1631/1631/1631 1630/1630/1630 1619/1619/1619
f 1632/1632/1632 1631/1631/1631 1619/1619/1619
f 1632/1632/1632 1619/1619/1619 1620/1620/1620
f 1633/1633/1633 1632/1632/1632 1620/1620/1620
f 1633/1633/1633 1620/1620/1620 1634/1634/1634
f 1634/1634/1634 1620/1620/1620 1621/1621/1621
f 1635/1635/1635 1634/1634/1634 1621/1621/1621
f 1635/1635/1635 1621/1621/1621 1622/1622/1622
f 1636/1636/1636 1635/1635/1635 1622/1622/1622
f 1636/1636/1636 1622/1622/1622 1637/1637/1637
f 1637/1637/1637 1622/1622/1622 1638/1638/1638
f 1639/1639/1639 1637/1637/1637 1638/1638/1638
f 1564/1564/1564 1638/1638/1638 1622/1622/1622
f 1639/1639/1639 1638/1638/1638 1640/1640/1640
f 1641/1641/1641 1639/1639/1639 1640/1640/1640
f 1641/1641/1641 1640/1640/1640 1642/1642/1642
f 1643/1643/1643 1638/1638/1638 1564/1564/1564
f 1643/1643/1643 1640/1640/1640 1638/1638/1638
f 1643/1643/1643 1564/1564/1564 1533/1533/1533
f 1644/1644/1644 1642/1642/1642 1640/1640/1640
f 1644/1644/1644 1640/1640/1640 1643/1643/1643
f 1645/1645/1645 1642/1642/1642 1644/1644/1644
f 1646/1646/1646 1645/1645/1645 1644/1644/1644
f 1643/1643/1643 1533/1533/1533 1647/1647/1647
f 1533/1533/1533 1536/1536/1536 1647/1647/1647
f 1647/1647/1647 1536/1536/1536 1648/1648/1648
f 1646/1646/1646 1644/1644/1644 1649/1649/1649
f 1650/1650/1650 1646/1646/1646 1649/1649/1649
f 1651/1651/1651 1644/1644/1644 1643/1643/1643
f 1651/1651/1651 1643/1643/1643 1647/1647/1647
f 1649/1649/1649 1644/1644/1644 1651/1651/1651
f 1650/1650/1650 1649/1649/1649 1652/1652/1652
f 1653/1653/1653 1650/1650/1650 1652/1652/1652
f 1654/1654/1654 1653/1653/1653 1652/1652/1652
f 1655/1655/1655 1649/1649/1649 1651/1651/1651
f 1652/1652/1652 1649/1649/1649 1655/1655/1655
f 1651/1651/1651 1647/1647/1647 1656/1656/1656
f 1655/1655/1655 1651/1651/1651 1656/1656/1656
f 1655/1655/1655 1656/1656/1656 1657/1657/1657
f 1648/1648/1648 1658/1658/1658 1647/1647/1647
f 1658/1658/1658 1656/1656/1656 1647/1647/1647
f 1659/1659/1659 1658/1658/1658 1648/1648/1648
f 1660/1660/1660 1659/1659/1659 1648/1648/1648
f 1659/1659/1659 1661/1661/1661 1658/1658/1658
f 1662/1662/1662 1656/1656/1656 1658/1658/1658
f 1662/1662/1662 1657/1657/1657 1656/1656/1656
f 1654/1654/1654 1652/1652/1652 1663/1663/1663
f 1664/1664/1664 1654/1654/1654 1663/1663/1663
f 1664/1664/1664 1663/1663/1663 1665/1665/1665
f 1666/1666/1666 1652/1652/1652 1655/1655/1655
f 1666/1666/1666 1655/1655/1655 1657/1657/1657
f 1663/1663/1663 1652/1652/1652 1666/1666/1666
f 1665/1665/1665 1663/1663/1663 1667/1667/1667
f 1668/1668/1668 1665/1665/1665 1667/1667/1667
f 1669/1669/1669 1663/1663/1663 1666/1666/1666
f 1667/1667/1667 1663/1663/1663 1669/1669/1669
f 1668/1668/1668 1667/1667/1667 1670/1670/1670
f 1671/1671/1671 1668/1668/1668 1670/1670/1670
f 1671/1671/1671 1670/1670/1670 1672/1672/1672
f 1673/1673/1673 1672/1672/1672 1670/1670/1670
f 1674/1674/1674 1672/1672/1672 1673/1673/1673
f 1675/1675/1675 1674/1674/1674 1673/1673/1673
f 1670/1670/1670 1667/1667/1667 1676/1676/1676
f 1676/1676/1676 1667/1667/1667 1669/1669/1669
f 1669/1669/1669 1666/1666/1666 1677/1677/1677
f 1666/1666/1666 1657/1657/1657 1677/1677/1677
f 1675/1675/1675 1673/1673/1673 1678/1678/1678
f 1679/1679/1679 1675/1675/1675 1678/1678/1678
f 1679/1679/1679 1678/1678/1678 1680/1680/1680
f 1681/1681/1681 1679/1679/1679 1680/1680/1680
f 1682/1682/1682 1681/1681/1681 1680/1680/1680
f 1683/1683/1683 1682/1682/1682 1680/1680/1680
f 1683/1683/1683 1680/1680/1680 1684/1684/1684
f 1685/1685/1685 1683/1683/1683 1684/1684/1684
f 1686/1686/1686 1685/1685/1685 1684/1684/1684
f 1686/1686/1686 1684/1684/1684 1687/1687/1687
f 1669/1669/1669 1677/1677/1677 1688/1688/1688
f 1676/1676/1676 1669/1669/1669 1688/1688/1688
f 1689/1689/1689 1687/1687/1687 1684/1684/1684
f 1689/1689/1689 1690/1690/1690 1687/1687/1687
f 1691/1691/1691 1690/1690/1690 1689/1689/1689
f 1691/1691/1691 1692/1692/1692 1690/1690/1690
f 1691/1691/1691 1693/1693/1693 1692/1692/1692
f 1691/1691/1691 1618/1618/1618 1693/1693/1693
f 1618/1618/1618 1627/1627/1627 1693/1693/1693
f 1691/1691/1691 1610/1610/1610 1618/1618/1618
f 1691/1691/1691 1694/1694/1694 1610/1610/1610
f 1689/1689/1689 1694/1694/1694 1691/1691/1691
f 1694/1694/1694 1608/1608/1608 1610/1610/1610
f 1689/1689/1689 1695/1695/1695 1694/1694/1694
f 1684/1684/1684 1695/1695/1695 1689/1689/1689
f 1694/1694/1694 1696/1696/1696 1608/1608/1608
f 1695/1695/1695 1696/1696/1696 1694/1694/1694
f 1608/1608/1608 1696/1696/1696 1606/1606/1606
f 1695/1695/1695 1697/1697/1697 1696/1696/1696
f 1695/1695/1695 1684/1684/1684 1697/1697/1697
f 1696/1696/1696 1698/1698/1698 1606/1606/1606
f 1696/1696/1696 1697/1697/1697 1698/1698/1698
f 1697/1697/1697 1699/1699/1699 1698/1698/1698
f 1700/1700/1700 1699/1699/1699 1697/1697/1697
f 1700/1700/1700 1697/1697/1697 1701/1701/1701
f 1684/1684/1684 1701/1701/1701 1697/1697/1697
f 1702/1702/1702 1700/1700/1700 1701/1701/1701
f 1703/1703/1703 1701/1701/1701 1684/1684/1684
f 1680/1680/1680 1703/1703/1703 1684/1684/1684
f 1702/1702/1702 1701/1701/1701 1704/1704/1704
f 1704/1704/1704 1701/1701/1701 1703/1703/1703
f 1705/1705/1705 1702/1702/1702 1704/1704/1704
f 1706/1706/1706 1703/1703/1703 1680/1680/1680
f 1706/1706/1706 1704/1704/1704 1703/1703/1703
f 1705/1705/1705 1704/1704/1704 1706/1706/1706
f 1706/1706/1706 1707/1707/1707 1705/1705/1705
f 1706/1706/1706 1708/1708/1708 1707/1707/1707
f 1680/1680/1680 1678/1678/1678 1706/1706/1706
f 1708/1708/1708 1706/1706/1706 1678/1678/1678
f 1708/1708/1708 1709/1709/1709 1707/1707/1707
f 1708/1708/1708 1710/1710/1710 1709/1709/1709
f 1710/1710/1710 1711/1711/1711 1709/1709/1709
f 1678/1678/1678 1673/1673/1673 1708/1708/1708
f 1710/1710/1710 1708/1708/1708 1673/1673/1673
f 1712/1712/1712 1710/1710/1710 1673/1673/1673
f 1710/1710/1710 1712/1712/1712 1711/1711/1711
f 1712/1712/1712 1673/1673/1673 1670/1670/1670
f 1712/1712/1712 1670/1670/1670 1676/1676/1676
f 1712/1712/1712 1676/1676/1676 1713/1713/1713
f 1712/1712/1712 1713/1713/1713 1711/1711/1711
f 1676/1676/1676 1688/1688/1688 1713/1713/1713
f 1714/1714/1714 1707/1707/1707 1709/1709/1709
f 1715/1715/1715 1714/1714/1714 1709/1709/1709
f 1716/1716/1716 1715/1715/1715 1709/1709/1709
f 1716/1716/1716 1709/1709/1709 1717/1717/1717
f 1717/1717/1717 1709/1709/1709 1718/1718/1718
f 1709/1709/1709 1711/1711/1711 1718/1718/1718
f 1717/1717/1717 1718/1718/1718 1719/1719/1719
f 1720/1720/1720 1718/1718/1718 1711/1711/1711
f 1714/1714/1714 1721/1721/1721 1707/1707/1707
f 1714/1714/1714 1722/1722/1722 1721/1721/1721
f 1723/1723/1723 1707/1707/1707 1721/1721/1721
f 1723/1723/1723 1724/1724/1724 1707/1707/1707
f 1724/1724/1724 1725/1725/1725 1707/1707/1707
f 1725/1725/1725 1726/1726/1726 1707/1707/1707
f 1725/1725/1725 1727/1727/1727 1726/1726/1726
f 1727/1727/1727 1728/1728/1728 1726/1726/1726
f 1728/1728/1728 1729/1729/1729 1726/1726/1726
f 1729/1729/1729 1730/1730/1730 1726/1726/1726
f 1730/1730/1730 1729/1729/1729 1731/1731/1731
f 1732/1732/1732 1720/1720/1720 1711/1711/1711
f 1733/1733/1733 1720/1720/1720 1732/1732/1732
f 1732/1732/1732 1711/1711/1711 1734/1734/1734
f 1732/1732/1732 1734/1734/1734 1735/1735/1735
f 1734/1734/1734 1711/1711/1711 1713/1713/1713
f 1736/1736/1736 1734/1734/1734 1713/1713/1713
f 1737/1737/1737 1730/1730/1730 1731/1731/1731
f 1737/1737/1737 1731/1731/1731 1738/1738/1738
f 1737/1737/1737 1739/1739/1739 1730/1730/1730
f 1739/1739/1739 1737/1737/1737 1740/1740/1740
f 1739/1739/1739 1741/1741/1741 1730/1730/1730
f 1739/1739/1739 1742/1742/1742 1741/1741/1741
f 1736/1736/1736 1713/1713/1713 1743/1743/1743
f 1743/1743/1743 1713/1713/1713 1688/1688/1688
f 1744/1744/1744 1736/1736/1736 1743/1743/1743
f 1744/1744/1744 1745/1745/1745 1736/1736/1736
f 1744/1744/1744 1743/1743/1743 1746/1746/1746
f 1747/1747/1747 1743/1743/1743 1688/1688/1688
f 1741/1741/1741 1742/1742/1742 1748/1748/1748
f 1742/1742/1742 1749/1749/1749 1748/1748/1748
f 1750/1750/1750 1741/1741/1741 1748/1748/1748
f 1750/1750/1750 1748/1748/1748 1751/1751/1751
f 1750/1750/1750 1752/1752/1752 1741/1741/1741
f 1753/1753/1753 1752/1752/1752 1750/1750/1750
f 1753/1753/1753 1754/1754/1754 1752/1752/1752
f 1755/1755/1755 1747/1747/1747 1688/1688/1688
f 1755/1755/1755 1688/1688/1688 1677/1677/1677
f 1747/1747/1747 1755/1755/1755 1756/1756/1756
f 1747/1747/1747 1756/1756/1756 1757/1757/1757
f 1755/1755/1755 1758/1758/1758 1756/1756/1756
f 1677/1677/1677 1759/1759/1759 1755/1755/1755
f 1677/1677/1677 1657/1657/1657 1759/1759/1759
f 1753/1753/1753 1760/1760/1760 1754/1754/1754
f 1760/1760/1760 1753/1753/1753 1761/1761/1761
f 1760/1760/1760 1762/1762/1762 1754/1754/1754
f 1760/1760/1760 1763/1763/1763 1762/1762/1762
f 1764/1764/1764 1754/1754/1754 1762/1762/1762
f 1606/1606/1606 1754/1754/1754 1764/1764/1764
f 1607/1607/1607 1606/1606/1606 1764/1764/1764
f 1607/1607/1607 1764/1764/1764 1765/1765/1765
f 1607/1607/1607 1765/1765/1765 1766/1766/1766
f 1764/1764/1764 1767/1767/1767 1765/1765/1765
f 1657/1657/1657 1768/1768/1768 1759/1759/1759
f 1769/1769/1769 1759/1759/1759 1768/1768/1768
f 1769/1769/1769 1770/1770/1770 1759/1759/1759
f 1769/1769/1769 1768/1768/1768 1771/1771/1771
f 1772/1772/1772 1768/1768/1768 1657/1657/1657
f 1772/1772/1772 1657/1657/1657 1662/1662/1662
f 1773/1773/1773 1772/1772/1772 1662/1662/1662
f 1662/1662/1662 1774/1774/1774 1773/1773/1773
f 1775/1775/1775 1772/1772/1772 1773/1773/1773
f 1778/1778/1778 1777/1777/1777 1776/1776/1776
f 1776/1776/1776 1779/1779/1779 1778/1778/1778
f 1782/1782/1782 1781/1781/1781 1780/1780/1780
f 1781/1781/1781 1783/1783/1783 1780/1780/1780
f 1786/1786/1786 1785/1785/1785 1784/1784/1784
f 1786/1786/1786 1787/1787/1787 1785/1785/1785
f 1787/1787/1787 1788/1788/1788 1785/1785/1785
f 1791/1791/1791 1790/1790/1790 1789/1789/1789
f 1792/1792/1792 1791/1791/1791 1789/1789/1789
f 1792/1792/1792 1789/1789/1789 1793/1793/1793
f 1796/1796/1796 1795/1795/1795 1794/1794/1794
f 1797/1797/1797 1795/1795/1795 1796/1796/1796
f 1797/1797/1797 1796/1796/1796 1798/1798/1798
f 1801/1801/1801 1800/1800/1800 1799/1799/1799
f 1802/1802/1802 1801/1801/1801 1799/1799/1799
f 1802/1802/1802 1799/1799/1799 1803/1803/1803
f 1806/1806/1806 1805/1805/1805 1804/1804/1804
f 1806/1806/1806 1807/1807/1807 1805/1805/1805
f 1807/1807/1807 1808/1808/1808 1805/1805/1805
f 1811/1811/1811 1810/1810/1810 1809/1809/1809
f 1810/1810/1810 1812/1812/1812 1809/1809/1809
f 1815/1815/1815 1814/1814/1814 1813/1813/1813
f 1815/1815/1815 1816/1816/1816 1814/1814/1814
f 1814/1814/1814 1816/1816/1816 1817/1817/1817
f 1820/1820/1820 1819/1819/1819 1818/1818/1818
f 1819/1819/1819 1821/1821/1821 1818/1818/1818
f 1824/1824/1824 1823/1823/1823 1822/1822/1822
f 1822/1822/1822 1825/1825/1825 1824/1824/1824
f 1828/1828/1828 1827/1827/1827 1826/1826/1826
f 1827/1827/1827 1829/1829/1829 1826/1826/1826
f 1830/1830/1830 1826/1826/1826 1829/1829/1829
f 1827/1827/1827 1831/1831/1831 1829/1829/1829
f 1832/1832/1832 1830/1830/1830 1829/1829/1829
f 1831/1831/1831 1833/1833/1833 1829/1829/1829
f 1832/1832/1832 1834/1834/1834 1830/1830/1830
f 1833/1833/1833 1831/1831/1831 1835/1835/1835
f 1834/1834/1834 1832/1832/1832 1836/1836/1836
f 1837/1837/1837 1834/1834/1834 1836/1836/1836
f 1838/1838/1838 1836/1836/1836 1832/1832/1832
f 1839/1839/1839 1838/1838/1838 1832/1832/1832
f 1839/1839/1839 1840/1840/1840 1838/1838/1838
f 1841/1841/1841 1833/1833/1833 1835/1835/1835
f 1841/1841/1841 1835/1835/1835 1842/1842/1842
f 1841/1841/1841 1843/1843/1843 1833/1833/1833
f 1843/1843/1843 1844/1844/1844 1833/1833/1833
f 1845/1845/1845 1844/1844/1844 1843/1843/1843
f 1846/1846/1846 1845/1845/1845 1843/1843/1843
f 1846/1846/1846 1847/1847/1847 1845/1845/1845
f 1846/1846/1846 1848/1848/1848 1847/1847/1847
f 1847/1847/1847 1849/1849/1849 1845/1845/1845
f 1847/1847/1847 1850/1850/1850 1849/1849/1849
f 1850/1850/1850 1851/1851/1851 1849/1849/1849
f 1852/1852/1852 1851/1851/1851 1850/1850/1850
f 1852/1852/1852 1853/1853/1853 1851/1851/1851
f 1854/1854/1854 1853/1853/1853 1852/1852/1852
f 1853/1853/1853 1855/1855/1855 1851/1851/1851
f 1853/1853/1853 1856/1856/1856 1855/1855/1855
f 1855/1855/1855 1856/1856/1856 1857/1857/1857
f 1856/1856/1856 1858/1858/1858 1857/1857/1857
f 1858/1858/1858 1859/1859/1859 1857/1857/1857
f 1859/1859/1859 1858/1858/1858 1860/1860/1860
f 1861/1861/1861 1859/1859/1859 1860/1860/1860
f 1861/1861/1861 1860/1860/1860 1862/1862/1862
f 1863/1863/1863 1859/1859/1859 1861/1861/1861
f 1863/1863/1863 1864/1864/1864 1859/1859/1859
f 1865/1865/1865 1864/1864/1864 1863/1863/1863
f 1865/1865/1865 1866/1866/1866 1864/1864/1864
f 1865/1865/1865 1867/1867/1867 1866/1866/1866
f 1866/1866/1866 1868/1868/1868 1864/1864/1864
f 1868/1868/1868 1869/1869/1869 1864/1864/1864
f 1870/1870/1870 1869/1869/1869 1868/1868/1868
f 1870/1870/1870 1871/1871/1871 1869/1869/1869
f 1870/1870/1870 1872/1872/1872 1871/1871/1871
f 1869/1869/1869 1871/1871/1871 1873/1873/1873
f 1874/1874/1874 1869/1869/1869 1873/1873/1873
f 1874/1874/1874 1873/1873/1873 1875/1875/1875
f 1875/1875/1875 1876/1876/1876 1874/1874/1874
f 1877/1877/1877 1876/1876/1876 1875/1875/1875
f 1876/1876/1876 1878/1878/1878 1874/1874/1874
f 1878/1878/1878 1879/1879/1879 1874/1874/1874
f 1878/1878/1878 1880/1880/1880 1879/1879/1879
f 1879/1879/1879 1880/1880/1880 1881/1881/1881
f 1880/1880/1880 1882/1882/1882 1881/1881/1881
f 1879/1879/1879 1881/1881/1881 1883/1883/1883
f 1884/1884/1884 1883/1883/1883 1881/1881/1881
f 1884/1884/1884 1885/1885/1885 1883/1883/1883
f 1883/1883/1883 1885/1885/1885 1886/1886/1886
f 1885/1885/1885 1887/1887/1887 1886/1886/1886
f 1883/1883/1883 1886/1886/1886 1888/1888/1888
f 1886/1886/1886 1889/1889/1889 1888/1888/1888
f 1890/1890/1890 1888/1888/1888 1889/1889/1889
f 1888/1888/1888 1890/1890/1890 1891/1891/1891
f 1890/1890/1890 1892/1892/1892 1891/1891/1891
f 1888/1888/1888 1891/1891/1891 1893/1893/1893
f 1891/1891/1891 1894/1894/1894 1893/1893/1893
f 1895/1895/1895 1893/1893/1893 1894/1894/1894
f 1896/1896/1896 1895/1895/1895 1894/1894/1894
f 1893/1893/1893 1895/1895/1895 1897/1897/1897
f 1893/1893/1893 1897/1897/1897 1898/1898/1898
f 1897/1897/1897 1899/1899/1899 1898/1898/1898
f 1900/1900/1900 1898/1898/1898 1899/1899/1899
f 1901/1901/1901 1900/1900/1900 1899/1899/1899
f 1900/1900/1900 1902/1902/1902 1898/1898/1898
f 1902/1902/1902 1903/1903/1903 1898/1898/1898
f 1904/1904/1904 1903/1903/1903 1902/1902/1902
f 1904/1904/1904 1905/1905/1905 1903/1903/1903
f 1906/1906/1906 1905/1905/1905 1904/1904/1904
f 1906/1906/1906 1907/1907/1907 1905/1905/1905
f 1906/1906/1906 1908/1908/1908 1907/1907/1907
f 1907/1907/1907 1909/1909/1909 1905/1905/1905
f 1910/1910/1910 1909/1909/1909 1907/1907/1907
f 1910/1910/1910 1911/1911/1911 1909/1909/1909
f 1911/1911/1911 1912/1912/1912 1909/1909/1909
f 1911/1911/1911 1913/1913/1913 1912/1912/1912
f 1911/1911/1911 1914/1914/1914 1913/1913/1913
f 1913/1913/1913 1915/1915/1915 1912/1912/1912
f 1913/1913/1913 1916/1916/1916 1915/1915/1915
f 1915/1915/1915 1916/1916/1916 1917/1917/1917
f 1916/1916/1916 1918/1918/1918 1917/1917/1917
f 1919/1919/1919 1915/1915/1915 1917/1917/1917
f 1919/1919/1919 1917/1917/1917 1920/1920/1920
f 1919/1919/1919 1920/1920/1920 1921/1921/1921
f 1920/1920/1920 1922/1922/1922 1921/1921/1921
f 1922/1922/1922 1923/1923/1923 1921/1921/1921
f 1924/1924/1924 1923/1923/1923 1922/1922/1922
f 1924/1924/1924 1925/1925/1925 1923/1923/1923
f 1924/1924/1924 1926/1926/1926 1925/1925/1925
f 1925/1925/1925 1927/1927/1927 1923/1923/1923
f 1927/1927/1927 1928/1928/1928 1923/1923/1923
f 1927/1927/1927 1929/1929/1929 1928/1928/1928
f 1928/1928/1928 1929/1929/1929 1930/1930/1930
f 1929/1929/1929 1931/1931/1931 1930/1930/1930
f 1932/1932/1932 1931/1931/1931 1929/1929/1929
f 1930/1930/1930 1933/1933/1933 1928/1928/1928
f 1933/1933/1933 1934/1934/1934 1928/1928/1928
f 1933/1933/1933 1935/1935/1935 1934/1934/1934
f 1936/1936/1936 1934/1934/1934 1935/1935/1935
f 1936/1936/1936 1935/1935/1935 1937/1937/1937
f 1938/1938/1938 1934/1934/1934 1936/1936/1936
f 1938/1938/1938 1939/1939/1939 1934/1934/1934
f 1940/1940/1940 1939/1939/1939 1938/1938/1938
f 1940/1940/1940 1941/1941/1941 1939/1939/1939
f 1940/1940/1940 1942/1942/1942 1941/1941/1941
f 1941/1941/1941 1943/1943/1943 1939/1939/1939
f 1943/1943/1943 1944/1944/1944 1939/1939/1939
f 1943/1943/1943 1945/1945/1945 1944/1944/1944
f 1946/1946/1946 1944/1944/1944 1945/1945/1945
f 1946/1946/1946 1945/1945/1945 1947/1947/1947
f 1946/1946/1946 1948/1948/1948 1944/1944/1944
f 1946/1946/1946 1949/1949/1949 1948/1948/1948
f 1950/1950/1950 1948/1948/1948 1949/1949/1949
f 1950/1950/1950 1951/1951/1951 1948/1948/1948
f 1950/1950/1950 1952/1952/1952 1951/1951/1951
f 1951/1951/1951 1839/1839/1839 1948/1948/1948
f 1953/1953/1953 1839/1839/1839 1951/1951/1951
f 1953/1953/1953 1840/1840/1840 1839/1839/1839
f 1954/1954/1954 1840/1840/1840 1953/1953/1953
f 1957/1957/1957 1956/1956/1956 1955/1955/1955
f 1958/1958/1958 1957/1957/1957 1955/1955/1955
f 1961/1961/1961 1960/1960/1960 1959/1959/1959
f 1959/1959/1959 1962/1962/1962 1961/1961/1961
f 1965/1965/1965 1964/1964/1964 1963/1963/1963
f 1963/1963/1963 1966/1966/1966 1965/1965/1965
f 1969/1969/1969 1968/1968/1968 1967/1967/1967
f 1970/1970/1970 1969/1969/1969 1967/1967/1967
f 1970/1970/1970 1967/1967/1967 1971/1971/1971
f 1974/1974/1974 1973/1973/1973 1972/1972/1972
f 1975/1975/1975 1974/1974/1974 1972/1972/1972
f 1978/1978/1978 1977/1977/1977 1976/1976/1976
f 1976/1976/1976 1979/1979/1979 1978/1978/1978
f 1982/1982/1982 1981/1981/1981 1980/1980/1980
f 1983/1983/1983 1982/1982/1982 1980/1980/1980
f 1986/1986/1986 1985/1985/1985 1984/1984/1984
f 1984/1984/1984 1987/1987/1987 1986/1986/1986
f 1990/1990/1990 1989/1989/1989 1988/1988/1988
f 1991/1991/1991 1990/1990/1990 1988/1988/1988
f 1991/1991/1991 1988/1988/1988 1992/1992/1992
f 1995/1995/1995 1994/1994/1994 1993/1993/1993
f 1996/1996/1996 1995/1995/1995 1993/1993/1993
f 1996/1996/1996 1993/1993/1993 1997/1997/1997
f 2000/2000/2000 1999/1999/1999 1998/1998/1998
f 2000/2000/2000 2001/2001/2001 1999/1999/1999
f 1999/1999/1999 2001/2001/2001 2002/2002/2002
f 2005/2005/2005 2004/2004/2004 2003/2003/2003
f 2006/2006/2006 2005/2005/2005 2003/2003/2003
f 2009/2009/2009 2008/2008/2008 2007/2007/2007
f 2007/2007/2007 2010/2010/2010 2009/2009/2009
f 2013/2013/2013 2012/2012/2012 2011/2011/2011
f 2014/2014/2014 2013/2013/2013 2011/2011/2011
f 2014/2014/2014 2011/2011/2011 2015/2015/2015
f 2011/2011/2011 2016/2016/2016 2015/2015/2015
f 2019/2019/2019 2018/2018/2018 2017/2017/2017
f 2018/2018/2018 2020/2020/2020 2017/2017/2017
f 2023/2023/2023 2022/2022/2022 2021/2021/2021
f 2024/2024/2024 2023/2023/2023 2021/2021/2021
f 2024/2024/2024 2021/2021/2021 2025/2025/2025
f 2028/2028/2028 2027/2027/2027 2026/2026/2026
f 2029/2029/2029 2028/2028/2028 2026/2026/2026
f 2029/2029/2029 2026/2026/2026 2030/2030/2030
f 2033/2033/2033 2032/2032/2032 2031/2031/2031
f 2031/2031/2031 2034/2034/2034 2033/2033/2033
f 2037/2037/2037 2036/2036/2036 2035/2035/2035
f 2038/2038/2038 2037/2037/2037 2035/2035/2035
f 2038/2038/2038 2035/2035/2035 2039/2039/2039
f 2042/2042/2042 2041/2041/2041 2040/2040/2040
f 2043/2043/2043 2042/2042/2042 2040/2040/2040
f 2043/2043/2043 2040/2040/2040 2044/2044/2044
f 2047/2047/2047 2046/2046/2046 2045/2045/2045
f 2045/2045/2045 2048/2048/2048 2047/2047/2047
f 2051/2051/2051 2050/2050/2050 2049/2049/2049
f 2051/2051/2051 2052/2052/2052 2050/2050/2050
f 2052/2052/2052 2053/2053/2053 2050/2050/2050
f 2056/2056/2056 2055/2055/2055 2054/2054/2054
f 2057/2057/2057 2056/2056/2056 2054/2054/2054
f 2057/2057/2057 2054/2054/2054 2058/2058/2058
f 2054/2054/2054 2059/2059/2059 2058/2058/2058
f 2062/2062/2062 2061/2061/2061 2060/2060/2060
f 2060/2060/2060 2063/2063/2063 2062/2062/2062
f 2066/2066/2066 2065/2065/2065 2064/2064/2064
f 2066/2066/2066 2067/2067/2067 2065/2065/2065
f 2067/2067/2067 2068/2068/2068 2065/2065/2065
f 2071/2071/2071 2070/2070/2070 2069/2069/2069
f 2069/2069/2069 2072/2072/2072 2071/2071/2071
f 2075/2075/2075 2074/2074/2074 2073/2073/2073
f 2076/2076/2076 2075/2075/2075 2073/2073/2073
f 2079/2079/2079 2078/2078/2078 2077/2077/2077
f 2079/2079/2079 2080/2080/2080 2078/2078/2078
f 2078/2078/2078 2080/2080/2080 2081/2081/2081
f 2084/2084/2084 2083/2083/2083 2082/2082/2082
f 2085/2085/2085 2084/2084/2084 2082/2082/2082
f 2085/2085/2085 2082/2082/2082 2086/2086/2086
f 2089/2089/2089 2088/2088/2088 2087/2087/2087
f 2089/2089/2089 2090/2090/2090 2088/2088/2088
f 2090/2090/2090 2091/2091/2091 2088/2088/2088
f 2092/2092/2092 2088/2088/2088 2091/2091/2091
f 2095/2095/2095 2094/2094/2094 2093/2093/2093
f 2095/2095/2095 2096/2096/2096 2094/2094/2094
f 2099/2099/2099 2098/2098/2098 2097/2097/2097
f 2100/2100/2100 2099/2099/2099 2097/2097/2097
f 2101/2101/2101 2100/2100/2100 2097/2097/2097
f 2104/2104/2104 2103/2103/2103 2102/2102/2102
f 2104/2104/2104 2105/2105/2105 2103/2103/2103
f 2105/2105/2105 2106/2106/2106 2103/2103/2103
f 2109/2109/2109 2108/2108/2108 2107/2107/2107
f 2109/2109/2109 2110/2110/2110 2108/2108/2108
f 2110/2110/2110 2111/2111/2111 2108/2108/2108
f 2112/2112/2112 2108/2108/2108 2111/2111/2111
f 2115/2115/2115 2114/2114/2114 2113/2113/2113
f 2115/2115/2115 2116/2116/2116 2114/2114/2114
f 2119/2119/2119 2118/2118/2118 2117/2117/2117
f 2120/2120/2120 2119/2119/2119 2117/2117/2117
f 2120/2120/2120 2117/2117/2117 2121/2121/2121
f 2117/2117/2117 2122/2122/2122 2121/2121/2121
f 2125/2125/2125 2124/2124/2124 2123/2123/2123
f 2123/2123/2123 2126/2126/2126 2125/2125/2125
f 2129/2129/2129 2128/2128/2128 2127/2127/2127
f 2129/2129/2129 2130/2130/2130 2128/2128/2128
f 2130/2130/2130 2131/2131/2131 2128/2128/2128
f 2132/2132/2132 2128/2128/2128 2131/2131/2131
f 2135/2135/2135 2134/2134/2134 2133/2133/2133
f 2135/2135/2135 2136/2136/2136 2134/2134/2134
f 2139/2139/2139 2138/2138/2138 2137/2137/2137
f 2139/2139/2139 2140/2140/2140 2138/2138/2138
f 2140/2140/2140 2141/2141/2141 2138/2138/2138
f 2144/2144/2144 2143/2143/2143 2142/2142/2142
f 2143/2143/2143 2145/2145/2145 2142/2142/2142
f 2148/2148/2148 2147/2147/2147 2146/2146/2146
f 2149/2149/2149 2148/2148/2148 2146/2146/2146
f 2149/2149/2149 2146/2146/2146 2150/2150/2150
f 2146/2146/2146 2151/2151/2151 2150/2150/2150
f 2154/2154/2154 2153/2153/2153 2152/2152/2152
f 2155/2155/2155 2154/2154/2154 2152/2152/2152
f 2155/2155/2155 2152/2152/2152 2156/2156/2156
f 2152/2152/2152 2157/2157/2157 2156/2156/2156
f 2160/2160/2160 2159/2159/2159 2158/2158/2158
f 2158/2158/2158 2161/2161/2161 2160/2160/2160
f 2164/2164/2164 2163/2163/2163 2162/2162/2162
f 2164/2164/2164 2165/2165/2165 2163/2163/2163
f 2168/2168/2168 2167/2167/2167 2166/2166/2166
f 2168/2168/2168 2169/2169/2169 2167/2167/2167
f 2169/2169/2169 2170/2170/2170 2167/2167/2167
f 2171/2171/2171 2167/2167/2167 2170/2170/2170
f 2174/2174/2174 2173/2173/2173 2172/2172/2172
f 2174/2174/2174 2175/2175/2175 2173/2173/2173
f 2175/2175/2175 2176/2176/2176 2173/2173/2173
f 2177/2177/2177 2173/2173/2173 2176/2176/2176
f 2180/2180/2180 2179/2179/2179 2178/2178/2178
f 2178/2178/2178 2181/2181/2181 2180/2180/2180
f 2184/2184/2184 2183/2183/2183 2182/2182/2182
f 2184/2184/2184 2185/2185/2185 2183/2183/2183
f 2185/2185/2185 2186/2186/2186 2183/2183/2183
f 2187/2187/2187 2183/2183/2183 2186/2186/2186
f 2190/2190/2190 2189/2189/2189 2188/2188/2188
f 2188/2188/2188 2191/2191/2191 2190/2190/2190
f 2194/2194/2194 2193/2193/2193 2192/2192/2192
f 2195/2195/2195 2194/2194/2194 2192/2192/2192
f 2195/2195/2195 2192/2192/2192 2196/2196/2196
f 2192/2192/2192 2197/2197/2197 2196/2196/2196
f 2200/2200/2200 2199/2199/2199 2198/2198/2198
f 2200/2200/2200 2201/2201/2201 2199/2199/2199
f 2204/2204/2204 2203/2203/2203 2202/2202/2202
f 2205/2205/2205 2204/2204/2204 2202/2202/2202
f 2205/2205/2205 2202/2202/2202 2206/2206/2206
f 2202/2202/2202 2207/2207/2207 2206/2206/2206
f 2210/2210/2210 2209/2209/2209 2208/2208/2208
f 2210/2210/2210 2211/2211/2211 2209/2209/2209
f 2214/2214/2214 2213/2213/2213 2212/2212/2212
f 2213/2213/2213 2215/2215/2215 2212/2212/2212
f 2218/2218/2218 2217/2217/2217 2216/2216/2216
f 2219/2219/2219 2218/2218/2218 2216/2216/2216
f 2219/2219/2219 2216/2216/2216 2220/2220/2220
f 2216/2216/2216 2221/2221/2221 2220/2220/2220
f 2224/2224/2224 2223/2223/2223 2222/2222/2222
f 2225/2225/2225 2224/2224/2224 2222/2222/2222
f 2225/2225/2225 2222/2222/2222 2226/2226/2226
f 2222/2222/2222 2227/2227/2227 2226/2226/2226
f 2230/2230/2230 2229/2229/2229 2228/2228/2228
f 2231/2231/2231 2230/2230/2230 2228/2228/2228
f 2234/2234/2234 2233/2233/2233 2232/2232/2232
f 2235/2235/2235 2233/2233/2233 2234/2234/2234
f 2235/2235/2235 2234/2234/2234 2236/2236/2236
f 2239/2239/2239 2238/2238/2238 2237/2237/2237
f 2239/2239/2239 2240/2240/2240 2238/2238/2238
f 2240/2240/2240 2241/2241/2241 2238/2238/2238
f 2242/2242/2242 2238/2238/2238 2241/2241/2241
f 2245/2245/2245 2244/2244/2244 2243/2243/2243
f 2246/2246/2246 2245/2245/2245 2243/2243/2243
f 2249/2249/2249 2248/2248/2248 2247/2247/2247
f 2249/2249/2249 2250/2250/2250 2248/2248/2248
f 2253/2253/2253 2252/2252/2252 2251/2251/2251
f 2253/2253/2253 2254/2254/2254 2252/2252/2252
f 2254/2254/2254 2255/2255/2255 2252/2252/2252
f 2256/2256/2256 2252/2252/2252 2255/2255/2255
f 2259/2259/2259 2258/2258/2258 2257/2257/2257
f 2259/2259/2259 2260/2260/2260 2258/2258/2258
f 2260/2260/2260 2261/2261/2261 2258/2258/2258
f 2262/2262/2262 2258/2258/2258 2261/2261/2261
f 2265/2265/2265 2264/2264/2264 2263/2263/2263
f 2266/2266/2266 2265/2265/2265 2263/2263/2263
f 2269/2269/2269 2268/2268/2268 2267/2267/2267
f 2270/2270/2270 2269/2269/2269 2267/2267/2267
f 2270/2270/2270 2267/2267/2267 2271/2271/2271
f 2267/2267/2267 2272/2272/2272 2271/2271/2271
f 2275/2275/2275 2274/2274/2274 2273/2273/2273
f 2276/2276/2276 2275/2275/2275 2273/2273/2273
f 2276/2276/2276 2273/2273/2273 2277/2277/2277
f 2273/2273/2273 2278/2278/2278 2277/2277/2277
f 2281/2281/2281 2280/2280/2280 2279/2279/2279
f 2281/2281/2281 2282/2282/2282 2280/2280/2280
f 2285/2285/2285 2284/2284/2284 2283/2283/2283
f 2285/2285/2285 2286/2286/2286 2284/2284/2284
f 2286/2286/2286 2287/2287/2287 2284/2284/2284
f 2288/2288/2288 2284/2284/2284 2287/2287/2287
f 2291/2291/2291 2290/2290/2290 2289/2289/2289
f 2292/2292/2292 2291/2291/2291 2289/2289/2289
f 2295/2295/2295 2294/2294/2294 2293/2293/2293
f 2295/2295/2295 2296/2296/2296 2294/2294/2294
f 2296/2296/2296 2297/2297/2297 2294/2294/2294
f 2298/2298/2298 2294/2294/2294 2297/2297/2297
f 2301/2301/2301 2300/2300/2300 2299/2299/2299
f 2302/2302/2302 2301/2301/2301 2299/2299/2299
f 2302/2302/2302 2299/2299/2299 2303/2303/2303
f 2299/2299/2299 2304/2304/2304 2303/2303/2303
f 2307/2307/2307 2306/2306/2306 2305/2305/2305
f 2305/2305/2305 2308/2308/2308 2307/2307/2307
f 2311/2311/2311 2310/2310/2310 2309/2309/2309
f 2312/2312/2312 2311/2311/2311 2309/2309/2309
f 2312/2312/2312 2309/2309/2309 2313/2313/2313
f 2309/2309/2309 2314/2314/2314 2313/2313/2313
f 2317/2317/2317 2316/2316/2316 2315/2315/2315
f 2317/2317/2317 2318/2318/2318 2316/2316/2316
f 2321/2321/2321 2320/2320/2320 2319/2319/2319
f 2320/2320/2320 2322/2322/2322 2319/2319/2319
f 2325/2325/2325 2324/2324/2324 2323/2323/2323
f 2324/2324/2324 2326/2326/2326 2323/2323/2323
f 2329/2329/2329 2328/2328/2328 2327/2327/2327
f 2327/2327/2327 2330/2330/2330 2329/2329/2329
f 2333/2333/2333 2332/2332/2332 2331/2331/2331
f 2333/2333/2333 2331/2331/2331 2334/2334/2334
f 2337/2337/2337 2336/2336/2336 2335/2335/2335
f 2338/2338/2338 2337/2337/2337 2335/2335/2335
f 2338/2338/2338 2335/2335/2335 2339/2339/2339
f 2335/2335/2335 2340/2340/2340 2339/2339/2339
f 2343/2343/2343 2342/2342/2342 2341/2341/2341
f 2343/2343/2343 2344/2344/2344 2342/2342/2342
f 2347/2347/2347 2346/2346/2346 2345/2345/2345
f 2348/2348/2348 2347/2347/2347 2345/2345/2345
f 2351/2351/2351 2350/2350/2350 2349/2349/2349
f 2351/2351/2351 2352/2352/2352 2350/2350/2350
f 2352/2352/2352 2353/2353/2353 2350/2350/2350
f 2354/2354/2354 2350/2350/2350 2353/2353/2353
f 2357/2357/2357 2356/2356/2356 2355/2355/2355
f 2356/2356/2356 2358/2358/2358 2355/2355/2355
f 2361/2361/2361 2360/2360/2360 2359/2359/2359
f 2360/2360/2360 2362/2362/2362 2359/2359/2359
f 2365/2365/2365 2364/2364/2364 2363/2363/2363
f 2365/2365/2365 2363/2363/2363 2366/2366/2366
f 2369/2369/2369 2368/2368/2368 2367/2367/2367
f 2369/2369/2369 2367/2367/2367 2370/2370/2370
f 2373/2373/2373 2372/2372/2372 2371/2371/2371
f 2373/2373/2373 2374/2374/2374 2372/2372/2372
f 2377/2377/2377 2376/2376/2376 2375/2375/2375
f 2377/2377/2377 2378/2378/2378 2376/2376/2376
f 2381/2381/2381 2380/2380/2380 2379/2379/2379
f 2381/2381/2381 2379/2379/2379 2382/2382/2382
f 2385/2385/2385 2384/2384/2384 2383/2383/2383
f 2385/2385/2385 2386/2386/2386 2384/2384/2384
f 2386/2386/2386 2387/2387/2387 2384/2384/2384
f 2390/2390/2390 2389/2389/2389 2388/2388/2388
f 2389/2389/2389 2391/2391/2391 2388/2388/2388
f 2394/2394/2394 2393/2393/2393 2392/2392/2392
f 2395/2395/2395 2394/2394/2394 2392/2392/2392
f 2398/2398/2398 2397/2397/2397 2396/2396/2396
f 2398/2398/2398 2399/2399/2399 2397/2397/2397
f 2402/2402/2402 2401/2401/2401 2400/2400/2400
f 2402/2402/2402 2403/2403/2403 2401/2401/2401
f 2406/2406/2406 2405/2405/2405 2404/2404/2404
f 2407/2407/2407 2406/2406/2406 2404/2404/2404
f 2410/2410/2410 2409/2409/2409 2408/2408/2408
f 2410/2410/2410 2411/2411/2411 2409/2409/2409
f 2414/2414/2414 2413/2413/2413 2412/2412/2412
f 2414/2414/2414 2412/2412/2412 2415/2415/2415
f 2418/2418/2418 2417/2417/2417 2416/2416/2416
f 2417/2417/2417 2419/2419/2419 2416/2416/2416
f 2422/2422/2422 2421/2421/2421 2420/2420/2420
f 2420/2420/2420 2421/2421/2421 2423/2423/2423
f 2426/2426/2426 2425/2425/2425 2424/2424/2424
f 2425/2425/2425 2427/2427/2427 2424/2424/2424
f 2430/2430/2430 2429/2429/2429 2428/2428/2428
f 2431/2431/2431 2430/2430/2430 2428/2428/2428
f 2431/2431/2431 2428/2428/2428 2432/2432/2432
f 2435/2435/2435 2434/2434/2434 2433/2433/2433
f 2435/2435/2435 2436/2436/2436 2434/2434/2434
f 2439/2439/2439 2438/2438/2438 2437/2437/2437
f 2439/2439/2439 2440/2440/2440 2438/2438/2438
f 2440/2440/2440 2441/2441/2441 2438/2438/2438
f 2442/2442/2442 2438/2438/2438 2441/2441/2441
f 2445/2445/2445 2444/2444/2444 2443/2443/2443
f 2445/2445/2445 2443/2443/2443 2446/2446/2446
f 2449/2449/2449 2448/2448/2448 2447/2447/2447
f 2449/2449/2449 2447/2447/2447 2450/2450/2450
f 2453/2453/2453 2452/2452/2452 2451/2451/2451
f 2454/2454/2454 2453/2453/2453 2451/2451/2451
f 2454/2454/2454 2451/2451/2451 2455/2455/2455
f 2451/2451/2451 2456/2456/2456 2455/2455/2455
f 2459/2459/2459 2458/2458/2458 2457/2457/2457
f 2458/2458/2458 2460/2460/2460 2457/2457/2457
f 2463/2463/2463 2462/2462/2462 2461/2461/2461
f 2463/2463/2463 2464/2464/2464 2462/2462/2462
f 2464/2464/2464 2465/2465/2465 2462/2462/2462
f 2466/2466/2466 2462/2462/2462 2465/2465/2465
f 2469/2469/2469 2468/2468/2468 2467/2467/2467
f 2469/2469/2469 2470/2470/2470 2468/2468/2468
f 2470/2470/2470 2471/2471/2471 2468/2468/2468
f 2472/2472/2472 2468/2468/2468 2471/2471/2471
f 2475/2475/2475 2474/2474/2474 2473/2473/2473
f 2475/2475/2475 2476/2476/2476 2474/2474/2474
f 2476/2476/2476 2477/2477/2477 2474/2474/2474
f 2478/2478/2478 2474/2474/2474 2477/2477/2477
f 2481/2481/2481 2480/2480/2480 2479/2479/2479
f 2481/2481/2481 2482/2482/2482 2480/2480/2480
f 2482/2482/2482 2483/2483/2483 2480/2480/2480
f 2484/2484/2484 2480/2480/2480 2483/2483/2483
f 2487/2487/2487 2486/2486/2486 2485/2485/2485
f 2488/2488/2488 2487/2487/2487 2485/2485/2485
f 2488/2488/2488 2485/2485/2485 2489/2489/2489
f 2485/2485/2485 2490/2490/2490 2489/2489/2489
f 2493/2493/2493 2492/2492/2492 2491/2491/2491
f 2493/2493/2493 2494/2494/2494 2492/2492/2492
f 2494/2494/2494 2495/2495/2495 2492/2492/2492
f 2496/2496/2496 2492/2492/2492 2495/2495/2495
f 2499/2499/2499 2498/2498/2498 2497/2497/2497
f 2499/2499/2499 2497/2497/2497 2500/2500/2500
f 2503/2503/2503 2502/2502/2502 2501/2501/2501
f 2504/2504/2504 2503/2503/2503 2501/2501/2501
f 2504/2504/2504 2501/2501/2501 2505/2505/2505
f 2501/2501/2501 2506/2506/2506 2505/2505/2505
f 2509/2509/2509 2508/2508/2508 2507/2507/2507
f 2510/2510/2510 2509/2509/2509 2507/2507/2507
f 2510/2510/2510 2507/2507/2507 2511/2511/2511
f 2507/2507/2507 2512/2512/2512 2511/2511/2511
f 2515/2515/2515 2514/2514/2514 2513/2513/2513
f 2514/2514/2514 2516/2516/2516 2513/2513/2513
f 2519/2519/2519 2518/2518/2518 2517/2517/2517
f 2519/2519/2519 2520/2520/2520 2518/2518/2518
f 2520/2520/2520 2521/2521/2521 2518/2518/2518
f 2522/2522/2522 2518/2518/2518 2521/2521/2521
f 2525/2525/2525 2524/2524/2524 2523/2523/2523
f 2525/2525/2525 2526/2526/2526 2524/2524/2524
f 2526/2526/2526 2527/2527/2527 2524/2524/2524
f 2528/2528/2528 2524/2524/2524 2527/2527/2527
f 2531/2531/2531 2530/2530/2530 2529/2529/2529
f 2532/2532/2532 2531/2531/2531 2529/2529/2529
f 2535/2535/2535 2534/2534/2534 2533/2533/2533
f 2536/2536/2536 2535/2535/2535 2533/2533/2533
f 2536/2536/2536 2533/2533/2533 2537/2537/2537
f 2533/2533/2533 2538/2538/2538 2537/2537/2537
f 2541/2541/2541 2540/2540/2540 2539/2539/2539
f 2541/2541/2541 2542/2542/2542 2540/2540/2540
f 2542/2542/2542 2543/2543/2543 2540/2540/2540
f 2544/2544/2544 2540/2540/2540 2543/2543/2543
f 2547/2547/2547 2546/2546/2546 2545/2545/2545
f 2547/2547/2547 2548/2548/2548 2546/2546/2546
f 2548/2548/2548 2549/2549/2549 2546/2546/2546
f 2550/2550/2550 2546/2546/2546 2549/2549/2549
f 2553/2553/2553 2552/2552/2552 2551/2551/2551
f 2554/2554/2554 2553/2553/2553 2551/2551/2551
f 2554/2554/2554 2551/2551/2551 2555/2555/2555
f 2551/2551/2551 2556/2556/2556 2555/2555/2555
f 2559/2559/2559 2558/2558/2558 2557/2557/2557
f 2560/2560/2560 2559/2559/2559 2557/2557/2557
f 2560/2560/2560 2557/2557/2557 2561/2561/2561
f 2557/2557/2557 2562/2562/2562 2561/2561/2561
f 2565/2565/2565 2564/2564/2564 2563/2563/2563
f 2565/2565/2565 2566/2566/2566 2564/2564/2564
f 2566/2566/2566 2567/2567/2567 2564/2564/2564
f 2568/2568/2568 2564/2564/2564 2567/2567/2567
f 2571/2571/2571 2570/2570/2570 2569/2569/2569
f 2572/2572/2572 2571/2571/2571 2569/2569/2569
f 2572/2572/2572 2569/2569/2569 2573/2573/2573
f 2569/2569/2569 2574/2574/2574 2573/2573/2573
f 2577/2577/2577 2576/2576/2576 2575/2575/2575
f 2578/2578/2578 2577/2577/2577 2575/2575/2575
f 2578/2578/2578 2575/2575/2575 2579/2579/2579
f 2575/2575/2575 2580/2580/2580 2579/2579/2579
f 2583/2583/2583 2582/2582/2582 2581/2581/2581
f 2584/2584/2584 2583/2583/2583 2581/2581/2581
f 2584/2584/2584 2581/2581/2581 2585/2585/2585
f 2581/2581/2581 2586/2586/2586 2585/2585/2585
f 2589/2589/2589 2588/2588/2588 2587/2587/2587
f 2588/2588/2588 2590/2590/2590 2587/2587/2587
f 2588/2588/2588 2591/2591/2591 2590/2590/2590
f 2591/2591/2591 2592/2592/2592 2590/2590/2590
f 2591/2591/2591 2593/2593/2593 2592/2592/2592
f 2593/2593/2593 2594/2594/2594 2592/2592/2592
f 2593/2593/2593 2595/2595/2595 2594/2594/2594
f 2595/2595/2595 2596/2596/2596 2594/2594/2594
f 2595/2595/2595 2597/2597/2597 2596/2596/2596
f 2597/2597/2597 2598/2598/2598 2596/2596/2596
f 2601/2601/2601 2600/2600/2600 2599/2599/2599
f 2602/2602/2602 2601/2601/2601 2599/2599/2599
f 2602/2602/2602 2603/2603/2603 2601/2601/2601
f 2604/2604/2604 2601/2601/2601 2603/2603/2603
f 2607/2607/2607 2606/2606/2606 2605/2605/2605
f 2608/2608/2608 2607/2607/2607 2605/2605/2605
f 2608/2608/2608 2605/2605/2605 2609/2609/2609
f 2610/2610/2610 2608/2608/2608 2609/2609/2609
f 2610/2610/2610 2609/2609/2609 2611/2611/2611
f 2612/2612/2612 2610/2610/2610 2611/2611/2611
f 2612/2612/2612 2611/2611/2611 2613/2613/2613
f 2616/2616/2616 2615/2615/2615 2614/2614/2614
f 2617/2617/2617 2616/2616/2616 2614/2614/2614
f 2617/2617/2617 2614/2614/2614 2618/2618/2618
f 2619/2619/2619 2617/2617/2617 2618/2618/2618
f 2619/2619/2619 2618/2618/2618 2620/2620/2620
f 2621/2621/2621 2619/2619/2619 2620/2620/2620
f 2621/2621/2621 2620/2620/2620 2622/2622/2622
f 2625/2625/2625 2624/2624/2624 2623/2623/2623
f 2626/2626/2626 2625/2625/2625 2623/2623/2623
f 2626/2626/2626 2623/2623/2623 2627/2627/2627
f 2628/2628/2628 2626/2626/2626 2627/2627/2627
f 2628/2628/2628 2627/2627/2627 2629/2629/2629
f 2630/2630/2630 2628/2628/2628 2629/2629/2629
f 2630/2630/2630 2629/2629/2629 2631/2631/2631
f 2634/2634/2634 2633/2633/2633 2632/2632/2632
f 2634/2634/2634 2632/2632/2632 2635/2635/2635
f 2635/2635/2635 2636/2636/2636 2634/2634/2634
f 2636/2636/2636 2637/2637/2637 2634/2634/2634
f 2640/2640/2640 2639/2639/2639 2638/2638/2638
f 2641/2641/2641 2640/2640/2640 2638/2638/2638
f 2641/2641/2641 2642/2642/2642 2640/2640/2640
f 2643/2643/2643 2640/2640/2640 2642/2642/2642
f 2646/2646/2646 2645/2645/2645 2644/2644/2644
f 2644/2644/2644 2645/2645/2645 2647/2647/2647
f 2645/2645/2645 2648/2648/2648 2647/2647/2647
f 2648/2648/2648 2649/2649/2649 2647/2647/2647
f 2648/2648/2648 2650/2650/2650 2649/2649/2649
f 2650/2650/2650 2651/2651/2651 2649/2649/2649
f 2651/2651/2651 2650/2650/2650 2652/2652/2652
f 2650/2650/2650 2653/2653/2653 2652/2652/2652
f 2656/2656/2656 2655/2655/2655 2654/2654/2654
f 2654/2654/2654 2655/2655/2655 2657/2657/2657
f 2655/2655/2655 2658/2658/2658 2657/2657/2657
f 2658/2658/2658 2659/2659/2659 2657/2657/2657
f 2658/2658/2658 2660/2660/2660 2659/2659/2659
f 2660/2660/2660 2661/2661/2661 2659/2659/2659
f 2661/2661/2661 2660/2660/2660 2662/2662/2662
f 2660/2660/2660 2663/2663/2663 2662/2662/2662
f 2666/2666/2666 2665/2665/2665 2664/2664/2664
f 2667/2667/2667 2666/2666/2666 2664/2664/2664
f 2667/2667/2667 2668/2668/2668 2666/2666/2666
f 2669/2669/2669 2666/2666/2666 2668/2668/2668
f 2672/2672/2672 2671/2671/2671 2670/2670/2670
f 2672/2672/2672 2673/2673/2673 2671/2671/2671
f 2673/2673/2673 2672/2672/2672 2674/2674/2674
f 2673/2673/2673 2675/2675/2675 2671/2671/2671
f 2676/2676/2676 2673/2673/2673 2674/2674/2674
f 2676/2676/2676 2674/2674/2674 2677/2677/2677
f 2678/2678/2678 2676/2676/2676 2677/2677/2677
f 2675/2675/2675 2679/2679/2679 2671/2671/2671
f 2675/2675/2675 2680/2680/2680 2679/2679/2679
f 2678/2678/2678 2677/2677/2677 2681/2681/2681
f 2680/2680/2680 2682/2682/2682 2679/2679/2679
f 2683/2683/2683 2678/2678/2678 2681/2681/2681
f 2679/2679/2679 2682/2682/2682 2684/2684/2684
f 2683/2683/2683 2681/2681/2681 2685/2685/2685
f 2686/2686/2686 2683/2683/2683 2685/2685/2685
f 2681/2681/2681 2687/2687/2687 2685/2685/2685
f 2688/2688/2688 2686/2686/2686 2685/2685/2685
f 2687/2687/2687 2689/2689/2689 2685/2685/2685
f 2688/2688/2688 2685/2685/2685 2689/2689/2689
f 2689/2689/2689 2687/2687/2687 2690/2690/2690
f 2691/2691/2691 2688/2688/2688 2689/2689/2689
f 2691/2691/2691 2689/2689/2689 2690/2690/2690
f 2692/2692/2692 2688/2688/2688 2691/2691/2691
f 2692/2692/2692 2691/2691/2691 2693/2693/2693
f 2693/2693/2693 2691/2691/2691 2690/2690/2690
f 2693/2693/2693 2690/2690/2690 2694/2694/2694
f 2694/2694/2694 2695/2695/2695 2693/2693/2693
f 2694/2694/2694 2696/2696/2696 2695/2695/2695
f 2696/2696/2696 2697/2697/2697 2695/2695/2695
f 2696/2696/2696 2698/2698/2698 2697/2697/2697
f 2698/2698/2698 2699/2699/2699 2697/2697/2697
f 2700/2700/2700 2699/2699/2699 2698/2698/2698
f 2700/2700/2700 2701/2701/2701 2699/2699/2699
f 2701/2701/2701 2702/2702/2702 2699/2699/2699
f 2702/2702/2702 2703/2703/2703 2699/2699/2699
f 2703/2703/2703 2702/2702/2702 2704/2704/2704
f 2705/2705/2705 2703/2703/2703 2704/2704/2704
f 2706/2706/2706 2703/2703/2703 2705/2705/2705
f 2705/2705/2705 2704/2704/2704 2707/2707/2707
f 2707/2707/2707 2708/2708/2708 2705/2705/2705
f 2708/2708/2708 2707/2707/2707 2709/2709/2709
f 2707/2707/2707 2704/2704/2704 2710/2710/2710
f 2709/2709/2709 2707/2707/2707 2711/2711/2711
f 2709/2709/2709 2711/2711/2711 2712/2712/2712
f 2713/2713/2713 2707/2707/2707 2710/2710/2710
f 2707/2707/2707 2713/2713/2713 2711/2711/2711
f 2714/2714/2714 2713/2713/2713 2710/2710/2710
f 2715/2715/2715 2714/2714/2714 2710/2710/2710
f 2716/2716/2716 2713/2713/2713 2714/2714/2714
f 2717/2717/2717 2714/2714/2714 2715/2715/2715
f 2713/2713/2713 2716/2716/2716 2718/2718/2718
f 2713/2713/2713 2718/2718/2718 2711/2711/2711
f 2715/2715/2715 2719/2719/2719 2717/2717/2717
f 2711/2711/2711 2718/2718/2718 2720/2720/2720
f 2720/2720/2720 2712/2712/2712 2711/2711/2711
f 2715/2715/2715 2721/2721/2721 2719/2719/2719
f 2719/2719/2719 2721/2721/2721 2722/2722/2722
f 2712/2712/2712 2720/2720/2720 2723/2723/2723
f 2720/2720/2720 2724/2724/2724 2723/2723/2723
f 2712/2712/2712 2723/2723/2723 2725/2725/2725
f 2722/2722/2722 2721/2721/2721 2726/2726/2726
f 2721/2721/2721 2727/2727/2727 2726/2726/2726
f 2722/2722/2722 2726/2726/2726 2728/2728/2728
f 2729/2729/2729 2722/2722/2722 2728/2728/2728
f 2729/2729/2729 2728/2728/2728 2730/2730/2730
f 2731/2731/2731 2729/2729/2729 2730/2730/2730
f 2731/2731/2731 2730/2730/2730 2732/2732/2732
f 2733/2733/2733 2731/2731/2731 2732/2732/2732
f 2734/2734/2734 2733/2733/2733 2732/2732/2732
f 2735/2735/2735 2733/2733/2733 2734/2734/2734
f 2734/2734/2734 2732/2732/2732 2736/2736/2736
f 2737/2737/2737 2735/2735/2735 2734/2734/2734
f 2734/2734/2734 2736/2736/2736 2738/2738/2738
f 2737/2737/2737 2734/2734/2734 2738/2738/2738
f 2738/2738/2738 2736/2736/2736 2739/2739/2739
f 2737/2737/2737 2738/2738/2738 2740/2740/2740
f 2740/2740/2740 2738/2738/2738 2739/2739/2739
f 2740/2740/2740 2741/2741/2741 2737/2737/2737
f 2741/2741/2741 2740/2740/2740 2739/2739/2739
f 2742/2742/2742 2737/2737/2737 2741/2741/2741
f 2743/2743/2743 2742/2742/2742 2741/2741/2741
f 2741/2741/2741 2739/2739/2739 2744/2744/2744
f 2743/2743/2743 2741/2741/2741 2744/2744/2744
f 2744/2744/2744 2745/2745/2745 2743/2743/2743
f 2744/2744/2744 2746/2746/2746 2745/2745/2745
f 2746/2746/2746 2747/2747/2747 2745/2745/2745
f 2746/2746/2746 2748/2748/2748 2747/2747/2747
f 2748/2748/2748 2749/2749/2749 2747/2747/2747
f 2750/2750/2750 2749/2749/2749 2748/2748/2748
f 2750/2750/2750 2751/2751/2751 2749/2749/2749
f 2751/2751/2751 2752/2752/2752 2749/2749/2749
f 2752/2752/2752 2753/2753/2753 2749/2749/2749
f 2753/2753/2753 2752/2752/2752 2754/2754/2754
f 2755/2755/2755 2753/2753/2753 2754/2754/2754
f 2756/2756/2756 2753/2753/2753 2755/2755/2755
f 2755/2755/2755 2754/2754/2754 2757/2757/2757
f 2757/2757/2757 2758/2758/2758 2755/2755/2755
f 2757/2757/2757 2754/2754/2754 2684/2684/2684
f 2758/2758/2758 2757/2757/2757 2759/2759/2759
f 2760/2760/2760 2757/2757/2757 2684/2684/2684
f 2682/2682/2682 2760/2760/2760 2684/2684/2684
f 2761/2761/2761 2760/2760/2760 2682/2682/2682
f 2760/2760/2760 2761/2761/2761 2762/2762/2762
f 2759/2759/2759 2757/2757/2757 2763/2763/2763
f 2757/2757/2757 2760/2760/2760 2763/2763/2763
f 2760/2760/2760 2762/2762/2762 2763/2763/2763
f 2759/2759/2759 2763/2763/2763 2764/2764/2764
f 2763/2763/2763 2762/2762/2762 2765/2765/2765
f 2765/2765/2765 2764/2764/2764 2763/2763/2763
f 2764/2764/2764 2765/2765/2765 2766/2766/2766
f 2765/2765/2765 2767/2767/2767 2766/2766/2766
f 2764/2764/2764 2766/2766/2766 2768/2768/2768
f 2771/2771/2771 2770/2770/2770 2769/2769/2769
f 2772/2772/2772 2771/2771/2771 2769/2769/2769
f 2772/2772/2772 2769/2769/2769 2773/2773/2773
f 2774/2774/2774 2772/2772/2772 2773/2773/2773
f 2774/2774/2774 2773/2773/2773 2775/2775/2775
f 2776/2776/2776 2774/2774/2774 2775/2775/2775
f 2776/2776/2776 2775/2775/2775 2777/2777/2777
f 2780/2780/2780 2779/2779/2779 2778/2778/2778
f 2781/2781/2781 2778/2778/2778 2779/2779/2779
f 2782/2782/2782 2781/2781/2781 2779/2779/2779
f 2782/2782/2782 2779/2779/2779 2783/2783/2783
f 2784/2784/2784 2782/2782/2782 2783/2783/2783
f 2784/2784/2784 2783/2783/2783 2785/2785/2785
f 2786/2786/2786 2784/2784/2784 2785/2785/2785
f 2786/2786/2786 2785/2785/2785 2787/2787/2787
f 2788/2788/2788 2786/2786/2786 2787/2787/2787
f 2788/2788/2788 2787/2787/2787 2789/2789/2789
f 2788/2788/2788 2789/2789/2789 2790/2790/2790
f 2789/2789/2789 2791/2791/2791 2790/2790/2790
f 2792/2792/2792 2791/2791/2791 2789/2789/2789
f 2793/2793/2793 2791/2791/2791 2792/2792/2792
f 2793/2793/2793 2794/2794/2794 2791/2791/2791
f 2795/2795/2795 2794/2794/2794 2793/2793/2793
f 2795/2795/2795 2793/2793/2793 2796/2796/2796
f 2797/2797/2797 2795/2795/2795 2796/2796/2796
f 2797/2797/2797 2796/2796/2796 2798/2798/2798
f 2799/2799/2799 2797/2797/2797 2798/2798/2798
f 2799/2799/2799 2798/2798/2798 2800/2800/2800
f 2801/2801/2801 2799/2799/2799 2800/2800/2800
f 2801/2801/2801 2800/2800/2800 2802/2802/2802
f 2803/2803/2803 2801/2801/2801 2802/2802/2802
f 2803/2803/2803 2802/2802/2802 2804/2804/2804
f 2805/2805/2805 2804/2804/2804 2802/2802/2802
f 2808/2808/2808 2807/2807/2807 2806/2806/2806
f 2807/2807/2807 2809/2809/2809 2806/2806/2806
f 2807/2807/2807 2810/2810/2810 2809/2809/2809
f 2807/2807/2807 2811/2811/2811 2810/2810/2810
f 2811/2811/2811 2812/2812/2812 2810/2810/2810
f 2811/2811/2811 2813/2813/2813 2812/2812/2812
f 2813/2813/2813 2814/2814/2814 2812/2812/2812
f 2813/2813/2813 2815/2815/2815 2814/2814/2814
f 2815/2815/2815 2816/2816/2816 2814/2814/2814
f 2815/2815/2815 2817/2817/2817 2816/2816/2816
f 2818/2818/2818 2816/2816/2816 2817/2817/2817
f 2818/2818/2818 2817/2817/2817 2819/2819/2819
f 2819/2819/2819 2817/2817/2817 2820/2820/2820
f 2819/2819/2819 2820/2820/2820 2821/2821/2821
f 2822/2822/2822 2819/2819/2819 2821/2821/2821
f 2823/2823/2823 2822/2822/2822 2821/2821/2821
f 2823/2823/2823 2821/2821/2821 2824/2824/2824
f 2825/2825/2825 2823/2823/2823 2824/2824/2824
f 2825/2825/2825 2824/2824/2824 2826/2826/2826
f 2827/2827/2827 2825/2825/2825 2826/2826/2826
f 2827/2827/2827 2826/2826/2826 2828/2828/2828
f 2829/2829/2829 2827/2827/2827 2828/2828/2828
f 2829/2829/2829 2828/2828/2828 2830/2830/2830
f 2831/2831/2831 2829/2829/2829 2830/2830/2830
f 2832/2832/2832 2831/2831/2831 2830/2830/2830
f 2832/2832/2832 2830/2830/2830 2833/2833/2833
f 2836/2836/2836 2835/2835/2835 2834/2834/2834
f 2836/2836/2836 2837/2837/2837 2835/2835/2835
f 2837/2837/2837 2838/2838/2838 2835/2835/2835
f 2839/2839/2839 2838/2838/2838 2837/2837/2837
f 2839/2839/2839 2840/2840/2840 2838/2838/2838
f 2840/2840/2840 2841/2841/2841 2838/2838/2838
f 2840/2840/2840 2842/2842/2842 2841/2841/2841
f 2842/2842/2842 2843/2843/2843 2841/2841/2841
f 2842/2842/2842 2844/2844/2844 2843/2843/2843
f 2844/2844/2844 2845/2845/2845 2843/2843/2843
f 2844/2844/2844 2846/2846/2846 2845/2845/2845
f 2846/2846/2846 2847/2847/2847 2845/2845/2845
f 2846/2846/2846 2848/2848/2848 2847/2847/2847
f 2846/2846/2846 2849/2849/2849 2848/2848/2848
f 2849/2849/2849 2850/2850/2850 2848/2848/2848
f 2849/2849/2849 2851/2851/2851 2850/2850/2850
f 2851/2851/2851 2852/2852/2852 2850/2850/2850
f 2853/2853/2853 2852/2852/2852 2851/2851/2851
f 2853/2853/2853 2854/2854/2854 2852/2852/2852
f 2854/2854/2854 2855/2855/2855 2852/2852/2852
f 2854/2854/2854 2856/2856/2856 2855/2855/2855
f 2856/2856/2856 2857/2857/2857 2855/2855/2855
f 2860/2860/2860 2859/2859/2859 2858/2858/2858
f 2860/2860/2860 2861/2861/2861 2859/2859/2859
f 2861/2861/2861 2862/2862/2862 2859/2859/2859
f 2863/2863/2863 2862/2862/2862 2861/2861/2861
f 2863/2863/2863 2864/2864/2864 2862/2862/2862
f 2864/2864/2864 2865/2865/2865 2862/2862/2862
f 2864/2864/2864 2866/2866/2866 2865/2865/2865
f 2866/2866/2866 2867/2867/2867 2865/2865/2865
f 2866/2866/2866 2868/2868/2868 2867/2867/2867
f 2868/2868/2868 2869/2869/2869 2867/2867/2867
f 2868/2868/2868 2870/2870/2870 2869/2869/2869
f 2870/2870/2870 2871/2871/2871 2869/2869/2869
f 2870/2870/2870 2872/2872/2872 2871/2871/2871
f 2870/2870/2870 2873/2873/2873 2872/2872/2872
f 2873/2873/2873 2874/2874/2874 2872/2872/2872
f 2873/2873/2873 2875/2875/2875 2874/2874/2874
f 2875/2875/2875 2876/2876/2876 2874/2874/2874
f 2877/2877/2877 2876/2876/2876 2875/2875/2875
f 2877/2877/2877 2878/2878/2878 2876/2876/2876
f 2878/2878/2878 2879/2879/2879 2876/2876/2876
f 2878/2878/2878 2880/2880/2880 2879/2879/2879
f 2880/2880/2880 2881/2881/2881 2879/2879/2879
f 2884/2884/2884 2883/2883/2883 2882/2882/2882
f 2884/2884/2884 2882/2882/2882 2885/2885/2885
f 2888/2888/2888 2887/2887/2887 2886/2886/2886
f 2889/2889/2889 2888/2888/2888 2886/2886/2886
f 2889/2889/2889 2886/2886/2886 2890/2890/2890
f 2891/2891/2891 2889/2889/2889 2890/2890/2890
f 2892/2892/2892 2891/2891/2891 2890/2890/2890
f 2892/2892/2892 2890/2890/2890 2893/2893/2893
f 2896/2896/2896 2895/2895/2895 2894/2894/2894
f 2897/2897/2897 2896/2896/2896 2894/2894/2894
f 2897/2897/2897 2894/2894/2894 2898/2898/2898
f 2899/2899/2899 2897/2897/2897 2898/2898/2898
f 2900/2900/2900 2899/2899/2899 2898/2898/2898
f 2900/2900/2900 2898/2898/2898 2901/2901/2901
f 2904/2904/2904 2903/2903/2903 2902/2902/2902
f 2904/2904/2904 2902/2902/2902 2905/2905/2905
f 2908/2908/2908 2907/2907/2907 2906/2906/2906
f 2908/2908/2908 2906/2906/2906 2909/2909/2909
f 2912/2912/2912 2911/2911/2911 2910/2910/2910
f 2912/2912/2912 2910/2910/2910 2913/2913/2913
f 2916/2916/2916 2915/2915/2915 2914/2914/2914
f 2916/2916/2916 2914/2914/2914 2917/2917/2917
f 2918/2918/2918 2916/2916/2916 2917/2917/2917
f 2921/2921/2921 2920/2920/2920 2919/2919/2919
f 2919/2919/2919 2920/2920/2920 2922/2922/2922
f 2919/2919/2919 2922/2922/2922 2923/2923/2923
f 2924/2924/2924 2923/2923/2923 2922/2922/2922
f 2924/2924/2924 2925/2925/2925 2923/2923/2923
f 2925/2925/2925 2926/2926/2926 2923/2923/2923
f 2929/2929/2929 2928/2928/2928 2927/2927/2927
f 2927/2927/2927 2928/2928/2928 2930/2930/2930
f 2927/2927/2927 2930/2930/2930 2931/2931/2931
f 2932/2932/2932 2931/2931/2931 2930/2930/2930
f 2932/2932/2932 2933/2933/2933 2931/2931/2931
f 2933/2933/2933 2934/2934/2934 2931/2931/2931
f 2937/2937/2937 2936/2936/2936 2935/2935/2935
f 2937/2937/2937 2935/2935/2935 2938/2938/2938
f 2941/2941/2941 2940/2940/2940 2939/2939/2939
f 2941/2941/2941 2939/2939/2939 2942/2942/2942
f 2945/2945/2945 2944/2944/2944 2943/2943/2943
f 2946/2946/2946 2943/2943/2943 2944/2944/2944
f 2946/2946/2946 2947/2947/2947 2943/2943/2943
f 2947/2947/2947 2948/2948/2948 2943/2943/2943
f 2947/2947/2947 2949/2949/2949 2948/2948/2948
f 2949/2949/2949 2950/2950/2950 2948/2948/2948
f 2949/2949/2949 2951/2951/2951 2950/2950/2950
f 2951/2951/2951 2952/2952/2952 2950/2950/2950
f 2951/2951/2951 2953/2953/2953 2952/2952/2952
f 2953/2953/2953 2954/2954/2954 2952/2952/2952
f 2953/2953/2953 2955/2955/2955 2954/2954/2954
f 2955/2955/2955 2956/2956/2956 2954/2954/2954
f 2956/2956/2956 2955/2955/2955 2957/2957/2957
f 2958/2958/2958 2957/2957/2957 2955/2955/2955
f 2958/2958/2958 2959/2959/2959 2957/2957/2957
f 2959/2959/2959 2960/2960/2960 2957/2957/2957
f 2959/2959/2959 2961/2961/2961 2960/2960/2960
f 2961/2961/2961 2962/2962/2962 2960/2960/2960
f 2961/2961/2961 2963/2963/2963 2962/2962/2962
f 2963/2963/2963 2964/2964/2964 2962/2962/2962
f 2963/2963/2963 2965/2965/2965 2964/2964/2964
f 2965/2965/2965 2966/2966/2966 2964/2964/2964
f 2969/2969/2969 2968/2968/2968 2967/2967/2967
f 2970/2970/2970 2967/2967/2967 2968/2968/2968
f 2970/2970/2970 2971/2971/2971 2967/2967/2967
f 2971/2971/2971 2972/2972/2972 2967/2967/2967
f 2971/2971/2971 2973/2973/2973 2972/2972/2972
f 2973/2973/2973 2974/2974/2974 2972/2972/2972
f 2973/2973/2973 2975/2975/2975 2974/2974/2974
f 2975/2975/2975 2976/2976/2976 2974/2974/2974
f 2975/2975/2975 2977/2977/2977 2976/2976/2976
f 2977/2977/2977 2978/2978/2978 2976/2976/2976
f 2977/2977/2977 2979/2979/2979 2978/2978/2978
f 2979/2979/2979 2980/2980/2980 2978/2978/2978
f 2980/2980/2980 2979/2979/2979 2981/2981/2981
f 2982/2982/2982 2981/2981/2981 2979/2979/2979
f 2982/2982/2982 2983/2983/2983 2981/2981/2981
f 2983/2983/2983 2984/2984/2984 2981/2981/2981
f 2983/2983/2983 2985/2985/2985 2984/2984/2984
f 2985/2985/2985 2986/2986/2986 2984/2984/2984
f 2985/2985/2985 2987/2987/2987 2986/2986/2986
f 2987/2987/2987 2988/2988/2988 2986/2986/2986
f 2987/2987/2987 2989/2989/2989 2988/2988/2988
f 2989/2989/2989 2990/2990/2990 2988/2988/2988
f 2993/2993/2993 2992/2992/2992 2991/2991/2991
f 2993/2993/2993 2994/2994/2994 2992/2992/2992
f 2997/2997/2997 2996/2996/2996 2995/2995/2995
f 2997/2997/2997 2998/2998/2998 2996/2996/2996
f 3001/3001/3001 3000/3000/3000 2999/2999/2999
f 3000/3000/3000 3002/3002/3002 2999/2999/2999
f 3000/3000/3000 3003/3003/3003 3002/3002/3002
f 3006/3006/3006 3005/3005/3005 3004/3004/3004
f 3005/3005/3005 3007/3007/3007 3004/3004/3004
f 3005/3005/3005 3008/3008/3008 3007/3007/3007
f 3011/3011/3011 3010/3010/3010 3009/3009/3009
f 3011/3011/3011 3009/3009/3009 3012/3012/3012
f 3012/3012/3012 3013/3013/3013 3011/3011/3011
f 3016/3016/3016 3015/3015/3015 3014/3014/3014
f 3016/3016/3016 3014/3014/3014 3017/3017/3017
f 3017/3017/3017 3018/3018/3018 3016/3016/3016
f 3021/3021/3021 3020/3020/3020 3019/3019/3019
f 3021/3021/3021 3022/3022/3022 3020/3020/3020
f 3023/3023/3023 3022/3022/3022 3021/3021/3021
f 3026/3026/3026 3025/3025/3025 3024/3024/3024
f 3024/3024/3024 3025/3025/3025 3027/3027/3027
f 3024/3024/3024 3027/3027/3027 3028/3028/3028
f 3029/3029/3029 3028/3028/3028 3027/3027/3027
f 3029/3029/3029 3030/3030/3030 3028/3028/3028
f 3030/3030/3030 3031/3031/3031 3028/3028/3028
f 3030/3030/3030 3032/3032/3032 3031/3031/3031
f 3032/3032/3032 3033/3033/3033 3031/3031/3031
f 3036/3036/3036 3035/3035/3035 3034/3034/3034
f 3036/3036/3036 3037/3037/3037 3035/3035/3035
f 3038/3038/3038 3037/3037/3037 3036/3036/3036
f 3041/3041/3041 3040/3040/3040 3039/3039/3039
f 3039/3039/3039 3040/3040/3040 3042/3042/3042
f 3039/3039/3039 3042/3042/3042 3043/3043/3043
f 3044/3044/3044 3043/3043/3043 3042/3042/3042
f 3044/3044/3044 3045/3045/3045 3043/3043/3043
f 3045/3045/3045 3046/3046/3046 3043/3043/3043
f 3045/3045/3045 3047/3047/3047 3046/3046/3046
f 3047/3047/3047 3048/3048/3048 3046/3046/3046
f 3051/3051/3051 3050/3050/3050 3049/3049/3049
f 3052/3052/3052 3051/3051/3051 3049/3049/3049
f 3052/3052/3052 3049/3049/3049 3053/3053/3053
f 3054/3054/3054 3052/3052/3052 3053/3053/3053
f 3055/3055/3055 3054/3054/3054 3053/3053/3053
f 3055/3055/3055 3053/3053/3053 3056/3056/3056
f 3057/3057/3057 3055/3055/3055 3056/3056/3056
f 3057/3057/3057 3056/3056/3056 3058/3058/3058
f 3061/3061/3061 3060/3060/3060 3059/3059/3059
f 3061/3061/3061 3062/3062/3062 3060/3060/3060
f 3060/3060/3060 3062/3062/3062 3063/3063/3063
f 3066/3066/3066 3065/3065/3065 3064/3064/3064
f 3066/3066/3066 3067/3067/3067 3065/3065/3065
f 3068/3068/3068 3067/3067/3067 3066/3066/3066
f 3071/3071/3071 3070/3070/3070 3069/3069/3069
f 3071/3071/3071 3072/3072/3072 3070/3070/3070
f 3072/3072/3072 3073/3073/3073 3070/3070/3070
f 3072/3072/3072 3074/3074/3074 3073/3073/3073
f 3074/3074/3074 3075/3075/3075 3073/3073/3073
f 3075/3075/3075 3076/3076/3076 3073/3073/3073
f 3075/3075/3075 3077/3077/3077 3076/3076/3076
f 3077/3077/3077 3078/3078/3078 3076/3076/3076
f 3081/3081/3081 3080/3080/3080 3079/3079/3079
f 3081/3081/3081 3082/3082/3082 3080/3080/3080
f 3083/3083/3083 3082/3082/3082 3081/3081/3081
f 3086/3086/3086 3085/3085/3085 3084/3084/3084
f 3085/3085/3085 3087/3087/3087 3084/3084/3084
f 3085/3085/3085 3088/3088/3088 3087/3087/3087
f 3088/3088/3088 3089/3089/3089 3087/3087/3087
f 3089/3089/3089 3090/3090/3090 3087/3087/3087
f 3087/3087/3087 3090/3090/3090 3091/3091/3091
f 3091/3091/3091 3090/3090/3090 3092/3092/3092
f 3095/3095/3095 3094/3094/3094 3093/3093/3093
f 3096/3096/3096 3095/3095/3095 3093/3093/3093
f 3093/3093/3093 3097/3097/3097 3096/3096/3096
f 3097/3097/3097 3093/3093/3093 3098/3098/3098
f 3097/3097/3097 3098/3098/3098 3099/3099/3099
f 3097/3097/3097 3099/3099/3099 3100/3100/3100
f 3097/3097/3097 3100/3100/3100 3101/3101/3101
f 3104/3104/3104 3103/3103/3103 3102/3102/3102
f 3105/3105/3105 3103/3103/3103 3104/3104/3104
f 3108/3108/3108 3107/3107/3107 3106/3106/3106
f 3109/3109/3109 3108/3108/3108 3106/3106/3106
f 3106/3106/3106 3110/3110/3110 3109/3109/3109
f 3110/3110/3110 3106/3106/3106 3111/3111/3111
f 3110/3110/3110 3111/3111/3111 3112/3112/3112
f 3110/3110/3110 3112/3112/3112 3113/3113/3113
f 3110/3110/3110 3113/3113/3113 3114/3114/3114
f 3117/3117/3117 3116/3116/3116 3115/3115/3115
f 3118/3118/3118 3116/3116/3116 3117/3117/3117
f 3121/3121/3121 3120/3120/3120 3119/3119/3119
f 3121/3121/3121 3122/3122/3122 3120/3120/3120
f 3120/3120/3120 3122/3122/3122 3123/3123/3123
f 3126/3126/3126 3125/3125/3125 3124/3124/3124
f 3124/3124/3124 3127/3127/3127 3126/3126/3126
f 3130/3130/3130 3129/3129/3129 3128/3128/3128
f 3131/3131/3131 3129/3129/3129 3130/3130/3130
f 3131/3131/3131 3132/3132/3132 3129/3129/3129
f 3131/3131/3131 3133/3133/3133 3132/3132/3132
f 3132/3132/3132 3133/3133/3133 3134/3134/3134
f 3135/3135/3135 3134/3134/3134 3133/3133/3133
f 3135/3135/3135 3133/3133/3133 3136/3136/3136
f 3139/3139/3139 3138/3138/3138 3137/3137/3137
f 3137/3137/3137 3140/3140/3140 3139/3139/3139
f 3143/3143/3143 3142/3142/3142 3141/3141/3141
f 3144/3144/3144 3142/3142/3142 3143/3143/3143
f 3144/3144/3144 3145/3145/3145 3142/3142/3142
f 3144/3144/3144 3146/3146/3146 3145/3145/3145
f 3145/3145/3145 3146/3146/3146 3147/3147/3147
f 3148/3148/3148 3147/3147/3147 3146/3146/3146
f 3148/3148/3148 3146/3146/3146 3149/3149/3149
f 3152/3152/3152 3151/3151/3151 3150/3150/3150
f 3152/3152/3152 3153/3153/3153 3151/3151/3151
f 3153/3153/3153 3154/3154/3154 3151/3151/3151
f 3157/3157/3157 3156/3156/3156 3155/3155/3155
f 3157/3157/3157 3158/3158/3158 3156/3156/3156
f 3158/3158/3158 3159/3159/3159 3156/3156/3156
f 3162/3162/3162 3161/3161/3161 3160/3160/3160
f 3162/3162/3162 3163/3163/3163 3161/3161/3161
f 3166/3166/3166 3165/3165/3165 3164/3164/3164
f 3166/3166/3166 3167/3167/3167 3165/3165/3165
f 3166/3166/3166 3168/3168/3168 3167/3167/3167
f 3166/3166/3166 3169/3169/3169 3168/3168/3168
f 3172/3172/3172 3171/3171/3171 3170/3170/3170
f 3173/3173/3173 3172/3172/3172 3170/3170/3170
f 3173/3173/3173 3170/3170/3170 3174/3174/3174
f 3175/3175/3175 3174/3174/3174 3170/3170/3170
f 3178/3178/3178 3177/3177/3177 3176/3176/3176
f 3178/3178/3178 3179/3179/3179 3177/3177/3177
f 3182/3182/3182 3181/3181/3181 3180/3180/3180
f 3183/3183/3183 3182/3182/3182 3180/3180/3180
f 3183/3183/3183 3180/3180/3180 3184/3184/3184
f 3185/3185/3185 3184/3184/3184 3180/3180/3180
f 3185/3185/3185 3186/3186/3186 3184/3184/3184
f 3185/3185/3185 3187/3187/3187 3186/3186/3186
f 3190/3190/3190 3189/3189/3189 3188/3188/3188
f 3191/3191/3191 3190/3190/3190 3188/3188/3188
f 3191/3191/3191 3188/3188/3188 3192/3192/3192
f 3193/3193/3193 3192/3192/3192 3188/3188/3188
f 3193/3193/3193 3194/3194/3194 3192/3192/3192
f 3193/3193/3193 3195/3195/3195 3194/3194/3194
f 3198/3198/3198 3197/3197/3197 3196/3196/3196
f 3198/3198/3198 3199/3199/3199 3197/3197/3197
f 3202/3202/3202 3201/3201/3201 3200/3200/3200
f 3203/3203/3203 3202/3202/3202 3200/3200/3200
f 3206/3206/3206 3205/3205/3205 3204/3204/3204
f 3207/3207/3207 3204/3204/3204 3205/3205/3205
f 3207/3207/3207 3208/3208/3208 3204/3204/3204
f 3208/3208/3208 3209/3209/3209 3204/3204/3204
f 3208/3208/3208 3210/3210/3210 3209/3209/3209
f 3210/3210/3210 3211/3211/3211 3209/3209/3209
f 3214/3214/3214 3213/3213/3213 3212/3212/3212
f 3215/3215/3215 3212/3212/3212 3213/3213/3213
f 3215/3215/3215 3216/3216/3216 3212/3212/3212
f 3216/3216/3216 3217/3217/3217 3212/3212/3212
f 3216/3216/3216 3218/3218/3218 3217/3217/3217
f 3218/3218/3218 3219/3219/3219 3217/3217/3217
f 3222/3222/3222 3221/3221/3221 3220/3220/3220
f 3223/3223/3223 3222/3222/3222 3220/3220/3220
f 3226/3226/3226 3225/3225/3225 3224/3224/3224
f 3227/3227/3227 3224/3224/3224 3225/3225/3225
f 3230/3230/3230 3229/3229/3229 3228/3228/3228
f 3229/3229/3229 3231/3231/3231 3228/3228/3228
f 3234/3234/3234 3233/3233/3233 3232/3232/3232
f 3235/3235/3235 3232/3232/3232 3233/3233/3233
f 3238/3238/3238 3237/3237/3237 3236/3236/3236
f 3237/3237/3237 3239/3239/3239 3236/3236/3236
f 3242/3242/3242 3241/3241/3241 3240/3240/3240
f 3243/3243/3243 3242/3242/3242 3240/3240/3240
f 3246/3246/3246 3245/3245/3245 3244/3244/3244
f 3246/3246/3246 3247/3247/3247 3245/3245/3245
f 3250/3250/3250 3249/3249/3249 3248/3248/3248
f 3250/3250/3250 3248/3248/3248 3251/3251/3251
f 3251/3251/3251 3248/3248/3248 3252/3252/3252
f 3250/3250/3250 3251/3251/3251 3253/3253/3253
f 3254/3254/3254 3251/3251/3251 3252/3252/3252
f 3254/3254/3254 3252/3252/3252 3255/3255/3255
f 3253/3253/3253 3251/3251/3251 3256/3256/3256
f 3257/3257/3257 3253/3253/3253 3256/3256/3256
f 3258/3258/3258 3257/3257/3257 3256/3256/3256
f 3259/3259/3259 3254/3254/3254 3255/3255/3255
f 3259/3259/3259 3255/3255/3255 3260/3260/3260
f 3261/3261/3261 3259/3259/3259 3260/3260/3260
f 3258/3258/3258 3256/3256/3256 3262/3262/3262
f 3261/3261/3261 3263/3263/3263 3259/3259/3259
f 3264/3264/3264 3263/3263/3263 3261/3261/3261
f 3264/3264/3264 3265/3265/3265 3263/3263/3263
f 3265/3265/3265 3266/3266/3266 3263/3263/3263
f 3266/3266/3266 3265/3265/3265 3267/3267/3267
f 3268/3268/3268 3266/3266/3266 3267/3267/3267
f 3268/3268/3268 3267/3267/3267 3269/3269/3269
f 3270/3270/3270 3268/3268/3268 3269/3269/3269
f 3270/3270/3270 3269/3269/3269 3271/3271/3271
f 3270/3270/3270 3271/3271/3271 3272/3272/3272
f 3273/3273/3273 3270/3270/3270 3272/3272/3272
f 3273/3273/3273 3272/3272/3272 3274/3274/3274
f 3275/3275/3275 3273/3273/3273 3274/3274/3274
f 3275/3275/3275 3274/3274/3274 3276/3276/3276
f 3275/3275/3275 3276/3276/3276 3277/3277/3277
f 3276/3276/3276 3278/3278/3278 3277/3277/3277
f 3279/3279/3279 3275/3275/3275 3277/3277/3277
f 3279/3279/3279 3280/3280/3280 3275/3275/3275
f 3279/3279/3279 3281/3281/3281 3280/3280/3280
f 3281/3281/3281 3282/3282/3282 3280/3280/3280
f 3282/3282/3282 3283/3283/3283 3280/3280/3280
f 3284/3284/3284 3283/3283/3283 3282/3282/3282
f 3284/3284/3284 3285/3285/3285 3283/3283/3283
f 3284/3284/3284 3286/3286/3286 3285/3285/3285
f 3283/3283/3283 3285/3285/3285 3287/3287/3287
f 3288/3288/3288 3283/3283/3283 3287/3287/3287
f 3288/3288/3288 3287/3287/3287 3289/3289/3289
f 3290/3290/3290 3288/3288/3288 3289/3289/3289
f 3290/3290/3290 3289/3289/3289 3291/3291/3291
f 3290/3290/3290 3291/3291/3291 3292/3292/3292
f 3290/3290/3290 3292/3292/3292 3293/3293/3293
f 3294/3294/3294 3293/3293/3293 3292/3292/3292
f 3294/3294/3294 3295/3295/3295 3293/3293/3293
f 3295/3295/3295 3296/3296/3296 3293/3293/3293
f 3296/3296/3296 3295/3295/3295 3297/3297/3297
f 3298/3298/3298 3296/3296/3296 3297/3297/3297
f 3298/3298/3298 3297/3297/3297 3299/3299/3299
f 3300/3300/3300 3298/3298/3298 3299/3299/3299
f 3300/3300/3300 3299/3299/3299 3301/3301/3301
f 3300/3300/3300 3301/3301/3301 3302/3302/3302
f 3303/3303/3303 3300/3300/3300 3302/3302/3302
f 3303/3303/3303 3302/3302/3302 3304/3304/3304
f 3262/3262/3262 3303/3303/3303 3304/3304/3304
f 3262/3262/3262 3304/3304/3304 3305/3305/3305
f 3262/3262/3262 3305/3305/3305 3306/3306/3306
f 3305/3305/3305 3307/3307/3307 3306/3306/3306
f 3258/3258/3258 3262/3262/3262 3306/3306/3306
f 3310/3310/3310 3309/3309/3309 3308/3308/3308
f 3311/3311/3311 3310/3310/3310 3308/3308/3308
f 3311/3311/3311 3312/3312/3312 3310/3310/3310
f 3311/3311/3311 3313/3313/3313 3312/3312/3312
f 3312/3312/3312 3313/3313/3313 3314/3314/3314
f 3315/3315/3315 3312/3312/3312 3314/3314/3314
f 3315/3315/3315 3314/3314/3314 3316/3316/3316
f 3315/3315/3315 3316/3316/3316 3317/3317/3317
f 3318/3318/3318 3315/3315/3315 3317/3317/3317
f 3317/3317/3317 3319/3319/3319 3318/3318/3318
f 3319/3319/3319 3320/3320/3320 3318/3318/3318
f 3320/3320/3320 3319/3319/3319 3321/3321/3321
f 3322/3322/3322 3320/3320/3320 3321/3321/3321
f 3325/3325/3325 3324/3324/3324 3323/3323/3323
f 3326/3326/3326 3325/3325/3325 3323/3323/3323
f 3326/3326/3326 3327/3327/3327 3325/3325/3325
f 3327/3327/3327 3328/3328/3328 3325/3325/3325
f 3331/3331/3331 3330/3330/3330 3329/3329/3329
f 3330/3330/3330 3332/3332/3332 3329/3329/3329
f 3330/3330/3330 3333/3333/3333 3332/3332/3332
f 3333/3333/3333 3334/3334/3334 3332/3332/3332
f 3333/3333/3333 3335/3335/3335 3334/3334/3334
f 3335/3335/3335 3336/3336/3336 3334/3334/3334
f 3335/3335/3335 3337/3337/3337 3336/3336/3336
f 3335/3335/3335 3338/3338/3338 3337/3337/3337
f 3338/3338/3338 3339/3339/3339 3337/3337/3337
f 3342/3342/3342 3341/3341/3341 3340/3340/3340
f 3342/3342/3342 3340/3340/3340 3343/3343/3343
f 3346/3346/3346 3345/3345/3345 3344/3344/3344
f 3346/3346/3346 3344/3344/3344 3347/3347/3347
f 3350/3350/3350 3349/3349/3349 3348/3348/3348
f 3350/3350/3350 3348/3348/3348 3351/3351/3351
f 3354/3354/3354 3353/3353/3353 3352/3352/3352
f 3354/3354/3354 3352/3352/3352 3355/3355/3355
f 3358/3358/3358 3357/3357/3357 3356/3356/3356
f 3357/3357/3357 3359/3359/3359 3356/3356/3356
f 3357/3357/3357 3360/3360/3360 3359/3359/3359
f 3359/3359/3359 3360/3360/3360 3361/3361/3361
f 3364/3364/3364 3363/3363/3363 3362/3362/3362
f 3363/3363/3363 3365/3365/3365 3362/3362/3362
f 3362/3362/3362 3365/3365/3365 3366/3366/3366
f 3369/3369/3369 3368/3368/3368 3367/3367/3367
f 3368/3368/3368 3370/3370/3370 3367/3367/3367
f 3373/3373/3373 3372/3372/3372 3371/3371/3371
f 3374/3374/3374 3373/3373/3373 3371/3371/3371
f 3377/3377/3377 3376/3376/3376 3375/3375/3375
f 3378/3378/3378 3377/3377/3377 3375/3375/3375
f 3381/3381/3381 3380/3380/3380 3379/3379/3379
f 3382/3382/3382 3381/3381/3381 3379/3379/3379
f 3385/3385/3385 3384/3384/3384 3383/3383/3383
f 3386/3386/3386 3385/3385/3385 3383/3383/3383
f 3389/3389/3389 3388/3388/3388 3387/3387/3387
f 3390/3390/3390 3389/3389/3389 3387/3387/3387
f 3393/3393/3393 3392/3392/3392 3391/3391/3391
f 3394/3394/3394 3393/3393/3393 3391/3391/3391
f 3397/3397/3397 3396/3396/3396 3395/3395/3395
f 3398/3398/3398 3397/3397/3397 3395/3395/3395
f 3401/3401/3401 3400/3400/3400 3399/3399/3399
f 3402/3402/3402 3401/3401/3401 3399/3399/3399
f 3405/3405/3405 3404/3404/3404 3403/3403/3403
f 3406/3406/3406 3405/3405/3405 3403/3403/3403
f 3409/3409/3409 3408/3408/3408 3407/3407/3407
f 3410/3410/3410 3409/3409/3409 3407/3407/3407
f 3413/3413/3413 3412/3412/3412 3411/3411/3411
f 3414/3414/3414 3413/3413/3413 3411/3411/3411
f 3417/3417/3417 3416/3416/3416 3415/3415/3415
f 3418/3418/3418 3417/3417/3417 3415/3415/3415
f 3421/3421/3421 3420/3420/3420 3419/3419/3419
f 3422/3422/3422 3421/3421/3421 3419/3419/3419
f 3425/3425/3425 3424/3424/3424 3423/3423/3423
f 3426/3426/3426 3425/3425/3425 3423/3423/3423
f 3429/3429/3429 3428/3428/3428 3427/3427/3427
f 3430/3430/3430 3429/3429/3429 3427/3427/3427
f 3433/3433/3433 3432/3432/3432 3431/3431/3431
f 3434/3434/3434 3433/3433/3433 3431/3431/3431
f 3437/3437/3437 3436/3436/3436 3435/3435/3435
f 3438/3438/3438 3437/3437/3437 3435/3435/3435
f 3441/3441/3441 3440/3440/3440 3439/3439/3439
f 3442/3442/3442 3441/3441/3441 3439/3439/3439
f 3445/3445/3445 3444/3444/3444 3443/3443/3443
f 3446/3446/3446 3445/3445/3445 3443/3443/3443
f 3449/3449/3449 3448/3448/3448 3447/3447/3447
f 3450/3450/3450 3449/3449/3449 3447/3447/3447
f 3453/3453/3453 3452/3452/3452 3451/3451/3451
f 3454/3454/3454 3453/3453/3453 3451/3451/3451
f 3457/3457/3457 3456/3456/3456 3455/3455/3455
f 3458/3458/3458 3457/3457/3457 3455/3455/3455
f 3461/3461/3461 3460/3460/3460 3459/3459/3459
f 3462/3462/3462 3461/3461/3461 3459/3459/3459
f 3465/3465/3465 3464/3464/3464 3463/3463/3463
f 3466/3466/3466 3465/3465/3465 3463/3463/3463
f 3469/3469/3469 3468/3468/3468 3467/3467/3467
f 3470/3470/3470 3469/3469/3469 3467/3467/3467
f 3470/3470/3470 3467/3467/3467 3471/3471/3471
f 3472/3472/3472 3470/3470/3470 3471/3471/3471
f 3472/3472/3472 3471/3471/3471 3473/3473/3473
f 3472/3472/3472 3473/3473/3473 3474/3474/3474
f 3475/3475/3475 3472/3472/3472 3474/3474/3474
f 3475/3475/3475 3474/3474/3474 3476/3476/3476
f 3477/3477/3477 3475/3475/3475 3476/3476/3476
f 3477/3477/3477 3476/3476/3476 3478/3478/3478
f 3481/3481/3481 3480/3480/3480 3479/3479/3479
f 3482/3482/3482 3481/3481/3481 3479/3479/3479
f 3482/3482/3482 3479/3479/3479 3483/3483/3483
f 3484/3484/3484 3482/3482/3482 3483/3483/3483
f 3484/3484/3484 3483/3483/3483 3485/3485/3485
f 3484/3484/3484 3485/3485/3485 3486/3486/3486
f 3487/3487/3487 3484/3484/3484 3486/3486/3486
f 3487/3487/3487 3486/3486/3486 3488/3488/3488
f 3489/3489/3489 3487/3487/3487 3488/3488/3488
f 3489/3489/3489 3488/3488/3488 3490/3490/3490
f 3493/3493/3493 3492/3492/3492 3491/3491/3491
f 3493/3493/3493 3494/3494/3494 3492/3492/3492
f 3494/3494/3494 3495/3495/3495 3492/3492/3492
f 3495/3495/3495 3496/3496/3496 3492/3492/3492
f 3499/3499/3499 3498/3498/3498 3497/3497/3497
f 3500/3500/3500 3499/3499/3499 3497/3497/3497
f 3499/3499/3499 3500/3500/3500 3501/3501/3501
f 3502/3502/3502 3499/3499/3499 3501/3501/3501
f 3500/3500/3500 3497/3497/3497 3503/3503/3503
f 3502/3502/3502 3501/3501/3501 3504/3504/3504
f 3505/3505/3505 3502/3502/3502 3504/3504/3504
f 3506/3506/3506 3505/3505/3505 3504/3504/3504
f 3506/3506/3506 3504/3504/3504 3507/3507/3507
f 3508/3508/3508 3506/3506/3506 3507/3507/3507
f 3497/3497/3497 3509/3509/3509 3503/3503/3503
f 3508/3508/3508 3507/3507/3507 3510/3510/3510
f 3497/3497/3497 3511/3511/3511 3509/3509/3509
f 3497/3497/3497 3512/3512/3512 3511/3511/3511
f 3511/3511/3511 3513/3513/3513 3509/3509/3509
f 3511/3511/3511 3514/3514/3514 3513/3513/3513
f 3514/3514/3514 3515/3515/3515 3513/3513/3513
f 3516/3516/3516 3515/3515/3515 3514/3514/3514
f 3516/3516/3516 3517/3517/3517 3515/3515/3515
f 3517/3517/3517 3518/3518/3518 3515/3515/3515
f 3517/3517/3517 3519/3519/3519 3518/3518/3518
f 3519/3519/3519 3520/3520/3520 3518/3518/3518
f 3521/3521/3521 3508/3508/3508 3510/3510/3510
f 3519/3519/3519 3521/3521/3521 3520/3520/3520
f 3508/3508/3508 3521/3521/3521 3522/3522/3522
f 3521/3521/3521 3519/3519/3519 3523/3523/3523
f 3521/3521/3521 3510/3510/3510 3524/3524/3524
f 3521/3521/3521 3524/3524/3524 3520/3520/3520
f 3527/3527/3527 3526/3526/3526 3525/3525/3525
f 3527/3527/3527 3528/3528/3528 3526/3526/3526
f 3529/3529/3529 3528/3528/3528 3527/3527/3527
f 3532/3532/3532 3531/3531/3531 3530/3530/3530
f 3533/3533/3533 3532/3532/3532 3530/3530/3530
f 3534/3534/3534 3533/3533/3533 3530/3530/3530
f 3534/3534/3534 3530/3530/3530 3535/3535/3535
f 3538/3538/3538 3537/3537/3537 3536/3536/3536
f 3538/3538/3538 3539/3539/3539 3537/3537/3537
f 3540/3540/3540 3537/3537/3537 3539/3539/3539
f 3543/3543/3543 3542/3542/3542 3541/3541/3541
f 3543/3543/3543 3541/3541/3541 3544/3544/3544
f 3547/3547/3547 3546/3546/3546 3545/3545/3545
f 3547/3547/3547 3545/3545/3545 3548/3548/3548
f 3545/3545/3545 3549/3549/3549 3548/3548/3548
f 3552/3552/3552 3551/3551/3551 3550/3550/3550
f 3552/3552/3552 3550/3550/3550 3553/3553/3553
f 3554/3554/3554 3552/3552/3552 3553/3553/3553
f 3557/3557/3557 3556/3556/3556 3555/3555/3555
f 3557/3557/3557 3558/3558/3558 3556/3556/3556
f 3561/3561/3561 3560/3560/3560 3559/3559/3559
f 3559/3559/3559 3562/3562/3562 3561/3561/3561
f 3563/3563/3563 3561/3561/3561 3562/3562/3562
f 3559/3559/3559 3564/3564/3564 3562/3562/3562
f 3565/3565/3565 3561/3561/3561 3563/3563/3563
f 3559/3559/3559 3566/3566/3566 3564/3564/3564
f 3567/3567/3567 3565/3565/3565 3563/3563/3563
f 3568/3568/3568 3565/3565/3565 3567/3567/3567
f 3569/3569/3569 3568/3568/3568 3567/3567/3567
f 3569/3569/3569 3570/3570/3570 3568/3568/3568
f 3571/3571/3571 3570/3570/3570 3569/3569/3569
f 3572/3572/3572 3570/3570/3570 3571/3571/3571
f 3572/3572/3572 3571/3571/3571 3573/3573/3573
f 3572/3572/3572 3573/3573/3573 3574/3574/3574
f 3559/3559/3559 3575/3575/3575 3566/3566/3566
f 3566/3566/3566 3575/3575/3575 3576/3576/3576
f 3575/3575/3575 3577/3577/3577 3576/3576/3576
f 3574/3574/3574 3573/3573/3573 3578/3578/3578
f 3579/3579/3579 3574/3574/3574 3578/3578/3578
f 3575/3575/3575 3580/3580/3580 3577/3577/3577
f 3579/3579/3579 3578/3578/3578 3580/3580/3580
f 3577/3577/3577 3580/3580/3580 3581/3581/3581
f 3578/3578/3578 3581/3581/3581 3580/3580/3580
f 3584/3584/3584 3583/3583/3583 3582/3582/3582
f 3584/3584/3584 3585/3585/3585 3583/3583/3583
f 3588/3588/3588 3587/3587/3587 3586/3586/3586
f 3588/3588/3588 3589/3589/3589 3587/3587/3587
f 3592/3592/3592 3591/3591/3591 3590/3590/3590
f 3592/3592/3592 3590/3590/3590 3593/3593/3593
f 3596/3596/3596 3595/3595/3595 3594/3594/3594
f 3594/3594/3594 3595/3595/3595 3597/3597/3597
f 3600/3600/3600 3599/3599/3599 3598/3598/3598
f 3600/3600/3600 3601/3601/3601 3599/3599/3599
f 3601/3601/3601 3602/3602/3602 3599/3599/3599
f 3599/3599/3599 3602/3602/3602 3603/3603/3603
f 3606/3606/3606 3605/3605/3605 3604/3604/3604
f 3606/3606/3606 3604/3604/3604 3607/3607/3607
f 3610/3610/3610 3609/3609/3609 3608/3608/3608
f 3610/3610/3610 3611/3611/3611 3609/3609/3609
f 3614/3614/3614 3613/3613/3613 3612/3612/3612
f 3614/3614/3614 3615/3615/3615 3613/3613/3613
f 3618/3618/3618 3617/3617/3617 3616/3616/3616
f 3618/3618/3618 3616/3616/3616 3619/3619/3619
f 3622/3622/3622 3621/3621/3621 3620/3620/3620
f 3622/3622/3622 3623/3623/3623 3621/3621/3621
f 3626/3626/3626 3625/3625/3625 3624/3624/3624
f 3626/3626/3626 3624/3624/3624 3627/3627/3627
f 3630/3630/3630 3629/3629/3629 3628/3628/3628
f 3630/3630/3630 3631/3631/3631 3629/3629/3629
f 3634/3634/3634 3633/3633/3633 3632/3632/3632
f 3634/3634/3634 3632/3632/3632 3635/3635/3635
f 3638/3638/3638 3637/3637/3637 3636/3636/3636
f 3639/3639/3639 3638/3638/3638 3636/3636/3636
f 3639/3639/3639 3640/3640/3640 3638/3638/3638
f 3639/3639/3639 3636/3636/3636 3641/3641/3641
f 3642/3642/3642 3639/3639/3639 3641/3641/3641
f 3643/3643/3643 3642/3642/3642 3641/3641/3641
f 3644/3644/3644 3643/3643/3643 3641/3641/3641
f 3645/3645/3645 3644/3644/3644 3641/3641/3641
f 3644/3644/3644 3646/3646/3646 3643/3643/3643
f 3645/3645/3645 3647/3647/3647 3644/3644/3644
f 3647/3647/3647 3646/3646/3646 3644/3644/3644
f 3650/3650/3650 3649/3649/3649 3648/3648/3648
f 3651/3651/3651 3649/3649/3649 3650/3650/3650
f 3654/3654/3654 3653/3653/3653 3652/3652/3652
f 3655/3655/3655 3654/3654/3654 3652/3652/3652
f 3658/3658/3658 3657/3657/3657 3656/3656/3656
f 3659/3659/3659 3656/3656/3656 3657/3657/3657
f 3662/3662/3662 3661/3661/3661 3660/3660/3660
f 3663/3663/3663 3661/3661/3661 3662/3662/3662
f 3666/3666/3666 3665/3665/3665 3664/3664/3664
f 3667/3667/3667 3665/3665/3665 3666/3666/3666
f 3670/3670/3670 3669/3669/3669 3668/3668/3668
f 3670/3670/3670 3671/3671/3671 3669/3669/3669
f 3672/3672/3672 3670/3670/3670 3668/3668/3668
f 3670/3670/3670 3673/3673/3673 3671/3671/3671
f 3672/3672/3672 3668/3668/3668 3674/3674/3674
f 3673/3673/3673 3675/3675/3675 3671/3671/3671
f 3676/3676/3676 3672/3672/3672 3674/3674/3674
f 3673/3673/3673 3677/3677/3677 3675/3675/3675
f 3676/3676/3676 3674/3674/3674 3678/3678/3678
f 3677/3677/3677 3679/3679/3679 3675/3675/3675
f 3680/3680/3680 3676/3676/3676 3678/3678/3678
f 3677/3677/3677 3681/3681/3681 3679/3679/3679
f 3681/3681/3681 3682/3682/3682 3679/3679/3679
f 3681/3681/3681 3683/3683/3683 3682/3682/3682
f 3680/3680/3680 3678/3678/3678 3684/3684/3684
f 3685/3685/3685 3680/3680/3680 3684/3684/3684
f 3686/3686/3686 3685/3685/3685 3684/3684/3684
f 3686/3686/3686 3684/3684/3684 3687/3687/3687
f 3688/3688/3688 3686/3686/3686 3687/3687/3687
f 3688/3688/3688 3687/3687/3687 3689/3689/3689
f 3690/3690/3690 3688/3688/3688 3689/3689/3689
f 3690/3690/3690 3689/3689/3689 3691/3691/3691
f 3692/3692/3692 3690/3690/3690 3691/3691/3691
f 3692/3692/3692 3691/3691/3691 3693/3693/3693
f 3694/3694/3694 3692/3692/3692 3693/3693/3693
f 3694/3694/3694 3693/3693/3693 3695/3695/3695
f 3696/3696/3696 3694/3694/3694 3695/3695/3695
f 3696/3696/3696 3695/3695/3695 3697/3697/3697
f 3696/3696/3696 3697/3697/3697 3698/3698/3698
f 3699/3699/3699 3696/3696/3696 3698/3698/3698
f 3699/3699/3699 3698/3698/3698 3700/3700/3700
f 3701/3701/3701 3699/3699/3699 3700/3700/3700
f 3701/3701/3701 3700/3700/3700 3702/3702/3702
f 3703/3703/3703 3701/3701/3701 3702/3702/3702
f 3703/3703/3703 3702/3702/3702 3704/3704/3704
f 3705/3705/3705 3703/3703/3703 3704/3704/3704
f 3705/3705/3705 3704/3704/3704 3706/3706/3706
f 3707/3707/3707 3705/3705/3705 3706/3706/3706
f 3707/3707/3707 3706/3706/3706 3683/3683/3683
f 3683/3683/3683 3706/3706/3706 3682/3682/3682
f 3710/3710/3710 3709/3709/3709 3708/3708/3708
f 3710/3710/3710 3708/3708/3708 3711/3711/3711
f 3710/3710/3710 3712/3712/3712 3709/3709/3709
f 3713/3713/3713 3710/3710/3710 3711/3711/3711
f 3712/3712/3712 3714/3714/3714 3709/3709/3709
f 3713/3713/3713 3711/3711/3711 3715/3715/3715
f 3712/3712/3712 3716/3716/3716 3714/3714/3714
f 3717/3717/3717 3713/3713/3713 3715/3715/3715
f 3716/3716/3716 3718/3718/3718 3714/3714/3714
f 3717/3717/3717 3715/3715/3715 3719/3719/3719
f 3716/3716/3716 3720/3720/3720 3718/3718/3718
f 3721/3721/3721 3717/3717/3717 3719/3719/3719
f 3720/3720/3720 3722/3722/3722 3718/3718/3718
f 3721/3721/3721 3719/3719/3719 3723/3723/3723
f 3720/3720/3720 3724/3724/3724 3722/3722/3722
f 3725/3725/3725 3721/3721/3721 3723/3723/3723
f 3724/3724/3724 3726/3726/3726 3722/3722/3722
f 3725/3725/3725 3723/3723/3723 3727/3727/3727
f 3724/3724/3724 3728/3728/3728 3726/3726/3726
f 3729/3729/3729 3725/3725/3725 3727/3727/3727
f 3728/3728/3728 3730/3730/3730 3726/3726/3726
f 3729/3729/3729 3727/3727/3727 3731/3731/3731
f 3728/3728/3728 3732/3732/3732 3730/3730/3730
f 3733/3733/3733 3729/3729/3729 3731/3731/3731
f 3732/3732/3732 3734/3734/3734 3730/3730/3730
f 3733/3733/3733 3731/3731/3731 3735/3735/3735
f 3732/3732/3732 3736/3736/3736 3734/3734/3734
f 3737/3737/3737 3733/3733/3733 3735/3735/3735
f 3736/3736/3736 3738/3738/3738 3734/3734/3734
f 3737/3737/3737 3735/3735/3735 3739/3739/3739
f 3736/3736/3736 3740/3740/3740 3738/3738/3738
f 3741/3741/3741 3737/3737/3737 3739/3739/3739
f 3740/3740/3740 3742/3742/3742 3738/3738/3738
f 3741/3741/3741 3739/3739/3739 3743/3743/3743
f 3740/3740/3740 3744/3744/3744 3742/3742/3742
f 3745/3745/3745 3741/3741/3741 3743/3743/3743
f 3744/3744/3744 3746/3746/3746 3742/3742/3742
f 3745/3745/3745 3743/3743/3743 3746/3746/3746
f 3744/3744/3744 3747/3747/3747 3746/3746/3746
f 3747/3747/3747 3745/3745/3745 3746/3746/3746
f 3750/3750/3750 3749/3749/3749 3748/3748/3748
f 3751/3751/3751 3748/3748/3748 3749/3749/3749
f 3750/3750/3750 3752/3752/3752 3749/3749/3749
f 3751/3751/3751 3749/3749/3749 3753/3753/3753
f 3754/3754/3754 3751/3751/3751 3753/3753/3753
f 3754/3754/3754 3753/3753/3753 3755/3755/3755
f 3756/3756/3756 3754/3754/3754 3755/3755/3755
f 3756/3756/3756 3755/3755/3755 3757/3757/3757
f 3758/3758/3758 3756/3756/3756 3757/3757/3757
f 3752/3752/3752 3759/3759/3759 3749/3749/3749
f 3752/3752/3752 3760/3760/3760 3759/3759/3759
f 3761/3761/3761 3759/3759/3759 3760/3760/3760
f 3758/3758/3758 3757/3757/3757 3762/3762/3762
f 3763/3763/3763 3758/3758/3758 3762/3762/3762
f 3762/3762/3762 3764/3764/3764 3763/3763/3763
f 3762/3762/3762 3765/3765/3765 3764/3764/3764
f 3765/3765/3765 3766/3766/3766 3764/3764/3764
f 3765/3765/3765 3767/3767/3767 3766/3766/3766
f 3767/3767/3767 3768/3768/3768 3766/3766/3766
f 3767/3767/3767 3769/3769/3769 3768/3768/3768
f 3769/3769/3769 3770/3770/3770 3768/3768/3768
f 3761/3761/3761 3771/3771/3771 3759/3759/3759
f 3769/3769/3769 3772/3772/3772 3770/3770/3770
f 3761/3761/3761 3773/3773/3773 3771/3771/3771
f 3772/3772/3772 3774/3774/3774 3770/3770/3770
f 3775/3775/3775 3774/3774/3774 3772/3772/3772
f 3776/3776/3776 3775/3775/3775 3772/3772/3772
f 3776/3776/3776 3772/3772/3772 3777/3777/3777
f 3778/3778/3778 3776/3776/3776 3777/3777/3777
f 3771/3771/3771 3773/3773/3773 3779/3779/3779
f 3779/3779/3779 3780/3780/3780 3771/3771/3771
f 3771/3771/3771 3780/3780/3780 3781/3781/3781
f 3782/3782/3782 3771/3771/3771 3781/3781/3781
f 3782/3782/3782 3781/3781/3781 3783/3783/3783
f 3784/3784/3784 3782/3782/3782 3783/3783/3783
f 3784/3784/3784 3783/3783/3783 3785/3785/3785
f 3786/3786/3786 3784/3784/3784 3785/3785/3785
f 3786/3786/3786 3785/3785/3785 3787/3787/3787
f 3778/3778/3778 3777/3777/3777 3788/3788/3788
f 3789/3789/3789 3786/3786/3786 3787/3787/3787
f 3789/3789/3789 3787/3787/3787 3790/3790/3790
f 3790/3790/3790 3791/3791/3791 3789/3789/3789
f 3791/3791/3791 3792/3792/3792 3789/3789/3789
f 3791/3791/3791 3793/3793/3793 3792/3792/3792
f 3793/3793/3793 3794/3794/3794 3792/3792/3792
f 3793/3793/3793 3795/3795/3795 3794/3794/3794
f 3795/3795/3795 3796/3796/3796 3794/3794/3794
f 3795/3795/3795 3797/3797/3797 3796/3796/3796
f 3797/3797/3797 3788/3788/3788 3796/3796/3796
f 3798/3798/3798 3778/3778/3778 3788/3788/3788
f 3797/3797/3797 3799/3799/3799 3788/3788/3788
f 3800/3800/3800 3798/3798/3798 3788/3788/3788
f 3800/3800/3800 3788/3788/3788 3799/3799/3799
f 3803/3803/3803 3802/3802/3802 3801/3801/3801
f 3803/3803/3803 3804/3804/3804 3802/3802/3802
f 3805/3805/3805 3801/3801/3801 3802/3802/3802
f 3804/3804/3804 3806/3806/3806 3802/3802/3802
f 3801/3801/3801 3805/3805/3805 3807/3807/3807
f 3804/3804/3804 3808/3808/3808 3806/3806/3806
f 3809/3809/3809 3801/3801/3801 3807/3807/3807
f 3808/3808/3808 3810/3810/3810 3806/3806/3806
f 3809/3809/3809 3807/3807/3807 3811/3811/3811
f 3808/3808/3808 3812/3812/3812 3810/3810/3810
f 3813/3813/3813 3809/3809/3809 3811/3811/3811
f 3812/3812/3812 3814/3814/3814 3810/3810/3810
f 3813/3813/3813 3811/3811/3811 3815/3815/3815
f 3816/3816/3816 3813/3813/3813 3815/3815/3815
f 3812/3812/3812 3817/3817/3817 3814/3814/3814
f 3817/3817/3817 3818/3818/3818 3814/3814/3814
f 3816/3816/3816 3815/3815/3815 3819/3819/3819
f 3820/3820/3820 3816/3816/3816 3819/3819/3819
f 3821/3821/3821 3818/3818/3818 3817/3817/3817
f 3822/3822/3822 3821/3821/3821 3817/3817/3817
f 3822/3822/3822 3823/3823/3823 3821/3821/3821
f 3823/3823/3823 3824/3824/3824 3821/3821/3821
f 3823/3823/3823 3825/3825/3825 3824/3824/3824
f 3825/3825/3825 3826/3826/3826 3824/3824/3824
f 3825/3825/3825 3827/3827/3827 3826/3826/3826
f 3827/3827/3827 3828/3828/3828 3826/3826/3826
f 3820/3820/3820 3819/3819/3819 3829/3829/3829
f 3819/3819/3819 3830/3830/3830 3829/3829/3829
f 3829/3829/3829 3830/3830/3830 3831/3831/3831
f 3832/3832/3832 3829/3829/3829 3831/3831/3831
f 3832/3832/3832 3831/3831/3831 3833/3833/3833
f 3834/3834/3834 3832/3832/3832 3833/3833/3833
f 3834/3834/3834 3833/3833/3833 3835/3835/3835
f 3836/3836/3836 3834/3834/3834 3835/3835/3835
f 3827/3827/3827 3837/3837/3837 3828/3828/3828
f 3837/3837/3837 3838/3838/3838 3828/3828/3828
f 3836/3836/3836 3835/3835/3835 3839/3839/3839
f 3838/3838/3838 3837/3837/3837 3839/3839/3839
f 3840/3840/3840 3836/3836/3836 3839/3839/3839
f 3840/3840/3840 3839/3839/3839 3837/3837/3837
f 3843/3843/3843 3842/3842/3842 3841/3841/3841
f 3844/3844/3844 3843/3843/3843 3841/3841/3841
f 3841/3841/3841 3842/3842/3842 3845/3845/3845
f 3846/3846/3846 3844/3844/3844 3841/3841/3841
f 3842/3842/3842 3847/3847/3847 3845/3845/3845
f 3845/3845/3845 3847/3847/3847 3848/3848/3848
f 3848/3848/3848 3847/3847/3847 3849/3849/3849
f 3847/3847/3847 3850/3850/3850 3849/3849/3849
f 3851/3851/3851 3844/3844/3844 3846/3846/3846
f 3852/3852/3852 3851/3851/3851 3846/3846/3846
f 3853/3853/3853 3851/3851/3851 3852/3852/3852
f 3854/3854/3854 3851/3851/3851 3853/3853/3853
f 3849/3849/3849 3850/3850/3850 3855/3855/3855
f 3850/3850/3850 3856/3856/3856 3855/3855/3855
f 3856/3856/3856 3857/3857/3857 3855/3855/3855
f 3855/3855/3855 3857/3857/3857 3858/3858/3858
f 3859/3859/3859 3854/3854/3854 3853/3853/3853
f 3859/3859/3859 3860/3860/3860 3854/3854/3854
f 3861/3861/3861 3860/3860/3860 3859/3859/3859
f 3862/3862/3862 3861/3861/3861 3859/3859/3859
f 3857/3857/3857 3863/3863/3863 3858/3858/3858
f 3858/3858/3858 3863/3863/3863 3864/3864/3864
f 3864/3864/3864 3863/3863/3863 3865/3865/3865
f 3863/3863/3863 3866/3866/3866 3865/3865/3865
f 3867/3867/3867 3861/3861/3861 3862/3862/3862
f 3868/3868/3868 3867/3867/3867 3862/3862/3862
f 3869/3869/3869 3867/3867/3867 3868/3868/3868
f 3867/3867/3867 3869/3869/3869 3870/3870/3870
f 3865/3865/3865 3866/3866/3866 3871/3871/3871
f 3866/3866/3866 3872/3872/3872 3871/3871/3871
f 3871/3871/3871 3872/3872/3872 3873/3873/3873
f 3873/3873/3873 3874/3874/3874 3871/3871/3871
f 3870/3870/3870 3869/3869/3869 3875/3875/3875
f 3875/3875/3875 3876/3876/3876 3870/3870/3870
f 3877/3877/3877 3876/3876/3876 3875/3875/3875
f 3878/3878/3878 3877/3877/3877 3875/3875/3875
f 3879/3879/3879 3874/3874/3874 3873/3873/3873
f 3879/3879/3879 3880/3880/3880 3874/3874/3874
f 3881/3881/3881 3880/3880/3880 3879/3879/3879
f 3882/3882/3882 3881/3881/3881 3879/3879/3879
f 3883/3883/3883 3877/3877/3877 3878/3878/3878
f 3884/3884/3884 3883/3883/3883 3878/3878/3878
f 3885/3885/3885 3883/3883/3883 3884/3884/3884
f 3883/3883/3883 3885/3885/3885 3886/3886/3886
f 3887/3887/3887 3881/3881/3881 3882/3882/3882
f 3882/3882/3882 3888/3888/3888 3887/3887/3887
f 3888/3888/3888 3889/3889/3889 3887/3887/3887
f 3887/3887/3887 3889/3889/3889 3890/3890/3890
f 3886/3886/3886 3885/3885/3885 3891/3891/3891
f 3891/3891/3891 3892/3892/3892 3886/3886/3886
f 3893/3893/3893 3892/3892/3892 3891/3891/3891
f 3894/3894/3894 3893/3893/3893 3891/3891/3891
f 3889/3889/3889 3895/3895/3895 3890/3890/3890
f 3890/3890/3890 3895/3895/3895 3896/3896/3896
f 3896/3896/3896 3895/3895/3895 3897/3897/3897
f 3895/3895/3895 3898/3898/3898 3897/3897/3897
f 3899/3899/3899 3893/3893/3893 3894/3894/3894
f 3900/3900/3900 3899/3899/3899 3894/3894/3894
f 3901/3901/3901 3899/3899/3899 3900/3900/3900
f 3899/3899/3899 3901/3901/3901 3902/3902/3902
f 3897/3897/3897 3898/3898/3898 3903/3903/3903
f 3898/3898/3898 3904/3904/3904 3903/3903/3903
f 3903/3903/3903 3904/3904/3904 3905/3905/3905
f 3905/3905/3905 3906/3906/3906 3903/3903/3903
f 3902/3902/3902 3901/3901/3901 3907/3907/3907
f 3907/3907/3907 3908/3908/3908 3902/3902/3902
f 3909/3909/3909 3908/3908/3908 3907/3907/3907
f 3910/3910/3910 3909/3909/3909 3907/3907/3907
f 3911/3911/3911 3906/3906/3906 3905/3905/3905
f 3911/3911/3911 3912/3912/3912 3906/3906/3906
f 3913/3913/3913 3912/3912/3912 3911/3911/3911
f 3914/3914/3914 3913/3913/3913 3911/3911/3911
f 3915/3915/3915 3909/3909/3909 3910/3910/3910
f 3916/3916/3916 3915/3915/3915 3910/3910/3910
f 3917/3917/3917 3915/3915/3915 3916/3916/3916
f 3918/3918/3918 3915/3915/3915 3917/3917/3917
f 3919/3919/3919 3913/3913/3913 3914/3914/3914
f 3919/3919/3919 3918/3918/3918 3917/3917/3917
f 3914/3914/3914 3920/3920/3920 3919/3919/3919
f 3920/3920/3920 3918/3918/3918 3919/3919/3919
g AceDragon_Charge_Tip_1
f 3923/3923/3923 3922/3922/3922 3921/3921/3921
f 3926/3926/3926 3925/3925/3925 3924/3924/3924
f 3929/3929/3929 3928/3928/3928 3927/3927/3927
f 3932/3932/3932 3931/3931/3931 3930/3930/3930
f 3935/3935/3935 3934/3934/3934 3933/3933/3933
f 3938/3938/3938 3937/3937/3937 3936/3936/3936
f 3941/3941/3941 3940/3940/3940 3939/3939/3939
f 3941/3941/3941 3939/3939/3939 3942/3942/3942
f 3943/3943/3943 3941/3941/3941 3942/3942/3942
f 3944/3944/3944 3943/3943/3943 3942/3942/3942
f 3945/3945/3945 3942/3942/3942 3939/3939/3939
f 3944/3944/3944 3942/3942/3942 3946/3946/3946
f 3945/3945/3945 3947/3947/3947 3942/3942/3942
f 3942/3942/3942 3947/3947/3947 3946/3946/3946
f 3948/3948/3948 3945/3945/3945 3939/3939/3939
f 3948/3948/3948 3939/3939/3939 3949/3949/3949
f 3950/3950/3950 3949/3949/3949 3939/3939/3939
f 3945/3945/3945 3951/3951/3951 3947/3947/3947
f 3945/3945/3945 3948/3948/3948 3951/3951/3951
f 3951/3951/3951 3952/3952/3952 3947/3947/3947
f 3948/3948/3948 3953/3953/3953 3951/3951/3951
f 3953/3953/3953 3948/3948/3948 3954/3954/3954
f 3955/3955/3955 3954/3954/3954 3948/3948/3948
f 3956/3956/3956 3951/3951/3951 3953/3953/3953
f 3951/3951/3951 3956/3956/3956 3957/3957/3957
f 3951/3951/3951 3957/3957/3957 3952/3952/3952
f 3958/3958/3958 3957/3957/3957 3956/3956/3956
f 3958/3958/3958 3959/3959/3959 3957/3957/3957
f 3957/3957/3957 3959/3959/3959 3952/3952/3952
f 3959/3959/3959 3958/3958/3958 3960/3960/3960
f 3961/3961/3961 3960/3960/3960 3958/3958/3958
f 3960/3960/3960 3961/3961/3961 3962/3962/3962
f 3963/3963/3963 3959/3959/3959 3960/3960/3960
f 3952/3952/3952 3959/3959/3959 3963/3963/3963
f 3960/3960/3960 3964/3964/3964 3963/3963/3963
f 3964/3964/3964 3965/3965/3965 3963/3963/3963
f 3966/3966/3966 3952/3952/3952 3963/3963/3963
f 3965/3965/3965 3967/3967/3967 3963/3963/3963
f 3967/3967/3967 3966/3966/3966 3963/3963/3963
f 3968/3968/3968 3952/3952/3952 3966/3966/3966
f 3969/3969/3969 3952/3952/3952 3968/3968/3968
f 3952/3952/3952 3969/3969/3969 3947/3947/3947
f 3970/3970/3970 3947/3947/3947 3969/3969/3969
f 3970/3970/3970 3969/3969/3969 3968/3968/3968
f 3970/3970/3970 3946/3946/3946 3947/3947/3947
f 3971/3971/3971 3946/3946/3946 3970/3970/3970
f 3970/3970/3970 3968/3968/3968 3972/3972/3972
f 3971/3971/3971 3970/3970/3970 3972/3972/3972
f 3971/3971/3971 3973/3973/3973 3946/3946/3946
f 3944/3944/3944 3946/3946/3946 3973/3973/3973
f 3971/3971/3971 3974/3974/3974 3973/3973/3973
f 3974/3974/3974 3971/3971/3971 3972/3972/3972
f 3944/3944/3944 3973/3973/3973 3975/3975/3975
f 3975/3975/3975 3973/3973/3973 3974/3974/3974
f 3976/3976/3976 3975/3975/3975 3974/3974/3974
f 3977/3977/3977 3944/3944/3944 3975/3975/3975
f 3976/3976/3976 3974/3974/3974 3978/3978/3978
f 3974/3974/3974 3972/3972/3972 3978/3978/3978
f 3979/3979/3979 3976/3976/3976 3978/3978/3978
f 3968/3968/3968 3980/3980/3980 3972/3972/3972
f 3972/3972/3972 3980/3980/3980 3978/3978/3978
f 3979/3979/3979 3978/3978/3978 3981/3981/3981
f 3981/3981/3981 3978/3978/3978 3980/3980/3980
f 3981/3981/3981 3982/3982/3982 3979/3979/3979
f 3980/3980/3980 3968/3968/3968 3983/3983/3983
f 3981/3981/3981 3980/3980/3980 3983/3983/3983
f 3968/3968/3968 3966/3966/3966 3983/3983/3983
f 3981/3981/3981 3983/3983/3983 3966/3966/3966
f 3967/3967/3967 3981/3981/3981 3966/3966/3966
f 3967/3967/3967 3982/3982/3982 3981/3981/3981
f 3982/3982/3982 3967/3967/3967 3984/3984/3984
f 3984/3984/3984 3967/3967/3967 3985/3985/3985
f 3967/3967/3967 3965/3965/3965 3985/3985/3985
f 3986/3986/3986 3984/3984/3984 3985/3985/3985
f 3985/3985/3985 3987/3987/3987 3986/3986/3986
f 3986/3986/3986 3987/3987/3987 3988/3988/3988
f 3989/3989/3989 3986/3986/3986 3988/3988/3988
f 3990/3990/3990 3985/3985/3985 3965/3965/3965
f 3991/3991/3991 3986/3986/3986 3989/3989/3989
f 3992/3992/3992 3990/3990/3990 3965/3965/3965
f 3965/3965/3965 3993/3993/3993 3992/3992/3992
f 3992/3992/3992 3994/3994/3994 3990/3990/3990
f 3995/3995/3995 3992/3992/3992 3993/3993/3993
f 3992/3992/3992 3995/3995/3995 3994/3994/3994
f 3996/3996/3996 3991/3991/3991 3989/3989/3989
f 3997/3997/3997 3991/3991/3991 3996/3996/3996
f 3997/3997/3997 3996/3996/3996 3998/3998/3998
f 3999/3999/3999 3996/3996/3996 3989/3989/3989
f 4000/4000/4000 3999/3999/3999 3989/3989/3989
f 3996/3996/3996 4001/4001/4001 3998/3998/3998
f 4001/4001/4001 4002/4002/4002 3998/3998/3998
f 4002/4002/4002 4003/4003/4003 3998/3998/3998
f 4003/4003/4003 3977/3977/3977 3998/3998/3998
f 4003/4003/4003 4004/4004/4004 3977/3977/3977
f 4004/4004/4004 4005/4005/4005 3977/3977/3977
f 4005/4005/4005 3944/3944/3944 3977/3977/3977
f 3944/3944/3944 4005/4005/4005 4006/4006/4006
f 4005/4005/4005 4004/4004/4004 4007/4007/4007
f 4005/4005/4005 4007/4007/4007 4008/4008/4008
f 4005/4005/4005 4008/4008/4008 4009/4009/4009
f 4005/4005/4005 4009/4009/4009 4010/4010/4010
f 4009/4009/4009 4011/4011/4011 4010/4010/4010
f 4011/4011/4011 4012/4012/4012 4010/4010/4010
f 4015/4015/4015 4014/4014/4014 4013/4013/4013
f 4013/4013/4013 4014/4014/4014 4016/4016/4016
f 4014/4014/4014 4017/4017/4017 4016/4016/4016
f 4017/4017/4017 4018/4018/4018 4016/4016/4016
f 4017/4017/4017 4019/4019/4019 4018/4018/4018
f 4019/4019/4019 4020/4020/4020 4018/4018/4018
f 4020/4020/4020 4019/4019/4019 4021/4021/4021
f 4022/4022/4022 4020/4020/4020 4021/4021/4021
f 4022/4022/4022 4021/4021/4021 4023/4023/4023
f 4024/4024/4024 4022/4022/4022 4023/4023/4023
f 4024/4024/4024 4023/4023/4023 4025/4025/4025
f 4024/4024/4024 4025/4025/4025 4026/4026/4026
f 4024/4024/4024 4026/4026/4026 4027/4027/4027
f 4024/4024/4024 4027/4027/4027 4028/4028/4028
f 4029/4029/4029 4024/4024/4024 4028/4028/4028
f 4029/4029/4029 4028/4028/4028 4030/4030/4030
f 4031/4031/4031 4029/4029/4029 4030/4030/4030
f 4031/4031/4031 4030/4030/4030 4032/4032/4032
f 4033/4033/4033 4031/4031/4031 4032/4032/4032
f 4033/4033/4033 4032/4032/4032 4034/4034/4034
f 4035/4035/4035 4033/4033/4033 4034/4034/4034
f 4035/4035/4035 4034/4034/4034 4036/4036/4036
f 4039/4039/4039 4038/4038/4038 4037/4037/4037
f 4039/4039/4039 4037/4037/4037 4040/4040/4040
f 4040/4040/4040 4037/4037/4037 4041/4041/4041
f 4040/4040/4040 4041/4041/4041 4042/4042/4042
f 4043/4043/4043 4041/4041/4041 4037/4037/4037
f 4043/4043/4043 4037/4037/4037 4044/4044/4044
f 4044/4044/4044 4045/4045/4045 4043/4043/4043
f 4042/4042/4042 4041/4041/4041 4046/4046/4046
f 4043/4043/4043 4046/4046/4046 4041/4041/4041
f 4040/4040/4040 4047/4047/4047 4039/4039/4039
f 4048/4048/4048 4040/4040/4040 4042/4042/4042
f 4047/4047/4047 4040/4040/4040 4048/4048/4048
f 4047/4047/4047 4048/4048/4048 4049/4049/4049
f 4047/4047/4047 4050/4050/4050 4039/4039/4039
f 4049/4049/4049 4050/4050/4050 4047/4047/4047
f 4051/4051/4051 4048/4048/4048 4042/4042/4042
f 4051/4051/4051 4049/4049/4049 4048/4048/4048
f 4051/4051/4051 4042/4042/4042 4052/4052/4052
f 4046/4046/4046 4053/4053/4053 4042/4042/4042
f 4043/4043/4043 4054/4054/4054 4046/4046/4046
f 4054/4054/4054 4053/4053/4053 4046/4046/4046
f 4055/4055/4055 4052/4052/4052 4042/4042/4042
f 4055/4055/4055 4042/4042/4042 4053/4053/4053
f 4050/4050/4050 4049/4049/4049 4056/4056/4056
f 4057/4057/4057 4056/4056/4056 4049/4049/4049
f 4049/4049/4049 4051/4051/4051 4057/4057/4057
f 4058/4058/4058 4050/4050/4050 4056/4056/4056
f 4056/4056/4056 4057/4057/4057 4058/4058/4058
f 4058/4058/4058 4039/4039/4039 4050/4050/4050
f 4039/4039/4039 4058/4058/4058 4059/4059/4059
f 4057/4057/4057 4060/4060/4060 4058/4058/4058
f 4060/4060/4060 4057/4057/4057 4051/4051/4051
f 4058/4058/4058 4060/4060/4060 4059/4059/4059
f 4060/4060/4060 4051/4051/4051 4061/4061/4061
f 4051/4051/4051 4052/4052/4052 4061/4061/4061
f 4062/4062/4062 4060/4060/4060 4061/4061/4061
f 4062/4062/4062 4059/4059/4059 4060/4060/4060
f 4062/4062/4062 4061/4061/4061 4052/4052/4052
f 4053/4053/4053 4063/4063/4063 4055/4055/4055
f 4064/4064/4064 4052/4052/4052 4055/4055/4055
f 4064/4064/4064 4055/4055/4055 4063/4063/4063
f 4063/4063/4063 4053/4053/4053 4065/4065/4065
f 4054/4054/4054 4065/4065/4065 4053/4053/4053
f 4066/4066/4066 4065/4065/4065 4054/4054/4054
f 4067/4067/4067 4063/4063/4063 4065/4065/4065
f 4064/4064/4064 4063/4063/4063 4067/4067/4067
f 4064/4064/4064 4067/4067/4067 4068/4068/4068
f 4064/4064/4064 4069/4069/4069 4052/4052/4052
f 4068/4068/4068 4069/4069/4069 4064/4064/4064
f 4062/4062/4062 4052/4052/4052 4070/4070/4070
f 4052/4052/4052 4069/4069/4069 4070/4070/4070
f 4069/4069/4069 4068/4068/4068 4071/4071/4071
f 4071/4071/4071 4070/4070/4070 4069/4069/4069
f 4068/4068/4068 4072/4072/4072 4071/4071/4071
f 4073/4073/4073 4062/4062/4062 4070/4070/4070
f 4073/4073/4073 4070/4070/4070 4071/4071/4071
f 4071/4071/4071 4074/4074/4074 4073/4073/4073
f 4075/4075/4075 4073/4073/4073 4074/4074/4074
f 4073/4073/4073 4075/4075/4075 4076/4076/4076
f 4059/4059/4059 4062/4062/4062 4073/4073/4073
f 4059/4059/4059 4073/4073/4073 4076/4076/4076
f 4059/4059/4059 4076/4076/4076 4077/4077/4077
f 4078/4078/4078 4059/4059/4059 4077/4077/4077
f 4078/4078/4078 4039/4039/4039 4059/4059/4059
f 4078/4078/4078 4079/4079/4079 4039/4039/4039
f 4079/4079/4079 4080/4080/4080 4039/4039/4039
f 4080/4080/4080 4079/4079/4079 4081/4081/4081
f 4079/4079/4079 4082/4082/4082 4081/4081/4081
f 4082/4082/4082 4083/4083/4083 4081/4081/4081
f 4082/4082/4082 4043/4043/4043 4083/4083/4083
f 4084/4084/4084 4043/4043/4043 4082/4082/4082
f 4043/4043/4043 4084/4084/4084 4054/4054/4054
f 4084/4084/4084 4085/4085/4085 4054/4054/4054
f 4085/4085/4085 4086/4086/4086 4054/4054/4054
f 4043/4043/4043 4045/4045/4045 4083/4083/4083
f 4087/4087/4087 4083/4083/4083 4045/4045/4045
f 4088/4088/4088 4087/4087/4087 4045/4045/4045
f 4045/4045/4045 4089/4089/4089 4088/4088/4088
f 4088/4088/4088 4090/4090/4090 4087/4087/4087
f 4091/4091/4091 4088/4088/4088 4089/4089/4089
f 4088/4088/4088 4091/4091/4091 4090/4090/4090
f 4094/4094/4094 4093/4093/4093 4092/4092/4092
f 4093/4093/4093 4094/4094/4094 4095/4095/4095
f 4093/4093/4093 4095/4095/4095 4096/4096/4096
f 4094/4094/4094 4097/4097/4097 4095/4095/4095
f 4097/4097/4097 4098/4098/4098 4095/4095/4095
f 4097/4097/4097 4099/4099/4099 4098/4098/4098
f 4097/4097/4097 4100/4100/4100 4099/4099/4099
f 4100/4100/4100 4101/4101/4101 4099/4099/4099
f 4100/4100/4100 4102/4102/4102 4101/4101/4101
f 4102/4102/4102 4103/4103/4103 4101/4101/4101
f 4103/4103/4103 4102/4102/4102 4104/4104/4104
f 4103/4103/4103 4104/4104/4104 4105/4105/4105
f 4106/4106/4106 4103/4103/4103 4105/4105/4105
f 4106/4106/4106 4105/4105/4105 4107/4107/4107
f 4106/4106/4106 4107/4107/4107 4108/4108/4108
f 4109/4109/4109 4106/4106/4106 4108/4108/4108
f 4110/4110/4110 4109/4109/4109 4108/4108/4108
f 4110/4110/4110 4108/4108/4108 4111/4111/4111
f 4112/4112/4112 4110/4110/4110 4111/4111/4111
f 4112/4112/4112 4111/4111/4111 4113/4113/4113
f 4116/4116/4116 4115/4115/4115 4114/4114/4114
f 4116/4116/4116 4114/4114/4114 4117/4117/4117
f 4117/4117/4117 4118/4118/4118 4116/4116/4116
f 4118/4118/4118 4119/4119/4119 4116/4116/4116
f 4114/4114/4114 4120/4120/4120 4117/4117/4117
f 4117/4117/4117 4120/4120/4120 4118/4118/4118
f 4114/4114/4114 4121/4121/4121 4120/4120/4120
f 4121/4121/4121 4122/4122/4122 4120/4120/4120
f 4123/4123/4123 4120/4120/4120 4122/4122/4122
f 4123/4123/4123 4122/4122/4122 4121/4121/4121
f 4123/4123/4123 4118/4118/4118 4120/4120/4120
f 4124/4124/4124 4123/4123/4123 4121/4121/4121
f 4125/4125/4125 4124/4124/4124 4121/4121/4121
f 4124/4124/4124 4125/4125/4125 4126/4126/4126
f 4125/4125/4125 4127/4127/4127 4126/4126/4126
f 4126/4126/4126 4127/4127/4127 4128/4128/4128
f 4129/4129/4129 4123/4123/4123 4124/4124/4124
f 4129/4129/4129 4118/4118/4118 4123/4123/4123
f 4126/4126/4126 4129/4129/4129 4124/4124/4124
f 4130/4130/4130 4118/4118/4118 4129/4129/4129
f 4129/4129/4129 4126/4126/4126 4130/4130/4130
f 4131/4131/4131 4118/4118/4118 4130/4130/4130
f 4118/4118/4118 4131/4131/4131 4119/4119/4119
f 4130/4130/4130 4126/4126/4126 4131/4131/4131
f 4131/4131/4131 4132/4132/4132 4119/4119/4119
f 4132/4132/4132 4131/4131/4131 4126/4126/4126
f 4119/4119/4119 4132/4132/4132 4133/4133/4133
f 4126/4126/4126 4128/4128/4128 4134/4134/4134
f 4134/4134/4134 4132/4132/4132 4126/4126/4126
f 4128/4128/4128 4135/4135/4135 4134/4134/4134
f 4136/4136/4136 4132/4132/4132 4134/4134/4134
f 4136/4136/4136 4134/4134/4134 4135/4135/4135
f 4136/4136/4136 4137/4137/4137 4132/4132/4132
f 4135/4135/4135 4137/4137/4137 4136/4136/4136
f 4133/4133/4133 4132/4132/4132 4137/4137/4137
f 4135/4135/4135 4138/4138/4138 4137/4137/4137
f 4133/4133/4133 4137/4137/4137 4138/4138/4138
f 4139/4139/4139 4133/4133/4133 4138/4138/4138
f 4140/4140/4140 4139/4139/4139 4138/4138/4138
f 4143/4143/4143 4142/4142/4142 4141/4141/4141
f 4142/4142/4142 4144/4144/4144 4141/4141/4141
f 4144/4144/4144 4145/4145/4145 4141/4141/4141
f 4144/4144/4144 4146/4146/4146 4145/4145/4145
f 4145/4145/4145 4146/4146/4146 4147/4147/4147
f 4150/4150/4150 4149/4149/4149 4148/4148/4148
f 4149/4149/4149 4151/4151/4151 4148/4148/4148
f 4151/4151/4151 4152/4152/4152 4148/4148/4148
f 4151/4151/4151 4153/4153/4153 4152/4152/4152
f 4152/4152/4152 4153/4153/4153 4154/4154/4154
f 4157/4157/4157 4156/4156/4156 4155/4155/4155
f 4158/4158/4158 4157/4157/4157 4155/4155/4155
f 4158/4158/4158 4155/4155/4155 4159/4159/4159
f 4158/4158/4158 4159/4159/4159 4160/4160/4160
f 4159/4159/4159 4161/4161/4161 4160/4160/4160
f 4158/4158/4158 4162/4162/4162 4157/4157/4157
f 4162/4162/4162 4163/4163/4163 4157/4157/4157
f 4158/4158/4158 4164/4164/4164 4162/4162/4162
f 4167/4167/4167 4166/4166/4166 4165/4165/4165
f 4167/4167/4167 4168/4168/4168 4166/4166/4166
f 4171/4171/4171 4170/4170/4170 4169/4169/4169
f 4169/4169/4169 4172/4172/4172 4171/4171/4171
f 4173/4173/4173 4171/4171/4171 4172/4172/4172
f 4174/4174/4174 4173/4173/4173 4172/4172/4172
f 4175/4175/4175 4173/4173/4173 4174/4174/4174
f 4174/4174/4174 4176/4176/4176 4175/4175/4175
f 4177/4177/4177 4176/4176/4176 4174/4174/4174
f 4180/4180/4180 4179/4179/4179 4178/4178/4178
f 4181/4181/4181 4179/4179/4179 4180/4180/4180
f 4181/4181/4181 4180/4180/4180 4182/4182/4182
f 4181/4181/4181 4182/4182/4182 4183/4183/4183
f 4184/4184/4184 4183/4183/4183 4182/4182/4182
f 4187/4187/4187 4186/4186/4186 4185/4185/4185
f 4188/4188/4188 4185/4185/4185 4186/4186/4186
f 4188/4188/4188 4186/4186/4186 4189/4189/4189
f 4188/4188/4188 4189/4189/4189 4190/4190/4190
f 4191/4191/4191 4190/4190/4190 4189/4189/4189
f 4194/4194/4194 4193/4193/4193 4192/4192/4192
f 4194/4194/4194 4192/4192/4192 4195/4195/4195
f 4198/4198/4198 4197/4197/4197 4196/4196/4196
f 4198/4198/4198 4199/4199/4199 4197/4197/4197
f 4202/4202/4202 4201/4201/4201 4200/4200/4200
f 4202/4202/4202 4203/4203/4203 4201/4201/4201
f 4206/4206/4206 4205/4205/4205 4204/4204/4204
f 4204/4204/4204 4207/4207/4207 4206/4206/4206
f 4208/4208/4208 4206/4206/4206 4207/4207/4207
f 4209/4209/4209 4208/4208/4208 4207/4207/4207
f 4210/4210/4210 4208/4208/4208 4209/4209/4209
f 4209/4209/4209 4211/4211/4211 4210/4210/4210
f 4212/4212/4212 4211/4211/4211 4209/4209/4209
f 4215/4215/4215 4214/4214/4214 4213/4213/4213
f 4216/4216/4216 4215/4215/4215 4213/4213/4213
f 4219/4219/4219 4218/4218/4218 4217/4217/4217
f 4220/4220/4220 4219/4219/4219 4217/4217/4217
f 4223/4223/4223 4222/4222/4222 4221/4221/4221
f 4224/4224/4224 4223/4223/4223 4221/4221/4221
f 4227/4227/4227 4226/4226/4226 4225/4225/4225
f 4228/4228/4228 4227/4227/4227 4225/4225/4225
f 4231/4231/4231 4230/4230/4230 4229/4229/4229
f 4232/4232/4232 4231/4231/4231 4229/4229/4229
f 4235/4235/4235 4234/4234/4234 4233/4233/4233
f 4236/4236/4236 4235/4235/4235 4233/4233/4233
f 4239/4239/4239 4238/4238/4238 4237/4237/4237
f 4240/4240/4240 4239/4239/4239 4237/4237/4237
f 4243/4243/4243 4242/4242/4242 4241/4241/4241
f 4244/4244/4244 4243/4243/4243 4241/4241/4241
f 4247/4247/4247 4246/4246/4246 4245/4245/4245
f 4248/4248/4248 4247/4247/4247 4245/4245/4245
f 4251/4251/4251 4250/4250/4250 4249/4249/4249
f 4252/4252/4252 4251/4251/4251 4249/4249/4249
f 4255/4255/4255 4254/4254/4254 4253/4253/4253
f 4256/4256/4256 4255/4255/4255 4253/4253/4253
f 4259/4259/4259 4258/4258/4258 4257/4257/4257
f 4260/4260/4260 4259/4259/4259 4257/4257/4257
f 4263/4263/4263 4262/4262/4262 4261/4261/4261
f 4264/4264/4264 4263/4263/4263 4261/4261/4261
f 4267/4267/4267 4266/4266/4266 4265/4265/4265
f 4268/4268/4268 4267/4267/4267 4265/4265/4265
f 4271/4271/4271 4270/4270/4270 4269/4269/4269
f 4272/4272/4272 4271/4271/4271 4269/4269/4269
f 4275/4275/4275 4274/4274/4274 4273/4273/4273
f 4276/4276/4276 4275/4275/4275 4273/4273/4273
f 4279/4279/4279 4278/4278/4278 4277/4277/4277
f 4280/4280/4280 4279/4279/4279 4277/4277/4277
f 4283/4283/4283 4282/4282/4282 4281/4281/4281
f 4284/4284/4284 4283/4283/4283 4281/4281/4281
f 4287/4287/4287 4286/4286/4286 4285/4285/4285
f 4288/4288/4288 4287/4287/4287 4285/4285/4285
f 4291/4291/4291 4290/4290/4290 4289/4289/4289
f 4292/4292/4292 4291/4291/4291 4289/4289/4289
f 4295/4295/4295 4294/4294/4294 4293/4293/4293
f 4296/4296/4296 4295/4295/4295 4293/4293/4293
f 4299/4299/4299 4298/4298/4298 4297/4297/4297
f 4300/4300/4300 4299/4299/4299 4297/4297/4297
f 4303/4303/4303 4302/4302/4302 4301/4301/4301
f 4304/4304/4304 4303/4303/4303 4301/4301/4301
f 4307/4307/4307 4306/4306/4306 4305/4305/4305
f 4308/4308/4308 4307/4307/4307 4305/4305/4305
f 4311/4311/4311 4310/4310/4310 4309/4309/4309
f 4312/4312/4312 4311/4311/4311 4309/4309/4309
f 4315/4315/4315 4314/4314/4314 4313/4313/4313
f 4316/4316/4316 4315/4315/4315 4313/4313/4313
f 4319/4319/4319 4318/4318/4318 4317/4317/4317
f 4320/4320/4320 4319/4319/4319 4317/4317/4317
f 4323/4323/4323 4322/4322/4322 4321/4321/4321
f 4324/4324/4324 4323/4323/4323 4321/4321/4321
f 4327/4327/4327 4326/4326/4326 4325/4325/4325
f 4328/4328/4328 4327/4327/4327 4325/4325/4325
f 4331/4331/4331 4330/4330/4330 4329/4329/4329
f 4332/4332/4332 4331/4331/4331 4329/4329/4329
f 4335/4335/4335 4334/4334/4334 4333/4333/4333
f 4336/4336/4336 4335/4335/4335 4333/4333/4333
f 4339/4339/4339 4338/4338/4338 4337/4337/4337
f 4340/4340/4340 4339/4339/4339 4337/4337/4337
f 4343/4343/4343 4342/4342/4342 4341/4341/4341
f 4344/4344/4344 4343/4343/4343 4341/4341/4341
f 4347/4347/4347 4346/4346/4346 4345/4345/4345
f 4348/4348/4348 4347/4347/4347 4345/4345/4345
f 4351/4351/4351 4350/4350/4350 4349/4349/4349
f 4352/4352/4352 4351/4351/4351 4349/4349/4349
f 4355/4355/4355 4354/4354/4354 4353/4353/4353
f 4356/4356/4356 4355/4355/4355 4353/4353/4353
f 4359/4359/4359 4358/4358/4358 4357/4357/4357
f 4360/4360/4360 4359/4359/4359 4357/4357/4357
f 4363/4363/4363 4362/4362/4362 4361/4361/4361
f 4364/4364/4364 4363/4363/4363 4361/4361/4361
f 4367/4367/4367 4366/4366/4366 4365/4365/4365
f 4368/4368/4368 4367/4367/4367 4365/4365/4365
f 4371/4371/4371 4370/4370/4370 4369/4369/4369
f 4372/4372/4372 4371/4371/4371 4369/4369/4369
f 4375/4375/4375 4374/4374/4374 4373/4373/4373
f 4376/4376/4376 4375/4375/4375 4373/4373/4373
f 4379/4379/4379 4378/4378/4378 4377/4377/4377
f 4380/4380/4380 4379/4379/4379 4377/4377/4377
f 4383/4383/4383 4382/4382/4382 4381/4381/4381
f 4384/4384/4384 4383/4383/4383 4381/4381/4381
f 4387/4387/4387 4386/4386/4386 4385/4385/4385
f 4388/4388/4388 4387/4387/4387 4385/4385/4385
f 4391/4391/4391 4390/4390/4390 4389/4389/4389
f 4392/4392/4392 4391/4391/4391 4389/4389/4389
f 4395/4395/4395 4394/4394/4394 4393/4393/4393
f 4396/4396/4396 4395/4395/4395 4393/4393/4393
f 4399/4399/4399 4398/4398/4398 4397/4397/4397
f 4400/4400/4400 4399/4399/4399 4397/4397/4397
f 4403/4403/4403 4402/4402/4402 4401/4401/4401
f 4404/4404/4404 4403/4403/4403 4401/4401/4401
f 4407/4407/4407 4406/4406/4406 4405/4405/4405
f 4408/4408/4408 4407/4407/4407 4405/4405/4405
f 4411/4411/4411 4410/4410/4410 4409/4409/4409
f 4412/4412/4412 4411/4411/4411 4409/4409/4409
f 4415/4415/4415 4414/4414/4414 4413/4413/4413
f 4416/4416/4416 4415/4415/4415 4413/4413/4413
f 4419/4419/4419 4418/4418/4418 4417/4417/4417
f 4420/4420/4420 4419/4419/4419 4417/4417/4417
f 4423/4423/4423 4422/4422/4422 4421/4421/4421
f 4424/4424/4424 4423/4423/4423 4421/4421/4421
f 4427/4427/4427 4426/4426/4426 4425/4425/4425
f 4428/4428/4428 4427/4427/4427 4425/4425/4425
f 4431/4431/4431 4430/4430/4430 4429/4429/4429
f 4432/4432/4432 4431/4431/4431 4429/4429/4429
f 4435/4435/4435 4434/4434/4434 4433/4433/4433
f 4436/4436/4436 4435/4435/4435 4433/4433/4433
f 4439/4439/4439 4438/4438/4438 4437/4437/4437
f 4440/4440/4440 4439/4439/4439 4437/4437/4437
f 4443/4443/4443 4442/4442/4442 4441/4441/4441
f 4444/4444/4444 4443/4443/4443 4441/4441/4441
f 4447/4447/4447 4446/4446/4446 4445/4445/4445
f 4448/4448/4448 4447/4447/4447 4445/4445/4445
f 4451/4451/4451 4450/4450/4450 4449/4449/4449
f 4452/4452/4452 4451/4451/4451 4449/4449/4449
f 4455/4455/4455 4454/4454/4454 4453/4453/4453
f 4456/4456/4456 4455/4455/4455 4453/4453/4453
f 4459/4459/4459 4458/4458/4458 4457/4457/4457
f 4460/4460/4460 4459/4459/4459 4457/4457/4457
f 4463/4463/4463 4462/4462/4462 4461/4461/4461
f 4464/4464/4464 4463/4463/4463 4461/4461/4461
f 4467/4467/4467 4466/4466/4466 4465/4465/4465
f 4468/4468/4468 4467/4467/4467 4465/4465/4465
f 4471/4471/4471 4470/4470/4470 4469/4469/4469
f 4472/4472/4472 4471/4471/4471 4469/4469/4469
f 4475/4475/4475 4474/4474/4474 4473/4473/4473
f 4476/4476/4476 4475/4475/4475 4473/4473/4473
f 4479/4479/4479 4478/4478/4478 4477/4477/4477
f 4480/4480/4480 4479/4479/4479 4477/4477/4477
f 4483/4483/4483 4482/4482/4482 4481/4481/4481
f 4484/4484/4484 4483/4483/4483 4481/4481/4481
f 4487/4487/4487 4486/4486/4486 4485/4485/4485
f 4488/4488/4488 4487/4487/4487 4485/4485/4485
f 4491/4491/4491 4490/4490/4490 4489/4489/4489
f 4492/4492/4492 4491/4491/4491 4489/4489/4489
f 4495/4495/4495 4494/4494/4494 4493/4493/4493
f 4494/4494/4494 4496/4496/4496 4493/4493/4493
f 4496/4496/4496 4497/4497/4497 4493/4493/4493
f 4495/4495/4495 4493/4493/4493 4498/4498/4498
f 4498/4498/4498 4499/4499/4499 4495/4495/4495
f 4496/4496/4496 4500/4500/4500 4497/4497/4497
f 4500/4500/4500 4501/4501/4501 4497/4497/4497
f 4500/4500/4500 4502/4502/4502 4501/4501/4501
f 4500/4500/4500 4503/4503/4503 4502/4502/4502
f 4503/4503/4503 4504/4504/4504 4502/4502/4502
f 4499/4499/4499 4505/4505/4505 4495/4495/4495
f 4505/4505/4505 4506/4506/4506 4495/4495/4495
f 4505/4505/4505 4507/4507/4507 4506/4506/4506
f 4505/4505/4505 4508/4508/4508 4507/4507/4507
f 4503/4503/4503 4509/4509/4509 4504/4504/4504
f 4509/4509/4509 4510/4510/4510 4504/4504/4504
f 4509/4509/4509 4511/4511/4511 4510/4510/4510
f 4508/4508/4508 4512/4512/4512 4507/4507/4507
f 4508/4508/4508 4513/4513/4513 4512/4512/4512
f 4512/4512/4512 4513/4513/4513 4514/4514/4514
f 4515/4515/4515 4512/4512/4512 4514/4514/4514
f 4516/4516/4516 4515/4515/4515 4514/4514/4514
f 4509/4509/4509 4517/4517/4517 4511/4511/4511
f 4518/4518/4518 4511/4511/4511 4517/4517/4517
f 4519/4519/4519 4518/4518/4518 4517/4517/4517
f 4516/4516/4516 4520/4520/4520 4515/4515/4515
f 4521/4521/4521 4520/4520/4520 4516/4516/4516
f 4520/4520/4520 4521/4521/4521 4522/4522/4522
f 4523/4523/4523 4520/4520/4520 4522/4522/4522
f 4523/4523/4523 4522/4522/4522 4524/4524/4524
f 4525/4525/4525 4523/4523/4523 4524/4524/4524
f 4525/4525/4525 4524/4524/4524 4526/4526/4526
f 4519/4519/4519 4517/4517/4517 4527/4527/4527
f 4528/4528/4528 4519/4519/4519 4527/4527/4527
f 4528/4528/4528 4527/4527/4527 4529/4529/4529
f 4526/4526/4526 4530/4530/4530 4525/4525/4525
f 4526/4526/4526 4531/4531/4531 4530/4530/4530
f 4532/4532/4532 4529/4529/4529 4527/4527/4527
f 4533/4533/4533 4529/4529/4529 4532/4532/4532
f 4534/4534/4534 4533/4533/4533 4532/4532/4532
f 4534/4534/4534 4532/4532/4532 4535/4535/4535
f 4536/4536/4536 4534/4534/4534 4535/4535/4535
f 4536/4536/4536 4535/4535/4535 4537/4537/4537
f 4538/4538/4538 4536/4536/4536 4537/4537/4537
f 4531/4531/4531 4539/4539/4539 4530/4530/4530
f 4540/4540/4540 4530/4530/4530 4539/4539/4539
f 4538/4538/4538 4537/4537/4537 4541/4541/4541
f 4542/4542/4542 4538/4538/4538 4541/4541/4541
f 4543/4543/4543 4542/4542/4542 4541/4541/4541
f 4543/4543/4543 4541/4541/4541 4544/4544/4544
f 4544/4544/4544 4545/4545/4545 4543/4543/4543
f 4546/4546/4546 4540/4540/4540 4539/4539/4539
f 4546/4546/4546 4539/4539/4539 4547/4547/4547
f 4546/4546/4546 4547/4547/4547 4548/4548/4548
f 4549/4549/4549 4546/4546/4546 4548/4548/4548
f 4549/4549/4549 4548/4548/4548 4550/4550/4550
f 4544/4544/4544 4551/4551/4551 4545/4545/4545
f 4551/4551/4551 4549/4549/4549 4550/4550/4550
f 4551/4551/4551 4552/4552/4552 4545/4545/4545
f 4551/4551/4551 4550/4550/4550 4552/4552/4552
f 4555/4555/4555 4554/4554/4554 4553/4553/4553
f 4553/4553/4553 4554/4554/4554 4556/4556/4556
f 4557/4557/4557 4555/4555/4555 4553/4553/4553
f 4555/4555/4555 4557/4557/4557 4558/4558/4558
f 4556/4556/4556 4559/4559/4559 4553/4553/4553
f 4559/4559/4559 4560/4560/4560 4553/4553/4553
f 4561/4561/4561 4559/4559/4559 4556/4556/4556
f 4562/4562/4562 4559/4559/4559 4561/4561/4561
f 4562/4562/4562 4560/4560/4560 4559/4559/4559
f 4561/4561/4561 4563/4563/4563 4562/4562/4562
f 4560/4560/4560 4562/4562/4562 4563/4563/4563
f 4563/4563/4563 4561/4561/4561 4564/4564/4564
f 4565/4565/4565 4560/4560/4560 4563/4563/4563
f 4565/4565/4565 4563/4563/4563 4564/4564/4564
f 4564/4564/4564 4566/4566/4566 4565/4565/4565
f 4565/4565/4565 4566/4566/4566 4567/4567/4567
f 4567/4567/4567 4560/4560/4560 4565/4565/4565
f 4568/4568/4568 4560/4560/4560 4567/4567/4567
f 4564/4564/4564 4569/4569/4569 4566/4566/4566
f 4567/4567/4567 4566/4566/4566 4569/4569/4569
f 4570/4570/4570 4569/4569/4569 4564/4564/4564
f 4570/4570/4570 4567/4567/4567 4569/4569/4569
f 4571/4571/4571 4567/4567/4567 4570/4570/4570
f 4571/4571/4571 4568/4568/4568 4567/4567/4567
f 4572/4572/4572 4571/4571/4571 4570/4570/4570
f 4572/4572/4572 4573/4573/4573 4571/4571/4571
f 4571/4571/4571 4573/4573/4573 4568/4568/4568
f 4572/4572/4572 4558/4558/4558 4573/4573/4573
f 4568/4568/4568 4574/4574/4574 4560/4560/4560
f 4560/4560/4560 4574/4574/4574 4553/4553/4553
f 4575/4575/4575 4553/4553/4553 4574/4574/4574
f 4574/4574/4574 4568/4568/4568 4575/4575/4575
f 4576/4576/4576 4553/4553/4553 4575/4575/4575
f 4575/4575/4575 4568/4568/4568 4576/4576/4576
f 4553/4553/4553 4576/4576/4576 4557/4557/4557
f 4576/4576/4576 4568/4568/4568 4577/4577/4577
f 4576/4576/4576 4577/4577/4577 4557/4557/4557
f 4577/4577/4577 4568/4568/4568 4573/4573/4573
f 4557/4557/4557 4577/4577/4577 4558/4558/4558
f 4558/4558/4558 4578/4578/4578 4573/4573/4573
f 4577/4577/4577 4578/4578/4578 4558/4558/4558
f 4577/4577/4577 4573/4573/4573 4578/4578/4578
