g CycloneRoktavorR7_AquilonQ_Disc
v -0.10100381 0.100398496 0.087324575
v -0.1020336 0.098554626 0.08541812
v -0.09948005 0.10028021 0.08628784
v -0.09868683 0.099946216 0.08591212
v -0.09948005 0.10028021 0.08628784
v -0.09925042 0.09998797 0.086169556
v -0.09868683 0.099946216 0.08591212
v -0.09925042 0.09998797 0.086169556
v -0.09948005 0.10028021 0.08628784
v -0.10693197 0.098568544 0.09225772
v -0.0985129 0.09897213 0.086023465
v -0.09675951 0.09883295 0.08496584
v -0.10693197 0.098568544 0.09225772
v -0.0992087 0.099076495 0.086148694
v -0.0985129 0.09897213 0.086023465
v -0.1020336 0.098554626 0.08541812
v -0.09925042 0.09998797 0.086169556
v -0.09948005 0.10028021 0.08628784
v -0.1020336 0.098554626 0.08541812
v -0.0992087 0.099076495 0.086148694
v -0.09925042 0.09998797 0.086169556
v -0.09675951 0.09883295 0.08496584
v -0.0985129 0.09897213 0.086023465
v -0.0992087 0.099076495 0.086148694
v -0.10346691 0.1005307 0.057516918
v -0.10199879 0.09921564 0.05509557
v -0.100739434 0.09845026 0.054657206
v -0.10346691 0.1005307 0.057516918
v -0.10159524 0.09999491 0.055325165
v -0.10199879 0.09921564 0.05509557
v -0.10176225 0.09998797 0.05509557
v -0.10141434 0.1002454 0.05500512
v -0.10159524 0.09999491 0.055325165
v -0.10159524 0.09999491 0.055325165
v -0.10176225 0.09998797 0.05509557
v -0.10199879 0.09921564 0.05509557
v -0.10159524 0.09999491 0.055325165
v -0.100739434 0.09845026 0.054657206
v -0.10176225 0.09998797 0.05509557
v 0.101721734 0.09998797 -0.05507593
v 0.10155475 0.099981025 -0.05528468
v 0.10145038 0.10026629 -0.055055067
v 0.101721734 0.09998797 -0.05507593
v 0.10069893 0.0984294 -0.055716068
v 0.10155475 0.099981025 -0.05528468
v 0.10155475 0.099981025 -0.05528468
v 0.101721734 0.09998797 -0.05507593
v 0.10145038 0.10026629 -0.055055067
v 0.10155475 0.099981025 -0.05528468
v 0.10178436 0.10037066 -0.055201173
v 0.101721734 0.09998797 -0.05507593
v 0.101721734 0.09998797 -0.05507593
v 0.10155475 0.099981025 -0.05528468
v 0.10069893 0.0984294 -0.055716068
v 0.101721734 0.09998797 -0.05507593
v 0.10191657 0.098464176 -0.054755867
v 0.10155475 0.099981025 -0.05528468
v 0.10178436 0.10037066 -0.055201173
v 0.10155475 0.099981025 -0.05528468
v 0.10632788 0.10048197 -0.061553746
v 0.10632788 0.10048197 -0.061553746
v 0.10155475 0.099981025 -0.05528468
v 0.10191657 0.098464176 -0.054755867
v 0.107510716 0.09857552 -0.05953595
v 0.10632788 0.10048197 -0.061553746
v 0.10069893 0.0984294 -0.055716068
v 0.09943259 0.10027324 -0.08628215
v 0.098688096 0.099946216 -0.085913375
v 0.09918906 0.09998797 -0.086156905
v 0.098688096 0.099946216 -0.085913375
v 0.099202976 0.099076495 -0.08614299
v 0.09851414 0.09897213 -0.08601774
v 0.09943259 0.10027324 -0.08628215
v 0.09918906 0.09998797 -0.086156905
v 0.098688096 0.099946216 -0.085913375
v 0.024148047 -0.0076786727 -0.16792622
v 0.019625396 -0.0059392005 -0.16977702
v 0.020863906 -0.007616058 -0.17310986
v 0.13460481 -0.007699549 0.10422532
v 0.13215563 -0.006154895 0.10328601
v 0.13893262 -0.0059739947 0.10247891
v 0.078934595 0.05184622 0.08694886
v 0.07498251 0.056396678 0.084089145
v 0.08103588 0.056375816 0.08238445
v -0.07583012 0.05632712 -0.083679885
v -0.07902379 0.051714018 -0.08725625
v -0.073854074 0.056375816 -0.08856434
v -0.06294407 0.056396678 -0.09424895
v -0.06707011 0.056410596 -0.09141013
v -0.067564115 0.051811412 -0.09625979
v 0.1613997 -0.0133354515 -0.06724532
v 0.16201201 -0.019583657 -0.06713399
v 0.15069845 -0.0145739615 -0.072255
v 0.16264516 -0.005145997 -0.029902235
v 0.15801817 -0.009397283 -0.03294283
v 0.16776618 -0.019521028 -0.03485626
v 0.15752415 -0.00953643 -0.03499542
v 0.16051605 -0.0052016675 -0.039810285
v 0.16718867 -0.01947233 -0.037444606
v 0.16062738 -0.014650494 0.045131847
v 0.17116165 -0.019194007 0.03799303
v 0.17061894 -0.013363287 0.038180873
v -0.10918634 -0.009473816 -0.11890081
v -0.11476655 -0.0051251203 -0.11910259
v -0.11603291 -0.019347087 -0.1260257
v -0.16246997 -0.0059809536 -0.031899154
v -0.16181593 -0.0065027922 -0.030243173
v -0.1681685 -0.007115081 -0.02612409
v -0.107592955 -0.009557307 -0.12037589
v -0.11411251 -0.019618437 -0.12783477
v -0.10720332 -0.005132079 -0.12596309
v -0.021781102 0.051929697 0.1153719
v -0.023520574 0.056396678 0.11096753
v -0.019116223 0.056410596 0.1114894
v 0.16537267 -0.0051042438 0.0012065768
v 0.17126602 -0.019527987 0.0050890893
v 0.16122577 -0.009654716 0.0051795393
v 0.17116861 -0.019541904 0.007837459
v 0.1650039 -0.0051042438 0.01133728
v 0.1613997 -0.009146795 0.0074199736
v -0.091666326 -0.009369448 -0.13284445
v -0.09710045 -0.019437537 -0.14114523
v -0.09068523 -0.0051668733 -0.13829249
v -0.09934087 -0.019548863 -0.1396145
v -0.09344058 -0.009647757 -0.13163379
v -0.098986045 -0.005180791 -0.13251048
v -0.03112556 -0.009376407 0.15855266
v -0.033073768 -0.01950711 0.16811283
v -0.03551601 -0.0051181614 0.16149585
v -0.09005208 -0.019514069 0.14574318
v -0.08497976 -0.009320736 0.13744237
v -0.08371343 -0.005132079 0.14266081
v 0.17058414 -0.019486248 -0.016299516
v 0.16080828 -0.009466857 -0.015228003
v 0.16425245 -0.0051599145 -0.019444495
v -0.12909986 -0.019493207 -0.1126387
v -0.12210019 -0.005139038 -0.11156718
v -0.12175231 -0.009585142 -0.1059591
v -0.09241776 -0.019555822 0.14431678
v -0.09228556 -0.0051112026 0.13721277
v -0.086747065 -0.009557307 0.13603689
v 0.17076504 -0.019395784 -0.0135650635
v 0.16514306 -0.0051112026 -0.009313777
v 0.16080828 -0.009557307 -0.013091922
v -0.07432024 -0.009285957 -0.14337176
v -0.07889159 -0.019632354 -0.15215266
v -0.07267122 -0.005145997 -0.14858323
v -0.08117379 -0.018790454 -0.15049666
v -0.07619192 -0.009564266 -0.14219588
v -0.081702605 -0.0051181614 -0.14381012
v -0.045778915 -0.005145997 0.15896319
v -0.05110173 -0.019312292 0.16347887
v -0.048290715 -0.009341612 0.1541831
v -0.055471286 -0.005180791 0.15584604
v -0.050266758 -0.009626895 0.15326466
v -0.053738758 -0.019548863 0.16270654
v -0.06527497 -0.00518775 0.15194963
v -0.07118918 -0.019590616 0.1558669
v -0.06713273 -0.009216368 0.14690514
v -0.069171414 -0.009473816 0.14580579
v -0.07362445 -0.019534945 0.15470494
v -0.0744455 -0.005145997 0.14766355
v 0.16911602 -0.04520963 0.055791333
v 0.17933719 -0.044096366 0.049209163
v 0.17324206 -0.032511443 0.039906457
v 0.101860896 0.09550707 -0.015805513
v 0.098541975 0.09540968 -0.017990291
v 0.102946326 0.10040544 -0.020829126
v -0.13200827 -0.044214636 0.13033836
v -0.120861694 -0.032121807 0.13012268
v -0.13215436 -0.044353798 0.118836924
v 0.16357057 -0.03400044 -0.070633814
v 0.1680932 -0.044082448 -0.079602554
v 0.1568562 -0.04459037 -0.08375643
v -0.019102305 -0.019493207 0.17025585
v -0.022720411 -0.019402742 0.17351218
v -0.026742086 -0.019611493 0.1693096
v -0.098533764 0.09543751 0.018030792
v -0.102945074 0.10041241 0.02082786
v -0.101880506 0.09550707 0.015818179
v 0.15936103 -0.030618891 0.023541436
v 0.16559532 -0.030584112 0.039391562
v 0.16327834 -0.030417114 0.034263596
v 0.050970778 -0.05138825 0.17311557
v 0.059410706 -0.052571088 0.17698418
v 0.06362024 -0.053002477 0.16647772
v -0.039635077 0.056354925 0.10805915
v -0.0341105 0.056410596 0.10754426
v -0.035836086 0.051839247 0.11199732
v 0.038724855 0.056389734 0.10625009
v 0.044451207 0.056389734 0.10557516
v 0.041626304 0.05184622 0.10993083
v 0.06867865 -0.04938437 0.16042434
v 0.07023026 -0.048584208 0.16507919
v 0.07359788 -0.04092355 0.15824653
v -0.13893832 -0.01334241 -0.10614697
v -0.13911922 -0.01975064 -0.10671752
v -0.1378042 -0.014664412 -0.09399846
v 0.14524344 -0.05138825 0.10709198
v 0.1360451 -0.05321817 0.11603986
v 0.1459462 -0.052585006 0.1163321
v 0.16928302 -0.019527987 0.026498571
v 0.15954891 -0.009327695 0.025023475
v 0.16392542 -0.0051529557 0.021829799
v 0.16210246 -0.019548863 -0.055521235
v 0.15770505 -0.0051947087 -0.04995492
v 0.15266752 -0.009299874 -0.052397147
v -0.10085772 -0.005145997 0.13110374
v -0.10756512 -0.01950711 0.13335808
v -0.10147695 -0.009425104 0.12560697
v 0.113320574 0.056389734 -0.007163793
v 0.1126039 0.05640365 -0.012319595
v 0.116966516 0.05195059 -0.010232225
v -0.057948306 -0.009571224 -0.15064974
v -0.0630206 -0.005139038 -0.15288323
v -0.06167774 -0.019534945 -0.1598481
v 0.086977944 0.056410596 0.07159971
v 0.08919056 0.05202712 0.07637979
v 0.08404866 0.05638276 0.07820277
v -0.08438139 0.056410596 -0.07553914
v -0.087832496 0.056375816 -0.0719419
v -0.08926584 0.051727936 -0.07670806
v -0.115545854 0.03843136 -0.013711184
v -0.11259569 0.03642054 -0.015019268
v -0.103849605 0.036413565 -0.015652433
v -0.16212209 -0.0034204423 0.06529586
v -0.15780123 -0.007748261 0.06519149
v -0.1625952 -0.0074629784 0.069171414
v -0.12011023 0.038487032 -0.017204046
v -0.11993627 0.036434457 -0.015812472
v -0.11702092 0.036413565 -0.008200526
v 0.03347163 -0.009028509 -0.1733186
v 0.030577153 -0.009195507 -0.17818913
v 0.03480059 -0.007998735 -0.17681147
v 0.039726794 0.056368843 -0.10814389
v 0.033088952 0.056389734 -0.10778208
v 0.03580253 0.051853165 -0.11192203
v 0.013168469 0.037297234 -0.12438364
v 0.014379144 0.036427483 -0.11725179
v 0.015109718 0.038396582 -0.11716133
v -0.11592157 0.05638276 -0.00935553
v -0.11315234 0.05640365 -0.0064819157
v -0.1174732 0.051839247 -0.0042901784
v 0.16782185 -0.0013817698 -0.09532046
v 0.1688238 -0.0010269135 -0.089990705
v 0.16661118 0.0023754984 -0.092050254
v -0.052562878 0.056389734 -0.09982224
v -0.057969168 0.056389734 -0.09964132
v -0.05504684 0.051853165 -0.10382302
v -0.10660495 0.10029413 0.0765955
v -0.094449475 0.09851985 0.068740025
v -0.10636838 0.098498985 0.07793836
v 0.049537435 0.05640365 -0.1016452
v 0.045898452 0.056396678 -0.10369779
v 0.049551353 0.05184622 -0.10660619
v -0.09324576 0.100398496 0.06827383
v -0.094449475 0.09851985 0.068740025
v -0.10660495 0.10029413 0.0765955
v -0.08841698 0.09843637 0.07505779
v -0.094449475 0.09851985 0.068740025
v -0.09324576 0.100398496 0.06827383
v 0.17256714 0.0020832717 0.062554434
v 0.17092508 -0.0025785267 0.0648088
v 0.17120339 -0.0018549114 0.058637127
v -0.11180945 0.05638276 -0.016793534
v -0.11606769 0.051804468 -0.018922657
v -0.11162855 0.056320146 -0.020773456
v 0.06940922 0.096689925 -0.08659525
v 0.072707266 0.09841548 -0.087054476
v 0.06790632 0.10037066 -0.08406258
v 0.11247171 0.056396678 0.004595071
v 0.11588108 0.056389734 -0.00047028065
v 0.11729354 0.051874056 0.004226297
v 0.06589548 0.097810134 -0.0878268
v 0.06790632 0.10037066 -0.08406258
v 0.064830914 0.10041241 -0.08983068
v 0.05498548 0.056389734 0.09912519
v 0.05493678 0.051707044 0.10405834
v 0.051207334 0.05640365 0.100976005
v 0.10937544 -0.008805856 -0.13420126
v 0.11395374 -0.008993715 -0.13857777
v 0.11114275 -0.005090341 -0.13422212
v 0.1130353 -0.0075464696 -0.12619966
v 0.109591134 -0.006287098 -0.1254482
v 0.10954939 -0.008165732 -0.12965775
v 0.09951608 0.100398496 -0.07107912
v 0.094221115 0.09847115 -0.06932573
v 0.105840825 0.098498985 -0.07656196
v -0.15719588 0.0022920072 -0.094617724
v -0.16298486 0.0035096407 -0.09591189
v -0.15890057 0.0022224188 -0.09856981
v -0.16343017 -0.0010338724 -0.10124165
v -0.15890057 0.0022224188 -0.09856981
v -0.16298486 0.0035096407 -0.09591189
v 0.06443432 0.056320146 0.09277959
v 0.069694504 0.056389734 0.091554984
v 0.0675932 0.051839247 0.096202865
v -0.08706017 0.10041936 0.077075586
v -0.08841698 0.09843637 0.07505779
v -0.09324576 0.100398496 0.06827383
v 0.027940094 -0.006328836 -0.16377234
v 0.019625396 -0.0059392005 -0.16977702
v 0.024148047 -0.0076786727 -0.16792622
v -0.1701654 0.0004968643 -0.103342935
v -0.16960879 1.6763806E-05 -0.097936645
v -0.16918434 -0.00037287176 -0.09460381
v 0.10203485 0.10041936 -0.0861917
v 0.10382998 0.09840156 -0.083916456
v 0.099202976 0.099076495 -0.08614299
v 0.105840825 0.098498985 -0.07656196
v 0.10704454 0.10041241 -0.07820402
v 0.09951608 0.100398496 -0.07107912
v -0.038542703 -0.0011034608 -0.18831985
v -0.0341105 -0.0015278906 -0.18992712
v -0.03517507 0.0024311692 -0.18735269
v -0.03855662 -0.0012426078 -0.17910062
v -0.040657893 -0.0010825843 -0.18461128
v -0.037930414 0.0026329458 -0.18297617
v -0.030659392 0.0011787415 -0.18108362
v -0.03454189 0.0012135357 -0.17933719
v -0.034493193 0.003405273 -0.18282309
v -0.09554188 0.10039152 0.07445942
v -0.0902956 0.09830417 0.07890551
v -0.09170805 0.10040544 0.08033188
v -0.09170805 0.10040544 0.08033188
v -0.0902956 0.09830417 0.07890551
v -0.09675951 0.09883295 0.08496584
v 0.06619467 -0.013933837 -0.14989132
v 0.065213606 -0.011554226 -0.15199956
v 0.06771149 -0.020905659 -0.15696752
v -0.04438038 0.056396678 0.10618748
v -0.04943879 0.05190189 0.10641013
v -0.04886128 0.05640365 0.10171352
v -0.11295055 0.056424513 0.021697596
v -0.11274181 0.0563619 0.012457505
v -0.11284618 0.05640365 0.008247972
v 0.14153488 -0.0077343434 0.10625704
v 0.13460481 -0.007699549 0.10422532
v 0.13893262 -0.0059739947 0.10247891
v 0.090568215 -0.011575103 0.13836081
v 0.09124313 -0.014079943 0.13618301
v 0.093622744 -0.020669088 0.14296
v 0.02563703 0.038361803 -0.11777363
v 0.029060319 0.036427483 -0.11384241
v 0.026840746 0.036427483 -0.12615791
v -0.021857634 0.038396582 0.10922806
v -0.021321878 0.03638576 0.10292421
v -0.024341598 0.036413565 0.11081447
v 0.120473295 -0.007518649 -0.12914981
v 0.11903997 -0.0059322417 -0.12471762
v 0.11709871 -0.0076856315 -0.12634577
v 0.118058905 -0.005048588 -0.13534234
v 0.11395374 -0.008993715 -0.13857777
v 0.12045243 -0.008812815 -0.1354815
v -0.08926584 0.051727936 -0.07670806
v -0.087832496 0.056375816 -0.0719419
v -0.0917985 0.05640365 -0.072143674
v -0.06942187 0.09676646 0.086204365
v -0.07303305 0.100377604 0.08588429
v -0.06688224 0.10035674 0.08492409
v 0.061818153 -0.009369448 0.16937222
v 0.05563256 -0.008311853 0.17209275
v 0.059368968 -0.0055634677 0.1696714
v 0.0647683 -0.007929161 0.1683494
v 0.060746625 -0.0076786727 0.1730112
v 0.061818153 -0.009369448 0.16937222
v -0.06661786 0.10050286 0.09238298
v -0.06726493 0.09722568 0.090942696
v -0.06552546 0.09833895 0.08745678
v -0.07303305 0.100377604 0.08588429
v -0.071829334 0.097107396 0.08999641
v -0.071884975 0.10036369 0.09264739
v 0.05563256 -0.008311853 0.17209275
v 0.05113776 -0.0074977726 0.16782059
v 0.054428846 -0.004540667 0.16878776
v -0.093816295 0.09798409 0.10483067
v -0.092216 0.10031499 0.10805915
v -0.093329266 0.100377604 0.10016887
v -0.09015645 0.09664817 0.10114299
v -0.093329266 0.100377604 0.10016887
v -0.088465676 0.10036369 0.09951483
v -0.08803429 0.097086534 0.10531075
v -0.0872411 0.100398496 0.10696675
v -0.092216 0.10031499 0.10805915
v -0.008171439 -0.0010895431 0.18678088
v -0.0063275844 -0.001277402 0.18272443
v -0.0059449077 0.0016797036 0.1853406
v -0.08619045 0.10041241 0.10194315
v -0.0872411 0.100398496 0.10696675
v -0.08803429 0.097086534 0.10531075
v 0.11162284 0.038417444 0.025969759
v 0.10763596 0.036413565 0.029400006
v 0.11678561 0.036427483 0.027423963
v -0.17341475 -0.0032604039 -0.033916935
v -0.17259373 -0.0049790144 -0.029394299
v -0.17662932 -0.006001815 -0.032066137
v -0.16924001 -0.0038796663 -0.031794786
v -0.17341475 -0.0032604039 -0.033916935
v -0.17024891 -0.00422059 -0.037117586
v 0.17475888 0.0021041334 0.058324024
v 0.17681147 0.0034191906 0.06137158
v 0.17256714 0.0020832717 0.062554434
v -0.1378042 -0.014664412 -0.09399846
v -0.13911922 -0.01975064 -0.10671752
v -0.13753979 -0.019451454 -0.10200702
v 0.054101825 -0.0076856315 0.15993728
v 0.055194214 -0.0065027922 0.15725155
v 0.06011346 -0.008325756 0.1605287
v 0.057921723 -0.004457161 0.16201074
v 0.054101825 -0.0076856315 0.15993728
v 0.06011346 -0.008325756 0.1605287
v 0.13528669 -0.0053477734 0.11450218
v 0.13626078 -0.0030516684 0.110320464
v 0.14011547 -0.0052086264 0.1129923
v 0.15851913 -0.02008462 0.10275026
v 0.14774133 -0.0047563612 0.09333621
v 0.15424699 -0.013356328 0.09872164
v -0.15473972 -0.0020358115 -0.09350446
v -0.15978421 -0.0025507063 -0.08942711
v -0.15849699 0.00068472326 -0.09111093
v 0.16675729 -0.019555822 0.039600298
v 0.17116165 -0.019194007 0.03799303
v 0.16062738 -0.014650494 0.045131847
v -0.15473972 -0.0020358115 -0.09350446
v -0.15685494 -0.0011243224 -0.09994747
v -0.15225576 -0.00030329823 -0.094638586
v -0.0902956 0.09830417 0.07890551
v -0.08706017 0.10041936 0.077075586
v -0.08655922 0.09834589 0.0794691
v -0.115545854 0.03843136 -0.013711184
v -0.11702092 0.036413565 -0.008200526
v -0.11259569 0.03642054 -0.015019268
v 0.15725975 -0.019618437 -0.0682403
v 0.15069845 -0.0145739615 -0.072255
v 0.16201201 -0.019583657 -0.06713399
v 0.10323857 0.09815107 -0.034403995
v 0.10515895 0.10037066 -0.03869702
v 0.10707933 0.09694041 -0.0373611
v 0.10748289 0.09673862 -0.031982645
v 0.10658532 0.10035674 -0.030006602
v 0.10323857 0.09815107 -0.034403995
v 0.109653756 0.096870825 -0.034932792
v 0.11009906 0.10040544 -0.03785512
v 0.111101 0.10041241 -0.03328377
v -0.004038438 0.002305925 0.19048946
v -0.002855599 0.0034261495 0.18671827
v 0.0007903427 0.0023824573 0.18923704
v 0.10382998 0.09840156 -0.083916456
v 0.10203485 0.10041936 -0.0861917
v 0.10704454 0.10041241 -0.07820402
v -0.08803429 0.097086534 0.10531075
v -0.092216 0.10031499 0.10805915
v -0.093816295 0.09798409 0.10483067
v 0.115978494 0.051874056 0.019032732
v 0.11384241 0.056410596 0.023764089
v 0.11143498 0.056299284 0.020319939
v 0.12784868 0.10034977 -0.05365652
v 0.12773734 0.09684299 -0.052160576
v 0.123444326 0.10040544 -0.050511554
v 0.11223514 0.05640365 0.016075611
v 0.11583237 0.05647321 0.013821259
v 0.115978494 0.051874056 0.019032732
v -0.17321993 -0.044854775 -0.050775945
v -0.17157786 -0.04306659 -0.055820435
v -0.17981602 -0.035204157 -0.05669017
v 0.107510716 0.09857552 -0.05953595
v 0.109667666 0.10037066 -0.057337254
v 0.10632788 0.10048197 -0.061553746
v 0.109667666 0.10037066 -0.057337254
v 0.107510716 0.09857552 -0.05953595
v 0.10191657 0.098464176 -0.054755867
v 0.0247325 -0.0034204423 -0.17227492
v 0.020863906 -0.007616058 -0.17310986
v 0.024238497 -0.0050346702 -0.176227
v 0.024238497 -0.0050346702 -0.176227
v 0.020863906 -0.007616058 -0.17310986
v 0.025337845 -0.008437082 -0.17928153
v 0.0739249 0.098498985 -0.083498985
v 0.08003394 0.098262414 -0.083979085
v 0.075664386 0.10028021 -0.080020025
v 0.12530208 0.09762229 -0.04822935
v 0.12736858 0.10032891 -0.04477127
v 0.123444326 0.10040544 -0.050511554
v 0.13123022 0.09738572 -0.050101027
v 0.13148767 0.10015495 -0.052452803
v 0.13218346 0.10038458 -0.047596186
v 0.12736858 0.10032891 -0.04477127
v 0.12961599 0.09670384 -0.047617063
v 0.13218346 0.10038458 -0.047596186
v -0.16387548 -0.0042971373 0.059339866
v -0.16670038 -0.0039701164 0.06442611
v -0.16797368 -0.0063149333 0.06066884
v 0.013168469 0.037297234 -0.12438364
v 0.019875884 0.036427483 -0.12193446
v 0.0065445304 0.036392704 -0.1298804
v 0.094221115 0.09847115 -0.06932573
v 0.09230769 0.10039152 -0.0687691
v 0.08841823 0.09843637 -0.0751982
v 0.020133331 0.038382664 -0.12123867
v 0.019875884 0.036427483 -0.12193446
v 0.013168469 0.037297234 -0.12438364
v 0.08003394 0.098262414 -0.083979085
v 0.08614299 0.10040544 -0.08771548
v 0.075664386 0.10028021 -0.080020025
v -0.115545854 0.03843136 -0.013711184
v -0.103849605 0.036413565 -0.015652433
v -0.10602744 0.038313076 -0.016118616
v 0.08377729 0.098554626 -0.08985852
v 0.08374947 0.10040544 -0.09070738
v 0.08614299 0.10040544 -0.08771548
v 0.09203634 0.09870075 -0.077090755
v 0.09168844 0.10040544 -0.08031227
v 0.09526481 0.10039152 -0.07477377
v 0.11028692 0.03838961 0.021697596
v 0.109612 0.0364414 0.021683678
v 0.10763596 0.036413565 0.029400006
v 0.09239815 0.10031499 -0.10755943
v 0.088988766 0.09793539 -0.10667577
v 0.087430194 0.10041241 -0.10646703
v 0.09202938 0.09739266 -0.10630004
v 0.09239815 0.10031499 -0.10755943
v 0.09504911 0.10027324 -0.1027863
v 0.08903748 0.09803976 -0.10033016
v 0.08692923 0.09787972 -0.10355167
v 0.0908535 0.096112415 -0.10341947
v 0.15854001 -0.019848049 0.101664826
v 0.15907577 -0.035211116 0.10126822
v 0.15851218 -0.036915794 0.10247891
v -0.116109446 0.05343263 0.022991762
v -0.11295055 0.056424513 0.021697596
v -0.121369615 0.052124545 0.027660534
v -0.048186347 -0.019534945 -0.16452381
v -0.05540867 -0.019639313 -0.16224857
v -0.05258374 -0.019333169 -0.16702169
v -0.11336802 -0.01975064 0.12878676
v -0.11844729 -0.019333169 0.12918334
v -0.11843337 -0.019402742 0.12367268
v 0.11601328 0.056174025 0.009145543
v 0.11247171 0.056396678 0.004595071
v 0.11729354 0.051874056 0.004226297
v -0.11311059 0.05640365 -0.002334997
v -0.11648516 0.0563132 0.0004968643
v -0.1174732 0.051839247 -0.0042901784
v -0.15945025 -0.04315704 0.084304854
v -0.16179506 -0.0448339 0.0801162
v -0.16723613 -0.035204157 0.08718543
v -0.1625952 -0.0074629784 0.069171414
v -0.15786384 -0.00588353 0.06933142
v -0.16787626 -0.0068019778 0.070187256
v -0.15786384 -0.00588353 0.06933142
v -0.1625952 -0.0074629784 0.069171414
v -0.15780123 -0.007748261 0.06519149
v 0.027940094 -0.006328836 -0.16377234
v 0.024148047 -0.0076786727 -0.16792622
v 0.029658705 -0.008381426 -0.16730002
v 0.15725975 -0.019618437 -0.0682403
v 0.16201201 -0.019583657 -0.06713399
v 0.15965328 -0.01965323 -0.06268093
v 0.17120339 -0.0018549114 0.058637127
v 0.17475888 0.0021041334 0.058324024
v 0.17256714 0.0020832717 0.062554434
v 0.120814234 0.09852682 -0.059000194
v 0.124293186 0.10038458 -0.05470021
v 0.12201796 0.098408535 -0.055423826
v -0.06942187 0.09676646 0.086204365
v -0.06552546 0.09833895 0.08745678
v -0.06726493 0.09722568 0.090942696
v 0.09246077 0.09806062 -0.10073371
v 0.09504911 0.10027324 -0.1027863
v 0.09082566 0.10041241 -0.09927951
v 0.08903748 0.09803976 -0.10033016
v 0.09082566 0.10041241 -0.09927951
v 0.086247355 0.10041241 -0.10221575
v 0.058506176 0.052507207 0.108316585
v 0.056481436 0.05249329 0.10948552
v 0.05493678 0.051707044 0.10405834
v -0.0902956 0.09830417 0.07890551
v -0.08841698 0.09843637 0.07505779
v -0.08706017 0.10041936 0.077075586
v 0.12736858 0.10032891 -0.04477127
v 0.12530208 0.09762229 -0.04822935
v 0.12961599 0.09670384 -0.047617063
v -0.07391669 0.09847115 0.083490774
v -0.08150081 0.098192826 0.085153714
v -0.07565616 0.10039152 0.079949185
v 0.08626127 0.09843637 -0.078426674
v 0.09082566 0.09845026 -0.080987185
v 0.08722842 0.10041241 -0.07698639
v 0.11608286 0.100398496 -0.05901411
v 0.120292395 0.10036369 -0.060231745
v 0.11571409 0.0984294 -0.058513135
v 0.08626127 0.09843637 -0.078426674
v 0.08722842 0.10041241 -0.07698639
v 0.083770335 0.10039152 -0.0812307
v -0.07565616 0.10039152 0.079949185
v -0.08150081 0.098192826 0.085153714
v -0.086079106 0.10041241 0.08758898
v -0.07391669 0.09847115 0.083490774
v -0.083692566 0.098826006 0.089926824
v -0.08150081 0.098192826 0.085153714
v 0.08841823 0.09843637 -0.0751982
v 0.09230769 0.10039152 -0.0687691
v 0.08722842 0.10041241 -0.07698639
v 0.08722842 0.10041241 -0.07698639
v 0.09082566 0.09845026 -0.080987185
v 0.08841823 0.09843637 -0.0751982
v -0.12420149 0.10041241 0.051143453
v -0.12507121 0.097142175 0.049793646
v -0.12577398 0.10040544 0.046071157
v 0.038703978 0.05242373 -0.11686215
v 0.03580253 0.051853165 -0.11192203
v 0.036553994 0.0525281 -0.11770405
v 0.021455333 0.056368843 -0.11053741
v 0.016619593 0.05640365 -0.114496455
v 0.0217406 0.05191578 -0.11544969
v -0.07391669 0.09847115 0.083490774
v -0.07565616 0.10039152 0.079949185
v -0.0731722 0.10038458 0.083692566
v 0.026471987 0.05640365 -0.11353627
v 0.021455333 0.056368843 -0.11053741
v 0.0217406 0.05191578 -0.11544969
v 0.08350594 0.052472427 0.09049739
v 0.08179429 0.05249329 0.09199335
v 0.078934595 0.05184622 0.08694886
v -0.03611438 0.056410596 -0.10960505
v -0.040901437 0.056396678 -0.105005875
v -0.041492835 0.052013204 -0.109758124
v 0.10704454 0.10041241 -0.07820402
v 0.105840825 0.098498985 -0.07656196
v 0.10382998 0.09840156 -0.083916456
v -0.13287799 0.100377604 0.04956402
v -0.12956603 0.10041241 0.04547973
v -0.12905811 0.097107396 0.04653038
v -0.13017832 0.096724704 0.051220015
v -0.12842493 0.1001132 0.054163203
v -0.13287799 0.100377604 0.04956402
v -0.13202216 -0.038530037 0.15623568
v -0.1318204 -0.03859265 0.15905364
v -0.13023399 -0.038390875 0.16018082
v -0.15769686 0.00058731437 -0.10273759
v -0.15225576 -0.00030329823 -0.094638586
v -0.15685494 -0.0011243224 -0.09994747
v -0.12507121 0.097142175 0.049793646
v -0.12905811 0.097107396 0.04653038
v -0.12577398 0.10040544 0.046071157
v -0.12507121 0.097142175 0.049793646
v -0.13017832 0.096724704 0.051220015
v -0.12905811 0.097107396 0.04653038
v -0.13287799 0.100377604 0.04956402
v -0.12905811 0.097107396 0.04653038
v -0.13017832 0.096724704 0.051220015
v 0.12308251 0.052430674 0.0035722554
v 0.12303381 0.05245851 0.005798787
v 0.11729354 0.051874056 0.004226297
v -0.041492835 0.052013204 -0.109758124
v -0.040901437 0.056396678 -0.105005875
v -0.046189442 0.056459293 -0.10748289
v -0.017028853 0.03642054 0.110431775
v -0.021321878 0.03638576 0.10292421
v -0.017481118 0.03837572 0.11105104
v 0.122539796 0.052465454 -0.0118673295
v 0.12286682 0.052354142 -0.009682551
v 0.116966516 0.05195059 -0.010232225
v 0.07448849 0.056389734 0.08969025
v 0.07498251 0.056396678 0.084089145
v 0.078934595 0.05184622 0.08694886
v -0.15685494 -0.0011243224 -0.09994747
v -0.15890057 0.0022224188 -0.09856981
v -0.16343017 -0.0010338724 -0.10124165
v -0.08174433 0.052507207 -0.09191805
v -0.07902379 0.051714018 -0.08725625
v -0.08350469 0.05243765 -0.09053342
v -0.09015645 0.09664817 0.10114299
v -0.08803429 0.097086534 0.10531075
v -0.093816295 0.09798409 0.10483067
v -0.093816295 0.09798409 0.10483067
v -0.093329266 0.100377604 0.10016887
v -0.09015645 0.09664817 0.10114299
v -0.12842493 0.1001132 0.054163203
v -0.12392317 0.10037066 0.054893777
v -0.13258575 0.10041241 0.053919658
v 0.11114275 -0.005090341 -0.13422212
v 0.114823475 -0.0034482628 -0.13404816
v 0.11300746 -0.0038379133 -0.12990822
v 0.12961599 0.09670384 -0.047617063
v 0.12530208 0.09762229 -0.04822935
v 0.12773734 0.09684299 -0.052160576
v 0.12530208 0.09762229 -0.04822935
v 0.123444326 0.10040544 -0.050511554
v 0.12773734 0.09684299 -0.052160576
v -0.05632712 0.052646384 -0.10962592
v -0.05504684 0.051853165 -0.10382302
v -0.058365777 0.052381977 -0.10836654
v 0.07148267 0.052555934 0.10005058
v 0.06979191 0.052416757 0.10156046
v 0.0675932 0.051839247 0.096202865
v 0.16825324 -0.019827187 0.033936575
v 0.17116165 -0.019194007 0.03799303
v 0.16675729 -0.019555822 0.039600298
v -0.13416521 -0.019729763 -0.106968
v -0.13753979 -0.019451454 -0.10200702
v -0.13911922 -0.01975064 -0.10671752
v -0.067564115 0.051811412 -0.09625979
v -0.0716206 0.05261855 -0.10007271
v -0.06983937 0.052375004 -0.10149908
v -0.10492809 0.100398496 0.030777678
v -0.105909154 0.097323105 0.03175874
v -0.109436795 0.10041241 0.03076376
v 0.12136391 0.052667245 0.02134274
v 0.115978494 0.051874056 0.019032732
v 0.12160744 0.05236806 0.019060552
v -0.10965945 0.09691258 0.034444496
v -0.10958989 0.10040544 0.038667932
v -0.111607686 0.100398496 0.033553883
v -0.106361404 0.0964116 0.03663622
v -0.10494201 0.10040544 0.03862618
v -0.10958989 0.10040544 0.038667932
v -0.115093574 0.038361803 -0.025859684
v -0.10748859 0.036490127 -0.029484749
v -0.11508663 0.036413565 -0.02663897
v -0.04943879 0.05190189 0.10641013
v -0.051039085 0.05245851 0.1120808
v -0.052994266 0.052409813 0.11114846
v -0.10141434 0.1002454 0.05500512
v -0.100739434 0.09845026 0.054657206
v -0.10159524 0.09999491 0.055325165
v -0.10176225 0.09998797 0.05509557
v -0.100739434 0.09845026 0.054657206
v -0.10141434 0.1002454 0.05500512
v -0.10199879 0.09921564 0.05509557
v -0.10962467 0.100377604 0.057308182
v -0.11039005 0.098443314 0.056918517
v -0.100739434 0.09845026 0.054657206
v -0.021781102 0.051929697 0.1153719
v -0.021739349 0.052416757 0.1212583
v -0.023889348 0.052430674 0.120861694
v -0.021857634 0.038396582 0.10922806
v -0.024341598 0.036413565 0.11081447
v -0.032127514 0.0366223 0.1129923
v -0.10959683 0.03642054 -0.02183801
v -0.10748859 0.036490127 -0.029484749
v -0.11038308 0.0384105 -0.021817148
v -0.032127514 0.0366223 0.1129923
v -0.02617155 0.0364414 0.1180159
v -0.02544792 0.03838961 0.1179672
v 0.08377729 0.098554626 -0.08985852
v 0.08003394 0.098262414 -0.083979085
v 0.0739249 0.098498985 -0.083498985
v 0.08003394 0.098262414 -0.083979085
v 0.08377729 0.098554626 -0.08985852
v 0.08614299 0.10040544 -0.08771548
v 0.023841888 0.052395895 -0.12084903
v 0.0217406 0.05191578 -0.11544969
v 0.021671027 0.05247937 -0.12123867
v -0.06942187 0.09676646 0.086204365
v -0.06726493 0.09722568 0.090942696
v -0.071829334 0.097107396 0.08999641
v -0.071829334 0.097107396 0.08999641
v -0.07303305 0.100377604 0.08588429
v -0.06942187 0.09676646 0.086204365
v 0.044263348 0.052361086 0.11480136
v 0.042245552 0.052611575 0.11576153
v 0.041626304 0.05184622 0.10993083
v 0.17120339 -0.0018549114 0.058637127
v 0.17631745 -0.0014722198 0.055833086
v 0.17475888 0.0021041334 0.058324024
v -0.09675951 0.09883295 0.08496584
v -0.10135172 0.09857552 0.078376725
v -0.100795075 0.10040544 0.07912122
v 0.052905068 0.05229847 -0.11119841
v 0.049551353 0.05184622 -0.10660619
v 0.0508177 0.05269508 -0.112325594
v -0.035836086 0.051839247 0.11199732
v -0.036427483 0.052681163 0.11782108
v -0.038619235 0.052340224 0.11689569
v 0.06777412 0.098408535 -0.09225899
v 0.064830914 0.10041241 -0.08983068
v 0.069116995 0.10041241 -0.093135685
v 0.07178187 0.09824152 -0.09120138
v 0.069116995 0.10041241 -0.093135685
v 0.073709205 0.100433275 -0.08841127
v -0.12132786 0.052472427 -0.021107435
v -0.11606769 0.051804468 -0.018922657
v -0.12162705 0.05247937 -0.018915698
v -0.08926584 0.051727936 -0.07670806
v -0.09401809 0.052535042 -0.07927553
v -0.092696086 0.052375004 -0.08095239
v -0.16387548 -0.0042971373 0.059339866
v -0.16569148 -0.009299874 0.057294264
v -0.16080703 -0.008172691 0.05735688
v -0.16569148 -0.009299874 0.057294264
v -0.16848855 -0.0079152435 0.05632712
v -0.1600347 -0.0070037544 0.055506065
v 0.157879 -0.001186952 -0.09824279
v 0.1605091 -0.0025785267 -0.097129524
v 0.15753111 -0.0025924444 -0.09396367
v -0.0902956 0.09830417 0.07890551
v -0.09554188 0.10039152 0.07445942
v -0.09543054 0.09845026 0.07408367
v 0.17036845 0.000740394 -0.08810511
v 0.16569273 -0.001235649 -0.08628215
v 0.1688238 -0.0010269135 -0.089990705
v 0.0025298297 0.00074735284 0.18536843
v 0.0014513433 -0.002655074 0.18225826
v 0.0040466487 -0.002752483 0.18760888
v -0.05504684 0.051853165 -0.10382302
v -0.049807534 0.05623664 -0.10415005
v -0.052562878 0.056389734 -0.09982224
v -0.041492835 0.052013204 -0.109758124
v -0.04438038 0.052409813 -0.11478869
v -0.04244609 0.052430674 -0.11576975
v 0.08919056 0.05202712 0.07637979
v 0.0942907 0.052611575 0.07930212
v 0.09275299 0.052291527 0.08088155
v 0.030577153 -0.009195507 -0.17818913
v 0.027856603 -0.0074560195 -0.18139672
v 0.03480059 -0.007998735 -0.17681147
v -0.12027027 0.100398496 0.060237452
v -0.115691975 0.09842245 0.058518842
v -0.11611639 0.10036369 0.059026763
v -0.11922659 -0.014692247 0.11685394
v -0.1357377 -0.0024602413 0.09689169
v -0.120882556 -0.012952775 0.11286704
v -0.040657893 -0.0010825843 -0.18461128
v -0.04186161 0.00038553774 -0.18120886
v -0.04140936 0.00071951747 -0.18834767
v -0.1174732 0.051839247 -0.0042901784
v -0.12307431 0.052409813 -0.0036639571
v -0.12312998 0.052486345 -0.005820915
v 0.09580056 0.09848507 -0.07430063
v 0.09203634 0.09870075 -0.077090755
v 0.09526481 0.10039152 -0.07477377
v 0.13954492 -0.004624158 0.10809393
v 0.14011547 -0.0052086264 0.1129923
v 0.13626078 -0.0030516684 0.110320464
v 0.0739249 0.098498985 -0.083498985
v 0.075664386 0.10028021 -0.080020025
v 0.07318041 0.100398496 -0.083652064
v 0.17036845 0.000740394 -0.08810511
v 0.16231814 0.00015592575 -0.083248496
v 0.16569273 -0.001235649 -0.08628215
v -0.05365528 0.056396678 0.10325818
v -0.04886128 0.05640365 0.10171352
v -0.04943879 0.05190189 0.10641013
v 0.15489405 -0.00096429884 -0.089573234
v 0.157879 -0.001186952 -0.09824279
v 0.15753111 -0.0025924444 -0.09396367
v -0.1357377 -0.0024602413 0.09689169
v -0.12959386 -0.005417362 0.1027085
v -0.120882556 -0.012952775 0.11286704
v -0.14643894 -0.004443243 0.07702689
v -0.1350906 -0.0017783642 0.09548621
v -0.1357377 -0.0024602413 0.09689169
v 0.017273635 0.056410596 -0.104985
v 0.0038587898 0.056194916 -0.10471364
v -0.015449405 0.056410596 -0.10477626
v 0.0675932 0.051839247 0.096202865
v 0.06224954 0.05640365 0.097267434
v 0.06443432 0.056320146 0.09277959
v -0.14362101 -0.0025854856 0.11591463
v -0.14610498 -0.0011939108 0.11472483
v -0.13959934 -0.0010129958 0.113973364
v 0.11009906 0.10040544 -0.03785512
v 0.10707933 0.09694041 -0.0373611
v 0.10515895 0.10037066 -0.03869702
v 0.03580253 0.051853165 -0.11192203
v 0.033088952 0.056389734 -0.10778208
v 0.03102246 0.056389734 -0.112819605
v -0.1686138 -0.008548409 0.06666656
v -0.16787626 -0.0068019778 0.070187256
v -0.1716405 -0.007810876 0.06345199
v -0.1625952 -0.0074629784 0.069171414
v -0.16787626 -0.0068019778 0.070187256
v -0.1686138 -0.008548409 0.06666656
v -0.16924001 -0.0038796663 -0.031794786
v -0.16562887 -0.0076299757 -0.03433442
v -0.16766058 -0.008172691 -0.029575214
v -0.035836086 0.051839247 0.11199732
v -0.0341105 0.056410596 0.10754426
v -0.030833349 0.056396678 0.11123891
v -0.106361404 0.0964116 0.03663622
v -0.105909154 0.097323105 0.03175874
v -0.102548465 0.0997514 0.03463234
v -0.106361404 0.0964116 0.03663622
v -0.10958989 0.10040544 0.038667932
v -0.10965945 0.09691258 0.034444496
v -0.106361404 0.0964116 0.03663622
v -0.10965945 0.09691258 0.034444496
v -0.105909154 0.097323105 0.03175874
v 0.12301989 -0.0043875873 -0.11073223
v 0.1371027 -0.0024672002 -0.09456901
v 0.13574591 -0.0015835464 -0.09452726
v 0.1371027 -0.0024672002 -0.09456901
v 0.1486876 -0.013509408 -0.07256812
v 0.14195931 -0.006746322 -0.08477923
v 0.120473295 -0.007518649 -0.12914981
v 0.12323559 -0.0068646073 -0.13370028
v 0.11903997 -0.0059322417 -0.12471762
v 0.12323559 -0.0068646073 -0.13370028
v 0.120473295 -0.007518649 -0.12914981
v 0.12045243 -0.008812815 -0.1354815
v 0.11860858 -0.007762164 -0.13954492
v 0.12045243 -0.008812815 -0.1354815
v 0.11395374 -0.008993715 -0.13857777
v 0.11860858 -0.007762164 -0.13954492
v 0.12323559 -0.0068646073 -0.13370028
v 0.12045243 -0.008812815 -0.1354815
v 0.061818153 -0.009369448 0.16937222
v 0.060746625 -0.0076786727 0.1730112
v 0.05563256 -0.008311853 0.17209275
v 0.094221115 0.09847115 -0.06932573
v 0.09951608 0.100398496 -0.07107912
v 0.09230769 0.10039152 -0.0687691
v 0.087430194 0.10041241 -0.10646703
v 0.088988766 0.09793539 -0.10667577
v 0.08692923 0.09787972 -0.10355167
v 0.086247355 0.10041241 -0.10221575
v 0.087430194 0.10041241 -0.10646703
v 0.08692923 0.09787972 -0.10355167
v 0.08692923 0.09787972 -0.10355167
v 0.08903748 0.09803976 -0.10033016
v 0.086247355 0.10041241 -0.10221575
v -0.16924001 -0.0038796663 -0.031794786
v -0.17259373 -0.0049790144 -0.029394299
v -0.17341475 -0.0032604039 -0.033916935
v 0.019625396 -0.0059392005 -0.16977702
v 0.020557761 -0.006335795 -0.17788994
v 0.020863906 -0.007616058 -0.17310986
v 0.020863906 -0.007616058 -0.17310986
v 0.020557761 -0.006335795 -0.17788994
v 0.025337845 -0.008437082 -0.17928153
v -0.102548465 0.0997514 0.03463234
v -0.105909154 0.097323105 0.03175874
v -0.10492809 0.100398496 0.030777678
v 0.020557761 -0.006335795 -0.17788994
v 0.027856603 -0.0074560195 -0.18139672
v 0.025337845 -0.008437082 -0.17928153
v 0.030577153 -0.009195507 -0.17818913
v 0.025337845 -0.008437082 -0.17928153
v 0.027856603 -0.0074560195 -0.18139672
v 0.023967132 0.038368747 -0.11153935
v 0.029060319 0.036427483 -0.11384241
v 0.030250132 0.038396582 -0.113160536
v 0.023967132 0.038368747 -0.11153935
v 0.024426356 0.03642054 -0.110920094
v 0.029060319 0.036427483 -0.11384241
v 0.013912961 -0.0014443994 0.16483565
v 0.034564033 -0.0043388754 0.16180201
v 0.013822511 -0.0025437474 0.16576801
v 0.16569273 -0.001235649 -0.08628215
v 0.16231814 0.00015592575 -0.083248496
v 0.16103789 -0.001555711 -0.0858925
v -0.16298486 0.0035096407 -0.09591189
v -0.16632466 -0.0012147874 -0.09818712
v -0.16343017 -0.0010338724 -0.10124165
v 0.030250132 0.038396582 -0.113160536
v 0.029060319 0.036427483 -0.11384241
v 0.02563703 0.038361803 -0.11777363
v 0.11353627 0.056299284 -0.019548863
v 0.11297268 0.05643843 -0.02171278
v 0.11742573 0.052882954 -0.024572477
v -0.019102305 -0.019493207 0.17025585
v -0.012457505 -0.013537228 0.16494699
v -0.013675138 -0.014497429 0.167257
v 0.034167424 -0.0074560195 -0.16885859
v 0.03347163 -0.009028509 -0.1733186
v 0.03480059 -0.007998735 -0.17681147
v 0.06940922 0.096689925 -0.08659525
v 0.06790632 0.10037066 -0.08406258
v 0.06589548 0.097810134 -0.0878268
v -0.0615177 0.05330737 0.101483926
v -0.06637432 0.05242373 0.10384266
v -0.05792047 0.05665414 0.09796323
v 0.10323857 0.09815107 -0.034403995
v 0.10658532 0.10035674 -0.030006602
v 0.102765426 0.10044719 -0.03452924
v 0.10515895 0.10037066 -0.03869702
v 0.10323857 0.09815107 -0.034403995
v 0.102765426 0.10044719 -0.03452924
v -0.023826733 -0.028190583 0.17999692
v -0.023798898 -0.015638515 0.17985778
v -0.023798898 -0.021204844 0.17991345
v 0.058046967 -0.0030864626 0.16644295
v 0.054428846 -0.004540667 0.16878776
v 0.053684354 -0.0040536076 0.16489132
v 0.15876266 0.0018188655 -0.09193893
v 0.1574685 -0.0023210943 -0.08921142
v 0.15753111 -0.0025924444 -0.09396367
v 0.15753111 -0.0025924444 -0.09396367
v 0.1574685 -0.0023210943 -0.08921142
v 0.15489405 -0.00096429884 -0.089573234
v -0.114571735 0.056389734 0.019665897
v -0.11295055 0.056424513 0.021697596
v -0.116109446 0.05343263 0.022991762
v -0.03454189 0.0012135357 -0.17933719
v -0.03321989 -0.0021888912 -0.17784819
v -0.03855662 -0.0012426078 -0.17910062
v 0.109653756 0.096870825 -0.034932792
v 0.10707933 0.09694041 -0.0373611
v 0.11009906 0.10040544 -0.03785512
v -0.1686138 -0.008548409 0.06666656
v -0.1716405 -0.007810876 0.06345199
v -0.16924696 -0.009313777 0.06122546
v -0.14180498 -0.00083209574 0.12825097
v -0.14726 0.00032292306 0.12803529
v -0.14765657 -0.0014235228 0.1244659
v -0.14180498 -0.00083209574 0.12825097
v -0.13933493 0.0007125586 0.12956603
v -0.14726 0.00032292306 0.12803529
v -0.12577398 0.10040544 0.046071157
v -0.12905811 0.097107396 0.04653038
v -0.12956603 0.10041241 0.04547973
v 0.14153488 -0.0077343434 0.10625704
v 0.13893262 -0.0059739947 0.10247891
v 0.14376837 -0.006377548 0.10713373
v 0.1838807 -0.014650494 0.08346991
v 0.15854001 -0.019848049 0.101664826
v 0.15851913 -0.02008462 0.10275026
v -0.15719588 0.0022920072 -0.094617724
v -0.15473972 -0.0020358115 -0.09350446
v -0.15849699 0.00068472326 -0.09111093
v -0.115691975 0.09842245 0.058518842
v -0.12027027 0.100398496 0.060237452
v -0.12081994 0.0985616 0.059026763
v 0.10321769 -0.009459898 -0.12417491
v 0.10719065 -0.0064053833 -0.12489157
v 0.1086379 -0.00536865 -0.12464108
v 0.10632788 0.10048197 -0.061553746
v 0.109667666 0.10037066 -0.057337254
v 0.10178436 0.10037066 -0.055201173
v -0.17237802 -0.03162779 0.039704666
v -0.17575262 -0.031592995 -0.008701488
v -0.17673369 -0.0326854 -0.009327695
v -0.16674213 -0.03161387 -0.016042084
v -0.17673369 -0.0326854 -0.009327695
v -0.17575262 -0.031592995 -0.008701488
v -0.06688224 0.10035674 0.08492409
v -0.06552546 0.09833895 0.08745678
v -0.06942187 0.09676646 0.086204365
v 0.13574591 -0.0015835464 -0.09452726
v 0.1371027 -0.0024672002 -0.09456901
v 0.14195931 -0.006746322 -0.08477923
v -0.13904966 -0.0017644614 0.11635296
v -0.13605775 -0.001736626 0.12020068
v -0.13884787 0.0021876395 0.11965798
v 0.006829813 -0.0045058727 -0.16533092
v 0.027940094 -0.006328836 -0.16377234
v 0.025706619 -0.0053477734 -0.16332704
v -0.04140936 0.00071951747 -0.18834767
v -0.038542703 -0.0011034608 -0.18831985
v -0.040657893 -0.0010825843 -0.18461128
v 0.10156867 -0.012034327 -0.12550387
v 0.10719065 -0.0064053833 -0.12489157
v 0.10321769 -0.009459898 -0.12417491
v -0.11180945 0.05638276 -0.016793534
v -0.115295365 0.056396678 -0.013982534
v -0.11606769 0.051804468 -0.018922657
v -0.15210964 -0.010496631 0.054225817
v -0.15767597 -0.012556165 0.05018328
v -0.15280543 -0.010921061 0.052381977
v 0.036240876 0.05640365 0.11002822
v 0.038724855 0.056389734 0.10625009
v 0.041626304 0.05184622 0.10993083
v 0.11860858 -0.007762164 -0.13954492
v 0.11395374 -0.008993715 -0.13857777
v 0.11160892 -0.0079152435 -0.13967712
v 0.14167404 -0.008826733 0.11337499
v 0.13990673 -0.007852629 0.1178837
v 0.13553718 -0.009348571 0.116234675
v 0.14414409 -0.007073343 0.112310424
v 0.13990673 -0.007852629 0.1178837
v 0.14167404 -0.008826733 0.11337499
v 0.02563703 0.038361803 -0.11777363
v 0.026840746 0.036427483 -0.12615791
v 0.025852725 0.038326994 -0.12485678
v -0.06464182 0.10041936 0.09022604
v -0.06661786 0.10050286 0.09238298
v -0.06552546 0.09833895 0.08745678
v -0.06464182 0.10041936 0.09022604
v -0.06552546 0.09833895 0.08745678
v -0.06688224 0.10035674 0.08492409
v 0.118058905 -0.005048588 -0.13534234
v 0.11854596 -0.004171893 -0.13139024
v 0.114823475 -0.0034482628 -0.13404816
v -0.17734598 -0.008638874 -0.03635916
v -0.17443757 -0.007859588 -0.03926757
v -0.1756065 -0.0052782 -0.03623393
v -0.1592067 -0.008958936 -0.027480885
v -0.16181593 -0.0065027922 -0.030243173
v -0.16246997 -0.0059809536 -0.031899154
v -0.15950589 -0.011846468 -0.02530305
v -0.16181593 -0.0065027922 -0.030243173
v -0.1592067 -0.008958936 -0.027480885
v 0.11571409 0.0984294 -0.058513135
v 0.120292395 0.10036369 -0.060231745
v 0.120814234 0.09852682 -0.059000194
v 0.124293186 0.10038458 -0.05470021
v 0.120814234 0.09852682 -0.059000194
v 0.120292395 0.10036369 -0.060231745
v -0.007482603 -0.012917981 0.1652114
v -0.013675138 -0.014497429 0.167257
v -0.012457505 -0.013537228 0.16494699
v 0.06005779 0.054204956 -0.10066414
v 0.066299036 0.052430674 -0.1037952
v 0.058130458 0.05652888 -0.09811059
v 0.13990673 -0.007852629 0.1178837
v 0.1329697 -0.007838711 0.1176054
v 0.13553718 -0.009348571 0.116234675
v -0.019116223 0.056410596 0.1114894
v -0.016632244 0.056389734 0.11485006
v -0.021781102 0.051929697 0.1153719
v -0.08150081 0.098192826 0.085153714
v -0.083692566 0.098826006 0.089926824
v -0.084541425 0.10040544 0.09159674
v 0.083770335 0.10039152 -0.0812307
v 0.08472358 0.09866597 -0.081258535
v 0.08626127 0.09843637 -0.078426674
v 0.16368885 0.0027512312 -0.094701216
v 0.15876266 0.0018188655 -0.09193893
v 0.16099614 0.00058731437 -0.09631544
v -0.08655922 0.09834589 0.0794691
v -0.08415873 0.099097356 0.08111118
v -0.10482372 0.09841548 0.09541662
v 0.072707266 0.09841548 -0.087054476
v 0.073709205 0.100433275 -0.08841127
v 0.06790632 0.10037066 -0.08406258
v 0.060746625 -0.0076786727 0.1730112
v 0.053837433 -0.0067671835 0.17325471
v 0.05563256 -0.008311853 0.17209275
v -0.08519547 0.056375816 -0.079686046
v -0.08438139 0.056410596 -0.07553914
v -0.08926584 0.051727936 -0.07670806
v 0.05611962 -0.010517508 0.15130948
v 0.057949558 -0.010468796 0.15066935
v 0.06310536 -0.012799695 0.15297939
v 0.11223514 0.05640365 0.016075611
v 0.115978494 0.051874056 0.019032732
v 0.11143498 0.056299284 0.020319939
v 0.08024964 -0.031599954 0.15694539
v 0.06949271 -0.03162083 0.1524158
v 0.08033313 -0.032838464 0.15772466
v 0.029004663 -0.010559246 -0.15885311
v 0.03518328 -0.011950836 -0.16260342
v 0.030925035 -0.010886267 -0.15839389
v -0.11274181 0.0563619 0.012457505
v -0.11590071 0.056396678 0.015191957
v -0.11688872 0.05249329 0.01133728
v 0.05493678 0.051707044 0.10405834
v 0.049794883 0.056396678 0.10479589
v 0.051207334 0.05640365 0.100976005
v -0.06707011 0.056410596 -0.09141013
v -0.07100828 0.056396678 -0.09266254
v -0.067564115 0.051811412 -0.09625979
v 0.051603943 -0.031592995 -0.1683437
v 0.051729187 -0.03242795 -0.1692691
v 0.04198116 -0.031641707 -0.16221377
v 0.08903748 0.09803976 -0.10033016
v 0.09246077 0.09806062 -0.10073371
v 0.09082566 0.10041241 -0.09927951
v 0.0908535 0.096112415 -0.10341947
v 0.09246077 0.09806062 -0.10073371
v 0.08903748 0.09803976 -0.10033016
v 0.17448753 0.0013039857 0.06612383
v 0.17878056 -0.0018618703 0.0676337
v 0.17446665 -0.0025785267 0.06742497
v -0.10601352 0.100398496 0.08117379
v -0.10660495 0.10029413 0.0765955
v -0.10636838 0.098498985 0.07793836
v -0.1174732 0.051839247 -0.0042901784
v -0.11315234 0.05640365 -0.0064819157
v -0.11311059 0.05640365 -0.002334997
v 0.05493678 0.051707044 0.10405834
v 0.05498548 0.056389734 0.09912519
v 0.058742747 0.056389734 0.10064201
v -0.11284618 0.05640365 0.008247972
v -0.11630426 0.05296643 0.008700237
v -0.11653386 0.05643843 0.005109951
v 0.12961599 0.09670384 -0.047617063
v 0.13123022 0.09738572 -0.050101027
v 0.13218346 0.10038458 -0.047596186
v 0.12773734 0.09684299 -0.052160576
v 0.13123022 0.09738572 -0.050101027
v 0.12961599 0.09670384 -0.047617063
v -0.1350906 -0.0017783642 0.09548621
v -0.12959386 -0.005417362 0.1027085
v -0.1357377 -0.0024602413 0.09689169
v 0.06940922 0.096689925 -0.08659525
v 0.06589548 0.097810134 -0.0878268
v 0.06917961 0.09606372 -0.089621946
v 0.03518328 -0.011950836 -0.16260342
v 0.035496384 -0.011324614 -0.1614832
v 0.030925035 -0.010886267 -0.15839389
v 0.039538935 -0.015527189 -0.1606065
v 0.035496384 -0.011324614 -0.1614832
v 0.03518328 -0.011950836 -0.16260342
v 0.11985405 -0.031592995 0.12905811
v 0.120723784 -0.032400116 0.12942688
v 0.11966618 -0.03162083 0.11766802
v 0.09203634 0.09870075 -0.077090755
v 0.09082566 0.09845026 -0.080987185
v 0.09168844 0.10040544 -0.08031227
v 0.15122724 -0.002474159 0.06954016
v 0.14987741 -0.0019314438 0.06999244
v 0.1561256 -0.008297935 0.057516918
v 0.097609624 -0.015596777 -0.13354024
v 0.1019931 -0.011888206 -0.1312511
v 0.100865915 -0.010830611 -0.13100757
v 0.10156867 -0.012034327 -0.12550387
v 0.100865915 -0.010830611 -0.13100757
v 0.1019931 -0.011888206 -0.1312511
v 0.06005779 0.054204956 -0.10066414
v 0.058130458 0.05652888 -0.09811059
v 0.058227867 0.05640365 -0.10236883
v 0.10719065 -0.0064053833 -0.12489157
v 0.109591134 -0.006287098 -0.1254482
v 0.1086379 -0.00536865 -0.12464108
v 0.109591134 -0.006287098 -0.1254482
v 0.12301989 -0.0043875873 -0.11073223
v 0.1086379 -0.00536865 -0.12464108
v 0.15193 -0.00095038116 -0.08752762
v 0.16724434 0.000740394 -0.08006874
v 0.1371027 -0.0024672002 -0.09456901
v 0.045898452 0.056396678 -0.10369779
v 0.044611245 0.05640365 -0.1073646
v 0.049551353 0.05184622 -0.10660619
v 0.09202938 0.09739266 -0.10630004
v 0.088988766 0.09793539 -0.10667577
v 0.09239815 0.10031499 -0.10755943
v -0.17259373 -0.0049790144 -0.029394299
v -0.17084034 -0.008951977 -0.027738318
v -0.17460455 -0.008819774 -0.02830191
v 0.095793605 -0.031592995 -0.14796399
v 0.09723389 -0.03161387 -0.13646953
v 0.096371114 -0.03244883 -0.14844409
v 0.053092927 -0.0053060353 0.15656967
v 0.054254904 -0.0062662214 0.15517111
v 0.055194214 -0.0065027922 0.15725155
v 0.034564033 -0.0043388754 0.16180201
v 0.053092927 -0.0053060353 0.15656967
v 0.055194214 -0.0065027922 0.15725155
v -0.040052548 -0.027585253 0.19188105
v -0.017961204 -0.03859961 0.18985628
v -0.02454339 -0.027606115 0.18102671
v -0.035655156 -0.038585693 0.20216481
v -0.042286053 -0.038585693 0.20295803
v -0.12704031 -0.038585693 0.163458
v -0.12123741 -0.027585253 0.15401612
v -0.13023399 -0.038390875 0.16018082
v -0.1318204 -0.03859265 0.15905364
v -0.13202216 -0.038530037 0.15623568
v -0.13389386 -0.03860657 0.13574465
v -0.1318204 -0.03859265 0.15905364
v -0.12296297 -0.027626991 0.13460355
v -0.05417712 0.038542703 0.15182437
v -0.06525411 0.0033704787 0.15198441
v -0.063479826 0.038549647 0.14810188
v -0.055429533 0.003537476 0.15580429
v -0.055471286 -0.005180791 0.15584604
v -0.06527497 -0.00518775 0.15194963
v -0.062498763 -0.01956278 0.15957548
v -0.053738758 -0.019548863 0.16270654
v -0.07118918 -0.019590616 0.1558669
v -0.0638486 -0.025560498 0.15901189
v -0.046119854 -0.025581375 0.16502352
v -0.08063106 -0.025581375 0.15119119
v -0.05110173 -0.019312292 0.16347887
v -0.07362445 -0.019534945 0.15470494
v -0.04211907 -0.019639313 0.1661507
v -0.025767967 -0.025581375 0.1695879
v -0.045778915 -0.005145997 0.15896319
v -0.033073768 -0.01950711 0.16811283
v -0.026742086 -0.019611493 0.1693096
v -0.03551601 -0.0051181614 0.16149585
v -0.035564706 0.00336352 0.16150977
v -0.045764998 0.0037670732 0.15890752
v -0.034806296 0.038549647 0.1573907
v -0.04448475 0.03855662 0.1548789
v -0.0821131 -0.019604534 0.1504467
v -0.0744455 -0.005145997 0.14766355
v -0.09005208 -0.019514069 0.14574318
v -0.08371343 -0.005132079 0.14266081
v -0.09241776 -0.019555822 0.14431678
v -0.08368559 0.0031687021 0.14272343
v -0.07442461 0.003586173 0.14764266
v -0.072699055 0.038549647 0.14385758
v -0.081486896 0.03853573 0.13902877
v -0.0968778 -0.025574416 0.14133881
v -0.10050981 -0.019618437 0.13883395
v -0.11369504 -0.025560498 0.1285293
v -0.09228556 -0.0051112026 0.13721277
v -0.10756512 -0.01950711 0.13335808
v -0.11336802 -0.01975064 0.12878676
v -0.10085772 -0.005145997 0.13110374
v -0.100850746 0.0032104403 0.13113852
v -0.092278615 0.0034261495 0.13721277
v -0.09007992 0.03853573 0.13365032
v -0.09818588 0.038528785 0.12777089
v -0.14909686 -0.04425639 0.13207783
v -0.16723613 -0.035204157 0.08718543
v -0.1631449 -0.030166626 0.13326763
v -0.15135123 -0.04805541 0.09890948
v -0.1577525 -0.043783247 0.08894576
v -0.15945025 -0.04315704 0.084304854
v -0.10100381 0.100398496 0.087324575
v -0.09948005 0.10028021 0.08628784
v -0.09925042 0.09998797 0.086169556
v -0.0992087 0.099076495 0.086148694
v -0.10693197 0.098568544 0.09225772
v -0.10863663 0.100398496 0.09281437
v -0.09868683 0.099946216 0.08591212
v -0.0992087 0.099076495 0.086148694
v -0.09925042 0.09998797 0.086169556
v -0.0985129 0.09897213 0.086023465
v -0.09925042 0.09998797 0.086169556
v -0.0985129 0.09897213 0.086023465
v -0.09868683 0.099946216 0.08591212
v -0.0992087 0.099076495 0.086148694
v -0.09675951 0.09883295 0.08496584
v -0.0992087 0.099076495 0.086148694
v -0.1020336 0.098554626 0.08541812
v -0.10135172 0.09857552 0.078376725
v -0.10636838 0.098498985 0.07793836
v -0.09543054 0.09845026 0.07408367
v -0.094449475 0.09851985 0.068740025
v -0.08841698 0.09843637 0.07505779
v -0.0902956 0.09830417 0.07890551
v 0.17933719 -0.044096366 0.049209163
v 0.16119793 -0.04809715 0.08171649
v 0.18906434 -0.044214636 0.0630206
v 0.16911602 -0.04520963 0.055791333
v 0.16514306 -0.046559453 0.06802334
v -0.10176225 0.09998797 0.05509557
v -0.10159524 0.09999491 0.055325165
v -0.10346691 0.1005307 0.057516918
v -0.10962467 0.100377604 0.057308182
v -0.106472746 0.09996711 0.062102154
v 0.09809667 0.09843637 -0.048827738
v 0.124293186 0.10038458 -0.05470021
v 0.09801318 0.10038458 -0.048201516
v 0.12201796 0.098408535 -0.055423826
v 0.10191657 0.098464176 -0.054755867
v 0.101721734 0.09998797 -0.05507593
v 0.10178436 0.10037066 -0.055201173
v 0.109667666 0.10037066 -0.057337254
v 0.10069893 0.0984294 -0.055716068
v 0.10632788 0.10048197 -0.061553746
v 0.10191657 0.098464176 -0.054755867
v 0.09809667 0.09843637 -0.048827738
v 0.107510716 0.09857552 -0.05953595
v 0.094798625 0.098464176 -0.054157495
v 0.10921541 0.09845026 -0.07521212
v 0.109417185 0.098464176 -0.067454055
v 0.11226993 0.098533764 -0.0708843
v 0.11571409 0.0984294 -0.058513135
v 0.12201796 0.098408535 -0.055423826
v 0.120814234 0.09852682 -0.059000194
v 0.10203485 0.10041936 -0.0861917
v 0.09918906 0.09998797 -0.086156905
v 0.09943259 0.10027324 -0.08628215
v 0.099202976 0.099076495 -0.08614299
v 0.09918906 0.09998797 -0.086156905
v 0.09851414 0.09897213 -0.08601774
v 0.098688096 0.099946216 -0.085913375
v 0.099202976 0.099076495 -0.08614299
v 0.107754245 0.10029413 -0.09221028
v 0.10203485 0.10041936 -0.0861917
v 0.09943259 0.10027324 -0.08628215
v 0.12148219 0.10040544 -0.07590094
v 0.10704454 0.10041241 -0.07820402
v 0.10793515 0.10108732 -0.095313504
v 0.10512415 0.10039152 -0.09623891
v 0.11795454 0.101316944 -0.08260141
v 0.09642677 0.10083683 -0.106926255
v 0.109173656 0.10039152 -0.07622102
v 0.093887135 0.10038458 -0.053872213
v 0.09951608 0.100398496 -0.07107912
v 0.11292397 0.10040544 -0.07105824
v 0.08986546 0.100398496 -0.054345354
v 0.09801318 0.10038458 -0.048201516
v 0.09230769 0.10039152 -0.0687691
v 0.08238572 0.10041241 -0.0651162
v 0.07349351 0.10041936 -0.07501729
v 0.08722842 0.10041241 -0.07698639
v 0.097880974 0.100398496 -0.03865528
v 0.083770335 0.10039152 -0.0812307
v 0.11608286 0.100398496 -0.05901411
v 0.11021735 0.10037066 -0.06734969
v 0.120292395 0.10036369 -0.060231745
v 0.124293186 0.10038458 -0.05470021
v 0.13347067 0.10062809 -0.053962678
v 0.123444326 0.10040544 -0.050511554
v 0.12784868 0.10034977 -0.05365652
v 0.13148767 0.10015495 -0.052452803
v 0.13218346 0.10038458 -0.047596186
v 0.1386891 0.10055156 -0.03866224
v 0.12253284 0.100398496 -0.034536198
v 0.102946326 0.10040544 -0.020829126
v 0.111101 0.10041241 -0.03328377
v 0.12736858 0.10032891 -0.04477127
v 0.10658532 0.10035674 -0.030006602
v 0.11009906 0.10040544 -0.03785512
v 0.102765426 0.10044719 -0.03452924
v 0.10515895 0.10037066 -0.03869702
v 0.09918906 0.09998797 -0.086156905
v 0.107754245 0.10029413 -0.09221028
v 0.09943259 0.10027324 -0.08628215
v 0.099202976 0.099076495 -0.08614299
v 0.10640441 0.0984294 -0.09209895
v 0.09571707 0.09829719 -0.08614299
v 0.099202976 0.099076495 -0.08614299
v 0.09851414 0.09897213 -0.08601774
v 0.10640441 0.0984294 -0.09209895
v 0.1750859 -0.044360757 -0.09489603
v 0.18095838 -0.030173585 -0.10779599
v 0.13922486 -0.035169363 -0.12729204
v 0.13687308 -0.04340753 -0.11860858
v 0.14495817 -0.047944084 -0.10843612
v 0.13322018 -0.043393612 -0.1215796
v 0.14774133 -0.0047563612 0.09333621
v 0.17957376 -0.0007068515 0.07023595
v 0.15424699 -0.013356328 0.09872164
v 0.1838807 -0.014650494 0.08346991
v 0.15851913 -0.02008462 0.10275026
v 0.18852162 0.00051774085 0.063932106
v 0.19673891 -0.013961673 0.07491167
v 0.18623944 -0.027626991 -0.06125456
v 0.17338818 -0.03859961 -0.07938686
v 0.16848285 -0.027640909 -0.06952751
v 0.19249459 -0.038585693 -0.07041812
v 0.19688502 -0.03859265 -0.06510228
v 0.2051371 -0.038585693 0.029031232
v 0.19400445 -0.027585253 0.027973637
v 0.20264618 -0.038578734 0.0353003
v 0.17803606 -0.02763395 0.039210662
v 0.18451387 -0.03859265 0.048075035
v 0.16848285 -0.027640909 -0.06952751
v 0.16811408 -0.014692247 -0.06964579
v 0.18618377 -0.014601797 -0.06125456
v 0.18623944 -0.027626991 -0.06125456
v 0.0071846694 -0.01824078 -0.18886256
v -0.038904503 0.00053165853 -0.19520818
v -0.033247724 -0.013453737 -0.20772545
v -0.027855352 -0.0007555634 -0.19005932
v -0.006529376 -0.0033786893 -0.18061745
v 0.009724304 -0.015701145 -0.18469477
v 0.009112 -0.019966334 -0.1881946
v 0.007859588 -0.0048815906 -0.17435533
v 0.01576376 -0.005779162 -0.17550337
v 0.009112 -0.019966334 -0.1881946
v 0.18618377 -0.014601797 -0.06125456
v 0.16811408 -0.014692247 -0.06964579
v 0.17254627 -0.0035943836 -0.07982521
v 0.19416448 -0.0035943836 -0.0692631
v -0.033700004 -0.030159667 -0.20791331
v -0.039920375 -0.04424247 -0.19519426
v 0.00793612 -0.035176322 -0.18850075
v -0.010279685 -0.048013657 -0.1807914
v -0.0016797036 -0.04487565 -0.18114623
v 0.005730465 -0.043115288 -0.18043654
v 0.0111297965 -0.04457645 -0.18013039
v 0.044465125 0.03853573 -0.15494972
v 0.027947053 0.05640365 -0.12083511
v 0.034744933 0.038542703 -0.1573363
v 0.033081993 0.056410596 -0.11950615
v -0.07265036 0.003356561 -0.1486389
v -0.061566398 0.038549647 -0.14891723
v -0.07069518 0.038542703 -0.14483988
v -0.063027576 0.003405273 -0.15286236
v -0.0630206 -0.005139038 -0.15288323
v -0.07267122 -0.005145997 -0.14858323
v -0.07018031 -0.019618437 -0.1563761
v -0.06167774 -0.019534945 -0.1598481
v -0.07889159 -0.019632354 -0.15215266
v -0.05540867 -0.025581375 -0.16225553
v -0.05540867 -0.019639313 -0.16224857
v -0.07401411 -0.025567457 -0.15453921
v -0.090434775 -0.025567457 -0.14554264
v -0.088987514 -0.019597575 -0.14648196
v -0.08117379 -0.018790454 -0.15049666
v -0.081702605 -0.0051181614 -0.14381012
v -0.09710045 -0.019437537 -0.14114523
v -0.09068523 -0.0051668733 -0.13829249
v -0.09934087 -0.019548863 -0.1396145
v -0.09063654 0.0033287257 -0.13838992
v -0.0816191 0.0034818053 -0.1437962
v -0.07969873 0.038542703 -0.14008763
v -0.08823608 0.038542703 -0.13486224
v -0.10593699 -0.025574416 -0.13468134
v -0.10707809 -0.019618437 -0.13381857
v -0.098986045 -0.005180791 -0.13251048
v -0.11411251 -0.019618437 -0.12783477
v -0.119887576 -0.025567457 -0.12242151
v -0.10720332 -0.005132079 -0.12596309
v -0.10722418 0.0031547844 -0.12597004
v -0.09890254 0.0037462115 -0.13246177
v -0.10440625 0.038528785 -0.12284595
v -0.09649511 0.03853573 -0.12902457
v -0.11603291 -0.019347087 -0.1260257
v -0.12293513 -0.019667149 -0.11943657
v -0.13383819 -0.025602236 -0.10724632
v -0.11476655 -0.0051251203 -0.11910259
v -0.12909986 -0.019493207 -0.1126387
v -0.13416521 -0.019729763 -0.106968
v -0.12210019 -0.005139038 -0.11156718
v -0.11481528 0.0032869875 -0.11910955
v -0.122072354 0.0035026819 -0.11151151
v -0.118892595 0.038542703 -0.10881881
v -0.111879036 0.038528785 -0.115978494
v 0.03898926 0.056375816 0.1177863
v 0.052111864 0.038542703 0.15247841
v 0.037159324 0.03853573 0.15679927
v 0.02901858 0.048255935 0.13795726
v 0.02041164 0.056410596 0.12251072
v 0.023431376 0.05247937 0.13004611
v 0.014768779 0.054531977 0.1270264
v 0.02853848 0.044282958 0.14645983
v 0.021831065 0.03853573 0.15965898
v 0.022617295 0.04130499 0.15376563
v 0.015805513 0.040351763 0.15658359
v 0.006231427 0.03853573 0.16102274
v 0.008471876 0.040574417 0.15666012
v 0.0018479526 0.042056426 0.15371694
v -0.0034748465 0.04508312 0.14752437
v -0.009333402 0.03853573 0.16086964
v 0.0054591 0.054316267 0.12823011
v -0.004233256 0.049083933 0.13916098
v -0.00354442 0.056278393 0.12422235
v -0.0010743737 0.051985368 0.13315631
v -0.01789163 0.056410596 0.12269162
v -0.024821714 0.038542703 0.15921368
v -0.0036905408 0.05640365 0.10494201
v -0.016632244 0.056389734 0.11485006
v -0.019116223 0.056410596 0.1114894
v -0.021996781 0.056389734 0.102854624
v 0.015074924 0.05640365 0.10410009
v -0.023520574 0.056396678 0.11096753
v 0.036240876 0.05640365 0.11002822
v 0.03898926 0.056375816 0.1177863
v 0.037778586 0.05640365 0.09822066
v 0.038724855 0.056389734 0.10625009
v 0.044451207 0.056389734 0.10557516
v 0.059382886 0.056410596 0.08690016
v 0.051207334 0.05640365 0.100976005
v 0.05498548 0.056389734 0.09912519
v 0.049794883 0.056396678 0.10479589
v 0.04847984 0.056389734 0.114154264
v 0.05336429 0.05640365 0.11195557
v 0.058742747 0.056389734 0.10064201
v 0.06235391 0.056410596 0.107175484
v 0.06224954 0.05640365 0.097267434
v 0.06701571 0.056334063 0.10455932
v 0.06443432 0.056320146 0.09277959
v 0.069694504 0.056389734 0.091554984
v 0.07498251 0.056396678 0.084089145
v 0.07429367 0.05640365 0.07420196
v 0.086998805 0.056410596 0.059228554
v 0.07448849 0.056389734 0.08969025
v 0.07943557 0.056389734 0.095263556
v 0.07523994 0.05640365 0.09859638
v 0.08404866 0.05638276 0.07820277
v 0.08103588 0.056375816 0.08238445
v 0.086964026 0.056396678 0.08840306
v 0.090721294 0.056389734 0.08460404
v 0.086977944 0.056410596 0.07159971
v 0.12142653 0.056410596 0.025134817
v 0.09148666 0.05640365 0.07199632
v 0.11384241 0.056410596 0.023764089
v 0.09825671 0.056389734 0.037624255
v 0.10412222 0.05641757 0.01514326
v 0.11143498 0.056299284 0.020319939
v 0.11223514 0.05640365 0.016075611
v 0.11727962 0.05640365 0.040504828
v 0.10549293 0.056410596 0.06515668
v 0.097310424 0.05640365 0.07684596
v 0.10494325 0.05640365 -0.0035387278
v 0.11247171 0.056396678 0.004595071
v 0.11583237 0.05647321 0.013821259
v 0.11601328 0.056174025 0.009145543
v 0.123611316 0.05641757 0.009785667
v 0.12310339 0.056389734 0.015080631
v 0.116639495 0.05640365 -0.005139038
v 0.11588108 0.056389734 -0.00047028065
v 0.12395921 0.05641757 -0.00040070713
v 0.12393138 0.056389734 -0.0057443827
v 0.113320574 0.056389734 -0.007163793
v 0.1126039 0.05640365 -0.012319595
v 0.104101345 0.056501046 -0.015701145
v 0.11297268 0.05643843 -0.02171278
v 0.11353627 0.056299284 -0.019548863
v 0.11608286 0.05641757 -0.015241921
v 0.12224061 0.056389734 -0.02117005
v 0.12301989 0.056368843 -0.015840307
v 0.0031003803 -0.030131847 0.21049343
v 0.040777445 -0.035218075 0.18409513
v -0.005381316 -0.044214636 0.19917293
v 0.021392703 -0.047985822 0.17981602
v 0.034306586 -0.04340753 0.17774953
v 0.041007042 -0.043762386 0.17566912
v -0.061566398 0.038549647 -0.14891723
v -0.05339782 0.05638276 -0.112005524
v -0.07069518 0.038542703 -0.14483988
v -0.04849945 0.056375816 -0.11419031
v 0.037159324 0.03853573 0.15679927
v 0.052111864 0.038542703 0.15247841
v 0.05355215 0.003495723 0.1564305
v 0.034786686 0.003405273 0.16166286
v 0.053092927 -0.0053060353 0.15656967
v 0.021831065 0.03853573 0.15965898
v 0.034564033 -0.0043388754 0.16180201
v 0.015499368 0.0034122318 0.16463389
v 0.013912961 -0.0014443994 0.16483565
v 0.006231427 0.03853573 0.16102274
v 0.0023976266 -0.0058974475 0.16531576
v -0.004010603 0.0034122318 0.16530879
v -0.007482603 -0.012917981 0.1652114
v -0.009333402 0.03853573 0.16086964
v -0.012457505 -0.013537228 0.16494699
v -0.02550359 0.0035305172 0.16347192
v -0.024821714 0.038542703 0.15921368
v -0.025635794 -0.013551146 0.16335364
v -0.124695495 0.05256982 0.029935762
v -0.14965351 0.09498523 0.035947397
v -0.14952825 0.040539607 0.0358987
v -0.12475811 0.0954027 0.029991433
v -0.10504638 0.0954027 0.016186938
v -0.11295055 0.056424513 0.021697596
v -0.104065314 0.056521937 0.015672058
v -0.121369615 0.052124545 0.027660534
v -0.15976335 0.038542703 -0.02113527
v -0.12306039 0.056410596 -0.0150818825
v -0.16078617 0.038549647 -0.011185467
v -0.1236379 0.056410596 -0.00977996
v -0.084958896 0.09349625 0.1283484
v -0.07078563 0.052082792 0.106959805
v -0.08495192 0.04058136 0.12833448
v -0.070855215 0.0954027 0.10698761
v -0.06637432 0.05242373 0.10384266
v -0.05792047 0.05665414 0.09796323
v -0.05046855 0.0565428 0.09265433
v -0.05099736 0.09540968 0.09306486
v -0.08184175 0.09577148 0.12304647
v -0.08599563 0.100161925 0.12767349
v -0.08420743 0.10523422 0.12165488
v -0.08838217 0.10702242 0.12582962
v -0.10031499 0.13317023 0.10817744
v -0.101824865 0.13009484 0.114857
v -0.105999604 0.13566811 0.110918835
v -0.10715462 0.1391262 0.10160221
v -0.11175378 0.13977326 0.10554038
v -0.112275645 0.14113702 0.09630029
v -0.117556676 0.14137359 0.09941046
v -0.120736435 0.14145012 0.085752085
v -0.12590618 0.14139448 0.08884139
v -0.13442962 0.14135967 0.074939504
v -0.12839015 0.1412553 0.07350619
v -0.13209872 0.13916795 0.065845534
v -0.13812424 0.138994 0.06716056
v -0.14059432 0.1354524 0.061524674
v -0.13593946 0.13307978 0.057245538
v -0.14235465 0.13119419 0.05717598
v -0.14339836 0.10517858 0.03741552
v -0.14880465 0.106145725 0.039482012
v -0.14965351 0.09498523 0.035947397
v -0.1434053 0.0957367 0.034771517
v -0.12475811 0.0954027 0.029991433
v -0.13866697 0.100488946 0.03852181
v -0.12250374 0.10041241 0.034548864
v -0.102945074 0.10041241 0.02082786
v -0.10504638 0.0954027 0.016186938
v -0.101880506 0.09550707 0.015818179
v -0.10382177 0.040574417 0.12081994
v -0.108838424 0.0035165995 0.124605045
v -0.11721574 0.03852181 0.110577896
v -0.12405537 0.0034122318 0.10933243
v -0.10906108 -0.01382947 0.124639824
v -0.120882556 -0.012952775 0.11286704
v -0.12959386 -0.005417362 0.1027085
v -0.12735341 0.03853573 0.09872858
v -0.1350906 -0.0017783642 0.09548621
v -0.13607864 0.0034122318 0.0939485
v -0.13633607 0.038528785 0.08590518
v -0.14619543 0.003405273 0.07726346
v -0.14643894 -0.004443243 0.07702689
v -0.15428747 -0.0059948564 0.05956252
v -0.14398976 0.038514867 0.07235117
v -0.1528611 0.018086448 0.058873698
v -0.15016143 0.03866099 0.05784394
v -0.13202913 -0.0036848336 0.15581821
v -0.13397734 -0.0035943836 0.13477056
v -0.122942105 -0.014692247 0.1341513
v -0.121223494 -0.014594838 0.15403004
v -0.13124983 -0.0037405044 0.1582187
v -0.12820227 -0.0035943836 0.16290833
v -0.04005952 -0.014587879 0.19188105
v -0.13267623 -0.0035874248 0.1568271
v -0.13202913 -0.0036848336 0.15581821
v -0.13397734 -0.0035943836 0.13477056
v -0.14699559 -0.0036152601 0.13586293
v -0.04211907 -0.0035943836 0.20303456
v -0.03541164 -0.0035943836 0.20202567
v -0.023778006 -0.014128655 0.18104757
v -0.024425104 -0.014810532 0.18093626
v -0.023798898 -0.015638515 0.17985778
v -0.017133221 -0.0035943836 0.18923704
v -0.02351363 -0.014734 0.17923157
v -0.13379644 -0.0035943836 0.17463936
v -0.04211907 -0.0035943836 0.20303456
v -0.04753928 -0.0036013424 0.21485604
v -0.03541164 -0.0035943836 0.20202567
v -0.14007248 -0.0035874248 0.16903822
v -0.14498474 -0.0035943836 0.15787078
v -0.14387147 -0.003984034 0.16327013
v -0.038313076 -0.0035874248 0.21598323
v -0.017133221 -0.0035943836 0.18923704
v -0.009653464 -0.0036013424 0.19993134
v -0.03025584 -0.0036083013 0.21384715
v -0.022469923 -0.01334241 0.17340083
v -0.014280483 0.0007264763 0.18483965
v -0.023798898 -0.015638515 0.17985778
v -0.023778006 -0.014128655 0.18104757
v -0.022720411 -0.019402742 0.17351218
v -0.022831753 -0.025908396 0.17379744
v -0.023826733 -0.028190583 0.17999692
v -0.023068324 -0.029818729 0.1756552
v -0.16078617 0.038549647 -0.011185467
v -0.1640007 0.0033426434 -0.02174756
v -0.15976335 0.038542703 -0.02113527
v -0.1649609 0.0033774376 -0.011296794
v -0.16498177 -0.015561983 -0.011345491
v -0.16436948 -0.0154924095 -0.01875566
v -0.16389634 -0.012465715 -0.022011966
v 0.034744933 0.038542703 -0.1573363
v 0.035593793 0.0033843964 -0.161518
v 0.044465125 0.03853573 -0.15494972
v 0.045780167 0.0034191906 -0.15892269
v 0.039538935 -0.015527189 -0.1606065
v 0.035496384 -0.011324614 -0.1614832
v 0.045849755 -0.015555024 -0.1588879
v -0.17981602 -0.035204157 -0.05669017
v -0.16974099 -0.044353798 -0.10412917
v -0.18385161 -0.030124888 -0.10266106
v -0.17157786 -0.04306659 -0.055820435
v -0.17035328 -0.044186816 -0.06153287
v -0.16642903 -0.047944084 -0.07130177
v -0.18207736 -0.03727065 0.07408367
v -0.17713724 -0.048549414 0.06427999
v -0.1900859 -0.038008183 0.06987415
v -0.18814464 -0.048591167 0.058038756
v -0.19593056 -0.037618548 0.06587334
v -0.19281341 -0.04847288 0.052994266
v -0.20118375 -0.03759767 0.059882596
v -0.2051289 -0.037569836 0.05263941
v -0.19584705 -0.048598126 0.045611933
v -0.20711885 -0.037590712 0.04506226
v -0.20084281 -0.048584208 -0.008757144
v -0.21181543 -0.037548974 -0.008687571
v -0.21077873 -0.037653342 -0.017872006
v -0.19980611 -0.04857029 -0.016383022
v -0.20757808 -0.037583753 -0.025852725
v -0.19640367 -0.048591167 -0.023173928
v -0.20395301 -0.037625507 -0.031363383
v -0.1920828 -0.04847984 -0.027940094
v -0.19883893 -0.03760463 -0.036456585
v -0.19217329 -0.03727761 -0.04144539
v -0.1856537 -0.04857029 -0.0325184
v 0.18906434 -0.044214636 0.0630206
v 0.15907577 -0.035211116 0.10126822
v 0.19694069 -0.030159667 0.07473077
v 0.16119793 -0.04809715 0.08171649
v 0.15547854 -0.043511897 0.09270303
v 0.1521944 -0.04331708 0.09679429
v 0.14994699 -0.045286164 0.100558504
v 0.1745571 0.00050382316 -0.095696196
v 0.1391344 -0.018352106 -0.12732685
v 0.18056874 -0.013453737 -0.1080256
v 0.14499296 -0.003114283 -0.10989728
v 0.1381951 -0.020154208 -0.12935159
v 0.13113977 -0.004770264 -0.116813436
v 0.1285723 -0.005006835 -0.118552916
v 0.124446265 -0.0056608766 -0.12407053
v 0.12290856 -0.0077760816 -0.14097825
v 0.13708183 -0.021831065 -0.1418967
v -0.17932202 -0.014720082 -0.10777512
v -0.18127023 -0.014553085 -0.13198864
v -0.16858597 -0.0036083013 -0.10831088
v -0.16971315 -0.0035874248 -0.13551629
v -0.17950292 -0.014615715 -0.1414166
v -0.16674908 -0.0036013424 -0.14325348
v -0.17688675 -0.01458092 -0.14733082
v -0.17340781 -0.014553085 -0.15264666
v -0.16126625 -0.0035943836 -0.1493347
v -0.16820328 -0.014601797 -0.15789989
v -0.09097053 -0.01458092 -0.21196976
v -0.084304854 -0.0035943836 -0.20320281
v -0.08393608 -0.014560044 -0.21526086
v -0.07500909 -0.0037265867 -0.20625037
v -0.0758162 -0.014587879 -0.21691684
v -0.06766154 -0.014657453 -0.21676376
v -0.06545587 -0.0035874248 -0.20503274
v -0.0600148 -0.014601797 -0.21465552
v -0.039774254 -0.01476182 -0.20535976
v -0.044206426 -0.0036083013 -0.19521514
v -0.14958392 0.00055252016 0.1312568
v -0.16328405 -0.01343286 0.1324953
v -0.16722919 -0.018338189 0.08718543
v -0.15050237 -0.00063727796 0.12119566
v -0.16528095 -0.016209066 0.08407523
v -0.1678345 -0.02004984 0.08610694
v -0.15439878 -0.0045615286 0.0833029
v -0.15624265 -0.0051251203 0.07813318
v -0.15996511 -0.0058487505 0.074125424
v -0.1678345 -0.02004984 0.08610694
v 0.11193595 0.038528785 0.115998104
v 0.086964026 0.056396678 0.08840306
v 0.11886602 0.03857054 0.10878275
v 0.090721294 0.056389734 0.08460404
v 0.11193595 0.038528785 0.115998104
v 0.11886602 0.03857054 0.10878275
v 0.12209449 0.0032452345 0.1116216
v 0.1147052 0.0033983141 0.11910133
v 0.11471215 -0.015443698 0.11912222
v 0.120048866 -0.015478492 0.1138203
v 0.12217103 -0.012792736 0.11168422
v -0.05417712 0.038542703 0.15182437
v -0.063479826 0.038549647 0.14810188
v -0.04278703 0.05638276 0.11645733
v -0.047734097 0.05640365 0.1144117
v 0.1496478 0.09284915 -0.03593473
v 0.14958519 0.040428296 -0.035913855
v 0.12469675 0.052201077 -0.029937014
v 0.12476633 0.0954027 -0.029992685
v 0.14351094 0.09570886 -0.03475885
v 0.14942515 0.09899993 -0.036811426
v 0.14316303 0.10531773 -0.037555933
v 0.14858323 0.10704328 -0.040032938
v 0.13639298 0.13199435 -0.05640489
v 0.14254378 0.13079758 -0.056912825
v 0.14054686 0.13548721 -0.061553746
v 0.13408992 0.13667701 -0.061741605
v 0.13812551 0.138994 -0.06714095
v 0.1311189 0.13997506 -0.06799677
v 0.1343404 0.14133881 -0.07517037
v 0.12786955 0.14137359 -0.07463461
v 0.1256291 0.14141534 -0.08920446
v 0.11418335 0.1413875 -0.09449248
v 0.11743269 0.14135273 -0.09955783
v 0.112005524 0.13994722 -0.10521461
v 0.10937544 0.14017685 -0.09922385
v 0.10478322 0.13745628 -0.1039274
v 0.1066201 0.13617603 -0.11036346
v 0.09980136 0.13230048 -0.10865182
v 0.10261235 0.13153513 -0.114002444
v 0.084159985 0.10514377 -0.12186488
v 0.09003246 0.109652504 -0.12484982
v 0.087061435 0.10367565 -0.12690936
v 0.08496015 0.09487392 -0.12833574
v 0.08180125 0.09572972 -0.12301294
v 0.07085647 0.095388785 -0.10698888
v 0.07441892 0.10040544 -0.10337773
v 0.083735555 0.10046111 -0.11707088
v 0.054762825 0.10040544 -0.08960107
v 0.07080081 0.05207582 -0.10697496
v 0.08495319 0.04049091 -0.12834965
v 0.066299036 0.052430674 -0.1037952
v 0.058130458 0.05652888 -0.09811059
v 0.05056721 0.056556717 -0.09272517
v 0.0509986 0.095388785 -0.09306611
v 0.0509986 0.095388785 -0.09306611
v 0.04981576 0.095423594 -0.09063779
v 0.049822718 0.09504785 -0.088000745
v 0.051450863 0.095388785 -0.08580205
v 0.06186685 0.09541662 -0.07857278
v 0.064733505 0.10040544 -0.082684904
v 0.07349351 0.10041936 -0.07501729
v 0.07064077 0.095423594 -0.070779935
v 0.07843363 0.09541662 -0.06205471
v 0.08238572 0.10041241 -0.0651162
v 0.08986546 0.100398496 -0.054345354
v 0.08509235 0.095423594 -0.052529335
v 0.097880974 0.100398496 -0.03865528
v 0.09066562 0.09540968 -0.042203814
v 0.09498648 0.09540968 -0.03129381
v 0.098541975 0.09540968 -0.017990291
v 0.102946326 0.10040544 -0.020829126
v 0.18370676 -0.0035874248 0.048617736
v 0.17769513 -0.014678329 0.03938462
v 0.19401142 -0.014594838 0.027987555
v 0.20218 -0.0036013424 0.035634294
v 0.20518582 -0.0035943836 0.02962266
v 0.18618377 -0.014601797 -0.06125456
v 0.19703114 -0.0035943836 -0.06363416
v 0.19416448 -0.0035943836 -0.0692631
v 0.118323304 -0.01847735 0.11969276
v 0.120048866 -0.015478492 0.1138203
v 0.12881583 -0.007963955 0.11899002
v 0.12217103 -0.012792736 0.11168422
v 0.12233106 -0.011039346 0.10481675
v 0.12768169 -0.0063010156 0.105533406
v 0.12864187 -0.0051599145 0.10389136
v 0.15520021 -0.037402853 0.12077819
v 0.15574989 -0.03759767 0.12928076
v 0.15510976 -0.024384603 0.121279165
v 0.15559681 -0.024210662 0.12966345
v 0.1551863 -0.037576795 0.13603689
v 0.15506801 -0.024628133 0.13653786
v 0.15256315 -0.037555933 0.14430983
v 0.15247968 -0.024530724 0.14430289
v 0.14815882 -0.024579436 0.15126078
v 0.14795703 -0.037569836 0.15155302
v 0.14280817 -0.024586394 0.15668099
v 0.1426551 -0.03759767 0.15677144
v 0.0984724 -0.037583753 0.18772717
v 0.098541975 -0.024579436 0.18766455
v 0.091375336 -0.024614215 0.19106002
v 0.09133358 -0.037618548 0.19100435
v 0.08352682 -0.037583753 0.19265337
v 0.08351986 -0.024544641 0.1925977
v 0.07542086 -0.024572477 0.1924655
v 0.07555306 -0.03803602 0.19224982
v 0.06832379 -0.03761159 0.19061472
v 0.06800373 -0.024621174 0.19051729
v 0.060377866 -0.037242815 0.18716358
v 0.061045825 -0.024454191 0.18725403
v -0.15778731 -0.02763395 0.13761632
v -0.14500563 -0.03859265 0.15764813
v -0.14673816 -0.038613528 0.1370249
v -0.1558669 -0.027585253 0.15960331
v -0.1437393 -0.03842567 0.1630405
v -0.15390478 -0.027599156 0.16683258
v -0.15014057 -0.027599156 0.17386006
v -0.13982894 -0.038571775 0.169407
v -0.14481081 -0.027536541 0.1800526
v -0.13466619 -0.03859265 0.17396443
v -0.13818689 -0.027592212 0.18472831
v -0.0543928 -0.038585693 0.21179457
v -0.052722916 -0.027585253 0.22459017
v -0.047205284 -0.027585253 0.22614177
v -0.043468907 -0.03859265 0.21577449
v -0.041019723 -0.027640909 0.22690715
v -0.0353003 -0.03833522 0.21573274
v -0.035001114 -0.027585253 0.22651751
v -0.028752908 -0.027585253 0.22505634
v -0.028780743 -0.03859265 0.21318616
v -0.022059426 -0.027599156 0.221974
v -0.010578871 -0.03860657 0.20050187
v -0.003996685 -0.02778703 0.20933844
v 0.0745859 -0.02156666 0.15830217
v 0.07130873 -0.013551146 0.16571932
v 0.067732364 -0.008012652 0.16169764
v 0.07208106 -0.018442556 0.15217228
v 0.074516326 -0.021552742 0.15457971
v 0.09919602 0.04466565 -0.029143825
v 0.123465195 0.044115975 -0.046141982
v 0.09910557 0.086385265 -0.029095113
v 0.12336083 0.060731456 -0.046086326
v 0.10491542 0.08637135 -0.033965647
v 0.17957376 -0.0007068515 0.07023595
v 0.14774133 -0.0047563612 0.09333621
v 0.17276892 -0.0011660755 0.069192275
v 0.16814888 -0.001006037 0.063479826
v 0.17089029 -0.0001989305 0.055506065
v 0.15122724 -0.002474159 0.06954016
v 0.13967712 -0.0047006905 0.09010078
v 0.14407451 -0.005640015 0.10051678
v 0.13893262 -0.0059739947 0.10247891
v 0.14376837 -0.006377548 0.10713373
v 0.13215563 -0.006154895 0.10328601
v 0.14552176 -0.0077760816 0.1174732
v 0.14414409 -0.007073343 0.112310424
v 0.13990673 -0.007852629 0.1178837
v 0.12881583 -0.007963955 0.11899002
v 0.1329697 -0.007838711 0.1176054
v 0.12852359 -0.0072333664 0.112637445
v 0.12768169 -0.0063010156 0.105533406
v 0.13052052 -0.0077760816 0.108080015
v 0.13460481 -0.007699549 0.10422532
v 0.13091016 -0.008708447 0.11319406
v -0.14247991 -0.030598015 -0.102626264
v -0.14030905 -0.030584112 -0.07894851
v -0.13505583 -0.030584112 -0.10151996
v -0.130895 -0.030577153 -0.09376189
v -0.12978174 -0.030570194 -0.10428225
v -0.116269484 -0.030570194 -0.118977346
v -0.11953969 -0.030556276 -0.107830785
v -0.10667451 -0.030577153 -0.120633334
v -0.10273634 -0.030577153 -0.13081275
v -0.072372034 -0.030584112 -0.14978
v -0.08808996 -0.030312747 -0.14145139
v -0.09213944 -0.030556276 -0.13202342
v -0.076713786 -0.030577153 -0.14156967
v -0.0528412 -0.030577153 -0.15793467
v -0.06050186 -0.030563235 -0.14918858
v -0.0430723 -0.030584112 -0.1551515
v -0.048576012 -0.030570194 -0.16302785
v -0.04777585 -0.030584112 -0.16901165
v -0.026053265 -0.030591056 -0.15889487
v -0.1989155 -0.013592899 -0.01899919
v -0.19604884 -0.013592899 0.04520838
v -0.20089848 -0.013634637 -0.009898245
v -0.18788023 -0.013592899 -0.0103018135
v -0.1831628 -0.013599858 0.043301895
v -0.19155402 -0.013592899 0.054747656
v -0.17965598 -0.013599858 0.048346385
v -0.17279549 -0.013578981 0.051881
v -0.17820181 -0.013502449 0.063424185
v -0.18454741 -0.0137946755 0.060842797
v -0.18655129 -0.01358594 -0.01590988
v -0.18641908 -0.0136555135 -0.014441758
v -0.18408819 -0.013850346 -0.017176226
v -0.18659304 -0.0135650635 -0.03153734
v -0.17914112 -0.0135650635 -0.021093518
v -0.19330741 -0.0136555135 -0.026917294
v 0.09572403 0.053168222 -0.09939779
v 0.08555852 0.04557018 -0.100191
v 0.08559331 0.060654923 -0.10013534
v 0.09543179 0.04177116 -0.099683076
v 0.084647045 0.041854665 -0.100782424
v 0.09226595 0.034493193 -0.102619305
v 0.081648186 0.037805155 -0.10288371
v 0.08816774 0.03061764 -0.106174804
v 0.076388 0.03640662 -0.1052981
v 0.08246225 0.028412 -0.11076006
v 0.067454055 0.028405026 -0.120382845
v 0.0629662 0.036323115 -0.113814585
v 0.05355911 0.028412 -0.12718073
v 0.049189553 0.03640662 -0.12032718
v 0.038975343 0.028405026 -0.13237828
v 0.034918875 0.036246583 -0.12539254
v 0.023925394 0.028412 -0.13590594
v 0.019743681 0.036218747 -0.12868363
v 0.008562326 0.028405026 -0.13773587
v 0.0065445304 0.036392704 -0.1298804
v -0.006905094 0.028412 -0.13782632
v -0.011003301 0.03640662 -0.12951162
v -0.022295997 0.028412 -0.13618425
v -0.025893226 0.036357924 -0.12744513
v -0.037373766 0.028405026 -0.1328375
v -0.040609196 0.036086544 -0.12382701
v -0.051985368 0.028405026 -0.12782781
v -0.054657206 0.03640662 -0.11794062
v -0.065991625 0.028405026 -0.12119692
v -0.06835733 0.03640662 -0.11055133
v -0.07911424 0.028405026 -0.11306313
v -0.08115293 0.036413565 -0.10154779
v -0.09131841 0.028412 -0.10346122
v -0.09236209 0.036037847 -0.09199458
v -0.102277115 0.028391108 -0.09263471
v -0.1024441 0.03640662 -0.08001307
v -0.11201818 0.028405026 -0.080590576
v -0.111044094 0.03640662 -0.06755842
v -0.120284185 0.028412 -0.067641914
v -0.11803679 0.03640662 -0.054428846
v -0.12715162 0.028405026 -0.05362174
v -0.124027535 0.036399648 -0.03902404
v -0.1323631 0.028405026 -0.039044917
v -0.12761085 0.036302254 -0.025344804
v -0.13589771 0.028412 -0.023988008
v -0.12978174 0.036218747 -0.010225266
v -0.13772766 0.028412 -0.008645833
v -0.12991391 0.03638576 0.004880339
v -0.13783203 0.028405026 0.0068285614
v -0.12853627 0.036267474 0.020347774
v -0.13620387 0.028405026 0.022191629
v -0.12492509 0.036413565 0.03674756
v -0.13271795 0.028391108 0.037895605
v -0.13085325 0.029302582 0.043914214
v -0.12439631 0.038111314 0.041694626
v -0.12795876 0.034514055 0.051727936
v -0.1237701 0.04149981 0.045006588
v -0.12626101 0.042237356 0.055700883
v -0.12342219 0.04536839 0.046119854
v -0.12613578 0.053168222 0.05596529
v -0.12338741 0.06063406 0.04613377
v -0.050642505 -0.03859265 -0.18395028
v -0.070674315 -0.038481325 -0.19295381
v -0.05508165 -0.02763395 -0.17379174
v -0.07276864 -0.027592212 -0.18200903
v -0.07736783 -0.038578734 -0.1921954
v -0.15329944 -0.038585693 -0.1390509
v -0.14614673 -0.027592212 -0.13063183
v -0.15634702 -0.038585693 -0.13518927
v -0.1571611 -0.038585693 -0.13025612
v -0.15546335 -0.038613528 -0.11047479
v -0.1444629 -0.027682662 -0.11118449
v 0.0032812804 -0.013453737 0.21038906
v -0.004407212 0.0005246997 0.19899203
v 0.0399912 -0.018254697 0.18465872
v 0.01633431 -0.0023141354 0.1848466
v 0.039636344 -0.0077830404 0.17250328
v 0.041876793 -0.019973293 0.18384467
v 0.036073893 -0.004638076 0.17141785
v 0.048869476 -0.0059392005 0.1691565
v 0.0543036 -0.021775395 0.18965451
v 0.042231634 -0.036922753 0.18407427
v 0.041876793 -0.019973293 0.18384467
v 0.053837433 -0.038383916 0.18955709
v 0.029011622 -0.007748261 -0.18476436
v 0.01576376 -0.005779162 -0.17550337
v 0.009112 -0.019966334 -0.1881946
v 0.020648211 -0.02183801 -0.19627273
v 0.009480774 -0.036915794 -0.18849379
v 0.027766153 -0.05241801 -0.18477827
v 0.019952416 -0.038523078 -0.19585526
v 0.020105496 -0.05138825 -0.17930935
v 0.0111297965 -0.04457645 -0.18013039
v 0.00793612 -0.035176322 -0.18850075
v -0.14437942 -0.014685288 -0.11080877
v -0.1553242 -0.0036013424 -0.109486766
v -0.14613281 -0.014608756 -0.13061792
v -0.15711935 -0.003712669 -0.13148767
v -0.15771078 -0.0035874248 -0.13662955
v -0.15471886 -0.0037752837 -0.1378124
v -0.07279648 -0.014539167 -0.18205774
v -0.07803579 -0.0037683398 -0.1915344
v -0.07601102 -0.0035874248 -0.19346175
v -0.07375665 -0.0036987513 -0.19296773
v -0.07375665 -0.0036987513 -0.19296773
v -0.06922011 -0.0035943836 -0.19248763
v -0.07601102 -0.0035874248 -0.19346175
v -0.04976581 -0.0036083013 -0.18339364
v -0.054796353 -0.014706165 -0.17359692
v -0.15771078 -0.0035874248 -0.13662955
v -0.15711935 -0.003712669 -0.13148767
v -0.16126625 -0.0035943836 -0.1493347
v -0.16674908 -0.0036013424 -0.14325348
v -0.16971315 -0.0035874248 -0.13551629
v -0.16858597 -0.0036083013 -0.10831088
v -0.1553242 -0.0036013424 -0.109486766
v -0.084304854 -0.0035943836 -0.20320281
v -0.06545587 -0.0035874248 -0.20503274
v -0.07500909 -0.0037265867 -0.20625037
v -0.06922011 -0.0035943836 -0.19248763
v -0.044206426 -0.0036083013 -0.19521514
v -0.04976581 -0.0036083013 -0.18339364
v 0.15849826 0.03855662 -0.029011622
v 0.16004291 0.038549647 -0.019110516
v 0.12224061 0.056389734 -0.02117005
v 0.12301989 0.056368843 -0.015840307
v 0.16271475 0.003356561 -0.029839605
v 0.16004291 0.038549647 -0.019110516
v 0.15849826 0.03855662 -0.029011622
v 0.16419679 0.0035305172 -0.019444495
v 0.16425245 -0.0051599145 -0.019444495
v 0.16264516 -0.005145997 -0.029902235
v 0.16943608 -0.019604534 -0.02579707
v 0.16776618 -0.019521028 -0.03485626
v 0.17058414 -0.019486248 -0.016299516
v 0.16967265 -0.02554658 -0.023918435
v 0.16590843 -0.025588334 -0.042809144
v 0.1712521 -0.025588334 -0.005730465
v 0.16718867 -0.01947233 -0.037444606
v 0.17076504 -0.019395784 -0.0135650635
v 0.16489953 -0.019625396 -0.046754286
v 0.16051605 -0.0052016675 -0.039810285
v 0.15983418 -0.025602236 -0.062138215
v 0.16210246 -0.019548863 -0.055521235
v 0.15965328 -0.01965323 -0.06268093
v 0.15770505 -0.0051947087 -0.04995492
v 0.16051605 0.0034887642 -0.039824203
v 0.15765634 0.0033496022 -0.049947962
v 0.15372513 0.038494006 -0.048528552
v 0.15638305 0.03855662 -0.038905755
v 0.1713356 -0.019639313 -0.0043388754
v 0.16514306 -0.0051112026 -0.009313777
v 0.17126602 -0.019527987 0.0050890893
v 0.17084157 -0.025560498 0.013201997
v 0.16537267 -0.0051042438 0.0012065768
v 0.16517785 0.0033496022 -0.009272039
v 0.16533789 0.003495723 0.0012204796
v 0.16116314 0.038542703 0.0010326207
v 0.1609196 0.038549647 -0.008986756
v 0.17116861 -0.019541904 0.007837459
v 0.17052847 -0.019625396 0.017293245
v 0.16819757 -0.025609195 0.03340082
v 0.1650039 -0.0051042438 0.01133728
v 0.16928302 -0.019527987 0.026498571
v 0.16825324 -0.019827187 0.033936575
v 0.16392542 -0.0051529557 0.021829799
v 0.16505261 0.0031965375 0.011385992
v 0.16386977 0.0036488026 0.021836773
v 0.15979242 0.038514867 0.021134004
v 0.16075262 0.03855662 0.01115638
v -0.1701654 0.0004968643 -0.103342935
v -0.16918434 -0.00037287176 -0.09460381
v -0.16760491 -0.003162995 -0.07017459
v -0.16549666 -0.0011382401 -0.08836256
v -0.15804474 -0.0010547489 -0.08759719
v -0.15225576 -0.00030329823 -0.094638586
v -0.15021013 -0.0025854856 -0.06952055
v -0.15773164 -0.0044710785 -0.050344557
v -0.16622724 -0.004770264 -0.052932903
v -0.16919132 -0.0055217296 -0.046656862
v -0.16662385 -0.005960077 -0.039719835
v -0.16246997 -0.0059809536 -0.031899154
v -0.17409663 -0.006189689 -0.04207161
v 0.0543036 -0.021775395 0.18965451
v 0.041876793 -0.019973293 0.18384467
v 0.060656175 -0.007824793 0.17696328
v 0.047686636 -0.006064445 0.17088209
v 0.039636344 -0.0077830404 0.17250328
v -0.17929418 -0.027654827 -0.108338706
v -0.16834246 -0.03859961 -0.1094311
v -0.17029761 -0.03846045 -0.12997085
v -0.18122153 -0.027578294 -0.13017958
v -0.16945572 -0.03860657 -0.13695657
v -0.18043528 -0.02763395 -0.13791677
v -0.17788173 -0.027613074 -0.14547306
v -0.16535752 -0.03859265 -0.14519474
v -0.1736861 -0.027571335 -0.15242401
v -0.16802932 -0.027592212 -0.15801817
v -0.16084181 -0.038578734 -0.14964084
v -0.09105401 -0.027592212 -0.21192802
v -0.083602086 -0.03859265 -0.20366202
v -0.08568947 -0.027592212 -0.21453027
v -0.0798309 -0.027599156 -0.21632542
v -0.07304697 -0.03859265 -0.20620862
v -0.07380538 -0.027585253 -0.21699338
v -0.06736235 -0.027626991 -0.21663852
v -0.06425215 -0.03859265 -0.20449002
v -0.060279205 -0.027592212 -0.21478076
v -0.045145765 -0.038627446 -0.19555607
v -0.040323928 -0.027654827 -0.205485
v 0.034056097 -0.013572022 -0.18610723
v 0.027529582 -0.024391562 -0.19495769
v 0.03385432 -0.024607256 -0.19941771
v 0.039580673 -0.013801634 -0.19024718
v 0.040457368 -0.024544641 -0.20245135
v 0.046462044 -0.013578981 -0.19277987
v 0.046691656 -0.024593353 -0.2038986
v 0.05274503 -0.024565518 -0.20428824
v 0.054254904 -0.01358594 -0.1932043
v 0.058805376 -0.024586394 -0.20353678
v 0.060398728 -0.013732061 -0.19184054
v 0.0646013 -0.024579436 -0.2018669
v 0.10979987 -0.0136068165 -0.16863593
v 0.11327882 -0.024579436 -0.17915627
v 0.11936004 -0.024565518 -0.1749398
v 0.11688302 -0.013592899 -0.1613023
v 0.12393138 -0.024593353 -0.17004839
v 0.12713201 -0.024572477 -0.16530308
v 0.1305066 -0.024593353 -0.15705101
v 0.119965374 -0.013620734 -0.15354422
v 0.1316129 -0.02439852 -0.14646107
v 0.120689 -0.013578981 -0.14585574
v 0.10979987 -0.0136068165 -0.16863593
v 0.054254904 -0.01358594 -0.1932043
v 0.060398728 -0.013732061 -0.19184054
v 0.10198614 -0.013592899 -0.15796946
v 0.11688302 -0.013592899 -0.1613023
v 0.120689 -0.013578981 -0.14585574
v 0.119965374 -0.013620734 -0.15354422
v 0.106508784 -0.013634637 -0.1531685
v 0.107837744 -0.013537228 -0.1446729
v 0.05369827 -0.013599858 -0.18042958
v 0.034056097 -0.013572022 -0.18610723
v 0.046462044 -0.013578981 -0.19277987
v 0.039580673 -0.013801634 -0.19024718
v 0.047039554 -0.013613775 -0.17931631
v 0.041431487 -0.013530269 -0.17557296
v 0.15431656 0.003537476 -0.059647277
v 0.15029489 0.038542703 -0.058102623
v 0.14398406 0.038542703 -0.072352424
v 0.1451669 0.0034122318 -0.07918508
v 0.1363234 0.038542703 -0.085920334
v 0.1486876 -0.013509408 -0.07256812
v 0.1542748 -0.013551146 -0.05950117
v 0.14195931 -0.006746322 -0.08477923
v 0.13574591 -0.0015835464 -0.09452726
v 0.13482049 0.0034191906 -0.09574489
v 0.12736163 0.03853573 -0.09872289
v 0.12260938 0.003405273 -0.11095488
v 0.12301989 -0.0043875873 -0.11073223
v 0.1086379 -0.00536865 -0.12464108
v 0.117223956 0.03850095 -0.1105722
v 0.108672686 0.003405273 -0.124627165
v 0.10605652 0.03852181 -0.121301286
v 0.1371027 -0.0024672002 -0.09456901
v 0.16724434 0.000740394 -0.08006874
v 0.1613997 -0.0133354515 -0.06724532
v 0.15069845 -0.0145739615 -0.072255
v 0.15559681 -0.024210662 0.12966345
v 0.14412323 -0.013558105 0.12260811
v 0.15510976 -0.024384603 0.121279165
v 0.14431804 -0.013620734 0.13434611
v 0.15506801 -0.024628133 0.13653786
v 0.15247968 -0.024530724 0.14430289
v 0.14079735 -0.013578981 0.14289738
v 0.14815882 -0.024579436 0.15126078
v 0.14280817 -0.024586394 0.15668099
v 0.13528669 -0.013592899 0.14851938
v 0.092655584 -0.0136555135 0.17845227
v 0.098541975 -0.024579436 0.18766455
v 0.091375336 -0.024614215 0.19106002
v 0.08759023 -0.01358594 0.18062316
v 0.08351986 -0.024544641 0.1925977
v 0.07955386 -0.013578981 0.18179207
v 0.07542086 -0.024572477 0.1924655
v 0.07192102 -0.013787717 0.18043528
v 0.06800373 -0.024621174 0.19051729
v 0.061045825 -0.024454191 0.18725403
v 0.06595114 -0.0135650635 0.177339
v -0.073854074 0.056375816 -0.08856434
v -0.054817244 0.056410596 -0.089573234
v -0.07583012 0.05632712 -0.083679885
v -0.06707011 0.056410596 -0.09141013
v -0.06294407 0.056396678 -0.09424895
v -0.057969168 0.056389734 -0.09964132
v -0.07100828 0.056396678 -0.09266254
v -0.07942735 0.056396678 -0.09525089
v -0.07524566 0.05640365 -0.09856981
v -0.06233178 0.056396678 -0.10719761
v -0.06283276 0.05641757 -0.09850718
v -0.06701444 0.056334063 -0.10453969
v -0.052562878 0.056389734 -0.09982224
v -0.049807534 0.05623664 -0.10415005
v -0.046189442 0.056459293 -0.10748289
v -0.05339782 0.05638276 -0.112005524
v -0.04849945 0.056375816 -0.11419031
v -0.040901437 0.056396678 -0.105005875
v -0.03868185 0.05640365 -0.0978114
v -0.03611438 0.056410596 -0.10960505
v -0.011260748 0.056410596 -0.123465195
v -0.03897409 0.05640365 -0.11771797
v -0.015449405 0.056410596 -0.10477626
v -0.020779163 0.056334063 -0.10284196
v -0.00901334 0.05616708 -0.1043727
v 0.017273635 0.056410596 -0.104985
v 0.0038657486 0.056410596 -0.12393138
v 0.016619593 0.05640365 -0.114496455
v 0.017927676 0.05638276 -0.12276245
v 0.021455333 0.056368843 -0.11053741
v 0.0038587898 0.056194916 -0.10471364
v 0.033088952 0.056389734 -0.10778208
v 0.026471987 0.05640365 -0.11353627
v 0.03102246 0.056389734 -0.112819605
v 0.027947053 0.05640365 -0.12083511
v 0.033081993 0.056410596 -0.11950615
v 0.039726794 0.056368843 -0.10814389
v 0.044611245 0.05640365 -0.1073646
v 0.042795226 0.056375816 -0.116465546
v 0.047756225 0.056396678 -0.114475586
v 0.039051875 0.056396678 -0.09748438
v 0.045898452 0.056396678 -0.10369779
v 0.049537435 0.05640365 -0.1016452
v 0.021671027 0.05625753 -0.10275847
v 0.0038587898 0.056194916 -0.10471364
v 0.05056721 0.056556717 -0.09272517
v 0.053726107 0.05640365 -0.10339163
v 0.058130458 0.05652888 -0.09811059
v 0.058227867 0.05640365 -0.10236883
v 0.061644197 0.05641757 -0.10760117
v 0.057003275 0.056368843 -0.110245176
v -0.16269262 0.003683582 0.029845312
v -0.16001384 0.038563564 0.019102305
v -0.15855266 0.038514867 0.029003397
v -0.16421641 0.0032800287 0.019422367
v -0.16426511 -0.011595979 0.019533694
v -0.1627274 -0.011811674 0.029747888
v 0.02482295 0.038584456 -0.15911752
v 0.009877369 0.03853573 -0.16084307
v 0.025609195 0.0037392527 -0.16334793
v 0.00618273 0.003405273 -0.16524743
v 0.025706619 -0.0053477734 -0.16332704
v -0.006244093 0.038528785 -0.16102397
v 0.006829813 -0.0045058727 -0.16533092
v -0.013320282 0.0034122318 -0.164823
v -0.014934525 -0.001694873 -0.16473949
v -0.021774128 0.038528785 -0.15966022
v -0.02620633 -0.005918324 -0.16323659
v -0.032649353 0.003405273 -0.16210246
v -0.03707458 0.03853573 -0.1568214
v -0.033679113 -0.011387244 -0.16203287
v -0.05348827 0.00345397 -0.15656397
v -0.05209671 0.038549647 -0.15248662
v -0.053460434 -0.013697267 -0.15665442
v 0.02482295 0.038584456 -0.15911752
v 0.017927676 0.05638276 -0.12276245
v 0.009877369 0.03853573 -0.16084307
v 0.004491955 0.04891692 -0.13945447
v 0.0025437474 0.04424818 -0.14923728
v -0.00045511127 0.052848145 -0.1313833
v -0.0039340705 0.041437194 -0.15508889
v -0.0071834177 0.054476306 -0.12779997
v -0.006244093 0.038528785 -0.16102397
v -0.011566892 0.040282175 -0.15710667
v -0.021774128 0.038528785 -0.15966022
v -0.021064445 0.04085271 -0.15490797
v -0.026992574 0.043232337 -0.14896592
v -0.03707458 0.03853573 -0.1568214
v -0.029337391 0.04618247 -0.14224458
v -0.014690995 0.054559812 -0.12695807
v -0.027423963 0.049967572 -0.13459784
v -0.025106981 0.05625753 -0.12176051
v -0.022226408 0.05287598 -0.12944204
v -0.05209671 0.038549647 -0.15248662
v -0.07388191 0.08639918 0.07199632
v -0.067167535 0.08637829 0.087289795
v -0.06122546 0.086260006 0.08315678
v -0.09631421 0.08640613 0.05374573
v -0.0842631 0.08640613 0.059263334
v -0.0757675 0.086385265 0.08017184
v -0.0928909 0.0864131 0.044839606
v -0.09039302 0.08631568 0.06334068
v -0.083783016 0.08600257 0.07226072
v -0.10510202 0.086385265 0.033345148
v -0.099041685 0.0862809 0.029059067
v -0.061274186 0.044366464 0.08321245
v -0.06122546 0.086260006 0.08315678
v -0.067167535 0.08637829 0.087289795
v -0.08556424 0.045020506 0.10020368
v -0.085536405 0.060731456 0.10012017
v -0.083852574 0.040031686 0.10147001
v -0.05952774 0.03996907 0.084722325
v -0.057308182 0.037485108 0.08699061
v -0.07988657 0.037081525 0.10377307
v -0.05490072 0.03642054 0.08950935
v -0.07597624 0.03640662 0.105533406
v -0.034854993 0.036413565 0.12523125
v -0.062846676 0.03638576 0.11380638
v -0.049299613 0.036176994 0.12054859
v -0.037756458 0.0364414 0.09815107
v -0.032127514 0.0366223 0.1129923
v -0.024341598 0.036413565 0.11081447
v -0.021321878 0.03638576 0.10292421
v -0.0268047 0.0364414 0.12618448
v -0.02617155 0.0364414 0.1180159
v -0.019923344 0.035961315 0.12891199
v -0.005965784 0.036392704 0.12989305
v -0.019972041 0.03642054 0.12191929
v -0.013862997 0.036469236 0.124570265
v -0.013946503 0.036552742 0.1184821
v -0.009416893 0.03640662 0.111245856
v -0.017028853 0.03642054 0.110431775
v -0.008296683 0.03649707 0.10458018
v 0.008868471 0.036462292 0.10474719
v 0.027661785 0.036413565 0.101303026
v 0.025894478 0.03640662 0.12738125
v 0.010642737 0.03633009 0.12962864
v 0.054526255 0.03640662 0.11800198
v 0.04049912 0.036121354 0.12383272
v 0.03902404 0.036413565 0.09747617
v 0.05522901 0.036413565 0.089439794
v 0.068546444 0.03640662 0.11044569
v 0.07477377 0.03640662 0.07454987
v 0.10169391 0.036413565 0.08096506
v 0.08580901 0.036413565 0.060550556
v 0.080841064 0.03617005 0.10211013
v 0.09232856 0.035975233 0.09213944
v 0.09216854 0.036413565 0.050315484
v 0.11089922 0.03640662 0.067800686
v 0.0999753 0.036413565 0.032649353
v 0.11808674 0.03640662 0.054351047
v 0.10763596 0.036413565 0.029400006
v 0.10390653 0.036413565 0.015261546
v 0.109612 0.0364414 0.021683678
v 0.11678561 0.036427483 0.027423963
v 0.12184401 0.036434457 0.029650494
v 0.12752861 0.036378786 0.0253018
v 0.123945296 0.036100462 0.040240422
v 0.12144741 0.03642054 0.022887394
v 0.12767473 0.036413565 0.017905548
v 0.12976211 0.036246583 0.0102240145
v 0.12991518 0.036392704 -0.0049650967
v 0.12505856 0.03640662 -0.035990402
v 0.12856534 0.036246583 -0.020342067
v 0.10273759 0.036434457 -0.021768436
v 0.124627165 0.037575558 -0.04073569
v 0.11701522 0.036413565 0.008241013
v 0.1199445 0.0364414 0.015825137
v 0.10506849 0.03640662 -0.002933383
v 0.11258999 0.036427483 0.015024975
v 0.10013534 0.03934981 -0.026632011
v 0.123973124 0.040066466 -0.04383196
v 0.123465195 0.044115975 -0.046141982
v 0.09919602 0.04466565 -0.029143825
v -0.005381316 -0.044214636 0.19917293
v 0.021392703 -0.047985822 0.17981602
v -0.015108466 -0.044089407 0.1853754
v -0.0055274367 -0.04530704 0.17892541
v 0.018616512 -0.0476449 0.1774921
v 0.18327537 -0.027640909 -0.101199895
v 0.17884317 -0.038620487 -0.09113181
v 0.19975865 -0.038585693 -0.08130725
v 0.20320281 -0.027585253 -0.09191805
v 0.2093188 -0.027606115 -0.08765285
v 0.20631298 -0.038543954 -0.07459982
v 0.21365358 -0.027585253 -0.08296323
v 0.2171395 -0.027564377 -0.07777959
v 0.20896396 -0.03859265 -0.06883171
v 0.2202775 -0.028218418 -0.06885259
v 0.21823885 -0.03859265 0.02980356
v 0.22906534 -0.027592212 0.02723609
v 0.22864091 -0.027585253 0.033087686
v 0.2270893 -0.027571335 0.03965597
v 0.2148573 -0.038585693 0.040240422
v 0.22381213 -0.027592212 0.046398178
v 0.21786311 -0.027536541 0.05394055
v 0.20932576 -0.03859265 0.046523407
v 0.19807483 -0.027640909 0.067835495
v 0.19196579 -0.03859961 0.05865802
v -0.15546335 -0.038613528 -0.11047479
v -0.1529933 -0.04407549 -0.10581299
v -0.14279996 -0.033791706 -0.10655749
v -0.1444629 -0.027682662 -0.11118449
v -0.14028122 -0.028733298 -0.1075803
v -0.13911922 -0.01975064 -0.10671752
v -0.14437942 -0.014685288 -0.11080877
v -0.13893832 -0.01334241 -0.10614697
v -0.13804771 -0.025616154 -0.106668815
v -0.13416521 -0.019729763 -0.106968
v -0.13383819 -0.025602236 -0.10724632
v 0.009480774 -0.036915794 -0.18849379
v 0.019952416 -0.038523078 -0.19585526
v 0.020648211 -0.02183801 -0.19627273
v 0.009112 -0.019966334 -0.1881946
v -0.17383222 -0.040951386 -0.015422821
v -0.17808352 -0.048584208 -0.02171278
v -0.18572329 -0.04857029 -0.016160369
v -0.1767476 -0.037583753 -0.009258121
v -0.17391573 -0.038237795 -0.011401162
v -0.033247724 -0.013453737 -0.20772545
v -0.033700004 -0.030159667 -0.20791331
v 0.0071846694 -0.01824078 -0.18886256
v 0.00793612 -0.035176322 -0.18850075
v 0.009112 -0.019966334 -0.1881946
v 0.009480774 -0.036915794 -0.18849379
v 0.13922486 -0.035169363 -0.12729204
v 0.18095838 -0.030173585 -0.10779599
v 0.18056874 -0.013453737 -0.1080256
v 0.1391344 -0.018352106 -0.12732685
v 0.13849428 -0.036164343 -0.12783477
v -0.04616855 0.0007264763 -0.17955984
v -0.014600545 -0.0025994033 -0.16549791
v -0.026693389 -0.0072820783 -0.16448902
v -0.052270636 -0.013377205 -0.16684775
v -0.041172788 -0.014706165 -0.1615319
v -0.033679113 -0.011387244 -0.16203287
v 0.03385432 -0.024607256 -0.19941771
v 0.027529582 -0.024391562 -0.19495769
v 0.027355641 -0.037542015 -0.19493681
v 0.036073893 -0.03768812 -0.20067012
v 0.040457368 -0.024544641 -0.20245135
v 0.044687778 -0.037590712 -0.20358549
v 0.046691656 -0.024593353 -0.2038986
v 0.050775945 -0.037590712 -0.20424649
v 0.05274503 -0.024565518 -0.20428824
v 0.05706589 -0.037639424 -0.2038986
v 0.058805376 -0.024586394 -0.20353678
v 0.06437865 -0.037576795 -0.20197126
v 0.0646013 -0.024579436 -0.2018669
v 0.11339015 -0.037583753 -0.1791215
v 0.11327882 -0.024579436 -0.17915627
v 0.11936004 -0.024565518 -0.1749398
v 0.11965922 -0.037535056 -0.17471018
v 0.12393138 -0.024593353 -0.17004839
v 0.12384789 -0.037590712 -0.17015275
v 0.12713201 -0.024572477 -0.16530308
v 0.12732685 -0.037542015 -0.1650039
v 0.1305066 -0.024593353 -0.15705101
v 0.1304231 -0.037917733 -0.1566405
v 0.13188426 -0.037235856 -0.14578617
v 0.1316129 -0.02439852 -0.14646107
v 0.17933719 -0.044096366 0.049209163
v 0.18451387 -0.03859265 0.048075035
v 0.17324206 -0.032511443 0.039906457
v 0.17803606 -0.02763395 0.039210662
v 0.17078592 -0.025630072 0.03774254
v 0.17116165 -0.019194007 0.03799303
v 0.17769513 -0.014678329 0.03938462
v 0.17061894 -0.013363287 0.038180873
v 0.06832379 -0.03761159 0.19061472
v 0.06469177 -0.048549414 0.17698418
v 0.060377866 -0.037242815 0.18716358
v 0.072053224 -0.048591167 0.18026133
v 0.07555306 -0.03803602 0.19224982
v 0.08205174 -0.0484868 0.18177815
v 0.08352682 -0.037583753 0.19265337
v 0.09041515 -0.048591167 0.179823
v 0.09133358 -0.037618548 0.19100435
v 0.0984724 -0.037583753 0.18772717
v 0.13682437 -0.048584208 0.14742698
v 0.1426551 -0.03759767 0.15677144
v 0.14795703 -0.037569836 0.15155302
v 0.14176449 -0.048598126 0.14106049
v 0.15256315 -0.037555933 0.14430983
v 0.14479813 -0.04857029 0.13252313
v 0.1551863 -0.037576795 0.13603689
v 0.15574989 -0.03759767 0.12928076
v 0.15520021 -0.037402853 0.12077819
v 0.14431109 -0.048556373 0.12126525
v -0.051310465 -0.03375691 -0.17063284
v -0.0470383 -0.04410331 -0.1799147
v -0.050642505 -0.03859265 -0.18395028
v -0.05508165 -0.02763395 -0.17379174
v -0.053133413 -0.02863589 -0.16858722
v 0.0031003803 -0.030131847 0.21049343
v 0.0032812804 -0.013453737 0.21038906
v 0.0399912 -0.018254697 0.18465872
v 0.040777445 -0.035218075 0.18409513
v 0.041876793 -0.019973293 0.18384467
v 0.042231634 -0.036922753 0.18407427
v 0.08148119 0.038514867 -0.13905787
v 0.08293539 0.0358987 -0.13387424
v 0.064789176 0.052270636 -0.10483193
v 0.061644197 0.05641757 -0.10760117
v 0.06005779 0.054204956 -0.10066414
v 0.058227867 0.05640365 -0.10236883
v 0.08148119 0.038514867 -0.13905787
v 0.0848836 0.0031199902 -0.13770804
v 0.08293539 0.0358987 -0.13387424
v 0.0837286 0.0032939464 -0.14259943
v 0.08461921 -0.012577042 -0.13852906
v 0.08366597 -0.011540309 -0.14268294
v 0.08649784 -0.020571679 -0.14721254
v -0.10510202 0.086385265 0.033345148
v -0.099041685 0.0862809 0.029059067
v -0.09897907 0.045166627 0.028989479
v -0.12338741 0.06063406 0.04613377
v -0.12342219 0.04536839 0.046119854
v -0.1237701 0.04149981 0.045006588
v -0.09971662 0.041207567 0.027904049
v -0.12439631 0.038111314 0.041694626
v -0.101066455 0.037714705 0.024682537
v -0.12492509 0.036413565 0.03674756
v -0.10293813 0.036413565 0.02079308
v -0.12770827 0.03642054 -0.0179068
v -0.12991391 0.03638576 0.004880339
v -0.12853627 0.036267474 0.020347774
v -0.12978174 0.036218747 -0.010225266
v -0.12761085 0.036302254 -0.025344804
v -0.124027535 0.036399648 -0.03902404
v -0.11702092 0.036413565 -0.008200526
v -0.11993627 0.036434457 -0.015812472
v -0.10507421 0.036413565 0.0025424957
v -0.11259569 0.03642054 -0.015019268
v -0.103849605 0.036413565 -0.015652433
v -0.12139048 0.03642054 -0.022937372
v -0.12180798 0.036517933 -0.03102246
v -0.11508663 0.036413565 -0.02663897
v -0.10748859 0.036490127 -0.029484749
v -0.11803679 0.03640662 -0.054428846
v -0.097413555 0.036413565 -0.039232776
v -0.111044094 0.03640662 -0.06755842
v -0.10123344 0.036413565 -0.027863562
v -0.10959683 0.03642054 -0.02183801
v -0.089224085 0.036413565 -0.05560474
v -0.1024441 0.03640662 -0.08001307
v -0.08115293 0.036413565 -0.10154779
v -0.09236209 0.036037847 -0.09199458
v -0.07830016 0.036413565 -0.06997281
v -0.064488724 0.036413565 -0.08308847
v -0.06835733 0.03640662 -0.11055133
v -0.054657206 0.03640662 -0.11794062
v -0.050120667 0.036413565 -0.09227291
v -0.039092377 0.036413565 -0.09747742
v -0.020758286 0.036413565 -0.103106365
v -0.011003301 0.03640662 -0.12951162
v -0.0038853586 0.036413565 -0.104929335
v 0.008534506 0.036413565 -0.10466494
v -0.025893226 0.036357924 -0.12744513
v -0.040609196 0.036086544 -0.12382701
v 0.009181589 0.03642054 -0.111156665
v 0.0065445304 0.036392704 -0.1298804
v 0.017071843 0.036434457 -0.11044
v 0.021190926 0.036399648 -0.10290459
v 0.014379144 0.036427483 -0.11725179
v 0.013168469 0.037297234 -0.12438364
v 0.024426356 0.03642054 -0.110920094
v 0.03935106 0.03640662 -0.09752612
v 0.029060319 0.036427483 -0.11384241
v 0.05502723 0.03642054 -0.08941321
v 0.076388 0.03640662 -0.1052981
v 0.081648186 0.037805155 -0.10288371
v 0.05788693 0.037999973 -0.08625431
v 0.049189553 0.03640662 -0.12032718
v 0.0629662 0.036323115 -0.113814585
v 0.026840746 0.036427483 -0.12615791
v 0.019875884 0.036427483 -0.12193446
v 0.034918875 0.036246583 -0.12539254
v 0.019743681 0.036218747 -0.12868363
v -0.17391573 -0.038237795 -0.011401162
v -0.16674213 -0.03161387 -0.016042084
v -0.17134826 -0.03860657 -0.032970667
v -0.16369458 -0.031592995 -0.035447687
v -0.16612984 -0.038488284 -0.05298856
v -0.15899797 -0.031926975 -0.053733066
v -0.15872662 -0.03859961 -0.072470695
v -0.15152518 -0.031599954 -0.071378306
v -0.14938216 -0.03846045 -0.08991417
v -0.14252166 -0.031599954 -0.087910295
v -0.14247991 -0.030598015 -0.102626264
v -0.14030905 -0.030584112 -0.07894851
v -0.1419511 -0.031592995 -0.078030065
v -0.13731019 -0.025581375 -0.07406406
v -0.15000837 -0.031579092 -0.061184973
v -0.12772913 -0.025567457 -0.089566275
v -0.14501257 -0.025574416 -0.057525113
v -0.130895 -0.030577153 -0.09376189
v -0.15618698 -0.031586036 -0.043045714
v -0.11638777 -0.025574416 -0.10387869
v -0.15064152 -0.025574416 -0.04055479
v -0.11953969 -0.030556276 -0.107830785
v -0.16020168 -0.031579092 -0.024141088
v -0.15431531 -0.02555354 -0.022860825
v -0.16192727 -0.031592995 -0.005083382
v -0.15592955 -0.02555354 -0.0047563612
v -0.16137756 -0.031586036 0.014294386
v -0.15542857 -0.025560498 0.013452485
v -0.15859441 -0.031586036 0.033122495
v -0.15277065 -0.025560498 0.031598702
v -0.103613034 -0.025574416 -0.116632536
v -0.10667451 -0.030577153 -0.120633334
v -0.09213944 -0.030556276 -0.13202342
v -0.08950241 -0.025574416 -0.1277791
v -0.076713786 -0.030577153 -0.14156967
v -0.07422979 -0.025560498 -0.13721402
v -0.06050186 -0.030563235 -0.14918858
v -0.057669982 -0.025567457 -0.14495122
v -0.0430723 -0.030584112 -0.1551515
v -0.04043524 -0.025567457 -0.15067756
v -0.026053265 -0.030591056 -0.15889487
v -0.022762164 -0.025581375 -0.15433046
v -0.018030792 -0.031599954 -0.16120487
v -0.00451158 -0.02555354 -0.15595166
v 0.013975576 -0.031579092 -0.16141361
v 0.013613775 -0.025574416 -0.15541591
v 0.03177391 -0.031592995 -0.15886007
v 0.031516463 -0.02555354 -0.15277189
v 0.050448924 -0.031586036 -0.15394779
v 0.0489669 -0.025567457 -0.1481101
v 0.06840032 -0.031586036 -0.14686464
v 0.065888524 -0.025595292 -0.14142355
v 0.081926495 -0.025581375 -0.132754
v 0.085405454 -0.031592995 -0.13766629
v 0.09678163 -0.025574416 -0.12233106
v 0.10117902 -0.031599954 -0.12654755
v 0.110328674 -0.025581375 -0.11027996
v 0.1154149 -0.031592995 -0.11370326
v 0.12240064 -0.025588334 -0.09671205
v 0.12805046 -0.031592995 -0.09925865
v 0.13278183 -0.025581375 -0.08188474
v 0.13850123 -0.030598015 -0.08212131
v 0.14134006 -0.025581375 -0.06600681
v 0.1466559 -0.030570194 -0.06642428
v 0.14801964 -0.025595292 -0.049314782
v 0.1532033 -0.030577153 -0.049495697
v 0.15277189 -0.025588334 -0.03161387
v 0.15777463 -0.030584112 -0.0322053
v 0.15541591 -0.025581375 -0.013467655
v 0.16041863 -0.030577153 -0.013968617
v 0.16094744 -0.030584112 0.004281968
v 0.15593079 -0.025574416 0.0045324564
v 0.15936103 -0.030618891 0.023541436
v 0.15436527 -0.025574416 0.022490814
v 0.15585425 -0.030577153 0.04043524
v 0.15074715 -0.025581375 0.04016389
v 0.15062886 -0.030598015 0.0569046
v 0.14505559 -0.025567457 0.057384714
v 0.14327437 -0.031586036 0.0756353
v 0.13743667 -0.025595292 0.07383321
v 0.15136641 -0.031586036 0.05810137
v 0.16848981 -0.03170432 0.046342507
v 0.17018059 -0.030591056 0.042974874
v 0.13331065 -0.031579092 0.09205596
v 0.1278626 -0.025595292 0.08939107
v 0.12148219 -0.031586036 0.10718246
v 0.11659774 -0.025581375 0.103633925
v 0.108011685 -0.031586036 0.12074341
v 0.10382998 -0.025574416 0.11642949
v 0.089329705 -0.02555354 0.12789614
v 0.09294087 -0.031579092 0.13269709
v 0.07386924 -0.025567457 0.13740759
v 0.07650629 -0.031586036 0.14281388
v 0.057330295 -0.025574416 0.14509608
v 0.05959162 -0.031579092 0.1506624
v 0.040137306 -0.025560498 0.15075286
v 0.04102096 -0.031586036 0.15673666
v 0.02237378 -0.025560498 0.15439878
v 0.022005007 -0.031592995 0.16052176
v 0.004408464 -0.025567457 0.15594347
v 0.0021332204 -0.030841544 0.16125931
v -0.013765588 -0.025581375 0.15541466
v -0.016632244 -0.030618891 0.16018777
v -0.031765684 -0.025574416 0.15276368
v -0.03351213 -0.030577153 0.15748115
v -0.04924397 -0.02555354 0.14802535
v -0.051039085 -0.030570194 0.15269412
v -0.065935984 -0.025602236 0.14142232
v -0.06764762 -0.030570194 0.14610498
v -0.084033504 -0.030591056 0.13735192
v -0.08173041 -0.025567457 0.13288496
v -0.09903474 -0.030584112 0.1269568
v -0.096780375 -0.025560498 0.12235068
v -0.11274876 -0.030577153 0.11494748
v -0.11031349 -0.025581375 0.11031349
v -0.12454243 -0.030591056 0.10205446
v -0.12226023 -0.025588334 0.096905604
v -0.12873803 -0.031606913 0.09895821
v -0.1328293 -0.025560498 0.081827834
v -0.14655028 -0.031586036 0.06903921
v -0.14131795 -0.025560498 0.06607513
v -0.15361257 -0.031586036 0.051505283
v -0.14807408 -0.02555354 0.049104795
v -0.17989953 -0.01990372 -0.055862173
v -0.17981602 -0.035204157 -0.05669017
v -0.18220259 -0.015388042 -0.08396517
v -0.18385161 -0.030124888 -0.10266106
v -0.18383075 -0.013843387 -0.10242449
v -0.14893685 0.03934981 0.05578439
v -0.14204155 0.039572462 0.071453586
v -0.15016143 0.03866099 0.05784394
v -0.14398976 0.038514867 0.07235117
v -0.13633607 0.038528785 0.08590518
v -0.13449223 0.039579436 0.084812775
v -0.12735341 0.03853573 0.09872858
v -0.12568353 0.03958638 0.09738572
v -0.11571284 0.039572462 0.10904716
v -0.11721574 0.03852181 0.110577896
v -0.10382177 0.040574417 0.12081994
v -0.15016143 0.03866099 0.05784394
v -0.15165041 0.0047620535 0.05417712
v -0.14893685 0.03934981 0.05578439
v -0.1528611 0.018086448 0.058873698
v -0.15428747 -0.0059948564 0.05956252
v -0.15361951 -0.006558448 0.0578648
v -0.15210964 -0.010496631 0.054225817
v -0.17279549 -0.013578981 0.051881
v -0.16746576 -0.007963955 0.052068874
v -0.17820181 -0.013502449 0.063424185
v -0.17454891 -0.007803917 0.06729974
v 0.100295365 -0.04097922 -0.14282209
v 0.10785861 -0.048598126 -0.14337873
v 0.10677318 -0.048542455 -0.15282062
v 0.09638503 -0.037576795 -0.14843017
v 0.09705299 -0.038307384 -0.14476335
v -0.17082642 -0.021371841 -0.01325196
v -0.17457671 -0.021587536 -0.014379144
v -0.17914112 -0.0135650635 -0.021093518
v -0.17396443 -0.007984817 -0.022192866
v -0.16793193 -0.018366024 -0.013815552
v 0.044945225 -0.040972263 -0.16863593
v 0.047088265 -0.04856333 -0.17932327
v 0.04051304 -0.048584208 -0.1747728
v 0.051736146 -0.037590712 -0.16926214
v 0.04856333 -0.0383213 -0.1674183
v 0.05360782 -0.048584208 -0.18046437
v 0.10241753 -0.048542455 -0.15771201
v 0.09638503 -0.037576795 -0.14843017
v 0.10677318 -0.048542455 -0.15282062
v -0.111879036 0.038528785 -0.115978494
v -0.08697669 0.05640365 -0.08841127
v -0.118892595 0.038542703 -0.10881881
v -0.09069221 0.056396678 -0.084591374
v -0.18383075 -0.013843387 -0.10242449
v -0.17932202 -0.014720082 -0.10777512
v -0.16858597 -0.0036083013 -0.10831088
v -0.1701654 0.0004968643 -0.103342935
v 0.13850123 -0.030598015 -0.08212131
v 0.15547854 -0.030604973 -0.06618075
v 0.16016816 -0.030542359 -0.072018445
v 0.1466559 -0.030570194 -0.06642428
v 0.15524891 -0.030584112 -0.059974298
v 0.1532033 -0.030577153 -0.049495697
v 0.16366798 -0.030563235 -0.031126827
v 0.15777463 -0.030584112 -0.0322053
v 0.1662285 -0.030584112 -0.005591303
v 0.16041863 -0.030577153 -0.013968617
v 0.16094744 -0.030584112 0.004281968
v 0.16590147 -0.030577153 0.012130484
v 0.15936103 -0.030618891 0.023541436
v 0.16327834 -0.030417114 0.034263596
v 0.15585425 -0.030577153 0.04043524
v 0.16559532 -0.030584112 0.039391562
v 0.17018059 -0.030591056 0.042974874
v 0.15062886 -0.030598015 0.0569046
v 0.18623944 -0.027626991 -0.06125456
v 0.18618377 -0.014601797 -0.06125456
v 0.19400445 -0.027585253 0.027973637
v 0.19401142 -0.014594838 0.027987555
v 0.079693004 0.038528785 0.14009334
v 0.0882234 0.03855662 0.13483317
v 0.09063779 0.0033983141 0.1383817
v 0.08162731 0.0035165995 0.14379494
v 0.08170384 -0.011568144 0.14381583
v 0.090568215 -0.011575103 0.13836081
v 0.06701571 0.056334063 0.10455932
v 0.0882234 0.03855662 0.13483317
v 0.079693004 0.038528785 0.14009334
v 0.06235391 0.056410596 0.107175484
v -0.12296297 -0.027626991 0.13460355
v -0.12123741 -0.027585253 0.15401612
v -0.122942105 -0.014692247 0.1341513
v -0.121223494 -0.014594838 0.15403004
v 0.16533789 0.003495723 0.0012204796
v 0.15737107 0.0358987 0.004922092
v 0.16116314 0.038542703 0.0010326207
v 0.16137883 0.0034818053 0.004956886
v 0.16537267 -0.0051042438 0.0012065768
v 0.16122577 -0.009654716 0.0051795393
v 0.15737107 0.0358987 0.004922092
v 0.12308251 0.052430674 0.0035722554
v 0.16116314 0.038542703 0.0010326207
v 0.12395921 0.05641757 -0.00040070713
v 0.11729354 0.051874056 0.004226297
v 0.11588108 0.056389734 -0.00047028065
v 0.19113085 -0.0036013424 0.05941643
v 0.21760568 -0.01452525 0.054031
v 0.19766432 -0.014706165 0.06820424
v 0.21131572 -0.0035874248 0.044860467
v 0.223833 -0.014643535 0.04647471
v 0.21562962 -0.0035874248 0.038473114
v 0.22654659 -0.014587879 0.04086663
v 0.21773787 -0.0037405044 0.032865033
v 0.22839738 -0.014567003 0.03474368
v 0.22907926 -0.014587879 0.027396128
v 0.21802315 -0.0035943836 0.027124777
v 0.22087589 -0.014587879 -0.06642428
v 0.20986152 -0.0035943836 -0.06593722
v 0.21942168 -0.014587879 -0.072255
v 0.20716186 -0.0035874248 -0.07315953
v 0.21579662 -0.01452525 -0.08013135
v 0.20339763 -0.003803119 -0.07830143
v 0.2095345 -0.014587879 -0.08741629
v 0.19858971 -0.0035943836 -0.081919536
v 0.20337676 -0.01458092 -0.091799766
v 0.18280223 -0.014685288 -0.10150604
v 0.17798735 -0.0036152601 -0.091625825
v -0.121223494 -0.014594838 0.15403004
v -0.040052548 -0.027585253 0.19188105
v -0.04005952 -0.014587879 0.19188105
v -0.12123741 -0.027585253 0.15401612
v -0.040052548 -0.027585253 0.19188105
v -0.024425104 -0.014810532 0.18093626
v -0.04005952 -0.014587879 0.19188105
v -0.02454339 -0.027606115 0.18102671
v -0.024445966 -0.021065682 0.18092234
v -0.023798898 -0.015638515 0.17985778
v -0.023798898 -0.021204844 0.17991345
v -0.024042413 -0.021761477 0.18062316
v -0.023826733 -0.028190583 0.17999692
v 0.06720357 0.086385265 -0.08729105
v 0.061226726 0.086260006 -0.083158046
v 0.07391098 0.0864131 -0.07193494
v 0.09652418 0.086385265 -0.053399086
v 0.08432002 0.08644788 -0.059083685
v 0.09259993 0.086440936 -0.0453279
v 0.10491542 0.08637135 -0.033965647
v 0.09910557 0.086385265 -0.029095113
v 0.08348507 0.086385265 -0.072108895
v 0.076040104 0.08593996 -0.080444455
v 0.090470806 0.0862809 -0.06328626
v 0.057163313 -0.03860657 0.16486348
v 0.07702117 -0.03818214 0.15627049
v 0.06949271 -0.03162083 0.1524158
v 0.051638722 -0.031878278 0.15964507
v 0.037284568 -0.038550913 0.17040895
v 0.03285934 -0.031592995 0.16423033
v 0.016529128 -0.03859961 0.173707
v 0.013787717 -0.031606913 0.16692303
v -0.0033843964 -0.038390875 0.17426361
v -0.0049847066 -0.031606913 0.16738226
v -0.017641142 -0.030584112 0.17467414
v 0.0021332204 -0.030841544 0.16125931
v -0.07279648 -0.014539167 -0.18205774
v -0.07276864 -0.027592212 -0.18200903
v -0.14613281 -0.014608756 -0.13061792
v -0.14614673 -0.027592212 -0.13063183
v -0.07279648 -0.014539167 -0.18205774
v -0.054796353 -0.014706165 -0.17359692
v -0.07276864 -0.027592212 -0.18200903
v -0.05508165 -0.02763395 -0.17379174
v -0.1444629 -0.027682662 -0.11118449
v -0.14613281 -0.014608756 -0.13061792
v -0.14614673 -0.027592212 -0.13063183
v -0.14437942 -0.014685288 -0.11080877
v -0.09192376 0.09291874 0.12964256
v -0.08720629 0.04137458 0.12877284
v -0.09204899 0.039635077 0.12966345
v -0.084958896 0.09349625 0.1283484
v -0.08495192 0.04058136 0.12833448
v -0.08599563 0.100161925 0.12767349
v -0.09320401 0.099946216 0.12883545
v -0.08838217 0.10702242 0.12582962
v -0.09601499 0.10613875 0.12674807
v -0.101824865 0.13009484 0.114857
v -0.10848357 0.12718643 0.11626251
v -0.105999604 0.13566811 0.110918835
v -0.11427952 0.13362946 0.11060573
v -0.11175378 0.13977326 0.10554038
v -0.1211748 0.13644044 0.10297988
v -0.117556676 0.14137359 0.09941046
v -0.12590618 0.14139448 0.08884139
v -0.12780567 0.13639869 0.09458862
v -0.13257183 0.1364126 0.0877838
v -0.13813122 0.13644044 0.078794196
v -0.13442962 0.14135967 0.074939504
v -0.14293216 0.13381036 0.069735005
v -0.13812424 0.138994 0.06716056
v -0.14059432 0.1354524 0.061524674
v -0.14627893 0.12731864 0.06236656
v -0.14235465 0.13119419 0.05717598
v -0.15217228 0.10533859 0.046217278
v -0.14880465 0.106145725 0.039482012
v -0.15332033 0.095625356 0.042181686
v -0.14965351 0.09498523 0.035947397
v -0.15070416 0.04131891 0.037666008
v -0.15333425 0.039648995 0.042167768
v -0.14952825 0.040539607 0.0358987
v -0.09007992 0.03853573 0.13365032
v -0.09204899 0.039635077 0.12966345
v -0.08720629 0.04137458 0.12877284
v -0.09818588 0.038528785 0.12777089
v -0.09833895 0.039210662 0.12498076
v -0.13866697 0.100488946 0.03852181
v -0.13344158 0.1014352 0.054149285
v -0.13524367 0.11729227 0.04945965
v -0.13191779 0.12950341 0.057857856
v -0.12863366 0.13514628 0.064815745
v -0.12647672 0.101483926 0.06885134
v -0.12275423 0.13754676 0.075391784
v -0.11794631 0.101463035 0.08261408
v -0.1144952 0.13746326 0.08736633
v -0.124278024 0.10041241 0.071544036
v -0.13344158 0.1014352 0.054149285
v -0.13258575 0.10041241 0.053919658
v -0.13866697 0.100488946 0.03852181
v -0.10794087 0.101407394 0.09531923
v -0.10645883 0.13624562 0.09704478
v -0.099382624 0.12931554 0.10428099
v -0.09648119 0.10119866 0.106904134
v -0.0904278 0.11331932 0.112094715
v -0.08367865 0.10050981 0.11714618
v 0.09905687 -0.021573618 -0.15042013
v 0.107837744 -0.013537228 -0.1446729
v 0.09982224 -0.021538824 -0.14374053
v 0.106508784 -0.013634637 -0.1531685
v 0.19673891 -0.013961673 0.07491167
v 0.18852162 0.00051774085 0.063932106
v 0.19766432 -0.014706165 0.06820424
v 0.19113085 -0.0036013424 0.05941643
v 0.15907577 -0.035211116 0.10126822
v 0.19673891 -0.013961673 0.07491167
v 0.19694069 -0.030159667 0.07473077
v 0.15854001 -0.019848049 0.101664826
v 0.1838807 -0.014650494 0.08346991
v 0.109591134 -0.006287098 -0.1254482
v 0.1130353 -0.0075464696 -0.12619966
v 0.11903997 -0.0059322417 -0.12471762
v 0.11709871 -0.0076856315 -0.12634577
v -0.17409663 -0.006189689 -0.04207161
v -0.17958643 -0.0072194487 -0.037312403
v -0.18357329 -0.00787349 -0.036073893
v -0.17996912 -0.007824793 -0.030632809
v 0.14351094 0.09570886 -0.03475885
v 0.12476633 0.0954027 -0.029992685
v 0.1386891 0.10055156 -0.03866224
v 0.12253284 0.100398496 -0.034536198
v 0.102946326 0.10040544 -0.020829126
v 0.10504066 0.0954027 -0.016174287
v 0.101860896 0.09550707 -0.015805513
v 0.17769513 -0.014678329 0.03938462
v 0.19400445 -0.027585253 0.027973637
v 0.19401142 -0.014594838 0.027987555
v 0.17803606 -0.02763395 0.039210662
v 0.17798735 -0.0036152601 -0.091625825
v 0.19858971 -0.0035943836 -0.081919536
v 0.17254627 -0.0035943836 -0.07982521
v 0.19416448 -0.0035943836 -0.0692631
v 0.20716186 -0.0035874248 -0.07315953
v 0.20339763 -0.003803119 -0.07830143
v 0.19703114 -0.0035943836 -0.06363416
v 0.20986152 -0.0035943836 -0.06593722
v 0.20518582 -0.0035943836 0.02962266
v 0.21802315 -0.0035943836 0.027124777
v 0.20218 -0.0036013424 0.035634294
v 0.18370676 -0.0035874248 0.048617736
v 0.19113085 -0.0036013424 0.05941643
v 0.21562962 -0.0035874248 0.038473114
v 0.21131572 -0.0035874248 0.044860467
v 0.21773787 -0.0037405044 0.032865033
v -0.13505583 -0.030584112 -0.10151996
v -0.13804771 -0.025616154 -0.106668815
v -0.14247991 -0.030598015 -0.102626264
v -0.13383819 -0.025602236 -0.10724632
v -0.12978174 -0.030570194 -0.10428225
v -0.116269484 -0.030570194 -0.118977346
v -0.119887576 -0.025567457 -0.12242151
v -0.10593699 -0.025574416 -0.13468134
v -0.10273634 -0.030577153 -0.13081275
v -0.08808996 -0.030312747 -0.14145139
v -0.090434775 -0.025567457 -0.14554264
v -0.072372034 -0.030584112 -0.14978
v -0.07401411 -0.025567457 -0.15453921
v -0.0528412 -0.030577153 -0.15793467
v -0.05540867 -0.025581375 -0.16225553
v -0.048576012 -0.030570194 -0.16302785
v -0.053029045 -0.025574416 -0.16567186
v -0.04777585 -0.030584112 -0.16901165
v -0.021781102 -0.014372185 0.2216887
v -0.0034678876 -0.014734 0.20907404
v -0.003996685 -0.02778703 0.20933844
v -0.022059426 -0.027599156 0.221974
v -0.027055189 -0.014587879 0.22437446
v -0.028752908 -0.027585253 0.22505634
v -0.032795474 -0.014546126 0.22615568
v -0.035001114 -0.027585253 0.22651751
v -0.03906454 -0.014587879 0.2268654
v -0.041019723 -0.027640909 0.22690715
v -0.045702383 -0.014601797 0.22648968
v -0.047205284 -0.027585253 0.22614177
v -0.052722916 -0.027585253 0.22459017
v -0.052848145 -0.014587879 0.22452058
v -0.13801987 -0.014594838 0.18481182
v -0.13818689 -0.027592212 0.18472831
v -0.14442118 -0.014601797 0.1803657
v -0.14481081 -0.027536541 0.1800526
v -0.14993878 -0.01458092 0.17419405
v -0.15014057 -0.027599156 0.17386006
v -0.15380041 -0.014587879 0.1671596
v -0.15390478 -0.027599156 0.16683258
v -0.15583907 -0.014587879 0.15968682
v -0.1558669 -0.027585253 0.15960331
v -0.15787078 -0.014643535 0.13725452
v -0.15778731 -0.02763395 0.13761632
v -0.021781102 -0.014372185 0.2216887
v -0.009653464 -0.0036013424 0.19993134
v -0.0034678876 -0.014734 0.20907404
v -0.03025584 -0.0036083013 0.21384715
v -0.027055189 -0.014587879 0.22437446
v -0.032795474 -0.014546126 0.22615568
v -0.038313076 -0.0035874248 0.21598323
v -0.03906454 -0.014587879 0.2268654
v -0.045702383 -0.014601797 0.22648968
v -0.04753928 -0.0036013424 0.21485604
v -0.052848145 -0.014587879 0.22452058
v -0.13379644 -0.0035943836 0.17463936
v -0.13801987 -0.014594838 0.18481182
v -0.14442118 -0.014601797 0.1803657
v -0.14007248 -0.0035874248 0.16903822
v -0.14993878 -0.01458092 0.17419405
v -0.14387147 -0.003984034 0.16327013
v -0.15380041 -0.014587879 0.1671596
v -0.14498474 -0.0035943836 0.15787078
v -0.15583907 -0.014587879 0.15968682
v -0.15787078 -0.014643535 0.13725452
v -0.14699559 -0.0036152601 0.13586293
v 0.019625396 -0.0059392005 -0.16977702
v 0.027940094 -0.006328836 -0.16377234
v 0.006829813 -0.0045058727 -0.16533092
v 0.007859588 -0.0048815906 -0.17435533
v 0.01576376 -0.005779162 -0.17550337
v 0.020557761 -0.006335795 -0.17788994
v 0.029011622 -0.007748261 -0.18476436
v 0.027856603 -0.0074560195 -0.18139672
v 0.03480059 -0.007998735 -0.17681147
v -0.006529376 -0.0033786893 -0.18061745
v -0.014600545 -0.0025994033 -0.16549791
v -0.026971713 -0.0011521578 -0.18105578
v -0.027855352 -0.0007555634 -0.19005932
v -0.030965522 -0.00083209574 -0.17634529
v -0.03825046 -0.00010848045 -0.17649141
v -0.04616855 0.0007264763 -0.17955984
v -0.04186161 0.00038553774 -0.18120886
v -0.04140936 0.00071951747 -0.18834767
v -0.038904503 0.00053165853 -0.19520818
v -0.03396438 -0.00012238324 -0.19161789
v 0.038620487 -0.007956997 -0.1710364
v 0.034167424 -0.0074560195 -0.16885859
v 0.027940094 -0.006328836 -0.16377234
v 0.18327537 -0.027640909 -0.101199895
v 0.20320281 -0.027585253 -0.09191805
v 0.18280223 -0.014685288 -0.10150604
v 0.20337676 -0.01458092 -0.091799766
v 0.2093188 -0.027606115 -0.08765285
v 0.2095345 -0.014587879 -0.08741629
v 0.21365358 -0.027585253 -0.08296323
v 0.21579662 -0.01452525 -0.08013135
v 0.2171395 -0.027564377 -0.07777959
v 0.21942168 -0.014587879 -0.072255
v 0.2202775 -0.028218418 -0.06885259
v 0.22087589 -0.014587879 -0.06642428
v 0.22906534 -0.027592212 0.02723609
v 0.22907926 -0.014587879 0.027396128
v 0.22864091 -0.027585253 0.033087686
v 0.22839738 -0.014567003 0.03474368
v 0.2270893 -0.027571335 0.03965597
v 0.22654659 -0.014587879 0.04086663
v 0.223833 -0.014643535 0.04647471
v 0.22381213 -0.027592212 0.046398178
v 0.21786311 -0.027536541 0.05394055
v 0.21760568 -0.01452525 0.054031
v 0.19766432 -0.014706165 0.06820424
v 0.19807483 -0.027640909 0.067835495
v -0.16974099 -0.044353798 -0.10412917
v -0.16834246 -0.03859961 -0.1094311
v -0.17929418 -0.027654827 -0.108338706
v -0.18385161 -0.030124888 -0.10266106
v -0.16834246 -0.03859961 -0.1094311
v -0.16974099 -0.044353798 -0.10412917
v -0.1529933 -0.04407549 -0.10581299
v -0.15546335 -0.038613528 -0.11047479
v 0.12881583 -0.007963955 0.11899002
v 0.12172572 -0.021851927 0.12343611
v 0.118323304 -0.01847735 0.11969276
v 0.13134155 -0.013578981 0.12371443
v 0.1680932 -0.044082448 -0.079602554
v 0.17338818 -0.03859961 -0.07938686
v 0.1750859 -0.044360757 -0.09489603
v 0.17884317 -0.038620487 -0.09113181
v 0.18095838 -0.030173585 -0.10779599
v 0.1750859 -0.044360757 -0.09489603
v 0.17884317 -0.038620487 -0.09113181
v 0.18327537 -0.027640909 -0.101199895
v -0.003996685 -0.02778703 0.20933844
v -0.005381316 -0.044214636 0.19917293
v -0.010578871 -0.03860657 0.20050187
v 0.0031003803 -0.030131847 0.21049343
v -0.010578871 -0.03860657 0.20050187
v -0.005381316 -0.044214636 0.19917293
v -0.015108466 -0.044089407 0.1853754
v -0.017961204 -0.03859961 0.18985628
v -0.14909686 -0.04425639 0.13207783
v -0.13200827 -0.044214636 0.13033836
v -0.15135123 -0.04805541 0.09890948
v -0.14133184 -0.046545535 0.10921414
v -0.13215436 -0.044353798 0.118836924
v -0.13389386 -0.03860657 0.13574465
v -0.120861694 -0.032121807 0.13012268
v -0.13200827 -0.044214636 0.13033836
v -0.12296297 -0.027626991 0.13460355
v -0.11851688 -0.026144966 0.12926684
v -0.122942105 -0.014692247 0.1341513
v -0.11844729 -0.019333169 0.12918334
v -0.11837773 -0.013356328 0.12868239
v 0.034056097 -0.013572022 -0.18610723
v 0.029011622 -0.007748261 -0.18476436
v 0.020648211 -0.02183801 -0.19627273
v 0.027529582 -0.024391562 -0.19495769
v 0.0446669 -0.018700004 -0.16238077
v 0.038620487 -0.007956997 -0.1710364
v 0.041431487 -0.013530269 -0.17557296
v 0.045933247 -0.021448374 -0.1690047
v 0.046357676 -0.021587536 -0.16618675
v 0.17933719 -0.044096366 0.049209163
v 0.18906434 -0.044214636 0.0630206
v 0.18451387 -0.03859265 0.048075035
v 0.19196579 -0.03859961 0.05865802
v 0.18906434 -0.044214636 0.0630206
v 0.19694069 -0.030159667 0.07473077
v 0.19196579 -0.03859961 0.05865802
v 0.19807483 -0.027640909 0.067835495
v 0.07359788 -0.04092355 0.15824653
v 0.07023026 -0.048584208 0.16507919
v 0.07835013 -0.04857725 0.16878079
v 0.080347046 -0.037583753 0.15769686
v 0.07702117 -0.03818214 0.15627049
v 0.08477923 -0.048591167 0.16800846
v 0.12070987 -0.037590712 0.1294408
v 0.12857926 -0.048584208 0.137338
v 0.13173816 -0.048535496 0.13161166
v 0.07023026 -0.048584208 0.16507919
v 0.06469177 -0.048549414 0.17698418
v 0.072053224 -0.048591167 0.18026133
v 0.07835013 -0.04857725 0.16878079
v 0.08477923 -0.048591167 0.16800846
v 0.09041515 -0.048591167 0.179823
v 0.08205174 -0.0484868 0.18177815
v 0.12857926 -0.048584208 0.137338
v 0.13682437 -0.048584208 0.14742698
v 0.14176449 -0.048598126 0.14106049
v 0.13173816 -0.048535496 0.13161166
v 0.13113281 -0.048598126 0.12247594
v 0.14431109 -0.048556373 0.12126525
v 0.14479813 -0.04857029 0.13252313
v 0.08472358 0.035856947 -0.13271922
v 0.08651872 0.004101053 -0.13593376
v 0.09008117 0.038528785 -0.13365158
v 0.09234944 0.003864497 -0.13720706
v 0.08659525 -0.011387244 -0.13601726
v 0.092286825 -0.015527189 -0.13719314
v 0.08801466 0.041186705 -0.12892716
v 0.09201546 0.039635077 -0.12966469
v 0.09191805 0.09313442 -0.12964383
v 0.08495319 0.04049091 -0.12834965
v 0.08496015 0.09487392 -0.12833574
v 0.09390801 0.10224928 -0.1283566
v 0.087061435 0.10367565 -0.12690936
v 0.09003246 0.109652504 -0.12484982
v 0.10298112 0.11758451 -0.12116909
v 0.10261235 0.13153513 -0.114002444
v 0.110662654 0.13038705 -0.11420423
v 0.1066201 0.13617603 -0.11036346
v 0.112005524 0.13994722 -0.10521461
v 0.11616635 0.13467313 -0.10856832
v 0.12116909 0.1364335 -0.10298808
v 0.11743269 0.14135273 -0.09955783
v 0.1256291 0.14141534 -0.08920446
v 0.12780693 0.13640566 -0.09458293
v 0.13445869 0.1364335 -0.08492535
v 0.1343404 0.14133881 -0.07517037
v 0.13997631 0.13590468 -0.075462595
v 0.13812551 0.138994 -0.06714095
v 0.14323956 0.13319807 -0.06904045
v 0.14054686 0.13548721 -0.061553746
v 0.1460784 0.12802137 -0.06286183
v 0.14254378 0.13079758 -0.056912825
v 0.1525075 0.10386352 -0.04525137
v 0.14858323 0.10704328 -0.040032938
v 0.14942515 0.09899993 -0.036811426
v 0.15332156 0.094178125 -0.042155102
v 0.1496478 0.09284915 -0.03593473
v 0.15085152 0.04124932 -0.037917733
v 0.15332156 0.039704666 -0.042134225
v 0.14958519 0.040428296 -0.035913855
v -0.1378042 -0.014664412 -0.09399846
v -0.15292372 0.0007125586 -0.10480409
v -0.13893832 -0.01334241 -0.10614697
v -0.15225576 -0.00030329823 -0.094638586
v -0.14654331 -0.0062105507 -0.07958168
v -0.13974546 -0.0120969415 -0.08845301
v -0.15021013 -0.0025854856 -0.06952055
v -0.16968532 -0.04723437 -0.04075657
v -0.17378353 -0.051499575 -0.03974071
v -0.17608659 -0.052738085 -0.02697295
v -0.17333822 -0.049537435 -0.020676047
v -0.14673816 -0.038613528 0.1370249
v -0.1318204 -0.03859265 0.15905364
v -0.13389386 -0.03860657 0.13574465
v -0.14500563 -0.03859265 0.15764813
v -0.13466619 -0.03859265 0.17396443
v -0.12704031 -0.038585693 0.163458
v -0.13982894 -0.038571775 0.169407
v -0.1437393 -0.03842567 0.1630405
v -0.0543928 -0.038585693 0.21179457
v -0.042286053 -0.038585693 0.20295803
v -0.043468907 -0.03859265 0.21577449
v -0.028780743 -0.03859265 0.21318616
v -0.0353003 -0.03833522 0.21573274
v -0.035655156 -0.038585693 0.20216481
v -0.017961204 -0.03859961 0.18985628
v -0.010578871 -0.03860657 0.20050187
v -0.13389386 -0.03860657 0.13574465
v -0.13200827 -0.044214636 0.13033836
v -0.14673816 -0.038613528 0.1370249
v -0.14909686 -0.04425639 0.13207783
v 0.14412323 -0.013558105 0.12260811
v 0.14431804 -0.013620734 0.13434611
v 0.14079735 -0.013578981 0.14289738
v 0.13528669 -0.013592899 0.14851938
v 0.13134155 -0.013578981 0.12371443
v 0.13148071 -0.013648555 0.13269012
v 0.12788346 -0.013592899 0.13783897
v 0.08503668 -0.013592899 0.16784148
v 0.08759023 -0.01358594 0.18062316
v 0.092655584 -0.0136555135 0.17845227
v 0.07876761 -0.013620734 0.16881557
v 0.06595114 -0.0135650635 0.177339
v 0.07130873 -0.013551146 0.16571932
v 0.07955386 -0.013578981 0.18179207
v 0.07192102 -0.013787717 0.18043528
v 0.1551863 0.035926536 0.026609883
v 0.15810165 0.038542703 0.03112556
v 0.12136391 0.052667245 0.02134274
v 0.12142653 0.056410596 0.025134817
v 0.11384241 0.056410596 0.023764089
v 0.115978494 0.051874056 0.019032732
v 0.15908968 0.0029808432 0.027263924
v 0.15810165 0.038542703 0.03112556
v 0.1551863 0.035926536 0.026609883
v 0.16233903 0.0034400523 0.031932697
v 0.15901315 -0.009585142 0.027152613
v 0.1623599 -0.013648555 0.031967476
v -0.1799552 -0.048549414 0.048221156
v -0.17161961 -0.048598126 0.052319363
v -0.16850944 -0.04098618 0.045403197
v -0.17246152 -0.03760463 0.03982295
v -0.16928177 -0.03825867 0.041423276
v -0.18324627 -0.048591167 0.042592213
v -0.1767476 -0.037583753 -0.009258121
v -0.18783851 -0.048591167 -0.009828672
v -0.18572329 -0.04857029 -0.016160369
v -0.18814464 -0.048591167 0.058038756
v -0.17713724 -0.048549414 0.06427999
v -0.17161961 -0.048598126 0.052319363
v -0.1799552 -0.048549414 0.048221156
v -0.18324627 -0.048591167 0.042592213
v -0.20084281 -0.048584208 -0.008757144
v -0.18783851 -0.048591167 -0.009828672
v -0.19584705 -0.048598126 0.045611933
v -0.19281341 -0.04847288 0.052994266
v -0.19640367 -0.048591167 -0.023173928
v -0.19980611 -0.04857029 -0.016383022
v -0.18572329 -0.04857029 -0.016160369
v -0.17808352 -0.048584208 -0.02171278
v -0.1856537 -0.04857029 -0.0325184
v -0.1920828 -0.04847984 -0.027940094
v -0.14437942 -0.014685288 -0.11080877
v -0.13893832 -0.01334241 -0.10614697
v -0.1553242 -0.0036013424 -0.109486766
v -0.15292372 0.0007125586 -0.10480409
v -0.07902379 0.051714018 -0.08725625
v -0.080818936 0.056396678 -0.08221178
v -0.08697669 0.05640365 -0.08841127
v -0.08350469 0.05243765 -0.09053342
v -0.111879036 0.038528785 -0.115978494
v -0.10639621 0.035919562 -0.115978494
v -0.1357377 -0.0024602413 0.09689169
v -0.11837773 -0.013356328 0.12868239
v -0.13241877 0.0007264763 0.12976085
v -0.11922659 -0.014692247 0.11685394
v -0.155192 0.035940453 -0.026632011
v -0.15810736 0.038542703 -0.031119868
v -0.12143223 0.056410596 -0.02512215
v -0.12132786 0.052472427 -0.021107435
v -0.11392467 0.05640365 -0.023786232
v -0.11606769 0.051804468 -0.018922657
v -0.11162855 0.056320146 -0.020773456
v -0.11022304 0.056410596 -0.019249678
v -0.15905364 0.002994746 -0.027195603
v -0.15810736 0.038542703 -0.031119868
v -0.155192 0.035940453 -0.026632011
v -0.16226818 0.0034122318 -0.031822607
v -0.1592067 -0.008958936 -0.027480885
v -0.16246997 -0.0059809536 -0.031899154
v -0.09649511 0.03853573 -0.12902457
v -0.09890254 0.0037462115 -0.13246177
v -0.09117927 0.035912618 -0.1283566
v -0.09346144 0.0028695166 -0.13158508
v -0.098986045 -0.005180791 -0.13251048
v -0.09344058 -0.009647757 -0.13163379
v -0.0716206 0.05261855 -0.10007271
v -0.09649511 0.03853573 -0.12902457
v -0.09117927 0.035912618 -0.1283566
v -0.07524566 0.05640365 -0.09856981
v -0.067564115 0.051811412 -0.09625979
v -0.07100828 0.056396678 -0.09266254
v -0.0600148 -0.014601797 -0.21465552
v -0.040323928 -0.027654827 -0.205485
v -0.039774254 -0.01476182 -0.20535976
v -0.060279205 -0.027592212 -0.21478076
v -0.06766154 -0.014657453 -0.21676376
v -0.06736235 -0.027626991 -0.21663852
v -0.07380538 -0.027585253 -0.21699338
v -0.0758162 -0.014587879 -0.21691684
v -0.0798309 -0.027599156 -0.21632542
v -0.08393608 -0.014560044 -0.21526086
v -0.08568947 -0.027592212 -0.21453027
v -0.09097053 -0.01458092 -0.21196976
v -0.09105401 -0.027592212 -0.21192802
v -0.16820328 -0.014601797 -0.15789989
v -0.16802932 -0.027592212 -0.15801817
v -0.1736861 -0.027571335 -0.15242401
v -0.17340781 -0.014553085 -0.15264666
v -0.17688675 -0.01458092 -0.14733082
v -0.17788173 -0.027613074 -0.14547306
v -0.17950292 -0.014615715 -0.1414166
v -0.18043528 -0.02763395 -0.13791677
v -0.18127023 -0.014553085 -0.13198864
v -0.18122153 -0.027578294 -0.13017958
v -0.17932202 -0.014720082 -0.10777512
v -0.17929418 -0.027654827 -0.108338706
v -0.1631449 -0.030166626 0.13326763
v -0.16723613 -0.035204157 0.08718543
v -0.16328405 -0.01343286 0.1324953
v -0.16722919 -0.018338189 0.08718543
v -0.1678345 -0.02004984 0.08610694
v -0.16825198 -0.036922753 0.0859191
v 0.07876761 -0.013620734 0.16881557
v 0.07130873 -0.013551146 0.16571932
v 0.0745859 -0.02156666 0.15830217
v 0.08090368 -0.021573618 0.16094618
v 0.08503668 -0.013592899 0.16784148
v 0.12788346 -0.013592899 0.13783897
v 0.12375743 -0.02156666 0.13088803
v 0.13148071 -0.013648555 0.13269012
v -0.10440625 0.038528785 -0.12284595
v -0.10488634 0.03602393 -0.117634475
v -0.10722418 0.0031547844 -0.12597004
v -0.1075234 0.0024242103 -0.12054288
v -0.10720332 -0.005132079 -0.12596309
v -0.107592955 -0.009557307 -0.12037589
v -0.10488634 0.03602393 -0.117634475
v -0.10440625 0.038528785 -0.12284595
v -0.08174433 0.052507207 -0.09191805
v -0.07942735 0.056396678 -0.09525089
v -0.07902379 0.051714018 -0.08725625
v -0.073854074 0.056375816 -0.08856434
v -0.0470383 -0.04410331 -0.1799147
v -0.039920375 -0.04424247 -0.19519426
v -0.050642505 -0.03859265 -0.18395028
v -0.045145765 -0.038627446 -0.19555607
v -0.045145765 -0.038627446 -0.19555607
v -0.039920375 -0.04424247 -0.19519426
v -0.033700004 -0.030159667 -0.20791331
v -0.040323928 -0.027654827 -0.205485
v -0.12388839 0.05640365 0.00575009
v -0.15702192 0.03593348 0.012603626
v -0.16091837 0.038549647 0.008971587
v -0.12271945 0.05231239 0.009820461
v -0.11630426 0.05296643 0.008700237
v -0.11653386 0.05643843 0.005109951
v -0.16515572 0.0034748465 0.009298623
v -0.16091837 0.038549647 0.008971587
v -0.15702192 0.03593348 0.012603626
v -0.16089748 0.0031199902 0.012951523
v -0.1609949 -0.0118186325 0.012812361
v -0.16510703 -0.011623815 0.009305567
v -0.17058985 -0.020696923 0.009472564
v 0.067488834 0.035905644 -0.14223763
v 0.06932573 0.003593132 -0.14582792
v 0.072679445 0.03855662 -0.14383796
v 0.074530244 0.0034748465 -0.1476787
v 0.074467614 -0.011623815 -0.1476648
v 0.069207445 -0.011707306 -0.14575833
v 0.07681939 -0.02041164 -0.15239617
v 0.067488834 0.035905644 -0.14223763
v 0.072679445 0.03855662 -0.14383796
v 0.052905068 0.05229847 -0.11119841
v 0.057003275 0.056368843 -0.110245176
v 0.053726107 0.05640365 -0.10339163
v 0.049551353 0.05184622 -0.10660619
v 0.049537435 0.05640365 -0.1016452
v -0.16001384 0.038563564 0.019102305
v -0.12220456 0.056410596 0.02116184
v -0.15855266 0.038514867 0.029003397
v -0.122997776 0.056396678 0.015866876
v -0.16001384 0.038563564 0.019102305
v -0.16421641 0.0032800287 0.019422367
v -0.15679233 0.035947397 0.014837116
v -0.16064699 0.0030712932 0.0150458515
v -0.161308 -0.012423962 0.01605475
v -0.16426511 -0.011595979 0.019533694
v -0.16965054 -0.020606473 0.01974243
v -0.122997776 0.056396678 0.015866876
v -0.16001384 0.038563564 0.019102305
v -0.15679233 0.035947397 0.014837116
v -0.122629 0.052597657 0.012026116
v -0.11688872 0.05249329 0.01133728
v -0.11590071 0.056396678 0.015191957
v -0.07442461 0.003586173 0.14764266
v -0.072699055 0.038549647 0.14385758
v -0.06752239 0.035919562 0.14222942
v -0.069428846 0.003906235 0.14585449
v -0.0744455 -0.005145997 0.14766355
v -0.069171414 -0.009473816 0.14580579
v -0.056974187 0.056389734 0.110195205
v -0.06752239 0.035919562 0.14222942
v -0.072699055 0.038549647 0.14385758
v -0.052994266 0.052409813 0.11114846
v -0.05365528 0.056396678 0.10325818
v -0.04943879 0.05190189 0.10641013
v 0.061644197 0.03852181 0.14896466
v 0.05336429 0.05640365 0.11195557
v 0.070717305 0.03855662 0.14478298
v 0.04847984 0.056389734 0.114154264
v 0.072707266 0.002897337 0.14855416
v 0.061644197 0.03852181 0.14896466
v 0.070717305 0.03855662 0.14478298
v 0.063133195 0.0038366616 0.15285413
v 0.06653561 -0.015568942 0.15139996
v 0.06310536 -0.012799695 0.15297939
v 0.07270031 -0.015513286 0.14850546
v 0.063460216 0.038528785 -0.14817968
v 0.06749579 -0.004255384 -0.14714295
v 0.06557542 0.035905644 -0.14322565
v 0.06527622 0.0033704787 -0.15193
v 0.06619467 -0.013933837 -0.14989132
v 0.065213606 -0.011554226 -0.15199956
v 0.069207445 -0.011707306 -0.14575833
v 0.06932573 0.003593132 -0.14582792
v 0.047756225 0.056396678 -0.114475586
v 0.063460216 0.038528785 -0.14817968
v 0.06557542 0.035905644 -0.14322565
v 0.0508177 0.05269508 -0.112325594
v 0.049551353 0.05184622 -0.10660619
v 0.044611245 0.05640365 -0.1073646
v -0.11837773 -0.013356328 0.12868239
v -0.122942105 -0.014692247 0.1341513
v -0.13241877 0.0007264763 0.12976085
v -0.13397734 -0.0035943836 0.13477056
v -0.065574154 0.035905644 0.14320351
v -0.051039085 0.05245851 0.1120808
v -0.063479826 0.038549647 0.14810188
v -0.047734097 0.05640365 0.1144117
v -0.04943879 0.05190189 0.10641013
v -0.04438038 0.056396678 0.10618748
v -0.06525411 0.0033704787 0.15198441
v -0.065574154 0.035905644 0.14320351
v -0.063479826 0.038549647 0.14810188
v -0.06729974 0.003307864 0.14663379
v -0.06713273 -0.009216368 0.14690514
v -0.06527497 -0.00518775 0.15194963
v 0.09638503 -0.037576795 -0.14843017
v 0.051729187 -0.03242795 -0.1692691
v 0.096371114 -0.03244883 -0.14844409
v 0.051736146 -0.037590712 -0.16926214
v 0.114155516 -0.03860657 -0.13196775
v 0.09705299 -0.038307384 -0.14476335
v 0.09723389 -0.03161387 -0.13646953
v 0.11286135 -0.031606913 -0.1237296
v 0.12904544 -0.038474366 -0.1172657
v 0.12587959 -0.03171824 -0.110676564
v 0.14218892 -0.03859961 -0.10112336
v 0.13698441 -0.03162083 -0.09641285
v 0.15251446 -0.03837 -0.08432697
v 0.14834666 -0.032650605 -0.08006874
v 0.16016816 -0.030542359 -0.072018445
v 0.14456853 -0.031586036 -0.0807019
v 0.13850123 -0.030598015 -0.08212131
v 0.12805046 -0.031592995 -0.09925865
v 0.13698441 -0.03162083 -0.09641285
v 0.14834666 -0.032650605 -0.08006874
v 0.1154149 -0.031592995 -0.11370326
v 0.11286135 -0.031606913 -0.1237296
v 0.12587959 -0.03171824 -0.110676564
v 0.09723389 -0.03161387 -0.13646953
v 0.10117902 -0.031599954 -0.12654755
v 0.085405454 -0.031592995 -0.13766629
v 0.095793605 -0.031592995 -0.14796399
v 0.051603943 -0.031592995 -0.1683437
v 0.06840032 -0.031586036 -0.14686464
v 0.050448924 -0.031586036 -0.15394779
v 0.04198116 -0.031641707 -0.16221377
v 0.03177391 -0.031592995 -0.15886007
v 0.022345945 -0.031592995 -0.16597104
v 0.013975576 -0.031579092 -0.16141361
v -0.018030792 -0.031599954 -0.16120487
v 0.003622219 -0.031599954 -0.16743916
v -0.015393749 -0.031606913 -0.16679904
v -0.033992216 -0.03162779 -0.16400892
v -0.026053265 -0.030591056 -0.15889487
v -0.04777585 -0.030584112 -0.16901165
v -0.033484295 -0.038342163 -0.17100161
v -0.015393749 -0.031606913 -0.16679904
v -0.013925627 -0.03859961 -0.17393786
v 0.003622219 -0.031599954 -0.16743916
v 0.006968975 -0.038474366 -0.17423008
v 0.022345945 -0.031592995 -0.16597104
v 0.027675703 -0.03859961 -0.17228186
v 0.04198116 -0.031641707 -0.16221377
v 0.04856333 -0.0383213 -0.1674183
v -0.0757675 0.086385265 0.08017184
v -0.085536405 0.060731456 0.10012017
v -0.067167535 0.08637829 0.087289795
v -0.09570189 0.053196058 0.0993896
v -0.083783016 0.08600257 0.07226072
v -0.1049072 0.053168222 0.089655474
v -0.09039302 0.08631568 0.06334068
v -0.11308275 0.053168222 0.07908641
v -0.12015198 0.053168222 0.06787722
v -0.09631421 0.08640613 0.05374573
v -0.12613578 0.053168222 0.05596529
v -0.1018527 0.085626855 0.044025525
v -0.12338741 0.06063406 0.04613377
v -0.10510202 0.086385265 0.033345148
v -0.16116188 0.03853573 -0.0010408312
v -0.15741853 0.035947397 -0.00485377
v -0.123992756 0.05641757 0.00040641427
v -0.12307431 0.052409813 -0.0036639571
v -0.1174732 0.051839247 -0.0042901784
v -0.11648516 0.0563132 0.0004968643
v -0.16116188 0.03853573 -0.0010408312
v -0.16535752 0.0033426434 -0.0012147874
v -0.15741853 0.035947397 -0.00485377
v -0.16132192 0.0037392527 -0.004992917
v -0.16540621 -0.011561185 -0.0011451989
v -0.16160719 -0.011916041 -0.004624158
v -0.17150132 -0.021490127 -0.00104779
v -0.039774254 -0.01476182 -0.20535976
v -0.040323928 -0.027654827 -0.205485
v -0.033700004 -0.030159667 -0.20791331
v -0.033247724 -0.013453737 -0.20772545
v -0.18385161 -0.030124888 -0.10266106
v -0.17932202 -0.014720082 -0.10777512
v -0.18383075 -0.013843387 -0.10242449
v -0.17929418 -0.027654827 -0.108338706
v -0.16834246 -0.03859961 -0.1094311
v -0.15546335 -0.038613528 -0.11047479
v -0.1571611 -0.038585693 -0.13025612
v -0.16535752 -0.03859265 -0.14519474
v -0.15634702 -0.038585693 -0.13518927
v -0.16945572 -0.03860657 -0.13695657
v -0.17029761 -0.03846045 -0.12997085
v -0.16084181 -0.038578734 -0.14964084
v -0.15329944 -0.038585693 -0.1390509
v -0.083602086 -0.03859265 -0.20366202
v -0.07736783 -0.038578734 -0.1921954
v -0.070674315 -0.038481325 -0.19295381
v -0.050642505 -0.03859265 -0.18395028
v -0.06425215 -0.03859265 -0.20449002
v -0.045145765 -0.038627446 -0.19555607
v -0.07304697 -0.03859265 -0.20620862
v 0.011067182 -0.042934388 0.17416622
v 0.018616512 -0.0476449 0.1774921
v 0.022088498 -0.044082448 0.1730947
v -0.0055274367 -0.04530704 0.17892541
v 0.00012934208 -0.041939408 0.1745976
v -0.006070152 -0.04431902 0.17758255
v -0.18659304 -0.0135650635 -0.03153734
v -0.17396443 -0.007984817 -0.022192866
v -0.17914112 -0.0135650635 -0.021093518
v -0.17996912 -0.007824793 -0.030632809
v -0.18357329 -0.00787349 -0.036073893
v 0.15966022 -0.02183801 0.11600508
v 0.14412323 -0.013558105 0.12260811
v 0.14552176 -0.0077760816 0.1174732
v 0.15510976 -0.024384603 0.121279165
v -0.022831753 -0.025908396 0.17379744
v -0.025767967 -0.025581375 0.1695879
v -0.022720411 -0.019402742 0.17351218
v -0.026742086 -0.019611493 0.1693096
v 0.19807483 -0.027640909 0.067835495
v 0.19694069 -0.030159667 0.07473077
v 0.19673891 -0.013961673 0.07491167
v 0.19766432 -0.014706165 0.06820424
v -0.15637486 0.038542703 0.038890585
v -0.15752985 0.0031060725 0.035077646
v -0.15367518 0.035912618 0.034221843
v -0.16048698 0.0033913553 0.03976728
v -0.15750898 -0.01140812 0.035008088
v -0.16050784 -0.01552023 0.039760336
v -0.08184175 0.09577148 0.12304647
v -0.08367865 0.10050981 0.11714618
v -0.070855215 0.0954027 0.10698761
v -0.074361995 0.10040544 0.10332079
v -0.05099736 0.09540968 0.09306486
v -0.054761574 0.10040544 0.0895998
v -0.049807534 0.0954027 0.09062262
v -0.049877122 0.095388785 0.08803429
v -0.05144961 0.0954027 0.0858147
v -0.06160815 0.09540968 0.078773305
v -0.06516366 0.10041241 0.08236359
v -0.07435505 0.10041241 0.07416023
v -0.07052122 0.0954027 0.07090391
v -0.08232881 0.10040544 0.0651706
v -0.078341916 0.09540968 0.0621648
v -0.08510502 0.09541662 0.052535042
v -0.093127474 0.100398496 0.04886128
v -0.090706125 0.095423594 0.042126015
v -0.09500609 0.095423594 0.031243846
v -0.09982099 0.10040544 0.03262846
v -0.098533764 0.09543751 0.018030792
v -0.102945074 0.10041241 0.02082786
v -0.004407212 0.0005246997 0.19899203
v -0.0034678876 -0.014734 0.20907404
v -0.009653464 -0.0036013424 0.19993134
v 0.0032812804 -0.013453737 0.21038906
v -0.009653464 -0.0036013424 0.19993134
v -0.017133221 -0.0035943836 0.18923704
v -0.004407212 0.0005246997 0.19899203
v -0.014280483 0.0007264763 0.18483965
v -0.07969873 0.038542703 -0.14008763
v -0.06701444 0.056334063 -0.10453969
v -0.08823608 0.038542703 -0.13486224
v -0.06233178 0.056396678 -0.10719761
v -0.14699559 -0.0036152601 0.13586293
v -0.15787078 -0.014643535 0.13725452
v -0.16328405 -0.01343286 0.1324953
v -0.14958392 0.00055252016 0.1312568
v -0.16328405 -0.01343286 0.1324953
v -0.15787078 -0.014643535 0.13725452
v -0.1631449 -0.030166626 0.13326763
v -0.15778731 -0.02763395 0.13761632
v 0.18056874 -0.013453737 -0.1080256
v 0.18280223 -0.014685288 -0.10150604
v 0.1745571 0.00050382316 -0.095696196
v 0.17798735 -0.0036152601 -0.091625825
v 0.18056874 -0.013453737 -0.1080256
v 0.18327537 -0.027640909 -0.101199895
v 0.18280223 -0.014685288 -0.10150604
v 0.18095838 -0.030173585 -0.10779599
v 0.09657289 0.038528785 0.12904419
v 0.07523994 0.05640365 0.09859638
v 0.10437966 0.038563564 0.12275423
v 0.07943557 0.056389734 0.095263556
v 0.10437966 0.038563564 0.12275423
v 0.10719761 0.0033704787 0.12598966
v 0.09657289 0.038528785 0.12904419
v 0.098931625 0.0034748465 0.13248138
v 0.0990012 -0.011547267 0.1324953
v 0.10722545 -0.011637732 0.12593399
v -0.17989953 -0.01990372 -0.055862173
v -0.18357329 -0.00787349 -0.036073893
v -0.19148444 -0.02189368 -0.047756225
v -0.17409663 -0.006189689 -0.04207161
v -0.16919132 -0.0055217296 -0.046656862
v 0.067488834 0.035905644 -0.14223763
v 0.06749579 -0.004255384 -0.14714295
v 0.06932573 0.003593132 -0.14582792
v 0.06557542 0.035905644 -0.14322565
v 0.0032812804 -0.013453737 0.21038906
v 0.0031003803 -0.030131847 0.21049343
v -0.003996685 -0.02778703 0.20933844
v -0.0034678876 -0.014734 0.20907404
v -0.17279549 -0.013578981 0.051881
v -0.16292919 -0.01857476 0.04257132
v -0.16746576 -0.007963955 0.052068874
v -0.16870426 -0.021580577 0.04428993
v -0.16665168 -0.021573618 0.04267569
v -0.034806296 0.038549647 0.1573907
v -0.023889348 0.052430674 0.120861694
v -0.030234948 0.035926536 0.15457971
v -0.02792494 0.05640365 0.12084778
v -0.026582047 0.056389734 0.113938585
v -0.021781102 0.051929697 0.1153719
v -0.023520574 0.056396678 0.11096753
v -0.030234948 0.035926536 0.15457971
v -0.030902907 0.0030434579 0.15841351
v -0.034806296 0.038549647 0.1573907
v -0.035564706 0.00336352 0.16150977
v -0.03551601 -0.0051181614 0.16149585
v -0.03112556 -0.009376407 0.15855266
v 0.051736146 -0.037590712 -0.16926214
v 0.04198116 -0.031641707 -0.16221377
v 0.051729187 -0.03242795 -0.1692691
v 0.04856333 -0.0383213 -0.1674183
v -0.024821714 0.038542703 0.15921368
v -0.028697267 0.004233256 0.15881707
v -0.028098866 0.035891727 0.15488584
v -0.02550359 0.0035305172 0.16347192
v -0.028906003 -0.00959906 0.15868486
v -0.025635794 -0.013551146 0.16335364
v -0.024821714 0.038542703 0.15921368
v -0.028098866 0.035891727 0.15488584
v -0.01789163 0.056410596 0.12269162
v -0.021739349 0.052416757 0.1212583
v -0.016632244 0.056389734 0.11485006
v -0.021781102 0.051929697 0.1153719
v -0.1553242 -0.0036013424 -0.109486766
v -0.15292372 0.0007125586 -0.10480409
v -0.16858597 -0.0036083013 -0.10831088
v -0.1701654 0.0004968643 -0.103342935
v -0.04448475 0.03855662 0.1548789
v -0.02792494 0.05640365 0.12084778
v -0.034806296 0.038549647 0.1573907
v -0.033087686 0.056410596 0.11948402
v -0.15778731 -0.02763395 0.13761632
v -0.14673816 -0.038613528 0.1370249
v -0.1631449 -0.030166626 0.13326763
v -0.14909686 -0.04425639 0.13207783
v 0.123465195 0.044115975 -0.046141982
v 0.12613703 0.053168222 -0.055959582
v 0.12336083 0.060731456 -0.046086326
v 0.12618575 0.04314883 -0.055813476
v 0.123973124 0.040066466 -0.04383196
v 0.12714593 0.03747119 -0.053628698
v 0.124627165 0.037575558 -0.04073569
v 0.12894107 0.032169268 -0.049189553
v 0.12505856 0.03640662 -0.035990402
v 0.13207212 0.028446779 -0.040283427
v 0.13619816 0.028405026 -0.022213742
v 0.12856534 0.036246583 -0.020342067
v 0.13783327 0.028405026 -0.006829813
v 0.12991518 0.036392704 -0.0049650967
v 0.1377289 0.028405026 0.008623704
v 0.12976211 0.036246583 0.0102240145
v 0.13589202 0.028412 0.024007633
v 0.12752861 0.036378786 0.0253018
v 0.13235044 0.028412 0.039057568
v 0.123945296 0.036100462 0.040240422
v 0.12714593 0.028405026 0.053648308
v 0.11808674 0.03640662 0.054351047
v 0.120292395 0.028412 0.06762676
v 0.11089922 0.03640662 0.067800686
v 0.11197074 0.028405026 0.08066587
v 0.10169391 0.036413565 0.08096506
v 0.10224359 0.028405026 0.092675224
v 0.09232856 0.035975233 0.09213944
v 0.091284886 0.028405026 0.103487805
v 0.080841064 0.03617005 0.10211013
v 0.07915029 0.028405026 0.113041
v 0.068546444 0.03640662 0.11044569
v 0.0659581 0.028405026 0.12121655
v 0.054526255 0.03640662 0.11800198
v 0.051930964 0.028412 0.12784742
v 0.04049912 0.036121354 0.12383272
v 0.037402853 0.028405026 0.13283624
v 0.025894478 0.03640662 0.12738125
v 0.022311151 0.028405026 0.13618301
v 0.010642737 0.03633009 0.12962864
v 0.006920263 0.028412 0.13782506
v -0.005965784 0.036392704 0.12989305
v -0.008561075 0.028405026 0.1377346
v -0.019923344 0.035961315 0.12891199
v -0.023924127 0.028412 0.13591163
v -0.034854993 0.036413565 0.12523125
v -0.038994953 0.028412 0.13237701
v -0.049299613 0.036176994 0.12054859
v -0.053550914 0.028398082 0.12717946
v -0.062846676 0.03638576 0.11380638
v -0.067438886 0.028405026 0.1203955
v -0.07597624 0.03640662 0.105533406
v -0.08154257 0.028384164 0.11139198
v -0.086594 0.029727027 0.107446834
v -0.07988657 0.037081525 0.10377307
v -0.09145062 0.033372983 0.1033556
v -0.083852574 0.040031686 0.10147001
v -0.095388785 0.041277155 0.099744454
v -0.08556424 0.045020506 0.10020368
v -0.09570189 0.053196058 0.0993896
v -0.085536405 0.060731456 0.10012017
v 0.14552176 -0.0077760816 0.1174732
v 0.14412323 -0.013558105 0.12260811
v 0.12881583 -0.007963955 0.11899002
v 0.13134155 -0.013578981 0.12371443
v -0.044206426 -0.0036083013 -0.19521514
v -0.039774254 -0.01476182 -0.20535976
v -0.038904503 0.00053165853 -0.19520818
v -0.033247724 -0.013453737 -0.20772545
v -0.044206426 -0.0036083013 -0.19521514
v -0.038904503 0.00053165853 -0.19520818
v -0.04976581 -0.0036083013 -0.18339364
v -0.04616855 0.0007264763 -0.17955984
v -0.17082642 -0.021371841 -0.01325196
v -0.17150132 -0.021490127 -0.00104779
v -0.17457671 -0.021587536 -0.014379144
v -0.17358871 -0.021608412 0.04276614
v -0.17973255 -0.021914557 -0.0065236688
v -0.17080553 -0.0215597 0.022560373
v -0.16665168 -0.021573618 0.04267569
v -0.16870426 -0.021580577 0.04428993
v 0.17089029 -0.0001989305 0.055506065
v 0.15122724 -0.002474159 0.06954016
v 0.1561256 -0.008297935 0.057516918
v 0.17857182 0.00069864094 0.049772754
v 0.17061894 -0.013363287 0.038180873
v 0.16062738 -0.014650494 0.045131847
v 0.15826865 -0.013210207 0.048200265
v -0.09833895 0.039210662 0.12498076
v -0.10081597 0.021015719 0.12293513
v -0.10382177 0.040574417 0.12081994
v -0.09601499 0.10613875 0.12674807
v -0.09204899 0.039635077 0.12966345
v -0.09320401 0.099946216 0.12883545
v -0.09192376 0.09291874 0.12964256
v -0.10848357 0.12718643 0.11626251
v -0.11571284 0.039572462 0.10904716
v -0.11427952 0.13362946 0.11060573
v -0.1211748 0.13644044 0.10297988
v -0.12568353 0.03958638 0.09738572
v -0.12780567 0.13639869 0.09458862
v -0.13257183 0.1364126 0.0877838
v -0.13449223 0.039579436 0.084812775
v -0.13813122 0.13644044 0.078794196
v -0.14204155 0.039572462 0.071453586
v -0.14293216 0.13381036 0.069735005
v -0.14627893 0.12731864 0.06236656
v -0.14893685 0.03934981 0.05578439
v -0.15217228 0.10533859 0.046217278
v -0.15110771 0.03907846 0.049577937
v -0.15332033 0.095625356 0.042181686
v -0.15333425 0.039648995 0.042167768
v -0.15028669 0.020695671 0.051985368
v -0.15165041 0.0047620535 0.05417712
v 0.054143578 0.03857054 -0.15176997
v 0.063460216 0.038528785 -0.14817968
v 0.042795226 0.056375816 -0.116465546
v 0.047756225 0.056396678 -0.114475586
v 0.054143578 0.03857054 -0.15176997
v 0.055486456 0.0032939464 -0.15584034
v 0.063460216 0.038528785 -0.14817968
v 0.06527622 0.0033704787 -0.15193
v 0.065213606 -0.011554226 -0.15199956
v 0.055444703 -0.011602938 -0.15580556
v -0.16078617 0.038549647 -0.011185467
v -0.1236379 0.056410596 -0.00977996
v -0.1573072 0.0358987 -0.0070385486
v -0.12312998 0.052486345 -0.005820915
v -0.11592157 0.05638276 -0.00935553
v -0.1174732 0.051839247 -0.0042901784
v -0.1573072 0.0358987 -0.0070385486
v -0.1649609 0.0033774376 -0.011296794
v -0.16078617 0.038549647 -0.011185467
v -0.16119666 0.003314823 -0.0071429163
v -0.16125233 -0.011623815 -0.0071846694
v -0.16498177 -0.015561983 -0.011345491
v 0.17061894 -0.013363287 0.038180873
v 0.18370676 -0.0035874248 0.048617736
v 0.17857182 0.00069864094 0.049772754
v 0.17769513 -0.014678329 0.03938462
v 0.19113085 -0.0036013424 0.05941643
v 0.17857182 0.00069864094 0.049772754
v 0.18370676 -0.0035874248 0.048617736
v 0.18852162 0.00051774085 0.063932106
v 0.18329623 0.00079604983 0.057113335
v -0.054796353 -0.014706165 -0.17359692
v -0.04976581 -0.0036083013 -0.18339364
v -0.052270636 -0.013377205 -0.16684775
v -0.04616855 0.0007264763 -0.17955984
v -0.17673369 -0.0326854 -0.009327695
v -0.1767476 -0.037583753 -0.009258121
v -0.17237802 -0.03162779 0.039704666
v -0.17246152 -0.03760463 0.03982295
v -0.17673369 -0.0326854 -0.009327695
v -0.16674213 -0.03161387 -0.016042084
v -0.17391573 -0.038237795 -0.011401162
v -0.1767476 -0.037583753 -0.009258121
v -0.081486896 0.03853573 0.13902877
v -0.06164296 0.056424513 0.10758601
v -0.072699055 0.038549647 0.14385758
v -0.056974187 0.056389734 0.110195205
v 0.041626304 0.05184622 0.10993083
v 0.044451207 0.056389734 0.10557516
v 0.04847984 0.056389734 0.114154264
v 0.044263348 0.052361086 0.11480136
v 0.05655101 0.0358987 0.14696081
v 0.061644197 0.03852181 0.14896466
v 0.09008117 0.038528785 -0.13365158
v 0.09234944 0.003864497 -0.13720706
v 0.09818712 0.038514867 -0.12775823
v 0.100872874 0.0033356845 -0.13102844
v 0.097609624 -0.015596777 -0.13354024
v 0.092286825 -0.015527189 -0.13719314
v 0.100865915 -0.010830611 -0.13100757
v 0.09201546 0.039635077 -0.12966469
v 0.08801466 0.041186705 -0.12892716
v 0.09008117 0.038528785 -0.13365158
v 0.09818712 0.038514867 -0.12775823
v 0.09829149 0.03922458 -0.12501681
v 0.15112984 0.03900887 -0.04956527
v 0.15332156 0.039704666 -0.042134225
v 0.15332156 0.094178125 -0.042155102
v 0.1525075 0.10386352 -0.04525137
v 0.14892417 0.03944026 -0.055813476
v 0.1460784 0.12802137 -0.06286183
v 0.14984958 0.022108123 -0.053176433
v 0.15073323 0.022386447 -0.051527396
v 0.15274407 0.0029877871 -0.052390188
v 0.15188128 0.003356561 -0.054401025
v 0.15266752 -0.009299874 -0.052397147
v 0.1520274 -0.00977996 -0.05464454
v 0.14204976 0.039579436 -0.07143398
v 0.14323956 0.13319807 -0.06904045
v 0.13997631 0.13590468 -0.075462595
v 0.13448653 0.039600298 -0.08481403
v 0.13445869 0.1364335 -0.08492535
v 0.12780693 0.13640566 -0.09458293
v 0.12568477 0.03956552 -0.09738697
v 0.12116909 0.1364335 -0.10298808
v 0.11571409 0.03956552 -0.10904146
v 0.11616635 0.13467313 -0.10856832
v 0.110662654 0.13038705 -0.11420423
v 0.103259444 0.03938462 -0.1210021
v 0.10298112 0.11758451 -0.12116909
v 0.09829149 0.03922458 -0.12501681
v 0.09390801 0.10224928 -0.1283566
v 0.10142255 0.02293612 -0.1224076
v 0.09201546 0.039635077 -0.12966469
v 0.09191805 0.09313442 -0.12964383
v 0.10024667 0.019589365 -0.123994
v 0.10311332 0.0031408668 -0.124126196
v 0.10145038 0.0032173991 -0.12560128
v 0.10156867 -0.012034327 -0.12550387
v 0.10321769 -0.009459898 -0.12417491
v -0.15772466 0.003495723 0.049898013
v -0.15637486 0.038542703 0.038890585
v -0.15372388 0.03844528 0.048527285
v -0.16048698 0.0033913553 0.03976728
v -0.16050784 -0.01552023 0.039760336
v -0.15877531 -0.015367165 0.0463634
v -0.15767597 -0.012556165 0.05018328
v 0.17084157 -0.025560498 0.013201997
v 0.16327834 -0.030417114 0.034263596
v 0.16819757 -0.025609195 0.03340082
v 0.16590147 -0.030577153 0.012130484
v 0.1712521 -0.025588334 -0.005730465
v 0.1662285 -0.030584112 -0.005591303
v 0.16366798 -0.030563235 -0.031126827
v 0.16967265 -0.02554658 -0.023918435
v 0.16590843 -0.025588334 -0.042809144
v 0.15524891 -0.030584112 -0.059974298
v 0.15983418 -0.025602236 -0.062138215
v 0.15547854 -0.030604973 -0.06618075
v 0.16164324 -0.025748357 -0.06694612
v 0.16016816 -0.030542359 -0.072018445
v -0.05459459 0.035870865 -0.14772046
v -0.055847004 0.0033843964 -0.15152644
v -0.05209671 0.038549647 -0.15248662
v -0.05348827 0.00345397 -0.15656397
v -0.053460434 -0.013697267 -0.15665442
v -0.0560001 -0.009397283 -0.15135944
v -0.05459459 0.035870865 -0.14772046
v -0.05209671 0.038549647 -0.15248662
v -0.03897409 0.05640365 -0.11771797
v -0.04244609 0.052430674 -0.11576975
v -0.03611438 0.056410596 -0.10960505
v -0.041492835 0.052013204 -0.109758124
v 0.18451387 -0.03859265 0.048075035
v 0.19196579 -0.03859961 0.05865802
v 0.20932576 -0.03859265 0.046523407
v 0.20264618 -0.038578734 0.0353003
v 0.2148573 -0.038585693 0.040240422
v 0.2051371 -0.038585693 0.029031232
v 0.21823885 -0.03859265 0.02980356
v 0.19688502 -0.03859265 -0.06510228
v 0.19975865 -0.038585693 -0.08130725
v 0.20896396 -0.03859265 -0.06883171
v 0.20631298 -0.038543954 -0.07459982
v 0.19249459 -0.038585693 -0.07041812
v 0.17338818 -0.03859961 -0.07938686
v 0.17884317 -0.038620487 -0.09113181
v 0.15979242 0.038514867 0.021134004
v 0.12310339 0.056389734 0.015080631
v 0.16075262 0.03855662 0.01115638
v 0.123611316 0.05641757 0.009785667
v -0.08823608 0.038542703 -0.13486224
v -0.06701444 0.056334063 -0.10453969
v -0.08939804 0.03595434 -0.12982473
v -0.06983937 0.052375004 -0.10149908
v -0.06283276 0.05641757 -0.09850718
v -0.067564115 0.051811412 -0.09625979
v -0.06294407 0.056396678 -0.09424895
v -0.08939804 0.03595434 -0.12982473
v -0.09063654 0.0033287257 -0.13838992
v -0.08823608 0.038542703 -0.13486224
v -0.09168719 0.0031199902 -0.13282359
v -0.091666326 -0.009369448 -0.13284445
v -0.09068523 -0.0051668733 -0.13829249
v 0.1609196 0.038549647 -0.008986756
v 0.16116314 0.038542703 0.0010326207
v 0.12393138 0.056389734 -0.0057443827
v 0.12395921 0.05641757 -0.00040070713
v 0.17254627 -0.0035943836 -0.07982521
v 0.1745571 0.00050382316 -0.095696196
v 0.17798735 -0.0036152601 -0.091625825
v 0.16724434 0.000740394 -0.08006874
v -0.12023549 0.03596826 -0.10176349
v -0.097323105 0.056396678 -0.0768681
v -0.1254748 0.03853573 -0.10109553
v -0.09401809 0.052535042 -0.07927553
v -0.08926584 0.051727936 -0.07670806
v -0.0917985 0.05640365 -0.072143674
v -0.1254748 0.03853573 -0.10109553
v -0.12327607 0.0034261495 -0.10428921
v -0.12023549 0.03596826 -0.10176349
v -0.12881456 0.0035305172 -0.10382302
v -0.123248264 -0.009439021 -0.10431704
v -0.12863366 -0.01349549 -0.10388565
v -0.061566398 0.038549647 -0.14891723
v -0.063027576 0.003405273 -0.15286236
v -0.056765452 0.03602393 -0.14701074
v -0.05784394 0.0029530078 -0.1506219
v -0.057948306 -0.009571224 -0.15064974
v -0.0630206 -0.005139038 -0.15288323
v -0.04849945 0.056375816 -0.11419031
v -0.061566398 0.038549647 -0.14891723
v -0.056765452 0.03602393 -0.14701074
v -0.04438038 0.052409813 -0.11478869
v -0.046189442 0.056459293 -0.10748289
v -0.041492835 0.052013204 -0.109758124
v -0.118892595 0.038542703 -0.10881881
v -0.092696086 0.052375004 -0.08095239
v -0.11873256 0.03595434 -0.103496
v -0.09069221 0.056396678 -0.084591374
v -0.08926584 0.051727936 -0.07670806
v -0.08519547 0.056375816 -0.079686046
v -0.11873256 0.03595434 -0.103496
v -0.121696636 0.0036557466 -0.10589649
v -0.118892595 0.038542703 -0.10881881
v -0.122072354 0.0035026819 -0.11151151
v -0.12210019 -0.005139038 -0.11156718
v -0.12175231 -0.009585142 -0.1059591
v 0.12546907 0.038542703 0.10110818
v 0.12032022 0.036010012 0.10174136
v 0.097310424 0.05640365 0.07684596
v 0.0942907 0.052611575 0.07930212
v 0.08919056 0.05202712 0.07637979
v 0.09148666 0.05640365 0.07199632
v 0.086977944 0.056410596 0.07159971
v 0.12866971 0.003447011 0.10385658
v 0.12032022 0.036010012 0.10174136
v 0.12546907 0.038542703 0.10110818
v 0.123214714 0.0033913553 0.10432275
v 0.12864187 -0.0051599145 0.10389136
v 0.12233106 -0.011039346 0.10481675
v -0.14699559 -0.0036152601 0.13586293
v -0.14958392 0.00055252016 0.1312568
v -0.13241877 0.0007264763 0.12976085
v -0.13397734 -0.0035943836 0.13477056
v 0.10156867 -0.012034327 -0.12550387
v 0.10620263 -0.007956997 -0.13953796
v 0.10719065 -0.0064053833 -0.12489157
v 0.1019931 -0.011888206 -0.1312511
v 0.09592581 -0.018366024 -0.13845949
v 0.097609624 -0.015596777 -0.13354024
v 0.072679445 0.03855662 -0.14383796
v 0.061644197 0.05641757 -0.10760117
v 0.057003275 0.056368843 -0.110245176
v 0.08148119 0.038514867 -0.13905787
v 0.1613997 -0.0133354515 -0.06724532
v 0.16724434 0.000740394 -0.08006874
v 0.17254627 -0.0035943836 -0.07982521
v 0.16811408 -0.014692247 -0.06964579
v 0.12209449 0.0032452345 0.1116216
v 0.11886602 0.03857054 0.10878275
v 0.11874078 0.035905644 0.103306904
v 0.1216631 0.0044767857 0.10595091
v 0.12217103 -0.012792736 0.11168422
v 0.12233106 -0.011039346 0.10481675
v 0.09275299 0.052291527 0.08088155
v 0.11874078 0.035905644 0.103306904
v 0.11886602 0.03857054 0.10878275
v 0.090721294 0.056389734 0.08460404
v 0.08404866 0.05638276 0.07820277
v 0.08919056 0.05202712 0.07637979
v -0.11022304 0.056410596 -0.019249678
v -0.11180945 0.05638276 -0.016793534
v -0.11162855 0.056320146 -0.020773456
v -0.11592157 0.05638276 -0.00935553
v -0.115295365 0.056396678 -0.013982534
v -0.1236379 0.056410596 -0.00977996
v -0.12306039 0.056410596 -0.0150818825
v -0.11315234 0.05640365 -0.0064819157
v -0.09975837 0.05640365 -0.032796726
v -0.11392467 0.05640365 -0.023786232
v -0.12143223 0.056410596 -0.02512215
v -0.10293813 0.05638276 -0.020571679
v -0.10509507 0.05638276 -0.002933383
v -0.09261955 0.056410596 -0.049850553
v -0.11311059 0.05640365 -0.002334997
v -0.10833745 0.056410596 -0.06072575
v -0.0917985 0.05640365 -0.072143674
v -0.08290632 0.056410596 -0.07021634
v -0.08252363 0.056389734 -0.0649005
v -0.097323105 0.056396678 -0.0768681
v -0.07447334 0.056375816 -0.07399449
v -0.087832496 0.056375816 -0.0719419
v -0.06528194 0.0563619 -0.08219786
v -0.08438139 0.056410596 -0.07553914
v -0.080818936 0.056396678 -0.08221178
v -0.08519547 0.056375816 -0.079686046
v -0.09069221 0.056396678 -0.084591374
v -0.08697669 0.05640365 -0.08841127
v -0.11777933 0.0563619 -0.039072752
v -0.11697917 0.054580674 -0.05146478
v -0.122976884 0.053008184 -0.045293123
v -0.114335164 0.054525003 -0.057392925
v -0.11398031 0.052882954 -0.06524144
v -0.13447134 0.048165485 -0.042906553
v -0.11743145 0.049751893 -0.07226196
v -0.097323105 0.056396678 -0.0768681
v -0.134694 0.03853573 -0.08845301
v -0.1254748 0.03853573 -0.10109553
v -0.12504338 0.045465812 -0.07672894
v -0.13447832 0.041945115 -0.07517733
v -0.14263298 0.038542703 -0.07497555
v -0.1406778 0.04047005 -0.06999369
v -0.14918037 0.03853573 -0.06092754
v -0.1437184 0.0403796 -0.06390552
v -0.14428897 0.04163201 -0.05589001
v -0.15437098 0.03853573 -0.046225473
v -0.15810736 0.038542703 -0.031119868
v -0.14058734 0.044582173 -0.0480067
v -0.13484709 0.04761581 -0.044555575
v -0.13056101 0.04974492 -0.04372759
v 0.15552028 0.035912618 0.024494693
v 0.12310339 0.056389734 0.015080631
v 0.15979242 0.038514867 0.021134004
v 0.12160744 0.05236806 0.019060552
v 0.11583237 0.05647321 0.013821259
v 0.115978494 0.051874056 0.019032732
v 0.15552028 0.035912618 0.024494693
v 0.15979242 0.038514867 0.021134004
v 0.15943062 0.0035652965 0.025093064
v 0.16386977 0.0036488026 0.021836773
v 0.16392542 -0.0051529557 0.021829799
v 0.15954891 -0.009327695 0.025023475
v 0.08509235 -0.02146925 0.14897163
v 0.074516326 -0.021552742 0.15457971
v 0.07725774 -0.012319595 0.1424173
v 0.07270031 -0.015513286 0.14850546
v 0.074467614 -0.0111297965 0.14313395
v 0.07208106 -0.018442556 0.15217228
v 0.06653561 -0.015568942 0.15139996
v 0.15966022 -0.02183801 0.11600508
v 0.14552176 -0.0077760816 0.1174732
v 0.15851913 -0.02008462 0.10275026
v 0.14407451 -0.005640015 0.10051678
v 0.14774133 -0.0047563612 0.09333621
v 0.079693004 0.038528785 0.14009334
v 0.076332346 0.0035026819 0.14219464
v 0.07436325 0.035836086 0.13877134
v 0.08162731 0.0035165995 0.14379494
v 0.08170384 -0.011568144 0.14381583
v 0.07725774 -0.012319595 0.1424173
v 0.08509235 -0.02146925 0.14897163
v 0.058506176 0.052507207 0.108316585
v 0.079693004 0.038528785 0.14009334
v 0.07436325 0.035836086 0.13877134
v 0.06235391 0.056410596 0.107175484
v 0.05493678 0.051707044 0.10405834
v 0.058742747 0.056389734 0.10064201
v -0.16091837 0.038549647 0.008971587
v -0.16515572 0.0034748465 0.009298623
v -0.16116188 0.03853573 -0.0010408312
v -0.16535752 0.0033426434 -0.0012147874
v -0.16540621 -0.011561185 -0.0011451989
v -0.16510703 -0.011623815 0.009305567
v -0.16116188 0.03853573 -0.0010408312
v -0.123992756 0.05641757 0.00040641427
v -0.16091837 0.038549647 0.008971587
v -0.12388839 0.05640365 0.00575009
v 0.098931625 0.0034748465 0.13248138
v 0.09106223 0.035905644 0.1283484
v 0.09657289 0.038528785 0.12904419
v 0.09349054 0.003036499 0.13157685
v 0.0940263 -0.011950836 0.13156296
v 0.0990012 -0.011547267 0.1324953
v 0.1028211 -0.021531865 0.13740759
v 0.09106223 0.035905644 0.1283484
v 0.07148267 0.052555934 0.10005058
v 0.09657289 0.038528785 0.12904419
v 0.07523994 0.05640365 0.09859638
v 0.0675932 0.051839247 0.096202865
v 0.069694504 0.056389734 0.091554984
v -0.15976335 0.038542703 -0.02113527
v -0.15949894 0.0036070496 -0.02503866
v -0.15556078 0.035891727 -0.024502888
v -0.1640007 0.0033426434 -0.02174756
v -0.16389634 -0.012465715 -0.022011966
v -0.15950589 -0.011846468 -0.02530305
v -0.15556078 0.035891727 -0.024502888
v -0.12306039 0.056410596 -0.0150818825
v -0.15976335 0.038542703 -0.02113527
v -0.12162705 0.05247937 -0.018915698
v -0.11606769 0.051804468 -0.018922657
v -0.115295365 0.056396678 -0.013982534
v 0.06949271 -0.03162083 0.1524158
v 0.07702117 -0.03818214 0.15627049
v 0.08033313 -0.032838464 0.15772466
v 0.080347046 -0.037583753 0.15769686
v 0.080347046 -0.037583753 0.15769686
v 0.12070987 -0.037590712 0.1294408
v 0.08033313 -0.032838464 0.15772466
v 0.120723784 -0.032400116 0.12942688
v 0.072679445 0.03855662 -0.14383796
v 0.074530244 0.0034748465 -0.1476787
v 0.08148119 0.038514867 -0.13905787
v 0.0837286 0.0032939464 -0.14259943
v 0.08366597 -0.011540309 -0.14268294
v 0.074467614 -0.011623815 -0.1476648
v -0.16562887 -0.0076299757 -0.03433442
v -0.16924001 -0.0038796663 -0.031794786
v -0.17024891 -0.00422059 -0.037117586
v -0.16921218 -0.007609099 -0.039218873
v 0.052111864 0.038542703 0.15247841
v 0.054498434 0.035947397 0.14781661
v 0.05595264 0.0031826198 0.15135123
v 0.05355215 0.003495723 0.1564305
v 0.054254904 -0.0062662214 0.15517111
v 0.05611962 -0.010517508 0.15130948
v 0.053092927 -0.0053060353 0.15656967
v 0.054498434 0.035947397 0.14781661
v 0.052111864 0.038542703 0.15247841
v 0.042245552 0.052611575 0.11576153
v 0.03898926 0.056375816 0.1177863
v 0.036240876 0.05640365 0.11002822
v 0.041626304 0.05184622 0.10993083
v 0.02482295 0.038584456 -0.15911752
v 0.025609195 0.0037392527 -0.16334793
v 0.028107092 0.03587781 -0.15492189
v 0.028761134 0.0029321313 -0.15883224
v 0.025706619 -0.0053477734 -0.16332704
v 0.029004663 -0.010559246 -0.15885311
v 0.028107092 0.03587781 -0.15492189
v 0.017927676 0.05638276 -0.12276245
v 0.02482295 0.038584456 -0.15911752
v 0.021671027 0.05247937 -0.12123867
v 0.016619593 0.05640365 -0.114496455
v 0.0217406 0.05191578 -0.11544969
v 0.07249853 0.03595434 0.13996114
v 0.072707266 0.002897337 0.14855416
v 0.070717305 0.03855662 0.14478298
v 0.07438412 0.0036000907 0.1431757
v 0.07270031 -0.015513286 0.14850546
v 0.074467614 -0.0111297965 0.14313395
v 0.07249853 0.03595434 0.13996114
v 0.070717305 0.03855662 0.14478298
v 0.056481436 0.05249329 0.10948552
v 0.05336429 0.05640365 0.11195557
v 0.05493678 0.051707044 0.10405834
v 0.049794883 0.056396678 0.10479589
v -0.09649511 0.03853573 -0.12902457
v -0.07524566 0.05640365 -0.09856981
v -0.10440625 0.038528785 -0.12284595
v -0.07942735 0.056396678 -0.09525089
v -0.17237802 -0.03162779 0.039704666
v -0.16928177 -0.03825867 0.041423276
v -0.16173242 -0.031606913 0.044818714
v -0.17246152 -0.03760463 0.03982295
v 0.030945912 0.003224358 -0.15842173
v 0.034744933 0.038542703 -0.1573363
v 0.030284911 0.035961315 -0.15458792
v 0.035593793 0.0033843964 -0.161518
v 0.035496384 -0.011324614 -0.1614832
v 0.030925035 -0.010886267 -0.15839389
v 0.034744933 0.038542703 -0.1573363
v 0.023841888 0.052395895 -0.12084903
v 0.030284911 0.035961315 -0.15458792
v 0.027947053 0.05640365 -0.12083511
v 0.026471987 0.05640365 -0.11353627
v 0.0217406 0.05191578 -0.11544969
v 0.0882234 0.03855662 0.13483317
v 0.06701571 0.056334063 0.10455932
v 0.089385375 0.03598915 0.12986521
v 0.06979191 0.052416757 0.10156046
v 0.06224954 0.05640365 0.097267434
v 0.0675932 0.051839247 0.096202865
v 0.089385375 0.03598915 0.12986521
v 0.09063779 0.0033983141 0.1383817
v 0.0882234 0.03855662 0.13483317
v 0.091716275 0.0031547844 0.13275276
v 0.0916954 -0.011644676 0.13290583
v 0.09124313 -0.014079943 0.13618301
v 0.090568215 -0.011575103 0.13836081
v 0.054254904 -0.0062662214 0.15517111
v 0.05611962 -0.010517508 0.15130948
v 0.067732364 -0.008012652 0.16169764
v 0.06310536 -0.012799695 0.15297939
v 0.07208106 -0.018442556 0.15217228
v 0.06653561 -0.015568942 0.15139996
v 0.04839635 0.0033426434 -0.15397562
v 0.04724133 0.0358987 -0.15014878
v 0.044465125 0.03853573 -0.15494972
v 0.045780167 0.0034191906 -0.15892269
v 0.048465922 -0.01153335 -0.15387821
v 0.045849755 -0.015555024 -0.1588879
v 0.036553994 0.0525281 -0.11770405
v 0.044465125 0.03853573 -0.15494972
v 0.04724133 0.0358987 -0.15014878
v 0.033081993 0.056410596 -0.11950615
v 0.03580253 0.051853165 -0.11192203
v 0.03102246 0.056389734 -0.112819605
v -0.111879036 0.038528785 -0.115978494
v -0.10909586 0.003996685 -0.11883123
v -0.10639621 0.035919562 -0.115978494
v -0.11481528 0.0032869875 -0.11910955
v -0.10918634 -0.009473816 -0.11890081
v -0.11476655 -0.0051251203 -0.11910259
v 0.16123968 0.0029251724 0.007162541
v 0.16075262 0.03855662 0.01115638
v 0.15737803 0.035961315 0.007120788
v 0.16505261 0.0031965375 0.011385992
v 0.1650039 -0.0051042438 0.01133728
v 0.1613997 -0.009146795 0.0074199736
v 0.16075262 0.03855662 0.01115638
v 0.12303381 0.05245851 0.005798787
v 0.15737803 0.035961315 0.007120788
v 0.123611316 0.05641757 0.009785667
v 0.11601328 0.056174025 0.009145543
v 0.11729354 0.051874056 0.004226297
v 0.061644197 0.03852181 0.14896466
v 0.05801913 0.003085211 0.15065543
v 0.05655101 0.0358987 0.14696081
v 0.063133195 0.0038366616 0.15285413
v 0.06310536 -0.012799695 0.15297939
v 0.057949558 -0.010468796 0.15066935
v -0.16787626 -0.0068019778 0.070187256
v -0.15996511 -0.0058487505 0.074125424
v -0.17454891 -0.007803917 0.06729974
v -0.1678345 -0.02004984 0.08610694
v -0.18029614 -0.021810189 0.080199674
v -0.15855266 0.038514867 0.029003397
v -0.1542527 0.035940453 0.032092705
v -0.16269262 0.003683582 0.029845312
v -0.15798907 0.003133908 0.032962456
v -0.15843438 -0.0120482445 0.032635435
v -0.1627274 -0.011811674 0.029747888
v -0.16784148 -0.020578638 0.031209067
v -0.1542527 0.035940453 0.032092705
v -0.15855266 0.038514867 0.029003397
v -0.12220456 0.056410596 0.02116184
v -0.1206599 0.05229847 0.025044367
v -0.116109446 0.05343263 0.022991762
v -0.114571735 0.056389734 0.019665897
v 0.049273044 0.035926536 -0.14957127
v 0.055486456 0.0032939464 -0.15584034
v 0.054143578 0.03857054 -0.15176997
v 0.050532416 0.003447011 -0.15332854
v 0.051012516 -0.011971697 -0.15348856
v 0.055444703 -0.011602938 -0.15580556
v 0.057379007 -0.020766497 -0.16094744
v 0.054143578 0.03857054 -0.15176997
v 0.038703978 0.05242373 -0.11686215
v 0.049273044 0.035926536 -0.14957127
v 0.042795226 0.056375816 -0.116465546
v 0.039726794 0.056368843 -0.10814389
v 0.03580253 0.051853165 -0.11192203
v 0.060656175 -0.007824793 0.17696328
v 0.0647683 -0.007929161 0.1683494
v 0.06595114 -0.0135650635 0.177339
v 0.07130873 -0.013551146 0.16571932
v 0.067732364 -0.008012652 0.16169764
v 0.060656175 -0.007824793 0.17696328
v 0.06595114 -0.0135650635 0.177339
v 0.061045825 -0.024454191 0.18725403
v 0.0543036 -0.021775395 0.18965451
v 0.15638305 0.03855662 -0.038905755
v 0.15752415 0.0032173991 -0.035078913
v 0.15370426 0.035891727 -0.034209177
v 0.16051605 0.0034887642 -0.039824203
v 0.16051605 -0.0052016675 -0.039810285
v 0.15752415 -0.00953643 -0.03499542
v -0.07649808 0.002897337 -0.1422933
v -0.07446636 0.035926536 -0.13875172
v -0.07969873 0.038542703 -0.14008763
v -0.0816191 0.0034818053 -0.1437962
v -0.081702605 -0.0051181614 -0.14381012
v -0.07619192 -0.009564266 -0.14219588
v -0.058365777 0.052381977 -0.10836654
v -0.07969873 0.038542703 -0.14008763
v -0.07446636 0.035926536 -0.13875172
v -0.06233178 0.056396678 -0.10719761
v -0.05504684 0.051853165 -0.10382302
v -0.057969168 0.056389734 -0.09964132
v 0.08350594 0.052472427 0.09049739
v 0.11193595 0.038528785 0.115998104
v 0.106425285 0.035870865 0.116018996
v 0.086964026 0.056396678 0.08840306
v 0.078934595 0.05184622 0.08694886
v 0.08103588 0.056375816 0.08238445
v 0.11193595 0.038528785 0.115998104
v 0.10927107 0.003307864 0.11887173
v 0.106425285 0.035870865 0.116018996
v 0.1147052 0.0033983141 0.11910133
v 0.109083205 -0.011185467 0.11889957
v 0.11471215 -0.015443698 0.11912222
v 0.15136641 -0.031586036 0.05810137
v 0.15456009 -0.03162083 0.06462093
v 0.16848981 -0.03170432 0.046342507
v 0.14327437 -0.031586036 0.0756353
v 0.13929445 -0.031592995 0.09299527
v 0.1476787 -0.031787828 0.07943432
v 0.13331065 -0.031579092 0.09205596
v 0.12148219 -0.031586036 0.10718246
v 0.11966618 -0.03162083 0.11766802
v 0.108011685 -0.031586036 0.12074341
v 0.11985405 -0.031592995 0.12905811
v 0.08024964 -0.031599954 0.15694539
v 0.09294087 -0.031579092 0.13269709
v 0.07650629 -0.031586036 0.14281388
v 0.06949271 -0.03162083 0.1524158
v 0.05959162 -0.031579092 0.1506624
v 0.04102096 -0.031586036 0.15673666
v 0.03285934 -0.031592995 0.16423033
v 0.051638722 -0.031878278 0.15964507
v 0.022005007 -0.031592995 0.16052176
v 0.013787717 -0.031606913 0.16692303
v -0.0049847066 -0.031606913 0.16738226
v 0.0021332204 -0.030841544 0.16125931
v -0.072552934 0.0358987 -0.13981628
v -0.07265036 0.003356561 -0.1486389
v -0.07069518 0.038542703 -0.14483988
v -0.0744455 0.0038923174 -0.1430865
v -0.07432024 -0.009285957 -0.14337176
v -0.07267122 -0.005145997 -0.14858323
v -0.07069518 0.038542703 -0.14483988
v -0.05339782 0.05638276 -0.112005524
v -0.072552934 0.0358987 -0.13981628
v -0.05632712 0.052646384 -0.10962592
v -0.049807534 0.05623664 -0.10415005
v -0.05504684 0.051853165 -0.10382302
v -0.15786384 -0.00588353 0.06933142
v -0.15780123 -0.007748261 0.06519149
v -0.1558878 -0.006370589 0.06104456
v -0.1579056 -0.008110061 0.06082888
v 0.10488759 0.03598915 0.11756365
v 0.10754551 0.0034261495 0.12031202
v 0.10437966 0.038563564 0.12275423
v 0.10719761 0.0033704787 0.12598966
v 0.10738548 -0.01225698 0.12130003
v 0.10722545 -0.011637732 0.12593399
v 0.110982716 -0.020794332 0.12996958
v 0.10437966 0.038563564 0.12275423
v 0.08179429 0.05249329 0.09199335
v 0.10488759 0.03598915 0.11756365
v 0.07943557 0.056389734 0.095263556
v 0.07448849 0.056389734 0.08969025
v 0.078934595 0.05184622 0.08694886
v 0.122539796 0.052465454 -0.0118673295
v 0.16004291 0.038549647 -0.019110516
v 0.15680748 0.036016986 -0.014894024
v 0.12301989 0.056368843 -0.015840307
v 0.11608286 0.05641757 -0.015241921
v 0.116966516 0.05195059 -0.010232225
v 0.1126039 0.05640365 -0.012319595
v 0.15680748 0.036016986 -0.014894024
v 0.16004291 0.038549647 -0.019110516
v 0.16419679 0.0035305172 -0.019444495
v 0.16068304 0.003314823 -0.015102759
v 0.16425245 -0.0051599145 -0.019444495
v 0.16080828 -0.009466857 -0.015228003
v -0.05417712 0.038542703 0.15182437
v -0.038619235 0.052340224 0.11689569
v -0.04947357 0.036065683 0.14963262
v -0.04278703 0.05638276 0.11645733
v -0.039635077 0.056354925 0.10805915
v -0.035836086 0.051839247 0.11199732
v -0.04947357 0.036065683 0.14963262
v -0.055429533 0.003537476 0.15580429
v -0.05417712 0.038542703 0.15182437
v -0.050517246 0.0030921698 0.15334119
v -0.050266758 -0.009626895 0.15326466
v -0.055471286 -0.005180791 0.15584604
v -0.04448475 0.03855662 0.1548789
v -0.045764998 0.0037670732 0.15890752
v -0.047281817 0.03586389 0.15010576
v -0.048367247 0.0035305172 0.15397437
v -0.045778915 -0.005145997 0.15896319
v -0.048290715 -0.009341612 0.1541831
v -0.047281817 0.03586389 0.15010576
v -0.033087686 0.056410596 0.11948402
v -0.04448475 0.03855662 0.1548789
v -0.036427483 0.052681163 0.11782108
v -0.035836086 0.051839247 0.11199732
v -0.030833349 0.056396678 0.11123891
v 0.053837433 -0.038383916 0.18955709
v 0.059410706 -0.052571088 0.17698418
v 0.042231634 -0.036922753 0.18407427
v 0.050970778 -0.05138825 0.17311557
v 0.041007042 -0.043762386 0.17566912
v 0.040777445 -0.035218075 0.18409513
v 0.15693273 0.035849974 -0.01273708
v 0.16517785 0.0033496022 -0.009272039
v 0.1609196 0.038549647 -0.008986756
v 0.16092657 0.0030017048 -0.012938857
v 0.16514306 -0.0051112026 -0.009313777
v 0.16080828 -0.009557307 -0.013091922
v 0.12286682 0.052354142 -0.009682551
v 0.15693273 0.035849974 -0.01273708
v 0.1609196 0.038549647 -0.008986756
v 0.12393138 0.056389734 -0.0057443827
v 0.116639495 0.05640365 -0.005139038
v 0.116966516 0.05195059 -0.010232225
v 0.113320574 0.056389734 -0.007163793
v 0.059410706 -0.052571088 0.17698418
v 0.060377866 -0.037242815 0.18716358
v 0.06469177 -0.048549414 0.17698418
v 0.053837433 -0.038383916 0.18955709
v 0.07023026 -0.048584208 0.16507919
v 0.059410706 -0.052571088 0.17698418
v 0.06469177 -0.048549414 0.17698418
v 0.06362024 -0.053002477 0.16647772
v 0.06867865 -0.04938437 0.16042434
v 0.13708183 -0.021831065 -0.1418967
v 0.1371862 -0.038467407 -0.1414653
v 0.1381951 -0.020154208 -0.12935159
v 0.13849428 -0.036164343 -0.12783477
v 0.1391344 -0.018352106 -0.12732685
v 0.16367495 -0.029888317 -0.0678924
v 0.16848285 -0.027640909 -0.06952751
v 0.17338818 -0.03859961 -0.07938686
v 0.1680932 -0.044082448 -0.079602554
v 0.16357057 -0.03400044 -0.070633814
v 0.120689 -0.013578981 -0.14585574
v 0.1316129 -0.02439852 -0.14646107
v 0.12290856 -0.0077760816 -0.14097825
v 0.13708183 -0.021831065 -0.1418967
v 0.120689 -0.013578981 -0.14585574
v 0.12290856 -0.0077760816 -0.14097825
v 0.10620263 -0.007956997 -0.13953796
v 0.107837744 -0.013537228 -0.1446729
v 0.041431487 -0.013530269 -0.17557296
v 0.029011622 -0.007748261 -0.18476436
v 0.034056097 -0.013572022 -0.18610723
v 0.03480059 -0.007998735 -0.17681147
v 0.038620487 -0.007956997 -0.1710364
v 0.15421915 0.035912618 -0.032128766
v 0.15798336 0.0029251724 -0.032984585
v 0.15849826 0.03855662 -0.029011622
v 0.16271475 0.003356561 -0.029839605
v 0.15801817 -0.009397283 -0.03294283
v 0.16264516 -0.005145997 -0.029902235
v 0.15849826 0.03855662 -0.029011622
v 0.12224061 0.056389734 -0.02117005
v 0.15421915 0.035912618 -0.032128766
v 0.12068204 0.052326307 -0.024989948
v 0.11353627 0.056299284 -0.019548863
v 0.11742573 0.052882954 -0.024572477
v -0.17987864 -0.03841871 0.08054061
v -0.16825198 -0.036922753 0.0859191
v -0.17379047 -0.052591965 0.068232074
v -0.1653923 -0.051409125 0.07219808
v -0.16179506 -0.0448339 0.0801162
v -0.16723613 -0.035204157 0.08718543
v -0.16825198 -0.036922753 0.0859191
v -0.17987864 -0.03841871 0.08054061
v -0.1678345 -0.02004984 0.08610694
v -0.18029614 -0.021810189 0.080199674
v -0.18207736 -0.03727065 0.07408367
v -0.17379047 -0.052591965 0.068232074
v -0.17713724 -0.048549414 0.06427999
v -0.17987864 -0.03841871 0.08054061
v -0.17379047 -0.052591965 0.068232074
v -0.16937916 -0.052605882 0.058581457
v -0.17713724 -0.048549414 0.06427999
v -0.17161961 -0.048598126 0.052319363
v -0.16833548 -0.05122125 0.052430674
v 0.041431487 -0.013530269 -0.17557296
v 0.047039554 -0.013613775 -0.17931631
v 0.045933247 -0.021448374 -0.1690047
v 0.051763967 -0.021573618 -0.17253235
v 0.05369827 -0.013599858 -0.18042958
v 0.10198614 -0.013592899 -0.15796946
v 0.09905687 -0.021573618 -0.15042013
v 0.106508784 -0.013634637 -0.1531685
v -0.08296196 0.03586389 0.13382427
v -0.06164296 0.056424513 0.10758601
v -0.081486896 0.03853573 0.13902877
v -0.064725295 0.05236806 0.10483764
v -0.0615177 0.05330737 0.101483926
v -0.05824749 0.05640365 0.102130994
v -0.05792047 0.05665414 0.09796323
v -0.081486896 0.03853573 0.13902877
v -0.08502151 0.003537476 0.13719885
v -0.08296196 0.03586389 0.13382427
v -0.08368559 0.0031687021 0.14272343
v -0.08371343 -0.005132079 0.14266081
v -0.08497976 -0.009320736 0.13744237
v -0.09007992 0.03853573 0.13365032
v -0.08720629 0.04137458 0.12877284
v -0.08479886 0.035912618 0.13271101
v -0.08495192 0.04058136 0.12833448
v -0.07078563 0.052082792 0.106959805
v -0.06637432 0.05242373 0.10384266
v -0.08479886 0.035912618 0.13271101
v -0.08690016 0.0035513788 0.13600905
v -0.09007992 0.03853573 0.13365032
v -0.092278615 0.0034261495 0.13721277
v -0.086747065 -0.009557307 0.13603689
v -0.09228556 -0.0051112026 0.13721277
v -0.17914112 -0.0135650635 -0.021093518
v -0.18408819 -0.013850346 -0.017176226
v -0.18655129 -0.01358594 -0.01590988
v -0.17973255 -0.021914557 -0.0065236688
v -0.17457671 -0.021587536 -0.014379144
v -0.18641908 -0.0136555135 -0.014441758
v -0.18788023 -0.013592899 -0.0103018135
v -0.1831628 -0.013599858 0.043301895
v -0.17358871 -0.021608412 0.04276614
v -0.17965598 -0.013599858 0.048346385
v -0.17279549 -0.013578981 0.051881
v -0.16870426 -0.021580577 0.04428993
v 0.15372513 0.038494006 -0.048528552
v 0.15332156 0.039704666 -0.042134225
v 0.15112984 0.03900887 -0.04956527
v 0.15638305 0.03855662 -0.038905755
v 0.15085152 0.04124932 -0.037917733
v 0.15112984 0.03900887 -0.04956527
v 0.15073323 0.022386447 -0.051527396
v 0.15372513 0.038494006 -0.048528552
v 0.15274407 0.0029877871 -0.052390188
v 0.15765634 0.0033496022 -0.049947962
v 0.15266752 -0.009299874 -0.052397147
v 0.15770505 -0.0051947087 -0.04995492
v 0.09982224 -0.021538824 -0.14374053
v 0.107837744 -0.013537228 -0.1446729
v 0.10620263 -0.007956997 -0.13953796
v 0.09696253 -0.021531865 -0.14156967
v 0.09592581 -0.018366024 -0.13845949
v 0.027766153 -0.05241801 -0.18477827
v 0.038467407 -0.051423028 -0.17214271
v 0.03294283 -0.048542455 -0.18556452
v 0.04051304 -0.048584208 -0.1747728
v 0.15966022 -0.02183801 0.11600508
v 0.15851218 -0.036915794 0.10247891
v 0.15973677 -0.03835608 0.115385816
v 0.15851913 -0.02008462 0.10275026
v 0.15854001 -0.019848049 0.101664826
v -0.15070416 0.04131891 0.037666008
v -0.15637486 0.038542703 0.038890585
v -0.15367518 0.035912618 0.034221843
v -0.14952825 0.040539607 0.0358987
v -0.121369615 0.052124545 0.027660534
v -0.124695495 0.05256982 0.029935762
v -0.18029614 -0.021810189 0.080199674
v -0.17820181 -0.013502449 0.063424185
v -0.17454891 -0.007803917 0.06729974
v -0.18261312 -0.024426356 0.07362445
v 0.15510976 -0.024384603 0.121279165
v 0.15966022 -0.02183801 0.11600508
v 0.15973677 -0.03835608 0.115385816
v 0.15520021 -0.037402853 0.12077819
v 0.11966618 -0.03162083 0.11766802
v 0.12056375 -0.03789687 0.12556525
v 0.13539106 -0.03859961 0.110069975
v 0.13929445 -0.031592995 0.09299527
v 0.14748389 -0.03850916 0.09306486
v 0.1476787 -0.031787828 0.07943432
v 0.15753111 -0.03859961 0.07504387
v 0.15456009 -0.03162083 0.06462093
v 0.16528916 -0.038613528 0.055853978
v 0.16848981 -0.03170432 0.046342507
v 0.16911602 -0.04520963 0.055791333
v 0.17324206 -0.032511443 0.039906457
v 0.17018059 -0.030591056 0.042974874
v 0.17078592 -0.025630072 0.03774254
v 0.16361232 -0.041967243 0.061002806
v 0.16514306 -0.046559453 0.06802334
v 0.15753111 -0.03859961 0.07504387
v 0.15514454 -0.04410331 0.07990746
v 0.14872935 -0.039817244 0.09147148
v 0.14748389 -0.03850916 0.09306486
v 0.144492 -0.04168892 0.097900584
v 0.15514454 -0.04410331 0.07990746
v 0.16119793 -0.04809715 0.08171649
v 0.15547854 -0.043511897 0.09270303
v 0.14872935 -0.039817244 0.09147148
v 0.1521944 -0.04331708 0.09679429
v 0.13539106 -0.03859961 0.110069975
v 0.144492 -0.04168892 0.097900584
v 0.14994699 -0.045286164 0.100558504
v 0.14524344 -0.05138825 0.10709198
v 0.1402268 -0.047283083 0.10386352
v 0.1360451 -0.05321817 0.11603986
v 0.1272851 -0.049356535 0.119379655
v 0.12958816 -0.051207334 0.11960231
v 0.1402268 -0.047283083 0.10386352
v 0.1272851 -0.049356535 0.119379655
v 0.12382005 -0.041438445 0.123032555
v 0.12056375 -0.03789687 0.12556525
v 0.120723784 -0.032400116 0.12942688
v 0.12056375 -0.03789687 0.12556525
v 0.11966618 -0.03162083 0.11766802
v 0.12070987 -0.037590712 0.1294408
v -0.057948306 -0.009571224 -0.15064974
v -0.06167774 -0.019534945 -0.1598481
v -0.05540867 -0.019639313 -0.16224857
v -0.053460434 -0.013697267 -0.15665442
v -0.0560001 -0.009397283 -0.15135944
v -0.048186347 -0.019534945 -0.16452381
v -0.041172788 -0.014706165 -0.1615319
v -0.033679113 -0.011387244 -0.16203287
v 0.12099514 -0.04856333 -0.14445719
v 0.13188426 -0.037235856 -0.14578617
v 0.1304231 -0.037917733 -0.1566405
v 0.1189356 -0.04857029 -0.15691882
v 0.12732685 -0.037542015 -0.1650039
v 0.1154149 -0.048612043 -0.16324355
v 0.12384789 -0.037590712 -0.17015275
v 0.11965922 -0.037535056 -0.17471018
v 0.10987641 -0.048591167 -0.1683924
v 0.11339015 -0.037583753 -0.1791215
v 0.06442736 -0.048591167 -0.18991321
v 0.06437865 -0.037576795 -0.20197126
v 0.05564648 -0.048591167 -0.19297469
v 0.05706589 -0.037639424 -0.2038986
v 0.04971835 -0.048556373 -0.19328779
v 0.050775945 -0.037590712 -0.20424649
v 0.044687778 -0.037590712 -0.20358549
v 0.041960284 -0.048598126 -0.19131175
v 0.036073893 -0.03768812 -0.20067012
v 0.03294283 -0.048542455 -0.18556452
v 0.027355641 -0.037542015 -0.19493681
v 0.15725975 -0.019618437 -0.0682403
v 0.1542748 -0.013551146 -0.05950117
v 0.1486876 -0.013509408 -0.07256812
v 0.15965328 -0.01965323 -0.06268093
v 0.1520274 -0.00977996 -0.05464454
v 0.16210246 -0.019548863 -0.055521235
v 0.15266752 -0.009299874 -0.052397147
v 0.13188426 -0.037235856 -0.14578617
v 0.1371862 -0.038467407 -0.1414653
v 0.1316129 -0.02439852 -0.14646107
v 0.13708183 -0.021831065 -0.1418967
v 0.1371862 -0.038467407 -0.1414653
v 0.13188426 -0.037235856 -0.14578617
v 0.123708725 -0.052424967 -0.14003196
v 0.12099514 -0.04856333 -0.14445719
v -0.015108466 -0.044089407 0.1853754
v -0.006070152 -0.04431902 0.17758255
v -0.020584345 -0.034021303 0.17698418
v -0.0055274367 -0.04530704 0.17892541
v -0.16436948 -0.0154924095 -0.01875566
v -0.16793193 -0.018366024 -0.013815552
v -0.17396443 -0.007984817 -0.022192866
v -0.16389634 -0.012465715 -0.022011966
v -0.15950589 -0.011846468 -0.02530305
v -0.16181593 -0.0065027922 -0.030243173
v -0.1681685 -0.007115081 -0.02612409
v -0.16974099 -0.044353798 -0.10412917
v -0.15232535 -0.045320943 -0.09400542
v -0.1529933 -0.04407549 -0.10581299
v -0.16305442 -0.04771447 -0.0727351
v -0.16642903 -0.047944084 -0.07130177
v -0.1529933 -0.04407549 -0.10581299
v -0.15078764 -0.044360757 -0.09410979
v -0.14279996 -0.033791706 -0.10655749
v -0.15232535 -0.045320943 -0.09400542
v 0.12375743 -0.02156666 0.13088803
v 0.13134155 -0.013578981 0.12371443
v 0.13148071 -0.013648555 0.13269012
v 0.12172572 -0.021851927 0.12343611
v -0.011232913 0.043858543 -0.14963388
v -0.01755765 0.05021806 -0.135732
v -0.016159117 0.043955937 -0.14904943
v -0.021134004 0.047949776 -0.14008763
v -0.019972041 0.04502748 -0.14584878
v -0.18357329 -0.00787349 -0.036073893
v -0.18659304 -0.0135650635 -0.03153734
v -0.19263248 -0.02440548 -0.04082614
v -0.19148444 -0.02189368 -0.047756225
v 0.11247171 -0.052842453 -0.1386056
v 0.12441147 -0.051402166 -0.13070142
v 0.123708725 -0.052424967 -0.14003196
v 0.12133608 -0.051506534 -0.13059705
v 0.12441147 -0.051402166 -0.13070142
v 0.13052747 -0.04491043 -0.12473849
v 0.123708725 -0.052424967 -0.14003196
v 0.1371862 -0.038467407 -0.1414653
v 0.13849428 -0.036164343 -0.12783477
v 0.13322018 -0.043393612 -0.1215796
v 0.13922486 -0.035169363 -0.12729204
v 0.11247171 -0.052842453 -0.1386056
v 0.123708725 -0.052424967 -0.14003196
v 0.12099514 -0.04856333 -0.14445719
v 0.10669664 -0.051172554 -0.14027551
v 0.10785861 -0.048598126 -0.14337873
v -0.19112958 -0.038390875 -0.048124984
v -0.18070664 -0.036964506 -0.055340335
v -0.19148444 -0.02189368 -0.047756225
v -0.17989953 -0.01990372 -0.055862173
v -0.17981602 -0.035204157 -0.05669017
v -0.19112958 -0.038390875 -0.048124984
v -0.18297492 -0.05256413 -0.03704104
v -0.18070664 -0.036964506 -0.055340335
v -0.17538385 -0.051360413 -0.042461246
v -0.17321993 -0.044854775 -0.050775945
v -0.17981602 -0.035204157 -0.05669017
v 0.104101345 0.056501046 -0.015701145
v 0.100719795 0.053495243 -0.016209066
v 0.101860896 0.09550707 -0.015805513
v 0.10504066 0.0954027 -0.016174287
v -0.18297492 -0.05256413 -0.03704104
v -0.19217329 -0.03727761 -0.04144539
v -0.1856537 -0.04857029 -0.0325184
v -0.19112958 -0.038390875 -0.048124984
v -0.17808352 -0.048584208 -0.02171278
v -0.18297492 -0.05256413 -0.03704104
v -0.1856537 -0.04857029 -0.0325184
v -0.17608659 -0.052738085 -0.02697295
v -0.17333822 -0.049537435 -0.020676047
v -0.17383222 -0.040951386 -0.015422821
v 0.101860896 0.09550707 -0.015805513
v 0.100719795 0.053495243 -0.016209066
v 0.098541975 0.09540968 -0.017990291
v 0.09838195 0.05157484 -0.018428639
v -0.039920375 -0.04424247 -0.19519426
v -0.0470383 -0.04410331 -0.1799147
v -0.037067607 -0.04525833 -0.1750859
v -0.010279685 -0.048013657 -0.1807914
v -0.012547955 -0.04771447 -0.17811956
v -0.051310465 -0.03375691 -0.17063284
v -0.037067607 -0.04525833 -0.1750859
v -0.0470383 -0.04410331 -0.1799147
v -0.037185892 -0.043825 -0.17366649
v -0.02989401 -0.041842 -0.17189918
v -0.018691793 -0.042997003 -0.17350647
v -0.012547955 -0.04771447 -0.17811956
v -0.008234054 -0.04410331 -0.17430662
v -0.033484295 -0.038342163 -0.17100161
v -0.04777585 -0.030584112 -0.16901165
v -0.051310465 -0.03375691 -0.17063284
v -0.053133413 -0.02863589 -0.16858722
v -0.053029045 -0.025574416 -0.16567186
v -0.013925627 -0.03859961 -0.17393786
v -0.018691793 -0.042997003 -0.17350647
v -0.008234054 -0.04410331 -0.17430662
v 0.0035595894 -0.04012339 -0.17452927
v 0.006968975 -0.038474366 -0.17423008
v 0.011373326 -0.040888757 -0.17416051
v 0.027675703 -0.03859961 -0.17228186
v 0.019861966 -0.047290042 -0.17337427
v 0.039817244 -0.049363494 -0.16990227
v 0.044945225 -0.040972263 -0.16863593
v 0.04856333 -0.0383213 -0.1674183
v 0.16811408 -0.014692247 -0.06964579
v 0.16201201 -0.019583657 -0.06713399
v 0.1613997 -0.0133354515 -0.06724532
v 0.16848285 -0.027640909 -0.06952751
v 0.16164324 -0.025748357 -0.06694612
v 0.16367495 -0.029888317 -0.0678924
v 0.061045825 -0.024454191 0.18725403
v 0.060377866 -0.037242815 0.18716358
v 0.0543036 -0.021775395 0.18965451
v 0.053837433 -0.038383916 0.18955709
v 0.14431109 -0.048556373 0.12126525
v 0.1459462 -0.052585006 0.1163321
v 0.1360451 -0.05321817 0.11603986
v 0.13113281 -0.048598126 0.12247594
v 0.12958816 -0.051207334 0.11960231
v 0.14431109 -0.048556373 0.12126525
v 0.15973677 -0.03835608 0.115385816
v 0.1459462 -0.052585006 0.1163321
v 0.15520021 -0.037402853 0.12077819
v -0.054796353 -0.014706165 -0.17359692
v -0.053133413 -0.02863589 -0.16858722
v -0.05508165 -0.02763395 -0.17379174
v -0.052270636 -0.013377205 -0.16684775
v -0.05258374 -0.019333169 -0.16702169
v -0.053029045 -0.025574416 -0.16567186
v -0.126101 0.047024384 -0.06862298
v -0.12294905 0.051150426 -0.05570215
v -0.13211958 0.04463087 -0.06774628
v -0.1209939 0.050858185 -0.06153983
v -0.19263248 -0.02440548 -0.04082614
v -0.19112958 -0.038390875 -0.048124984
v -0.19148444 -0.02189368 -0.047756225
v -0.19217329 -0.03727761 -0.04144539
v 0.023354843 -0.03702016 -0.19566739
v 0.03294283 -0.048542455 -0.18556452
v 0.027355641 -0.037542015 -0.19493681
v 0.027766153 -0.05241801 -0.18477827
v 0.019952416 -0.038523078 -0.19585526
v 0.023354843 -0.03702016 -0.19566739
v 0.027355641 -0.037542015 -0.19493681
v 0.027529582 -0.024391562 -0.19495769
v 0.020648211 -0.02183801 -0.19627273
v 0.019952416 -0.038523078 -0.19585526
v -0.18207736 -0.03727065 0.07408367
v -0.18261312 -0.024426356 0.07362445
v -0.17987864 -0.03841871 0.08054061
v -0.18029614 -0.021810189 0.080199674
v -0.12909986 -0.019493207 -0.1126387
v -0.12175231 -0.009585142 -0.1059591
v -0.13416521 -0.019729763 -0.106968
v -0.12863366 -0.01349549 -0.10388565
v -0.123248264 -0.009439021 -0.10431704
v -0.13370599 -0.013578981 -0.097366095
v -0.13753979 -0.019451454 -0.10200702
v -0.1378042 -0.014664412 -0.09399846
v -0.13974546 -0.0120969415 -0.08845301
v -0.15637486 0.038542703 0.038890585
v -0.15070416 0.04131891 0.037666008
v -0.15333425 0.039648995 0.042167768
v -0.15372388 0.03844528 0.048527285
v -0.15110771 0.03907846 0.049577937
v -0.052270636 -0.013377205 -0.16684775
v -0.041172788 -0.014706165 -0.1615319
v -0.05258374 -0.019333169 -0.16702169
v -0.048186347 -0.019534945 -0.16452381
v -0.11837773 -0.013356328 0.12868239
v -0.11922659 -0.014692247 0.11685394
v -0.11844729 -0.019333169 0.12918334
v -0.11843337 -0.019402742 0.12367268
v -0.12454243 -0.030591056 0.10205446
v -0.12253855 -0.030604973 0.12564872
v -0.115351036 -0.030584112 0.123610064
v -0.11035524 -0.030584112 0.12473725
v -0.11274876 -0.030577153 0.11494748
v -0.09903474 -0.030584112 0.1269568
v -0.084033504 -0.030591056 0.13735192
v -0.08658703 -0.030584112 0.14222942
v -0.044895276 -0.030584112 0.16015993
v -0.06193517 -0.030437991 0.15455188
v -0.06764762 -0.030570194 0.14610498
v -0.051039085 -0.030570194 0.15269412
v -0.03351213 -0.030577153 0.15748115
v -0.016632244 -0.030618891 0.16018777
v -0.023617998 -0.030493647 0.16507919
v 0.0021332204 -0.030841544 0.16125931
v -0.019102305 -0.030584112 0.1700541
v -0.017641142 -0.030584112 0.17467414
v 0.074467614 -0.011623815 -0.1476648
v 0.07681939 -0.02041164 -0.15239617
v 0.08366597 -0.011540309 -0.14268294
v 0.08649784 -0.020571679 -0.14721254
v 0.1386891 0.10055156 -0.03866224
v 0.14316303 0.10531773 -0.037555933
v 0.14351094 0.09570886 -0.03475885
v 0.13774979 0.10666059 -0.0420229
v 0.13639298 0.13199435 -0.05640489
v 0.13168249 0.13034533 -0.058429644
v 0.13408992 0.13667701 -0.061741605
v 0.12775823 0.13584901 -0.06650081
v 0.1311189 0.13997506 -0.06799677
v 0.12404966 0.1374215 -0.07318041
v 0.12786955 0.14137359 -0.07463461
v 0.117989324 0.13737975 -0.08262925
v 0.11418335 0.1413875 -0.09449248
v 0.111407146 0.13738672 -0.09127097
v 0.10937544 0.14017685 -0.09922385
v 0.10607739 0.13582118 -0.09742871
v 0.10478322 0.13745628 -0.1039274
v 0.09980832 0.13006003 -0.10389261
v 0.09980136 0.13230048 -0.10865182
v 0.08598296 0.10556124 -0.11557493
v 0.084159985 0.10514377 -0.12186488
v 0.083735555 0.10046111 -0.11707088
v 0.08180125 0.09572972 -0.12301294
v -0.18297492 -0.05256413 -0.03704104
v -0.17608659 -0.052738085 -0.02697295
v -0.17378353 -0.051499575 -0.03974071
v -0.17538385 -0.051360413 -0.042461246
v -0.011232913 0.043858543 -0.14963388
v -0.011873037 0.038744465 -0.1516308
v -0.0062788874 0.039308056 -0.1505245
v -0.016159117 0.043955937 -0.14904943
v -0.017223671 0.038786218 -0.15072627
v -0.022101149 0.040156946 -0.14724037
v -0.019972041 0.04502748 -0.14584878
v -0.024835631 0.04226519 -0.14218196
v -0.021134004 0.047949776 -0.14008763
v -0.024480775 0.044909194 -0.13668522
v -0.0204591 0.047928914 -0.13109803
v -0.01755765 0.05021806 -0.135732
v -0.016242608 0.049904957 -0.13282359
v -0.013570771 0.04945965 -0.128788
v -0.013765588 0.051073894 -0.13436128
v -0.008651525 0.051053002 -0.13487616
v -0.006258011 0.049083933 -0.13028395
v -0.0010117441 0.047031328 -0.13481355
v -0.0044419914 0.049230054 -0.13886304
v 0.00066511333 0.04385157 -0.14089476
v -0.0037114173 0.046885237 -0.14344135
v -0.0021319687 0.04083185 -0.14743519
v -0.0070929527 0.044679567 -0.1482771
v -0.0062788874 0.039308056 -0.1505245
v -0.008762851 0.042105153 -0.14963388
v -0.011232913 0.043858543 -0.14963388
v 0.09723389 -0.03161387 -0.13646953
v 0.09638503 -0.037576795 -0.14843017
v 0.096371114 -0.03244883 -0.14844409
v 0.09705299 -0.038307384 -0.14476335
v 0.14398406 0.038542703 -0.072352424
v 0.15029489 0.038542703 -0.058102623
v 0.14892417 0.03944026 -0.055813476
v 0.14204976 0.039579436 -0.07143398
v 0.1363234 0.038542703 -0.085920334
v 0.13448653 0.039600298 -0.08481403
v 0.12568477 0.03956552 -0.09738697
v 0.12736163 0.03853573 -0.09872289
v 0.11571409 0.03956552 -0.10904146
v 0.117223956 0.03850095 -0.1105722
v 0.10605652 0.03852181 -0.121301286
v 0.103259444 0.03938462 -0.1210021
v 0.08472358 0.035856947 -0.13271922
v 0.07080081 0.05207582 -0.10697496
v 0.066299036 0.052430674 -0.1037952
v 0.08495319 0.04049091 -0.12834965
v 0.09008117 0.038528785 -0.13365158
v 0.08801466 0.041186705 -0.12892716
v 0.06720357 0.086385265 -0.08729105
v 0.08559331 0.060654923 -0.10013534
v 0.08555852 0.04557018 -0.100191
v 0.061226726 0.086260006 -0.083158046
v 0.061233684 0.044616953 -0.08319284
v 0.084647045 0.041854665 -0.100782424
v 0.06002997 0.04085271 -0.084347844
v 0.081648186 0.037805155 -0.10288371
v 0.05788693 0.037999973 -0.08625431
v -0.02544792 0.03838961 0.1179672
v -0.02617155 0.0364414 0.1180159
v -0.026213273 0.038306132 0.124841616
v -0.0268047 0.0364414 0.12618448
v -0.08367865 0.10050981 0.11714618
v -0.08184175 0.09577148 0.12304647
v -0.08420743 0.10523422 0.12165488
v -0.0904278 0.11331932 0.112094715
v -0.10031499 0.13317023 0.10817744
v -0.099382624 0.12931554 0.10428099
v -0.10645883 0.13624562 0.09704478
v -0.10715462 0.1391262 0.10160221
v -0.112275645 0.14113702 0.09630029
v -0.1144952 0.13746326 0.08736633
v -0.120736435 0.14145012 0.085752085
v -0.12275423 0.13754676 0.075391784
v -0.12839015 0.1412553 0.07350619
v -0.13209872 0.13916795 0.065845534
v -0.12863366 0.13514628 0.064815745
v -0.13593946 0.13307978 0.057245538
v -0.13191779 0.12950341 0.057857856
v -0.13524367 0.11729227 0.04945965
v -0.14339836 0.10517858 0.03741552
v -0.13866697 0.100488946 0.03852181
v -0.1434053 0.0957367 0.034771517
v 0.076040104 0.08593996 -0.080444455
v 0.08559331 0.060654923 -0.10013534
v 0.06720357 0.086385265 -0.08729105
v 0.09572403 0.053168222 -0.09939779
v 0.08348507 0.086385265 -0.072108895
v 0.10486671 0.053168222 -0.08969848
v 0.090470806 0.0862809 -0.06328626
v 0.1130353 0.05316125 -0.07916421
v 0.12015323 0.053168222 -0.067878485
v 0.09652418 0.086385265 -0.053399086
v 0.12613703 0.053168222 -0.055959582
v 0.10179828 0.08568947 -0.0440059
v 0.10491542 0.08637135 -0.033965647
v 0.12336083 0.060731456 -0.046086326
v 0.15579164 -0.045654923 -0.08797987
v 0.1446381 -0.047693595 -0.10469972
v 0.13903004 -0.044172898 -0.10571558
v 0.15081674 -0.041869834 -0.087757215
v 0.1568562 -0.04459037 -0.08375643
v -0.16305442 -0.04771447 -0.0727351
v -0.16125931 -0.04399894 -0.067147896
v -0.15232535 -0.045320943 -0.09400542
v -0.15139298 -0.04188375 -0.08676919
v -0.15078764 -0.044360757 -0.09410979
v 0.11932524 0.049320504 0.05149831
v 0.12093252 0.050948635 0.06103064
v 0.115811504 0.049174383 0.059319004
v 0.123207755 0.051094756 0.055394754
v 0.12301989 0.049828425 0.052173242
v 0.1257126 0.047260955 0.04705222
v 0.12679803 0.05007194 0.052381977
v 0.13196775 0.047852382 0.051999286
v 0.1330671 0.043719366 0.047873244
v 0.13580157 0.045618877 0.054886833
v 0.13797939 0.04072748 0.052590713
v 0.13720706 0.0439281 0.06036268
v 0.13919008 0.03891842 0.059423372
v 0.13761061 0.038633153 0.064996645
v 0.13509187 0.0439281 0.06514974
v 0.13390902 0.042202547 0.06731363
v 0.13410383 0.039210662 0.06929664
v 0.13214171 0.04459606 0.06784941
v 0.12869059 0.040838793 0.071794525
v 0.12581697 0.04714267 0.068503454
v 0.1223241 0.04354544 0.071363136
v 0.117481396 0.04680173 0.06712578
v 0.12093252 0.050948635 0.06103064
v 0.115811504 0.049174383 0.059319004
v 0.12056375 -0.03789687 0.12556525
v 0.12070987 -0.037590712 0.1294408
v 0.13173816 -0.048535496 0.13161166
v 0.13113281 -0.048598126 0.12247594
v 0.12382005 -0.041438445 0.123032555
v 0.13113281 -0.048598126 0.12247594
v 0.12958816 -0.051207334 0.11960231
v 0.12382005 -0.041438445 0.123032555
v 0.1272851 -0.049356535 0.119379655
v -0.05099736 0.09540968 0.09306486
v -0.049807534 0.0954027 0.09062262
v -0.05046855 0.0565428 0.09265433
v -0.04965447 0.05347435 0.089077964
v -0.049877122 0.095388785 0.08803429
v -0.05119218 0.051442668 0.08593996
v -0.05144961 0.0954027 0.0858147
v -0.055610433 0.08932151 0.08310808
v -0.06160815 0.09540968 0.078773305
v -0.063966885 0.0894189 0.07688077
v -0.07052122 0.0954027 0.07090391
v -0.0755866 0.0894189 0.065629825
v -0.078341916 0.09540968 0.0621648
v -0.08492409 0.0894189 0.052834228
v -0.08510502 0.09541662 0.052535042
v -0.09204899 0.08941196 0.039468095
v -0.090706125 0.095423594 0.042126015
v -0.09500609 0.095423594 0.031243846
v -0.09712826 0.08930759 0.023805842
v -0.098533764 0.09543751 0.018030792
v -0.052743778 0.041527644 0.085028484
v -0.055673048 0.04509704 0.08313592
v -0.042021647 0.051421776 0.09074788
v -0.040463075 0.04146503 0.09140192
v -0.031076863 0.051414832 0.09505482
v -0.03018625 0.04143022 0.09532617
v -0.019818977 0.051414832 0.09801887
v -0.019185796 0.041416302 0.09814413
v -0.008373216 0.051414832 0.099654004
v -0.007948786 0.04140936 0.09968878
v 0.0031282008 0.051414832 0.09995319
v 0.0038796663 0.041402385 0.0999323
v 0.014685288 0.051414832 0.098916456
v 0.015318453 0.04143022 0.098805115
v 0.026012763 0.051421776 0.09655772
v 0.026263252 0.041416302 0.09649511
v 0.036978424 0.051421776 0.092911765
v 0.037305444 0.041416302 0.092786536
v 0.04748486 0.05140786 0.088013425
v 0.04763098 0.04140936 0.087922946
v 0.057406828 0.05140786 0.08187653
v 0.05735813 0.04143022 0.081918284
v 0.06634775 0.041416302 0.074814275
v 0.06656344 0.051421776 0.074633345
v 0.074405 0.041423276 0.06679179
v 0.07469723 0.05140786 0.06648566
v 0.08164123 0.04139544 0.057767406
v 0.08187084 0.051414832 0.057419494
v 0.087764174 0.04140936 0.04793586
v 0.08792421 0.05140786 0.047643647
v 0.09267646 0.041416302 0.037575558
v 0.09284346 0.051414832 0.037151113
v 0.09638503 0.041416302 0.026672497
v 0.09652418 0.051414832 0.026150659
v 0.09879942 0.04140936 0.015456364
v 0.09891075 0.05140786 0.014711872
v 0.09991965 0.041416302 0.004038438
v 0.09994747 0.051414832 0.003266111
v 0.099724814 0.04140936 -0.0074490607
v 0.09965524 0.051414832 -0.008339673
v 0.09790881 0.04152067 -0.020529926
v 0.09838195 0.05157484 -0.018428639
v 0.098541975 0.09540968 -0.017990291
v 0.097122565 0.08937715 -0.02382797
v 0.09714344 0.04502748 -0.023848847
v 0.09498648 0.09540968 -0.03129381
v 0.09405413 0.089404985 -0.03400044
v 0.09066562 0.09540968 -0.042203814
v 0.087576315 0.089439794 -0.04847984
v 0.08509235 0.095423594 -0.052529335
v 0.0787189 0.08942588 -0.06168595
v 0.07843363 0.09541662 -0.06205471
v 0.06856732 0.08939804 -0.07298559
v 0.07064077 0.095423594 -0.070779935
v 0.06186685 0.09541662 -0.07857278
v 0.055597782 0.089349344 -0.08313021
v 0.051450863 0.095388785 -0.08580205
v 0.052849412 0.04152067 -0.08493927
v 0.05564648 0.045110956 -0.08312325
v 0.05138129 0.05140786 -0.08580901
v 0.049822718 0.09504785 -0.088000745
v 0.049600065 0.053717896 -0.08926013
v 0.042002022 0.051400915 -0.090749115
v 0.040916592 0.041402385 -0.09125009
v 0.031147689 0.051400915 -0.09502128
v 0.03029187 0.041416302 -0.09529959
v 0.019952416 0.051421776 -0.0979923
v 0.019131392 0.041423276 -0.09815234
v 0.008437082 0.05140786 -0.09964828
v 0.007824793 0.04140936 -0.099696994
v -0.0031547844 0.05140786 -0.09995443
v -0.003634885 0.041416302 -0.099933565
v -0.014711872 0.051421776 -0.09891075
v -0.0150458515 0.041416302 -0.09886204
v -0.026032373 0.05140786 -0.096552014
v -0.026234165 0.04140936 -0.09650332
v -0.036977157 0.051421776 -0.09291303
v -0.037248537 0.04140936 -0.092808664
v -0.04750447 0.051421776 -0.088000745
v -0.04761581 0.04140936 -0.08793813
v -0.05735688 0.05140786 -0.08191258
v -0.05737774 0.041416302 -0.08190562
v -0.0663604 0.04140936 -0.07481551
v -0.066423014 0.051421776 -0.0747529
v -0.0744455 0.04143022 -0.06675826
v -0.0746751 0.051414832 -0.06650777
v -0.08159824 0.04139544 -0.057817355
v -0.08186261 0.05140786 -0.057434663
v -0.087742046 0.04140936 -0.04797192
v -0.087922946 0.051414832 -0.0476449
v -0.092675224 0.04140936 -0.037569836
v -0.09283523 0.051414832 -0.03717324
v -0.0963629 0.041416302 -0.026743338
v -0.09653686 0.05140786 -0.026096255
v -0.09879817 0.041416302 -0.015485451
v -0.09890948 0.05140786 -0.014685288
v -0.09991838 0.041416302 -0.0040605664
v -0.099946216 0.05140786 -0.0032743216
v -0.09972356 0.041423276 0.0073434412
v -0.099654004 0.051414832 0.008366257
v -0.097900584 0.041534588 0.020619124
v -0.098262414 0.051526144 0.018761367
v -0.09720482 0.044547364 0.02345796
v 0.108672686 0.003405273 -0.124627165
v 0.10605652 0.03852181 -0.121301286
v 0.103259444 0.03938462 -0.1210021
v 0.10311332 0.0031408668 -0.124126196
v 0.10142255 0.02293612 -0.1224076
v 0.1086379 -0.00536865 -0.12464108
v 0.10321769 -0.009459898 -0.12417491
v 0.1459462 -0.052585006 0.1163321
v 0.15973677 -0.03835608 0.115385816
v 0.14524344 -0.05138825 0.10709198
v 0.15851218 -0.036915794 0.10247891
v 0.14994699 -0.045286164 0.100558504
v 0.15907577 -0.035211116 0.10126822
v 0.12172572 -0.021851927 0.12343611
v 0.12375743 -0.02156666 0.13088803
v 0.1028211 -0.021531865 0.13740759
v 0.08090368 -0.021573618 0.16094618
v 0.08509235 -0.02146925 0.14897163
v 0.074516326 -0.021552742 0.15457971
v 0.0745859 -0.02156666 0.15830217
v 0.100295365 -0.04097922 -0.14282209
v 0.10669664 -0.051172554 -0.14027551
v 0.10785861 -0.048598126 -0.14337873
v 0.10492238 -0.0493287 -0.13941967
v -0.019102305 -0.030584112 0.1700541
v -0.023617998 -0.030493647 0.16507919
v -0.025767967 -0.025581375 0.1695879
v -0.022831753 -0.025908396 0.17379744
v -0.017641142 -0.030584112 0.17467414
v -0.025767967 -0.025581375 0.1695879
v -0.023617998 -0.030493647 0.16507919
v -0.046119854 -0.025581375 0.16502352
v -0.044895276 -0.030584112 0.16015993
v -0.06193517 -0.030437991 0.15455188
v -0.0638486 -0.025560498 0.15901189
v -0.08063106 -0.025581375 0.15119119
v -0.08658703 -0.030584112 0.14222942
v -0.0968778 -0.025574416 0.14133881
v -0.11035524 -0.030584112 0.12473725
v -0.11369504 -0.025560498 0.1285293
v -0.115351036 -0.030584112 0.123610064
v -0.12253855 -0.030604973 0.12564872
v -0.11851688 -0.026144966 0.12926684
v -0.11653386 0.05643843 0.005109951
v -0.12388839 0.05640365 0.00575009
v -0.123992756 0.05641757 0.00040641427
v -0.11648516 0.0563132 0.0004968643
v -0.11284618 0.05640365 0.008247972
v -0.11295055 0.056424513 0.021697596
v -0.104065314 0.056521937 0.015672058
v -0.114571735 0.056389734 0.019665897
v -0.11274181 0.0563619 0.012457505
v -0.11590071 0.056396678 0.015191957
v -0.122997776 0.056396678 0.015866876
v -0.12220456 0.056410596 0.02116184
v 0.12581697 0.04714267 0.068503454
v 0.12093252 0.050948635 0.06103064
v 0.13214171 0.04459606 0.06784941
v 0.123207755 0.051094756 0.055394754
v -0.16850944 -0.04098618 0.045403197
v -0.17161961 -0.048598126 0.052319363
v -0.16706218 -0.049363494 0.05046855
v -0.16833548 -0.05122125 0.052430674
v -0.05824749 0.05640365 0.102130994
v -0.056974187 0.056389734 0.110195205
v -0.06164296 0.056424513 0.10758601
v -0.05365528 0.056396678 0.10325818
v -0.04886128 0.05640365 0.10171352
v -0.05046855 0.0565428 0.09265433
v -0.05792047 0.05665414 0.09796323
v -0.03934981 0.056396678 0.097357884
v -0.04438038 0.056396678 0.10618748
v -0.0341105 0.056410596 0.10754426
v -0.039635077 0.056354925 0.10805915
v -0.04278703 0.05638276 0.11645733
v -0.047734097 0.05640365 0.1144117
v -0.030833349 0.056396678 0.11123891
v -0.026582047 0.056389734 0.113938585
v -0.02792494 0.05640365 0.12084778
v -0.033087686 0.056410596 0.11948402
v 0.04981576 0.095423594 -0.09063779
v 0.05056721 0.056556717 -0.09272517
v 0.0509986 0.095388785 -0.09306611
v 0.049600065 0.053717896 -0.08926013
v 0.049822718 0.09504785 -0.088000745
v 0.01376684 0.051073894 0.13438089
v 0.0070385486 0.04465173 0.14815755
v 0.009237245 0.05104606 0.13484012
v 0.005319953 0.04989104 0.13747717
v 0.0036361367 0.0468574 0.14385061
v 0.0036361367 0.0468574 0.14385061
v 0.0015765876 0.047532305 0.13373382
v 0.005319953 0.04989104 0.13747717
v -0.0005803555 0.043948993 0.14082392
v 0.0013608932 0.041332826 0.14633457
v 0.005271241 0.039648995 0.1500849
v 0.0070385486 0.04465173 0.14815755
v 0.008986756 0.042105153 0.14984833
v 0.011303753 0.038598374 0.15174086
v 0.011122838 0.043879405 0.1495909
v 0.0148522705 0.043858543 0.14937519
v 0.017698064 0.03886275 0.15055107
v 0.020279452 0.045417115 0.1455553
v 0.022450313 0.040316954 0.14695384
v 0.024878621 0.04246001 0.14184673
v 0.020724744 0.048402056 0.13886179
v 0.024231538 0.045347527 0.1357377
v 0.019486248 0.04837422 0.13052623
v 0.017677188 0.0501972 0.13577248
v 0.016362146 0.049870178 0.13275276
v 0.013050184 0.049501404 0.12891893
v 0.01376684 0.051073894 0.13438089
v 0.009237245 0.05104606 0.13484012
v 0.008040488 0.049390063 0.1295382
v 0.005319953 0.04989104 0.13747717
v 0.0015765876 0.047532305 0.13373382
v 0.120647244 0.052270636 -0.027098194
v 0.12469675 0.052201077 -0.029937014
v 0.14958519 0.040428296 -0.035913855
v 0.15370426 0.035891727 -0.034209177
v 0.15638305 0.03855662 -0.038905755
v 0.15085152 0.04124932 -0.037917733
v 0.05564648 0.045110956 -0.08312325
v 0.055597782 0.089349344 -0.08313021
v 0.061226726 0.086260006 -0.083158046
v 0.061233684 0.044616953 -0.08319284
v 0.06002997 0.04085271 -0.084347844
v 0.052849412 0.04152067 -0.08493927
v 0.05788693 0.037999973 -0.08625431
v 0.05502723 0.03642054 -0.08941321
v 0.03935106 0.03640662 -0.09752612
v 0.040916592 0.041402385 -0.09125009
v 0.03029187 0.041416302 -0.09529959
v 0.021190926 0.036399648 -0.10290459
v 0.019131392 0.041423276 -0.09815234
v 0.007824793 0.04140936 -0.099696994
v 0.008534506 0.036413565 -0.10466494
v -0.003634885 0.041416302 -0.099933565
v -0.0038853586 0.036413565 -0.104929335
v -0.020758286 0.036413565 -0.103106365
v -0.0150458515 0.041416302 -0.09886204
v -0.026234165 0.04140936 -0.09650332
v -0.039092377 0.036413565 -0.09747742
v -0.037248537 0.04140936 -0.092808664
v -0.050120667 0.036413565 -0.09227291
v -0.04761581 0.04140936 -0.08793813
v -0.064488724 0.036413565 -0.08308847
v -0.05737774 0.041416302 -0.08190562
v -0.0663604 0.04140936 -0.07481551
v -0.07830016 0.036413565 -0.06997281
v -0.0744455 0.04143022 -0.06675826
v -0.08159824 0.04139544 -0.057817355
v -0.089224085 0.036413565 -0.05560474
v -0.087742046 0.04140936 -0.04797192
v -0.097413555 0.036413565 -0.039232776
v -0.092675224 0.04140936 -0.037569836
v -0.10123344 0.036413565 -0.027863562
v -0.0963629 0.041416302 -0.026743338
v -0.09879817 0.041416302 -0.015485451
v -0.103849605 0.036413565 -0.015652433
v -0.09991838 0.041416302 -0.0040605664
v -0.10507421 0.036413565 0.0025424957
v -0.09972356 0.041423276 0.0073434412
v -0.10293813 0.036413565 0.02079308
v -0.097900584 0.041534588 0.020619124
v -0.101066455 0.037714705 0.024682537
v -0.09971662 0.041207567 0.027904049
v -0.09720482 0.044547364 0.02345796
v -0.09897907 0.045166627 0.028989479
v -0.09712826 0.08930759 0.023805842
v -0.099041685 0.0862809 0.029059067
v 0.06856732 0.08939804 -0.07298559
v 0.061226726 0.086260006 -0.083158046
v 0.055597782 0.089349344 -0.08313021
v 0.07391098 0.0864131 -0.07193494
v 0.0787189 0.08942588 -0.06168595
v 0.08432002 0.08644788 -0.059083685
v 0.087576315 0.089439794 -0.04847984
v 0.09259993 0.086440936 -0.0453279
v 0.09405413 0.089404985 -0.03400044
v 0.09910557 0.086385265 -0.029095113
v 0.097122565 0.08937715 -0.02382797
v 0.04051304 -0.048584208 -0.1747728
v 0.039817244 -0.049363494 -0.16990227
v 0.044945225 -0.040972263 -0.16863593
v 0.038467407 -0.051423028 -0.17214271
v -0.15152518 -0.031599954 -0.071378306
v -0.1419511 -0.031592995 -0.078030065
v -0.14252166 -0.031599954 -0.087910295
v -0.15000837 -0.031579092 -0.061184973
v -0.16369458 -0.031592995 -0.035447687
v -0.15899797 -0.031926975 -0.053733066
v -0.15618698 -0.031586036 -0.043045714
v -0.16020168 -0.031579092 -0.024141088
v -0.16192727 -0.031592995 -0.005083382
v -0.16674213 -0.03161387 -0.016042084
v -0.16137756 -0.031586036 0.014294386
v -0.17575262 -0.031592995 -0.008701488
v -0.15859441 -0.031586036 0.033122495
v -0.17237802 -0.03162779 0.039704666
v -0.16173242 -0.031606913 0.044818714
v -0.15361257 -0.031586036 0.051505283
v -0.15006404 -0.031586036 0.07437591
v -0.14655028 -0.031586036 0.06903921
v -0.12873803 -0.031606913 0.09895821
v -0.1334555 -0.03162083 0.10130997
v -0.14270951 -0.03195481 0.08838217
v -0.124278024 -0.03176695 0.12292819
v -0.12454243 -0.030591056 0.10205446
v -0.12253855 -0.030604973 0.12564872
v 0.028134927 -0.052779824 -0.17677668
v 0.038467407 -0.051423028 -0.17214271
v 0.027766153 -0.05241801 -0.18477827
v 0.020105496 -0.05138825 -0.17930935
v 0.09818712 0.038514867 -0.12775823
v 0.10024667 0.019589365 -0.123994
v 0.09829149 0.03922458 -0.12501681
v 0.10145038 0.0032173991 -0.12560128
v 0.100872874 0.0033356845 -0.13102844
v 0.10156867 -0.012034327 -0.12550387
v 0.100865915 -0.010830611 -0.13100757
v -0.055610433 0.08932151 0.08310808
v -0.06122546 0.086260006 0.08315678
v -0.055673048 0.04509704 0.08313592
v -0.061274186 0.044366464 0.08321245
v -0.05952774 0.03996907 0.084722325
v -0.052743778 0.041527644 0.085028484
v -0.057308182 0.037485108 0.08699061
v -0.05490072 0.03642054 0.08950935
v -0.040463075 0.04146503 0.09140192
v -0.037756458 0.0364414 0.09815107
v -0.03018625 0.04143022 0.09532617
v -0.019185796 0.041416302 0.09814413
v -0.021321878 0.03638576 0.10292421
v -0.008296683 0.03649707 0.10458018
v -0.007948786 0.04140936 0.09968878
v 0.008868471 0.036462292 0.10474719
v 0.0038796663 0.041402385 0.0999323
v 0.015318453 0.04143022 0.098805115
v 0.027661785 0.036413565 0.101303026
v 0.026263252 0.041416302 0.09649511
v 0.03902404 0.036413565 0.09747617
v 0.037305444 0.041416302 0.092786536
v 0.04763098 0.04140936 0.087922946
v 0.05522901 0.036413565 0.089439794
v 0.05735813 0.04143022 0.081918284
v 0.069478795 0.036573604 0.078501955
v 0.07477377 0.03640662 0.07454987
v 0.06634775 0.041416302 0.074814275
v 0.074405 0.041423276 0.06679179
v 0.07809965 0.036559686 0.06995766
v 0.08164123 0.04139544 0.057767406
v 0.08580901 0.036413565 0.060550556
v 0.07477377 0.03640662 0.07454987
v 0.069478795 0.036573604 0.078501955
v 0.09216854 0.036413565 0.050315484
v 0.087764174 0.04140936 0.04793586
v 0.09267646 0.041416302 0.037575558
v 0.0999753 0.036413565 0.032649353
v 0.09638503 0.041416302 0.026672497
v 0.09879942 0.04140936 0.015456364
v 0.10390653 0.036413565 0.015261546
v 0.09991965 0.041416302 0.004038438
v 0.10506849 0.03640662 -0.002933383
v 0.099724814 0.04140936 -0.0074490607
v 0.10273759 0.036434457 -0.021768436
v 0.09790881 0.04152067 -0.020529926
v 0.10013534 0.03934981 -0.026632011
v 0.09714344 0.04502748 -0.023848847
v 0.09919602 0.04466565 -0.029143825
v 0.09910557 0.086385265 -0.029095113
v 0.097122565 0.08937715 -0.02382797
v -0.063966885 0.0894189 0.07688077
v -0.06122546 0.086260006 0.08315678
v -0.055610433 0.08932151 0.08310808
v -0.07388191 0.08639918 0.07199632
v -0.0755866 0.0894189 0.065629825
v -0.0842631 0.08640613 0.059263334
v -0.08492409 0.0894189 0.052834228
v -0.0928909 0.0864131 0.044839606
v -0.09204899 0.08941196 0.039468095
v -0.099041685 0.0862809 0.029059067
v -0.09712826 0.08930759 0.023805842
v -0.15810736 0.038542703 -0.031119868
v -0.16226818 0.0034122318 -0.031822607
v -0.15437098 0.03853573 -0.046225473
v -0.1573907 0.0034122318 -0.05070637
v -0.14918037 0.03853573 -0.06092754
v -0.15773164 -0.0044710785 -0.050344557
v -0.16246997 -0.0059809536 -0.031899154
v -0.15021013 -0.0025854856 -0.06952055
v -0.15032147 0.0034122318 -0.06889434
v -0.14263298 0.038542703 -0.07497555
v -0.1459171 -0.0047911406 -0.077751756
v -0.14115791 0.0034122318 -0.08612211
v -0.13974546 -0.0120969415 -0.08845301
v -0.134694 0.03853573 -0.08845301
v -0.13370599 -0.013578981 -0.097366095
v -0.12881456 0.0035305172 -0.10382302
v -0.1254748 0.03853573 -0.10109553
v -0.12863366 -0.01349549 -0.10388565
v 0.097310424 0.05640365 0.07684596
v 0.13465351 0.03853573 0.08851437
v 0.12546907 0.038542703 0.10110818
v 0.121475235 0.047295734 0.075301304
v 0.12827311 0.04417859 0.076658115
v 0.116326384 0.050552055 0.07072301
v 0.11352235 0.05381529 0.06207435
v 0.11633334 0.054893777 0.051978424
v 0.14259249 0.038542703 0.07506473
v 0.13530755 0.04168071 0.07473077
v 0.1428708 0.04012911 0.0670075
v 0.14917466 0.03853573 0.060933247
v 0.14439458 0.04152067 0.05625753
v 0.15436527 0.03853573 0.046231195
v 0.12217103 0.05321692 0.046210304
v 0.13973975 0.04513879 0.04696177
v 0.13007522 0.050044104 0.043413237
v 0.12142653 0.056410596 0.025134817
v 0.15810165 0.038542703 0.03112556
v 0.12546907 0.038542703 0.10110818
v 0.13465351 0.03853573 0.08851437
v 0.12866971 0.003447011 0.10385658
v 0.1400111 0.0034191906 0.08797862
v 0.12864187 -0.0051599145 0.10389136
v 0.14259249 0.038542703 0.07506473
v 0.13993457 -0.00352481 0.0880969
v 0.12768169 -0.0063010156 0.105533406
v 0.14987741 -0.0019314438 0.06999244
v 0.14940427 0.0033774376 0.07088305
v 0.14917466 0.03853573 0.060933247
v 0.15468532 -0.006189689 0.05837272
v 0.15671007 0.003405273 0.052778587
v 0.15436527 0.03853573 0.046231195
v 0.15826865 -0.013210207 0.048200265
v 0.16233903 0.0034400523 0.031932697
v 0.15810165 0.038542703 0.03112556
v 0.1623599 -0.013648555 0.031967476
v -0.13526456 0.046029404 -0.053900048
v -0.12980954 0.048798665 -0.051534355
v -0.13484709 0.042745277 -0.048918188
v -0.12871717 0.045883283 -0.04690039
v -0.12322737 0.04806806 -0.048215434
v -0.12621929 0.050266758 -0.0526198
v -0.12318562 0.04980059 -0.05228582
v -0.11882304 0.04945965 -0.05229278
v -0.12294905 0.051150426 -0.05570215
v -0.1209939 0.050858185 -0.06153983
v -0.116199896 0.049341366 -0.05760166
v -0.1161512 0.04820724 -0.06302883
v -0.11814116 0.046245113 -0.06797589
v -0.126101 0.047024384 -0.06862298
v -0.123248264 0.043100134 -0.07164271
v -0.12978868 0.040449157 -0.07156618
v -0.13211958 0.04463087 -0.06774628
v -0.13461052 0.03913413 -0.0689013
v -0.13408868 0.04204254 -0.06747493
v -0.13789465 0.038605317 -0.06442736
v -0.13518105 0.043914214 -0.06501183
v -0.13715015 0.043983772 -0.06036395
v -0.13928623 0.039391562 -0.056237906
v -0.13526456 0.046029404 -0.053900048
v -0.13484709 0.042745277 -0.048918188
v -0.11844729 -0.019333169 0.12918334
v -0.11369504 -0.025560498 0.1285293
v -0.11851688 -0.026144966 0.12926684
v -0.11336802 -0.01975064 0.12878676
v 0.109173656 0.10039152 -0.07622102
v 0.094798625 0.098464176 -0.054157495
v 0.093887135 0.10038458 -0.053872213
v 0.10921541 0.09845026 -0.07521212
v 0.093887135 0.10038458 -0.053872213
v 0.094798625 0.098464176 -0.054157495
v 0.09809667 0.09843637 -0.048827738
v 0.09801318 0.10038458 -0.048201516
v 0.1200767 -0.047269166 -0.12663105
v 0.12133608 -0.051506534 -0.13059705
v 0.11247171 -0.052842453 -0.1386056
v 0.10492238 -0.0493287 -0.13941967
v 0.10669664 -0.051172554 -0.14027551
v -0.022469923 -0.01334241 0.17340083
v -0.022720411 -0.019402742 0.17351218
v -0.013675138 -0.014497429 0.167257
v -0.019102305 -0.019493207 0.17025585
v -0.09570189 0.053196058 0.0993896
v -0.1049072 0.053168222 0.089655474
v -0.095388785 0.041277155 0.099744454
v -0.10464977 -0.003761381 0.08996163
v -0.11308275 0.053168222 0.07908641
v -0.11464827 -0.003754422 0.076804236
v -0.12015198 0.053168222 0.06787722
v -0.09319706 -0.003761381 0.10177614
v -0.09145062 0.033372983 0.1033556
v -0.086594 0.029727027 0.107446834
v -0.12300472 -0.0037683398 0.06256138
v -0.12613578 0.053168222 0.05596529
v -0.12626101 0.042237356 0.055700883
v -0.08041538 -0.003761381 0.112150386
v -0.08154257 0.028384164 0.11139198
v -0.067438886 0.028405026 0.1203955
v -0.0664926 -0.003761381 0.12092431
v -0.053550914 0.028398082 0.12717946
v -0.051630512 -0.003761381 0.12797962
v -0.038994953 0.028412 0.13237701
v -0.036030903 -0.003761381 0.13321199
v -0.023924127 0.028412 0.13591163
v -0.019937262 -0.003761381 0.13655178
v -0.008561075 0.028405026 0.1377346
v -0.0035305172 -0.003761381 0.13795726
v 0.006920263 0.028412 0.13782506
v 0.012841448 -0.0037683398 0.13740064
v 0.022311151 0.028405026 0.13618301
v 0.029171646 -0.003761381 0.13488187
v 0.037402853 0.028405026 0.13283624
v 0.045021757 -0.003761381 0.1304497
v 0.051930964 0.028412 0.12784742
v 0.056912825 -0.003761381 0.12571831
v 0.0659581 0.028405026 0.12121655
v 0.06831683 -0.003761381 0.11990847
v 0.07915029 0.028405026 0.113041
v 0.07915029 -0.003761381 0.11304797
v 0.091284886 0.028405026 0.103487805
v 0.092043296 -0.003761381 0.102819845
v 0.10224359 0.028405026 0.092675224
v 0.103663 -0.003754422 0.09108882
v 0.11197074 0.028405026 0.08066587
v 0.11382154 -0.003761381 0.07802187
v 0.120292395 0.028412 0.06762676
v 0.12222669 -0.003761381 0.06406431
v 0.12714593 0.028405026 0.053648308
v 0.12898281 -0.003761381 0.049056098
v 0.13235044 0.028412 0.039057568
v 0.13390902 -0.003761381 0.033359066
v 0.13589202 0.028412 0.024007633
v 0.1369218 -0.003761381 0.017202795
v 0.1377289 0.028405026 0.008623704
v 0.13800026 -0.003761381 0.0008238852
v 0.13783327 0.028405026 -0.006829813
v 0.13710965 -0.003761381 -0.01566635
v 0.13619816 0.028405026 -0.022213742
v 0.13426387 -0.0037683398 -0.031885237
v 0.13207212 0.028446779 -0.040283427
v 0.1294977 -0.0037683398 -0.047679678
v 0.12894107 0.032169268 -0.049189553
v 0.12714593 0.03747119 -0.053628698
v 0.1229364 -0.003761381 -0.06269485
v 0.12618575 0.04314883 -0.055813476
v 0.12613703 0.053168222 -0.055959582
v 0.12015323 0.053168222 -0.067878485
v 0.11461474 -0.003761381 -0.07686114
v 0.1130353 0.05316125 -0.07916421
v 0.10464406 -0.003761381 -0.089962885
v 0.10486671 0.053168222 -0.08969848
v 0.09572403 0.053168222 -0.09939779
v 0.09543179 0.04177116 -0.099683076
v 0.0931983 -0.003761381 -0.101777405
v 0.09226595 0.034493193 -0.102619305
v 0.08816774 0.03061764 -0.106174804
v 0.08038184 -0.003761381 -0.112172514
v 0.08246225 0.028412 -0.11076006
v 0.067454055 0.028405026 -0.120382845
v 0.066459075 -0.0037683398 -0.12093948
v 0.05355911 0.028412 -0.12718073
v 0.05164568 -0.0037683398 -0.12796697
v 0.038975343 0.028405026 -0.13237828
v 0.03593473 -0.0037683398 -0.1332341
v 0.023925394 0.028412 -0.13590594
v 0.01989676 -0.0037683398 -0.13655998
v 0.008562326 0.028405026 -0.13773587
v 0.003580466 -0.0037683398 -0.13795155
v -0.006905094 0.028412 -0.13782632
v -0.012861058 -0.0037683398 -0.13740188
v -0.022295997 0.028412 -0.13618425
v -0.028885111 -0.0037961602 -0.13494575
v -0.037373766 0.028405026 -0.1328375
v -0.044568256 -0.003754422 -0.13060401
v -0.051985368 0.028405026 -0.12782781
v -0.056932434 -0.003761381 -0.1257126
v -0.065991625 0.028405026 -0.12119692
v -0.06829472 -0.0037683398 -0.11990971
v -0.07911424 0.028405026 -0.11306313
v -0.07916294 -0.003761381 -0.1130353
v -0.09131841 0.028412 -0.10346122
v -0.09205596 -0.003761381 -0.10280718
v -0.102277115 0.028391108 -0.09263471
v -0.10364087 -0.003761381 -0.09111789
v -0.11201818 0.028405026 -0.080590576
v -0.11375071 -0.0037683398 -0.07813443
v -0.120284185 0.028412 -0.067641914
v -0.122239366 -0.003761381 -0.064044684
v -0.12715162 0.028405026 -0.05362174
v -0.1289955 -0.0037683398 -0.049043432
v -0.1323631 0.028405026 -0.039044917
v -0.13387994 -0.003761381 -0.033457726
v -0.13589771 0.028412 -0.023988008
v -0.13689269 -0.003761381 -0.017398879
v -0.13772766 0.028412 -0.008645833
v -0.13799901 -0.0037752837 -0.0010686666
v -0.13783203 0.028405026 0.0068285614
v -0.13712232 -0.003754422 0.015539855
v -0.13620387 0.028405026 0.022191629
v -0.13427652 -0.0037683398 0.03184919
v -0.13271795 0.028391108 0.037895605
v -0.12956603 -0.0037822425 0.047497526
v -0.13085325 0.029302582 0.043914214
v -0.12795876 0.034514055 0.051727936
v -0.16928177 -0.03825867 0.041423276
v -0.16297789 -0.03860657 0.062324807
v -0.16173242 -0.031606913 0.044818714
v -0.15006404 -0.031586036 0.07437591
v -0.15431531 -0.038488284 0.08120857
v -0.14270951 -0.03195481 0.08838217
v -0.14366274 -0.03859265 0.09902777
v -0.1334555 -0.03162083 0.10130997
v -0.13103415 -0.03860657 0.115184024
v -0.124278024 -0.03176695 0.12292819
v -0.13215436 -0.044353798 0.118836924
v -0.12253855 -0.030604973 0.12564872
v -0.120861694 -0.032121807 0.13012268
v -0.11851688 -0.026144966 0.12926684
v -0.13391472 -0.04183504 0.11187206
v -0.14133184 -0.046545535 0.10921414
v -0.14366274 -0.03859265 0.09902777
v -0.14694689 -0.04411027 0.09443556
v -0.14694689 -0.04411027 0.09443556
v -0.15135123 -0.04805541 0.09890948
v -0.15247147 -0.040290385 0.084972814
v -0.15431531 -0.038488284 0.08120857
v -0.1561174 -0.040547833 0.07811232
v -0.15247147 -0.040290385 0.084972814
v -0.1577525 -0.043783247 0.08894576
v -0.15945025 -0.04315704 0.084304854
v -0.1561174 -0.040547833 0.07811232
v -0.16179506 -0.0448339 0.0801162
v -0.16297789 -0.03860657 0.062324807
v -0.16004862 -0.047255248 0.06952624
v -0.1653923 -0.051409125 0.07219808
v -0.16004862 -0.047255248 0.06952624
v -0.16706218 -0.049363494 0.05046855
v -0.16850944 -0.04098618 0.045403197
v -0.16928177 -0.03825867 0.041423276
v -0.16546883 -0.05203533 0.0668266
v -0.16706218 -0.049363494 0.05046855
v -0.16833548 -0.05122125 0.052430674
v -0.16937916 -0.052605882 0.058581457
v -0.17379047 -0.052591965 0.068232074
v -0.1653923 -0.051409125 0.07219808
v -0.16965054 -0.020606473 0.01974243
v -0.16426511 -0.011595979 0.019533694
v -0.1627274 -0.011811674 0.029747888
v -0.16784148 -0.020578638 0.031209067
v -0.1686138 -0.008548409 0.06666656
v -0.16670038 -0.0039701164 0.06442611
v -0.1625952 -0.0074629784 0.069171414
v -0.16212209 -0.0034204423 0.06529586
v -0.16924696 -0.009313777 0.06122546
v -0.16848855 -0.0079152435 0.05632712
v -0.16569148 -0.009299874 0.057294264
v -0.1716405 -0.007810876 0.06345199
v -0.16569148 -0.009299874 0.057294264
v -0.16387548 -0.0042971373 0.059339866
v -0.16797368 -0.0063149333 0.06066884
v -0.16924696 -0.009313777 0.06122546
v -0.12076427 0.038382664 -0.022693843
v -0.115093574 0.038361803 -0.025859684
v -0.12126525 0.03828524 -0.029943973
v -0.115545854 0.03843136 -0.013711184
v -0.12011023 0.038487032 -0.017204046
v -0.12709598 0.03770776 -0.017976373
v -0.11702092 0.036413565 -0.008200526
v -0.11038308 0.0384105 -0.021817148
v -0.10748859 0.036490127 -0.029484749
v -0.10602744 0.038313076 -0.016118616
v -0.1579056 -0.008110061 0.06082888
v -0.1600347 -0.0070037544 0.055506065
v -0.1558878 -0.006370589 0.06104456
v -0.16080703 -0.008172691 0.05735688
v -0.16569148 -0.009299874 0.057294264
v -0.16080703 -0.008172691 0.05735688
v -0.1579056 -0.008110061 0.06082888
v -0.15963115 -0.004825935 0.06135072
v -0.16387548 -0.0042971373 0.059339866
v 0.041960284 -0.048598126 -0.19131175
v 0.03294283 -0.048542455 -0.18556452
v 0.04051304 -0.048584208 -0.1747728
v 0.047088265 -0.04856333 -0.17932327
v 0.05360782 -0.048584208 -0.18046437
v 0.05564648 -0.048591167 -0.19297469
v 0.04971835 -0.048556373 -0.19328779
v 0.06442736 -0.048591167 -0.18991321
v 0.10987641 -0.048591167 -0.1683924
v 0.1154149 -0.048612043 -0.16324355
v 0.10241753 -0.048542455 -0.15771201
v 0.10677318 -0.048542455 -0.15282062
v 0.10785861 -0.048598126 -0.14337873
v 0.12099514 -0.04856333 -0.14445719
v 0.1189356 -0.04857029 -0.15691882
v 0.03347163 -0.009028509 -0.1733186
v 0.029658705 -0.008381426 -0.16730002
v 0.030577153 -0.005271241 -0.170278
v 0.030709341 -0.0041858107 -0.17406309
v 0.030577153 -0.009195507 -0.17818913
v 0.03347163 -0.009028509 -0.1733186
v 0.030709341 -0.0041858107 -0.17406309
v 0.028656766 -0.0042901784 -0.1762757
v -0.12076427 0.038382664 -0.022693843
v -0.12139048 0.03642054 -0.022937372
v -0.12770827 0.03642054 -0.0179068
v -0.12709598 0.03770776 -0.017976373
v 0.061727688 -0.0059392005 0.1653227
v 0.06258352 -0.009299874 0.16417466
v 0.061818153 -0.009369448 0.16937222
v 0.059368968 -0.0055634677 0.1696714
v 0.058046967 -0.0030864626 0.16644295
v 0.06258352 -0.009299874 0.16417466
v 0.0647683 -0.007929161 0.1683494
v 0.061818153 -0.009369448 0.16937222
v 0.06353675 -0.0075047314 0.16085573
v 0.013168469 0.037297234 -0.12438364
v 0.015109718 0.038396582 -0.11716133
v 0.020133331 0.038382664 -0.12123867
v 0.030250132 0.038396582 -0.113160536
v 0.02563703 0.038361803 -0.11777363
v 0.025852725 0.038326994 -0.12485678
v 0.023967132 0.038368747 -0.11153935
v 0.010733202 0.038361803 -0.11222122
v 0.017558903 0.038313076 -0.111073166
v 0.021163106 0.038243517 -0.10471364
v 0.021190926 0.036399648 -0.10290459
v 0.024426356 0.03642054 -0.110920094
v 0.023967132 0.038368747 -0.11153935
v 0.021163106 0.038243517 -0.10471364
v 0.010733202 0.038361803 -0.11222122
v 0.009181589 0.03642054 -0.111156665
v 0.017558903 0.038313076 -0.111073166
v 0.017071843 0.036434457 -0.11044
v -0.110230014 0.100398496 0.0673693
v -0.11611639 0.10036369 0.059026763
v -0.10935332 0.09845026 0.06739713
v -0.115691975 0.09842245 0.058518842
v -0.10924895 0.09845026 0.07528739
v -0.09385805 0.100398496 0.05394055
v -0.10918634 0.10040544 0.07621281
v -0.094880864 0.098443314 0.05397533
v 0.16164324 -0.025748357 -0.06694612
v 0.16367495 -0.029888317 -0.0678924
v 0.16016816 -0.030542359 -0.072018445
v 0.16357057 -0.03400044 -0.070633814
v 0.1568562 -0.04459037 -0.08375643
v 0.15081674 -0.041869834 -0.087757215
v 0.15251446 -0.03837 -0.08432697
v 0.14218892 -0.03859961 -0.10112336
v 0.13903004 -0.044172898 -0.10571558
v 0.13149461 -0.040144265 -0.11485827
v 0.12904544 -0.038474366 -0.1172657
v 0.12652668 -0.040714815 -0.12027848
v 0.114155516 -0.03860657 -0.13196775
v 0.1200767 -0.047269166 -0.12663105
v 0.10492238 -0.0493287 -0.13941967
v 0.100295365 -0.04097922 -0.14282209
v 0.09705299 -0.038307384 -0.14476335
v -0.1681685 -0.007115081 -0.02612409
v -0.17084034 -0.008951977 -0.027738318
v -0.16766058 -0.008172691 -0.029575214
v -0.16246997 -0.0059809536 -0.031899154
v -0.16562887 -0.0076299757 -0.03433442
v -0.16766058 -0.008172691 -0.029575214
v -0.17084034 -0.008951977 -0.027738318
v -0.17259373 -0.0049790144 -0.029394299
v -0.16924001 -0.0038796663 -0.031794786
v -0.17770778 -0.009466857 -0.031801745
v -0.17996912 -0.007824793 -0.030632809
v -0.17958643 -0.0072194487 -0.037312403
v -0.17734598 -0.008638874 -0.03635916
v -0.17443757 -0.007859588 -0.03926757
v -0.17409663 -0.006189689 -0.04207161
v -0.16921218 -0.007609099 -0.039218873
v -0.16662385 -0.005960077 -0.039719835
v -0.10601352 0.100398496 0.08117379
v -0.10100381 0.100398496 0.087324575
v -0.10863663 0.100398496 0.09281437
v -0.10918634 0.10040544 0.07621281
v -0.10660495 0.10029413 0.0765955
v -0.124278024 0.10041241 0.071544036
v -0.09324576 0.100398496 0.06827383
v -0.11291577 0.10038458 0.0710222
v -0.110230014 0.100398496 0.0673693
v -0.09385805 0.100398496 0.05394055
v -0.12027027 0.100398496 0.060237452
v -0.11611639 0.10036369 0.059026763
v -0.13258575 0.10041241 0.053919658
v -0.12392317 0.10037066 0.054893777
v -0.08232881 0.10040544 0.0651706
v -0.08706017 0.10041936 0.077075586
v -0.093127474 0.100398496 0.04886128
v -0.07435505 0.10041241 0.07416023
v -0.09802584 0.100398496 0.048200265
v -0.08377604 0.10039152 0.08123641
v -0.12420149 0.10041241 0.051143453
v -0.12842493 0.1001132 0.054163203
v -0.10494201 0.10040544 0.03862618
v -0.09982099 0.10040544 0.03262846
v -0.10958989 0.10040544 0.038667932
v -0.12577398 0.10040544 0.046071157
v -0.111607686 0.100398496 0.033553883
v -0.109436795 0.10041241 0.03076376
v -0.07565616 0.10039152 0.079949185
v -0.06516366 0.10041241 0.08236359
v -0.086079106 0.10041241 0.08758898
v -0.10528989 0.10038458 0.09630723
v -0.097016945 0.10041936 0.10557516
v -0.0731722 0.10038458 0.083692566
v -0.093329266 0.100377604 0.10016887
v -0.092216 0.10031499 0.10805915
v -0.088465676 0.10036369 0.09951483
v -0.084541425 0.10040544 0.09159674
v -0.08150081 0.098192826 0.085153714
v -0.08619045 0.10041241 0.10194315
v -0.07303305 0.100377604 0.08588429
v -0.06688224 0.10035674 0.08492409
v -0.06464182 0.10041936 0.09022604
v -0.071884975 0.10036369 0.09264739
v -0.06404342 0.10041241 0.09595238
v -0.054761574 0.10040544 0.0895998
v -0.06661786 0.10050286 0.09238298
v -0.074361995 0.10040544 0.10332079
v -0.0872411 0.100398496 0.10696675
v -0.08367865 0.10050981 0.11714618
v -0.092216 0.10031499 0.10805915
v -0.09648119 0.10119866 0.106904134
v -0.097016945 0.10041936 0.10557516
v -0.10794087 0.101407394 0.09531923
v -0.10528989 0.10038458 0.09630723
v -0.10863663 0.100398496 0.09281437
v -0.11794631 0.101463035 0.08261408
v -0.124278024 0.10041241 0.071544036
v -0.10693197 0.098568544 0.09225772
v -0.10482372 0.09841548 0.09541662
v 0.05008711 -0.0060366094 0.16159327
v 0.048869476 -0.0059392005 0.1691565
v 0.036073893 -0.004638076 0.17141785
v 0.034564033 -0.0043388754 0.16180201
v 0.055194214 -0.0065027922 0.15725155
v 0.013822511 -0.0025437474 0.16576801
v 0.0041023195 -0.0011173636 0.18161814
v 0.01633431 -0.0023141354 0.1848466
v -0.0018119067 -0.00072076917 0.17900194
v 0.006001815 -0.001096502 0.18765064
v -0.0075173974 -1.8015504E-05 0.18107541
v 0.0033578128 -0.0005120337 0.19305693
v -0.004407212 0.0005246997 0.19899203
v -0.004963845 0.00043424964 0.19488685
v -0.014280483 0.0007264763 0.18483965
v -0.010147482 0.0005246997 0.1873097
v 0.055444703 -0.011602938 -0.15580556
v 0.057379007 -0.020766497 -0.16094744
v 0.065213606 -0.011554226 -0.15199956
v 0.06771149 -0.020905659 -0.15696752
v -0.16793193 -0.018366024 -0.013815552
v -0.16436948 -0.0154924095 -0.01875566
v -0.16498177 -0.015561983 -0.011345491
v -0.17082642 -0.021371841 -0.01325196
v -0.16125233 -0.011623815 -0.0071846694
v -0.17150132 -0.021490127 -0.00104779
v -0.16160719 -0.011916041 -0.004624158
v -0.1020336 0.098554626 0.08541812
v -0.10100381 0.100398496 0.087324575
v -0.10601352 0.100398496 0.08117379
v -0.10636838 0.098498985 0.07793836
v -0.15110771 0.03907846 0.049577937
v -0.15028669 0.020695671 0.051985368
v -0.15372388 0.03844528 0.048527285
v -0.15772466 0.003495723 0.049898013
v -0.15269412 0.003537476 0.05238892
v -0.15280543 -0.010921061 0.052381977
v -0.15767597 -0.012556165 0.05018328
v 0.15753111 -0.0025924444 -0.09396367
v 0.1605091 -0.0025785267 -0.097129524
v 0.16099614 0.00058731437 -0.09631544
v 0.15876266 0.0018188655 -0.09193893
v 0.16103789 -0.001555711 -0.0858925
v 0.1574685 -0.0023210943 -0.08921142
v 0.16032818 0.0017562509 -0.08868262
v 0.15876266 0.0018188655 -0.09193893
v 0.16389063 0.003085211 -0.0888844
v 0.1688238 -0.0010269135 -0.089990705
v 0.16569273 -0.001235649 -0.08628215
v 0.16661118 0.0023754984 -0.092050254
v 0.110982716 -0.020794332 0.12996958
v 0.0990012 -0.011547267 0.1324953
v 0.10722545 -0.011637732 0.12593399
v 0.1028211 -0.021531865 0.13740759
v 0.12172572 -0.021851927 0.12343611
v 0.118323304 -0.01847735 0.11969276
v 0.10738548 -0.01225698 0.12130003
v 0.11471215 -0.015443698 0.11912222
v 0.109083205 -0.011185467 0.11889957
v 0.120048866 -0.015478492 0.1138203
v -0.09554188 0.10039152 0.07445942
v -0.09170805 0.10040544 0.08033188
v -0.100795075 0.10040544 0.07912122
v -0.09675951 0.09883295 0.08496584
v 0.18852162 0.00051774085 0.063932106
v 0.18392244 0.0001141727 0.0651706
v 0.18329623 0.00079604983 0.057113335
v 0.17957376 -0.0007068515 0.07023595
v 0.17448753 0.0013039857 0.06612383
v 0.17446665 -0.0025785267 0.06742497
v 0.17092508 -0.0025785267 0.0648088
v 0.17256714 0.0020832717 0.062554434
v -0.18261312 -0.024426356 0.07362445
v -0.18207736 -0.03727065 0.07408367
v -0.19174884 -0.024516806 0.06915052
v -0.1900859 -0.038008183 0.06987415
v -0.19593056 -0.037618548 0.06587334
v -0.19875546 -0.024607256 0.06303452
v -0.20118375 -0.03759767 0.059882596
v -0.20329897 -0.024558559 0.05643843
v -0.2051289 -0.037569836 0.05263941
v -0.20567162 -0.024593353 0.050823405
v -0.20709102 -0.024593353 0.04533361
v -0.20711885 -0.037590712 0.04506226
v -0.21179457 -0.024586394 -0.008423179
v -0.21181543 -0.037548974 -0.008687571
v -0.2113771 -0.024593353 -0.014351308
v -0.21077873 -0.037653342 -0.017872006
v -0.20998551 -0.024607256 -0.020460352
v -0.20757808 -0.037583753 -0.025852725
v -0.20659702 -0.024537683 -0.027703539
v -0.20395301 -0.037625507 -0.031363383
v -0.20098893 -0.024621174 -0.03468232
v -0.19883893 -0.03760463 -0.036456585
v -0.19263248 -0.02440548 -0.04082614
v -0.19217329 -0.03727761 -0.04144539
v 0.18173766 -0.001507014 0.065052316
v 0.17909366 0.002904296 0.0637999
v 0.1821621 -0.001096502 0.060383573
v 0.17926762 0.0015544593 0.058727577
v 0.17988686 -0.0011034608 0.05710639
v 0.17681147 0.0034191906 0.06137158
v 0.17475888 0.0021041334 0.058324024
v 0.11854596 -0.004171893 -0.13139024
v 0.118058905 -0.005048588 -0.13534234
v 0.12045243 -0.008812815 -0.1354815
v 0.120473295 -0.007518649 -0.12914981
v 0.064830914 0.10041241 -0.08983068
v 0.06777412 0.098408535 -0.09225899
v 0.06589548 0.097810134 -0.0878268
v 0.06917961 0.09606372 -0.089621946
v 0.029658705 -0.008381426 -0.16730002
v 0.0267016 -0.004088402 -0.16967961
v 0.030577153 -0.005271241 -0.170278
v 0.024148047 -0.0076786727 -0.16792622
v 0.025337845 -0.008437082 -0.17928153
v 0.028656766 -0.0042901784 -0.1762757
v 0.024238497 -0.0050346702 -0.176227
v 0.030577153 -0.009195507 -0.17818913
v 0.1130353 -0.0075464696 -0.12619966
v 0.11300746 -0.0038379133 -0.12990822
v 0.11657687 -0.0047424436 -0.12838444
v 0.11709871 -0.0076856315 -0.12634577
v 0.109417185 0.098464176 -0.067454055
v 0.11021735 0.10037066 -0.06734969
v 0.11608286 0.100398496 -0.05901411
v 0.11571409 0.0984294 -0.058513135
v 0.10954939 -0.008165732 -0.12965775
v 0.11300746 -0.0038379133 -0.12990822
v 0.1130353 -0.0075464696 -0.12619966
v 0.11114275 -0.005090341 -0.13422212
v 0.10937544 -0.008805856 -0.13420126
v -0.16346495 0.0006708056 -0.10293937
v -0.16960879 1.6763806E-05 -0.097936645
v -0.1701654 0.0004968643 -0.103342935
v -0.15292372 0.0007125586 -0.10480409
v -0.15769686 0.00058731437 -0.10273759
v -0.15225576 -0.00030329823 -0.094638586
v -0.15978421 -0.0025507063 -0.08942711
v -0.1626996 0.0019301921 -0.09154928
v -0.15849699 0.00068472326 -0.09111093
v -0.16347192 -0.00280118 -0.090143785
v -0.16674908 -0.0018896908 -0.092989564
v -0.16346495 0.0006708056 -0.10293937
v -0.16632466 -0.0012147874 -0.09818712
v -0.16960879 1.6763806E-05 -0.097936645
v -0.16343017 -0.0010338724 -0.10124165
v -0.16632466 -0.0012147874 -0.09818712
v -0.16298486 0.0035096407 -0.09591189
v -0.16674908 -0.0018896908 -0.092989564
v -0.1626996 0.0019301921 -0.09154928
v -0.10482372 0.09841548 0.09541662
v -0.08415873 0.099097356 0.08111118
v -0.08377604 0.10039152 0.08123641
v -0.10528989 0.10038458 0.09630723
v 0.029658705 -0.008381426 -0.16730002
v 0.034167424 -0.0074560195 -0.16885859
v 0.027940094 -0.006328836 -0.16377234
v 0.03347163 -0.009028509 -0.1733186
v -0.16632466 -0.0012147874 -0.09818712
v -0.16918434 -0.00037287176 -0.09460381
v -0.16960879 1.6763806E-05 -0.097936645
v -0.16674908 -0.0018896908 -0.092989564
v -0.030833349 0.0018188655 -0.18597503
v -0.030659392 0.0011787415 -0.18108362
v -0.034493193 0.003405273 -0.18282309
v -0.03517507 0.0024311692 -0.18735269
v -0.037930414 0.0026329458 -0.18297617
v 0.049537435 -0.047220454 0.16733356
v 0.06362024 -0.053002477 0.16647772
v 0.06867865 -0.04938437 0.16042434
v 0.050970778 -0.05138825 0.17311557
v 0.04201594 -0.041285366 0.16937916
v 0.041007042 -0.043762386 0.17566912
v 0.03461273 -0.039893776 0.17113255
v 0.034306586 -0.04340753 0.17774953
v 0.022088498 -0.044082448 0.1730947
v 0.021392703 -0.047985822 0.17981602
v 0.018616512 -0.0476449 0.1774921
v -0.16050784 -0.01552023 0.039760336
v -0.15877531 -0.015367165 0.0463634
v -0.16292919 -0.01857476 0.04257132
v -0.15843438 -0.0120482445 0.032635435
v -0.15750898 -0.01140812 0.035008088
v -0.16784148 -0.020578638 0.031209067
v -0.16665168 -0.021573618 0.04267569
v -0.17080553 -0.0215597 0.022560373
v -0.16965054 -0.020606473 0.01974243
v -0.17058985 -0.020696923 0.009472564
v -0.17150132 -0.021490127 -0.00104779
v -0.161308 -0.012423962 0.01605475
v -0.1609949 -0.0118186325 0.012812361
v -0.16540621 -0.011561185 -0.0011451989
v -0.16510703 -0.011623815 0.009305567
v -0.0268047 0.0364414 0.12618448
v -0.019972041 0.03642054 0.12191929
v -0.020118162 0.038361803 0.12126525
v -0.026213273 0.038306132 0.124841616
v -0.013946503 0.036552742 0.1184821
v -0.009416893 0.03640662 0.111245856
v -0.014760569 0.038396582 0.11679827
v -0.011198118 0.03837572 0.11159377
v -0.09675951 0.09883295 0.08496584
v -0.10482372 0.09841548 0.09541662
v -0.10693197 0.098568544 0.09225772
v -0.08655922 0.09834589 0.0794691
v -0.0902956 0.09830417 0.07890551
v 0.13528669 -0.0053477734 0.11450218
v 0.13553718 -0.009348571 0.116234675
v 0.13091016 -0.008708447 0.11319406
v 0.13209301 -0.005236447 0.11123891
v 0.097609624 -0.015596777 -0.13354024
v 0.092286825 -0.015527189 -0.13719314
v 0.09592581 -0.018366024 -0.13845949
v 0.09696253 -0.021531865 -0.14156967
v 0.08461921 -0.012577042 -0.13852906
v 0.08659525 -0.011387244 -0.13601726
v 0.08649784 -0.020571679 -0.14721254
v 0.079449475 -0.021580577 -0.15323809
v 0.07681939 -0.02041164 -0.15239617
v 0.06771149 -0.020905659 -0.15696752
v 0.069207445 -0.011707306 -0.14575833
v 0.06619467 -0.013933837 -0.14989132
v 0.057379007 -0.020766497 -0.16094744
v 0.046357676 -0.021587536 -0.16618675
v 0.0446669 -0.018700004 -0.16238077
v 0.045849755 -0.015555024 -0.1588879
v 0.039538935 -0.015527189 -0.1606065
v 0.048465922 -0.01153335 -0.15387821
v 0.051012516 -0.011971697 -0.15348856
v 0.14153488 -0.0077343434 0.10625704
v 0.14011547 -0.0052086264 0.1129923
v 0.13954492 -0.004624158 0.10809393
v 0.14167404 -0.008826733 0.11337499
v 0.13052052 -0.0077760816 0.108080015
v 0.13460481 -0.007699549 0.10422532
v 0.13335238 -0.0043736696 0.1078852
v 0.13646257 -0.004909426 0.105818704
v -0.11630426 0.05296643 0.008700237
v -0.11284618 0.05640365 0.008247972
v -0.11274181 0.0563619 0.012457505
v -0.11688872 0.05249329 0.01133728
v 0.13460481 -0.007699549 0.10422532
v 0.14153488 -0.0077343434 0.10625704
v 0.13646257 -0.004909426 0.105818704
v 0.13954492 -0.004624158 0.10809393
v -0.122976884 0.053008184 -0.045293123
v -0.13447134 0.048165485 -0.042906553
v -0.13056101 0.04974492 -0.04372759
v -0.12871717 0.045883283 -0.04690039
v -0.13484709 0.04761581 -0.044555575
v -0.12322737 0.04806806 -0.048215434
v -0.13484709 0.042745277 -0.048918188
v -0.11882304 0.04945965 -0.05229278
v -0.14058734 0.044582173 -0.0480067
v -0.11697917 0.054580674 -0.05146478
v -0.13928623 0.039391562 -0.056237906
v -0.14428897 0.04163201 -0.05589001
v -0.1437184 0.0403796 -0.06390552
v -0.13789465 0.038605317 -0.06442736
v -0.1406778 0.04047005 -0.06999369
v -0.13461052 0.03913413 -0.0689013
v -0.13447832 0.041945115 -0.07517733
v -0.12978868 0.040449157 -0.07156618
v -0.12504338 0.045465812 -0.07672894
v -0.123248264 0.043100134 -0.07164271
v -0.11743145 0.049751893 -0.07226196
v -0.11814116 0.046245113 -0.06797589
v -0.116199896 0.049341366 -0.05760166
v -0.114335164 0.054525003 -0.057392925
v -0.11398031 0.052882954 -0.06524144
v -0.1161512 0.04820724 -0.06302883
v 0.08170384 -0.011568144 0.14381583
v 0.090568215 -0.011575103 0.13836081
v 0.093622744 -0.020669088 0.14296
v 0.08509235 -0.02146925 0.14897163
v 0.1028211 -0.021531865 0.13740759
v 0.09124313 -0.014079943 0.13618301
v 0.0940263 -0.011950836 0.13156296
v 0.0916954 -0.011644676 0.13290583
v -0.10311206 0.0032800287 0.12411104
v -0.10300769 -0.009529486 0.12415974
v -0.10906108 -0.01382947 0.124639824
v -0.108838424 0.0035165995 0.124605045
v -0.10382177 0.040574417 0.12081994
v -0.10081597 0.021015719 0.12293513
v 0.11162284 0.038417444 0.025969759
v 0.12119692 0.03825046 0.030081883
v 0.12075161 0.038382664 0.022616044
v 0.119714886 0.038452253 0.016687915
v 0.12701373 0.037819073 0.017995998
v 0.11028692 0.03838961 0.021697596
v 0.10763596 0.036413565 0.029400006
v 0.11305617 0.03837572 0.015637264
v 0.116820395 0.038326994 0.009375155
v 0.1059939 0.038382664 0.01613824
v 0.10390653 0.036413565 0.015261546
v 0.109612 0.0364414 0.021683678
v 0.1059939 0.038382664 0.01613824
v 0.11028692 0.03838961 0.021697596
v 0.12148219 0.10040544 -0.07590094
v 0.12647797 0.101497844 -0.06885259
v 0.13347067 0.10062809 -0.053962678
v 0.11795454 0.101316944 -0.08260141
v 0.104101345 0.056501046 -0.015701145
v 0.10504066 0.0954027 -0.016174287
v 0.11297268 0.05643843 -0.02171278
v 0.120647244 0.052270636 -0.027098194
v 0.11742573 0.052882954 -0.024572477
v 0.11258999 0.036427483 0.015024975
v 0.10390653 0.036413565 0.015261546
v 0.1059939 0.038382664 0.01613824
v 0.11305617 0.03837572 0.015637264
v -0.16662385 -0.005960077 -0.039719835
v -0.16246997 -0.0059809536 -0.031899154
v -0.16562887 -0.0076299757 -0.03433442
v -0.16921218 -0.007609099 -0.039218873
v 0.15188128 0.003356561 -0.054401025
v 0.1542748 -0.013551146 -0.05950117
v 0.1520274 -0.00977996 -0.05464454
v 0.15431656 0.003537476 -0.059647277
v 0.15029489 0.038542703 -0.058102623
v 0.14892417 0.03944026 -0.055813476
v 0.14984958 0.022108123 -0.053176433
v -0.14584057 0.0020067245 0.121675774
v -0.14765657 -0.0014235228 0.1244659
v -0.14733653 -0.0023280531 0.119289204
v -0.14408024 0.0018049479 0.118224636
v -0.14362101 -0.0025854856 0.11591463
v -0.14765657 -0.0014235228 0.1244659
v -0.15050237 -0.00063727796 0.12119566
v -0.14733653 -0.0023280531 0.119289204
v -0.14726 0.00032292306 0.12803529
v -0.14180498 -0.00083209574 0.12825097
v -0.13845824 0.00221546 0.12336655
v -0.13678832 -0.0012008697 0.124966845
v -0.14297391 0.0033983141 0.12370746
v -0.14362101 -0.0025854856 0.11591463
v -0.13904966 -0.0017644614 0.11635296
v -0.14408024 0.0018049479 0.118224636
v -0.13884787 0.0021876395 0.11965798
v 0.16819757 -0.025609195 0.03340082
v 0.17078592 -0.025630072 0.03774254
v 0.16825324 -0.019827187 0.033936575
v 0.17116165 -0.019194007 0.03799303
v 0.16327834 -0.030417114 0.034263596
v 0.17078592 -0.025630072 0.03774254
v 0.16819757 -0.025609195 0.03340082
v 0.16559532 -0.030584112 0.039391562
v 0.17018059 -0.030591056 0.042974874
v 0.13553718 -0.009348571 0.116234675
v 0.13528669 -0.0053477734 0.11450218
v 0.14011547 -0.0052086264 0.1129923
v 0.14167404 -0.008826733 0.11337499
v -0.13678832 -0.0012008697 0.124966845
v -0.13845824 0.00221546 0.12336655
v -0.13605775 -0.001736626 0.12020068
v -0.13884787 0.0021876395 0.11965798
v -0.16670038 -0.0039701164 0.06442611
v -0.1686138 -0.008548409 0.06666656
v -0.16797368 -0.0063149333 0.06066884
v -0.16924696 -0.009313777 0.06122546
v -0.014760569 0.038396582 0.11679827
v -0.020118162 0.038361803 0.12126525
v -0.014092609 0.038347885 0.12370746
v -0.02544792 0.03838961 0.1179672
v -0.026213273 0.038306132 0.124841616
v -0.021857634 0.038396582 0.10922806
v -0.032127514 0.0366223 0.1129923
v -0.017481118 0.03837572 0.11105104
v -0.011198118 0.03837572 0.11159377
v -0.021321878 0.03638576 0.10292421
v 0.05563256 -0.008311853 0.17209275
v 0.054428846 -0.004540667 0.16878776
v 0.059368968 -0.0055634677 0.1696714
v 0.058046967 -0.0030864626 0.16644295
v 0.057921723 -0.004457161 0.16201074
v 0.058046967 -0.0030864626 0.16644295
v 0.053684354 -0.0040536076 0.16489132
v 0.054101825 -0.0076856315 0.15993728
v 0.051179513 -0.0075603873 0.16354845
v -0.09802584 0.100398496 0.048200265
v -0.098081514 0.098443314 0.048868224
v -0.122726396 0.098464176 0.05515121
v -0.12392317 0.10037066 0.054893777
v 0.16164324 -0.025748357 -0.06694612
v 0.15983418 -0.025602236 -0.062138215
v 0.15965328 -0.01965323 -0.06268093
v 0.16201201 -0.019583657 -0.06713399
v -0.09385805 0.100398496 0.05394055
v -0.098081514 0.098443314 0.048868224
v -0.09802584 0.100398496 0.048200265
v -0.094880864 0.098443314 0.05397533
v 0.0025298297 0.00074735284 0.18536843
v 0.0007903427 0.0023824573 0.18923704
v -0.00142923 0.0022711307 0.18312104
v -0.002855599 0.0034261495 0.18671827
v -0.06726493 0.09722568 0.090942696
v -0.06661786 0.10050286 0.09238298
v -0.071884975 0.10036369 0.09264739
v -0.071829334 0.097107396 0.08999641
v -0.00142923 0.0022711307 0.18312104
v -0.0027373135 -0.0019453615 0.18091537
v 0.0014513433 -0.002655074 0.18225826
v 0.0025298297 0.00074735284 0.18536843
v -0.022831753 -0.025908396 0.17379744
v -0.023068324 -0.029818729 0.1756552
v -0.017641142 -0.030584112 0.17467414
v -0.020584345 -0.034021303 0.17698418
v -0.006070152 -0.04431902 0.17758255
v -0.0033843964 -0.038390875 0.17426361
v 0.00012934208 -0.041939408 0.1745976
v 0.011067182 -0.042934388 0.17416622
v 0.016529128 -0.03859961 0.173707
v 0.022088498 -0.044082448 0.1730947
v 0.03461273 -0.039893776 0.17113255
v 0.037284568 -0.038550913 0.17040895
v 0.04201594 -0.041285366 0.16937916
v 0.057163313 -0.03860657 0.16486348
v 0.049537435 -0.047220454 0.16733356
v 0.06867865 -0.04938437 0.16042434
v 0.07359788 -0.04092355 0.15824653
v 0.07702117 -0.03818214 0.15627049
v -0.14180498 -0.00083209574 0.12825097
v -0.14765657 -0.0014235228 0.1244659
v -0.14297391 0.0033983141 0.12370746
v -0.14584057 0.0020067245 0.121675774
v -0.02873902 -0.0025507063 -0.1862464
v -0.030659392 0.0011787415 -0.18108362
v -0.030833349 0.0018188655 -0.18597503
v -0.029525235 -0.0026481152 -0.18056178
v -0.0341105 -0.0015278906 -0.18992712
v -0.030833349 0.0018188655 -0.18597503
v -0.03517507 0.0024311692 -0.18735269
v -0.02873902 -0.0025507063 -0.1862464
v 0.12075161 0.038382664 0.022616044
v 0.12184401 0.036434457 0.029650494
v 0.12144741 0.03642054 0.022887394
v 0.12119692 0.03825046 0.030081883
v 0.119714886 0.038452253 0.016687915
v 0.1199445 0.0364414 0.015825137
v 0.11701522 0.036413565 0.008241013
v 0.116820395 0.038326994 0.009375155
v -0.0341105 -0.0015278906 -0.18992712
v -0.027855352 -0.0007555634 -0.19005932
v -0.02873902 -0.0025507063 -0.1862464
v -0.03396438 -0.00012238324 -0.19161789
v -0.038542703 -0.0011034608 -0.18831985
v -0.04140936 0.00071951747 -0.18834767
v -0.02873902 -0.0025507063 -0.1862464
v -0.027855352 -0.0007555634 -0.19005932
v -0.026971713 -0.0011521578 -0.18105578
v -0.029525235 -0.0026481152 -0.18056178
v 0.11300746 -0.0038379133 -0.12990822
v 0.114823475 -0.0034482628 -0.13404816
v 0.11854596 -0.004171893 -0.13139024
v 0.11657687 -0.0047424436 -0.12838444
v 0.11395374 -0.008993715 -0.13857777
v 0.114823475 -0.0034482628 -0.13404816
v 0.11114275 -0.005090341 -0.13422212
v 0.118058905 -0.005048588 -0.13534234
v 0.17878056 -0.0018618703 0.0676337
v 0.17448753 0.0013039857 0.06612383
v 0.17909366 0.002904296 0.0637999
v 0.18173766 -0.001507014 0.065052316
v -0.115093574 0.038361803 -0.025859684
v -0.11508663 0.036413565 -0.02663897
v -0.12180798 0.036517933 -0.03102246
v -0.12126525 0.03828524 -0.029943973
v -0.10602744 0.038313076 -0.016118616
v -0.10959683 0.03642054 -0.02183801
v -0.11038308 0.0384105 -0.021817148
v -0.103849605 0.036413565 -0.015652433
v 0.13580157 0.045618877 0.054886833
v 0.13720706 0.0439281 0.06036268
v 0.13509187 0.0439281 0.06514974
v 0.12679803 0.05007194 0.052381977
v 0.13196775 0.047852382 0.051999286
v -0.18659304 -0.0135650635 -0.03153734
v -0.19330741 -0.0136555135 -0.026917294
v -0.19263248 -0.02440548 -0.04082614
v -0.20098893 -0.024621174 -0.03468232
v -0.20659702 -0.024537683 -0.027703539
v -0.1989155 -0.013592899 -0.01899919
v -0.20998551 -0.024607256 -0.020460352
v -0.2113771 -0.024593353 -0.014351308
v -0.20089848 -0.013634637 -0.009898245
v -0.21179457 -0.024586394 -0.008423179
v -0.19604884 -0.013592899 0.04520838
v -0.20709102 -0.024593353 0.04533361
v -0.20567162 -0.024593353 0.050823405
v -0.20329897 -0.024558559 0.05643843
v -0.19155402 -0.013592899 0.054747656
v -0.19875546 -0.024607256 0.06303452
v -0.19174884 -0.024516806 0.06915052
v -0.18454741 -0.0137946755 0.060842797
v -0.18261312 -0.024426356 0.07362445
v -0.17820181 -0.013502449 0.063424185
v -0.15685494 -0.0011243224 -0.09994747
v -0.15473972 -0.0020358115 -0.09350446
v -0.15719588 0.0022920072 -0.094617724
v -0.15890057 0.0022224188 -0.09856981
v -0.15473972 -0.0020358115 -0.09350446
v -0.15225576 -0.00030329823 -0.094638586
v -0.15804474 -0.0010547489 -0.08759719
v -0.15978421 -0.0025507063 -0.08942711
v 0.042002022 0.051400915 -0.090749115
v 0.049600065 0.053717896 -0.08926013
v 0.05138129 0.05140786 -0.08580901
v 0.05056721 0.056556717 -0.09272517
v 0.039051875 0.056396678 -0.09748438
v 0.031147689 0.051400915 -0.09502128
v 0.021671027 0.05625753 -0.10275847
v 0.019952416 0.051421776 -0.0979923
v 0.008437082 0.05140786 -0.09964828
v -0.0031547844 0.05140786 -0.09995443
v -0.014711872 0.051421776 -0.09891075
v -0.020779163 0.056334063 -0.10284196
v -0.026032373 0.05140786 -0.096552014
v -0.03868185 0.05640365 -0.0978114
v -0.036977157 0.051421776 -0.09291303
v -0.04750447 0.051421776 -0.088000745
v -0.054817244 0.056410596 -0.089573234
v -0.05735688 0.05140786 -0.08191258
v -0.06528194 0.0563619 -0.08219786
v -0.066423014 0.051421776 -0.0747529
v -0.07447334 0.056375816 -0.07399449
v -0.0746751 0.051414832 -0.06650777
v -0.08252363 0.056389734 -0.0649005
v -0.08186261 0.05140786 -0.057434663
v -0.09261955 0.056410596 -0.049850553
v -0.087922946 0.051414832 -0.0476449
v -0.09283523 0.051414832 -0.03717324
v -0.09975837 0.05640365 -0.032796726
v -0.09653686 0.05140786 -0.026096255
v -0.10293813 0.05638276 -0.020571679
v -0.09890948 0.05140786 -0.014685288
v -0.10509507 0.05638276 -0.002933383
v -0.099946216 0.05140786 -0.0032743216
v -0.099654004 0.051414832 0.008366257
v -0.104065314 0.056521937 0.015672058
v -0.10036369 0.053196058 0.016374812
v -0.098262414 0.051526144 0.018761367
v -0.17460455 -0.008819774 -0.02830191
v -0.17662932 -0.006001815 -0.032066137
v -0.17259373 -0.0049790144 -0.029394299
v -0.17770778 -0.009466857 -0.031801745
v -0.009416893 0.03640662 0.111245856
v -0.017028853 0.03642054 0.110431775
v -0.011198118 0.03837572 0.11159377
v -0.017481118 0.03837572 0.11105104
v 0.083770335 0.10039152 -0.0812307
v 0.10512415 0.10039152 -0.09623891
v 0.104845844 0.09851985 -0.09539701
v 0.08472358 0.09866597 -0.081258535
v 0.10748289 0.09673862 -0.031982645
v 0.111101 0.10041241 -0.03328377
v 0.10658532 0.10035674 -0.030006602
v 0.109653756 0.096870825 -0.034932792
v 0.107754245 0.10029413 -0.09221028
v 0.104845844 0.09851985 -0.09539701
v 0.10512415 0.10039152 -0.09623891
v 0.10640441 0.0984294 -0.09209895
v 0.0040466487 -0.002752483 0.18760888
v 0.00072076917 -0.0019175261 0.19229852
v 0.0007903427 0.0023824573 0.18923704
v 0.0025298297 0.00074735284 0.18536843
v 0.116820395 0.038326994 0.009375155
v 0.11258999 0.036427483 0.015024975
v 0.11305617 0.03837572 0.015637264
v 0.11701522 0.036413565 0.008241013
v 0.00072076917 -0.0019175261 0.19229852
v -0.004038438 0.002305925 0.19048946
v 0.0007903427 0.0023824573 0.18923704
v -0.005290866 -0.000999093 0.19237505
v -0.122726396 0.098464176 0.05515121
v -0.115691975 0.09842245 0.058518842
v -0.12081994 0.0985616 0.059026763
v -0.098081514 0.098443314 0.048868224
v -0.11039005 0.098443314 0.056918517
v -0.10935332 0.09845026 0.06739713
v -0.100739434 0.09845026 0.054657206
v -0.094880864 0.098443314 0.05397533
v -0.10640316 0.09841548 0.06368162
v -0.10924895 0.09845026 0.07528739
v -0.11230345 0.098568544 0.070889995
v -0.008651525 0.051053002 -0.13487616
v -0.013765588 0.051073894 -0.13436128
v -0.0070929527 0.044679567 -0.1482771
v -0.0044419914 0.049230054 -0.13886304
v -0.0037114173 0.046885237 -0.14344135
v 0.16782185 -0.0013817698 -0.09532046
v 0.16661118 0.0023754984 -0.092050254
v 0.16368885 0.0027512312 -0.094701216
v 0.16473255 -0.0019731969 -0.09731738
v 0.16099614 0.00058731437 -0.09631544
v 0.1605091 -0.0025785267 -0.097129524
v 0.16103789 -0.001555711 -0.0858925
v 0.16032818 0.0017562509 -0.08868262
v 0.16389063 0.003085211 -0.0888844
v 0.16569273 -0.001235649 -0.08628215
v -0.09015645 0.09664817 0.10114299
v -0.08619045 0.10041241 0.10194315
v -0.08803429 0.097086534 0.10531075
v -0.088465676 0.10036369 0.09951483
v -0.11230345 0.098568544 0.070889995
v -0.10924895 0.09845026 0.07528739
v -0.10918634 0.10040544 0.07621281
v -0.11291577 0.10038458 0.0710222
v 0.028656766 -0.0042901784 -0.1762757
v 0.0247325 -0.0034204423 -0.17227492
v 0.024238497 -0.0050346702 -0.176227
v 0.030709341 -0.0041858107 -0.17406309
v 0.0267016 -0.004088402 -0.16967961
v 0.030577153 -0.005271241 -0.170278
v 0.024148047 -0.0076786727 -0.16792622
v 0.020863906 -0.007616058 -0.17310986
v 0.0247325 -0.0034204423 -0.17227492
v 0.0267016 -0.004088402 -0.16967961
v -0.17084034 -0.008951977 -0.027738318
v -0.1681685 -0.007115081 -0.02612409
v -0.176351 -0.00787349 -0.026409358
v -0.17460455 -0.008819774 -0.02830191
v -0.17770778 -0.009466857 -0.031801745
v -0.17996912 -0.007824793 -0.030632809
v -0.1681685 -0.007115081 -0.02612409
v -0.17396443 -0.007984817 -0.022192866
v -0.176351 -0.00787349 -0.026409358
v -0.17996912 -0.007824793 -0.030632809
v -0.15780123 -0.007748261 0.06519149
v -0.16212209 -0.0034204423 0.06529586
v -0.15963115 -0.004825935 0.06135072
v -0.1579056 -0.008110061 0.06082888
v -0.04965447 0.05347435 0.089077964
v -0.05119218 0.051442668 0.08593996
v -0.042021647 0.051421776 0.09074788
v -0.05046855 0.0565428 0.09265433
v -0.03934981 0.056396678 0.097357884
v -0.031076863 0.051414832 0.09505482
v -0.021996781 0.056389734 0.102854624
v -0.019818977 0.051414832 0.09801887
v -0.008373216 0.051414832 0.099654004
v -0.0036905408 0.05640365 0.10494201
v 0.0031282008 0.051414832 0.09995319
v 0.015074924 0.05640365 0.10410009
v 0.014685288 0.051414832 0.098916456
v 0.026012763 0.051421776 0.09655772
v 0.037778586 0.05640365 0.09822066
v 0.036978424 0.051421776 0.092911765
v 0.04748486 0.05140786 0.088013425
v 0.059382886 0.056410596 0.08690016
v 0.057406828 0.05140786 0.08187653
v 0.06656344 0.051421776 0.074633345
v 0.07429367 0.05640365 0.07420196
v 0.07469723 0.05140786 0.06648566
v 0.086998805 0.056410596 0.059228554
v 0.08187084 0.051414832 0.057419494
v 0.08792421 0.05140786 0.047643647
v 0.09825671 0.056389734 0.037624255
v 0.09284346 0.051414832 0.037151113
v 0.09652418 0.051414832 0.026150659
v 0.10412222 0.05641757 0.01514326
v 0.09891075 0.05140786 0.014711872
v 0.09994747 0.051414832 0.003266111
v 0.10494325 0.05640365 -0.0035387278
v 0.09965524 0.051414832 -0.008339673
v 0.104101345 0.056501046 -0.015701145
v 0.100719795 0.053495243 -0.016209066
v 0.09838195 0.05157484 -0.018428639
v 0.101018995 0.100377604 -0.07834317
v 0.09526481 0.10039152 -0.07477377
v 0.09168844 0.10040544 -0.08031227
v 0.09666334 0.10040544 -0.08388166
v -0.17736684 -0.016209066 -0.054108784
v -0.16919132 -0.0055217296 -0.046656862
v -0.17989953 -0.01990372 -0.055862173
v -0.18220259 -0.015388042 -0.08396517
v -0.16760491 -0.003162995 -0.07017459
v -0.1701654 0.0004968643 -0.103342935
v -0.18383075 -0.013843387 -0.10242449
v -0.166763 -0.0048885494 -0.05460976
v -0.16622724 -0.004770264 -0.052932903
v -0.16736136 -0.0052155703 -0.05088727
v -0.16736136 -0.0052155703 -0.05088727
v -0.16919132 -0.0055217296 -0.046656862
v -0.16622724 -0.004770264 -0.052932903
v -0.010279685 -0.048013657 -0.1807914
v -0.012547955 -0.04771447 -0.17811956
v -0.008234054 -0.04410331 -0.17430662
v -0.0016797036 -0.04487565 -0.18114623
v 0.0035595894 -0.04012339 -0.17452927
v 0.005730465 -0.043115288 -0.18043654
v 0.011373326 -0.040888757 -0.17416051
v 0.0111297965 -0.04457645 -0.18013039
v 0.020105496 -0.05138825 -0.17930935
v 0.019861966 -0.047290042 -0.17337427
v 0.028134927 -0.052779824 -0.17677668
v 0.039817244 -0.049363494 -0.16990227
v 0.038467407 -0.051423028 -0.17214271
v 0.020133331 0.038382664 -0.12123867
v 0.026840746 0.036427483 -0.12615791
v 0.019875884 0.036427483 -0.12193446
v 0.025852725 0.038326994 -0.12485678
v 0.08374947 0.10040544 -0.09070738
v 0.08377729 0.098554626 -0.08985852
v 0.0739249 0.098498985 -0.083498985
v 0.07318041 0.100398496 -0.083652064
v -0.10085772 -0.005145997 0.13110374
v -0.10147695 -0.009425104 0.12560697
v -0.100850746 0.0032104403 0.13113852
v -0.10147001 0.0028764755 0.12557219
v -0.09818588 0.038528785 0.12777089
v -0.09833895 0.039210662 0.12498076
v -0.10081597 0.021015719 0.12293513
v -0.07118918 -0.019590616 0.1558669
v -0.07362445 -0.019534945 0.15470494
v -0.069171414 -0.009473816 0.14580579
v -0.06713273 -0.009216368 0.14690514
v -0.13408868 0.04204254 -0.06747493
v -0.12621929 0.050266758 -0.0526198
v -0.13518105 0.043914214 -0.06501183
v -0.12318562 0.04980059 -0.05228582
v -0.09344058 -0.009647757 -0.13163379
v -0.09934087 -0.019548863 -0.1396145
v -0.09710045 -0.019437537 -0.14114523
v -0.091666326 -0.009369448 -0.13284445
v -0.053738758 -0.019548863 0.16270654
v -0.050266758 -0.009626895 0.15326466
v -0.05110173 -0.019312292 0.16347887
v -0.048290715 -0.009341612 0.1541831
v 0.17076504 -0.019395784 -0.0135650635
v 0.16080828 -0.009557307 -0.013091922
v 0.17058414 -0.019486248 -0.016299516
v 0.16080828 -0.009466857 -0.015228003
v -0.05540867 -0.019639313 -0.16224857
v -0.053029045 -0.025574416 -0.16567186
v -0.05258374 -0.019333169 -0.16702169
v -0.05540867 -0.025581375 -0.16225553
v -0.08939804 0.03595434 -0.12982473
v -0.06983937 0.052375004 -0.10149908
v -0.09117927 0.035912618 -0.1283566
v -0.0716206 0.05261855 -0.10007271
v -0.09117927 0.035912618 -0.1283566
v -0.09168719 0.0031199902 -0.13282359
v -0.08939804 0.03595434 -0.12982473
v -0.09346144 0.0028695166 -0.13158508
v -0.091666326 -0.009369448 -0.13284445
v -0.09344058 -0.009647757 -0.13163379
v 0.030945912 0.003224358 -0.15842173
v 0.030284911 0.035961315 -0.15458792
v 0.028107092 0.03587781 -0.15492189
v 0.028761134 0.0029321313 -0.15883224
v 0.030925035 -0.010886267 -0.15839389
v 0.029004663 -0.010559246 -0.15885311
v 0.030284911 0.035961315 -0.15458792
v 0.023841888 0.052395895 -0.12084903
v 0.028107092 0.03587781 -0.15492189
v 0.021671027 0.05247937 -0.12123867
v 0.016362146 0.049870178 0.13275276
v 0.017677188 0.0501972 0.13577248
v 0.011122838 0.043879405 0.1495909
v 0.008986756 0.042105153 0.14984833
v 0.0908535 0.096112415 -0.10341947
v 0.09504911 0.10027324 -0.1027863
v 0.09246077 0.09806062 -0.10073371
v 0.09202938 0.09739266 -0.10630004
v -0.05784394 0.0029530078 -0.1506219
v -0.05459459 0.035870865 -0.14772046
v -0.056765452 0.03602393 -0.14701074
v -0.055847004 0.0033843964 -0.15152644
v -0.0560001 -0.009397283 -0.15135944
v -0.057948306 -0.009571224 -0.15064974
v -0.04438038 0.052409813 -0.11478869
v -0.056765452 0.03602393 -0.14701074
v -0.05459459 0.035870865 -0.14772046
v -0.04244609 0.052430674 -0.11576975
v -0.020118162 0.038361803 0.12126525
v -0.019972041 0.03642054 0.12191929
v -0.013862997 0.036469236 0.124570265
v -0.014092609 0.038347885 0.12370746
v 0.015109718 0.038396582 -0.11716133
v 0.014379144 0.036427483 -0.11725179
v 0.009181589 0.03642054 -0.111156665
v 0.010733202 0.038361803 -0.11222122
v -0.12126525 0.03828524 -0.029943973
v -0.12139048 0.03642054 -0.022937372
v -0.12076427 0.038382664 -0.022693843
v -0.12180798 0.036517933 -0.03102246
v 0.10323857 0.09815107 -0.034403995
v 0.10707933 0.09694041 -0.0373611
v 0.10748289 0.09673862 -0.031982645
v 0.109653756 0.096870825 -0.034932792
v -0.12271945 0.05231239 0.009820461
v -0.15679233 0.035947397 0.014837116
v -0.15702192 0.03593348 0.012603626
v -0.122629 0.052597657 0.012026116
v -0.15679233 0.035947397 0.014837116
v -0.16064699 0.0030712932 0.0150458515
v -0.15702192 0.03593348 0.012603626
v -0.16089748 0.0031199902 0.012951523
v -0.1609949 -0.0118186325 0.012812361
v -0.161308 -0.012423962 0.01605475
v -0.1206599 0.05229847 0.025044367
v -0.15367518 0.035912618 0.034221843
v -0.1542527 0.035940453 0.032092705
v -0.121369615 0.052124545 0.027660534
v -0.116109446 0.05343263 0.022991762
v -0.15367518 0.035912618 0.034221843
v -0.15798907 0.003133908 0.032962456
v -0.1542527 0.035940453 0.032092705
v -0.15752985 0.0031060725 0.035077646
v -0.15750898 -0.01140812 0.035008088
v -0.15843438 -0.0120482445 0.032635435
v -0.07889159 -0.019632354 -0.15215266
v -0.07619192 -0.009564266 -0.14219588
v -0.08117379 -0.018790454 -0.15049666
v -0.07432024 -0.009285957 -0.14337176
v 0.067488834 0.035905644 -0.14223763
v 0.052905068 0.05229847 -0.11119841
v 0.06557542 0.035905644 -0.14322565
v 0.0508177 0.05269508 -0.112325594
v 0.16776618 -0.019521028 -0.03485626
v 0.15752415 -0.00953643 -0.03499542
v 0.16718867 -0.01947233 -0.037444606
v 0.15801817 -0.009397283 -0.03294283
v -0.12023549 0.03596826 -0.10176349
v -0.121696636 0.0036557466 -0.10589649
v -0.11873256 0.03595434 -0.103496
v -0.12327607 0.0034261495 -0.10428921
v -0.123248264 -0.009439021 -0.10431704
v -0.12175231 -0.009585142 -0.1059591
v -0.11873256 0.03595434 -0.103496
v -0.092696086 0.052375004 -0.08095239
v -0.12023549 0.03596826 -0.10176349
v -0.09401809 0.052535042 -0.07927553
v 0.09106223 0.035905644 0.1283484
v 0.089385375 0.03598915 0.12986521
v 0.06979191 0.052416757 0.10156046
v 0.07148267 0.052555934 0.10005058
v 0.089385375 0.03598915 0.12986521
v 0.09106223 0.035905644 0.1283484
v 0.091716275 0.0031547844 0.13275276
v 0.09349054 0.003036499 0.13157685
v 0.0940263 -0.011950836 0.13156296
v 0.0916954 -0.011644676 0.13290583
v -0.16387548 -0.0042971373 0.059339866
v -0.16212209 -0.0034204423 0.06529586
v -0.16670038 -0.0039701164 0.06442611
v -0.15963115 -0.004825935 0.06135072
v -0.15741853 0.035947397 -0.00485377
v -0.16119666 0.003314823 -0.0071429163
v -0.1573072 0.0358987 -0.0070385486
v -0.16132192 0.0037392527 -0.004992917
v -0.16125233 -0.011623815 -0.0071846694
v -0.16160719 -0.011916041 -0.004624158
v -0.1573072 0.0358987 -0.0070385486
v -0.12307431 0.052409813 -0.0036639571
v -0.15741853 0.035947397 -0.00485377
v -0.12312998 0.052486345 -0.005820915
v 0.16814888 -0.001006037 0.063479826
v 0.17089029 -0.0001989305 0.055506065
v 0.17120339 -0.0018549114 0.058637127
v 0.17092508 -0.0025785267 0.0648088
v 0.17988686 -0.0011034608 0.05710639
v 0.17475888 0.0021041334 0.058324024
v 0.17631745 -0.0014722198 0.055833086
v 0.17926762 0.0015544593 0.058727577
v -0.047281817 0.03586389 0.15010576
v -0.050517246 0.0030921698 0.15334119
v -0.04947357 0.036065683 0.14963262
v -0.048367247 0.0035305172 0.15397437
v -0.050266758 -0.009626895 0.15326466
v -0.048290715 -0.009341612 0.1541831
v -0.04947357 0.036065683 0.14963262
v -0.038619235 0.052340224 0.11689569
v -0.047281817 0.03586389 0.15010576
v -0.036427483 0.052681163 0.11782108
v 0.07438412 0.0036000907 0.1431757
v 0.07249853 0.03595434 0.13996114
v 0.07436325 0.035836086 0.13877134
v 0.076332346 0.0035026819 0.14219464
v 0.074467614 -0.0111297965 0.14313395
v 0.07725774 -0.012319595 0.1424173
v 0.07249853 0.03595434 0.13996114
v 0.056481436 0.05249329 0.10948552
v 0.07436325 0.035836086 0.13877134
v 0.058506176 0.052507207 0.108316585
v 0.11874078 0.035905644 0.103306904
v 0.09275299 0.052291527 0.08088155
v 0.12032022 0.036010012 0.10174136
v 0.0942907 0.052611575 0.07930212
v 0.11874078 0.035905644 0.103306904
v 0.12032022 0.036010012 0.10174136
v 0.123214714 0.0033913553 0.10432275
v 0.1216631 0.0044767857 0.10595091
v 0.12233106 -0.011039346 0.10481675
v -0.051039085 0.05245851 0.1120808
v -0.065574154 0.035905644 0.14320351
v -0.06752239 0.035919562 0.14222942
v -0.052994266 0.052409813 0.11114846
v -0.065574154 0.035905644 0.14320351
v -0.06729974 0.003307864 0.14663379
v -0.06752239 0.035919562 0.14222942
v -0.069428846 0.003906235 0.14585449
v -0.069171414 -0.009473816 0.14580579
v -0.06713273 -0.009216368 0.14690514
v 0.054498434 0.035947397 0.14781661
v 0.044263348 0.052361086 0.11480136
v 0.05655101 0.0358987 0.14696081
v 0.042245552 0.052611575 0.11576153
v 0.05655101 0.0358987 0.14696081
v 0.05595264 0.0031826198 0.15135123
v 0.054498434 0.035947397 0.14781661
v 0.05801913 0.003085211 0.15065543
v 0.057949558 -0.010468796 0.15066935
v 0.05611962 -0.010517508 0.15130948
v -0.08296196 0.03586389 0.13382427
v -0.08690016 0.0035513788 0.13600905
v -0.08479886 0.035912618 0.13271101
v -0.08502151 0.003537476 0.13719885
v -0.086747065 -0.009557307 0.13603689
v -0.08497976 -0.009320736 0.13744237
v -0.08479886 0.035912618 0.13271101
v -0.06637432 0.05242373 0.10384266
v -0.08296196 0.03586389 0.13382427
v -0.064725295 0.05236806 0.10483764
v -0.0615177 0.05330737 0.101483926
v -0.10639621 0.035919562 -0.115978494
v -0.10488634 0.03602393 -0.117634475
v -0.08174433 0.052507207 -0.09191805
v -0.08350469 0.05243765 -0.09053342
v -0.1075234 0.0024242103 -0.12054288
v -0.10488634 0.03602393 -0.117634475
v -0.10639621 0.035919562 -0.115978494
v -0.10909586 0.003996685 -0.11883123
v -0.107592955 -0.009557307 -0.12037589
v -0.10918634 -0.009473816 -0.11890081
v 0.13123022 0.09738572 -0.050101027
v 0.12773734 0.09684299 -0.052160576
v 0.13148767 0.10015495 -0.052452803
v 0.12784868 0.10034977 -0.05365652
v 0.17116861 -0.019541904 0.007837459
v 0.16122577 -0.009654716 0.0051795393
v 0.17126602 -0.019527987 0.0050890893
v 0.1613997 -0.009146795 0.0074199736
v -0.15978421 -0.0025507063 -0.08942711
v -0.15804474 -0.0010547489 -0.08759719
v -0.16549666 -0.0011382401 -0.08836256
v -0.16347192 -0.00280118 -0.090143785
v -0.09241776 -0.019555822 0.14431678
v -0.086747065 -0.009557307 0.13603689
v -0.09005208 -0.019514069 0.14574318
v -0.08497976 -0.009320736 0.13744237
v -0.030234948 0.035926536 0.15457971
v -0.023889348 0.052430674 0.120861694
v -0.028098866 0.035891727 0.15488584
v -0.021739349 0.052416757 0.1212583
v -0.028098866 0.035891727 0.15488584
v -0.030902907 0.0030434579 0.15841351
v -0.030234948 0.035926536 0.15457971
v -0.028697267 0.004233256 0.15881707
v -0.028906003 -0.00959906 0.15868486
v -0.03112556 -0.009376407 0.15855266
v -0.0744455 0.0038923174 -0.1430865
v -0.072552934 0.0358987 -0.13981628
v -0.07446636 0.035926536 -0.13875172
v -0.07649808 0.002897337 -0.1422933
v -0.07619192 -0.009564266 -0.14219588
v -0.07432024 -0.009285957 -0.14337176
v -0.058365777 0.052381977 -0.10836654
v -0.07446636 0.035926536 -0.13875172
v -0.072552934 0.0358987 -0.13981628
v -0.05632712 0.052646384 -0.10962592
v -0.16125931 -0.04399894 -0.067147896
v -0.16305442 -0.04771447 -0.0727351
v -0.16642903 -0.047944084 -0.07130177
v -0.17035328 -0.044186816 -0.06153287
v -0.16545491 -0.03993553 -0.05570911
v -0.17157786 -0.04306659 -0.055820435
v -0.16768841 -0.041229695 -0.048403308
v -0.17321993 -0.044854775 -0.050775945
v -0.17538385 -0.051360413 -0.042461246
v -0.16968532 -0.04723437 -0.04075657
v -0.17378353 -0.051499575 -0.03974071
v 0.04724133 0.0358987 -0.15014878
v 0.038703978 0.05242373 -0.11686215
v 0.036553994 0.0525281 -0.11770405
v 0.049273044 0.035926536 -0.14957127
v 0.10488759 0.03598915 0.11756365
v 0.106425285 0.035870865 0.116018996
v 0.10754551 0.0034261495 0.12031202
v 0.10927107 0.003307864 0.11887173
v 0.109083205 -0.011185467 0.11889957
v 0.10738548 -0.01225698 0.12130003
v 0.10488759 0.03598915 0.11756365
v 0.08179429 0.05249329 0.09199335
v 0.106425285 0.035870865 0.116018996
v 0.08350594 0.052472427 0.09049739
v -0.083692566 0.098826006 0.089926824
v -0.07391669 0.09847115 0.083490774
v -0.0731722 0.10038458 0.083692566
v -0.084541425 0.10040544 0.09159674
v 0.15680748 0.036016986 -0.014894024
v 0.15693273 0.035849974 -0.01273708
v 0.122539796 0.052465454 -0.0118673295
v 0.12286682 0.052354142 -0.009682551
v 0.15680748 0.036016986 -0.014894024
v 0.16068304 0.003314823 -0.015102759
v 0.15693273 0.035849974 -0.01273708
v 0.16092657 0.0030017048 -0.012938857
v 0.16080828 -0.009557307 -0.013091922
v 0.16080828 -0.009466857 -0.015228003
v 0.04724133 0.0358987 -0.15014878
v 0.050532416 0.003447011 -0.15332854
v 0.049273044 0.035926536 -0.14957127
v 0.04839635 0.0033426434 -0.15397562
v 0.048465922 -0.01153335 -0.15387821
v 0.051012516 -0.011971697 -0.15348856
v -0.155192 0.035940453 -0.026632011
v -0.12132786 0.052472427 -0.021107435
v -0.15556078 0.035891727 -0.024502888
v -0.12162705 0.05247937 -0.018915698
v -0.15556078 0.035891727 -0.024502888
v -0.15905364 0.002994746 -0.027195603
v -0.155192 0.035940453 -0.026632011
v -0.15949894 0.0036070496 -0.02503866
v -0.15950589 -0.011846468 -0.02530305
v -0.1592067 -0.008958936 -0.027480885
v -0.10504638 0.0954027 0.016186938
v -0.104065314 0.056521937 0.015672058
v -0.101880506 0.09550707 0.015818179
v -0.10036369 0.053196058 0.016374812
v -0.098533764 0.09543751 0.018030792
v -0.098262414 0.051526144 0.018761367
v -0.12842493 0.1001132 0.054163203
v -0.13258575 0.10041241 0.053919658
v -0.13287799 0.100377604 0.04956402
v -0.13866697 0.100488946 0.03852181
v -0.12956603 0.10041241 0.04547973
v -0.12250374 0.10041241 0.034548864
v -0.102945074 0.10041241 0.02082786
v -0.10492809 0.100398496 0.030777678
v -0.09982099 0.10040544 0.03262846
v -0.102548465 0.0997514 0.03463234
v -0.16343017 -0.0010338724 -0.10124165
v -0.15769686 0.00058731437 -0.10273759
v -0.15685494 -0.0011243224 -0.09994747
v -0.16346495 0.0006708056 -0.10293937
v -0.12507121 0.097142175 0.049793646
v -0.12842493 0.1001132 0.054163203
v -0.13017832 0.096724704 0.051220015
v -0.12420149 0.10041241 0.051143453
v 0.15737107 0.0358987 0.004922092
v 0.15737803 0.035961315 0.007120788
v 0.12303381 0.05245851 0.005798787
v 0.12308251 0.052430674 0.0035722554
v 0.15737107 0.0358987 0.004922092
v 0.16123968 0.0029251724 0.007162541
v 0.15737803 0.035961315 0.007120788
v 0.16137883 0.0034818053 0.004956886
v 0.16122577 -0.009654716 0.0051795393
v 0.1613997 -0.009146795 0.0074199736
v -0.110230014 0.100398496 0.0673693
v -0.10935332 0.09845026 0.06739713
v -0.11230345 0.098568544 0.070889995
v -0.11291577 0.10038458 0.0710222
v -0.12318562 0.04980059 -0.05228582
v -0.13211958 0.04463087 -0.06774628
v -0.12294905 0.051150426 -0.05570215
v -0.13408868 0.04204254 -0.06747493
v 0.15370426 0.035891727 -0.034209177
v 0.15798336 0.0029251724 -0.032984585
v 0.15421915 0.035912618 -0.032128766
v 0.15752415 0.0032173991 -0.035078913
v 0.15801817 -0.009397283 -0.03294283
v 0.15752415 -0.00953643 -0.03499542
v 0.15421915 0.035912618 -0.032128766
v 0.12068204 0.052326307 -0.024989948
v 0.15370426 0.035891727 -0.034209177
v 0.120647244 0.052270636 -0.027098194
v 0.11742573 0.052882954 -0.024572477
v 0.1551863 0.035926536 0.026609883
v 0.12160744 0.05236806 0.019060552
v 0.15552028 0.035912618 0.024494693
v 0.12136391 0.052667245 0.02134274
v 0.15552028 0.035912618 0.024494693
v 0.15943062 0.0035652965 0.025093064
v 0.1551863 0.035926536 0.026609883
v 0.15908968 0.0029808432 0.027263924
v 0.15901315 -0.009585142 0.027152613
v 0.15954891 -0.009327695 0.025023475
v 0.08472358 0.035856947 -0.13271922
v 0.066299036 0.052430674 -0.1037952
v 0.08293539 0.0358987 -0.13387424
v 0.064789176 0.052270636 -0.10483193
v 0.06005779 0.054204956 -0.10066414
v 0.08651872 0.004101053 -0.13593376
v 0.08472358 0.035856947 -0.13271922
v 0.08293539 0.0358987 -0.13387424
v 0.0848836 0.0031199902 -0.13770804
v 0.08461921 -0.012577042 -0.13852906
v 0.08659525 -0.011387244 -0.13601726
v -0.15719588 0.0022920072 -0.094617724
v -0.1626996 0.0019301921 -0.09154928
v -0.16298486 0.0035096407 -0.09591189
v -0.15849699 0.00068472326 -0.09111093
v 0.01376684 0.051073894 0.13438089
v 0.016362146 0.049870178 0.13275276
v 0.0070385486 0.04465173 0.14815755
v 0.008986756 0.042105153 0.14984833
v -0.12392317 0.10037066 0.054893777
v -0.122726396 0.098464176 0.05515121
v -0.12081994 0.0985616 0.059026763
v -0.12027027 0.100398496 0.060237452
v -0.11411251 -0.019618437 -0.12783477
v -0.10918634 -0.009473816 -0.11890081
v -0.11603291 -0.019347087 -0.1260257
v -0.107592955 -0.009557307 -0.12037589
v 0.11657687 -0.0047424436 -0.12838444
v 0.120473295 -0.007518649 -0.12914981
v 0.11709871 -0.0076856315 -0.12634577
v 0.11854596 -0.004171893 -0.13139024
v 0.09982224 -0.021538824 -0.14374053
v 0.09696253 -0.021531865 -0.14156967
v 0.09905687 -0.021573618 -0.15042013
v 0.079449475 -0.021580577 -0.15323809
v 0.051763967 -0.021573618 -0.17253235
v 0.046357676 -0.021587536 -0.16618675
v 0.045933247 -0.021448374 -0.1690047
v 0.1446381 -0.047693595 -0.10469972
v 0.14495817 -0.047944084 -0.10843612
v 0.13903004 -0.044172898 -0.10571558
v 0.13687308 -0.04340753 -0.11860858
v 0.13149461 -0.040144265 -0.11485827
v 0.12652668 -0.040714815 -0.12027848
v 0.13322018 -0.043393612 -0.1215796
v 0.13052747 -0.04491043 -0.12473849
v 0.1200767 -0.047269166 -0.12663105
v 0.12133608 -0.051506534 -0.13059705
v 0.12441147 -0.051402166 -0.13070142
v 0.14495817 -0.047944084 -0.10843612
v 0.1446381 -0.047693595 -0.10469972
v 0.1750859 -0.044360757 -0.09489603
v 0.15579164 -0.045654923 -0.08797987
v 0.1680932 -0.044082448 -0.079602554
v 0.1568562 -0.04459037 -0.08375643
v -0.030659392 0.0011787415 -0.18108362
v -0.029525235 -0.0026481152 -0.18056178
v -0.03321989 -0.0021888912 -0.17784819
v -0.03454189 0.0012135357 -0.17933719
v -0.106361404 0.0964116 0.03663622
v -0.102548465 0.0997514 0.03463234
v -0.10494201 0.10040544 0.03862618
v -0.09982099 0.10040544 0.03262846
v -0.029525235 -0.0026481152 -0.18056178
v -0.030965522 -0.00083209574 -0.17634529
v -0.03321989 -0.0021888912 -0.17784819
v -0.026971713 -0.0011521578 -0.18105578
v -0.08415873 0.099097356 0.08111118
v -0.08706017 0.10041936 0.077075586
v -0.08377604 0.10039152 0.08123641
v -0.08655922 0.09834589 0.0794691
v 0.17120339 -0.0018549114 0.058637127
v 0.17089029 -0.0001989305 0.055506065
v 0.17631745 -0.0014722198 0.055833086
v 0.17695063 0.00033682585 0.05424668
v 0.17988686 -0.0011034608 0.05710639
v 0.18329623 0.00079604983 0.057113335
v 0.1821621 -0.001096502 0.060383573
v 0.18392244 0.0001141727 0.0651706
v 0.18173766 -0.001507014 0.065052316
v 0.17957376 -0.0007068515 0.07023595
v 0.17878056 -0.0018618703 0.0676337
v 0.17446665 -0.0025785267 0.06742497
v 0.17276892 -0.0011660755 0.069192275
v 0.17092508 -0.0025785267 0.0648088
v 0.16814888 -0.001006037 0.063479826
v -0.16347192 -0.00280118 -0.090143785
v -0.16549666 -0.0011382401 -0.08836256
v -0.16674908 -0.0018896908 -0.092989564
v -0.16918434 -0.00037287176 -0.09460381
v 0.13509187 0.0439281 0.06514974
v 0.12301989 0.049828425 0.052173242
v 0.12679803 0.05007194 0.052381977
v 0.13390902 0.042202547 0.06731363
v -0.10135172 0.09857552 0.078376725
v -0.09554188 0.10039152 0.07445942
v -0.100795075 0.10040544 0.07912122
v -0.09543054 0.09845026 0.07408367
v 0.09082566 0.09845026 -0.080987185
v 0.09666334 0.10040544 -0.08388166
v 0.09168844 0.10040544 -0.08031227
v 0.09755395 0.098464176 -0.084577456
v 0.13214171 0.04459606 0.06784941
v 0.123207755 0.051094756 0.055394754
v 0.12301989 0.049828425 0.052173242
v 0.13390902 0.042202547 0.06731363
v 0.101018995 0.100377604 -0.07834317
v 0.10138081 0.098533764 -0.07819706
v 0.09580056 0.09848507 -0.07430063
v 0.09526481 0.10039152 -0.07477377
v 0.101018995 0.100377604 -0.07834317
v 0.09755395 0.098464176 -0.084577456
v 0.10138081 0.098533764 -0.07819706
v 0.09666334 0.10040544 -0.08388166
v -0.008762851 0.042105153 -0.14963388
v -0.0070929527 0.044679567 -0.1482771
v -0.016242608 0.049904957 -0.13282359
v -0.013765588 0.051073894 -0.13436128
v -0.008762851 0.042105153 -0.14963388
v -0.01755765 0.05021806 -0.135732
v -0.011232913 0.043858543 -0.14963388
v -0.016242608 0.049904957 -0.13282359
v 0.1486876 -0.013509408 -0.07256812
v 0.15069845 -0.0145739615 -0.072255
v 0.15725975 -0.019618437 -0.0682403
v 0.1371027 -0.0024672002 -0.09456901
v -0.16746576 -0.007963955 0.052068874
v -0.1600347 -0.0070037544 0.055506065
v -0.16848855 -0.0079152435 0.05632712
v -0.17454891 -0.007803917 0.06729974
v -0.1716405 -0.007810876 0.06345199
v -0.16787626 -0.0068019778 0.070187256
v -0.15786384 -0.00588353 0.06933142
v -0.15996511 -0.0058487505 0.074125424
v -0.15624265 -0.0051251203 0.07813318
v -0.14643894 -0.004443243 0.07702689
v -0.1558878 -0.006370589 0.06104456
v -0.15439878 -0.0045615286 0.0833029
v -0.15428747 -0.0059948564 0.05956252
v -0.1600347 -0.0070037544 0.055506065
v -0.15361951 -0.006558448 0.0578648
v -0.16746576 -0.007963955 0.052068874
v -0.15210964 -0.010496631 0.054225817
v -0.15767597 -0.012556165 0.05018328
v -0.16292919 -0.01857476 0.04257132
v -0.15877531 -0.015367165 0.0463634
v -0.1357377 -0.0024602413 0.09689169
v -0.13959934 -0.0010129958 0.113973364
v -0.14610498 -0.0011939108 0.11472483
v -0.15050237 -0.00063727796 0.12119566
v -0.13474272 -0.0004633218 0.11773758
v -0.13241877 0.0007264763 0.12976085
v -0.13436697 0.0001976788 0.12484856
v -0.13933493 0.0007125586 0.12956603
v -0.14958392 0.00055252016 0.1312568
v -0.14726 0.00032292306 0.12803529
v 0.00072076917 -0.0019175261 0.19229852
v 0.0033578128 -0.0005120337 0.19305693
v -0.004963845 0.00043424964 0.19488685
v -0.005290866 -0.000999093 0.19237505
v 0.0033578128 -0.0005120337 0.19305693
v 0.00072076917 -0.0019175261 0.19229852
v 0.0040466487 -0.002752483 0.18760888
v 0.006001815 -0.001096502 0.18765064
v -0.07583012 0.05632712 -0.083679885
v -0.054817244 0.056410596 -0.089573234
v -0.080818936 0.056396678 -0.08221178
v -0.07902379 0.051714018 -0.08725625
v 0.0041023195 -0.0011173636 0.18161814
v 0.006001815 -0.001096502 0.18765064
v 0.0040466487 -0.002752483 0.18760888
v 0.0014513433 -0.002655074 0.18225826
v 0.0041023195 -0.0011173636 0.18161814
v 0.0014513433 -0.002655074 0.18225826
v -0.0018119067 -0.00072076917 0.17900194
v -0.0027373135 -0.0019453615 0.18091537
v -0.0075173974 -1.8015504E-05 0.18107541
v -0.0063275844 -0.001277402 0.18272443
v -0.008171439 -0.0010895431 0.18678088
v -0.010147482 0.0005246997 0.1873097
v 0.157879 -0.001186952 -0.09824279
v 0.16549791 -0.0005259514 -0.09957871
v 0.1605091 -0.0025785267 -0.097129524
v 0.16473255 -0.0019731969 -0.09731738
v 0.16782185 -0.0013817698 -0.09532046
v 0.16999272 0.00016984344 -0.09520218
v 0.1688238 -0.0010269135 -0.089990705
v 0.17036845 0.000740394 -0.08810511
v -0.03321989 -0.0021888912 -0.17784819
v -0.030965522 -0.00083209574 -0.17634529
v -0.03825046 -0.00010848045 -0.17649141
v -0.03855662 -0.0012426078 -0.17910062
v -0.04186161 0.00038553774 -0.18120886
v -0.040657893 -0.0010825843 -0.18461128
v -0.03855662 -0.0012426078 -0.17910062
v -0.037930414 0.0026329458 -0.18297617
v -0.03454189 0.0012135357 -0.17933719
v -0.034493193 0.003405273 -0.18282309
v 0.017071843 0.036434457 -0.11044
v 0.021190926 0.036399648 -0.10290459
v 0.021163106 0.038243517 -0.10471364
v 0.017558903 0.038313076 -0.111073166
v -0.106472746 0.09996711 0.062102154
v -0.100739434 0.09845026 0.054657206
v -0.10640316 0.09841548 0.06368162
v -0.10346691 0.1005307 0.057516918
v -0.11039005 0.098443314 0.056918517
v -0.106472746 0.09996711 0.062102154
v -0.10640316 0.09841548 0.06368162
v -0.10962467 0.100377604 0.057308182
v -0.11922659 -0.014692247 0.11685394
v -0.120882556 -0.012952775 0.11286704
v -0.10906108 -0.01382947 0.124639824
v -0.11843337 -0.019402742 0.12367268
v -0.11336802 -0.01975064 0.12878676
v -0.10756512 -0.01950711 0.13335808
v -0.10300769 -0.009529486 0.12415974
v -0.10147695 -0.009425104 0.12560697
v -0.13974546 -0.0120969415 -0.08845301
v -0.1459171 -0.0047911406 -0.077751756
v -0.14654331 -0.0062105507 -0.07958168
v -0.15021013 -0.0025854856 -0.06952055
v 0.16661118 0.0023754984 -0.092050254
v 0.16389063 0.003085211 -0.0888844
v 0.16368885 0.0027512312 -0.094701216
v 0.15876266 0.0018188655 -0.09193893
v 0.16032818 0.0017562509 -0.08868262
v 0.16231814 0.00015592575 -0.083248496
v 0.15489405 -0.00096429884 -0.089573234
v 0.16103789 -0.001555711 -0.0858925
v 0.1574685 -0.0023210943 -0.08921142
v -0.11688872 0.05249329 0.01133728
v -0.122629 0.052597657 0.012026116
v -0.12271945 0.05231239 0.009820461
v -0.11630426 0.05296643 0.008700237
v -0.014092609 0.038347885 0.12370746
v -0.013946503 0.036552742 0.1184821
v -0.014760569 0.038396582 0.11679827
v -0.013862997 0.036469236 0.124570265
v -0.17134826 -0.03860657 -0.032970667
v -0.17383222 -0.040951386 -0.015422821
v -0.17391573 -0.038237795 -0.011401162
v -0.17333822 -0.049537435 -0.020676047
v -0.16968532 -0.04723437 -0.04075657
v -0.16768841 -0.041229695 -0.048403308
v -0.16612984 -0.038488284 -0.05298856
v -0.16545491 -0.03993553 -0.05570911
v -0.15872662 -0.03859961 -0.072470695
v -0.16125931 -0.04399894 -0.067147896
v -0.15139298 -0.04188375 -0.08676919
v -0.14938216 -0.03846045 -0.08991417
v -0.14247991 -0.030598015 -0.102626264
v -0.15078764 -0.044360757 -0.09410979
v -0.14279996 -0.033791706 -0.10655749
v -0.14028122 -0.028733298 -0.1075803
v -0.13804771 -0.025616154 -0.106668815
v -0.15050237 -0.00063727796 0.12119566
v -0.14610498 -0.0011939108 0.11472483
v -0.14733653 -0.0023280531 0.119289204
v -0.14362101 -0.0025854856 0.11591463
v 0.13091016 -0.008708447 0.11319406
v 0.13052052 -0.0077760816 0.108080015
v 0.13209301 -0.005236447 0.11123891
v 0.13335238 -0.0043736696 0.1078852
v -0.13474272 -0.0004633218 0.11773758
v -0.13436697 0.0001976788 0.12484856
v -0.13605775 -0.001736626 0.12020068
v -0.13678832 -0.0012008697 0.124966845
v -0.13933493 0.0007125586 0.12956603
v -0.14180498 -0.00083209574 0.12825097
v -0.14362101 -0.0025854856 0.11591463
v -0.13959934 -0.0010129958 0.113973364
v -0.13904966 -0.0017644614 0.11635296
v -0.13474272 -0.0004633218 0.11773758
v -0.13605775 -0.001736626 0.12020068
v -0.16921218 -0.007609099 -0.039218873
v -0.17024891 -0.00422059 -0.037117586
v -0.17443757 -0.007859588 -0.03926757
v -0.1756065 -0.0052782 -0.03623393
v -0.17341475 -0.0032604039 -0.033916935
v -0.037930414 0.0026329458 -0.18297617
v -0.038542703 -0.0011034608 -0.18831985
v -0.03517507 0.0024311692 -0.18735269
v -0.040657893 -0.0010825843 -0.18461128
v -0.105909154 0.097323105 0.03175874
v -0.10965945 0.09691258 0.034444496
v -0.109436795 0.10041241 0.03076376
v -0.111607686 0.100398496 0.033553883
v 0.05008711 -0.0060366094 0.16159327
v 0.055194214 -0.0065027922 0.15725155
v 0.054101825 -0.0076856315 0.15993728
v 0.051179513 -0.0075603873 0.16354845
v 0.048869476 -0.0059392005 0.1691565
v 0.05113776 -0.0074977726 0.16782059
v 0.05563256 -0.008311853 0.17209275
v 0.053837433 -0.0067671835 0.17325471
v 0.104845844 0.09851985 -0.09539701
v 0.10640441 0.0984294 -0.09209895
v 0.09571707 0.09829719 -0.08614299
v 0.08472358 0.09866597 -0.081258535
v 0.08626127 0.09843637 -0.078426674
v 0.09082566 0.09845026 -0.080987185
v 0.09755395 0.098464176 -0.084577456
v 0.09851414 0.09897213 -0.08601774
v 0.099202976 0.099076495 -0.08614299
v 0.10382998 0.09840156 -0.083916456
v 0.10138081 0.098533764 -0.07819706
v 0.105840825 0.098498985 -0.07656196
v 0.09580056 0.09848507 -0.07430063
v 0.094221115 0.09847115 -0.06932573
v 0.08841823 0.09843637 -0.0751982
v 0.09203634 0.09870075 -0.077090755
v 0.09082566 0.09845026 -0.080987185
v -0.10147001 0.0028764755 0.12557219
v -0.10311206 0.0032800287 0.12411104
v -0.10081597 0.021015719 0.12293513
v -0.10300769 -0.009529486 0.12415974
v -0.10147695 -0.009425104 0.12560697
v 0.020724744 0.048402056 0.13886179
v 0.020279452 0.045417115 0.1455553
v 0.017677188 0.0501972 0.13577248
v 0.0148522705 0.043858543 0.14937519
v 0.011122838 0.043879405 0.1495909
v -0.033073768 -0.01950711 0.16811283
v -0.03112556 -0.009376407 0.15855266
v -0.028906003 -0.00959906 0.15868486
v -0.025635794 -0.013551146 0.16335364
v -0.026742086 -0.019611493 0.1693096
v -0.012457505 -0.013537228 0.16494699
v -0.019102305 -0.019493207 0.17025585
v -0.13518105 0.043914214 -0.06501183
v -0.13526456 0.046029404 -0.053900048
v -0.13715015 0.043983772 -0.06036395
v -0.12621929 0.050266758 -0.0526198
v -0.12980954 0.048798665 -0.051534355
v 0.14987741 -0.0019314438 0.06999244
v 0.15468532 -0.006189689 0.05837272
v 0.1561256 -0.008297935 0.057516918
v 0.15826865 -0.013210207 0.048200265
v 0.06917961 0.09606372 -0.089621946
v 0.06777412 0.098408535 -0.09225899
v 0.07178187 0.09824152 -0.09120138
v 0.069116995 0.10041241 -0.093135685
v -0.007482603 -0.012917981 0.1652114
v 0.0023976266 -0.0058974475 0.16531576
v 0.0028568506 -0.0074073225 0.16617157
v 0.013912961 -0.0014443994 0.16483565
v 0.013822511 -0.0025437474 0.16576801
v 0.15901315 -0.009585142 0.027152613
v 0.15954891 -0.009327695 0.025023475
v 0.16928302 -0.019527987 0.026498571
v 0.1623599 -0.013648555 0.031967476
v 0.16825324 -0.019827187 0.033936575
v 0.16675729 -0.019555822 0.039600298
v 0.16062738 -0.014650494 0.045131847
v 0.15826865 -0.013210207 0.048200265
v -0.005290866 -0.000999093 0.19237505
v -0.008171439 -0.0010895431 0.18678088
v -0.004038438 0.002305925 0.19048946
v -0.0059449077 0.0016797036 0.1853406
v -0.002855599 0.0034261495 0.18671827
v -0.005290866 -0.000999093 0.19237505
v -0.004963845 0.00043424964 0.19488685
v -0.010147482 0.0005246997 0.1873097
v -0.008171439 -0.0010895431 0.18678088
v -0.007482603 -0.012917981 0.1652114
v 0.0028568506 -0.0074073225 0.16617157
v -0.013675138 -0.014497429 0.167257
v -0.022469923 -0.01334241 0.17340083
v -0.014280483 0.0007264763 0.18483965
v 0.013822511 -0.0025437474 0.16576801
v -0.023826733 -0.028190583 0.17999692
v -0.02454339 -0.027606115 0.18102671
v -0.017961204 -0.03859961 0.18985628
v -0.023068324 -0.029818729 0.1756552
v -0.015108466 -0.044089407 0.1853754
v -0.020584345 -0.034021303 0.17698418
v 0.03518328 -0.011950836 -0.16260342
v 0.0446669 -0.018700004 -0.16238077
v 0.039538935 -0.015527189 -0.1606065
v 0.038620487 -0.007956997 -0.1710364
v 0.027940094 -0.006328836 -0.16377234
v 0.029004663 -0.010559246 -0.15885311
v 0.025706619 -0.0053477734 -0.16332704
v 0.061727688 -0.0059392005 0.1653227
v 0.058046967 -0.0030864626 0.16644295
v 0.057921723 -0.004457161 0.16201074
v 0.06011346 -0.008325756 0.1605287
v 0.06258352 -0.009299874 0.16417466
v 0.17909366 0.002904296 0.0637999
v 0.17448753 0.0013039857 0.06612383
v 0.17256714 0.0020832717 0.062554434
v 0.17681147 0.0034191906 0.06137158
v -0.033679113 -0.011387244 -0.16203287
v -0.026693389 -0.0072820783 -0.16448902
v -0.02620633 -0.005918324 -0.16323659
v -0.014600545 -0.0025994033 -0.16549791
v -0.014934525 -0.001694873 -0.16473949
v 0.006829813 -0.0045058727 -0.16533092
v 0.039636344 -0.0077830404 0.17250328
v 0.048869476 -0.0059392005 0.1691565
v 0.047686636 -0.006064445 0.17088209
v 0.053837433 -0.0067671835 0.17325471
v 0.060656175 -0.007824793 0.17696328
v 0.060746625 -0.0076786727 0.1730112
v 0.0647683 -0.007929161 0.1683494
v 0.067732364 -0.008012652 0.16169764
v 0.06353675 -0.0075047314 0.16085573
v 0.054254904 -0.0062662214 0.15517111
v 0.055194214 -0.0065027922 0.15725155
v 0.109591134 -0.006287098 -0.1254482
v 0.106926255 -0.0072751194 -0.13344283
v 0.10954939 -0.008165732 -0.12965775
v 0.10937544 -0.008805856 -0.13420126
v 0.05113776 -0.0074977726 0.16782059
v 0.053684354 -0.0040536076 0.16489132
v 0.054428846 -0.004540667 0.16878776
v 0.051179513 -0.0075603873 0.16354845
v -0.13884787 0.0021876395 0.11965798
v -0.13845824 0.00221546 0.12336655
v -0.14297391 0.0033983141 0.12370746
v -0.14408024 0.0018049479 0.118224636
v -0.14584057 0.0020067245 0.121675774
v -0.15028669 0.020695671 0.051985368
v -0.15165041 0.0047620535 0.05417712
v -0.15269412 0.003537476 0.05238892
v -0.15210964 -0.010496631 0.054225817
v -0.15280543 -0.010921061 0.052381977
v -0.17770778 -0.009466857 -0.031801745
v -0.17734598 -0.008638874 -0.03635916
v -0.17662932 -0.006001815 -0.032066137
v -0.1756065 -0.0052782 -0.03623393
v -0.17341475 -0.0032604039 -0.033916935
v 0.11162284 0.038417444 0.025969759
v 0.11678561 0.036427483 0.027423963
v 0.12119692 0.03825046 0.030081883
v 0.12184401 0.036434457 0.029650494
v 0.06353675 -0.0075047314 0.16085573
v 0.06011346 -0.008325756 0.1605287
v 0.055194214 -0.0065027922 0.15725155
v 0.06258352 -0.009299874 0.16417466
v 0.11226993 0.098533764 -0.0708843
v 0.10921541 0.09845026 -0.07521212
v 0.109173656 0.10039152 -0.07622102
v 0.11292397 0.10040544 -0.07105824
v 0.109417185 0.098464176 -0.067454055
v 0.11226993 0.098533764 -0.0708843
v 0.11021735 0.10037066 -0.06734969
v 0.11292397 0.10040544 -0.07105824
v 0.14414409 -0.007073343 0.112310424
v 0.14153488 -0.0077343434 0.10625704
v 0.14376837 -0.006377548 0.10713373
v 0.14167404 -0.008826733 0.11337499
v 0.13528669 -0.0053477734 0.11450218
v 0.13209301 -0.005236447 0.11123891
v 0.13626078 -0.0030516684 0.110320464
v 0.13335238 -0.0043736696 0.1078852
v 0.13626078 -0.0030516684 0.110320464
v 0.13335238 -0.0043736696 0.1078852
v 0.13646257 -0.004909426 0.105818704
v 0.13954492 -0.004624158 0.10809393
v 0.12144741 0.03642054 0.022887394
v 0.12701373 0.037819073 0.017995998
v 0.12075161 0.038382664 0.022616044
v 0.12767473 0.036413565 0.017905548
v 0.12701373 0.037819073 0.017995998
v 0.1199445 0.0364414 0.015825137
v 0.119714886 0.038452253 0.016687915
v 0.12767473 0.036413565 0.017905548
v 0.106926255 -0.0072751194 -0.13344283
v 0.11160892 -0.0079152435 -0.13967712
v 0.10937544 -0.008805856 -0.13420126
v 0.11395374 -0.008993715 -0.13857777
v 0.17857182 0.00069864094 0.049772754
v 0.18329623 0.00079604983 0.057113335
v 0.17695063 0.00033682585 0.05424668
v 0.1386891 0.10055156 -0.03866224
v 0.13347067 0.10062809 -0.053962678
v 0.13774979 0.10666059 -0.0420229
v 0.13168249 0.13034533 -0.058429644
v 0.12647797 0.101497844 -0.06885259
v 0.12775823 0.13584901 -0.06650081
v 0.12404966 0.1374215 -0.07318041
v 0.11795454 0.101316944 -0.08260141
v 0.117989324 0.13737975 -0.08262925
v 0.111407146 0.13738672 -0.09127097
v 0.10793515 0.10108732 -0.095313504
v 0.10607739 0.13582118 -0.09742871
v 0.09980832 0.13006003 -0.10389261
v 0.09642677 0.10083683 -0.106926255
v 0.08598296 0.10556124 -0.11557493
v 0.083735555 0.10046111 -0.11707088
v 0.08692923 0.09787972 -0.10355167
v 0.088988766 0.09793539 -0.10667577
v 0.0908535 0.096112415 -0.10341947
v 0.09202938 0.09739266 -0.10630004
v 0.13553718 -0.009348571 0.116234675
v 0.1329697 -0.007838711 0.1176054
v 0.13091016 -0.008708447 0.11319406
v 0.12852359 -0.0072333664 0.112637445
v 0.072707266 0.09841548 -0.087054476
v 0.07178187 0.09824152 -0.09120138
v 0.073709205 0.100433275 -0.08841127
v 0.06917961 0.09606372 -0.089621946
v 0.06940922 0.096689925 -0.08659525
v -0.12709598 0.03770776 -0.017976373
v -0.11993627 0.036434457 -0.015812472
v -0.12011023 0.038487032 -0.017204046
v -0.12770827 0.03642054 -0.0179068
v 0.08033313 -0.032838464 0.15772466
v 0.120723784 -0.032400116 0.12942688
v 0.08024964 -0.031599954 0.15694539
v 0.11985405 -0.031592995 0.12905811
v 0.095793605 -0.031592995 -0.14796399
v 0.051729187 -0.03242795 -0.1692691
v 0.051603943 -0.031592995 -0.1683437
v 0.096371114 -0.03244883 -0.14844409
v -0.0063275844 -0.001277402 0.18272443
v -0.0027373135 -0.0019453615 0.18091537
v -0.00142923 0.0022711307 0.18312104
v -0.0059449077 0.0016797036 0.1853406
v -0.002855599 0.0034261495 0.18671827
v 0.13967712 -0.0047006905 0.09010078
v 0.14987741 -0.0019314438 0.06999244
v 0.15122724 -0.002474159 0.06954016
v 0.13993457 -0.00352481 0.0880969
v 0.12768169 -0.0063010156 0.105533406
v 0.08614299 0.10040544 -0.08771548
v 0.075664386 0.10028021 -0.080020025
v 0.07318041 0.100398496 -0.083652064
v 0.064733505 0.10040544 -0.082684904
v 0.08374947 0.10040544 -0.09070738
v 0.06790632 0.10037066 -0.08406258
v 0.064830914 0.10041241 -0.08983068
v 0.054762825 0.10040544 -0.08960107
v 0.07441892 0.10040544 -0.10337773
v 0.073709205 0.100433275 -0.08841127
v 0.069116995 0.10041241 -0.093135685
v 0.083735555 0.10046111 -0.11707088
v 0.086247355 0.10041241 -0.10221575
v 0.09082566 0.10041241 -0.09927951
v 0.087430194 0.10041241 -0.10646703
v 0.09504911 0.10027324 -0.1027863
v 0.09239815 0.10031499 -0.10755943
v 0.13113977 -0.004770264 -0.116813436
v 0.14499296 -0.003114283 -0.10989728
v 0.12944204 -0.004679814 -0.11676473
v 0.1285723 -0.005006835 -0.118552916
v 0.124446265 -0.0056608766 -0.12407053
v 0.12301989 -0.0043875873 -0.11073223
v 0.1371027 -0.0024672002 -0.09456901
v 0.15193 -0.00095038116 -0.08752762
v 0.11903997 -0.0059322417 -0.12471762
v 0.109591134 -0.006287098 -0.1254482
v 0.12323559 -0.0068646073 -0.13370028
v 0.12290856 -0.0077760816 -0.14097825
v 0.11860858 -0.007762164 -0.13954492
v 0.11160892 -0.0079152435 -0.13967712
v 0.10620263 -0.007956997 -0.13953796
v 0.106926255 -0.0072751194 -0.13344283
v 0.10719065 -0.0064053833 -0.12489157
v 0.157879 -0.001186952 -0.09824279
v 0.15489405 -0.00096429884 -0.089573234
v 0.16549791 -0.0005259514 -0.09957871
v 0.16231814 0.00015592575 -0.083248496
v 0.16724434 0.000740394 -0.08006874
v 0.17036845 0.000740394 -0.08810511
v 0.1745571 0.00050382316 -0.095696196
v 0.16999272 0.00016984344 -0.09520218
v 0.1428708 0.04012911 0.0670075
v 0.13761061 0.038633153 0.064996645
v 0.13919008 0.03891842 0.059423372
v 0.13410383 0.039210662 0.06929664
v 0.14439458 0.04152067 0.05625753
v 0.13530755 0.04168071 0.07473077
v 0.13797939 0.04072748 0.052590713
v 0.12869059 0.040838793 0.071794525
v 0.13973975 0.04513879 0.04696177
v 0.12827311 0.04417859 0.076658115
v 0.1330671 0.043719366 0.047873244
v 0.13007522 0.050044104 0.043413237
v 0.1257126 0.047260955 0.04705222
v 0.12217103 0.05321692 0.046210304
v 0.11932524 0.049320504 0.05149831
v 0.11633334 0.054893777 0.051978424
v 0.115811504 0.049174383 0.059319004
v 0.11352235 0.05381529 0.06207435
v 0.117481396 0.04680173 0.06712578
v 0.116326384 0.050552055 0.07072301
v 0.1223241 0.04354544 0.071363136
v 0.121475235 0.047295734 0.075301304
v 0.05095686 -0.021768436 0.14744784
v 0.064462155 -0.02174756 0.1420346
v 0.056912825 -0.003761381 0.12571831
v 0.077216 -0.0217406 0.13552897
v 0.045021757 -0.003761381 0.1304497
v 0.06831683 -0.003761381 0.11990847
v 0.033457726 -0.021761477 0.15236013
v 0.029171646 -0.003761381 0.13488187
v 0.015575901 -0.021768436 0.15521984
v 0.012841448 -0.0037683398 0.13740064
v -0.0025633574 -0.021761477 0.15597127
v -0.0035305172 -0.003761381 0.13795726
v -0.02070263 -0.02174756 0.15460058
v -0.019937262 -0.003761381 0.13655178
v -0.038605317 -0.02174756 0.15112858
v -0.036030903 -0.003761381 0.13321199
v -0.055812225 -0.02174756 0.1456527
v -0.051630512 -0.003761381 0.12797962
v -0.072483376 -0.02171278 0.13808252
v -0.0664926 -0.003761381 0.12092431
v -0.08798559 -0.021754518 0.12880762
v -0.08041538 -0.003761381 0.112150386
v -0.10233973 -0.021726683 0.11768888
v -0.09319706 -0.003761381 0.10177614
v -0.11524667 -0.021719739 0.105060294
v -0.10464977 -0.003761381 0.08996163
v -0.12671329 -0.021754518 0.09096356
v -0.11464827 -0.003754422 0.076804236
v -0.13645436 -0.021761477 0.075593546
v -0.12300472 -0.0037683398 0.06256138
v -0.14427505 -0.021768436 0.05932598
v -0.12956603 -0.0037822425 0.047497526
v -0.15018232 -0.021768436 0.04220952
v -0.13427652 -0.0037683398 0.03184919
v -0.15407176 -0.021768436 0.024432048
v -0.13712232 -0.003754422 0.015539855
v -0.1558669 -0.021768436 0.006431952
v -0.13799901 -0.0037752837 -0.0010686666
v -0.15556772 -0.021775395 -0.011665553
v -0.13689269 -0.003761381 -0.017398879
v -0.15316029 -0.021768436 -0.029665664
v -0.13387994 -0.003761381 -0.033457726
v -0.14863764 -0.021754518 -0.04731092
v -0.1289955 -0.0037683398 -0.049043432
v -0.14215983 -0.021754518 -0.06421167
v -0.122239366 -0.003761381 -0.064044684
v -0.13374077 -0.0217406 -0.080263555
v -0.11375071 -0.0037683398 -0.07813443
v -0.12347786 -0.021719739 -0.09526481
v -0.10364087 -0.003761381 -0.09111789
v -0.1116703 -0.0217406 -0.10889534
v -0.09205596 -0.003761381 -0.10280718
v -0.098192826 -0.0217406 -0.12117605
v -0.07916294 -0.003761381 -0.1130353
v -0.083455995 -0.0217406 -0.13176599
v -0.06829472 -0.0037683398 -0.11990971
v -0.06757803 -0.021761477 -0.14059556
v -0.056932434 -0.003761381 -0.1257126
v -0.05088602 -0.021761477 -0.14746302
v -0.044568256 -0.003754422 -0.13060401
v -0.03434013 -0.021761477 -0.15216656
v -0.028885111 -0.0037961602 -0.13494575
v -0.017550692 -0.021775395 -0.15501234
v -0.012861058 -0.0037683398 -0.13740188
v -0.0005246997 -0.021768436 -0.15600732
v 0.003580466 -0.0037683398 -0.13795155
v 0.016696125 -0.021761477 -0.15510279
v 0.01989676 -0.0037683398 -0.13655998
v 0.033589914 -0.021761477 -0.1523405
v 0.03593473 -0.0037683398 -0.1332341
v 0.05008711 -0.021761477 -0.14774133
v 0.05164568 -0.0037683398 -0.12796697
v 0.06593722 -0.0217406 -0.14135398
v 0.066459075 -0.0037683398 -0.12093948
v 0.0818778 -0.021754518 -0.13277487
v 0.08038184 -0.003761381 -0.112172514
v 0.09678163 -0.02174756 -0.1223241
v 0.0931983 -0.003761381 -0.101777405
v 0.11036346 -0.021726683 -0.11019647
v 0.10464406 -0.003761381 -0.089962885
v 0.12235194 -0.021733642 -0.09672597
v 0.11461474 -0.003761381 -0.07686114
v 0.132754 -0.02174756 -0.08190562
v 0.1229364 -0.003761381 -0.06269485
v 0.1413331 -0.02171278 -0.06592332
v 0.1294977 -0.0037683398 -0.047679678
v 0.14808227 -0.02174756 -0.049043432
v 0.13426387 -0.0037683398 -0.031885237
v 0.15277886 -0.021754518 -0.031495586
v 0.13710965 -0.003761381 -0.01566635
v 0.15540199 -0.02174756 -0.0135163665
v 0.13800026 -0.003761381 0.0008238852
v 0.15592384 -0.021754518 0.0045881122
v 0.1369218 -0.003761381 0.017202795
v 0.15434438 -0.021754518 0.022616044
v 0.13390902 -0.003761381 0.033359066
v 0.15069148 -0.021761477 0.040351763
v 0.12898281 -0.003761381 0.049056098
v 0.14497209 -0.021761477 0.05761431
v 0.12222669 -0.003761381 0.06406431
v 0.13735318 -0.021733642 0.07389583
v 0.11382154 -0.003761381 0.07802187
v 0.12780693 -0.021733642 0.08939804
v 0.103663 -0.003754422 0.09108882
v 0.11654904 -0.021726683 0.10364087
v 0.092043296 -0.003761381 0.102819845
v 0.103683874 -0.021754518 0.116540834
v 0.07915029 -0.003761381 0.11304797
v 0.08944799 -0.0217406 0.12777786
v -0.0010743737 0.051985368 0.13315631
v 0.0054591 0.054316267 0.12823011
v 0.0015765876 0.047532305 0.13373382
v -0.004233256 0.049083933 0.13916098
v 0.008040488 0.049390063 0.1295382
v -0.0005803555 0.043948993 0.14082392
v -0.0034748465 0.04508312 0.14752437
v 0.0013608932 0.041332826 0.14633457
v 0.0018479526 0.042056426 0.15371694
v 0.005271241 0.039648995 0.1500849
v 0.008471876 0.040574417 0.15666012
v 0.011303753 0.038598374 0.15174086
v 0.015805513 0.040351763 0.15658359
v 0.017698064 0.03886275 0.15055107
v 0.022617295 0.04130499 0.15376563
v 0.022450313 0.040316954 0.14695384
v 0.02853848 0.044282958 0.14645983
v 0.024878621 0.04246001 0.14184673
v 0.02901858 0.048255935 0.13795726
v 0.024231538 0.045347527 0.1357377
v 0.023431376 0.05247937 0.13004611
v 0.019486248 0.04837422 0.13052623
v 0.014768779 0.054531977 0.1270264
v 0.013050184 0.049501404 0.12891893
v 0.077216 -0.0217406 0.13552897
v 0.089329705 -0.02555354 0.12789614
v 0.08944799 -0.0217406 0.12777786
v 0.103683874 -0.021754518 0.116540834
v 0.07386924 -0.025567457 0.13740759
v 0.10382998 -0.025574416 0.11642949
v 0.064462155 -0.02174756 0.1420346
v 0.057330295 -0.025574416 0.14509608
v 0.05095686 -0.021768436 0.14744784
v 0.040137306 -0.025560498 0.15075286
v 0.033457726 -0.021761477 0.15236013
v 0.02237378 -0.025560498 0.15439878
v 0.015575901 -0.021768436 0.15521984
v 0.004408464 -0.025567457 0.15594347
v -0.0025633574 -0.021761477 0.15597127
v -0.013765588 -0.025581375 0.15541466
v -0.02070263 -0.02174756 0.15460058
v -0.031765684 -0.025574416 0.15276368
v -0.038605317 -0.02174756 0.15112858
v -0.04924397 -0.02555354 0.14802535
v -0.055812225 -0.02174756 0.1456527
v -0.065935984 -0.025602236 0.14142232
v -0.072483376 -0.02171278 0.13808252
v -0.08173041 -0.025567457 0.13288496
v -0.08798559 -0.021754518 0.12880762
v -0.096780375 -0.025560498 0.12235068
v -0.10233973 -0.021726683 0.11768888
v -0.11031349 -0.025581375 0.11031349
v -0.11524667 -0.021719739 0.105060294
v -0.12226023 -0.025588334 0.096905604
v -0.12671329 -0.021754518 0.09096356
v -0.1328293 -0.025560498 0.081827834
v -0.13645436 -0.021761477 0.075593546
v -0.14131795 -0.025560498 0.06607513
v -0.14427505 -0.021768436 0.05932598
v -0.14807408 -0.02555354 0.049104795
v -0.15018232 -0.021768436 0.04220952
v -0.15277065 -0.025560498 0.031598702
v -0.15407176 -0.021768436 0.024432048
v -0.15542857 -0.025560498 0.013452485
v -0.1558669 -0.021768436 0.006431952
v -0.15592955 -0.02555354 -0.0047563612
v -0.15556772 -0.021775395 -0.011665553
v -0.15431531 -0.02555354 -0.022860825
v -0.15316029 -0.021768436 -0.029665664
v -0.15064152 -0.025574416 -0.04055479
v -0.14863764 -0.021754518 -0.04731092
v -0.14501257 -0.025574416 -0.057525113
v -0.14215983 -0.021754518 -0.06421167
v -0.13731019 -0.025581375 -0.07406406
v -0.13374077 -0.0217406 -0.080263555
v -0.12772913 -0.025567457 -0.089566275
v -0.12347786 -0.021719739 -0.09526481
v -0.11638777 -0.025574416 -0.10387869
v -0.1116703 -0.0217406 -0.10889534
v -0.103613034 -0.025574416 -0.116632536
v -0.098192826 -0.0217406 -0.12117605
v -0.08950241 -0.025574416 -0.1277791
v -0.083455995 -0.0217406 -0.13176599
v -0.07422979 -0.025560498 -0.13721402
v -0.06757803 -0.021761477 -0.14059556
v -0.057669982 -0.025567457 -0.14495122
v -0.05088602 -0.021761477 -0.14746302
v -0.04043524 -0.025567457 -0.15067756
v -0.03434013 -0.021761477 -0.15216656
v -0.022762164 -0.025581375 -0.15433046
v -0.017550692 -0.021775395 -0.15501234
v -0.00451158 -0.02555354 -0.15595166
v -0.0005246997 -0.021768436 -0.15600732
v 0.013613775 -0.025574416 -0.15541591
v 0.016696125 -0.021761477 -0.15510279
v 0.031516463 -0.02555354 -0.15277189
v 0.033589914 -0.021761477 -0.1523405
v 0.0489669 -0.025567457 -0.1481101
v 0.05008711 -0.021761477 -0.14774133
v 0.065888524 -0.025595292 -0.14142355
v 0.06593722 -0.0217406 -0.14135398
v 0.081926495 -0.025581375 -0.132754
v 0.0818778 -0.021754518 -0.13277487
v 0.09678163 -0.025574416 -0.12233106
v 0.09678163 -0.02174756 -0.1223241
v 0.110328674 -0.025581375 -0.11027996
v 0.11036346 -0.021726683 -0.11019647
v 0.12240064 -0.025588334 -0.09671205
v 0.12235194 -0.021733642 -0.09672597
v 0.13278183 -0.025581375 -0.08188474
v 0.132754 -0.02174756 -0.08190562
v 0.14134006 -0.025581375 -0.06600681
v 0.1413331 -0.02171278 -0.06592332
v 0.14808227 -0.02174756 -0.049043432
v 0.14801964 -0.025595292 -0.049314782
v 0.15277189 -0.025588334 -0.03161387
v 0.15277886 -0.021754518 -0.031495586
v 0.15541591 -0.025581375 -0.013467655
v 0.15540199 -0.02174756 -0.0135163665
v 0.15593079 -0.025574416 0.0045324564
v 0.15592384 -0.021754518 0.0045881122
v 0.15436527 -0.025574416 0.022490814
v 0.15434438 -0.021754518 0.022616044
v 0.15069148 -0.021761477 0.040351763
v 0.15074715 -0.025581375 0.04016389
v 0.14505559 -0.025567457 0.057384714
v 0.14497209 -0.021761477 0.05761431
v 0.13735318 -0.021733642 0.07389583
v 0.13743667 -0.025595292 0.07383321
v 0.12780693 -0.021733642 0.08939804
v 0.1278626 -0.025595292 0.08939107
v 0.11659774 -0.025581375 0.103633925
v 0.11654904 -0.021726683 0.10364087
v -0.022226408 0.05287598 -0.12944204
v -0.0204591 0.047928914 -0.13109803
v -0.014690995 0.054559812 -0.12695807
v -0.027423963 0.049967572 -0.13459784
v -0.013570771 0.04945965 -0.128788
v -0.024480775 0.044909194 -0.13668522
v -0.0071834177 0.054476306 -0.12779997
v -0.029337391 0.04618247 -0.14224458
v -0.006258011 0.049083933 -0.13028395
v -0.024835631 0.04226519 -0.14218196
v -0.00045511127 0.052848145 -0.1313833
v -0.026992574 0.043232337 -0.14896592
v -0.0010117441 0.047031328 -0.13481355
v -0.022101149 0.040156946 -0.14724037
v 0.004491955 0.04891692 -0.13945447
v -0.021064445 0.04085271 -0.15490797
v 0.00066511333 0.04385157 -0.14089476
v -0.017223671 0.038786218 -0.15072627
v 0.0025437474 0.04424818 -0.14923728
v -0.0021319687 0.04083185 -0.14743519
v -0.0039340705 0.041437194 -0.15508889
v -0.0062788874 0.039308056 -0.1505245
v -0.011566892 0.040282175 -0.15710667
v -0.011873037 0.038744465 -0.1516308
vn -0.3254876 0.76469994 -0.5561401
vn -0.3254876 0.76469994 -0.5561401
vn -0.3254876 0.76469994 -0.5561401
vn -0.4039184 0.066666126 -0.91236264
vn -0.4039184 0.066666126 -0.91236264
vn -0.4039184 0.066666126 -0.91236264
vn 0.4039185 -0.066666186 0.9123626
vn 0.4039185 -0.066666186 0.9123626
vn 0.4039185 -0.066666186 0.9123626
vn 0.41960466 0.670583 0.61176
vn 0.41960466 0.670583 0.61176
vn 0.41960466 0.670583 0.61176
vn 0.19215542 0.9215615 0.3373436
vn 0.19215542 0.9215615 0.3373436
vn 0.19215542 0.9215615 0.3373436
vn 0.035293877 0.41176152 -0.91060793
vn 0.035293877 0.41176152 -0.91060793
vn 0.035293877 0.41176152 -0.91060793
vn 0.24705696 0.035293818 -0.968358
vn 0.24705696 0.035293818 -0.968358
vn 0.24705696 0.035293818 -0.968358
vn 0.17646927 0.96861994 0.17502567
vn 0.17646927 0.96861994 0.17502567
vn 0.17646927 0.96861994 0.17502567
vn 0.45882004 0.86666 -0.19591992
vn 0.45882004 0.86666 -0.19591992
vn 0.45882004 0.86666 -0.19591992
vn 0.59215236 -0.49803543 0.6334953
vn 0.59215236 -0.49803543 0.6334953
vn 0.59215236 -0.49803543 0.6334953
vn -0.4980353 0.79607224 0.3438456
vn -0.4980353 0.79607224 0.3438456
vn -0.4980353 0.79607224 0.3438456
vn 0.7803862 -0.23921388 -0.57773185
vn 0.7803862 -0.23921388 -0.57773185
vn 0.7803862 -0.23921388 -0.57773185
vn -0.65489686 -0.5764662 0.48866844
vn -0.65489686 -0.5764662 0.48866844
vn -0.65489686 -0.5764662 0.48866844
vn -0.6156815 -0.62352467 0.48182285
vn -0.6156815 -0.62352467 0.48182285
vn -0.6156815 -0.62352467 0.48182285
vn -0.76469994 0.25489998 0.5918277
vn -0.76469994 0.25489998 0.5918277
vn -0.76469994 0.25489998 0.5918277
vn 0.6156816 0.62352455 -0.48182288
vn 0.6156816 0.62352455 -0.48182288
vn 0.6156816 0.62352455 -0.48182288
vn -0.7490138 0.3176446 0.5814467
vn -0.7490138 0.3176446 0.5814467
vn -0.7490138 0.3176446 0.5814467
vn 0.76470006 -0.25490004 -0.5918275
vn 0.76470006 -0.25490004 -0.5918275
vn 0.76470006 -0.25490004 -0.5918275
vn -0.7882292 0.02745068 0.6147692
vn -0.7882292 0.02745068 0.6147692
vn -0.7882292 0.02745068 0.6147692
vn -0.7019553 0.5215646 -0.48500428
vn -0.7019553 0.5215646 -0.48500428
vn -0.7019553 0.5215646 -0.48500428
vn -0.7254846 -0.3725462 -0.5786894
vn -0.7254846 -0.3725462 -0.5786894
vn -0.7254846 -0.3725462 -0.5786894
vn -0.2941153 -0.77254313 -0.5627373
vn -0.2941153 -0.77254313 -0.5627373
vn -0.2941153 -0.77254313 -0.5627373
vn -0.42744768 -0.0274508 -0.9036233
vn -0.42744768 -0.0274508 -0.9036233
vn -0.42744768 -0.0274508 -0.9036233
vn -0.3254876 0.05882299 -0.9437148
vn -0.262743 0.098038435 -0.9598722
vn -0.19999838 0.13725376 -0.9701351
vn 0.42744774 0.02745068 0.9036232
vn 0.42744774 0.02745068 0.9036232
vn 0.42744774 0.02745068 0.9036232
vn 0.4431339 0.85881686 -0.25703302
vn 0.4431339 0.85881686 -0.25703302
vn 0.4431339 0.85881686 -0.25703302
vn 0.07450926 0.6078384 0.7905573
vn 0.07450926 0.6078384 0.7905573
vn 0.07450926 0.6078384 0.7905573
vn 0.20784158 0.64705384 0.73356885
vn 0.20784158 0.64705384 0.73356885
vn 0.20784158 0.64705384 0.73356885
vn -0.67842615 0.67842615 -0.2819147
vn -0.67842615 0.67842615 -0.2819147
vn -0.67842615 0.67842615 -0.2819147
vn -0.41176152 0.67842615 -0.60843277
vn -0.41176152 0.67842615 -0.60843277
vn -0.41176152 0.67842615 -0.60843277
vn -0.41960454 -0.0274508 0.9072919
vn -0.41960454 -0.0274508 0.9072919
vn -0.41960454 -0.0274508 0.9072919
vn 0.2313708 0.38823223 -0.8920444
vn 0.2313708 0.38823223 -0.8920444
vn 0.2313708 0.38823223 -0.8920444
vn 0.5843093 0.38823223 0.71264184
vn 0.5843093 0.38823223 0.71264184
vn 0.5843093 0.38823223 0.71264184
vn -0.56862307 -0.0274508 -0.82214004
vn -0.56862307 -0.0274508 -0.82214004
vn -0.56862307 -0.0274508 -0.82214004
vn 0.3333308 0.38823223 -0.8591661
vn 0.3333308 0.38823223 -0.8591661
vn 0.3333308 0.38823223 -0.8591661
vn 0.08235234 0.9607769 0.26481268
vn 0.08235234 0.9607769 0.26481268
vn 0.08235234 0.9607769 0.26481268
vn -0.8901892 0.38823223 0.23840922
vn -0.8901892 0.38823223 0.23840922
vn -0.8901892 0.38823223 0.23840922
vn -0.0901953 0.67842615 0.7291109
vn -0.0901953 0.67842615 0.7291109
vn -0.0901953 0.67842615 0.7291109
vn 0.38038927 0.3803892 0.84297574
vn 0.38038927 0.3803892 0.84297574
vn 0.38038927 0.3803892 0.84297574
vn 0.4431339 0.38823223 -0.80802727
vn 0.4431339 0.38823223 -0.80802727
vn 0.4431339 0.38823223 -0.80802727
vn -0.91371846 0.38823223 0.119976304
vn -0.91371846 0.38823223 0.119976304
vn -0.91371846 0.38823223 0.119976304
vn 0.4431339 0.38823223 -0.80802727
vn 0.4431339 0.38823223 -0.80802727
vn 0.4431339 0.38823223 -0.80802727
vn 0.7411708 0.3803892 0.55314547
vn 0.7411708 0.3803892 0.55314547
vn 0.7411708 0.3803892 0.55314547
vn -0.9215615 0.38823223 -0.00038602023
vn -0.9215615 0.38823223 -0.00038602023
vn -0.9215615 0.38823223 -0.00038602023
vn 0.48234928 0.38823223 0.78524834
vn 0.48234928 0.38823223 0.78524834
vn 0.48234928 0.38823223 0.78524834
vn -0.85097384 0.38823223 0.35372198
vn -0.85097384 0.38823223 0.35372198
vn -0.85097384 0.38823223 0.35372198
vn 0.4745062 0.38823223 0.7900124
vn 0.4745062 0.38823223 0.7900124
vn 0.4745062 0.38823223 0.7900124
vn 0.3411739 0.38823223 -0.8560818
vn 0.3411739 0.38823223 -0.8560818
vn 0.3411739 0.38823223 -0.8560818
vn -0.9215615 0.38823223 -0.00038602023
vn -0.9215615 0.38823223 -0.00038602023
vn -0.9215615 0.38823223 -0.00038602023
vn 0.52940774 0.38823223 -0.754323
vn 0.52940774 0.38823223 -0.754323
vn 0.52940774 0.38823223 -0.754323
vn -0.91371846 0.38823223 0.119976304
vn -0.91371846 0.38823223 0.119976304
vn -0.91371846 0.38823223 0.119976304
vn 0.654897 0.38823223 0.6483716
vn 0.654897 0.38823223 0.6483716
vn 0.654897 0.38823223 0.6483716
vn -0.9215615 0.38823223 -0.00038602023
vn -0.9215615 0.38823223 -0.00038602023
vn -0.9215615 0.38823223 -0.00038602023
vn 0.5686231 0.38823223 0.7252196
vn 0.5686231 0.38823223 0.7252196
vn 0.5686231 0.38823223 0.7252196
vn -0.33333075 -0.69411236 -0.6380428
vn -0.33333075 -0.69411236 -0.6380428
vn -0.33333075 -0.69411236 -0.6380428
vn -0.41176152 0.6941123 0.59047484
vn -0.41176152 0.6941123 0.59047484
vn -0.41176152 0.6941123 0.59047484
vn 0.73332775 -0.6784262 -0.0443658
vn 0.73332775 -0.6784262 -0.0443658
vn 0.73332775 -0.6784262 -0.0443658
vn -0.21568453 -0.70195544 0.6787774
vn -0.21568453 -0.70195544 0.6787774
vn -0.21568453 -0.70195544 0.6787774
vn -0.011763804 0.99993086 -0
vn -0.011763804 0.99993086 -0
vn -0.011763804 0.99993086 -0
vn 0.4039185 0.6941123 -0.5958674
vn 0.4039185 0.6941123 -0.5958674
vn 0.4039185 0.6941123 -0.5958674
vn 0.49803543 0.8431307 -0.20270994
vn 0.49803543 0.8431307 -0.20270994
vn 0.49803543 0.8431307 -0.20270994
vn -0.12933916 -0.99160045 -0
vn -0.12933916 -0.99160045 -0
vn -0.12933916 -0.99160045 -0
vn 0.05882311 0.68626916 0.72496516
vn 0.05882311 0.68626916 0.72496516
vn 0.05882311 0.68626916 0.72496516
vn 0.09019542 0.66274 0.74339795
vn 0.09019542 0.66274 0.74339795
vn 0.09019542 0.66274 0.74339795
vn 0.8274447 -0.52940774 -0.18725061
vn 0.8274447 -0.52940774 -0.18725061
vn 0.8274447 -0.52940774 -0.18725061
vn 0.9921493 -0.019607723 -0.123512425
vn 0.9921493 -0.019607723 -0.123512425
vn 0.9921493 -0.019607723 -0.123512425
vn 0.066666186 -0.9921493 -0.105808415
vn 0.066666186 -0.9921493 -0.105808415
vn 0.066666186 -0.9921493 -0.105808415
vn 0.2705862 0.38823223 0.880942
vn 0.2705862 0.38823223 0.880942
vn 0.2705862 0.38823223 0.880942
vn 0.121567726 0.38823223 -0.91350806
vn 0.121567726 0.38823223 -0.91350806
vn 0.121567726 0.38823223 -0.91350806
vn -0.8980323 0.38823223 -0.2069147
vn -0.8980323 0.38823223 -0.2069147
vn -0.8980323 0.38823223 -0.2069147
vn 0.73332775 0.670583 -0.112021714
vn 0.73332775 0.670583 -0.112021714
vn 0.73332775 0.670583 -0.112021714
vn 0.63136774 0.38823223 -0.67130506
vn 0.63136774 0.38823223 -0.67130506
vn 0.63136774 0.38823223 -0.67130506
vn 0.6784262 0.670583 0.30009383
vn 0.6784262 0.670583 0.30009383
vn 0.6784262 0.670583 0.30009383
vn -0.5294076 0.67842615 -0.5093776
vn -0.5294076 0.67842615 -0.5093776
vn -0.5294076 0.67842615 -0.5093776
vn -0.066666126 0.47450614 -0.8777241
vn -0.066666126 0.47450614 -0.8777241
vn -0.066666126 0.47450614 -0.8777241
vn 0.552937 0.53725076 0.63688487
vn 0.552937 0.53725076 0.63688487
vn 0.552937 0.53725076 0.63688487
vn 0.9215616 -0.16078311 -0.35337377
vn 0.9215616 -0.16078311 -0.35337377
vn 0.9215616 -0.16078311 -0.35337377
vn -0.3176446 0.93724763 0.1437665
vn -0.3176446 0.93724763 0.1437665
vn -0.3176446 0.93724763 0.1437665
vn -0.035293818 0.66274 -0.7480174
vn -0.035293818 0.66274 -0.7480174
vn -0.035293818 0.66274 -0.7480174
vn 0.9215616 -0.3333308 -0.19903468
vn 0.9215616 -0.3333308 -0.19903468
vn 0.9215616 -0.3333308 -0.19903468
vn -0.50587845 0.70979846 0.49017662
vn -0.50587845 0.70979846 0.49017662
vn -0.50587845 0.70979846 0.49017662
vn 0.87450314 0.45097685 -0.17850533
vn 0.87450314 0.45097685 -0.17850533
vn 0.87450314 0.45097685 -0.17850533
vn -0.02745068 0.670583 -0.74132645
vn -0.02745068 0.670583 -0.74132645
vn -0.02745068 0.670583 -0.74132645
vn 0.5058785 0.5607799 0.65544856
vn 0.5058785 0.5607799 0.65544856
vn 0.5058785 0.5607799 0.65544856
vn 0.35686004 0.68626916 -0.6337867
vn 0.35686004 0.68626916 -0.6337867
vn 0.35686004 0.68626916 -0.6337867
vn 0.52156466 -0.1294108 0.84334046
vn 0.52156466 -0.1294108 0.84334046
vn 0.52156466 -0.1294108 0.84334046
vn -0.6078384 0.53725076 0.58471715
vn -0.6078384 0.53725076 0.58471715
vn -0.6078384 0.53725076 0.58471715
vn -0.94306254 0.3326154 -0
vn -0.94306254 0.3326154 -0
vn -0.94306254 0.3326154 -0
vn -0.7176415 0.6941123 -0.05655822
vn -0.7176415 0.6941123 -0.05655822
vn -0.7176415 0.6941123 -0.05655822
vn -0.34117377 0.4352907 -0.83314013
vn -0.34117377 0.4352907 -0.83314013
vn -0.34117377 0.4352907 -0.83314013
vn 0.6392108 0.64705384 0.41560906
vn 0.6392108 0.64705384 0.41560906
vn 0.6392108 0.64705384 0.41560906
vn 0.8823462 -0.0039215684 -0.4705845
vn 0.8823462 -0.0039215684 -0.4705845
vn 0.8823462 -0.0039215684 -0.4705845
vn 0.32548773 0.68626916 0.65045553
vn 0.32548773 0.68626916 0.65045553
vn 0.32548773 0.68626916 0.65045553
vn -0.64705384 0.30980146 -0.69666666
vn -0.64705384 0.30980146 -0.69666666
vn -0.64705384 0.30980146 -0.69666666
vn 0.23921388 0.88234615 -0.40526783
vn 0.23921388 0.88234615 -0.40526783
vn 0.23921388 0.88234615 -0.40526783
vn -0.4352907 0.56862307 -0.6979898
vn -0.4352907 0.56862307 -0.6979898
vn -0.4352907 0.56862307 -0.6979898
vn 0.2313708 0.96861994 -0.09079044
vn 0.2313708 0.96861994 -0.09079044
vn 0.2313708 0.96861994 -0.09079044
vn -0.1764692 0.7568569 -0.62930614
vn -0.1764692 0.7568569 -0.62930614
vn -0.1764692 0.7568569 -0.62930614
vn 0.16078311 0.670583 0.7242011
vn 0.16078311 0.670583 0.7242011
vn 0.16078311 0.670583 0.7242011
vn -0.81960154 -0.0274508 0.57227594
vn -0.81960154 -0.0274508 0.57227594
vn -0.81960154 -0.0274508 0.57227594
vn 0.49019235 0.59215224 -0.6395836
vn 0.49019235 0.59215224 -0.6395836
vn 0.49019235 0.59215224 -0.6395836
vn -0.7948022 -0.60686874 -0
vn -0.7948022 -0.60686874 -0
vn -0.7948022 -0.60686874 -0
vn -0.27058613 0.5999954 0.7528537
vn -0.27058613 0.5999954 0.7528537
vn -0.27058613 0.5999954 0.7528537
vn -0.67842615 -0.18431234 -0.7111729
vn -0.67842615 -0.18431234 -0.7111729
vn -0.67842615 -0.18431234 -0.7111729
vn -0.25489998 0.47450614 -0.84253776
vn -0.25489998 0.47450614 -0.84253776
vn -0.25489998 0.47450614 -0.84253776
vn -0.82744455 0.45882 0.32375875
vn -0.82744455 0.45882 0.32375875
vn -0.82744455 0.45882 0.32375875
vn 0.23921388 0.81960154 0.5206055
vn 0.23921388 0.81960154 0.5206055
vn 0.23921388 0.81960154 0.5206055
vn 0.6156816 0.67842615 -0.40084177
vn 0.6156816 0.67842615 -0.40084177
vn 0.6156816 0.67842615 -0.40084177
vn 0.6784262 -0.035293877 0.73382026
vn 0.6784262 -0.035293877 0.73382026
vn 0.6784262 -0.035293877 0.73382026
vn 0.94509083 0.30195844 -0.124997586
vn 0.94509083 0.30195844 -0.124997586
vn 0.94509083 0.30195844 -0.124997586
vn -0.5450938 0.6392107 0.542478
vn -0.5450938 0.6392107 0.542478
vn -0.5450938 0.6392107 0.542478
vn -0.33261538 -0.9430625 -0
vn -0.33261538 -0.9430625 -0
vn -0.33261538 -0.9430625 -0
vn -0.13725376 0.85881686 0.49355346
vn -0.13725376 0.85881686 0.49355346
vn -0.13725376 0.85881686 0.49355346
vn 0.9529339 0.2941153 -0.07357423
vn 0.9529339 0.2941153 -0.07357423
vn 0.9529339 0.2941153 -0.07357423
vn -0.5764661 -0.8117585 0.09346091
vn -0.5764661 -0.8117585 0.09346091
vn -0.5764661 -0.8117585 0.09346091
vn 0.70195544 -0.66274005 0.26083362
vn 0.70195544 -0.66274005 0.26083362
vn 0.70195544 -0.66274005 0.26083362
vn -0.38823223 0.81960154 -0.42134196
vn -0.38823223 0.81960154 -0.42134196
vn -0.38823223 0.81960154 -0.42134196
vn 0.4039185 0.2862723 -0.8688487
vn 0.4039185 0.2862723 -0.8688487
vn 0.4039185 0.2862723 -0.8688487
vn 0.043136954 0.70979846 -0.70308274
vn 0.043136954 0.70979846 -0.70308274
vn 0.043136954 0.70979846 -0.70308274
vn 0.15294003 0.23921382 0.9588462
vn 0.15294003 0.23921382 0.9588462
vn 0.15294003 0.23921382 0.9588462
vn 0.41960466 0.19999838 0.88539964
vn 0.41960466 0.19999838 0.88539964
vn 0.41960466 0.19999838 0.88539964
vn -0.51372147 0.70979846 -0.4819506
vn -0.51372147 0.70979846 -0.4819506
vn -0.51372147 0.70979846 -0.4819506
vn -0.88234615 0.3254876 -0.3398869
vn -0.88234615 0.3254876 -0.3398869
vn -0.88234615 0.3254876 -0.3398869
vn 0.97646314 0.15293992 -0.15208267
vn 0.97646314 0.15293992 -0.15208267
vn 0.97646314 0.15293992 -0.15208267
vn -0.5843092 0.41960454 0.6946328
vn -0.5843092 0.41960454 0.6946328
vn -0.5843092 0.41960454 0.6946328
vn 0.8901893 -0.4352908 -0.13448027
vn 0.8901893 -0.4352908 -0.13448027
vn 0.8901893 -0.4352908 -0.13448027
vn 0.1294108 0.3490169 0.9281379
vn 0.1294108 0.3490169 0.9281379
vn 0.1294108 0.3490169 0.9281379
vn -0.19999838 0.47450614 -0.8572308
vn -0.19999838 0.47450614 -0.8572308
vn -0.19999838 0.47450614 -0.8572308
vn -0.8039154 0.44313383 -0.39667678
vn -0.8039154 0.44313383 -0.39667678
vn -0.8039154 0.44313383 -0.39667678
vn -0.9294046 0.3176446 -0.18790677
vn -0.9294046 0.3176446 -0.18790677
vn -0.9294046 0.3176446 -0.18790677
vn -0.12941074 -0.7803862 -0.61175996
vn -0.12941074 -0.7803862 -0.61175996
vn -0.12941074 -0.7803862 -0.61175996
vn -0.45882 0.8039154 0.3784234
vn -0.45882 0.8039154 0.3784234
vn -0.45882 0.8039154 0.3784234
vn 0.19215542 0.9764631 -0.09796004
vn 0.19215542 0.9764631 -0.09796004
vn 0.19215542 0.9764631 -0.09796004
vn -0.34117377 0.9215615 -0.18526976
vn -0.34117377 0.9215615 -0.18526976
vn -0.34117377 0.9215615 -0.18526976
vn 0.7882293 0.53725076 -0.30009368
vn 0.7882293 0.53725076 -0.30009368
vn 0.7882293 0.53725076 -0.30009368
vn 0.05882311 0.9058753 0.41943976
vn 0.05882311 0.9058753 0.41943976
vn 0.05882311 0.9058753 0.41943976
vn 0.1294108 0.41960454 -0.8984347
vn 0.1294108 0.41960454 -0.8984347
vn 0.1294108 0.41960454 -0.8984347
vn 0.1294108 0.85881686 0.49566764
vn 0.1294108 0.85881686 0.49566764
vn 0.1294108 0.85881686 0.49566764
vn -0.19999838 0.4039184 0.89266485
vn -0.19999838 0.4039184 0.89266485
vn -0.19999838 0.4039184 0.89266485
vn 0.6078385 0.16078305 0.7776125
vn 0.6078385 0.16078305 0.7776125
vn 0.6078385 0.16078305 0.7776125
vn -0.33333075 0.4901923 -0.8053584
vn -0.33333075 0.4901923 -0.8053584
vn -0.33333075 0.4901923 -0.8053584
vn -0.466663 0.8431307 0.26712587
vn -0.466663 0.8431307 0.26712587
vn -0.466663 0.8431307 0.26712587
vn -0.10588145 0.74117076 0.66291404
vn -0.10588145 0.74117076 0.66291404
vn -0.10588145 0.74117076 0.66291404
vn -0.6313677 -0.66274005 -0.40267915
vn -0.6313677 -0.66274005 -0.40267915
vn -0.6313677 -0.66274005 -0.40267915
vn -0.20784152 0.42744768 0.8798241
vn -0.20784152 0.42744768 0.8798241
vn -0.20784152 0.42744768 0.8798241
vn 0.6078385 0.5607799 0.5621906
vn 0.6078385 0.5607799 0.5621906
vn 0.6078385 0.5607799 0.5621906
vn 0.5450939 0.4980353 -0.6744134
vn 0.5450939 0.4980353 -0.6744134
vn 0.5450939 0.4980353 -0.6744134
vn -0.93724763 0.2862723 0.19903536
vn -0.93724763 0.2862723 0.19903536
vn -0.93724763 0.2862723 0.19903536
vn 0.066666186 0.9529338 0.2957581
vn 0.066666186 0.9529338 0.2957581
vn 0.066666186 0.9529338 0.2957581
vn -0.8352877 -0.15294003 0.5281135
vn -0.8352877 -0.15294003 0.5281135
vn -0.8352877 -0.15294003 0.5281135
vn 0.16862619 0.7568569 -0.6314529
vn 0.16862619 0.7568569 -0.6314529
vn 0.16862619 0.7568569 -0.6314529
vn 0.5686231 0.70979846 -0.415757
vn 0.5686231 0.70979846 -0.415757
vn 0.5686231 0.70979846 -0.415757
vn 0.552937 0.30980146 0.77348804
vn 0.552937 0.30980146 0.77348804
vn 0.552937 0.30980146 0.77348804
vn 0.36470312 0.7019553 0.6117601
vn 0.36470312 0.7019553 0.6117601
vn 0.36470312 0.7019553 0.6117601
vn -0.5999954 -0.6705831 -0.43626124
vn -0.5999954 -0.6705831 -0.43626124
vn -0.5999954 -0.6705831 -0.43626124
vn 0.77254313 -0.16862619 -0.612162
vn 0.77254313 -0.16862619 -0.612162
vn 0.77254313 -0.16862619 -0.612162
vn 0.3411739 -0.86666006 0.36400646
vn 0.3411739 -0.86666006 0.36400646
vn 0.3411739 -0.86666006 0.36400646
vn -0.7019553 0.68626916 -0.1905083
vn -0.7019553 0.68626916 -0.1905083
vn -0.7019553 0.68626916 -0.1905083
vn -0.7568569 0.2862723 -0.58755064
vn -0.7568569 0.2862723 -0.58755064
vn -0.7568569 0.2862723 -0.58755064
vn -0.003921509 0.8901892 -0.45557418
vn -0.003921509 0.8901892 -0.45557418
vn -0.003921509 0.8901892 -0.45557418
vn 0.8196016 0.0901953 -0.5657897
vn 0.8196016 0.0901953 -0.5657897
vn 0.8196016 0.0901953 -0.5657897
vn -0.96861994 0.19999838 0.14756705
vn -0.96861994 0.19999838 0.14756705
vn -0.96861994 0.19999838 0.14756705
vn -0.48234916 0.34117377 -0.80680835
vn -0.48234916 0.34117377 -0.80680835
vn -0.48234916 0.34117377 -0.80680835
vn -0.4980353 0.8039154 -0.32508597
vn -0.4980353 0.8039154 -0.32508597
vn -0.4980353 0.8039154 -0.32508597
vn -0.2862723 -0.8274447 0.48309785
vn -0.2862723 -0.8274447 0.48309785
vn -0.2862723 -0.8274447 0.48309785
vn 0.52156466 0.670583 -0.5275308
vn 0.52156466 0.670583 -0.5275308
vn 0.52156466 0.670583 -0.5275308
vn -0.36470306 -0.2705862 0.8909404
vn -0.36470306 -0.2705862 0.8909404
vn -0.36470306 -0.2705862 0.8909404
vn -0.56862307 0.27842915 -0.7740446
vn -0.56862307 0.27842915 -0.7740446
vn -0.56862307 0.27842915 -0.7740446
vn -0.22352767 -0.46666312 -0.8557225
vn -0.22352767 -0.46666312 -0.8557225
vn -0.22352767 -0.46666312 -0.8557225
vn -0.7490138 0.262743 0.6082306
vn -0.7490138 0.262743 0.6082306
vn -0.7490138 0.262743 0.6082306
vn -0.6392107 0.64705384 0.4156092
vn -0.6392107 0.64705384 0.4156092
vn -0.6392107 0.64705384 0.4156092
vn 0.9215616 -0.31764466 0.22321762
vn 0.9215616 -0.31764466 0.22321762
vn 0.9215616 -0.31764466 0.22321762
vn 0.21568465 0.05882299 0.97468966
vn 0.21568465 0.05882299 0.97468966
vn 0.21568465 0.05882299 0.97468966
vn -0.8352877 0.30195844 0.45947316
vn -0.8352877 0.30195844 0.45947316
vn -0.8352877 0.30195844 0.45947316
vn 0.39607543 0.86666 -0.3033558
vn 0.39607543 0.86666 -0.3033558
vn 0.39607543 0.86666 -0.3033558
vn 0.89803237 0.019607663 0.43949223
vn 0.89803237 0.019607663 0.43949223
vn 0.89803237 0.019607663 0.43949223
vn -0.65489686 0.42744768 -0.62321633
vn -0.65489686 0.42744768 -0.62321633
vn -0.65489686 0.42744768 -0.62321633
vn 0.0039215684 0.99999225 -0.00034526698
vn 0.0039215684 0.99999225 -0.00034526698
vn 0.0039215684 0.99999225 -0.00034526698
vn 0.08207513 0.9966261 -0
vn 0.08207513 0.9966261 -0
vn 0.08207513 0.9966261 -0
vn 0.59999543 0.670583 -0.43626127
vn 0.59999543 0.670583 -0.43626127
vn 0.59999543 0.670583 -0.43626127
vn -0.47450614 0.68626916 -0.5512518
vn -0.47450614 0.68626916 -0.5512518
vn -0.47450614 0.68626916 -0.5512518
vn -0.4901923 -0.6784262 0.5472197
vn -0.4901923 -0.6784262 0.5472197
vn -0.4901923 -0.6784262 0.5472197
vn -0.11372459 0.44313383 -0.88921267
vn -0.11372459 0.44313383 -0.88921267
vn -0.11372459 0.44313383 -0.88921267
vn -0.27842915 0.874503 -0.39714184
vn -0.27842915 0.874503 -0.39714184
vn -0.27842915 0.874503 -0.39714184
vn 0.16078311 0.88234615 -0.44228283
vn 0.16078311 0.88234615 -0.44228283
vn 0.16078311 0.88234615 -0.44228283
vn -0.011763804 0.99993086 -0
vn -0.011763804 0.99993086 -0
vn -0.011763804 0.99993086 -0
vn -0.70979846 0.6078384 -0.35597563
vn -0.70979846 0.6078384 -0.35597563
vn -0.70979846 0.6078384 -0.35597563
vn -0.67842615 0.68626916 0.26224527
vn -0.67842615 0.68626916 0.26224527
vn -0.67842615 0.68626916 0.26224527
vn -0.39607537 0.91371846 0.090790115
vn -0.39607537 0.91371846 0.090790115
vn -0.39607537 0.91371846 0.090790115
vn -0.6392107 0.035293818 -0.7682213
vn -0.6392107 0.035293818 -0.7682213
vn -0.6392107 0.035293818 -0.7682213
vn 0.5372508 -0.035293877 -0.84268373
vn 0.5372508 -0.035293877 -0.84268373
vn 0.5372508 -0.035293877 -0.84268373
vn -0.074509144 0.99214923 -0.10044035
vn -0.074509144 0.99214923 -0.10044035
vn -0.074509144 0.99214923 -0.10044035
vn -0.6313677 0.7176415 -0.29388022
vn -0.6313677 0.7176415 -0.29388022
vn -0.6313677 0.7176415 -0.29388022
vn 0.24705696 0.68626916 -0.6841034
vn 0.24705696 0.68626916 -0.6841034
vn 0.24705696 0.68626916 -0.6841034
vn 0.066666186 0.8901892 0.4506871
vn 0.066666186 0.8901892 0.4506871
vn 0.066666186 0.8901892 0.4506871
vn -0.37254608 0.65489686 -0.65751004
vn -0.37254608 0.65489686 -0.65751004
vn -0.37254608 0.65489686 -0.65751004
vn 0.2705862 0.18431222 0.94488734
vn 0.2705862 0.18431222 0.94488734
vn 0.2705862 0.18431222 0.94488734
vn 0.77254313 0.08235228 -0.6295992
vn 0.77254313 0.08235228 -0.6295992
vn 0.77254313 0.08235228 -0.6295992
vn 0.56078005 0.3176446 0.7646095
vn 0.56078005 0.3176446 0.7646095
vn 0.56078005 0.3176446 0.7646095
vn -0.074509144 0.9843061 -0.15996838
vn -0.074509144 0.9843061 -0.15996838
vn -0.074509144 0.9843061 -0.15996838
vn 0.8509739 0.043136835 -0.5234335
vn 0.8509739 0.043136835 -0.5234335
vn 0.8509739 0.043136835 -0.5234335
vn 0.6862693 0.670583 0.2816965
vn 0.6862693 0.670583 0.2816965
vn 0.6862693 0.670583 0.2816965
vn -0.9450908 0.12941074 0.30009377
vn -0.9450908 0.12941074 0.30009377
vn -0.9450908 0.12941074 0.30009377
vn 0.0039215684 0.99214923 0.12499809
vn 0.0039215684 0.99214923 0.12499809
vn 0.0039215684 0.99214923 0.12499809
vn 0.4745062 0.66274 -0.5793268
vn 0.4745062 0.66274 -0.5793268
vn 0.4745062 0.66274 -0.5793268
vn -0.8039154 0.25489998 0.53735095
vn -0.8039154 0.25489998 0.53735095
vn -0.8039154 0.25489998 0.53735095
vn -0.3803892 0.670583 -0.636885
vn -0.3803892 0.670583 -0.636885
vn -0.3803892 0.670583 -0.636885
vn -0.066666126 0.99214923 -0.10580898
vn -0.066666126 0.99214923 -0.10580898
vn -0.066666126 0.99214923 -0.10580898
vn -0.5215646 0.65489686 -0.5468825
vn -0.5215646 0.65489686 -0.5468825
vn -0.5215646 0.65489686 -0.5468825
vn -0.74117076 0.6392107 0.20512332
vn -0.74117076 0.6392107 0.20512332
vn -0.74117076 0.6392107 0.20512332
vn 0.7411708 0.30195844 0.5995723
vn 0.7411708 0.30195844 0.5995723
vn 0.7411708 0.30195844 0.5995723
vn 0.7097985 0.21568453 -0.67057157
vn 0.7097985 0.21568453 -0.67057157
vn 0.7097985 0.21568453 -0.67057157
vn 0.14470582 -0.9894748 -0
vn 0.14470582 -0.9894748 -0
vn 0.14470582 -0.9894748 -0
vn -0.68626916 0.50587845 0.52261037
vn -0.68626916 0.50587845 0.52261037
vn -0.68626916 0.50587845 0.52261037
vn -0.51372147 0.59215224 0.62084293
vn -0.51372147 0.59215224 0.62084293
vn -0.51372147 0.59215224 0.62084293
vn -0.066666126 0.99214923 0.10580898
vn -0.066666126 0.99214923 0.10580898
vn -0.066666126 0.99214923 0.10580898
vn 0.73332775 0.6392107 0.23160338
vn 0.73332775 0.6392107 0.23160338
vn 0.73332775 0.6392107 0.23160338
vn -0.098038435 0.99214923 -0.07764248
vn -0.098038435 0.99214923 -0.07764248
vn -0.098038435 0.99214923 -0.07764248
vn 0.31764466 0.67842615 -0.66244984
vn 0.31764466 0.67842615 -0.66244984
vn 0.31764466 0.67842615 -0.66244984
vn -0.81960154 -0.3333308 0.465987
vn -0.81960154 -0.3333308 0.465987
vn -0.81960154 -0.3333308 0.465987
vn -0.074509144 0.99214923 0.10044035
vn -0.074509144 0.99214923 0.10044035
vn -0.074509144 0.99214923 0.10044035
vn 0.73332775 0.67842615 0.044366807
vn 0.73332775 0.67842615 0.044366807
vn 0.73332775 0.67842615 0.044366807
vn 0.17646927 0.466663 -0.8666511
vn 0.17646927 0.466663 -0.8666511
vn 0.17646927 0.466663 -0.8666511
vn 0.066666186 0.99214923 0.10580898
vn 0.066666186 0.99214923 0.10580898
vn 0.066666186 0.99214923 0.10580898
vn 0.16862619 0.96861994 -0.18259402
vn 0.16862619 0.96861994 -0.18259402
vn 0.16862619 0.96861994 -0.18259402
vn 0.6470539 0.65489686 0.39042455
vn 0.6470539 0.65489686 0.39042455
vn 0.6470539 0.65489686 0.39042455
vn 0.09019542 0.62352455 -0.7765835
vn 0.09019542 0.62352455 -0.7765835
vn 0.09019542 0.62352455 -0.7765835
vn -0.4039184 0.91371846 -0.044367816
vn -0.4039184 0.91371846 -0.044367816
vn -0.4039184 0.91371846 -0.044367816
vn 0.21568465 0.9764631 -0
vn 0.21568465 0.9764631 -0
vn 0.21568465 0.9764631 -0
vn 0.6705831 0.67842615 0.30009368
vn 0.6705831 0.67842615 0.30009368
vn 0.6705831 0.67842615 0.30009368
vn -0.043136835 0.99214923 0.11738443
vn -0.043136835 0.99214923 0.11738443
vn -0.043136835 0.99214923 0.11738443
vn -0.12933916 0.9916004 -0
vn -0.12933916 0.9916004 -0
vn -0.12933916 0.9916004 -0
vn -0.10588145 0.99214923 -0.06655105
vn -0.10588145 0.99214923 -0.06655105
vn -0.10588145 0.99214923 -0.06655105
vn -0.003921509 0.99999225 -0.00034526698
vn -0.003921509 0.99999225 -0.00034526698
vn -0.003921509 0.99999225 -0.00034526698
vn 0.16078311 0.9843061 0.072734654
vn 0.16078311 0.9843061 0.072734654
vn 0.16078311 0.9843061 0.072734654
vn -0.003921509 0.30195844 0.95331305
vn -0.003921509 0.30195844 0.95331305
vn -0.003921509 0.30195844 0.95331305
vn -0.0901953 0.9843061 -0.15167834
vn -0.0901953 0.9843061 -0.15167834
vn -0.0901953 0.9843061 -0.15167834
vn 0.858817 0.38823223 -0.33422917
vn 0.858817 0.38823223 -0.33422917
vn 0.858817 0.38823223 -0.33422917
vn -0.011764526 0.45097685 -0.89245814
vn -0.011764526 0.45097685 -0.89245814
vn -0.011764526 0.45097685 -0.89245814
vn 0.3333308 -0.34901696 0.87582976
vn 0.3333308 -0.34901696 0.87582976
vn 0.3333308 -0.34901696 0.87582976
vn 0.019607723 0.99214923 -0.12351296
vn 0.019607723 0.99214923 -0.12351296
vn 0.019607723 0.99214923 -0.12351296
vn 0.7882293 0.18431222 0.5871317
vn 0.7882293 0.18431222 0.5871317
vn 0.7882293 0.18431222 0.5871317
vn -0.27058613 0.074509144 -0.95980805
vn -0.2941153 0.074509144 -0.95286125
vn -0.2941153 0.074509144 -0.95286125
vn -0.23921382 0.16078305 -0.95756227
vn -0.23137069 0.27842915 -0.93217206
vn -0.23137069 0.27842915 -0.93217206
vn -0.22352767 0.18431222 -0.95711255
vn 0.019604107 0.9998079 -0
vn 0.019604107 0.9998079 -0
vn 0.019604107 0.9998079 -0
vn 0.25490004 0.38823223 0.88560814
vn 0.25490004 0.38823223 0.88560814
vn 0.25490004 0.38823223 0.88560814
vn -0.8980323 -0.35686004 -0.25727195
vn -0.8980323 -0.35686004 -0.25727195
vn -0.8980323 -0.35686004 -0.25727195
vn 0.62352467 -0.24705696 -0.7417411
vn 0.62352467 -0.24705696 -0.7417411
vn 0.62352467 -0.24705696 -0.7417411
vn 0.043136954 0.99214923 0.11738443
vn 0.043136954 0.99214923 0.11738443
vn 0.043136954 0.99214923 0.11738443
vn -0.45097685 0.85881686 -0.24300922
vn -0.45097685 0.85881686 -0.24300922
vn -0.45097685 0.85881686 -0.24300922
vn 0.019607723 0.99214923 0.12351296
vn 0.019607723 0.99214923 0.12351296
vn 0.019607723 0.99214923 0.12351296
vn -0.003921509 0.99214923 -0.12499809
vn -0.003921509 0.99214923 -0.12499809
vn -0.003921509 0.99214923 -0.12499809
vn 0.6470539 0.67842615 0.34793565
vn 0.6470539 0.67842615 0.34793565
vn 0.6470539 0.67842615 0.34793565
vn 0.05882311 0.99214923 -0.11036182
vn 0.05882311 0.99214923 -0.11036182
vn 0.05882311 0.99214923 -0.11036182
vn -0.466663 0.35685992 -0.80924445
vn -0.466663 0.35685992 -0.80924445
vn -0.466663 0.35685992 -0.80924445
vn -0.81960154 0.019607663 0.57259834
vn -0.81960154 0.019607663 0.57259834
vn -0.81960154 0.019607663 0.57259834
vn 0.098038495 0.9843061 0.14673096
vn 0.098038495 0.9843061 0.14673096
vn 0.098038495 0.9843061 0.14673096
vn -0.0901953 0.9843061 -0.15167834
vn -0.0901953 0.9843061 -0.15167834
vn -0.0901953 0.9843061 -0.15167834
vn 0.6078385 -0.05882311 0.79187894
vn 0.6078385 -0.05882311 0.79187894
vn 0.6078385 -0.05882311 0.79187894
vn -0.6941123 -0.24705696 0.6761442
vn -0.6941123 -0.24705696 0.6761442
vn -0.6941123 -0.24705696 0.6761442
vn 0.121567726 0.99214923 0.029345663
vn 0.121567726 0.99214923 0.029345663
vn 0.121567726 0.99214923 0.029345663
vn 0.15294003 0.9843061 0.08803902
vn 0.15294003 0.9843061 0.08803902
vn 0.15294003 0.9843061 0.08803902
vn -0.08235228 0.4039184 -0.9110807
vn -0.08235228 0.4039184 -0.9110807
vn -0.08235228 0.4039184 -0.9110807
vn 0.011764646 0.59215224 0.80574024
vn 0.011764646 0.59215224 0.80574024
vn 0.011764646 0.59215224 0.80574024
vn 0.3333308 0.8901892 0.3105701
vn 0.3333308 0.8901892 0.3105701
vn 0.3333308 0.8901892 0.3105701
vn 0.6784262 0.1764692 -0.7131595
vn 0.6784262 0.1764692 -0.7131595
vn 0.6784262 0.1764692 -0.7131595
vn -0.48234916 0.8039154 -0.34793586
vn -0.48234916 0.8039154 -0.34793586
vn -0.48234916 0.8039154 -0.34793586
vn 0.89803237 0.11372459 -0.42497602
vn 0.89803237 0.11372459 -0.42497602
vn 0.89803237 0.11372459 -0.42497602
vn -0.5999954 0.68626916 -0.41114503
vn -0.5999954 0.68626916 -0.41114503
vn -0.5999954 0.68626916 -0.41114503
vn 0.019604107 0.9998079 -0
vn 0.019604107 0.9998079 -0
vn 0.019604107 0.9998079 -0
vn -0.1450969 0.9843061 0.10044095
vn -0.1450969 0.9843061 0.10044095
vn -0.1450969 0.9843061 0.10044095
vn -0.39607537 0.62352455 0.67404854
vn -0.39607537 0.62352455 0.67404854
vn -0.39607537 0.62352455 0.67404854
vn -0.27058613 0.18431222 -0.94488734
vn -0.27058613 0.18431222 -0.94488734
vn -0.27058613 0.18431222 -0.94488734
vn 0.38038927 0.8980323 0.22100216
vn 0.38038927 0.8980323 0.22100216
vn 0.38038927 0.8980323 0.22100216
vn 0.8509739 0.51372147 0.1092414
vn 0.8509739 0.51372147 0.1092414
vn 0.8509739 0.51372147 0.1092414
vn 0.10588157 0.99214923 0.066550605
vn 0.10588157 0.99214923 0.066550605
vn 0.10588157 0.99214923 0.066550605
vn -0.59215224 0.035293818 0.8050529
vn -0.59215224 0.035293818 0.8050529
vn -0.59215224 0.035293818 0.8050529
vn 0.45814416 0.88887787 -0
vn 0.45814416 0.88887787 -0
vn 0.45814416 0.88887787 -0
vn 0.79607236 0.27058613 -0.54134274
vn 0.79607236 0.27058613 -0.54134274
vn 0.79607236 0.27058613 -0.54134274
vn -0.48234916 0.45097685 -0.75097215
vn -0.48234916 0.45097685 -0.75097215
vn -0.48234916 0.45097685 -0.75097215
vn 0.22352773 0.68626916 0.6921488
vn 0.22352773 0.68626916 0.6921488
vn 0.22352773 0.68626916 0.6921488
vn 0.77254313 0.5764661 0.2662028
vn 0.77254313 0.5764661 0.2662028
vn 0.77254313 0.5764661 0.2662028
vn -0.50587845 0.42744768 0.74924994
vn -0.50587845 0.42744768 0.74924994
vn -0.50587845 0.42744768 0.74924994
vn -0.4980353 0.85097384 0.16674626
vn -0.4980353 0.85097384 0.16674626
vn -0.4980353 0.85097384 0.16674626
vn 0.0039215684 0.65489686 0.7557081
vn 0.0039215684 0.65489686 0.7557081
vn 0.0039215684 0.65489686 0.7557081
vn 0.654897 0.6941123 0.2988613
vn 0.654897 0.6941123 0.2988613
vn 0.654897 0.6941123 0.2988613
vn 0.05882311 0.70979846 0.7019444
vn 0.05882311 0.70979846 0.7019444
vn 0.05882311 0.70979846 0.7019444
vn -0.16078305 0.27842915 0.94690335
vn -0.16078305 0.27842915 0.94690335
vn -0.16078305 0.27842915 0.94690335
vn 0.6862693 0.670583 -0.2816965
vn 0.6862693 0.670583 -0.2816965
vn 0.6862693 0.670583 -0.2816965
vn 0.63136774 0.6313677 -0.45027724
vn 0.63136774 0.6313677 -0.45027724
vn 0.63136774 0.6313677 -0.45027724
vn 0.0274508 0.8901892 -0.45476335
vn 0.0274508 0.8901892 -0.45476335
vn 0.0274508 0.8901892 -0.45476335
vn 0.7803862 0.4901923 0.3882124
vn 0.7803862 0.4901923 0.3882124
vn 0.7803862 0.4901923 0.3882124
vn -0.5450938 0.67842615 0.4925553
vn -0.5450938 0.67842615 0.4925553
vn -0.5450938 0.67842615 0.4925553
vn -0.6313677 0.7725431 0.067469
vn -0.6313677 0.7725431 0.067469
vn -0.6313677 0.7725431 0.067469
vn 0.4745062 0.670583 -0.57023
vn 0.4745062 0.670583 -0.57023
vn 0.4745062 0.670583 -0.57023
vn 0.0274508 0.9843061 0.17432153
vn 0.0274508 0.9843061 0.17432153
vn 0.0274508 0.9843061 0.17432153
vn 0.46666312 0.7333276 -0.49442503
vn 0.46666312 0.7333276 -0.49442503
vn 0.46666312 0.7333276 -0.49442503
vn 0.87450314 0.4039184 -0.26850367
vn 0.87450314 0.4039184 -0.26850367
vn 0.87450314 0.4039184 -0.26850367
vn -0.79607224 0.44313383 -0.41219097
vn -0.79607224 0.44313383 -0.41219097
vn -0.79607224 0.44313383 -0.41219097
vn -0.4901923 0.85881686 -0.14881228
vn -0.4901923 0.85881686 -0.14881228
vn -0.4901923 0.85881686 -0.14881228
vn -0.1764692 0.9294046 0.3241383
vn -0.1764692 0.9294046 0.3241383
vn -0.1764692 0.9294046 0.3241383
vn -0.68626916 0.5607799 0.46320674
vn -0.68626916 0.5607799 0.46320674
vn -0.68626916 0.5607799 0.46320674
vn -0.035293818 0.9058753 -0.42207134
vn -0.035293818 0.9058753 -0.42207134
vn -0.035293818 0.9058753 -0.42207134
vn -0.30195844 -0.0274508 -0.9529258
vn -0.30195844 -0.0274508 -0.9529258
vn -0.30195844 -0.0274508 -0.9529258
vn 0.7490139 0.42744768 0.5062279
vn 0.7490139 0.42744768 0.5062279
vn 0.7490139 0.42744768 0.5062279
vn 0.9529339 0.11372459 0.28104037
vn 0.9529339 0.11372459 0.28104037
vn 0.9529339 0.11372459 0.28104037
vn 0.73332775 0.45882 -0.5017117
vn 0.73332775 0.45882 -0.5017117
vn 0.73332775 0.45882 -0.5017117
vn -0.043136835 0.9294046 0.36653274
vn -0.043136835 0.9294046 0.36653274
vn -0.043136835 0.9294046 0.36653274
vn 0.86666006 0.4901923 0.09280018
vn 0.86666006 0.4901923 0.09280018
vn 0.86666006 0.4901923 0.09280018
vn 0.4431339 0.874503 0.19717209
vn 0.4431339 0.874503 0.19717209
vn 0.4431339 0.874503 0.19717209
vn -0.7490138 0.4039184 0.5251936
vn -0.7490138 0.4039184 0.5251936
vn -0.7490138 0.4039184 0.5251936
vn 0.4352908 0.4980353 0.7499885
vn 0.4352908 0.4980353 0.7499885
vn 0.4352908 0.4980353 0.7499885
vn 0.035293877 0.8901892 0.4542219
vn 0.035293877 0.8901892 0.4542219
vn 0.035293877 0.8901892 0.4542219
vn -0.22352767 0.4352907 -0.8720994
vn -0.22352767 0.4352907 -0.8720994
vn -0.22352767 0.4352907 -0.8720994
vn -0.4980353 -0.36470312 -0.7867353
vn -0.4980353 -0.36470312 -0.7867353
vn -0.4980353 -0.36470312 -0.7867353
vn 0.1999985 0.62352455 0.75578946
vn 0.1999985 0.62352455 0.75578946
vn 0.1999985 0.62352455 0.75578946
vn -0.098038435 0.85881686 -0.5028141
vn -0.098038435 0.85881686 -0.5028141
vn -0.098038435 0.85881686 -0.5028141
vn -0.56862307 0.64705384 -0.5079263
vn -0.56862307 0.64705384 -0.5079263
vn -0.56862307 0.64705384 -0.5079263
vn -0.6941123 0.18431222 0.6958715
vn -0.6941123 0.18431222 0.6958715
vn -0.6941123 0.18431222 0.6958715
vn 0.5843093 0.8039154 -0.11091779
vn 0.5843093 0.8039154 -0.11091779
vn 0.5843093 0.8039154 -0.11091779
vn -0.6941123 0.7176415 -0.056558482
vn -0.6941123 0.7176415 -0.056558482
vn -0.6941123 0.7176415 -0.056558482
vn -0.76469994 0.6392107 -0.08150897
vn -0.76469994 0.6392107 -0.08150897
vn -0.76469994 0.6392107 -0.08150897
vn 0.42744774 0.62352455 -0.65460336
vn 0.42744774 0.62352455 -0.65460336
vn 0.42744774 0.62352455 -0.65460336
vn 0.29411542 0.5294076 0.79575354
vn 0.29411542 0.5294076 0.79575354
vn 0.29411542 0.5294076 0.79575354
vn 0.756857 0.12156761 -0.6421751
vn 0.756857 0.12156761 -0.6421751
vn 0.756857 0.12156761 -0.6421751
vn 0.8509739 0.19999838 0.4856378
vn 0.8509739 0.19999838 0.4856378
vn 0.8509739 0.19999838 0.4856378
vn 0.13725388 0.011764526 0.99046606
vn 0.13725388 0.011764526 0.99046606
vn 0.13725388 0.011764526 0.99046606
vn -0.27058613 0.9450908 0.18326637
vn -0.27058613 0.9450908 0.18326637
vn -0.27058613 0.9450908 0.18326637
vn -0.9604815 0.27834356 -0
vn -0.9604815 0.27834356 -0
vn -0.9604815 0.27834356 -0
vn 0.47363296 0.8807224 -0
vn 0.47363296 0.8807224 -0
vn 0.47363296 0.8807224 -0
vn -0.5294076 0.74117076 0.41278744
vn -0.5294076 0.74117076 0.41278744
vn -0.5294076 0.74117076 0.41278744
vn -0.15293992 0.34117377 0.927475
vn -0.15293992 0.34117377 0.927475
vn -0.15293992 0.34117377 0.927475
vn -0.5529369 0.56862307 0.60903907
vn -0.5529369 0.56862307 0.60903907
vn -0.5529369 0.56862307 0.60903907
vn 0.4039185 0.8980323 -0.17432085
vn 0.4039185 0.8980323 -0.17432085
vn 0.4039185 0.8980323 -0.17432085
vn 0.1999985 0.86666 -0.45705694
vn 0.1999985 0.86666 -0.45705694
vn 0.1999985 0.86666 -0.45705694
vn 0.13725388 0.4980353 -0.85622555
vn 0.13725388 0.4980353 -0.85622555
vn 0.13725388 0.4980353 -0.85622555
vn -0.1450969 0.27842915 0.94943357
vn -0.1450969 0.27842915 0.94943357
vn -0.1450969 0.27842915 0.94943357
vn -0.56862307 0.5215646 0.63611174
vn -0.56862307 0.5215646 0.63611174
vn -0.56862307 0.5215646 0.63611174
vn 0.043136954 -0.97646314 -0.21132666
vn 0.043136954 -0.97646314 -0.21132666
vn 0.043136954 -0.97646314 -0.21132666
vn 0.69411236 0.5215646 0.49616367
vn 0.69411236 0.5215646 0.49616367
vn 0.69411236 0.5215646 0.49616367
vn -0.066666126 0.5607799 -0.8252766
vn -0.066666126 0.5607799 -0.8252766
vn -0.066666126 0.5607799 -0.8252766
vn -0.59215224 0.79607224 0.12499905
vn -0.59215224 0.79607224 0.12499905
vn -0.59215224 0.79607224 0.12499905
vn 0.0039215684 0.99999225 -0.00034526698
vn 0.0039215684 0.99999225 -0.00034526698
vn 0.0039215684 0.99999225 -0.00034526698
vn 0.7562059 -0.65433365 -0
vn 0.7562059 -0.65433365 -0
vn 0.7562059 -0.65433365 -0
vn 0.4431339 -0.7097985 0.5475568
vn 0.4431339 -0.7097985 0.5475568
vn 0.4431339 -0.7097985 0.5475568
vn -0.45097685 0.5607799 0.6943672
vn -0.45097685 0.5607799 0.6943672
vn -0.45097685 0.5607799 0.6943672
vn 0.5450939 0.8352877 0.07188273
vn 0.5450939 0.8352877 0.07188273
vn 0.5450939 0.8352877 0.07188273
vn 0.7097985 0.42744768 -0.559888
vn 0.7097985 0.42744768 -0.559888
vn 0.7097985 0.42744768 -0.559888
vn 0.11372465 0.6078384 -0.7858748
vn 0.11372465 0.6078384 -0.7858748
vn 0.11372465 0.6078384 -0.7858748
vn 0.5137216 0.8117584 0.27773803
vn 0.5137216 0.8117584 0.27773803
vn 0.5137216 0.8117584 0.27773803
vn -0.5843092 0.6313677 -0.50986034
vn -0.5843092 0.6313677 -0.50986034
vn -0.5843092 0.6313677 -0.50986034
vn -0.45097685 0.68626916 -0.5706615
vn -0.45097685 0.68626916 -0.5706615
vn -0.45097685 0.68626916 -0.5706615
vn -0.262743 0.9529338 -0.15127246
vn -0.262743 0.9529338 -0.15127246
vn -0.262743 0.9529338 -0.15127246
vn 0.59999543 0.7019553 0.3837502
vn 0.59999543 0.7019553 0.3837502
vn 0.59999543 0.7019553 0.3837502
vn -0.02745068 0.68626916 0.72682947
vn -0.02745068 0.68626916 0.72682947
vn -0.02745068 0.68626916 0.72682947
vn -0.21568453 0.93724763 -0.2739472
vn -0.21568453 0.93724763 -0.2739472
vn -0.21568453 0.93724763 -0.2739472
vn -0.6392107 0.66274 -0.39010945
vn -0.6392107 0.66274 -0.39010945
vn -0.6392107 0.66274 -0.39010945
vn -0.8901892 -0.45097697 -0.064676076
vn -0.8901892 -0.45097697 -0.064676076
vn -0.8901892 -0.45097697 -0.064676076
vn -0.45097685 0.7803861 -0.43314826
vn -0.45097685 0.7803861 -0.43314826
vn -0.45097685 0.7803861 -0.43314826
vn -0.91371846 -0.1294108 0.3851901
vn -0.91371846 -0.1294108 0.3851901
vn -0.91371846 -0.1294108 0.3851901
vn 0.34901696 0.9058753 -0.23995224
vn 0.34901696 0.9058753 -0.23995224
vn 0.34901696 0.9058753 -0.23995224
vn -0.7019553 0.38823223 -0.5971051
vn -0.7019553 0.38823223 -0.5971051
vn -0.7019553 0.38823223 -0.5971051
vn 0.7176416 0.6941123 -0.05655664
vn 0.7176416 0.6941123 -0.05655664
vn 0.7176416 0.6941123 -0.05655664
vn -0.23921382 0.5999954 0.76340175
vn -0.23921382 0.5999954 0.76340175
vn -0.23921382 0.5999954 0.76340175
vn 0.066666186 0.56862307 0.81989235
vn 0.066666186 0.56862307 0.81989235
vn 0.066666186 0.56862307 0.81989235
vn -0.8039154 0.16078305 0.57259834
vn -0.8039154 0.16078305 0.57259834
vn -0.8039154 0.16078305 0.57259834
vn -0.13725376 0.93724763 0.32051256
vn -0.13725376 0.93724763 0.32051256
vn -0.13725376 0.93724763 0.32051256
vn -0.18431222 0.65489686 -0.7328977
vn -0.18431222 0.65489686 -0.7328977
vn -0.18431222 0.65489686 -0.7328977
vn 0.0274508 0.7019553 -0.7116918
vn 0.0274508 0.7019553 -0.7116918
vn 0.0274508 0.7019553 -0.7116918
vn -0.56862307 0.7019553 0.4288666
vn -0.56862307 0.7019553 0.4288666
vn -0.56862307 0.7019553 0.4288666
vn 0.9137185 0.050979972 0.4031371
vn 0.9137185 0.050979972 0.4031371
vn 0.9137185 0.050979972 0.4031371
vn 0.79607236 0.45097685 -0.4035947
vn 0.79607236 0.45097685 -0.4035947
vn 0.79607236 0.45097685 -0.4035947
vn -0.39607537 0.8117584 -0.42915332
vn -0.39607537 0.8117584 -0.42915332
vn -0.39607537 0.8117584 -0.42915332
vn -0.16862607 0.96861994 -0.18259418
vn -0.16862607 0.96861994 -0.18259418
vn -0.16862607 0.96861994 -0.18259418
vn -0.5843092 -0.2313708 -0.7778498
vn -0.5843092 -0.2313708 -0.7778498
vn -0.5843092 -0.2313708 -0.7778498
vn 0.05882311 0.6392107 -0.76677865
vn 0.05882311 0.6392107 -0.76677865
vn 0.05882311 0.6392107 -0.76677865
vn -0.7019553 0.7019553 0.12048865
vn -0.7019553 0.7019553 0.12048865
vn -0.7019553 0.7019553 0.12048865
vn 0.15294003 0.85097384 0.5024469
vn 0.15294003 0.85097384 0.5024469
vn 0.15294003 0.85097384 0.5024469
vn 0.7097985 0.68626916 0.15881033
vn 0.7097985 0.68626916 0.15881033
vn 0.7097985 0.68626916 0.15881033
vn 0.3411739 -0.48234928 -0.80680823
vn 0.3411739 -0.48234928 -0.80680823
vn 0.3411739 -0.48234928 -0.80680823
vn 0.18405212 0.9829164 -0
vn 0.18405212 0.9829164 -0
vn 0.18405212 0.9829164 -0
vn -0.47450614 0.67842615 -0.560876
vn -0.47450614 0.67842615 -0.560876
vn -0.47450614 0.67842615 -0.560876
vn 0.6705831 0.6941123 0.2617754
vn 0.6705831 0.6941123 0.2617754
vn 0.6705831 0.6941123 0.2617754
vn 0.21568465 0.6941123 -0.68679565
vn 0.21568465 0.6941123 -0.68679565
vn 0.21568465 0.6941123 -0.68679565
vn 0.41176158 -0.6470539 0.6416959
vn 0.41176158 -0.6470539 0.6416959
vn 0.41176158 -0.6470539 0.6416959
vn -0.10588145 0.466663 -0.87807447
vn -0.10588145 0.466663 -0.87807447
vn -0.10588145 0.466663 -0.87807447
vn -0.074509144 0.82744455 -0.55658233
vn -0.074509144 0.82744455 -0.55658233
vn -0.074509144 0.82744455 -0.55658233
vn -0.098038435 0.3176446 0.943128
vn -0.098038435 0.3176446 0.943128
vn -0.098038435 0.3176446 0.943128
vn 0.9921493 0.035293818 -0.11997554
vn 0.9921493 0.035293818 -0.11997554
vn 0.9921493 0.035293818 -0.11997554
vn -0.7254846 0.68626916 0.052026305
vn -0.7254846 0.68626916 0.052026305
vn -0.7254846 0.68626916 0.052026305
vn -0.262743 0.7019553 0.6619856
vn -0.262743 0.7019553 0.6619856
vn -0.262743 0.7019553 0.6619856
vn -0.51372147 0.5999954 0.6132665
vn -0.51372147 0.5999954 0.6132665
vn -0.51372147 0.5999954 0.6132665
vn -0.76469994 0.53725076 -0.35580283
vn -0.76469994 0.53725076 -0.35580283
vn -0.76469994 0.53725076 -0.35580283
vn -0.22352767 0.96861994 0.10867741
vn -0.22352767 0.96861994 0.10867741
vn -0.22352767 0.96861994 0.10867741
vn 0.019607723 0.8980323 0.43949232
vn 0.019607723 0.8980323 0.43949232
vn 0.019607723 0.8980323 0.43949232
vn 0.36470312 0.9058753 -0.21536373
vn 0.36470312 0.9058753 -0.21536373
vn 0.36470312 0.9058753 -0.21536373
vn -0.20784152 0.874503 -0.43823093
vn -0.20784152 0.874503 -0.43823093
vn -0.20784152 0.874503 -0.43823093
vn 0.6784262 0.5450938 -0.49255523
vn 0.6784262 0.5450938 -0.49255523
vn 0.6784262 0.5450938 -0.49255523
vn -0.68626916 -0.72548467 0.05202487
vn -0.68626916 -0.72548467 0.05202487
vn -0.68626916 -0.72548467 0.05202487
vn -0.91371846 0.30980146 0.26294798
vn -0.91371846 0.30980146 0.26294798
vn -0.91371846 0.30980146 0.26294798
vn 0.25490004 0.9058753 -0.33825418
vn 0.25490004 0.9058753 -0.33825418
vn 0.25490004 0.9058753 -0.33825418
vn 0.15294003 0.3803892 -0.91209286
vn 0.15294003 0.3803892 -0.91209286
vn 0.15294003 0.3803892 -0.91209286
vn 0.6862693 0.7254846 0.05202487
vn 0.6862693 0.7254846 0.05202487
vn 0.6862693 0.7254846 0.05202487
vn 0.7704606 0.6374876 -0
vn 0.7704606 0.6374876 -0
vn 0.7704606 0.6374876 -0
vn -0.21568453 0.50587845 -0.83520484
vn -0.21568453 0.50587845 -0.83520484
vn -0.21568453 0.50587845 -0.83520484
vn 0.38823235 0.8039154 -0.45055047
vn 0.38823235 0.8039154 -0.45055047
vn 0.38823235 0.8039154 -0.45055047
vn 0.16078311 0.8352877 -0.5257788
vn 0.16078311 0.8352877 -0.5257788
vn 0.16078311 0.8352877 -0.5257788
vn 0.6784262 0.6941123 -0.24071975
vn 0.6784262 0.6941123 -0.24071975
vn 0.6784262 0.6941123 -0.24071975
vn -0.043136835 0.39607537 0.9172042
vn -0.043136835 0.39607537 0.9172042
vn -0.043136835 0.39607537 0.9172042
vn -0.12941074 0.33333075 0.93388623
vn -0.12941074 0.33333075 0.93388623
vn -0.12941074 0.33333075 0.93388623
vn -0.79607224 -0.59215236 0.12499833
vn -0.79607224 -0.59215236 0.12499833
vn -0.79607224 -0.59215236 0.12499833
vn 0.52156466 0.8431307 -0.13077052
vn 0.52156466 0.8431307 -0.13077052
vn 0.52156466 0.8431307 -0.13077052
vn 0.21568465 0.74117076 0.6357248
vn 0.21568465 0.74117076 0.6357248
vn 0.21568465 0.74117076 0.6357248
vn 0.17646927 -0.73332775 -0.6565737
vn -0.4039184 -0.7097985 -0.5770927
vn -0.4039184 -0.7097985 -0.5770927
vn -0.33333075 -0.7097985 -0.6205455
vn 0.27842927 -0.7097985 -0.6470419
vn 0.30980158 -0.7097985 -0.6326208
vn 0.38823235 -0.73332775 -0.5581273
vn 0.5686231 -0.7097985 -0.41575694
vn 0.41960466 -0.7882293 -0.45014057
vn 0.70195544 -0.7097985 -0.058690816
vn 0.70195544 -0.7097985 -0.058690816
vn 0.80391544 -0.59215236 -0.05545755
vn 0.70195544 -0.7097985 -0.058690816
vn -0.36470306 0.12156761 0.9231538
vn -0.36470306 0.098038435 0.92594826
vn -0.36470306 0.12156761 0.9231538
vn -0.36470306 0.098038435 0.92594826
vn -0.3490169 0.262743 0.8995295
vn -0.36470306 0.262743 0.89328486
vn -0.3490169 0.27842915 0.8947985
vn -0.3254876 0.13725376 0.9355315
vn -0.4039184 0.1450969 0.9032147
vn -0.37254608 -0.0274508 0.9276076
vn -0.262743 -0.0274508 0.96447533
vn -0.466663 -0.0274508 0.8840091
vn -0.262743 0.27058613 0.9261475
vn -0.42744768 0.27058613 0.86259586
vn -0.23137069 0.22352767 0.9468384
vn -0.20784152 -0.019607723 0.97796595
vn -0.23921382 0.262743 0.93474215
vn -0.20784152 0.20784152 0.9558262
vn -0.18431222 0.019607663 0.98267215
vn -0.23137069 0.262743 0.9367143
vn -0.23921382 0.0901953 0.9667686
vn -0.24705684 0.098038435 0.9640287
vn -0.24705684 0.12156761 0.961345
vn -0.24705684 0.12156761 0.961345
vn -0.45882 0.27842915 0.8437781
vn -0.45097685 0.262743 0.8529865
vn -0.4901923 0.27058613 0.82854974
vn -0.466663 0.262743 0.8445068
vn -0.53725076 0.1450969 0.83084804
vn -0.47450614 0.0901953 0.87561905
vn -0.466663 0.098038435 0.8789847
vn -0.47450614 0.12156761 0.87181723
vn -0.47450614 0.12156761 0.87181723
vn -0.56862307 -0.0274508 0.82214004
vn -0.5764661 0.22352767 0.78595304
vn -0.6156815 -0.019607723 0.78775114
vn -0.5529369 0.262743 0.7907129
vn -0.5999954 0.19999838 0.7746007
vn -0.6156815 0.003921509 0.7879853
vn -0.56862307 0.262743 0.77950877
vn -0.5764661 0.098038435 0.8112184
vn -0.5764661 0.098038435 0.8112184
vn -0.5843092 0.12156761 0.802374
vn -0.5843092 0.12156761 0.802374
vn -0.6941123 -0.7097985 0.11997593
vn -0.68626916 -0.7176416 0.118427835
vn -0.6941123 -0.70195544 0.15958293
vn -0.67842615 -0.72548467 0.11580118
vn -0.67842615 -0.72548467 0.11580118
vn -0.67842615 -0.7176416 0.15725291
vn 0.6078385 0.1450969 0.7806915
vn 0.5686231 0.10588145 0.8157554
vn 0.552937 0.019607663 0.8329924
vn 0.59999543 0.10588145 0.7929657
vn 0.56078005 0.27842915 0.77974546
vn 0.56078005 0.2862723 0.77690023
vn 0.31764466 0.066666126 0.94586337
vn 0.26274312 0.098038435 0.9598721
vn 0.4039185 -0.0039215684 0.9147866
vn 0.1999985 0.13725376 0.97013503
vn -0.3176446 -0.098038495 -0.943128
vn -0.27058613 -0.05882311 -0.96089697
vn -0.41176152 -0.16862619 -0.89555436
vn -0.1764692 0.011764526 -0.9842358
vn -0.050914247 0.998703 -0
vn -0.08235228 0.9294046 -0.3597571
vn -0.04309709 0.9990709 -0
vn -0.019604048 0.9998079 -0
vn -0.003921509 0.99999225 -0.00034526698
vn 0.0039215684 0.99999225 -0.00034526698
vn 0.0039215684 0.99999225 -0.00034526698
vn -0.003921509 0.99999225 -0.00034526698
vn -0.003921509 0.99999225 -0.00034526698
vn 0.08235234 -0.9921493 -0.09411613
vn 0.08235234 -0.9921493 -0.09411613
vn 0.09019542 -0.9921493 -0.086628996
vn 0.043136954 -0.9921493 -0.11738392
vn -0.043136835 -0.9921493 -0.11738392
vn -0.003921509 0.9764631 -0.21564901
vn 0.14509696 0.9843061 -0.10044095
vn -0.019604048 0.9998079 -0
vn -0.027440555 0.9996234 -0
vn -0.02745068 0.99214923 0.122009754
vn -0.23137069 0.30195844 -0.9248182
vn -0.22352767 0.5294076 -0.8183905
vn -0.23137069 0.2941153 -0.9273423
vn -0.22352767 0.5529369 -0.8026806
vn 0.25490004 0.23921382 0.9369113
vn 0.3411739 0.23137069 0.91108066
vn 0.25490004 0.23921382 0.9369113
vn 0.25490004 0.23921382 0.9369113
vn -0.019604048 0.9998079 -0
vn -0.16862607 0.96861994 0.18259418
vn -0.06651899 0.9977852 -0
vn 0.0039215684 0.99999225 -0.00034526698
vn 0.0039215684 0.99999225 -0.00034526698
vn -0.003921509 0.99999225 -0.00034526698
vn -0.011763804 0.99993086 -0
vn 0.019604107 0.9998079 -0
vn -0.027440555 0.9996234 -0
vn 0.0039215684 0.99999225 -0.00034526698
vn -0.003921509 0.99999225 -0.00034526698
vn -0.011763804 0.99993086 -0
vn 0.0039215684 0.050979972 0.998692
vn 0.0039215684 0.066666126 0.9977676
vn -0.050979972 0.42744768 0.90260154
vn 0.011764646 0.011764526 0.9998616
vn 0.32548773 -0.09019542 0.9412346
vn 0.26274312 -0.05098003 0.9635181
vn 0.4352908 -0.17646927 0.8828253
vn 0.17646927 0.011764526 0.9842358
vn -0.08235228 0.99214923 0.09411708
vn -0.003921509 0.99999225 -0.00034526698
vn -0.050914247 0.998703 -0
vn -0.011763804 0.99993086 -0
vn 0.0039215684 0.99999225 -0.00034526698
vn -0.2941153 0.9215615 0.25341785
vn -0.11372459 0.9843061 0.134938
vn -0.47450614 0.8039154 0.35855824
vn -0.11372459 0.9843061 0.134938
vn 0.0039215684 0.99999225 -0.00034526698
vn 0.0039215684 0.99999225 -0.00034526698
vn -0.003921509 0.99999225 -0.00034526698
vn -0.003921509 0.99999225 -0.00034526698
vn 0.0039215684 0.99999225 -0.00034526698
vn 0.0039215684 0.99999225 -0.00034526698
vn 0.0039215684 0.99999225 -0.00034526698
vn 0.0039215684 0.99999225 -0.00034526698
vn 0.0039215684 0.99999225 -0.00034526698
vn 0.0039215684 0.99999225 -0.00034526698
vn -0.003921509 0.99999225 -0.00034526698
vn 0.0039215684 0.99999225 -0.00034526698
vn 0.0039215684 0.99999225 -0.00034526698
vn -0.011763804 0.99993086 -0
vn -0.003921509 0.99999225 -0.00034526698
vn -0.019604048 0.9998079 -0
vn -0.03527213 0.9993777 -0
vn 0.0039215684 0.99999225 -0.00034526698
vn -0.019607663 0.99214923 0.12351296
vn -0.15293992 0.9843061 0.08803935
vn -0.027440555 0.9996234 -0
vn -0.019604048 0.9998079 -0
vn -0.003921509 0.99999225 -0.00034526698
vn 0.0039215684 0.99999225 -0.00034526698
vn 0.0039215684 0.99999225 -0.00034526698
vn -0.003921509 0.99999225 -0.00034526698
vn 0.0039215684 0.99999225 -0.00034526698
vn -0.003921509 0.99999225 -0.00034526698
vn -0.003921509 0.99999225 -0.00034526698
vn 0.0039215684 0.99999225 -0.00034526698
vn -0.5764661 0.003921509 -0.8171117
vn -0.5764661 0.35685992 -0.7350767
vn -0.5764661 0.13725376 -0.8055112
vn -0.5843092 0.074509144 -0.8081034
vn -0.56862307 0.37254608 -0.7334011
vn -0.20784152 0.91371846 -0.3491711
vn -0.20784152 0.91371846 -0.3491711
vn -0.19999838 0.9058753 -0.3733504
vn -0.20784152 0.91371846 -0.3491711
vn 0.36470312 -0.7097985 -0.6026423
vn 0.36470312 -0.70195544 -0.6117599
vn 0.35686004 -0.7176416 -0.59803134
vn 0.35686004 -0.72548467 -0.58849204
vn 0.35686004 -0.7176416 -0.59803134
vn 0.4431339 -0.7097985 -0.5475568
vn 0.3725462 0.67842615 0.633204
vn 0.34901696 0.6941123 0.62959933
vn 0.36470312 0.670583 0.6459954
vn 0.35686004 0.6941123 0.6251872
vn 0.3725462 0.6392107 0.67276967
vn 0.36470312 0.6941123 0.6206446
vn 0.38038927 0.68626916 0.61995053
vn -0.65489686 -0.73332775 0.18259402
vn -0.30195844 -0.7097985 0.6364018
vn -0.2941153 -0.7097985 0.6400643
vn -0.36470306 -0.7097985 0.60264236
vn -0.7019553 -0.7097985 0.05869285
vn -0.7019553 -0.7097985 0.05869285
vn -0.67842615 -0.73332775 -0.04436647
vn -0.47450614 -0.7176416 -0.50973964
vn -0.4039184 -0.7097985 -0.5770927
vn -0.4039184 -0.7097985 -0.5770927
vn -0.41960454 -0.0039215684 0.9076986
vn -0.41960454 -0.0039215684 0.9076986
vn -0.41960454 -0.0039215684 0.9076986
vn -0.41960454 -0.0039215684 0.9076986
vn 0.3725462 0.68626916 -0.6246951
vn 0.3725462 0.7019553 -0.6070157
vn 0.3725462 0.7019553 -0.6070157
vn 0.36470312 0.6941123 -0.6206446
vn 0.36470312 0.68626916 -0.6293062
vn 0.29411542 0.67842615 -0.67322665
vn 0.62352467 0.44313383 -0.6440881
vn 0.24705696 0.6941123 -0.6761442
vn -0.02745068 0.68626916 -0.72682947
vn 0.17646927 0.6078384 -0.77420354
vn -0.30980146 0.7019553 0.64131254
vn -0.30195844 0.70979846 0.6364018
vn -0.30980146 0.7019553 0.64131254
vn -0.3176446 0.6941123 0.6459954
vn 0.22352773 -0.7097985 -0.6679981
vn 0.2313708 -0.7097985 -0.6653222
vn 0.21568465 -0.7176416 -0.6621712
vn 0.2313708 -0.7176416 -0.6568547
vn 0.23921388 -0.72548467 -0.6453284
vn 0.08235234 -0.7176416 -0.6915263
vn -0.1450969 -0.6862693 -0.7127281
vn 0.10588157 0.8980323 -0.4269977
vn 0.10588157 0.8980323 -0.4269977
vn 0.10588157 0.8980323 -0.4269977
vn 0.10588157 0.8980323 -0.4269977
vn -0.4039184 0.098038435 -0.90952647
vn -0.4039184 0.12156761 -0.9066815
vn -0.4039184 0.12156761 -0.9066815
vn -0.4039184 0.098038435 -0.90952647
vn -0.38823223 0.262743 -0.883313
vn -0.39607537 0.262743 -0.8798241
vn -0.39607537 0.23137069 -0.8885898
vn -0.37254608 0.19999838 -0.90620637
vn -0.45882 0.13725376 -0.87786424
vn -0.37254608 -0.019607723 -0.9278065
vn -0.35685992 0.003921509 -0.9341497
vn -0.42744768 -0.0274508 -0.9036233
vn -0.5294076 -0.019607723 -0.84814095
vn -0.4980353 0.262743 -0.82639396
vn -0.45097685 0.37254608 -0.81106675
vn -0.4980353 0.262743 -0.82639396
vn -0.5294076 0.27842915 -0.8013768
vn -0.50587845 0.262743 -0.8216162
vn -0.5843092 0.1450969 -0.7984545
vn -0.51372147 0.098038435 -0.8523372
vn -0.51372147 0.098038435 -0.8523372
vn -0.51372147 0.12156761 -0.8493006
vn -0.5215646 0.12156761 -0.8445068
vn -0.6156815 -0.0274508 -0.78751683
vn -0.5999954 0.27842915 -0.7499885
vn -0.59215224 0.262743 -0.7617886
vn -0.64705384 0.13725376 -0.7499885
vn -0.7019553 -0.0274508 -0.7116918
vn -0.6078384 0.262743 -0.74933213
vn -0.6156815 0.098038435 -0.7818726
vn -0.6156815 0.098038435 -0.7818726
vn -0.6156815 0.12156761 -0.77856123
vn -0.6078384 0.12156761 -0.78469986
vn -0.670583 0.27058613 -0.6907254
vn -0.7019553 0.22352767 -0.6762353
vn -0.74117076 -0.019607723 -0.67103016
vn -0.68626916 0.262743 -0.6782335
vn -0.7254846 0.19999838 -0.65853834
vn -0.7490138 -0.011764646 -0.66244996
vn -0.6941123 0.262743 -0.67020464
vn -0.7176415 0.098038435 -0.68947744
vn -0.7176415 0.098038435 -0.68947744
vn -0.70979846 0.12156761 -0.6938353
vn -0.70979846 0.12156761 -0.6938353
vn 0.11372465 0.8980323 0.42497605
vn 0.121567726 0.8980323 0.42279926
vn 0.11372465 0.8980323 0.42497605
vn 0.10588157 0.9058753 0.4100963
vn 0.035293877 0.99214923 0.11997593
vn 0.043136954 0.8901892 0.4535443
vn 0.043136954 0.9058753 0.42134202
vn 0.08235234 0.8980323 0.43215278
vn 0.066666186 0.8980323 0.43484893
vn 0.07450926 0.8980323 0.43357387
vn 0.043136954 0.8980323 0.4378095
vn 0.0039215684 0.8980323 0.439912
vn 0.019607723 0.8980323 0.43949232
vn 0.019607723 0.9058753 0.42309034
vn -0.011764526 0.8980323 0.43977216
vn -0.035293818 0.8980323 0.43851143
vn 0.019607723 0.91371846 0.40587452
vn -0.019607663 0.8980323 0.43949232
vn -0.02745068 0.9215615 0.38726076
vn 0.0039215684 0.8980323 0.439912
vn -0.02745068 0.9607769 0.27596045
vn -0.043136835 0.8980323 0.4378095
vn -0.003921509 0.99999225 -0.00034526698
vn -0.003921509 0.99999225 -0.00034526698
vn -0.003921509 0.99999225 -0.00034526698
vn -0.003921509 0.99999225 -0.00034526698
vn -0.003921509 0.99999225 -0.00034526698
vn -0.003921509 0.99999225 -0.00034526698
vn 0.0039215684 0.99999225 -0.00034526698
vn 0.0039215684 0.99999225 -0.00034526698
vn 0.0039215684 0.99999225 -0.00034526698
vn 0.0039215684 0.99999225 -0.00034526698
vn 0.0039215684 0.99999225 -0.00034526698
vn 0.0039215684 0.99999225 -0.00034526698
vn -0.003921509 0.99999225 -0.00034526698
vn 0.0039215684 0.99999225 -0.00034526698
vn -0.003921509 0.99999225 -0.00034526698
vn -0.003921509 0.99999225 -0.00034526698
vn -0.003921509 0.99999225 -0.00034526698
vn -0.003921509 0.99999225 -0.00034526698
vn 0.011763923 0.99993086 -0
vn 0.011763923 0.99993086 -0
vn 0.019604107 0.9998079 -0
vn 0.0039215684 0.99999225 -0.00034526698
vn 0.0039215684 0.99999225 -0.00034526698
vn 0.0039215684 0.99999225 -0.00034526698
vn 0.0039215684 0.99999225 -0.00034526698
vn -0.003921509 0.99999225 -0.00034526698
vn -0.003921509 0.99999225 -0.00034526698
vn 0.0039215684 0.99999225 -0.00034526698
vn 0.0039215684 0.99999225 -0.00034526698
vn 0.0039215684 0.99999225 -0.00034526698
vn 0.0039215684 0.99999225 -0.00034526698
vn -0.003921509 0.99999225 -0.00034526698
vn 0.0039215684 0.99999225 -0.00034526698
vn -0.003921509 0.99999225 -0.00034526698
vn 0.0039215684 0.99999225 -0.00034526698
vn 0.0039215684 0.99999225 -0.00034526698
vn 0.0039215684 0.99999225 -0.00034526698
vn -0.003921509 0.99999225 -0.00034526698
vn 0.0039215684 0.99999225 -0.00034526698
vn 0.03527219 0.9993777 -0
vn -0.003921509 0.99999225 -0.00034526698
vn 0.24705696 0.96861994 0.027170997
vn 0.21568465 0.96861994 0.1235132
vn 0.0039215684 0.99999225 -0.00034526698
vn 0.0039215684 0.99999225 -0.00034526698
vn 0.0039215684 0.99999225 -0.00034526698
vn -0.011763804 0.99993086 -0
vn 0.04309721 0.9990709 -0
vn -0.003921509 0.99999225 -0.00034526698
vn 0.011763923 0.99993086 -0
vn -0.003921509 0.99999225 -0.00034526698
vn 0.0039215684 0.99999225 -0.00034526698
vn -0.003921509 0.99999225 -0.00034526698
vn 0.0039215684 0.99999225 -0.00034526698
vn 0.0039215684 0.99999225 -0.00034526698
vn 0.0039215684 0.99999225 -0.00034526698
vn 0.011763923 0.99993086 -0
vn 0.011763923 0.99993086 -0
vn 0.027440675 0.9996234 -0
vn -0.011763804 0.99993086 -0
vn -0.003921509 0.99999225 -0.00034526698
vn 0.0039215684 0.99999225 -0.00034526698
vn 0.3411739 -0.70195544 0.6251871
vn 0.3333308 -0.7097985 0.62054545
vn 0.3411739 -0.7097985 0.61626816
vn 0.3411739 -0.7176416 0.6071169
vn 0.30980158 -0.72548467 0.61456895
vn 0.18431234 -0.6862693 0.70360744
vn -0.1764692 0.8980323 -0.40298456
vn -0.1764692 0.8980323 -0.40298456
vn -0.1764692 0.8980323 -0.40298456
vn -0.1764692 0.8980323 -0.40298456
vn 0.2313708 0.12156761 0.9652403
vn 0.27842927 0.12156761 0.9527321
vn 0.2705862 0.0901953 0.9584612
vn 0.20784158 0.098038435 0.97323704
vn 0.2705862 0.003921509 0.96268773
vn 0.13725388 0.12156761 0.98304766
vn 0.21568465 0.011764526 0.9763922
vn 0.098038495 0.098038435 0.99034184
vn 0.098038495 0.011764526 0.9951131
vn 0.035293877 0.12156761 0.99195546
vn 0.019607723 0.011764526 0.9997385
vn -0.035293818 0.0901953 0.9952985
vn -0.035293818 0.003921509 0.99936926
vn -0.05882299 0.12156761 0.9908386
vn -0.0901953 0.011764526 0.9958546
vn -0.0901953 0.08235228 0.9925134
vn -0.10588145 0.12156761 0.9869197
vn -0.12156761 -0.0039215684 0.9925754
vn -0.3254876 0.003921509 -0.94553816
vn -0.23137069 0.003921509 -0.9728578
vn -0.23137069 0.003921509 -0.9728578
vn -0.4039184 0.003921509 -0.91478664
vn -0.5764661 -0.0039215684 -0.8171117
vn -0.56862307 -0.0039215684 -0.82258886
vn -0.5607799 -0.0039215684 -0.8279556
vn -0.56862307 -0.0274508 -0.82214004
vn -0.42744768 0.8980323 -0.104050316
vn -0.4352907 0.8980323 -0.063717894
vn -0.42744768 0.8980323 -0.104050316
vn -0.4352907 0.8980323 -0.063717894
vn 0.83528775 0.003921509 0.549799
vn 0.8117585 0.003921509 0.5839801
vn 0.83528775 -0.0039215684 0.549799
vn 0.7411708 0.003921509 0.67130506
vn 0.5764662 -0.0039215684 0.81711155
vn 0.5764662 0.003921509 0.81711155
vn 0.5764662 0.003921509 0.81711155
vn 0.5764662 -0.0039215684 0.81711155
vn 0.8196016 0.19999838 0.5368928
vn 0.80391544 0.2862723 0.52131385
vn 0.7176416 0.5294076 0.45245785
vn 0.6862693 0.5764661 0.4435328
vn 0.6156816 0.68626916 0.38726065
vn 0.66274005 0.6078384 0.43738785
vn 0.48234928 0.81960154 0.30918038
vn 0.34901696 0.91371846 0.20810035
vn 0.27842927 0.93724763 0.20986667
vn 0.098038495 0.99214923 0.07764248
vn 0.058722056 0.9982743 -0
vn 0.0039215684 0.99999225 -0.00034526698
vn -0.011763804 0.99993086 -0
vn -0.019607663 0.99214923 -0.12351296
vn -0.003921509 0.99214923 -0.12499809
vn -0.08235228 0.9215615 -0.3793976
vn -0.10588145 0.9215615 -0.37351513
vn -0.12156761 0.81960154 -0.55988806
vn -0.15293992 0.670583 -0.72589797
vn -0.1764692 0.6156815 -0.76798105
vn -0.21568453 0.51372147 -0.83040375
vn -0.21568453 0.53725076 -0.8153783
vn -0.23921382 0.2862723 -0.9278065
vn -0.19215536 0.5215646 -0.83129215
vn -0.30980146 0.70979846 -0.6326209
vn -0.16078305 0.70979846 -0.68580973
vn -0.30980146 0.70979846 -0.6326209
vn -0.39607537 0.70979846 -0.58250356
vn -0.37254608 0.70979846 -0.59782565
vn -0.10588145 0.7019553 -0.70430666
vn -0.6156815 0.16078305 0.77141756
vn -0.6941123 0.0901953 0.71419394
vn -0.6941123 0.13725376 0.70666087
vn -0.74117076 0.0901953 0.6652298
vn -0.70979846 0.011764526 0.70430654
vn -0.7176415 0.011764526 0.6963134
vn -0.7725431 0.011764526 0.63485336
vn -0.7882292 0.12156761 0.60325456
vn -0.81960154 0.019607663 0.57259834
vn -0.81960154 0.098038435 0.56448364
vn -0.8431307 0.12156761 0.5237862
vn -0.88234615 0.0901953 0.4618767
vn -0.88234615 0.011764526 0.47045392
vn -0.9215615 0.05882299 0.38375026
vn -0.88234615 0.12156761 0.454628
vn -0.9058753 0.10588145 0.41009635
vn -0.91371846 0.13725376 0.38246566
vn 0.70195544 0.70979846 -0.058691327
vn 0.7097985 0.7019553 -0.058692593
vn 0.70195544 0.70979846 -0.058691327
vn 0.38823235 0.7333276 -0.5581274
vn 0.6078385 0.7176415 -0.3398869
vn 0.16862619 0.9294046 -0.32828683
vn 0.18431234 0.7333276 -0.65441537
vn 0.0039215684 0.99999225 -0.00034526698
vn 0.12933922 0.9916004 -0
vn -0.003921509 0.99999225 -0.00034526698
vn -0.003921509 0.99999225 -0.00034526698
vn 0.27842927 0.70979846 -0.6470419
vn -0.34117377 0.70979846 -0.6162683
vn -0.4352907 0.7019553 -0.56372046
vn -0.466663 0.5607799 -0.6839236
vn -0.45882 0.5529369 -0.6955178
vn -0.5764661 0.6941123 -0.43115535
vn -0.8581837 0.51334274 -0
vn 0.0039215684 0.99999225 -0.00034526698
vn -0.003921509 0.99999225 -0.00034526698
vn -0.003921509 0.99999225 -0.00034526698
vn -0.003921509 0.99999225 -0.00034526698
vn -0.003921509 0.99999225 -0.00034526698
vn -0.003921509 0.99999225 -0.00034526698
vn -0.2941153 0.9450908 0.14247671
vn -0.003921509 0.99999225 -0.00034526698
vn 0.0039215684 0.99999225 -0.00034526698
vn 0.0039215684 0.99999225 -0.00034526698
vn 0.0039215684 0.99999225 -0.00034526698
vn -0.91371846 0.39607537 -0.09079028
vn -0.85097384 0.5215646 -0.06175648
vn -0.9843061 0.02745068 -0.17432149
vn -0.96861994 0.1764692 -0.17502573
vn -0.9843061 0.019607663 -0.1753769
vn -0.9843061 -0.0039215684 -0.17642602
vn -0.9843061 -0.0039215684 -0.17642602
vn -0.9843061 -0.019607723 -0.17537689
vn -0.9843061 0.12156761 -0.1279173
vn -0.99214923 0.08235228 -0.09411696
vn -0.9843061 0.12156761 -0.1279173
vn -0.99214923 0.074509144 -0.10044047
vn -0.99999225 0.003921509 -0.00034492963
vn -0.99214923 0.003921509 -0.12499809
vn -0.99214923 -0.0039215684 -0.124998085
vn 0.23921388 0.12156761 -0.9633266
vn 0.24705696 0.08235228 -0.9654952
vn 0.23921388 0.12156761 -0.9633266
vn 0.24705696 0.08235228 -0.9654952
vn 0.24705696 0.003921509 -0.968993
vn 0.20784158 -0.0039215684 -0.97815466
vn 0.26274312 -0.0039215684 -0.9648579
vn -0.6941123 -0.7176416 -0.056556903
vn -0.70979846 -0.70195544 -0.05869158
vn -0.70979846 -0.70195544 -0.05869158
vn -0.68626916 -0.72548467 -0.05202487
vn -0.6941123 -0.7176416 -0.056556903
vn -0.6992507 -0.71487653 -0
vn -0.27842915 -0.69411236 0.66384125
vn -0.3176446 -0.7176416 0.61975193
vn -0.3490169 -0.7097985 0.6118605
vn -0.41960454 -0.72548467 0.545531
vn -0.4901923 -0.7097985 0.5058632
vn -0.59215224 -0.7097985 0.38149947
vn -0.5843092 -0.70195544 0.4072362
vn -0.66274 -0.70195544 0.26083377
vn -0.6941123 -0.7176416 0.056556903
vn -0.7019553 -0.7097985 0.05869285
vn -0.70710677 -0.7071068 -0
vn -0.70979846 -0.70195544 0.05869158
vn -0.68626916 -0.7097985 -0.15881024
vn -0.670583 -0.7176416 -0.18790677
vn -0.6313677 -0.70195544 -0.32959586
vn -0.5764661 -0.7176416 -0.3907395
vn -0.5450938 -0.7097985 -0.4461601
vn -0.45882 -0.7097985 -0.53448135
vn -0.44313383 -0.7097985 -0.5475568
vn -0.4039184 -0.70195544 -0.58660764
vn -0.41960454 -0.70195544 -0.5754916
vn 0.46666312 -0.7097985 0.52764726
vn 0.46666312 -0.7176416 0.5169295
vn 0.46666312 -0.70195544 0.5380373
vn 0.45097697 -0.7176416 0.5306697
vn 0.45097697 -0.72548467 0.5198959
vn 0.654897 -0.70195544 0.27994376
vn 0.73332775 -0.6705831 0.112021044
vn 0.2313708 0.6941123 -0.6816712
vn 0.2313708 0.6941123 -0.6816712
vn 0.2313708 0.7019553 -0.67359203
vn 0.24705696 0.68626916 -0.6841034
vn 0.59215236 0.7333276 -0.33404514
vn 0.27842927 0.67842615 -0.67986405
vn 0.48234928 0.6941123 -0.53436625
vn 0.6470539 0.70979846 -0.27840146
vn 0.6862693 0.70979846 -0.15881005
vn 0.69411236 0.70979846 -0.11997568
vn -0.7176415 0.6941123 0.05655822
vn -0.6941123 0.7176415 0.056558482
vn -0.7019553 0.70979846 0.058693357
vn -0.68626916 0.7254846 -0.05202602
vn -0.67842615 0.7019553 -0.21678719
vn -0.59215224 0.7176415 -0.36653307
vn -0.6313677 0.7019553 -0.32959613
vn -0.5450938 0.70979846 -0.44616017
vn -0.41176152 0.70979846 -0.571523
vn -0.41176152 0.70979846 -0.571523
vn -0.39607537 0.70979846 -0.58250356
vn -0.38823223 0.70979846 -0.58776003
vn -0.22352767 0.70979846 -0.66799814
vn -0.066666126 0.7176415 -0.69321454
vn -0.05882299 0.7019553 -0.7097877
vn 0.098038495 0.7019553 -0.7054411
vn 0.23921388 0.70979846 -0.66254276
vn 0.2705862 0.70979846 -0.6503608
vn 0.3019585 0.7019553 -0.6450425
vn 0.3019585 0.7019553 -0.6450425
vn -0.71487653 0.6992508 -0
vn -0.71487653 0.6992508 -0
vn -0.7254846 0.68626916 -0.052026305
vn -0.71487653 0.6992508 -0
vn -0.7333276 0.67842615 0.04436815
vn -0.85881686 0.45097685 -0.2430092
vn -0.7301457 0.68329144 -0
vn -0.65489686 0.6941123 0.2988616
vn -0.5843092 0.6941123 0.42046505
vn -0.7333276 0.62352455 0.27101237
vn 0.30980158 0.8980323 0.31234747
vn 0.30980158 0.8980323 0.31234747
vn 0.30980158 0.8980323 0.31234747
vn 0.30980158 0.8980323 0.31234747
vn 0.7176416 0.12156761 0.68571997
vn 0.7176416 0.12156761 0.68571997
vn 0.7097985 0.08235228 0.6995743
vn 0.7097985 0.074509144 0.70045304
vn 0.7097985 0.003921509 0.70439386
vn 0.70195544 0.003921509 0.71221006
vn 0.70195544 0.003921509 0.71221006
vn -0.16078305 0.8980323 0.40949574
vn -0.16078305 0.8980323 0.40949574
vn -0.16078305 0.8980323 0.40949574
vn -0.16078305 0.8980323 0.40949574
vn 0.2313708 0.003921509 0.9728577
vn 0.2313708 0.003921509 0.9728577
vn 0.32548773 0.003921509 0.94553816
vn 0.41176158 0.003921509 0.91128314
vn 0.22352773 0.16862607 0.9600003
vn 0.21568465 0.27058613 0.9382235
vn 0.19215542 0.5294076 0.82631946
vn 0.18431234 0.56862307 0.80168366
vn 0.17646927 0.6392107 0.7485107
vn 0.18431234 0.6156815 0.7661365
vn 0.15294003 0.79607224 0.5855581
vn 0.11372465 0.8431307 0.52554476
vn 0.10588157 0.9215615 0.37351504
vn 0.07450926 0.9529338 0.29388022
vn 0.035293877 0.99214923 0.11997593
vn 0.0039215684 0.99999225 -0.00034526698
vn -0.003921509 0.99999225 -0.00034526698
vn -0.03527213 0.9993777 -0
vn -0.06651899 0.9977852 -0
vn -0.27842915 0.9450908 -0.17111576
vn -0.22352767 0.9607769 -0.1641435
vn -0.41960454 0.86666 -0.26987502
vn -0.466663 0.81960154 -0.33238372
vn -0.6392107 0.64705384 -0.4156092
vn -0.65489686 0.62352455 -0.426998
vn -0.7176415 0.4980353 -0.48677668
vn -0.67842615 0.59215224 -0.43484902
vn -0.7568569 0.36470306 -0.54236454
vn -0.8352877 0.011764526 -0.54968727
vn -0.7176415 0.50587845 -0.47862062
vn -0.7333276 0.11372459 -0.67029643
vn -0.4901923 0.70979846 -0.50586325
vn -0.5764661 0.7254846 -0.37597728
vn -0.4980353 0.8431307 -0.20271024
vn -0.8117584 0.003921509 -0.58398026
vn -0.8352877 0.003921509 -0.54979914
vn -0.5764661 -0.0039215684 -0.8171117
vn -0.5764661 0.003921509 -0.8171117
vn -0.5764661 0.003921509 -0.8171117
vn -0.5764661 -0.0039215684 -0.8171117
vn -0.42744768 0.70979846 -0.55988806
vn -0.6941123 0.70979846 -0.11997618
vn -0.67842615 0.6941123 0.24071987
vn -0.45097685 0.70979846 0.5411155
vn -0.4352907 0.70979846 0.5538124
vn -0.4352907 0.70979846 0.5538124
vn -0.4980353 0.70979846 0.4981435
vn -0.4980353 0.70979846 0.4981435
vn -0.5529369 0.70979846 0.43640223
vn -0.5529369 0.70979846 0.43640223
vn -0.6078384 0.70979846 0.35597563
vn -0.6078384 0.70979846 0.35597563
vn -0.65489686 0.7176415 0.23685618
vn -0.6392107 0.7019553 0.31411532
vn -0.68626916 0.7019553 0.19050816
vn -0.68626916 0.7019553 0.19050816
vn -0.67842615 0.70979846 0.18953648
vn -0.41176152 0.7019553 -0.58112925
vn -0.41176152 0.7019553 -0.58112925
vn -0.670583 0.7333276 -0.11202224
vn -0.466663 0.70979846 -0.5276474
vn -0.7019553 0.70979846 0.058693357
vn -0.7019553 0.70979846 0.058693357
vn -0.7019553 0.70979846 0.058693357
vn -0.6392107 0.7019553 0.31411532
vn -0.6941123 0.7019553 0.15958348
vn -0.6941123 0.7019553 0.15958348
vn -0.68626916 0.70979846 0.15881042
vn -0.6941123 0.7019553 0.15958348
vn -0.670583 0.7254846 0.1548887
vn -0.670583 0.7333276 0.11202224
vn -0.670583 0.7333276 0.11202224
vn 0.99993086 0.011763803 -0
vn 0.99993086 0.011763803 -0
vn 0.99993086 0.011763803 -0
vn 0.99993086 0.011763803 -0
vn 0.97646314 0.003921509 0.21564874
vn 0.97646314 0.003921509 0.21564874
vn 0.90587544 0.003921509 0.42352602
vn 0.90587544 0.003921509 0.42352602
vn 0.7882293 0.003921509 0.61536914
vn 0.7803862 -0.0039215684 0.6252855
vn 0.59215236 -0.0039215684 0.8058165
vn 0.59215236 -0.0039215684 0.8058165
vn 0.552937 0.003921509 0.83321387
vn 0.552937 0.003921509 0.83321387
vn 0.30980158 0.003921509 0.95079315
vn 0.30980158 -0.0039215684 0.95079315
vn 0.08235234 -0.0039215684 0.99659556
vn 0.09019542 0.003921509 0.99591637
vn -0.12941074 -0.0039215684 0.99158335
vn -0.12941074 -0.019607723 0.9913972
vn -0.3176446 -0.0039215684 0.9482017
vn -0.34117377 0.003921509 0.9399921
vn -0.4039184 0.003921509 0.91478664
vn -0.42744768 0.019607663 0.9038274
vn -0.7019553 -0.7097985 0.05869285
vn -0.7019553 -0.7097985 0.05869285
vn -0.7019553 -0.7097985 0.05869285
vn -0.7019553 -0.7097985 0.05869285
vn -0.64705384 -0.7097985 0.27840158
vn -0.65489686 -0.7097985 0.25941512
vn -0.5843092 -0.70195544 0.4072362
vn -0.5450938 -0.7176416 0.43343198
vn -0.47450614 -0.70195544 0.53113323
vn -0.30980146 -0.7176416 0.62370956
vn -0.30980146 -0.7097985 0.6326209
vn -0.2941153 -0.70195544 0.64865613
vn -0.2862723 -0.7097985 0.64361036
vn -0.16862607 -0.7097985 0.6839235
vn -0.13725376 -0.7176416 0.6827532
vn -0.011764526 -0.7097985 0.70430654
vn 0.121567726 -0.7176416 0.6857199
vn 0.10588157 -0.70195544 0.7043065
vn 0.2313708 -0.70195544 0.6735919
vn 0.36470312 -0.7097985 0.6026423
vn 0.38038927 -0.7097985 0.592866
vn 0.39607543 -0.7097985 0.5825035
vn 0.39607543 -0.7097985 0.5825035
vn 0.87450314 0.47450614 -0.10043998
vn 0.87450314 0.47450614 -0.10043998
vn 0.87450314 0.47450614 -0.10043998
vn 0.87450314 0.47450614 -0.10043998
vn 0.7882293 0.6078384 -0.09605778
vn -0.5764661 -0.0039215684 -0.8171117
vn -0.5764661 -0.0039215684 -0.8171117
vn -0.5843092 -0.011764646 -0.81144583
vn -0.5764661 -0.0039215684 -0.8171117
vn -0.6392107 -0.098038495 -0.76275694
vn -0.074509144 0.99214923 0.10044035
vn -0.043136835 0.99214923 0.11738443
vn -0.074509144 0.99214923 0.10044035
vn -0.066666126 0.99214923 0.10580898
vn -0.050979972 0.99214923 0.11419702
vn -0.050979972 0.99214923 0.11419702
vn -0.02745068 0.99214923 0.122009754
vn -0.02745068 0.99214923 0.122009754
vn -0.019607663 0.99214923 0.12351296
vn 0.05882311 0.99214923 0.11036182
vn 0.05882311 0.9843061 0.16637713
vn 0.0039215684 0.99214923 0.12499809
vn -0.003921509 0.99214923 0.12499809
vn -0.003921509 0.99214923 0.12499809
vn 0.011764646 0.99214923 0.12450501
vn 0.0039215684 0.99214923 0.12499809
vn 0.28627235 0.9529338 0.09982665
vn 0.18431234 0.9607769 0.20721154
vn 0.34901696 0.91371846 0.20810035
vn 0.3725462 0.8352877 0.40435606
vn 0.49803543 0.85881686 0.11997618
vn 0.0039215684 -0.9999924 -0
vn 0.0039215684 -0.9999924 -0
vn 0.0039215684 -0.9999924 -0
vn 0.0039215684 -0.9999924 -0
vn -0.003921509 -0.9999924 -0
vn -0.003921509 -0.9999924 -0
vn 0.0039215684 -0.9999924 -0
vn -0.003921509 -0.9999924 -0
vn -0.003921509 -0.9999924 -0
vn -0.003921509 -0.9999924 -0
vn -0.10588145 -0.97646314 -0.18790662
vn 0.019604106 -0.9998079 -0
vn -0.003921509 -0.9999924 -0
vn -0.003921509 -0.9999924 -0
vn 0.0039215684 -0.9999924 -0
vn -0.003921509 -0.9999924 -0
vn -0.003921509 -0.9999924 -0
vn -0.003921509 -0.9999924 -0
vn -0.003921509 -0.9999924 -0
vn -0.003921509 0.99999225 -0.00034526698
vn 0.0039215684 0.99999225 -0.00034526698
vn -0.011763804 0.99993086 -0
vn -0.003921509 0.99999225 -0.00034526698
vn 0.0039215684 0.99999225 -0.00034526698
vn -0.003921509 0.99999225 -0.00034526698
vn -0.003921509 0.99999225 -0.00034526698
vn -0.003921509 0.99999225 -0.00034526698
vn -0.003921509 0.99999225 -0.00034526698
vn -0.10588145 0.9843061 0.14117599
vn 0.0039215684 0.99999225 -0.00034526698
vn 0.13703488 0.9905662 -0
vn 0.121567726 0.99214923 0.029345663
vn -0.003921509 0.99999225 -0.00034526698
vn -0.003921509 0.99999225 -0.00034526698
vn -0.03527213 0.9993777 -0
vn -0.066666126 -0.011764646 0.997706
vn -0.074509144 -0.035293877 0.99659556
vn -0.074509144 -0.0039215684 0.9972126
vn -0.074509144 -0.15294003 0.9854226
vn -0.11372459 -0.29411542 0.9489799
vn -0.13725376 -0.41960466 0.89726996
vn -0.18431222 -0.49803543 0.8473427
vn -0.23137069 -0.6078385 0.7596051
vn -0.3490169 -0.6862693 0.6381392
vn -0.3490169 -0.69411236 0.6295992
vn -0.3490169 -0.7097985 0.6118605
vn -0.34117377 -0.7097985 0.6162682
vn -0.27842915 -0.7097985 0.6470419
vn -0.27058613 -0.7097985 0.6503608
vn -0.19999838 -0.7097985 0.67541593
vn -0.19215536 -0.7097985 0.677689
vn -0.12156761 -0.7097985 0.69383526
vn -0.10588145 -0.7097985 0.6964016
vn -0.043136835 -0.70195544 0.71091336
vn -0.02745068 -0.7097985 0.7038697
vn 0.035293877 -0.7097985 0.70352
vn 0.05882311 -0.7097985 0.70194435
vn 0.11372465 -0.70195544 0.7030827
vn 0.13725388 -0.7097985 0.69090337
vn 0.19215542 -0.70195544 0.6858096
vn 0.22352773 -0.7097985 0.6679981
vn 0.2705862 -0.70195544 0.65881836
vn 0.29411542 -0.7097985 0.64006424
vn 0.3411739 -0.7097985 0.61626816
vn 0.3725462 -0.7097985 0.5978256
vn 0.4039185 -0.7097985 0.5770926
vn 0.4352908 -0.7097985 0.5538122
vn 0.46666312 -0.70195544 0.5380373
vn 0.49803543 -0.7097985 0.49814332
vn 0.52940774 -0.70195544 0.4764305
vn 0.552937 -0.7097985 0.4364021
vn 0.5764662 -0.70195544 0.4182646
vn 0.59999543 -0.7097985 0.36904138
vn 0.6156816 -0.7097985 0.34223124
vn 0.6392108 -0.7097985 0.2959656
vn 0.654897 -0.7097985 0.2594148
vn 0.6705831 -0.7097985 0.2156486
vn 0.6784262 -0.70195544 0.21678664
vn 0.69411236 -0.7097985 0.11997543
vn 0.69411236 -0.7097985 0.11997543
vn 0.70195544 -0.7097985 0.058690816
vn 0.70710677 -0.70710677 -0
vn 0.70195544 -0.7097985 -0.058690816
vn 0.70710677 -0.70710677 -0
vn 0.69411236 -0.7097985 -0.11997543
vn 0.70195544 -0.70195544 -0.12048692
vn 0.72548467 -0.6862693 -0.05202344
vn 0.70195544 -0.70195544 -0.12048692
vn 0.7774268 -0.6289734 -0
vn 0.8431308 -0.52156466 0.13076961
vn 0.8823462 -0.45097697 0.13448027
vn 0.9294047 -0.29411542 0.22294179
vn 0.9529339 -0.14509696 0.26620266
vn 0.960777 -0.035293877 0.27506712
vn 0.960777 -0.0039215684 0.27729443
vn 0.960777 -0.0039215684 0.27729443
vn -0.2941153 -0.7097985 0.6400643
vn -0.20784152 -0.7176416 0.6646747
vn -0.2941153 -0.7097985 0.6400643
vn 0.28627235 -0.73332775 0.61666733
vn 0.38823235 -0.7097985 0.5877599
vn 0.41176158 -0.7097985 0.57152295
vn 0.48234928 -0.73332775 0.47913423
vn 0.6392108 -0.7097985 0.2959656
vn 0.70195544 -0.7097985 -0.058690816
vn 0.70195544 -0.7097985 -0.058690816
vn 0.70195544 -0.7097985 -0.058690816
vn 0.46666312 0.7019553 0.5380374
vn 0.46666312 0.6941123 0.5481183
vn 0.48234928 0.67842615 0.5541454
vn 0.46666312 0.68626916 0.557907
vn 0.4352908 0.670583 0.60069984
vn 0.70195544 0.5529369 0.448909
vn 0.42744774 0.68626916 0.58849216
vn 0.1999985 0.51372147 0.83432055
vn -0.42744768 0.003921509 0.9040316
vn -0.42744768 0.003921509 0.9040316
vn -0.41960454 0.003921509 0.9076986
vn -0.42744768 0.003921509 0.9040316
vn -0.3254876 0.70979846 -0.62469506
vn -0.3254876 0.70979846 -0.62469506
vn -0.3254876 0.70979846 -0.62469506
vn -0.3254876 0.70979846 -0.62469506
vn -0.50587845 -0.6862693 -0.52261025
vn -0.48234916 -0.69411236 -0.53436625
vn -0.48234916 -0.69411236 -0.53436625
vn -0.47450614 -0.69411236 -0.54134274
vn -0.48234916 -0.69411236 -0.53436625
vn -0.67842615 -0.59999543 -0.42396158
vn 0.7097985 0.7019553 -0.058692593
vn 0.7097985 0.7019553 -0.058692593
vn 0.48234928 0.7333276 0.47913435
vn 0.70195544 0.70979846 0.058691327
vn 0.6470539 0.7568569 -0.09213487
vn 0.4039185 0.7490138 0.52519345
vn 0.28627235 0.7333276 0.61666745
vn 0.38823235 0.7254846 0.5682849
vn 0.0039215684 0.99999225 -0.00034526698
vn 0.0274508 0.99214923 0.122009754
vn 0.05882311 0.7176415 0.693924
vn -0.262743 0.70979846 0.65356886
vn -0.074509144 0.8431307 0.53252137
vn -0.2941153 0.7019553 0.64865625
vn -0.2941153 0.7019553 0.64865625
vn 0.0039215684 0.99999225 -0.00034526698
vn 0.06651905 0.9977852 -0
vn -0.003921509 0.99999225 -0.00034526698
vn -0.003921509 0.99999225 -0.00034526698
vn 0.0039215684 0.99999225 -0.00034526698
vn -0.003921509 0.99999225 -0.00034526698
vn -0.003921509 0.99999225 -0.00034526698
vn -0.003921509 0.99999225 -0.00034526698
vn 0.0039215684 0.99999225 -0.00034526698
vn -0.003921509 0.99999225 -0.00034526698
vn 0.0039215684 0.99999225 -0.00034526698
vn 0.0039215684 0.99999225 -0.00034526698
vn 0.0039215684 0.99999225 -0.00034526698
vn 0.42744774 0.8980323 -0.10404974
vn 0.42744774 0.8980323 -0.10404974
vn 0.42744774 0.8980323 -0.10404974
vn 0.42744774 0.8980323 -0.10404974
vn 0.9843062 0.098038435 -0.14673018
vn 0.9843062 0.12156761 -0.12791637
vn 0.9843062 0.12156761 -0.12791637
vn 0.9843062 0.098038435 -0.14673018
vn 0.9529339 0.262743 -0.1512716
vn 0.9529339 0.262743 -0.1512716
vn 0.94509083 0.27842915 -0.17111547
vn 0.97646314 0.13725376 -0.16637656
vn 0.9843062 0.1450969 -0.10043989
vn 0.9921493 -0.0274508 -0.122009166
vn 0.96862006 -0.0274508 -0.2470255
vn 0.9996234 -0.027440673 -0
vn 0.93724775 0.27058613 -0.21988587
vn 0.960777 0.27058613 -0.060751293
vn 0.93724775 0.22352767 -0.26758555
vn 0.9294047 0.262743 -0.25917763
vn 0.9529339 -0.019607723 -0.3025434
vn 0.93724775 0.19215536 -0.29093465
vn 0.94509083 -0.0039215684 -0.32678422
vn 0.9294047 0.262743 -0.25917763
vn 0.960777 0.098038435 -0.25941482
vn 0.960777 0.098038435 -0.25941482
vn 0.9529339 0.12156761 -0.27773783
vn 0.9529339 0.12156761 -0.27773783
vn 0.9604816 0.27834356 -0
vn 0.960777 0.262743 -0.08873382
vn 0.9894748 0.14470576 -0
vn 0.9996234 -0.027440673 -0
vn 0.960777 0.262743 -0.08873382
vn 0.9921493 0.098038435 -0.077641785
vn 0.9921493 0.098038435 -0.077641785
vn 0.9921493 0.12156761 -0.029344488
vn 0.9921493 0.12156761 -0.029344488
vn 0.960777 0.27058613 0.060751293
vn 0.96862006 0.22352767 0.10867626
vn 0.9921493 -0.0274508 0.122009166
vn 0.960777 0.262743 0.08873382
vn 0.96862006 0.19999838 0.14756624
vn 0.9921493 -0.019607723 0.123512425
vn 0.960777 0.262743 0.08873382
vn 0.9921493 0.0901953 0.08662903
vn 0.9921493 0.098038435 0.077641785
vn 0.9843062 0.12156761 0.12791637
vn 0.9843062 0.12156761 0.12791637
vn -0.2862723 0.9529338 0.09982695
vn -0.12941074 0.9843061 0.11997668
vn -0.035293818 0.99214923 0.11997593
vn -0.003921509 0.99214923 0.12499809
vn 0.0039215684 0.99214923 0.12499809
vn -0.035293818 0.99214923 0.11997593
vn -0.035293818 0.99214923 0.11997593
vn -0.050979972 0.99214923 0.11419702
vn -0.066666126 0.99214923 0.10580898
vn -0.05882299 0.99214923 0.11036182
vn -0.08235228 0.99214923 0.09411708
vn -0.098038435 0.99214923 0.07764248
vn -0.05882299 0.99214923 0.11036182
vn -0.21568453 0.70979846 0.6705716
vn -0.19215536 0.70979846 0.677689
vn -0.21568453 0.70979846 0.6705716
vn -0.16078305 0.70979846 0.68580973
vn 0.0039215684 0.67842615 0.7346581
vn -0.7019553 -0.7097985 0.05869285
vn -0.7019553 -0.7097985 0.05869285
vn -0.7019553 -0.7097985 0.05869285
vn -0.7019553 -0.7097985 0.05869285
vn -0.670583 -0.7176416 -0.18790677
vn -0.6941123 -0.7097985 -0.11997593
vn -0.6392107 -0.70195544 -0.31411502
vn -0.56862307 -0.7176416 -0.4020676
vn -0.5529369 -0.7097985 -0.43640217
vn -0.41176152 -0.7097985 -0.571523
vn -0.41176152 -0.7097985 -0.571523
vn -0.4039184 -0.7097985 -0.5770927
vn -0.3803892 -0.7097985 -0.59286606
vn -0.25489998 -0.70195544 -0.6650448
vn -0.1450969 -0.7097985 -0.68929887
vn -0.02745068 -0.72548467 -0.6876907
vn -0.019607663 -0.70195544 -0.7119509
vn 0.11372465 -0.7097985 -0.69516385
vn 0.25490004 -0.7097985 -0.6566674
vn 0.2705862 -0.7097985 -0.6503608
vn 0.29411542 -0.7097985 -0.64006424
vn 0.29411542 -0.7097985 -0.64006424
vn -0.39607537 0.70979846 -0.58250356
vn -0.38823223 0.70979846 -0.58776003
vn -0.3490169 0.70979846 -0.6118605
vn -0.33333075 0.70979846 -0.6205455
vn -0.23921382 0.70979846 -0.66254276
vn -0.1450969 0.7176415 -0.68112963
vn -0.098038435 0.70979846 -0.697549
vn 0.011764646 0.70979846 -0.70430654
vn 0.05098003 0.7176415 -0.6945443
vn 0.14509696 0.7019553 -0.69728446
vn 0.28627235 0.70979846 -0.64361036
vn 0.28627235 0.70979846 -0.64361036
vn 0.3333308 0.70979846 -0.6205455
vn 0.30980158 0.70979846 -0.6326209
vn 0.46666312 0.70979846 -0.5276473
vn 0.5843093 0.7176415 -0.3789108
vn 0.5450939 0.70979846 -0.44616002
vn 0.63136774 0.70979846 -0.31234738
vn 0.6862693 0.70979846 -0.15881005
vn 0.6862693 0.70979846 -0.15881005
vn 0.70195544 0.70979846 -0.058691327
vn 0.70195544 0.70979846 -0.058691327
vn 0.0039215684 0.99999225 -0.00034526698
vn 0.0039215684 0.99999225 -0.00034526698
vn 0.043136954 0.99214923 -0.11738443
vn 0.0039215684 0.99999225 -0.00034526698
vn -0.003921509 0.99999225 -0.00034526698
vn 0.0039215684 0.99999225 -0.00034526698
vn 0.03527219 0.9993777 -0
vn -0.003921509 0.99999225 -0.00034526698
vn 0.0039215684 0.99999225 -0.00034526698
vn -0.003921509 0.99999225 -0.00034526698
vn 0.0039215684 0.99999225 -0.00034526698
vn -0.003921509 0.99999225 -0.00034526698
vn -0.10588145 0.9764631 -0.18790694
vn 0.0039215684 0.99999225 -0.00034526698
vn 0.011763923 0.99993086 -0
vn 0.90587544 0.08235228 -0.4154609
vn 0.90587544 0.12156761 -0.40572277
vn 0.8901893 0.12156761 -0.43907216
vn 0.8823462 0.0901953 -0.46187657
vn 0.8431308 0.12156761 -0.52378595
vn 0.90587544 0.011764526 -0.42338073
vn 0.9215616 -0.0039215684 -0.38821238
vn 0.858817 0.003921509 -0.51226753
vn 0.8274447 0.019607663 -0.56120485
vn 0.8117585 0.098038435 -0.5757053
vn 0.7803862 0.12156761 -0.61336666
vn 0.73332775 0.098038435 -0.67276955
vn 0.7411708 0.019607663 -0.6710301
vn 0.70195544 0.003921509 -0.71221006
vn 0.7176416 0.12156761 -0.68571997
vn 0.69411236 0.0901953 -0.7141938
vn 0.6862693 0.12156761 -0.7171163
vn -0.36470306 0.7019553 0.61176014
vn -0.36470306 0.7019553 0.61176014
vn -0.36470306 0.7019553 0.61176014
vn -0.36470306 0.70979846 0.60264236
vn 0.69411236 0.7176415 0.056557428
vn 0.6862693 0.7254846 -0.05202487
vn 0.69411236 0.7176415 -0.056557428
vn 0.6784262 0.7254846 0.11580143
vn 0.6862693 0.70979846 0.15881005
vn 0.6470539 0.70979846 0.27840146
vn 0.5843093 0.7176415 0.3789108
vn 0.552937 0.70979846 0.43640217
vn 0.41960466 0.70979846 0.56578976
vn 0.41960466 0.70979846 0.56578976
vn 0.39607543 0.70979846 0.58250356
vn 0.39607543 0.70979846 0.58250356
vn 0.21568465 0.70979846 0.67057157
vn 0.18431234 0.7176415 0.67157996
vn 0.066666186 0.70979846 0.70124304
vn -0.019607663 0.7176415 0.69613665
vn -0.098038435 0.70979846 0.697549
vn -0.22352767 0.7176415 0.6595651
vn -0.23921382 0.70979846 0.66254276
vn -0.2862723 0.70979846 0.6436104
vn -0.30195844 0.70979846 0.6364018
vn -0.003921509 0.99999225 -0.00034526698
vn -0.003921509 0.99999225 -0.00034526698
vn -0.003921509 0.99999225 -0.00034526698
vn -0.003921509 0.99999225 -0.00034526698
vn 0.0039215684 0.99999225 -0.00034526698
vn 0.0039215684 0.99999225 -0.00034526698
vn -0.003921509 0.99999225 -0.00034526698
vn -0.003921509 0.99999225 -0.00034526698
vn -0.003921509 0.99999225 -0.00034526698
vn -0.003921509 0.99999225 -0.00034526698
vn 0.011763923 0.99993086 -0
vn -0.011763804 0.99993086 -0
vn 0.03527219 0.9993777 -0
vn -0.07430375 0.99723566 -0
vn -0.003921509 0.99999225 -0.00034526698
vn -0.011763804 0.99993086 -0
vn -0.003921509 0.99999225 -0.00034526698
vn 0.0039215684 0.99999225 -0.00034526698
vn 0.0039215684 0.99999225 -0.00034526698
vn 0.0039215684 0.99999225 -0.00034526698
vn -0.003921509 0.99999225 -0.00034526698
vn -0.08235228 0.9450908 -0.31626183
vn 0.0039215684 0.99999225 -0.00034526698
vn 0.05882311 0.9764631 0.20750833
vn 0.05882311 0.7333276 0.6773259
vn -0.003921509 0.99999225 -0.00034526698
vn 0.019607723 0.96861994 -0.24777195
vn 0.0039215684 0.99999225 -0.00034526698
vn 0.0039215684 0.99999225 -0.00034526698
vn 0.0039215684 0.99999225 -0.00034526698
vn -0.035293818 0.7019553 0.7113459
vn 0.0039215684 0.99999225 -0.00034526698
vn -0.003921509 0.99999225 -0.00034526698
vn 0.0039215684 0.99999225 -0.00034526698
vn -0.003921509 0.99999225 -0.00034526698
vn -0.003921509 0.99999225 -0.00034526698
vn -0.003921509 0.99999225 -0.00034526698
vn -0.003921509 0.99999225 -0.00034526698
vn -0.003921509 0.99999225 -0.00034526698
vn -0.003921509 0.99999225 -0.00034526698
vn -0.003921509 0.99999225 -0.00034526698
vn 0.0039215684 0.99999225 -0.00034526698
vn -0.003921509 0.99999225 -0.00034526698
vn -0.05882299 0.9764631 0.20750833
vn -0.011764526 0.99214923 0.12450501
vn -0.003921509 0.99999225 -0.00034526698
vn -0.003921509 0.99999225 -0.00034526698
vn -0.003921509 0.99999225 -0.00034526698
vn 0.0039215684 0.99999225 -0.00034526698
vn -0.003921509 0.99999225 -0.00034526698
vn -0.003921509 0.99999225 -0.00034526698
vn -0.9843061 0.08235228 0.15607569
vn -0.9843061 0.12156761 0.1279173
vn -0.9843061 0.12156761 0.1279173
vn -0.9843061 0.08235228 0.15607569
vn -0.99214923 0.003921509 0.12499809
vn -0.99214923 0.003921509 0.12499809
vn 0.11372465 0.12156761 -0.9860467
vn 0.05882311 0.12156761 -0.9908386
vn 0.098038495 0.0901953 -0.9910869
vn 0.035293877 0.098038435 -0.99455655
vn 0.098038495 0.003921509 -0.9951749
vn -0.035293818 0.12156761 -0.99195546
vn 0.05098003 0.011764526 -0.9986304
vn -0.074509144 0.098038435 -0.99238944
vn -0.074509144 0.011764526 -0.9971509
vn -0.13725376 0.12156761 -0.98304766
vn -0.1450969 0.019607663 -0.9892231
vn -0.20784152 0.0901953 -0.9739952
vn -0.23137069 0.12156761 -0.96524036
vn -0.24705684 0.011764526 -0.9689296
vn -0.262743 0.08235228 -0.961345
vn -0.27842915 0.12156761 -0.95273215
vn -0.262743 0.003921509 -0.9648579
vn 0.05098003 0.8980323 -0.43696567
vn 0.043136954 0.8980323 -0.4378095
vn 0.043136954 0.8980323 -0.4378095
vn 0.011764646 0.8980323 -0.43977216
vn 0.011764646 0.8980323 -0.43977216
vn 0.0039215684 0.9058753 -0.4235263
vn 0.0039215684 0.8980323 -0.439912
vn -0.011764526 0.9058753 -0.42338103
vn -0.011764526 0.8980323 -0.43977216
vn -0.035293818 0.8980323 -0.43851143
vn -0.066666126 0.8980323 -0.43484893
vn -0.05882299 0.8980323 -0.4359791
vn -0.08235228 0.8980323 -0.43215284
vn -0.11372459 0.8980323 -0.4249761
vn -0.0901953 0.8980323 -0.4305842
vn -0.05882299 0.9058753 -0.41943976
vn -0.0901953 0.8980323 -0.4305842
vn -0.098038435 0.91371846 -0.3943438
vn -0.074509144 0.9058753 -0.41693914
vn -0.12156761 0.8980323 -0.42279935
vn 0.0039215684 -0.9999924 -0
vn -0.011763803 -0.99993086 -0
vn -0.019604046 -0.9998079 -0
vn 0.0039215684 -0.9999924 -0
vn 0.0039215684 -0.9999924 -0
vn 0.0039215684 -0.9999924 -0
vn 0.0039215684 -0.9999924 -0
vn 0.05872205 -0.9982743 -0
vn 0.28627235 -0.9294047 -0.23292717
vn -0.003921509 -0.9999924 -0
vn -0.011763803 -0.99993086 -0
vn -0.56862307 -0.05882311 -0.8204923
vn -0.56862307 -0.0039215684 -0.82258886
vn -0.56862307 -0.0039215684 -0.82258886
vn -0.5764661 -0.05098003 -0.8155292
vn -0.56862307 -0.0039215684 -0.82258886
vn -0.47450614 -0.5686231 -0.67194617
vn -0.44313383 -0.63136774 -0.6364017
vn -0.262743 -0.8823462 -0.39042452
vn -0.27842915 -0.8823462 -0.37939736
vn -0.011763803 -0.99993086 -0
vn -0.011763803 -0.99993086 -0
vn 0.0039215684 -0.9999924 -0
vn 0.0039215684 -0.9999924 -0
vn 0.07450926 -0.9843062 -0.15996763
vn 0.0039215684 -0.9999924 -0
vn 0.011763922 -0.99993086 -0
vn -0.011763803 -0.99993086 -0
vn 0.0039215684 -0.9999924 -0
vn 0.0039215684 -0.9999924 -0
vn -0.027440554 -0.9996234 -0
vn 0.05098003 -0.9529339 -0.29886124
vn -0.003921509 -0.9999924 -0
vn -0.003921509 -0.9999924 -0
vn 0.011763922 -0.99993086 -0
vn -0.027440554 -0.9996234 -0
vn -0.003921509 -0.9999924 -0
vn -0.003921509 -0.9999924 -0
vn 0.0039215684 -0.9999924 -0
vn -0.003921509 -0.9999924 -0
vn 0.0039215684 -0.9999924 -0
vn -0.003921509 -0.9999924 -0
vn -0.003921509 -0.9999924 -0
vn -0.003921509 -0.9999924 -0
vn -0.074509144 -0.96862006 -0.23711498
vn -0.003921509 -0.9999924 -0
vn -0.003921509 -0.9999924 -0
vn -0.003921509 -0.9999924 -0
vn 0.0039215684 -0.9999924 -0
vn -0.003921509 -0.9999924 -0
vn 0.0039215684 -0.9999924 -0
vn -0.08235228 -0.9921493 -0.09411645
vn -0.18431222 -0.96862006 -0.16674572
vn -0.003921509 -0.9999924 -0
vn -0.003921509 -0.9999924 -0
vn -0.003921509 -0.9999924 -0
vn -0.003921509 -0.9999924 -0
vn 0.0039215684 -0.9999924 -0
vn 0.0039215684 -0.9999924 -0
vn 0.0039215684 -0.9999924 -0
vn 0.0039215684 -0.9999924 -0
vn -0.003921509 -0.9999924 -0
vn -0.011763803 -0.99993086 -0
vn -0.22352767 -0.96862006 -0.108676314
vn -0.003921509 -0.9999924 -0
vn -0.003921509 -0.9999924 -0
vn -0.12156761 -0.9921493 -0.029344646
vn -0.003921509 -0.9999924 -0
vn -0.019604046 -0.9998079 -0
vn -0.14470576 -0.9894748 -0
vn -0.035272125 -0.9993777 -0
vn -0.2862723 -0.858817 -0.42483127
vn 0.0039215684 -0.9999924 -0
vn -0.003921509 -0.9999924 -0
vn 0.0039215684 -0.9999924 -0
vn 0.0039215684 -0.9999924 -0
vn -0.41176152 -0.7097985 -0.571523
vn -0.45882 -0.59215236 -0.66244984
vn -0.50587845 -0.46666312 -0.725474
vn -0.5215646 -0.4352908 -0.7338203
vn -0.098038435 -0.9921493 0.07764171
vn -0.098038435 -0.9921493 0.07764171
vn -0.098038435 -0.9921493 0.07764171
vn -0.098038435 -0.9921493 0.07764171
vn -0.098038435 -0.9921493 -0.07764171
vn 0.3019585 -0.7097985 -0.6364017
vn 0.3019585 -0.7097985 -0.6364017
vn 0.36470312 -0.7176416 -0.59328085
vn 0.32548773 -0.7097985 -0.624695
vn 0.46666312 -0.7097985 -0.52764726
vn 0.5686231 -0.7176416 -0.4020675
vn 0.552937 -0.7097985 -0.4364021
vn 0.62352467 -0.7097985 -0.32772413
vn 0.6705831 -0.73332775 -0.11202092
vn 0.6784262 -0.73332775 -0.0443658
vn 0.70195544 -0.7097985 -0.058690816
vn 0.70195544 -0.7097985 -0.058690816
vn 0.70195544 -0.70195544 0.12048692
vn 0.66274005 -0.7097985 0.23866653
vn 0.6078385 -0.7176416 0.33988664
vn 0.59215236 -0.70195544 0.39574507
vn 0.45097697 -0.7097985 0.5411154
vn 0.4352908 -0.7097985 0.5538122
vn 0.4039185 -0.7097985 0.5770926
vn 0.4039185 -0.7097985 0.5770926
vn 0.41960466 -0.4745062 -0.77380604
vn 0.41960466 -0.4745062 -0.77380604
vn 0.4352908 -0.46666312 -0.7699009
vn 0.5450939 -0.2705862 -0.79350847
vn 0.59999543 -0.15294003 -0.7852483
vn 0.5372508 0.019607663 -0.84319454
vn 0.63136774 0.02745068 -0.7749976
vn 0.6392108 0.050979972 -0.76733994
vn 0.098038495 0.02745068 -0.99480397
vn -0.08235228 0.003921509 -0.99659556
vn -0.13725376 0.043136835 -0.9895962
vn -0.5764661 0.003921509 -0.8171117
vn -0.5764661 0.003921509 -0.8171117
vn -0.5764661 0.003921509 -0.8171117
vn -0.5764661 0.003921509 -0.8171117
vn 0.41176158 -0.70195544 0.581129
vn 0.41960466 -0.70195544 0.57549155
vn 0.41176158 -0.70195544 0.581129
vn 0.4039185 -0.7097985 0.5770926
vn 0.2313708 -0.80391544 0.54789364
vn 0.41960466 -0.0039215684 -0.9076985
vn 0.41960466 -0.0039215684 -0.9076985
vn 0.41960466 -0.0039215684 -0.9076985
vn 0.4039185 0.003921509 -0.9147866
vn 0.30980158 -0.0039215684 -0.95079315
vn 0.0274508 0.019607663 -0.99943084
vn 0.42744774 -0.0039215684 -0.9040315
vn 0.41960466 -0.0039215684 -0.9076985
vn 0.41960466 -0.0039215684 -0.9076985
vn 0.41960466 0.003921509 -0.9076985
vn 0.59999543 0.003921509 -0.7999938
vn -0.23137069 0.7019553 0.6735921
vn -0.22352767 0.7176415 0.6595651
vn -0.22352767 0.70979846 0.66799814
vn -0.23137069 0.7019553 0.6735921
vn -0.23137069 0.7176415 0.65685487
vn -0.34117377 0.8352877 0.43115538
vn -0.50587845 0.003921509 -0.86259586
vn -0.5764661 0.003921509 -0.8171117
vn -0.5607799 -0.011764646 -0.82788134
vn -0.45097685 -0.011764646 -0.89245814
vn -0.3254876 0.003921509 -0.94553816
vn -0.23137069 -0.011764646 -0.97279453
vn -0.1450969 0.003921509 -0.9894097
vn -0.02745068 -0.0039215684 -0.9996155
vn 0.0274508 0.003921509 -0.9996155
vn 0.16862619 -0.0039215684 -0.98567224
vn 0.20784158 0.003921509 -0.97815466
vn 0.4039185 -0.0039215684 -0.9147866
vn 0.41176158 0.003921509 -0.91128314
vn 0.4431339 0.003921509 -0.8964469
vn 0.4431339 0.003921509 -0.8964469
vn 0.6470539 0.003921509 -0.7624342
vn 0.654897 0.003921509 -0.755708
vn 0.7803862 0.003921509 -0.6252855
vn 0.7803862 0.003921509 -0.6252855
vn 0.8901893 0.003921509 -0.455574
vn 0.89803237 -0.0039215684 -0.43991193
vn 0.96862006 0.003921509 -0.24851513
vn 0.97646314 -0.011764646 -0.2153633
vn 0.9921493 0.003921509 -0.124997616
vn 0.9921493 0.011764526 -0.12450453
vn 0.3333308 -0.48234928 -0.81008005
vn 0.3333308 -0.4745062 -0.814699
vn 0.3019585 -0.42744774 -0.8521206
vn 0.26274312 -0.2705862 -0.9261475
vn 0.17646927 -0.066666186 -0.98204595
vn 0.19215542 0.02745068 -0.9809805
vn 0.19215542 0.02745068 -0.9809805
vn 0.17646927 0.050979972 -0.9829851
vn -0.25489998 -0.70195544 0.6650448
vn -0.30195844 -0.70195544 0.64504236
vn -0.30980146 -0.70195544 0.6413124
vn -0.19999838 -0.7176416 0.6670766
vn -0.0901953 -0.7176416 0.6905471
vn 0.0274508 -0.72548467 0.6876907
vn 0.08235234 -0.7097985 0.69957423
vn 0.3725462 -0.7097985 0.5978256
vn 0.21568465 -0.7097985 0.67057157
vn 0.39607543 -0.7097985 0.5825035
vn 0.42744774 -0.7097985 0.5598879
vn 0.41960466 -0.7097985 0.5657897
vn 0.552937 -0.70195544 0.44890898
vn 0.6156816 -0.7176416 0.3254638
vn 0.6392108 -0.7097985 0.2959656
vn 0.69411236 -0.7097985 0.11997543
vn 0.69411236 -0.70195544 0.15958256
vn 0.70195544 -0.7097985 -0.058690816
vn 0.70195544 -0.7097985 -0.058690816
vn 0.7148765 -0.69925076 -0
vn -0.874503 -0.46666312 0.13217407
vn -0.86666 -0.4745062 0.154092
vn -0.874503 -0.4745062 0.10044065
vn -0.874503 -0.45882004 0.15725338
vn -0.874503 -0.41176158 0.25631398
vn 0.5764662 -0.0039215684 0.81711155
vn 0.5764662 -0.0039215684 0.81711155
vn 0.5686231 -0.0039215684 0.8225888
vn 0.552937 0.003921509 0.83321387
vn 0.38038927 -0.011764646 0.92475164
vn 0.035293877 0.011764526 0.9993077
vn 0.756857 0.64705384 0.09213503
vn 0.756857 0.6392107 0.13629827
vn 0.7411708 0.65489686 0.1475667
vn 0.7411708 0.65489686 0.1475667
vn 0.59215236 0.7176415 0.36653283
vn 0.552937 0.7490138 0.3650193
vn 0.96862006 0.08235228 -0.2345064
vn 0.96862006 0.05882299 -0.241485
vn 0.96862006 0.08235228 -0.2345064
vn 0.96862006 0.05882299 -0.241485
vn 0.97646314 0.12156761 -0.17816025
vn 0.96862006 0.1450969 -0.20179702
vn 0.9294047 0.35685992 -0.09411653
vn 0.5764662 -0.0039215684 0.81711155
vn 0.5764662 -0.0039215684 0.81711155
vn 0.5764662 -0.043136954 0.81598157
vn 0.5764662 -0.0039215684 0.81711155
vn 0.5764662 -0.05882311 0.81500095
vn 0.5058785 -0.4745062 0.7203685
vn 0.48234928 -0.5450939 0.6857199
vn 0.34901696 -0.7882293 0.50683504
vn 0.3019585 -0.858817 0.41382903
vn 0.035272185 -0.9993777 -0
vn 0.011763922 -0.99993086 -0
vn 0.011763922 -0.99993086 -0
vn 0.011763922 -0.99993086 -0
vn 0.121567726 -0.9921493 -0.029343631
vn 0.13703488 -0.99056625 -0
vn 0.09019542 -0.9921493 0.086628996
vn 0.0039215684 -0.9999924 -0
vn 0.0039215684 -0.9999924 -0
vn 0.0039215684 -0.9999924 -0
vn -0.003921509 -0.9999924 -0
vn -0.003921509 -0.9999924 -0
vn -0.003921509 -0.9999924 -0
vn 0.0039215684 -0.9999924 -0
vn 0.011763922 -0.99993086 -0
vn 0.0039215684 -0.9999924 -0
vn -0.003921509 -0.9999924 -0
vn 0.0039215684 -0.9999924 -0
vn -0.003921509 -0.9999924 -0
vn 0.0039215684 -0.9999924 -0
vn -0.011763803 -0.99993086 -0
vn -0.003921509 -0.9999924 -0
vn 0.0039215684 -0.9999924 -0
vn 0.0039215684 -0.9999924 -0
vn 0.0039215684 -0.9999924 -0
vn 0.1999985 -0.960777 0.19211493
vn 0.0039215684 -0.9999924 -0
vn 0.0039215684 -0.9999924 -0
vn 0.0039215684 -0.9999924 -0
vn 0.0039215684 -0.9999924 -0
vn 0.0039215684 -0.9999924 -0
vn -0.003921509 -0.9999924 -0
vn 0.0039215684 -0.9999924 -0
vn -0.003921509 -0.9999924 -0
vn -0.003921509 -0.9999924 -0
vn 0.0039215684 -0.9999924 -0
vn 0.011763922 -0.99993086 -0
vn 0.07450926 -0.96862006 0.23711498
vn 0.0039215684 -0.9999924 -0
vn 0.0039215684 -0.9999924 -0
vn 0.0039215684 -0.9999924 -0
vn 0.0039215684 -0.9999924 -0
vn 0.019604106 -0.9998079 -0
vn 0.26274312 -0.9529339 -0.15127146
vn 0.0039215684 -0.9999924 -0
vn 0.0039215684 -0.9999924 -0
vn -0.003921509 -0.9999924 -0
vn 0.019604106 -0.9998079 -0
vn 0.035272185 -0.9993777 -0
vn 0.16078311 -0.960777 0.2259566
vn 0.19215542 -0.93724775 0.29093462
vn -0.003921509 -0.9999924 -0
vn -0.043097086 -0.9990709 -0
vn -0.003921509 -0.9999924 -0
vn 0.0039215684 -0.9999924 -0
vn -0.035293818 -0.9921493 0.11997543
vn -0.02745068 -0.9843062 0.17432085
vn 0.7097985 -0.70195544 0.05869107
vn 0.70195544 -0.70195544 0.12048692
vn 0.69411236 -0.70195544 0.15958256
vn 0.69411236 -0.7097985 0.11997543
vn 0.6784262 -0.70195544 0.21678664
vn 0.6705831 -0.7097985 0.2156486
vn 0.6470539 -0.70195544 0.2976236
vn 0.6392108 -0.7097985 0.2959656
vn 0.66274005 -0.7176416 0.21393031
vn 0.654897 -0.7411708 0.1475662
vn 0.7097985 -0.70195544 -0.05869107
vn 0.59215236 -0.7411708 0.31626165
vn 0.63136774 -0.7176416 0.29387972
vn 0.62352467 -0.7097985 0.32772413
vn 0.654897 -0.70195544 0.27994376
vn 0.5764662 -0.7097985 0.40481204
vn 0.654897 -0.7097985 0.2594148
vn 0.5686231 -0.7097985 0.41575694
vn 0.6862693 -0.70195544 0.19050737
vn 0.52940774 -0.7097985 0.46466497
vn 0.6862693 -0.7097985 0.15880987
vn 0.52156466 -0.7097985 0.47345155
vn 0.70195544 -0.70195544 0.12048692
vn 0.70195544 -0.7097985 0.058690816
vn 0.7097985 -0.70195544 0.05869107
vn 0.7097985 -0.70195544 0.05869107
vn 0.7097985 -0.70195544 -0.05869107
vn 0.7097985 -0.70195544 -0.05869107
vn 0.69411236 -0.7097985 -0.11997543
vn 0.69411236 -0.70195544 -0.15958256
vn 0.46666312 -0.7097985 0.52764726
vn 0.46666312 -0.7097985 0.52764726
vn 0.4039185 -0.7097985 0.5770926
vn 0.4039185 -0.7097985 0.5770926
vn 0.3411739 -0.7097985 0.61626816
vn 0.3333308 -0.7097985 0.62054545
vn 0.2705862 -0.7097985 0.6503608
vn 0.26274312 -0.7097985 0.6535688
vn 0.19215542 -0.7097985 0.677689
vn 0.18431234 -0.7097985 0.679864
vn 0.13725388 -0.7097985 0.69090337
vn 0.10588157 -0.7176416 0.6883165
vn 0.05098003 -0.7097985 0.70255756
vn 0.011764646 -0.6784262 0.7345744
vn -0.050979972 -0.69411236 0.71805924
vn -0.05882299 -0.7097985 0.70194435
vn -0.13725376 -0.70195544 0.6988705
vn -0.1450969 -0.7097985 0.68929887
vn -0.22352767 -0.7097985 0.66799814
vn -0.22352767 -0.7097985 0.66799814
vn -0.30195844 -0.7097985 0.6364018
vn -0.30195844 -0.7097985 0.6364018
vn -0.37254608 -0.7097985 0.59782565
vn -0.37254608 -0.7097985 0.59782565
vn -0.4352907 -0.7097985 0.5538123
vn -0.44313383 -0.7097985 0.5475568
vn -0.4980353 -0.7097985 0.49814343
vn -0.50587845 -0.7097985 0.49017656
vn -0.5529369 -0.7097985 0.43640217
vn -0.5607799 -0.7097985 0.42627686
vn -0.5999954 -0.7097985 0.36904156
vn -0.6078384 -0.7097985 0.35597554
vn -0.6392107 -0.7097985 0.29596582
vn -0.64705384 -0.7097985 0.27840158
vn -0.670583 -0.7097985 0.21564901
vn -0.670583 -0.7097985 0.21564901
vn -0.68626916 -0.7097985 0.15881024
vn -0.6941123 -0.7097985 0.11997593
vn -0.7019553 -0.7097985 0.05869285
vn -0.7019553 -0.7097985 0.05869285
vn -0.70710677 -0.7071068 -0
vn -0.70710677 -0.7071068 -0
vn -0.6941123 -0.7097985 -0.11997593
vn -0.6941123 -0.7097985 -0.11997593
vn -0.68626916 -0.7097985 -0.15881024
vn -0.67842615 -0.7097985 -0.18953632
vn -0.62352455 -0.72548467 -0.29135737
vn -0.65489686 -0.7097985 -0.25941512
vn -0.62352455 -0.7097985 -0.3277243
vn -0.62352455 -0.7097985 -0.3277243
vn -0.47450614 -0.79607236 -0.37564975
vn -0.30980146 -0.8431308 -0.43949226
vn -0.30980146 -0.8431308 -0.43949226
vn -0.5843092 -0.7097985 -0.3934067
vn -0.5764661 -0.7097985 -0.4048122
vn -0.5294076 -0.7097985 -0.46466509
vn -0.5294076 -0.7097985 -0.46466509
vn -0.47450614 -0.7097985 -0.52060544
vn -0.466663 -0.7097985 -0.5276473
vn -0.4039184 -0.70195544 -0.58660764
vn -0.4039184 -0.70195544 -0.58660764
vn -0.33333075 -0.7097985 -0.6205455
vn -0.33333075 -0.7097985 -0.6205455
vn -0.262743 -0.7097985 -0.6535688
vn -0.262743 -0.7097985 -0.6535688
vn -0.18431222 -0.7097985 -0.679864
vn -0.1764692 -0.70195544 -0.69001245
vn -0.10588145 -0.7097985 -0.6964016
vn -0.098038435 -0.70195544 -0.705441
vn -0.02745068 -0.7097985 -0.7038697
vn -0.011764526 -0.70195544 -0.7121237
vn 0.05882311 -0.7097985 -0.70194435
vn 0.07450926 -0.7097985 -0.70045304
vn 0.14509696 -0.7097985 -0.68929887
vn 0.15294003 -0.70195544 -0.6956062
vn 0.22352773 -0.70195544 -0.6762351
vn 0.22352773 -0.70195544 -0.6762351
vn 0.3019585 -0.7097985 -0.6364017
vn 0.29411542 -0.7097985 -0.64006424
vn 0.3725462 -0.70195544 -0.60701555
vn 0.3725462 -0.7097985 -0.5978256
vn 0.4352908 -0.7097985 -0.5538122
vn 0.4352908 -0.7097985 -0.5538122
vn 0.49019235 -0.7097985 -0.50586313
vn 0.49803543 -0.7097985 -0.49814332
vn 0.52156466 -0.7097985 -0.47345155
vn 0.5372508 -0.72548467 -0.43015522
vn 0.5843093 -0.7097985 -0.39340663
vn 0.6392108 -0.6705831 -0.3764676
vn 0.6470539 -0.69411236 -0.3154826
vn 0.6392108 -0.70195544 -0.31411484
vn 0.6705831 -0.70195544 -0.23995167
vn 0.6705831 -0.70195544 -0.23995167
vn -0.99993086 -0.011763923 -0
vn -0.99999225 -0.0039215684 -0.00034425134
vn -0.99999225 -0.0039215684 -0.00034425134
vn -0.99999225 0.003921509 -0.00034492963
vn -0.99999225 -0.0039215684 -0.00034425134
vn -0.3176446 0.93724763 0.1437665
vn -0.38823223 0.8980323 0.20691462
vn -0.3254876 0.93724763 0.12499881
vn -0.39607537 0.8980323 0.19147381
vn -0.37254608 0.8980323 0.2339815
vn -0.37254608 0.8980323 0.2339815
vn -0.3490169 0.8980323 0.26781547
vn -0.3490169 0.8980323 0.26781547
vn -0.34117377 0.8980323 0.27773803
vn -0.34117377 0.8980323 0.27773803
vn -0.3490169 0.8980323 0.26781547
vn -0.86666 0.0901953 -0.49067837
vn -0.9215615 0.050979972 -0.3848707
vn -0.86666 0.0901953 -0.49067837
vn -0.88234615 0.08235228 -0.4633394
vn -0.9294046 0.043136835 -0.36653274
vn -0.91371846 0.02745068 -0.4054196
vn -0.91371846 0.02745068 -0.4054196
vn -0.67842615 0.65489686 -0.3329385
vn -0.67842615 0.65489686 -0.3329385
vn -0.67842615 0.65489686 -0.3329385
vn -0.67842615 0.65489686 -0.3329385
vn -0.70979846 -0.70195544 0.05869158
vn -0.7019553 -0.70195544 0.12048791
vn -0.70979846 -0.70195544 0.05869158
vn -0.7019553 -0.70195544 0.12048791
vn -0.62352455 -0.7803862 -0.04705838
vn -0.3176446 0.48234916 0.8163585
vn -0.27058613 0.5215646 0.8091684
vn -0.3254876 0.47450614 0.8178641
vn -0.33333075 0.466663 0.81921685
vn -0.3254876 0.466663 0.82236457
vn 0.4039185 -0.7097985 0.5770926
vn 0.26274312 -0.7097985 0.6535688
vn 0.4039185 -0.70195544 0.5866075
vn -0.24705684 -0.7176416 0.6511171
vn 0.4352908 -0.7882293 0.43499023
vn -0.25489998 -0.7097985 0.6566674
vn -0.3254876 -0.7097985 0.62469506
vn -0.30980146 -0.7097985 0.6326209
vn -0.53725076 -0.69411236 0.4791343
vn -0.30980146 0.8980323 -0.31234756
vn -0.30980146 0.8980323 -0.31234756
vn -0.30980146 0.8980323 -0.31234756
vn -0.30980146 0.8980323 -0.31234756
vn -0.59215224 0.53725076 -0.6005975
vn -0.59215224 0.5450938 -0.59348845
vn -0.59215224 0.5215646 -0.6142688
vn -0.59215224 0.5215646 -0.6142688
vn 0.0039215684 -0.9999924 -0
vn 0.0039215684 -0.9999924 -0
vn 0.0039215684 -0.9999924 -0
vn -0.003921509 -0.9999924 -0
vn -0.003921509 -0.9999924 -0
vn 0.0039215684 -0.9999924 -0
vn 0.0039215684 -0.9999924 -0
vn 0.0039215684 -0.9999924 -0
vn -0.003921509 -0.9999924 -0
vn -0.003921509 -0.9999924 -0
vn 0.0039215684 -0.9999924 -0
vn 0.0039215684 -0.9999924 -0
vn 0.0039215684 -0.9999924 -0
vn 0.027440673 -0.9996234 -0
vn -0.003921509 -0.9999924 -0
vn -0.003921509 -0.9999924 -0
vn -0.003921509 -0.9999924 -0
vn -0.003921509 -0.9999924 -0
vn -0.99999225 -0.0039215684 -0.00034425134
vn -0.99999225 -0.0039215684 -0.00034425134
vn -0.99999225 -0.0039215684 -0.00034425134
vn -0.99999225 0.003921509 -0.00034492963
vn 0.52156466 0.12156761 0.84450674
vn 0.52156466 0.12156761 0.84450674
vn 0.5137216 0.08235228 0.85399544
vn 0.5137216 0.08235228 0.85399544
vn 0.52156466 -0.0039215684 0.85320276
vn 0.52156466 -0.0039215684 0.85320276
vn 0.22352773 0.8980323 0.37891066
vn 0.22352773 0.8980323 0.37891066
vn 0.22352773 0.8980323 0.37891066
vn 0.22352773 0.8980323 0.37891066
vn 0.9999924 -0.0039215684 -0
vn 0.9999924 -0.0039215684 -0
vn 0.9999924 -0.0039215684 -0
vn 0.9999924 -0.0039215684 -0
vn 0.6862693 0.066666126 0.72428596
vn 0.6862693 0.08235228 0.7226705
vn 0.6862693 0.08235228 0.7226705
vn 0.6862693 0.066666126 0.72428596
vn 0.6862693 0.003921509 0.727337
vn 0.6862693 0.003921509 0.727337
vn 0.27842927 0.6392107 0.716859
vn 0.24705696 0.65489686 0.71419394
vn 0.27842927 0.6392107 0.716859
vn 0.23921388 0.66274 0.7096143
vn -0.003921509 0.7176415 0.6964017
vn -0.011764526 0.7176415 0.6963134
vn 0.41176158 0.70979846 0.571523
vn 0.45097697 0.70979846 0.5411154
vn 0.41176158 0.7019553 0.5811292
vn 0.45882004 0.7176415 0.5239035
vn 0.59215236 0.7019553 0.39574528
vn 0.62352467 0.7176415 0.31017372
vn 0.66274005 0.7019553 0.260834
vn 0.6862693 0.70979846 0.15881005
vn 0.69411236 0.70979846 0.11997568
vn 0.70195544 0.70979846 -0.058691327
vn 0.70195544 0.70979846 -0.058691327
vn 0.70195544 0.70979846 -0.058691327
vn 0.70195544 0.70979846 -0.058691327
vn 0.6705831 0.7019553 -0.23995204
vn 0.6156816 0.7176415 -0.3254641
vn 0.59215236 0.7019553 -0.39574528
vn 0.5058785 0.70979846 -0.49017656
vn 0.48234928 0.7019553 -0.5240209
vn 0.3333308 0.70979846 -0.6205455
vn 0.32548773 0.70979846 -0.62469506
vn 0.3019585 0.7019553 -0.6450425
vn 0.3019585 0.7019553 -0.6450425
vn 0.41960466 0.003921509 -0.9076985
vn 0.41960466 -0.0039215684 -0.9076985
vn 0.41960466 -0.0039215684 -0.9076985
vn 0.41960466 0.003921509 -0.9076985
vn -0.5764661 -0.0039215684 -0.8171117
vn -0.5764661 -0.0039215684 -0.8171117
vn -0.5764661 -0.0039215684 -0.8171117
vn -0.5843092 0.003921509 -0.81152165
vn -0.81960154 -0.011764646 -0.57281315
vn -0.86666 0.003921509 -0.49888384
vn -0.88234615 -0.011764646 -0.47045392
vn -0.8352877 -0.011764646 -0.54968727
vn -0.82744455 0.02745068 -0.5608761
vn 0.011763922 -0.99993086 -0
vn 0.019604106 -0.9998079 -0
vn -0.003921509 -0.9999924 -0
vn -0.003921509 -0.9999924 -0
vn -0.011763803 -0.99993086 -0
vn -0.003921509 -0.9999924 -0
vn -0.003921509 -0.9999924 -0
vn -0.003921509 -0.9999924 -0
vn -0.003921509 -0.9999924 -0
vn -0.27842915 -0.9137185 0.2959656
vn -0.12941074 -0.9843062 0.11997568
vn -0.23137069 -0.70195544 -0.673592
vn -0.27058613 -0.70195544 -0.6588184
vn -0.27058613 -0.70195544 -0.6588184
vn -0.21568453 -0.7097985 -0.67057157
vn -0.15293992 -0.70195544 -0.6956062
vn -0.13725376 -0.7097985 -0.69090337
vn -0.066666126 -0.70195544 -0.7090939
vn -0.05882299 -0.7097985 -0.70194435
vn -0.1450969 -0.7176416 -0.6811295
vn -0.21568453 -0.73332775 -0.64475626
vn -0.39607537 -0.70195544 -0.59193146
vn -0.35685992 -0.7803862 -0.51346695
vn 0.5764662 0.003921509 0.81711155
vn 0.5764662 0.003921509 0.81711155
vn 0.5764662 -0.0039215684 0.81711155
vn 0.5764662 -0.0039215684 0.81711155
vn -0.42744768 0.003921509 0.9040316
vn -0.41960454 -0.0039215684 0.9076986
vn -0.42744768 -0.0039215684 0.9040316
vn -0.41960454 -0.0039215684 0.9076986
vn 0.9999924 -0.0039215684 -0
vn 0.9999924 -0.0039215684 -0
vn 0.9999924 -0.0039215684 -0
vn 0.9999924 -0.0039215684 -0
vn 0.17646927 0.019607663 0.98411083
vn 0.18431234 -0.0039215684 0.9828599
vn 0.18431234 -0.0039215684 0.9828599
vn 0.18431234 0.011764526 0.9827973
vn 0.19215542 -0.0039215684 0.9813567
vn 0.15294003 0.20784152 0.9661321
vn 0.1294108 0.24705684 0.96032065
vn 0.066666186 0.41960454 0.9052556
vn 0.05098003 0.4352907 0.89884543
vn -0.011764526 0.466663 0.8843569
vn -0.035293818 0.47450614 0.8795443
vn -0.15293992 0.59215224 0.7911796
vn -0.262743 0.6392107 0.72275573
vn -0.34117377 0.68626916 0.6423668
vn -0.48234916 0.70979846 0.51334727
vn -0.4980353 0.7176415 0.48677668
vn -0.5764661 0.70979846 0.40481225
vn -0.5607799 0.70979846 0.42627695
vn -0.59215224 0.70979846 0.38149956
vn -0.6392107 0.70979846 0.2959659
vn -0.64705384 0.7176415 0.25751132
vn -0.76338625 0.6459423 -0
vn -0.7176415 0.6941123 0.05655822
vn -0.8039154 0.5843092 -0.11091806
vn -0.8352877 0.47450614 -0.27773803
vn -0.8352877 0.466663 -0.29072347
vn -0.8352877 0.41960454 -0.35528374
vn -0.8352877 0.39607537 -0.38133815
vn -0.86666 0.050979972 -0.49628773
vn -0.85881686 0.035293818 -0.5110655
vn -0.85881686 -0.0039215684 -0.5122677
vn -0.86666 0.003921509 -0.49888384
vn -0.8352877 -0.0039215684 -0.54979914
vn -0.262743 0.8901892 0.37219533
vn -0.262743 0.8901892 0.37219533
vn -0.25489998 0.8901892 0.37760988
vn -0.25489998 0.9294046 0.26689517
vn -0.24705684 0.93724763 0.24602811
vn 0.94509083 0.011764526 -0.32659593
vn 0.9215616 0.011764526 -0.3880539
vn 0.93724775 0.003921509 -0.34864205
vn 0.90587544 0.003921509 -0.42352602
vn 0.8823462 0.003921509 -0.4705845
vn 0.87450314 0.02745068 -0.48424244
vn 0.8431308 -0.0039215684 -0.53769416
vn 0.8196016 0.003921509 -0.57292044
vn 0.79607236 -0.0039215684 -0.6051888
vn 0.77254313 0.42744768 -0.46953762
vn 0.70195544 0.64705384 -0.2976237
vn 0.69411236 0.64705384 -0.31548274
vn 0.7097985 0.64705384 -0.27840152
vn 0.756857 0.003921509 -0.6535688
vn 0.7490139 0.003921509 -0.6625427
vn 0.7097985 0.003921509 -0.70439386
vn 0.6862693 0.011764526 -0.7272524
vn 0.6470539 0.003921509 -0.7624342
vn 0.62352467 0.019607663 -0.7815578
vn -0.7019553 0.7019553 0.12048865
vn -0.7019553 0.7019553 0.12048865
vn -0.7019553 0.70979846 0.058693357
vn -0.70979846 0.7019553 0.058693103
vn 0.84909564 0.52823913 -0
vn 0.8509739 0.5215646 0.061755996
vn 0.8509739 0.5215646 0.061755996
vn 0.8509739 0.5215646 0.061755996
vn 0.5764662 -0.0039215684 0.81711155
vn 0.5764662 -0.0039215684 0.81711155
vn 0.5764662 -0.0039215684 0.81711155
vn 0.5764662 -0.0039215684 0.81711155
vn 0.52156466 0.27842915 0.80650324
vn 0.043136954 0.59215224 -0.8046707
vn 0.035293877 0.5999954 -0.79922456
vn 0.019607723 0.6392107 -0.76878166
vn -0.003921509 0.68626916 -0.72733706
vn -0.1450969 0.9843061 0.10044095
vn -0.1450969 0.9843061 0.10044095
vn -0.13725376 0.9843061 0.1109186
vn -0.13725376 0.9843061 0.1109186
vn 0.16078311 0.70979846 0.68580973
vn 0.30980158 0.70979846 0.6326209
vn 0.16078311 0.70979846 0.68580973
vn 0.30980158 0.70979846 0.6326209
vn 0.39607543 0.70979846 0.58250356
vn 0.3725462 0.70979846 0.59782565
vn 0.10588157 0.7019553 0.7043066
vn -0.5764661 -0.0039215684 -0.8171117
vn -0.5764661 -0.0039215684 -0.8171117
vn -0.5764661 0.003921509 -0.8171117
vn -0.5764661 -0.0039215684 -0.8171117
vn -0.003921509 0.99999225 -0.00034526698
vn 0.0039215684 0.99999225 -0.00034526698
vn -0.003921509 0.99999225 -0.00034526698
vn -0.003921509 0.99999225 -0.00034526698
vn 0.0039215684 0.99999225 -0.00034526698
vn 0.16078311 0.9764631 -0.14376608
vn -0.003921509 0.99999225 -0.00034526698
vn -0.003921509 0.99999225 -0.00034526698
vn -0.003921509 0.99999225 -0.00034526698
vn -0.003921509 0.99999225 -0.00034526698
vn -0.003921509 0.99999225 -0.00034526698
vn 0.0039215684 0.99999225 -0.00034526698
vn 0.0039215684 0.99999225 -0.00034526698
vn -0.003921509 0.99999225 -0.00034526698
vn -0.003921509 0.99999225 -0.00034526698
vn 0.16078311 0.9843061 0.072734654
vn -0.0901953 -0.70195544 -0.70648664
vn 0.019607723 -0.7097985 -0.70413184
vn 0.10588157 -0.6862693 -0.7195996
vn -0.44313383 -0.7176416 -0.5372364
vn -0.4901923 -0.70195544 -0.51669145
vn -0.4980353 -0.7097985 -0.49814343
vn -0.4980353 -0.7097985 -0.49814343
vn -0.4352907 -0.7097985 -0.5538123
vn -0.4352907 -0.7097985 -0.5538123
vn -0.37254608 -0.70195544 -0.6070156
vn -0.37254608 -0.70195544 -0.6070156
vn -0.30980146 -0.7097985 -0.6326209
vn -0.30195844 -0.7097985 -0.6364018
vn -0.34117377 -0.7097985 -0.6162682
vn -0.34117377 -0.7097985 -0.6162682
vn -0.64705384 -0.7097985 -0.27840158
vn -0.6392107 -0.7176416 -0.2764059
vn -0.7176415 -0.6862693 -0.11842796
vn 0.5450939 0.003921509 0.83836585
vn 0.5686231 -0.0039215684 0.8225888
vn 0.5686231 -0.0039215684 0.8225888
vn 0.5372508 0.003921509 0.8434134
vn 0.38038927 0.003921509 0.92481816
vn 0.3333308 -0.0039215684 0.9428018
vn 0.1999985 0.003921509 0.97978836
vn 0.14509696 -0.0039215684 0.9894097
vn 0.0274508 0.011764526 0.9995539
vn -0.02745068 -0.0039215684 0.9996155
vn -0.16862607 0.003921509 0.9856723
vn -0.19999838 -0.0039215684 0.97978836
vn -0.41176152 0.003921509 0.9112832
vn -0.41176152 0.003921509 0.9112832
vn -0.4352907 -0.0039215684 0.9002814
vn -0.4352907 -0.0039215684 0.9002814
vn -0.66274 0.003921509 0.7488393
vn -0.670583 -0.0039215684 0.74182415
vn -0.81960154 0.003921509 0.57292056
vn -0.82744455 -0.0039215684 0.56153375
vn -0.9294046 0.003921509 0.36904156
vn -0.9294046 -0.0039215684 0.36904156
vn -0.99214923 0.003921509 0.12499809
vn -0.99214923 0.003921509 0.12499809
vn -0.99999225 -0.0039215684 -0.00034425134
vn -0.99999225 -0.0039215684 -0.00034425134
vn 0.38038927 0.7176415 0.58334786
vn 0.4039185 0.70979846 0.57709265
vn 0.41176158 0.7019553 0.5811292
vn 0.3333308 0.7254846 0.6021318
vn 0.25490004 0.70979846 0.6566674
vn 0.15294003 0.70979846 0.68760127
vn 0.043136954 0.7176415 0.69507545
vn 0.011764646 0.7019553 0.7121239
vn -0.11372459 0.70979846 0.6951639
vn -0.27842915 0.70979846 0.647042
vn -0.2941153 0.70979846 0.6400643
vn -0.30980146 0.70979846 0.6326209
vn -0.30980146 0.70979846 0.6326209
vn -0.47450614 0.7019553 0.5311334
vn -0.53725076 0.7176415 0.44311664
vn -0.5764661 0.70979846 0.40481225
vn -0.64705384 0.70979846 0.27840167
vn -0.65489686 0.70979846 0.25941524
vn -0.7019553 0.70979846 0.058693357
vn -0.7019553 0.70979846 0.058693357
vn -0.70979846 0.7019553 0.058693103
vn -0.70979846 0.7019553 0.058693103
vn 0.09019542 0.99214923 -0.08662968
vn 0.09019542 0.99214923 -0.08662968
vn 0.098038495 0.99214923 -0.07764248
vn 0.11372465 0.99214923 -0.05202487
vn 0.10588157 0.99214923 -0.066550605
vn 0.066666186 0.99214923 -0.10580898
vn 0.11372465 0.99214923 -0.05202487
vn 0.121567726 0.99214923 -0.029345663
vn 0.10588157 0.99214923 -0.066550605
vn 0.098038495 0.99214923 0.07764248
vn 0.098038495 0.99214923 0.07764248
vn 0.10588157 0.99214923 0.066550605
vn 0.10588157 0.99214923 0.066550605
vn 0.098038495 0.99214923 0.07764248
vn 0.098038495 0.99214923 0.07764248
vn 0.09019542 0.99214923 0.08662968
vn 0.098038495 0.99214923 0.07764248
vn 0.011763923 0.99993086 -0
vn 0.11372465 0.99214923 0.05202487
vn 0.10588157 0.99214923 0.066550605
vn 0.08235234 0.99214923 -0.09411676
vn 0.05098003 0.99214923 -0.11419702
vn 0.0039215684 0.9764631 -0.21564901
vn 0.41960466 -0.0039215684 -0.9076985
vn 0.45882004 -0.0039215684 -0.88852054
vn 0.42744774 -0.0039215684 -0.9040315
vn 0.46666312 0.003921509 -0.8844265
vn 0.6470539 0.003921509 -0.7624342
vn 0.6784262 0.011764526 -0.7345744
vn 0.7803862 -0.0039215684 -0.6252855
vn 0.83528775 0.011764526 -0.54968715
vn 0.90587544 -0.011764646 -0.42338073
vn 0.94509083 0.003921509 -0.32678422
vn 0.9921493 -0.0274508 -0.122009166
vn 0.9921493 -0.0274508 -0.122009166
vn 0.9999924 -0.0039215684 -0
vn 0.9999924 0.003921509 -0
vn 0.9921493 -0.0039215684 0.12499761
vn 0.9843062 0.003921509 0.17642535
vn 0.93724775 -0.0039215684 0.34864205
vn 0.9294047 0.003921509 0.36904138
vn 0.83528775 0.003921509 0.549799
vn 0.8431308 -0.0039215684 0.53769416
vn 0.6392108 0.003921509 0.7690216
vn 0.6392108 0.003921509 0.7690216
vn 0.5764662 -0.0039215684 0.81711155
vn 0.5764662 -0.0039215684 0.81711155
vn -0.5607799 -0.49019235 -0.66726106
vn -0.5529369 -0.49019235 -0.6737746
vn -0.5607799 -0.49019235 -0.66726106
vn -0.5607799 -0.49019235 -0.66726106
vn -0.066666126 -0.6705831 -0.7388328
vn -0.066666126 -0.6705831 -0.7388328
vn -0.05882299 -0.66274005 -0.74653566
vn -0.05882299 -0.66274005 -0.74653566
vn -0.41960454 0.466663 0.7785613
vn -0.41176152 0.45882 0.78736055
vn -0.41176152 0.45882 0.78736055
vn -0.41960454 0.466663 0.7785613
vn 0.6784262 -0.66274005 0.31703866
vn 0.6784262 -0.66274005 0.31703866
vn 0.6784262 -0.66274005 0.31703866
vn 0.6862693 -0.654897 0.31645608
vn 0.87450314 -0.4745062 -0.100439765
vn 0.86666006 -0.48234928 -0.12743439
vn 0.86666006 -0.48234928 -0.12743439
vn 0.87450314 -0.46666312 -0.1321734
vn -0.2941153 -0.48234928 0.8251275
vn -0.30195844 -0.48234928 0.82228965
vn -0.30980146 -0.48234928 0.819367
vn -0.2941153 -0.48234928 0.8251275
vn -0.6156815 -0.6705831 0.41382912
vn -0.6078384 -0.6705831 0.42526552
vn -0.6156815 -0.66274005 0.4262768
vn -0.6156815 -0.66274005 0.4262768
vn 0.011764646 -0.9921493 0.12450454
vn 0.0274508 -0.9921493 0.12200926
vn 0.019607723 -0.9921493 0.12351248
vn 0.08235234 -0.9921493 0.09411613
vn 0.2231437 -0.9747855 -0
vn 0.5372508 -0.48234928 0.691882
vn 0.5843093 -0.42744774 0.6898341
vn 0.5372508 -0.48234928 0.691882
vn 0.6784262 -0.23921388 0.6946327
vn 0.77254313 -0.035293877 0.63398063
vn 0.756857 0.02745068 0.6530038
vn 0.7490139 0.011764526 0.66244984
vn 0.76470006 0.043136835 0.64294094
vn 0.32548773 0.47450614 -0.8178641
vn 0.32548773 0.47450614 -0.8178641
vn 0.3333308 0.47450614 -0.814699
vn 0.3333308 0.466663 -0.81921685
vn 0.88072234 0.47363284 -0
vn 0.88072234 0.47363284 -0
vn 0.88072234 0.47363284 -0
vn 0.87450314 0.48234916 -0.050828766
vn 0.80391544 0.59215224 -0.055458896
vn 0.6078385 -0.66274005 -0.43738773
vn 0.6156816 -0.66274005 -0.42627665
vn 0.6078385 -0.66274005 -0.43738773
vn 0.6156816 -0.654897 -0.43823066
vn 0.88072234 -0.4736329 -0
vn 0.88072234 -0.4736329 -0
vn 0.88072234 -0.4736329 -0
vn 0.8823462 -0.46666312 -0.06075117
vn 0.29411542 -0.7097985 -0.64006424
vn 0.29411542 -0.70195544 -0.6486561
vn 0.10588157 -0.7176416 -0.6883165
vn -0.3490169 -0.7176416 -0.6026423
vn 0.35686004 -0.79607236 -0.48879418
vn -0.37254608 -0.7097985 -0.59782565
vn -0.41176152 -0.7097985 -0.571523
vn -0.42744768 -0.7097985 -0.559888
vn -0.62352455 -0.70195544 -0.344203
vn -0.003921509 -0.9999924 -0
vn -0.003921509 -0.9999924 -0
vn -0.003921509 -0.9999924 -0
vn -0.003921509 -0.9999924 -0
vn 0.0039215684 -0.9999924 -0
vn 0.0039215684 -0.9999924 -0
vn 0.0039215684 -0.9999924 -0
vn 0.0039215684 -0.9999924 -0
vn -0.003921509 -0.9999924 -0
vn 0.0039215684 -0.9999924 -0
vn -0.011763803 -0.99993086 -0
vn 0.0039215684 -0.9999924 -0
vn 0.0039215684 -0.9999924 -0
vn 0.0039215684 -0.9999924 -0
vn -0.20784152 0.0901953 -0.9739952
vn -0.20784152 0.05882299 -0.9763922
vn -0.20784152 0.0901953 -0.9739952
vn -0.20784152 0.05882299 -0.9763922
vn -0.20784152 0.003921509 -0.97815466
vn -0.19999838 0.003921509 -0.97978836
vn -0.18431222 0.003921509 -0.9828599
vn -0.18431222 0.003921509 -0.9828599
vn -0.1764692 0.019607663 -0.98411083
vn -0.18431222 0.003921509 -0.9828599
vn -0.1764692 0.035293818 -0.98367316
vn -0.08235228 0.33333075 -0.9392064
vn -0.1450969 0.27058613 -0.9516985
vn -0.019607663 0.42744768 -0.9038274
vn -0.019607663 0.45097685 -0.8923203
vn 0.0274508 0.48234916 -0.87554884
vn 0.10588157 0.53725076 -0.8367501
vn 0.18431234 0.6313677 -0.7532621
vn 0.3333308 0.67842615 -0.6546973
vn 0.30980158 0.670583 -0.67404854
vn 0.49019235 0.7176415 -0.4946738
vn 0.49803543 0.7176415 -0.48677656
vn 0.5764662 0.70979846 -0.4048121
vn 0.5686231 0.7019553 -0.42886654
vn 0.59999543 0.7176415 -0.353548
vn 0.6392108 0.7176415 -0.27640602
vn 0.6862693 0.7019553 -0.19050784
vn 0.73332775 0.67842615 -0.044366807
vn 0.77254313 0.6313677 0.0674679
vn 0.7882293 0.5999954 0.13674851
vn 0.8431308 0.47450614 0.25293142
vn 0.83528775 0.45882 0.30294982
vn 0.8431308 0.39607537 0.36366838
vn 0.8274447 0.41960454 0.37318543
vn 0.858817 0.19999838 0.47162914
vn 0.86666006 0.035293818 0.4976492
vn 0.858817 0.011764526 0.5121474
vn 0.858817 -0.0039215684 0.51226753
vn 0.86666006 0.003921509 0.49888372
vn 0.8431308 -0.0039215684 0.53769416
vn 0.70195544 0.70979846 0.058691327
vn 0.7071068 0.70710677 -0
vn 0.7097985 0.7019553 0.058692593
vn 0.70195544 0.70979846 0.058691327
vn 0.7071068 0.70710677 -0
vn 0.41960466 0.86666 -0.26987478
vn 0.7097985 0.7019553 0.058692593
vn 0.7176416 -0.69411236 0.05655585
vn 0.72548467 -0.6862693 0.05202344
vn 0.7097985 -0.70195544 0.05869107
vn 0.7097985 -0.70195544 0.05869107
vn 0.0039215684 -0.9999924 -0
vn 0.0039215684 -0.9999924 -0
vn 0.0039215684 -0.9999924 -0
vn -0.003921509 -0.9999924 -0
vn 0.0039215684 -0.9999924 -0
vn 0.0039215684 -0.9999924 -0
vn -0.011763803 -0.99993086 -0
vn -0.13703476 -0.99056625 -0
vn 0.0039215684 -0.9999924 -0
vn 0.0039215684 -0.9999924 -0
vn 0.0039215684 -0.9999924 -0
vn -0.003921509 -0.9999924 -0
vn 0.035293877 -0.9843062 0.17290345
vn -0.003921509 -0.9999924 -0
vn -0.003921509 -0.9999924 -0
vn -0.003921509 -0.9999924 -0
vn 0.07450926 -0.6784262 0.73088044
vn 0.07450926 -0.6784262 0.73088044
vn 0.07450926 -0.6784262 0.73088044
vn 0.07450926 -0.6784262 0.73088044
vn -0.003921509 0.99999225 -0.00034526698
vn 0.027440675 0.9996234 -0
vn -0.003921509 0.99999225 -0.00034526698
vn -0.003921509 0.99999225 -0.00034526698
vn -0.003921509 0.99999225 -0.00034526698
vn -0.027440555 0.9996234 -0
vn 0.0039215684 0.99999225 -0.00034526698
vn -0.003921509 0.99999225 -0.00034526698
vn 0.0039215684 0.99999225 -0.00034526698
vn 0.03527219 0.9993777 -0
vn 0.0039215684 0.99999225 -0.00034526698
vn 0.0039215684 0.99999225 -0.00034526698
vn 0.0039215684 0.99999225 -0.00034526698
vn -0.003921509 0.99999225 -0.00034526698
vn -0.05882299 0.9843061 0.16637713
vn 0.41960466 0.6392107 -0.64447004
vn 0.41960466 0.6392107 -0.64447004
vn 0.3725462 0.66274 -0.6496037
vn 0.3725462 0.65489686 -0.65751004
vn 0.14509696 0.7254846 -0.6727696
vn 0.16862619 0.7490138 -0.64073676
vn 0.8196016 0.05882299 -0.5699062
vn 0.8117585 0.08235228 -0.5781576
vn 0.8117585 0.08235228 -0.5781576
vn 0.8196016 0.05882299 -0.5699062
vn 0.8196016 -0.0039215684 -0.57292044
vn 0.8196016 -0.0039215684 -0.57292044
vn 0.4745062 -0.7176416 -0.5097396
vn 0.30980158 -0.70195544 -0.64131236
vn 0.3019585 -0.7097985 -0.6364017
vn 0.6784262 -0.72548467 -0.11580092
vn 0.121567726 -0.80391544 -0.5821866
vn 0.70195544 -0.7097985 -0.058690816
vn 0.70195544 -0.7097985 -0.058690816
vn 0.70195544 -0.7097985 -0.058690816
vn 0.6784262 -0.69411236 0.24071956
vn 0.0039215684 -0.9999924 -0
vn 0.0039215684 -0.9999924 -0
vn -0.003921509 -0.9999924 -0
vn 0.0039215684 -0.9999924 -0
vn 0.0039215684 -0.9999924 -0
vn -0.003921509 -0.9999924 -0
vn -0.003921509 -0.9999924 -0
vn 0.0039215684 -0.9999924 -0
vn -0.08235228 -0.9921493 0.09411645
vn -0.003921509 -0.9999924 -0
vn -0.011763803 -0.99993086 -0
vn 0.0039215684 -0.9999924 -0
vn 0.0039215684 -0.9999924 -0
vn 0.0039215684 -0.9999924 -0
vn -0.0901953 -0.9921493 -0.086628996
vn 0.46666312 0.5450938 -0.69649
vn 0.46666312 0.53725076 -0.70255756
vn 0.45882004 0.5294076 -0.71359074
vn 0.45882004 0.5215646 -0.7193431
vn 0.49019235 0.7176415 -0.4946738
vn 0.49803543 0.7176415 -0.48677656
vn 0.3411739 0.66274 -0.66661537
vn 0.3333308 0.65489686 -0.6782335
vn 0.30980158 0.64705384 -0.6966666
vn 0.30980158 0.64705384 -0.6966666
vn 0.69411236 0.70979846 -0.11997568
vn 0.69411236 0.70979846 -0.11997568
vn 0.69411236 0.7019553 -0.1595831
vn 0.6862693 0.7176415 -0.11842809
vn -0.41960454 0.6392107 0.6444701
vn -0.41960454 0.6392107 0.6444701
vn -0.37254608 0.65489686 0.65751004
vn -0.37254608 0.66274 0.6496038
vn -0.2862723 0.74117076 0.6072183
vn -0.23921382 0.7568569 0.6082305
vn -0.53725076 0.7254846 0.4301555
vn -0.44313383 0.81960154 0.36316073
vn -0.81960154 0.05882299 0.5699063
vn -0.8117584 0.08235228 0.5781578
vn -0.8117584 0.08235228 0.5781578
vn -0.81960154 0.066666126 0.56904215
vn -0.8117584 0.003921509 0.58398026
vn -0.8039154 0.011764526 0.5946273
vn 0.16862619 0.08235228 -0.9822338
vn 0.16862619 0.066666126 -0.983423
vn 0.16862619 0.08235228 -0.9822338
vn 0.16862619 0.066666126 -0.983423
vn 0.16078311 0.003921509 -0.986982
vn 0.16078311 0.003921509 -0.986982
vn 0.41960466 0.65489686 -0.6285237
vn 0.39607543 0.6392107 -0.6591919
vn 0.39607543 0.6392107 -0.6591919
vn 0.42744774 0.65489686 -0.6232163
vn 0.552937 0.7254846 -0.40979606
vn 0.552937 0.7333276 -0.3955898
vn 0.38038927 -0.0039215684 -0.92481816
vn 0.41960466 -0.0039215684 -0.9076985
vn 0.41960466 -0.011764646 -0.90763074
vn 0.38038927 -0.0039215684 -0.92481816
vn 0.14509696 0.003921509 -0.9894097
vn 0.16078311 -0.0039215684 -0.986982
vn -0.019607663 -0.0039215684 -0.9998001
vn -0.0901953 0.011764526 -0.9958546
vn -0.19999838 -0.0039215684 -0.97978836
vn -0.3176446 0.011764526 -0.94813687
vn -0.37254608 -0.0039215684 -0.9280054
vn -0.5607799 0.003921509 -0.8279556
vn -0.56862307 0.003921509 -0.82258886
vn -0.5843092 -0.0039215684 -0.81152165
vn -0.5843092 -0.0039215684 -0.81152165
vn -0.7882292 -0.0039215684 -0.61536926
vn -0.7725431 0.003921509 -0.6349503
vn -0.874503 0.003921509 -0.4850042
vn -0.9058753 -0.011764646 -0.42338103
vn -0.9607769 0.011764526 -0.27707273
vn -0.9764631 -0.011764646 -0.21536358
vn -0.99999225 0.003921509 -0.00034492963
vn -0.99999225 -0.0039215684 -0.00034425134
vn -0.99999225 -0.0039215684 -0.00034425134
vn -0.99999225 -0.0039215684 -0.00034425134
vn -0.99214923 -0.0039215684 0.124998085
vn -0.99214923 0.003921509 0.12499809
vn -0.99214923 -0.0039215684 0.124998085
vn -0.99214923 0.003921509 0.12499809
vn -0.86666 0.003921509 0.49888384
vn -0.7882292 0.011764526 0.6152693
vn 0.121567726 0.70979846 -0.69383526
vn 0.27842927 0.70979846 -0.6470419
vn 0.2705862 0.70979846 -0.6503608
vn -0.3254876 0.7254846 -0.60640734
vn -0.3803892 0.70979846 -0.59286606
vn -0.41960454 0.70979846 -0.5657899
vn -0.41176152 0.70979846 -0.571523
vn -0.5999954 0.67842615 -0.42396173
vn -0.99214923 0.08235228 -0.09411696
vn -0.99214923 0.08235228 -0.09411696
vn -0.9977852 0.06651899 -0
vn -0.9982743 0.058721937 -0
vn -0.99999225 0.003921509 -0.00034492963
vn -0.99999225 0.003921509 -0.00034492963
vn -0.7254846 0.6392107 0.2551113
vn -0.7254846 0.6392107 0.2551113
vn -0.70979846 0.65489686 0.25941518
vn -0.7019553 0.65489686 0.27994442
vn -0.53725076 0.7176415 0.44311664
vn -0.53725076 0.7176415 0.44311664
vn -0.67842615 -0.6705831 -0.30009368
vn -0.67842615 -0.66274005 -0.31703877
vn -0.67842615 -0.66274005 -0.31703877
vn -0.68626916 -0.654897 -0.31645626
vn -0.45882 -0.4745062 -0.7512177
vn -0.45882 -0.4745062 -0.7512177
vn -0.45882 -0.4745062 -0.7512177
vn -0.45882 -0.48234928 -0.746206
vn -0.20784152 0.66274 0.71942866
vn -0.24705684 0.6392107 0.72826684
vn -0.24705684 0.6392107 0.72826684
vn -0.20784152 0.66274 0.71942866
vn 0.05098003 0.7176415 0.6945443
vn 0.05882311 0.7176415 0.693924
vn -0.64705384 0.05882299 0.76017183
vn -0.64705384 0.08235228 0.7579838
vn -0.64705384 0.08235228 0.7579838
vn -0.64705384 0.05882299 0.76017183
vn -0.64705384 0.098038435 0.75611496
vn -0.6392107 0.16862607 0.75031656
vn -0.59215224 0.37254608 0.71453846
vn -0.33333075 0.08235228 -0.9392064
vn -0.33333075 0.05882299 -0.94097316
vn -0.33333075 0.08235228 -0.9392064
vn -0.33333075 0.05882299 -0.94097316
vn -0.34117377 0.16862607 -0.9247517
vn -0.34117377 0.0901953 -0.935663
vn -0.3176446 0.3803892 -0.86856544
vn -0.50587845 0.6392107 -0.5792207
vn -0.50587845 0.6392107 -0.5792207
vn -0.5215646 0.66274 -0.53735095
vn -0.5294076 0.65489686 -0.5392937
vn -0.4901923 0.74117076 -0.45866916
vn -0.4980353 0.7568569 -0.42323565
vn -0.27058613 0.70979846 -0.6503609
vn -0.42744768 0.8980323 0.104050316
vn -0.42744768 0.8980323 0.104050316
vn -0.42744768 0.8980323 0.104050316
vn -0.42744768 0.8980323 0.104050316
vn -0.7725431 0.08235228 -0.62959933
vn -0.7725431 0.05882299 -0.63223183
vn -0.7725431 0.08235228 -0.62959933
vn -0.7725431 0.05882299 -0.63223183
vn -0.7490138 0.11372459 -0.6527213
vn -0.7333276 0.16078305 -0.6605902
vn -0.65489686 0.3803892 -0.653004
vn -0.3254876 0.65489686 -0.68203217
vn -0.36470306 0.6392107 -0.67705345
vn -0.36470306 0.6392107 -0.67705345
vn -0.33333075 0.65489686 -0.6782335
vn -0.066666126 0.70979846 -0.70124304
vn -0.066666126 0.70979846 -0.70124304
vn 0.3333308 0.066666126 0.94045
vn 0.3411739 0.08235228 0.93638587
vn 0.3333308 0.08235228 0.9392064
vn 0.3333308 0.066666126 0.94045
vn 0.3333308 0.003921509 0.9428018
vn 0.3333308 0.003921509 0.9428018
vn 0.52940774 0.65489686 0.5392936
vn 0.5058785 0.6392107 0.5792207
vn 0.5058785 0.6392107 0.5792207
vn 0.52156466 0.66274 0.5373509
vn 0.59999543 0.7333276 0.3197437
vn 0.56078005 0.7568569 0.33569834
vn 0.17646927 0.8980323 0.40298456
vn 0.17646927 0.8980323 0.40298456
vn 0.17646927 0.8980323 0.40298456
vn 0.17646927 0.8980323 0.40298456
vn 0.41176158 0.074509144 0.90824044
vn 0.41176158 0.12156761 0.90314656
vn 0.41176158 0.12156761 0.90314656
vn 0.41176158 0.08235228 0.907563
vn 0.41960466 0.003921509 0.9076985
vn 0.41960466 0.003921509 0.9076985
vn 0.42744774 -0.0039215684 0.9040315
vn 0.9294047 0.08235228 -0.35975692
vn 0.87450314 0.02745068 -0.48424244
vn 0.9294047 0.08235228 -0.35975692
vn 0.94509083 0.074509144 -0.3182007
vn 0.86666006 0.02745068 -0.49814337
vn 0.90587544 -0.0039215684 -0.42352602
vn 0.77254313 0.05882299 -0.6322317
vn 0.6078385 -0.011764646 -0.79397357
vn 0.74892175 0.66265845 -0
vn 0.76338637 0.6459423 -0
vn 0.76338637 0.6459423 -0
vn 0.75620604 0.6543336 -0
vn 0.6392108 0.7176415 0.27640602
vn 0.63136774 0.7254846 0.2739468
vn 0.5843093 0.5294076 0.6150693
vn 0.5764662 0.5294076 0.6224261
vn 0.5686231 0.5294076 0.62959933
vn 0.5686231 0.5294076 0.62959933
vn -0.76469994 0.6392107 -0.08150897
vn -0.756206 0.6543336 -0
vn -0.76469994 0.6392107 -0.08150897
vn -0.74892175 0.6626585 -0
vn -0.64705384 0.70979846 -0.27840167
vn -0.64705384 0.7176415 -0.25751132
vn -0.9294046 0.05882299 0.36434448
vn -0.9294046 0.08235228 0.35975707
vn -0.9294046 0.08235228 0.35975707
vn -0.9294046 0.05882299 0.36434448
vn -0.93724763 -0.0039215684 0.34864238
vn -0.93724763 0.003921509 0.34864238
vn -0.41960454 0.003921509 0.9076986
vn -0.41960454 0.003921509 0.9076986
vn -0.41960454 0.003921509 0.9076986
vn -0.41960454 0.003921509 0.9076986
vn -0.45882 -0.7097985 0.53448135
vn -0.4352907 -0.69411236 0.57334983
vn -0.4352907 -0.70195544 0.5637203
vn -0.47450614 -0.7097985 0.52060544
vn -0.5215646 -0.70195544 0.48500404
vn -0.53725076 -0.7097985 0.45557407
vn -0.5764661 -0.70195544 0.41826472
vn -0.5764661 -0.7097985 0.4048122
vn -0.5215646 -0.7176416 0.46147686
vn -0.45882 -0.72548467 0.5129875
vn -0.30980146 -0.7097985 0.6326209
vn -0.24705684 -0.9215616 0.29947817
vn -0.19999838 -0.960777 0.1921151
vn -0.011763803 -0.99993086 -0
vn -0.011763803 -0.99993086 -0
vn -0.2941153 -0.94509083 0.14247629
vn -0.003921509 -0.9999924 -0
vn -0.003921509 -0.9999924 -0
vn -0.074509144 -0.9921493 0.100439765
vn -0.003921509 -0.9999924 -0
vn -0.003921509 -0.9999924 -0
vn -0.003921509 -0.9999924 -0
vn -0.003921509 -0.9999924 -0
vn 0.0039215684 -0.9999924 -0
vn -0.003921509 -0.9999924 -0
vn 0.0039215684 -0.9999924 -0
vn 0.0039215684 -0.9999924 -0
vn -0.003921509 -0.9999924 -0
vn -0.003921509 -0.9999924 -0
vn 0.0039215684 -0.9999924 -0
vn -0.003921509 -0.9999924 -0
vn 0.0039215684 -0.9999924 -0
vn 0.0039215684 -0.9999924 -0
vn -0.10588145 -0.77254313 0.62607205
vn -0.05882299 -0.960777 0.27101183
vn -0.2862723 -0.70195544 0.65215546
vn -0.02745068 -0.7176416 0.6958714
vn 0.066666186 -0.7097985 0.701243
vn 0.05098003 -0.70195544 0.710394
vn -0.011764526 -0.7097985 0.70430654
vn -0.02745068 -0.70195544 0.7116917
vn -0.0901953 -0.7097985 0.6986064
vn -0.11372459 -0.7097985 0.6951639
vn -0.1450969 -0.70195544 0.69728434
vn -0.15293992 -0.69411236 0.7034326
vn 0.52940774 -0.6392108 -0.55779654
vn 0.5137216 -0.6392108 -0.5722759
vn 0.49019235 -0.6470539 -0.58398
vn 0.552937 -0.6392108 -0.5344813
vn 0.5843093 -0.6392108 -0.49999222
vn 0.5843093 -0.6392108 -0.49999222
vn 0.63136774 -0.6392108 -0.43907207
vn 0.63136774 -0.6392108 -0.43907207
vn 0.6705831 -0.6392108 -0.3764675
vn 0.6705831 -0.6392108 -0.3764675
vn 0.69411236 -0.6392108 -0.33108544
vn 0.69411236 -0.654897 -0.29886115
vn 0.7176416 -0.6392108 -0.27640563
vn 0.7176416 -0.6470539 -0.25751072
vn -0.27842915 0.6392107 -0.71685904
vn -0.27842915 0.6392107 -0.71685904
vn -0.23921382 0.66274 -0.7096143
vn -0.24705684 0.66274 -0.70692194
vn 0.011764646 0.7254846 -0.6881378
vn 0.019607723 0.7254846 -0.687959
vn -0.67842615 0.08235228 -0.7300384
vn -0.68626916 0.05882299 -0.72496516
vn -0.67842615 0.08235228 -0.7300384
vn -0.68626916 0.05882299 -0.72496516
vn -0.65489686 0.16862607 -0.736665
vn -0.670583 0.10588145 -0.73423946
vn -0.6078384 0.36470306 -0.705354
vn -0.34117377 0.019607663 -0.93979573
vn -0.33333075 0.02745068 -0.9424103
vn -0.34117377 0.019607663 -0.93979573
vn -0.34117377 0.019607663 -0.93979573
vn -0.7803861 0.019607663 -0.62499046
vn -0.7725431 0.011764526 -0.63485336
vn -0.76469994 0.011764526 -0.6442792
vn -0.7882292 0.02745068 -0.6147692
vn -0.003921509 -0.9999924 -0
vn -0.003921509 -0.9999924 -0
vn 0.0039215684 -0.9999924 -0
vn 0.0039215684 -0.9999924 -0
vn 0.0039215684 -0.9999924 -0
vn 0.0039215684 -0.9999924 -0
vn -0.12933916 -0.99160045 -0
vn -0.003921509 -0.9999924 -0
vn -0.003921509 -0.9999924 -0
vn 0.0039215684 -0.9999924 -0
vn 0.0039215684 -0.9999924 -0
vn -0.011763803 -0.99993086 -0
vn -0.003921509 -0.9999924 -0
vn -0.003921509 -0.9999924 -0
vn -0.003921509 -0.9999924 -0
vn -0.003921509 -0.9999924 -0
vn -0.11372459 -0.6862693 -0.71840185
vn -0.12941074 -0.70195544 -0.70036525
vn -0.13725376 -0.7097985 -0.69090337
vn -0.08235228 -0.7176416 -0.69152635
vn -0.0901953 -0.72548467 -0.68230253
vn 0.019607723 -0.80391544 -0.5944203
vn -0.62352455 0.65489686 0.42699793
vn -0.6156815 0.65489686 0.43823096
vn -0.6156815 0.65489686 0.43823096
vn -0.62352455 0.64705384 0.43879205
vn -0.6313677 0.66274 0.40267923
vn 0.5450939 0.47450614 0.69117045
vn 0.5450939 0.47450614 0.69117045
vn 0.5450939 0.47450614 0.69117045
vn 0.5450939 0.466663 0.69649
vn -0.81960154 0.035293818 0.5718458
vn -0.7725431 -0.019607723 0.6346595
vn -0.76469994 -0.0274508 0.64380157
vn -0.7176415 -0.08235234 0.6915264
vn 0.9843062 0.011764526 0.17607634
vn 0.9843062 0.011764526 0.17607634
vn 0.9921493 0.019607663 0.12351243
vn 0.9921493 0.02745068 0.12200919
vn -0.8431307 0.08235228 -0.531365
vn -0.8431307 0.05882299 -0.5344815
vn -0.8431307 0.08235228 -0.531365
vn -0.8431307 0.05882299 -0.5344815
vn -0.8431307 0.003921509 -0.5376944
vn -0.8431307 0.003921509 -0.5376944
vn 0.59215236 0.70979846 0.38149932
vn 0.59215236 0.70979846 0.38149932
vn 0.49019235 0.70979846 0.5058632
vn 0.48234928 0.70979846 0.51334715
vn 0.42744774 0.70979846 0.55988795
vn 0.49803543 0.8431307 0.20270994
vn 0.6862693 0.70979846 0.15881005
vn 0.66274005 0.7176415 -0.21393073
vn 0.4352908 0.70979846 -0.55381227
vn 0.4352908 0.70979846 -0.55381227
vn 0.4352908 0.70979846 -0.55381227
vn 0.49803543 0.70979846 -0.49814337
vn 0.49803543 0.70979846 -0.49814337
vn 0.56078005 0.7019553 -0.43907234
vn 0.552937 0.70979846 -0.43640217
vn 0.6078385 0.6941123 -0.3856689
vn 0.62352467 0.70979846 -0.32772422
vn 0.654897 0.7019553 -0.2799441
vn 0.6705831 0.70979846 -0.21564874
vn 0.6705831 0.70979846 -0.21564874
vn 0.6862693 0.70979846 -0.15881005
vn 0.6862693 0.70979846 -0.15881005
vn -0.262743 0.5215646 0.81174904
vn -0.25489998 0.5215646 0.8142459
vn -0.262743 0.5215646 0.81174904
vn -0.25489998 0.5215646 0.8142459
vn -0.5294076 0.7568569 0.38326907
vn -0.53725076 0.7490138 0.38773707
vn -0.53725076 0.7568569 0.37219515
vn -0.53725076 0.7490138 0.38773707
vn -0.22352767 0.8980323 -0.37891072
vn -0.22352767 0.8980323 -0.37891072
vn -0.22352767 0.8980323 -0.37891072
vn -0.22352767 0.8980323 -0.37891072
vn -0.466663 0.5215646 0.71428
vn -0.47450614 0.5529369 0.6849122
vn -0.47450614 0.5450938 0.6911705
vn -0.45882 0.51372147 0.72496516
vn -0.65489686 0.02745068 0.7552196
vn -0.65489686 0.02745068 0.7552196
vn -0.64705384 0.019607663 0.7621922
vn -0.6392107 0.019607663 0.76878166
vn 0.83528775 0.5215646 -0.17396763
vn 0.83528775 0.5215646 -0.17396763
vn 0.83528775 0.5215646 -0.17396763
vn 0.83528775 0.5215646 -0.17396763
vn 0.94509083 0.019607663 -0.326219
vn 0.94509083 0.019607663 -0.326219
vn 0.94509083 0.02745068 -0.32565284
vn 0.94509083 0.019607663 -0.326219
vn 0.2705862 0.8980323 0.34687322
vn 0.2705862 0.8980323 0.34687322
vn 0.2705862 0.8980323 0.34687322
vn 0.2705862 0.8980323 0.34687322
vn 0.62352467 0.12156761 0.7722942
vn 0.6156816 0.08235228 0.78367996
vn 0.62352467 0.12156761 0.7722942
vn 0.6156816 0.08235228 0.78367996
vn 0.62352467 0.003921509 0.7817939
vn 0.62352467 -0.0039215684 0.7817939
vn -0.48234916 0.70979846 -0.51334727
vn -0.466663 0.70979846 -0.5276474
vn -0.48234916 0.7019553 -0.524021
vn -0.48234916 0.70979846 -0.51334727
vn -0.53725076 0.7019553 -0.4675686
vn 0.45097697 0.10588145 -0.886233
vn 0.24705696 0.11372459 -0.96230435
vn 0.19215542 0.12156761 -0.9738057
vn 0.45882004 0.10588145 -0.882198
vn -0.18431222 0.019607663 0.98267215
vn -0.16078305 0.011764526 0.98691964
vn -0.16862607 0.011764526 0.9856099
vn -0.19215536 0.02745068 0.9809805
vn -0.466663 0.466663 -0.7512997
vn -0.466663 0.47450614 -0.7463709
vn -0.466663 0.466663 -0.7512997
vn -0.466663 0.47450614 -0.7463709
vn -0.4980353 0.59215224 -0.6334955
vn 0.63136774 0.6392107 0.43907222
vn 0.6392108 0.66274 0.3901093
vn 0.63136774 0.6392107 0.43907222
vn 0.6470539 0.65489686 0.39042455
vn 0.6156816 0.7333276 0.2883864
vn 0.6156816 0.74117076 0.26758558
vn 0.49803543 0.7019553 0.50913596
vn 0.56078005 0.08235228 0.82385916
vn 0.552937 0.066666126 0.83055186
vn 0.56078005 0.08235228 0.82385916
vn 0.552937 0.066666126 0.83055186
vn 0.552937 -0.0039215684 0.83321387
vn 0.56078005 -0.0039215684 0.82795554
vn 0.5764662 -0.0274508 0.81665975
vn 0.5764662 -0.0274508 0.81665975
vn 0.5843093 0.003921509 0.8115216
vn 0.52156466 -0.13725388 0.84209955
vn -0.81960154 0.08235228 0.5669845
vn -0.81960154 0.066666126 0.56904215
vn -0.81960154 0.08235228 0.5669845
vn -0.81960154 0.05882299 0.5699063
vn -0.81960154 0.003921509 0.57292056
vn -0.81960154 0.003921509 0.57292056
vn -0.7490138 0.6392107 0.17432171
vn -0.7490138 0.6392107 0.17432171
vn -0.74117076 0.66274 0.10696536
vn -0.7333276 0.66274 0.15167814
vn -0.67842615 0.7333276 -0.044367816
vn -0.65489686 0.7490138 -0.100441545
vn -0.05882299 0.7490138 -0.65993804
vn -0.05882299 0.7490138 -0.65993804
vn -0.066666126 0.7568569 -0.6501717
vn -0.066666126 0.7568569 -0.6501717
vn -0.10588145 0.8980323 0.42699775
vn -0.11372459 0.8980323 0.4249761
vn -0.10588145 0.8980323 0.42699775
vn -0.11372459 0.8980323 0.4249761
vn -0.41960454 -0.45882004 0.7832089
vn -0.42744768 -0.48234928 0.7646095
vn -0.41960454 -0.4745062 0.77380615
vn -0.42744768 -0.49019235 0.7596051
vn -0.9607769 -0.07450926 -0.26712555
vn -0.9607769 -0.0039215684 -0.27729464
vn -0.9607769 -0.0039215684 -0.27729464
vn -0.9607769 -0.098038495 -0.259415
vn -0.91371846 -0.35686004 -0.19434372
vn -0.9215615 -0.3333308 -0.19903512
vn -0.85097384 -0.5058785 -0.14117515
vn -0.8352877 -0.5450939 -0.07188273
vn -0.7176415 -0.6862693 0.11842796
vn -0.7176415 -0.6862693 0.11842796
vn -0.7019553 -0.70195544 0.12048791
vn -0.6941123 -0.7097985 0.11997593
vn -0.70710677 -0.7071068 -0
vn -0.7019553 -0.7097985 0.05869285
vn -0.70710677 -0.7071068 -0
vn -0.7019553 -0.7097985 -0.05869285
vn -0.6941123 -0.7097985 -0.11997593
vn -0.6941123 -0.7097985 -0.11997593
vn -0.67842615 -0.70195544 -0.21678677
vn -0.670583 -0.7097985 -0.21564901
vn -0.65489686 -0.70195544 -0.2799441
vn -0.6392107 -0.7097985 -0.29596582
vn -0.6156815 -0.7097985 -0.34223142
vn -0.5999954 -0.7097985 -0.36904156
vn -0.5764661 -0.7097985 -0.4048122
vn -0.5529369 -0.7097985 -0.43640217
vn -0.5294076 -0.70195544 -0.47643062
vn -0.4980353 -0.7097985 -0.49814343
vn -0.466663 -0.70195544 -0.53803736
vn -0.4352907 -0.7097985 -0.5538123
vn -0.4039184 -0.70195544 -0.58660764
vn -0.37254608 -0.7097985 -0.59782565
vn -0.34117377 -0.7097985 -0.6162682
vn -0.2941153 -0.7097985 -0.6400643
vn -0.27058613 -0.70195544 -0.6588184
vn -0.22352767 -0.7097985 -0.66799814
vn -0.19215536 -0.70195544 -0.6858096
vn -0.13725376 -0.7097985 -0.69090337
vn -0.11372459 -0.7097985 -0.6951639
vn -0.05882299 -0.7097985 -0.70194435
vn -0.035293818 -0.7097985 -0.70352
vn 0.0274508 -0.7097985 -0.7038697
vn 0.043136954 -0.70195544 -0.71091336
vn 0.10588157 -0.7097985 -0.6964016
vn 0.121567726 -0.7097985 -0.69383526
vn 0.19215542 -0.7097985 -0.677689
vn 0.1999985 -0.7097985 -0.67541593
vn 0.2705862 -0.7097985 -0.6503608
vn 0.27842927 -0.70195544 -0.6555423
vn 0.3411739 -0.7097985 -0.61626816
vn 0.34901696 -0.7097985 -0.6118605
vn 0.36470312 -0.69411236 -0.62064457
vn 0.36470312 -0.70195544 -0.6117599
vn 0.26274312 -0.63136774 -0.72961694
vn 0.21568465 -0.552937 -0.80482346
vn 0.15294003 -0.45882004 -0.8752677
vn 0.13725388 -0.35686004 -0.92401963
vn 0.08235234 -0.16862619 -0.9822338
vn 0.08235234 -0.066666186 -0.994371
vn 0.066666186 -0.011764646 -0.997706
vn 0.07450926 -0.0039215684 -0.9972126
vn 0.05882311 0.65489686 0.7534255
vn 0.05882311 0.65489686 0.7534255
vn 0.05882311 0.65489686 0.7534255
vn 0.066666186 0.66274 0.7458762
vn -0.4039184 0.5215646 -0.75154525
vn -0.38823223 0.5215646 -0.7597671
vn -0.39607537 0.5215646 -0.75570804
vn -0.3803892 0.5294076 -0.7583084
vn -0.59215224 0.7568569 -0.27662855
vn -0.59215224 0.7568569 -0.27662855
vn -0.5999954 0.7490138 -0.28104085
vn -0.5999954 0.7490138 -0.28104085
vn -0.058721937 0.9982743 -0
vn -0.03527213 0.9993777 -0
vn -0.058721937 0.9982743 -0
vn -0.011763804 0.99993086 -0
vn -0.058721937 0.9982743 -0
vn 0.0039215684 0.99999225 -0.00034526698
vn -0.003921509 0.99999225 -0.00034526698
vn -0.003921509 0.99999225 -0.00034526698
vn -0.466663 0.7176415 -0.5169297
vn -0.45882 0.70979846 -0.53448135
vn -0.466663 0.70979846 -0.5276474
vn -0.466663 0.70979846 -0.5276474
vn -0.466663 0.7019553 -0.5380375
vn -0.45882 0.7176415 -0.52390355
vn -0.098038435 0.86666 -0.48917168
vn -0.5999954 -0.0039215684 0.7999939
vn -0.6078384 -0.0039215684 0.7940511
vn -0.670583 -0.0039215684 0.74182415
vn -0.6313677 0.003921509 0.7754737
vn -0.5999954 -0.0039215684 0.7999939
vn -0.59215224 -0.0039215684 0.8058166
vn -0.5294076 0.003921509 0.8483585
vn -0.68626916 0.003921509 0.72733706
vn -0.7333276 -0.0039215684 0.6798641
vn -0.7333276 -0.0039215684 0.6798641
vn -0.76469994 0.003921509 0.6443746
vn -0.7882292 -0.0039215684 0.61536926
vn -0.8039154 -0.0039215684 0.5947308
vn -0.8352877 -0.0039215684 0.54979914
vn -0.8431307 -0.0039215684 0.5376944
vn -0.86666 0.003921509 0.49888384
vn -0.8901892 -0.0039215684 0.45557418
vn -0.8901892 -0.0039215684 0.45557418
vn -0.9215615 -0.0039215684 0.38821262
vn -0.9294046 -0.0039215684 0.36904156
vn -0.9450908 0.003921509 0.3267844
vn -0.9529338 0.003921509 0.30315316
vn -0.9607769 -0.0039215684 0.27729464
vn -0.9607769 0.003921509 0.27729464
vn -0.9977852 0.06651899 -0
vn -0.99214923 0.08235228 -0.09411696
vn 0.16078311 0.8980323 -0.40949574
vn 0.16078311 0.8980323 -0.40949574
vn 0.16078311 0.8980323 -0.40949574
vn 0.16078311 0.8980323 -0.40949574
vn 0.35686004 0.12156761 -0.9262139
vn 0.36470312 0.08235228 -0.9274749
vn 0.35686004 0.12156761 -0.9262139
vn 0.3725462 0.08235228 -0.92435247
vn 0.36470312 -0.0039215684 -0.9311156
vn 0.36470312 -0.0039215684 -0.9311156
vn -0.33333075 0.6392107 0.69303703
vn -0.2862723 0.66274 0.691971
vn -0.33333075 0.6392107 0.69303703
vn -0.2862723 0.66274 0.691971
vn -0.066666126 0.7333276 0.676599
vn -0.0901953 0.7568569 0.6473271
vn -0.7333276 0.08235228 0.67486936
vn -0.74117076 0.05882299 0.66873443
vn -0.7333276 0.08235228 0.67486936
vn -0.74117076 0.05882299 0.66873443
vn -0.74117076 -0.0039215684 0.67130506
vn -0.74117076 -0.0039215684 0.67130506
vn 0.24705696 0.53725076 -0.806427
vn 0.25490004 0.5294076 -0.80916846
vn 0.25490004 0.5215646 -0.8142459
vn 0.23921388 0.5450938 -0.8035232
vn 0.5450939 0.7490138 -0.37663114
vn 0.5450939 0.7490138 -0.37663114
vn 0.5450939 0.7490138 -0.37663114
vn 0.5450939 0.7568569 -0.3606109
vn 0.38823235 0.88234615 -0.2659717
vn -0.8117584 0.5450938 0.20957358
vn -0.82744455 0.5294076 0.1872514
vn -0.81960154 0.53725076 0.19903503
vn -0.82744455 0.5294076 0.1872514
vn 0.9921493 -0.0039215684 -0.12499761
vn 0.9921493 -0.0039215684 -0.12499761
vn 0.9998079 -0.019604106 -0
vn 0.9998079 -0.019604106 -0
vn 0.5686231 -0.019607723 0.82236445
vn 0.56078005 -0.0274508 0.82750964
vn 0.5686231 -0.019607723 0.82236445
vn 0.6078385 0.011764526 0.79397357
vn -0.20784152 0.8980323 0.38773683
vn -0.20784152 0.8980323 0.38773683
vn -0.20784152 0.8980323 0.38773683
vn -0.20784152 0.8980323 0.38773683
vn -0.64705384 0.7019553 0.29762408
vn -0.64705384 0.6941123 0.3154829
vn -0.5607799 0.66274 0.49628782
vn -0.5529369 0.66274 0.5050114
vn -0.5450938 0.64705384 0.5330986
vn -0.5450938 0.64705384 0.5330986
vn 0.5843093 0.12156761 -0.802374
vn 0.5843093 0.08235228 -0.8073418
vn 0.5843093 0.12156761 -0.802374
vn 0.59215236 0.08235228 -0.80160695
vn 0.5764662 0.003921509 -0.81711155
vn 0.5686231 -0.0039215684 -0.8225888
vn 0.6156816 -0.0039215684 -0.78798527
vn 0.2705862 0.8901892 -0.36653283
vn 0.2705862 0.88234615 -0.38503036
vn 0.27842927 0.88234615 -0.37939745
vn 0.25490004 0.9294046 -0.26689517
vn 0.24705696 0.93724763 -0.24602798
vn 0.9529339 0.003921509 -0.30315277
vn 0.960777 -0.0039215684 -0.27729443
vn 0.960777 -0.0039215684 -0.27729443
vn 0.94509083 0.003921509 -0.32678422
vn 0.9215616 -0.0039215684 -0.38821238
vn 0.9215616 0.003921509 -0.38821238
vn 0.89803237 0.05882299 -0.43597907
vn 0.87450314 0.074509144 -0.47926262
vn 0.9215616 0.066666126 -0.3824655
vn 0.9215616 0.08235228 -0.37939733
vn 0.960777 0.011764526 -0.27707252
vn 0.960777 0.019607663 -0.2766281
vn 0.8901893 -0.0039215684 -0.455574
vn 0.89803237 -0.0039215684 -0.43991193
vn 0.87450314 -0.0039215684 -0.485004
vn 0.8431308 -0.0039215684 -0.53769416
vn 0.8431308 -0.0039215684 -0.53769416
vn 0.80391544 0.003921509 -0.5947307
vn 0.7882293 -0.0039215684 -0.61536914
vn 0.77254313 0.003921509 -0.63495016
vn 0.72548467 -0.0039215684 -0.6882271
vn 0.73332775 -0.0039215684 -0.679864
vn 0.70195544 -0.0039215684 -0.71221006
vn 0.6705831 -0.0039215684 -0.74182403
vn 0.66274005 0.003921509 -0.74883926
vn 0.6156816 -0.0039215684 -0.78798527
vn 0.6156816 0.003921509 -0.78798527
vn 0.7176416 0.043136835 -0.69507533
vn 0.59215236 -0.0039215684 -0.8058165
vn 0.5372508 0.003921509 -0.8434134
vn 0.6784262 0.10588145 -0.7269986
vn 0.66274005 0.066666126 -0.7458762
vn 0.66274005 0.066666126 -0.7458762
vn 0.63136774 0.003921509 -0.77547365
vn 0.62352467 0.011764526 -0.78171515
vn -0.9607769 0.08235228 0.26481277
vn -0.9607769 0.12156761 0.24925692
vn -0.9607769 0.12156761 0.24925692
vn -0.9607769 0.074509144 0.26712558
vn -0.96861994 0.003921509 0.2485156
vn -0.96861994 0.003921509 0.2485156
vn -0.9607769 0.003921509 0.27729464
vn 0.70195544 -0.7097985 0.058690816
vn 0.70195544 -0.70195544 0.12048692
vn 0.70195544 -0.70195544 0.12048692
vn 0.70195544 -0.7097985 0.058690816
vn 0.70195544 -0.7097985 -0.058690816
vn 0.70195544 -0.7097985 -0.058690816
vn 0.70195544 -0.70195544 -0.12048692
vn 0.69411236 -0.7176416 -0.05655585
vn 0.66274005 -0.72548467 -0.18560067
vn 0.6784262 -0.7097985 -0.18953617
vn 0.6862693 -0.72548467 -0.052023727
vn 0.66274005 -0.70195544 0.26083368
vn 0.59999543 -0.7097985 0.36904138
vn 0.5843093 -0.6705831 0.45705685
vn -0.8980323 0.08235228 -0.4321528
vn -0.9058753 0.05882299 -0.41943982
vn -0.8980323 0.08235228 -0.4321528
vn -0.9058753 0.05882299 -0.41943982
vn -0.9058753 0.003921509 -0.4235263
vn -0.8980323 0.003921509 -0.439912
vn -0.76469994 0.6392107 -0.08150897
vn -0.76469994 0.6392107 -0.08150897
vn -0.74892175 0.6626585 -0
vn -0.74892175 0.6626585 -0
vn -0.64705384 0.7333276 0.20869097
vn -0.6313677 0.76469994 0.1288755
vn -0.003921509 -0.9999924 -0
vn -0.003921509 -0.9999924 -0
vn 0.0039215684 -0.9999924 -0
vn -0.003921509 -0.9999924 -0
vn -0.003921509 -0.9999924 -0
vn -0.003921509 -0.9999924 -0
vn -0.003921509 -0.9999924 -0
vn -0.003921509 -0.9999924 -0
vn -0.003921509 -0.9999924 -0
vn -0.003921509 -0.9999924 -0
vn 0.027440673 -0.9996234 -0
vn 0.0039215684 -0.9999924 -0
vn 0.0039215684 -0.9999924 -0
vn 0.0039215684 -0.9999924 -0
vn 0.4352908 0.8980323 0.06371696
vn 0.4352908 0.8980323 0.06371696
vn 0.4352908 0.8980323 0.06371696
vn 0.4352908 0.8980323 0.06371696
vn -0.7568569 0.6392107 0.1362985
vn -0.7254846 0.66274 0.18560116
vn -0.7568569 0.6392107 0.1362985
vn -0.7254846 0.66274 0.18560116
vn -0.6313677 0.74117076 0.22812442
vn -0.6078384 0.7490138 0.26364917
vn -0.7019553 0.70979846 -0.058693357
vn -0.9764631 0.08235228 -0.19934386
vn -0.9843061 0.066666126 -0.16339262
vn -0.9764631 0.08235228 -0.19934386
vn -0.9843061 0.05882299 -0.1663772
vn -0.9843061 0.003921509 -0.17642602
vn -0.9843061 0.003921509 -0.17642602
vn 0.4352908 0.8980323 -0.06371696
vn 0.4352908 0.8980323 -0.06371696
vn 0.4352908 0.8980323 -0.06371696
vn 0.4352908 0.8980323 -0.06371696
vn 0.59999543 0.7490138 0.28104064
vn 0.59215236 0.7568569 0.27662826
vn 0.59215236 0.7568569 0.27662826
vn 0.59999543 0.7490138 0.28104064
vn 0.22352773 0.64705384 -0.72894216
vn 0.25490004 0.66274 -0.70413184
vn 0.22352773 0.64705384 -0.72894216
vn 0.24705696 0.65489686 -0.71419394
vn 0.4352908 0.7333276 -0.5222571
vn 0.4352908 0.74117076 -0.51106536
vn -0.08235228 0.08235228 -0.993195
vn -0.08235228 0.066666126 -0.99437106
vn -0.08235228 0.08235228 -0.993195
vn -0.08235228 0.05882299 -0.9948658
vn -0.08235228 0.003921509 -0.99659556
vn -0.08235228 0.003921509 -0.99659556
vn 0.4039185 0.08235228 -0.91108066
vn 0.4039185 0.066666126 -0.9123626
vn 0.4039185 0.08235228 -0.91108066
vn 0.4039185 0.05882299 -0.91290176
vn 0.4039185 0.003921509 -0.9147866
vn 0.4039185 0.003921509 -0.9147866
vn 0.5686231 0.66274 -0.48728168
vn 0.552937 0.6392107 -0.5344814
vn 0.552937 0.6392107 -0.5344814
vn 0.56078005 0.66274 -0.4962877
vn 0.62352467 0.74117076 -0.24876277
vn 0.5843093 0.7568569 -0.29283148
vn -0.6941123 0.6392107 0.33108583
vn -0.670583 0.65489686 0.34846595
vn -0.6941123 0.6392107 0.33108583
vn -0.66274 0.66274 0.34864223
vn -0.466663 0.7254846 0.5058633
vn -0.45097685 0.7254846 0.51989615
vn -0.99214923 0.08235228 0.09411696
vn -0.99214923 0.066666126 0.10580893
vn -0.99214923 0.08235228 0.09411696
vn -0.99214923 0.066666126 0.10580893
vn -0.99999225 0.003921509 -0.00034492963
vn -0.99999225 0.003921509 -0.00034492963
vn -0.22352767 0.6392107 0.73582953
vn -0.22352767 0.6392107 0.73582953
vn -0.25489998 0.66274 0.70413184
vn -0.24705684 0.65489686 0.714194
vn -0.34117377 0.74117076 0.5781577
vn -0.30980146 0.7490138 0.58566326
vn -0.05882299 0.7254846 0.68572
vn 0.08235234 0.066666126 0.994371
vn 0.08235234 0.08235228 0.99319494
vn 0.08235234 0.08235228 0.99319494
vn 0.09019542 0.066666126 0.9936903
vn 0.11372465 0.019607663 0.9933188
vn 0.121567726 0.02745068 0.9922035
vn 0.05098003 0.7568569 0.65158933
vn 0.05098003 0.7568569 0.65158933
vn 0.05098003 0.7490138 0.66059023
vn 0.05098003 0.7490138 0.66059023
vn -0.70710677 0.70710677 -0
vn -0.70979846 0.7019553 -0.058693103
vn -0.70710677 0.70710677 -0
vn -0.70979846 0.7019553 -0.058693103
vn -0.7019553 0.70979846 -0.058693357
vn -0.53725076 0.8039154 -0.2551112
vn 0.20784158 0.8980323 -0.38773683
vn 0.20784158 0.8980323 -0.38773683
vn 0.20784158 0.8980323 -0.38773683
vn 0.20784158 0.8980323 -0.38773683
vn 0.38038927 0.53725076 0.752772
vn 0.39607543 0.5215646 0.75570804
vn 0.38823235 0.5294076 0.754323
vn 0.38038927 0.53725076 0.752772
vn 0.998703 0.05091424 -0
vn 0.9921493 0.08235228 -0.09411633
vn 0.9921493 0.08235228 -0.09411633
vn 0.9977852 0.066518985 -0
vn 0.9993777 0.035272125 -0
vn 0.9990709 0.043097086 -0
vn 0.654897 0.66274 -0.36316064
vn 0.69411236 0.64705384 -0.31548274
vn 0.69411236 0.64705384 -0.31548274
vn 0.654897 0.65489686 -0.37712073
vn 0.49019235 0.7254846 -0.48309785
vn 0.49019235 0.7568569 -0.43229508
vn -0.003921509 0.99999225 -0.00034526698
vn -0.058721937 0.9982743 -0
vn -0.04309709 0.9990709 -0
vn -0.003921509 0.99999225 -0.00034526698
vn 0.0039215684 0.99999225 -0.00034526698
vn 0.0039215684 0.99999225 -0.00034526698
vn 0.0039215684 0.99999225 -0.00034526698
vn 0.0039215684 0.99999225 -0.00034526698
vn 0.0039215684 0.99999225 -0.00034526698
vn -0.003921509 0.99999225 -0.00034526698
vn -0.23137069 0.96861994 -0.09079077
vn 0.0039215684 0.99999225 -0.00034526698
vn -0.003921509 0.99999225 -0.00034526698
vn 0.0039215684 0.99999225 -0.00034526698
vn 0.0039215684 0.99999225 -0.00034526698
vn -0.098038435 0.99214923 -0.07764248
vn -0.003921509 0.99999225 -0.00034526698
vn 0.0039215684 0.99999225 -0.00034526698
vn 0.0039215684 0.99999225 -0.00034526698
vn -0.003921509 0.99999225 -0.00034526698
vn 0.0039215684 0.99999225 -0.00034526698
vn -0.003921509 0.99999225 -0.00034526698
vn 0.15294003 0.9607769 0.23133752
vn -0.003921509 0.99999225 -0.00034526698
vn -0.003921509 0.99999225 -0.00034526698
vn -0.003921509 0.99999225 -0.00034526698
vn -0.003921509 0.99999225 -0.00034526698
vn -0.003921509 0.99999225 -0.00034526698
vn -0.33333075 0.93724763 -0.102262
vn -0.37254608 0.91371846 -0.16225895
vn -0.4039184 0.9058753 -0.12743556
vn -0.38823223 0.8980323 -0.20691462
vn -0.39607537 0.8980323 -0.19147381
vn -0.41960454 0.8980323 -0.13217413
vn -0.35685992 0.9058753 -0.2281247
vn -0.35685992 0.9058753 -0.2281247
vn -0.35685992 0.8980323 -0.2572721
vn -0.3490169 0.8980323 -0.26781547
vn -0.37254608 0.8980323 -0.2339815
vn -0.3803892 0.8980323 -0.2210023
vn -0.38823223 0.8980323 -0.20691462
vn -0.39607537 0.8980323 -0.19147381
vn -0.41176152 0.8980323 -0.15488832
vn -0.4039184 0.8980323 -0.17432119
vn -0.41176152 0.8980323 -0.15488832
vn -0.41960454 0.8980323 -0.13217413
vn -0.41960454 0.8980323 -0.13217413
vn -0.41176152 0.8980323 -0.15488832
vn -0.36470306 0.9058753 -0.21536386
vn -0.4039184 0.8901892 -0.21074428
vn 0.19215542 0.64705384 0.737833
vn 0.14509696 0.66274 0.7346581
vn 0.19215542 0.6392107 0.74463814
vn 0.15294003 0.670583 0.7258979
vn -0.0901953 0.7333276 0.673866
vn -0.066666126 0.7490138 0.65919197
vn 0.5843093 0.08235228 0.8073418
vn 0.5843093 0.08235228 0.8073418
vn 0.59215236 0.066666126 0.80306363
vn 0.59215236 0.066666126 0.80306363
vn 0.59215236 0.003921509 0.8058165
vn 0.59215236 0.003921509 0.8058165
vn 0.32548773 0.7176415 0.61566913
vn 0.31764466 0.7176415 0.61975205
vn 0.3333308 0.70979846 0.6205455
vn 0.31764466 0.7176415 0.61975205
vn 0.4352908 0.62352455 0.64941436
vn 0.29411542 0.7254846 0.62222844
vn 0.28627235 0.7254846 0.6258756
vn 0.7071068 0.70710677 -0
vn 0.70195544 0.70979846 0.058691327
vn 0.70195544 0.70979846 0.058691327
vn 0.6862693 0.70979846 0.15881005
vn 0.6156816 0.67842615 0.40084177
vn -0.27842915 0.08235228 0.95691967
vn -0.2862723 0.05882299 0.95634097
vn -0.27842915 0.08235228 0.95691967
vn -0.2862723 0.05882299 0.95634097
vn -0.3176446 0.1450969 0.9370426
vn -0.3176446 0.10588145 0.9422797
vn -0.33333075 0.34117377 0.8789147
vn -0.4901923 0.65489686 0.57517093
vn -0.47450614 0.64705384 0.59679586
vn -0.47450614 0.64705384 0.59679586
vn -0.4980353 0.66274 0.5592285
vn -0.5999954 0.7254846 0.3371612
vn -0.5999954 0.7254846 0.3371612
vn -0.99214923 0.12156761 0.02934652
vn -0.9966261 0.08207507 -0
vn -0.99214923 0.12156761 0.02934652
vn -0.9966261 0.08207507 -0
vn -0.99999225 -0.0039215684 -0.00034425134
vn -0.99999225 -0.0039215684 -0.00034425134
vn -0.4352907 0.8980323 0.063717894
vn -0.4352907 0.8980323 0.063717894
vn -0.4352907 0.8980323 0.063717894
vn -0.4352907 0.8980323 0.063717894
vn -0.16862607 0.05882299 0.9839233
vn -0.16078305 0.08235228 0.98354816
vn -0.16078305 0.08235228 0.98354816
vn -0.16862607 0.05882299 0.9839233
vn -0.18431222 0.11372459 0.9762662
vn -0.19215536 0.1764692 0.96536773
vn -0.19999838 0.37254608 0.90620637
vn -0.38823223 0.64705384 0.6561989
vn -0.41960454 0.65489686 0.62852377
vn -0.39607537 0.64705384 0.6514949
vn -0.42744768 0.65489686 0.62321633
vn -0.5607799 0.7019553 0.43907246
vn -0.5607799 0.7019553 0.43907246
vn -0.59215224 0.08235228 -0.8016071
vn -0.59215224 0.066666126 -0.80306375
vn -0.59215224 0.08235228 -0.8016071
vn -0.59215224 0.05882299 -0.8036763
vn -0.5999954 0.011764526 -0.799917
vn -0.5999954 0.011764526 -0.799917
vn -0.19215536 0.6392107 -0.74463814
vn -0.1450969 0.66274 -0.7346581
vn -0.19215536 0.6392107 -0.74463814
vn -0.16078305 0.65489686 -0.7384165
vn 0.098038495 0.7176415 -0.68947744
vn 0.098038495 0.7176415 -0.68947744
vn 0.4352908 -0.0274508 -0.8998713
vn 0.4352908 -0.019607723 -0.9000763
vn 0.4352908 -0.019607723 -0.9000763
vn 0.39607543 0.003921509 -0.9182096
vn -0.5764661 0.003921509 -0.8171117
vn -0.5764661 -0.0039215684 -0.8171117
vn -0.5764661 0.003921509 -0.8171117
vn -0.5764661 -0.0039215684 -0.8171117
vn 0.4745062 0.12156761 -0.8718172
vn 0.48234928 0.08235228 -0.87209934
vn 0.4745062 0.12156761 -0.8718172
vn 0.48234928 0.08235228 -0.87209934
vn 0.48234928 -0.0039215684 -0.8759702
vn 0.4745062 -0.0039215684 -0.8802434
vn 0.6784262 0.670583 -0.30009383
vn 0.6470539 0.74117076 -0.17884946
vn 0.6862693 0.64705384 -0.33219847
vn 0.6862693 0.5215646 -0.50695646
vn 0.90587544 0.08235228 0.4154609
vn 0.90587544 0.08235228 0.4154609
vn 0.90587544 0.066666126 0.4182646
vn 0.90587544 0.066666126 0.4182646
vn 0.8901893 0.003921509 0.455574
vn 0.90587544 0.011764526 0.42338073
vn 0.756857 -0.0274508 0.6530038
vn 0.7704606 0.6374876 -0
vn 0.76470006 0.6392107 0.08150788
vn 0.74892175 0.66265845 -0
vn 0.75620604 0.6543336 -0
vn 0.654897 0.7333276 -0.18259385
vn 0.6392108 0.7568569 -0.13629805
vn 0.8117585 0.0901953 -0.5769861
vn 0.8196016 0.066666126 -0.569042
vn 0.8117585 0.0901953 -0.5769861
vn 0.8196016 0.066666126 -0.569042
vn 0.8117585 0.011764526 -0.58387476
vn 0.8117585 0.011764526 -0.58387476
vn 0.7490139 0.6392107 -0.17432119
vn 0.7411708 0.66274 -0.10696508
vn 0.7490139 0.6392107 -0.17432119
vn 0.73332775 0.66274 -0.15167776
vn 0.6784262 0.7254846 0.11580143
vn 0.66274005 0.74117076 0.10696508
vn 0.94509083 0.08235228 0.3162616
vn 0.9529339 0.050979972 0.2988612
vn 0.94509083 0.08235228 0.3162616
vn 0.9529339 0.05882299 0.29741693
vn 0.9529339 0.003921509 0.30315277
vn 0.94509083 0.003921509 0.32678422
vn 0.7704606 0.6374876 -0
vn 0.76470006 0.6392107 -0.08150788
vn 0.75620604 0.6543336 -0
vn 0.74892175 0.66265845 -0
vn 0.62352467 0.7176415 -0.31017372
vn 0.6156816 0.7254846 -0.30758452
vn -0.27058613 0.8980323 -0.3468733
vn -0.27058613 0.8980323 -0.3468733
vn -0.27058613 0.8980323 -0.3468733
vn -0.27058613 0.8980323 -0.3468733
vn 0.4352908 -0.0274508 -0.8998713
vn 0.4352908 -0.0274508 -0.8998713
vn 0.4352908 -0.035293877 -0.8995978
vn 0.4431339 -0.0274508 -0.8960351
vn -0.5529369 0.05882299 -0.83114415
vn -0.5607799 0.08235228 -0.8238592
vn -0.5607799 0.08235228 -0.8238592
vn -0.5529369 0.05882299 -0.83114415
vn -0.5607799 -0.0039215684 -0.8279556
vn -0.5607799 -0.0039215684 -0.8279556
vn -0.6313677 0.6392107 -0.43907237
vn -0.6392107 0.66274 -0.39010945
vn -0.6392107 0.6392107 -0.4275738
vn -0.6392107 0.66274 -0.39010945
vn -0.66274 0.7254846 -0.18560116
vn -0.6392107 0.7490138 -0.17432171
vn 0.756857 0.6392107 -0.13629827
vn 0.72548467 0.66274 -0.18560083
vn 0.756857 0.6392107 -0.13629827
vn 0.72548467 0.66274 -0.18560083
vn 0.5843093 0.7333276 -0.347582
vn 0.5764662 0.7490138 -0.3265962
vn 0.97646314 0.08235228 0.19934356
vn 0.9843062 0.05882299 0.16637649
vn 0.97646314 0.08235228 0.19934356
vn 0.9843062 0.05882299 0.16637649
vn 0.9843062 0.011764526 0.17607634
vn 0.9843062 0.011764526 0.17607634
vn 0.9529339 -0.0039215684 0.30315277
vn 0.38038927 0.70979846 -0.59286606
vn 0.38038927 0.70979846 -0.59286606
vn 0.38823235 0.70979846 -0.58776
vn 0.38038927 0.70979846 -0.59286606
vn 0.38823235 0.70979846 -0.58776
vn 0.46666312 0.79607224 -0.3853499
vn 0.8823462 0.05882299 -0.4669101
vn 0.8823462 0.08235228 -0.46333927
vn 0.8823462 0.08235228 -0.46333927
vn 0.8823462 0.05882299 -0.4669101
vn 0.8823462 0.003921509 -0.4705845
vn 0.8823462 0.003921509 -0.4705845
vn 0.75620604 0.6543336 -0
vn 0.756857 0.64705384 -0.09213503
vn 0.756857 0.64705384 -0.09213503
vn 0.74892175 0.66265845 -0
vn 0.66274005 0.7176415 0.21393073
vn 0.654897 0.7254846 0.21161768
vn 0.043136954 0.08235228 -0.9956693
vn 0.043136954 0.066666126 -0.99684244
vn 0.043136954 0.08235228 -0.9956693
vn 0.043136954 0.05882299 -0.997336
vn 0.043136954 0.003921509 -0.99906147
vn 0.035293877 -0.0039215684 -0.99936926
vn 0.7411708 0.066666126 -0.66799814
vn 0.73332775 0.08235228 -0.6748693
vn 0.73332775 0.08235228 -0.6748693
vn 0.7411708 0.066666126 -0.66799814
vn 0.7411708 -0.0039215684 -0.67130506
vn 0.7411708 -0.0039215684 -0.67130506
vn 0.3333308 0.6392107 -0.693037
vn 0.29411542 0.66274 -0.688674
vn 0.3333308 0.6392107 -0.693037
vn 0.28627235 0.65489686 -0.69939846
vn 0.066666186 0.7333276 -0.676599
vn 0.098038495 0.76469994 -0.636885
vn -0.4039184 0.08235228 0.9110807
vn -0.4039184 0.05882299 0.9129018
vn -0.4039184 0.08235228 0.9110807
vn -0.4039184 0.05882299 0.9129018
vn -0.4039184 0.003921509 0.91478664
vn -0.4039184 0.003921509 0.91478664
vn -0.30195844 0.86666 0.39714175
vn -0.37254608 0.70979846 0.59782565
vn -0.3803892 0.70979846 0.59286606
vn -0.3803892 0.70979846 0.59286606
vn -0.3803892 0.70979846 0.59286606
vn -0.5450938 0.08235228 0.8343206
vn -0.5450938 0.08235228 0.8343206
vn -0.5450938 0.05882299 0.8363089
vn -0.5450938 0.05882299 0.8363089
vn -0.5529369 0.10588145 0.82646835
vn -0.5450938 0.1764692 0.8195922
vn -0.4901923 0.41176152 0.76822126
vn -0.15293992 0.6392107 0.7536704
vn -0.15293992 0.6392107 0.7536704
vn -0.12156761 0.65489686 0.74587625
vn -0.12941074 0.65489686 0.7445556
vn 0.13725388 0.70979846 0.69090337
vn 0.13725388 0.70979846 0.69090337
vn -0.45097685 0.08235228 -0.8887283
vn -0.45097685 0.05882299 -0.89059514
vn -0.45097685 0.08235228 -0.8887283
vn -0.45097685 0.05882299 -0.89059514
vn -0.466663 0.098038435 -0.8789847
vn -0.466663 0.16078305 -0.86969787
vn -0.45882 0.35685992 -0.8137169
vn -0.5764661 0.6392107 -0.5090152
vn -0.59215224 0.66274 -0.458401
vn -0.5764661 0.6392107 -0.5090152
vn -0.59215224 0.65489686 -0.46953794
vn -0.6392107 0.7254846 -0.2551113
vn -0.6078384 0.7490138 -0.26364917
vn 0.6862693 0.65489686 0.31645632
vn 0.6862693 0.65489686 0.31645632
vn 0.6862693 0.65489686 0.31645632
vn 0.6862693 0.65489686 0.31645632
vn 0.6862693 0.66274 0.29968348
vn 0.45882004 0.47450614 0.7512177
vn 0.45882004 0.47450614 0.7512177
vn 0.45882004 0.47450614 0.7512177
vn 0.45882004 0.47450614 0.7512177
vn 0.8431308 0.08235228 0.53136474
vn 0.8431308 0.066666126 0.5335598
vn 0.8431308 0.08235228 0.53136474
vn 0.8431308 0.066666126 0.5335598
vn 0.8509739 0.003921509 0.52519333
vn 0.8509739 0.003921509 0.52519333
vn 0.28627235 0.066666126 -0.9558262
vn 0.28627235 0.08235228 -0.95460266
vn 0.28627235 0.08235228 -0.95460266
vn 0.28627235 0.066666126 -0.9558262
vn 0.27842927 -0.0039215684 -0.96044874
vn 0.27842927 -0.0039215684 -0.96044874
vn 0.49019235 0.65489686 -0.5751709
vn 0.4745062 0.64705384 -0.5967958
vn 0.4745062 0.64705384 -0.5967958
vn 0.49803543 0.65489686 -0.5683932
vn 0.6078385 0.70979846 -0.35597545
vn 0.6078385 0.7176415 -0.3398869
vn -0.33333075 0.65489686 0.6782335
vn -0.30980146 0.64705384 0.6966666
vn -0.30980146 0.64705384 0.6966666
vn -0.34117377 0.66274 0.6666155
vn -0.4980353 0.7176415 0.48677668
vn -0.4980353 0.7176415 0.48677668
vn -0.035293818 0.08235228 0.9959781
vn -0.043136835 0.05882299 0.997336
vn -0.035293818 0.08235228 0.9959781
vn -0.043136835 0.05882299 0.997336
vn -0.035293818 0.003921509 0.99936926
vn -0.035293818 0.003921509 0.99936926
vn -0.003921509 -0.9999924 -0
vn -0.003921509 -0.9999924 -0
vn -0.003921509 -0.9999924 -0
vn -0.003921509 -0.9999924 -0
vn -0.003921509 -0.9999924 -0
vn -0.16078305 -0.9843062 -0.072733015
vn -0.003921509 -0.9999924 -0
vn -0.003921509 -0.9999924 -0
vn -0.003921509 -0.9999924 -0
vn -0.003921509 -0.9999924 -0
vn -0.003921509 -0.9999924 -0
vn 0.0039215684 -0.9999924 -0
vn -0.003921509 -0.9999924 -0
vn 0.0039215684 -0.9999924 -0
vn -0.003921509 -0.9999924 -0
vn -0.003921509 -0.9999924 -0
vn -0.003921509 -0.9999924 -0
vn -0.003921509 -0.9999924 -0
vn -0.05882299 -0.9843062 -0.16637641
vn -0.003921509 -0.9999924 -0
vn 0.0039215684 -0.9999924 -0
vn -0.02745068 -0.9921493 -0.12200926
vn -0.043136835 -0.9843062 -0.17111541
vn -0.9450908 0.08235228 -0.3162618
vn -0.9450908 0.05882299 -0.32147047
vn -0.9450908 0.08235228 -0.3162618
vn -0.9450908 0.066666126 -0.319936
vn -0.9529338 -0.0039215684 -0.30315316
vn -0.9529338 0.003921509 -0.30315316
vn -0.76469994 0.6392107 0.08150897
vn -0.7490138 0.65489686 0.100441396
vn -0.76469994 0.6392107 0.08150897
vn -0.74117076 0.66274 0.10696536
vn -0.6313677 0.7254846 0.273947
vn -0.6156815 0.7490138 0.24477468
vn -0.85097384 0.48234916 -0.2078047
vn -0.82744455 0.5294076 -0.1872514
vn -0.7254846 0.67842615 -0.11580182
vn -0.64705384 0.7568569 -0.09213551
vn 0.9921493 0.08235228 0.09411633
vn 0.9982743 0.05872193 -0
vn 0.9921493 0.08235228 0.09411633
vn 0.9982743 0.05872193 -0
vn 0.9921493 0.11372459 0.05202403
vn 0.9843062 0.16078305 0.072733015
vn 0.9282063 0.37206572 -0
vn 0.72548467 0.6392107 -0.25511107
vn 0.69411236 0.66274 -0.28104043
vn 0.72548467 0.6392107 -0.25511107
vn 0.70195544 0.65489686 -0.27994397
vn 0.52940774 0.7333276 -0.42656538
vn 0.52940774 0.7490138 -0.398379
vn 0.32548773 0.66274 0.6744134
vn 0.36470312 0.64705384 0.66956174
vn 0.36470312 0.64705384 0.66956174
vn 0.32548773 0.65489686 0.68203217
vn 0.2313708 0.7333276 0.639295
vn 0.20784158 0.7490138 0.6291107
vn 0.45882004 0.7019553 0.5447411
vn 0.76470006 0.08235228 0.63910246
vn 0.76470006 0.08235228 0.63910246
vn 0.77254313 0.066666126 0.63145286
vn 0.77254313 0.066666126 0.63145286
vn 0.77254313 0.003921509 0.63495016
vn 0.77254313 0.003921509 0.63495016
vn 0.5764662 0.6392107 0.5090151
vn 0.5843093 0.66274 0.46835712
vn 0.5764662 0.6392107 0.5090151
vn 0.59215236 0.66274 0.4584008
vn 0.6392108 0.7254846 0.25511107
vn 0.6078385 0.7490138 0.26364893
vn 0.45882004 0.08235228 0.88470465
vn 0.45097697 0.066666126 0.89004236
vn 0.45882004 0.08235228 0.88470465
vn 0.45097697 0.05882299 0.8905951
vn 0.45097697 0.003921509 0.892527
vn 0.4431339 0.003921509 0.8964469
vn -0.88234615 0.0901953 0.4618767
vn -0.88234615 0.066666126 0.46585503
vn -0.88234615 0.0901953 0.4618767
vn -0.88234615 0.066666126 0.46585503
vn -0.88234615 0.003921509 0.47058466
vn -0.88234615 0.003921509 0.47058466
vn -0.7568569 0.64705384 0.092135355
vn -0.74892175 0.6626585 -0
vn -0.7568569 0.64705384 0.092135355
vn -0.756206 0.6543336 -0
vn -0.67842615 0.70979846 -0.18953648
vn -0.67842615 0.70979846 -0.18953648
vn -0.3803892 -0.69411236 0.61115634
vn -0.3803892 -0.69411236 0.61115634
vn -0.4039184 -0.6784262 0.6136675
vn -0.3803892 -0.69411236 0.61115634
vn -0.37254608 -0.69411236 0.6159687
vn -0.6392107 -0.552937 0.5344814
vn 0.654897 0.08235228 -0.7512177
vn 0.6470539 0.066666126 -0.7595241
vn 0.654897 0.08235228 -0.7512177
vn 0.6470539 0.066666126 -0.7595241
vn 0.654897 0.003921509 -0.755708
vn 0.654897 0.003921509 -0.755708
vn 0.20784158 0.66274 -0.71942866
vn 0.24705696 0.64705384 -0.7213073
vn 0.24705696 0.64705384 -0.7213073
vn 0.1999985 0.65489686 -0.72877336
vn 0.10588157 0.7333276 -0.67157996
vn 0.08235234 0.7490138 -0.65741646
vn 0.36470312 0.70979846 -0.60264236
vn 0.38823235 -0.52940774 0.75432295
vn 0.38038927 -0.52940774 0.7583083
vn 0.39607543 -0.52156466 0.755708
vn 0.3725462 -0.52940774 0.7621921
vn 0.5764662 -0.80391544 0.14631012
vn 0.5764662 -0.77254313 0.2662025
vn 0.5843093 -0.76470006 0.27169198
vn 0.5764662 -0.7882293 0.21536317
vn 0.5450939 -0.83528775 -0.0718819
vn 0.9921493 0.003921509 -0.124997616
vn 0.9921493 0.003921509 -0.124997616
vn 0.9843062 0.003921509 -0.17642535
vn 0.9921493 0.011764526 -0.12450453
vn 0.9137185 -0.019607723 -0.40587434
vn 0.46666312 -0.46666312 0.7512996
vn 0.4745062 -0.46666312 0.74637085
vn 0.45882004 -0.4745062 0.75121766
vn 0.45882004 -0.4745062 0.75121766
vn 0.36470312 -0.52156466 0.77133775
vn 0.4352908 0.47450614 -0.765092
vn 0.41960466 0.47450614 -0.7738061
vn 0.42744774 0.47450614 -0.7695013
vn 0.41960466 0.47450614 -0.7738061
vn -0.074509144 0.66274 -0.7451336
vn -0.074509144 0.65489686 -0.7520362
vn -0.066666126 0.66274 -0.7458762
vn -0.066666126 0.66274 -0.7458762
vn 0.62352467 0.64705384 -0.43879193
vn 0.62352467 0.64705384 -0.43879193
vn 0.62352467 0.64705384 -0.43879193
vn 0.62352467 0.65489686 -0.4269978
vn 0.62352467 0.65489686 -0.4269978
vn 0.552937 0.08235228 -0.82914346
vn 0.552937 0.05882299 -0.8311441
vn 0.552937 0.08235228 -0.82914346
vn 0.5450939 0.066666126 -0.83572024
vn 0.552937 -0.0039215684 -0.83321387
vn 0.5450939 0.003921509 -0.83836585
vn 0.15294003 0.6392107 -0.7536704
vn 0.098038495 0.66274 -0.7424043
vn 0.15294003 0.6392107 -0.7536704
vn 0.121567726 0.66274 -0.7389161
vn -0.11372459 0.7254846 -0.67877746
vn 0.07450926 0.85097384 -0.51989603
vn -0.23137069 -0.69411236 0.6816712
vn -0.19999838 -0.6862693 0.6993104
vn -0.22352767 -0.69411236 0.68428314
vn -0.22352767 -0.69411236 0.68428314
vn -0.23137069 -0.69411236 0.6816712
vn -0.003921509 -0.59215236 0.8058165
vn -0.41960454 0.003921509 0.9076986
vn -0.42744768 0.003921509 0.9040316
vn -0.42744768 0.003921509 0.9040316
vn -0.42744768 0.003921509 0.9040316
vn -0.8352877 -0.52156466 0.1739678
vn -0.8352877 -0.52156466 0.1739678
vn -0.8352877 -0.52156466 0.1739678
vn -0.8352877 -0.52156466 0.1739678
vn -0.59215224 -0.756857 -0.27662846
vn -0.59215224 -0.756857 -0.27662846
vn -0.59215224 -0.756857 -0.27662846
vn -0.59215224 -0.756857 -0.27662846
vn -0.59215224 -0.756857 -0.27662846
vn 0.39607543 0.70979846 0.58250356
vn 0.27842927 0.70979846 0.6470419
vn 0.38038927 0.7176415 0.58334786
vn -0.22352767 0.7254846 0.6509282
vn -0.262743 0.70979846 0.65356886
vn -0.3176446 0.70979846 0.6287194
vn -0.30980146 0.70979846 0.6326209
vn -0.53725076 0.67842615 0.5010984
vn -0.7568569 0.6392107 -0.1362985
vn -0.74117076 0.65489686 -0.1475669
vn -0.7568569 0.6392107 -0.1362985
vn -0.74117076 0.65489686 -0.1475669
vn -0.62352455 0.7176415 -0.31017393
vn -0.64705384 0.7333276 -0.20869097
vn -0.68626916 0.7254846 -0.05202602
vn -0.96861994 0.08235228 0.2345069
vn -0.96861994 0.066666126 0.23943895
vn -0.96861994 0.08235228 0.2345069
vn -0.96861994 0.066666126 0.23943895
vn -0.96861994 0.003921509 0.2485156
vn -0.96861994 0.003921509 0.2485156
vn 0.4352908 0.64705384 0.6259738
vn 0.4039185 0.64705384 0.6466615
vn 0.4431339 0.6313677 0.6364018
vn 0.45882004 0.6156815 0.6406406
vn 0.39607543 0.66274 0.63553125
vn 0.39607543 0.66274 0.63553125
vn 0.21568465 0.08235228 0.9729842
vn 0.21568465 0.066666126 0.9741847
vn 0.21568465 0.08235228 0.9729842
vn 0.21568465 0.066666126 0.9741847
vn 0.21568465 0.003921509 0.9764552
vn 0.20784158 -0.0039215684 0.97815466
vn 0.4431339 0.7725431 0.4547632
vn 0.38038927 0.8039154 0.4571915
vn 0.3333308 0.8117584 0.4795194
vn 0.7071068 0.70710677 -0
vn 0.59215236 0.68626916 0.4223627
vn 0.5764662 0.7568569 0.30798423
vn 0.722557 0.69131124 -0
vn 0.6470539 0.7568569 -0.09213487
vn 0.6078385 0.7803861 -0.14673075
vn 0.45097697 0.7176415 -0.53066987
vn 0.3019585 0.7019553 -0.6450425
vn 0.1999985 0.7254846 -0.6585383
vn 0.3019585 0.93724763 -0.17432137
vn 0.4431339 0.8901892 -0.105809264
vn 0.25490004 0.9529338 -0.16414386
vn 0.4431339 0.8901892 -0.105809264
vn 0.42744774 0.8980323 -0.10404974
vn 0.38823235 0.098038435 -0.9163319
vn 0.4352908 0.08235228 -0.8965155
vn 0.4039185 0.0901953 -0.9103376
vn 0.4431339 0.05882299 -0.89452344
vn 0.4431339 0.066666126 -0.8939732
vn 0.4431339 0.003921509 -0.8964469
vn 0.4352908 0.003921509 -0.90028137
vn -0.53725076 0.466663 -0.7025577
vn -0.5529369 0.47450614 -0.6849122
vn -0.5529369 0.47450614 -0.6849122
vn -0.5450938 0.47450614 -0.6911705
vn -0.5607799 0.48234916 -0.6729526
vn 0.5137216 -0.76470006 -0.3890038
vn 0.52940774 -0.756857 -0.38326883
vn 0.52156466 -0.76470006 -0.37842324
vn 0.5450939 -0.7490139 -0.3766309
vn 0.9921493 0.003921509 -0.124997616
vn 0.9921493 0.003921509 -0.124997616
vn 0.9921493 0.011764526 -0.12450453
vn 0.9999924 0.003921509 -0
vn 0.9999924 -0.0039215684 -0
vn -0.45882 0.64705384 -0.60893804
vn -0.45097685 0.6392107 -0.6229202
vn -0.45097685 0.6313677 -0.63086826
vn -0.45097685 0.6313677 -0.63086826
vn -0.4352907 0.5529369 -0.7104807
vn -0.42744768 0.5294076 -0.73281384
vn -0.874503 0.466663 0.13217448
vn -0.874503 0.47450614 0.100440875
vn -0.874503 0.47450614 0.100440875
vn -0.874503 0.466663 0.13217448
vn 0.76470006 -0.019607723 0.64408803
vn 0.76470006 -0.019607723 0.64408803
vn 0.76470006 -0.019607723 0.64408803
vn 0.76470006 -0.019607723 0.64408803
vn -0.53725076 -0.7097985 -0.45557407
vn -0.53725076 -0.6862693 -0.49030206
vn -0.53725076 -0.72548467 -0.43015534
vn -0.5764661 -0.7097985 -0.4048122
vn -0.5999954 -0.70195544 -0.3837501
vn -0.62352455 -0.70195544 -0.344203
vn -0.64705384 -0.70195544 -0.29762378
vn -0.67842615 -0.66274005 -0.31703877
vn -0.74117076 -0.45882004 -0.4900511
vn -0.7490138 -0.4039185 -0.5251935
vn -0.7333276 -0.48234928 -0.47913435
vn -0.76469994 -0.4039185 -0.50207955
vn -0.76469994 -0.41176158 -0.49566767
vn -0.7568569 -0.42744774 -0.49442494
vn -0.81960154 -0.42744774 -0.38149935
vn -0.59215224 -0.7411708 -0.31626192
vn -0.9058753 0.011764526 -0.42338103
vn -0.8901892 -0.019607723 -0.45516893
vn -0.85881686 -0.16078311 -0.48639736
vn -0.81960154 -0.1294108 -0.5581274
vn -0.8117584 -0.08235234 -0.5781578
vn -0.53725076 -0.83528775 -0.116858974
vn -0.5215646 -0.8431308 -0.13076983
vn -0.4980353 -0.86666006 -0.029345663
vn -0.41960454 -0.89803237 -0.13217391
vn -0.30980146 -0.858817 -0.40799075
vn -0.7725431 0.003921509 -0.6349503
vn -0.16862607 -0.77254313 -0.612162
vn -0.1450969 -0.7176416 -0.6811295
vn -0.24705684 -0.76470006 -0.59514433
vn -0.27842915 -0.7490139 -0.6012116
vn -0.47450614 -0.7176416 -0.50973964
vn -0.50587845 -0.69411236 -0.5121474
vn -0.50587845 -0.6862693 -0.52261025
vn -0.7882292 0.003921509 -0.61536926
vn -0.7568569 -0.0039215684 -0.6535688
vn -0.7333276 -0.09019542 -0.673866
vn -0.7176415 -0.17646927 -0.6736834
vn -0.9996234 -0.027440675 -0
vn -0.9996234 -0.027440675 -0
vn -0.99214923 -0.035293877 0.119976014
vn -0.99999225 0.003921509 -0.00034492963
vn -0.25489998 0.7019553 -0.6650449
vn -0.23921382 0.7019553 -0.6708468
vn -0.23137069 0.7019553 -0.6735921
vn -0.23137069 0.7019553 -0.6735921
vn -0.30980146 0.66274 -0.6817615
vn -0.20784152 0.70979846 -0.67304385
vn -0.25489998 0.59215224 -0.76444864
vn -0.27842915 0.51372147 -0.81152165
vn 0.69411236 -0.7176416 -0.05655585
vn 0.7176416 -0.69411236 -0.05655585
vn 0.6862693 -0.7097985 -0.15880987
vn 0.654897 -0.72548467 -0.2116174
vn 0.63136774 -0.70195544 -0.32959569
vn 0.5450939 -0.7176416 -0.43343186
vn 0.56078005 -0.70195544 -0.43907213
vn 0.46666312 -0.70195544 -0.5380373
vn 0.32548773 -0.7176416 -0.61566895
vn 0.30980158 -0.7097985 -0.6326208
vn 0.29411542 -0.7097985 -0.64006424
vn 0.28627235 -0.70195544 -0.65215546
vn 0.14509696 -0.7176416 -0.6811295
vn 0.11372465 -0.7097985 -0.69516385
vn -0.08235228 -0.7176416 -0.69152635
vn -0.019607663 -0.7097985 -0.70413184
vn -0.16078305 -0.70195544 -0.69383526
vn -0.2941153 -0.7176416 -0.6312581
vn -0.3176446 -0.7097985 -0.62871933
vn -0.38823223 -0.7097985 -0.58776
vn -0.39607537 -0.70195544 -0.59193146
vn 0.6470539 0.70979846 -0.27840146
vn 0.6470539 0.70979846 -0.27840146
vn 0.6470539 0.70979846 -0.27840146
vn 0.654897 0.70979846 -0.25941488
vn 0.654897 0.7019553 -0.2799441
vn 0.66274005 0.70979846 -0.23866665
vn 0.6392108 0.6941123 -0.33108562
vn 0.63136774 -0.0274508 -0.7749976
vn 0.63136774 -0.019607723 -0.77523565
vn 0.6392108 -0.019607723 -0.7687816
vn 0.6470539 -0.019607723 -0.7621921
vn 0.46666312 -0.52156466 -0.71427995
vn 0.45882004 -0.52156466 -0.71934307
vn 0.45097697 -0.52156466 -0.7242859
vn 0.45097697 -0.52156466 -0.7242859
vn -0.47450614 -0.70195544 -0.53113323
vn -0.466663 -0.7176416 -0.5169295
vn -0.47450614 -0.70195544 -0.53113323
vn -0.39607537 -0.8117585 -0.4291531
vn 0.30980158 0.6941123 0.64979315
vn 0.31764466 0.7019553 0.63746417
vn 0.31764466 0.70979846 0.62871933
vn 0.30980158 0.7176415 0.6237096
vn 0.32548773 0.7176415 0.61566913
vn 0.32548773 0.7176415 0.61566913
vn 0.46666312 0.42744768 0.7742829
vn 0.0039215684 -0.9921493 -0.124997616
vn 0.0039215684 -0.9921493 -0.124997616
vn 0.0039215684 -0.9921493 -0.124997616
vn 0.011764646 -0.9921493 -0.12450454
vn 0.019607723 -0.9921493 -0.12351248
vn 0.69411236 -0.70195544 -0.15958256
vn 0.6705831 -0.72548467 -0.15488775
vn 0.69411236 -0.70195544 -0.15958256
vn 0.52156466 -0.8431308 -0.13076961
vn -0.67842615 0.7333276 0.044367816
vn -0.6941123 0.7176415 0.056558482
vn -0.7176415 0.6941123 0.05655822
vn -0.64705384 0.7490138 0.14247712
vn -0.035293818 0.9058753 -0.42207134
vn -0.043136835 0.9058753 -0.42134202
vn -0.043136835 0.8980323 -0.4378095
vn -0.050979972 0.8980323 -0.43696567
vn -0.15293992 0.86666 -0.47487882
vn -0.8807224 0.4736329 -0
vn -0.8807224 0.4736329 -0
vn -0.8807224 0.4736329 -0
vn -0.8807224 0.4736329 -0
vn 0.05098003 -0.9921493 0.1141965
vn 0.05098003 -0.9921493 0.1141965
vn 0.05098003 -0.9921493 0.1141965
vn 0.035293877 -0.9921493 0.11997543
vn 0.7176416 -0.69411236 0.05655585
vn 0.72548467 -0.6862693 0.05202344
vn 0.7176416 -0.69411236 0.05655585
vn 0.72548467 -0.6862693 0.05202344
vn 0.74892175 -0.6626585 -0
vn 0.6784262 -0.69411236 -0.24071956
vn 0.80391544 -0.59215236 -0.05545755
vn -0.043136835 -0.77254313 -0.6334953
vn -0.050979972 -0.76470006 -0.64236665
vn -0.050979972 -0.77254313 -0.63291246
vn -0.050979972 -0.76470006 -0.64236665
vn -0.050979972 -0.756857 -0.6515893
vn -0.56862307 0.003921509 -0.82258886
vn -0.5843092 0.003921509 -0.81152165
vn -0.56862307 0.003921509 -0.82258886
vn -0.5764661 0.003921509 -0.8171117
vn -0.85097384 0.02745068 -0.5244902
vn -0.34117377 -0.69411236 -0.63388366
vn -0.34117377 -0.69411236 -0.63388366
vn -0.3176446 -0.6784262 -0.66244984
vn -0.34117377 -0.69411236 -0.63388366
vn -0.34117377 -0.69411236 -0.63388366
vn -0.10588145 -0.5686231 -0.8157554
vn -0.13725376 -0.0039215684 0.99052817
vn -0.1450969 -0.0039215684 0.9894097
vn 0.098038495 0.011764526 0.9951131
vn 0.11372465 0.011764526 0.99344265
vn -0.85097384 -0.52156466 -0.061755996
vn -0.85097384 -0.52156466 -0.061755996
vn -0.85097384 -0.52156466 -0.061755996
vn -0.85097384 -0.52156466 -0.061755996
vn -0.41176152 -0.7097985 0.571523
vn -0.53725076 -0.756857 0.3721951
vn -0.5294076 -0.76470006 0.36737096
vn -0.5294076 -0.7490139 0.39837894
vn -0.2862723 -0.62352467 0.7275061
vn -0.27842915 -0.5137216 0.8115216
vn -0.5529369 0.003921509 0.8332139
vn -0.67842615 -0.0039215684 0.7346581
vn -0.5529369 0.003921509 0.8332139
vn -0.68626916 -0.0039215684 0.72733706
vn -0.10588145 -0.9921493 -0.06655016
vn -0.098038435 -0.9921493 -0.07764171
vn -0.10588145 -0.9921493 -0.06655016
vn -0.10588145 -0.9921493 -0.06655016
vn -0.098038435 -0.9921493 0.07764171
vn -0.37254608 -0.70195544 0.6070156
vn -0.23921382 -0.7097985 0.6625427
vn -0.37254608 -0.70195544 0.6070156
vn -0.13725376 -0.49019235 0.8607397
vn 0.066666186 -0.41960466 0.90525556
vn 0.019607723 -0.6862693 0.72708327
vn 0.0039215684 -0.70195544 0.71221006
vn -0.019607663 -0.7097985 0.70413184
vn -0.050979972 -0.3333308 0.9414306
vn -0.08235228 -0.4039185 0.91108066
vn -0.074509144 -0.38823235 0.91854453
vn -0.1450969 -0.5843093 0.79845446
vn -0.19215536 -0.6705831 0.7165156
vn 0.07450926 -0.0274508 0.99684244
vn 0.121567726 -0.035293877 0.99195546
vn 0.035293877 -0.0274508 0.9989999
vn 0.011764646 -0.15294003 0.98816544
vn -0.050979972 -0.121567726 0.9912731
vn -0.098038435 -0.09019542 0.9910869
vn -0.16862607 0.003921509 0.9856723
vn -0.13725376 -0.0039215684 0.99052817
vn -0.19215536 -0.0039215684 0.9813567
vn -0.21568453 -0.07450926 0.97361624
vn -0.22352767 -0.13725388 0.9649854
vn 0.35686004 0.02745068 0.93375444
vn 0.35686004 0.019607663 0.9339521
vn 0.3411739 0.050979972 0.93861675
vn 0.35686004 0.003921509 0.9341496
vn 0.34901696 -0.0039215684 0.9371082
vn 0.3411739 -0.043136954 0.9390099
vn 0.32548773 -0.0274508 0.94514775
vn 0.3411739 -0.019607723 0.9397957
vn 0.3333308 -0.019607723 0.94260603
vn 0.34901696 -0.011764646 0.9370426
vn 0.043136954 -0.7803862 0.6238081
vn 0.0274508 -0.77254313 0.63436866
vn 0.05882311 -0.7803862 0.62252486
vn 0.07450926 -0.7803862 0.62084275
vn 0.11372465 -0.76470006 0.6342717
vn 0.5843093 -0.52940774 0.6150692
vn 0.5843093 -0.5372508 0.6082304
vn 0.5843093 -0.52156466 0.62173384
vn 0.59215236 -0.552937 0.58618796
vn -0.93724763 0.011764526 0.34846592
vn -0.9450908 0.019607663 0.3262192
vn -0.93724763 0.011764526 0.34846592
vn -0.93724763 0.011764526 0.34846592
vn -0.9982743 0.058721937 -0
vn -0.9977852 0.06651899 -0
vn -0.38823223 0.8980323 -0.20691462
vn -0.39607537 0.8980323 -0.19147381
vn -0.38823223 0.8980323 -0.20691462
vn -0.41176152 0.8901892 -0.19497606
vn -0.9843061 -0.019607723 -0.17537689
vn -0.9843061 -0.0274508 -0.17432147
vn -0.9843061 -0.019607723 -0.17537689
vn -0.99214923 -0.0274508 -0.12200965
vn 0.22352773 -0.5372508 -0.8132631
vn 0.24705696 -0.5137216 -0.8216161
vn 0.05882311 -0.63136774 -0.7732494
vn 0.25490004 -0.5058785 -0.8240831
vn 0.2705862 -0.5058785 -0.8190665
vn 0.1294108 -0.011764646 -0.99152124
vn 0.17646927 -0.0039215684 -0.98429835
vn 0.18431234 -0.0039215684 -0.9828599
vn 0.17646927 -0.011764646 -0.9842358
vn 0.066666186 -0.0274508 -0.99739766
vn -0.9450908 -0.0274508 0.325653
vn -0.9450908 -0.019607723 0.32621917
vn -0.9450908 -0.0274508 0.325653
vn -0.93724763 -0.019607723 0.34811267
vn -0.5450938 0.70979846 -0.44616017
vn -0.53725076 0.7019553 -0.4675686
vn -0.5529369 0.70979846 -0.43640223
vn -0.5529369 0.70979846 -0.43640223
vn -0.5294076 0.64705384 -0.54867923
vn -0.5607799 0.7019553 -0.43907246
vn -0.5607799 0.70979846 -0.42627695
vn -0.56862307 0.670583 -0.4764307
vn -0.5843092 0.6392107 -0.49999243
vn -0.4352907 0.8901892 0.13448139
vn -0.41960454 0.9058753 0.057636324
vn -0.4352907 0.8901892 0.13448139
vn -0.3254876 0.9294046 0.17396797
vn -0.2941153 0.9450908 0.14247671
vn -0.4352907 -0.0039215684 0.9002814
vn -0.44313383 0.019607663 0.896241
vn -0.4352907 0.011764526 0.9002131
vn -0.48234916 0.16862607 0.85959554
vn 0.9998079 -0.019604106 -0
vn 0.99993086 0.011763803 -0
vn 0.9999924 0.003921509 -0
vn 0.9843062 0.16862607 0.052024316
vn 0.0039215684 -0.9999924 -0
vn 0.0039215684 -0.9999924 -0
vn 0.0039215684 -0.9999924 -0
vn 0.0039215684 -0.9999924 -0
vn 0.0039215684 -0.9999924 -0
vn -0.003921509 -0.9999924 -0
vn -0.003921509 -0.9999924 -0
vn -0.003921509 -0.9999924 -0
vn -0.003921509 -0.9999924 -0
vn -0.035293818 -0.9921493 0.11997543
vn 0.011763922 -0.99993086 -0
vn 0.0039215684 -0.9999924 -0
vn -0.003921509 -0.9999924 -0
vn -0.011763803 -0.99993086 -0
vn -0.003921509 -0.9999924 -0
vn -0.011763803 -0.99993086 -0
vn -0.011763803 -0.99993086 -0
vn -0.011763803 -0.99993086 -0
vn 0.4039185 0.51372147 -0.756928
vn 0.41176158 0.51372147 -0.75269026
vn 0.41176158 0.51372147 -0.75269026
vn 0.41176158 0.50587845 -0.75798374
vn -0.4901923 0.27058613 0.82854974
vn -0.51372147 0.35685992 0.7802187
vn -0.45882 0.23137069 0.8578763
vn -0.5215646 0.39607537 0.75570804
vn -0.48234916 0.4352907 0.7601719
vn -0.4901923 0.45097685 0.74587625
vn -0.5294076 0.5607799 0.6365952
vn -0.5607799 0.6156815 0.55359024
vn -0.5529369 0.65489686 0.5151416
vn -0.5843092 0.7019553 0.4072364
vn -0.59215224 0.6941123 0.4093457
vn -0.6078384 0.67842615 0.41263843
vn -0.5764661 0.7019553 0.41826496
vn -0.5764661 0.70979846 0.40481225
vn -0.64705384 0.670583 0.36282197
vn -0.7176415 0.6156815 0.32546422
vn -0.7725431 0.5607799 0.2978306
vn -0.86666 0.44313383 0.22920053
vn -0.874503 0.4352907 0.21393096
vn -0.8901892 0.39607537 0.22513889
vn -0.9058753 0.35685992 0.22812472
vn -0.9529338 0.262743 0.15127239
vn -0.96861994 0.22352767 0.10867736
vn 0.09019542 -0.9921493 -0.086628996
vn 0.09019542 -0.9921493 -0.086628996
vn 0.09019542 -0.9921493 -0.086628996
vn 0.08235234 -0.9921493 -0.09411613
vn 0.0039215684 0.36470306 -0.9311156
vn -0.003921509 0.3490169 -0.9371082
vn 0.14509696 0.34117377 -0.92873424
vn -0.3254876 0.3803892 -0.8656569
vn -0.3254876 0.3490169 -0.8787747
vn -0.5843092 0.42744768 -0.68983424
vn -0.62352455 0.51372147 -0.58932793
vn -0.7176415 0.5607799 -0.41293654
vn -0.68626916 0.70979846 -0.15881042
vn -0.70979846 0.7019553 -0.058693103
vn -0.5215646 0.8431307 0.13077076
vn -0.5294076 0.8431307 0.09411803
vn -0.30195844 0.91371846 0.2719185
vn -0.043136835 0.9529338 0.300094
vn -0.035293818 0.9607769 0.2750673
vn 0.27842927 0.93724763 0.20986667
vn 0.30980158 0.9215615 0.23398162
vn 0.57529956 0.81794286 -0
vn 0.5843093 0.8039154 -0.11091779
vn 0.6784262 0.6392107 -0.362143
vn 0.6392108 0.6078384 -0.47110727
vn 0.56078005 0.50587845 -0.6554485
vn 0.4745062 0.4980353 -0.7258131
vn 0.39607543 0.4039184 -0.82460546
vn 0.22352773 0.466663 -0.8557225
vn 0.41960466 0.59215224 -0.6879591
vn -0.99214923 -0.035293877 0.119976014
vn -0.99214923 -0.035293877 0.119976014
vn -0.99999225 -0.0039215684 -0.00034425134
vn -0.9764631 -0.16078311 0.14376602
vn 0.38823235 0.8980323 -0.20691447
vn 0.34901696 0.9215615 -0.17003408
vn 0.35686004 0.9215615 -0.15288994
vn 0.39607543 0.8980323 -0.19147381
vn 0.3725462 0.8980323 -0.23398137
vn 0.3725462 0.8980323 -0.23398137
vn 0.3411739 0.8980323 -0.27773783
vn 0.3411739 0.8980323 -0.27773783
vn 0.31764466 0.8980323 -0.30436787
vn 0.32548773 0.8980323 -0.2959657
vn 0.25490004 0.9215615 -0.2928317
vn 0.25490004 0.9294046 -0.26689517
vn -0.4352907 0.6313677 -0.6417919
vn -0.39607537 0.66274 -0.63553125
vn -0.39607537 0.66274 -0.63553125
vn -0.44313383 0.6313677 -0.6364018
vn -0.4039184 0.65489686 -0.6387175
vn -0.2862723 0.7803861 -0.5559188
vn 0.5686231 -0.0039215684 0.8225888
vn 0.5686231 -0.0039215684 0.8225888
vn 0.5764662 -0.0274508 0.81665975
vn 0.5686231 -0.0039215684 0.8225888
vn 0.5686231 -0.035293877 0.82184064
vn 0.5058785 -0.4745062 0.7203685
vn 0.46666312 -0.5686231 0.6774166
vn 0.4352908 -0.654897 0.6177636
vn 0.4039185 -0.70195544 0.5866075
vn 0.93724775 -0.3411739 0.071882054
vn 0.93724775 -0.32548773 0.124997556
vn 0.960777 -0.26274312 0.08873349
vn 0.9670746 -0.25449333 -0
vn 0.9294047 0.30195844 -0.21219808
vn 0.96862006 0.22352767 -0.10867626
vn 0.90587544 0.3490169 -0.23995177
vn 0.8901893 0.38823223 -0.23840885
vn 0.8509739 0.45882 -0.25559276
vn 0.86666006 0.44313383 -0.22920027
vn 0.69411236 0.6313677 -0.34580755
vn 0.72548467 0.62352455 -0.29135737
vn 0.6078385 0.67842615 -0.41263828
vn 0.5764662 0.7019553 -0.4182648
vn 0.5686231 0.7176415 -0.40206775
vn 0.59215236 0.7019553 -0.39574528
vn 0.59215236 0.67842615 -0.4348489
vn 0.56078005 0.62352455 -0.54474115
vn 0.56078005 0.6078384 -0.5621906
vn 0.5137216 0.45097685 -0.72986984
vn 0.5058785 0.44313383 -0.74008065
vn 0.52940774 0.39607537 -0.7502345
vn 0.52940774 0.35685992 -0.76966125
vn 0.5137216 0.33333075 -0.79055727
vn 0.4431339 0.23921382 -0.8639497
vn -0.5294076 -0.6392108 0.55779666
vn -0.51372147 -0.6392108 0.57227594
vn -0.4901923 -0.6470539 0.5839801
vn -0.5529369 -0.6392108 0.53448135
vn -0.5843092 -0.6392108 0.49999228
vn -0.5843092 -0.6392108 0.49999228
vn -0.6313677 -0.6392108 0.4390722
vn -0.6313677 -0.6392108 0.4390722
vn -0.670583 -0.6392108 0.37646773
vn -0.670583 -0.6392108 0.37646773
vn -0.6941123 -0.6392108 0.33108562
vn -0.6941123 -0.654897 0.29886132
vn -0.7176415 -0.6470539 0.25751108
vn -0.70979846 -0.6392108 0.29596567
vn -0.53725076 -0.73332775 0.41664383
vn -0.5294076 -0.7176416 0.45245785
vn -0.5294076 -0.7176416 0.45245785
vn -0.5294076 -0.72548467 0.43977216
vn -0.5607799 -0.756857 0.33569843
vn 0.66274005 -0.70195544 0.26083368
vn 0.66274005 -0.7097985 0.23866653
vn 0.6392108 -0.72548467 0.25511083
vn 0.654897 -0.7097985 0.2594148
vn 0.52156466 -0.79607236 0.3069839
vn -0.21568453 0.9450908 -0.2455272
vn -0.30195844 0.9450908 -0.12499809
vn -0.2941153 0.9529338 -0.0735759
vn -0.2941153 0.9450908 -0.14247671
vn -0.043136835 0.8980323 -0.4378095
vn 0.25490004 0.8039154 -0.53735095
vn 0.19215542 0.85097384 -0.48879424
vn 0.49019235 0.7019553 -0.51669157
vn 0.5686231 0.6392107 -0.51776195
vn 0.80391544 0.51372147 -0.29968348
vn 0.8431308 0.47450614 -0.25293142
vn 0.9137185 0.38823223 0.119975805
vn 0.9294047 0.35685992 0.09411653
vn 0.8431308 0.35685992 0.40222058
vn 0.80391544 0.37254608 0.46360475
vn 0.72548467 0.3803892 0.57356435
vn 0.59999543 0.4039184 0.69054717
vn 0.39607543 0.48234916 0.7813217
vn 0.31764466 0.4901923 0.81167316
vn 0.0274508 0.7019553 0.7116918
vn -0.003921509 0.62352455 0.78179395
vn -0.19215536 0.82744455 0.52764744
vn -0.25489998 0.85881686 0.44436425
vn -0.41176152 0.8431307 0.34580785
vn -0.7019553 -0.70195544 0.12048791
vn -0.70979846 -0.70195544 0.05869158
vn -0.7019553 -0.7097985 0.05869285
vn -0.7019553 -0.7097985 0.05869285
vn -0.6941123 -0.7176416 0.056556903
vn -0.45882 -0.52156466 0.7193431
vn -0.45882 -0.52156466 0.7193431
vn -0.45882 -0.52156466 0.7193431
vn -0.4901923 -0.52940774 0.6924153
vn 0.89803237 0.003921509 0.43991193
vn 0.97646314 0.003921509 0.21564874
vn 0.97646314 -0.0039215684 0.21564874
vn 0.96862006 -0.0039215684 -0.24851513
vn 0.94509083 0.003921509 -0.32678422
vn 0.6078385 -0.0039215684 -0.794051
vn 0.6862693 -0.0039215684 -0.727337
vn 0.552937 -0.0039215684 -0.83321387
vn 0.6156816 -0.0039215684 -0.78798527
vn 0.654897 0.003921509 -0.755708
vn 0.70195544 0.019607663 -0.7119509
vn 0.756857 0.003921509 -0.6535688
vn 0.79607236 0.003921509 -0.6051888
vn 0.8509739 0.003921509 -0.52519333
vn 0.858817 0.003921509 -0.51226753
vn 0.9215616 -0.0039215684 -0.38821238
vn 0.89803237 -0.0039215684 -0.43991193
vn 0.9529339 0.019607663 -0.30254343
vn 0.96862006 0.003921509 -0.24851513
vn 0.96862006 -0.0039215684 -0.24851513
vn 0.49803543 0.003921509 -0.8671478
vn 0.5450939 -0.0039215684 -0.83836585
vn 0.41960466 0.003921509 -0.9076985
vn 0.41176158 0.003921509 -0.91128314
vn 0.30980158 -0.0039215684 -0.95079315
vn 0.3019585 0.003921509 -0.953313
vn 0.1999985 -0.0039215684 -0.97978836
vn 0.19215542 0.003921509 -0.9813567
vn 0.08235234 -0.0039215684 -0.99659556
vn 0.07450926 0.003921509 -0.9972126
vn -0.02745068 -0.0039215684 -0.9996155
vn -0.035293818 0.003921509 -0.99936926
vn -0.1450969 -0.0039215684 -0.9894097
vn -0.15293992 0.003921509 -0.9882277
vn -0.262743 -0.0039215684 -0.9648579
vn -0.262743 0.003921509 -0.9648579
vn -0.37254608 -0.0039215684 -0.9280054
vn -0.37254608 0.003921509 -0.9280054
vn -0.47450614 -0.0039215684 -0.8802435
vn -0.47450614 0.003921509 -0.8802435
vn -0.5764661 -0.0039215684 -0.8171117
vn -0.5764661 -0.0039215684 -0.8171117
vn -0.66274 0.003921509 -0.7488393
vn -0.66274 -0.0039215684 -0.7488393
vn -0.74117076 0.003921509 -0.67130506
vn -0.7490138 -0.0039215684 -0.6625428
vn -0.81960154 0.003921509 -0.57292056
vn -0.81960154 -0.0039215684 -0.57292056
vn -0.874503 0.003921509 -0.4850042
vn -0.88234615 -0.0039215684 -0.47058466
vn -0.9294046 0.003921509 -0.36904156
vn -0.9294046 -0.0039215684 -0.36904156
vn -0.9607769 0.003921509 -0.27729464
vn -0.96861994 -0.0039215684 -0.2485156
vn -0.9843061 0.003921509 -0.17642602
vn -0.99214923 -0.0039215684 -0.124998085
vn -0.99999225 0.003921509 -0.00034492963
vn -0.99999225 -0.0039215684 -0.00034425134
vn -0.99999225 0.003921509 -0.00034492963
vn -0.99999225 0.003921509 -0.00034492963
vn -0.9843061 0.003921509 0.17642602
vn -0.9843061 0.011764526 0.17607702
vn -0.96861994 -0.0039215684 0.2485156
vn -0.96861994 -0.0039215684 0.2485156
vn -0.9764631 -0.0039215684 0.21564901
vn -0.9529338 -0.0039215684 0.30315316
vn -0.93724763 0.003921509 0.34864238
vn -0.9058753 0.019607663 0.42309034
vn -0.874503 0.003921509 0.4850042
vn -0.8431307 0.011764526 0.53757995
vn -0.7803861 0.003921509 0.6252857
vn -0.7803861 0.003921509 0.6252857
vn -0.67842615 -0.0039215684 0.7346581
vn -0.7176415 -0.0039215684 0.6964017
vn -0.6156815 0.019607663 0.78775114
vn -0.5529369 -0.0039215684 0.8332139
vn -0.670583 -0.0039215684 0.74182415
vn -0.4980353 0.003921509 0.86714786
vn -0.5450938 -0.0039215684 0.8383659
vn -0.62352455 0.003921509 0.78179395
vn -0.8117584 0.003921509 0.58398026
vn -0.8901892 -0.011764646 0.45543915
vn -0.41960454 0.003921509 0.9076986
vn -0.41176152 0.003921509 0.9112832
vn -0.30980146 -0.0039215684 0.9507932
vn -0.30195844 0.003921509 0.95331305
vn -0.19999838 -0.0039215684 0.97978836
vn -0.19215536 0.003921509 0.9813567
vn -0.08235228 -0.0039215684 0.99659556
vn -0.074509144 0.003921509 0.9972126
vn 0.035293877 -0.0039215684 0.99936926
vn 0.035293877 0.003921509 0.99936926
vn 0.14509696 -0.0039215684 0.9894097
vn 0.15294003 0.003921509 0.98822767
vn 0.26274312 -0.0039215684 0.9648579
vn 0.26274312 0.003921509 0.9648579
vn 0.3725462 -0.0039215684 0.92800534
vn 0.3725462 0.003921509 0.92800534
vn 0.4745062 -0.0039215684 0.8802434
vn 0.4745062 0.003921509 0.8802434
vn 0.5764662 -0.0039215684 0.81711155
vn 0.5764662 -0.0039215684 0.81711155
vn 0.66274005 -0.0039215684 0.74883926
vn 0.66274005 -0.0039215684 0.74883926
vn 0.7411708 0.003921509 0.67130506
vn 0.7490139 -0.0039215684 0.6625427
vn 0.8196016 0.003921509 0.57292044
vn 0.8196016 -0.0039215684 0.57292044
vn 0.87450314 0.003921509 0.485004
vn 0.8823462 -0.0039215684 0.4705845
vn 0.9294047 0.003921509 0.36904138
vn 0.9294047 -0.0039215684 0.36904138
vn 0.960777 0.003921509 0.27729443
vn 0.96862006 -0.0039215684 0.24851513
vn 0.9843062 0.003921509 0.17642535
vn 0.9921493 -0.0039215684 0.12499761
vn 0.9999924 0.003921509 -0
vn 0.9999924 -0.0039215684 -0
vn 0.9999924 0.003921509 -0
vn 0.9999924 0.003921509 -0
vn 0.9843062 0.003921509 -0.17642535
vn 0.9843062 0.003921509 -0.17642535
vn 0.96862006 0.003921509 -0.24851513
vn -0.0901953 0.066666126 -0.9936903
vn -0.074509144 0.0901953 -0.993133
vn -0.074509144 0.0901953 -0.993133
vn -0.0901953 0.066666126 -0.9936903
vn -0.003921509 0.08235228 -0.99659556
vn -0.0901953 0.003921509 -0.99591637
vn -0.0901953 0.003921509 -0.99591637
vn 0.7097985 -0.69411236 -0.11997543
vn 0.7097985 -0.69411236 -0.11997543
vn 0.7097985 -0.69411236 -0.11997543
vn 0.7097985 -0.6862693 -0.15880977
vn 0.7097985 -0.69411236 -0.11997543
vn 0.66274005 -0.5686231 -0.48728162
vn -0.011763804 0.99993086 -0
vn -0.003921509 0.99999225 -0.00034526698
vn 0.0039215684 0.99999225 -0.00034526698
vn 0.0039215684 0.99999225 -0.00034526698
vn 0.011763923 0.99993086 -0
vn -0.003921509 0.99999225 -0.00034526698
vn -0.003921509 0.99999225 -0.00034526698
vn -0.5999954 -0.52940774 -0.5997775
vn -0.6078384 -0.52940774 -0.59182763
vn -0.56862307 -0.5137216 -0.6424624
vn -0.7490138 -0.56078005 -0.35285142
vn -0.6078384 -0.7097985 0.35597554
vn -0.5450938 -0.6862693 0.48156747
vn -0.5607799 -0.7097985 0.42627686
vn -0.6078384 -0.73332775 0.3045701
vn -0.670583 -0.7097985 0.21564901
vn -0.15293992 -0.70195544 0.6956062
vn -0.15293992 -0.70195544 0.6956062
vn -0.18431222 -0.7097985 0.679864
vn -0.19215536 -0.7097985 0.677689
vn -0.262743 -0.7097985 0.6535688
vn -0.262743 -0.70195544 0.6619854
vn -0.30980146 -0.72548467 0.61456895
vn -0.37254608 -0.7097985 0.59782565
vn -0.4039184 -0.72548467 0.5572449
vn -0.38823223 -0.7097985 0.58776
vn -0.30195844 -0.73332775 0.60914
vn 0.08235234 -0.7097985 0.69957423
vn 0.19215542 -0.7176416 0.6693779
vn 0.19215542 -0.7176416 0.6693779
vn 0.0039215684 0.99999225 -0.00034526698
vn -0.003921509 0.99999225 -0.00034526698
vn 0.0039215684 0.99999225 -0.00034526698
vn -0.011763804 0.99993086 -0
vn 0.0039215684 0.99999225 -0.00034526698
vn -0.011763804 0.99993086 -0
vn -0.011763804 0.99993086 -0
vn -0.003921509 0.99999225 -0.00034526698
vn 0.0039215684 0.99999225 -0.00034526698
vn 0.0039215684 0.99999225 -0.00034526698
vn 0.0039215684 0.99999225 -0.00034526698
vn 0.0039215684 0.99999225 -0.00034526698
vn 0.38038927 0.8980323 0.22100216
vn 0.39607543 0.8980323 0.19147381
vn 0.38823235 0.8980323 0.20691447
vn 0.39607543 0.8980323 0.19147381
vn -0.39607537 -0.52156466 -0.755708
vn -0.39607537 -0.52156466 -0.755708
vn -0.39607537 -0.52156466 -0.755708
vn -0.39607537 -0.52940774 -0.7502344
vn 0.011763923 0.99993086 -0
vn 0.0039215684 0.99999225 -0.00034526698
vn 0.0039215684 0.99999225 -0.00034526698
vn 0.0039215684 0.99999225 -0.00034526698
vn 0.0039215684 0.99999225 -0.00034526698
vn 0.0039215684 0.99999225 -0.00034526698
vn 0.05882311 0.99214923 0.11036182
vn 0.0039215684 0.99999225 -0.00034526698
vn 0.0039215684 0.99999225 -0.00034526698
vn 0.0039215684 0.99999225 -0.00034526698
vn 0.0039215684 0.99999225 -0.00034526698
vn 0.0039215684 0.99999225 -0.00034526698
vn 0.0039215684 0.99999225 -0.00034526698
vn 0.0039215684 0.99999225 -0.00034526698
vn 0.0039215684 0.99999225 -0.00034526698
vn 0.0039215684 0.99999225 -0.00034526698
vn 0.0039215684 0.99999225 -0.00034526698
vn -0.9764631 0.003921509 -0.21564901
vn -0.9607769 -0.0039215684 -0.27729464
vn -0.8980323 0.003921509 -0.439912
vn -0.96861994 -0.0039215684 -0.2485156
vn -0.99999225 0.003921509 -0.00034492963
vn 0.035293877 0.8980323 0.43851143
vn 0.035293877 0.8980323 0.43851143
vn 0.035293877 0.8980323 0.43851143
vn 0.0274508 0.8980323 0.43907222
vn 0.035293877 0.8980323 0.43851143
vn -0.64705384 0.6392107 0.41560924
vn -0.64705384 0.74117076 0.1788498
vn -0.64705384 0.74117076 0.1788498
vn -0.67842615 0.67842615 0.2819147
vn -0.5529369 0.5215646 0.64979315
vn -0.39607537 0.45882 0.7953669
vn -0.50587845 0.45882 0.7304596
vn -0.19999838 0.3803892 0.90294224
vn 0.0274508 0.3490169 0.9367143
vn -0.011764526 0.3803892 0.9247517
vn 0.28627235 0.38823223 0.87597024
vn 0.3411739 0.38823223 0.8560818
vn 0.6156816 0.5294076 0.58366406
vn 0.5764662 0.4352907 0.69152635
vn 0.7176416 0.59215224 0.36653277
vn 0.6784262 0.7254846 0.11580143
vn 0.6862693 0.7254846 0.05202487
vn 0.4745062 0.86666 -0.154092
vn 0.52156466 0.8431307 -0.13077052
vn 0.25490004 0.9294046 -0.26689517
vn 0.05098003 0.9529338 -0.29886162
vn 0.05098003 0.9607769 -0.27259633
vn -0.23137069 0.9450908 -0.2308051
vn -0.23921382 0.9450908 -0.22266603
vn -0.38823223 0.9058753 -0.16930918
vn -0.3803892 0.9058753 -0.18626314
vn 0.45097697 0.6392107 0.6229201
vn 0.45097697 0.6313677 0.63086814
vn 0.45097697 0.64705384 0.61476916
vn 0.45097697 0.6392107 0.6229201
vn 0.45097697 0.64705384 0.61476916
vn 0.4431339 0.6941123 0.56730986
vn -0.003921509 -0.043136954 0.99906147
vn 0.0039215684 0.003921509 0.9999846
vn 0.0039215684 0.003921509 0.9999846
vn 0.011764646 -0.0274508 0.9995539
vn -0.08235228 -0.38823235 0.9178746
vn -0.2941153 -0.654897 0.6961366
vn -0.22352767 -0.6078385 0.76194996
vn -0.3254876 -0.70195544 0.6334954
vn -0.262743 -0.70195544 0.6619854
vn -0.30195844 -0.7097985 0.6364018
vn -0.20784152 -0.69411236 0.68920964
vn -0.15293992 -0.70195544 0.6956062
vn -0.12941074 -0.7097985 0.6924153
vn -0.05882299 -0.7097985 0.70194435
vn -0.05882299 -0.7097985 0.70194435
vn 0.035293877 -0.70195544 0.71134585
vn 0.035293877 -0.7097985 0.70352
vn 0.14509696 -0.7097985 0.68929887
vn 0.09019542 -0.70195544 0.70648664
vn 0.1999985 -0.69411236 0.6915263
vn 0.25490004 -0.70195544 0.6650448
vn 0.26274312 -0.7097985 0.6535688
vn 0.34901696 -0.7097985 0.6118605
vn 0.34901696 -0.7097985 0.6118605
vn 0.4352908 -0.7097985 0.5538122
vn 0.39607543 -0.70195544 0.59193146
vn 0.48234928 -0.69411236 0.5343662
vn 0.52940774 -0.70195544 0.4764305
vn 0.52940774 -0.7097985 0.46466497
vn 0.5764662 -0.70195544 0.4182646
vn 0.59999543 -0.70195544 0.38374996
vn 0.63136774 -0.70195544 0.32959569
vn 0.654897 -0.70195544 0.27994376
vn 0.654897 -0.7097985 0.2594148
vn 0.6784262 -0.7097985 0.18953617
vn 0.6784262 -0.7097985 0.18953617
vn 0.69411236 -0.7097985 0.11997543
vn 0.70195544 -0.70195544 0.12048692
vn 0.7176416 -0.69411236 0.05655585
vn 0.7097985 -0.70195544 -0.05869107
vn 0.7097985 -0.70195544 -0.05869107
vn 0.7097985 -0.69411236 -0.11997543
vn 0.7562059 -0.65433365 -0
vn 0.7948022 -0.6068687 -0
vn 0.8901893 -0.39607543 0.2251384
vn 0.9529339 -0.05098003 0.2988612
vn 0.9529339 -0.019607723 0.3025434
vn 0.93724775 0.003921509 0.34864205
vn 0.93724775 0.003921509 0.34864205
vn -0.48234916 -0.70195544 0.52402085
vn -0.41960454 -0.7411708 0.5240209
vn -0.4039184 -0.7490139 0.5251934
vn -0.50587845 -0.7176416 0.47862044
vn -0.5607799 -0.69411236 0.45136893
vn -0.5764661 -0.7176416 0.3907395
vn -0.62352455 -0.69411236 0.3597571
vn -0.62352455 -0.7176416 0.31017363
vn -0.66274 -0.7097985 0.23866665
vn -0.64705384 -0.73332775 0.20869069
vn -0.6313677 -0.7490139 0.2008807
vn 0.8431308 -0.52940774 0.09411613
vn 0.8431308 -0.52940774 0.09411613
vn 0.8509739 -0.52156466 0.061755516
vn 0.8196016 -0.5686231 0.07014955
vn 0.0039215684 -0.9999924 -0
vn 0.0039215684 -0.9999924 -0
vn 0.0039215684 -0.9999924 -0
vn 0.0039215684 -0.9999924 -0
vn 0.0039215684 -0.9999924 -0
vn 0.21568465 -0.97646314 -0
vn 0.0039215684 -0.9999924 -0
vn 0.0039215684 -0.9999924 -0
vn 0.0039215684 -0.9999924 -0
vn 0.0039215684 -0.9999924 -0
vn 0.0039215684 -0.9999924 -0
vn -0.003921509 -0.9999924 -0
vn 0.0039215684 -0.9999924 -0
vn 0.0039215684 -0.9999924 -0
vn 0.0039215684 -0.9999924 -0
vn 0.0039215684 -0.9999924 -0
vn 0.0039215684 -0.9999924 -0
vn 0.0039215684 -0.9999924 -0
vn 0.043097205 -0.9990709 -0
vn 0.0039215684 -0.9999924 -0
vn 0.26274312 -0.9529339 -0.15127146
vn 0.48234928 -0.87450314 -0.050827593
vn 0.27834368 -0.9604816 -0
vn 0.615568 -0.78808385 -0
vn 0.0509143 -0.998703 -0
vn 0.15294003 -0.9843062 -0.08803766
vn -0.019604046 -0.9998079 -0
vn -0.16078305 -0.9843062 -0.072733015
vn 0.9921493 0.0901953 -0.08662903
vn 0.9921493 0.08235228 -0.09411633
vn 0.9921493 0.098038435 -0.077641785
vn 0.9921493 0.05882299 -0.1103614
vn 0.9921493 0.05882299 -0.1103614
vn 0.9921493 0.003921509 -0.124997616
vn 0.9921493 -0.0039215684 -0.12499761
vn -0.011764526 -0.0039215684 -0.9999231
vn -0.011764526 -0.0039215684 -0.9999231
vn 0.0039215684 -0.05098003 -0.998692
vn -0.011764526 -0.035293877 -0.9993077
vn 0.11372465 -0.4352908 -0.89307815
vn 0.28627235 -0.6470539 -0.70666075
vn 0.26274312 -0.6392108 -0.72275555
vn 0.3333308 -0.69411236 -0.6380428
vn 0.30980158 -0.70195544 -0.64131236
vn 0.26274312 -0.7097985 -0.6535688
vn 0.1999985 -0.69411236 -0.6915263
vn 0.14509696 -0.7097985 -0.68929887
vn 0.15294003 -0.7176416 -0.6794114
vn 0.043136954 -0.7097985 -0.7030827
vn 0.043136954 -0.70195544 -0.71091336
vn -0.066666126 -0.7097985 -0.701243
vn -0.011764526 -0.70195544 -0.7121237
vn -0.12156761 -0.69411236 -0.70952755
vn -0.18431222 -0.70195544 -0.68795896
vn -0.18431222 -0.7097985 -0.679864
vn -0.27058613 -0.70195544 -0.6588184
vn -0.262743 -0.7097985 -0.6535688
vn -0.3254876 -0.70195544 -0.6334954
vn -0.37254608 -0.70195544 -0.6070156
vn -0.41960454 -0.69411236 -0.58492744
vn -0.47450614 -0.6862693 -0.55125165
vn -0.5607799 -0.38038927 -0.7354114
vn -0.466663 -0.7097985 -0.5276473
vn -0.5294076 -0.7097985 -0.46466509
vn -0.5215646 -0.7176416 -0.46147686
vn -0.5764661 -0.7097985 -0.4048122
vn -0.5764661 -0.7097985 -0.4048122
vn -0.12156761 -0.9843062 -0.12791641
vn -0.12156761 -0.9843062 -0.12791641
vn -0.6313677 -0.70195544 -0.32959586
vn -0.62352455 -0.7097985 -0.3277243
vn -0.66274 -0.69411236 -0.28104043
vn -0.670583 -0.70195544 -0.23995204
vn -0.68626916 -0.70195544 -0.19050768
vn -0.6941123 -0.70195544 -0.15958293
vn -0.7019553 -0.70195544 -0.12048791
vn -0.7176415 -0.69411236 -0.056557428
vn -0.70979846 -0.70195544 0.05869158
vn -0.70979846 -0.70195544 0.05869158
vn -0.7176415 -0.69411236 0.056557428
vn -0.756206 -0.6543337 -0
vn -0.8431307 -0.5137216 -0.15881042
vn -0.93724763 -0.05098003 -0.34491727
vn -0.9294046 -0.035293877 -0.3673709
vn -0.93724763 -0.0039215684 -0.34864238
vn -0.93724763 -0.0039215684 -0.34864238
vn 0.46666312 -0.70195544 -0.5380373
vn 0.42744774 -0.7176416 -0.549799
vn 0.39607543 -0.7411708 -0.5420241
vn 0.49019235 -0.72548467 -0.48309773
vn 0.552937 -0.69411236 -0.4609433
vn 0.5686231 -0.7176416 -0.4020675
vn 0.6156816 -0.69411236 -0.37302035
vn 0.62352467 -0.7176416 -0.31017342
vn 0.66274005 -0.69411236 -0.2810403
vn 0.6392108 -0.7411708 -0.20512287
vn 0.63136774 -0.7490139 -0.20088041
vn -0.9607769 0.12156761 -0.24925692
vn -0.9607769 0.098038435 -0.25941503
vn -0.9529338 0.12156761 -0.27773824
vn -0.9450908 0.098038435 -0.31175613
vn -0.9215615 0.12156761 -0.3687082
vn -0.9529338 0.02745068 -0.30193323
vn -0.96861994 0.019607663 -0.24777192
vn -0.91371846 0.02745068 -0.4054196
vn -0.9058753 0.098038435 -0.4120417
vn -0.874503 0.12156761 -0.46953782
vn -0.874503 0.019607663 -0.48462355
vn -0.8431307 0.0901953 -0.53009003
vn -0.8431307 0.003921509 -0.5376944
vn -0.82744455 0.12156761 -0.54823065
vn -0.8117584 0.011764526 -0.5838749
vn -0.8117584 0.08235228 -0.5781578
vn -0.8039154 0.12156761 -0.58218676
vn -0.7882292 -0.0039215684 -0.61536926
vn 0.35686004 0.8980323 0.25727198
vn 0.35686004 0.8980323 0.25727198
vn 0.34901696 0.8980323 0.26781547
vn 0.36470312 0.8980323 0.24602762
vn 0.3725462 0.8980323 0.23398137
vn 0.3725462 0.8980323 0.23398137
vn 0.3725462 0.9058753 0.2014925
vn 0.3333308 0.9294046 0.15842225
vn 0.38038927 0.8980323 0.22100216
vn 0.38038927 0.9058753 0.18626298
vn 0.39607543 0.8980323 0.19147381
vn 0.4039185 0.8980323 0.17432085
vn 0.41176158 0.8980323 0.15488814
vn 0.41960466 0.8980323 0.13217369
vn 0.41176158 0.8980323 0.15488814
vn 0.41176158 0.8980323 0.15488814
vn 0.4039185 0.8980323 0.17432085
vn 0.41960466 0.8980323 0.13217369
vn 0.41960466 0.8980323 0.13217369
vn 0.80391544 0.12156761 0.58218664
vn 0.8274447 0.12156761 0.54823047
vn 0.8117585 0.0901953 0.5769861
vn 0.8431308 0.098038435 0.5286954
vn 0.8117585 0.02745068 0.58334774
vn 0.87450314 0.12156761 0.46953762
vn 0.8431308 0.003921509 0.53769416
vn 0.79607236 0.1764692 0.57890195
vn 0.89803237 0.003921509 0.43991193
vn 0.89803237 0.098038435 0.42886636
vn 0.9215616 0.12156761 0.36870793
vn 0.93724775 0.011764526 0.34846556
vn 0.94509083 0.0901953 0.3141148
vn 0.9529339 0.12156761 0.27773783
vn 0.960777 0.011764526 0.27707252
vn 0.960777 0.08235228 0.26481253
vn 0.960777 0.12156761 0.24925669
vn 0.96862006 0.003921509 0.24851513
vn -0.5529369 0.670583 0.49454948
vn -0.39607537 0.74117076 0.54202414
vn -0.53725076 0.670583 0.51154673
vn -0.37254608 0.74117076 0.558458
vn -0.0901953 0.86666 0.49067837
vn -0.11372459 0.85881686 0.4995001
vn 0.08235234 0.9215615 0.3793975
vn 0.20784158 0.9607769 0.1836017
vn 0.28627235 0.9529338 0.09982665
vn 0.26274312 0.91371846 -0.30997524
vn 0.29411542 0.9529338 0.0735755
vn 0.36470312 0.85881686 -0.35975718
vn 0.16078311 0.8039154 -0.57259834
vn -0.035293818 0.68626916 -0.72649086
vn -0.043136835 0.59215224 -0.8046707
vn -0.36470306 0.48234916 -0.796449
vn -0.4039184 0.4901923 -0.7723739
vn -0.6392107 0.39607537 -0.6591919
vn -0.7333276 0.37254608 -0.56871784
vn -0.88234615 0.33333075 -0.3321986
vn -0.8117584 0.36470306 -0.456114
vn -0.91371846 0.38823223 -0.119976304
vn -0.91371846 0.4039184 0.044367984
vn -0.86666 0.4352907 0.24376726
vn -0.85097384 0.39607537 0.3449171
vn 0.11372465 -0.019607723 0.9933188
vn 0.121567726 -0.011764646 0.9925134
vn 0.15294003 0.011764526 0.98816544
vn 0.07450926 -0.05098003 0.99591637
vn 0.7882293 0.2941153 0.5405468
vn 0.7882293 0.2941153 0.5405468
vn 0.7882293 0.2941153 0.5405468
vn 0.7882293 0.2941153 0.5405468
vn 0.77254313 0.38823223 -0.50244683
vn 0.76470006 0.4352907 -0.4751377
vn 0.7882293 0.25489998 -0.56010765
vn 0.7882293 0.21568453 -0.57634604
vn -0.41176152 -0.69411236 0.5904748
vn -0.42744768 -0.6784262 0.59751683
vn -0.39607537 -0.7097985 0.5825035
vn -0.39607537 -0.7097985 0.5825035
vn -0.3803892 -0.66274005 0.6450424
vn -0.56862307 0.011764526 -0.82251406
vn -0.5843092 0.043136835 -0.81038386
vn -0.5843092 0.050979972 -0.8099283
vn -0.6392107 0.262743 -0.72275573
vn 0.72548467 -0.0039215684 -0.6882271
vn 0.76470006 -0.0039215684 -0.6443745
vn 0.72548467 0.003921509 -0.6882271
vn 0.76470006 0.003921509 -0.6443745
vn 0.8196016 -0.0039215684 -0.57292044
vn 0.8274447 0.003921509 -0.5615336
vn 0.86666006 -0.0039215684 -0.49888372
vn 0.6862693 0.003921509 -0.727337
vn 0.66274005 0.003921509 -0.74883926
vn 0.63136774 0.003921509 -0.77547365
vn 0.8901893 0.003921509 -0.455574
vn 0.8901893 -0.0039215684 -0.455574
vn 0.9137185 0.003921509 -0.40632877
vn 0.5843093 0.003921509 -0.8115216
vn 0.56078005 0.003921509 -0.82795554
vn 0.49019235 -0.0039215684 -0.87160546
vn 0.48234928 0.003921509 -0.8759702
vn 0.38823235 -0.0039215684 -0.9215532
vn 0.3725462 0.003921509 -0.92800534
vn 0.28627235 -0.0039215684 -0.95814025
vn 0.26274312 0.003921509 -0.9648579
vn 0.17646927 -0.0039215684 -0.98429835
vn 0.14509696 0.003921509 -0.9894097
vn 0.05882311 -0.0039215684 -0.99826074
vn 0.0274508 0.003921509 -0.9996155
vn -0.050979972 -0.0039215684 -0.998692
vn -0.0901953 0.003921509 -0.99591637
vn -0.16078305 -0.0039215684 -0.986982
vn -0.20784152 0.003921509 -0.97815466
vn -0.27058613 -0.0039215684 -0.9626878
vn -0.3176446 0.003921509 -0.9482017
vn -0.3803892 -0.0039215684 -0.9248182
vn -0.41176152 0.003921509 -0.9112832
vn -0.48234916 -0.0039215684 -0.87597024
vn -0.4980353 0.003921509 -0.86714786
vn -0.5764661 -0.0039215684 -0.8171117
vn -0.5843092 0.003921509 -0.81152165
vn -0.66274 -0.0039215684 -0.7488393
vn -0.66274 0.003921509 -0.7488393
vn -0.74117076 -0.0039215684 -0.67130506
vn -0.7490138 0.003921509 -0.6625428
vn -0.8117584 -0.0039215684 -0.58398026
vn -0.82744455 0.003921509 -0.56153375
vn -0.874503 -0.0039215684 -0.4850042
vn -0.88234615 0.003921509 -0.47058466
vn -0.9215615 -0.0039215684 -0.38821262
vn -0.93724763 0.003921509 -0.34864238
vn -0.9607769 -0.0039215684 -0.27729464
vn -0.96861994 0.003921509 -0.2485156
vn -0.9843061 -0.0039215684 -0.17642602
vn -0.99214923 0.003921509 -0.12499809
vn -0.99999225 -0.0039215684 -0.00034425134
vn -0.99999225 0.003921509 -0.00034492963
vn -0.99999225 -0.0039215684 -0.00034425134
vn -0.99214923 0.003921509 0.12499809
vn -0.9843061 -0.0039215684 0.17642602
vn -0.9764631 0.003921509 0.21564901
vn -0.9607769 -0.0039215684 0.27729464
vn -0.93724763 0.003921509 0.34864238
vn -0.93724763 0.003921509 0.34864238
vn -0.91371846 0.003921509 0.40632892
vn -0.88234615 0.003921509 0.47058466
vn -0.91371846 0.003921509 0.40632892
vn -0.8901892 -0.0039215684 0.45557418
vn -0.86666 -0.0039215684 0.49888384
vn -0.82744455 0.003921509 0.56153375
vn -0.81960154 -0.0039215684 0.57292056
vn -0.76469994 0.003921509 0.6443746
vn -0.7568569 -0.0039215684 0.6535688
vn -0.7254846 -0.0039215684 0.68822724
vn -0.7176415 0.003921509 0.6964017
vn -0.68626916 0.003921509 0.72733706
vn -0.670583 0.003921509 0.74182415
vn -0.6392107 0.003921509 0.76902163
vn -0.5764661 0.003921509 0.8171117
vn -0.56862307 0.003921509 0.82258886
vn -0.4901923 -0.0039215684 0.8716055
vn -0.48234916 0.003921509 0.87597024
vn -0.38823223 -0.0039215684 0.9215532
vn -0.37254608 0.003921509 0.9280054
vn -0.2862723 -0.0039215684 0.9581403
vn -0.262743 0.003921509 0.9648579
vn -0.1764692 -0.0039215684 0.98429835
vn -0.1450969 0.003921509 0.9894097
vn -0.05882299 -0.0039215684 0.99826074
vn -0.02745068 0.003921509 0.9996155
vn 0.05098003 -0.0039215684 0.998692
vn 0.09019542 0.003921509 0.99591637
vn 0.16078311 -0.0039215684 0.986982
vn 0.20784158 0.003921509 0.97815466
vn 0.2705862 -0.0039215684 0.96268773
vn 0.31764466 0.003921509 0.9482017
vn 0.38038927 -0.0039215684 0.92481816
vn 0.41176158 0.003921509 0.91128314
vn 0.48234928 -0.0039215684 0.8759702
vn 0.49803543 0.003921509 0.8671478
vn 0.5764662 -0.0039215684 0.81711155
vn 0.5843093 0.003921509 0.8115216
vn 0.66274005 -0.0039215684 0.74883926
vn 0.66274005 0.003921509 0.74883926
vn 0.7411708 -0.0039215684 0.67130506
vn 0.7490139 0.003921509 0.6625427
vn 0.8117585 -0.0039215684 0.5839801
vn 0.8274447 0.003921509 0.5615336
vn 0.87450314 -0.0039215684 0.485004
vn 0.8823462 0.003921509 0.4705845
vn 0.9215616 -0.0039215684 0.38821238
vn 0.93724775 0.003921509 0.34864205
vn 0.960777 -0.0039215684 0.27729443
vn 0.96862006 0.003921509 0.24851513
vn 0.9843062 -0.0039215684 0.17642535
vn 0.9921493 0.003921509 0.124997616
vn 0.9999924 -0.0039215684 -0
vn 0.9999924 0.003921509 -0
vn 0.9999924 -0.0039215684 -0
vn 0.9921493 0.003921509 -0.124997616
vn 0.9843062 -0.0039215684 -0.17642535
vn 0.97646314 0.003921509 -0.21564874
vn 0.96862006 -0.0039215684 -0.24851513
vn 0.93724775 0.003921509 -0.34864205
vn 0.94509083 0.003921509 -0.32678422
vn 0.9215616 0.003921509 -0.38821238
vn 0.70195544 -0.6784262 -0.21678656
vn 0.6392108 -0.72548467 -0.25511083
vn 0.6705831 -0.70195544 -0.23995167
vn 0.6392108 -0.7097985 -0.2959656
vn 0.63136774 -0.70195544 -0.32959569
vn 0.6078385 -0.70195544 -0.37120202
vn 0.5843093 -0.70195544 -0.4072361
vn 0.62352467 -0.654897 -0.42699763
vn 0.79607236 -0.45097697 -0.40359458
vn 0.83528775 -0.41176158 -0.3643443
vn 0.7803862 -0.48234928 -0.3979152
vn 0.8274447 -0.3725462 -0.42017218
vn 0.8196016 -0.36470312 -0.4418652
vn 0.8117585 -0.38038927 -0.44311637
vn 0.7411708 -0.4352908 -0.5110653
vn 0.5686231 -0.7490139 -0.34006757
vn 0.8117585 -0.0039215684 -0.5839801
vn 0.38038927 -0.83528775 -0.39698663
vn 0.83528775 -0.043136954 -0.54811823
vn 0.36470312 -0.8509739 -0.3779353
vn 0.8431308 -0.15294003 -0.51549953
vn 0.8823462 -0.1294108 -0.45245776
vn 0.90587544 -0.098038495 -0.4120414
vn 0.28627235 -0.8823462 -0.3735148
vn 0.23921388 -0.86666006 -0.43780944
vn 0.45882004 -0.87450314 -0.15725271
vn 0.5764662 -0.8117585 0.09346027
vn 0.6470539 -0.73332775 0.2086904
vn 0.93724775 0.003921509 -0.34864205
vn 0.6862693 -0.7176416 0.11842733
vn 0.66274005 -0.7176416 0.21393031
vn 0.9294047 -0.0039215684 -0.36904138
vn 0.94509083 -0.0039215684 -0.32678422
vn 0.9529339 -0.07450926 -0.2938798
vn 0.94509083 -0.15294003 -0.2888125
vn 0.49803543 -0.86666006 -0.029343631
vn 0.70195544 -0.6862693 -0.19050722
vn 0.6705831 -0.7176416 -0.1879063
vn 0.27834368 -0.9604816 -0
vn 0.07450926 -0.9921493 0.100439765
vn 0.08235234 -0.9921493 0.09411613
vn -0.85097384 0.51372147 0.10924168
vn -0.85097384 0.51372147 0.10924168
vn -0.85097384 0.51372147 0.10924168
vn -0.8431307 0.51372147 0.15881081
vn -0.4039184 0.5294076 0.74604124
vn -0.33333075 0.5999954 0.7272525
vn -0.33333075 0.5999954 0.7272525
vn -0.21568453 0.68626916 0.6946329
vn 0.6156816 0.7254846 0.30758452
vn 0.41960466 0.85097384 0.3158725
vn 0.3333308 0.8901892 0.3105701
vn 0.6862693 0.66274 0.29968348
vn -0.56862307 0.38823223 -0.7252196
vn -0.47450614 0.47450614 -0.74140936
vn -0.59215224 0.35685992 -0.7225003
vn -0.7254846 0.18431222 -0.6630996
vn 0.019604106 -0.9998079 -0
vn -0.035272125 -0.9993777 -0
vn 0.0039215684 -0.9999924 -0
vn 0.066666186 -0.9921493 -0.105808415
vn 0.066519044 -0.9977852 -0
vn 0.11372465 -0.9921493 0.052023727
vn 0.20784158 -0.93724775 -0.27994382
vn -0.043097086 -0.9990709 -0
vn -0.15293992 -0.96862006 0.19591977
vn -0.011763803 -0.99993086 -0
vn -0.5999954 0.7019553 0.38375035
vn -0.4039184 0.81960154 0.406329
vn -0.62352455 0.67842615 0.38852942
vn -0.3176446 0.85881686 0.4019148
vn -0.20784152 0.86666 0.45354423
vn 0.5058785 0.5764661 -0.64169604
vn 0.6784262 0.45097685 -0.5799636
vn 0.5137216 0.5764661 -0.63543445
vn 0.38823235 0.64705384 -0.65619886
vn -0.003921509 -0.9999924 -0
vn -0.003921509 -0.9999924 -0
vn -0.003921509 -0.9999924 -0
vn 0.0039215684 -0.9999924 -0
vn -0.003921509 -0.9999924 -0
vn 0.0039215684 -0.9999924 -0
vn -0.003921509 -0.9999924 -0
vn -0.003921509 -0.9999924 -0
vn 0.0039215684 -0.9999924 -0
vn -0.003921509 -0.9999924 -0
vn -0.003921509 -0.9999924 -0
vn -0.011763803 -0.99993086 -0
vn 0.0039215684 -0.9999924 -0
vn 0.0039215684 -0.9999924 -0
vn 0.011763922 -0.99993086 -0
vn 0.858817 0.37254608 0.35162884
vn 0.83528775 0.23137069 0.49876043
vn 0.858817 0.3490169 0.37499416
vn 0.8431308 0.50587845 0.18225633
vn 0.756857 0.4039184 -0.5138263
vn 0.7882293 0.3803892 -0.48373407
vn 0.73332775 0.41960454 -0.53494155
vn 0.63136774 0.48234916 -0.60721827
vn 0.59999543 -0.27842927 0.7499884
vn 0.59999543 -0.28627235 0.74702984
vn 0.59999543 -0.25490004 0.7583083
vn 0.59215236 -0.24705696 0.7670192
vn 0.8431308 0.45882 0.28038296
vn 0.96862006 0.19999838 0.14756624
vn 0.87450314 0.3803892 0.30091247
vn 0.73332775 0.59215224 0.33404517
vn 0.6392108 0.70979846 0.2959657
vn -0.66274 0.74117076 0.10696536
vn -0.5294076 0.8431307 0.09411803
vn -0.45097685 0.8901892 -0.06467699
vn -0.7176415 0.67842615 0.15725358
vn 0.098038495 -0.9843062 0.14673014
vn 0.019604106 -0.9998079 -0
vn 0.019604106 -0.9998079 -0
vn -0.003921509 -0.9999924 -0
vn -0.011763803 -0.99993086 -0
vn -0.003921509 -0.9999924 -0
vn 0.0039215684 -0.9999924 -0
vn 0.0039215684 -0.9999924 -0
vn 0.0039215684 -0.9999924 -0
vn 0.0039215684 -0.9999924 -0
vn -0.86666 -0.34901696 -0.3564935
vn -0.874503 -0.31764466 -0.36653286
vn -0.874503 -0.32548773 -0.35958615
vn -0.85881686 -0.36470312 -0.35975718
vn 0.13725388 -0.56078005 -0.8165091
vn 0.121567726 -0.5137216 -0.8493005
vn 0.098038495 -0.38823235 -0.9163319
vn 0.08235234 -0.3411739 -0.9363858
vn 0.76470006 0.34117377 -0.5466574
vn 0.77254313 0.3176446 -0.549799
vn 0.77254313 0.33333075 -0.5404329
vn 0.77254313 0.3176446 -0.549799
vn -0.7882292 0.2862723 -0.5447411
vn -0.76469994 0.3803892 -0.5201328
vn -0.7882292 0.2862723 -0.5447411
vn -0.76469994 0.38823223 -0.5143051
vn -0.6392107 -0.45882004 0.617166
vn -0.64705384 -0.4352908 0.6259738
vn -0.64705384 -0.39607543 0.6514949
vn -0.65489686 -0.38823235 0.64837164
vn -0.6313677 -0.4039185 0.6619854
vn -0.76469994 -0.2313708 0.6014163
vn -0.79607224 -0.18431234 0.5764529
vn -0.82744455 -0.0039215684 0.56153375
vn -0.8039154 -0.035293877 0.5936956
vn -0.76469994 -0.17646927 0.61975205
vn -0.7254846 -0.14509696 0.6727696
vn -0.6941123 -0.10588157 0.7120374
vn -0.64705384 0.003921509 0.76243424
vn -0.670583 -0.0039215684 0.74182415
vn -0.62352455 -0.0039215684 0.78179395
vn -0.6078384 -0.07450926 0.7905573
vn -0.59215224 -0.14509696 0.7926554
vn -0.45097685 0.8352877 -0.31450656
vn -0.39607537 0.85881686 -0.3248967
vn -0.45882 0.85097384 -0.25559285
vn -0.44313383 0.88234615 -0.15842244
vn -0.41960454 0.9058753 -0.057636324
vn 0.35686004 0.50587845 0.7853266
vn 0.3411739 0.4901923 0.8020672
vn 0.36470312 0.51372147 0.7765835
vn 0.3725462 0.5294076 0.7621922
vn 0.59999543 0.79607224 0.0792115
vn 0.62352467 0.7803861 0.047059014
vn 0.4352908 0.8352877 0.33588153
vn 0.38823235 0.85097384 0.35372186
vn 0.16078311 0.8352877 0.5257788
vn 0.043136954 0.82744455 0.5598881
vn -0.20784152 0.68626916 0.69701976
vn -0.25489998 0.62352455 0.73908263
vn 0.0039215684 0.99999225 -0.00034526698
vn 0.0039215684 0.99999225 -0.00034526698
vn 0.0039215684 0.99999225 -0.00034526698
vn 0.0039215684 0.99999225 -0.00034526698
vn 0.03527219 0.9993777 -0
vn 0.0039215684 0.99999225 -0.00034526698
vn 0.0039215684 0.99999225 -0.00034526698
vn 0.0039215684 0.99999225 -0.00034526698
vn 0.0039215684 0.99999225 -0.00034526698
vn 0.0039215684 0.99999225 -0.00034526698
vn 0.0039215684 0.99999225 -0.00034526698
vn 0.0039215684 0.99999225 -0.00034526698
vn 0.0039215684 0.99999225 -0.00034526698
vn 0.0039215684 0.99999225 -0.00034526698
vn -0.003921509 0.99999225 -0.00034526698
vn 0.0039215684 0.99999225 -0.00034526698
vn 0.0039215684 0.99999225 -0.00034526698
vn -0.003921509 0.99999225 -0.00034526698
vn 0.0039215684 0.99999225 -0.00034526698
vn -0.003921509 0.99999225 -0.00034526698
vn -0.003921509 0.99999225 -0.00034526698
vn -0.058721937 0.9982743 -0
vn 0.0039215684 0.99999225 -0.00034526698
vn 0.0039215684 0.99999225 -0.00034526698
vn -0.003921509 0.99999225 -0.00034526698
vn 0.0039215684 0.99999225 -0.00034526698
vn 0.0039215684 0.99999225 -0.00034526698
vn 0.0039215684 0.99999225 -0.00034526698
vn -0.003921509 0.99999225 -0.00034526698
vn -0.003921509 0.99999225 -0.00034526698
vn 0.027440675 0.9996234 -0
vn -0.003921509 0.99999225 -0.00034526698
vn 0.0039215684 0.99999225 -0.00034526698
vn 0.0039215684 0.99999225 -0.00034526698
vn 0.027440675 0.9996234 -0
vn 0.019604107 0.9998079 -0
vn -0.003921509 0.99999225 -0.00034526698
vn 0.019604107 0.9998079 -0
vn 0.3725462 0.9215615 -0.10924168
vn -0.003921509 0.99999225 -0.00034526698
vn 0.0039215684 0.99999225 -0.00034526698
vn -0.011763804 0.99993086 -0
vn 0.027440675 0.9996234 -0
vn 0.0039215684 0.99999225 -0.00034526698
vn -0.003921509 0.99999225 -0.00034526698
vn 0.0039215684 0.99999225 -0.00034526698
vn -0.003921509 0.99999225 -0.00034526698
vn -0.003921509 0.99999225 -0.00034526698
vn -0.003921509 0.99999225 -0.00034526698
vn 0.0039215684 0.99999225 -0.00034526698
vn 0.15294003 0.9764631 -0.15208295
vn 0.38038927 0.7882292 -0.48373413
vn 0.552937 0.6078384 -0.56990635
vn 0.49803543 0.7490138 -0.43696576
vn 0.5058785 0.74117076 -0.44130808
vn 0.5450939 0.70979846 -0.44616002
vn 0.4745062 0.8039154 -0.35855815
vn 0.4745062 0.8117584 -0.3404294
vn 0.59215236 0.6156815 -0.519896
vn 0.77254313 0.4039184 -0.48992553
vn 0.10588157 0.99214923 0.066550605
vn 0.098038495 0.99214923 0.07764248
vn 0.098038495 0.99214923 -0.07764248
vn 0.098038495 0.99214923 0.07764248
vn 0.10588157 0.99214923 0.066550605
vn 0.098038495 0.99214923 -0.07764248
vn 0.098038495 0.99214923 -0.07764248
vn 0.10588157 0.99214923 -0.066550605
vn 0.10588157 0.99214923 -0.066550605
vn 0.10588157 0.99214923 -0.066550605
vn 0.09019542 0.99214923 -0.08662968
vn 0.12933922 0.9916004 -0
vn 0.09019542 0.99214923 -0.08662968
vn 0.08207513 0.9966261 -0
vn 0.07450926 0.99214923 -0.10044035
vn 0.07430387 0.99723566 -0
vn 0.30980158 0.51372147 -0.80007076
vn 0.30980158 0.51372147 -0.80007076
vn 0.30980158 0.51372147 -0.80007076
vn 0.31764466 0.50587845 -0.80199057
vn -0.68626916 0.7254846 -0.05202602
vn -0.66274 0.74117076 -0.10696536
vn -0.68626916 0.7254846 -0.05202602
vn -0.7019553 0.70979846 -0.058693357
vn -0.7019553 0.70979846 -0.058693357
vn -0.7019553 0.70979846 -0.058693357
vn -0.6992508 0.71487653 -0
vn 0.756857 0.2862723 -0.5875506
vn 0.756857 0.21568453 -0.61696655
vn 0.7176416 0.53725076 -0.4431164
vn 0.7097985 0.56862307 -0.415757
vn -0.38823223 0.10588145 0.9154588
vn -0.45097685 0.08235228 0.8887283
vn -0.41960454 0.098038435 0.9023971
vn -0.44313383 0.050979972 0.8950047
vn -0.44313383 0.050979972 0.8950047
vn -0.41960454 0.011764526 0.9076308
vn -0.41960454 0.011764526 0.9076308
vn -0.7333276 0.39607537 -0.55258924
vn -0.7019553 0.27842915 -0.6555425
vn -0.7333276 0.3803892 -0.56350213
vn -0.74117076 0.4352907 -0.5110655
vn -0.670583 0.38823223 0.6321346
vn -0.7254846 0.4352907 0.5330986
vn -0.7333276 0.44313383 0.51561904
vn -0.7803861 0.4980353 0.37809834
vn 0.62352467 0.6156815 0.48182285
vn 0.62352467 0.6078384 0.4916803
vn 0.6078385 0.5843092 0.5376943
vn 0.6392108 0.65489686 0.40313727
vn 0.48234928 0.670583 0.5636112
vn 0.5450939 0.5215646 0.6563863
vn 0.5372508 0.51372147 0.6689184
vn 0.5450939 0.53725076 0.6436103
vn 0.34901696 0.82744455 0.43991214
vn 0.4431339 0.7568569 0.48041645
vn 0.48234928 0.70979846 0.51334715
vn 0.48234928 0.67842615 0.5541454
vn 0.45882004 0.6392107 0.617166
vn 0.5058785 0.7019553 0.50134385
vn 0.0039215684 0.99999225 -0.00034526698
vn -0.019607663 0.99214923 0.12351296
vn -0.019607663 0.99214923 0.12351296
vn -0.035293818 0.9607769 0.2750673
vn -0.05882299 0.99214923 0.11036182
vn -0.05882299 0.99214923 0.11036182
vn -0.05882299 0.99214923 0.11036182
vn -0.05882299 0.99214923 0.11036182
vn -0.670583 0.4039184 0.62222856
vn -0.5764661 0.262743 0.77372664
vn -0.66274 0.38823223 0.6403526
vn -0.7176415 0.4901923 0.49467388
vn -0.44313383 0.011764526 0.8963783
vn -0.45097685 0.003921509 0.89252704
vn -0.5450938 0.003921509 0.8383659
vn -0.50587845 -0.011764646 0.8625245
vn -0.66274 -0.011764646 0.7487572
vn -0.74117076 0.011764526 0.67121345
vn -0.81960154 -0.011764646 0.57281315
vn -0.874503 0.011764526 0.48487735
vn -0.9294046 -0.0039215684 0.36904156
vn -0.9450908 0.003921509 0.3267844
vn -0.99214923 -0.0039215684 0.124998085
vn -0.99214923 -0.0039215684 0.124998085
vn -0.99999225 0.003921509 -0.00034492963
vn -0.99999225 -0.0039215684 -0.00034425134
vn -0.99214923 0.003921509 -0.12499809
vn -0.96861994 -0.011764646 -0.24826796
vn -0.93724763 0.003921509 -0.34864238
vn -0.8901892 -0.011764646 -0.45543915
vn -0.85097384 0.011764526 -0.52507627
vn -0.7725431 -0.011764646 -0.63485336
vn -0.68626916 0.011764526 -0.7272525
vn -0.6392107 0.003921509 -0.76902163
vn -0.59215224 0.011764526 -0.80574024
vn -0.5999954 0.019607663 -0.7997632
vn 0.83528775 0.53725076 0.11685885
vn 0.7176416 0.6941123 -0.05655664
vn 0.79607236 0.5999954 -0.07921094
vn 0.5843093 0.74117076 -0.33052772
vn 0.72548467 0.47450614 -0.49851367
vn 0.30980158 0.8901892 -0.33404523
vn 0.14509696 0.86666 -0.47733358
vn 0.87450314 0.47450614 -0.10043998
vn 0.8196016 0.5294076 -0.21904516
vn 0.86666006 0.48234916 -0.12743486
vn 0.8901893 0.45097685 -0.064675495
vn 0.7176416 0.5843092 0.37891066
vn 0.6392108 0.67842615 0.36214298
vn 0.654897 0.66274 0.36316064
vn 0.5843093 0.7333276 0.347582
vn 0.098038495 0.5294076 0.84268385
vn 0.08235234 0.5294076 0.84436107
vn 0.3019585 0.6156815 0.72784424
vn -0.043136835 0.45882 0.8874815
vn 0.11372465 0.5215646 -0.84559864
vn 0.098038495 0.5294076 -0.84268385
vn -0.11372459 0.6392107 -0.76057637
vn 0.24705696 0.4352907 -0.86572796
vn -0.050979972 0.64705384 0.760738
vn -0.12156761 0.7019553 0.70176923
vn -0.05882299 0.65489686 0.7534255
vn 0.05098003 0.5764661 0.8155292
vn -0.7803861 0.2941153 0.5518095
vn -0.7803861 0.2941153 0.5518095
vn -0.7803861 0.2862723 0.5559188
vn -0.7803861 0.2862723 0.5559188
vn -0.7803861 0.5607799 0.2766286
vn -0.7254846 0.5999954 0.33716115
vn -0.6392107 0.53725076 0.5502466
vn -0.82744455 0.5529369 0.09796064
vn -0.9043746 0.42673954 -0
vn -0.019604048 0.9998079 -0
vn -0.035293818 0.99214923 0.11997593
vn -0.02745068 0.99214923 0.122009754
vn 0.011764646 0.99214923 0.12450501
vn 0.011764646 0.99214923 0.12450501
vn 0.019607723 0.99214923 0.12351296
vn -0.098038435 0.37254608 0.9228206
vn -0.2941153 0.36470306 0.88345224
vn 0.035293877 0.45097685 0.89183754
vn -0.39607537 0.3176446 0.8615255
vn -0.56862307 0.3176446 0.7587949
vn 0.4431339 0.70979846 0.5475569
vn 0.35686004 0.7803861 0.5134671
vn 0.3333308 0.7882292 0.5172865
vn 0.5764662 0.5843092 0.5712
vn -0.81794286 0.57529944 -0
vn -0.7725431 0.6156815 0.15528505
vn -0.7882292 0.6078384 0.0960584
vn -0.70979846 0.64705384 0.2784016
vn -0.5607799 0.23137069 -0.79498017
vn -0.5607799 0.23921382 -0.7926554
vn -0.5607799 0.23921382 -0.7926554
vn -0.5607799 0.23137069 -0.79498017
vn -0.34117377 0.79607224 -0.49986944
vn -0.30195844 0.8901892 -0.34115148
vn -0.35685992 0.7254846 -0.5884922
vn -0.2862723 0.91371846 -0.2883865
vn 0.4039185 0.9058753 0.12743509
vn 0.41960466 0.8980323 0.13217369
vn 0.35686004 0.9294046 0.09411676
vn 0.4431339 0.88234615 0.15842244
vn 0.34897408 0.9371324 -0
vn 0.46666312 0.88234615 0.060752273
vn 0.16078311 0.9843061 -0.072734654
vn 0.066666186 0.9764631 -0.20512317
vn -0.20784152 0.9607769 -0.1836017
vn -0.48234916 -0.7490139 -0.45422184
vn -0.3254876 -0.69411236 -0.6420793
vn -0.3176446 -0.6705831 -0.6703881
vn -0.466663 -0.76470006 -0.4443641
vn -0.51372147 -0.76470006 -0.38900396
vn -0.45882 -0.7882293 -0.41009608
vn 0.035293877 -0.8901893 -0.45422173
vn 0.11372465 -0.87450314 -0.47149864
vn 0.2313708 -0.858817 -0.45705682
vn 0.23921388 -0.8509739 -0.46756837
vn 0.27842927 -0.8431308 -0.46000817
vn -0.70979846 0.6941123 0.11997605
vn -0.6941123 0.7019553 0.15958348
vn -0.66274 0.7333276 0.15167814
vn -0.68626916 0.70979846 0.15881042
vn -0.74117076 0.66274 0.10696536
vn -0.65489686 0.74117076 0.147567
vn -0.62352455 0.7725431 0.11997642
vn -0.53725076 0.8352877 0.11685949
vn -0.6543336 0.756206 -0
vn -0.7948022 0.6068686 -0
vn -0.85097384 0.5215646 0.06175648
vn -0.68626916 0.7254846 0.05202602
vn -0.6941123 0.7176415 0.056558482
vn -0.85097384 0.5215646 0.06175648
vn -0.8581837 0.51334274 -0
vn -0.466663 -0.38823235 -0.7946705
vn -0.50587845 -0.30980158 -0.80505276
vn -0.4980353 -0.32548773 -0.8037528
vn -0.45882 -0.41960466 -0.78320885
vn -0.65489686 -0.6470539 -0.3904246
vn -0.67842615 -0.5843093 -0.44533202
vn -0.65489686 -0.6392108 -0.40313727
vn -0.6941123 -0.5450939 -0.47019228
vn 0.10588157 0.9843061 0.14117578
vn 0.027440675 0.9996234 -0
vn 0.0039215684 0.99999225 -0.00034526698
vn 0.058722056 0.9982743 -0
vn 0.0039215684 0.99999225 -0.00034526698
vn -0.53725076 0.4039184 0.7404131
vn -0.4901923 0.3176446 0.8116732
vn -0.5450938 0.4352907 0.7165157
vn -0.59215224 0.53725076 0.6005975
vn 0.38823235 0.74117076 -0.5476692
vn 0.38038927 0.7176415 -0.58334786
vn 0.36470312 0.7254846 -0.58366406
vn 0.38038927 0.7176415 -0.58334786
vn 0.38038927 0.7176415 -0.58334786
vn 0.3725462 0.6941123 -0.6159687
vn 0.3725462 0.7333276 -0.5687178
vn 0.24705696 0.85097384 -0.4634721
vn 0.26274312 0.76469994 -0.5883877
vn 0.2705862 0.74117076 -0.61436874
vn 0.28627235 0.7176415 -0.6348534
vn 0.3333308 0.70979846 -0.6205455
vn 0.2313708 0.7333276 -0.639295
vn 0.1999985 0.81960154 -0.53689283
vn 0.19215542 0.7490138 -0.6340778
vn 0.19215542 0.7019553 -0.6858098
vn 0.19215542 0.6941123 -0.6937466
vn 0.20784158 0.70979846 -0.67304385
vn 0.22352773 0.7176415 -0.65956503
vn 0.88072234 0.47363284 -0
vn 0.89803237 0.4352907 0.06371731
vn 0.8338527 0.55198693 -0
vn 0.9137185 0.39607537 0.09078962
vn -0.6078384 0.47450614 -0.6366918
vn -0.51372147 0.53725076 -0.66891843
vn -0.53725076 0.5215646 -0.66282123
vn -0.3490169 0.6313677 -0.69250417
vn -0.6913113 0.722557 -0
vn -0.7019553 0.70979846 0.058693357
vn -0.6941123 0.7176415 0.056558482
vn -0.67842615 0.7333276 -0.044367816
vn 0.26274312 0.34117377 -0.9025334
vn 0.34901696 0.50587845 -0.7888436
vn 0.30980158 0.42744768 -0.84930056
vn 0.41176158 0.64705384 -0.641696
vn -0.5607799 0.4352907 -0.70430666
vn -0.27842915 0.19999838 -0.9394029
vn -0.2862723 0.51372147 -0.80878824
vn -0.25489998 0.5607799 -0.78775114
vn -0.043136835 0.64705384 -0.761223
vn -0.5450938 0.45097685 -0.70674795
vn 0.09019542 0.7568569 -0.6473271
vn -0.7568569 0.37254608 -0.53700745
vn 0.1999985 0.79607224 -0.57120013
vn -0.7803861 0.35685992 -0.51346713
vn 0.32548773 0.8980323 -0.2959657
vn 0.3725462 0.874503 -0.3105701
vn 0.31764466 0.9450908 0.07684576
vn 0.26274312 0.9607769 0.088734284
vn 0.1999985 0.93724763 0.2856002
vn 0.098038495 0.9294046 0.3558026
vn -0.05882299 0.86666 0.49541932
vn -0.1764692 0.8352877 0.52072364
vn -0.4352907 0.7254846 0.5330986
vn -0.5294076 0.6941123 0.48778653
vn -0.7568569 0.5529369 0.34846574
vn -0.7882292 0.53725076 0.30009386
vn -0.9058753 0.35685992 -0.22812472
vn -0.9058753 0.34117377 -0.2509788
vn -0.9058753 0.41960454 0.057636194
vn -0.8980323 0.4352907 0.06371778
vn 0.45097697 0.5215646 0.72428596
vn 0.45097697 0.5215646 0.72428596
vn 0.4431339 0.59215224 0.6730439
vn 0.45882004 0.5294076 0.71359074
vn 0.4039185 0.7176415 0.5673099
vn 0.4039185 0.7176415 0.5673099
vn 0.4039185 0.7176415 0.5673099
vn 0.42744774 0.6941123 0.5792206
vn 0.08235234 0.05882299 0.9948658
vn 0.07450926 0.003921509 0.9972126
vn 0.08235234 0.003921509 0.99659556
vn 0.09019542 0.05882299 0.9941854
vn 0.019607723 0.0901953 0.99573106
vn -0.1450969 0.08235228 0.98598427
vn 0.098038495 -0.9921493 -0.07764171
vn -0.011763803 -0.99993086 -0
vn -0.027440554 -0.9996234 -0
vn -0.019604046 -0.9998079 -0
vn -0.0901953 -0.9921493 -0.086628996
vn 0.043097205 -0.9990709 -0
vn 0.3725462 -0.9215616 -0.10924086
vn 0.0039215684 -0.9999924 -0
vn 0.011763922 -0.99993086 -0
vn -0.003921509 -0.9999924 -0
vn 0.6705831 -0.4431339 -0.59493744
vn 0.7490139 -0.3019585 -0.58974504
vn 0.6784262 -0.42744774 -0.5975168
vn 0.76470006 -0.25490004 -0.5918275
vn -0.74117076 0.4980353 0.45014077
vn -0.6313677 0.7019553 0.32959613
vn -0.62352455 0.7019553 0.34420326
vn -0.7490138 0.47450614 0.46240923
vn 0.56078005 -0.0039215684 0.82795554
vn 0.5764662 -0.0039215684 0.81711155
vn 0.5686231 -0.0039215684 0.8225888
vn 0.5764662 0.011764526 0.8170363
vn 0.63136774 0.1764692 0.755138
vn 0.05882311 -0.3411739 0.93815786
vn 0.0274508 -0.42744774 0.9036232
vn 0.0274508 -0.41960466 0.9072918
vn 0.066666186 -0.31764466 0.94586337
vn -0.50587845 0.79607224 0.3321987
vn -0.62352455 0.7019553 0.34420326
vn -0.5999954 0.7254846 0.3371612
vn -0.45882 0.81960154 0.34312904
vn 0.90587544 0.05882299 0.41943952
vn 0.90587544 0.003921509 0.42352602
vn 0.90587544 0.003921509 0.42352602
vn 0.90587544 0.05882299 0.41943952
vn 0.87450314 0.0901953 0.4765596
vn 0.87450314 0.0901953 0.4765596
vn 0.96862006 0.0901953 0.23160301
vn -0.85097384 0.44313383 -0.2819147
vn -0.91371846 0.3803892 -0.14290774
vn -0.8039154 0.39607537 -0.44367146
vn -0.7019553 0.4039184 -0.5866078
vn -0.62352455 0.30980146 -0.71780235
vn 0.5686231 0.7568569 -0.32223493
vn 0.45097697 0.874503 -0.17850554
vn 0.4039185 0.9058753 -0.12743509
vn 0.6392108 0.66274 -0.3901093
vn 0.34901696 0.670583 0.65460336
vn 0.35686004 0.66274 0.6583514
vn 0.48234928 0.5529369 0.6794115
vn 0.23921388 0.74117076 0.6272501
vn 0.0039215684 0.466663 -0.8844265
vn 0.09019542 0.5607799 -0.8230375
vn 0.09019542 0.5607799 -0.8230375
vn 0.16078311 0.6313677 -0.7586327
vn 0.858817 0.035293818 -0.5110653
vn 0.83528775 0.011764526 -0.54968715
vn 0.83528775 0.003921509 -0.549799
vn 0.8117585 -0.0274508 -0.58334774
vn 0.6078385 -0.72548467 -0.32280698
vn 0.56078005 -0.7097985 -0.42627674
vn 0.6156816 -0.69411236 -0.37302035
vn 0.552937 -0.7176416 -0.42338073
vn 0.45882004 -0.6705831 -0.58292574
vn 0.32548773 0.33333075 0.8848437
vn 0.26274312 0.39607537 0.8798241
vn 0.34901696 0.30195844 0.88713485
vn 0.38823235 0.262743 0.88331294
vn 0.8823462 0.466663 0.06075203
vn 0.8509739 0.5215646 -0.061755996
vn 0.85818374 0.5133427 -0
vn 0.8196016 0.56862307 -0.07014997
vn -0.91170174 0.4108527 -0
vn -0.91371846 0.4039184 0.044367984
vn -0.91371846 0.4039184 0.044367984
vn -0.91371846 0.39607537 0.09079028
vn -0.003921509 -0.9999924 -0
vn 0.0039215684 -0.9999924 -0
vn -0.003921509 -0.9999924 -0
vn 0.074303865 -0.99723566 -0
vn 0.0039215684 -0.9999924 -0
vn 0.0274508 -0.9921493 0.12200926
vn 0.1999985 -0.97646314 0.080748565
vn -0.027440554 -0.9996234 -0
vn -0.003921509 -0.9999924 -0
vn -0.12941074 -0.94509083 0.30009362
vn 0.0039215684 0.66274 0.7488393
vn 0.0274508 0.7254846 0.68769073
vn 0.0274508 0.7254846 0.68769073
vn 0.05882311 0.8039154 0.5918276
vn -0.24705684 0.8431307 -0.47759143
vn -0.10588145 0.9529338 -0.28408864
vn -0.34117377 0.8039154 -0.48715556
vn -0.44313383 0.7019553 -0.5575761
vn -0.5999954 0.62352455 -0.50122124
vn 0.23921388 0.30980146 0.9202173
vn 0.2313708 0.30980146 0.92222047
vn 0.23921388 0.27842915 0.93019027
vn 0.23921388 0.27842915 0.93019027
vn 0.9137185 0.019607663 0.40587434
vn 0.93724775 0.05882299 0.3436663
vn 0.90587544 0.003921509 0.42352602
vn 0.8823462 -0.035293877 0.4692755
vn -0.7803861 0.36470306 0.5079264
vn -0.7882292 0.24705684 0.5636112
vn -0.7882292 0.21568453 0.57634616
vn -0.7725431 0.41176152 0.4833525
vn 0.4431339 0.88234615 -0.15842244
vn 0.41176158 0.8980323 -0.15488814
vn 0.4039185 0.8980323 -0.17432085
vn 0.36470312 0.9215615 -0.13310166
vn 0.0274508 0.51372147 -0.8575178
vn -0.05882299 0.41176152 -0.90939116
vn 0.05882311 0.5450938 -0.8363089
vn 0.14509696 0.62352455 -0.7682213
vn 0.46666312 0.41176152 -0.7827375
vn 0.3411739 0.3490169 -0.8728044
vn 0.45882004 0.4039184 -0.7914127
vn 0.5686231 0.45097685 -0.687959
vn -0.21568453 -0.4039185 -0.88900506
vn -0.21568453 -0.41176158 -0.88539964
vn -0.23921382 -0.39607543 -0.8865106
vn -0.23921382 -0.39607543 -0.8865106
vn -0.24705684 -0.38823235 -0.887828
vn -0.21568453 -0.3411739 -0.91492105
vn -0.12941074 -0.22352773 -0.96606845
vn -0.043136835 -0.05882311 -0.997336
vn -0.0901953 -0.0274508 -0.99554574
vn -0.13725376 -0.0274508 -0.9901555
vn -0.16078305 -0.15294003 -0.9750683
vn -0.23137069 -0.098038495 -0.9679132
vn -0.27058613 -0.07450926 -0.95980805
vn -0.33333075 0.003921509 -0.94280183
vn -0.30980146 0.003921509 -0.9507932
vn -0.36470306 -0.0039215684 -0.9311156
vn -0.3803892 -0.08235234 -0.9211526
vn -0.38823223 -0.16862619 -0.9060027
vn -0.48234916 0.5764661 0.6595651
vn -0.5215646 0.5999954 0.6066102
vn -0.5215646 0.5999954 0.6066102
vn -0.6156815 0.66274 0.42627686
vn 0.9215616 0.3803892 0.077641994
vn 0.9294047 0.35685992 0.09411653
vn 0.89803237 0.4352907 0.06371731
vn 0.94509083 0.30195844 0.124997586
vn 0.46666312 0.44313383 -0.7654136
vn 0.49019235 0.41960454 -0.76396567
vn 0.31764466 0.5764661 -0.7528537
vn 0.5764662 0.3254876 -0.74949616
vn -0.94306254 -0.33261546 -0
vn -0.93724763 -0.3411739 0.071883716
vn -0.9450908 -0.32548773 0.029345408
vn -0.9371324 -0.34897408 -0
vn -0.8980323 -0.26274312 0.35285124
vn -0.9058753 -0.25490004 0.33825412
vn -0.8901892 -0.29411542 0.34793583
vn -0.88234615 -0.3019585 0.36095202
vn 0.035293877 0.81960154 0.5718458
vn -0.098038435 0.8980323 0.42886642
vn -0.10588145 0.9058753 0.41009638
vn 0.098038495 0.7490138 0.65526086
vn 0.3725462 0.6156815 0.69436705
vn 0.38038927 0.5999954 0.7037823
vn -0.74892175 0.6626585 -0
vn -0.7882292 0.6078384 0.0960584
vn -0.5842015 0.81160873 -0
vn -0.51334274 0.8581837 -0
vn 0.10588157 0.9764631 0.18790677
vn 0.098038495 0.9843061 0.14673096
vn 0.10588157 0.9764631 0.18790677
vn 0.1294108 0.9529338 0.27417156
vn -0.12941074 0.6392107 -0.758065
vn -0.12156761 0.6392107 -0.7593622
vn -0.24705684 0.6392107 -0.72826684
vn 0.0039215684 0.6313677 -0.7754737
vn 0.3411739 0.5764661 0.74248713
vn 0.17646927 0.6078384 0.77420354
vn 0.3019585 0.5843092 0.7532621
vn 0.52940774 0.50587845 0.6810392
vn -0.5215646 -0.31764466 0.79187894
vn -0.5215646 -0.31764466 0.79187894
vn -0.5215646 -0.31764466 0.79187894
vn -0.5215646 -0.31764466 0.79187894
vn -0.62352455 -0.5372508 0.56796014
vn -0.7333276 -0.36470312 0.57377887
vn -0.7568569 -0.30980158 0.5754916
vn -0.6078384 -0.56078005 0.5621906
vn 0.39607543 0.8980323 0.19147381
vn 0.39607543 0.8980323 0.19147381
vn 0.39607543 0.8980323 0.19147381
vn 0.39607543 0.8980323 0.19147381
vn 0.39607543 0.8980323 0.19147381
vn -0.4039184 0.7176415 -0.56731004
vn -0.4901923 0.7176415 -0.49467385
vn -0.42744768 0.70979846 -0.55988806
vn -0.4901923 0.7019553 -0.5166916
vn -0.59215224 0.70979846 -0.38149956
vn -0.6313677 0.7176415 -0.29388022
vn -0.670583 0.7019553 -0.23995242
vn -0.6941123 0.70979846 -0.11997618
vn -0.7019553 0.70979846 0.058693357
vn -0.7019553 0.70979846 0.058693357
vn -0.6941123 0.70979846 0.11997618
vn -0.7019553 0.70979846 0.058693357
vn -0.670583 0.7019553 0.23995242
vn -0.62352455 0.70979846 0.3277244
vn -0.5529369 0.7176415 0.42338103
vn -0.5215646 0.7019553 0.48500425
vn -0.39607537 0.70979846 0.58250356
vn -0.3803892 0.7176415 0.5833479
vn -0.30980146 0.70979846 0.6326209
vn -0.2941153 0.70979846 0.6400643
vn 0.8274447 0.4901923 -0.2739468
vn 0.87450314 0.4352907 -0.21393055
vn 0.8431308 0.47450614 -0.25293142
vn 0.7411708 0.5843092 -0.33052772
vn -0.5999954 0.66274 -0.44808626
vn -0.6392107 0.6156815 -0.46081007
vn -0.41960454 0.82744455 -0.3731857
vn -0.37254608 0.85881686 -0.35162905
vn -0.27842915 0.7176415 0.6383321
vn -0.34117377 0.7333276 0.588074
vn -0.33333075 0.6941123 0.6380429
vn -0.2941153 0.7333276 0.6129655
vn -0.24705684 0.70979846 0.6596583
vn -0.21568453 0.7019553 0.6787775
vn -0.1450969 0.70979846 0.6892989
vn -0.13725376 0.7176415 0.6827533
vn -0.066666126 0.7019553 0.7090941
vn 0.019607723 0.70979846 0.70413184
vn 0.10588157 0.70979846 0.6964016
vn 0.15294003 0.7019553 0.6956063
vn 0.19215542 0.6941123 0.6937466
vn 0.26274312 0.70979846 0.6535688
vn 0.25490004 0.7176415 0.64808697
vn 0.3333308 0.7019553 0.62940395
vn 0.36470312 0.7019553 0.6117601
vn 0.4039185 0.70979846 0.57709265
vn 0.4431339 0.70979846 0.5475569
vn 0.46666312 0.70979846 0.5276473
vn 0.49803543 0.70979846 0.49814337
vn 0.52940774 0.70979846 0.46466503
vn 0.5686231 0.7019553 0.42886654
vn 0.59215236 0.7019553 0.39574528
vn 0.62352467 0.70979846 0.32772422
vn 0.6078385 0.7176415 0.3398869
vn 0.66274005 0.6941123 0.2810405
vn 0.6705831 0.7019553 0.23995204
vn 0.6862693 0.70979846 0.15881005
vn 0.70195544 0.7019553 0.12048767
vn 0.7097985 0.7019553 0.058692593
vn 0.7097985 0.7019553 0.058692593
vn 0.69411236 0.7176415 0.056557428
vn 0.7176416 0.6941123 -0.05655664
vn 0.7097985 0.7019553 -0.058692593
vn 0.6784262 0.7254846 -0.11580143
vn 0.6862693 0.7176415 -0.11842809
vn -0.6392107 0.41176152 0.64950913
vn -0.66274 0.38823223 0.6403526
vn -0.56862307 0.48234916 0.66633856
vn -0.74117076 0.27842915 0.6108544
vn -0.10588145 -0.26274312 0.9590387
vn -0.0901953 -0.3019585 0.9490447
vn -0.098038435 -0.2705862 0.9576908
vn -0.08235228 -0.31764466 0.9446269
vn 0.552937 0.2862723 0.7825017
vn 0.552937 0.27058613 0.78806335
vn 0.552937 0.27058613 0.78806335
vn 0.552937 0.2941153 0.7795876
vn -0.62352455 0.37254608 -0.6873329
vn -0.6313677 0.38823223 -0.6713051
vn -0.56862307 0.2862723 -0.7711783
vn -0.7019553 0.51372147 -0.4933042
vn -0.76469994 0.4901923 0.41826493
vn -0.7803861 0.4039184 0.47733372
vn -0.7803861 0.3490169 0.5188302
vn -0.74117076 0.5607799 0.36904168
vn 0.8274447 0.4039184 0.3901093
vn 0.79607236 0.34117377 0.49986926
vn 0.8274447 0.39607537 0.3980699
vn 0.858817 0.48234916 0.17254767
vn 0.8117585 -0.24705696 0.5291606
vn 0.80391544 -0.32548773 0.49777272
vn 0.80391544 -0.3411739 0.48715535
vn 0.8117585 -0.2313708 0.5362049
vn 0.15294003 0.5294076 0.83446807
vn 0.13725388 0.51372147 0.8469071
vn 0.1999985 0.56862307 0.79791504
vn 0.08235234 0.466663 0.8805928
vn 0.0039215684 0.99999225 -0.00034526698
vn 0.0039215684 0.99999225 -0.00034526698
vn 0.027440675 0.9996234 -0
vn 0.0039215684 0.99999225 -0.00034526698
vn -0.003921509 0.99999225 -0.00034526698
vn 0.011763923 0.99993086 -0
vn 0.0039215684 0.99999225 -0.00034526698
vn -0.003921509 0.99999225 -0.00034526698
vn -0.003921509 0.99999225 -0.00034526698
vn 0.0039215684 0.99999225 -0.00034526698
vn 0.03527219 0.9993777 -0
vn -0.035293818 0.8980323 -0.43851143
vn -0.043136835 0.8980323 -0.4378095
vn -0.019607663 0.8980323 -0.43949232
vn -0.011764526 0.8980323 -0.43977216
vn 0.05882311 0.8901892 -0.45177767
vn 0.46666312 0.56862307 -0.6774167
vn 0.56078005 0.6392107 -0.52624655
vn 0.38038927 0.5764661 -0.72318107
vn 0.2313708 0.466663 -0.85363525
vn 0.043136954 0.41176152 -0.9102701
vn -0.08235228 0.262743 -0.961345
vn -0.035293818 0.5529369 0.8324753
vn -0.18431222 0.6078384 0.7723739
vn -0.050979972 0.5607799 0.8263939
vn 0.035293877 0.5294076 0.8476331
vn -0.67842615 0.6313677 0.3756498
vn -0.670583 0.62352455 0.40191486
vn -0.6941123 0.670583 0.2617758
vn -0.62352455 0.53725076 0.5679602
vn 0.7803862 0.2941153 -0.5518093
vn 0.80391544 0.23137069 -0.54789376
vn 0.79607236 0.25489998 -0.5489033
vn 0.77254313 0.30195844 -0.558568
vn -0.003921509 0.9764631 -0.21564901
vn 0.043136954 0.99214923 -0.11738443
vn -0.16078305 0.9215615 -0.35337406
vn 0.17646927 0.9843061 -0.00034526698
vn 0.20784158 0.9607769 0.1836017
vn 0.31764466 0.9058753 0.2801638
vn -0.66274 0.5764661 0.47797757
vn -0.7019553 0.5529369 0.44890928
vn -0.65489686 0.5843092 0.47926286
vn -0.5215646 0.64705384 0.55614
vn -0.02745068 0.7176415 -0.69587153
vn -0.035293818 0.6941123 -0.719001
vn 0.18431234 0.88234615 -0.43300602
vn 0.1294108 0.9294046 -0.34562966
vn 0.36470312 0.86666 -0.3404293
vn 0.42744774 0.8352877 -0.34580758
vn -0.098038435 0.99214923 0.07764248
vn -0.098038435 0.99214923 0.07764248
vn -0.08235228 0.99214923 0.09411708
vn -0.050914247 0.998703 -0
vn 0.7803862 0.62352455 0.04705838
vn 0.69411236 0.6941123 0.19083014
vn 0.77254313 0.6313677 0.0674679
vn 0.88072234 0.47363284 -0
vn 0.32548773 0.7333276 -0.5968989
vn 0.32548773 0.70979846 -0.62469506
vn 0.27842927 0.7176415 -0.63833207
vn 0.3019585 0.7254846 -0.6184603
vn 0.25490004 0.70979846 -0.6566674
vn 0.22352773 0.7019553 -0.6762352
vn 0.14509696 0.70979846 -0.6892989
vn 0.13725388 0.7176415 -0.6827533
vn 0.066666186 0.7019553 -0.7090941
vn 0.0274508 0.7019553 -0.7116918
vn -0.02745068 0.6941123 -0.7193432
vn -0.10588145 0.7019553 -0.70430666
vn -0.10588145 0.7176415 -0.6883167
vn -0.18431222 0.68626916 -0.70360756
vn -0.25489998 0.7019553 -0.6650449
vn -0.25489998 0.7254846 -0.639295
vn -0.34117377 0.68626916 -0.6423668
vn -0.39607537 0.7019553 -0.5919316
vn -0.4039184 0.7254846 -0.557245
vn -0.47450614 0.6941123 -0.5413428
vn -0.50587845 0.6941123 -0.51214755
vn -0.5450938 0.6941123 -0.47019237
vn -0.59215224 0.7019553 -0.39574552
vn -0.5607799 0.7254846 -0.39899623
vn -0.64705384 0.68626916 -0.33219874
vn -0.670583 0.7019553 -0.23995242
vn -0.6392107 0.7254846 -0.2551113
vn -0.7019553 0.68626916 -0.1905083
vn -0.7019553 0.7019553 -0.12048865
vn -0.68626916 0.7254846 -0.05202602
vn -0.7176415 0.6941123 -0.05655822
vn -0.70979846 0.7019553 0.058693103
vn -0.7019553 0.70979846 0.058693357
vn -0.6941123 0.70979846 0.11997618
vn -0.67842615 0.7254846 0.11580169
vn -0.68626916 0.7254846 0.05202602
vn 0.0039215684 0.99999225 -0.00034526698
vn 0.0039215684 0.99999225 -0.00034526698
vn 0.0039215684 0.99999225 -0.00034526698
vn 0.0039215684 0.99999225 -0.00034526698
vn -0.74117076 0.65489686 0.1475669
vn -0.85097384 0.4352907 0.29388008
vn -0.85097384 0.50587845 0.14117536
vn -0.70979846 0.6941123 0.11997605
vn -0.70979846 0.6941123 0.11997605
vn -0.70979846 0.6941123 0.11997605
vn -0.7176415 0.68626916 0.118428715
vn -0.7176415 0.6941123 0.05655822
vn -0.3803892 0.9215615 0.077643245
vn -0.30917454 0.9510054 -0
vn -0.70979846 0.68626916 -0.15881053
vn -0.67842615 0.6941123 -0.24071987
vn -0.74117076 0.6156815 -0.26758575
vn 0.3333308 -0.8509739 0.40587437
vn 0.35686004 -0.8431308 0.4022205
vn 0.31764466 -0.858817 0.4019145
vn 0.27842927 -0.86666006 0.41397762
vn 0.1294108 -0.8901893 0.43682477
vn -0.019607663 -0.87450314 0.48462337
vn -0.41176152 -0.7882293 0.45732597
vn -0.47450614 -0.7411708 0.47487867
vn -0.44313383 -0.7490139 0.49255514
vn -0.39607537 -0.73332775 0.5525891
vn -0.20784152 -0.72548467 0.65610504
vn -0.19999838 -0.69411236 0.69152635
vn -0.24705684 -0.6392108 0.7282668
vn 0.49019235 -0.3411739 0.8020672
vn 0.5058785 -0.30980158 0.80505276
vn 0.49019235 -0.34901696 0.79868555
vn 0.5058785 -0.29411542 0.81091493
vn 0.5058785 0.35685992 0.7853266
vn 0.5058785 0.36470306 0.78171515
vn 0.52940774 0.27842915 0.8013767
vn 0.5372508 0.27058613 0.79883957
vn -0.99214923 0.003921509 0.12499809
vn -0.99214923 0.003921509 0.12499809
vn -0.99214923 0.066666126 0.10580893
vn -0.99214923 0.05882299 0.11036193
vn -0.99214923 0.0901953 0.086629726
vn -0.99214923 0.0901953 0.086629726
vn -0.9294046 0.08235228 0.35975707
vn -0.30195844 0.7019553 0.64504254
vn -0.2862723 0.7019553 0.65215564
vn -0.39607537 0.68626916 0.6100483
vn -0.41176152 0.68626916 0.5995724
vn 0.17646927 0.81960154 -0.54507977
vn 0.18431234 0.8117584 -0.5541455
vn 0.17646927 0.81960154 -0.54507977
vn 0.18431234 0.8117584 -0.5541455
vn -0.466663 0.7019553 -0.5380375
vn -0.41960454 0.70979846 -0.5657899
vn -0.42744768 0.70979846 -0.55988806
vn -0.47450614 0.7019553 -0.5311334
vn -0.25489998 0.70979846 0.6566674
vn -0.37254608 0.68626916 0.6246952
vn -0.27058613 0.70979846 0.6503609
vn -0.38823223 0.68626916 0.6150694
vn 0.70195544 0.70979846 -0.058691327
vn 0.71487653 0.6992507 -0
vn 0.70195544 0.70979846 -0.058691327
vn 0.7176416 0.6941123 0.05655664
vn -0.85097384 -0.035293877 -0.52402085
vn -0.8431307 -0.0274508 -0.5370075
vn -0.85881686 -0.05098003 -0.50973976
vn -0.81960154 0.003921509 -0.57292056
vn -0.2862723 0.8980323 -0.33404514
vn -0.19999838 0.8980323 -0.39184
vn -0.2862723 0.8980323 -0.33404514
vn -0.19215536 0.8980323 -0.3957452
vn -0.6313677 0.11372459 -0.7670995
vn -0.5843092 0.0901953 -0.8065033
vn -0.6313677 0.11372459 -0.7670995
vn -0.5764661 0.08235228 -0.8129606
vn -0.5607799 0.003921509 -0.8279556
vn -0.5607799 0.003921509 -0.8279556
vn 0.17646927 0.0901953 -0.980165
vn 0.14509696 0.12156761 -0.98192066
vn 0.14509696 0.12156761 -0.98192066
vn 0.17646927 0.08235228 -0.9808551
vn 0.22352773 0.003921509 -0.97468966
vn 0.2313708 0.003921509 -0.9728577
vn 0.035293877 0.8980323 -0.43851143
vn 0.10588157 0.8980323 -0.4269977
vn 0.035293877 0.8980323 -0.43851143
vn 0.11372465 0.8980323 -0.42497605
vn -0.53725076 0.8352877 0.11685949
vn -0.5215646 0.8431307 0.13077076
vn -0.62352455 0.7803861 0.04706028
vn -0.6313677 0.7725431 0.067469
vn -0.7019553 0.70979846 -0.058693357
vn -0.7019553 0.70979846 -0.058693357
vn -0.6941123 0.7176415 -0.056558482
vn -0.70710677 0.70710677 -0
vn -0.41960454 0.08235228 -0.90396357
vn -0.30195844 0.11372459 -0.94651353
vn -0.30195844 0.11372459 -0.94651353
vn -0.42744768 0.0901953 -0.8995295
vn -0.3490169 0.003921509 -0.9371082
vn -0.34117377 0.003921509 -0.9399921
vn -0.19999838 0.8980323 -0.39184
vn -0.074509144 0.8980323 -0.43357387
vn -0.074509144 0.8980323 -0.43357387
vn -0.20784152 0.8980323 -0.38773683
vn 0.38038927 -0.28627235 -0.8794044
vn 0.38823235 -0.26274312 -0.88331294
vn 0.35686004 -0.3411739 -0.8696271
vn 0.34901696 -0.35686004 -0.86650914
vn 0.72548467 -0.28627235 0.6258755
vn 0.72548467 -0.29411542 0.6222283
vn 0.72548467 -0.25490004 0.63929486
vn 0.73332775 -0.2313708 0.6392949
vn 0.960777 -0.2705862 -0.060751047
vn 0.9529339 -0.29411542 -0.07357372
vn 0.9529339 -0.29411542 -0.07357372
vn 0.960777 -0.26274312 -0.08873349
vn 0.30917463 0.9510053 -0
vn 0.22314373 0.97478557 -0
vn 0.22314373 0.97478557 -0
vn -0.011763804 0.99993086 -0
vn -0.44313383 0.8901892 -0.105809264
vn -0.42673954 0.9043746 -0
vn -0.42673954 0.9043746 -0
vn -0.44313383 0.8901892 -0.105809264
vn -0.9843061 0.11372459 0.1349379
vn -0.99214923 0.08235228 0.09411696
vn -0.9843061 0.11372459 0.1349379
vn -0.99214923 0.08235228 0.09411696
vn -0.9993777 0.03527213 -0
vn -0.99214923 0.035293818 -0.11997603
vn -0.41960454 0.9058753 -0.057636324
vn -0.41960454 0.9058753 0.057636324
vn -0.41176152 0.9058753 0.09920855
vn -0.45097685 0.8901892 -0.06467699
vn -0.24705684 0.96861994 -0.027172094
vn -0.9607769 0.11372459 0.25293162
vn -0.96861994 0.08235228 0.2345069
vn -0.9607769 0.11372459 0.25293162
vn -0.9764631 0.08235228 0.19934386
vn -0.93724763 0.019607663 0.34811267
vn -0.9294046 0.019607663 0.36854115
vn -0.24705684 0.7176415 -0.6511172
vn -0.42744768 0.6941123 -0.5792207
vn -0.21568453 0.7176415 -0.66217136
vn -0.45882 0.68626916 -0.56437474
vn 0.1999985 0.9058753 -0.37335032
vn 0.3333308 0.88234615 -0.33219853
vn 0.1999985 0.8980323 -0.39183992
vn 0.3411739 0.88234615 -0.3241383
vn 0.69411236 0.70979846 -0.11997568
vn 0.6862693 0.7019553 -0.19050784
vn 0.69411236 0.70979846 -0.11997568
vn 0.6862693 0.7019553 -0.19050784
vn -0.7490138 0.11372459 -0.6527213
vn -0.7176415 0.0901953 -0.6905473
vn -0.7490138 0.11372459 -0.6527213
vn -0.7176415 0.08235228 -0.6915264
vn -0.7333276 0.003921509 -0.6798641
vn -0.74117076 0.003921509 -0.67130506
vn -0.3176446 0.9058753 -0.28016388
vn -0.2941153 0.8980323 -0.32716075
vn -0.3176446 0.9058753 -0.28016388
vn -0.2941153 0.8980323 -0.32716075
vn 0.30980158 0.8980323 0.31234747
vn 0.31764466 0.8980323 0.30436787
vn 0.24705696 0.8980323 0.36400664
vn 0.24705696 0.8980323 0.36400664
vn 0.6705831 0.11372459 0.7330655
vn 0.66274005 0.11372459 0.74016374
vn 0.552937 0.0901953 0.82832694
vn 0.552937 0.0901953 0.82832694
vn 0.5058785 0.011764526 0.8625245
vn 0.49803543 0.011764526 0.8670769
vn 0.05882311 0.9843061 -0.16637713
vn 0.0274508 0.9843061 -0.17432153
vn -0.098038435 0.99214923 -0.07764248
vn 0.21568465 0.9529338 -0.21306652
vn -0.99214923 0.12156761 -0.02934652
vn -0.99214923 0.074509144 -0.10044047
vn -0.99214923 0.12156761 -0.02934652
vn -0.99214923 0.0901953 -0.086629726
vn -0.99214923 0.011764526 -0.124505006
vn -0.99214923 0.011764526 -0.124505006
vn -0.42744768 0.8980323 -0.104050316
vn -0.4352907 0.8980323 0.063717894
vn -0.42744768 0.8980323 -0.104050316
vn -0.4352907 0.8980323 0.063717894
vn 0.48234928 0.85881686 0.17254785
vn 0.66274005 0.68626916 0.29968363
vn 0.6156816 0.74117076 0.26758558
vn 0.4431339 0.8901892 0.105809264
vn 0.17646927 0.5843092 -0.79211193
vn 0.18431234 0.59215224 -0.7844646
vn 0.20784158 0.6156815 -0.7600909
vn 0.13725388 0.53725076 -0.83217967
vn -0.19999838 0.11372459 0.97317386
vn -0.2941153 0.08235228 0.9522155
vn -0.19999838 0.11372459 0.97317386
vn -0.30195844 0.0901953 0.9490447
vn -0.41176152 0.011764526 0.9112157
vn -0.42744768 0.011764526 0.90396357
vn -0.011764526 0.8980323 0.43977216
vn -0.2862723 0.8901892 0.35441703
vn -0.02745068 0.8980323 0.43907222
vn -0.2941153 0.88234615 0.36737105
vn 0.45882004 0.08235228 0.88470465
vn 0.5372508 0.11372459 0.83572024
vn 0.5372508 0.11372459 0.83572024
vn 0.4431339 0.08235228 0.89266485
vn 0.2705862 0.02745068 0.9623043
vn 0.26274312 0.02745068 0.9644753
vn 0.27842927 0.8980323 0.34060985
vn 0.21568465 0.8980323 0.38342935
vn 0.2705862 0.8980323 0.34687322
vn 0.21568465 0.8980323 0.38342935
vn 0.27842927 0.8980323 0.34060985
vn 0.22352773 0.8901892 0.39698684
vn 0.2705862 0.8980323 0.34687322
vn 0.22352773 0.8901892 0.39698684
vn 0.70195544 0.12156761 0.7017691
vn 0.69411236 0.12156761 0.70952755
vn 0.7411708 0.05882299 0.6687344
vn 0.7490139 0.098038435 0.65526074
vn 0.7176416 -0.019607723 0.69613653
vn -0.19999838 0.8980323 0.39184
vn -0.19215536 0.8980323 0.3957452
vn -0.19215536 0.8980323 0.3957452
vn -0.20784152 0.8980323 0.38773683
vn -0.44313383 0.11372459 0.88921267
vn -0.33333075 0.074509144 0.9398612
vn -0.4352907 0.11372459 0.89307827
vn -0.3176446 0.098038435 0.943128
vn -0.45882 0.011764526 0.88845134
vn -0.47450614 0.011764526 0.88017356
vn 0.18431234 0.8980323 0.39945823
vn 0.2705862 0.8901892 0.36653283
vn 0.18431234 0.8980323 0.39945823
vn 0.27842927 0.8901892 0.36061108
vn 0.38038927 0.11372459 0.9178076
vn 0.32548773 0.0901953 0.9412346
vn 0.38038927 0.11372459 0.9178076
vn 0.31764466 0.08235228 0.9446269
vn 0.32548773 0.003921509 0.94553816
vn 0.3333308 0.003921509 0.9428018
vn -0.51372147 0.12156761 0.8493006
vn -0.5294076 0.08235228 0.8443611
vn -0.51372147 0.12156761 0.8493006
vn -0.5294076 0.08235228 0.8443611
vn -0.6156815 0.011764526 0.7879073
vn -0.62352455 0.011764526 0.7817153
vn -0.20784152 0.8980323 0.38773683
vn -0.19215536 0.9058753 0.37744692
vn -0.20784152 0.8980323 0.38773683
vn -0.19215536 0.91371846 0.3580431
vn -0.08235228 0.9764631 0.19934392
vn -0.3490169 0.8980323 -0.26781547
vn -0.3490169 0.8980323 -0.26781547
vn -0.2941153 0.8980323 -0.32716075
vn -0.2862723 0.8980323 -0.33404514
vn -0.70979846 0.066666126 -0.70124304
vn -0.7333276 0.11372459 -0.67029643
vn -0.7333276 0.11372459 -0.67029643
vn -0.68626916 0.10588145 -0.7195997
vn -0.68626916 0.003921509 -0.72733706
vn -0.67842615 0.011764526 -0.7345744
vn -0.47450614 0.59215224 0.65130615
vn -0.3803892 0.4980353 0.779272
vn -0.38823223 0.50587845 0.7703004
vn -0.27058613 0.3803892 0.8843569
vn 0.70195544 0.70979846 0.058691327
vn 0.7176416 0.670583 -0.18790677
vn 0.70195544 0.70979846 0.058691327
vn 0.7176416 0.66274 -0.21393044
vn 0.05882311 0.7490138 -0.65993804
vn 0.05882311 0.74117076 -0.66873443
vn 0.066666186 0.7568569 -0.6501717
vn 0.07450926 0.7725431 -0.6305756
vn -0.37254608 0.70979846 0.59782565
vn -0.4901923 0.68626916 0.5373511
vn -0.38823223 0.70979846 0.58776003
vn -0.50587845 0.67842615 0.5327522
vn -0.050979972 0.8980323 0.43696567
vn -0.074509144 0.8980323 0.43357387
vn -0.050979972 0.8980323 0.43696567
vn -0.074509144 0.8980323 0.43357387
vn -0.1450969 0.12156761 0.98192066
vn -0.20784152 0.066666126 0.9758881
vn -0.13725376 0.11372459 0.98398584
vn -0.23137069 0.098038435 0.9679132
vn -0.074509144 0.011764526 0.9971509
vn -0.05882299 0.011764526 0.9981991
vn -0.4039184 0.098038435 -0.90952647
vn -0.48234916 0.11372459 -0.8685655
vn -0.47450614 0.11372459 -0.872875
vn -0.38823223 0.066666126 -0.9191471
vn -0.51372147 0.011764526 -0.85787636
vn -0.5294076 0.011764526 -0.84828603
vn -0.30980146 0.8901892 -0.33404532
vn -0.19999838 0.9058753 -0.3733504
vn -0.20784152 0.8980323 -0.38773683
vn -0.3176446 0.8901892 -0.3265963
vn 0.27842927 -0.858817 0.43001226
vn 0.26274312 -0.8431308 0.4691444
vn 0.28627235 -0.8431308 0.4551687
vn 0.3019585 -0.86666006 0.39714155
vn 0.3725462 -0.89803237 0.23398125
vn 0.48234928 -0.87450314 0.050827593
vn 0.5764662 -0.7803862 -0.24224791
vn 0.6078385 -0.73332775 -0.3045699
vn 0.6156816 -0.6862693 -0.3872604
vn 0.6156816 -0.6862693 -0.3872604
vn 0.6156816 -0.6862693 -0.3872604
vn 0.11372465 0.8980323 -0.42497605
vn 0.19215542 0.8980323 -0.3957452
vn 0.1999985 0.8980323 -0.39183992
vn 0.10588157 0.8980323 -0.4269977
vn 0.7097985 0.11372459 0.69516385
vn 0.70195544 0.11372459 0.7030827
vn 0.654897 0.08235228 0.7512177
vn 0.6392108 0.08235228 0.7646095
vn 0.80391544 0.02745068 0.5941098
vn 0.8117585 0.02745068 0.58334774
vn 0.3411739 0.8980323 0.27773783
vn 0.29411542 0.8980323 0.32716066
vn 0.3411739 0.8980323 0.27773783
vn 0.29411542 0.8980323 0.32716066
vn -0.4980353 0.48234916 -0.7206248
vn -0.5215646 0.2862723 -0.8037528
vn -0.5215646 0.30980146 -0.7949801
vn -0.4980353 0.4901923 -0.7153127
vn 0.4352908 0.8980323 0.06371696
vn 0.4352908 0.8980323 0.06371696
vn 0.4352908 0.8980323 -0.06371696
vn 0.4352908 0.8980323 -0.06371696
vn 0.9921493 0.12156761 -0.029344488
vn 0.9921493 0.0901953 -0.08662903
vn 0.9921493 0.12156761 -0.029344488
vn 0.9921493 0.08235228 -0.09411633
vn 0.99993086 0.011763803 -0
vn 0.99993086 0.011763803 -0
vn 0.2705862 0.12156761 -0.9549892
vn 0.27842927 0.08235228 -0.95691967
vn 0.2705862 0.12156761 -0.9549892
vn 0.28627235 0.08235228 -0.95460266
vn 0.16078311 0.011764526 -0.98691964
vn 0.15294003 0.011764526 -0.98816544
vn -0.42744768 0.8980323 -0.104050316
vn -0.42744768 0.8980323 -0.104050316
vn -0.42744768 0.8980323 -0.104050316
vn -0.42744768 0.8980323 -0.104050316
vn -0.9764631 0.12156761 -0.1781606
vn -0.9764631 0.074509144 -0.20240618
vn -0.9764631 0.11372459 -0.18326645
vn -0.96861994 0.0901953 -0.23160353
vn -0.99214923 0.011764526 -0.124505006
vn -0.99214923 0.011764526 -0.124505006
vn -0.11372459 0.011764526 -0.99344265
vn 0.17646927 -0.0039215684 -0.98429835
vn 0.28627235 0.011764526 -0.95807606
vn 0.59999543 -0.0039215684 -0.7999938
vn 0.56078005 0.011764526 -0.8278813
vn 0.7490139 -0.0039215684 -0.6625427
vn 0.07430387 0.99723566 -0
vn 0.06651905 0.9977852 -0
vn 0.019604107 0.9998079 -0
vn 0.0039215684 0.99999225 -0.00034526698
vn 0.0039215684 0.99999225 -0.00034526698
vn 0.0039215684 0.99999225 -0.00034526698
vn -0.003921509 0.99999225 -0.00034526698
vn -0.003921509 0.99999225 -0.00034526698
vn -0.019604048 0.9998079 -0
vn -0.08235228 0.9764631 0.19934392
vn -0.043136835 0.7568569 0.6521555
vn -0.08235228 0.81960154 0.56698453
vn -0.098038435 0.8352877 0.5410018
vn -0.011764526 0.7019553 0.7121239
vn -0.38823223 0.59215224 -0.70613843
vn -0.3490169 0.6313677 -0.69250417
vn -0.24705684 0.7019553 -0.66799825
vn -0.5450938 0.44313383 -0.71169174
vn 0.4352908 0.8980323 -0.06371696
vn 0.4352908 0.8980323 -0.06371696
vn 0.4352908 0.8980323 -0.06371696
vn 0.4352908 0.8980323 -0.06371696
vn 0.9921493 0.11372459 -0.05202403
vn 0.9921493 0.074509144 0.100439884
vn 0.9921493 0.11372459 -0.05202403
vn 0.9921493 0.0901953 0.08662903
vn 0.99993086 0.011763803 -0
vn 0.99993086 0.011763803 -0
vn 0.7411708 0.30980146 0.59555763
vn 0.72548467 0.33333075 0.6021317
vn 0.77254313 0.25489998 0.58155227
vn 0.7882293 0.22352767 0.5733498
vn -0.7333276 0.64705384 0.2086909
vn -0.7568569 0.6078384 0.24020845
vn -0.7333276 0.64705384 0.2086909
vn -0.7568569 0.6078384 0.24020845
vn 0.960777 0.11372459 -0.2529314
vn 0.97646314 0.08235228 -0.19934356
vn 0.960777 0.11372459 -0.2529314
vn 0.97646314 0.0901953 -0.1959198
vn 0.97646314 -0.0039215684 -0.21564874
vn 0.96862006 -0.0039215684 -0.24851513
vn 0.41960466 0.8980323 -0.13217369
vn 0.41085276 0.91170174 -0
vn 0.41960466 0.8980323 -0.13217369
vn 0.4267396 0.9043746 -0
vn 0.16078311 0.9843061 -0.072734654
vn 0.42744774 0.8980323 0.10404974
vn 0.45097697 0.8901892 -0.064676076
vn 0.42744774 0.8980323 0.10404974
vn 0.45097697 0.8901892 -0.064676076
vn 0.9843062 0.12156761 0.12791637
vn 0.97646314 0.0901953 0.1959198
vn 0.9843062 0.12156761 0.12791637
vn 0.9843062 0.074509144 0.1599677
vn 0.96862006 0.003921509 0.24851513
vn 0.96862006 0.003921509 0.24851513
vn 0.25490004 0.8980323 -0.35855815
vn 0.17646927 0.9058753 -0.3850305
vn 0.24705696 0.8980323 -0.36400664
vn 0.16862619 0.9058753 -0.3885294
vn 0.11372465 0.9450908 -0.30638227
vn 0.70195544 0.098038435 -0.705441
vn 0.5450939 0.11372459 -0.8306259
vn 0.552937 0.11372459 -0.8254256
vn 0.7097985 0.08235228 -0.6995743
vn 0.7803862 0.011764526 -0.62518716
vn 0.7882293 0.003921509 -0.61536914
vn 0.15294003 0.9058753 0.3949674
vn 0.14509696 0.91371846 0.37955955
vn 0.121567726 0.93724763 0.32678458
vn 0.20784158 0.85881686 0.4682259
vn 0.6078385 0.5607799 0.5621906
vn 0.5764662 0.5999954 0.55470014
vn 0.48234928 0.7019553 0.5240209
vn 0.4745062 0.70979846 0.52060544
vn 0.8196016 0.34117377 -0.46027565
vn 0.79607236 0.44313383 -0.41219077
vn 0.8196016 0.1764692 -0.54507965
vn 0.8196016 0.12941074 -0.5581273
vn -0.4352907 0.7019553 -0.56372046
vn -0.45882 0.7019553 -0.54474115
vn -0.42744768 0.7019553 -0.5696905
vn -0.466663 0.7019553 -0.5380375
vn 0.5450939 0.6078384 0.5774124
vn 0.5450939 0.6078384 0.5774124
vn 0.52156466 0.5450938 0.6563864
vn 0.5686231 0.65489686 0.4977729
vn -0.003921509 0.99999225 -0.00034526698
vn 0.0039215684 0.99999225 -0.00034526698
vn 0.0039215684 0.99999225 -0.00034526698
vn -0.003921509 0.99999225 -0.00034526698
vn -0.003921509 0.99999225 -0.00034526698
vn 0.0039215684 0.99999225 -0.00034526698
vn 0.050914306 0.998703 -0
vn -0.53725076 -0.8431308 0.022181893
vn -0.52823913 -0.84909564 -0
vn -0.5215646 -0.8509739 0.061755996
vn -0.45882 -0.8823462 0.104639255
vn -0.41960454 -0.8901893 0.17746857
vn -0.098038435 -0.79607236 0.5972079
vn -0.262743 -0.858817 0.43977216
vn -0.02745068 -0.73332775 0.67932093
vn 0.0274508 -0.69411236 0.7193431
vn 0.0274508 -0.6862693 0.7268294
vn 0.05098003 -0.70195544 0.710394
vn 0.08235234 -0.9921493 0.09411613
vn 0.09019542 -0.9921493 0.086628996
vn 0.09019542 -0.9921493 0.086628996
vn 0.08235234 -0.9921493 0.09411613
vn 0.08235234 -0.9921493 0.09411613
vn -0.050979972 -0.96862006 0.2432616
vn 0.49803543 0.37254608 0.7830518
vn 0.59215236 0.27842915 0.75619626
vn 0.48234928 0.38823223 0.78524834
vn 0.36470312 0.4901923 0.7916458
vn -0.7019553 0.4980353 -0.50913614
vn -0.6078384 0.64705384 -0.46027583
vn -0.6941123 0.5215646 -0.4961638
vn -0.4901923 0.76469994 -0.4182649
vn -0.44313383 0.7568569 -0.48041645
vn -0.30980146 0.82744455 -0.4683573
vn -0.22352767 0.86666 -0.44602227
vn -0.51372147 0.70979846 -0.4819506
vn -0.7254846 0.30195844 0.61846036
vn -0.6392107 0.45882 0.617166
vn -0.7725431 0.16862607 0.6121621
vn -0.5843092 0.5529369 0.59400636
vn 0.17646927 0.874503 0.45177767
vn 0.16862619 0.8431307 0.5105838
vn 0.0039215684 0.7333276 0.6798641
vn -0.12941074 0.670583 0.73045963
vn -0.38823223 0.70979846 0.58776003
vn -0.53725076 0.7568569 0.37219515
vn -0.67842615 0.7176415 0.15725347
vn -0.62352455 0.7725431 -0.11997642
vn -0.5529369 0.8039154 -0.2190453
vn -0.24705684 0.874503 -0.41738158
vn -0.23921382 0.91371846 -0.32847422
vn 0.11372465 0.85097384 -0.5127477
vn 0.22352773 0.81960154 -0.5275307
vn 0.5450939 0.70979846 -0.44616002
vn 0.59215236 0.66274 -0.4584008
vn 0.46666312 0.8431307 -0.2671258
vn 0.5058785 0.81960154 -0.26896143
vn 0.59215236 0.7490138 -0.2972103
vn 0.63136774 0.7176415 -0.29388002
vn -0.1764692 0.81960154 0.54507977
vn -0.098038435 0.86666 0.48917168
vn -0.08235228 0.874503 0.4779776
vn -0.19215536 0.8117584 0.5514749
vn -0.59215224 0.39607537 -0.70176923
vn -0.5843092 0.1764692 -0.79211193
vn -0.59215224 0.45097685 -0.6678141
vn -0.5843092 0.12156761 -0.802374
vn -0.51372147 0.39607537 -0.7610615
vn -0.48234916 0.15293992 -0.8625246
vn -0.51372147 0.47450614 -0.7147966
vn -0.466663 0.098038435 -0.8789847
vn 0.756857 0.6078384 -0.24020833
vn 0.7803862 0.5607799 -0.2766283
vn 0.7803862 0.56862307 -0.26012528
vn 0.756857 0.6078384 -0.24020833
vn 0.552937 0.20784152 0.8068845
vn 0.56078005 0.1764692 0.8089403
vn 0.5058785 0.30980146 0.80505276
vn 0.49803543 0.33333075 0.8005319
vn 0.8274447 0.19999838 -0.52472466
vn 0.7176416 0.45097685 -0.5306698
vn 0.8509739 0.12941074 -0.509015
vn 0.6784262 0.50587845 -0.53275216
vn -0.5450938 0.6392107 -0.542478
vn -0.5529369 0.6392107 -0.53448147
vn -0.5999954 0.5843092 -0.5464324
vn -0.6078384 0.56862307 -0.55425656
vn 0.5686231 0.8117584 -0.13310166
vn 0.5372508 0.8352877 -0.116858974
vn 0.5764662 0.8117584 -0.09346123
vn 0.52940774 0.8352877 -0.14839794
vn 0.42744774 0.874503 0.22920047
vn 0.41176158 0.86666 0.28169638
vn 0.36470312 0.81960154 0.44186532
vn 0.42744774 0.874503 0.22920047
vn -0.10588145 0.99214923 -0.06655105
vn -0.11372459 0.99214923 -0.052025445
vn -0.058721937 0.9982743 -0
vn -0.10588145 0.99214923 -0.06655105
vn -0.08235228 0.99214923 -0.09411708
vn -0.11372459 0.99214923 -0.052025445
vn -0.08235228 0.99214923 -0.09411708
vn -0.10588145 0.99214923 -0.06655105
vn -0.08235228 0.99214923 -0.09411708
vn -0.066666126 0.99214923 -0.10580898
vn -0.14470576 0.9894747 -0
vn -0.05882299 0.99214923 -0.11036182
vn -0.16862607 0.9843061 -0.052026592
vn 0.05882311 0.91371846 -0.40206766
vn 0.19215542 0.7490138 -0.6340778
vn 0.1999985 0.7019553 -0.6835637
vn 0.20784158 0.70979846 -0.67304385
vn 0.1999985 0.70979846 -0.67541593
vn 0.18431234 0.7019553 -0.6879591
vn -0.11372459 0.8117584 -0.5728133
vn -0.043136835 0.99214923 -0.11738443
vn -0.043136835 0.99214923 -0.11738443
vn -0.02745068 0.99214923 -0.122009754
vn -0.019607663 0.99214923 -0.12351296
vn -0.02745068 0.99214923 -0.122009754
vn -0.003921509 0.99214923 -0.12499809
vn -0.019607663 0.99214923 -0.12351296
vn -0.003921509 0.99999225 -0.00034526698
vn -0.043136835 0.99214923 -0.11738443
vn -0.043136835 0.99214923 -0.11738443
vn -0.066666126 0.66274 -0.7458762
vn -0.098038435 0.6156815 -0.7818725
vn 0.07450926 0.8117584 -0.5792207
vn 0.121567726 0.85097384 -0.51094496
vn -0.4039184 0.82744455 -0.3901095
vn -0.34117377 0.85097384 -0.39930436
vn -0.5215646 0.76469994 -0.37842357
vn -0.5999954 0.70979846 -0.36904162
vn -0.19999838 0.670583 -0.7143662
vn -0.22352767 0.5764661 -0.7859531
vn -0.19999838 0.68626916 -0.6993106
vn -0.19999838 0.68626916 -0.6993106
vn -0.4901923 0.8431307 0.22100256
vn -0.6392107 0.7490138 0.17432171
vn -0.5843092 0.7882292 0.19307372
vn -0.44313383 0.86666 0.22920047
vn -0.24705684 0.7019553 0.66799825
vn -0.20784152 0.7333276 0.6473272
vn 0.05098003 0.7882292 0.61326647
vn 0.18431234 0.8039154 0.56546354
vn 0.4745062 0.8039154 0.35855815
vn 0.46666312 0.8352877 0.2907233
vn 0.6392108 0.74117076 0.20512302
vn 0.654897 0.7254846 0.21161768
vn 0.066666186 0.6941123 0.71677315
vn -0.24705684 0.8117584 0.52916086
vn 0.043136954 0.7176415 0.69507545
vn -0.23921382 0.85097384 0.46756843
vn -0.5529369 0.7803861 0.29199025
vn -0.6078384 0.7725431 0.18360204
vn -0.7176415 0.6941123 -0.05655822
vn -0.74117076 0.670583 -0.03137373
vn 0.121567726 0.7254846 -0.6774167
vn 0.08235234 0.67842615 -0.73003834
vn 0.30980158 0.82744455 -0.46835724
vn 0.45882004 0.81960154 -0.34312895
vn 0.5372508 0.81960154 -0.19903481
vn 0.52156466 0.8352877 -0.1739678
vn -0.3803892 0.68626916 0.6199506
vn -0.3176446 0.7490138 0.5814467
vn -0.33333075 0.7333276 0.5925548
vn -0.20784152 0.82744455 0.5216679
vn 0.80391544 -0.3725462 -0.46360466
vn 0.79607236 -0.41960466 -0.4361201
vn 0.79607236 -0.41176158 -0.44353265
vn 0.8117585 -0.36470312 -0.45611376
vn 0.7411708 0.48234916 0.46691018
vn 0.77254313 0.37254608 0.5141853
vn 0.73332775 0.4980353 0.46280804
vn 0.7882293 0.27842915 0.5487912
vn -0.8039154 0.262743 0.5335599
vn -0.7803861 0.4039184 0.47733372
vn -0.7725431 0.4352907 0.4622761
vn -0.8117584 0.20784152 0.5457565
vn -0.45882 0.7176415 0.52390355
vn -0.45097685 0.7333276 0.5087735
vn -0.466663 0.70979846 0.5276474
vn -0.47450614 0.7019553 0.5311334
vn -0.466663 0.70979846 0.5276474
vn -0.45882 0.70979846 0.53448135
vn -0.48234916 0.7019553 0.524021
vn -0.51372147 0.6941123 0.50428003
vn -0.08235228 0.8039154 -0.5890146
vn -0.35685992 0.79607224 -0.48879442
vn -0.15293992 0.8039154 -0.574743
vn -0.45882 0.7725431 -0.43893212
vn 0.18405212 0.9829164 -0
vn -0.13703476 0.9905662 -0
vn -0.098038435 0.99214923 -0.07764248
vn -0.23921382 0.96861994 -0.06746945
vn -0.33333075 0.9215615 0.19903526
vn 0.4352908 0.64705384 -0.6259738
vn 0.4352908 0.65489686 -0.6177637
vn 0.4352908 0.64705384 -0.6259738
vn 0.4352908 0.65489686 -0.6177637
vn -0.05882299 0.99214923 0.11036182
vn 0.0039215684 0.99214923 -0.12499809
vn -0.019604048 0.9998079 -0
vn -0.074509144 0.9843061 0.15996838
vn -0.9843061 -0.16078311 0.07273452
vn -0.9450908 -0.3019585 0.124997914
vn -0.93724763 -0.3333308 0.10226174
vn -0.99214923 -0.11372465 0.052025042
vn 0.9843062 0.003921509 0.17642535
vn 0.9921493 -0.07450926 0.10043979
vn 0.9843062 -0.14509696 0.1004398
vn 0.9921493 -0.011764646 0.12450452
vn 0.97646314 -0.0039215684 0.21564874
vn 0.96862006 -0.09019542 0.23160297
vn 0.9529339 -0.1294108 0.27417114
vn 0.9215616 -0.16862619 0.34969908
vn 0.89803237 0.003921509 0.43991193
vn 0.9215616 -0.043136954 0.38582826
vn 0.90587544 -0.21568465 0.36451307
vn 0.89803237 -0.13725388 0.41797042
vn 0.8823462 -0.4039185 0.24148501
vn 0.8901893 -0.4039185 0.21074364
vn 0.8901893 -0.38823235 0.23840867
vn 0.83528775 -0.52940774 0.14839754
vn 0.7882293 -0.59999543 0.13674818
vn 0.59215236 0.7254846 0.350753
vn 0.41960466 0.85097384 0.3158725
vn 0.5450939 0.76469994 0.3436665
vn 0.34901696 0.88234615 0.3156778
vn -0.91371846 0.38823223 0.119976304
vn -0.85881686 0.50587845 0.08075004
vn -0.86666 0.4980353 0.029347947
vn -0.76469994 0.6313677 -0.12887537
vn -0.7176415 0.6941123 -0.05655822
vn -0.5294076 0.79607224 -0.29325172
vn -0.67842615 0.7333276 -0.044367816
vn -0.4352907 0.79607224 -0.42046523
vn -0.2941153 0.8117584 -0.50452405
vn -0.262743 0.8352877 -0.48297063
vn -0.19999838 0.9215615 0.33275372
vn -0.262743 0.8980323 0.35285136
vn -0.3176446 0.8901892 0.3265963
vn -0.36470306 0.8901892 0.27304748
vn -0.35685992 0.8901892 0.28322113
vn -0.019607663 0.5215646 -0.85298645
vn -0.15293992 0.670583 -0.72589797
vn -0.16078305 0.6313677 -0.7586327
vn -0.24705684 0.7490138 -0.61476934
vn -0.24705684 0.8352877 -0.49117965
vn -0.62352455 0.670583 -0.40191486
vn -0.62352455 0.670583 -0.40191486
vn -0.5999954 0.68626916 -0.41114503
vn -0.65489686 0.64705384 -0.39042473
vn 0.38823235 0.65489686 0.64837164
vn 0.49803543 0.6156815 0.61065286
vn 0.5137216 0.6078384 0.6054937
vn 0.6784262 0.51372147 0.5251934
vn 0.59999543 0.7490138 0.28104064
vn 0.49803543 0.7019553 0.50913596
vn 0.49803543 0.7254846 0.4750082
vn 0.654897 0.74117076 0.1475664
vn 0.52156466 0.8352877 -0.1739678
vn 0.49019235 0.85881686 -0.14881207
vn 0.4431339 0.82744455 -0.34491724
vn 0.45097697 0.8117584 -0.3710365
vn 0.011763923 0.99993086 -0
vn 0.0039215684 0.99999225 -0.00034526698
vn 0.05098003 0.99214923 0.11419702
vn 0.058722056 0.9982743 -0
vn 0.050914306 0.998703 -0
vn -0.04309709 0.9990709 -0
vn -0.027440555 0.9996234 -0
vn -0.19215536 0.9607769 0.19995996
vn -0.02745068 0.93724763 0.3475822
vn 0.011763923 0.99993086 -0
vn 0.011763923 0.99993086 -0
vn 0.0039215684 0.99999225 -0.00034526698
vn -0.003921509 0.99999225 -0.00034526698
vn -0.003921509 0.99999225 -0.00034526698
vn -0.027440555 0.9996234 -0
vn -0.050914247 0.998703 -0
vn -0.0901953 0.99214923 -0.08662968
vn -0.65489686 0.066666126 0.75277203
vn -0.65489686 0.08235228 0.75121784
vn -0.6392107 0.12941074 0.758065
vn -0.68626916 0.003921509 0.72733706
vn -0.68626916 0.003921509 0.72733706
vn 0.11372465 0.9058753 0.4079909
vn 0.043136954 0.9058753 0.42134202
vn 0.05882311 0.9058753 0.41943976
vn 0.035293877 0.9058753 0.42207134
vn 0.0274508 0.9058753 0.42265397
vn -0.11372459 0.70979846 0.6951639
vn 0.0274508 0.68626916 0.72682947
vn -0.05882299 0.7019553 0.7097877
vn -0.10588145 0.70979846 0.69640166
vn -0.098038435 0.70979846 0.697549
vn -0.0901953 0.70979846 0.69860643
vn -0.098038435 0.7176415 0.68947744
vn -0.39607537 0.8980323 -0.19147381
vn -0.39607537 0.8980323 -0.19147381
vn -0.3803892 0.9058753 -0.18626314
vn -0.39607537 0.8980323 -0.19147381
vn -0.4039184 0.9058753 -0.12743556
vn 0.8431308 0.51372147 0.15881005
vn 0.8431308 0.5294076 0.09411676
vn 0.8117585 0.5764661 -0.09346107
vn 0.79607236 0.59215224 -0.12499821
vn -0.15293992 0.6941123 0.7034327
vn -0.1764692 0.6078384 0.77420354
vn -0.16862607 0.6392107 0.75031656
vn -0.19999838 0.4980353 0.8437781
vn -0.2941153 0.4039184 0.86622524
vn -0.20784152 0.4352907 0.87597024
vn -0.22352767 0.4352907 0.8720994
vn -0.23921382 0.6156815 0.7508082
vn -0.25489998 0.6392107 0.7255589
vn 0.69411236 0.7019553 0.1595831
vn 0.6784262 0.68626916 0.26224515
vn 0.69411236 0.70979846 0.11997568
vn 0.69411236 0.70979846 0.11997568
vn 0.69411236 0.70979846 0.11997568
vn 0.69411236 0.7019553 0.1595831
vn 0.6705831 0.7254846 0.15488814
vn 0.6392108 0.7568569 0.13629805
vn -0.76469994 0.51372147 0.3890042
vn -0.74117076 0.6078384 0.28495333
vn -0.7176415 0.6392107 0.27640623
vn -0.66274 0.7333276 0.15167814
vn -0.5215646 0.85097384 0.06175648
vn 0.6392108 0.6392107 -0.42757368
vn 0.654897 0.6156815 -0.43823075
vn 0.5764662 0.7490138 -0.3265962
vn 0.552937 0.7803861 -0.29199016
vn -0.36470306 0.7803861 -0.5079264
vn -0.34117377 0.70979846 -0.6162683
vn -0.34117377 0.7019553 -0.62518734
vn -0.34117377 0.7019553 -0.62518734
vn -0.34117377 0.7019553 -0.62518734
vn -0.33333075 0.70979846 -0.6205455
vn -0.8636371 -0.504114 -0
vn -0.76469994 -0.6078385 -0.21393079
vn -0.8807224 -0.47363296 -0
vn -0.8807224 -0.47363296 -0
vn -0.8807224 -0.47363296 -0
vn -0.85097384 -0.52156466 -0.061755996
vn 0.48234928 0.70979846 0.51334715
vn 0.49019235 0.70979846 0.5058632
vn 0.56078005 0.8039154 0.19810563
vn 0.4745062 0.7019553 0.53113335
vn 0.45882004 0.7176415 0.5239035
vn 0.46666312 0.7176415 0.5169296
vn 0.42744774 0.7254846 0.53940755
vn 0.6784262 0.6078384 -0.4126383
vn 0.5372508 0.79607224 -0.27862254
vn 0.6156816 0.67842615 -0.40084177
vn 0.7097985 0.4980353 -0.49814346
vn 0.8117585 0.36470306 -0.45611382
vn -0.1764692 0.9294046 0.3241383
vn -0.1764692 0.93724763 0.30070832
vn -0.1764692 0.9294046 0.3241383
vn -0.18431222 0.91371846 0.362143
vn -0.5607799 0.66274 -0.49628782
vn -0.45882 0.68626916 -0.56437474
vn -0.38823223 0.6941123 -0.60620445
vn -0.05882299 0.6313677 -0.77324945
vn -0.10588145 0.6156815 -0.7808491
vn 0.066666186 0.65489686 -0.75277203
vn -0.22352767 0.96861994 -0.10867741
vn -0.011763804 0.99993086 -0
vn -0.11372459 0.99214923 -0.052025445
vn 0.066666186 0.9843061 0.16339265
vn 0.12933922 0.9916004 -0
vn 0.121567726 0.99214923 0.029345663
vn 0.10588157 0.99214923 0.066550605
vn 0.11372465 0.99214923 0.05202487
vn 0.11372465 0.99214923 0.05202487
vn 0.09019542 0.99214923 0.08662968
vn 0.09019542 0.99214923 0.08662968
vn 0.6705831 0.670583 -0.31723282
vn 0.552937 0.8117584 -0.18790694
vn 0.6470539 0.70979846 -0.27840146
vn 0.49803543 0.85881686 -0.11997618
vn -0.76469994 0.6392107 0.08150897
vn -0.7568569 0.64705384 0.092135355
vn -0.68626916 0.6941123 0.21735393
vn -0.81160873 0.5842015 -0
vn 0.09019542 0.9764631 -0.19592008
vn 0.24705696 0.96861994 -0.027170997
vn -0.003921509 0.9764631 -0.21564901
vn -0.066666126 0.9607769 -0.26919013
vn -0.30195844 0.9294046 -0.21219838
vn -0.8980323 0.13725376 0.4179705
vn -0.8901892 0.098038435 0.44491762
vn -0.88234615 0.066666126 0.46585503
vn -0.9294046 0.011764526 0.36887482
vn -0.93724763 0.003921509 0.34864238
vn -0.9529338 0.2941153 -0.07357585
vn -0.91371846 0.38823223 -0.119976304
vn -0.86666 0.4980353 -0.029347947
vn -0.7882292 0.6078384 -0.0960584
vn -0.65489686 0.7490138 -0.100441545
vn 0.3725462 0.34117377 -0.86302364
vn 0.3725462 0.34117377 -0.86302364
vn 0.38038927 0.34117377 -0.85959554
vn 0.38038927 0.34117377 -0.85959554
vn -0.24705684 0.8352877 0.49117965
vn -0.23921382 0.7333276 0.63640183
vn -0.23137069 0.66274 0.7122101
vn -0.24705684 0.88234615 0.40053493
vn -0.7725431 0.30980146 0.5542565
vn -0.7882292 0.27058613 0.5527005
vn -0.7803861 0.2862723 0.5559188
vn -0.76469994 0.3176446 0.5606567
vn -0.7254846 0.34117377 -0.5977228
vn -0.7725431 0.25489998 -0.5815524
vn -0.74117076 0.30980146 -0.5955577
vn -0.7882292 0.22352767 -0.5733499
vn -0.53725076 0.8352877 0.11685949
vn -0.5450938 0.82744455 0.134938
vn -0.5529369 0.81960154 0.150047
vn -0.53725076 0.8352877 0.11685949
vn -0.36470306 0.85097384 0.37793544
vn -0.4039184 0.874503 0.26850396
vn -0.4039184 0.874503 0.26850396
vn -0.45097685 0.8901892 0.06467699
vn 0.05098003 0.9215615 -0.3848707
vn -0.098038435 0.9215615 -0.37564993
vn 0.05882311 0.9215615 -0.38375023
vn 0.19215542 0.91371846 -0.3580431
vn -0.5843092 -0.3019585 -0.7532621
vn -0.5999954 -0.24705696 -0.7608998
vn -0.5843092 -0.30980158 -0.7500705
vn -0.6078384 -0.23921388 -0.75717187
vn -0.24705684 -0.22352773 0.94286704
vn -0.19999838 -0.38823235 0.8995978
vn -0.19215536 -0.4039185 0.89438593
vn -0.25489998 -0.18431234 0.94923913
vn 0.5764662 0.74117076 0.34402412
vn 0.34901696 0.8901892 0.2928317
vn 0.52156466 0.7803861 0.34491715
vn 0.29411542 0.91371846 0.28038314
vn -0.0901953 0.99214923 0.08662968
vn -0.0901953 0.99214923 0.08662968
vn -0.08235228 0.99214923 0.09411708
vn -0.9450908 0.035293818 0.32489654
vn -0.9215615 0.003921509 0.38821262
vn -0.9450908 0.003921509 0.3267844
vn -0.9058753 0.003921509 0.4235263
vn -0.874503 0.003921509 0.4850042
vn -0.88234615 0.003921509 0.47058466
vn -0.85097384 0.003921509 0.5251934
vn -0.81960154 0.003921509 0.57292056
vn -0.81960154 0.003921509 0.57292056
vn -0.7803861 0.003921509 0.6252857
vn -0.7568569 0.003921509 0.6535688
vn -0.74117076 0.003921509 0.67130506
vn -0.7019553 0.003921509 0.71221024
vn -0.67842615 0.003921509 0.7346581
vn -0.6392107 0.003921509 0.76902163
vn -0.62352455 0.043136835 0.7806128
vn 0.38823235 0.88234615 0.2659717
vn 0.28627235 0.8980323 0.33404505
vn 0.27842927 0.8980323 0.34060985
vn 0.10588157 0.8901892 0.44311658
vn 0.3411739 0.88234615 -0.3241383
vn 0.38038927 0.85881686 -0.34312913
vn 0.49019235 0.7803861 -0.38821253
vn 0.5450939 0.7333276 -0.40632892
vn -0.67842615 0.7333276 0.044367816
vn -0.66274 0.7333276 0.15167814
vn -0.8352877 0.5215646 0.17396797
vn -0.5529369 0.82744455 0.09796064
vn -0.47450614 0.86666 -0.1540922
vn 0.23921388 -0.26274312 -0.9347421
vn 0.16078311 -0.52156466 -0.8379255
vn 0.15294003 -0.5450939 -0.82430696
vn 0.25490004 -0.16862619 -0.9521508
vn -0.4980353 -0.49019235 -0.7153127
vn -0.41176152 -0.70195544 -0.5811291
vn -0.4980353 -0.49019235 -0.7153127
vn -0.41176152 -0.70195544 -0.5811291
vn -0.33333075 -0.62352467 0.7071829
vn -0.2862723 -0.72548467 0.62587553
vn -0.2862723 -0.72548467 0.62587553
vn -0.33333075 -0.6156816 0.71402156
vn -0.35685992 0.5764661 -0.7350767
vn -0.30980146 0.51372147 -0.8000708
vn -0.3490169 0.67842615 -0.6464713
vn -0.3803892 0.7176415 -0.5833479
vn -0.30980146 0.85881686 -0.407991
vn 0.552937 0.68626916 0.4725414
vn 0.45097697 0.81960154 0.3533739
vn 0.4431339 0.82744455 0.34491724
vn 0.66274005 0.6078384 0.43738785
vn 0.52156466 0.7019553 0.48500416
vn 0.0039215684 0.99999225 -0.00034526698
vn -0.011763804 0.99993086 -0
vn 0.0039215684 0.99999225 -0.00034526698
vn 0.0039215684 0.99999225 -0.00034526698
vn 0.0039215684 0.99999225 -0.00034526698
vn 0.0039215684 0.99999225 -0.00034526698
vn -0.003921509 0.99999225 -0.00034526698
vn -0.003921509 0.99999225 -0.00034526698
vn -0.011763804 0.99993086 -0
vn 0.0039215684 0.99999225 -0.00034526698
vn 0.0039215684 0.99999225 -0.00034526698
vn -0.003921509 0.99999225 -0.00034526698
vn 0.0039215684 0.99999225 -0.00034526698
vn 0.0039215684 0.99999225 -0.00034526698
vn 0.011763923 0.99993086 -0
vn -0.04309709 0.9990709 -0
vn -0.0901953 0.99214923 0.08662968
vn 0.043136954 0.9529338 -0.300094
vn -0.066666126 0.99214923 -0.10580898
vn -0.050979972 0.99214923 -0.11419702
vn 0.1999985 0.93724763 -0.2856002
vn -0.043136835 0.99214923 -0.11738443
vn -0.050979972 0.99214923 -0.11419702
vn -0.05882299 0.99214923 -0.11036182
vn -0.074509144 0.99214923 -0.10044035
vn -0.035293818 0.99214923 -0.11997593
vn -0.02745068 0.99214923 -0.122009754
vn -0.02745068 0.99214923 -0.122009754
vn -0.035293818 0.99214923 -0.11997593
vn -0.02745068 0.99214923 -0.122009754
vn -0.011763804 0.99993086 -0
vn -0.011764526 0.99214923 -0.12450501
vn -0.050979972 0.99214923 -0.11419702
vn -0.074509144 0.99214923 -0.10044035
vn -0.0901953 0.99214923 -0.08662968
vn -0.04309709 0.9990709 -0
vn -0.074509144 0.99214923 -0.10044035
vn -0.0901953 0.99214923 -0.08662968
vn -0.0901953 0.99214923 -0.08662968
vn 0.011763923 0.99993086 -0
vn -0.074509144 0.99214923 -0.10044035
vn -0.08235228 0.99214923 -0.09411708
vn -0.2862723 0.9450908 -0.15764397
vn -0.21568453 0.9607769 -0.17432119
vn -0.35685992 0.9294046 0.09411708
vn -0.11372459 0.9215615 -0.37120232
vn -0.36470306 0.8901892 0.27304748
vn -0.02745068 0.8980323 -0.43907222
vn -0.2862723 0.82744455 0.48309803
vn 0.21568465 0.8352877 -0.50574166
vn -0.15293992 0.7333276 0.66244996
vn 0.29411542 0.7803861 -0.55180943
vn 0.019607723 0.65489686 0.7554639
vn 0.22352773 0.5529369 0.80268055
vn 0.41960466 0.4901923 0.7639656
vn 0.59215236 0.39607537 0.7017691
vn 0.7411708 0.39607537 0.54202414
vn 0.8196016 0.35685992 0.44822338
vn 0.90587544 0.3803892 0.18626246
vn 0.9215616 0.3803892 0.077641994
vn 0.8431308 0.4980353 -0.20270969
vn 0.8274447 0.4980353 -0.25941503
vn 0.56078005 0.67842615 -0.47461957
vn 0.59999543 0.6392107 -0.4810563
vn -0.22352767 -0.7097985 -0.66799814
vn -0.2941153 -0.7097985 -0.6400643
vn -0.2941153 -0.7097985 -0.6400643
vn -0.3490169 -0.7097985 -0.6118605
vn -0.22352767 -0.7097985 -0.66799814
vn -0.3490169 -0.7097985 -0.6118605
vn -0.15293992 -0.7097985 -0.68760127
vn -0.1450969 -0.7097985 -0.68929887
vn -0.066666126 -0.7097985 -0.701243
vn -0.066666126 -0.7097985 -0.701243
vn 0.011764646 -0.7097985 -0.70430654
vn 0.019607723 -0.7097985 -0.70413184
vn 0.098038495 -0.7097985 -0.6975489
vn 0.10588157 -0.7097985 -0.6964016
vn 0.17646927 -0.70195544 -0.69001245
vn 0.18431234 -0.7097985 -0.679864
vn 0.25490004 -0.70195544 -0.6650448
vn 0.26274312 -0.7097985 -0.6535688
vn 0.32548773 -0.70195544 -0.63349533
vn 0.3411739 -0.7097985 -0.61626816
vn 0.4039185 -0.70195544 -0.5866075
vn 0.41176158 -0.7097985 -0.57152295
vn 0.46666312 -0.70195544 -0.5380373
vn 0.4745062 -0.7097985 -0.5206054
vn 0.52156466 -0.70195544 -0.48500398
vn 0.5372508 -0.7097985 -0.45557392
vn 0.5764662 -0.70195544 -0.4182646
vn 0.5843093 -0.7097985 -0.39340663
vn 0.62352467 -0.70195544 -0.34420282
vn 0.63136774 -0.7097985 -0.3123473
vn 0.654897 -0.70195544 -0.27994376
vn 0.66274005 -0.7097985 -0.23866653
vn 0.6862693 -0.70195544 -0.19050737
vn 0.6862693 -0.7097985 -0.15880987
vn 0.70195544 -0.70195544 -0.12048692
vn 0.70195544 -0.7097985 -0.058690816
vn 0.7097985 -0.70195544 -0.05869107
vn 0.70195544 -0.7097985 0.058690816
vn 0.7097985 -0.70195544 0.05869107
vn 0.70195544 -0.7097985 0.058690816
vn 0.69411236 -0.70195544 0.15958256
vn 0.6862693 -0.7097985 0.15880987
vn 0.6784262 -0.70195544 0.21678664
vn 0.654897 -0.7097985 0.2594148
vn 0.6470539 -0.70195544 0.2976236
vn 0.62352467 -0.7097985 0.32772413
vn 0.6078385 -0.70195544 0.37120202
vn 0.5843093 -0.7097985 0.39340663
vn 0.56078005 -0.70195544 0.43907213
vn 0.52940774 -0.7097985 0.46466497
vn 0.5058785 -0.70195544 0.50134367
vn 0.46666312 -0.7097985 0.52764726
vn 0.45097697 -0.70195544 0.5512516
vn 0.41176158 -0.7097985 0.57152295
vn 0.38038927 -0.70195544 0.60213166
vn 0.34901696 -0.7097985 0.6118605
vn 0.30980158 -0.70195544 0.64131236
vn 0.28627235 -0.7097985 0.6436103
vn 0.2313708 -0.70195544 0.6735919
vn 0.22352773 -0.7097985 0.6679981
vn 0.15294003 -0.7097985 0.6876012
vn 0.14509696 -0.7097985 0.68929887
vn 0.08235234 -0.7097985 0.69957423
vn 0.066666186 -0.7097985 0.701243
vn 0.0039215684 -0.70195544 0.71221006
vn -0.019607663 -0.7097985 0.70413184
vn -0.074509144 -0.70195544 0.70831275
vn -0.098038435 -0.7097985 0.6975489
vn -0.15293992 -0.70195544 0.6956062
vn -0.18431222 -0.7097985 0.679864
vn -0.23137069 -0.70195544 0.673592
vn -0.262743 -0.7097985 0.6535688
vn -0.30195844 -0.70195544 0.64504236
vn -0.34117377 -0.7097985 0.6162682
vn -0.37254608 -0.70195544 0.6070156
vn -0.41176152 -0.7097985 0.571523
vn -0.44313383 -0.70195544 0.55757594
vn -0.47450614 -0.7097985 0.52060544
vn -0.50587845 -0.70195544 0.5013437
vn -0.53725076 -0.7097985 0.45557407
vn -0.5607799 -0.70195544 0.43907228
vn -0.5843092 -0.7097985 0.3934067
vn -0.5999954 -0.70195544 0.3837501
vn -0.62352455 -0.7097985 0.3277243
vn -0.6392107 -0.70195544 0.31411502
vn -0.66274 -0.7097985 0.23866665
vn -0.670583 -0.70195544 0.23995204
vn -0.68626916 -0.7097985 0.15881024
vn -0.6941123 -0.70195544 0.15958293
vn -0.7019553 -0.7097985 0.05869285
vn -0.70979846 -0.70195544 0.05869158
vn -0.7019553 -0.7097985 -0.05869285
vn -0.70979846 -0.70195544 -0.05869158
vn -0.7019553 -0.7097985 -0.05869285
vn -0.7019553 -0.70195544 -0.12048791
vn -0.68626916 -0.7097985 -0.15881024
vn -0.68626916 -0.70195544 -0.19050768
vn -0.66274 -0.7097985 -0.23866665
vn -0.65489686 -0.7097985 -0.25941512
vn -0.62352455 -0.7097985 -0.3277243
vn -0.62352455 -0.7097985 -0.3277243
vn -0.5843092 -0.7097985 -0.3934067
vn -0.5764661 -0.7097985 -0.4048122
vn -0.5294076 -0.7097985 -0.46466509
vn -0.5294076 -0.7097985 -0.46466509
vn -0.47450614 -0.7097985 -0.52060544
vn -0.47450614 -0.7097985 -0.52060544
vn -0.41176152 -0.7097985 -0.571523
vn -0.41176152 -0.7097985 -0.571523
vn 0.56078005 0.42744768 0.709094
vn 0.29411542 0.37254608 0.88017356
vn 0.56078005 0.47450614 0.6785055
vn 0.6862693 0.5843092 0.43314806
vn 0.24705696 0.37254608 0.8945235
vn 0.69411236 0.65489686 0.29886138
vn 0.66274005 0.74117076 0.10696508
vn 0.58933145 0.80789137 -0
vn 0.45882004 0.86666 -0.19591992
vn 0.36470312 0.9058753 -0.21536373
vn 0.17646927 0.93724763 -0.30070832
vn 0.066666186 0.9529338 -0.2957581
vn -0.11372459 0.9450908 -0.3063824
vn -0.23921382 0.93724763 -0.25366047
vn -0.4039184 0.8980323 -0.17432119
vn -0.50587845 0.85881686 -0.08075004
vn -0.6156815 0.7803861 0.10924195
vn -0.6313677 0.7333276 0.25220117
vn -0.6313677 0.5999954 0.4913048
vn -0.5764661 0.5607799 0.594317
vn -0.41176152 0.44313383 0.79629445
vn -0.3176446 0.42744768 0.8463985
vn -0.066666126 0.3490169 0.9347421
vn -0.02745068 0.36470306 0.9307192
vn -0.51372147 0.019607663 -0.85773295
vn -0.5764661 -0.0039215684 -0.8171117
vn -0.5843092 -0.0039215684 -0.81152165
vn -0.66274 -0.0039215684 -0.7488393
vn -0.47450614 -0.0039215684 -0.8802435
vn -0.66274 -0.0039215684 -0.7488393
vn -0.41960454 0.035293818 -0.9070206
vn -0.37254608 -0.011764646 -0.9279391
vn -0.3176446 0.035293818 -0.94755274
vn -0.262743 -0.035293877 -0.9642201
vn -0.20784152 0.02745068 -0.97777724
vn -0.15293992 -0.035293877 -0.98760504
vn -0.0901953 0.02745068 -0.99554574
vn -0.035293818 -0.035293877 -0.99875355
vn 0.019607723 0.02745068 -0.99943084
vn 0.08235234 -0.043136954 -0.99566925
vn 0.13725388 0.019607663 -0.99034184
vn 0.1999985 -0.043136954 -0.97884613
vn 0.25490004 0.019607663 -0.9667686
vn 0.30980158 -0.035293877 -0.95014596
vn 0.36470312 0.019607663 -0.9309174
vn 0.41960466 -0.05098003 -0.90627426
vn 0.46666312 0.011764526 -0.8843569
vn 0.52156466 -0.043136954 -0.8521206
vn 0.5686231 0.02745068 -0.82214004
vn 0.6156816 -0.043136954 -0.78681344
vn 0.66274005 0.019607663 -0.7485928
vn 0.70195544 -0.043136954 -0.7109133
vn 0.7411708 0.011764526 -0.6712134
vn 0.7803862 -0.043136954 -0.6238081
vn 0.8117585 0.02745068 -0.58334774
vn 0.8509739 -0.035293877 -0.5240208
vn 0.87450314 0.02745068 -0.48424244
vn 0.90587544 -0.035293877 -0.42207107
vn 0.9294047 0.035293818 -0.36737075
vn 0.94509083 -0.035293877 -0.32489637
vn 0.960777 0.02745068 -0.2759602
vn 0.97646314 -0.035293877 -0.21277711
vn 0.9843062 0.02745068 -0.1743208
vn 0.9921493 -0.035293877 -0.119975515
vn 0.9996234 0.027440554 -0
vn 0.9996234 -0.027440673 -0
vn 0.9993777 0.035272125 -0
vn 0.9921493 -0.0274508 0.122009166
vn 0.97646314 0.02745068 0.2139304
vn 0.96862006 -0.035293877 0.24602741
vn 0.9529339 0.02745068 0.30193284
vn 0.9294047 -0.035293877 0.36737075
vn 0.90587544 0.02745068 0.42265368
vn 0.8823462 -0.035293877 0.4692755
vn 0.8509739 0.019607663 0.52484185
vn 0.8196016 -0.043136954 0.57130766
vn 0.7882293 0.019607663 0.6150692
vn 0.7490139 -0.043136954 0.66114855
vn 0.7097985 0.019607663 0.70413184
vn 0.6705831 -0.043136954 0.7405791
vn 0.62352467 0.019607663 0.7815578
vn 0.5764662 -0.043136954 0.81598157
vn 0.52940774 0.019607663 0.8481409
vn 0.48234928 -0.035293877 0.8752677
vn 0.42744774 0.02745068 0.9036232
vn 0.3725462 -0.035293877 0.92734224
vn 0.31764466 0.02745068 0.9478124
vn 0.26274312 -0.0274508 0.9644753
vn 0.20784158 0.02745068 0.97777724
vn 0.15294003 -0.019607723 0.9880409
vn 0.098038495 0.02745068 0.99480397
vn 0.035293877 -0.011764646 0.9993077
vn -0.011764526 0.019607663 0.9997385
vn -0.074509144 -0.011764646 0.9971509
vn -0.12156761 0.011764526 0.9925134
vn -0.19215536 0.003921509 0.9813567
vn -0.23137069 0.011764526 0.97279453
vn -0.30980146 0.003921509 0.9507932
vn -0.33333075 0.003921509 0.94280183
vn -0.42744768 -0.0039215684 0.9040316
vn -0.42744768 -0.011764646 0.90396357
vn -0.5294076 -0.0039215684 0.8483585
vn -0.5215646 -0.0039215684 0.85320276
vn -0.62352455 -0.0039215684 0.78179395
vn -0.62352455 -0.0039215684 0.78179395
vn -0.70979846 -0.011764646 0.70430654
vn -0.70979846 -0.011764646 0.70430654
vn -0.7882292 -0.011764646 0.6152693
vn -0.7803861 -0.011764646 0.6251873
vn -0.85097384 -0.0039215684 0.5251934
vn -0.85097384 -0.0039215684 0.5251934
vn -0.9058753 -0.011764646 0.42338103
vn -0.9058753 -0.011764646 0.42338103
vn -0.9529338 -0.0039215684 0.30315316
vn -0.9450908 -0.0039215684 0.3267844
vn -0.9764631 -0.0039215684 0.21564901
vn -0.9764631 -0.0039215684 0.21564901
vn -0.99999225 -0.0039215684 -0.00034425134
vn -0.99999225 -0.0039215684 -0.00034425134
vn -0.99999225 -0.0039215684 -0.00034425134
vn -0.99999225 -0.0039215684 -0.00034425134
vn -0.99214923 -0.0039215684 -0.124998085
vn -0.99214923 -0.0039215684 -0.124998085
vn -0.96861994 -0.0039215684 -0.2485156
vn -0.96861994 -0.0039215684 -0.2485156
vn -0.9294046 0.003921509 -0.36904156
vn -0.9294046 0.003921509 -0.36904156
vn -0.88234615 -0.011764646 -0.47045392
vn -0.88234615 -0.011764646 -0.47045392
vn -0.81960154 -0.011764646 -0.57281315
vn -0.81960154 -0.011764646 -0.57281315
vn -0.7490138 -0.011764646 -0.66244996
vn -0.7490138 -0.011764646 -0.66244996
vn 0.3411739 0.4039184 -0.84879345
vn 0.38038927 0.44313383 -0.811749
vn 0.066666186 0.3490169 -0.9347421
vn 0.5686231 0.5450938 -0.6160686
vn 0.035293877 0.36470306 -0.93045473
vn 0.59999543 0.6078384 -0.52013266
vn -0.23137069 0.35685992 -0.9050517
vn 0.654897 0.6941123 -0.2988613
vn -0.3254876 0.4039184 -0.8549314
vn 0.6156816 0.76469994 -0.19018461
vn -0.51372147 0.42744768 -0.7438943
vn 0.56078005 0.82744455 0.029347694
vn -0.6078384 0.4901923 -0.6246951
vn 0.48234928 0.874503 0.05082935
vn -0.70979846 0.5764661 -0.40481228
vn 0.29411542 0.9294046 0.2229421
vn -0.70979846 0.66274 -0.23866679
vn 0.1999985 0.9450908 0.2584647
vn -0.63748765 0.77046067 -0
vn -0.5607799 0.82744455 0.029349724
vn -0.36470306 0.8980323 0.24602774
vn -0.30195844 0.9215615 0.24401951
vn -0.043136835 0.9529338 0.300094
vn -0.050979972 0.9607769 0.27259633
g CycloneRoktavorR7_AquilonQ_Disc_0
f 3/3/3 2/2/2 1/1/1
f 6/6/6 5/5/5 4/4/4
f 9/9/9 8/8/8 7/7/7
f 12/12/12 11/11/11 10/10/10
f 15/15/15 14/14/14 13/13/13
f 18/18/18 17/17/17 16/16/16
f 21/21/21 20/20/20 19/19/19
f 24/24/24 23/23/23 22/22/22
f 27/27/27 26/26/26 25/25/25
f 30/30/30 29/29/29 28/28/28
f 33/33/33 32/32/32 31/31/31
f 36/36/36 35/35/35 34/34/34
f 39/39/39 38/38/38 37/37/37
f 42/42/42 41/41/41 40/40/40
f 45/45/45 44/44/44 43/43/43
f 48/48/48 47/47/47 46/46/46
f 51/51/51 50/50/50 49/49/49
f 54/54/54 53/53/53 52/52/52
f 57/57/57 56/56/56 55/55/55
f 60/60/60 59/59/59 58/58/58
f 63/63/63 62/62/62 61/61/61
f 66/66/66 65/65/65 64/64/64
f 69/69/69 68/68/68 67/67/67
f 69/69/69 71/71/71 70/70/70
f 71/71/71 72/72/72 70/70/70
f 75/75/75 74/74/74 73/73/73
f 78/78/78 77/77/77 76/76/76
f 81/81/81 80/80/80 79/79/79
f 84/84/84 83/83/83 82/82/82
f 87/87/87 86/86/86 85/85/85
f 90/90/90 89/89/89 88/88/88
f 93/93/93 92/92/92 91/91/91
f 96/96/96 95/95/95 94/94/94
f 99/99/99 98/98/98 97/97/97
f 102/102/102 101/101/101 100/100/100
f 105/105/105 104/104/104 103/103/103
f 108/108/108 107/107/107 106/106/106
f 111/111/111 110/110/110 109/109/109
f 114/114/114 113/113/113 112/112/112
f 117/117/117 116/116/116 115/115/115
f 120/120/120 119/119/119 118/118/118
f 123/123/123 122/122/122 121/121/121
f 126/126/126 125/125/125 124/124/124
f 129/129/129 128/128/128 127/127/127
f 132/132/132 131/131/131 130/130/130
f 135/135/135 134/134/134 133/133/133
f 138/138/138 137/137/137 136/136/136
f 141/141/141 140/140/140 139/139/139
f 144/144/144 143/143/143 142/142/142
f 147/147/147 146/146/146 145/145/145
f 150/150/150 149/149/149 148/148/148
f 153/153/153 152/152/152 151/151/151
f 156/156/156 155/155/155 154/154/154
f 159/159/159 158/158/158 157/157/157
f 162/162/162 161/161/161 160/160/160
f 165/165/165 164/164/164 163/163/163
f 168/168/168 167/167/167 166/166/166
f 171/171/171 170/170/170 169/169/169
f 174/174/174 173/173/173 172/172/172
f 177/177/177 176/176/176 175/175/175
f 180/180/180 179/179/179 178/178/178
f 183/183/183 182/182/182 181/181/181
f 186/186/186 185/185/185 184/184/184
f 189/189/189 188/188/188 187/187/187
f 192/192/192 191/191/191 190/190/190
f 195/195/195 194/194/194 193/193/193
f 198/198/198 197/197/197 196/196/196
f 201/201/201 200/200/200 199/199/199
f 204/204/204 203/203/203 202/202/202
f 207/207/207 206/206/206 205/205/205
f 210/210/210 209/209/209 208/208/208
f 213/213/213 212/212/212 211/211/211
f 216/216/216 215/215/215 214/214/214
f 219/219/219 218/218/218 217/217/217
f 222/222/222 221/221/221 220/220/220
f 225/225/225 224/224/224 223/223/223
f 228/228/228 227/227/227 226/226/226
f 231/231/231 230/230/230 229/229/229
f 234/234/234 233/233/233 232/232/232
f 237/237/237 236/236/236 235/235/235
f 240/240/240 239/239/239 238/238/238
f 243/243/243 242/242/242 241/241/241
f 246/246/246 245/245/245 244/244/244
f 249/249/249 248/248/248 247/247/247
f 252/252/252 251/251/251 250/250/250
f 255/255/255 254/254/254 253/253/253
f 258/258/258 257/257/257 256/256/256
f 261/261/261 260/260/260 259/259/259
f 264/264/264 263/263/263 262/262/262
f 267/267/267 266/266/266 265/265/265
f 270/270/270 269/269/269 268/268/268
f 273/273/273 272/272/272 271/271/271
f 276/276/276 275/275/275 274/274/274
f 279/279/279 278/278/278 277/277/277
f 282/282/282 281/281/281 280/280/280
f 285/285/285 284/284/284 283/283/283
f 288/288/288 287/287/287 286/286/286
f 291/291/291 290/290/290 289/289/289
f 294/294/294 293/293/293 292/292/292
f 297/297/297 296/296/296 295/295/295
f 300/300/300 299/299/299 298/298/298
f 303/303/303 302/302/302 301/301/301
f 306/306/306 305/305/305 304/304/304
f 309/309/309 308/308/308 307/307/307
f 312/312/312 311/311/311 310/310/310
f 315/315/315 314/314/314 313/313/313
f 318/318/318 317/317/317 316/316/316
f 321/321/321 320/320/320 319/319/319
f 324/324/324 323/323/323 322/322/322
f 327/327/327 326/326/326 325/325/325
f 330/330/330 329/329/329 328/328/328
f 333/333/333 332/332/332 331/331/331
f 336/336/336 335/335/335 334/334/334
f 339/339/339 338/338/338 337/337/337
f 342/342/342 341/341/341 340/340/340
f 345/345/345 344/344/344 343/343/343
f 348/348/348 347/347/347 346/346/346
f 351/351/351 350/350/350 349/349/349
f 354/354/354 353/353/353 352/352/352
f 357/357/357 356/356/356 355/355/355
f 360/360/360 359/359/359 358/358/358
f 363/363/363 362/362/362 361/361/361
f 366/366/366 365/365/365 364/364/364
f 369/369/369 368/368/368 367/367/367
f 372/372/372 371/371/371 370/370/370
f 375/375/375 374/374/374 373/373/373
f 378/378/378 377/377/377 376/376/376
f 381/381/381 380/380/380 379/379/379
f 384/384/384 383/383/383 382/382/382
f 387/387/387 386/386/386 385/385/385
f 390/390/390 389/389/389 388/388/388
f 393/393/393 392/392/392 391/391/391
f 396/396/396 395/395/395 394/394/394
f 399/399/399 398/398/398 397/397/397
f 402/402/402 401/401/401 400/400/400
f 405/405/405 404/404/404 403/403/403
f 408/408/408 407/407/407 406/406/406
f 411/411/411 410/410/410 409/409/409
f 414/414/414 413/413/413 412/412/412
f 417/417/417 416/416/416 415/415/415
f 420/420/420 419/419/419 418/418/418
f 423/423/423 422/422/422 421/421/421
f 426/426/426 425/425/425 424/424/424
f 429/429/429 428/428/428 427/427/427
f 432/432/432 431/431/431 430/430/430
f 435/435/435 434/434/434 433/433/433
f 438/438/438 437/437/437 436/436/436
f 441/441/441 440/440/440 439/439/439
f 444/444/444 443/443/443 442/442/442
f 447/447/447 446/446/446 445/445/445
f 450/450/450 449/449/449 448/448/448
f 453/453/453 452/452/452 451/451/451
f 456/456/456 455/455/455 454/454/454
f 459/459/459 458/458/458 457/457/457
f 462/462/462 461/461/461 460/460/460
f 465/465/465 464/464/464 463/463/463
f 468/468/468 467/467/467 466/466/466
f 471/471/471 470/470/470 469/469/469
f 474/474/474 473/473/473 472/472/472
f 477/477/477 476/476/476 475/475/475
f 480/480/480 479/479/479 478/478/478
f 483/483/483 482/482/482 481/481/481
f 486/486/486 485/485/485 484/484/484
f 489/489/489 488/488/488 487/487/487
f 492/492/492 491/491/491 490/490/490
f 495/495/495 494/494/494 493/493/493
f 498/498/498 497/497/497 496/496/496
f 501/501/501 500/500/500 499/499/499
f 504/504/504 503/503/503 502/502/502
f 507/507/507 506/506/506 505/505/505
f 510/510/510 509/509/509 508/508/508
f 513/513/513 512/512/512 511/511/511
f 516/516/516 515/515/515 514/514/514
f 519/519/519 518/518/518 517/517/517
f 522/522/522 521/521/521 520/520/520
f 525/525/525 524/524/524 523/523/523
f 528/528/528 527/527/527 526/526/526
f 531/531/531 530/530/530 529/529/529
f 534/534/534 533/533/533 532/532/532
f 537/537/537 536/536/536 535/535/535
f 540/540/540 539/539/539 538/538/538
f 543/543/543 542/542/542 541/541/541
f 546/546/546 545/545/545 544/544/544
f 549/549/549 548/548/548 547/547/547
f 552/552/552 551/551/551 550/550/550
f 555/555/555 554/554/554 553/553/553
f 558/558/558 557/557/557 556/556/556
f 561/561/561 560/560/560 559/559/559
f 564/564/564 563/563/563 562/562/562
f 567/567/567 566/566/566 565/565/565
f 570/570/570 569/569/569 568/568/568
f 573/573/573 572/572/572 571/571/571
f 576/576/576 575/575/575 574/574/574
f 579/579/579 578/578/578 577/577/577
f 582/582/582 581/581/581 580/580/580
f 585/585/585 584/584/584 583/583/583
f 588/588/588 587/587/587 586/586/586
f 591/591/591 590/590/590 589/589/589
f 594/594/594 593/593/593 592/592/592
f 597/597/597 596/596/596 595/595/595
f 600/600/600 599/599/599 598/598/598
f 603/603/603 602/602/602 601/601/601
f 606/606/606 605/605/605 604/604/604
f 609/609/609 608/608/608 607/607/607
f 612/612/612 611/611/611 610/610/610
f 615/615/615 614/614/614 613/613/613
f 618/618/618 617/617/617 616/616/616
f 621/621/621 620/620/620 619/619/619
f 624/624/624 623/623/623 622/622/622
f 627/627/627 626/626/626 625/625/625
f 630/630/630 629/629/629 628/628/628
f 633/633/633 632/632/632 631/631/631
f 636/636/636 635/635/635 634/634/634
f 639/639/639 638/638/638 637/637/637
f 642/642/642 641/641/641 640/640/640
f 645/645/645 644/644/644 643/643/643
f 648/648/648 647/647/647 646/646/646
f 651/651/651 650/650/650 649/649/649
f 654/654/654 653/653/653 652/652/652
f 657/657/657 656/656/656 655/655/655
f 660/660/660 659/659/659 658/658/658
f 663/663/663 662/662/662 661/661/661
f 666/666/666 665/665/665 664/664/664
f 669/669/669 668/668/668 667/667/667
f 672/672/672 671/671/671 670/670/670
f 675/675/675 674/674/674 673/673/673
f 678/678/678 677/677/677 676/676/676
f 681/681/681 680/680/680 679/679/679
f 684/684/684 683/683/683 682/682/682
f 687/687/687 686/686/686 685/685/685
f 690/690/690 689/689/689 688/688/688
f 693/693/693 692/692/692 691/691/691
f 696/696/696 695/695/695 694/694/694
f 699/699/699 698/698/698 697/697/697
f 702/702/702 701/701/701 700/700/700
f 705/705/705 704/704/704 703/703/703
f 708/708/708 707/707/707 706/706/706
f 711/711/711 710/710/710 709/709/709
f 714/714/714 713/713/713 712/712/712
f 717/717/717 716/716/716 715/715/715
f 720/720/720 719/719/719 718/718/718
f 723/723/723 722/722/722 721/721/721
f 726/726/726 725/725/725 724/724/724
f 729/729/729 728/728/728 727/727/727
f 731/731/731 727/727/727 730/730/730
f 731/731/731 730/730/730 732/732/732
f 732/732/732 730/730/730 733/733/733
f 736/736/736 735/735/735 734/734/734
f 739/739/739 738/738/738 737/737/737
f 742/742/742 741/741/741 740/740/740
f 745/745/745 744/744/744 743/743/743
f 748/748/748 747/747/747 746/746/746
f 751/751/751 750/750/750 749/749/749
f 754/754/754 753/753/753 752/752/752
f 757/757/757 756/756/756 755/755/755
f 760/760/760 759/759/759 758/758/758
f 763/763/763 762/762/762 761/761/761
f 766/766/766 765/765/765 764/764/764
f 769/769/769 768/768/768 767/767/767
f 772/772/772 771/771/771 770/770/770
f 775/775/775 774/774/774 773/773/773
f 778/778/778 777/777/777 776/776/776
f 781/781/781 780/780/780 779/779/779
f 784/784/784 783/783/783 782/782/782
f 787/787/787 786/786/786 785/785/785
f 790/790/790 789/789/789 788/788/788
f 793/793/793 792/792/792 791/791/791
f 796/796/796 795/795/795 794/794/794
f 799/799/799 798/798/798 797/797/797
f 802/802/802 801/801/801 800/800/800
f 805/805/805 804/804/804 803/803/803
f 808/808/808 807/807/807 806/806/806
f 811/811/811 810/810/810 809/809/809
f 814/814/814 813/813/813 812/812/812
f 817/817/817 816/816/816 815/815/815
f 820/820/820 819/819/819 818/818/818
f 823/823/823 822/822/822 821/821/821
f 826/826/826 825/825/825 824/824/824
f 829/829/829 828/828/828 827/827/827
f 832/832/832 831/831/831 830/830/830
f 835/835/835 834/834/834 833/833/833
f 838/838/838 837/837/837 836/836/836
f 841/841/841 840/840/840 839/839/839
f 844/844/844 843/843/843 842/842/842
f 847/847/847 846/846/846 845/845/845
f 850/850/850 849/849/849 848/848/848
f 853/853/853 852/852/852 851/851/851
f 856/856/856 855/855/855 854/854/854
f 859/859/859 858/858/858 857/857/857
f 862/862/862 861/861/861 860/860/860
f 865/865/865 864/864/864 863/863/863
f 868/868/868 867/867/867 866/866/866
f 871/871/871 870/870/870 869/869/869
f 874/874/874 873/873/873 872/872/872
f 877/877/877 876/876/876 875/875/875
f 880/880/880 879/879/879 878/878/878
f 883/883/883 882/882/882 881/881/881
f 886/886/886 885/885/885 884/884/884
f 889/889/889 888/888/888 887/887/887
f 892/892/892 891/891/891 890/890/890
f 895/895/895 894/894/894 893/893/893
f 898/898/898 897/897/897 896/896/896
f 901/901/901 900/900/900 899/899/899
f 904/904/904 903/903/903 902/902/902
f 907/907/907 906/906/906 905/905/905
f 910/910/910 909/909/909 908/908/908
f 913/913/913 912/912/912 911/911/911
f 916/916/916 915/915/915 914/914/914
f 919/919/919 918/918/918 917/917/917
f 922/922/922 921/921/921 920/920/920
f 925/925/925 924/924/924 923/923/923
f 928/928/928 927/927/927 926/926/926
f 931/931/931 930/930/930 929/929/929
f 934/934/934 933/933/933 932/932/932
f 937/937/937 936/936/936 935/935/935
f 940/940/940 939/939/939 938/938/938
f 943/943/943 942/942/942 941/941/941
f 946/946/946 945/945/945 944/944/944
f 949/949/949 948/948/948 947/947/947
f 952/952/952 951/951/951 950/950/950
f 955/955/955 954/954/954 953/953/953
f 958/958/958 957/957/957 956/956/956
f 961/961/961 960/960/960 959/959/959
f 964/964/964 963/963/963 962/962/962
f 967/967/967 966/966/966 965/965/965
f 970/970/970 969/969/969 968/968/968
f 973/973/973 972/972/972 971/971/971
f 976/976/976 975/975/975 974/974/974
f 979/979/979 978/978/978 977/977/977
f 982/982/982 981/981/981 980/980/980
f 985/985/985 984/984/984 983/983/983
f 988/988/988 987/987/987 986/986/986
f 991/991/991 990/990/990 989/989/989
f 994/994/994 993/993/993 992/992/992
f 997/997/997 996/996/996 995/995/995
f 1000/1000/1000 999/999/999 998/998/998
f 1003/1003/1003 1002/1002/1002 1001/1001/1001
f 1006/1006/1006 1005/1005/1005 1004/1004/1004
f 1009/1009/1009 1008/1008/1008 1007/1007/1007
f 1012/1012/1012 1011/1011/1011 1010/1010/1010
f 1015/1015/1015 1014/1014/1014 1013/1013/1013
f 1018/1018/1018 1017/1017/1017 1016/1016/1016
f 1021/1021/1021 1020/1020/1020 1019/1019/1019
f 1024/1024/1024 1023/1023/1023 1022/1022/1022
f 1027/1027/1027 1026/1026/1026 1025/1025/1025
f 1030/1030/1030 1029/1029/1029 1028/1028/1028
f 1033/1033/1033 1032/1032/1032 1031/1031/1031
f 1036/1036/1036 1035/1035/1035 1034/1034/1034
f 1039/1039/1039 1038/1038/1038 1037/1037/1037
f 1042/1042/1042 1041/1041/1041 1040/1040/1040
f 1045/1045/1045 1044/1044/1044 1043/1043/1043
f 1048/1048/1048 1047/1047/1047 1046/1046/1046
f 1051/1051/1051 1050/1050/1050 1049/1049/1049
f 1054/1054/1054 1053/1053/1053 1052/1052/1052
f 1057/1057/1057 1056/1056/1056 1055/1055/1055
f 1060/1060/1060 1059/1059/1059 1058/1058/1058
f 1063/1063/1063 1062/1062/1062 1061/1061/1061
f 1066/1066/1066 1065/1065/1065 1064/1064/1064
f 1069/1069/1069 1068/1068/1068 1067/1067/1067
f 1072/1072/1072 1071/1071/1071 1070/1070/1070
f 1075/1075/1075 1074/1074/1074 1073/1073/1073
f 1078/1078/1078 1077/1077/1077 1076/1076/1076
f 1081/1081/1081 1080/1080/1080 1079/1079/1079
f 1084/1084/1084 1083/1083/1083 1082/1082/1082
f 1087/1087/1087 1086/1086/1086 1085/1085/1085
f 1090/1090/1090 1089/1089/1089 1088/1088/1088
f 1093/1093/1093 1092/1092/1092 1091/1091/1091
f 1096/1096/1096 1095/1095/1095 1094/1094/1094
f 1099/1099/1099 1098/1098/1098 1097/1097/1097
f 1102/1102/1102 1101/1101/1101 1100/1100/1100
f 1105/1105/1105 1104/1104/1104 1103/1103/1103
f 1108/1108/1108 1107/1107/1107 1106/1106/1106
f 1111/1111/1111 1110/1110/1110 1109/1109/1109
f 1114/1114/1114 1113/1113/1113 1112/1112/1112
f 1117/1117/1117 1116/1116/1116 1115/1115/1115
f 1120/1120/1120 1119/1119/1119 1118/1118/1118
f 1123/1123/1123 1122/1122/1122 1121/1121/1121
f 1126/1126/1126 1125/1125/1125 1124/1124/1124
f 1129/1129/1129 1128/1128/1128 1127/1127/1127
f 1132/1132/1132 1131/1131/1131 1130/1130/1130
f 1135/1135/1135 1134/1134/1134 1133/1133/1133
f 1138/1138/1138 1137/1137/1137 1136/1136/1136
f 1141/1141/1141 1140/1140/1140 1139/1139/1139
f 1144/1144/1144 1143/1143/1143 1142/1142/1142
f 1147/1147/1147 1146/1146/1146 1145/1145/1145
f 1150/1150/1150 1149/1149/1149 1148/1148/1148
f 1153/1153/1153 1152/1152/1152 1151/1151/1151
f 1156/1156/1156 1155/1155/1155 1154/1154/1154
f 1159/1159/1159 1158/1158/1158 1157/1157/1157
f 1162/1162/1162 1161/1161/1161 1160/1160/1160
f 1165/1165/1165 1164/1164/1164 1163/1163/1163
f 1168/1168/1168 1167/1167/1167 1166/1166/1166
f 1171/1171/1171 1170/1170/1170 1169/1169/1169
f 1174/1174/1174 1173/1173/1173 1172/1172/1172
f 1177/1177/1177 1176/1176/1176 1175/1175/1175
f 1180/1180/1180 1179/1179/1179 1178/1178/1178
f 1183/1183/1183 1182/1182/1182 1181/1181/1181
f 1186/1186/1186 1185/1185/1185 1184/1184/1184
f 1189/1189/1189 1188/1188/1188 1187/1187/1187
f 1192/1192/1192 1191/1191/1191 1190/1190/1190
f 1195/1195/1195 1194/1194/1194 1193/1193/1193
f 1198/1198/1198 1197/1197/1197 1196/1196/1196
f 1201/1201/1201 1200/1200/1200 1199/1199/1199
f 1204/1204/1204 1203/1203/1203 1202/1202/1202
f 1207/1207/1207 1206/1206/1206 1205/1205/1205
f 1210/1210/1210 1209/1209/1209 1208/1208/1208
f 1213/1213/1213 1212/1212/1212 1211/1211/1211
f 1216/1216/1216 1215/1215/1215 1214/1214/1214
f 1219/1219/1219 1218/1218/1218 1217/1217/1217
f 1222/1222/1222 1221/1221/1221 1220/1220/1220
f 1225/1225/1225 1224/1224/1224 1223/1223/1223
f 1228/1228/1228 1227/1227/1227 1226/1226/1226
f 1231/1231/1231 1230/1230/1230 1229/1229/1229
f 1234/1234/1234 1233/1233/1233 1232/1232/1232
f 1237/1237/1237 1236/1236/1236 1235/1235/1235
f 1240/1240/1240 1239/1239/1239 1238/1238/1238
f 1243/1243/1243 1242/1242/1242 1241/1241/1241
f 1242/1242/1242 1244/1244/1244 1241/1241/1241
f 1244/1244/1244 1245/1245/1245 1241/1241/1241
f 1241/1241/1241 1245/1245/1245 1246/1246/1246
f 1246/1246/1246 1247/1247/1247 1241/1241/1241
f 1247/1247/1247 1246/1246/1246 1248/1248/1248
f 1246/1246/1246 1249/1249/1249 1248/1248/1248
f 1250/1250/1250 1247/1247/1247 1248/1248/1248
f 1251/1251/1251 1247/1247/1247 1250/1250/1250
f 1251/1251/1251 1250/1250/1250 1252/1252/1252
f 1251/1251/1251 1253/1253/1253 1247/1247/1247
f 1256/1256/1256 1255/1255/1255 1254/1254/1254
f 1254/1254/1254 1255/1255/1255 1257/1257/1257
f 1255/1255/1255 1258/1258/1258 1257/1257/1257
f 1259/1259/1259 1258/1258/1258 1255/1255/1255
f 1259/1259/1259 1260/1260/1260 1258/1258/1258
f 1260/1260/1260 1261/1261/1261 1258/1258/1258
f 1259/1259/1259 1262/1262/1262 1260/1260/1260
f 1260/1260/1260 1263/1263/1263 1261/1261/1261
f 1262/1262/1262 1263/1263/1263 1260/1260/1260
f 1263/1263/1263 1264/1264/1264 1261/1261/1261
f 1262/1262/1262 1265/1265/1265 1263/1263/1263
f 1261/1261/1261 1264/1264/1264 1266/1266/1266
f 1265/1265/1265 1262/1262/1262 1267/1267/1267
f 1266/1266/1266 1264/1264/1264 1268/1268/1268
f 1268/1268/1268 1264/1264/1264 1269/1269/1269
f 1266/1266/1266 1268/1268/1268 1270/1270/1270
f 1271/1271/1271 1268/1268/1268 1269/1269/1269
f 1271/1271/1271 1269/1269/1269 1272/1272/1272
f 1271/1271/1271 1273/1273/1273 1268/1268/1268
f 1270/1270/1270 1268/1268/1268 1273/1273/1273
f 1274/1274/1274 1270/1270/1270 1273/1273/1273
f 1275/1275/1275 1270/1270/1270 1274/1274/1274
f 1276/1276/1276 1275/1275/1275 1274/1274/1274
f 1277/1277/1277 1275/1275/1275 1276/1276/1276
f 1267/1267/1267 1278/1278/1278 1265/1265/1265
f 1278/1278/1278 1267/1267/1267 1279/1279/1279
f 1280/1280/1280 1265/1265/1265 1278/1278/1278
f 1281/1281/1281 1280/1280/1280 1278/1278/1278
f 1281/1281/1281 1278/1278/1278 1279/1279/1279
f 1280/1280/1280 1282/1282/1282 1265/1265/1265
f 1283/1283/1283 1281/1281/1281 1279/1279/1279
f 1284/1284/1284 1283/1283/1283 1279/1279/1279
f 1285/1285/1285 1283/1283/1283 1284/1284/1284
f 1286/1286/1286 1283/1283/1283 1285/1285/1285
f 1287/1287/1287 1265/1265/1265 1282/1282/1282
f 1288/1288/1288 1287/1287/1287 1282/1282/1282
f 1288/1288/1288 1289/1289/1289 1287/1287/1287
f 1290/1290/1290 1288/1288/1288 1282/1282/1282
f 1289/1289/1289 1288/1288/1288 1291/1291/1291
f 1291/1291/1291 1292/1292/1292 1289/1289/1289
f 1293/1293/1293 1291/1291/1291 1288/1288/1288
f 1293/1293/1293 1288/1288/1288 1290/1290/1290
f 1294/1294/1294 1293/1293/1293 1290/1290/1290
f 1290/1290/1290 1295/1295/1295 1294/1294/1294
f 1296/1296/1296 1294/1294/1294 1295/1295/1295
f 1297/1297/1297 1294/1294/1294 1296/1296/1296
f 1300/1300/1300 1299/1299/1299 1298/1298/1298
f 1301/1301/1301 1298/1298/1298 1299/1299/1299
f 1302/1302/1302 1301/1301/1301 1299/1299/1299
f 1303/1303/1303 1302/1302/1302 1299/1299/1299
f 1306/1306/1306 1305/1305/1305 1304/1304/1304
f 1307/1307/1307 1306/1306/1306 1304/1304/1304
f 1308/1308/1308 1307/1307/1307 1304/1304/1304
f 1308/1308/1308 1304/1304/1304 1309/1309/1309
f 1312/1312/1312 1311/1311/1311 1310/1310/1310
f 1311/1311/1311 1313/1313/1313 1310/1310/1310
f 1316/1316/1316 1315/1315/1315 1314/1314/1314
f 1315/1315/1315 1317/1317/1317 1314/1314/1314
f 1320/1320/1320 1319/1319/1319 1318/1318/1318
f 1320/1320/1320 1318/1318/1318 1321/1321/1321
f 1322/1322/1322 1320/1320/1320 1321/1321/1321
f 1322/1322/1322 1321/1321/1321 1323/1323/1323
f 1322/1322/1322 1323/1323/1323 1324/1324/1324
f 1324/1324/1324 1323/1323/1323 1325/1325/1325
f 1323/1323/1323 1326/1326/1326 1325/1325/1325
f 1329/1329/1329 1328/1328/1328 1327/1327/1327
f 1327/1327/1327 1328/1328/1328 1330/1330/1330
f 1330/1330/1330 1328/1328/1328 1331/1331/1331
f 1334/1334/1334 1333/1333/1333 1332/1332/1332
f 1334/1334/1334 1332/1332/1332 1335/1335/1335
f 1335/1335/1335 1336/1336/1336 1334/1334/1334
f 1339/1339/1339 1338/1338/1338 1337/1337/1337
f 1337/1337/1337 1338/1338/1338 1340/1340/1340
f 1343/1343/1343 1342/1342/1342 1341/1341/1341
f 1344/1344/1344 1343/1343/1343 1341/1341/1341
f 1347/1347/1347 1346/1346/1346 1345/1345/1345
f 1345/1345/1345 1348/1348/1348 1347/1347/1347
f 1347/1347/1347 1348/1348/1348 1349/1349/1349
f 1350/1350/1350 1348/1348/1348 1345/1345/1345
f 1350/1350/1350 1345/1345/1345 1349/1349/1349
f 1350/1350/1350 1349/1349/1349 1351/1351/1351
f 1349/1349/1349 1352/1352/1352 1351/1351/1351
f 1351/1351/1351 1352/1352/1352 1353/1353/1353
f 1352/1352/1352 1349/1349/1349 1354/1354/1354
f 1349/1349/1349 1348/1348/1348 1354/1354/1354
f 1348/1348/1348 1355/1355/1355 1354/1354/1354
f 1354/1354/1354 1355/1355/1355 1356/1356/1356
f 1359/1359/1359 1358/1358/1358 1357/1357/1357
f 1358/1358/1358 1360/1360/1360 1357/1357/1357
f 1363/1363/1363 1362/1362/1362 1361/1361/1361
f 1362/1362/1362 1364/1364/1364 1361/1361/1361
f 1367/1367/1367 1366/1366/1366 1365/1365/1365
f 1365/1365/1365 1366/1366/1366 1368/1368/1368
f 1366/1366/1366 1369/1369/1369 1368/1368/1368
f 1365/1365/1365 1368/1368/1368 1370/1370/1370
f 1371/1371/1371 1365/1365/1365 1370/1370/1370
f 1368/1368/1368 1372/1372/1372 1370/1370/1370
f 1371/1371/1371 1370/1370/1370 1373/1373/1373
f 1369/1369/1369 1374/1374/1374 1368/1368/1368
f 1369/1369/1369 1375/1375/1375 1374/1374/1374
f 1376/1376/1376 1375/1375/1375 1369/1369/1369
f 1374/1374/1374 1377/1377/1377 1368/1368/1368
f 1376/1376/1376 1378/1378/1378 1375/1375/1375
f 1375/1375/1375 1378/1378/1378 1379/1379/1379
f 1380/1380/1380 1378/1378/1378 1376/1376/1376
f 1381/1381/1381 1378/1378/1378 1380/1380/1380
f 1382/1382/1382 1381/1381/1381 1380/1380/1380
f 1382/1382/1382 1380/1380/1380 1383/1383/1383
f 1378/1378/1378 1384/1384/1384 1379/1379/1379
f 1385/1385/1385 1382/1382/1382 1383/1383/1383
f 1377/1377/1377 1386/1386/1386 1368/1368/1368
f 1387/1387/1387 1386/1386/1386 1377/1377/1377
f 1386/1386/1386 1388/1388/1388 1368/1368/1368
f 1388/1388/1388 1389/1389/1389 1368/1368/1368
f 1389/1389/1389 1390/1390/1390 1368/1368/1368
f 1379/1379/1379 1391/1391/1391 1389/1389/1389
f 1384/1384/1384 1391/1391/1391 1379/1379/1379
f 1389/1389/1389 1392/1392/1392 1390/1390/1390
f 1391/1391/1391 1392/1392/1392 1389/1389/1389
f 1392/1392/1392 1393/1393/1393 1390/1390/1390
f 1393/1393/1393 1394/1394/1394 1390/1390/1390
f 1394/1394/1394 1395/1395/1395 1390/1390/1390
f 1396/1396/1396 1395/1395/1395 1394/1394/1394
f 1397/1397/1397 1396/1396/1396 1394/1394/1394
f 1398/1398/1398 1397/1397/1397 1394/1394/1394
f 1399/1399/1399 1398/1398/1398 1394/1394/1394
f 1398/1398/1398 1399/1399/1399 1391/1391/1391
f 1400/1400/1400 1397/1397/1397 1398/1398/1398
f 1401/1401/1401 1398/1398/1398 1391/1391/1391
f 1397/1397/1397 1400/1400/1400 1402/1402/1402
f 1384/1384/1384 1397/1397/1397 1402/1402/1402
f 1403/1403/1403 1401/1401/1401 1391/1391/1391
f 1384/1384/1384 1402/1402/1402 1403/1403/1403
f 1384/1384/1384 1403/1403/1403 1391/1391/1391
f 1406/1406/1406 1405/1405/1405 1404/1404/1404
f 1404/1404/1404 1405/1405/1405 1407/1407/1407
f 1405/1405/1405 1408/1408/1408 1407/1407/1407
f 1411/1411/1411 1410/1410/1410 1409/1409/1409
f 1410/1410/1410 1412/1412/1412 1409/1409/1409
f 1415/1415/1415 1414/1414/1414 1413/1413/1413
f 1415/1415/1415 1413/1413/1413 1416/1416/1416
f 1413/1413/1413 1417/1417/1417 1416/1416/1416
f 1415/1415/1415 1416/1416/1416 1418/1418/1418
f 1421/1421/1421 1420/1420/1420 1419/1419/1419
f 1420/1420/1420 1421/1421/1421 1422/1422/1422
f 1423/1423/1423 1422/1422/1422 1421/1421/1421
f 1422/1422/1422 1424/1424/1424 1420/1420/1420
f 1425/1425/1425 1424/1424/1424 1422/1422/1422
f 1428/1428/1428 1427/1427/1427 1426/1426/1426
f 1427/1427/1427 1429/1429/1429 1426/1426/1426
f 1426/1426/1426 1429/1429/1429 1430/1430/1430
f 1426/1426/1426 1430/1430/1430 1431/1431/1431
f 1426/1426/1426 1431/1431/1431 1432/1432/1432
f 1432/1432/1432 1431/1431/1431 1433/1433/1433
f 1432/1432/1432 1433/1433/1433 1434/1434/1434
f 1435/1435/1435 1434/1434/1434 1433/1433/1433
f 1438/1438/1438 1437/1437/1437 1436/1436/1436
f 1438/1438/1438 1436/1436/1436 1439/1439/1439
f 1442/1442/1442 1441/1441/1441 1440/1440/1440
f 1441/1441/1441 1443/1443/1443 1440/1440/1440
f 1443/1443/1443 1444/1444/1444 1440/1440/1440
f 1440/1440/1440 1444/1444/1444 1445/1445/1445
f 1440/1440/1440 1445/1445/1445 1446/1446/1446
f 1445/1445/1445 1444/1444/1444 1447/1447/1447
f 1445/1445/1445 1447/1447/1447 1448/1448/1448
f 1448/1448/1448 1449/1449/1449 1445/1445/1445
f 1452/1452/1452 1451/1451/1451 1450/1450/1450
f 1452/1452/1452 1450/1450/1450 1453/1453/1453
f 1456/1456/1456 1455/1455/1455 1454/1454/1454
f 1457/1457/1457 1455/1455/1455 1456/1456/1456
f 1458/1458/1458 1457/1457/1457 1456/1456/1456
f 1459/1459/1459 1458/1458/1458 1456/1456/1456
f 1460/1460/1460 1459/1459/1459 1456/1456/1456
f 1463/1463/1463 1462/1462/1462 1461/1461/1461
f 1461/1461/1461 1462/1462/1462 1464/1464/1464
f 1467/1467/1467 1466/1466/1466 1465/1465/1465
f 1465/1465/1465 1466/1466/1466 1468/1468/1468
f 1468/1468/1468 1469/1469/1469 1465/1465/1465
f 1469/1469/1469 1470/1470/1470 1465/1465/1465
f 1471/1471/1471 1470/1470/1470 1469/1469/1469
f 1469/1469/1469 1472/1472/1472 1471/1471/1471
f 1470/1470/1470 1471/1471/1471 1473/1473/1473
f 1472/1472/1472 1474/1474/1474 1471/1471/1471
f 1475/1475/1475 1474/1474/1474 1472/1472/1472
f 1471/1471/1471 1474/1474/1474 1476/1476/1476
f 1471/1471/1471 1476/1476/1476 1473/1473/1473
f 1473/1473/1473 1476/1476/1476 1477/1477/1477
f 1478/1478/1478 1473/1473/1473 1477/1477/1477
f 1479/1479/1479 1473/1473/1473 1478/1478/1478
f 1480/1480/1480 1479/1479/1479 1478/1478/1478
f 1478/1478/1478 1477/1477/1477 1481/1481/1481
f 1482/1482/1482 1478/1478/1478 1481/1481/1481
f 1480/1480/1480 1478/1478/1478 1482/1482/1482
f 1483/1483/1483 1481/1481/1481 1477/1477/1477
f 1484/1484/1484 1480/1480/1480 1482/1482/1482
f 1485/1485/1485 1480/1480/1480 1484/1484/1484
f 1485/1485/1485 1484/1484/1484 1486/1486/1486
f 1487/1487/1487 1486/1486/1486 1484/1484/1484
f 1488/1488/1488 1483/1483/1483 1477/1477/1477
f 1489/1489/1489 1483/1483/1483 1488/1488/1488
f 1490/1490/1490 1483/1483/1483 1489/1489/1489
f 1488/1488/1488 1491/1491/1491 1489/1489/1489
f 1492/1492/1492 1491/1491/1491 1488/1488/1488
f 1493/1493/1493 1489/1489/1489 1491/1491/1491
f 1493/1493/1493 1490/1490/1490 1489/1489/1489
f 1494/1494/1494 1490/1490/1490 1493/1493/1493
f 1495/1495/1495 1490/1490/1490 1494/1494/1494
f 1496/1496/1496 1495/1495/1495 1494/1494/1494
f 1497/1497/1497 1495/1495/1495 1496/1496/1496
f 1498/1498/1498 1491/1491/1491 1492/1492/1492
f 1499/1499/1499 1498/1498/1498 1492/1492/1492
f 1499/1499/1499 1492/1492/1492 1500/1500/1500
f 1501/1501/1501 1498/1498/1498 1499/1499/1499
f 1502/1502/1502 1499/1499/1499 1500/1500/1500
f 1503/1503/1503 1502/1502/1502 1500/1500/1500
f 1502/1502/1502 1504/1504/1504 1499/1499/1499
f 1501/1501/1501 1499/1499/1499 1504/1504/1504
f 1505/1505/1505 1501/1501/1501 1504/1504/1504
f 1506/1506/1506 1505/1505/1505 1504/1504/1504
f 1507/1507/1507 1505/1505/1505 1506/1506/1506
f 1505/1505/1505 1507/1507/1507 1508/1508/1508
f 1511/1511/1511 1510/1510/1510 1509/1509/1509
f 1509/1509/1509 1512/1512/1512 1511/1511/1511
f 1512/1512/1512 1509/1509/1509 1513/1513/1513
f 1512/1512/1512 1513/1513/1513 1514/1514/1514
f 1515/1515/1515 1514/1514/1514 1513/1513/1513
f 1511/1511/1511 1512/1512/1512 1516/1516/1516
f 1511/1511/1511 1516/1516/1516 1517/1517/1517
f 1517/1517/1517 1516/1516/1516 1518/1518/1518
f 1519/1519/1519 1517/1517/1517 1518/1518/1518
f 1517/1517/1517 1519/1519/1519 1520/1520/1520
f 1519/1519/1519 1521/1521/1521 1520/1520/1520
f 1521/1521/1521 1522/1522/1522 1520/1520/1520
f 1520/1520/1520 1522/1522/1522 1523/1523/1523
f 1520/1520/1520 1523/1523/1523 1524/1524/1524
f 1515/1515/1515 1513/1513/1513 1525/1525/1525
f 1526/1526/1526 1524/1524/1524 1523/1523/1523
f 1526/1526/1526 1527/1527/1527 1524/1524/1524
f 1513/1513/1513 1527/1527/1527 1525/1525/1525
f 1528/1528/1528 1527/1527/1527 1526/1526/1526
f 1525/1525/1525 1527/1527/1527 1528/1528/1528
f 1524/1524/1524 1527/1527/1527 1529/1529/1529
f 1529/1529/1529 1527/1527/1527 1513/1513/1513
f 1529/1529/1529 1530/1530/1530 1524/1524/1524
f 1529/1529/1529 1513/1513/1513 1531/1531/1531
f 1532/1532/1532 1529/1529/1529 1531/1531/1531
f 1533/1533/1533 1532/1532/1532 1531/1531/1531
f 1534/1534/1534 1533/1533/1533 1531/1531/1531
f 1531/1531/1531 1513/1513/1513 1535/1535/1535
f 1536/1536/1536 1533/1533/1533 1534/1534/1534
f 1535/1535/1535 1513/1513/1513 1537/1537/1537
f 1513/1513/1513 1538/1538/1538 1537/1537/1537
f 1535/1535/1535 1537/1537/1537 1539/1539/1539
f 1539/1539/1539 1537/1537/1537 1540/1540/1540
f 1540/1540/1540 1541/1541/1541 1539/1539/1539
f 1539/1539/1539 1541/1541/1541 1542/1542/1542
f 1541/1541/1541 1543/1543/1543 1542/1542/1542
f 1543/1543/1543 1544/1544/1544 1542/1542/1542
f 1541/1541/1541 1545/1545/1545 1543/1543/1543
f 1541/1541/1541 1546/1546/1546 1545/1545/1545
f 1546/1546/1546 1547/1547/1547 1545/1545/1545
f 1544/1544/1544 1548/1548/1548 1542/1542/1542
f 1548/1548/1548 1549/1549/1549 1542/1542/1542
f 1542/1542/1542 1549/1549/1549 1550/1550/1550
f 1550/1550/1550 1549/1549/1549 1551/1551/1551
f 1542/1542/1542 1550/1550/1550 1552/1552/1552
f 1542/1542/1542 1552/1552/1552 1553/1553/1553
f 1542/1542/1542 1553/1553/1553 1554/1554/1554
f 1555/1555/1555 1542/1542/1542 1554/1554/1554
f 1555/1555/1555 1554/1554/1554 1556/1556/1556
f 1553/1553/1553 1557/1557/1557 1554/1554/1554
f 1553/1553/1553 1558/1558/1558 1557/1557/1557
f 1553/1553/1553 1559/1559/1559 1558/1558/1558
f 1556/1556/1556 1554/1554/1554 1560/1560/1560
f 1554/1554/1554 1561/1561/1561 1560/1560/1560
f 1561/1561/1561 1562/1562/1562 1560/1560/1560
f 1560/1560/1560 1562/1562/1562 1563/1563/1563
f 1560/1560/1560 1564/1564/1564 1556/1556/1556
f 1556/1556/1556 1564/1564/1564 1565/1565/1565
f 1565/1565/1565 1564/1564/1564 1566/1566/1566
f 1567/1567/1567 1556/1556/1556 1565/1565/1565
f 1556/1556/1556 1567/1567/1567 1568/1568/1568
f 1569/1569/1569 1568/1568/1568 1567/1567/1567
f 1569/1569/1569 1567/1567/1567 1570/1570/1570
f 1569/1569/1569 1570/1570/1570 1571/1571/1571
f 1566/1566/1566 1572/1572/1572 1565/1565/1565
f 1566/1566/1566 1573/1573/1573 1572/1572/1572
f 1566/1566/1566 1574/1574/1574 1573/1573/1573
f 1575/1575/1575 1569/1569/1569 1571/1571/1571
f 1575/1575/1575 1571/1571/1571 1576/1576/1576
f 1576/1576/1576 1571/1571/1571 1577/1577/1577
f 1576/1576/1576 1577/1577/1577 1578/1578/1578
f 1578/1578/1578 1577/1577/1577 1579/1579/1579
f 1577/1577/1577 1580/1580/1580 1579/1579/1579
f 1575/1575/1575 1576/1576/1576 1581/1581/1581
f 1581/1581/1581 1576/1576/1576 1582/1582/1582
f 1582/1582/1582 1583/1583/1583 1581/1581/1581
f 1581/1581/1581 1583/1583/1583 1584/1584/1584
f 1575/1575/1575 1581/1581/1581 1585/1585/1585
f 1575/1575/1575 1585/1585/1585 1586/1586/1586
f 1587/1587/1587 1575/1575/1575 1586/1586/1586
f 1588/1588/1588 1587/1587/1587 1586/1586/1586
f 1588/1588/1588 1586/1586/1586 1589/1589/1589
f 1586/1586/1586 1590/1590/1590 1589/1589/1589
f 1589/1589/1589 1590/1590/1590 1591/1591/1591
f 1590/1590/1590 1592/1592/1592 1591/1591/1591
f 1595/1595/1595 1594/1594/1594 1593/1593/1593
f 1595/1595/1595 1596/1596/1596 1594/1594/1594
f 1596/1596/1596 1597/1597/1597 1594/1594/1594
f 1597/1597/1597 1598/1598/1598 1594/1594/1594
f 1601/1601/1601 1600/1600/1600 1599/1599/1599
f 1600/1600/1600 1602/1602/1602 1599/1599/1599
f 1605/1605/1605 1604/1604/1604 1603/1603/1603
f 1603/1603/1603 1606/1606/1606 1605/1605/1605
f 1606/1606/1606 1607/1607/1607 1605/1605/1605
f 1603/1603/1603 1608/1608/1608 1606/1606/1606
f 1606/1606/1606 1609/1609/1609 1607/1607/1607
f 1610/1610/1610 1606/1606/1606 1608/1608/1608
f 1609/1609/1609 1606/1606/1606 1610/1610/1610
f 1611/1611/1611 1609/1609/1609 1610/1610/1610
f 1612/1612/1612 1610/1610/1610 1608/1608/1608
f 1613/1613/1613 1611/1611/1611 1610/1610/1610
f 1614/1614/1614 1610/1610/1610 1612/1612/1612
f 1614/1614/1614 1613/1613/1613 1610/1610/1610
f 1615/1615/1615 1613/1613/1613 1614/1614/1614
f 1616/1616/1616 1614/1614/1614 1612/1612/1612
f 1614/1614/1614 1617/1617/1617 1615/1615/1615
f 1616/1616/1616 1618/1618/1618 1614/1614/1614
f 1618/1618/1618 1617/1617/1617 1614/1614/1614
f 1619/1619/1619 1618/1618/1618 1616/1616/1616
f 1620/1620/1620 1617/1617/1617 1618/1618/1618
f 1623/1623/1623 1622/1622/1622 1621/1621/1621
f 1621/1621/1621 1622/1622/1622 1624/1624/1624
f 1624/1624/1624 1625/1625/1625 1621/1621/1621
f 1621/1621/1621 1625/1625/1625 1626/1626/1626
f 1627/1627/1627 1626/1626/1626 1625/1625/1625
f 1626/1626/1626 1628/1628/1628 1621/1621/1621
f 1631/1631/1631 1630/1630/1630 1629/1629/1629
f 1631/1631/1631 1632/1632/1632 1630/1630/1630
f 1635/1635/1635 1634/1634/1634 1633/1633/1633
f 1633/1633/1633 1634/1634/1634 1636/1636/1636
f 1637/1637/1637 1636/1636/1636 1634/1634/1634
f 1636/1636/1636 1637/1637/1637 1638/1638/1638
f 1639/1639/1639 1636/1636/1636 1638/1638/1638
f 1639/1639/1639 1640/1640/1640 1636/1636/1636
f 1633/1633/1633 1636/1636/1636 1641/1641/1641
f 1633/1633/1633 1641/1641/1641 1642/1642/1642
f 1642/1642/1642 1641/1641/1641 1643/1643/1643
f 1642/1642/1642 1643/1643/1643 1644/1644/1644
f 1643/1643/1643 1645/1645/1645 1644/1644/1644
f 1645/1645/1645 1646/1646/1646 1644/1644/1644
f 1646/1646/1646 1645/1645/1645 1647/1647/1647
f 1645/1645/1645 1648/1648/1648 1647/1647/1647
f 1647/1647/1647 1648/1648/1648 1649/1649/1649
f 1648/1648/1648 1650/1650/1650 1649/1649/1649
f 1651/1651/1651 1649/1649/1649 1650/1650/1650
f 1652/1652/1652 1651/1651/1651 1650/1650/1650
f 1653/1653/1653 1651/1651/1651 1652/1652/1652
f 1654/1654/1654 1653/1653/1653 1652/1652/1652
f 1654/1654/1654 1652/1652/1652 1655/1655/1655
f 1654/1654/1654 1655/1655/1655 1656/1656/1656
f 1657/1657/1657 1654/1654/1654 1656/1656/1656
f 1658/1658/1658 1657/1657/1657 1656/1656/1656
f 1658/1658/1658 1656/1656/1656 1659/1659/1659
f 1660/1660/1660 1658/1658/1658 1659/1659/1659
f 1660/1660/1660 1659/1659/1659 1661/1661/1661
f 1660/1660/1660 1661/1661/1661 1662/1662/1662
f 1662/1662/1662 1661/1661/1661 1663/1663/1663
f 1663/1663/1663 1661/1661/1661 1664/1664/1664
f 1665/1665/1665 1663/1663/1663 1664/1664/1664
f 1664/1664/1664 1666/1666/1666 1665/1665/1665
f 1666/1666/1666 1667/1667/1667 1665/1665/1665
f 1668/1668/1668 1665/1665/1665 1667/1667/1667
f 1665/1665/1665 1668/1668/1668 1669/1669/1669
f 1669/1669/1669 1668/1668/1668 1670/1670/1670
f 1673/1673/1673 1672/1672/1672 1671/1671/1671
f 1672/1672/1672 1673/1673/1673 1674/1674/1674
f 1672/1672/1672 1674/1674/1674 1675/1675/1675
f 1675/1675/1675 1674/1674/1674 1676/1676/1676
f 1674/1674/1674 1677/1677/1677 1676/1676/1676
f 1673/1673/1673 1678/1678/1678 1674/1674/1674
f 1674/1674/1674 1679/1679/1679 1677/1677/1677
f 1678/1678/1678 1680/1680/1680 1674/1674/1674
f 1680/1680/1680 1679/1679/1679 1674/1674/1674
f 1681/1681/1681 1680/1680/1680 1678/1678/1678
f 1680/1680/1680 1682/1682/1682 1679/1679/1679
f 1681/1681/1681 1682/1682/1682 1680/1680/1680
f 1682/1682/1682 1683/1683/1683 1679/1679/1679
f 1684/1684/1684 1683/1683/1683 1682/1682/1682
f 1685/1685/1685 1682/1682/1682 1681/1681/1681
f 1682/1682/1682 1686/1686/1686 1684/1684/1684
f 1686/1686/1686 1682/1682/1682 1685/1685/1685
f 1685/1685/1685 1687/1687/1687 1686/1686/1686
f 1690/1690/1690 1689/1689/1689 1688/1688/1688
f 1688/1688/1688 1691/1691/1691 1690/1690/1690
f 1688/1688/1688 1692/1692/1692 1691/1691/1691
f 1692/1692/1692 1693/1693/1693 1691/1691/1691
f 1691/1691/1691 1693/1693/1693 1694/1694/1694
f 1695/1695/1695 1693/1693/1693 1692/1692/1692
f 1696/1696/1696 1695/1695/1695 1692/1692/1692
f 1697/1697/1697 1695/1695/1695 1696/1696/1696
f 1698/1698/1698 1695/1695/1695 1697/1697/1697
f 1693/1693/1693 1699/1699/1699 1694/1694/1694
f 1694/1694/1694 1699/1699/1699 1700/1700/1700
f 1701/1701/1701 1694/1694/1694 1700/1700/1700
f 1702/1702/1702 1694/1694/1694 1701/1701/1701
f 1703/1703/1703 1702/1702/1702 1701/1701/1701
f 1701/1701/1701 1700/1700/1700 1704/1704/1704
f 1701/1701/1701 1704/1704/1704 1705/1705/1705
f 1695/1695/1695 1706/1706/1706 1693/1693/1693
f 1693/1693/1693 1706/1706/1706 1707/1707/1707
f 1707/1707/1707 1706/1706/1706 1708/1708/1708
f 1708/1708/1708 1709/1709/1709 1707/1707/1707
f 1710/1710/1710 1706/1706/1706 1695/1695/1695
f 1710/1710/1710 1695/1695/1695 1698/1698/1698
f 1711/1711/1711 1710/1710/1710 1698/1698/1698
f 1711/1711/1711 1712/1712/1712 1710/1710/1710
f 1708/1708/1708 1713/1713/1713 1709/1709/1709
f 1709/1709/1709 1713/1713/1713 1714/1714/1714
f 1713/1713/1713 1715/1715/1715 1714/1714/1714
f 1713/1713/1713 1716/1716/1716 1715/1715/1715
f 1718/1718/1718 1717/1717/1717 1704/1704/1704
f 1704/1704/1704 1717/1717/1717 1705/1705/1705
f 1717/1717/1717 1719/1719/1719 1705/1705/1705
f 1705/1705/1705 1719/1719/1719 1720/1720/1720
f 1717/1717/1717 1721/1721/1721 1719/1719/1719
f 1721/1721/1721 1722/1722/1722 1719/1719/1719
f 1722/1722/1722 1723/1723/1723 1719/1719/1719
f 1724/1724/1724 1723/1723/1723 1722/1722/1722
f 1727/1727/1727 1726/1726/1726 1725/1725/1725
f 1728/1728/1728 1725/1725/1725 1726/1726/1726
f 1726/1726/1726 1729/1729/1729 1728/1728/1728
f 1726/1726/1726 1730/1730/1730 1729/1729/1729
f 1731/1731/1731 1730/1730/1730 1726/1726/1726
f 1734/1734/1734 1733/1733/1733 1732/1732/1732
f 1733/1733/1733 1734/1734/1734 1735/1735/1735
f 1735/1735/1735 1736/1736/1736 1733/1733/1733
f 1733/1733/1733 1736/1736/1736 1737/1737/1737
f 1735/1735/1735 1738/1738/1738 1736/1736/1736
f 1741/1741/1741 1740/1740/1740 1739/1739/1739
f 1742/1742/1742 1739/1739/1739 1740/1740/1740
f 1743/1743/1743 1742/1742/1742 1740/1740/1740
f 1744/1744/1744 1743/1743/1743 1740/1740/1740
f 1747/1747/1747 1746/1746/1746 1745/1745/1745
f 1746/1746/1746 1747/1747/1747 1748/1748/1748
f 1749/1749/1749 1748/1748/1748 1747/1747/1747
f 1749/1749/1749 1750/1750/1750 1748/1748/1748
f 1751/1751/1751 1750/1750/1750 1749/1749/1749
f 1751/1751/1751 1752/1752/1752 1750/1750/1750
f 1753/1753/1753 1750/1750/1750 1752/1752/1752
f 1754/1754/1754 1753/1753/1753 1752/1752/1752
f 1755/1755/1755 1753/1753/1753 1754/1754/1754
f 1756/1756/1756 1755/1755/1755 1754/1754/1754
f 1757/1757/1757 1755/1755/1755 1756/1756/1756
f 1757/1757/1757 1758/1758/1758 1755/1755/1755
f 1757/1757/1757 1759/1759/1759 1758/1758/1758
f 1759/1759/1759 1760/1760/1760 1758/1758/1758
f 1759/1759/1759 1761/1761/1761 1760/1760/1760
f 1762/1762/1762 1760/1760/1760 1761/1761/1761
f 1763/1763/1763 1762/1762/1762 1761/1761/1761
f 1764/1764/1764 1762/1762/1762 1763/1763/1763
f 1765/1765/1765 1762/1762/1762 1764/1764/1764
f 1768/1768/1768 1767/1767/1767 1766/1766/1766
f 1769/1769/1769 1766/1766/1766 1767/1767/1767
f 1770/1770/1770 1769/1769/1769 1767/1767/1767
f 1770/1770/1770 1767/1767/1767 1771/1771/1771
f 1771/1771/1771 1767/1767/1767 1772/1772/1772
f 1775/1775/1775 1774/1774/1774 1773/1773/1773
f 1776/1776/1776 1773/1773/1773 1774/1774/1774
f 1777/1777/1777 1776/1776/1776 1774/1774/1774
f 1778/1778/1778 1776/1776/1776 1777/1777/1777
f 1779/1779/1779 1778/1778/1778 1777/1777/1777
f 1777/1777/1777 1780/1780/1780 1779/1779/1779
f 1781/1781/1781 1780/1780/1780 1777/1777/1777
f 1781/1781/1781 1777/1777/1777 1782/1782/1782
f 1785/1785/1785 1784/1784/1784 1783/1783/1783
f 1784/1784/1784 1785/1785/1785 1786/1786/1786
f 1784/1784/1784 1786/1786/1786 1787/1787/1787
f 1786/1786/1786 1788/1788/1788 1787/1787/1787
f 1787/1787/1787 1788/1788/1788 1789/1789/1789
f 1790/1790/1790 1789/1789/1789 1788/1788/1788
f 1790/1790/1790 1788/1788/1788 1791/1791/1791
f 1792/1792/1792 1790/1790/1790 1791/1791/1791
f 1792/1792/1792 1791/1791/1791 1793/1793/1793
f 1793/1793/1793 1791/1791/1791 1794/1794/1794
f 1795/1795/1795 1793/1793/1793 1794/1794/1794
f 1795/1795/1795 1794/1794/1794 1796/1796/1796
f 1795/1795/1795 1796/1796/1796 1797/1797/1797
f 1797/1797/1797 1796/1796/1796 1798/1798/1798
f 1796/1796/1796 1799/1799/1799 1798/1798/1798
f 1798/1798/1798 1799/1799/1799 1800/1800/1800
f 1801/1801/1801 1800/1800/1800 1799/1799/1799
f 1799/1799/1799 1802/1802/1802 1801/1801/1801
f 1805/1805/1805 1804/1804/1804 1803/1803/1803
f 1803/1803/1803 1806/1806/1806 1805/1805/1805
f 1805/1805/1805 1806/1806/1806 1807/1807/1807
f 1805/1805/1805 1807/1807/1807 1808/1808/1808
f 1806/1806/1806 1809/1809/1809 1807/1807/1807
f 1807/1807/1807 1809/1809/1809 1810/1810/1810
f 1807/1807/1807 1810/1810/1810 1811/1811/1811
f 1812/1812/1812 1807/1807/1807 1811/1811/1811
f 1815/1815/1815 1814/1814/1814 1813/1813/1813
f 1815/1815/1815 1816/1816/1816 1814/1814/1814
f 1819/1819/1819 1818/1818/1818 1817/1817/1817
f 1819/1819/1819 1817/1817/1817 1820/1820/1820
f 1821/1821/1821 1819/1819/1819 1820/1820/1820
f 1822/1822/1822 1819/1819/1819 1821/1821/1821
f 1822/1822/1822 1823/1823/1823 1819/1819/1819
f 1826/1826/1826 1825/1825/1825 1824/1824/1824
f 1827/1827/1827 1825/1825/1825 1826/1826/1826
f 1830/1830/1830 1829/1829/1829 1828/1828/1828
f 1831/1831/1831 1830/1830/1830 1828/1828/1828
f 1832/1832/1832 1831/1831/1831 1828/1828/1828
f 1832/1832/1832 1828/1828/1828 1833/1833/1833
f 1832/1832/1832 1833/1833/1833 1834/1834/1834
f 1833/1833/1833 1835/1835/1835 1834/1834/1834
f 1835/1835/1835 1836/1836/1836 1834/1834/1834
f 1836/1836/1836 1835/1835/1835 1837/1837/1837
f 1837/1837/1837 1838/1838/1838 1836/1836/1836
f 1838/1838/1838 1839/1839/1839 1836/1836/1836
f 1838/1838/1838 1840/1840/1840 1839/1839/1839
f 1841/1841/1841 1839/1839/1839 1840/1840/1840
f 1841/1841/1841 1840/1840/1840 1842/1842/1842
f 1842/1842/1842 1843/1843/1843 1841/1841/1841
f 1844/1844/1844 1843/1843/1843 1842/1842/1842
f 1845/1845/1845 1843/1843/1843 1844/1844/1844
f 1845/1845/1845 1844/1844/1844 1846/1846/1846
f 1845/1845/1845 1846/1846/1846 1847/1847/1847
f 1848/1848/1848 1845/1845/1845 1847/1847/1847
f 1849/1849/1849 1848/1848/1848 1847/1847/1847
f 1850/1850/1850 1849/1849/1849 1847/1847/1847
f 1849/1849/1849 1850/1850/1850 1851/1851/1851
f 1852/1852/1852 1851/1851/1851 1850/1850/1850
f 1852/1852/1852 1853/1853/1853 1851/1851/1851
f 1853/1853/1853 1852/1852/1852 1854/1854/1854
f 1854/1854/1854 1855/1855/1855 1853/1853/1853
f 1853/1853/1853 1855/1855/1855 1856/1856/1856
f 1853/1853/1853 1856/1856/1856 1857/1857/1857
f 1856/1856/1856 1858/1858/1858 1857/1857/1857
f 1857/1857/1857 1858/1858/1858 1859/1859/1859
f 1857/1857/1857 1859/1859/1859 1860/1860/1860
f 1858/1858/1858 1861/1861/1861 1859/1859/1859
f 1856/1856/1856 1862/1862/1862 1858/1858/1858
f 1863/1863/1863 1862/1862/1862 1856/1856/1856
f 1858/1858/1858 1862/1862/1862 1864/1864/1864
f 1858/1858/1858 1864/1864/1864 1865/1865/1865
f 1866/1866/1866 1858/1858/1858 1865/1865/1865
f 1867/1867/1867 1858/1858/1858 1866/1866/1866
f 1858/1858/1858 1868/1868/1868 1861/1861/1861
f 1869/1869/1869 1861/1861/1861 1868/1868/1868
f 1869/1869/1869 1870/1870/1870 1861/1861/1861
f 1871/1871/1871 1861/1861/1861 1870/1870/1870
f 1872/1872/1872 1861/1861/1861 1871/1871/1871
f 1873/1873/1873 1861/1861/1861 1872/1872/1872
f 1873/1873/1873 1872/1872/1872 1874/1874/1874
f 1874/1874/1874 1872/1872/1872 1875/1875/1875
f 1876/1876/1876 1874/1874/1874 1875/1875/1875
f 1874/1874/1874 1876/1876/1876 1877/1877/1877
f 1878/1878/1878 1877/1877/1877 1876/1876/1876
f 1876/1876/1876 1879/1879/1879 1878/1878/1878
f 1878/1878/1878 1879/1879/1879 1880/1880/1880
f 1881/1881/1881 1880/1880/1880 1879/1879/1879
f 1880/1880/1880 1881/1881/1881 1882/1882/1882
f 1883/1883/1883 1880/1880/1880 1882/1882/1882
f 1880/1880/1880 1883/1883/1883 1884/1884/1884
f 1887/1887/1887 1886/1886/1886 1885/1885/1885
f 1885/1885/1885 1888/1888/1888 1887/1887/1887
f 1887/1887/1887 1888/1888/1888 1889/1889/1889
f 1887/1887/1887 1889/1889/1889 1890/1890/1890
f 1889/1889/1889 1891/1891/1891 1890/1890/1890
f 1890/1890/1890 1891/1891/1891 1892/1892/1892
f 1895/1895/1895 1894/1894/1894 1893/1893/1893
f 1894/1894/1894 1895/1895/1895 1896/1896/1896
f 1896/1896/1896 1895/1895/1895 1897/1897/1897
f 1895/1895/1895 1898/1898/1898 1897/1897/1897
f 1897/1897/1897 1898/1898/1898 1899/1899/1899
f 1902/1902/1902 1901/1901/1901 1900/1900/1900
f 1903/1903/1903 1901/1901/1901 1902/1902/1902
f 1904/1904/1904 1901/1901/1901 1903/1903/1903
f 1905/1905/1905 1904/1904/1904 1903/1903/1903
f 1904/1904/1904 1905/1905/1905 1906/1906/1906
f 1906/1906/1906 1905/1905/1905 1907/1907/1907
f 1908/1908/1908 1906/1906/1906 1907/1907/1907
f 1906/1906/1906 1908/1908/1908 1909/1909/1909
f 1909/1909/1909 1908/1908/1908 1910/1910/1910
f 1911/1911/1911 1909/1909/1909 1910/1910/1910
f 1910/1910/1910 1912/1912/1912 1911/1911/1911
f 1913/1913/1913 1912/1912/1912 1910/1910/1910
f 1914/1914/1914 1912/1912/1912 1913/1913/1913
f 1914/1914/1914 1915/1915/1915 1912/1912/1912
f 1914/1914/1914 1916/1916/1916 1915/1915/1915
f 1917/1917/1917 1916/1916/1916 1914/1914/1914
f 1918/1918/1918 1916/1916/1916 1917/1917/1917
f 1919/1919/1919 1916/1916/1916 1918/1918/1918
f 1920/1920/1920 1919/1919/1919 1918/1918/1918
f 1921/1921/1921 1920/1920/1920 1918/1918/1918
f 1921/1921/1921 1922/1922/1922 1920/1920/1920
f 1922/1922/1922 1921/1921/1921 1923/1923/1923
f 1926/1926/1926 1925/1925/1925 1924/1924/1924
f 1924/1924/1924 1925/1925/1925 1927/1927/1927
f 1925/1925/1925 1928/1928/1928 1927/1927/1927
f 1927/1927/1927 1928/1928/1928 1929/1929/1929
f 1930/1930/1930 1929/1929/1929 1928/1928/1928
f 1928/1928/1928 1931/1931/1931 1930/1930/1930
f 1930/1930/1930 1931/1931/1931 1932/1932/1932
f 1932/1932/1932 1931/1931/1931 1933/1933/1933
f 1932/1932/1932 1933/1933/1933 1934/1934/1934
f 1933/1933/1933 1935/1935/1935 1934/1934/1934
f 1935/1935/1935 1936/1936/1936 1934/1934/1934
f 1936/1936/1936 1935/1935/1935 1937/1937/1937
f 1935/1935/1935 1938/1938/1938 1937/1937/1937
f 1937/1937/1937 1938/1938/1938 1939/1939/1939
f 1939/1939/1939 1938/1938/1938 1940/1940/1940
f 1939/1939/1939 1940/1940/1940 1941/1941/1941
f 1941/1941/1941 1940/1940/1940 1942/1942/1942
f 1940/1940/1940 1943/1943/1943 1942/1942/1942
f 1942/1942/1942 1943/1943/1943 1944/1944/1944
f 1944/1944/1944 1943/1943/1943 1945/1945/1945
f 1945/1945/1945 1946/1946/1946 1944/1944/1944
f 1949/1949/1949 1948/1948/1948 1947/1947/1947
f 1950/1950/1950 1949/1949/1949 1947/1947/1947
f 1950/1950/1950 1947/1947/1947 1951/1951/1951
f 1954/1954/1954 1953/1953/1953 1952/1952/1952
f 1954/1954/1954 1955/1955/1955 1953/1953/1953
f 1956/1956/1956 1955/1955/1955 1954/1954/1954
f 1959/1959/1959 1958/1958/1958 1957/1957/1957
f 1960/1960/1960 1958/1958/1958 1959/1959/1959
f 1961/1961/1961 1958/1958/1958 1960/1960/1960
f 1961/1961/1961 1962/1962/1962 1958/1958/1958
f 1963/1963/1963 1958/1958/1958 1962/1962/1962
f 1963/1963/1963 1964/1964/1964 1958/1958/1958
f 1963/1963/1963 1965/1965/1965 1964/1964/1964
f 1965/1965/1965 1966/1966/1966 1964/1964/1964
f 1967/1967/1967 1965/1965/1965 1963/1963/1963
f 1966/1966/1966 1968/1968/1968 1964/1964/1964
f 1966/1966/1966 1969/1969/1969 1968/1968/1968
f 1970/1970/1970 1968/1968/1968 1969/1969/1969
f 1970/1970/1970 1971/1971/1971 1968/1968/1968
f 1971/1971/1971 1970/1970/1970 1972/1972/1972
f 1972/1972/1972 1973/1973/1973 1971/1971/1971
f 1974/1974/1974 1967/1967/1967 1963/1963/1963
f 1974/1974/1974 1971/1971/1971 1973/1973/1973
f 1974/1974/1974 1975/1975/1975 1967/1967/1967
f 1974/1974/1974 1973/1973/1973 1975/1975/1975
f 1967/1967/1967 1975/1975/1975 1976/1976/1976
f 1975/1975/1975 1973/1973/1973 1977/1977/1977
f 1980/1980/1980 1979/1979/1979 1978/1978/1978
f 1981/1981/1981 1979/1979/1979 1980/1980/1980
f 1981/1981/1981 1980/1980/1980 1982/1982/1982
f 1981/1981/1981 1982/1982/1982 1983/1983/1983
f 1984/1984/1984 1981/1981/1981 1983/1983/1983
f 1985/1985/1985 1984/1984/1984 1983/1983/1983
f 1986/1986/1986 1985/1985/1985 1983/1983/1983
f 1987/1987/1987 1985/1985/1985 1986/1986/1986
f 1987/1987/1987 1986/1986/1986 1988/1988/1988
f 1989/1989/1989 1985/1985/1985 1987/1987/1987
f 1990/1990/1990 1989/1989/1989 1987/1987/1987
f 1990/1990/1990 1987/1987/1987 1991/1991/1991
f 1992/1992/1992 1990/1990/1990 1991/1991/1991
f 1993/1993/1993 1992/1992/1992 1991/1991/1991
f 1994/1994/1994 1993/1993/1993 1991/1991/1991
f 1993/1993/1993 1994/1994/1994 1995/1995/1995
f 1996/1996/1996 1993/1993/1993 1995/1995/1995
f 1999/1999/1999 1998/1998/1998 1997/1997/1997
f 1998/1998/1998 2000/2000/2000 1997/1997/1997
f 1998/1998/1998 2001/2001/2001 2000/2000/2000
f 1998/1998/1998 2002/2002/2002 2001/2001/2001
f 2002/2002/2002 2003/2003/2003 2001/2001/2001
f 2002/2002/2002 2004/2004/2004 2003/2003/2003
f 2002/2002/2002 2005/2005/2005 2004/2004/2004
f 2006/2006/2006 2005/2005/2005 2002/2002/2002
f 1997/1997/1997 2000/2000/2000 2007/2007/2007
f 2007/2007/2007 2000/2000/2000 2008/2008/2008
f 2007/2007/2007 2008/2008/2008 2009/2009/2009
f 1997/1997/1997 2007/2007/2007 2010/2010/2010
f 2007/2007/2007 2011/2011/2011 2010/2010/2010
f 1997/1997/1997 2010/2010/2010 2012/2012/2012
f 2015/2015/2015 2014/2014/2014 2013/2013/2013
f 2014/2014/2014 2016/2016/2016 2013/2013/2013
f 2017/2017/2017 2016/2016/2016 2014/2014/2014
f 2018/2018/2018 2016/2016/2016 2017/2017/2017
f 2019/2019/2019 2018/2018/2018 2017/2017/2017
f 2019/2019/2019 2020/2020/2020 2018/2018/2018
f 2020/2020/2020 2019/2019/2019 2021/2021/2021
f 2021/2021/2021 2022/2022/2022 2020/2020/2020
f 2023/2023/2023 2022/2022/2022 2021/2021/2021
f 2024/2024/2024 2023/2023/2023 2021/2021/2021
f 2024/2024/2024 2025/2025/2025 2023/2023/2023
f 2026/2026/2026 2025/2025/2025 2024/2024/2024
f 2027/2027/2027 2025/2025/2025 2026/2026/2026
f 2028/2028/2028 2027/2027/2027 2026/2026/2026
f 2029/2029/2029 2027/2027/2027 2028/2028/2028
f 2030/2030/2030 2029/2029/2029 2028/2028/2028
f 2031/2031/2031 2029/2029/2029 2030/2030/2030
f 2032/2032/2032 2031/2031/2031 2030/2030/2030
f 2033/2033/2033 2031/2031/2031 2032/2032/2032
f 2034/2034/2034 2033/2033/2033 2032/2032/2032
f 2035/2035/2035 2033/2033/2033 2034/2034/2034
f 2036/2036/2036 2035/2035/2035 2034/2034/2034
f 2037/2037/2037 2035/2035/2035 2036/2036/2036
f 2038/2038/2038 2037/2037/2037 2036/2036/2036
f 2039/2039/2039 2037/2037/2037 2038/2038/2038
f 2039/2039/2039 2038/2038/2038 2040/2040/2040
f 2041/2041/2041 2039/2039/2039 2040/2040/2040
f 2040/2040/2040 2042/2042/2042 2041/2041/2041
f 2041/2041/2041 2042/2042/2042 2043/2043/2043
f 2042/2042/2042 2044/2044/2044 2043/2043/2043
f 2045/2045/2045 2043/2043/2043 2044/2044/2044
f 2045/2045/2045 2044/2044/2044 2046/2046/2046
f 2047/2047/2047 2045/2045/2045 2046/2046/2046
f 2048/2048/2048 2047/2047/2047 2046/2046/2046
f 2049/2049/2049 2047/2047/2047 2048/2048/2048
f 2050/2050/2050 2049/2049/2049 2048/2048/2048
f 2051/2051/2051 2049/2049/2049 2050/2050/2050
f 2051/2051/2051 2050/2050/2050 2052/2052/2052
f 2051/2051/2051 2052/2052/2052 2053/2053/2053
f 2052/2052/2052 2054/2054/2054 2053/2053/2053
f 2055/2055/2055 2053/2053/2053 2054/2054/2054
f 2055/2055/2055 2054/2054/2054 2056/2056/2056
f 2055/2055/2055 2056/2056/2056 2057/2057/2057
f 2056/2056/2056 2058/2058/2058 2057/2057/2057
f 2057/2057/2057 2058/2058/2058 2059/2059/2059
f 2058/2058/2058 2060/2060/2060 2059/2059/2059
f 2059/2059/2059 2060/2060/2060 2061/2061/2061
f 2062/2062/2062 2061/2061/2061 2060/2060/2060
f 2061/2061/2061 2062/2062/2062 2063/2063/2063
f 2064/2064/2064 2063/2063/2063 2062/2062/2062
f 2063/2063/2063 2064/2064/2064 2065/2065/2065
f 2064/2064/2064 2066/2066/2066 2065/2065/2065
f 2064/2064/2064 2067/2067/2067 2066/2066/2066
f 2067/2067/2067 2068/2068/2068 2066/2066/2066
f 2067/2067/2067 2069/2069/2069 2068/2068/2068
f 2068/2068/2068 2069/2069/2069 2070/2070/2070
f 2070/2070/2070 2069/2069/2069 2071/2071/2071
f 2072/2072/2072 2070/2070/2070 2071/2071/2071
f 2072/2072/2072 2071/2071/2071 2073/2073/2073
f 2076/2076/2076 2075/2075/2075 2074/2074/2074
f 2077/2077/2077 2075/2075/2075 2076/2076/2076
f 2077/2077/2077 2078/2078/2078 2075/2075/2075
f 2079/2079/2079 2078/2078/2078 2077/2077/2077
f 2079/2079/2079 2077/2077/2077 2080/2080/2080
f 2081/2081/2081 2079/2079/2079 2080/2080/2080
f 2081/2081/2081 2080/2080/2080 2082/2082/2082
f 2082/2082/2082 2080/2080/2080 2083/2083/2083
f 2080/2080/2080 2084/2084/2084 2083/2083/2083
f 2087/2087/2087 2086/2086/2086 2085/2085/2085
f 2087/2087/2087 2088/2088/2088 2086/2086/2086
f 2089/2089/2089 2088/2088/2088 2087/2087/2087
f 2090/2090/2090 2089/2089/2089 2087/2087/2087
f 2091/2091/2091 2088/2088/2088 2089/2089/2089
f 2092/2092/2092 2091/2091/2091 2089/2089/2089
f 2095/2095/2095 2094/2094/2094 2093/2093/2093
f 2094/2094/2094 2096/2096/2096 2093/2093/2093
f 2099/2099/2099 2098/2098/2098 2097/2097/2097
f 2099/2099/2099 2097/2097/2097 2100/2100/2100
f 2103/2103/2103 2102/2102/2102 2101/2101/2101
f 2101/2101/2101 2102/2102/2102 2104/2104/2104
f 2101/2101/2101 2104/2104/2104 2105/2105/2105
f 2105/2105/2105 2106/2106/2106 2101/2101/2101
f 2109/2109/2109 2108/2108/2108 2107/2107/2107
f 2110/2110/2110 2108/2108/2108 2109/2109/2109
f 2111/2111/2111 2108/2108/2108 2110/2110/2110
f 2109/2109/2109 2112/2112/2112 2110/2110/2110
f 2109/2109/2109 2113/2113/2113 2112/2112/2112
f 2113/2113/2113 2114/2114/2114 2112/2112/2112
f 2114/2114/2114 2115/2115/2115 2112/2112/2112
f 2114/2114/2114 2116/2116/2116 2115/2115/2115
f 2113/2113/2113 2117/2117/2117 2114/2114/2114
f 2113/2113/2113 2118/2118/2118 2117/2117/2117
f 2119/2119/2119 2117/2117/2117 2118/2118/2118
f 2120/2120/2120 2118/2118/2118 2113/2113/2113
f 2113/2113/2113 2121/2121/2121 2120/2120/2120
f 2112/2112/2112 2115/2115/2115 2122/2122/2122
f 2122/2122/2122 2123/2123/2123 2112/2112/2112
f 2124/2124/2124 2122/2122/2122 2115/2115/2115
f 2125/2125/2125 2122/2122/2122 2124/2124/2124
f 2125/2125/2125 2126/2126/2126 2122/2122/2122
f 2126/2126/2126 2127/2127/2127 2122/2122/2122
f 2127/2127/2127 2128/2128/2128 2122/2122/2122
f 2124/2124/2124 2115/2115/2115 2129/2129/2129
f 2129/2129/2129 2115/2115/2115 2130/2130/2130
f 2129/2129/2129 2130/2130/2130 2131/2131/2131
f 2115/2115/2115 2132/2132/2132 2130/2130/2130
f 2130/2130/2130 2132/2132/2132 2133/2133/2133
f 2132/2132/2132 2134/2134/2134 2133/2133/2133
f 2137/2137/2137 2136/2136/2136 2135/2135/2135
f 2136/2136/2136 2137/2137/2137 2138/2138/2138
f 2141/2141/2141 2140/2140/2140 2139/2139/2139
f 2142/2142/2142 2139/2139/2139 2140/2140/2140
f 2142/2142/2142 2143/2143/2143 2139/2139/2139
f 2139/2139/2139 2143/2143/2143 2144/2144/2144
f 2143/2143/2143 2145/2145/2145 2144/2144/2144
f 2145/2145/2145 2146/2146/2146 2144/2144/2144
f 2143/2143/2143 2147/2147/2147 2145/2145/2145
f 2148/2148/2148 2146/2146/2146 2145/2145/2145
f 2148/2148/2148 2145/2145/2145 2147/2147/2147
f 2146/2146/2146 2148/2148/2148 2149/2149/2149
f 2147/2147/2147 2150/2150/2150 2148/2148/2148
f 2146/2146/2146 2149/2149/2149 2151/2151/2151
f 2152/2152/2152 2150/2150/2150 2147/2147/2147
f 2151/2151/2151 2149/2149/2149 2153/2153/2153
f 2154/2154/2154 2151/2151/2151 2153/2153/2153
f 2149/2149/2149 2155/2155/2155 2153/2153/2153
f 2156/2156/2156 2153/2153/2153 2155/2155/2155
f 2156/2156/2156 2155/2155/2155 2157/2157/2157
f 2156/2156/2156 2158/2158/2158 2153/2153/2153
f 2158/2158/2158 2154/2154/2154 2153/2153/2153
f 2159/2159/2159 2154/2154/2154 2158/2158/2158
f 2159/2159/2159 2158/2158/2158 2160/2160/2160
f 2159/2159/2159 2160/2160/2160 2161/2161/2161
f 2161/2161/2161 2162/2162/2162 2159/2159/2159
f 2163/2163/2163 2150/2150/2150 2152/2152/2152
f 2152/2152/2152 2164/2164/2164 2163/2163/2163
f 2165/2165/2165 2150/2150/2150 2163/2163/2163
f 2165/2165/2165 2166/2166/2166 2150/2150/2150
f 2164/2164/2164 2167/2167/2167 2163/2163/2163
f 2165/2165/2165 2163/2163/2163 2167/2167/2167
f 2168/2168/2168 2167/2167/2167 2164/2164/2164
f 2169/2169/2169 2167/2167/2167 2168/2168/2168
f 2170/2170/2170 2169/2169/2169 2168/2168/2168
f 2168/2168/2168 2171/2171/2171 2170/2170/2170
f 2172/2172/2172 2166/2166/2166 2165/2165/2165
f 2166/2166/2166 2172/2172/2172 2173/2173/2173
f 2174/2174/2174 2166/2166/2166 2173/2173/2173
f 2173/2173/2173 2172/2172/2172 2175/2175/2175
f 2174/2174/2174 2173/2173/2173 2176/2176/2176
f 2177/2177/2177 2174/2174/2174 2176/2176/2176
f 2173/2173/2173 2178/2178/2178 2176/2176/2176
f 2178/2178/2178 2173/2173/2173 2175/2175/2175
f 2178/2178/2178 2175/2175/2175 2179/2179/2179
f 2180/2180/2180 2178/2178/2178 2179/2179/2179
f 2180/2180/2180 2179/2179/2179 2181/2181/2181
f 2181/2181/2181 2179/2179/2179 2182/2182/2182
f 2185/2185/2185 2184/2184/2184 2183/2183/2183
f 2184/2184/2184 2185/2185/2185 2186/2186/2186
f 2185/2185/2185 2187/2187/2187 2186/2186/2186
f 2185/2185/2185 2188/2188/2188 2187/2187/2187
f 2185/2185/2185 2189/2189/2189 2188/2188/2188
f 2185/2185/2185 2190/2190/2190 2189/2189/2189
f 2185/2185/2185 2191/2191/2191 2190/2190/2190
f 2192/2192/2192 2190/2190/2190 2191/2191/2191
f 2192/2192/2192 2193/2193/2193 2190/2190/2190
f 2193/2193/2193 2194/2194/2194 2190/2190/2190
f 2195/2195/2195 2193/2193/2193 2192/2192/2192
f 2198/2198/2198 2197/2197/2197 2196/2196/2196
f 2198/2198/2198 2199/2199/2199 2197/2197/2197
f 2199/2199/2199 2200/2200/2200 2197/2197/2197
f 2203/2203/2203 2202/2202/2202 2201/2201/2201
f 2204/2204/2204 2203/2203/2203 2201/2201/2201
f 2205/2205/2205 2203/2203/2203 2204/2204/2204
f 2206/2206/2206 2205/2205/2205 2204/2204/2204
f 2207/2207/2207 2205/2205/2205 2206/2206/2206
f 2207/2207/2207 2208/2208/2208 2205/2205/2205
f 2209/2209/2209 2208/2208/2208 2207/2207/2207
f 2210/2210/2210 2208/2208/2208 2209/2209/2209
f 2210/2210/2210 2211/2211/2211 2208/2208/2208
f 2212/2212/2212 2211/2211/2211 2210/2210/2210
f 2212/2212/2212 2213/2213/2213 2211/2211/2211
f 2212/2212/2212 2214/2214/2214 2213/2213/2213
f 2214/2214/2214 2215/2215/2215 2213/2213/2213
f 2216/2216/2216 2213/2213/2213 2215/2215/2215
f 2217/2217/2217 2216/2216/2216 2215/2215/2215
f 2218/2218/2218 2216/2216/2216 2217/2217/2217
f 2219/2219/2219 2216/2216/2216 2218/2218/2218
f 2220/2220/2220 2219/2219/2219 2218/2218/2218
f 2221/2221/2221 2219/2219/2219 2220/2220/2220
f 2222/2222/2222 2221/2221/2221 2220/2220/2220
f 2225/2225/2225 2224/2224/2224 2223/2223/2223
f 2223/2223/2223 2226/2226/2226 2225/2225/2225
f 2227/2227/2227 2225/2225/2225 2226/2226/2226
f 2226/2226/2226 2228/2228/2228 2227/2227/2227
f 2229/2229/2229 2227/2227/2227 2228/2228/2228
f 2229/2229/2229 2228/2228/2228 2230/2230/2230
f 2228/2228/2228 2231/2231/2231 2230/2230/2230
f 2230/2230/2230 2231/2231/2231 2232/2232/2232
f 2232/2232/2232 2231/2231/2231 2233/2233/2233
f 2232/2232/2232 2233/2233/2233 2234/2234/2234
f 2233/2233/2233 2235/2235/2235 2234/2234/2234
f 2236/2236/2236 2234/2234/2234 2235/2235/2235
f 2236/2236/2236 2235/2235/2235 2237/2237/2237
f 2237/2237/2237 2235/2235/2235 2238/2238/2238
f 2238/2238/2238 2239/2239/2239 2237/2237/2237
f 2239/2239/2239 2238/2238/2238 2240/2240/2240
f 2240/2240/2240 2238/2238/2238 2241/2241/2241
f 2241/2241/2241 2238/2238/2238 2242/2242/2242
f 2242/2242/2242 2243/2243/2243 2241/2241/2241
f 2243/2243/2243 2242/2242/2242 2244/2244/2244
f 2247/2247/2247 2246/2246/2246 2245/2245/2245
f 2246/2246/2246 2248/2248/2248 2245/2245/2245
f 2245/2245/2245 2248/2248/2248 2249/2249/2249
f 2248/2248/2248 2250/2250/2250 2249/2249/2249
f 2249/2249/2249 2250/2250/2250 2251/2251/2251
f 2252/2252/2252 2250/2250/2250 2248/2248/2248
f 2252/2252/2252 2253/2253/2253 2250/2250/2250
f 2254/2254/2254 2248/2248/2248 2246/2246/2246
f 2255/2255/2255 2254/2254/2254 2246/2246/2246
f 2256/2256/2256 2255/2255/2255 2246/2246/2246
f 2255/2255/2255 2256/2256/2256 2257/2257/2257
f 2255/2255/2255 2258/2258/2258 2254/2254/2254
f 2259/2259/2259 2258/2258/2258 2255/2255/2255
f 2262/2262/2262 2261/2261/2261 2260/2260/2260
f 2260/2260/2260 2263/2263/2263 2262/2262/2262
f 2264/2264/2264 2262/2262/2262 2263/2263/2263
f 2260/2260/2260 2265/2265/2265 2263/2263/2263
f 2260/2260/2260 2266/2266/2266 2265/2265/2265
f 2267/2267/2267 2263/2263/2263 2265/2265/2265
f 2263/2263/2263 2267/2267/2267 2268/2268/2268
f 2263/2263/2263 2269/2269/2269 2264/2264/2264
f 2269/2269/2269 2263/2263/2263 2268/2268/2268
f 2270/2270/2270 2264/2264/2264 2269/2269/2269
f 2269/2269/2269 2268/2268/2268 2271/2271/2271
f 2270/2270/2270 2269/2269/2269 2271/2271/2271
f 2271/2271/2271 2268/2268/2268 2272/2272/2272
f 2272/2272/2272 2273/2273/2273 2271/2271/2271
f 2274/2274/2274 2270/2270/2270 2271/2271/2271
f 2271/2271/2271 2273/2273/2273 2275/2275/2275
f 2274/2274/2274 2271/2271/2271 2275/2275/2275
f 2276/2276/2276 2274/2274/2274 2275/2275/2275
f 2279/2279/2279 2278/2278/2278 2277/2277/2277
f 2279/2279/2279 2277/2277/2277 2280/2280/2280
f 2283/2283/2283 2282/2282/2282 2281/2281/2281
f 2282/2282/2282 2284/2284/2284 2281/2281/2281
f 2281/2281/2281 2284/2284/2284 2285/2285/2285
f 2285/2285/2285 2284/2284/2284 2286/2286/2286
f 2284/2284/2284 2287/2287/2287 2286/2286/2286
f 2286/2286/2286 2287/2287/2287 2288/2288/2288
f 2287/2287/2287 2289/2289/2289 2288/2288/2288
f 2289/2289/2289 2287/2287/2287 2290/2290/2290
f 2289/2289/2289 2290/2290/2290 2291/2291/2291
f 2289/2289/2289 2291/2291/2291 2292/2292/2292
f 2292/2292/2292 2291/2291/2291 2293/2293/2293
f 2293/2293/2293 2291/2291/2291 2294/2294/2294
f 2293/2293/2293 2294/2294/2294 2295/2295/2295
f 2294/2294/2294 2296/2296/2296 2295/2295/2295
f 2295/2295/2295 2296/2296/2296 2297/2297/2297
f 2296/2296/2296 2298/2298/2298 2297/2297/2297
f 2298/2298/2298 2299/2299/2299 2297/2297/2297
f 2299/2299/2299 2298/2298/2298 2300/2300/2300
f 2298/2298/2298 2301/2301/2301 2300/2300/2300
f 2304/2304/2304 2303/2303/2303 2302/2302/2302
f 2302/2302/2302 2303/2303/2303 2305/2305/2305
f 2306/2306/2306 2305/2305/2305 2303/2303/2303
f 2306/2306/2306 2303/2303/2303 2307/2307/2307
f 2302/2302/2302 2305/2305/2305 2308/2308/2308
f 2309/2309/2309 2302/2302/2302 2308/2308/2308
f 2310/2310/2310 2309/2309/2309 2308/2308/2308
f 2306/2306/2306 2307/2307/2307 2311/2311/2311
f 2312/2312/2312 2306/2306/2306 2311/2311/2311
f 2313/2313/2313 2312/2312/2312 2311/2311/2311
f 2307/2307/2307 2303/2303/2303 2314/2314/2314
f 2315/2315/2315 2314/2314/2314 2303/2303/2303
f 2315/2315/2315 2303/2303/2303 2316/2316/2316
f 2317/2317/2317 2315/2315/2315 2316/2316/2316
f 2317/2317/2317 2316/2316/2316 2318/2318/2318
f 2316/2316/2316 2303/2303/2303 2319/2319/2319
f 2303/2303/2303 2320/2320/2320 2319/2319/2319
f 2319/2319/2319 2320/2320/2320 2321/2321/2321
f 2321/2321/2321 2320/2320/2320 2322/2322/2322
f 2321/2321/2321 2322/2322/2322 2323/2323/2323
f 2322/2322/2322 2320/2320/2320 2324/2324/2324
f 2324/2324/2324 2320/2320/2320 2325/2325/2325
f 2325/2325/2325 2326/2326/2326 2324/2324/2324
f 2324/2324/2324 2327/2327/2327 2322/2322/2322
f 2322/2322/2322 2327/2327/2327 2328/2328/2328
f 2328/2328/2328 2327/2327/2327 2329/2329/2329
f 2328/2328/2328 2329/2329/2329 2330/2330/2330
f 2327/2327/2327 2331/2331/2331 2329/2329/2329
f 2324/2324/2324 2326/2326/2326 2332/2332/2332
f 2327/2327/2327 2333/2333/2333 2331/2331/2331
f 2331/2331/2331 2333/2333/2333 2334/2334/2334
f 2334/2334/2334 2333/2333/2333 2335/2335/2335
f 2334/2334/2334 2335/2335/2335 2336/2336/2336
f 2336/2336/2336 2335/2335/2335 2337/2337/2337
f 2327/2327/2327 2338/2338/2338 2333/2333/2333
f 2327/2327/2327 2339/2339/2339 2338/2338/2338
f 2338/2338/2338 2339/2339/2339 2340/2340/2340
f 2340/2340/2340 2339/2339/2339 2341/2341/2341
f 2327/2327/2327 2342/2342/2342 2339/2339/2339
f 2339/2339/2339 2342/2342/2342 2343/2343/2343
f 2343/2343/2343 2342/2342/2342 2344/2344/2344
f 2345/2345/2345 2342/2342/2342 2327/2327/2327
f 2346/2346/2346 2345/2345/2345 2327/2327/2327
f 2342/2342/2342 2347/2347/2347 2344/2344/2344
f 2344/2344/2344 2347/2347/2347 2348/2348/2348
f 2347/2347/2347 2349/2349/2349 2348/2348/2348
f 2348/2348/2348 2349/2349/2349 2350/2350/2350
f 2348/2348/2348 2350/2350/2350 2351/2351/2351
f 2348/2348/2348 2351/2351/2351 2352/2352/2352
f 2355/2355/2355 2354/2354/2354 2353/2353/2353
f 2354/2354/2354 2356/2356/2356 2353/2353/2353
f 2356/2356/2356 2357/2357/2357 2353/2353/2353
f 2353/2353/2353 2357/2357/2357 2358/2358/2358
f 2361/2361/2361 2360/2360/2360 2359/2359/2359
f 2360/2360/2360 2361/2361/2361 2362/2362/2362
f 2361/2361/2361 2363/2363/2363 2362/2362/2362
f 2362/2362/2362 2364/2364/2364 2360/2360/2360
f 2363/2363/2363 2365/2365/2365 2362/2362/2362
f 2362/2362/2362 2366/2366/2366 2364/2364/2364
f 2362/2362/2362 2365/2365/2365 2366/2366/2366
f 2365/2365/2365 2367/2367/2367 2366/2366/2366
f 2364/2364/2364 2366/2366/2366 2368/2368/2368
f 2369/2369/2369 2366/2366/2366 2367/2367/2367
f 2366/2366/2366 2370/2370/2370 2368/2368/2368
f 2369/2369/2369 2370/2370/2370 2366/2366/2366
f 2371/2371/2371 2368/2368/2368 2370/2370/2370
f 2369/2369/2369 2372/2372/2372 2370/2370/2370
f 2371/2371/2371 2370/2370/2370 2373/2373/2373
f 2370/2370/2370 2372/2372/2372 2373/2373/2373
f 2374/2374/2374 2371/2371/2371 2373/2373/2373
f 2373/2373/2373 2372/2372/2372 2375/2375/2375
f 2378/2378/2378 2377/2377/2377 2376/2376/2376
f 2378/2378/2378 2328/2328/2328 2377/2377/2377
f 2379/2379/2379 2328/2328/2328 2378/2378/2378
f 2380/2380/2380 2379/2379/2379 2378/2378/2378
f 2381/2381/2381 2328/2328/2328 2379/2379/2379
f 2382/2382/2382 2380/2380/2380 2378/2378/2378
f 2383/2383/2383 2328/2328/2328 2381/2381/2381
f 2384/2384/2384 2382/2382/2382 2378/2378/2378
f 2385/2385/2385 2382/2382/2382 2384/2384/2384
f 2322/2322/2322 2328/2328/2328 2383/2383/2383
f 2386/2386/2386 2385/2385/2385 2384/2384/2384
f 2387/2387/2387 2385/2385/2385 2386/2386/2386
f 2386/2386/2386 2388/2388/2388 2387/2387/2387
f 2389/2389/2389 2388/2388/2388 2386/2386/2386
f 2389/2389/2389 2390/2390/2390 2388/2388/2388
f 2391/2391/2391 2322/2322/2322 2383/2383/2383
f 2390/2390/2390 2389/2389/2389 2392/2392/2392
f 2393/2393/2393 2322/2322/2322 2391/2391/2391
f 2389/2389/2389 2393/2393/2393 2392/2392/2392
f 2393/2393/2393 2391/2391/2391 2394/2394/2394
f 2392/2392/2392 2393/2393/2393 2394/2394/2394
f 2323/2323/2323 2322/2322/2322 2393/2393/2393
f 2323/2323/2323 2393/2393/2393 2389/2389/2389
f 2395/2395/2395 2323/2323/2323 2389/2389/2389
f 2398/2398/2398 2397/2397/2397 2396/2396/2396
f 2396/2396/2396 2397/2397/2397 2399/2399/2399
f 2400/2400/2400 2396/2396/2396 2399/2399/2399
f 2399/2399/2399 2397/2397/2397 2401/2401/2401
f 2400/2400/2400 2399/2399/2399 2402/2402/2402
f 2399/2399/2399 2401/2401/2401 2403/2403/2403
f 2401/2401/2401 2404/2404/2404 2403/2403/2403
f 2405/2405/2405 2402/2402/2402 2399/2399/2399
f 2402/2402/2402 2405/2405/2405 2406/2406/2406
f 2409/2409/2409 2408/2408/2408 2407/2407/2407
f 2409/2409/2409 2407/2407/2407 2410/2410/2410
f 2409/2409/2409 2410/2410/2410 2411/2411/2411
f 2407/2407/2407 2412/2412/2412 2410/2410/2410
f 2412/2412/2412 2407/2407/2407 2413/2413/2413
f 2413/2413/2413 2414/2414/2414 2412/2412/2412
f 2412/2412/2412 2414/2414/2414 2415/2415/2415
f 2414/2414/2414 2416/2416/2416 2415/2415/2415
f 2415/2415/2415 2416/2416/2416 2417/2417/2417
f 2418/2418/2418 2417/2417/2417 2416/2416/2416
f 2417/2417/2417 2418/2418/2418 2419/2419/2419
f 2418/2418/2418 2420/2420/2420 2419/2419/2419
f 2421/2421/2421 2418/2418/2418 2416/2416/2416
f 2421/2421/2421 2422/2422/2422 2418/2418/2418
f 2423/2423/2423 2422/2422/2422 2421/2421/2421
f 2424/2424/2424 2423/2423/2423 2421/2421/2421
f 2425/2425/2425 2418/2418/2418 2422/2422/2422
f 2426/2426/2426 2425/2425/2425 2422/2422/2422
f 2425/2425/2425 2427/2427/2427 2418/2418/2418
f 2428/2428/2428 2427/2427/2427 2425/2425/2425
f 2428/2428/2428 2425/2425/2425 2429/2429/2429
f 2428/2428/2428 2429/2429/2429 2430/2430/2430
f 2431/2431/2431 2428/2428/2428 2430/2430/2430
f 2428/2428/2428 2431/2431/2431 2432/2432/2432
f 2432/2432/2432 2433/2433/2433 2424/2424/2424
f 2432/2432/2432 2424/2424/2424 2434/2434/2434
f 2435/2435/2435 2432/2432/2432 2434/2434/2434
f 2432/2432/2432 2435/2435/2435 2436/2436/2436
f 2437/2437/2437 2428/2428/2428 2432/2432/2432
f 2437/2437/2437 2438/2438/2438 2428/2428/2428
f 2439/2439/2439 2432/2432/2432 2436/2436/2436
f 2439/2439/2439 2437/2437/2437 2432/2432/2432
f 2440/2440/2440 2437/2437/2437 2439/2439/2439
f 2439/2439/2439 2436/2436/2436 2441/2441/2441
f 2442/2442/2442 2439/2439/2439 2441/2441/2441
f 2443/2443/2443 2439/2439/2439 2442/2442/2442
f 2444/2444/2444 2443/2443/2443 2442/2442/2442
f 2445/2445/2445 2443/2443/2443 2444/2444/2444
f 2446/2446/2446 2445/2445/2445 2444/2444/2444
f 2443/2443/2443 2445/2445/2445 2447/2447/2447
f 2445/2445/2445 2448/2448/2448 2447/2447/2447
f 2445/2445/2445 2446/2446/2446 2449/2449/2449
f 2450/2450/2450 2445/2445/2445 2449/2449/2449
f 2450/2450/2450 2449/2449/2449 2451/2451/2451
f 2451/2451/2451 2452/2452/2452 2450/2450/2450
f 2452/2452/2452 2451/2451/2451 2453/2453/2453
f 2454/2454/2454 2453/2453/2453 2451/2451/2451
f 2455/2455/2455 2453/2453/2453 2454/2454/2454
f 2456/2456/2456 2452/2452/2452 2453/2453/2453
f 2457/2457/2457 2452/2452/2452 2456/2456/2456
f 2458/2458/2458 2452/2452/2452 2457/2457/2457
f 2458/2458/2458 2459/2459/2459 2452/2452/2452
f 2458/2458/2458 2457/2457/2457 2460/2460/2460
f 2461/2461/2461 2458/2458/2458 2460/2460/2460
f 2462/2462/2462 2458/2458/2458 2461/2461/2461
f 2462/2462/2462 2461/2461/2461 2463/2463/2463
f 2464/2464/2464 2463/2463/2463 2461/2461/2461
f 2465/2465/2465 2463/2463/2463 2464/2464/2464
f 2464/2464/2464 2461/2461/2461 2466/2466/2466
f 2464/2464/2464 2466/2466/2466 2467/2467/2467
f 2466/2466/2466 2461/2461/2461 2468/2468/2468
f 2461/2461/2461 2469/2469/2469 2468/2468/2468
f 2468/2468/2468 2470/2470/2470 2466/2466/2466
f 2471/2471/2471 2470/2470/2470 2468/2468/2468
f 2471/2471/2471 2454/2454/2454 2470/2470/2470
f 2472/2472/2472 2467/2467/2467 2466/2466/2466
f 2473/2473/2473 2467/2467/2467 2472/2472/2472
f 2474/2474/2474 2473/2473/2473 2472/2472/2472
f 2474/2474/2474 2472/2472/2472 2475/2475/2475
f 2478/2478/2478 2477/2477/2477 2476/2476/2476
f 2479/2479/2479 2477/2477/2477 2478/2478/2478
f 2477/2477/2477 2479/2479/2479 2480/2480/2480
f 2483/2483/2483 2482/2482/2482 2481/2481/2481
f 2484/2484/2484 2483/2483/2483 2481/2481/2481
f 2485/2485/2485 2483/2483/2483 2484/2484/2484
f 2485/2485/2485 2486/2486/2486 2483/2483/2483
f 2487/2487/2487 2486/2486/2486 2485/2485/2485
f 2487/2487/2487 2488/2488/2488 2486/2486/2486
f 2486/2486/2486 2488/2488/2488 2489/2489/2489
f 2488/2488/2488 2490/2490/2490 2489/2489/2489
f 2490/2490/2490 2491/2491/2491 2489/2489/2489
f 2492/2492/2492 2491/2491/2491 2490/2490/2490
f 2491/2491/2491 2492/2492/2492 2493/2493/2493
f 2493/2493/2493 2494/2494/2494 2491/2491/2491
f 2491/2491/2491 2494/2494/2494 2495/2495/2495
f 2495/2495/2495 2494/2494/2494 2496/2496/2496
f 2497/2497/2497 2495/2495/2495 2496/2496/2496
f 2498/2498/2498 2495/2495/2495 2497/2497/2497
f 2499/2499/2499 2498/2498/2498 2497/2497/2497
f 2499/2499/2499 2500/2500/2500 2498/2498/2498
f 2503/2503/2503 2502/2502/2502 2501/2501/2501
f 2504/2504/2504 2503/2503/2503 2501/2501/2501
f 2504/2504/2504 2505/2505/2505 2503/2503/2503
f 2506/2506/2506 2505/2505/2505 2504/2504/2504
f 2507/2507/2507 2506/2506/2506 2504/2504/2504
f 2507/2507/2507 2508/2508/2508 2506/2506/2506
f 2509/2509/2509 2505/2505/2505 2506/2506/2506
f 2510/2510/2510 2509/2509/2509 2506/2506/2506
f 2511/2511/2511 2509/2509/2509 2510/2510/2510
f 2514/2514/2514 2513/2513/2513 2512/2512/2512
f 2514/2514/2514 2512/2512/2512 2515/2515/2515
f 2518/2518/2518 2517/2517/2517 2516/2516/2516
f 2518/2518/2518 2516/2516/2516 2519/2519/2519
f 2519/2519/2519 2516/2516/2516 2520/2520/2520
f 2523/2523/2523 2522/2522/2522 2521/2521/2521
f 2523/2523/2523 2524/2524/2524 2522/2522/2522
f 2523/2523/2523 2525/2525/2525 2524/2524/2524
f 2524/2524/2524 2525/2525/2525 2526/2526/2526
f 2529/2529/2529 2528/2528/2528 2527/2527/2527
f 2529/2529/2529 2527/2527/2527 2530/2530/2530
f 2530/2530/2530 2527/2527/2527 2531/2531/2531
f 2534/2534/2534 2533/2533/2533 2532/2532/2532
f 2534/2534/2534 2532/2532/2532 2535/2535/2535
f 2534/2534/2534 2535/2535/2535 2536/2536/2536
f 2537/2537/2537 2534/2534/2534 2536/2536/2536
f 2540/2540/2540 2539/2539/2539 2538/2538/2538
f 2538/2538/2538 2541/2541/2541 2540/2540/2540
f 2542/2542/2542 2541/2541/2541 2538/2538/2538
f 2543/2543/2543 2541/2541/2541 2542/2542/2542
f 2544/2544/2544 2543/2543/2543 2542/2542/2542
f 2544/2544/2544 2545/2545/2545 2543/2543/2543
f 2546/2546/2546 2545/2545/2545 2544/2544/2544
f 2546/2546/2546 2547/2547/2547 2545/2545/2545
f 2548/2548/2548 2547/2547/2547 2546/2546/2546
f 2548/2548/2548 2549/2549/2549 2547/2547/2547
f 2549/2549/2549 2548/2548/2548 2550/2550/2550
f 2551/2551/2551 2549/2549/2549 2550/2550/2550
f 2552/2552/2552 2551/2551/2551 2550/2550/2550
f 2552/2552/2552 2553/2553/2553 2551/2551/2551
f 2554/2554/2554 2551/2551/2551 2553/2553/2553
f 2555/2555/2555 2554/2554/2554 2553/2553/2553
f 2555/2555/2555 2556/2556/2556 2554/2554/2554
f 2557/2557/2557 2556/2556/2556 2555/2555/2555
f 2557/2557/2557 2558/2558/2558 2556/2556/2556
f 2559/2559/2559 2558/2558/2558 2557/2557/2557
f 2559/2559/2559 2560/2560/2560 2558/2558/2558
f 2561/2561/2561 2560/2560/2560 2559/2559/2559
f 2562/2562/2562 2561/2561/2561 2559/2559/2559
f 2565/2565/2565 2564/2564/2564 2563/2563/2563
f 2565/2565/2565 2566/2566/2566 2564/2564/2564
f 2566/2566/2566 2565/2565/2565 2567/2567/2567
f 2568/2568/2568 2566/2566/2566 2567/2567/2567
f 2569/2569/2569 2566/2566/2566 2568/2568/2568
f 2569/2569/2569 2568/2568/2568 2570/2570/2570
f 2573/2573/2573 2572/2572/2572 2571/2571/2571
f 2572/2572/2572 2574/2574/2574 2571/2571/2571
f 2571/2571/2571 2574/2574/2574 2575/2575/2575
f 2576/2576/2576 2575/2575/2575 2574/2574/2574
f 2575/2575/2575 2576/2576/2576 2577/2577/2577
f 2576/2576/2576 2578/2578/2578 2577/2577/2577
f 2578/2578/2578 2579/2579/2579 2577/2577/2577
f 2579/2579/2579 2578/2578/2578 2580/2580/2580
f 2581/2581/2581 2580/2580/2580 2578/2578/2578
f 2580/2580/2580 2581/2581/2581 2582/2582/2582
f 2582/2582/2582 2581/2581/2581 2583/2583/2583
f 2581/2581/2581 2584/2584/2584 2583/2583/2583
f 2583/2583/2583 2584/2584/2584 2585/2585/2585
f 2586/2586/2586 2585/2585/2585 2584/2584/2584
f 2586/2586/2586 2587/2587/2587 2585/2585/2585
f 2586/2586/2586 2588/2588/2588 2587/2587/2587
f 2586/2586/2586 2589/2589/2589 2588/2588/2588
f 2590/2590/2590 2589/2589/2589 2586/2586/2586
f 2593/2593/2593 2592/2592/2592 2591/2591/2591
f 2591/2591/2591 2594/2594/2594 2593/2593/2593
f 2594/2594/2594 2591/2591/2591 2595/2595/2595
f 2598/2598/2598 2597/2597/2597 2596/2596/2596
f 2596/2596/2596 2599/2599/2599 2598/2598/2598
f 2599/2599/2599 2600/2600/2600 2598/2598/2598
f 2600/2600/2600 2599/2599/2599 2601/2601/2601
f 2604/2604/2604 2603/2603/2603 2602/2602/2602
f 2602/2602/2602 2605/2605/2605 2604/2604/2604
f 2604/2604/2604 2605/2605/2605 2606/2606/2606
f 2607/2607/2607 2606/2606/2606 2605/2605/2605
f 2610/2610/2610 2609/2609/2609 2608/2608/2608
f 2609/2609/2609 2611/2611/2611 2608/2608/2608
f 2609/2609/2609 2612/2612/2612 2611/2611/2611
f 2612/2612/2612 2613/2613/2613 2611/2611/2611
f 2613/2613/2613 2612/2612/2612 2614/2614/2614
f 2617/2617/2617 2616/2616/2616 2615/2615/2615
f 2615/2615/2615 2618/2618/2618 2617/2617/2617
f 2619/2619/2619 2617/2617/2617 2618/2618/2618
f 2620/2620/2620 2617/2617/2617 2619/2619/2619
f 2620/2620/2620 2621/2621/2621 2617/2617/2617
f 2622/2622/2622 2621/2621/2621 2620/2620/2620
f 2623/2623/2623 2621/2621/2621 2622/2622/2622
f 2624/2624/2624 2623/2623/2623 2622/2622/2622
f 2623/2623/2623 2624/2624/2624 2625/2625/2625
f 2625/2625/2625 2624/2624/2624 2626/2626/2626
f 2624/2624/2624 2627/2627/2627 2626/2626/2626
f 2627/2627/2627 2624/2624/2624 2628/2628/2628
f 2626/2626/2626 2627/2627/2627 2629/2629/2629
f 2626/2626/2626 2629/2629/2629 2630/2630/2630
f 2631/2631/2631 2626/2626/2626 2630/2630/2630
f 2632/2632/2632 2625/2625/2625 2626/2626/2626
f 2633/2633/2633 2632/2632/2632 2626/2626/2626
f 2634/2634/2634 2625/2625/2625 2632/2632/2632
f 2634/2634/2634 2632/2632/2632 2635/2635/2635
f 2635/2635/2635 2636/2636/2636 2634/2634/2634
f 2631/2631/2631 2637/2637/2637 2626/2626/2626
f 2638/2638/2638 2637/2637/2637 2631/2631/2631
f 2639/2639/2639 2638/2638/2638 2631/2631/2631
f 2640/2640/2640 2639/2639/2639 2631/2631/2631
f 2640/2640/2640 2631/2631/2631 2641/2641/2641
f 2642/2642/2642 2640/2640/2640 2641/2641/2641
f 2642/2642/2642 2641/2641/2641 2643/2643/2643
f 2642/2642/2642 2644/2644/2644 2640/2640/2640
f 2644/2644/2644 2636/2636/2636 2645/2645/2645
f 2644/2644/2644 2645/2645/2645 2640/2640/2640
f 2646/2646/2646 2642/2642/2642 2643/2643/2643
f 2646/2646/2646 2643/2643/2643 2647/2647/2647
f 2646/2646/2646 2647/2647/2647 2648/2648/2648
f 2648/2648/2648 2647/2647/2647 2649/2649/2649
f 2650/2650/2650 2646/2646/2646 2648/2648/2648
f 2648/2648/2648 2651/2651/2651 2650/2650/2650
f 2652/2652/2652 2651/2651/2651 2648/2648/2648
f 2653/2653/2653 2651/2651/2651 2652/2652/2652
f 2654/2654/2654 2651/2651/2651 2653/2653/2653
f 2653/2653/2653 2655/2655/2655 2654/2654/2654
f 2656/2656/2656 2655/2655/2655 2653/2653/2653
f 2657/2657/2657 2656/2656/2656 2653/2653/2653
f 2658/2658/2658 2656/2656/2656 2657/2657/2657
f 2659/2659/2659 2658/2658/2658 2657/2657/2657
f 2657/2657/2657 2653/2653/2653 2660/2660/2660
f 2660/2660/2660 2653/2653/2653 2661/2661/2661
f 2662/2662/2662 2659/2659/2659 2657/2657/2657
f 2663/2663/2663 2662/2662/2662 2657/2657/2657
f 2664/2664/2664 2659/2659/2659 2662/2662/2662
f 2664/2664/2664 2665/2665/2665 2659/2659/2659
f 2663/2663/2663 2666/2666/2666 2662/2662/2662
f 2667/2667/2667 2666/2666/2666 2663/2663/2663
f 2669/2669/2669 2665/2665/2665 2668/2668/2668
f 2670/2670/2670 2669/2669/2669 2668/2668/2668
f 2671/2671/2671 2669/2669/2669 2670/2670/2670
f 2672/2672/2672 2671/2671/2671 2670/2670/2670
f 2671/2671/2671 2672/2672/2672 2673/2673/2673
f 2671/2671/2671 2673/2673/2673 2674/2674/2674
f 2675/2675/2675 2672/2672/2672 2670/2670/2670
f 2672/2672/2672 2675/2675/2675 2676/2676/2676
f 2675/2675/2675 2670/2670/2670 2677/2677/2677
f 2677/2677/2677 2678/2678/2678 2663/2663/2663
f 2675/2675/2675 2677/2677/2677 2679/2679/2679
f 2680/2680/2680 2677/2677/2677 2663/2663/2663
f 2680/2680/2680 2679/2679/2679 2677/2677/2677
f 2683/2683/2683 2682/2682/2682 2681/2681/2681
f 2682/2682/2682 2683/2683/2683 2684/2684/2684
f 2685/2685/2685 2684/2684/2684 2683/2683/2683
f 2685/2685/2685 2686/2686/2686 2684/2684/2684
f 2685/2685/2685 2687/2687/2687 2686/2686/2686
f 2687/2687/2687 2688/2688/2688 2686/2686/2686
f 2687/2687/2687 2689/2689/2689 2688/2688/2688
f 2689/2689/2689 2690/2690/2690 2688/2688/2688
f 2689/2689/2689 2691/2691/2691 2690/2690/2690
f 2691/2691/2691 2692/2692/2692 2690/2690/2690
f 2690/2690/2690 2692/2692/2692 2693/2693/2693
f 2693/2693/2693 2692/2692/2692 2694/2694/2694
f 2693/2693/2693 2694/2694/2694 2695/2695/2695
f 2692/2692/2692 2696/2696/2696 2694/2694/2694
f 2697/2697/2697 2695/2695/2695 2694/2694/2694
f 2692/2692/2692 2698/2698/2698 2696/2696/2696
f 2697/2697/2697 2699/2699/2699 2695/2695/2695
f 2698/2698/2698 2700/2700/2700 2696/2696/2696
f 2697/2697/2697 2701/2701/2701 2699/2699/2699
f 2702/2702/2702 2700/2700/2700 2698/2698/2698
f 2701/2701/2701 2703/2703/2703 2699/2699/2699
f 2703/2703/2703 2701/2701/2701 2704/2704/2704
f 2703/2703/2703 2704/2704/2704 2705/2705/2705
f 2704/2704/2704 2706/2706/2706 2705/2705/2705
f 2706/2706/2706 2707/2707/2707 2705/2705/2705
f 2706/2706/2706 2708/2708/2708 2707/2707/2707
f 2707/2707/2707 2708/2708/2708 2709/2709/2709
f 2709/2709/2709 2708/2708/2708 2710/2710/2710
f 2702/2702/2702 2711/2711/2711 2700/2700/2700
f 2702/2702/2702 2712/2712/2712 2711/2711/2711
f 2713/2713/2713 2711/2711/2711 2712/2712/2712
f 2713/2713/2713 2714/2714/2714 2711/2711/2711
f 2713/2713/2713 2715/2715/2715 2714/2714/2714
f 2715/2715/2715 2716/2716/2716 2714/2714/2714
f 2717/2717/2717 2716/2716/2716 2715/2715/2715
f 2716/2716/2716 2717/2717/2717 2718/2718/2718
f 2718/2718/2718 2717/2717/2717 2719/2719/2719
f 2719/2719/2719 2720/2720/2720 2718/2718/2718
f 2721/2721/2721 2720/2720/2720 2719/2719/2719
f 2721/2721/2721 2722/2722/2722 2720/2720/2720
f 2722/2722/2722 2721/2721/2721 2723/2723/2723
f 2722/2722/2722 2723/2723/2723 2724/2724/2724
f 2724/2724/2724 2723/2723/2723 2725/2725/2725
f 2726/2726/2726 2724/2724/2724 2725/2725/2725
f 2725/2725/2725 2727/2727/2727 2726/2726/2726
f 2726/2726/2726 2727/2727/2727 2728/2728/2728
f 2728/2728/2728 2727/2727/2727 2729/2729/2729
f 2729/2729/2729 2730/2730/2730 2728/2728/2728
f 2729/2729/2729 2731/2731/2731 2730/2730/2730
f 2730/2730/2730 2731/2731/2731 2732/2732/2732
f 2732/2732/2732 2731/2731/2731 2733/2733/2733
f 2731/2731/2731 2734/2734/2734 2733/2733/2733
f 2733/2733/2733 2734/2734/2734 2735/2735/2735
f 2735/2735/2735 2734/2734/2734 2736/2736/2736
f 2737/2737/2737 2735/2735/2735 2736/2736/2736
f 2738/2738/2738 2737/2737/2737 2736/2736/2736
f 2737/2737/2737 2738/2738/2738 2739/2739/2739
f 2738/2738/2738 2740/2740/2740 2739/2739/2739
f 2739/2739/2739 2740/2740/2740 2741/2741/2741
f 2741/2741/2741 2740/2740/2740 2742/2742/2742
f 2742/2742/2742 2743/2743/2743 2741/2741/2741
f 2742/2742/2742 2744/2744/2744 2743/2743/2743
f 2743/2743/2743 2744/2744/2744 2745/2745/2745
f 2745/2745/2745 2744/2744/2744 2746/2746/2746
f 2747/2747/2747 2745/2745/2745 2746/2746/2746
f 2746/2746/2746 2748/2748/2748 2747/2747/2747
f 2748/2748/2748 2749/2749/2749 2747/2747/2747
f 2748/2748/2748 2750/2750/2750 2749/2749/2749
f 2749/2749/2749 2750/2750/2750 2751/2751/2751
f 2749/2749/2749 2751/2751/2751 2752/2752/2752
f 2752/2752/2752 2751/2751/2751 2753/2753/2753
f 2752/2752/2752 2753/2753/2753 2754/2754/2754
f 2753/2753/2753 2755/2755/2755 2754/2754/2754
f 2754/2754/2754 2755/2755/2755 2756/2756/2756
f 2755/2755/2755 2757/2757/2757 2756/2756/2756
f 2756/2756/2756 2757/2757/2757 2758/2758/2758
f 2757/2757/2757 2759/2759/2759 2758/2758/2758
f 2759/2759/2759 2760/2760/2760 2758/2758/2758
f 2761/2761/2761 2759/2759/2759 2757/2757/2757
f 2762/2762/2762 2761/2761/2761 2757/2757/2757
f 2763/2763/2763 2762/2762/2762 2757/2757/2757
f 2760/2760/2760 2759/2759/2759 2764/2764/2764
f 2765/2765/2765 2760/2760/2760 2764/2764/2764
f 2765/2765/2765 2764/2764/2764 2766/2766/2766
f 2765/2765/2765 2766/2766/2766 2767/2767/2767
f 2767/2767/2767 2766/2766/2766 2768/2768/2768
f 2767/2767/2767 2768/2768/2768 2769/2769/2769
f 2770/2770/2770 2769/2769/2769 2768/2768/2768
f 2770/2770/2770 2768/2768/2768 2771/2771/2771
f 2770/2770/2770 2771/2771/2771 2772/2772/2772
f 2772/2772/2772 2771/2771/2771 2773/2773/2773
f 2772/2772/2772 2773/2773/2773 2774/2774/2774
f 2773/2773/2773 2775/2775/2775 2774/2774/2774
f 2774/2774/2774 2775/2775/2775 2776/2776/2776
f 2775/2775/2775 2777/2777/2777 2776/2776/2776
f 2776/2776/2776 2777/2777/2777 2778/2778/2778
f 2777/2777/2777 2779/2779/2779 2778/2778/2778
f 2778/2778/2778 2779/2779/2779 2780/2780/2780
f 2780/2780/2780 2779/2779/2779 2781/2781/2781
f 2780/2780/2780 2781/2781/2781 2782/2782/2782
f 2781/2781/2781 2783/2783/2783 2782/2782/2782
f 2782/2782/2782 2783/2783/2783 2784/2784/2784
f 2784/2784/2784 2783/2783/2783 2785/2785/2785
f 2784/2784/2784 2785/2785/2785 2786/2786/2786
f 2785/2785/2785 2787/2787/2787 2786/2786/2786
f 2786/2786/2786 2787/2787/2787 2788/2788/2788
f 2787/2787/2787 2789/2789/2789 2788/2788/2788
f 2788/2788/2788 2789/2789/2789 2790/2790/2790
f 2788/2788/2788 2790/2790/2790 2791/2791/2791
f 2791/2791/2791 2790/2790/2790 2792/2792/2792
f 2793/2793/2793 2791/2791/2791 2792/2792/2792
f 2793/2793/2793 2792/2792/2792 2794/2794/2794
f 2793/2793/2793 2794/2794/2794 2795/2795/2795
f 2795/2795/2795 2794/2794/2794 2796/2796/2796
f 2795/2795/2795 2796/2796/2796 2797/2797/2797
f 2798/2798/2798 2797/2797/2797 2796/2796/2796
f 2797/2797/2797 2798/2798/2798 2799/2799/2799
f 2800/2800/2800 2799/2799/2799 2798/2798/2798
f 2800/2800/2800 2801/2801/2801 2799/2799/2799
f 2802/2802/2802 2801/2801/2801 2800/2800/2800
f 2803/2803/2803 2801/2801/2801 2802/2802/2802
f 2710/2710/2710 2803/2803/2803 2802/2802/2802
f 2709/2709/2709 2710/2710/2710 2802/2802/2802
f 2806/2806/2806 2805/2805/2805 2804/2804/2804
f 2807/2807/2807 2805/2805/2805 2806/2806/2806
f 2807/2807/2807 2806/2806/2806 2808/2808/2808
f 2811/2811/2811 2810/2810/2810 2809/2809/2809
f 2811/2811/2811 2812/2812/2812 2810/2810/2810
f 2812/2812/2812 2813/2813/2813 2810/2810/2810
f 2813/2813/2813 2814/2814/2814 2810/2810/2810
f 2815/2815/2815 2814/2814/2814 2813/2813/2813
f 2815/2815/2815 2816/2816/2816 2814/2814/2814
f 2815/2815/2815 2817/2817/2817 2816/2816/2816
f 2818/2818/2818 2817/2817/2817 2815/2815/2815
f 2818/2818/2818 2819/2819/2819 2817/2817/2817
f 2822/2822/2822 2821/2821/2821 2820/2820/2820
f 2820/2820/2820 2821/2821/2821 2823/2823/2823
f 2821/2821/2821 2824/2824/2824 2823/2823/2823
f 2821/2821/2821 2825/2825/2825 2824/2824/2824
f 2821/2821/2821 2826/2826/2826 2825/2825/2825
f 2829/2829/2829 2828/2828/2828 2827/2827/2827
f 2828/2828/2828 2829/2829/2829 2830/2830/2830
f 2833/2833/2833 2832/2832/2832 2831/2831/2831
f 2834/2834/2834 2833/2833/2833 2831/2831/2831
f 2835/2835/2835 2834/2834/2834 2831/2831/2831
f 2838/2838/2838 2837/2837/2837 2836/2836/2836
f 2838/2838/2838 2836/2836/2836 2839/2839/2839
f 2840/2840/2840 2839/2839/2839 2836/2836/2836
f 2843/2843/2843 2842/2842/2842 2841/2841/2841
f 2841/2841/2841 2842/2842/2842 2844/2844/2844
f 2845/2845/2845 2841/2841/2841 2844/2844/2844
f 2842/2842/2842 2846/2846/2846 2844/2844/2844
f 2846/2846/2846 2847/2847/2847 2844/2844/2844
f 2844/2844/2844 2847/2847/2847 2848/2848/2848
f 2847/2847/2847 2849/2849/2849 2848/2848/2848
f 2852/2852/2852 2851/2851/2851 2850/2850/2850
f 2852/2852/2852 2853/2853/2853 2851/2851/2851
f 2856/2856/2856 2855/2855/2855 2854/2854/2854
f 2857/2857/2857 2856/2856/2856 2854/2854/2854
f 2860/2860/2860 2859/2859/2859 2858/2858/2858
f 2859/2859/2859 2861/2861/2861 2858/2858/2858
f 2859/2859/2859 2862/2862/2862 2861/2861/2861
f 2862/2862/2862 2863/2863/2863 2861/2861/2861
f 2864/2864/2864 2863/2863/2863 2862/2862/2862
f 2864/2864/2864 2865/2865/2865 2863/2863/2863
f 2864/2864/2864 2866/2866/2866 2865/2865/2865
f 2866/2866/2866 2867/2867/2867 2865/2865/2865
f 2866/2866/2866 2868/2868/2868 2867/2867/2867
f 2866/2866/2866 2869/2869/2869 2868/2868/2868
f 2868/2868/2868 2869/2869/2869 2870/2870/2870
f 2869/2869/2869 2871/2871/2871 2870/2870/2870
f 2873/2873/2873 2872/2872/2872 2870/2870/2870
f 2873/2873/2873 2874/2874/2874 2872/2872/2872
f 2874/2874/2874 2875/2875/2875 2872/2872/2872
f 2878/2878/2878 2877/2877/2877 2876/2876/2876
f 2877/2877/2877 2878/2878/2878 2879/2879/2879
f 2882/2882/2882 2881/2881/2881 2880/2880/2880
f 2883/2883/2883 2882/2882/2882 2880/2880/2880
f 2883/2883/2883 2884/2884/2884 2882/2882/2882
f 2884/2884/2884 2885/2885/2885 2882/2882/2882
f 2888/2888/2888 2887/2887/2887 2886/2886/2886
f 2888/2888/2888 2886/2886/2886 2889/2889/2889
f 2892/2892/2892 2891/2891/2891 2890/2890/2890
f 2893/2893/2893 2891/2891/2891 2892/2892/2892
f 2896/2896/2896 2895/2895/2895 2894/2894/2894
f 2897/2897/2897 2894/2894/2894 2895/2895/2895
f 2898/2898/2898 2894/2894/2894 2897/2897/2897
f 2899/2899/2899 2898/2898/2898 2897/2897/2897
f 2902/2902/2902 2901/2901/2901 2900/2900/2900
f 2902/2902/2902 2903/2903/2903 2901/2901/2901
f 2901/2901/2901 2903/2903/2903 2904/2904/2904
f 2903/2903/2903 2905/2905/2905 2904/2904/2904
f 2908/2908/2908 2907/2907/2907 2906/2906/2906
f 2909/2909/2909 2906/2906/2906 2907/2907/2907
f 2910/2910/2910 2909/2909/2909 2907/2907/2907
f 2910/2910/2910 2911/2911/2911 2909/2909/2909
f 2912/2912/2912 2911/2911/2911 2910/2910/2910
f 2913/2913/2913 2911/2911/2911 2912/2912/2912
f 2914/2914/2914 2913/2913/2913 2912/2912/2912
f 2915/2915/2915 2913/2913/2913 2914/2914/2914
f 2913/2913/2913 2915/2915/2915 2916/2916/2916
f 2917/2917/2917 2916/2916/2916 2915/2915/2915
f 2918/2918/2918 2916/2916/2916 2917/2917/2917
f 2918/2918/2918 2917/2917/2917 2919/2919/2919
f 2919/2919/2919 2920/2920/2920 2918/2918/2918
f 2921/2921/2921 2920/2920/2920 2919/2919/2919
f 2922/2922/2922 2920/2920/2920 2921/2921/2921
f 2922/2922/2922 2921/2921/2921 2923/2923/2923
f 2923/2923/2923 2924/2924/2924 2922/2922/2922
f 2925/2925/2925 2924/2924/2924 2923/2923/2923
f 2924/2924/2924 2925/2925/2925 2926/2926/2926
f 2927/2927/2927 2924/2924/2924 2926/2926/2926
f 2930/2930/2930 2929/2929/2929 2928/2928/2928
f 2928/2928/2928 2929/2929/2929 2931/2931/2931
f 2934/2934/2934 2933/2933/2933 2932/2932/2932
f 2933/2933/2933 2935/2935/2935 2932/2932/2932
f 2933/2933/2933 2936/2936/2936 2935/2935/2935
f 2933/2933/2933 2937/2937/2937 2936/2936/2936
f 2937/2937/2937 2938/2938/2938 2936/2936/2936
f 2936/2936/2936 2939/2939/2939 2935/2935/2935
f 2939/2939/2939 2936/2936/2936 2938/2938/2938
f 2940/2940/2940 2935/2935/2935 2939/2939/2939
f 2938/2938/2938 2940/2940/2940 2939/2939/2939
f 2943/2943/2943 2942/2942/2942 2941/2941/2941
f 2941/2941/2941 2944/2944/2944 2943/2943/2943
f 2944/2944/2944 2945/2945/2945 2943/2943/2943
f 2944/2944/2944 2946/2946/2946 2945/2945/2945
f 2947/2947/2947 2946/2946/2946 2944/2944/2944
f 2947/2947/2947 2948/2948/2948 2946/2946/2946
f 2949/2949/2949 2944/2944/2944 2941/2941/2941
f 2950/2950/2950 2949/2949/2949 2941/2941/2941
f 2951/2951/2951 2944/2944/2944 2949/2949/2949
f 2954/2954/2954 2953/2953/2953 2952/2952/2952
f 2955/2955/2955 2954/2954/2954 2952/2952/2952
f 2955/2955/2955 2952/2952/2952 2956/2956/2956
f 2957/2957/2957 2955/2955/2955 2956/2956/2956
f 2957/2957/2957 2956/2956/2956 2958/2958/2958
f 2957/2957/2957 2958/2958/2958 2959/2959/2959
f 2959/2959/2959 2958/2958/2958 2960/2960/2960
f 2959/2959/2959 2960/2960/2960 2961/2961/2961
f 2961/2961/2961 2960/2960/2960 2962/2962/2962
f 2963/2963/2963 2961/2961/2961 2962/2962/2962
f 2966/2966/2966 2965/2965/2965 2964/2964/2964
f 2967/2967/2967 2965/2965/2965 2966/2966/2966
f 2970/2970/2970 2969/2969/2969 2968/2968/2968
f 2970/2970/2970 2971/2971/2971 2969/2969/2969
f 2974/2974/2974 2973/2973/2973 2972/2972/2972
f 2972/2972/2972 2973/2973/2973 2975/2975/2975
f 2978/2978/2978 2977/2977/2977 2976/2976/2976
f 2976/2976/2976 2977/2977/2977 2979/2979/2979
f 2979/2979/2979 2977/2977/2977 2980/2980/2980
f 2981/2981/2981 2976/2976/2976 2979/2979/2979
f 2976/2976/2976 2981/2981/2981 2982/2982/2982
f 2982/2982/2982 2981/2981/2981 2983/2983/2983
f 2984/2984/2984 2982/2982/2982 2983/2983/2983
f 2985/2985/2985 2984/2984/2984 2983/2983/2983
f 2985/2985/2985 2986/2986/2986 2984/2984/2984
f 2985/2985/2985 2987/2987/2987 2986/2986/2986
f 2987/2987/2987 2988/2988/2988 2986/2986/2986
f 2989/2989/2989 2988/2988/2988 2987/2987/2987
f 2988/2988/2988 2989/2989/2989 2990/2990/2990
f 2991/2991/2991 2990/2990/2990 2989/2989/2989
f 2990/2990/2990 2991/2991/2991 2992/2992/2992
f 2992/2992/2992 2993/2993/2993 2990/2990/2990
f 2994/2994/2994 2993/2993/2993 2992/2992/2992
f 2994/2994/2994 2992/2992/2992 2995/2995/2995
f 2996/2996/2996 2995/2995/2995 2992/2992/2992
f 2995/2995/2995 2996/2996/2996 2997/2997/2997
f 2997/2997/2997 2996/2996/2996 2998/2998/2998
f 2999/2999/2999 2997/2997/2997 2998/2998/2998
f 2999/2999/2999 3000/3000/3000 2997/2997/2997
f 3001/3001/3001 3000/3000/3000 2999/2999/2999
f 3002/3002/3002 3000/3000/3000 3001/3001/3001
f 3001/3001/3001 3003/3003/3003 3002/3002/3002
f 3002/3002/3002 3003/3003/3003 3004/3004/3004
f 3005/3005/3005 3004/3004/3004 3003/3003/3003
f 3005/3005/3005 3006/3006/3006 3004/3004/3004
f 3004/3004/3004 3006/3006/3006 3007/3007/3007
f 3005/3005/3005 3008/3008/3008 3006/3006/3006
f 3011/3011/3011 3010/3010/3010 3009/3009/3009
f 3009/3009/3009 3010/3010/3010 3012/3012/3012
f 3012/3012/3012 3010/3010/3010 3013/3013/3013
f 3016/3016/3016 3015/3015/3015 3014/3014/3014
f 3017/3017/3017 3015/3015/3015 3016/3016/3016
f 3017/3017/3017 3018/3018/3018 3015/3015/3015
f 3019/3019/3019 3015/3015/3015 3018/3018/3018
f 3020/3020/3020 3019/3019/3019 3018/3018/3018
f 3021/3021/3021 3019/3019/3019 3020/3020/3020
f 3022/3022/3022 3021/3021/3021 3020/3020/3020
f 3019/3019/3019 3021/3021/3021 3023/3023/3023
f 3024/3024/3024 3019/3019/3019 3023/3023/3023
f 3025/3025/3025 3024/3024/3024 3023/3023/3023
f 3026/3026/3026 3024/3024/3024 3025/3025/3025
f 3022/3022/3022 3027/3027/3027 3021/3021/3021
f 3028/3028/3028 3027/3027/3027 3022/3022/3022
f 3028/3028/3028 3029/3029/3029 3027/3027/3027
f 3029/3029/3029 3030/3030/3030 3027/3027/3027
f 3029/3029/3029 3031/3031/3031 3030/3030/3030
f 3031/3031/3031 3032/3032/3032 3030/3030/3030
f 3035/3035/3035 3034/3034/3034 3033/3033/3033
f 3034/3034/3034 3036/3036/3036 3033/3033/3033
f 3039/3039/3039 3038/3038/3038 3037/3037/3037
f 3040/3040/3040 3038/3038/3038 3039/3039/3039
f 3043/3043/3043 3042/3042/3042 3041/3041/3041
f 3044/3044/3044 3041/3041/3041 3042/3042/3042
f 3044/3044/3044 3042/3042/3042 3045/3045/3045
f 3048/3048/3048 3047/3047/3047 3046/3046/3046
f 3048/3048/3048 3049/3049/3049 3047/3047/3047
f 3052/3052/3052 3051/3051/3051 3050/3050/3050
f 3053/3053/3053 3051/3051/3051 3052/3052/3052
f 3056/3056/3056 3055/3055/3055 3054/3054/3054
f 3056/3056/3056 3057/3057/3057 3055/3055/3055
f 3055/3055/3055 3057/3057/3057 3058/3058/3058
f 3055/3055/3055 3058/3058/3058 3059/3059/3059
f 3059/3059/3059 3058/3058/3058 3060/3060/3060
f 3063/3063/3063 3062/3062/3062 3061/3061/3061
f 3061/3061/3061 3062/3062/3062 3064/3064/3064
f 3067/3067/3067 3066/3066/3066 3065/3065/3065
f 3067/3067/3067 3068/3068/3068 3066/3066/3066
f 3066/3066/3066 3068/3068/3068 3069/3069/3069
f 3066/3066/3066 3069/3069/3069 3070/3070/3070
f 3068/3068/3068 3071/3071/3071 3069/3069/3069
f 3071/3071/3071 3072/3072/3072 3069/3069/3069
f 3071/3071/3071 3073/3073/3073 3072/3072/3072
f 3072/3072/3072 3073/3073/3073 3074/3074/3074
f 3075/3075/3075 3074/3074/3074 3073/3073/3073
f 3075/3075/3075 3076/3076/3076 3074/3074/3074
f 3074/3074/3074 3076/3076/3076 3077/3077/3077
f 3074/3074/3074 3077/3077/3077 3078/3078/3078
f 3077/3077/3077 3079/3079/3079 3078/3078/3078
f 3074/3074/3074 3078/3078/3078 3080/3080/3080
f 3083/3083/3083 3082/3082/3082 3081/3081/3081
f 3084/3084/3084 3081/3081/3081 3082/3082/3082
f 3085/3085/3085 3081/3081/3081 3084/3084/3084
f 3084/3084/3084 3086/3086/3086 3085/3085/3085
f 3087/3087/3087 3086/3086/3086 3084/3084/3084
f 3087/3087/3087 3088/3088/3088 3086/3086/3086
f 3088/3088/3088 3089/3089/3089 3086/3086/3086
f 3088/3088/3088 3090/3090/3090 3089/3089/3089
f 3091/3091/3091 3090/3090/3090 3088/3088/3088
f 3091/3091/3091 3092/3092/3092 3090/3090/3090
f 3093/3093/3093 3092/3092/3092 3091/3091/3091
f 3093/3093/3093 3094/3094/3094 3092/3092/3092
f 3095/3095/3095 3094/3094/3094 3093/3093/3093
f 3096/3096/3096 3094/3094/3094 3095/3095/3095
f 3096/3096/3096 3095/3095/3095 3097/3097/3097
f 3096/3096/3096 3097/3097/3097 3098/3098/3098
f 3101/3101/3101 3100/3100/3100 3099/3099/3099
f 3101/3101/3101 3099/3099/3099 3102/3102/3102
f 3099/3099/3099 3103/3103/3103 3102/3102/3102
f 3103/3103/3103 3104/3104/3104 3102/3102/3102
f 3105/3105/3105 3104/3104/3104 3103/3103/3103
f 3106/3106/3106 3104/3104/3104 3105/3105/3105
f 3107/3107/3107 3106/3106/3106 3105/3105/3105
f 3108/3108/3108 3106/3106/3106 3107/3107/3107
f 3109/3109/3109 3108/3108/3108 3107/3107/3107
f 3109/3109/3109 3110/3110/3110 3108/3108/3108
f 3111/3111/3111 3110/3110/3110 3109/3109/3109
f 3112/3112/3112 3111/3111/3111 3109/3109/3109
f 3113/3113/3113 3111/3111/3111 3112/3112/3112
f 3113/3113/3113 3114/3114/3114 3111/3111/3111
f 3113/3113/3113 3115/3115/3115 3114/3114/3114
f 3115/3115/3115 3116/3116/3116 3114/3114/3114
f 3117/3117/3117 3116/3116/3116 3115/3115/3115
f 3117/3117/3117 3118/3118/3118 3116/3116/3116
f 3117/3117/3117 3119/3119/3119 3118/3118/3118
f 3118/3118/3118 3119/3119/3119 3120/3120/3120
f 3121/3121/3121 3120/3120/3120 3119/3119/3119
f 3121/3121/3121 3122/3122/3122 3120/3120/3120
f 3123/3123/3123 3122/3122/3122 3121/3121/3121
f 3123/3123/3123 3124/3124/3124 3122/3122/3122
f 3127/3127/3127 3126/3126/3126 3125/3125/3125
f 3128/3128/3128 3125/3125/3125 3126/3126/3126
f 3125/3125/3125 3128/3128/3128 3129/3129/3129
f 3129/3129/3129 3128/3128/3128 3130/3130/3130
f 3128/3128/3128 3131/3131/3131 3130/3130/3130
f 3130/3130/3130 3131/3131/3131 3132/3132/3132
f 3132/3132/3132 3131/3131/3131 3133/3133/3133
f 3131/3131/3131 3134/3134/3134 3133/3133/3133
f 3134/3134/3134 3135/3135/3135 3133/3133/3133
f 3135/3135/3135 3134/3134/3134 3136/3136/3136
f 3136/3136/3136 3137/3137/3137 3135/3135/3135
f 3136/3136/3136 3138/3138/3138 3137/3137/3137
f 3138/3138/3138 3136/3136/3136 3139/3139/3139
f 3139/3139/3139 3140/3140/3140 3138/3138/3138
f 3141/3141/3141 3140/3140/3140 3139/3139/3139
f 3142/3142/3142 3140/3140/3140 3141/3141/3141
f 3142/3142/3142 3141/3141/3141 3143/3143/3143
f 3142/3142/3142 3143/3143/3143 3144/3144/3144
f 3145/3145/3145 3144/3144/3144 3143/3143/3143
f 3145/3145/3145 3143/3143/3143 3146/3146/3146
f 3149/3149/3149 3148/3148/3148 3147/3147/3147
f 3150/3150/3150 3149/3149/3149 3147/3147/3147
f 3150/3150/3150 3147/3147/3147 3151/3151/3151
f 3151/3151/3151 3147/3147/3147 3152/3152/3152
f 3151/3151/3151 3152/3152/3152 3153/3153/3153
f 3153/3153/3153 3152/3152/3152 3154/3154/3154
f 3153/3153/3153 3154/3154/3154 3155/3155/3155
f 3150/3150/3150 3156/3156/3156 3149/3149/3149
f 3156/3156/3156 3157/3157/3157 3149/3149/3149
f 3157/3157/3157 3156/3156/3156 3158/3158/3158
f 3159/3159/3159 3158/3158/3158 3156/3156/3156
f 3160/3160/3160 3157/3157/3157 3158/3158/3158
f 3161/3161/3161 3157/3157/3157 3160/3160/3160
f 3161/3161/3161 3162/3162/3162 3157/3157/3157
f 3162/3162/3162 3161/3161/3161 3163/3163/3163
f 3162/3162/3162 3163/3163/3163 3164/3164/3164
f 3165/3165/3165 3162/3162/3162 3164/3164/3164
f 3165/3165/3165 3166/3166/3166 3159/3159/3159
f 3164/3164/3164 3166/3166/3166 3165/3165/3165
f 3168/3168/3168 3167/3167/3167 3155/3155/3155
f 3168/3168/3168 3169/3169/3169 3167/3167/3167
f 3172/3172/3172 3171/3171/3171 3170/3170/3170
f 3173/3173/3173 3171/3171/3171 3172/3172/3172
f 3174/3174/3174 3171/3171/3171 3173/3173/3173
f 3173/3173/3173 3175/3175/3175 3174/3174/3174
f 3175/3175/3175 3176/3176/3176 3174/3174/3174
f 3177/3177/3177 3176/3176/3176 3175/3175/3175
f 3177/3177/3177 3178/3178/3178 3176/3176/3176
f 3177/3177/3177 3179/3179/3179 3178/3178/3178
f 3179/3179/3179 3180/3180/3180 3178/3178/3178
f 3179/3179/3179 3181/3181/3181 3180/3180/3180
f 3181/3181/3181 3182/3182/3182 3180/3180/3180
f 3183/3183/3183 3182/3182/3182 3181/3181/3181
f 3183/3183/3183 3184/3184/3184 3182/3182/3182
f 3185/3185/3185 3184/3184/3184 3183/3183/3183
f 3185/3185/3185 3186/3186/3186 3184/3184/3184
f 3187/3187/3187 3186/3186/3186 3185/3185/3185
f 3188/3188/3188 3186/3186/3186 3187/3187/3187
f 3189/3189/3189 3186/3186/3186 3188/3188/3188
f 3189/3189/3189 3188/3188/3188 3190/3190/3190
f 3190/3190/3190 3188/3188/3188 3191/3191/3191
f 3190/3190/3190 3191/3191/3191 3192/3192/3192
f 3193/3193/3193 3190/3190/3190 3192/3192/3192
f 3196/3196/3196 3195/3195/3195 3194/3194/3194
f 3196/3196/3196 3194/3194/3194 3197/3197/3197
f 3200/3200/3200 3199/3199/3199 3198/3198/3198
f 3201/3201/3201 3200/3200/3200 3198/3198/3198
f 3204/3204/3204 3203/3203/3203 3202/3202/3202
f 3202/3202/3202 3203/3203/3203 3205/3205/3205
f 3208/3208/3208 3207/3207/3207 3206/3206/3206
f 3208/3208/3208 3209/3209/3209 3207/3207/3207
f 3212/3212/3212 3211/3211/3211 3210/3210/3210
f 3212/3212/3212 3210/3210/3210 3213/3213/3213
f 3216/3216/3216 3215/3215/3215 3214/3214/3214
f 3214/3214/3214 3215/3215/3215 3217/3217/3217
f 3220/3220/3220 3219/3219/3219 3218/3218/3218
f 3221/3221/3221 3220/3220/3220 3218/3218/3218
f 3224/3224/3224 3223/3223/3223 3222/3222/3222
f 3223/3223/3223 3224/3224/3224 3225/3225/3225
f 3225/3225/3225 3226/3226/3226 3223/3223/3223
f 3229/3229/3229 3228/3228/3228 3227/3227/3227
f 3228/3228/3228 3230/3230/3230 3227/3227/3227
f 3228/3228/3228 3231/3231/3231 3230/3230/3230
f 3232/3232/3232 3230/3230/3230 3231/3231/3231
f 3231/3231/3231 3233/3233/3233 3232/3232/3232
f 3232/3232/3232 3233/3233/3233 3234/3234/3234
f 3237/3237/3237 3236/3236/3236 3235/3235/3235
f 3238/3238/3238 3237/3237/3237 3235/3235/3235
f 3241/3241/3241 3240/3240/3240 3239/3239/3239
f 3239/3239/3239 3242/3242/3242 3241/3241/3241
f 3242/3242/3242 3239/3239/3239 3243/3243/3243
f 3246/3246/3246 3245/3245/3245 3244/3244/3244
f 3247/3247/3247 3245/3245/3245 3246/3246/3246
f 3250/3250/3250 3249/3249/3249 3248/3248/3248
f 3250/3250/3250 3251/3251/3251 3249/3249/3249
f 3254/3254/3254 3253/3253/3253 3252/3252/3252
f 3252/3252/3252 3255/3255/3255 3254/3254/3254
f 3256/3256/3256 3255/3255/3255 3252/3252/3252
f 3257/3257/3257 3254/3254/3254 3255/3255/3255
f 3258/3258/3258 3257/3257/3257 3255/3255/3255
f 3258/3258/3258 3259/3259/3259 3257/3257/3257
f 3258/3258/3258 3260/3260/3260 3259/3259/3259
f 3263/3263/3263 3262/3262/3262 3261/3261/3261
f 3264/3264/3264 3263/3263/3263 3261/3261/3261
f 3265/3265/3265 3263/3263/3263 3264/3264/3264
f 3266/3266/3266 3263/3263/3263 3265/3265/3265
f 3266/3266/3266 3267/3267/3267 3263/3263/3263
f 3268/3268/3268 3266/3266/3266 3265/3265/3265
f 3268/3268/3268 3269/3269/3269 3266/3266/3266
f 3270/3270/3270 3269/3269/3269 3268/3268/3268
f 3270/3270/3270 3268/3268/3268 3271/3271/3271
f 3270/3270/3270 3271/3271/3271 3272/3272/3272
f 3273/3273/3273 3270/3270/3270 3272/3272/3272
f 3274/3274/3274 3270/3270/3270 3273/3273/3273
f 3277/3277/3277 3276/3276/3276 3275/3275/3275
f 3277/3277/3277 3278/3278/3278 3276/3276/3276
f 3278/3278/3278 3279/3279/3279 3276/3276/3276
f 3278/3278/3278 3280/3280/3280 3279/3279/3279
f 3283/3283/3283 3282/3282/3282 3281/3281/3281
f 3283/3283/3283 3281/3281/3281 3284/3284/3284
f 3283/3283/3283 3284/3284/3284 3285/3285/3285
f 3283/3283/3283 3285/3285/3285 3286/3286/3286
f 3287/3287/3287 3286/3286/3286 3285/3285/3285
f 3287/3287/3287 3288/3288/3288 3286/3286/3286
f 3288/3288/3288 3289/3289/3289 3286/3286/3286
f 3290/3290/3290 3289/3289/3289 3288/3288/3288
f 3289/3289/3289 3290/3290/3290 3291/3291/3291
f 3290/3290/3290 3292/3292/3292 3291/3291/3291
f 3292/3292/3292 3293/3293/3293 3291/3291/3291
f 3293/3293/3293 3294/3294/3294 3291/3291/3291
f 3294/3294/3294 3293/3293/3293 3295/3295/3295
f 3293/3293/3293 3296/3296/3296 3295/3295/3295
f 3295/3295/3295 3296/3296/3296 3297/3297/3297
f 3295/3295/3295 3297/3297/3297 3298/3298/3298
f 3298/3298/3298 3297/3297/3297 3299/3299/3299
f 3297/3297/3297 3300/3300/3300 3299/3299/3299
f 3299/3299/3299 3300/3300/3300 3301/3301/3301
f 3301/3301/3301 3300/3300/3300 3302/3302/3302
f 3301/3301/3301 3302/3302/3302 3303/3303/3303
f 3303/3303/3303 3302/3302/3302 3304/3304/3304
f 3303/3303/3303 3304/3304/3304 3305/3305/3305
f 3305/3305/3305 3304/3304/3304 3306/3306/3306
f 3307/3307/3307 3305/3305/3305 3306/3306/3306
f 3308/3308/3308 3307/3307/3307 3306/3306/3306
f 3308/3308/3308 3309/3309/3309 3307/3307/3307
f 3310/3310/3310 3307/3307/3307 3309/3309/3309
f 3311/3311/3311 3310/3310/3310 3309/3309/3309
f 3311/3311/3311 3312/3312/3312 3310/3310/3310
f 3313/3313/3313 3310/3310/3310 3312/3312/3312
f 3312/3312/3312 3311/3311/3311 3314/3314/3314
f 3317/3317/3317 3316/3316/3316 3315/3315/3315
f 3316/3316/3316 3318/3318/3318 3315/3315/3315
f 3315/3315/3315 3318/3318/3318 3319/3319/3319
f 3315/3315/3315 3319/3319/3319 3320/3320/3320
f 3321/3321/3321 3319/3319/3319 3318/3318/3318
f 3324/3324/3324 3323/3323/3323 3322/3322/3322
f 3324/3324/3324 3322/3322/3322 3325/3325/3325
f 3328/3328/3328 3327/3327/3327 3326/3326/3326
f 3327/3327/3327 3329/3329/3329 3326/3326/3326
f 3329/3329/3329 3327/3327/3327 3330/3330/3330
f 3331/3331/3331 3330/3330/3330 3327/3327/3327
f 3330/3330/3330 3332/3332/3332 3329/3329/3329
f 3329/3329/3329 3332/3332/3332 3333/3333/3333
f 3334/3334/3334 3330/3330/3330 3331/3331/3331
f 3335/3335/3335 3334/3334/3334 3331/3331/3331
f 3335/3335/3335 3336/3336/3336 3334/3334/3334
f 3337/3337/3337 3336/3336/3336 3335/3335/3335
f 3338/3338/3338 3336/3336/3336 3337/3337/3337
f 3339/3339/3339 3337/3337/3337 3335/3335/3335
f 3337/3337/3337 3339/3339/3339 3340/3340/3340
f 3341/3341/3341 3337/3337/3337 3340/3340/3340
f 3344/3344/3344 3343/3343/3343 3342/3342/3342
f 3345/3345/3345 3343/3343/3343 3344/3344/3344
f 3348/3348/3348 3347/3347/3347 3346/3346/3346
f 3349/3349/3349 3348/3348/3348 3346/3346/3346
f 3350/3350/3350 3349/3349/3349 3346/3346/3346
f 3351/3351/3351 3349/3349/3349 3350/3350/3350
f 3352/3352/3352 3349/3349/3349 3351/3351/3351
f 3352/3352/3352 3353/3353/3353 3349/3349/3349
f 3353/3353/3353 3354/3354/3354 3349/3349/3349
f 3354/3354/3354 3355/3355/3355 3349/3349/3349
f 3356/3356/3356 3354/3354/3354 3353/3353/3353
f 3356/3356/3356 3357/3357/3357 3354/3354/3354
f 3358/3358/3358 3357/3357/3357 3356/3356/3356
f 3359/3359/3359 3354/3354/3354 3357/3357/3357
f 3360/3360/3360 3359/3359/3359 3357/3357/3357
f 3363/3363/3363 3362/3362/3362 3361/3361/3361
f 3363/3363/3363 3364/3364/3364 3362/3362/3362
f 3363/3363/3363 3365/3365/3365 3364/3364/3364
f 3363/3363/3363 3366/3366/3366 3365/3365/3365
f 3369/3369/3369 3368/3368/3368 3367/3367/3367
f 3368/3368/3368 3370/3370/3370 3367/3367/3367
f 3367/3367/3367 3370/3370/3370 3371/3371/3371
f 3372/3372/3372 3371/3371/3371 3370/3370/3370
f 3375/3375/3375 3374/3374/3374 3373/3373/3373
f 3375/3375/3375 3373/3373/3373 3376/3376/3376
f 3377/3377/3377 3375/3375/3375 3376/3376/3376
f 3376/3376/3376 3373/3373/3373 3378/3378/3378
f 3378/3378/3378 3379/3379/3379 3376/3376/3376
f 3380/3380/3380 3379/3379/3379 3378/3378/3378
f 3380/3380/3380 3381/3381/3381 3379/3379/3379
f 3384/3384/3384 3383/3383/3383 3382/3382/3382
f 3385/3385/3385 3384/3384/3384 3382/3382/3382
f 3386/3386/3386 3385/3385/3385 3382/3382/3382
f 3386/3386/3386 3382/3382/3382 3387/3387/3387
f 3388/3388/3388 3386/3386/3386 3387/3387/3387
f 3382/3382/3382 3389/3389/3389 3387/3387/3387
f 3382/3382/3382 3390/3390/3390 3389/3389/3389
f 3388/3388/3388 3387/3387/3387 3391/3391/3391
f 3387/3387/3387 3392/3392/3392 3391/3391/3391
f 3388/3388/3388 3391/3391/3391 3393/3393/3393
f 3394/3394/3394 3393/3393/3393 3391/3391/3391
f 3395/3395/3395 3394/3394/3394 3391/3391/3391
f 3395/3395/3395 3391/3391/3391 3396/3396/3396
f 3399/3399/3399 3398/3398/3398 3397/3397/3397
f 3398/3398/3398 3399/3399/3399 3400/3400/3400
f 3403/3403/3403 3402/3402/3402 3401/3401/3401
f 3404/3404/3404 3403/3403/3403 3401/3401/3401
f 3405/3405/3405 3403/3403/3403 3404/3404/3404
f 3406/3406/3406 3405/3405/3405 3404/3404/3404
f 3409/3409/3409 3408/3408/3408 3407/3407/3407
f 3407/3407/3407 3408/3408/3408 3410/3410/3410
f 3413/3413/3413 3412/3412/3412 3411/3411/3411
f 3413/3413/3413 3411/3411/3411 3414/3414/3414
f 3413/3413/3413 3414/3414/3414 3415/3415/3415
f 3416/3416/3416 3415/3415/3415 3414/3414/3414
f 3417/3417/3417 3415/3415/3415 3416/3416/3416
f 3417/3417/3417 3418/3418/3418 3415/3415/3415
f 3421/3421/3421 3420/3420/3420 3419/3419/3419
f 3420/3420/3420 3422/3422/3422 3419/3419/3419
f 3419/3419/3419 3422/3422/3422 3423/3423/3423
f 3422/3422/3422 3424/3424/3424 3423/3423/3423
f 3427/3427/3427 3426/3426/3426 3425/3425/3425
f 3427/3427/3427 3428/3428/3428 3426/3426/3426
f 3428/3428/3428 3429/3429/3429 3426/3426/3426
f 3430/3430/3430 3429/3429/3429 3428/3428/3428
f 3433/3433/3433 3432/3432/3432 3431/3431/3431
f 3432/3432/3432 3434/3434/3434 3431/3431/3431
f 3431/3431/3431 3434/3434/3434 3435/3435/3435
f 3434/3434/3434 3436/3436/3436 3435/3435/3435
f 3439/3439/3439 3438/3438/3438 3437/3437/3437
f 3437/3437/3437 3438/3438/3438 3440/3440/3440
f 3437/3437/3437 3440/3440/3440 3441/3441/3441
f 3441/3441/3441 3440/3440/3440 3442/3442/3442
f 3442/3442/3442 3443/3443/3443 3441/3441/3441
f 3441/3441/3441 3443/3443/3443 3444/3444/3444
f 3443/3443/3443 3445/3445/3445 3444/3444/3444
f 3444/3444/3444 3445/3445/3445 3446/3446/3446
f 3446/3446/3446 3445/3445/3445 3447/3447/3447
f 3446/3446/3446 3447/3447/3447 3448/3448/3448
f 3448/3448/3448 3447/3447/3447 3449/3449/3449
f 3448/3448/3448 3449/3449/3449 3450/3450/3450
f 3450/3450/3450 3449/3449/3449 3451/3451/3451
f 3450/3450/3450 3451/3451/3451 3452/3452/3452
f 3450/3450/3450 3452/3452/3452 3453/3453/3453
f 3453/3453/3453 3452/3452/3452 3454/3454/3454
f 3454/3454/3454 3452/3452/3452 3455/3455/3455
f 3454/3454/3454 3455/3455/3455 3456/3456/3456
f 3455/3455/3455 3457/3457/3457 3456/3456/3456
f 3458/3458/3458 3456/3456/3456 3457/3457/3457
f 3457/3457/3457 3459/3459/3459 3458/3458/3458
f 3458/3458/3458 3459/3459/3459 3460/3460/3460
f 3459/3459/3459 3461/3461/3461 3460/3460/3460
f 3464/3464/3464 3463/3463/3463 3462/3462/3462
f 3465/3465/3465 3463/3463/3463 3464/3464/3464
f 3465/3465/3465 3466/3466/3466 3463/3463/3463
f 3467/3467/3467 3463/3463/3463 3466/3466/3466
f 3470/3470/3470 3469/3469/3469 3468/3468/3468
f 3470/3470/3470 3468/3468/3468 3471/3471/3471
f 3472/3472/3472 3471/3471/3471 3468/3468/3468
f 3471/3471/3471 3472/3472/3472 3473/3473/3473
f 3471/3471/3471 3473/3473/3473 3474/3474/3474
f 3474/3474/3474 3473/3473/3473 3475/3475/3475
f 3478/3478/3478 3477/3477/3477 3476/3476/3476
f 3478/3478/3478 3479/3479/3479 3477/3477/3477
f 3478/3478/3478 3480/3480/3480 3479/3479/3479
f 3479/3479/3479 3480/3480/3480 3481/3481/3481
f 3484/3484/3484 3483/3483/3483 3482/3482/3482
f 3485/3485/3485 3483/3483/3483 3484/3484/3484
f 3484/3484/3484 3486/3486/3486 3485/3485/3485
f 3486/3486/3486 3487/3487/3487 3485/3485/3485
f 3490/3490/3490 3489/3489/3489 3488/3488/3488
f 3491/3491/3491 3489/3489/3489 3490/3490/3490
f 3494/3494/3494 3493/3493/3493 3492/3492/3492
f 3494/3494/3494 3492/3492/3492 3495/3495/3495
f 3498/3498/3498 3497/3497/3497 3496/3496/3496
f 3496/3496/3496 3497/3497/3497 3499/3499/3499
f 3500/3500/3500 3496/3496/3496 3499/3499/3499
f 3501/3501/3501 3496/3496/3496 3500/3500/3500
f 3504/3504/3504 3503/3503/3503 3502/3502/3502
f 3504/3504/3504 3502/3502/3502 3505/3505/3505
f 3505/3505/3505 3502/3502/3502 3506/3506/3506
f 3502/3502/3502 3507/3507/3507 3506/3506/3506
f 3507/3507/3507 3508/3508/3508 3506/3506/3506
f 3511/3511/3511 3510/3510/3510 3509/3509/3509
f 3511/3511/3511 3512/3512/3512 3510/3510/3510
f 3512/3512/3512 3513/3513/3513 3510/3510/3510
f 3510/3510/3510 3513/3513/3513 3514/3514/3514
f 3513/3513/3513 3515/3515/3515 3514/3514/3514
f 3518/3518/3518 3517/3517/3517 3516/3516/3516
f 3519/3519/3519 3517/3517/3517 3518/3518/3518
f 3520/3520/3520 3519/3519/3519 3518/3518/3518
f 3518/3518/3518 3521/3521/3521 3520/3520/3520
f 3521/3521/3521 3522/3522/3522 3520/3520/3520
f 3525/3525/3525 3524/3524/3524 3523/3523/3523
f 3524/3524/3524 3526/3526/3526 3523/3523/3523
f 3529/3529/3529 3528/3528/3528 3527/3527/3527
f 3530/3530/3530 3528/3528/3528 3529/3529/3529
f 3530/3530/3530 3531/3531/3531 3528/3528/3528
f 3528/3528/3528 3531/3531/3531 3532/3532/3532
f 3531/3531/3531 3533/3533/3533 3532/3532/3532
f 3536/3536/3536 3535/3535/3535 3534/3534/3534
f 3536/3536/3536 3534/3534/3534 3537/3537/3537
f 3537/3537/3537 3534/3534/3534 3538/3538/3538
f 3539/3539/3539 3538/3538/3538 3534/3534/3534
f 3542/3542/3542 3541/3541/3541 3540/3540/3540
f 3542/3542/3542 3540/3540/3540 3543/3543/3543
f 3540/3540/3540 3544/3544/3544 3543/3543/3543
f 3544/3544/3544 3545/3545/3545 3543/3543/3543
f 3548/3548/3548 3547/3547/3547 3546/3546/3546
f 3547/3547/3547 3549/3549/3549 3546/3546/3546
f 3549/3549/3549 3550/3550/3550 3546/3546/3546
f 3550/3550/3550 3549/3549/3549 3551/3551/3551
f 3554/3554/3554 3553/3553/3553 3552/3552/3552
f 3555/3555/3555 3552/3552/3552 3553/3553/3553
f 3558/3558/3558 3557/3557/3557 3556/3556/3556
f 3557/3557/3557 3559/3559/3559 3556/3556/3556
f 3560/3560/3560 3556/3556/3556 3559/3559/3559
f 3560/3560/3560 3559/3559/3559 3561/3561/3561
f 3562/3562/3562 3556/3556/3556 3560/3560/3560
f 3565/3565/3565 3564/3564/3564 3563/3563/3563
f 3563/3563/3563 3564/3564/3564 3566/3566/3566
f 3564/3564/3564 3567/3567/3567 3566/3566/3566
f 3568/3568/3568 3566/3566/3566 3567/3567/3567
f 3564/3564/3564 3569/3569/3569 3567/3567/3567
f 3570/3570/3570 3569/3569/3569 3564/3564/3564
f 3573/3573/3573 3572/3572/3572 3571/3571/3571
f 3573/3573/3573 3571/3571/3571 3574/3574/3574
f 3574/3574/3574 3571/3571/3571 3575/3575/3575
f 3575/3575/3575 3571/3571/3571 3576/3576/3576
f 3579/3579/3579 3578/3578/3578 3577/3577/3577
f 3578/3578/3578 3579/3579/3579 3580/3580/3580
f 3583/3583/3583 3582/3582/3582 3581/3581/3581
f 3583/3583/3583 3584/3584/3584 3582/3582/3582
f 3582/3582/3582 3584/3584/3584 3585/3585/3585
f 3584/3584/3584 3586/3586/3586 3585/3585/3585
f 3589/3589/3589 3588/3588/3588 3587/3587/3587
f 3588/3588/3588 3590/3590/3590 3587/3587/3587
f 3590/3590/3590 3591/3591/3591 3587/3587/3587
f 3587/3587/3587 3591/3591/3591 3592/3592/3592
f 3595/3595/3595 3594/3594/3594 3593/3593/3593
f 3596/3596/3596 3593/3593/3593 3594/3594/3594
f 3599/3599/3599 3598/3598/3598 3597/3597/3597
f 3599/3599/3599 3597/3597/3597 3600/3600/3600
f 3600/3600/3600 3597/3597/3597 3601/3601/3601
f 3600/3600/3600 3601/3601/3601 3602/3602/3602
f 3602/3602/3602 3601/3601/3601 3603/3603/3603
f 3604/3604/3604 3602/3602/3602 3603/3603/3603
f 3603/3603/3603 3605/3605/3605 3604/3604/3604
f 3604/3604/3604 3605/3605/3605 3606/3606/3606
f 3606/3606/3606 3605/3605/3605 3607/3607/3607
f 3608/3608/3608 3606/3606/3606 3607/3607/3607
f 3609/3609/3609 3608/3608/3608 3607/3607/3607
f 3609/3609/3609 3610/3610/3610 3608/3608/3608
f 3608/3608/3608 3610/3610/3610 3611/3611/3611
f 3608/3608/3608 3611/3611/3611 3612/3612/3612
f 3611/3611/3611 3610/3610/3610 3613/3613/3613
f 3614/3614/3614 3611/3611/3611 3613/3613/3613
f 3615/3615/3615 3611/3611/3611 3614/3614/3614
f 3613/3613/3613 3616/3616/3616 3614/3614/3614
f 3613/3613/3613 3617/3617/3617 3616/3616/3616
f 3616/3616/3616 3617/3617/3617 3618/3618/3618
f 3619/3619/3619 3616/3616/3616 3618/3618/3618
f 3619/3619/3619 3618/3618/3618 3620/3620/3620
f 3620/3620/3620 3618/3618/3618 3621/3621/3621
f 3620/3620/3620 3621/3621/3621 3622/3622/3622
f 3622/3622/3622 3623/3623/3623 3620/3620/3620
f 3622/3622/3622 3624/3624/3624 3623/3623/3623
f 3623/3623/3623 3624/3624/3624 3625/3625/3625
f 3624/3624/3624 3626/3626/3626 3625/3625/3625
f 3625/3625/3625 3626/3626/3626 3627/3627/3627
f 3625/3625/3625 3627/3627/3627 3628/3628/3628
f 3628/3628/3628 3627/3627/3627 3629/3629/3629
f 3629/3629/3629 3627/3627/3627 3630/3630/3630
f 3631/3631/3631 3630/3630/3630 3627/3627/3627
f 3631/3631/3631 3632/3632/3632 3630/3630/3630
f 3632/3632/3632 3633/3633/3633 3630/3630/3630
f 3633/3633/3633 3634/3634/3634 3630/3630/3630
f 3633/3633/3633 3635/3635/3635 3634/3634/3634
f 3635/3635/3635 3636/3636/3636 3634/3634/3634
f 3637/3637/3637 3636/3636/3636 3635/3635/3635
f 3636/3636/3636 3637/3637/3637 3638/3638/3638
f 3637/3637/3637 3639/3639/3639 3638/3638/3638
f 3639/3639/3639 3640/3640/3640 3638/3638/3638
f 3640/3640/3640 3639/3639/3639 3641/3641/3641
f 3644/3644/3644 3643/3643/3643 3642/3642/3642
f 3645/3645/3645 3642/3642/3642 3643/3643/3643
f 3642/3642/3642 3645/3645/3645 3646/3646/3646
f 3645/3645/3645 3647/3647/3647 3646/3646/3646
f 3647/3647/3647 3648/3648/3648 3646/3646/3646
f 3648/3648/3648 3647/3647/3647 3649/3649/3649
f 3648/3648/3648 3649/3649/3649 3650/3650/3650
f 3651/3651/3651 3648/3648/3648 3650/3650/3650
f 3651/3651/3651 3650/3650/3650 3652/3652/3652
f 3653/3653/3653 3651/3651/3651 3652/3652/3652
f 3653/3653/3653 3652/3652/3652 3654/3654/3654
f 3651/3651/3651 3653/3653/3653 3655/3655/3655
f 3654/3654/3654 3655/3655/3655 3653/3653/3653
f 3658/3658/3658 3657/3657/3657 3656/3656/3656
f 3657/3657/3657 3658/3658/3658 3659/3659/3659
f 3659/3659/3659 3658/3658/3658 3660/3660/3660
f 3658/3658/3658 3661/3661/3661 3660/3660/3660
f 3664/3664/3664 3663/3663/3663 3662/3662/3662
f 3664/3664/3664 3665/3665/3665 3663/3663/3663
f 3663/3663/3663 3665/3665/3665 3666/3666/3666
f 3665/3665/3665 3667/3667/3667 3666/3666/3666
f 3666/3666/3666 3667/3667/3667 3668/3668/3668
f 3671/3671/3671 3670/3670/3670 3669/3669/3669
f 3672/3672/3672 3671/3671/3671 3669/3669/3669
f 3675/3675/3675 3674/3674/3674 3673/3673/3673
f 3674/3674/3674 3676/3676/3676 3673/3673/3673
f 3679/3679/3679 3678/3678/3678 3677/3677/3677
f 3679/3679/3679 3677/3677/3677 3680/3680/3680
f 3681/3681/3681 3679/3679/3679 3680/3680/3680
f 3680/3680/3680 3677/3677/3677 3682/3682/3682
f 3677/3677/3677 3683/3683/3683 3682/3682/3682
f 3684/3684/3684 3681/3681/3681 3680/3680/3680
f 3685/3685/3685 3681/3681/3681 3684/3684/3684
f 3686/3686/3686 3685/3685/3685 3684/3684/3684
f 3687/3687/3687 3685/3685/3685 3686/3686/3686
f 3688/3688/3688 3687/3687/3687 3686/3686/3686
f 3689/3689/3689 3688/3688/3688 3686/3686/3686
f 3689/3689/3689 3686/3686/3686 3690/3690/3690
f 3691/3691/3691 3689/3689/3689 3690/3690/3690
f 3690/3690/3690 3686/3686/3686 3692/3692/3692
f 3695/3695/3695 3694/3694/3694 3693/3693/3693
f 3693/3693/3693 3694/3694/3694 3696/3696/3696
f 3696/3696/3696 3697/3697/3697 3693/3693/3693
f 3696/3696/3696 3698/3698/3698 3697/3697/3697
f 3701/3701/3701 3700/3700/3700 3699/3699/3699
f 3700/3700/3700 3702/3702/3702 3699/3699/3699
f 3703/3703/3703 3699/3699/3699 3702/3702/3702
f 3706/3706/3706 3705/3705/3705 3704/3704/3704
f 3704/3704/3704 3705/3705/3705 3707/3707/3707
f 3710/3710/3710 3709/3709/3709 3708/3708/3708
f 3710/3710/3710 3711/3711/3711 3709/3709/3709
f 3714/3714/3714 3713/3713/3713 3712/3712/3712
f 3714/3714/3714 3712/3712/3712 3715/3715/3715
f 3718/3718/3718 3717/3717/3717 3716/3716/3716
f 3716/3716/3716 3717/3717/3717 3719/3719/3719
f 3719/3719/3719 3717/3717/3717 3720/3720/3720
f 3720/3720/3720 3721/3721/3721 3719/3719/3719
f 3724/3724/3724 3723/3723/3723 3722/3722/3722
f 3724/3724/3724 3725/3725/3725 3723/3723/3723
f 3726/3726/3726 3725/3725/3725 3724/3724/3724
f 3727/3727/3727 3725/3725/3725 3726/3726/3726
f 3728/3728/3728 3727/3727/3727 3726/3726/3726
f 3727/3727/3727 3728/3728/3728 3729/3729/3729
f 3730/3730/3730 3727/3727/3727 3729/3729/3729
f 3730/3730/3730 3731/3731/3731 3727/3727/3727
f 3731/3731/3731 3732/3732/3732 3727/3727/3727
f 3731/3731/3731 3733/3733/3733 3732/3732/3732
f 3734/3734/3734 3733/3733/3733 3731/3731/3731
f 3734/3734/3734 3735/3735/3735 3733/3733/3733
f 3736/3736/3736 3735/3735/3735 3734/3734/3734
f 3737/3737/3737 3735/3735/3735 3736/3736/3736
f 3738/3738/3738 3735/3735/3735 3737/3737/3737
f 3739/3739/3739 3738/3738/3738 3737/3737/3737
f 3739/3739/3739 3740/3740/3740 3738/3738/3738
f 3740/3740/3740 3741/3741/3741 3738/3738/3738
f 3742/3742/3742 3741/3741/3741 3740/3740/3740
f 3742/3742/3742 3743/3743/3743 3741/3741/3741
f 3746/3746/3746 3745/3745/3745 3744/3744/3744
f 3747/3747/3747 3744/3744/3744 3745/3745/3745
f 3750/3750/3750 3749/3749/3749 3748/3748/3748
f 3750/3750/3750 3751/3751/3751 3749/3749/3749
f 3754/3754/3754 3753/3753/3753 3752/3752/3752
f 3752/3752/3752 3753/3753/3753 3755/3755/3755
f 3758/3758/3758 3757/3757/3757 3756/3756/3756
f 3759/3759/3759 3758/3758/3758 3756/3756/3756
f 3762/3762/3762 3761/3761/3761 3760/3760/3760
f 3761/3761/3761 3762/3762/3762 3763/3763/3763
f 3766/3766/3766 3765/3765/3765 3764/3764/3764
f 3767/3767/3767 3765/3765/3765 3766/3766/3766
f 3770/3770/3770 3769/3769/3769 3768/3768/3768
f 3769/3769/3769 3771/3771/3771 3768/3768/3768
f 3774/3774/3774 3773/3773/3773 3772/3772/3772
f 3774/3774/3774 3775/3775/3775 3773/3773/3773
f 3778/3778/3778 3777/3777/3777 3776/3776/3776
f 3779/3779/3779 3777/3777/3777 3778/3778/3778
f 3780/3780/3780 3777/3777/3777 3779/3779/3779
f 3780/3780/3780 3781/3781/3781 3777/3777/3777
f 3784/3784/3784 3783/3783/3783 3782/3782/3782
f 3783/3783/3783 3785/3785/3785 3782/3782/3782
f 3785/3785/3785 3786/3786/3786 3782/3782/3782
f 3789/3789/3789 3788/3788/3788 3787/3787/3787
f 3787/3787/3787 3788/3788/3788 3790/3790/3790
f 3793/3793/3793 3792/3792/3792 3791/3791/3791
f 3794/3794/3794 3793/3793/3793 3791/3791/3791
f 3797/3797/3797 3796/3796/3796 3795/3795/3795
f 3795/3795/3795 3796/3796/3796 3798/3798/3798
f 3796/3796/3796 3799/3799/3799 3798/3798/3798
f 3802/3802/3802 3801/3801/3801 3800/3800/3800
f 3803/3803/3803 3800/3800/3800 3801/3801/3801
f 3804/3804/3804 3803/3803/3803 3801/3801/3801
f 3804/3804/3804 3801/3801/3801 3805/3805/3805
f 3805/3805/3805 3806/3806/3806 3804/3804/3804
f 3809/3809/3809 3808/3808/3808 3807/3807/3807
f 3810/3810/3810 3808/3808/3808 3809/3809/3809
f 3811/3811/3811 3808/3808/3808 3810/3810/3810
f 3811/3811/3811 3812/3812/3812 3808/3808/3808
f 3815/3815/3815 3814/3814/3814 3813/3813/3813
f 3816/3816/3816 3813/3813/3813 3814/3814/3814
f 3819/3819/3819 3818/3818/3818 3817/3817/3817
f 3817/3817/3817 3818/3818/3818 3820/3820/3820
f 3818/3818/3818 3821/3821/3821 3820/3820/3820
f 3820/3820/3820 3821/3821/3821 3822/3822/3822
f 3825/3825/3825 3824/3824/3824 3823/3823/3823
f 3824/3824/3824 3825/3825/3825 3826/3826/3826
f 3825/3825/3825 3827/3827/3827 3826/3826/3826
f 3826/3826/3826 3827/3827/3827 3828/3828/3828
f 3831/3831/3831 3830/3830/3830 3829/3829/3829
f 3831/3831/3831 3832/3832/3832 3830/3830/3830
f 3835/3835/3835 3834/3834/3834 3833/3833/3833
f 3833/3833/3833 3834/3834/3834 3836/3836/3836
f 3839/3839/3839 3838/3838/3838 3837/3837/3837
f 3839/3839/3839 3840/3840/3840 3838/3838/3838
f 3843/3843/3843 3842/3842/3842 3841/3841/3841
f 3842/3842/3842 3844/3844/3844 3841/3841/3841
f 3844/3844/3844 3845/3845/3845 3841/3841/3841
f 3846/3846/3846 3845/3845/3845 3844/3844/3844
f 3846/3846/3846 3847/3847/3847 3845/3845/3845
f 3848/3848/3848 3847/3847/3847 3846/3846/3846
f 3848/3848/3848 3849/3849/3849 3847/3847/3847
f 3848/3848/3848 3850/3850/3850 3849/3849/3849
f 3850/3850/3850 3851/3851/3851 3849/3849/3849
f 3851/3851/3851 3852/3852/3852 3849/3849/3849
f 3852/3852/3852 3851/3851/3851 3853/3853/3853
f 3852/3852/3852 3853/3853/3853 3854/3854/3854
f 3853/3853/3853 3855/3855/3855 3854/3854/3854
f 3854/3854/3854 3855/3855/3855 3856/3856/3856
f 3857/3857/3857 3856/3856/3856 3855/3855/3855
f 3857/3857/3857 3858/3858/3858 3856/3856/3856
f 3858/3858/3858 3857/3857/3857 3859/3859/3859
f 3859/3859/3859 3860/3860/3860 3858/3858/3858
f 3860/3860/3860 3859/3859/3859 3861/3861/3861
f 3860/3860/3860 3861/3861/3861 3862/3862/3862
f 3862/3862/3862 3861/3861/3861 3863/3863/3863
f 3862/3862/3862 3863/3863/3863 3864/3864/3864
f 3863/3863/3863 3865/3865/3865 3864/3864/3864
f 3864/3864/3864 3865/3865/3865 3866/3866/3866
f 3866/3866/3866 3865/3865/3865 3867/3867/3867
f 3866/3866/3866 3867/3867/3867 3868/3868/3868
f 3868/3868/3868 3867/3867/3867 3869/3869/3869
f 3868/3868/3868 3869/3869/3869 3870/3870/3870
f 3870/3870/3870 3869/3869/3869 3871/3871/3871
f 3870/3870/3870 3871/3871/3871 3872/3872/3872
f 3872/3872/3872 3871/3871/3871 3873/3873/3873
f 3874/3874/3874 3872/3872/3872 3873/3873/3873
f 3873/3873/3873 3875/3875/3875 3874/3874/3874
f 3875/3875/3875 3876/3876/3876 3874/3874/3874
f 3876/3876/3876 3875/3875/3875 3877/3877/3877
f 3877/3877/3877 3878/3878/3878 3876/3876/3876
f 3878/3878/3878 3877/3877/3877 3879/3879/3879
f 3878/3878/3878 3879/3879/3879 3880/3880/3880
f 3879/3879/3879 3881/3881/3881 3880/3880/3880
f 3880/3880/3880 3881/3881/3881 3882/3882/3882
f 3881/3881/3881 3883/3883/3883 3882/3882/3882
f 3882/3882/3882 3883/3883/3883 3884/3884/3884
f 3883/3883/3883 3885/3885/3885 3884/3884/3884
f 3884/3884/3884 3885/3885/3885 3886/3886/3886
f 3886/3886/3886 3885/3885/3885 3887/3887/3887
f 3887/3887/3887 3888/3888/3888 3886/3886/3886
f 3887/3887/3887 3889/3889/3889 3888/3888/3888
f 3888/3888/3888 3889/3889/3889 3890/3890/3890
f 3890/3890/3890 3889/3889/3889 3891/3891/3891
f 3890/3890/3890 3891/3891/3891 3892/3892/3892
f 3891/3891/3891 3893/3893/3893 3892/3892/3892
f 3892/3892/3892 3893/3893/3893 3894/3894/3894
f 3895/3895/3895 3892/3892/3892 3894/3894/3894
f 3894/3894/3894 3896/3896/3896 3895/3895/3895
f 3895/3895/3895 3896/3896/3896 3897/3897/3897
f 3897/3897/3897 3896/3896/3896 3898/3898/3898
f 3897/3897/3897 3898/3898/3898 3899/3899/3899
f 3900/3900/3900 3899/3899/3899 3898/3898/3898
f 3901/3901/3901 3899/3899/3899 3900/3900/3900
f 3904/3904/3904 3903/3903/3903 3902/3902/3902
f 3903/3903/3903 3904/3904/3904 3905/3905/3905
f 3908/3908/3908 3907/3907/3907 3906/3906/3906
f 3908/3908/3908 3909/3909/3909 3907/3907/3907
f 3912/3912/3912 3911/3911/3911 3910/3910/3910
f 3913/3913/3913 3911/3911/3911 3912/3912/3912
f 3916/3916/3916 3915/3915/3915 3914/3914/3914
f 3916/3916/3916 3917/3917/3917 3915/3915/3915
f 3918/3918/3918 3917/3917/3917 3916/3916/3916
f 3917/3917/3917 3919/3919/3919 3915/3915/3915
f 3919/3919/3919 3917/3917/3917 3920/3920/3920
f 3917/3917/3917 3921/3921/3921 3920/3920/3920
f 3924/3924/3924 3923/3923/3923 3922/3922/3922
f 3924/3924/3924 3922/3922/3922 3925/3925/3925
f 3926/3926/3926 3924/3924/3924 3925/3925/3925
f 3926/3926/3926 3927/3927/3927 3924/3924/3924
f 3928/3928/3928 3924/3924/3924 3927/3927/3927
f 3931/3931/3931 3930/3930/3930 3929/3929/3929
f 3932/3932/3932 3931/3931/3931 3929/3929/3929
f 3929/3929/3929 3933/3933/3933 3932/3932/3932
f 3934/3934/3934 3932/3932/3932 3933/3933/3933
f 3934/3934/3934 3933/3933/3933 3935/3935/3935
f 3936/3936/3936 3931/3931/3931 3932/3932/3932
f 3936/3936/3936 3937/3937/3937 3931/3931/3931
f 3938/3938/3938 3937/3937/3937 3936/3936/3936
f 3938/3938/3938 3939/3939/3939 3937/3937/3937
f 3939/3939/3939 3940/3940/3940 3937/3937/3937
f 3941/3941/3941 3940/3940/3940 3939/3939/3939
f 3942/3942/3942 3940/3940/3940 3941/3941/3941
f 3942/3942/3942 3943/3943/3943 3940/3940/3940
f 3942/3942/3942 3944/3944/3944 3943/3943/3943
f 3944/3944/3944 3945/3945/3945 3943/3943/3943
f 3946/3946/3946 3945/3945/3945 3944/3944/3944
f 3947/3947/3947 3945/3945/3945 3946/3946/3946
f 3947/3947/3947 3948/3948/3948 3945/3945/3945
f 3949/3949/3949 3948/3948/3948 3947/3947/3947
f 3949/3949/3949 3950/3950/3950 3948/3948/3948
f 3951/3951/3951 3950/3950/3950 3949/3949/3949
f 3951/3951/3951 3952/3952/3952 3950/3950/3950
f 3950/3950/3950 3953/3953/3953 3948/3948/3948
f 3953/3953/3953 3954/3954/3954 3948/3948/3948
f 3957/3957/3957 3956/3956/3956 3955/3955/3955
f 3957/3957/3957 3958/3958/3958 3956/3956/3956
f 3961/3961/3961 3960/3960/3960 3959/3959/3959
f 3962/3962/3962 3960/3960/3960 3961/3961/3961
f 3962/3962/3962 3963/3963/3963 3960/3960/3960
f 3960/3960/3960 3963/3963/3963 3964/3964/3964
f 3967/3967/3967 3966/3966/3966 3965/3965/3965
f 3968/3968/3968 3966/3966/3966 3967/3967/3967
f 3968/3968/3968 3969/3969/3969 3966/3966/3966
f 3969/3969/3969 3968/3968/3968 3970/3970/3970
f 3973/3973/3973 3972/3972/3972 3971/3971/3971
f 3971/3971/3971 3972/3972/3972 3974/3974/3974
f 3972/3972/3972 3975/3975/3975 3974/3974/3974
f 3972/3972/3972 3976/3976/3976 3975/3975/3975
f 3979/3979/3979 3978/3978/3978 3977/3977/3977
f 3980/3980/3980 3977/3977/3977 3978/3978/3978
f 3983/3983/3983 3982/3982/3982 3981/3981/3981
f 3982/3982/3982 3984/3984/3984 3981/3981/3981
f 3982/3982/3982 3985/3985/3985 3984/3984/3984
f 3988/3988/3988 3987/3987/3987 3986/3986/3986
f 3988/3988/3988 3989/3989/3989 3987/3987/3987
f 3992/3992/3992 3991/3991/3991 3990/3990/3990
f 3993/3993/3993 3991/3991/3991 3992/3992/3992
f 3996/3996/3996 3995/3995/3995 3994/3994/3994
f 3997/3997/3997 3996/3996/3996 3994/3994/3994
f 4000/4000/4000 3999/3999/3999 3998/3998/3998
f 3999/3999/3999 4000/4000/4000 4001/4001/4001
f 4004/4004/4004 4003/4003/4003 4002/4002/4002
f 4002/4002/4002 4005/4005/4005 4004/4004/4004
f 4005/4005/4005 4006/4006/4006 4004/4004/4004
f 4006/4006/4006 4007/4007/4007 4004/4004/4004
f 4010/4010/4010 4009/4009/4009 4008/4008/4008
f 4010/4010/4010 4011/4011/4011 4009/4009/4009
f 4011/4011/4011 4012/4012/4012 4009/4009/4009
f 4009/4009/4009 4012/4012/4012 4013/4013/4013
f 4011/4011/4011 4014/4014/4014 4012/4012/4012
f 4017/4017/4017 4016/4016/4016 4015/4015/4015
f 4017/4017/4017 4015/4015/4015 4018/4018/4018
f 4018/4018/4018 4015/4015/4015 4019/4019/4019
f 4022/4022/4022 4021/4021/4021 4020/4020/4020
f 4022/4022/4022 4020/4020/4020 4023/4023/4023
f 4023/4023/4023 4020/4020/4020 4024/4024/4024
f 4025/4025/4025 4023/4023/4023 4024/4024/4024
f 4020/4020/4020 4026/4026/4026 4024/4024/4024
f 4020/4020/4020 4027/4027/4027 4026/4026/4026
f 4026/4026/4026 4027/4027/4027 4028/4028/4028
f 4026/4026/4026 4028/4028/4028 4029/4029/4029
f 4029/4029/4029 4028/4028/4028 4030/4030/4030
f 4030/4030/4030 4031/4031/4031 4029/4029/4029
f 4025/4025/4025 4024/4024/4024 4032/4032/4032
f 4033/4033/4033 4025/4025/4025 4032/4032/4032
f 4033/4033/4033 4032/4032/4032 4034/4034/4034
f 4034/4034/4034 4032/4032/4032 4035/4035/4035
f 4034/4034/4034 4035/4035/4035 4036/4036/4036
f 4035/4035/4035 4037/4037/4037 4036/4036/4036
f 4037/4037/4037 4035/4035/4035 4038/4038/4038
f 4039/4039/4039 4037/4037/4037 4038/4038/4038
f 4039/4039/4039 4038/4038/4038 4040/4040/4040
f 4041/4041/4041 4039/4039/4039 4040/4040/4040
f 4041/4041/4041 4040/4040/4040 4042/4042/4042
f 4042/4042/4042 4040/4040/4040 4043/4043/4043
f 4044/4044/4044 4042/4042/4042 4043/4043/4043
f 4044/4044/4044 4043/4043/4043 4045/4045/4045
f 4046/4046/4046 4044/4044/4044 4045/4045/4045
f 4043/4043/4043 4047/4047/4047 4045/4045/4045
f 4046/4046/4046 4045/4045/4045 4048/4048/4048
f 4046/4046/4046 4048/4048/4048 4049/4049/4049
f 4045/4045/4045 4047/4047/4047 4050/4050/4050
f 4050/4050/4050 4047/4047/4047 4051/4051/4051
f 4050/4050/4050 4051/4051/4051 4052/4052/4052
f 4052/4052/4052 4051/4051/4051 4053/4053/4053
f 4051/4051/4051 4054/4054/4054 4053/4053/4053
f 4057/4057/4057 4056/4056/4056 4055/4055/4055
f 4058/4058/4058 4055/4055/4055 4056/4056/4056
f 4059/4059/4059 4055/4055/4055 4058/4058/4058
f 4059/4059/4059 4060/4060/4060 4055/4055/4055
f 4055/4055/4055 4060/4060/4060 4061/4061/4061
f 4064/4064/4064 4063/4063/4063 4062/4062/4062
f 4065/4065/4065 4062/4062/4062 4063/4063/4063
f 4065/4065/4065 4066/4066/4066 4062/4062/4062
f 4065/4065/4065 4067/4067/4067 4066/4066/4066
f 4068/4068/4068 4066/4066/4066 4067/4067/4067
f 4068/4068/4068 4069/4069/4069 4066/4066/4066
f 4069/4069/4069 4068/4068/4068 4070/4070/4070
f 4068/4068/4068 4071/4071/4071 4070/4070/4070
f 4072/4072/4072 4070/4070/4070 4071/4071/4071
f 4072/4072/4072 4071/4071/4071 4073/4073/4073
f 4073/4073/4073 4074/4074/4074 4072/4072/4072
f 4073/4073/4073 4075/4075/4075 4074/4074/4074
f 4078/4078/4078 4077/4077/4077 4076/4076/4076
f 4078/4078/4078 4079/4079/4079 4077/4077/4077
f 4079/4079/4079 4080/4080/4080 4077/4077/4077
f 4080/4080/4080 4081/4081/4081 4077/4077/4077
f 4084/4084/4084 4083/4083/4083 4082/4082/4082
f 4085/4085/4085 4084/4084/4084 4082/4082/4082
f 4086/4086/4086 4084/4084/4084 4085/4085/4085
f 4087/4087/4087 4086/4086/4086 4085/4085/4085
f 4090/4090/4090 4089/4089/4089 4088/4088/4088
f 4091/4091/4091 4090/4090/4090 4088/4088/4088
f 4092/4092/4092 4090/4090/4090 4091/4091/4091
f 4092/4092/4092 4091/4091/4091 4093/4093/4093
f 4092/4092/4092 4093/4093/4093 4094/4094/4094
f 4094/4094/4094 4093/4093/4093 4095/4095/4095
f 4094/4094/4094 4095/4095/4095 4096/4096/4096
f 4096/4096/4096 4097/4097/4097 4094/4094/4094
f 4098/4098/4098 4097/4097/4097 4096/4096/4096
f 4096/4096/4096 4095/4095/4095 4099/4099/4099
f 4096/4096/4096 4099/4099/4099 4100/4100/4100
f 4096/4096/4096 4100/4100/4100 4101/4101/4101
f 4104/4104/4104 4103/4103/4103 4102/4102/4102
f 4105/4105/4105 4103/4103/4103 4104/4104/4104
f 4108/4108/4108 4107/4107/4107 4106/4106/4106
f 4107/4107/4107 4108/4108/4108 4109/4109/4109
f 4107/4107/4107 4109/4109/4109 4110/4110/4110
f 4111/4111/4111 4110/4110/4110 4109/4109/4109
f 4112/4112/4112 4110/4110/4110 4111/4111/4111
f 4115/4115/4115 4114/4114/4114 4113/4113/4113
f 4114/4114/4114 4116/4116/4116 4113/4113/4113
f 4114/4114/4114 4117/4117/4117 4116/4116/4116
f 4114/4114/4114 4118/4118/4118 4117/4117/4117
f 4121/4121/4121 4120/4120/4120 4119/4119/4119
f 4121/4121/4121 4122/4122/4122 4120/4120/4120
f 4125/4125/4125 4124/4124/4124 4123/4123/4123
f 4124/4124/4124 4126/4126/4126 4123/4123/4123
f 4129/4129/4129 4128/4128/4128 4127/4127/4127
f 4127/4127/4127 4128/4128/4128 4130/4130/4130
f 4130/4130/4130 4128/4128/4128 4131/4131/4131
f 4128/4128/4128 4132/4132/4132 4131/4131/4131
f 4135/4135/4135 4134/4134/4134 4133/4133/4133
f 4134/4134/4134 4136/4136/4136 4133/4133/4133
f 4134/4134/4134 4137/4137/4137 4136/4136/4136
f 4137/4137/4137 4138/4138/4138 4136/4136/4136
f 4141/4141/4141 4140/4140/4140 4139/4139/4139
f 4141/4141/4141 4142/4142/4142 4140/4140/4140
f 4142/4142/4142 4143/4143/4143 4140/4140/4140
f 4140/4140/4140 4143/4143/4143 4144/4144/4144
f 4147/4147/4147 4146/4146/4146 4145/4145/4145
f 4145/4145/4145 4148/4148/4148 4147/4147/4147
f 4148/4148/4148 4145/4145/4145 4149/4149/4149
f 4148/4148/4148 4149/4149/4149 4150/4150/4150
f 4153/4153/4153 4152/4152/4152 4151/4151/4151
f 4152/4152/4152 4154/4154/4154 4151/4151/4151
f 4155/4155/4155 4154/4154/4154 4152/4152/4152
f 4155/4155/4155 4156/4156/4156 4154/4154/4154
f 4159/4159/4159 4158/4158/4158 4157/4157/4157
f 4159/4159/4159 4160/4160/4160 4158/4158/4158
f 4160/4160/4160 4161/4161/4161 4158/4158/4158
f 4161/4161/4161 4162/4162/4162 4158/4158/4158
f 4165/4165/4165 4164/4164/4164 4163/4163/4163
f 4164/4164/4164 4165/4165/4165 4166/4166/4166
f 4166/4166/4166 4165/4165/4165 4167/4167/4167
f 4165/4165/4165 4168/4168/4168 4167/4167/4167
f 4169/4169/4169 4167/4167/4167 4168/4168/4168
f 4172/4172/4172 4171/4171/4171 4170/4170/4170
f 4171/4171/4171 4173/4173/4173 4170/4170/4170
f 4173/4173/4173 4174/4174/4174 4170/4170/4170
f 4173/4173/4173 4175/4175/4175 4174/4174/4174
f 4178/4178/4178 4177/4177/4177 4176/4176/4176
f 4179/4179/4179 4178/4178/4178 4176/4176/4176
f 4182/4182/4182 4181/4181/4181 4180/4180/4180
f 4180/4180/4180 4181/4181/4181 4183/4183/4183
f 4183/4183/4183 4181/4181/4181 4184/4184/4184
f 4185/4185/4185 4183/4183/4183 4184/4184/4184
f 4188/4188/4188 4187/4187/4187 4186/4186/4186
f 4186/4186/4186 4187/4187/4187 4189/4189/4189
f 4192/4192/4192 4191/4191/4191 4190/4190/4190
f 4192/4192/4192 4190/4190/4190 4193/4193/4193
f 4196/4196/4196 4195/4195/4195 4194/4194/4194
f 4194/4194/4194 4197/4197/4197 4196/4196/4196
f 4194/4194/4194 4198/4198/4198 4197/4197/4197
f 4198/4198/4198 4199/4199/4199 4197/4197/4197
f 4202/4202/4202 4201/4201/4201 4200/4200/4200
f 4200/4200/4200 4203/4203/4203 4202/4202/4202
f 4200/4200/4200 4204/4204/4204 4203/4203/4203
f 4205/4205/4205 4204/4204/4204 4200/4200/4200
f 4208/4208/4208 4207/4207/4207 4206/4206/4206
f 4207/4207/4207 4209/4209/4209 4206/4206/4206
f 4210/4210/4210 4209/4209/4209 4207/4207/4207
f 4211/4211/4211 4209/4209/4209 4210/4210/4210
f 4211/4211/4211 4210/4210/4210 4212/4212/4212
f 4209/4209/4209 4213/4213/4213 4206/4206/4206
f 4206/4206/4206 4213/4213/4213 4214/4214/4214
f 4215/4215/4215 4206/4206/4206 4214/4214/4214
f 4215/4215/4215 4214/4214/4214 4216/4216/4216
f 4214/4214/4214 4213/4213/4213 4217/4217/4217
f 4213/4213/4213 4218/4218/4218 4217/4217/4217
f 4216/4216/4216 4214/4214/4214 4219/4219/4219
f 4213/4213/4213 4220/4220/4220 4218/4218/4218
f 4221/4221/4221 4216/4216/4216 4219/4219/4219
f 4219/4219/4219 4222/4222/4222 4221/4221/4221
f 4222/4222/4222 4219/4219/4219 4223/4223/4223
f 4223/4223/4223 4219/4219/4219 4224/4224/4224
f 4221/4221/4221 4222/4222/4222 4225/4225/4225
f 4223/4223/4223 4224/4224/4224 4226/4226/4226
f 4222/4222/4222 4223/4223/4223 4227/4227/4227
f 4223/4223/4223 4226/4226/4226 4228/4228/4228
f 2303/2303/2303 4223/4223/4223 4228/4228/4228
f 4227/4227/4227 4223/4223/4223 4229/4229/4229
f 4230/4230/4230 4223/4223/4223 2303/2303/2303
f 4229/4229/4229 4223/4223/4223 4230/4230/4230
f 4231/4231/4231 4229/4229/4229 4230/4230/4230
f 4232/4232/4232 4231/4231/4231 4230/4230/4230
f 4233/4233/4233 4232/4232/4232 4230/4230/4230
f 4234/4234/4234 4216/4216/4216 4221/4221/4221
f 4234/4234/4234 4221/4221/4221 4235/4235/4235
f 4234/4234/4234 4235/4235/4235 4236/4236/4236
f 4235/4235/4235 4221/4221/4221 4237/4237/4237
f 4237/4237/4237 4221/4221/4221 4238/4238/4238
f 4239/4239/4239 4234/4234/4234 4236/4236/4236
f 4216/4216/4216 4234/4234/4234 4239/4239/4239
f 4238/4238/4238 4221/4221/4221 4240/4240/4240
f 4240/4240/4240 4221/4221/4221 4241/4241/4241
f 4242/4242/4242 4240/4240/4240 4241/4241/4241
f 4243/4243/4243 4242/4242/4242 4241/4241/4241
f 4242/4242/4242 4244/4244/4244 4240/4240/4240
f 4245/4245/4245 4244/4244/4244 4242/4242/4242
f 4246/4246/4246 4245/4245/4245 4242/4242/4242
f 4246/4246/4246 4247/4247/4247 4245/4245/4245
f 4246/4246/4246 4248/4248/4248 4247/4247/4247
f 4249/4249/4249 4247/4247/4247 4248/4248/4248
f 4248/4248/4248 4250/4250/4250 4249/4249/4249
f 4251/4251/4251 4250/4250/4250 4248/4248/4248
f 4252/4252/4252 4216/4216/4216 4251/4251/4251
f 4251/4251/4251 4253/4253/4253 4250/4250/4250
f 4251/4251/4251 4216/4216/4216 4239/4239/4239
f 4239/4239/4239 4253/4253/4253 4251/4251/4251
f 4253/4253/4253 4239/4239/4239 4254/4254/4254
f 4254/4254/4254 4239/4239/4239 4255/4255/4255
f 4258/4258/4258 4257/4257/4257 4256/4256/4256
f 4256/4256/4256 4257/4257/4257 4259/4259/4259
f 4257/4257/4257 4260/4260/4260 4259/4259/4259
f 4261/4261/4261 4259/4259/4259 4260/4260/4260
f 4264/4264/4264 4263/4263/4263 4262/4262/4262
f 4263/4263/4263 4264/4264/4264 4265/4265/4265
f 4266/4266/4266 4265/4265/4265 4264/4264/4264
f 4267/4267/4267 4266/4266/4266 4264/4264/4264
f 4270/4270/4270 4269/4269/4269 4268/4268/4268
f 4269/4269/4269 4270/4270/4270 4271/4271/4271
f 4270/4270/4270 4272/4272/4272 4271/4271/4271
f 4271/4271/4271 4273/4273/4273 4269/4269/4269
f 4271/4271/4271 4274/4274/4274 4273/4273/4273
f 4277/4277/4277 4276/4276/4276 4275/4275/4275
f 4278/4278/4278 4276/4276/4276 4277/4277/4277
f 4277/4277/4277 4279/4279/4279 4278/4278/4278
f 4282/4282/4282 4281/4281/4281 4280/4280/4280
f 4280/4280/4280 4281/4281/4281 4283/4283/4283
f 4281/4281/4281 4284/4284/4284 4283/4283/4283
f 4281/4281/4281 4285/4285/4285 4284/4284/4284
f 4284/4284/4284 4285/4285/4285 4286/4286/4286
f 4289/4289/4289 4288/4288/4288 4287/4287/4287
f 4290/4290/4290 4287/4287/4287 4288/4288/4288
f 4291/4291/4291 4287/4287/4287 4290/4290/4290
f 4290/4290/4290 4292/4292/4292 4291/4291/4291
f 4295/4295/4295 4294/4294/4294 4293/4293/4293
f 4296/4296/4296 4294/4294/4294 4295/4295/4295
f 4296/4296/4296 4297/4297/4297 4294/4294/4294
f 4294/4294/4294 4297/4297/4297 4298/4298/4298
f 4301/4301/4301 4300/4300/4300 4299/4299/4299
f 4301/4301/4301 4302/4302/4302 4300/4300/4300
f 4305/4305/4305 4304/4304/4304 4303/4303/4303
f 4304/4304/4304 4306/4306/4306 4303/4303/4303
f 4306/4306/4306 4307/4307/4307 4303/4303/4303
f 4307/4307/4307 4308/4308/4308 4303/4303/4303
f 4307/4307/4307 4309/4309/4309 4308/4308/4308
f 4312/4312/4312 4311/4311/4311 4310/4310/4310
f 4312/4312/4312 4313/4313/4313 4311/4311/4311
f 4313/4313/4313 4314/4314/4314 4311/4311/4311
f 4314/4314/4314 4313/4313/4313 4315/4315/4315
f 4318/4318/4318 4317/4317/4317 4316/4316/4316
f 4316/4316/4316 4317/4317/4317 4319/4319/4319
f 4319/4319/4319 4317/4317/4317 4320/4320/4320
f 4317/4317/4317 4321/4321/4321 4320/4320/4320
f 4324/4324/4324 4323/4323/4323 4322/4322/4322
f 4325/4325/4325 4322/4322/4322 4323/4323/4323
f 4326/4326/4326 4325/4325/4325 4323/4323/4323
f 4327/4327/4327 4326/4326/4326 4323/4323/4323
f 4330/4330/4330 4329/4329/4329 4328/4328/4328
f 4330/4330/4330 4331/4331/4331 4329/4329/4329
f 4334/4334/4334 4333/4333/4333 4332/4332/4332
f 4335/4335/4335 4333/4333/4333 4334/4334/4334
f 4338/4338/4338 4337/4337/4337 4336/4336/4336
f 4338/4338/4338 4339/4339/4339 4337/4337/4337
f 4337/4337/4337 4339/4339/4339 4340/4340/4340
f 4337/4337/4337 4340/4340/4340 4341/4341/4341
f 4344/4344/4344 4343/4343/4343 4342/4342/4342
f 4344/4344/4344 4342/4342/4342 4345/4345/4345
f 4348/4348/4348 4347/4347/4347 4346/4346/4346
f 4349/4349/4349 4348/4348/4348 4346/4346/4346
f 4349/4349/4349 4350/4350/4350 4348/4348/4348
f 4350/4350/4350 4351/4351/4351 4348/4348/4348
f 4352/4352/4352 4350/4350/4350 4349/4349/4349
f 4355/4355/4355 4354/4354/4354 4353/4353/4353
f 4355/4355/4355 4356/4356/4356 4354/4354/4354
f 4356/4356/4356 4355/4355/4355 4357/4357/4357
f 4357/4357/4357 4355/4355/4355 4358/4358/4358
f 4361/4361/4361 4360/4360/4360 4359/4359/4359
f 4361/4361/4361 4362/4362/4362 4360/4360/4360
f 4360/4360/4360 4362/4362/4362 4363/4363/4363
f 4362/4362/4362 4364/4364/4364 4363/4363/4363
f 4367/4367/4367 4366/4366/4366 4365/4365/4365
f 4366/4366/4366 4368/4368/4368 4365/4365/4365
f 4366/4366/4366 4369/4369/4369 4368/4368/4368
f 4370/4370/4370 4368/4368/4368 4369/4369/4369
f 4373/4373/4373 4372/4372/4372 4371/4371/4371
f 4374/4374/4374 4371/4371/4371 4372/4372/4372
f 4372/4372/4372 4375/4375/4375 4374/4374/4374
f 4375/4375/4375 4376/4376/4376 4374/4374/4374
f 4379/4379/4379 4378/4378/4378 4377/4377/4377
f 4379/4379/4379 4380/4380/4380 4378/4378/4378
f 4381/4381/4381 4380/4380/4380 4379/4379/4379
f 4381/4381/4381 4382/4382/4382 4380/4380/4380
f 4385/4385/4385 4384/4384/4384 4383/4383/4383
f 4386/4386/4386 4384/4384/4384 4385/4385/4385
f 4389/4389/4389 4388/4388/4388 4387/4387/4387
f 4387/4387/4387 4388/4388/4388 4390/4390/4390
f 4393/4393/4393 4392/4392/4392 4391/4391/4391
f 4392/4392/4392 4394/4394/4394 4391/4391/4391
f 4391/4391/4391 4394/4394/4394 4395/4395/4395
f 4391/4391/4391 4395/4395/4395 4396/4396/4396
f 4399/4399/4399 4398/4398/4398 4397/4397/4397
f 4398/4398/4398 4400/4400/4400 4397/4397/4397
f 4401/4401/4401 4400/4400/4400 4398/4398/4398
f 4402/4402/4402 4401/4401/4401 4398/4398/4398
f 4405/4405/4405 4404/4404/4404 4403/4403/4403
f 4404/4404/4404 4405/4405/4405 4406/4406/4406
f 4406/4406/4406 4407/4407/4407 4404/4404/4404
f 4408/4408/4408 4407/4407/4407 4406/4406/4406
f 4411/4411/4411 4410/4410/4410 4409/4409/4409
f 4410/4410/4410 4412/4412/4412 4409/4409/4409
f 4410/4410/4410 4413/4413/4413 4412/4412/4412
f 4414/4414/4414 4413/4413/4413 4410/4410/4410
f 4410/4410/4410 4415/4415/4415 4414/4414/4414
f 4418/4418/4418 4417/4417/4417 4416/4416/4416
f 4419/4419/4419 4417/4417/4417 4418/4418/4418
f 4419/4419/4419 4418/4418/4418 4420/4420/4420
f 4419/4419/4419 4420/4420/4420 4421/4421/4421
f 4424/4424/4424 4423/4423/4423 4422/4422/4422
f 4424/4424/4424 4422/4422/4422 4425/4425/4425
f 4422/4422/4422 4426/4426/4426 4425/4425/4425
f 4426/4426/4426 4427/4427/4427 4425/4425/4425
f 4430/4430/4430 4429/4429/4429 4428/4428/4428
f 4429/4429/4429 4431/4431/4431 4428/4428/4428
f 4428/4428/4428 4431/4431/4431 4432/4432/4432
f 4431/4431/4431 4433/4433/4433 4432/4432/4432
f 4436/4436/4436 4435/4435/4435 4434/4434/4434
f 4437/4437/4437 4434/4434/4434 4435/4435/4435
f 4435/4435/4435 4438/4438/4438 4437/4437/4437
f 4438/4438/4438 4439/4439/4439 4437/4437/4437
f 4442/4442/4442 4441/4441/4441 4440/4440/4440
f 4441/4441/4441 4443/4443/4443 4440/4440/4440
f 4443/4443/4443 4444/4444/4444 4440/4440/4440
f 4440/4440/4440 4444/4444/4444 4445/4445/4445
f 4448/4448/4448 4447/4447/4447 4446/4446/4446
f 4449/4449/4449 4446/4446/4446 4447/4447/4447
f 4450/4450/4450 4449/4449/4449 4447/4447/4447
f 4451/4451/4451 4450/4450/4450 4447/4447/4447
f 4454/4454/4454 4453/4453/4453 4452/4452/4452
f 4452/4452/4452 4453/4453/4453 4455/4455/4455
f 4453/4453/4453 4456/4456/4456 4455/4455/4455
f 4456/4456/4456 4453/4453/4453 4457/4457/4457
f 4460/4460/4460 4459/4459/4459 4458/4458/4458
f 4461/4461/4461 4459/4459/4459 4460/4460/4460
f 4461/4461/4461 4460/4460/4460 4462/4462/4462
f 4465/4465/4465 4464/4464/4464 4463/4463/4463
f 4465/4465/4465 4466/4466/4466 4464/4464/4464
f 4466/4466/4466 4465/4465/4465 4467/4467/4467
f 4465/4465/4465 4468/4468/4468 4467/4467/4467
f 4467/4467/4467 4468/4468/4468 4469/4469/4469
f 4472/4472/4472 4471/4471/4471 4470/4470/4470
f 4473/4473/4473 4472/4472/4472 4470/4470/4470
f 4472/4472/4472 4473/4473/4473 4474/4474/4474
f 4474/4474/4474 4475/4475/4475 4472/4472/4472
f 4478/4478/4478 4477/4477/4477 4476/4476/4476
f 4477/4477/4477 4479/4479/4479 4476/4476/4476
f 4477/4477/4477 4480/4480/4480 4479/4479/4479
f 4477/4477/4477 4481/4481/4481 4480/4480/4480
f 4481/4481/4481 4482/4482/4482 4480/4480/4480
f 4485/4485/4485 4484/4484/4484 4483/4483/4483
f 4483/4483/4483 4484/4484/4484 4486/4486/4486
f 4487/4487/4487 4486/4486/4486 4484/4484/4484
f 4487/4487/4487 4484/4484/4484 4488/4488/4488
f 4491/4491/4491 4490/4490/4490 4489/4489/4489
f 4490/4490/4490 4491/4491/4491 4492/4492/4492
f 4492/4492/4492 4493/4493/4493 4490/4490/4490
f 4496/4496/4496 4495/4495/4495 4494/4494/4494
f 4494/4494/4494 4497/4497/4497 4496/4496/4496
f 4500/4500/4500 4499/4499/4499 4498/4498/4498
f 4501/4501/4501 4498/4498/4498 4499/4499/4499
f 4502/4502/4502 4501/4501/4501 4499/4499/4499
f 4502/4502/4502 4499/4499/4499 4503/4503/4503
f 4506/4506/4506 4505/4505/4505 4504/4504/4504
f 4507/4507/4507 4506/4506/4506 4504/4504/4504
f 4504/4504/4504 4508/4508/4508 4507/4507/4507
f 4504/4504/4504 4509/4509/4509 4508/4508/4508
f 4512/4512/4512 4511/4511/4511 4510/4510/4510
f 4510/4510/4510 4511/4511/4511 4513/4513/4513
f 4513/4513/4513 4514/4514/4514 4510/4510/4510
f 4513/4513/4513 4515/4515/4515 4514/4514/4514
f 4518/4518/4518 4517/4517/4517 4516/4516/4516
f 4519/4519/4519 4516/4516/4516 4517/4517/4517
f 4516/4516/4516 4519/4519/4519 4520/4520/4520
f 4520/4520/4520 4519/4519/4519 4521/4521/4521
f 4524/4524/4524 4523/4523/4523 4522/4522/4522
f 4523/4523/4523 4525/4525/4525 4522/4522/4522
f 4526/4526/4526 4525/4525/4525 4523/4523/4523
f 4526/4526/4526 4527/4527/4527 4525/4525/4525
f 4530/4530/4530 4529/4529/4529 4528/4528/4528
f 4529/4529/4529 4531/4531/4531 4528/4528/4528
f 4529/4529/4529 4532/4532/4532 4531/4531/4531
f 4529/4529/4529 4533/4533/4533 4532/4532/4532
f 4532/4532/4532 4534/4534/4534 4531/4531/4531
f 4532/4532/4532 4535/4535/4535 4534/4534/4534
f 4532/4532/4532 4536/4536/4536 4535/4535/4535
f 4535/4535/4535 4536/4536/4536 4537/4537/4537
f 4536/4536/4536 4538/4538/4538 4537/4537/4537
f 4538/4538/4538 4539/4539/4539 4537/4537/4537
f 4537/4537/4537 4539/4539/4539 4540/4540/4540
f 4539/4539/4539 4541/4541/4541 4540/4540/4540
f 4539/4539/4539 4542/4542/4542 4541/4541/4541
f 4542/4542/4542 4543/4543/4543 4541/4541/4541
f 4543/4543/4543 4542/4542/4542 4544/4544/4544
f 4542/4542/4542 4545/4545/4545 4544/4544/4544
f 4542/4542/4542 4546/4546/4546 4545/4545/4545
f 4544/4544/4544 4545/4545/4545 4547/4547/4547
f 4545/4545/4545 4548/4548/4548 4547/4547/4547
f 4547/4547/4547 4548/4548/4548 4549/4549/4549
f 4547/4547/4547 4549/4549/4549 4550/4550/4550
f 4553/4553/4553 4552/4552/4552 4551/4551/4551
f 4552/4552/4552 4554/4554/4554 4551/4551/4551
f 4555/4555/4555 4554/4554/4554 4552/4552/4552
f 4556/4556/4556 4555/4555/4555 4552/4552/4552
f 4559/4559/4559 4558/4558/4558 4557/4557/4557
f 4558/4558/4558 4559/4559/4559 4560/4560/4560
f 4561/4561/4561 4558/4558/4558 4560/4560/4560
f 4562/4562/4562 4561/4561/4561 4560/4560/4560
f 4565/4565/4565 4564/4564/4564 4563/4563/4563
f 4564/4564/4564 4565/4565/4565 4566/4566/4566
f 4569/4569/4569 4568/4568/4568 4567/4567/4567
f 4569/4569/4569 4570/4570/4570 4568/4568/4568
f 4570/4570/4570 4571/4571/4571 4568/4568/4568
f 4572/4572/4572 4571/4571/4571 4570/4570/4570
f 4572/4572/4572 4573/4573/4573 4571/4571/4571
f 4576/4576/4576 4575/4575/4575 4574/4574/4574
f 4575/4575/4575 4577/4577/4577 4574/4574/4574
f 4578/4578/4578 4577/4577/4577 4575/4575/4575
f 4579/4579/4579 4578/4578/4578 4575/4575/4575
f 4582/4582/4582 4581/4581/4581 4580/4580/4580
f 4581/4581/4581 4583/4583/4583 4580/4580/4580
f 4583/4583/4583 4584/4584/4584 4580/4580/4580
f 4580/4580/4580 4584/4584/4584 4585/4585/4585
f 4584/4584/4584 4586/4586/4586 4585/4585/4585
f 4589/4589/4589 4588/4588/4588 4587/4587/4587
f 4590/4590/4590 4589/4589/4589 4587/4587/4587
f 4591/4591/4591 4589/4589/4589 4590/4590/4590
f 4592/4592/4592 4591/4591/4591 4590/4590/4590
f 4595/4595/4595 4594/4594/4594 4593/4593/4593
f 4593/4593/4593 4594/4594/4594 4596/4596/4596
f 4594/4594/4594 4597/4597/4597 4596/4596/4596
f 4598/4598/4598 4597/4597/4597 4594/4594/4594
f 4601/4601/4601 4600/4600/4600 4599/4599/4599
f 4599/4599/4599 4600/4600/4600 4602/4602/4602
f 4603/4603/4603 4602/4602/4602 4600/4600/4600
f 4603/4603/4603 4600/4600/4600 4604/4604/4604
f 4607/4607/4607 4606/4606/4606 4605/4605/4605
f 4607/4607/4607 4608/4608/4608 4606/4606/4606
f 4606/4606/4606 4608/4608/4608 4609/4609/4609
f 4608/4608/4608 4610/4610/4610 4609/4609/4609
f 4613/4613/4613 4612/4612/4612 4611/4611/4611
f 4612/4612/4612 4614/4614/4614 4611/4611/4611
f 4614/4614/4614 4612/4612/4612 4615/4615/4615
f 4612/4612/4612 4616/4616/4616 4615/4615/4615
f 4619/4619/4619 4618/4618/4618 4617/4617/4617
f 4619/4619/4619 4620/4620/4620 4618/4618/4618
f 4621/4621/4621 4620/4620/4620 4619/4619/4619
f 4622/4622/4622 4621/4621/4621 4619/4619/4619
f 4625/4625/4625 4624/4624/4624 4623/4623/4623
f 4623/4623/4623 4624/4624/4624 4626/4626/4626
f 4624/4624/4624 4627/4627/4627 4626/4626/4626
f 4626/4626/4626 4627/4627/4627 4628/4628/4628
f 4631/4631/4631 4630/4630/4630 4629/4629/4629
f 4631/4631/4631 4629/4629/4629 4632/4632/4632
f 4629/4629/4629 4633/4633/4633 4632/4632/4632
f 4634/4634/4634 4633/4633/4633 4629/4629/4629
f 4634/4634/4634 4635/4635/4635 4633/4633/4633
f 4638/4638/4638 4637/4637/4637 4636/4636/4636
f 4637/4637/4637 4639/4639/4639 4636/4636/4636
f 4642/4642/4642 4641/4641/4641 4640/4640/4640
f 4641/4641/4641 4643/4643/4643 4640/4640/4640
f 4644/4644/4644 4640/4640/4640 4643/4643/4643
f 4647/4647/4647 4646/4646/4646 4645/4645/4645
f 4648/4648/4648 4646/4646/4646 4647/4647/4647
f 4647/4647/4647 4649/4649/4649 4648/4648/4648
f 4652/4652/4652 4651/4651/4651 4650/4650/4650
f 4652/4652/4652 4650/4650/4650 4653/4653/4653
f 4653/4653/4653 4650/4650/4650 4654/4654/4654
f 4657/4657/4657 4656/4656/4656 4655/4655/4655
f 4658/4658/4658 4656/4656/4656 4657/4657/4657
f 4661/4661/4661 4660/4660/4660 4659/4659/4659
f 4661/4661/4661 4659/4659/4659 4662/4662/4662
f 4665/4665/4665 4664/4664/4664 4663/4663/4663
f 4664/4664/4664 4666/4666/4666 4663/4663/4663
f 4663/4663/4663 4666/4666/4666 4667/4667/4667
f 4670/4670/4670 4669/4669/4669 4668/4668/4668
f 4670/4670/4670 4671/4671/4671 4669/4669/4669
f 4671/4671/4671 4672/4672/4672 4669/4669/4669
f 4671/4671/4671 4673/4673/4673 4672/4672/4672
f 4676/4676/4676 4675/4675/4675 4674/4674/4674
f 4677/4677/4677 4675/4675/4675 4676/4676/4676
f 4677/4677/4677 4678/4678/4678 4675/4675/4675
f 4678/4678/4678 4677/4677/4677 4679/4679/4679
f 4682/4682/4682 4681/4681/4681 4680/4680/4680
f 4682/4682/4682 4683/4683/4683 4681/4681/4681
f 4683/4683/4683 4684/4684/4684 4681/4681/4681
f 4681/4681/4681 4684/4684/4684 4685/4685/4685
f 4688/4688/4688 4687/4687/4687 4686/4686/4686
f 4689/4689/4689 4687/4687/4687 4688/4688/4688
f 4692/4692/4692 4691/4691/4691 4690/4690/4690
f 4693/4693/4693 4690/4690/4690 4691/4691/4691
f 4696/4696/4696 4695/4695/4695 4694/4694/4694
f 4697/4697/4697 4695/4695/4695 4696/4696/4696
f 4698/4698/4698 4695/4695/4695 4697/4697/4697
f 4701/4701/4701 4700/4700/4700 4699/4699/4699
f 4702/4702/4702 4700/4700/4700 4701/4701/4701
f 4702/4702/4702 4703/4703/4703 4700/4700/4700
f 4702/4702/4702 4704/4704/4704 4703/4703/4703
f 4702/4702/4702 4705/4705/4705 4704/4704/4704
f 4706/4706/4706 4704/4704/4704 4705/4705/4705
f 4709/4709/4709 4708/4708/4708 4707/4707/4707
f 4708/4708/4708 4710/4710/4710 4707/4707/4707
f 4710/4710/4710 4708/4708/4708 4711/4711/4711
f 4708/4708/4708 4712/4712/4712 4711/4711/4711
f 4712/4712/4712 4713/4713/4713 4711/4711/4711
f 4716/4716/4716 4715/4715/4715 4714/4714/4714
f 4715/4715/4715 4717/4717/4717 4714/4714/4714
f 4717/4717/4717 4715/4715/4715 4718/4718/4718
f 4715/4715/4715 4719/4719/4719 4718/4718/4718
f 4722/4722/4722 4721/4721/4721 4720/4720/4720
f 4722/4722/4722 4723/4723/4723 4721/4721/4721
f 4722/4722/4722 4724/4724/4724 4723/4723/4723
f 4722/4722/4722 4725/4725/4725 4724/4724/4724
f 4728/4728/4728 4727/4727/4727 4726/4726/4726
f 4729/4729/4729 4727/4727/4727 4728/4728/4728
f 4729/4729/4729 4730/4730/4730 4727/4727/4727
f 4731/4731/4731 4730/4730/4730 4729/4729/4729
f 4734/4734/4734 4733/4733/4733 4732/4732/4732
f 4735/4735/4735 4732/4732/4732 4733/4733/4733
f 4736/4736/4736 4732/4732/4732 4735/4735/4735
f 4735/4735/4735 4733/4733/4733 4737/4737/4737
f 4735/4735/4735 4737/4737/4737 4738/4738/4738
f 4738/4738/4738 4739/4739/4739 4735/4735/4735
f 4740/4740/4740 4735/4735/4735 4739/4739/4739
f 4739/4739/4739 4741/4741/4741 4740/4740/4740
f 4740/4740/4740 4741/4741/4741 4742/4742/4742
f 4740/4740/4740 4742/4742/4742 4743/4743/4743
f 4746/4746/4746 4745/4745/4745 4744/4744/4744
f 4745/4745/4745 4747/4747/4747 4744/4744/4744
f 4745/4745/4745 4748/4748/4748 4747/4747/4747
f 4751/4751/4751 4750/4750/4750 4749/4749/4749
f 4751/4751/4751 4752/4752/4752 4750/4750/4750
f 4752/4752/4752 4751/4751/4751 4753/4753/4753
f 4753/4753/4753 4754/4754/4754 4752/4752/4752
f 4755/4755/4755 4754/4754/4754 4753/4753/4753
f 4758/4758/4758 4757/4757/4757 4756/4756/4756
f 4758/4758/4758 4756/4756/4756 4759/4759/4759
f 4760/4760/4760 4758/4758/4758 4759/4759/4759
f 4763/4763/4763 4762/4762/4762 4761/4761/4761
f 4764/4764/4764 4762/4762/4762 4763/4763/4763
f 4767/4767/4767 4766/4766/4766 4765/4765/4765
f 4765/4765/4765 4766/4766/4766 4768/4768/4768
f 4768/4768/4768 4766/4766/4766 4769/4769/4769
f 4772/4772/4772 4771/4771/4771 4770/4770/4770
f 4773/4773/4773 4772/4772/4772 4770/4770/4770
f 4774/4774/4774 4772/4772/4772 4773/4773/4773
f 4775/4775/4775 4774/4774/4774 4773/4773/4773
f 4778/4778/4778 4777/4777/4777 4776/4776/4776
f 4777/4777/4777 4779/4779/4779 4776/4776/4776
f 4782/4782/4782 4781/4781/4781 4780/4780/4780
f 4783/4783/4783 4782/4782/4782 4780/4780/4780
f 4786/4786/4786 4785/4785/4785 4784/4784/4784
f 4784/4784/4784 4787/4787/4787 4786/4786/4786
f 4787/4787/4787 4788/4788/4788 4786/4786/4786
f 4789/4789/4789 4788/4788/4788 4787/4787/4787
f 4790/4790/4790 4788/4788/4788 4789/4789/4789
f 4789/4789/4789 4791/4791/4791 4790/4790/4790
f 4792/4792/4792 4790/4790/4790 4791/4791/4791
f 4792/4792/4792 4791/4791/4791 4793/4793/4793
f 4794/4794/4794 4792/4792/4792 4793/4793/4793
f 4793/4793/4793 4795/4795/4795 4794/4794/4794
f 4795/4795/4795 4793/4793/4793 4796/4796/4796
f 4797/4797/4797 4795/4795/4795 4796/4796/4796
f 4794/4794/4794 4798/4798/4798 4792/4792/4792
f 4794/4794/4794 4799/4799/4799 4798/4798/4798
f 4792/4792/4792 4798/4798/4798 4800/4800/4800
f 4798/4798/4798 4801/4801/4801 4800/4800/4800
f 4802/4802/4802 4800/4800/4800 4801/4801/4801
f 4802/4802/4802 4803/4803/4803 4800/4800/4800
f 4803/4803/4803 4802/4802/4802 4804/4804/4804
f 4799/4799/4799 4805/4805/4805 4798/4798/4798
f 4805/4805/4805 4799/4799/4799 4806/4806/4806
f 4806/4806/4806 4807/4807/4807 4805/4805/4805
f 4805/4805/4805 4807/4807/4807 4808/4808/4808
f 4807/4807/4807 4809/4809/4809 4808/4808/4808
f 4803/4803/4803 4804/4804/4804 4810/4810/4810
f 4808/4808/4808 4809/4809/4809 4811/4811/4811
f 4811/4811/4811 4809/4809/4809 4812/4812/4812
f 4811/4811/4811 4812/4812/4812 4813/4813/4813
f 4811/4811/4811 4813/4813/4813 4814/4814/4814
f 4814/4814/4814 4813/4813/4813 4815/4815/4815
f 4814/4814/4814 4815/4815/4815 4816/4816/4816
f 4816/4816/4816 4815/4815/4815 4817/4817/4817
f 4810/4810/4810 4804/4804/4804 4818/4818/4818
f 4818/4818/4818 4819/4819/4819 4810/4810/4810
f 4820/4820/4820 4810/4810/4810 4819/4819/4819
f 4821/4821/4821 4810/4810/4810 4820/4820/4820
f 4824/4824/4824 4823/4823/4823 4822/4822/4822
f 4822/4822/4822 4823/4823/4823 4825/4825/4825
f 4828/4828/4828 4827/4827/4827 4826/4826/4826
f 4826/4826/4826 4829/4829/4829 4828/4828/4828
f 4826/4826/4826 4830/4830/4830 4829/4829/4829
f 4828/4828/4828 4829/4829/4829 4831/4831/4831
f 4829/4829/4829 4832/4832/4832 4831/4831/4831
f 4833/4833/4833 4832/4832/4832 4829/4829/4829
f 4836/4836/4836 4835/4835/4835 4834/4834/4834
f 4836/4836/4836 4834/4834/4834 4837/4837/4837
f 4838/4838/4838 4836/4836/4836 4837/4837/4837
f 4839/4839/4839 4838/4838/4838 4837/4837/4837
f 4838/4838/4838 4839/4839/4839 4840/4840/4840
f 4840/4840/4840 4839/4839/4839 4841/4841/4841
f 4841/4841/4841 4839/4839/4839 4842/4842/4842
f 4841/4841/4841 4842/4842/4842 4843/4843/4843
f 4843/4843/4843 4842/4842/4842 4844/4844/4844
f 4843/4843/4843 4844/4844/4844 4845/4845/4845
f 4845/4845/4845 4844/4844/4844 4846/4846/4846
f 4845/4845/4845 4846/4846/4846 4847/4847/4847
f 4847/4847/4847 4846/4846/4846 4848/4848/4848
f 4847/4847/4847 4848/4848/4848 4849/4849/4849
f 4849/4849/4849 4848/4848/4848 4850/4850/4850
f 4850/4850/4850 4848/4848/4848 4851/4851/4851
f 4850/4850/4850 4851/4851/4851 4852/4852/4852
f 4852/4852/4852 4851/4851/4851 4853/4853/4853
f 4852/4852/4852 4853/4853/4853 4854/4854/4854
f 4857/4857/4857 4856/4856/4856 4855/4855/4855
f 4855/4855/4855 4856/4856/4856 4858/4858/4858
f 4858/4858/4858 4856/4856/4856 4859/4859/4859
f 4859/4859/4859 4860/4860/4860 4858/4858/4858
f 4859/4859/4859 4861/4861/4861 4860/4860/4860
f 4864/4864/4864 4863/4863/4863 4862/4862/4862
f 4864/4864/4864 4865/4865/4865 4863/4863/4863
f 4868/4868/4868 4867/4867/4867 4866/4866/4866
f 4868/4868/4868 4869/4869/4869 4867/4867/4867
f 4872/4872/4872 4871/4871/4871 4870/4870/4870
f 4871/4871/4871 4873/4873/4873 4870/4870/4870
f 4876/4876/4876 4875/4875/4875 4874/4874/4874
f 4876/4876/4876 4874/4874/4874 4877/4877/4877
f 4877/4877/4877 4878/4878/4878 4876/4876/4876
f 4878/4878/4878 4879/4879/4879 4876/4876/4876
f 4879/4879/4879 4880/4880/4880 4876/4876/4876
f 4883/4883/4883 4882/4882/4882 4881/4881/4881
f 4882/4882/4882 4884/4884/4884 4881/4881/4881
f 4881/4881/4881 4884/4884/4884 4885/4885/4885
f 4888/4888/4888 4887/4887/4887 4886/4886/4886
f 4886/4886/4886 4887/4887/4887 4889/4889/4889
f 4892/4892/4892 4891/4891/4891 4890/4890/4890
f 4890/4890/4890 4891/4891/4891 4893/4893/4893
f 4896/4896/4896 4895/4895/4895 4894/4894/4894
f 4897/4897/4897 4895/4895/4895 4896/4896/4896
f 4898/4898/4898 4897/4897/4897 4896/4896/4896
f 4901/4901/4901 4900/4900/4900 4899/4899/4899
f 4901/4901/4901 4899/4899/4899 4902/4902/4902
f 4905/4905/4905 4904/4904/4904 4903/4903/4903
f 4904/4904/4904 4906/4906/4906 4903/4903/4903
f 4909/4909/4909 4908/4908/4908 4907/4907/4907
f 4909/4909/4909 4910/4910/4910 4908/4908/4908
f 4908/4908/4908 4910/4910/4910 4911/4911/4911
f 4911/4911/4911 4912/4912/4912 4908/4908/4908
f 4913/4913/4913 4912/4912/4912 4911/4911/4911
f 4916/4916/4916 4915/4915/4915 4914/4914/4914
f 4916/4916/4916 4914/4914/4914 4917/4917/4917
f 4916/4916/4916 4917/4917/4917 4918/4918/4918
f 4921/4921/4921 4920/4920/4920 4919/4919/4919
f 4921/4921/4921 4922/4922/4922 4920/4920/4920
f 4922/4922/4922 4923/4923/4923 4920/4920/4920
f 4926/4926/4926 4925/4925/4925 4924/4924/4924
f 4926/4926/4926 4927/4927/4927 4925/4925/4925
f 4928/4928/4928 4927/4927/4927 4926/4926/4926
f 4929/4929/4929 4928/4928/4928 4926/4926/4926
f 4932/4932/4932 4931/4931/4931 4930/4930/4930
f 4932/4932/4932 4930/4930/4930 4933/4933/4933
f 4936/4936/4936 4935/4935/4935 4934/4934/4934
f 4934/4934/4934 4935/4935/4935 4937/4937/4937
f 4940/4940/4940 4939/4939/4939 4938/4938/4938
f 4938/4938/4938 4939/4939/4939 4941/4941/4941
f 4938/4938/4938 4941/4941/4941 4942/4942/4942
f 4938/4938/4938 4942/4942/4942 4943/4943/4943
f 4946/4946/4946 4945/4945/4945 4944/4944/4944
f 4946/4946/4946 4947/4947/4947 4945/4945/4945
f 4950/4950/4950 4949/4949/4949 4948/4948/4948
f 4951/4951/4951 4950/4950/4950 4948/4948/4948
f 4952/4952/4952 4950/4950/4950 4951/4951/4951
f 4955/4955/4955 4954/4954/4954 4953/4953/4953
f 4953/4953/4953 4954/4954/4954 4956/4956/4956
f 4956/4956/4956 4954/4954/4954 4957/4957/4957
f 4957/4957/4957 4954/4954/4954 4958/4958/4958
f 4954/4954/4954 4959/4959/4959 4958/4958/4958
f 4958/4958/4958 4959/4959/4959 4960/4960/4960
f 4956/4956/4956 4957/4957/4957 4961/4961/4961
f 4962/4962/4962 4956/4956/4956 4961/4961/4961
f 4956/4956/4956 4962/4962/4962 4963/4963/4963
f 4964/4964/4964 4963/4963/4963 4962/4962/4962
f 4964/4964/4964 4962/4962/4962 4965/4965/4965
f 4961/4961/4961 4957/4957/4957 4966/4966/4966
f 4957/4957/4957 4967/4967/4967 4966/4966/4966
f 4967/4967/4967 4968/4968/4968 4966/4966/4966
f 4968/4968/4968 4969/4969/4969 4966/4966/4966
f 4966/4966/4966 4969/4969/4969 4970/4970/4970
f 4969/4969/4969 4971/4971/4971 4970/4970/4970
f 4971/4971/4971 4972/4972/4972 4970/4970/4970
f 4971/4971/4971 4973/4973/4973 4972/4972/4972
f 4972/4972/4972 4973/4973/4973 4974/4974/4974
f 4972/4972/4972 4974/4974/4974 4975/4975/4975
f 4972/4972/4972 4975/4975/4975 4976/4976/4976
f 4979/4979/4979 4978/4978/4978 4977/4977/4977
f 4980/4980/4980 4977/4977/4977 4978/4978/4978
f 4978/4978/4978 4981/4981/4981 4980/4980/4980
f 4982/4982/4982 4980/4980/4980 4981/4981/4981
f 4985/4985/4985 4984/4984/4984 4983/4983/4983
f 4985/4985/4985 4986/4986/4986 4984/4984/4984
f 4989/4989/4989 4988/4988/4988 4987/4987/4987
f 4990/4990/4990 4989/4989/4989 4987/4987/4987
f 4990/4990/4990 4991/4991/4991 4989/4989/4989
f 4994/4994/4994 4993/4993/4993 4992/4992/4992
f 4992/4992/4992 4993/4993/4993 4995/4995/4995
f 4998/4998/4998 4997/4997/4997 4996/4996/4996
f 4999/4999/4999 4996/4996/4996 4997/4997/4997
f 4999/4999/4999 4997/4997/4997 5000/5000/5000
f 4997/4997/4997 5001/5001/5001 5000/5000/5000
f 5004/5004/5004 5003/5003/5003 5002/5002/5002
f 5002/5002/5002 5003/5003/5003 5005/5005/5005
f 5008/5008/5008 5007/5007/5007 5006/5006/5006
f 5007/5007/5007 5009/5009/5009 5006/5006/5006
f 5012/5012/5012 5011/5011/5011 5010/5010/5010
f 5011/5011/5011 5013/5013/5013 5010/5010/5010
f 5010/5010/5010 5013/5013/5013 5014/5014/5014
f 5017/5017/5017 5016/5016/5016 5015/5015/5015
f 5017/5017/5017 5015/5015/5015 5018/5018/5018
f 5018/5018/5018 5015/5015/5015 5019/5019/5019
f 5022/5022/5022 5021/5021/5021 5020/5020/5020
f 5023/5023/5023 5021/5021/5021 5022/5022/5022
f 5026/5026/5026 5025/5025/5025 5024/5024/5024
f 5026/5026/5026 5027/5027/5027 5025/5025/5025
f 5028/5028/5028 5025/5025/5025 5027/5027/5027
f 5026/5026/5026 5029/5029/5029 5027/5027/5027
f 5030/5030/5030 5029/5029/5029 5026/5026/5026
f 5030/5030/5030 5031/5031/5031 5029/5029/5029
f 5032/5032/5032 5029/5029/5029 5031/5031/5031
f 5035/5035/5035 5034/5034/5034 5033/5033/5033
f 5033/5033/5033 5036/5036/5036 5035/5035/5035
f 5037/5037/5037 5035/5035/5035 5036/5036/5036
f 5040/5040/5040 5039/5039/5039 5038/5038/5038
f 5040/5040/5040 5041/5041/5041 5039/5039/5039
f 5044/5044/5044 5043/5043/5043 5042/5042/5042
f 5045/5045/5045 5043/5043/5043 5044/5044/5044
f 5048/5048/5048 5047/5047/5047 5046/5046/5046
f 5049/5049/5049 5048/5048/5048 5046/5046/5046
f 5050/5050/5050 5049/5049/5049 5046/5046/5046
f 5051/5051/5051 5049/5049/5049 5050/5050/5050
f 5052/5052/5052 5049/5049/5049 5051/5051/5051
f 5052/5052/5052 5053/5053/5053 5049/5049/5049
f 5054/5054/5054 5053/5053/5053 5052/5052/5052
f 5055/5055/5055 5053/5053/5053 5054/5054/5054
f 5056/5056/5056 5054/5054/5054 5052/5052/5052
f 5057/5057/5057 5054/5054/5054 5056/5056/5056
f 5058/5058/5058 5054/5054/5054 5057/5057/5057
f 5059/5059/5059 5054/5054/5054 5058/5058/5058
f 5054/5054/5054 5059/5059/5059 5060/5060/5060
f 5061/5061/5061 5060/5060/5060 5059/5059/5059
f 5061/5061/5061 5062/5062/5062 5060/5060/5060
f 5061/5061/5061 5063/5063/5063 5062/5062/5062
f 5066/5066/5066 5065/5065/5065 5064/5064/5064
f 5066/5066/5066 5067/5067/5067 5065/5065/5065
f 5070/5070/5070 5069/5069/5069 5068/5068/5068
f 5071/5071/5071 5068/5068/5068 5069/5069/5069
f 5071/5071/5071 5069/5069/5069 5072/5072/5072
f 5072/5072/5072 5073/5073/5073 5071/5071/5071
f 5074/5074/5074 5073/5073/5073 5072/5072/5072
f 5073/5073/5073 5074/5074/5074 5075/5075/5075
f 5076/5076/5076 5075/5075/5075 5074/5074/5074
f 5076/5076/5076 5077/5077/5077 5075/5075/5075
f 5078/5078/5078 5077/5077/5077 5076/5076/5076
f 5077/5077/5077 5078/5078/5078 5079/5079/5079
f 5079/5079/5079 5078/5078/5078 5080/5080/5080
f 5079/5079/5079 5080/5080/5080 5081/5081/5081
f 5081/5081/5081 5080/5080/5080 5082/5082/5082
f 5082/5082/5082 5083/5083/5083 5081/5081/5081
f 5082/5082/5082 5084/5084/5084 5083/5083/5083
f 5083/5083/5083 5084/5084/5084 5085/5085/5085
f 5084/5084/5084 5086/5086/5086 5085/5085/5085
f 5085/5085/5085 5086/5086/5086 5087/5087/5087
f 5086/5086/5086 5088/5088/5088 5087/5087/5087
f 5088/5088/5088 5089/5089/5089 5087/5087/5087
f 5088/5088/5088 5090/5090/5090 5089/5089/5089
f 5093/5093/5093 5092/5092/5092 5091/5091/5091
f 5094/5094/5094 5093/5093/5093 5091/5091/5091
f 5097/5097/5097 5096/5096/5096 5095/5095/5095
f 5096/5096/5096 5098/5098/5098 5095/5095/5095
f 5098/5098/5098 5096/5096/5096 5099/5099/5099
f 5098/5098/5098 5099/5099/5099 5100/5100/5100
f 5101/5101/5101 5098/5098/5098 5100/5100/5100
f 5101/5101/5101 5100/5100/5100 5102/5102/5102
f 5103/5103/5103 5101/5101/5101 5102/5102/5102
f 5104/5104/5104 5103/5103/5103 5102/5102/5102
f 5105/5105/5105 5103/5103/5103 5104/5104/5104
f 5105/5105/5105 5106/5106/5106 5103/5103/5103
f 5105/5105/5105 5107/5107/5107 5106/5106/5106
f 5108/5108/5108 5107/5107/5107 5105/5105/5105
f 5107/5107/5107 5108/5108/5108 5109/5109/5109
f 5109/5109/5109 5108/5108/5108 5110/5110/5110
f 5110/5110/5110 5108/5108/5108 5111/5111/5111
f 5110/5110/5110 5111/5111/5111 5112/5112/5112
f 5113/5113/5113 5110/5110/5110 5112/5112/5112
f 5114/5114/5114 5113/5113/5113 5112/5112/5112
f 5115/5115/5115 5113/5113/5113 5114/5114/5114
f 5115/5115/5115 5114/5114/5114 5116/5116/5116
f 5117/5117/5117 5115/5115/5115 5116/5116/5116
f 5118/5118/5118 5117/5117/5117 5116/5116/5116
f 5117/5117/5117 5118/5118/5118 5119/5119/5119
f 5119/5119/5119 5118/5118/5118 5120/5120/5120
f 5123/5123/5123 5122/5122/5122 5121/5121/5121
f 5122/5122/5122 5124/5124/5124 5121/5121/5121
f 5127/5127/5127 5126/5126/5126 5125/5125/5125
f 5125/5125/5125 5128/5128/5128 5127/5127/5127
f 5128/5128/5128 5125/5125/5125 5129/5129/5129
f 5129/5129/5129 5130/5130/5130 5128/5128/5128
f 5129/5129/5129 5131/5131/5131 5130/5130/5130
f 5132/5132/5132 5131/5131/5131 5129/5129/5129
f 5132/5132/5132 5133/5133/5133 5131/5131/5131
f 5134/5134/5134 5133/5133/5133 5132/5132/5132
f 5135/5135/5135 5133/5133/5133 5134/5134/5134
f 5135/5135/5135 5136/5136/5136 5133/5133/5133
f 5139/5139/5139 5138/5138/5138 5137/5137/5137
f 5137/5137/5137 5138/5138/5138 5140/5140/5140
f 5137/5137/5137 5140/5140/5140 5141/5141/5141
f 5142/5142/5142 5141/5141/5141 5140/5140/5140
f 5145/5145/5145 5144/5144/5144 5143/5143/5143
f 5145/5145/5145 5143/5143/5143 5146/5146/5146
f 5147/5147/5147 5145/5145/5145 5146/5146/5146
f 5148/5148/5148 5145/5145/5145 5147/5147/5147
f 5148/5148/5148 5147/5147/5147 5149/5149/5149
f 5148/5148/5148 5149/5149/5149 5150/5150/5150
f 5150/5150/5150 5149/5149/5149 5151/5151/5151
f 5154/5154/5154 5153/5153/5153 5152/5152/5152
f 5155/5155/5155 5153/5153/5153 5154/5154/5154
f 5158/5158/5158 5157/5157/5157 5156/5156/5156
f 5158/5158/5158 5156/5156/5156 5159/5159/5159
f 5160/5160/5160 5158/5158/5158 5159/5159/5159
f 5161/5161/5161 5160/5160/5160 5159/5159/5159
f 5160/5160/5160 5161/5161/5161 5162/5162/5162
f 5163/5163/5163 5160/5160/5160 5162/5162/5162
f 5162/5162/5162 5164/5164/5164 5163/5163/5163
f 5162/5162/5162 5165/5165/5165 5164/5164/5164
f 5165/5165/5165 5166/5166/5166 5164/5164/5164
f 5165/5165/5165 5167/5167/5167 5166/5166/5166
f 5167/5167/5167 5168/5168/5168 5166/5166/5166
f 5169/5169/5169 5168/5168/5168 5167/5167/5167
f 5170/5170/5170 5169/5169/5169 5167/5167/5167
f 5171/5171/5171 5169/5169/5169 5170/5170/5170
f 5171/5171/5171 5170/5170/5170 5172/5172/5172
f 5171/5171/5171 5172/5172/5172 5173/5173/5173
f 5174/5174/5174 5171/5171/5171 5173/5173/5173
f 5173/5173/5173 5175/5175/5175 5174/5174/5174
f 5174/5174/5174 5175/5175/5175 5176/5176/5176
f 5179/5179/5179 5178/5178/5178 5177/5177/5177
f 5177/5177/5177 5178/5178/5178 5180/5180/5180
f 5177/5177/5177 5180/5180/5180 5181/5181/5181
f 5181/5181/5181 5180/5180/5180 5182/5182/5182
f 5181/5181/5181 5182/5182/5182 5183/5183/5183
f 5183/5183/5183 5182/5182/5182 5184/5184/5184
f 5184/5184/5184 5185/5185/5185 5183/5183/5183
f 5183/5183/5183 5185/5185/5185 5186/5186/5186
f 5187/5187/5187 5186/5186/5186 5185/5185/5185
f 5187/5187/5187 5188/5188/5188 5186/5186/5186
f 5186/5186/5186 5188/5188/5188 5189/5189/5189
f 5188/5188/5188 5187/5187/5187 5190/5190/5190
f 5189/5189/5189 5188/5188/5188 5190/5190/5190
f 5193/5193/5193 5192/5192/5192 5191/5191/5191
f 5194/5194/5194 5193/5193/5193 5191/5191/5191
f 5191/5191/5191 5195/5195/5195 5194/5194/5194
f 5198/5198/5198 5197/5197/5197 5196/5196/5196
f 5199/5199/5199 5197/5197/5197 5198/5198/5198
f 5200/5200/5200 5199/5199/5199 5198/5198/5198
f 5203/5203/5203 5202/5202/5202 5201/5201/5201
f 5201/5201/5201 5202/5202/5202 5204/5204/5204
f 5201/5201/5201 5204/5204/5204 5205/5205/5205
f 5201/5201/5201 5205/5205/5205 5206/5206/5206
f 5205/5205/5205 5207/5207/5207 5206/5206/5206
f 5206/5206/5206 5207/5207/5207 5208/5208/5208
f 5209/5209/5209 5206/5206/5206 5208/5208/5208
f 5208/5208/5208 5210/5210/5210 5209/5209/5209
f 5209/5209/5209 5210/5210/5210 5211/5211/5211
f 5212/5212/5212 5211/5211/5211 5210/5210/5210
f 5211/5211/5211 5212/5212/5212 5213/5213/5213
f 5214/5214/5214 5213/5213/5213 5212/5212/5212
f 5214/5214/5214 5212/5212/5212 5215/5215/5215
f 5215/5215/5215 5216/5216/5216 5214/5214/5214
f 5217/5217/5217 5214/5214/5214 5216/5216/5216
f 5217/5217/5217 5216/5216/5216 5218/5218/5218
f 5217/5217/5217 5218/5218/5218 5219/5219/5219
f 5219/5219/5219 5218/5218/5218 5220/5220/5220
f 5219/5219/5219 5220/5220/5220 5221/5221/5221
f 5221/5221/5221 5220/5220/5220 5222/5222/5222
f 5220/5220/5220 5223/5223/5223 5222/5222/5222
f 5222/5222/5222 5223/5223/5223 5224/5224/5224
f 5227/5227/5227 5226/5226/5226 5225/5225/5225
f 5228/5228/5228 5227/5227/5227 5225/5225/5225
f 5229/5229/5229 5228/5228/5228 5225/5225/5225
f 5232/5232/5232 5231/5231/5231 5230/5230/5230
f 5232/5232/5232 5233/5233/5233 5231/5231/5231
f 5236/5236/5236 5235/5235/5235 5234/5234/5234
f 5237/5237/5237 5235/5235/5235 5236/5236/5236
f 5235/5235/5235 5237/5237/5237 5238/5238/5238
f 5238/5238/5238 5237/5237/5237 5239/5239/5239
f 5240/5240/5240 5238/5238/5238 5239/5239/5239
f 5241/5241/5241 5240/5240/5240 5239/5239/5239
f 5240/5240/5240 5241/5241/5241 5242/5242/5242
f 5242/5242/5242 5241/5241/5241 5243/5243/5243
f 5242/5242/5242 5243/5243/5243 5244/5244/5244
f 5244/5244/5244 5243/5243/5243 5245/5245/5245
f 5246/5246/5246 5244/5244/5244 5245/5245/5245
f 5247/5247/5247 5246/5246/5246 5245/5245/5245
f 5248/5248/5248 5246/5246/5246 5247/5247/5247
f 5248/5248/5248 5247/5247/5247 5249/5249/5249
f 5248/5248/5248 5249/5249/5249 5250/5250/5250
f 5251/5251/5251 5250/5250/5250 5249/5249/5249
f 5249/5249/5249 5252/5252/5252 5251/5251/5251
f 5251/5251/5251 5252/5252/5252 5253/5253/5253
f 5241/5241/5241 5239/5239/5239 5254/5254/5254
f 5241/5241/5241 5254/5254/5254 5255/5255/5255
f 5256/5256/5256 5254/5254/5254 5239/5239/5239
f 5256/5256/5256 5257/5257/5257 5254/5254/5254
f 5257/5257/5257 5256/5256/5256 5258/5258/5258
f 5258/5258/5258 5259/5259/5259 5257/5257/5257
f 5259/5259/5259 5258/5258/5258 5260/5260/5260
f 5260/5260/5260 5261/5261/5261 5259/5259/5259
f 5262/5262/5262 5261/5261/5261 5260/5260/5260
f 5263/5263/5263 5261/5261/5261 5262/5262/5262
f 5264/5264/5264 5263/5263/5263 5262/5262/5262
f 5264/5264/5264 5265/5265/5265 5263/5263/5263
f 5265/5265/5265 5264/5264/5264 5266/5266/5266
f 5267/5267/5267 5265/5265/5265 5266/5266/5266
f 5268/5268/5268 5267/5267/5267 5266/5266/5266
f 5269/5269/5269 5267/5267/5267 5268/5268/5268
f 5268/5268/5268 5270/5270/5270 5269/5269/5269
f 5269/5269/5269 5270/5270/5270 5271/5271/5271
f 5270/5270/5270 5272/5272/5272 5271/5271/5271
f 5273/5273/5273 5271/5271/5271 5272/5272/5272
f 5274/5274/5274 5273/5273/5273 5272/5272/5272
f 5274/5274/5274 5275/5275/5275 5273/5273/5273
f 5274/5274/5274 5276/5276/5276 5275/5275/5275
f 5274/5274/5274 5277/5277/5277 5276/5276/5276
f 5277/5277/5277 5278/5278/5278 5276/5276/5276
f 5279/5279/5279 5278/5278/5278 5277/5277/5277
f 5279/5279/5279 5280/5280/5280 5278/5278/5278
f 5279/5279/5279 5281/5281/5281 5280/5280/5280
f 5282/5282/5282 5280/5280/5280 5281/5281/5281
f 5283/5283/5283 5282/5282/5282 5281/5281/5281
f 5284/5284/5284 5282/5282/5282 5283/5283/5283
f 5285/5285/5285 5284/5284/5284 5283/5283/5283
f 5286/5286/5286 5284/5284/5284 5285/5285/5285
f 5287/5287/5287 5286/5286/5286 5285/5285/5285
f 5288/5288/5288 5286/5286/5286 5287/5287/5287
f 5289/5289/5289 5288/5288/5288 5287/5287/5287
f 5290/5290/5290 5288/5288/5288 5289/5289/5289
f 5291/5291/5291 5290/5290/5290 5289/5289/5289
f 5292/5292/5292 5290/5290/5290 5291/5291/5291
f 5293/5293/5293 5292/5292/5292 5291/5291/5291
f 5294/5294/5294 5292/5292/5292 5293/5293/5293
f 5294/5294/5294 5293/5293/5293 5295/5295/5295
f 5296/5296/5296 5294/5294/5294 5295/5295/5295
f 5297/5297/5297 5294/5294/5294 5296/5296/5296
f 5297/5297/5297 5298/5298/5298 5294/5294/5294
f 5296/5296/5296 5299/5299/5299 5297/5297/5297
f 5300/5300/5300 5297/5297/5297 5299/5299/5299
f 5299/5299/5299 5301/5301/5301 5300/5300/5300
f 5301/5301/5301 5302/5302/5302 5300/5300/5300
f 5301/5301/5301 5303/5303/5303 5302/5302/5302
f 5303/5303/5303 5304/5304/5304 5302/5302/5302
f 5303/5303/5303 5305/5305/5305 5304/5304/5304
f 5305/5305/5305 5306/5306/5306 5304/5304/5304
f 5307/5307/5307 5306/5306/5306 5305/5305/5305
f 5306/5306/5306 5307/5307/5307 5308/5308/5308
f 5308/5308/5308 5309/5309/5309 5306/5306/5306
f 5310/5310/5310 5309/5309/5309 5308/5308/5308
f 5310/5310/5310 5311/5311/5311 5309/5309/5309
f 5311/5311/5311 5312/5312/5312 5309/5309/5309
f 5310/5310/5310 5313/5313/5313 5311/5311/5311
f 5310/5310/5310 5314/5314/5314 5313/5313/5313
f 5315/5315/5315 5313/5313/5313 5314/5314/5314
f 5313/5313/5313 5316/5316/5316 5311/5311/5311
f 5317/5317/5317 5311/5311/5311 5316/5316/5316
f 5316/5316/5316 5318/5318/5318 5317/5317/5317
f 5319/5319/5319 5317/5317/5317 5318/5318/5318
f 5318/5318/5318 5320/5320/5320 5319/5319/5319
f 5321/5321/5321 5319/5319/5319 5320/5320/5320
f 5321/5321/5321 5320/5320/5320 5322/5322/5322
f 5323/5323/5323 5321/5321/5321 5322/5322/5322
f 5324/5324/5324 5323/5323/5323 5322/5322/5322
f 5324/5324/5324 5325/5325/5325 5323/5323/5323
f 5326/5326/5326 5325/5325/5325 5324/5324/5324
f 5326/5326/5326 5327/5327/5327 5325/5325/5325
f 5328/5328/5328 5327/5327/5327 5326/5326/5326
f 5329/5329/5329 5327/5327/5327 5328/5328/5328
f 5329/5329/5329 5328/5328/5328 5330/5330/5330
f 5331/5331/5331 5329/5329/5329 5330/5330/5330
f 5332/5332/5332 5331/5331/5331 5330/5330/5330
f 5331/5331/5331 5332/5332/5332 5333/5333/5333
f 5334/5334/5334 5333/5333/5333 5332/5332/5332
f 5335/5335/5335 5333/5333/5333 5334/5334/5334
f 5335/5335/5335 5334/5334/5334 5336/5336/5336
f 5336/5336/5336 5334/5334/5334 5337/5337/5337
f 5336/5336/5336 5337/5337/5337 5338/5338/5338
f 5338/5338/5338 5337/5337/5337 5339/5339/5339
f 5338/5338/5338 5339/5339/5339 5340/5340/5340
f 5340/5340/5340 5339/5339/5339 5341/5341/5341
f 5342/5342/5342 5340/5340/5340 5341/5341/5341
f 5342/5342/5342 5341/5341/5341 5343/5343/5343
f 5344/5344/5344 5342/5342/5342 5343/5343/5343
f 5344/5344/5344 5343/5343/5343 5345/5345/5345
f 5346/5346/5346 5344/5344/5344 5345/5345/5345
f 5346/5346/5346 5345/5345/5345 5347/5347/5347
f 5348/5348/5348 5346/5346/5346 5347/5347/5347
f 5349/5349/5349 5348/5348/5348 5347/5347/5347
f 5350/5350/5350 5348/5348/5348 5349/5349/5349
f 5350/5350/5350 5349/5349/5349 5351/5351/5351
f 5352/5352/5352 5350/5350/5350 5351/5351/5351
f 5352/5352/5352 5351/5351/5351 5353/5353/5353
f 5353/5353/5353 5354/5354/5354 5352/5352/5352
f 5355/5355/5355 5354/5354/5354 5353/5353/5353
f 5354/5354/5354 5355/5355/5355 5253/5253/5253
f 5252/5252/5252 5354/5354/5354 5253/5253/5253
f 5252/5252/5252 5356/5356/5356 5354/5354/5354
f 5359/5359/5359 5358/5358/5358 5357/5357/5357
f 5359/5359/5359 5357/5357/5357 5360/5360/5360
f 5359/5359/5359 5360/5360/5360 5361/5361/5361
f 5357/5357/5357 5362/5362/5362 5360/5360/5360
f 5362/5362/5362 5363/5363/5363 5360/5360/5360
f 5366/5366/5366 5365/5365/5365 5364/5364/5364
f 5367/5367/5367 5365/5365/5365 5366/5366/5366
f 5368/5368/5368 5367/5367/5367 5366/5366/5366
f 5369/5369/5369 5367/5367/5367 5368/5368/5368
f 5372/5372/5372 5371/5371/5371 5370/5370/5370
f 5373/5373/5373 5371/5371/5371 5372/5372/5372
f 5374/5374/5374 5373/5373/5373 5372/5372/5372
f 5375/5375/5375 5373/5373/5373 5374/5374/5374
f 5375/5375/5375 5376/5376/5376 5373/5373/5373
f 5379/5379/5379 5378/5378/5378 5377/5377/5377
f 5380/5380/5380 5377/5377/5377 5378/5378/5378
f 5383/5383/5383 5382/5382/5382 5381/5381/5381
f 5383/5383/5383 5381/5381/5381 5384/5384/5384
f 5381/5381/5381 5385/5385/5385 5384/5384/5384
f 5388/5388/5388 5387/5387/5387 5386/5386/5386
f 5388/5388/5388 5389/5389/5389 5387/5387/5387
f 5388/5388/5388 5390/5390/5390 5389/5389/5389
f 5391/5391/5391 5390/5390/5390 5388/5388/5388
f 5392/5392/5392 5390/5390/5390 5391/5391/5391
f 5392/5392/5392 5393/5393/5393 5390/5390/5390
f 5392/5392/5392 5394/5394/5394 5393/5393/5393
f 5394/5394/5394 5395/5395/5395 5393/5393/5393
f 5396/5396/5396 5395/5395/5395 5394/5394/5394
f 5396/5396/5396 5397/5397/5397 5395/5395/5395
f 5396/5396/5396 5398/5398/5398 5397/5397/5397
f 5399/5399/5399 5398/5398/5398 5396/5396/5396
f 5402/5402/5402 5401/5401/5401 5400/5400/5400
f 5402/5402/5402 5400/5400/5400 5403/5403/5403
f 5403/5403/5403 5400/5400/5400 4220/4220/4220
f 5400/5400/5400 5404/5404/5404 4220/4220/4220
f 4220/4220/4220 5404/5404/5404 4218/4218/4218
f 5404/5404/5404 5405/5405/5405 4218/4218/4218
f 5405/5405/5405 5406/5406/5406 4218/4218/4218
f 5408/5408/5408 5407/5407/5407 5405/5405/5405
f 5409/5409/5409 5407/5407/5407 5408/5408/5408
f 5410/5410/5410 5407/5407/5407 5409/5409/5409
f 5411/5411/5411 5407/5407/5407 5410/5410/5410
f 5414/5414/5414 5413/5413/5413 5412/5412/5412
f 5413/5413/5413 5414/5414/5414 5415/5415/5415
f 5418/5418/5418 5417/5417/5417 5416/5416/5416
f 5417/5417/5417 5418/5418/5418 5419/5419/5419
f 5422/5422/5422 5421/5421/5421 5420/5420/5420
f 5420/5420/5420 5421/5421/5421 5423/5423/5423
f 5420/5420/5420 5423/5423/5423 5424/5424/5424
f 5420/5420/5420 5424/5424/5424 5425/5425/5425
f 5426/5426/5426 5420/5420/5420 5425/5425/5425
f 5425/5425/5425 5424/5424/5424 5427/5427/5427
f 5424/5424/5424 5428/5428/5428 5427/5427/5427
f 5428/5428/5428 5429/5429/5429 5427/5427/5427
f 5427/5427/5427 5429/5429/5429 1534/1534/1534
f 5428/5428/5428 5430/5430/5430 5429/5429/5429
f 5428/5428/5428 5431/5431/5431 5430/5430/5430
f 5432/5432/5432 5431/5431/5431 5428/5428/5428
f 5429/5429/5429 5433/5433/5433 1534/1534/1534
f 5433/5433/5433 1536/1536/1536 1534/1534/1534
f 5433/5433/5433 5434/5434/5434 1536/1536/1536
f 5433/5433/5433 5435/5435/5435 5434/5434/5434
f 5436/5436/5436 5435/5435/5435 5433/5433/5433
f 5439/5439/5439 5438/5438/5438 5437/5437/5437
f 5437/5437/5437 5438/5438/5438 5440/5440/5440
f 5437/5437/5437 5440/5440/5440 5441/5441/5441
f 5444/5444/5444 5443/5443/5443 5442/5442/5442
f 5444/5444/5444 5445/5445/5445 5443/5443/5443
f 5445/5445/5445 5446/5446/5446 5443/5443/5443
f 5449/5449/5449 5448/5448/5448 5447/5447/5447
f 5450/5450/5450 5447/5447/5447 5448/5448/5448
f 5447/5447/5447 5450/5450/5450 5451/5451/5451
f 5451/5451/5451 5452/5452/5452 5447/5447/5447
f 5447/5447/5447 5452/5452/5452 5453/5453/5453
f 5453/5453/5453 5452/5452/5452 5454/5454/5454
f 5452/5452/5452 5455/5455/5455 5454/5454/5454
f 5454/5454/5454 5455/5455/5455 5456/5456/5456
f 5457/5457/5457 5456/5456/5456 5455/5455/5455
f 5455/5455/5455 5458/5458/5458 5457/5457/5457
f 5458/5458/5458 5459/5459/5459 5457/5457/5457
f 5460/5460/5460 5459/5459/5459 5458/5458/5458
f 5459/5459/5459 5460/5460/5460 5461/5461/5461
f 5461/5461/5461 5462/5462/5462 5459/5459/5459
f 5461/5461/5461 5463/5463/5463 5462/5462/5462
f 5464/5464/5464 5462/5462/5462 5463/5463/5463
f 5464/5464/5464 5465/5465/5465 5462/5462/5462
f 5466/5466/5466 5465/5465/5465 5464/5464/5464
f 5467/5467/5467 5466/5466/5466 5464/5464/5464
f 5467/5467/5467 5468/5468/5468 5466/5466/5466
f 5468/5468/5468 5467/5467/5467 5469/5469/5469
f 5470/5470/5470 5469/5469/5469 5467/5467/5467
f 5470/5470/5470 5471/5471/5471 5469/5469/5469
f 5472/5472/5472 5471/5471/5471 5470/5470/5470
f 5475/5475/5475 5474/5474/5474 5473/5473/5473
f 5476/5476/5476 5475/5475/5475 5473/5473/5473
f 5477/5477/5477 5475/5475/5475 5476/5476/5476
f 5477/5477/5477 5478/5478/5478 5475/5475/5475
f 5481/5481/5481 5480/5480/5480 5479/5479/5479
f 5479/5479/5479 5482/5482/5482 5481/5481/5481
f 5479/5479/5479 5483/5483/5483 5482/5482/5482
f 5484/5484/5484 5483/5483/5483 5479/5479/5479
f 5484/5484/5484 5485/5485/5485 5483/5483/5483
f 5485/5485/5485 5484/5484/5484 5486/5486/5486
f 5487/5487/5487 5486/5486/5486 5484/5484/5484
f 5487/5487/5487 5484/5484/5484 5488/5488/5488
f 5489/5489/5489 5487/5487/5487 5488/5488/5488
f 5490/5490/5490 5487/5487/5487 5489/5489/5489
f 5490/5490/5490 5489/5489/5489 5491/5491/5491
f 5490/5490/5490 5491/5491/5491 5492/5492/5492
f 5490/5490/5490 5492/5492/5492 5493/5493/5493
f 5494/5494/5494 5493/5493/5493 5492/5492/5492
f 5495/5495/5495 5493/5493/5493 5494/5494/5494
f 5494/5494/5494 5496/5496/5496 5495/5495/5495
f 5497/5497/5497 5496/5496/5496 5494/5494/5494
f 5498/5498/5498 5496/5496/5496 5497/5497/5497
f 5499/5499/5499 5496/5496/5496 5498/5498/5498
f 5499/5499/5499 5498/5498/5498 5500/5500/5500
f 5499/5499/5499 5500/5500/5500 5501/5501/5501
f 5501/5501/5501 5500/5500/5500 5502/5502/5502
f 5503/5503/5503 5501/5501/5501 5502/5502/5502
f 5503/5503/5503 5502/5502/5502 5504/5504/5504
f 5503/5503/5503 5504/5504/5504 5505/5505/5505
f 5506/5506/5506 5503/5503/5503 5505/5505/5505
f 5506/5506/5506 5505/5505/5505 5507/5507/5507
f 5508/5508/5508 5506/5506/5506 5507/5507/5507
f 5506/5506/5506 5508/5508/5508 5509/5509/5509
f 5510/5510/5510 5509/5509/5509 5508/5508/5508
f 5511/5511/5511 5509/5509/5509 5510/5510/5510
f 5510/5510/5510 5512/5512/5512 5511/5511/5511
f 5511/5511/5511 5512/5512/5512 5513/5513/5513
f 5513/5513/5513 5512/5512/5512 5514/5514/5514
f 5515/5515/5515 5513/5513/5513 5514/5514/5514
f 5513/5513/5513 5515/5515/5515 5516/5516/5516
f 5515/5515/5515 5517/5517/5517 5516/5516/5516
f 5516/5516/5516 5517/5517/5517 5518/5518/5518
f 5518/5518/5518 5517/5517/5517 5519/5519/5519
f 5519/5519/5519 5520/5520/5520 5518/5518/5518
f 5521/5521/5521 5520/5520/5520 5519/5519/5519
f 5520/5520/5520 5521/5521/5521 5522/5522/5522
f 5522/5522/5522 5521/5521/5521 5523/5523/5523
f 5523/5523/5523 5521/5521/5521 5524/5524/5524
f 5525/5525/5525 5523/5523/5523 5524/5524/5524
f 5526/5526/5526 5525/5525/5525 5524/5524/5524
f 5527/5527/5527 5525/5525/5525 5526/5526/5526
f 5530/5530/5530 5529/5529/5529 5528/5528/5528
f 5528/5528/5528 5529/5529/5529 5531/5531/5531
f 5528/5528/5528 5531/5531/5531 5532/5532/5532
f 5531/5531/5531 5533/5533/5533 5532/5532/5532
f 5532/5532/5532 5533/5533/5533 5534/5534/5534
f 5534/5534/5534 5533/5533/5533 5535/5535/5535
f 5534/5534/5534 5535/5535/5535 5536/5536/5536
f 5536/5536/5536 5535/5535/5535 5537/5537/5537
f 5536/5536/5536 5537/5537/5537 5538/5538/5538
f 5541/5541/5541 5540/5540/5540 5539/5539/5539
f 5542/5542/5542 5539/5539/5539 5540/5540/5540
f 5545/5545/5545 5544/5544/5544 5543/5543/5543
f 5544/5544/5544 5546/5546/5546 5543/5543/5543
f 5543/5543/5543 5546/5546/5546 5547/5547/5547
f 5547/5547/5547 5548/5548/5548 5543/5543/5543
f 5546/5546/5546 5549/5549/5549 5547/5547/5547
f 5549/5549/5549 5550/5550/5550 5547/5547/5547
f 5550/5550/5550 5551/5551/5551 5547/5547/5547
f 5551/5551/5551 5552/5552/5552 5547/5547/5547
f 5551/5551/5551 5553/5553/5553 5552/5552/5552
f 5553/5553/5553 5554/5554/5554 5552/5552/5552
f 5553/5553/5553 5555/5555/5555 5554/5554/5554
f 5555/5555/5555 5556/5556/5556 5554/5554/5554
f 5555/5555/5555 5557/5557/5557 5556/5556/5556
f 5555/5555/5555 5558/5558/5558 5557/5557/5557
f 5558/5558/5558 5559/5559/5559 5557/5557/5557
f 5558/5558/5558 5560/5560/5560 5559/5559/5559
f 5560/5560/5560 5561/5561/5561 5559/5559/5559
f 5561/5561/5561 5562/5562/5562 5559/5559/5559
f 5562/5562/5562 5563/5563/5563 5559/5559/5559
f 5561/5561/5561 5564/5564/5564 5562/5562/5562
f 5561/5561/5561 5565/5565/5565 5564/5564/5564
f 5565/5565/5565 5566/5566/5566 5564/5564/5564
f 5569/5569/5569 5568/5568/5568 5567/5567/5567
f 5569/5569/5569 5567/5567/5567 5570/5570/5570
f 5573/5573/5573 5572/5572/5572 5571/5571/5571
f 5572/5572/5572 5574/5574/5574 5571/5571/5571
f 5574/5574/5574 5575/5575/5575 5571/5571/5571
f 5574/5574/5574 5576/5576/5576 5575/5575/5575
f 5575/5575/5575 5576/5576/5576 5577/5577/5577
f 5580/5580/5580 5579/5579/5579 5578/5578/5578
f 5579/5579/5579 5580/5580/5580 5581/5581/5581
f 5580/5580/5580 5582/5582/5582 5581/5581/5581
f 5583/5583/5583 5582/5582/5582 5580/5580/5580
f 5583/5583/5583 5584/5584/5584 5582/5582/5582
f 5583/5583/5583 5585/5585/5585 5584/5584/5584
f 5586/5586/5586 5585/5585/5585 5583/5583/5583
f 5586/5586/5586 5587/5587/5587 5585/5585/5585
f 5588/5588/5588 5587/5587/5587 5586/5586/5586
f 5589/5589/5589 5587/5587/5587 5588/5588/5588
f 5590/5590/5590 5587/5587/5587 5589/5589/5589
f 5590/5590/5590 5589/5589/5589 5591/5591/5591
f 5592/5592/5592 5591/5591/5591 5589/5589/5589
f 5593/5593/5593 5591/5591/5591 5592/5592/5592
f 5593/5593/5593 5592/5592/5592 5594/5594/5594
f 5593/5593/5593 5594/5594/5594 5595/5595/5595
f 5596/5596/5596 5593/5593/5593 5595/5595/5595
f 5596/5596/5596 5595/5595/5595 5597/5597/5597
f 5598/5598/5598 5596/5596/5596 5597/5597/5597
f 5597/5597/5597 5599/5599/5599 5598/5598/5598
f 5600/5600/5600 5598/5598/5598 5599/5599/5599
f 5600/5600/5600 5601/5601/5601 5598/5598/5598
f 5600/5600/5600 5602/5602/5602 5601/5601/5601
f 5602/5602/5602 5603/5603/5603 5601/5601/5601
f 5603/5603/5603 5604/5604/5604 5601/5601/5601
f 5605/5605/5605 5603/5603/5603 5602/5602/5602
f 5605/5605/5605 5606/5606/5606 5603/5603/5603
f 5606/5606/5606 5607/5607/5607 5603/5603/5603
f 5608/5608/5608 5607/5607/5607 5606/5606/5606
f 5608/5608/5608 5609/5609/5609 5607/5607/5607
f 5609/5609/5609 5610/5610/5610 5607/5607/5607
f 5607/5607/5607 5610/5610/5610 5611/5611/5611
f 5608/5608/5608 5612/5612/5612 5609/5609/5609
f 5613/5613/5613 5612/5612/5612 5608/5608/5608
f 5614/5614/5614 5612/5612/5612 5613/5613/5613
f 5614/5614/5614 5615/5615/5615 5612/5612/5612
f 5616/5616/5616 5615/5615/5615 5614/5614/5614
f 5617/5617/5617 5615/5615/5615 5616/5616/5616
f 5618/5618/5618 5615/5615/5615 5617/5617/5617
f 5619/5619/5619 5618/5618/5618 5617/5617/5617
f 5620/5620/5620 5618/5618/5618 5619/5619/5619
f 5620/5620/5620 5619/5619/5619 5621/5621/5621
f 5621/5621/5621 5622/5622/5622 5620/5620/5620
f 5623/5623/5623 5622/5622/5622 5621/5621/5621
f 5624/5624/5624 5622/5622/5622 5623/5623/5623
f 5624/5624/5624 5623/5623/5623 5625/5625/5625
f 5624/5624/5624 5625/5625/5625 5626/5626/5626
f 5627/5627/5627 5626/5626/5626 5625/5625/5625
f 5628/5628/5628 5627/5627/5627 5625/5625/5625
f 5631/5631/5631 5630/5630/5630 5629/5629/5629
f 5629/5629/5629 5630/5630/5630 5632/5632/5632
f 5629/5629/5629 5632/5632/5632 5633/5633/5633
f 5633/5633/5633 5632/5632/5632 5634/5634/5634
f 5635/5635/5635 5633/5633/5633 5634/5634/5634
f 5635/5635/5635 5634/5634/5634 5636/5636/5636
f 5635/5635/5635 5636/5636/5636 5637/5637/5637
f 5638/5638/5638 5637/5637/5637 5636/5636/5636
f 5639/5639/5639 5637/5637/5637 5638/5638/5638
f 5642/5642/5642 5641/5641/5641 5640/5640/5640
f 5642/5642/5642 5643/5643/5643 5641/5641/5641
f 5644/5644/5644 5643/5643/5643 5642/5642/5642
f 5645/5645/5645 5641/5641/5641 5643/5643/5643
f 5645/5645/5645 5646/5646/5646 5641/5641/5641
f 5647/5647/5647 5645/5645/5645 5643/5643/5643
f 5648/5648/5648 5643/5643/5643 5644/5644/5644
f 5648/5648/5648 5647/5647/5647 5643/5643/5643
f 5649/5649/5649 5648/5648/5648 5644/5644/5644
f 5648/5648/5648 5650/5650/5650 5647/5647/5647
f 5649/5649/5649 5651/5651/5651 5648/5648/5648
f 5648/5648/5648 5651/5651/5651 5650/5650/5650
f 5652/5652/5652 5650/5650/5650 5651/5651/5651
f 5649/5649/5649 5653/5653/5653 5651/5651/5651
f 5654/5654/5654 5652/5652/5652 5651/5651/5651
f 5655/5655/5655 5651/5651/5651 5653/5653/5653
f 5651/5651/5651 5655/5655/5655 5654/5654/5654
f 5653/5653/5653 5656/5656/5656 5655/5655/5655
f 5655/5655/5655 5657/5657/5657 5654/5654/5654
f 5660/5660/5660 5659/5659/5659 5658/5658/5658
f 5658/5658/5658 5659/5659/5659 1573/1573/1573
f 5661/5661/5661 1573/1573/1573 5659/5659/5659
f 5662/5662/5662 5661/5661/5661 5659/5659/5659
f 5661/5661/5661 5663/5663/5663 1573/1573/1573
f 5664/5664/5664 1573/1573/1573 5663/5663/5663
f 5664/5664/5664 5665/5665/5665 1573/1573/1573
f 5666/5666/5666 5662/5662/5662 5659/5659/5659
f 5666/5666/5666 5667/5667/5667 5662/5662/5662
f 5666/5666/5666 5668/5668/5668 5667/5667/5667
f 5669/5669/5669 5668/5668/5668 5666/5666/5666
f 5669/5669/5669 5670/5670/5670 5668/5668/5668
f 1572/1572/1572 1573/1573/1573 5665/5665/5665
f 5671/5671/5671 5670/5670/5670 5669/5669/5669
f 5672/5672/5672 1572/1572/1572 5665/5665/5665
f 5670/5670/5670 5671/5671/5671 5673/5673/5673
f 5674/5674/5674 1572/1572/1572 5672/5672/5672
f 5674/5674/5674 5673/5673/5673 5671/5671/5671
f 5674/5674/5674 5671/5671/5671 1572/1572/1572
f 5671/5671/5671 5675/5675/5675 1572/1572/1572
f 5676/5676/5676 5675/5675/5675 5671/5671/5671
f 5679/5679/5679 5678/5678/5678 5677/5677/5677
f 5680/5680/5680 5678/5678/5678 5679/5679/5679
f 5681/5681/5681 5680/5680/5680 5679/5679/5679
f 5678/5678/5678 5680/5680/5680 5682/5682/5682
f 5681/5681/5681 5683/5683/5683 5680/5680/5680
f 5684/5684/5684 5683/5683/5683 5681/5681/5681
f 5683/5683/5683 5685/5685/5685 5680/5680/5680
f 5686/5686/5686 5682/5682/5682 5680/5680/5680
f 5680/5680/5680 5685/5685/5685 5686/5686/5686
f 5682/5682/5682 5686/5686/5686 5687/5687/5687
f 5686/5686/5686 5685/5685/5685 5688/5688/5688
f 5686/5686/5686 5689/5689/5689 5687/5687/5687
f 5686/5686/5686 5688/5688/5688 5689/5689/5689
f 5689/5689/5689 5690/5690/5690 5687/5687/5687
f 5688/5688/5688 5691/5691/5691 5689/5689/5689
f 5689/5689/5689 5692/5692/5692 5690/5690/5690
f 5691/5691/5691 5692/5692/5692 5689/5689/5689
f 5692/5692/5692 5693/5693/5693 5690/5690/5690
f 5692/5692/5692 5691/5691/5691 5694/5694/5694
f 5697/5697/5697 5696/5696/5696 5695/5695/5695
f 5698/5698/5698 5696/5696/5696 5697/5697/5697
f 5699/5699/5699 5696/5696/5696 5698/5698/5698
f 5699/5699/5699 5700/5700/5700 5696/5696/5696
f 5699/5699/5699 5701/5701/5701 5700/5700/5700
f 5702/5702/5702 5701/5701/5701 5699/5699/5699
f 5703/5703/5703 5701/5701/5701 5702/5702/5702
f 5702/5702/5702 5704/5704/5704 5703/5703/5703
f 5705/5705/5705 5704/5704/5704 5702/5702/5702
f 5706/5706/5706 5704/5704/5704 5705/5705/5705
f 5707/5707/5707 5704/5704/5704 5706/5706/5706
f 5704/5704/5704 5707/5707/5707 5708/5708/5708
f 5709/5709/5709 5708/5708/5708 5707/5707/5707
f 5708/5708/5708 5709/5709/5709 5710/5710/5710
f 5708/5708/5708 5710/5710/5710 5711/5711/5711
f 5711/5711/5711 5710/5710/5710 5712/5712/5712
f 5713/5713/5713 5711/5711/5711 5712/5712/5712
f 5713/5713/5713 5712/5712/5712 5714/5714/5714
f 5713/5713/5713 5714/5714/5714 5715/5715/5715
f 5715/5715/5715 5714/5714/5714 5716/5716/5716
f 5716/5716/5716 5714/5714/5714 5717/5717/5717
f 5716/5716/5716 5717/5717/5717 5718/5718/5718
f 5718/5718/5718 5717/5717/5717 5719/5719/5719
f 5722/5722/5722 5721/5721/5721 5720/5720/5720
f 5720/5720/5720 5721/5721/5721 5723/5723/5723
f 5726/5726/5726 5725/5725/5725 5724/5724/5724
f 5725/5725/5725 5727/5727/5727 5724/5724/5724
f 5730/5730/5730 5729/5729/5729 5728/5728/5728
f 5728/5728/5728 5731/5731/5731 5730/5730/5730
f 5734/5734/5734 5733/5733/5733 5732/5732/5732
f 5735/5735/5735 5734/5734/5734 5732/5732/5732
f 5735/5735/5735 5736/5736/5736 5734/5734/5734
f 5739/5739/5739 5738/5738/5738 5737/5737/5737
f 5740/5740/5740 5738/5738/5738 5739/5739/5739
f 5743/5743/5743 5742/5742/5742 5741/5741/5741
f 5742/5742/5742 5743/5743/5743 5744/5744/5744
f 5742/5742/5742 5744/5744/5744 5745/5745/5745
f 5745/5745/5745 5744/5744/5744 5746/5746/5746
f 5747/5747/5747 5745/5745/5745 5746/5746/5746
f 5743/5743/5743 5748/5748/5748 5744/5744/5744
f 5749/5749/5749 5748/5748/5748 5743/5743/5743
f 5750/5750/5750 5748/5748/5748 5749/5749/5749
f 5747/5747/5747 5746/5746/5746 5751/5751/5751
f 5747/5747/5747 5751/5751/5751 5752/5752/5752
f 5751/5751/5751 5753/5753/5753 5752/5752/5752
f 5750/5750/5750 5754/5754/5754 5748/5748/5748
f 5755/5755/5755 5754/5754/5754 5750/5750/5750
f 5756/5756/5756 5754/5754/5754 5755/5755/5755
f 5757/5757/5757 5754/5754/5754 5756/5756/5756
f 5758/5758/5758 5757/5757/5757 5756/5756/5756
f 5758/5758/5758 5759/5759/5759 5757/5757/5757
f 5758/5758/5758 5760/5760/5760 5759/5759/5759
f 5760/5760/5760 5761/5761/5761 5759/5759/5759
f 5761/5761/5761 5760/5760/5760 5762/5762/5762
f 5762/5762/5762 5763/5763/5763 5761/5761/5761
f 5763/5763/5763 5762/5762/5762 5764/5764/5764
f 5764/5764/5764 5765/5765/5765 5763/5763/5763
f 5766/5766/5766 5765/5765/5765 5764/5764/5764
f 5767/5767/5767 5765/5765/5765 5766/5766/5766
f 5768/5768/5768 5767/5767/5767 5766/5766/5766
f 5769/5769/5769 5767/5767/5767 5768/5768/5768
f 5768/5768/5768 5770/5770/5770 5769/5769/5769
f 5770/5770/5770 5771/5771/5771 5769/5769/5769
f 5770/5770/5770 5772/5772/5772 5771/5771/5771
f 5772/5772/5772 5773/5773/5773 5771/5771/5771
f 5774/5774/5774 5773/5773/5773 5772/5772/5772
f 5774/5774/5774 5775/5775/5775 5773/5773/5773
f 5776/5776/5776 5775/5775/5775 5774/5774/5774
f 5776/5776/5776 5777/5777/5777 5775/5775/5775
f 5778/5778/5778 5777/5777/5777 5776/5776/5776
f 5777/5777/5777 5778/5778/5778 5779/5779/5779
f 5778/5778/5778 5780/5780/5780 5779/5779/5779
f 5780/5780/5780 5781/5781/5781 5779/5779/5779
f 5782/5782/5782 5781/5781/5781 5780/5780/5780
f 5783/5783/5783 5781/5781/5781 5782/5782/5782
f 5784/5784/5784 5783/5783/5783 5782/5782/5782
f 5784/5784/5784 5785/5785/5785 5783/5783/5783
f 5784/5784/5784 5786/5786/5786 5785/5785/5785
f 5787/5787/5787 5785/5785/5785 5786/5786/5786
f 5788/5788/5788 5787/5787/5787 5786/5786/5786
f 5788/5788/5788 5789/5789/5789 5787/5787/5787
f 5790/5790/5790 5789/5789/5789 5788/5788/5788
f 5791/5791/5791 5789/5789/5789 5790/5790/5790
f 5792/5792/5792 5791/5791/5791 5790/5790/5790
f 5793/5793/5793 5791/5791/5791 5792/5792/5792
f 5794/5794/5794 5793/5793/5793 5792/5792/5792
f 5794/5794/5794 5795/5795/5795 5793/5793/5793
f 5796/5796/5796 5795/5795/5795 5794/5794/5794
f 5796/5796/5796 5797/5797/5797 5795/5795/5795
f 5798/5798/5798 5797/5797/5797 5796/5796/5796
f 5799/5799/5799 5797/5797/5797 5798/5798/5798
f 5798/5798/5798 5800/5800/5800 5799/5799/5799
f 5801/5801/5801 5799/5799/5799 5800/5800/5800
f 5801/5801/5801 5802/5802/5802 5799/5799/5799
f 5803/5803/5803 5802/5802/5802 5801/5801/5801
f 5804/5804/5804 5802/5802/5802 5803/5803/5803
f 5805/5805/5805 5802/5802/5802 5804/5804/5804
f 5805/5805/5805 5806/5806/5806 5802/5802/5802
f 5807/5807/5807 5806/5806/5806 5805/5805/5805
f 5807/5807/5807 5808/5808/5808 5806/5806/5806
f 5809/5809/5809 5808/5808/5808 5807/5807/5807
f 5810/5810/5810 5808/5808/5808 5809/5809/5809
f 5810/5810/5810 5811/5811/5811 5808/5808/5808
f 5812/5812/5812 5808/5808/5808 5811/5811/5811
f 5813/5813/5813 5812/5812/5812 5811/5811/5811
f 5813/5813/5813 5814/5814/5814 5812/5812/5812
f 5812/5812/5812 5814/5814/5814 5815/5815/5815
f 5815/5815/5815 5814/5814/5814 5816/5816/5816
f 5817/5817/5817 5815/5815/5815 5816/5816/5816
f 5818/5818/5818 5815/5815/5815 5817/5817/5817
f 5817/5817/5817 5819/5819/5819 5818/5818/5818
f 5820/5820/5820 5818/5818/5818 5819/5819/5819
f 5821/5821/5821 5820/5820/5820 5819/5819/5819
f 5821/5821/5821 5822/5822/5822 5820/5820/5820
f 5823/5823/5823 5822/5822/5822 5821/5821/5821
f 5823/5823/5823 5824/5824/5824 5822/5822/5822
f 5825/5825/5825 5824/5824/5824 5823/5823/5823
f 5825/5825/5825 5826/5826/5826 5824/5824/5824
f 5827/5827/5827 5826/5826/5826 5825/5825/5825
f 5828/5828/5828 5826/5826/5826 5827/5827/5827
f 5827/5827/5827 5829/5829/5829 5828/5828/5828
f 5830/5830/5830 5828/5828/5828 5829/5829/5829
f 5831/5831/5831 5830/5830/5830 5829/5829/5829
f 5832/5832/5832 5830/5830/5830 5831/5831/5831
f 5833/5833/5833 5832/5832/5832 5831/5831/5831
f 5832/5832/5832 5833/5833/5833 5834/5834/5834
f 5834/5834/5834 5833/5833/5833 5835/5835/5835
f 5834/5834/5834 5835/5835/5835 5836/5836/5836
f 5835/5835/5835 5837/5837/5837 5836/5836/5836
f 5838/5838/5838 5836/5836/5836 5837/5837/5837
f 5839/5839/5839 5838/5838/5838 5837/5837/5837
f 5838/5838/5838 5839/5839/5839 5840/5840/5840
f 5841/5841/5841 5840/5840/5840 5839/5839/5839
f 5842/5842/5842 5840/5840/5840 5841/5841/5841
f 5843/5843/5843 5842/5842/5842 5841/5841/5841
f 5842/5842/5842 5843/5843/5843 5844/5844/5844
f 5844/5844/5844 5843/5843/5843 5845/5845/5845
f 5844/5844/5844 5845/5845/5845 5846/5846/5846
f 5846/5846/5846 5845/5845/5845 5847/5847/5847
f 5848/5848/5848 5846/5846/5846 5847/5847/5847
f 5849/5849/5849 5848/5848/5848 5847/5847/5847
f 5850/5850/5850 5848/5848/5848 5849/5849/5849
f 5851/5851/5851 5850/5850/5850 5849/5849/5849
f 5851/5851/5851 5852/5852/5852 5850/5850/5850
f 5853/5853/5853 5852/5852/5852 5851/5851/5851
f 5853/5853/5853 5854/5854/5854 5852/5852/5852
f 5855/5855/5855 5854/5854/5854 5853/5853/5853
f 5855/5855/5855 5856/5856/5856 5854/5854/5854
f 5856/5856/5856 5855/5855/5855 5857/5857/5857
f 5857/5857/5857 5858/5858/5858 5856/5856/5856
f 5859/5859/5859 5858/5858/5858 5857/5857/5857
f 5859/5859/5859 5860/5860/5860 5858/5858/5858
f 5859/5859/5859 5861/5861/5861 5860/5860/5860
f 5861/5861/5861 5862/5862/5862 5860/5860/5860
f 5753/5753/5753 5860/5860/5860 5862/5862/5862
f 5753/5753/5753 5751/5751/5751 5860/5860/5860
f 5865/5865/5865 5864/5864/5864 5863/5863/5863
f 5864/5864/5864 5865/5865/5865 5866/5866/5866
f 5864/5864/5864 5866/5866/5866 5867/5867/5867
f 5867/5867/5867 5866/5866/5866 5868/5868/5868
f 5868/5868/5868 5869/5869/5869 5867/5867/5867
f 5870/5870/5870 5869/5869/5869 5868/5868/5868
f 5870/5870/5870 5871/5871/5871 5869/5869/5869
f 5870/5870/5870 5872/5872/5872 5871/5871/5871
f 5871/5871/5871 5872/5872/5872 5873/5873/5873
f 5872/5872/5872 5874/5874/5874 5873/5873/5873
f 5875/5875/5875 5873/5873/5873 5874/5874/5874
f 5876/5876/5876 5875/5875/5875 5874/5874/5874
f 5871/5871/5871 5873/5873/5873 5877/5877/5877
f 5878/5878/5878 5877/5877/5877 5873/5873/5873
f 5879/5879/5879 5871/5871/5871 5877/5877/5877
f 5877/5877/5877 5878/5878/5878 5880/5880/5880
f 5881/5881/5881 5879/5879/5879 5877/5877/5877
f 5882/5882/5882 5880/5880/5880 5878/5878/5878
f 5883/5883/5883 5879/5879/5879 5881/5881/5881
f 5884/5884/5884 5879/5879/5879 5883/5883/5883
f 5885/5885/5885 5884/5884/5884 5883/5883/5883
f 5886/5886/5886 5880/5880/5880 5882/5882/5882
f 5886/5886/5886 5882/5882/5882 5887/5887/5887
f 5886/5886/5886 5887/5887/5887 5888/5888/5888
f 5886/5886/5886 5888/5888/5888 5889/5889/5889
f 5889/5889/5889 5888/5888/5888 5890/5890/5890
f 5891/5891/5891 5884/5884/5884 5885/5885/5885
f 5892/5892/5892 5889/5889/5889 5890/5890/5890
f 5890/5890/5890 5893/5893/5893 5892/5892/5892
f 5891/5891/5891 5885/5885/5885 5894/5894/5894
f 5891/5891/5891 5894/5894/5894 5895/5895/5895
f 5896/5896/5896 5891/5891/5891 5895/5895/5895
f 5897/5897/5897 5891/5891/5891 5896/5896/5896
f 5898/5898/5898 5892/5892/5892 5893/5893/5893
f 5899/5899/5899 5892/5892/5892 5898/5898/5898
f 5900/5900/5900 5899/5899/5899 5898/5898/5898
f 5900/5900/5900 5898/5898/5898 5901/5901/5901
f 5898/5898/5898 5902/5902/5902 5901/5901/5901
f 5902/5902/5902 5898/5898/5898 5903/5903/5903
f 5906/5906/5906 5905/5905/5905 5904/5904/5904
f 5906/5906/5906 5904/5904/5904 5907/5907/5907
f 5910/5910/5910 5909/5909/5909 5908/5908/5908
f 5909/5909/5909 5910/5910/5910 5911/5911/5911
f 5914/5914/5914 5913/5913/5913 5912/5912/5912
f 5915/5915/5915 5912/5912/5912 5913/5913/5913
f 5918/5918/5918 5917/5917/5917 5916/5916/5916
f 5918/5918/5918 5916/5916/5916 5919/5919/5919
f 5922/5922/5922 5921/5921/5921 5920/5920/5920
f 5921/5921/5921 5923/5923/5923 5920/5920/5920
f 5923/5923/5923 5924/5924/5924 5920/5920/5920
f 5925/5925/5925 5920/5920/5920 5924/5924/5924
f 5923/5923/5923 5926/5926/5926 5924/5924/5924
f 5927/5927/5927 5923/5923/5923 5921/5921/5921
f 5928/5928/5928 5927/5927/5927 5921/5921/5921
f 5929/5929/5929 5923/5923/5923 5927/5927/5927
f 5932/5932/5932 5931/5931/5931 5930/5930/5930
f 5930/5930/5930 5931/5931/5931 5933/5933/5933
f 5931/5931/5931 5934/5934/5934 5933/5933/5933
f 5937/5937/5937 5936/5936/5936 5935/5935/5935
f 5937/5937/5937 5935/5935/5935 5938/5938/5938
f 5941/5941/5941 5940/5940/5940 5939/5939/5939
f 5939/5939/5939 5942/5942/5942 5941/5941/5941
f 5943/5943/5943 5942/5942/5942 5939/5939/5939
f 5943/5943/5943 5939/5939/5939 5944/5944/5944
f 5944/5944/5944 5939/5939/5939 5945/5945/5945
f 5946/5946/5946 5943/5943/5943 5944/5944/5944
f 5947/5947/5947 5943/5943/5943 5946/5946/5946
f 5948/5948/5948 5943/5943/5943 5947/5947/5947
f 5948/5948/5948 5949/5949/5949 5943/5943/5943
f 5948/5948/5948 5950/5950/5950 5949/5949/5949
f 5948/5948/5948 5951/5951/5951 5950/5950/5950
f 5952/5952/5952 5951/5951/5951 5948/5948/5948
f 5953/5953/5953 5952/5952/5952 5948/5948/5948
f 5956/5956/5956 5955/5955/5955 5954/5954/5954
f 5956/5956/5956 5954/5954/5954 5957/5957/5957
f 5960/5960/5960 5959/5959/5959 5958/5958/5958
f 5960/5960/5960 5958/5958/5958 5961/5961/5961
f 5964/5964/5964 5963/5963/5963 5962/5962/5962
f 5964/5964/5964 5962/5962/5962 5965/5965/5965
f 5968/5968/5968 5967/5967/5967 5966/5966/5966
f 5968/5968/5968 5966/5966/5966 5969/5969/5969
f 5966/5966/5966 5970/5970/5970 5969/5969/5969
f 5973/5973/5973 5972/5972/5972 5971/5971/5971
f 5972/5972/5972 5974/5974/5974 5971/5971/5971
f 5977/5977/5977 5976/5976/5976 5975/5975/5975
f 5978/5978/5978 5976/5976/5976 5977/5977/5977
f 5979/5979/5979 5978/5978/5978 5977/5977/5977
f 5980/5980/5980 5979/5979/5979 5977/5977/5977
f 5978/5978/5978 5981/5981/5981 5976/5976/5976
f 5981/5981/5981 5982/5982/5982 5976/5976/5976
f 5981/5981/5981 5983/5983/5983 5982/5982/5982
f 5984/5984/5984 5983/5983/5983 5981/5981/5981
f 5987/5987/5987 5986/5986/5986 5985/5985/5985
f 5987/5987/5987 5985/5985/5985 5988/5988/5988
f 5991/5991/5991 5990/5990/5990 5989/5989/5989
f 5991/5991/5991 5992/5992/5992 5990/5990/5990
f 5995/5995/5995 5994/5994/5994 5993/5993/5993
f 5994/5994/5994 5995/5995/5995 5996/5996/5996
f 5999/5999/5999 5998/5998/5998 5997/5997/5997
f 5997/5997/5997 5998/5998/5998 6000/6000/6000
f 6003/6003/6003 6002/6002/6002 6001/6001/6001
f 6002/6002/6002 6003/6003/6003 6004/6004/6004
f 6005/6005/6005 6004/6004/6004 6003/6003/6003
f 6003/6003/6003 6006/6006/6006 6005/6005/6005
f 6007/6007/6007 6006/6006/6006 6003/6003/6003
f 6007/6007/6007 6008/6008/6008 6006/6006/6006
f 6009/6009/6009 6006/6006/6006 6008/6008/6008
f 6008/6008/6008 6010/6010/6010 6009/6009/6009
f 6008/6008/6008 6011/6011/6011 6010/6010/6010
f 6012/6012/6012 6010/6010/6010 6011/6011/6011
f 6011/6011/6011 6013/6013/6013 6012/6012/6012
f 6012/6012/6012 6013/6013/6013 6014/6014/6014
f 6013/6013/6013 6015/6015/6015 6014/6014/6014
f 6013/6013/6013 6016/6016/6016 6015/6015/6015
f 6013/6013/6013 6017/6017/6017 6016/6016/6016
f 6020/6020/6020 6019/6019/6019 6018/6018/6018
f 6018/6018/6018 6021/6021/6021 6020/6020/6020
f 6022/6022/6022 6020/6020/6020 6021/6021/6021
f 6025/6025/6025 6024/6024/6024 6023/6023/6023
f 6026/6026/6026 6025/6025/6025 6023/6023/6023
f 6029/6029/6029 6028/6028/6028 6027/6027/6027
f 6030/6030/6030 6029/6029/6029 6027/6027/6027
f 6031/6031/6031 6029/6029/6029 6030/6030/6030
f 6031/6031/6031 6032/6032/6032 6029/6029/6029
f 6033/6033/6033 6032/6032/6032 6031/6031/6031
f 6034/6034/6034 6032/6032/6032 6033/6033/6033
f 6037/6037/6037 6036/6036/6036 6035/6035/6035
f 6037/6037/6037 6035/6035/6035 6038/6038/6038
f 6038/6038/6038 6035/6035/6035 6039/6039/6039
f 6040/6040/6040 6037/6037/6037 6038/6038/6038
f 6038/6038/6038 6039/6039/6039 6041/6041/6041
f 6040/6040/6040 6038/6038/6038 6042/6042/6042
f 6040/6040/6040 6042/6042/6042 6043/6043/6043
f 6038/6038/6038 6041/6041/6041 6044/6044/6044
f 6045/6045/6045 6040/6040/6040 6043/6043/6043
f 6045/6045/6045 6043/6043/6043 6046/6046/6046
f 6047/6047/6047 6040/6040/6040 6045/6045/6045
f 6047/6047/6047 6045/6045/6045 6048/6048/6048
f 6044/6044/6044 6041/6041/6041 6049/6049/6049
f 6041/6041/6041 6050/6050/6050 6049/6049/6049
f 6044/6044/6044 6049/6049/6049 6051/6051/6051
f 6050/6050/6050 6052/6052/6052 6049/6049/6049
f 6053/6053/6053 6044/6044/6044 6051/6051/6051
f 6050/6050/6050 6054/6054/6054 6052/6052/6052
f 6048/6048/6048 6053/6053/6053 6055/6055/6055
f 6056/6056/6056 6048/6048/6048 6055/6055/6055
f 6057/6057/6057 6053/6053/6053 6051/6051/6051
f 6055/6055/6055 6053/6053/6053 6057/6057/6057
f 6057/6057/6057 6051/6051/6051 6058/6058/6058
f 6055/6055/6055 6057/6057/6057 6059/6059/6059
f 6060/6060/6060 6055/6055/6055 6059/6059/6059
f 6060/6060/6060 6059/6059/6059 6061/6061/6061
f 6060/6060/6060 6061/6061/6061 6062/6062/6062
f 6054/6054/6054 6063/6063/6063 6052/6052/6052
f 6052/6052/6052 6063/6063/6063 6064/6064/6064
f 6065/6065/6065 6063/6063/6063 6054/6054/6054
f 6066/6066/6066 6065/6065/6065 6054/6054/6054
f 6066/6066/6066 6067/6067/6067 6065/6065/6065
f 6063/6063/6063 6068/6068/6068 6064/6064/6064
f 6065/6065/6065 6067/6067/6067 6069/6069/6069
f 6067/6067/6067 6070/6070/6070 6069/6069/6069
f 6065/6065/6065 6069/6069/6069 6071/6071/6071
f 6065/6065/6065 6071/6071/6071 6072/6072/6072
f 6065/6065/6065 6072/6072/6072 6073/6073/6073
f 6072/6072/6072 6071/6071/6071 6074/6074/6074
f 6072/6072/6072 6075/6075/6075 6068/6068/6068
f 6072/6072/6072 6074/6074/6074 6075/6075/6075
f 6075/6075/6075 6076/6076/6076 6068/6068/6068
f 6068/6068/6068 6076/6076/6076 6064/6064/6064
f 6076/6076/6076 6077/6077/6077 6064/6064/6064
f 6074/6074/6074 6078/6078/6078 6075/6075/6075
f 6077/6077/6077 6079/6079/6079 6064/6064/6064
f 6079/6079/6079 6080/6080/6080 6064/6064/6064
f 6081/6081/6081 6079/6079/6079 6077/6077/6077
f 6078/6078/6078 6079/6079/6079 6081/6081/6081
f 6080/6080/6080 6079/6079/6079 6082/6082/6082
f 6082/6082/6082 6079/6079/6079 6078/6078/6078
f 6078/6078/6078 6074/6074/6074 6082/6082/6082
f 6074/6074/6074 6083/6083/6083 6082/6082/6082
f 6083/6083/6083 6084/6084/6084 6082/6082/6082
f 6085/6085/6085 6084/6084/6084 6083/6083/6083
f 6084/6084/6084 6085/6085/6085 6086/6086/6086
f 6087/6087/6087 6086/6086/6086 6085/6085/6085
f 6086/6086/6086 6087/6087/6087 6088/6088/6088
f 6088/6088/6088 6087/6087/6087 6089/6089/6089
f 6090/6090/6090 6088/6088/6088 6089/6089/6089
f 6091/6091/6091 6088/6088/6088 6090/6090/6090
f 6092/6092/6092 6091/6091/6091 6090/6090/6090
f 6089/6089/6089 6093/6093/6093 6090/6090/6090
f 6089/6089/6089 6094/6094/6094 6093/6093/6093
f 6097/6097/6097 6096/6096/6096 6095/6095/6095
f 6097/6097/6097 6095/6095/6095 6098/6098/6098
f 6098/6098/6098 6095/6095/6095 6099/6099/6099
f 6100/6100/6100 6097/6097/6097 6098/6098/6098
f 6101/6101/6101 6097/6097/6097 6100/6100/6100
f 6101/6101/6101 6102/6102/6102 6097/6097/6097
f 6101/6101/6101 6100/6100/6100 6103/6103/6103
f 6101/6101/6101 6104/6104/6104 6102/6102/6102
f 6105/6105/6105 6103/6103/6103 6100/6100/6100
f 6106/6106/6106 6102/6102/6102 6104/6104/6104
f 6102/6102/6102 6106/6106/6106 6107/6107/6107
f 6106/6106/6106 6108/6108/6108 6107/6107/6107
f 6109/6109/6109 6105/6105/6105 6100/6100/6100
f 6109/6109/6109 6107/6107/6107 6108/6108/6108
f 6109/6109/6109 6110/6110/6110 6105/6105/6105
f 6110/6110/6110 6109/6109/6109 6108/6108/6108
f 6113/6113/6113 6112/6112/6112 6111/6111/6111
f 6112/6112/6112 6113/6113/6113 6114/6114/6114
f 6117/6117/6117 6116/6116/6116 6115/6115/6115
f 6118/6118/6118 6117/6117/6117 6115/6115/6115
f 6118/6118/6118 6119/6119/6119 6117/6117/6117
f 6120/6120/6120 6119/6119/6119 6118/6118/6118
f 6120/6120/6120 6121/6121/6121 6119/6119/6119
f 6124/6124/6124 6123/6123/6123 6122/6122/6122
f 6124/6124/6124 6122/6122/6122 6125/6125/6125
f 6128/6128/6128 6127/6127/6127 6126/6126/6126
f 6128/6128/6128 6129/6129/6129 6127/6127/6127
f 6129/6129/6129 6130/6130/6130 6127/6127/6127
f 6129/6129/6129 6131/6131/6131 6130/6130/6130
f 6129/6129/6129 6132/6132/6132 6131/6131/6131
f 6135/6135/6135 6134/6134/6134 6133/6133/6133
f 6135/6135/6135 6133/6133/6133 6136/6136/6136
f 6139/6139/6139 6138/6138/6138 6137/6137/6137
f 6139/6139/6139 6140/6140/6140 6138/6138/6138
f 6143/6143/6143 6142/6142/6142 6141/6141/6141
f 6142/6142/6142 6144/6144/6144 6141/6141/6141
f 6147/6147/6147 6146/6146/6146 6145/6145/6145
f 6145/6145/6145 6146/6146/6146 6148/6148/6148
f 6148/6148/6148 6149/6149/6149 6145/6145/6145
f 6149/6149/6149 6150/6150/6150 6145/6145/6145
f 6145/6145/6145 6150/6150/6150 6151/6151/6151
f 6150/6150/6150 6152/6152/6152 6151/6151/6151
f 6152/6152/6152 6153/6153/6153 6151/6151/6151
f 6150/6150/6150 6154/6154/6154 6152/6152/6152
f 6157/6157/6157 6156/6156/6156 6155/6155/6155
f 6157/6157/6157 6158/6158/6158 6156/6156/6156
f 6161/6161/6161 6160/6160/6160 6159/6159/6159
f 6162/6162/6162 6159/6159/6159 6160/6160/6160
f 6165/6165/6165 6164/6164/6164 6163/6163/6163
f 6163/6163/6163 6166/6166/6166 6165/6165/6165
f 6169/6169/6169 6168/6168/6168 6167/6167/6167
f 6170/6170/6170 6168/6168/6168 6169/6169/6169
f 6169/6169/6169 6171/6171/6171 6170/6170/6170
f 6169/6169/6169 6172/6172/6172 6171/6171/6171
f 6172/6172/6172 6173/6173/6173 6171/6171/6171
f 6174/6174/6174 6173/6173/6173 6172/6172/6172
f 6175/6175/6175 6173/6173/6173 6174/6174/6174
f 6176/6176/6176 6175/6175/6175 6174/6174/6174
f 6176/6176/6176 6177/6177/6177 6175/6175/6175
f 6178/6178/6178 6175/6175/6175 6177/6177/6177
f 6179/6179/6179 6178/6178/6178 6177/6177/6177
f 6180/6180/6180 6178/6178/6178 6179/6179/6179
f 6181/6181/6181 6180/6180/6180 6179/6179/6179
f 6181/6181/6181 6182/6182/6182 6180/6180/6180
f 6183/6183/6183 6182/6182/6182 6181/6181/6181
f 6184/6184/6184 6182/6182/6182 6183/6183/6183
f 6185/6185/6185 6184/6184/6184 6183/6183/6183
f 6185/6185/6185 6186/6186/6186 6184/6184/6184
f 6185/6185/6185 6187/6187/6187 6186/6186/6186
f 6187/6187/6187 6188/6188/6188 6186/6186/6186
f 6187/6187/6187 6189/6189/6189 6188/6188/6188
f 6189/6189/6189 6190/6190/6190 6188/6188/6188
f 6193/6193/6193 6192/6192/6192 6191/6191/6191
f 6194/6194/6194 6192/6192/6192 6193/6193/6193
f 6194/6194/6194 6193/6193/6193 6195/6195/6195
f 6194/6194/6194 6196/6196/6196 6192/6192/6192
f 6197/6197/6197 6196/6196/6196 6194/6194/6194
f 6200/6200/6200 6199/6199/6199 6198/6198/6198
f 6198/6198/6198 6201/6201/6201 6200/6200/6200
f 6204/6204/6204 6203/6203/6203 6202/6202/6202
f 6205/6205/6205 6203/6203/6203 6204/6204/6204
f 6208/6208/6208 6207/6207/6207 6206/6206/6206
f 6207/6207/6207 6209/6209/6209 6206/6206/6206
f 6212/6212/6212 6211/6211/6211 6210/6210/6210
f 6210/6210/6210 6211/6211/6211 6213/6213/6213
f 6216/6216/6216 6215/6215/6215 6214/6214/6214
f 6216/6216/6216 6214/6214/6214 6217/6217/6217
f 6220/6220/6220 6219/6219/6219 6218/6218/6218
f 6220/6220/6220 6218/6218/6218 6221/6221/6221
f 6224/6224/6224 6223/6223/6223 6222/6222/6222
f 6225/6225/6225 6222/6222/6222 6223/6223/6223
f 6225/6225/6225 6226/6226/6226 6222/6222/6222
f 6229/6229/6229 6228/6228/6228 6227/6227/6227
f 6229/6229/6229 6227/6227/6227 6230/6230/6230
f 6227/6227/6227 6231/6231/6231 6230/6230/6230
f 6231/6231/6231 6232/6232/6232 6230/6230/6230
f 6235/6235/6235 6234/6234/6234 6233/6233/6233
f 6236/6236/6236 6233/6233/6233 6234/6234/6234
f 6234/6234/6234 6237/6237/6237 6236/6236/6236
f 6240/6240/6240 6239/6239/6239 6238/6238/6238
f 6241/6241/6241 6238/6238/6238 6239/6239/6239
f 6244/6244/6244 6243/6243/6243 6242/6242/6242
f 6245/6245/6245 6243/6243/6243 6244/6244/6244
f 6248/6248/6248 6247/6247/6247 6246/6246/6246
f 6248/6248/6248 6246/6246/6246 6249/6249/6249
f 6252/6252/6252 6251/6251/6251 6250/6250/6250
f 6250/6250/6250 6251/6251/6251 6253/6253/6253
f 6256/6256/6256 6255/6255/6255 6254/6254/6254
f 6254/6254/6254 6255/6255/6255 6257/6257/6257
f 6260/6260/6260 6259/6259/6259 6258/6258/6258
f 6261/6261/6261 6260/6260/6260 6258/6258/6258
f 6262/6262/6262 6260/6260/6260 6261/6261/6261
f 6265/6265/6265 6264/6264/6264 6263/6263/6263
f 6263/6263/6263 6264/6264/6264 6266/6266/6266
f 6263/6263/6263 6266/6266/6266 6267/6267/6267
f 6266/6266/6266 6268/6268/6268 6267/6267/6267
f 6267/6267/6267 6268/6268/6268 6269/6269/6269
f 6269/6269/6269 6268/6268/6268 6270/6270/6270
f 6270/6270/6270 6271/6271/6271 6269/6269/6269
f 6271/6271/6271 6270/6270/6270 6272/6272/6272
f 6271/6271/6271 6272/6272/6272 6273/6273/6273
f 6276/6276/6276 6275/6275/6275 6274/6274/6274
f 6276/6276/6276 6274/6274/6274 6277/6277/6277
f 6274/6274/6274 6278/6278/6278 6277/6277/6277
f 6276/6276/6276 6277/6277/6277 6279/6279/6279
f 6276/6276/6276 6279/6279/6279 6280/6280/6280
f 6281/6281/6281 6280/6280/6280 6279/6279/6279
f 6279/6279/6279 6282/6282/6282 6281/6281/6281
f 6282/6282/6282 6283/6283/6283 6281/6281/6281
f 6281/6281/6281 6283/6283/6283 6284/6284/6284
f 6283/6283/6283 6282/6282/6282 6285/6285/6285
f 6283/6283/6283 6285/6285/6285 6286/6286/6286
f 6284/6284/6284 6283/6283/6283 6287/6287/6287
f 6287/6287/6287 6283/6283/6283 6288/6288/6288
f 6291/6291/6291 6290/6290/6290 6289/6289/6289
f 6292/6292/6292 6291/6291/6291 6289/6289/6289
f 6295/6295/6295 6294/6294/6294 6293/6293/6293
f 6296/6296/6296 6294/6294/6294 6295/6295/6295
f 6299/6299/6299 6298/6298/6298 6297/6297/6297
f 6298/6298/6298 6300/6300/6300 6297/6297/6297
f 6297/6297/6297 6300/6300/6300 6301/6301/6301
f 6304/6304/6304 6303/6303/6303 6302/6302/6302
f 6305/6305/6305 6304/6304/6304 6302/6302/6302
f 6308/6308/6308 6307/6307/6307 6306/6306/6306
f 6309/6309/6309 6307/6307/6307 6308/6308/6308
f 6310/6310/6310 6307/6307/6307 6309/6309/6309
f 6310/6310/6310 6311/6311/6311 6307/6307/6307
f 6312/6312/6312 6310/6310/6310 6309/6309/6309
f 6313/6313/6313 6312/6312/6312 6309/6309/6309
f 6314/6314/6314 6312/6312/6312 6313/6313/6313
f 6313/6313/6313 6315/6315/6315 6314/6314/6314
f 6314/6314/6314 6315/6315/6315 6316/6316/6316
f 6315/6315/6315 6317/6317/6317 6316/6316/6316
f 6318/6318/6318 6315/6315/6315 6313/6313/6313
f 6318/6318/6318 6313/6313/6313 6319/6319/6319
f 6320/6320/6320 6318/6318/6318 6319/6319/6319
f 6320/6320/6320 6321/6321/6321 6318/6318/6318
f 6320/6320/6320 6322/6322/6322 6321/6321/6321
f 6318/6318/6318 6321/6321/6321 6323/6323/6323
f 6323/6323/6323 6324/6324/6324 6318/6318/6318
f 6327/6327/6327 6326/6326/6326 6325/6325/6325
f 6326/6326/6326 6328/6328/6328 6325/6325/6325
f 6331/6331/6331 6330/6330/6330 6329/6329/6329
f 6332/6332/6332 6330/6330/6330 6331/6331/6331
f 6335/6335/6335 6334/6334/6334 6333/6333/6333
f 6336/6336/6336 6335/6335/6335 6333/6333/6333
f 6339/6339/6339 6338/6338/6338 6337/6337/6337
f 6340/6340/6340 6338/6338/6338 6339/6339/6339
f 6343/6343/6343 6342/6342/6342 6341/6341/6341
f 6343/6343/6343 6341/6341/6341 6344/6344/6344
f 6344/6344/6344 6345/6345/6345 6343/6343/6343
f 6341/6341/6341 6346/6346/6346 6344/6344/6344
f 6347/6347/6347 6345/6345/6345 6344/6344/6344
f 6348/6348/6348 6346/6346/6346 6341/6341/6341
f 6349/6349/6349 6345/6345/6345 6347/6347/6347
f 6350/6350/6350 6348/6348/6348 6341/6341/6341
f 6349/6349/6349 6347/6347/6347 6351/6351/6351
f 6352/6352/6352 6349/6349/6349 6351/6351/6351
f 6353/6353/6353 6352/6352/6352 6351/6351/6351
f 6353/6353/6353 6351/6351/6351 6354/6354/6354
f 6354/6354/6354 6355/6355/6355 6353/6353/6353
f 6356/6356/6356 6355/6355/6355 6354/6354/6354
f 6356/6356/6356 6357/6357/6357 6355/6355/6355
f 6356/6356/6356 6358/6358/6358 6357/6357/6357
f 6358/6358/6358 6359/6359/6359 6357/6357/6357
f 6360/6360/6360 6359/6359/6359 6358/6358/6358
f 6361/6361/6361 6359/6359/6359 6360/6360/6360
f 6360/6360/6360 6362/6362/6362 6361/6361/6361
f 6350/6350/6350 6363/6363/6363 6348/6348/6348
f 6364/6364/6364 6363/6363/6363 6350/6350/6350
f 6361/6361/6361 6362/6362/6362 6365/6365/6365
f 6365/6365/6365 6363/6363/6363 6364/6364/6364
f 6366/6366/6366 6365/6365/6365 6362/6362/6362
f 6366/6366/6366 6363/6363/6363 6365/6365/6365
f 6369/6369/6369 6368/6368/6368 6367/6367/6367
f 6369/6369/6369 6367/6367/6367 6370/6370/6370
f 6370/6370/6370 6371/6371/6371 6369/6369/6369
f 6371/6371/6371 6372/6372/6372 6369/6369/6369
f 6371/6371/6371 6373/6373/6373 6372/6372/6372
f 6373/6373/6373 6374/6374/6374 6372/6372/6372
f 6377/6377/6377 6376/6376/6376 6375/6375/6375
f 6378/6378/6378 6377/6377/6377 6375/6375/6375
f 6378/6378/6378 6375/6375/6375 6379/6379/6379
f 6375/6375/6375 6380/6380/6380 6379/6379/6379
f 6383/6383/6383 6382/6382/6382 6381/6381/6381
f 6383/6383/6383 6381/6381/6381 6384/6384/6384
f 6385/6385/6385 6383/6383/6383 6384/6384/6384
f 6384/6384/6384 6381/6381/6381 6386/6386/6386
f 6387/6387/6387 6386/6386/6386 6381/6381/6381
f 6384/6384/6384 6386/6386/6386 6388/6388/6388
f 6384/6384/6384 6388/6388/6388 6389/6389/6389
f 6386/6386/6386 6390/6390/6390 6388/6388/6388
f 6393/6393/6393 6392/6392/6392 6391/6391/6391
f 6392/6392/6392 6393/6393/6393 6394/6394/6394
f 6397/6397/6397 6396/6396/6396 6395/6395/6395
f 6396/6396/6396 6398/6398/6398 6395/6395/6395
f 6401/6401/6401 6400/6400/6400 6399/6399/6399
f 6401/6401/6401 1830/1830/1830 6400/6400/6400
f 6400/6400/6400 1830/1830/1830 1831/1831/1831
f 6402/6402/6402 1830/1830/1830 6401/6401/6401
f 6403/6403/6403 6402/6402/6402 6401/6401/6401
f 6406/6406/6406 6405/6405/6405 6404/6404/6404
f 6406/6406/6406 6404/6404/6404 6407/6407/6407
f 6410/6410/6410 6409/6409/6409 6408/6408/6408
f 6411/6411/6411 6410/6410/6410 6408/6408/6408
f 6414/6414/6414 6413/6413/6413 6412/6412/6412
f 6413/6413/6413 6415/6415/6415 6412/6412/6412
f 6412/6412/6412 6415/6415/6415 6416/6416/6416
f 6412/6412/6412 6416/6416/6416 6417/6417/6417
f 6412/6412/6412 6417/6417/6417 6418/6418/6418
f 6421/6421/6421 6420/6420/6420 6419/6419/6419
f 6422/6422/6422 6421/6421/6421 6419/6419/6419
f 6423/6423/6423 6421/6421/6421 6422/6422/6422
f 6426/6426/6426 6425/6425/6425 6424/6424/6424
f 6427/6427/6427 6424/6424/6424 6425/6425/6425
f 6430/6430/6430 6429/6429/6429 6428/6428/6428
f 6429/6429/6429 6431/6431/6431 6428/6428/6428
f 6434/6434/6434 6433/6433/6433 6432/6432/6432
f 6434/6434/6434 6435/6435/6435 6433/6433/6433
f 6438/6438/6438 6437/6437/6437 6436/6436/6436
f 6438/6438/6438 6439/6439/6439 6437/6437/6437
f 6442/6442/6442 6441/6441/6441 6440/6440/6440
f 6441/6441/6441 6443/6443/6443 6440/6440/6440
f 6444/6444/6444 6443/6443/6443 6441/6441/6441
f 6447/6447/6447 6446/6446/6446 6445/6445/6445
f 6445/6445/6445 6448/6448/6448 6447/6447/6447
f 6451/6451/6451 6450/6450/6450 6449/6449/6449
f 6452/6452/6452 6450/6450/6450 6451/6451/6451
f 6455/6455/6455 6454/6454/6454 6453/6453/6453
f 6455/6455/6455 6456/6456/6456 6454/6454/6454
f 6459/6459/6459 6458/6458/6458 6457/6457/6457
f 6457/6457/6457 6458/6458/6458 6460/6460/6460
f 6460/6460/6460 6458/6458/6458 6461/6461/6461
f 6457/6457/6457 6460/6460/6460 6462/6462/6462
f 6460/6460/6460 6463/6463/6463 6462/6462/6462
f 6457/6457/6457 6462/6462/6462 6464/6464/6464
f 6465/6465/6465 6457/6457/6457 6464/6464/6464
f 6462/6462/6462 6466/6466/6466 6464/6464/6464
f 6469/6469/6469 6468/6468/6468 6467/6467/6467
f 6469/6469/6469 6470/6470/6470 6468/6468/6468
f 6473/6473/6473 6472/6472/6472 6471/6471/6471
f 6474/6474/6474 6473/6473/6473 6471/6471/6471
f 6473/6473/6473 6474/6474/6474 6475/6475/6475
f 6478/6478/6478 6477/6477/6477 6476/6476/6476
f 6479/6479/6479 6478/6478/6478 6476/6476/6476
f 6482/6482/6482 6481/6481/6481 6480/6480/6480
f 6480/6480/6480 6483/6483/6483 6482/6482/6482
f 6486/6486/6486 6485/6485/6485 6484/6484/6484
f 6485/6485/6485 6487/6487/6487 6484/6484/6484
f 6490/6490/6490 6489/6489/6489 6488/6488/6488
f 6490/6490/6490 6491/6491/6491 6489/6489/6489
f 6494/6494/6494 6493/6493/6493 6492/6492/6492
f 6495/6495/6495 6494/6494/6494 6492/6492/6492
f 6498/6498/6498 6497/6497/6497 6496/6496/6496
f 6496/6496/6496 6499/6499/6499 6498/6498/6498
f 6502/6502/6502 6501/6501/6501 6500/6500/6500
f 6502/6502/6502 6503/6503/6503 6501/6501/6501
f 6502/6502/6502 6504/6504/6504 6503/6503/6503
f 6502/6502/6502 6505/6505/6505 6504/6504/6504
f 6504/6504/6504 6505/6505/6505 6506/6506/6506
f 6507/6507/6507 6506/6506/6506 6505/6505/6505
f 6508/6508/6508 6507/6507/6507 6505/6505/6505
f 6509/6509/6509 6507/6507/6507 6508/6508/6508
f 6510/6510/6510 6509/6509/6509 6508/6508/6508
f 6511/6511/6511 6510/6510/6510 6508/6508/6508
f 6512/6512/6512 6510/6510/6510 6511/6511/6511
f 6511/6511/6511 6513/6513/6513 6512/6512/6512
f 6513/6513/6513 6514/6514/6514 6512/6512/6512
f 6515/6515/6515 6514/6514/6514 6513/6513/6513
f 6516/6516/6516 6515/6515/6515 6513/6513/6513
f 6517/6517/6517 6516/6516/6516 6513/6513/6513
f 6520/6520/6520 6519/6519/6519 6518/6518/6518
f 6521/6521/6521 6519/6519/6519 6520/6520/6520
f 6524/6524/6524 6523/6523/6523 6522/6522/6522
f 6525/6525/6525 6522/6522/6522 6523/6523/6523
f 6528/6528/6528 6527/6527/6527 6526/6526/6526
f 6526/6526/6526 6527/6527/6527 6529/6529/6529
f 6532/6532/6532 6531/6531/6531 6530/6530/6530
f 6530/6530/6530 6531/6531/6531 6533/6533/6533
f 6536/6536/6536 6535/6535/6535 6534/6534/6534
f 6534/6534/6534 6537/6537/6537 6536/6536/6536
f 6540/6540/6540 6539/6539/6539 6538/6538/6538
f 6539/6539/6539 6541/6541/6541 6538/6538/6538
f 6538/6538/6538 6541/6541/6541 6542/6542/6542
f 6541/6541/6541 6543/6543/6543 6542/6542/6542
f 6546/6546/6546 6545/6545/6545 6544/6544/6544
f 6546/6546/6546 6544/6544/6544 6547/6547/6547
f 6550/6550/6550 6549/6549/6549 6548/6548/6548
f 6548/6548/6548 6551/6551/6551 6550/6550/6550
f 6554/6554/6554 6553/6553/6553 6552/6552/6552
f 6552/6552/6552 6553/6553/6553 6555/6555/6555
f 6558/6558/6558 6557/6557/6557 6556/6556/6556
f 6559/6559/6559 6558/6558/6558 6556/6556/6556
f 6562/6562/6562 6561/6561/6561 6560/6560/6560
f 6563/6563/6563 6562/6562/6562 6560/6560/6560
f 6566/6566/6566 6565/6565/6565 6564/6564/6564
f 6567/6567/6567 6564/6564/6564 6565/6565/6565
f 6570/6570/6570 6569/6569/6569 6568/6568/6568
f 6568/6568/6568 6571/6571/6571 6570/6570/6570
f 6568/6568/6568 6572/6572/6572 6571/6571/6571
f 6575/6575/6575 6574/6574/6574 6573/6573/6573
f 6576/6576/6576 6574/6574/6574 6575/6575/6575
f 6577/6577/6577 6574/6574/6574 6576/6576/6576
f 6577/6577/6577 6578/6578/6578 6574/6574/6574
f 6579/6579/6579 6578/6578/6578 6577/6577/6577
f 6580/6580/6580 6578/6578/6578 6579/6579/6579
f 6580/6580/6580 6581/6581/6581 6578/6578/6578
f 6582/6582/6582 6581/6581/6581 6580/6580/6580
f 6583/6583/6583 6581/6581/6581 6582/6582/6582
f 6583/6583/6583 6582/6582/6582 6584/6584/6584
f 6585/6585/6585 6583/6583/6583 6584/6584/6584
f 6585/6585/6585 6586/6586/6586 6583/6583/6583
f 6586/6586/6586 6587/6587/6587 6583/6583/6583
f 6588/6588/6588 6587/6587/6587 6586/6586/6586
f 6587/6587/6587 6588/6588/6588 6589/6589/6589
f 6590/6590/6590 6587/6587/6587 6589/6589/6589
f 6590/6590/6590 6589/6589/6589 6591/6591/6591
f 6591/6591/6591 6592/6592/6592 6590/6590/6590
f 6595/6595/6595 6594/6594/6594 6593/6593/6593
f 6593/6593/6593 6596/6596/6596 6595/6595/6595
f 6599/6599/6599 6598/6598/6598 6597/6597/6597
f 6600/6600/6600 6599/6599/6599 6597/6597/6597
f 6603/6603/6603 6602/6602/6602 6601/6601/6601
f 6602/6602/6602 6604/6604/6604 6601/6601/6601
f 6605/6605/6605 6601/6601/6601 6604/6604/6604
f 6605/6605/6605 6606/6606/6606 6601/6601/6601
f 6605/6605/6605 6607/6607/6607 6606/6606/6606
f 6607/6607/6607 6608/6608/6608 6606/6606/6606
f 6607/6607/6607 6609/6609/6609 6608/6608/6608
f 6609/6609/6609 6607/6607/6607 2332/2332/2332
f 6609/6609/6609 2332/2332/2332 6610/6610/6610
f 2332/2332/2332 2326/2326/2326 6610/6610/6610
f 6610/6610/6610 2326/2326/2326 6611/6611/6611
f 2326/2326/2326 6612/6612/6612 6611/6611/6611
f 6611/6611/6611 6612/6612/6612 6613/6613/6613
f 6612/6612/6612 6614/6614/6614 6613/6613/6613
f 6614/6614/6614 6615/6615/6615 6613/6613/6613
f 6615/6615/6615 6614/6614/6614 6616/6616/6616
f 6614/6614/6614 6617/6617/6617 6616/6616/6616
f 6616/6616/6616 6617/6617/6617 6618/6618/6618
f 6617/6617/6617 6619/6619/6619 6618/6618/6618
f 6618/6618/6618 6619/6619/6619 6620/6620/6620
f 6620/6620/6620 6619/6619/6619 6621/6621/6621
f 6621/6621/6621 6622/6622/6622 6620/6620/6620
f 6622/6622/6622 6621/6621/6621 6623/6623/6623
f 6622/6622/6622 6623/6623/6623 6624/6624/6624
f 6623/6623/6623 6625/6625/6625 6624/6624/6624
f 6624/6624/6624 6625/6625/6625 6626/6626/6626
f 6626/6626/6626 6625/6625/6625 6627/6627/6627
f 6627/6627/6627 6625/6625/6625 6628/6628/6628
f 6629/6629/6629 6627/6627/6627 6628/6628/6628
f 6629/6629/6629 6628/6628/6628 6630/6630/6630
f 6631/6631/6631 6629/6629/6629 6630/6630/6630
f 6630/6630/6630 6632/6632/6632 6631/6631/6631
f 6632/6632/6632 6633/6633/6633 6631/6631/6631
f 6633/6633/6633 6632/6632/6632 6634/6634/6634
f 6632/6632/6632 6635/6635/6635 6634/6634/6634
f 6634/6634/6634 6635/6635/6635 6636/6636/6636
f 6634/6634/6634 6636/6636/6636 6637/6637/6637
f 6640/6640/6640 6639/6639/6639 6638/6638/6638
f 6639/6639/6639 6641/6641/6641 6638/6638/6638
f 6644/6644/6644 6643/6643/6643 6642/6642/6642
f 6645/6645/6645 6643/6643/6643 6644/6644/6644
f 6648/6648/6648 6647/6647/6647 6646/6646/6646
f 6646/6646/6646 6649/6649/6649 6648/6648/6648
f 6652/6652/6652 6651/6651/6651 6650/6650/6650
f 6653/6653/6653 6650/6650/6650 6651/6651/6651
f 6656/6656/6656 6655/6655/6655 6654/6654/6654
f 6654/6654/6654 6655/6655/6655 6657/6657/6657
f 6660/6660/6660 6659/6659/6659 6658/6658/6658
f 6660/6660/6660 6658/6658/6658 6661/6661/6661
f 6664/6664/6664 6663/6663/6663 6662/6662/6662
f 6663/6663/6663 6665/6665/6665 6662/6662/6662
f 6668/6668/6668 6667/6667/6667 6666/6666/6666
f 6667/6667/6667 6669/6669/6669 6666/6666/6666
f 6672/6672/6672 6671/6671/6671 6670/6670/6670
f 6670/6670/6670 6671/6671/6671 6673/6673/6673
f 6671/6671/6671 6674/6674/6674 6673/6673/6673
f 6671/6671/6671 6675/6675/6675 6674/6674/6674
f 6673/6673/6673 6674/6674/6674 6676/6676/6676
f 6676/6676/6676 6677/6677/6677 6673/6673/6673
f 6678/6678/6678 6677/6677/6677 6676/6676/6676
f 6675/6675/6675 6678/6678/6678 6674/6674/6674
f 6678/6678/6678 6679/6679/6679 6677/6677/6677
f 6675/6675/6675 6679/6679/6679 6678/6678/6678
f 6680/6680/6680 6679/6679/6679 6675/6675/6675
f 6683/6683/6683 6682/6682/6682 6681/6681/6681
f 6681/6681/6681 6684/6684/6684 6683/6683/6683
f 6683/6683/6683 6684/6684/6684 6685/6685/6685
f 6688/6688/6688 6687/6687/6687 6686/6686/6686
f 6686/6686/6686 6689/6689/6689 6688/6688/6688
f 6690/6690/6690 6688/6688/6688 6689/6689/6689
f 6689/6689/6689 6691/6691/6691 6690/6690/6690
f 6694/6694/6694 6693/6693/6693 6692/6692/6692
f 6694/6694/6694 6692/6692/6692 6695/6695/6695
f 6698/6698/6698 6697/6697/6697 6696/6696/6696
f 6697/6697/6697 6699/6699/6699 6696/6696/6696
f 6702/6702/6702 6701/6701/6701 6700/6700/6700
f 6702/6702/6702 6700/6700/6700 6703/6703/6703
f 6706/6706/6706 6705/6705/6705 6704/6704/6704
f 6704/6704/6704 6705/6705/6705 6707/6707/6707
f 6705/6705/6705 6708/6708/6708 6707/6707/6707
f 6708/6708/6708 6709/6709/6709 6707/6707/6707
f 6712/6712/6712 6711/6711/6711 6710/6710/6710
f 6712/6712/6712 6710/6710/6710 6713/6713/6713
f 6716/6716/6716 6715/6715/6715 6714/6714/6714
f 6717/6717/6717 6716/6716/6716 6714/6714/6714
f 6718/6718/6718 6716/6716/6716 6717/6717/6717
f 6719/6719/6719 6716/6716/6716 6718/6718/6718
f 6722/6722/6722 6721/6721/6721 6720/6720/6720
f 6722/6722/6722 6723/6723/6723 6721/6721/6721
f 6726/6726/6726 6725/6725/6725 6724/6724/6724
f 6724/6724/6724 6727/6727/6727 6726/6726/6726
f 6730/6730/6730 6729/6729/6729 6728/6728/6728
f 6728/6728/6728 6731/6731/6731 6730/6730/6730
f 6731/6731/6731 6732/6732/6732 6730/6730/6730
f 6733/6733/6733 6730/6730/6730 6732/6732/6732
f 6733/6733/6733 6732/6732/6732 6734/6734/6734
f 6734/6734/6734 6735/6735/6735 6733/6733/6733
f 6735/6735/6735 6734/6734/6734 6736/6736/6736
f 6736/6736/6736 6734/6734/6734 6737/6737/6737
f 6736/6736/6736 6737/6737/6737 6738/6738/6738
f 6739/6739/6739 6738/6738/6738 6737/6737/6737
f 6738/6738/6738 6739/6739/6739 6740/6740/6740
f 6740/6740/6740 6739/6739/6739 6741/6741/6741
f 6739/6739/6739 6742/6742/6742 6741/6741/6741
f 6743/6743/6743 6741/6741/6741 6742/6742/6742
f 6743/6743/6743 6742/6742/6742 6744/6744/6744
f 6742/6742/6742 6745/6745/6745 6744/6744/6744
f 6744/6744/6744 6745/6745/6745 6746/6746/6746
f 6746/6746/6746 6745/6745/6745 6747/6747/6747
f 6747/6747/6747 6745/6745/6745 6748/6748/6748
f 6749/6749/6749 6747/6747/6747 6748/6748/6748
f 6750/6750/6750 6749/6749/6749 6748/6748/6748
f 6749/6749/6749 6750/6750/6750 6751/6751/6751
f 6752/6752/6752 6751/6751/6751 6750/6750/6750
f 6752/6752/6752 6750/6750/6750 6753/6753/6753
f 6752/6752/6752 6753/6753/6753 6754/6754/6754
f 6754/6754/6754 6753/6753/6753 6755/6755/6755
f 6753/6753/6753 6756/6756/6756 6755/6755/6755
f 6756/6756/6756 6757/6757/6757 6755/6755/6755
f 6756/6756/6756 6758/6758/6758 6757/6757/6757
f 6756/6756/6756 6759/6759/6759 6758/6758/6758
f 6760/6760/6760 6758/6758/6758 6759/6759/6759
f 6759/6759/6759 6761/6761/6761 6760/6760/6760
f 6761/6761/6761 6762/6762/6762 6760/6760/6760
f 6760/6760/6760 6762/6762/6762 6763/6763/6763
f 6766/6766/6766 6765/6765/6765 6764/6764/6764
f 6766/6766/6766 6764/6764/6764 6767/6767/6767
f 6770/6770/6770 6769/6769/6769 6768/6768/6768
f 6768/6768/6768 6771/6771/6771 6770/6770/6770
f 6768/6768/6768 6772/6772/6772 6771/6771/6771
f 6771/6771/6771 6772/6772/6772 6773/6773/6773
f 6771/6771/6771 6773/6773/6773 6774/6774/6774
f 6768/6768/6768 6775/6775/6775 6772/6772/6772
f 6772/6772/6772 6775/6775/6775 6776/6776/6776
f 6775/6775/6775 6777/6777/6777 6776/6776/6776
f 6778/6778/6778 6775/6775/6775 6768/6768/6768
f 6779/6779/6779 6778/6778/6778 6768/6768/6768
f 6778/6778/6778 6779/6779/6779 6780/6780/6780
f 6783/6783/6783 6782/6782/6782 6781/6781/6781
f 6781/6781/6781 6784/6784/6784 6783/6783/6783
f 6785/6785/6785 6783/6783/6783 6784/6784/6784
f 6784/6784/6784 6786/6786/6786 6785/6785/6785
f 6785/6785/6785 6786/6786/6786 6787/6787/6787
f 6787/6787/6787 6786/6786/6786 6788/6788/6788
f 6787/6787/6787 6788/6788/6788 6789/6789/6789
f 6787/6787/6787 6789/6789/6789 6790/6790/6790
f 6790/6790/6790 6789/6789/6789 6791/6791/6791
f 6792/6792/6792 6790/6790/6790 6791/6791/6791
f 6791/6791/6791 6793/6793/6793 6792/6792/6792
f 6796/6796/6796 6795/6795/6795 6794/6794/6794
f 6795/6795/6795 6797/6797/6797 6794/6794/6794
f 6800/6800/6800 6799/6799/6799 6798/6798/6798
f 6801/6801/6801 6800/6800/6800 6798/6798/6798
f 6804/6804/6804 6803/6803/6803 6802/6802/6802
f 6805/6805/6805 6803/6803/6803 6804/6804/6804
f 6805/6805/6805 6804/6804/6804 6806/6806/6806
f 6807/6807/6807 6805/6805/6805 6806/6806/6806
f 6807/6807/6807 6808/6808/6808 6805/6805/6805
f 6811/6811/6811 6810/6810/6810 6809/6809/6809
f 6811/6811/6811 6809/6809/6809 6812/6812/6812
f 6815/6815/6815 6814/6814/6814 6813/6813/6813
f 6813/6813/6813 6814/6814/6814 6816/6816/6816
f 6819/6819/6819 6818/6818/6818 6817/6817/6817
f 6819/6819/6819 6817/6817/6817 6820/6820/6820
f 6823/6823/6823 6822/6822/6822 6821/6821/6821
f 6824/6824/6824 6822/6822/6822 6823/6823/6823
f 6827/6827/6827 6826/6826/6826 6825/6825/6825
f 6828/6828/6828 6826/6826/6826 6827/6827/6827
f 6831/6831/6831 6830/6830/6830 6829/6829/6829
f 6829/6829/6829 6830/6830/6830 6832/6832/6832
f 6835/6835/6835 6834/6834/6834 6833/6833/6833
f 6835/6835/6835 6836/6836/6836 6834/6834/6834
f 6839/6839/6839 6838/6838/6838 6837/6837/6837
f 6837/6837/6837 6838/6838/6838 6840/6840/6840
f 6840/6840/6840 6838/6838/6838 6841/6841/6841
f 6840/6840/6840 6841/6841/6841 6842/6842/6842
f 6845/6845/6845 6844/6844/6844 6843/6843/6843
f 6843/6843/6843 6846/6846/6846 6845/6845/6845
f 6843/6843/6843 6847/6847/6847 6846/6846/6846
f 6847/6847/6847 6848/6848/6848 6846/6846/6846
f 6851/6851/6851 6850/6850/6850 6849/6849/6849
f 6852/6852/6852 6850/6850/6850 6851/6851/6851
f 6855/6855/6855 6854/6854/6854 6853/6853/6853
f 6855/6855/6855 6853/6853/6853 6856/6856/6856
f 6859/6859/6859 6858/6858/6858 6857/6857/6857
f 6858/6858/6858 6860/6860/6860 6857/6857/6857
f 6863/6863/6863 6862/6862/6862 6861/6861/6861
f 6862/6862/6862 6864/6864/6864 6861/6861/6861
f 6864/6864/6864 6865/6865/6865 6861/6861/6861
f 6861/6861/6861 6865/6865/6865 6866/6866/6866
f 6869/6869/6869 6868/6868/6868 6867/6867/6867
f 6869/6869/6869 6867/6867/6867 6870/6870/6870
f 6873/6873/6873 6872/6872/6872 6871/6871/6871
f 6874/6874/6874 6873/6873/6873 6871/6871/6871
f 6877/6877/6877 6876/6876/6876 6875/6875/6875
f 6877/6877/6877 6875/6875/6875 6878/6878/6878
f 6881/6881/6881 6880/6880/6880 6879/6879/6879
f 6880/6880/6880 6882/6882/6882 6879/6879/6879
f 6885/6885/6885 6884/6884/6884 6883/6883/6883
f 6884/6884/6884 6885/6885/6885 6886/6886/6886
f 6889/6889/6889 6888/6888/6888 6887/6887/6887
f 6887/6887/6887 6888/6888/6888 6890/6890/6890
f 6893/6893/6893 6892/6892/6892 6891/6891/6891
f 6893/6893/6893 6894/6894/6894 6892/6892/6892
f 6894/6894/6894 6895/6895/6895 6892/6892/6892
f 6895/6895/6895 6896/6896/6896 6892/6892/6892
f 6899/6899/6899 6898/6898/6898 6897/6897/6897
f 6898/6898/6898 6900/6900/6900 6897/6897/6897
f 6900/6900/6900 6901/6901/6901 6897/6897/6897
f 6904/6904/6904 6903/6903/6903 6902/6902/6902
f 6903/6903/6903 6905/6905/6905 6902/6902/6902
f 6903/6903/6903 6906/6906/6906 6905/6905/6905
f 6903/6903/6903 6907/6907/6907 6906/6906/6906
f 6910/6910/6910 6909/6909/6909 6908/6908/6908
f 6908/6908/6908 6909/6909/6909 6911/6911/6911
f 6914/6914/6914 6913/6913/6913 6912/6912/6912
f 6914/6914/6914 6915/6915/6915 6913/6913/6913
f 6918/6918/6918 6917/6917/6917 6916/6916/6916
f 6916/6916/6916 6917/6917/6917 6919/6919/6919
f 6922/6922/6922 6921/6921/6921 6920/6920/6920
f 6920/6920/6920 6921/6921/6921 6923/6923/6923
f 6923/6923/6923 6921/6921/6921 6924/6924/6924
f 6921/6921/6921 6925/6925/6925 6924/6924/6924
f 6928/6928/6928 6927/6927/6927 6926/6926/6926
f 6928/6928/6928 6929/6929/6929 6927/6927/6927
f 6932/6932/6932 6931/6931/6931 6930/6930/6930
f 6933/6933/6933 6932/6932/6932 6930/6930/6930
f 6936/6936/6936 6935/6935/6935 6934/6934/6934
f 6936/6936/6936 6937/6937/6937 6935/6935/6935
f 6936/6936/6936 6938/6938/6938 6937/6937/6937
f 6938/6938/6938 6936/6936/6936 6939/6939/6939
f 6942/6942/6942 6941/6941/6941 6940/6940/6940
f 6940/6940/6940 6941/6941/6941 6943/6943/6943
f 6946/6946/6946 6945/6945/6945 6944/6944/6944
f 6944/6944/6944 6945/6945/6945 6947/6947/6947
f 6945/6945/6945 6948/6948/6948 6947/6947/6947
f 6947/6947/6947 6948/6948/6948 6949/6949/6949
f 6952/6952/6952 6951/6951/6951 6950/6950/6950
f 6951/6951/6951 6953/6953/6953 6950/6950/6950
f 6956/6956/6956 6955/6955/6955 6954/6954/6954
f 6956/6956/6956 6954/6954/6954 6957/6957/6957
f 6960/6960/6960 6959/6959/6959 6958/6958/6958
f 6959/6959/6959 6961/6961/6961 6958/6958/6958
f 6964/6964/6964 6963/6963/6963 6962/6962/6962
f 6963/6963/6963 6965/6965/6965 6962/6962/6962
f 6963/6963/6963 6966/6966/6966 6965/6965/6965
f 6966/6966/6966 6967/6967/6967 6965/6965/6965
f 6970/6970/6970 6969/6969/6969 6968/6968/6968
f 6970/6970/6970 6971/6971/6971 6969/6969/6969
f 6974/6974/6974 6973/6973/6973 6972/6972/6972
f 6974/6974/6974 6972/6972/6972 6975/6975/6975
f 6972/6972/6972 6976/6976/6976 6975/6975/6975
f 6977/6977/6977 6975/6975/6975 6976/6976/6976
f 6980/6980/6980 6979/6979/6979 6978/6978/6978
f 6980/6980/6980 6981/6981/6981 6979/6979/6979
f 6984/6984/6984 6983/6983/6983 6982/6982/6982
f 6984/6984/6984 6985/6985/6985 6983/6983/6983
f 6988/6988/6988 6987/6987/6987 6986/6986/6986
f 6989/6989/6989 6988/6988/6988 6986/6986/6986
f 6990/6990/6990 6988/6988/6988 6989/6989/6989
f 6993/6993/6993 6992/6992/6992 6991/6991/6991
f 6993/6993/6993 6991/6991/6991 6994/6994/6994
f 6997/6997/6997 6996/6996/6996 6995/6995/6995
f 6998/6998/6998 6996/6996/6996 6997/6997/6997
f 6996/6996/6996 6998/6998/6998 6999/6999/6999
f 6996/6996/6996 6999/6999/6999 7000/7000/7000
f 7003/7003/7003 7002/7002/7002 7001/7001/7001
f 7002/7002/7002 7004/7004/7004 7001/7001/7001
f 7007/7007/7007 7006/7006/7006 7005/7005/7005
f 7008/7008/7008 7005/7005/7005 7006/7006/7006
f 7009/7009/7009 7008/7008/7008 7006/7006/7006
f 7010/7010/7010 7009/7009/7009 7006/7006/7006
f 7013/7013/7013 7012/7012/7012 7011/7011/7011
f 7012/7012/7012 7014/7014/7014 7011/7011/7011
f 7012/7012/7012 7015/7015/7015 7014/7014/7014
f 7014/7014/7014 7015/7015/7015 7016/7016/7016
f 7019/7019/7019 7018/7018/7018 7017/7017/7017
f 7019/7019/7019 7020/7020/7020 7018/7018/7018
f 7021/7021/7021 7018/7018/7018 7020/7020/7020
f 7024/7024/7024 7023/7023/7023 7022/7022/7022
f 7022/7022/7022 7025/7025/7025 7024/7024/7024
f 7028/7028/7028 7027/7027/7027 7026/7026/7026
f 7028/7028/7028 7026/7026/7026 7029/7029/7029
f 7029/7029/7029 7026/7026/7026 7030/7030/7030
f 7029/7029/7029 7030/7030/7030 7031/7031/7031
f 7034/7034/7034 7033/7033/7033 7032/7032/7032
f 7035/7035/7035 7033/7033/7033 7034/7034/7034
f 7038/7038/7038 7037/7037/7037 7036/7036/7036
f 7037/7037/7037 7039/7039/7039 7036/7036/7036
f 7042/7042/7042 7041/7041/7041 7040/7040/7040
f 7042/7042/7042 7040/7040/7040 7043/7043/7043
f 7046/7046/7046 7045/7045/7045 7044/7044/7044
f 7047/7047/7047 7045/7045/7045 7046/7046/7046
f 7050/7050/7050 7049/7049/7049 7048/7048/7048
f 7051/7051/7051 7049/7049/7049 7050/7050/7050
f 7054/7054/7054 7053/7053/7053 7052/7052/7052
f 7052/7052/7052 7053/7053/7053 7055/7055/7055
f 7053/7053/7053 7056/7056/7056 7055/7055/7055
f 7053/7053/7053 7057/7057/7057 7056/7056/7056
f 7060/7060/7060 7059/7059/7059 7058/7058/7058
f 7060/7060/7060 7058/7058/7058 7061/7061/7061
f 7061/7061/7061 7058/7058/7058 7062/7062/7062
f 7058/7058/7058 7063/7063/7063 7062/7062/7062
f 7066/7066/7066 7065/7065/7065 7064/7064/7064
f 7064/7064/7064 7067/7067/7067 7066/7066/7066
f 7070/7070/7070 7069/7069/7069 7068/7068/7068
f 7071/7071/7071 7070/7070/7070 7068/7068/7068
f 7071/7071/7071 7068/7068/7068 7072/7072/7072
f 7073/7073/7073 7071/7071/7071 7072/7072/7072
f 7072/7072/7072 7074/7074/7074 7073/7073/7073
f 7074/7074/7074 7075/7075/7075 7073/7073/7073
f 7075/7075/7075 7074/7074/7074 7076/7076/7076
f 7077/7077/7077 7076/7076/7076 7074/7074/7074
f 7077/7077/7077 7078/7078/7078 7076/7076/7076
f 7081/7081/7081 7080/7080/7080 7079/7079/7079
f 7079/7079/7079 7080/7080/7080 7082/7082/7082
f 7085/7085/7085 7084/7084/7084 7083/7083/7083
f 7084/7084/7084 7085/7085/7085 7086/7086/7086
f 7087/7087/7087 7086/7086/7086 7085/7085/7085
f 7087/7087/7087 7085/7085/7085 7088/7088/7088
f 7091/7091/7091 7090/7090/7090 7089/7089/7089
f 7090/7090/7090 7091/7091/7091 7092/7092/7092
f 7095/7095/7095 7094/7094/7094 7093/7093/7093
f 7096/7096/7096 7095/7095/7095 7093/7093/7093
f 7099/7099/7099 7098/7098/7098 7097/7097/7097
f 7098/7098/7098 7099/7099/7099 7100/7100/7100
f 7103/7103/7103 7102/7102/7102 7101/7101/7101
f 7103/7103/7103 7104/7104/7104 7102/7102/7102
f 7104/7104/7104 7105/7105/7105 7102/7102/7102
f 7105/7105/7105 7106/7106/7106 7102/7102/7102
f 7109/7109/7109 7108/7108/7108 7107/7107/7107
f 7107/7107/7107 7108/7108/7108 7110/7110/7110
f 7108/7108/7108 7111/7111/7111 7110/7110/7110
f 7108/7108/7108 7112/7112/7112 7111/7111/7111
f 7115/7115/7115 7114/7114/7114 7113/7113/7113
f 7115/7115/7115 7116/7116/7116 7114/7114/7114
f 7119/7119/7119 7118/7118/7118 7117/7117/7117
f 7118/7118/7118 7120/7120/7120 7117/7117/7117
f 7118/7118/7118 7121/7121/7121 7120/7120/7120
f 7118/7118/7118 7122/7122/7122 7121/7121/7121
f 7125/7125/7125 7124/7124/7124 7123/7123/7123
f 7125/7125/7125 7126/7126/7126 7124/7124/7124
f 7127/7127/7127 7126/7126/7126 7125/7125/7125
f 7127/7127/7127 7128/7128/7128 7126/7126/7126
f 7131/7131/7131 7130/7130/7130 7129/7129/7129
f 7132/7132/7132 7130/7130/7130 7131/7131/7131
f 7132/7132/7132 7131/7131/7131 7133/7133/7133
f 7132/7132/7132 7133/7133/7133 6060/6060/6060
f 7134/7134/7134 7132/7132/7132 6060/6060/6060
f 7134/7134/7134 6060/6060/6060 7135/7135/7135
f 7135/7135/7135 6060/6060/6060 6062/6062/6062
f 6062/6062/6062 7136/7136/7136 7135/7135/7135
f 7136/7136/7136 7137/7137/7137 7135/7135/7135
f 7136/7136/7136 7138/7138/7138 7137/7137/7137
f 7141/7141/7141 7140/7140/7140 7139/7139/7139
f 7140/7140/7140 7142/7142/7142 7139/7139/7139
f 7145/7145/7145 7144/7144/7144 7143/7143/7143
f 7146/7146/7146 7143/7143/7143 7144/7144/7144
f 7149/7149/7149 7148/7148/7148 7147/7147/7147
f 7147/7147/7147 7150/7150/7150 7149/7149/7149
f 7153/7153/7153 7152/7152/7152 7151/7151/7151
f 7151/7151/7151 7152/7152/7152 7154/7154/7154
f 7152/7152/7152 7155/7155/7155 7154/7154/7154
f 7152/7152/7152 7156/7156/7156 7155/7155/7155
f 7159/7159/7159 7158/7158/7158 7157/7157/7157
f 7159/7159/7159 7157/7157/7157 7160/7160/7160
f 7163/7163/7163 7162/7162/7162 7161/7161/7161
f 7161/7161/7161 7162/7162/7162 7164/7164/7164
f 7167/7167/7167 7166/7166/7166 7165/7165/7165
f 7166/7166/7166 7168/7168/7168 7165/7165/7165
f 7166/7166/7166 7169/7169/7169 7168/7168/7168
f 7169/7169/7169 7170/7170/7170 7168/7168/7168
f 7173/7173/7173 7172/7172/7172 7171/7171/7171
f 7173/7173/7173 7174/7174/7174 7172/7172/7172
f 7172/7172/7172 7174/7174/7174 7175/7175/7175
f 7178/7178/7178 7177/7177/7177 7176/7176/7176
f 7177/7177/7177 7179/7179/7179 7176/7176/7176
f 7182/7182/7182 7181/7181/7181 7180/7180/7180
f 7182/7182/7182 7183/7183/7183 7181/7181/7181
f 7183/7183/7183 7184/7184/7184 7181/7181/7181
f 7184/7184/7184 7185/7185/7185 7181/7181/7181
f 7188/7188/7188 7187/7187/7187 7186/7186/7186
f 7188/7188/7188 7189/7189/7189 7187/7187/7187
f 7187/7187/7187 7189/7189/7189 7190/7190/7190
f 7193/7193/7193 7192/7192/7192 7191/7191/7191
f 7193/7193/7193 7191/7191/7191 7194/7194/7194
f 7194/7194/7194 7191/7191/7191 7195/7195/7195
f 7191/7191/7191 7196/7196/7196 7195/7195/7195
f 7199/7199/7199 7198/7198/7198 7197/7197/7197
f 7200/7200/7200 7197/7197/7197 7198/7198/7198
f 7203/7203/7203 7202/7202/7202 7201/7201/7201
f 7204/7204/7204 7202/7202/7202 7203/7203/7203
f 7207/7207/7207 7206/7206/7206 7205/7205/7205
f 7208/7208/7208 7207/7207/7207 7205/7205/7205
f 7211/7211/7211 7210/7210/7210 7209/7209/7209
f 7209/7209/7209 7210/7210/7210 7212/7212/7212
f 7215/7215/7215 7214/7214/7214 7213/7213/7213
f 7214/7214/7214 7216/7216/7216 7213/7213/7213
f 7219/7219/7219 7218/7218/7218 7217/7217/7217
f 7220/7220/7220 7218/7218/7218 7219/7219/7219
f 7220/7220/7220 7219/7219/7219 7221/7221/7221
f 7222/7222/7222 7220/7220/7220 7221/7221/7221
f 7223/7223/7223 7222/7222/7222 7221/7221/7221
f 7226/7226/7226 7225/7225/7225 7224/7224/7224
f 7225/7225/7225 7226/7226/7226 7227/7227/7227
f 7228/7228/7228 7227/7227/7227 7226/7226/7226
f 7227/7227/7227 7228/7228/7228 7229/7229/7229
f 7229/7229/7229 7230/7230/7230 7227/7227/7227
f 7229/7229/7229 7231/7231/7231 7230/7230/7230
f 7232/7232/7232 7231/7231/7231 7229/7229/7229
f 7232/7232/7232 7233/7233/7233 7231/7231/7231
f 7234/7234/7234 7231/7231/7231 7233/7233/7233
f 7237/7237/7237 7236/7236/7236 7235/7235/7235
f 7237/7237/7237 7238/7238/7238 7236/7236/7236
f 7237/7237/7237 7239/7239/7239 7238/7238/7238
f 7239/7239/7239 7240/7240/7240 7238/7238/7238
f 7243/7243/7243 7242/7242/7242 7241/7241/7241
f 7241/7241/7241 7244/7244/7244 7243/7243/7243
f 7247/7247/7247 7246/7246/7246 7245/7245/7245
f 7246/7246/7246 7247/7247/7247 7248/7248/7248
f 7251/7251/7251 7250/7250/7250 7249/7249/7249
f 7249/7249/7249 7250/7250/7250 7252/7252/7252
f 7255/7255/7255 7254/7254/7254 7253/7253/7253
f 7254/7254/7254 7256/7256/7256 7253/7253/7253
f 7259/7259/7259 7258/7258/7258 7257/7257/7257
f 7259/7259/7259 7260/7260/7260 7258/7258/7258
f 7259/7259/7259 7261/7261/7261 7260/7260/7260
f 7261/7261/7261 7262/7262/7262 7260/7260/7260
f 7263/7263/7263 7262/7262/7262 7261/7261/7261
f 7262/7262/7262 7263/7263/7263 7264/7264/7264
f 7265/7265/7265 7264/7264/7264 7263/7263/7263
f 7265/7265/7265 7266/7266/7266 7264/7264/7264
f 7267/7267/7267 7266/7266/7266 7265/7265/7265
f 7268/7268/7268 7266/7266/7266 7267/7267/7267
f 7269/7269/7269 7266/7266/7266 7268/7268/7268
f 7270/7270/7270 7269/7269/7269 7268/7268/7268
f 7271/7271/7271 7269/7269/7269 7270/7270/7270
f 7274/7274/7274 7273/7273/7273 7272/7272/7272
f 7274/7274/7274 7275/7275/7275 7273/7273/7273
f 7278/7278/7278 7277/7277/7277 7276/7276/7276
f 7279/7279/7279 7276/7276/7276 7277/7277/7277
f 7282/7282/7282 7281/7281/7281 7280/7280/7280
f 7281/7281/7281 7283/7283/7283 7280/7280/7280
f 7286/7286/7286 7285/7285/7285 7284/7284/7284
f 7287/7287/7287 7284/7284/7284 7285/7285/7285
f 7290/7290/7290 7289/7289/7289 7288/7288/7288
f 7290/7290/7290 7288/7288/7288 7291/7291/7291
f 7294/7294/7294 7293/7293/7293 7292/7292/7292
f 7292/7292/7292 7295/7295/7295 7294/7294/7294
f 7298/7298/7298 7297/7297/7297 7296/7296/7296
f 7299/7299/7299 7296/7296/7296 7297/7297/7297
f 7302/7302/7302 7301/7301/7301 7300/7300/7300
f 7303/7303/7303 7301/7301/7301 7302/7302/7302
f 7306/7306/7306 7305/7305/7305 7304/7304/7304
f 7305/7305/7305 7307/7307/7307 7304/7304/7304
f 7310/7310/7310 7309/7309/7309 7308/7308/7308
f 7309/7309/7309 7311/7311/7311 7308/7308/7308
f 7314/7314/7314 7313/7313/7313 7312/7312/7312
f 7314/7314/7314 7312/7312/7312 7315/7315/7315
f 7315/7315/7315 7316/7316/7316 7314/7314/7314
f 7316/7316/7316 7315/7315/7315 7317/7317/7317
f 7317/7317/7317 7319/7319/7319 7318/7318/7318
f 7320/7320/7320 7318/7318/7318 7319/7319/7319
f 7320/7320/7320 7321/7321/7321 7318/7318/7318
f 7318/7318/7318 7321/7321/7321 7322/7322/7322
f 7320/7320/7320 7323/7323/7323 7321/7321/7321
f 7322/7322/7322 7321/7321/7321 7324/7324/7324
f 7322/7322/7322 7324/7324/7324 7325/7325/7325
f 7325/7325/7325 7324/7324/7324 7326/7326/7326
f 7327/7327/7327 7325/7325/7325 7326/7326/7326
f 7326/7326/7326 7328/7328/7328 7327/7327/7327
f 7328/7328/7328 7329/7329/7329 7327/7327/7327
f 7327/7327/7327 7329/7329/7329 7330/7330/7330
f 7330/7330/7330 7329/7329/7329 7331/7331/7331
f 7323/7323/7323 7332/7332/7332 7321/7321/7321
f 7323/7323/7323 7333/7333/7333 7332/7332/7332
f 7334/7334/7334 7333/7333/7333 7323/7323/7323
f 7323/7323/7323 7335/7335/7335 7334/7334/7334
f 7332/7332/7332 7333/7333/7333 7336/7336/7336
f 7336/7336/7336 7337/7337/7337 7332/7332/7332
f 7336/7336/7336 7338/7338/7338 7337/7337/7337
f 7339/7339/7339 7337/7337/7337 7338/7338/7338
f 7340/7340/7340 7337/7337/7337 7339/7339/7339
f 7335/7335/7335 7340/7340/7340 7341/7341/7341
f 7340/7340/7340 7339/7339/7339 7341/7341/7341
f 7344/7344/7344 7343/7343/7343 7342/7342/7342
f 7345/7345/7345 7344/7344/7344 7342/7342/7342
f 7348/7348/7348 7347/7347/7347 7346/7346/7346
f 7348/7348/7348 7346/7346/7346 7349/7349/7349
f 7352/7352/7352 7351/7351/7351 7350/7350/7350
f 7352/7352/7352 7350/7350/7350 7353/7353/7353
f 7356/7356/7356 7355/7355/7355 7354/7354/7354
f 7357/7357/7357 7356/7356/7356 7354/7354/7354
f 7360/7360/7360 7359/7359/7359 7358/7358/7358
f 7360/7360/7360 7361/7361/7361 7359/7359/7359
f 7360/7360/7360 7362/7362/7362 7361/7361/7361
f 7361/7361/7361 7362/7362/7362 7363/7363/7363
f 7362/7362/7362 7364/7364/7364 7363/7363/7363
f 7362/7362/7362 7365/7365/7365 7364/7364/7364
f 7368/7368/7368 7367/7367/7367 7366/7366/7366
f 7368/7368/7368 7369/7369/7369 7367/7367/7367
f 7367/7367/7367 7369/7369/7369 7370/7370/7370
f 7371/7371/7371 7367/7367/7367 7370/7370/7370
f 7371/7371/7371 7370/7370/7370 7372/7372/7372
f 7373/7373/7373 7371/7371/7371 7372/7372/7372
f 7376/7376/7376 7375/7375/7375 7374/7374/7374
f 7377/7377/7377 7376/7376/7376 7374/7374/7374
f 7377/7377/7377 7378/7378/7378 7376/7376/7376
f 7379/7379/7379 7378/7378/7378 7377/7377/7377
f 7382/7382/7382 7381/7381/7381 7380/7380/7380
f 7381/7381/7381 7382/7382/7382 7383/7383/7383
f 7386/7386/7386 7385/7385/7385 7384/7384/7384
f 7387/7387/7387 7386/7386/7386 7384/7384/7384
f 7390/7390/7390 7389/7389/7389 7388/7388/7388
f 7389/7389/7389 7391/7391/7391 7388/7388/7388
f 7394/7394/7394 7393/7393/7393 7392/7392/7392
f 7395/7395/7395 7392/7392/7392 7393/7393/7393
f 7398/7398/7398 7397/7397/7397 7396/7396/7396
f 7396/7396/7396 7399/7399/7399 7398/7398/7398
f 7398/7398/7398 7399/7399/7399 7400/7400/7400
f 7401/7401/7401 7398/7398/7398 7400/7400/7400
f 7398/7398/7398 7401/7401/7401 7402/7402/7402
f 7402/7402/7402 7401/7401/7401 7403/7403/7403
f 7406/7406/7406 7405/7405/7405 7404/7404/7404
f 7407/7407/7407 7405/7405/7405 7406/7406/7406
f 7410/7410/7410 7409/7409/7409 7408/7408/7408
f 7411/7411/7411 7409/7409/7409 7410/7410/7410
f 7412/7412/7412 7409/7409/7409 7411/7411/7411
f 7415/7415/7415 7414/7414/7414 7413/7413/7413
f 7416/7416/7416 7414/7414/7414 7415/7415/7415
f 7419/7419/7419 7418/7418/7418 7417/7417/7417
f 7419/7419/7419 7417/7417/7417 7420/7420/7420
f 7423/7423/7423 7422/7422/7422 7421/7421/7421
f 7421/7421/7421 7422/7422/7422 7424/7424/7424
f 7427/7427/7427 7426/7426/7426 7425/7425/7425
f 7426/7426/7426 7428/7428/7428 7425/7425/7425
f 7428/7428/7428 7429/7429/7429 7425/7425/7425
f 7429/7429/7429 7430/7430/7430 7425/7425/7425
f 7425/7425/7425 7430/7430/7430 7431/7431/7431
f 7432/7432/7432 7431/7431/7431 7430/7430/7430
f 7432/7432/7432 7433/7433/7433 7431/7431/7431
f 7434/7434/7434 7433/7433/7433 7432/7432/7432
f 7434/7434/7434 7435/7435/7435 7433/7433/7433
f 7433/7433/7433 7435/7435/7435 7436/7436/7436
f 7435/7435/7435 7437/7437/7437 7436/7436/7436
f 7435/7435/7435 7438/7438/7438 7437/7437/7437
f 7439/7439/7439 7437/7437/7437 7438/7438/7438
f 7439/7439/7439 7440/7440/7440 7437/7437/7437
f 7440/7440/7440 7441/7441/7441 7437/7437/7437
f 7444/7444/7444 7443/7443/7443 7442/7442/7442
f 7445/7445/7445 7443/7443/7443 7444/7444/7444
f 7448/7448/7448 7447/7447/7447 7446/7446/7446
f 7448/7448/7448 7449/7449/7449 7447/7447/7447
f 7452/7452/7452 7451/7451/7451 7450/7450/7450
f 7453/7453/7453 7451/7451/7451 7452/7452/7452
f 7453/7453/7453 7454/7454/7454 7451/7451/7451
f 7455/7455/7455 7454/7454/7454 7453/7453/7453
f 7458/7458/7458 7457/7457/7457 7456/7456/7456
f 7458/7458/7458 7459/7459/7459 7457/7457/7457
f 7459/7459/7459 7458/7458/7458 7460/7460/7460
f 7463/7463/7463 7462/7462/7462 7461/7461/7461
f 7462/7462/7462 7463/7463/7463 7464/7464/7464
f 7464/7464/7464 7465/7465/7465 7462/7462/7462
f 7468/7468/7468 7467/7467/7467 7466/7466/7466
f 7467/7467/7467 7469/7469/7469 7466/7466/7466
f 7472/7472/7472 7471/7471/7471 7470/7470/7470
f 7471/7471/7471 7472/7472/7472 7473/7473/7473
f 7476/7476/7476 7475/7475/7475 7474/7474/7474
f 7476/7476/7476 7474/7474/7474 7477/7477/7477
f 7478/7478/7478 7477/7477/7477 7474/7474/7474
f 7477/7477/7477 7478/7478/7478 7479/7479/7479
f 7479/7479/7479 7478/7478/7478 7480/7480/7480
f 7480/7480/7480 7478/7478/7478 7481/7481/7481
f 7484/7484/7484 7483/7483/7483 7482/7482/7482
f 7482/7482/7482 7485/7485/7485 7484/7484/7484
f 7485/7485/7485 7486/7486/7486 7484/7484/7484
f 7486/7486/7486 7487/7487/7487 7484/7484/7484
f 7484/7484/7484 7487/7487/7487 7488/7488/7488
f 7488/7488/7488 7489/7489/7489 7484/7484/7484
f 7490/7490/7490 7489/7489/7489 7488/7488/7488
f 7491/7491/7491 7490/7490/7490 7488/7488/7488
f 7488/7488/7488 7492/7492/7492 7491/7491/7491
f 7492/7492/7492 7493/7493/7493 7491/7491/7491
f 7492/7492/7492 7494/7494/7494 7493/7493/7493
f 7494/7494/7494 7495/7495/7495 7493/7493/7493
f 7496/7496/7496 7495/7495/7495 7494/7494/7494
f 7496/7496/7496 7494/7494/7494 7497/7497/7497
f 7498/7498/7498 7496/7496/7496 7497/7497/7497
f 7501/7501/7501 7500/7500/7500 7499/7499/7499
f 7500/7500/7500 7502/7502/7502 7499/7499/7499
f 7499/7499/7499 7502/7502/7502 7503/7503/7503
f 7506/7506/7506 7505/7505/7505 7504/7504/7504
f 7507/7507/7507 7505/7505/7505 7506/7506/7506
f 7507/7507/7507 7506/7506/7506 7508/7508/7508
f 7511/7511/7511 7510/7510/7510 7509/7509/7509
f 7512/7512/7512 7511/7511/7511 7509/7509/7509
f 7513/7513/7513 7512/7512/7512 7509/7509/7509
f 7512/7512/7512 7513/7513/7513 7514/7514/7514
f 7515/7515/7515 7514/7514/7514 7513/7513/7513
f 7518/7518/7518 7517/7517/7517 7516/7516/7516
f 7517/7517/7517 7519/7519/7519 7516/7516/7516
f 7517/7517/7517 7520/7520/7520 7519/7519/7519
f 7523/7523/7523 7522/7522/7522 7521/7521/7521
f 7523/7523/7523 7524/7524/7524 7522/7522/7522
f 7527/7527/7527 7526/7526/7526 7525/7525/7525
f 7526/7526/7526 7527/7527/7527 7528/7528/7528
f 7531/7531/7531 7530/7530/7530 7529/7529/7529
f 7530/7530/7530 7531/7531/7531 7532/7532/7532
f 7533/7533/7533 7532/7532/7532 7531/7531/7531
f 7536/7536/7536 7535/7535/7535 7534/7534/7534
f 7534/7534/7534 7537/7537/7537 7536/7536/7536
f 7538/7538/7538 7536/7536/7536 7537/7537/7537
f 7538/7538/7538 7537/7537/7537 7539/7539/7539
f 7539/7539/7539 7537/7537/7537 7540/7540/7540
f 7540/7540/7540 7537/7537/7537 7541/7541/7541
f 7544/7544/7544 7543/7543/7543 7542/7542/7542
f 7544/7544/7544 7545/7545/7545 7543/7543/7543
f 7545/7545/7545 7544/7544/7544 7546/7546/7546
f 7549/7549/7549 7548/7548/7548 7547/7547/7547
f 7550/7550/7550 7549/7549/7549 7547/7547/7547
f 7553/7553/7553 7552/7552/7552 7551/7551/7551
f 7553/7553/7553 7554/7554/7554 7552/7552/7552
f 7552/7552/7552 7554/7554/7554 7555/7555/7555
f 7555/7555/7555 7556/7556/7556 7552/7552/7552
f 7559/7559/7559 7558/7558/7558 7557/7557/7557
f 7560/7560/7560 7559/7559/7559 7557/7557/7557
f 7561/7561/7561 7559/7559/7559 7560/7560/7560
f 7561/7561/7561 7560/7560/7560 7562/7562/7562
f 7565/7565/7565 7564/7564/7564 7563/7563/7563
f 7564/7564/7564 7566/7566/7566 7563/7563/7563
f 7566/7566/7566 7567/7567/7567 7563/7563/7563
f 7567/7567/7567 7568/7568/7568 7563/7563/7563
f 7567/7567/7567 7569/7569/7569 7568/7568/7568
f 7572/7572/7572 7571/7571/7571 7570/7570/7570
f 7572/7572/7572 7570/7570/7570 7573/7573/7573
f 7570/7570/7570 7574/7574/7574 7573/7573/7573
f 7577/7577/7577 7576/7576/7576 7575/7575/7575
f 7577/7577/7577 7575/7575/7575 7578/7578/7578
f 7581/7581/7581 7580/7580/7580 7579/7579/7579
f 7581/7581/7581 7582/7582/7582 7580/7580/7580
f 7583/7583/7583 7582/7582/7582 7581/7581/7581
f 7582/7582/7582 7583/7583/7583 7584/7584/7584
f 7587/7587/7587 7586/7586/7586 7585/7585/7585
f 7587/7587/7587 7588/7588/7588 7586/7586/7586
f 7588/7588/7588 7587/7587/7587 7589/7589/7589
f 7590/7590/7590 7588/7588/7588 7589/7589/7589
f 7590/7590/7590 7589/7589/7589 7591/7591/7591
f 7593/7593/7593 7591/7591/7591 7592/7592/7592
f 7592/7592/7592 7594/7594/7594 7593/7593/7593
f 7595/7595/7595 7593/7593/7593 7594/7594/7594
f 7598/7598/7598 7597/7597/7597 7596/7596/7596
f 7599/7599/7599 7597/7597/7597 7598/7598/7598
f 7602/7602/7602 7601/7601/7601 7600/7600/7600
f 7601/7601/7601 7603/7603/7603 7600/7600/7600
f 7606/7606/7606 7605/7605/7605 7604/7604/7604
f 7607/7607/7607 7606/7606/7606 7604/7604/7604
f 7608/7608/7608 7606/7606/7606 7607/7607/7607
f 7611/7611/7611 7610/7610/7610 7609/7609/7609
f 7610/7610/7610 7611/7611/7611 7612/7612/7612
f 7611/7611/7611 7613/7613/7613 7612/7612/7612
f 7616/7616/7616 7615/7615/7615 7614/7614/7614
f 7617/7617/7617 7615/7615/7615 7616/7616/7616
f 7618/7618/7618 7617/7617/7617 7616/7616/7616
f 7621/7621/7621 7620/7620/7620 7619/7619/7619
f 7621/7621/7621 7622/7622/7622 7620/7620/7620
f 7625/7625/7625 7624/7624/7624 7623/7623/7623
f 7626/7626/7626 7623/7623/7623 7624/7624/7624
f 7629/7629/7629 7628/7628/7628 7627/7627/7627
f 7630/7630/7630 7629/7629/7629 7627/7627/7627
f 7633/7633/7633 7632/7632/7632 7631/7631/7631
f 7633/7633/7633 7634/7634/7634 7632/7632/7632
f 7637/7637/7637 7636/7636/7636 7635/7635/7635
f 7638/7638/7638 7635/7635/7635 7636/7636/7636
f 7641/7641/7641 7640/7640/7640 7639/7639/7639
f 7640/7640/7640 7641/7641/7641 7642/7642/7642
f 7645/7645/7645 7644/7644/7644 7643/7643/7643
f 7645/7645/7645 7643/7643/7643 7646/7646/7646
f 7649/7649/7649 7648/7648/7648 7647/7647/7647
f 7648/7648/7648 7650/7650/7650 7647/7647/7647
f 7653/7653/7653 7652/7652/7652 7651/7651/7651
f 7652/7652/7652 7654/7654/7654 7651/7651/7651
f 7657/7657/7657 7656/7656/7656 7655/7655/7655
f 7656/7656/7656 7657/7657/7657 7658/7658/7658
f 7661/7661/7661 7660/7660/7660 7659/7659/7659
f 1961/1961/1961 7661/7661/7661 7659/7659/7659
f 7664/7664/7664 7663/7663/7663 7662/7662/7662
f 7665/7665/7665 7663/7663/7663 7664/7664/7664
f 7665/7665/7665 7666/7666/7666 7663/7663/7663
f 7667/7667/7667 7666/7666/7666 7665/7665/7665
f 7666/7666/7666 7667/7667/7667 7668/7668/7668
f 7669/7669/7669 7666/7666/7666 7668/7668/7668
f 7670/7670/7670 7669/7669/7669 7668/7668/7668
f 7670/7670/7670 7671/7671/7671 7669/7669/7669
f 7671/7671/7671 7672/7672/7672 7669/7669/7669
f 7671/7671/7671 7673/7673/7673 7672/7672/7672
f 7673/7673/7673 7674/7674/7674 7672/7672/7672
f 7674/7674/7674 7675/7675/7675 7672/7672/7672
f 7674/7674/7674 7676/7676/7676 7675/7675/7675
f 7676/7676/7676 7677/7677/7677 7675/7675/7675
f 7680/7680/7680 7679/7679/7679 7678/7678/7678
f 7681/7681/7681 7679/7679/7679 7680/7680/7680
f 7684/7684/7684 7683/7683/7683 7682/7682/7682
f 7684/7684/7684 7685/7685/7685 7683/7683/7683
f 7688/7688/7688 7687/7687/7687 7686/7686/7686
f 7689/7689/7689 7686/7686/7686 7687/7687/7687
f 7690/7690/7690 7686/7686/7686 7689/7689/7689
f 7693/7693/7693 7692/7692/7692 7691/7691/7691
f 7692/7692/7692 7694/7694/7694 7691/7691/7691
f 7697/7697/7697 7696/7696/7696 7695/7695/7695
f 7698/7698/7698 7696/7696/7696 7697/7697/7697
f 7701/7701/7701 7700/7700/7700 7699/7699/7699
f 7700/7700/7700 7702/7702/7702 7699/7699/7699
f 7705/7705/7705 7704/7704/7704 7703/7703/7703
f 7705/7705/7705 7703/7703/7703 7706/7706/7706
f 7706/7706/7706 7707/7707/7707 7705/7705/7705
f 7710/7710/7710 7709/7709/7709 7708/7708/7708
f 7708/7708/7708 7709/7709/7709 7711/7711/7711
f 7708/7708/7708 7711/7711/7711 7712/7712/7712
f 7713/7713/7713 1385/1385/1385 1371/1371/1371
f 1382/1382/1382 1385/1385/1385 7713/7713/7713
f 7714/7714/7714 1382/1382/1382 7713/7713/7713
f 7715/7715/7715 1382/1382/1382 7714/7714/7714
f 7716/7716/7716 1382/1382/1382 7715/7715/7715
f 7717/7717/7717 7713/7713/7713 1371/1371/1371
f 7718/7718/7718 7716/7716/7716 7715/7715/7715
f 7718/7718/7718 7715/7715/7715 7717/7717/7717
f 7716/7716/7716 7718/7718/7718 7719/7719/7719
f 7720/7720/7720 7716/7716/7716 7719/7719/7719
f 7720/7720/7720 7719/7719/7719 7721/7721/7721
f 7722/7722/7722 7718/7718/7718 7717/7717/7717
f 7721/7721/7721 7719/7719/7719 7723/7723/7723
f 7723/7723/7723 7722/7722/7722 7717/7717/7717
f 7724/7724/7724 7721/7721/7721 7723/7723/7723
f 7725/7725/7725 7723/7723/7723 7717/7717/7717
f 7723/7723/7723 7725/7725/7725 7724/7724/7724
f 7717/7717/7717 7726/7726/7726 7725/7725/7725
f 7717/7717/7717 1371/1371/1371 7726/7726/7726
f 7725/7725/7725 7727/7727/7727 7724/7724/7724
f 7728/7728/7728 7726/7726/7726 1371/1371/1371
f 7727/7727/7727 7729/7729/7729 7724/7724/7724
f 7728/7728/7728 1371/1371/1371 1373/1373/1373
f 7724/7724/7724 7729/7729/7729 1373/1373/1373
f 7729/7729/7729 7728/7728/7728 1373/1373/1373
f 7732/7732/7732 7731/7731/7731 7730/7730/7730
f 7733/7733/7733 7732/7732/7732 7730/7730/7730
f 7734/7734/7734 7732/7732/7732 7733/7733/7733
f 7735/7735/7735 7731/7731/7731 7732/7732/7732
f 7734/7734/7734 7735/7735/7735 7732/7732/7732
f 7735/7735/7735 7736/7736/7736 7731/7731/7731
f 7731/7731/7731 7736/7736/7736 7737/7737/7737
f 7738/7738/7738 7735/7735/7735 7734/7734/7734
f 7739/7739/7739 7735/7735/7735 7738/7738/7738
f 7738/7738/7738 7734/7734/7734 7740/7740/7740
f 7741/7741/7741 7740/7740/7740 7734/7734/7734
f 7742/7742/7742 7740/7740/7740 7741/7741/7741
f 7743/7743/7743 7742/7742/7742 7741/7741/7741
f 7744/7744/7744 7743/7743/7743 7741/7741/7741
f 7744/7744/7744 7745/7745/7745 7743/7743/7743
f 7746/7746/7746 7739/7739/7739 7745/7745/7745
f 7744/7744/7744 7746/7746/7746 7745/7745/7745
f 7731/7731/7731 7737/7737/7737 7747/7747/7747
f 7737/7737/7737 7748/7748/7748 7747/7747/7747
f 7731/7731/7731 7747/7747/7747 7749/7749/7749
f 7748/7748/7748 7737/7737/7737 7750/7750/7750
f 7737/7737/7737 7751/7751/7751 7750/7750/7750
f 7750/7750/7750 7751/7751/7751 7752/7752/7752
f 7753/7753/7753 7731/7731/7731 7749/7749/7749
f 7752/7752/7752 7751/7751/7751 7753/7753/7753
f 7749/7749/7749 7754/7754/7754 7753/7753/7753
f 7754/7754/7754 7752/7752/7752 7753/7753/7753
f 7757/7757/7757 7756/7756/7756 7755/7755/7755
f 7758/7758/7758 7755/7755/7755 7756/7756/7756
f 7757/7757/7757 7755/7755/7755 7759/7759/7759
f 7760/7760/7760 7755/7755/7755 7758/7758/7758
f 7757/7757/7757 7759/7759/7759 7761/7761/7761
f 7762/7762/7762 7760/7760/7760 7758/7758/7758
f 7759/7759/7759 7763/7763/7763 7761/7761/7761
f 7762/7762/7762 7764/7764/7764 7760/7760/7760
f 7761/7761/7761 7763/7763/7763 7765/7765/7765
f 7763/7763/7763 7766/7766/7766 7765/7765/7765
f 7766/7766/7766 7767/7767/7767 7765/7765/7765
f 7766/7766/7766 7768/7768/7768 7767/7767/7767
f 7767/7767/7767 7768/7768/7768 7769/7769/7769
f 7769/7769/7769 7768/7768/7768 7770/7770/7770
f 7769/7769/7769 7770/7770/7770 7771/7771/7771
f 7772/7772/7772 7771/7771/7771 7770/7770/7770
f 7772/7772/7772 7773/7773/7773 7771/7771/7771
f 7772/7772/7772 7774/7774/7774 7773/7773/7773
f 7762/7762/7762 7775/7775/7775 7764/7764/7764
f 7774/7774/7774 7775/7775/7775 7773/7773/7773
f 7776/7776/7776 7764/7764/7764 7775/7775/7775
f 7774/7774/7774 7776/7776/7776 7775/7775/7775
f 7779/7779/7779 7778/7778/7778 7777/7777/7777
f 7778/7778/7778 7779/7779/7779 7780/7780/7780
f 7779/7779/7779 7777/7777/7777 7781/7781/7781
f 7782/7782/7782 7780/7780/7780 7779/7779/7779
f 7777/7777/7777 7783/7783/7783 7781/7781/7781
f 7781/7781/7781 7783/7783/7783 7784/7784/7784
f 7783/7783/7783 7785/7785/7785 7784/7784/7784
f 7784/7784/7784 7785/7785/7785 7786/7786/7786
f 7785/7785/7785 7787/7787/7787 7786/7786/7786
f 7788/7788/7788 7786/7786/7786 7787/7787/7787
f 7788/7788/7788 7787/7787/7787 7789/7789/7789
f 7788/7788/7788 7789/7789/7789 7790/7790/7790
f 7790/7790/7790 7789/7789/7789 7791/7791/7791
f 7792/7792/7792 7790/7790/7790 7791/7791/7791
f 7792/7792/7792 7791/7791/7791 7793/7793/7793
f 7792/7792/7792 7793/7793/7793 7794/7794/7794
f 7794/7794/7794 7793/7793/7793 7795/7795/7795
f 7794/7794/7794 7795/7795/7795 7796/7796/7796
f 7795/7795/7795 7797/7797/7797 7796/7796/7796
f 7797/7797/7797 7798/7798/7798 7796/7796/7796
f 7798/7798/7798 7797/7797/7797 7799/7799/7799
f 7798/7798/7798 7799/7799/7799 7800/7800/7800
f 7801/7801/7801 7800/7800/7800 7799/7799/7799
f 7800/7800/7800 7801/7801/7801 7802/7802/7802
f 7802/7802/7802 7801/7801/7801 7803/7803/7803
f 7802/7802/7802 7803/7803/7803 7804/7804/7804
f 7804/7804/7804 7803/7803/7803 7805/7805/7805
f 7806/7806/7806 7804/7804/7804 7805/7805/7805
f 7806/7806/7806 7805/7805/7805 7807/7807/7807
f 7808/7808/7808 7806/7806/7806 7807/7807/7807
f 7808/7808/7808 7807/7807/7807 7809/7809/7809
f 7810/7810/7810 7808/7808/7808 7809/7809/7809
f 7811/7811/7811 7810/7810/7810 7809/7809/7809
f 7811/7811/7811 7812/7812/7812 7810/7810/7810
f 7812/7812/7812 7811/7811/7811 7813/7813/7813
f 7814/7814/7814 7812/7812/7812 7813/7813/7813
f 7815/7815/7815 7814/7814/7814 7813/7813/7813
f 7816/7816/7816 7814/7814/7814 7815/7815/7815
f 7817/7817/7817 7816/7816/7816 7815/7815/7815
f 7816/7816/7816 7817/7817/7817 7818/7818/7818
f 7819/7819/7819 7818/7818/7818 7817/7817/7817
f 7819/7819/7819 7820/7820/7820 7818/7818/7818
f 7821/7821/7821 7820/7820/7820 7819/7819/7819
f 7820/7820/7820 7821/7821/7821 7822/7822/7822
f 7823/7823/7823 7822/7822/7822 7821/7821/7821
f 7824/7824/7824 7822/7822/7822 7823/7823/7823
f 7825/7825/7825 7824/7824/7824 7823/7823/7823
f 7824/7824/7824 7825/7825/7825 7826/7826/7826
f 7825/7825/7825 7827/7827/7827 7826/7826/7826
f 7826/7826/7826 7827/7827/7827 7828/7828/7828
f 7828/7828/7828 7827/7827/7827 7829/7829/7829
f 7828/7828/7828 7829/7829/7829 7830/7830/7830
f 7829/7829/7829 7831/7831/7831 7830/7830/7830
f 7832/7832/7832 7830/7830/7830 7831/7831/7831
f 7832/7832/7832 7831/7831/7831 7833/7833/7833
f 7832/7832/7832 7833/7833/7833 7834/7834/7834
f 7834/7834/7834 7833/7833/7833 7835/7835/7835
f 7834/7834/7834 7835/7835/7835 7836/7836/7836
f 7835/7835/7835 7837/7837/7837 7836/7836/7836
f 7836/7836/7836 7837/7837/7837 7838/7838/7838
f 7839/7839/7839 7838/7838/7838 7837/7837/7837
f 7838/7838/7838 7839/7839/7839 7840/7840/7840
f 7839/7839/7839 7841/7841/7841 7840/7840/7840
f 7842/7842/7842 7840/7840/7840 7841/7841/7841
f 7841/7841/7841 7843/7843/7843 7842/7842/7842
f 7844/7844/7844 7842/7842/7842 7843/7843/7843
f 7845/7845/7845 7844/7844/7844 7843/7843/7843
f 7844/7844/7844 7845/7845/7845 7846/7846/7846
f 7846/7846/7846 7845/7845/7845 7847/7847/7847
f 7848/7848/7848 7846/7846/7846 7847/7847/7847
f 7847/7847/7847 7849/7849/7849 7848/7848/7848
f 7848/7848/7848 7849/7849/7849 7850/7850/7850
f 7849/7849/7849 7851/7851/7851 7850/7850/7850
f 7850/7850/7850 7851/7851/7851 7852/7852/7852
f 7851/7851/7851 7853/7853/7853 7852/7852/7852
f 7852/7852/7852 7853/7853/7853 7854/7854/7854
f 7853/7853/7853 7855/7855/7855 7854/7854/7854
f 7856/7856/7856 7854/7854/7854 7855/7855/7855
f 7855/7855/7855 7857/7857/7857 7856/7856/7856
f 7856/7856/7856 7857/7857/7857 7858/7858/7858
f 7858/7858/7858 7857/7857/7857 7859/7859/7859
f 7858/7858/7858 7859/7859/7859 7860/7860/7860
f 7860/7860/7860 7859/7859/7859 7861/7861/7861
f 7860/7860/7860 7861/7861/7861 7862/7862/7862
f 7863/7863/7863 7862/7862/7862 7861/7861/7861
f 7862/7862/7862 7863/7863/7863 7864/7864/7864
f 7864/7864/7864 7863/7863/7863 7865/7865/7865
f 7864/7864/7864 7865/7865/7865 7866/7866/7866
f 7865/7865/7865 7867/7867/7867 7866/7866/7866
f 7866/7866/7866 7867/7867/7867 7868/7868/7868
f 7867/7867/7867 7869/7869/7869 7868/7868/7868
f 7868/7868/7868 7869/7869/7869 7870/7870/7870
f 7869/7869/7869 7871/7871/7871 7870/7870/7870
f 7870/7870/7870 7871/7871/7871 7872/7872/7872
f 7872/7872/7872 7871/7871/7871 7873/7873/7873
f 7872/7872/7872 7873/7873/7873 7874/7874/7874
f 7873/7873/7873 7875/7875/7875 7874/7874/7874
f 7874/7874/7874 7875/7875/7875 7876/7876/7876
f 7875/7875/7875 7877/7877/7877 7876/7876/7876
f 7877/7877/7877 7878/7878/7878 7876/7876/7876
f 7878/7878/7878 7877/7877/7877 7879/7879/7879
f 7878/7878/7878 7879/7879/7879 7880/7880/7880
f 7880/7880/7880 7879/7879/7879 7881/7881/7881
f 7881/7881/7881 7882/7882/7882 7880/7880/7880
f 7883/7883/7883 7882/7882/7882 7881/7881/7881
f 7884/7884/7884 7882/7882/7882 7883/7883/7883
f 7884/7884/7884 7883/7883/7883 7885/7885/7885
f 7884/7884/7884 7885/7885/7885 7780/7780/7780
f 7884/7884/7884 7780/7780/7780 7782/7782/7782
f 7888/7888/7888 7887/7887/7887 7886/7886/7886
f 7888/7888/7888 7886/7886/7886 7889/7889/7889
f 7887/7887/7887 7888/7888/7888 7890/7890/7890
f 7891/7891/7891 7888/7888/7888 7889/7889/7889
f 7892/7892/7892 7891/7891/7891 7889/7889/7889
f 7891/7891/7891 7892/7892/7892 7893/7893/7893
f 7894/7894/7894 7893/7893/7893 7892/7892/7892
f 7893/7893/7893 7894/7894/7894 7895/7895/7895
f 7894/7894/7894 7896/7896/7896 7895/7895/7895
f 7895/7895/7895 7896/7896/7896 7897/7897/7897
f 7897/7897/7897 7896/7896/7896 7898/7898/7898
f 7897/7897/7897 7898/7898/7898 7899/7899/7899
f 7899/7899/7899 7898/7898/7898 7900/7900/7900
f 7899/7899/7899 7900/7900/7900 7901/7901/7901
f 7901/7901/7901 7900/7900/7900 7902/7902/7902
f 7901/7901/7901 7902/7902/7902 7903/7903/7903
f 7902/7902/7902 7904/7904/7904 7903/7903/7903
f 7905/7905/7905 7903/7903/7903 7904/7904/7904
f 7906/7906/7906 7905/7905/7905 7904/7904/7904
f 7907/7907/7907 7905/7905/7905 7906/7906/7906
f 7908/7908/7908 7907/7907/7907 7906/7906/7906
f 7909/7909/7909 7907/7907/7907 7908/7908/7908
f 7909/7909/7909 7908/7908/7908 7890/7890/7890
f 7908/7908/7908 7887/7887/7887 7890/7890/7890
f 7912/7912/7912 7911/7911/7911 7910/7910/7910
f 7912/7912/7912 7913/7913/7913 7911/7911/7911
f 7910/7910/7910 7911/7911/7911 7914/7914/7914
f 7913/7913/7913 7915/7915/7915 7911/7911/7911
f 7910/7910/7910 7914/7914/7914 7916/7916/7916
f 7916/7916/7916 7914/7914/7914 7917/7917/7917
f 7916/7916/7916 7917/7917/7917 7918/7918/7918
f 7917/7917/7917 7919/7919/7919 7918/7918/7918
f 7918/7918/7918 7919/7919/7919 7920/7920/7920
f 7919/7919/7919 7921/7921/7921 7920/7920/7920
f 7920/7920/7920 7921/7921/7921 7922/7922/7922
f 7922/7922/7922 7921/7921/7921 7923/7923/7923
f 7922/7922/7922 7923/7923/7923 7924/7924/7924
f 7923/7923/7923 7925/7925/7925 7924/7924/7924
f 7924/7924/7924 7925/7925/7925 7926/7926/7926
f 7926/7926/7926 7925/7925/7925 7927/7927/7927
f 7928/7928/7928 7926/7926/7926 7927/7927/7927
f 7927/7927/7927 7929/7929/7929 7928/7928/7928
f 7929/7929/7929 7930/7930/7930 7928/7928/7928
f 7929/7929/7929 7931/7931/7931 7930/7930/7930
f 7931/7931/7931 7932/7932/7932 7930/7930/7930
f 7932/7932/7932 7931/7931/7931 7933/7933/7933
f 7934/7934/7934 7932/7932/7932 7933/7933/7933
f 7934/7934/7934 7933/7933/7933 7935/7935/7935
f 7934/7934/7934 7935/7935/7935 7936/7936/7936
f 7937/7937/7937 7936/7936/7936 7935/7935/7935
f 7938/7938/7938 7936/7936/7936 7937/7937/7937
f 7938/7938/7938 7937/7937/7937 7939/7939/7939
f 7940/7940/7940 7938/7938/7938 7939/7939/7939
f 7941/7941/7941 7940/7940/7940 7939/7939/7939
f 7942/7942/7942 7940/7940/7940 7941/7941/7941
f 7943/7943/7943 7942/7942/7942 7941/7941/7941
f 7944/7944/7944 7942/7942/7942 7943/7943/7943
f 7944/7944/7944 7943/7943/7943 7945/7945/7945
f 7944/7944/7944 7945/7945/7945 7946/7946/7946
f 7946/7946/7946 7945/7945/7945 7947/7947/7947
f 7946/7946/7946 7947/7947/7947 7948/7948/7948
f 7947/7947/7947 7949/7949/7949 7948/7948/7948
f 7948/7948/7948 7949/7949/7949 7950/7950/7950
f 7949/7949/7949 7951/7951/7951 7950/7950/7950
f 7950/7950/7950 7951/7951/7951 7952/7952/7952
f 7951/7951/7951 7953/7953/7953 7952/7952/7952
f 7952/7952/7952 7953/7953/7953 7954/7954/7954
f 7953/7953/7953 7955/7955/7955 7954/7954/7954
f 7954/7954/7954 7955/7955/7955 7956/7956/7956
f 7955/7955/7955 7957/7957/7957 7956/7956/7956
f 7957/7957/7957 7958/7958/7958 7956/7956/7956
f 7957/7957/7957 7959/7959/7959 7958/7958/7958
f 7958/7958/7958 7959/7959/7959 7960/7960/7960
f 7960/7960/7960 7959/7959/7959 7961/7961/7961
f 7961/7961/7961 7962/7962/7962 7960/7960/7960
f 7962/7962/7962 7961/7961/7961 7963/7963/7963
f 7963/7963/7963 7964/7964/7964 7962/7962/7962
f 7963/7963/7963 7965/7965/7965 7964/7964/7964
f 7964/7964/7964 7965/7965/7965 7966/7966/7966
f 7965/7965/7965 7967/7967/7967 7966/7966/7966
f 7968/7968/7968 7966/7966/7966 7967/7967/7967
f 7967/7967/7967 7969/7969/7969 7968/7968/7968
f 7969/7969/7969 7970/7970/7970 7968/7968/7968
f 7969/7969/7969 7971/7971/7971 7970/7970/7970
f 7971/7971/7971 7972/7972/7972 7970/7970/7970
f 7973/7973/7973 7972/7972/7972 7971/7971/7971
f 7972/7972/7972 7973/7973/7973 7974/7974/7974
f 7973/7973/7973 7975/7975/7975 7974/7974/7974
f 7975/7975/7975 7976/7976/7976 7974/7974/7974
f 7975/7975/7975 7977/7977/7977 7976/7976/7976
f 7976/7976/7976 7977/7977/7977 7978/7978/7978
f 7977/7977/7977 7979/7979/7979 7978/7978/7978
f 7978/7978/7978 7979/7979/7979 7980/7980/7980
f 7979/7979/7979 7981/7981/7981 7980/7980/7980
f 7980/7980/7980 7981/7981/7981 7982/7982/7982
f 7981/7981/7981 7983/7983/7983 7982/7982/7982
f 7984/7984/7984 7982/7982/7982 7983/7983/7983
f 7983/7983/7983 7985/7985/7985 7984/7984/7984
f 7986/7986/7986 7984/7984/7984 7985/7985/7985
f 7986/7986/7986 7985/7985/7985 7987/7987/7987
f 7988/7988/7988 7986/7986/7986 7987/7987/7987
f 7987/7987/7987 7989/7989/7989 7988/7988/7988
f 7988/7988/7988 7989/7989/7989 7990/7990/7990
f 7990/7990/7990 7989/7989/7989 7991/7991/7991
f 7990/7990/7990 7991/7991/7991 7992/7992/7992
f 7991/7991/7991 7993/7993/7993 7992/7992/7992
f 7994/7994/7994 7992/7992/7992 7993/7993/7993
f 7994/7994/7994 7993/7993/7993 7995/7995/7995
f 7996/7996/7996 7994/7994/7994 7995/7995/7995
f 7995/7995/7995 7997/7997/7997 7996/7996/7996
f 7998/7998/7998 7996/7996/7996 7997/7997/7997
f 7998/7998/7998 7997/7997/7997 7999/7999/7999
f 7997/7997/7997 8000/8000/8000 7999/7999/7999
f 7999/7999/7999 8000/8000/8000 8001/8001/8001
f 7999/7999/7999 8001/8001/8001 8002/8002/8002
f 8001/8001/8001 8003/8003/8003 8002/8002/8002
f 8002/8002/8002 8003/8003/8003 8004/8004/8004
f 8003/8003/8003 8005/8005/8005 8004/8004/8004
f 8004/8004/8004 8005/8005/8005 8006/8006/8006
f 8006/8006/8006 8005/8005/8005 8007/8007/8007
f 8006/8006/8006 8007/8007/8007 8008/8008/8008
f 8009/8009/8009 8008/8008/8008 8007/8007/8007
f 8009/8009/8009 8007/8007/8007 8010/8010/8010
f 8010/8010/8010 8011/8011/8011 8009/8009/8009
f 8009/8009/8009 8011/8011/8011 8012/8012/8012
f 8013/8013/8013 8012/8012/8012 8011/8011/8011
f 8013/8013/8013 8011/8011/8011 8014/8014/8014
f 8013/8013/8013 8014/8014/8014 8015/8015/8015
f 8014/8014/8014 8016/8016/8016 8015/8015/8015
f 8015/8015/8015 8016/8016/8016 8017/8017/8017
f 8015/8015/8015 8017/8017/8017 8018/8018/8018
f 7913/7913/7913 8018/8018/8018 8017/8017/8017
f 7913/7913/7913 8017/8017/8017 7915/7915/7915
f 8021/8021/8021 8020/8020/8020 8019/8019/8019
f 8022/8022/8022 8019/8019/8019 8020/8020/8020
f 8023/8023/8023 8020/8020/8020 8021/8021/8021
f 8022/8022/8022 8020/8020/8020 8024/8024/8024
f 8021/8021/8021 8025/8025/8025 8023/8023/8023
f 8022/8022/8022 8024/8024/8024 8026/8026/8026
f 8027/8027/8027 8023/8023/8023 8025/8025/8025
f 8028/8028/8028 8026/8026/8026 8024/8024/8024
f 8025/8025/8025 8029/8029/8029 8027/8027/8027
f 8030/8030/8030 8026/8026/8026 8028/8028/8028
f 8029/8029/8029 8031/8031/8031 8027/8027/8027
f 8032/8032/8032 8030/8030/8030 8028/8028/8028
f 8031/8031/8031 8029/8029/8029 8033/8033/8033
f 8032/8032/8032 8034/8034/8034 8030/8030/8030
f 8033/8033/8033 8035/8035/8035 8031/8031/8031
f 8034/8034/8034 8032/8032/8032 8036/8036/8036
f 8037/8037/8037 8035/8035/8035 8033/8033/8033
f 8035/8035/8035 8037/8037/8037 8038/8038/8038
f 8038/8038/8038 8037/8037/8037 8039/8039/8039
f 8038/8038/8038 8039/8039/8039 8040/8040/8040
f 8034/8034/8034 8036/8036/8036 8041/8041/8041
f 8040/8040/8040 8039/8039/8039 8041/8041/8041
f 8042/8042/8042 8041/8041/8041 8036/8036/8036
f 8042/8042/8042 8040/8040/8040 8041/8041/8041
