g UnionAchillesA5_XtenderH_Tip
v -0.005311236 0.1427774 -0.0235648
v -0.0030101389 0.14472531 -0.021317214
v -0.0033258796 0.1427667 -0.018497035
v -0.0030101389 0.14472531 -0.021317214
v -0.0035024732 0.1447681 -0.018309742
v -0.0033258796 0.1427667 -0.018497035
v -0.0056590736 0.14477347 -0.023655772
v -0.0030101389 0.14472531 -0.021317214
v -0.005311236 0.1427774 -0.0235648
v -0.011112124 0.14475207 0.016217336
v 0.017164543 0.14436142 -0.012251988
v 0.023602247 0.14477883 -0.018240169
v 0.017164543 0.14436142 -0.012251988
v 0.023463115 0.14460759 -0.019010767
v 0.023602247 0.14477883 -0.018240169
v 0.023612961 0.14475207 -0.0210336
v 0.023602247 0.14477883 -0.018240169
v 0.023463115 0.14460759 -0.019010767
v 0.15190686 -0.009838507 -0.08633109
v 0.1516607 -0.009950891 -0.086315036
v 0.15144664 -0.010041863 -0.08630434
v 0.1516607 -0.009950891 -0.086315036
v 0.15190686 -0.009838507 -0.08633109
v 0.15144664 -0.010041863 -0.08630434
v 0.08630434 -0.010041863 -0.15144664
v 0.086315036 -0.009950891 -0.1516607
v 0.08633109 -0.009838507 -0.15190686
v 0.086315036 -0.009950891 -0.1516607
v 0.08630434 -0.010041863 -0.15144664
v 0.08633109 -0.009838507 -0.15190686
v -0.15144663 -0.010041863 -0.08630434
v -0.1516607 -0.009950891 -0.086315036
v -0.15190686 -0.009838507 -0.08633109
v -0.1516607 -0.009950891 -0.086315036
v -0.15144663 -0.010041863 -0.08630434
v -0.15190686 -0.009838507 -0.08633109
v -0.086331084 -0.009838507 -0.15190686
v -0.08631502 -0.009950891 -0.1516607
v -0.08630432 -0.010041863 -0.15144664
v -0.08631502 -0.009950891 -0.1516607
v -0.086331084 -0.009838507 -0.15190686
v -0.08630432 -0.010041863 -0.15144664
v -0.08630432 -0.010041863 0.15144663
v -0.08631502 -0.009950891 0.1516607
v -0.086331084 -0.009838507 0.15190686
v -0.08631502 -0.009950891 0.1516607
v -0.08630432 -0.010041863 0.15144663
v -0.086331084 -0.009838507 0.15190686
v -0.15190686 -0.009838507 0.086331084
v -0.1516607 -0.009950891 0.08631502
v -0.15144663 -0.010041863 0.08630432
v -0.1516607 -0.009950891 0.08631502
v -0.15190686 -0.009838507 0.086331084
v -0.15144663 -0.010041863 0.08630432
v 0.15144664 -0.010041863 0.08630432
v 0.1516607 -0.009950891 0.08631502
v 0.15190686 -0.009838507 0.086331084
v 0.1516607 -0.009950891 0.08631502
v 0.15144664 -0.010041863 0.08630432
v 0.15190686 -0.009838507 0.086331084
v 0.08633109 -0.009838507 0.15190686
v 0.086315036 -0.009950891 0.1516607
v 0.08630434 -0.010041863 0.15144663
v 0.086315036 -0.009950891 0.1516607
v 0.08633109 -0.009838507 0.15190686
v 0.08630434 -0.010041863 0.15144663
v 0.02524513 -0.10283474 -0.09445983
v 0.025362864 -0.102947116 -0.09447589
v 0.02562508 -0.10317188 -0.094540104
v 0.025362864 -0.102947116 -0.09447589
v 0.02524513 -0.10283474 -0.09445983
v 0.02562508 -0.10317188 -0.094540104
v -0.025245115 -0.10283474 0.09445982
v -0.02536285 -0.102947116 0.09447588
v -0.025625065 -0.10317188 0.094540104
v -0.02536285 -0.102947116 0.09447588
v -0.025245115 -0.10283474 0.09445982
v -0.025625065 -0.10317188 0.094540104
v 0.09561573 -0.10420469 -0.027391031
v 0.09554616 -0.10407091 -0.027219787
v 0.09574952 -0.10435453 -0.027637199
v 0.094352804 -0.102711655 -0.025052473
v 0.09554616 -0.10407091 -0.027219787
v 0.09464178 -0.10563886 -0.027958274
v 0.11675367 -0.08294367 -0.025052473
v 0.08141853 -0.10272771 -0.025052473
v 0.080433875 -0.105719134 -0.028059945
v 0.09561573 -0.10420469 -0.027391031
v 0.09574952 -0.10435453 -0.027637199
v 0.117957726 -0.08524477 -0.028043896
v 0.11789352 -0.084929034 -0.027663946
v 0.118669465 -0.08224264 -0.025052473
v 0.117957726 -0.08524477 -0.028043896
v 0.12776145 -0.08236572 -0.025202319
v 0.12810394 -0.0851966 -0.027958274
v 0.09554616 -0.10407091 -0.027219787
v 0.09561573 -0.10420469 -0.027391031
v 0.09574952 -0.10435453 -0.027637199
v -0.09445982 -0.10283474 -0.02524513
v -0.09447588 -0.102947116 -0.025362864
v -0.094540104 -0.10317188 -0.02562508
v -0.09447588 -0.102947116 -0.025362864
v -0.09445982 -0.10283474 -0.02524513
v -0.094540104 -0.10317188 -0.02562508
v -0.09561573 -0.10420469 0.027391016
v -0.09554614 -0.10407091 0.027219772
v -0.09574951 -0.10435453 0.027637184
v -0.09574951 -0.10435453 0.027637184
v -0.09464176 -0.10563886 0.027958259
v -0.11675902 -0.08293832 0.025052458
v -0.117957726 -0.08524477 0.028043881
v -0.1178935 -0.084929034 0.027663931
v -0.1186962 -0.08224264 0.025052458
v -0.117957726 -0.08524477 0.028043881
v -0.12810393 -0.08519125 0.027968958
v -0.12779354 -0.08233362 0.025196955
v -0.09554614 -0.10407091 0.027219772
v -0.0943528 -0.102711655 0.025052458
v -0.08141853 -0.10272771 0.025052458
v -0.08043386 -0.105719134 0.028059945
v -0.09554614 -0.10407091 0.027219772
v -0.09561573 -0.10420469 0.027391016
v -0.09574951 -0.10435453 0.027637184
v -0.11754565 -0.08021982 0.020418167
v -0.11758311 -0.080193065 0.02011849
v -0.11744933 -0.080235876 0.020996124
v -0.11754565 -0.08021982 0.020418167
v -0.11744933 -0.080235876 0.020996124
v -0.11758311 -0.080193065 0.02011849
v -0.11754565 -0.08021982 0.020418167
v -0.11769016 -0.080235876 0.019610107
v -0.11744933 -0.080235876 0.020996124
v 0.027391031 -0.10420469 0.09561573
v 0.027219787 -0.10407091 0.09554614
v 0.027637199 -0.10435453 0.09574951
v 0.027637199 -0.10435453 0.09574951
v 0.027963623 -0.10563886 0.09464176
v 0.025052473 -0.08294367 0.11675365
v 0.028043896 -0.08524477 0.117957726
v 0.027663946 -0.084929034 0.1178935
v 0.025052473 -0.08224264 0.118669465
v 0.028043896 -0.08524477 0.117957726
v 0.025202319 -0.08236572 0.12775607
v 0.027963623 -0.0851966 0.12810393
v 0.027219787 -0.10407091 0.09554614
v 0.025052473 -0.102711655 0.0943528
v 0.025052473 -0.10272771 0.08141853
v 0.028059945 -0.105719134 0.08043386
v 0.027219787 -0.10407091 0.09554614
v 0.027391031 -0.10420469 0.09561573
v 0.027637199 -0.10435453 0.09574951
v 0.09445983 -0.10283474 0.025245115
v 0.09447589 -0.102947116 0.02536285
v 0.094540104 -0.10317188 0.025625065
v 0.09447589 -0.102947116 0.02536285
v 0.09445983 -0.10283474 0.025245115
v 0.094540104 -0.10317188 0.025625065
v -0.027391016 -0.10420469 -0.09561573
v -0.027219772 -0.10407091 -0.09554616
v -0.027637184 -0.10435453 -0.09574952
v -0.027637184 -0.10435453 -0.09574952
v -0.02795291 -0.10564421 -0.09463643
v -0.025052458 -0.08294367 -0.11675367
v -0.028043881 -0.08524477 -0.117957726
v -0.027663931 -0.084929034 -0.11789352
v -0.025052458 -0.08224264 -0.118669465
v -0.028043881 -0.08524477 -0.117957726
v -0.025255814 -0.08241388 -0.1277775
v -0.027958259 -0.0851966 -0.12810394
v -0.027219772 -0.10407091 -0.09554616
v -0.025052458 -0.102711655 -0.094352804
v -0.025052458 -0.102711655 -0.08140247
v -0.028059945 -0.105719134 -0.08044458
v -0.027219772 -0.10407091 -0.09554616
v -0.027391016 -0.10420469 -0.09561573
v -0.027637184 -0.10435453 -0.09574952
v 0.023008257 -0.13884416 0.055544615
v 0.013290152 -0.1403479 0.058220297
v -2.6673079E-06 -0.1399733 0.059900627
v -0.055544615 -0.13884416 0.023008242
v -0.058220297 -0.1403479 0.013290137
v -0.059900627 -0.1399733 2.6673079E-06
v -0.023008242 -0.13884416 -0.055544622
v -0.013290137 -0.1403479 -0.058220312
v -2.6673079E-06 -0.1399733 -0.05990064
v 0.055544622 -0.13884416 -0.023008257
v 0.058220312 -0.1403479 -0.013290152
v 0.05990064 -0.1399733 2.6673079E-06
v -0.022317916 -0.14159477 -0.05388034
v -0.01304397 -0.14144492 -0.057150036
v -0.03723219 -0.1403479 -0.046688095
v -0.053880334 -0.14159477 0.022317916
v -0.05715002 -0.14144492 0.01304397
v -0.04668808 -0.1403479 0.03723219
v 0.022317931 -0.14159477 0.053880334
v 0.013043985 -0.14144492 0.05715002
v 0.037232205 -0.1403479 0.04668808
v 0.05388034 -0.14159477 -0.022317931
v 0.057150036 -0.14144492 -0.013043985
v 0.046688095 -0.1403479 -0.037232205
v 0.041240394 -0.14159477 0.04124038
v 0.03654723 -0.14144492 0.04582651
v 0.052810065 -0.14144492 0.025432408
v -0.025432408 -0.14144492 0.052810058
v -0.04124038 -0.14159477 0.04124038
v -0.04582651 -0.14144492 0.03654723
v 0.025432423 -0.14144492 -0.052810065
v 0.041240394 -0.14159477 -0.041240394
v 0.045826524 -0.14144492 -0.03654723
v -0.04124038 -0.14159477 -0.041240394
v -0.03654723 -0.14144492 -0.045826524
v -0.052810058 -0.14144492 -0.025432423
v -0.14317875 -0.04810621 0.0826654
v -0.14057799 -0.05110833 0.08116166
v -0.14468248 -0.05110833 0.08006461
v 0.0826654 -0.04810621 0.14317875
v 0.08116166 -0.05110833 0.14057799
v 0.08006463 -0.05110833 0.14468248
v 0.14317876 -0.04810621 -0.0826654
v 0.140578 -0.05110833 -0.08116166
v 0.14468251 -0.05110833 -0.08006463
v -0.0826654 -0.04810621 -0.14317876
v -0.08116166 -0.05110833 -0.140578
v -0.08006461 -0.05110833 -0.14468251
v 0.08116166 -0.05110833 -0.140578
v 0.0826654 -0.04810621 -0.14317876
v 0.08006463 -0.05110833 -0.14468251
v -0.14057799 -0.05110833 -0.08116166
v -0.14317875 -0.04810621 -0.0826654
v -0.14468248 -0.05110833 -0.08006463
v 0.140578 -0.05110833 0.08116166
v 0.14317876 -0.04810621 0.0826654
v 0.14468251 -0.05110833 0.08006461
v -0.08116166 -0.05110833 0.14057799
v -0.0826654 -0.04810621 0.14317875
v -0.08006461 -0.05110833 0.14468248
v -0.09882654 -0.07496477 0.06919597
v -0.09649868 -0.07754413 0.06756915
v -0.09649868 -0.07496477 0.06756915
v -0.06919597 -0.07496477 -0.09882656
v -0.06756915 -0.07754413 -0.09649871
v -0.06756915 -0.07496477 -0.09649871
v 0.069195986 -0.07496477 0.09882654
v 0.06756917 -0.07754413 0.09649868
v 0.06756917 -0.07496477 0.09649868
v 0.09882656 -0.07496477 -0.069195986
v 0.09649871 -0.07754413 -0.06756917
v 0.09649871 -0.07496477 -0.06756917
v -0.059269175 -0.14094189 2.6673079E-06
v -0.053880334 -0.14159477 -0.022317931
v -0.052810058 -0.14144492 -0.025432423
v -2.6673079E-06 -0.14094189 -0.059269182
v 0.022317931 -0.14159477 -0.05388034
v 0.025432423 -0.14144492 -0.052810065
v 0.059269182 -0.14094189 2.6673079E-06
v 0.05388034 -0.14159477 0.022317916
v 0.052810065 -0.14144492 0.025432408
v -2.6673079E-06 -0.14094189 0.059269175
v -0.022317916 -0.14159477 0.053880334
v -0.025432408 -0.14144492 0.052810058
v -0.06756915 -0.07754413 0.09649868
v -0.06919597 -0.07496477 0.09882654
v -0.06756915 -0.07496477 0.09649868
v -0.09649868 -0.07754413 -0.06756917
v -0.09882654 -0.07496477 -0.069195986
v -0.09649868 -0.07496477 -0.06756917
v 0.06756917 -0.07754413 -0.09649871
v 0.069195986 -0.07496477 -0.09882656
v 0.06756917 -0.07496477 -0.09649871
v 0.09649871 -0.07754413 0.06756915
v 0.09882656 -0.07496477 0.06919597
v 0.09649871 -0.07496477 0.06756915
v -0.13468076 0.0045031756 -0.07734613
v 0.05919426 0.0045031756 0.0036309063
v -0.14964323 0.0045031756 -0.041582882
v -0.045703426 0.0045031756 0.14843382
v 0.05919426 0.0045031756 0.0036309063
v -0.0075159967 0.0045031756 0.15512837
v 0.13468078 0.0045031756 -0.07734613
v 0.05919426 0.0045031756 0.0036309063
v 0.11132737 0.0045031756 -0.108293146
v -0.0075159967 0.0045031756 -0.15512839
v 0.05919426 0.0045031756 0.0036309063
v -0.045703426 0.0045031756 -0.14843382
v 0.08103858 0.0045031756 0.13249205
v 0.05919426 0.0045031756 0.0036309063
v 0.11132737 0.0045031756 0.10829313
v -0.14964323 0.0045031756 0.041582868
v 0.05919426 0.0045031756 0.0036309063
v -0.13468076 0.0045031756 0.07734613
v 0.15386547 0.0045031756 0.021124557
v 0.05919426 0.0045031756 0.0036309063
v 0.1549518 0.0045031756 0.010587692
v -0.1549518 0.0045031756 -0.010587707
v 0.05919426 0.0045031756 0.0036309063
v -0.15531032 0.0045031756 2.6673079E-06
v 0.04570344 0.0045031756 -0.14843382
v 0.05919426 0.0045031756 0.0036309063
v 0.0075160116 0.0045031756 -0.15512839
v 0.0075160116 0.0045031756 0.15512837
v 0.05919426 0.0045031756 0.0036309063
v 0.04570344 0.0045031756 0.14843382
v 0.13468078 0.0045031756 0.07734613
v 0.05919426 0.0045031756 0.0036309063
v 0.14964323 0.0045031756 0.041582868
v -0.08103858 0.0045031756 -0.13249207
v 0.05919426 0.0045031756 0.0036309063
v -0.111327365 0.0045031756 -0.108293146
v -0.111327365 0.0045031756 0.10829313
v 0.05919426 0.0045031756 0.0036309063
v -0.08103858 0.0045031756 0.13249205
v 0.08103858 0.0045031756 -0.13249207
v 0.05919426 0.0045031756 0.0036309063
v 0.04570344 0.0045031756 -0.14843382
v 0.14964323 0.0045031756 -0.041582882
v 0.05919426 0.0045031756 0.0036309063
v 0.13468078 0.0045031756 -0.07734613
v 0.0075160116 0.0045031756 -0.15512839
v 0.05919426 0.0045031756 0.0036309063
v -0.0075159967 0.0045031756 -0.15512839
v 0.04408732 0.0045031756 -0.16453612
v 0.04570344 0.0045031756 -0.14843382
v 0.085169844 0.0045031756 -0.14751874
v -2.6673079E-06 0.0045031756 -0.17034236
v 0.08103858 0.0045031756 -0.13249207
v -0.0075159967 0.0045031756 -0.15512839
v 0.12045147 0.0045031756 -0.12045147
v -0.044087306 0.0045031756 -0.16453612
v 0.11132737 0.0045031756 -0.108293146
v -0.045703426 0.0045031756 -0.14843382
v -0.08516984 0.0045031756 -0.14751874
v -0.08103858 0.0045031756 -0.13249207
v -0.120451465 0.0045031756 -0.12045147
v -0.111327365 0.0045031756 -0.108293146
v 0.14751874 0.0045031756 -0.085169844
v 0.13468078 0.0045031756 -0.07734613
v 0.14964323 0.0045031756 -0.041582882
v -0.14751871 0.0045031756 -0.085169844
v -0.13468076 0.0045031756 -0.07734613
v -0.14964323 0.0045031756 -0.041582882
v 0.16453612 0.0045031756 -0.04408732
v 0.15206741 0.0045031756 -0.0315651
v 0.15386547 0.0045031756 -0.021124572
v -0.1645361 0.0045031756 -0.04408732
v -0.15206741 0.0045031756 -0.0315651
v -0.15386544 0.0045031756 -0.021124572
v 0.17034236 0.0045031756 2.6673079E-06
v -0.17034234 0.0045031756 2.6673079E-06
v 0.1549518 0.0045031756 -0.010587707
v -0.1549518 0.0045031756 -0.010587707
v 0.15531033 0.0045031756 2.6673079E-06
v 0.1549518 0.0045031756 0.010587692
v 0.15386547 0.0045031756 0.021124557
v -0.15531032 0.0045031756 2.6673079E-06
v -0.1549518 0.0045031756 0.010587692
v -0.15386544 0.0045031756 0.021124557
v 0.16453612 0.0045031756 0.044087306
v 0.15206741 0.0045031756 0.031565085
v 0.14964323 0.0045031756 0.041582868
v -0.1645361 0.0045031756 0.044087306
v -0.15206741 0.0045031756 0.031565085
v -0.14964323 0.0045031756 0.041582868
v 0.14751874 0.0045031756 0.08516984
v 0.13468078 0.0045031756 0.07734613
v 0.11132737 0.0045031756 0.10829313
v 0.12045147 0.0045031756 0.120451465
v 0.08103858 0.0045031756 0.13249205
v 0.085169844 0.0045031756 0.14751871
v 0.04570344 0.0045031756 0.14843382
v 0.04408732 0.0045031756 0.1645361
v 0.0075160116 0.0045031756 0.15512837
v -2.6673079E-06 0.0045031756 0.17034234
v -0.0075159967 0.0045031756 0.15512837
v -0.044087306 0.0045031756 0.1645361
v -0.045703426 0.0045031756 0.14843382
v -0.08516984 0.0045031756 0.14751871
v -0.08103858 0.0045031756 0.13249205
v -0.120451465 0.0045031756 0.120451465
v -0.111327365 0.0045031756 0.10829313
v -0.14751871 0.0045031756 0.08516984
v -0.13468076 0.0045031756 0.07734613
v -0.0075159967 0.0045031756 0.15512837
v 0.05919426 0.0045031756 0.0036309063
v 0.0075160116 0.0045031756 0.15512837
v -0.15206741 0.0045031756 0.031565085
v 0.05919426 0.0045031756 0.0036309063
v -0.14964323 0.0045031756 0.041582868
v -0.045703426 0.0045031756 -0.14843382
v 0.05919426 0.0045031756 0.0036309063
v -0.08103858 0.0045031756 -0.13249207
v 0.15206741 0.0045031756 -0.0315651
v 0.05919426 0.0045031756 0.0036309063
v 0.14964323 0.0045031756 -0.041582882
v -0.111327365 0.0045031756 -0.108293146
v 0.05919426 0.0045031756 0.0036309063
v -0.13468076 0.0045031756 -0.07734613
v 0.14964323 0.0045031756 0.041582868
v 0.05919426 0.0045031756 0.0036309063
v 0.15206741 0.0045031756 0.031565085
v 0.11132737 0.0045031756 0.10829313
v 0.05919426 0.0045031756 0.0036309063
v 0.13468078 0.0045031756 0.07734613
v 0.11132737 0.0045031756 -0.108293146
v 0.05919426 0.0045031756 0.0036309063
v 0.08103858 0.0045031756 -0.13249207
v -0.13468076 0.0045031756 0.07734613
v 0.05919426 0.0045031756 0.0036309063
v -0.111327365 0.0045031756 0.10829313
v 0.04570344 0.0045031756 0.14843382
v 0.05919426 0.0045031756 0.0036309063
v 0.08103858 0.0045031756 0.13249205
v -0.08103858 0.0045031756 0.13249205
v 0.05919426 0.0045031756 0.0036309063
v -0.045703426 0.0045031756 0.14843382
v -0.14964323 0.0045031756 -0.041582882
v 0.05919426 0.0045031756 0.0036309063
v -0.15206741 0.0045031756 -0.0315651
v 0.15386547 0.0045031756 -0.021124572
v 0.05919426 0.0045031756 0.0036309063
v 0.15206741 0.0045031756 -0.0315651
v -0.15386544 0.0045031756 0.021124557
v 0.05919426 0.0045031756 0.0036309063
v -0.15206741 0.0045031756 0.031565085
v -0.15206741 0.0045031756 -0.0315651
v 0.05919426 0.0045031756 0.0036309063
v -0.15386544 0.0045031756 -0.021124572
v 0.15531033 0.0045031756 2.6673079E-06
v 0.05919426 0.0045031756 0.0036309063
v 0.1549518 0.0045031756 -0.010587707
v -0.15531032 0.0045031756 2.6673079E-06
v 0.05919426 0.0045031756 0.0036309063
v -0.1549518 0.0045031756 0.010587692
v 0.15206741 0.0045031756 0.031565085
v 0.05919426 0.0045031756 0.0036309063
v 0.15386547 0.0045031756 0.021124557
v -0.15386544 0.0045031756 -0.021124572
v 0.05919426 0.0045031756 0.0036309063
v -0.1549518 0.0045031756 -0.010587707
v -0.1549518 0.0045031756 0.010587692
v 0.05919426 0.0045031756 0.0036309063
v -0.15386544 0.0045031756 0.021124557
v 0.1549518 0.0045031756 -0.010587707
v 0.05919426 0.0045031756 0.0036309063
v 0.15386547 0.0045031756 -0.021124572
v 0.1549518 0.0045031756 0.010587692
v 0.05919426 0.0045031756 0.0036309063
v 0.15531033 0.0045031756 2.6673079E-06
v 0.10256182 -0.047469392 -0.019866988
v 0.119434714 -0.035268262 -0.013413236
v 0.10521075 -0.044724137 -0.020038232
v 0.09505384 -0.055710517 -0.017276928
v 0.119434714 -0.035268262 -0.013413236
v 0.097451255 -0.052997366 -0.018475637
v 0.097451255 -0.052997366 -0.018475637
v 0.119434714 -0.035268262 -0.013413236
v 0.0999664 -0.05023606 -0.019342557
v 0.0999664 -0.05023606 -0.019342557
v 0.119434714 -0.035268262 -0.013413236
v 0.10256182 -0.047469392 -0.019866988
v 0.110984884 -0.03899817 -0.019192725
v 0.119434714 -0.035268262 -0.013413236
v 0.11274014 -0.037317827 -0.018571958
v 0.10521075 -0.044724137 -0.020038232
v 0.119434714 -0.035268262 -0.013413236
v 0.107206814 -0.04270667 -0.019941911
v 0.107206814 -0.04270667 -0.019941911
v 0.119434714 -0.035268262 -0.013413236
v 0.10913331 -0.040796235 -0.019652933
v 0.10913331 -0.040796235 -0.019652933
v 0.119434714 -0.035268262 -0.013413236
v 0.110984884 -0.03899817 -0.019192725
v 0.12504831 -0.03523615 -0.0028496087
v 0.119434714 -0.035268262 -0.013413236
v 0.12525165 -0.03523615 2.6673079E-06
v 0.12344289 -0.03523615 -0.008318722
v 0.119434714 -0.035268262 -0.013413236
v 0.12443825 -0.03523615 -0.00564304
v 0.12443825 -0.03523615 -0.00564304
v 0.119434714 -0.035268262 -0.013413236
v 0.12504831 -0.03523615 -0.0028496087
v 0.12504831 -0.03523615 0.0028496087
v 0.119434714 -0.035268262 -0.013413236
v 0.12443825 -0.03523615 0.005643025
v 0.12443825 -0.03523615 0.005643025
v 0.119434714 -0.035268262 -0.013413236
v 0.12344289 -0.03523615 0.008318707
v 0.12525165 -0.03523615 2.6673079E-06
v 0.119434714 -0.035268262 -0.013413236
v 0.12504831 -0.03523615 0.0028496087
v 0.12344289 -0.03523615 0.008318707
v 0.119434714 -0.035268262 -0.013413236
v 0.12207829 -0.03523615 0.01082316
v 0.12036585 -0.03523615 0.013113543
v 0.119434714 -0.035268262 -0.013413236
v 0.11834838 -0.03523615 0.015136361
v 0.12207829 -0.03523615 0.01082316
v 0.119434714 -0.035268262 -0.013413236
v 0.12036585 -0.03523615 0.013113543
v 0.11641653 -0.033914357 0.01661335
v 0.119434714 -0.035268262 -0.013413236
v 0.1162988 -0.03399463 0.016693607
v 0.11808081 -0.035161227 0.015361115
v 0.119434714 -0.035268262 -0.013413236
v 0.117813244 -0.03495787 0.01558052
v 0.117813244 -0.03495787 0.01558052
v 0.11728881 -0.034395978 0.015992582
v 0.11834838 -0.03523615 0.015136361
v 0.11808081 -0.035161227 0.015361115
v 0.11653961 -0.033882245 0.016533077
v 0.119434714 -0.035268262 -0.013413236
v 0.11641653 -0.033914357 0.01661335
v 0.11678043 -0.03394647 0.016361833
v 0.119434714 -0.035268262 -0.013413236
v 0.11653961 -0.033882245 0.016533077
v 0.11728881 -0.034395978 0.015992582
v 0.11678043 -0.03394647 0.016361833
v 0.11366592 -0.036445558 0.018170595
v 0.119434714 -0.035268262 -0.013413236
v 0.11274014 -0.037317827 0.018571943
v 0.114570305 -0.035600036 0.017721072
v 0.11366592 -0.036445558 0.018170595
v 0.1162988 -0.03399463 0.016693607
v 0.119434714 -0.035268262 -0.013413236
v 0.11544794 -0.034781277 0.017228752
v 0.11544794 -0.034781277 0.017228752
v 0.114570305 -0.035600036 0.017721072
v 0.107206814 -0.04270667 0.019941896
v 0.119434714 -0.035268262 -0.013413236
v 0.10521075 -0.044724137 0.020038217
v 0.11274014 -0.037317827 0.018571943
v 0.119434714 -0.035268262 -0.013413236
v 0.110984884 -0.03899817 0.01919271
v 0.110984884 -0.03899817 0.01919271
v 0.119434714 -0.035268262 -0.013413236
v 0.10913331 -0.040796235 0.019652918
v 0.10913331 -0.040796235 0.019652918
v 0.119434714 -0.035268262 -0.013413236
v 0.107206814 -0.04270667 0.019941896
v 0.10256182 -0.047469392 0.019866973
v 0.119434714 -0.035268262 -0.013413236
v 0.0999664 -0.05023606 0.019342542
v 0.0999664 -0.05023606 0.019342542
v 0.119434714 -0.035268262 -0.013413236
v 0.097451255 -0.052997366 0.018475622
v 0.097451255 -0.052997366 0.018475622
v 0.119434714 -0.035268262 -0.013413236
v 0.09505384 -0.055710517 0.017276913
v 0.10521075 -0.044724137 0.020038217
v 0.119434714 -0.035268262 -0.013413236
v 0.10256182 -0.047469392 0.019866973
v 0.09505384 -0.055710517 0.017276913
v 0.119434714 -0.035268262 -0.013413236
v 0.089793436 -0.055710517 0.012803167
v 0.089793436 -0.055710517 0.012803167
v 0.119434714 -0.035268262 -0.013413236
v 0.086363204 -0.055710517 0.0068042725
v 0.086363204 -0.055710517 0.0068042725
v 0.119434714 -0.035268262 -0.013413236
v 0.085169844 -0.055710517 2.6673079E-06
v 0.085169844 -0.055710517 2.6673079E-06
v 0.119434714 -0.035268262 -0.013413236
v 0.086363204 -0.055710517 -0.0068042874
v 0.086363204 -0.055710517 -0.0068042874
v 0.119434714 -0.035268262 -0.013413236
v 0.089793436 -0.055710517 -0.012803182
v 0.089793436 -0.055710517 -0.012803182
v 0.119434714 -0.035268262 -0.013413236
v 0.09505384 -0.055710517 -0.017276928
v 0.11544794 -0.034781277 -0.017228767
v 0.119434714 -0.035268262 -0.013413236
v 0.1162988 -0.03399463 -0.016693622
v 0.114570305 -0.035600036 -0.017721087
v 0.11544794 -0.034781277 -0.017228767
v 0.11274014 -0.037317827 -0.018571958
v 0.119434714 -0.035268262 -0.013413236
v 0.11366592 -0.036445558 -0.01817061
v 0.11366592 -0.036445558 -0.01817061
v 0.114570305 -0.035600036 -0.017721087
v 0.11678578 -0.03394647 -0.016361848
v 0.119434714 -0.035268262 -0.013413236
v 0.11728881 -0.034395978 -0.015992597
v 0.11808081 -0.035161227 -0.01536113
v 0.119434714 -0.035268262 -0.013413236
v 0.11834838 -0.03523615 -0.015136376
v 0.117813244 -0.03495787 -0.015580535
v 0.119434714 -0.035268262 -0.013413236
v 0.11808081 -0.035161227 -0.01536113
v 0.11728881 -0.034395978 -0.015992597
v 0.119434714 -0.035268262 -0.013413236
v 0.117813244 -0.03495787 -0.015580535
v 0.11653961 -0.033882245 -0.016533092
v 0.119434714 -0.035268262 -0.013413236
v 0.11678578 -0.03394647 -0.016361848
v 0.11641653 -0.033914357 -0.01661335
v 0.119434714 -0.035268262 -0.013413236
v 0.11653961 -0.033882245 -0.016533092
v 0.1162988 -0.03399463 -0.016693622
v 0.119434714 -0.035268262 -0.013413236
v 0.11641653 -0.033914357 -0.01661335
v 0.12207829 -0.03523615 -0.01082316
v 0.119434714 -0.035268262 -0.013413236
v 0.12344289 -0.03523615 -0.008318722
v 0.12036585 -0.03523615 -0.013113558
v 0.119434714 -0.035268262 -0.013413236
v 0.12207829 -0.03523615 -0.01082316
v 0.11834838 -0.03523615 -0.015136376
v 0.119434714 -0.035268262 -0.013413236
v 0.12036585 -0.03523615 -0.013113558
v -0.09505384 -0.055710517 -0.017276928
v -0.09703384 -0.050567843 0.0065474063
v -0.08979343 -0.055710517 -0.012803182
v -0.08979343 -0.055710517 -0.012803182
v -0.09703384 -0.050567843 0.0065474063
v -0.08636318 -0.055710517 -0.0068042874
v -0.08636318 -0.055710517 -0.0068042874
v -0.09703384 -0.050567843 0.0065474063
v -0.08516984 -0.055710517 2.6673079E-06
v -0.10256182 -0.047469392 -0.019866988
v -0.09703384 -0.050567843 0.0065474063
v -0.09996639 -0.05023606 -0.019342557
v -0.09996639 -0.05023606 -0.019342557
v -0.09703384 -0.050567843 0.0065474063
v -0.097451255 -0.052997366 -0.018475637
v -0.097451255 -0.052997366 -0.018475637
v -0.09703384 -0.050567843 0.0065474063
v -0.09505384 -0.055710517 -0.017276928
v -0.10521074 -0.044724137 -0.020038232
v -0.09703384 -0.050567843 0.0065474063
v -0.10256182 -0.047469392 -0.019866988
v -0.10720681 -0.04270667 -0.019941911
v -0.09703384 -0.050567843 0.0065474063
v -0.10521074 -0.044724137 -0.020038232
v -0.112740114 -0.037317827 -0.018571958
v -0.09703384 -0.050567843 0.0065474063
v -0.11098488 -0.03899817 -0.019192725
v -0.11098488 -0.03899817 -0.019192725
v -0.09703384 -0.050567843 0.0065474063
v -0.10913329 -0.040796235 -0.019652933
v -0.10913329 -0.040796235 -0.019652933
v -0.09703384 -0.050567843 0.0065474063
v -0.10720681 -0.04270667 -0.019941911
v -0.10256182 -0.047469392 0.019866973
v -0.09703384 -0.050567843 0.0065474063
v -0.10521074 -0.044724137 0.020038217
v -0.09505384 -0.055710517 0.017276913
v -0.09703384 -0.050567843 0.0065474063
v -0.097451255 -0.052997366 0.018475622
v -0.097451255 -0.052997366 0.018475622
v -0.09703384 -0.050567843 0.0065474063
v -0.09996639 -0.05023606 0.019342542
v -0.09996639 -0.05023606 0.019342542
v -0.09703384 -0.050567843 0.0065474063
v -0.10256182 -0.047469392 0.019866973
v -0.10720681 -0.04270667 0.019941896
v -0.09703384 -0.050567843 0.0065474063
v -0.10913329 -0.040796235 0.019652918
v -0.11098488 -0.03899817 0.01919271
v -0.09703384 -0.050567843 0.0065474063
v -0.112740114 -0.037317827 0.018571943
v -0.10521074 -0.044724137 0.020038217
v -0.09703384 -0.050567843 0.0065474063
v -0.10720681 -0.04270667 0.019941896
v -0.10913329 -0.040796235 0.019652918
v -0.09703384 -0.050567843 0.0065474063
v -0.11098488 -0.03899817 0.01919271
v -0.11544792 -0.034781277 0.017228752
v -0.09703384 -0.050567843 0.0065474063
v -0.11629878 -0.03399463 0.016693607
v -0.114570305 -0.035600036 0.017721072
v -0.11544792 -0.034781277 0.017228752
v -0.112740114 -0.037317827 0.018571943
v -0.09703384 -0.050567843 0.0065474063
v -0.11366592 -0.036445558 0.018170595
v -0.11366592 -0.036445558 0.018170595
v -0.114570305 -0.035600036 0.017721072
v -0.11629878 -0.03399463 0.016693607
v -0.09703384 -0.050567843 0.0065474063
v -0.11641653 -0.033914357 0.01661335
v -0.11678578 -0.03394647 0.016361833
v -0.09703384 -0.050567843 0.0065474063
v -0.11728878 -0.034395978 0.015992582
v -0.12344287 -0.03523615 0.008318707
v -0.12443824 -0.03523615 0.005643025
v -0.11653961 -0.033882245 0.016533077
v -0.09703384 -0.050567843 0.0065474063
v -0.11678578 -0.03394647 0.016361833
v -0.11808081 -0.035161227 0.015361115
v -0.09703384 -0.050567843 0.0065474063
v -0.118348375 -0.03523615 0.015136361
v -0.118348375 -0.03523615 0.015136361
v -0.12036584 -0.03523615 0.013113543
v -0.117813244 -0.03495787 0.01558052
v -0.09703384 -0.050567843 0.0065474063
v -0.11808081 -0.035161227 0.015361115
v -0.122078285 -0.03523615 0.01082316
v -0.12344287 -0.03523615 0.008318707
v -0.11728878 -0.034395978 0.015992582
v -0.09703384 -0.050567843 0.0065474063
v -0.117813244 -0.03495787 0.01558052
v -0.12443824 -0.03523615 0.005643025
v -0.1250483 -0.03523615 0.0028496087
v -0.11641653 -0.033914357 0.01661335
v -0.09703384 -0.050567843 0.0065474063
v -0.11653961 -0.033882245 0.016533077
v -0.12036584 -0.03523615 0.013113543
v -0.09703384 -0.050567843 0.0065474063
v -0.122078285 -0.03523615 0.01082316
v -0.1250483 -0.03523615 0.0028496087
v -0.09703384 -0.050567843 0.0065474063
v -0.12525164 -0.03523615 2.6673079E-06
v -0.12443824 -0.03523615 -0.00564304
v -0.09703384 -0.050567843 0.0065474063
v -0.12344287 -0.03523615 -0.008318722
v -0.11728878 -0.034395978 -0.015992597
v -0.116780415 -0.03394647 -0.016361848
v -0.1250483 -0.03523615 -0.0028496087
v -0.09703384 -0.050567843 0.0065474063
v -0.12443824 -0.03523615 -0.00564304
v -0.117813244 -0.03495787 -0.015580535
v -0.11728878 -0.034395978 -0.015992597
v -0.12525164 -0.03523615 2.6673079E-06
v -0.09703384 -0.050567843 0.0065474063
v -0.1250483 -0.03523615 -0.0028496087
v -0.11629878 -0.03399463 -0.016693622
v -0.09703384 -0.050567843 0.0065474063
v -0.11544792 -0.034781277 -0.017228767
v -0.114570305 -0.035600036 -0.017721087
v -0.09703384 -0.050567843 0.0065474063
v -0.11366592 -0.036445558 -0.01817061
v -0.11366592 -0.036445558 -0.01817061
v -0.112740114 -0.037317827 -0.018571958
v -0.11544792 -0.034781277 -0.017228767
v -0.114570305 -0.035600036 -0.017721087
v -0.11641653 -0.033914357 -0.01661335
v -0.09703384 -0.050567843 0.0065474063
v -0.11629878 -0.03399463 -0.016693622
v -0.11808081 -0.035161227 -0.01536113
v -0.09703384 -0.050567843 0.0065474063
v -0.117813244 -0.03495787 -0.015580535
v -0.118348375 -0.03523615 -0.015136376
v -0.09703384 -0.050567843 0.0065474063
v -0.11808081 -0.035161227 -0.01536113
v -0.11653961 -0.033882245 -0.016533092
v -0.09703384 -0.050567843 0.0065474063
v -0.11641653 -0.033914357 -0.01661335
v -0.116780415 -0.03394647 -0.016361848
v -0.09703384 -0.050567843 0.0065474063
v -0.11653961 -0.033882245 -0.016533092
v -0.12036584 -0.03523615 -0.013113558
v -0.09703384 -0.050567843 0.0065474063
v -0.118348375 -0.03523615 -0.015136376
v -0.122078285 -0.03523615 -0.01082316
v -0.09703384 -0.050567843 0.0065474063
v -0.12036584 -0.03523615 -0.013113558
v -0.12344287 -0.03523615 -0.008318722
v -0.09703384 -0.050567843 0.0065474063
v -0.122078285 -0.03523615 -0.01082316
v -0.08516984 -0.055710517 2.6673079E-06
v -0.09703384 -0.050567843 0.0065474063
v -0.08636318 -0.055710517 0.0068042725
v -0.08636318 -0.055710517 0.0068042725
v -0.09703384 -0.050567843 0.0065474063
v -0.08979343 -0.055710517 0.012803167
v -0.08979343 -0.055710517 0.012803167
v -0.09703384 -0.050567843 0.0065474063
v -0.09505384 -0.055710517 0.017276913
v 0.067285545 0.13376035 -0.048882157
v 0.024651125 0.13376035 -0.0055734664
v 0.048882157 0.13376035 -0.067285545
v -2.6673079E-06 0.13376035 0.0831684
v 0.024651125 0.13376035 -0.0055734664
v 0.025699988 0.13376035 0.079096004
v -0.06728552 0.13376035 0.04888214
v 0.024651125 0.13376035 -0.0055734664
v -0.04888214 0.13376035 0.06728552
v -0.0831684 0.13376035 2.6673079E-06
v 0.024651125 0.13376035 -0.0055734664
v -0.079096004 0.13376035 0.025699988
v 0.079096034 0.13376035 0.025699988
v 0.024651125 0.13376035 -0.0055734664
v 0.08316843 0.13376035 2.6673079E-06
v -0.04888214 0.13376035 -0.067285545
v 0.024651125 0.13376035 -0.0055734664
v -0.06728552 0.13376035 -0.048882157
v 0.048882157 0.13376035 0.06728552
v 0.024651125 0.13376035 -0.0055734664
v 0.067285545 0.13376035 0.04888214
v -0.079096004 0.13376035 -0.025699988
v 0.024651125 0.13376035 -0.0055734664
v -0.0831684 0.13376035 2.6673079E-06
v 0.08316843 0.13376035 2.6673079E-06
v 0.024651125 0.13376035 -0.0055734664
v 0.079096034 0.13376035 -0.025699988
v -2.6673079E-06 0.13376035 -0.08316843
v 0.024651125 0.13376035 -0.0055734664
v -0.025699988 0.13376035 -0.079096034
v 0.025699988 0.13376035 -0.079096034
v 0.024651125 0.13376035 -0.0055734664
v -2.6673079E-06 0.13376035 -0.08316843
v -0.025699988 0.13376035 0.079096004
v 0.024651125 0.13376035 -0.0055734664
v -2.6673079E-06 0.13376035 0.0831684
v -0.079096004 0.13376035 0.025699988
v 0.024651125 0.13376035 -0.0055734664
v -0.06728552 0.13376035 0.04888214
v 0.079096034 0.13376035 -0.025699988
v 0.024651125 0.13376035 -0.0055734664
v 0.067285545 0.13376035 -0.048882157
v -0.06728552 0.13376035 -0.048882157
v 0.024651125 0.13376035 -0.0055734664
v -0.079096004 0.13376035 -0.025699988
v 0.067285545 0.13376035 0.04888214
v 0.024651125 0.13376035 -0.0055734664
v 0.079096034 0.13376035 0.025699988
v -0.04888214 0.13376035 0.06728552
v 0.024651125 0.13376035 -0.0055734664
v -0.025699988 0.13376035 0.079096004
v -0.025699988 0.13376035 -0.079096034
v 0.024651125 0.13376035 -0.0055734664
v -0.04888214 0.13376035 -0.067285545
v 0.048882157 0.13376035 -0.067285545
v 0.024651125 0.13376035 -0.0055734664
v 0.025699988 0.13376035 -0.079096034
v 0.025699988 0.13376035 0.079096004
v 0.024651125 0.13376035 -0.0055734664
v 0.048882157 0.13376035 0.06728552
v 0.03577128 0.1417767 0.027449876
v 0.025052473 0.1417767 0.037489057
v 0.020038232 0.14678557 0.034711704
v 0.03471172 0.14678557 0.020038217
v 0.04269597 0.1417767 0.014494196
v 0.040079147 0.14678557 2.6673079E-06
v 0.045088038 0.1417767 2.6673079E-06
v 0.04269597 0.1417767 -0.0144942105
v 0.03471172 0.14678557 -0.020038232
v 0.03577128 0.1417767 -0.027449891
v 0.020038232 0.14678557 -0.03471172
v 0.025052473 0.1417767 -0.03748907
v -0.035771266 0.1417767 -0.027449891
v -0.025052458 0.1417767 -0.03748907
v -0.020038217 0.14678557 -0.03471172
v -0.034711704 0.14678557 -0.020038232
v -0.042695954 0.1417767 -0.0144942105
v -0.04007913 0.14678557 2.6673079E-06
v -0.045088023 0.1417767 2.6673079E-06
v -0.042695954 0.1417767 0.014494196
v -0.034711704 0.14678557 0.020038217
v -0.035771266 0.1417767 0.027449876
v -0.020038217 0.14678557 0.034711704
v -0.025052458 0.1417767 0.037489057
v 0.020038232 0.14678557 -0.03471172
v 0.020038232 0.14678557 -0.045917496
v 0.025052473 0.1417767 -0.03748907
v 0.025052473 0.1417767 -0.045917496
v 0.024838418 0.1417767 -0.047362372
v 0.024239063 0.1417767 -0.048646703
v 0.023270473 0.1417767 -0.049749076
v 0.022045001 0.1417767 -0.050508976
v 0.006852448 0.14678557 -0.049631357
v -5.6177378E-05 0.1417767 -0.055111162
v -0.006852433 0.14678557 -0.049631357
v -0.022044986 0.1417767 -0.050508976
v -0.020038217 0.14678557 -0.045917496
v -0.023265108 0.1417767 -0.049749076
v -0.024239048 0.1417767 -0.048646703
v -0.024838403 0.1417767 -0.047357023
v -0.025052458 0.1417767 -0.045917496
v -0.025052458 0.1417767 -0.03748907
v -0.020038217 0.14678557 -0.03471172
v 0.020038232 0.14678557 -0.045917496
v 0.020038232 0.14678557 -0.03471172
v 0.006852448 0.14678557 -0.049631357
v 0.01789768 0.14678024 -0.030928284
v 7.760525E-05 0.14678024 -0.035749882
v 0.030981809 0.14677487 -0.017817423
v 0.03471172 0.14678557 -0.020038232
v -0.006852433 0.14678557 -0.049631357
v 0.03573382 0.14678024 3.477931E-05
v 0.040079147 0.14678557 2.6673079E-06
v 0.03471172 0.14678557 0.020038217
v 0.030922934 0.14677487 0.017924428
v 0.020038232 0.14678557 0.034711704
v -0.017806694 0.14678024 -0.030992508
v 0.017806709 0.14678024 0.030992493
v -0.020038217 0.14678557 -0.03471172
v -0.020038217 0.14678557 -0.045917496
v -0.03091757 0.14677487 -0.017929792
v -0.034711704 0.14678557 -0.020038232
v -0.035744518 0.14678024 -7.760525E-05
v -0.04007913 0.14678557 2.6673079E-06
v -0.034711704 0.14678557 0.020038217
v -0.030981794 0.14677487 0.017817408
v -0.020038217 0.14678557 0.034711704
v -0.01789768 0.14678024 0.030928269
v 0.006852448 0.14678557 0.049631342
v 0.020038232 0.14678557 0.04591748
v -7.224083E-05 0.14678024 0.035744518
v -0.006852433 0.14678557 0.049631342
v -0.020038217 0.14678557 0.04591748
v -0.01753378 0.14478417 0.030371726
v -0.01758194 0.14614876 0.030387789
v -0.030419901 0.14614876 0.01752843
v -0.030371726 0.14478417 0.01753378
v -0.01753378 0.14478417 0.030371726
v -2.6673079E-06 0.14478417 0.03507024
v -0.01758194 0.14614876 0.030387789
v -1.3366342E-05 0.14613806 0.03511305
v 0.020038232 0.14678557 0.04591748
v 0.020038232 0.14678557 0.034711704
v 0.025052473 0.1417767 0.037489057
v 0.025052473 0.1417767 0.04591748
v 0.024843767 0.1417767 0.047346294
v 0.024223015 0.1417767 0.048673436
v 0.023281172 0.1417767 0.049738362
v 0.022045001 0.1417767 0.05050896
v 0.006852448 0.14678557 0.049631342
v -5.6177378E-05 0.1417767 0.055111155
v -0.006852433 0.14678557 0.049631342
v -0.022044986 0.1417767 0.05050896
v -0.020038217 0.14678557 0.04591748
v -0.023281157 0.1417767 0.049738362
v -0.024223 0.1417767 0.048673436
v -0.024843767 0.1417767 0.047340944
v -0.025052458 0.1417767 0.04591748
v -0.025052458 0.1417767 0.037489057
v -0.020038217 0.14678557 0.034711704
v 0.017533794 0.14478417 -0.03037174
v 0.017565906 0.14613806 -0.030398503
v 0.030419901 0.14614876 -0.017528445
v 0.03037174 0.14478417 -0.017533794
v -0.01753378 0.14478417 -0.03037174
v -0.030371726 0.14478417 -0.017533794
v -0.01752843 0.14614876 -0.030419901
v -0.030398488 0.14613806 -0.017565906
v -2.6673079E-06 0.14478417 0.03507024
v 0.017533794 0.14478417 0.030371726
v -1.3366342E-05 0.14613806 0.03511305
v 0.017555192 0.14613272 0.030398488
v 0.03037174 0.14478417 0.01753378
v 0.030393153 0.14614342 0.017560542
v 0.035070255 0.14478417 2.6673079E-06
v 0.035107717 0.14614876 2.9429793E-05
v 0.021413535 0.1447574 -0.023612961
v 0.020883754 0.1427774 -0.023586199
v 0.0053540617 0.14477347 -0.023612961
v 0.0059320033 0.1427774 -0.0235755
v -0.0015117526 0.1447681 -0.0065367073
v -0.011331528 0.14473064 -0.016351134
v -0.005263075 0.14477347 -0.016693622
v 0.0052684397 0.14477347 -0.016704336
v -0.0035024732 0.1447681 -0.018309742
v 0.011021167 0.14477347 -0.01655984
v 0.003181398 0.14476277 -0.018930495
v -0.015671507 0.1447681 0.010833859
v -0.0064938962 0.14477347 -0.001527831
v -0.022071749 0.14478417 0.004877776
v -0.0030101389 0.14472531 -0.021317214
v -0.023243695 0.14477883 -0.01822947
v 0.0033365935 0.1447681 -0.02157408
v 0.0053540617 0.14477347 -0.023612961
v -0.023693219 0.14477883 0.005578801
v -2.6673079E-06 0.14478417 -0.035070255
v -0.0056590736 0.14477347 -0.023655772
v 0.017533794 0.14478417 -0.03037174
v -0.01753378 0.14478417 -0.03037174
v 0.021413535 0.1447574 -0.023612961
v -0.021467045 0.14476277 -0.023602247
v 0.03037174 0.14478417 -0.017533794
v 0.023612961 0.14475207 -0.0210336
v -0.030371726 0.14478417 -0.017533794
v -0.023575485 0.1447467 -0.021044299
v -0.03507024 0.14478417 2.6673079E-06
v -0.030371726 0.14478417 0.01753378
v -0.023623645 0.1447574 0.023634344
v -0.01753378 0.14478417 0.030371726
v -0.005782157 0.1447681 0.023650408
v 0.023602247 0.14477883 -0.018240169
v -2.6673079E-06 0.14478417 0.03507024
v 0.035070255 0.14478417 2.6673079E-06
v -0.004952699 0.14477883 0.022344664
v 0.0065099597 0.14477883 0.0015224665
v -0.011112124 0.14475207 0.016217336
v 0.023602247 0.14477883 0.018652216
v 0.0012335032 0.14477883 0.0065152943
v 0.03037174 0.14478417 0.01753378
v 0.023227662 0.14475207 0.022291154
v 0.017598003 0.14477883 0.022638991
v 0.017533794 0.14478417 0.030371726
v 0.020032883 0.14475207 0.023821652
v -0.0056590736 0.14477347 -0.023655772
v -0.005311236 0.1427774 -0.0235648
v -0.021467045 0.14476277 -0.023602247
v -0.02092655 0.1427774 -0.0235755
v -0.023243695 0.14477883 -0.01822947
v -0.023532674 0.1427774 -0.018668279
v -0.0064938962 0.14477347 -0.001527831
v -0.0065152943 0.1427774 -0.0016080886
v -0.01753378 0.14478417 -0.03037174
v -0.01752843 0.14614876 -0.030419901
v 8.031726E-06 0.14614342 -0.035102367
v -2.6673079E-06 0.14478417 -0.035070255
v 0.017565906 0.14613806 -0.030398503
v 0.017533794 0.14478417 -0.03037174
v 0.035070255 0.14478417 2.6673079E-06
v 0.03037174 0.14478417 -0.017533794
v 0.035107717 0.14614876 2.9429793E-05
v 0.030419901 0.14614876 -0.017528445
v 0.017164543 0.14436142 -0.012251988
v -0.011112124 0.14475207 0.016217336
v -0.011229858 0.1427774 0.016137064
v 0.023414955 0.1427774 -0.018539846
v 0.023463115 0.14460759 -0.019010767
v 0.023463115 0.14278276 0.018582642
v 0.006515309 0.1427774 0.0016080886
v 0.0065099597 0.14477883 0.0015224665
v 0.023602247 0.14477883 0.018652216
v 0.006515309 0.1427774 0.0016080886
v 0.018111736 0.1427774 0.023008242
v 0.0016937107 0.14283092 0.0064992458
v 0.023463115 0.14278276 0.018582642
v 0.020444945 0.1427774 0.023628995
v 0.023056418 0.1427774 0.022312552
v 0.0065099597 0.14477883 0.0015224665
v 0.006515309 0.1427774 0.0016080886
v 0.0016937107 0.14283092 0.0064992458
v 0.0012335032 0.14477883 0.0065152943
v 0.020032883 0.14475207 0.023821652
v 0.020444945 0.1427774 0.023628995
v 0.023056418 0.1427774 0.022312552
v 0.023227662 0.14475207 0.022291154
v -0.011229858 0.1427774 0.016137064
v -0.011112124 0.14475207 0.016217336
v -0.005198851 0.1427774 0.022205532
v -0.004952699 0.14477883 0.022344664
v -0.023623645 0.1447574 0.023634344
v -0.023538023 0.1427774 0.023564786
v -0.005782157 0.1447681 0.023650408
v -0.0056162626 0.1427774 0.023575485
v -0.023575485 0.1427774 0.0055841506
v -0.023538023 0.1427774 0.023564786
v -0.023623645 0.1447574 0.023634344
v -0.023693219 0.14477883 0.005578801
v 0.005910605 0.1427774 -0.016682923
v 0.011465326 0.1427774 -0.016399294
v 0.011021167 0.14477347 -0.01655984
v 0.0052684397 0.14477347 -0.016704336
v 0.011465326 0.1427774 -0.016399294
v -0.015671507 0.1447681 0.010833859
v 0.011021167 0.14477347 -0.01655984
v -0.016147777 0.1427774 0.011235207
v -0.022371426 0.14315201 0.005188152
v -0.015671507 0.1447681 0.010833859
v -0.016147777 0.1427774 0.011235207
v -0.022071749 0.14478417 0.004877776
v -0.030371726 0.14478417 0.01753378
v -0.030419901 0.14614876 0.01752843
v -0.035102352 0.14614342 -8.031726E-06
v -0.03507024 0.14478417 2.6673079E-06
v -0.030398488 0.14613806 -0.017565906
v -0.030371726 0.14478417 -0.017533794
v 0.0012335032 0.14477883 0.0065152943
v 0.0016937107 0.14283092 0.0064992458
v 0.017598003 0.14477883 0.022638991
v 0.018111736 0.1427774 0.023008242
v 0.020032883 0.14475207 0.023821652
v 0.020444945 0.1427774 0.023628995
v -0.021467045 0.14476277 -0.023602247
v -0.02308315 0.14277206 -0.0220557
v -0.023575485 0.1447467 -0.021044299
v -0.02092655 0.1427774 -0.0235755
v -0.0064938962 0.14477347 -0.001527831
v -0.0065152943 0.1427774 -0.0016080886
v -0.0015117526 0.1447681 -0.0065367073
v -0.0016080886 0.1427774 -0.006515309
v -0.011502773 0.1427774 -0.016533092
v -0.0016080886 0.1427774 -0.006515309
v -0.0065152943 0.1427774 -0.0016080886
v -0.023532674 0.1427774 -0.018668279
v -0.02092655 0.1427774 -0.0235755
v -0.02308315 0.14277206 -0.0220557
v -0.005311236 0.1427774 -0.0235648
v -0.0058517307 0.1427774 -0.016698971
v -0.0033258796 0.1427667 -0.018497035
v -0.011331528 0.14473064 -0.016351134
v -0.011502773 0.1427774 -0.016533092
v -0.005263075 0.14477347 -0.016693622
v -0.0058517307 0.1427774 -0.016698971
v -0.0016080886 0.1427774 -0.006515309
v -0.011502773 0.1427774 -0.016533092
v -0.011331528 0.14473064 -0.016351134
v -0.0015117526 0.1447681 -0.0065367073
v 0.023120627 0.14276133 -0.022098511
v 0.023612961 0.14475207 -0.0210336
v 0.023414955 0.1427774 -0.018539846
v 0.023463115 0.14460759 -0.019010767
v 0.021413535 0.1447574 -0.023612961
v 0.023612961 0.14475207 -0.0210336
v 0.023120627 0.14276133 -0.022098511
v 0.020883754 0.1427774 -0.023586199
v -0.023575485 0.1447467 -0.021044299
v -0.02308315 0.14277206 -0.0220557
v -0.023532674 0.1427774 -0.018668279
v -0.023243695 0.14477883 -0.01822947
v 0.023227662 0.14475207 0.022291154
v 0.023056418 0.1427774 0.022312552
v 0.023463115 0.14278276 0.018582642
v 0.023602247 0.14477883 0.018652216
v 0.0053540617 0.14477347 -0.023612961
v 0.0059320033 0.1427774 -0.0235755
v 0.0038770735 0.14277206 -0.02237679
v 0.0033365935 0.1447681 -0.02157408
v 0.0030422658 0.1427988 -0.020188078
v 0.003181398 0.14476277 -0.018930495
v 0.003775403 0.1427774 -0.017935142
v 0.0052684397 0.14477347 -0.016704336
v 0.005910605 0.1427774 -0.016682923
v -0.022371426 0.14315201 0.005188152
v -0.023693219 0.14477883 0.005578801
v -0.022071749 0.14478417 0.004877776
v -0.023575485 0.1427774 0.0055841506
v -0.005263075 0.14477347 -0.016693622
v -0.0058517307 0.1427774 -0.016698971
v -0.0033258796 0.1427667 -0.018497035
v -0.0035024732 0.1447681 -0.018309742
v -0.005782157 0.1447681 0.023650408
v -0.0056162626 0.1427774 0.023575485
v -0.004952699 0.14477883 0.022344664
v -0.005198851 0.1427774 0.022205532
v -0.011229858 0.1427774 0.016137064
v -0.005198851 0.1427774 0.022205532
v -0.0056162626 0.1427774 0.023575485
v -0.023538023 0.1427774 0.023564786
v -0.016147777 0.1427774 0.011235207
v -0.023575485 0.1427774 0.0055841506
v -0.022371426 0.14315201 0.005188152
v 0.011465326 0.1427774 -0.016399294
v 0.023414955 0.1427774 -0.018539846
v 0.020883754 0.1427774 -0.023586199
v 0.023120627 0.14276133 -0.022098511
v 0.0059320033 0.1427774 -0.0235755
v 0.005910605 0.1427774 -0.016682923
v 0.003775403 0.1427774 -0.017935142
v 0.0038770735 0.14277206 -0.02237679
v 0.0030422658 0.1427988 -0.020188078
v -0.024843767 0.1417767 0.047340944
v -0.024843767 0.12812532 0.047340944
v -0.025052458 0.12812532 0.04591748
v -0.025052458 0.1417767 0.04591748
v -0.024223 0.1417767 0.048673436
v -0.024223 0.12812532 0.048673436
v -0.024843767 0.12812532 0.047340944
v -0.024843767 0.1417767 0.047340944
v -0.023281157 0.1417767 0.049738362
v -0.023281157 0.12812532 0.049738362
v -0.024223 0.12812532 0.048673436
v -0.024223 0.1417767 0.048673436
v -0.022044986 0.1417767 0.05050896
v -0.022044986 0.12812532 0.05050896
v -0.023281157 0.12812532 0.049738362
v -0.023281157 0.1417767 0.049738362
v -5.6177378E-05 0.1417767 0.055111155
v -5.6177378E-05 0.12812532 0.055111155
v -0.022044986 0.12812532 0.05050896
v -0.022044986 0.1417767 0.05050896
v 0.022045001 0.1417767 0.05050896
v 0.022045001 0.12812532 0.05050896
v -5.6177378E-05 0.12812532 0.055111155
v -5.6177378E-05 0.1417767 0.055111155
v 0.025052473 0.1417767 0.037489057
v 0.025052473 0.12812532 0.037489057
v 0.025052473 0.12812532 0.04591748
v 0.025052473 0.1417767 0.04591748
v 0.024223015 0.1417767 0.048673436
v 0.024223015 0.12812532 0.048673436
v 0.023281172 0.12812532 0.049738362
v 0.023281172 0.1417767 0.049738362
v 0.023281172 0.1417767 0.049738362
v 0.023281172 0.12812532 0.049738362
v 0.022045001 0.12812532 0.05050896
v 0.022045001 0.1417767 0.05050896
v 0.025052473 0.1417767 0.04591748
v 0.025052473 0.12812532 0.04591748
v 0.024843767 0.12812532 0.047346294
v 0.024843767 0.1417767 0.047346294
v 0.024843767 0.1417767 0.047346294
v 0.024843767 0.12812532 0.047346294
v 0.024223015 0.12812532 0.048673436
v 0.024223015 0.1417767 0.048673436
v 0.04269597 0.1417767 0.014494196
v 0.04269597 0.12812532 0.014494196
v 0.03577128 0.12812532 0.027449876
v 0.03577128 0.1417767 0.027449876
v 0.03577128 0.1417767 0.027449876
v 0.03577128 0.12812532 0.027449876
v 0.025052473 0.12812532 0.037489057
v 0.025052473 0.1417767 0.037489057
v 0.025052473 0.1417767 -0.03748907
v 0.025052473 0.12812532 -0.03748907
v 0.03577128 0.12812532 -0.027449891
v 0.03577128 0.1417767 -0.027449891
v 0.03577128 0.1417767 -0.027449891
v 0.03577128 0.12812532 -0.027449891
v 0.04269597 0.12812532 -0.0144942105
v 0.04269597 0.1417767 -0.0144942105
v 0.04269597 0.1417767 -0.0144942105
v 0.04269597 0.12812532 -0.0144942105
v 0.045088038 0.12812532 2.6673079E-06
v 0.045088038 0.1417767 2.6673079E-06
v 0.045088038 0.1417767 2.6673079E-06
v 0.045088038 0.12812532 2.6673079E-06
v 0.04269597 0.12812532 0.014494196
v 0.04269597 0.1417767 0.014494196
v 0.025052473 0.1417767 -0.045917496
v 0.025052473 0.12812532 -0.045917496
v 0.025052473 0.12812532 -0.03748907
v 0.025052473 0.1417767 -0.03748907
v 0.024838418 0.1417767 -0.047362372
v 0.024838418 0.12812532 -0.047362372
v 0.025052473 0.12812532 -0.045917496
v 0.025052473 0.1417767 -0.045917496
v 0.024239063 0.1417767 -0.048646703
v 0.024239063 0.12812532 -0.048646703
v 0.024838418 0.12812532 -0.047362372
v 0.024838418 0.1417767 -0.047362372
v 0.023270473 0.1417767 -0.049749076
v 0.023270473 0.12812532 -0.049749076
v 0.024239063 0.12812532 -0.048646703
v 0.024239063 0.1417767 -0.048646703
v 0.022045001 0.1417767 -0.050508976
v 0.022045001 0.12812532 -0.050508976
v 0.023270473 0.12812532 -0.049749076
v 0.023270473 0.1417767 -0.049749076
v -0.025052458 0.1417767 -0.03748907
v -0.025052458 0.12812532 -0.03748907
v -0.025052458 0.12812532 -0.045917496
v -0.025052458 0.1417767 -0.045917496
v -0.042695954 0.1417767 -0.0144942105
v -0.042695954 0.12812532 -0.0144942105
v -0.035771266 0.12812532 -0.027449891
v -0.035771266 0.1417767 -0.027449891
v -0.035771266 0.1417767 -0.027449891
v -0.035771266 0.12812532 -0.027449891
v -0.025052458 0.12812532 -0.03748907
v -0.025052458 0.1417767 -0.03748907
v -0.025052458 0.1417767 0.037489057
v -0.025052458 0.12812532 0.037489057
v -0.035771266 0.12812532 0.027449876
v -0.035771266 0.1417767 0.027449876
v -0.035771266 0.1417767 0.027449876
v -0.035771266 0.12812532 0.027449876
v -0.042695954 0.12812532 0.014494196
v -0.042695954 0.1417767 0.014494196
v -0.042695954 0.1417767 0.014494196
v -0.042695954 0.12812532 0.014494196
v -0.045088023 0.12812532 2.6673079E-06
v -0.045088023 0.1417767 2.6673079E-06
v -0.045088023 0.1417767 2.6673079E-06
v -0.045088023 0.12812532 2.6673079E-06
v -0.042695954 0.12812532 -0.0144942105
v -0.042695954 0.1417767 -0.0144942105
v -0.025052458 0.1417767 0.04591748
v -0.025052458 0.12812532 0.04591748
v -0.025052458 0.12812532 0.037489057
v -0.025052458 0.1417767 0.037489057
v -0.025052458 0.1417767 -0.045917496
v -0.025052458 0.12812532 -0.045917496
v -0.024838403 0.12812532 -0.047357023
v -0.024838403 0.1417767 -0.047357023
v -0.023265108 0.1417767 -0.049749076
v -0.023265108 0.12812532 -0.049749076
v -0.022044986 0.12812532 -0.050508976
v -0.022044986 0.1417767 -0.050508976
v -0.024239048 0.1417767 -0.048646703
v -0.024239048 0.12812532 -0.048646703
v -0.023265108 0.12812532 -0.049749076
v -0.023265108 0.1417767 -0.049749076
v -0.024838403 0.1417767 -0.047357023
v -0.024838403 0.12812532 -0.047357023
v -0.024239048 0.12812532 -0.048646703
v -0.024239048 0.1417767 -0.048646703
v -5.6177378E-05 0.1417767 -0.055111162
v -5.6177378E-05 0.12812532 -0.055111162
v 0.022045001 0.12812532 -0.050508976
v 0.022045001 0.1417767 -0.050508976
v -0.022044986 0.1417767 -0.050508976
v -0.022044986 0.12812532 -0.050508976
v -5.6177378E-05 0.12812532 -0.055111162
v -5.6177378E-05 0.1417767 -0.055111162
v 0.110984884 -0.08099577 0.01919271
v 0.114955604 -0.079802416 0.018111736
v 0.11274014 -0.07931544 0.018571943
v 0.11366592 -0.07843781 0.018170595
v 0.114570305 -0.0775923 0.017721072
v 0.11544794 -0.07677889 0.017228752
v 0.117283456 -0.07802041 0.016581237
v 0.1162988 -0.075992234 0.016693607
v 0.11641653 -0.07590661 0.01661335
v 0.11653961 -0.07587986 0.016533077
v 0.11678043 -0.07593872 0.016361833
v 0.11728881 -0.07639359 0.015992582
v 0.117813244 -0.07695548 0.01558052
v 0.11808081 -0.07715348 0.015361115
v 0.11834838 -0.077228405 0.015136361
v 0.12036585 -0.077228405 0.013113543
v 0.117283456 -0.07802041 0.016581237
v 0.12207829 -0.077228405 0.01082316
v 0.12381214 -0.07873214 0.008484602
v 0.12344289 -0.077228405 0.008318707
v 0.12443825 -0.077228405 0.005643025
v 0.12504831 -0.077228405 0.0028496087
v 0.12565301 -0.07873214 2.6673079E-06
v 0.12525165 -0.077228405 2.6673079E-06
v 0.12504831 -0.077228405 -0.0028496087
v 0.123694405 -0.07874284 -0.008944839
v 0.12443825 -0.077228405 -0.00564304
v 0.12344289 -0.077228405 -0.008318722
v 0.12207829 -0.077228405 -0.01082316
v 0.12036585 -0.077228405 -0.013113558
v 0.11715502 -0.07758694 -0.0165973
v 0.11808616 -0.07910673 -0.016244113
v 0.11733697 -0.0799362 -0.018459588
v 0.12468976 -0.07983452 -0.009437159
v 0.12565301 -0.07873214 2.6673079E-06
v 0.12675539 -0.07983452 2.6673079E-06
v 0.12481284 -0.07983452 0.008939475
v 0.12381214 -0.07873214 0.008484602
v 0.117283456 -0.07802041 0.016581237
v 0.11715502 -0.07758694 -0.0165973
v 0.11834838 -0.077228405 -0.015136376
v 0.11808081 -0.07715348 -0.01536113
v 0.117813244 -0.07695548 -0.015580535
v 0.11728881 -0.07639359 -0.015992597
v 0.11678578 -0.07593872 -0.016361848
v 0.11653961 -0.0758745 -0.016533092
v 0.11641653 -0.07590661 -0.01661335
v 0.1162988 -0.075992234 -0.016693622
v 0.11544794 -0.07677889 -0.017228767
v 0.11486463 -0.078716084 -0.017806709
v 0.114570305 -0.0775923 -0.017721087
v 0.11366592 -0.07843781 -0.01817061
v 0.11274014 -0.07931544 -0.018571958
v 0.110984884 -0.08099577 -0.019192725
v 0.11272408 -0.08218913 -0.019481689
v 0.10913331 -0.08279383 -0.019652933
v 0.11733697 -0.0799362 -0.018459588
v 0.11715502 -0.07758694 -0.0165973
v 0.10788109 -0.08670569 -0.020551965
v 0.107206814 -0.08470427 -0.019941911
v 0.10521075 -0.08672174 -0.020038232
v 0.10256182 -0.08946165 -0.019866988
v 0.103899665 -0.09107241 -0.020990789
v 0.0999664 -0.092233665 -0.019342557
v 0.097451255 -0.09498962 -0.018475637
v 0.095920764 -0.09913694 -0.018678993
v 0.09505384 -0.09770277 -0.017276928
v 0.089793436 -0.09770277 -0.012803182
v 0.08742812 -0.09920651 -0.010084674
v 0.086363204 -0.09770277 -0.0068042874
v 0.08742812 -0.09920651 -0.010084674
v 0.084966496 -0.10008948 -0.006408274
v 0.085169844 -0.09770277 2.6673079E-06
v 0.08647023 -0.10030889 -0.010625169
v 0.084554434 -0.10071024 -0.010218456
v 0.095920764 -0.09913694 -0.018678993
v 0.08842348 -0.10071559 -0.015960485
v 0.083345026 -0.10071024 -0.017715737
v 0.09447054 -0.10030889 -0.018737853
v 0.09462038 -0.10070489 -0.02026835
v 0.09350194 -0.10071024 -0.025052473
v 0.08140247 -0.10071024 -0.025052473
v 0.10113835 -0.09442773 -0.022879824
v 0.09350194 -0.10071024 -0.025052473
v 0.103899665 -0.09107241 -0.020990789
v 0.11665735 -0.080235876 -0.025052473
v 0.10971126 -0.0867485 -0.02319555
v 0.10788109 -0.08670569 -0.020551965
v 0.11272408 -0.08218913 -0.019481689
v 0.11383182 -0.08322194 -0.022462413
v 0.11757243 -0.080235876 -0.019936562
v 0.11733697 -0.0799362 -0.018459588
v 0.086363204 -0.09770277 0.0068042725
v 0.08742812 -0.09920651 0.010084659
v 0.089793436 -0.09770277 0.012803167
v 0.08742812 -0.09920651 0.010084659
v 0.08742812 -0.09920651 0.010084659
v 0.09546054 -0.09909948 0.018234804
v 0.09505384 -0.09770277 0.017276913
v 0.097451255 -0.09498962 0.018475622
v 0.0999664 -0.092233665 0.019342542
v 0.10372842 -0.090521224 0.02043423
v 0.10256182 -0.08946165 0.019866973
v 0.10521075 -0.08672174 0.020038217
v 0.107206814 -0.08470427 0.019941896
v 0.10848044 -0.087278284 0.021488443
v 0.10913331 -0.08279383 0.019652918
v 0.1042154 -0.09148447 0.021959364
v 0.09546054 -0.09909948 0.018234804
v 0.113756895 -0.08261724 0.020316496
v 0.110984884 -0.08099577 0.01919271
v 0.114955604 -0.079802416 0.018111736
v 0.11759919 -0.08021982 0.01963687
v 0.117283456 -0.07802041 0.016581237
v 0.095059186 -0.10029284 0.019267619
v 0.10668238 -0.08935462 0.023575485
v 0.08647023 -0.10030889 0.010625154
v 0.09461503 -0.10070489 0.02043958
v 0.093480535 -0.10071024 0.025052458
v 0.11665735 -0.080235876 0.025047109
v 0.08742812 -0.09920651 0.010084659
v 0.11558172 -0.08173961 0.02201289
v 0.113756895 -0.08261724 0.020316496
v 0.11759919 -0.08021982 0.01963687
v 0.084977195 -0.10002527 0.0061781555
v 0.085169844 -0.09770277 2.6673079E-06
v 0.084554434 -0.10071024 0.0102184415
v 0.08847699 -0.10071559 0.016024694
v 0.095059186 -0.10029284 0.019267619
v 0.08178777 -0.10071559 0.024881214
v 0.09461503 -0.10070489 0.02043958
v 0.093480535 -0.10071024 0.025052458
v 0.11794168 -0.085164495 -0.027942225
v 0.117957726 -0.08524477 -0.028043896
v 0.117914915 -0.08504141 -0.027797729
v 0.11789352 -0.084929034 -0.027663946
v 0.11789352 -0.084929034 -0.027663946
v 0.117957726 -0.08524477 -0.028043896
v 0.117914915 -0.08504141 -0.027797729
v 0.11794168 -0.085164495 -0.027942225
v 0.11608475 -0.08524477 -0.035000682
v 0.09464178 -0.10563886 -0.027958274
v 0.117957726 -0.08524477 -0.028043896
v 0.09302567 -0.105724484 -0.03312771
v 0.11380506 -0.08524477 -0.041823685
v 0.11113472 -0.08524477 -0.048507556
v 0.09069782 -0.105719134 -0.03897676
v 0.008436456 -0.10071024 -0.09641309
v 0.025052473 -0.10071024 -0.093480535
v 0.025052473 -0.080235876 -0.11664129
v 0.008415043 -0.080235876 -0.1190173
v -0.008436441 -0.10071024 -0.09641309
v -0.008415028 -0.080235876 -0.1190173
v -0.025052458 -0.080235876 -0.11664129
v -0.025052458 -0.10071024 -0.093480535
v -0.036456242 -0.08524477 -0.12610252
v -0.028043881 -0.08524477 -0.117957726
v -0.027958259 -0.0851966 -0.12810394
v -0.035000667 -0.08524477 -0.11608475
v -0.04469201 -0.08524477 -0.12342684
v -0.041823685 -0.08524477 -0.11380506
v -0.052735135 -0.08524477 -0.12020531
v -0.04850754 -0.08524477 -0.11113472
v -0.02794221 -0.085164495 -0.11794168
v -0.028043881 -0.08524477 -0.117957726
v -0.027797714 -0.08504141 -0.117914915
v -0.027663931 -0.084929034 -0.11789352
v -0.027663931 -0.084929034 -0.11789352
v -0.028043881 -0.08524477 -0.117957726
v -0.027797714 -0.08504141 -0.117914915
v -0.02794221 -0.085164495 -0.11794168
v 0.027942225 -0.085164495 0.11794166
v 0.028043896 -0.08524477 0.117957726
v 0.027797729 -0.08504141 0.1179149
v 0.027663946 -0.084929034 0.1178935
v 0.027663946 -0.084929034 0.1178935
v 0.028043896 -0.08524477 0.117957726
v 0.027797729 -0.08504141 0.1179149
v 0.027942225 -0.085164495 0.11794166
v 0.035000682 -0.08524477 0.11608474
v 0.027963623 -0.10563886 0.09464176
v 0.028043896 -0.08524477 0.117957726
v 0.03312771 -0.105724484 0.09302564
v 0.041823685 -0.08524477 0.11380504
v 0.048507556 -0.08524477 0.11113472
v 0.03897676 -0.105719134 0.09069781
v -0.08636318 -0.09770277 -0.0068042874
v -0.08742811 -0.09920651 -0.010084674
v -0.08979343 -0.09770277 -0.012803182
v -0.08742811 -0.09920651 -0.010084674
v -0.08516984 -0.09770277 2.6673079E-06
v -0.08742811 -0.09920651 -0.010084674
v -0.09546052 -0.09909948 -0.01823482
v -0.09505384 -0.09770277 -0.017276928
v -0.097451255 -0.09498962 -0.018475637
v -0.09996639 -0.092233665 -0.019342557
v -0.1037284 -0.090521224 -0.020434245
v -0.10256182 -0.08946165 -0.019866988
v -0.10521074 -0.08672174 -0.020038232
v -0.10720681 -0.08470427 -0.019941911
v -0.10848044 -0.087278284 -0.021488458
v -0.10913329 -0.08279383 -0.019652933
v -0.10421537 -0.09148447 -0.02195938
v -0.09546052 -0.09909948 -0.01823482
v -0.11375688 -0.08262259 -0.020316511
v -0.11098488 -0.08099577 -0.019192725
v -0.11512683 -0.07965793 -0.018020764
v -0.11756708 -0.08023053 -0.019626185
v -0.11725132 -0.078186296 -0.0165973
v -0.09505917 -0.10029284 -0.019267634
v -0.106682375 -0.08935462 -0.0235755
v -0.0864702 -0.10030889 -0.010625169
v -0.094615 -0.10070489 -0.020439595
v -0.09348051 -0.10071024 -0.025052473
v -0.11665733 -0.080235876 -0.025047123
v -0.08742811 -0.09920651 -0.010084674
v -0.11557634 -0.08173961 -0.02201289
v -0.11375688 -0.08262259 -0.020316511
v -0.11756708 -0.08023053 -0.019626185
v -0.084977195 -0.10002527 -0.0061781704
v -0.08516984 -0.09770277 2.6673079E-06
v -0.08455442 -0.10071024 -0.010218456
v -0.08847697 -0.10071559 -0.016024709
v -0.09505917 -0.10029284 -0.019267634
v -0.08178775 -0.10071559 -0.024881229
v -0.094615 -0.10070489 -0.020439595
v -0.09348051 -0.10071024 -0.025052473
v -0.11098488 -0.08099577 -0.019192725
v -0.11512683 -0.07965793 -0.018020764
v -0.112740114 -0.07931544 -0.018571958
v -0.11366592 -0.07843781 -0.01817061
v -0.114570305 -0.0775923 -0.017721087
v -0.11544792 -0.07677889 -0.017228767
v -0.11725132 -0.078186296 -0.0165973
v -0.11629878 -0.075992234 -0.016693622
v -0.11641653 -0.07590661 -0.01661335
v -0.11653961 -0.07587986 -0.016533092
v -0.116780415 -0.07593872 -0.016361848
v -0.11728878 -0.07639359 -0.015992597
v -0.117813244 -0.07695548 -0.015580535
v -0.11808081 -0.07715348 -0.01536113
v -0.118348375 -0.077228405 -0.015136376
v -0.12036584 -0.077228405 -0.013113558
v -0.123705104 -0.078758895 -0.008918077
v -0.122078285 -0.077228405 -0.01082316
v -0.12344287 -0.077228405 -0.008318722
v -0.12443824 -0.077228405 -0.00564304
v -0.1250483 -0.077228405 -0.0028496087
v -0.12565298 -0.07873214 2.6673079E-06
v -0.12525164 -0.077228405 2.6673079E-06
v -0.1250483 -0.077228405 0.0028496087
v -0.123812124 -0.07873214 0.008484602
v -0.12443824 -0.077228405 0.005643025
v -0.12344287 -0.077228405 0.008318707
v -0.122078285 -0.077228405 0.01082316
v -0.12036584 -0.077228405 0.013113543
v -0.11820923 -0.07883381 0.015826687
v -0.118348375 -0.077228405 0.015136361
v -0.11808081 -0.07715348 0.015361115
v -0.117813244 -0.07695548 0.01558052
v -0.11696772 -0.07706251 0.016527727
v -0.11728878 -0.07639359 0.015992582
v -0.11678578 -0.07593872 0.016361833
v -0.11653961 -0.0758745 0.016533077
v -0.11641653 -0.07590661 0.01661335
v -0.11629878 -0.075992234 0.016693607
v -0.11544792 -0.07677889 0.017228752
v -0.114570305 -0.0775923 0.017721072
v -0.11346255 -0.08035896 0.018571943
v -0.11366592 -0.07843781 0.018170595
v -0.112740114 -0.07931544 0.018571943
v -0.11098488 -0.08099577 0.01919271
v -0.1179256 -0.080005765 0.01785487
v -0.11739583 -0.078994356 0.017737135
v -0.117540315 -0.08017166 0.019727841
v -0.12481283 -0.07983452 0.008939475
v -0.123812124 -0.07873214 0.008484602
v -0.12565298 -0.07873214 2.6673079E-06
v -0.12675537 -0.07983452 2.6673079E-06
v -0.12468974 -0.07983987 -0.009447858
v -0.123705104 -0.078758895 -0.008918077
v -0.11725132 -0.078186296 -0.0165973
v -0.1178935 -0.080005765 -0.01789233
v -0.11756708 -0.08023053 -0.019626185
v -0.11696772 -0.07706251 0.016527727
v -0.11739583 -0.078994356 0.017737135
v -0.112943485 -0.08336643 0.020600125
v -0.10913329 -0.08279383 0.019652918
v -0.10796134 -0.08787229 0.021643639
v -0.10720681 -0.08470427 0.019941896
v -0.10605626 -0.08767429 0.020321846
v -0.10521074 -0.08672174 0.020038217
v -0.10256182 -0.08946165 0.019866973
v -0.10389964 -0.09107241 0.020990774
v -0.09996639 -0.092233665 0.019342542
v -0.097451255 -0.09498962 0.018475622
v -0.09592076 -0.09913694 0.018684328
v -0.09505384 -0.09770277 0.017276913
v -0.08979343 -0.09770277 0.012803167
v -0.08742811 -0.09920651 0.010084659
v -0.08636318 -0.09770277 0.0068042725
v -0.08742811 -0.09920651 0.010084659
v -0.084966466 -0.10008948 0.006408274
v -0.0864702 -0.10030889 0.010625154
v -0.08455442 -0.10071024 0.0102184415
v -0.09592076 -0.09913694 0.018684328
v -0.088423476 -0.10071559 0.01596047
v -0.08334501 -0.10071024 0.017715722
v -0.094470516 -0.10030889 0.018737838
v -0.094588265 -0.10070489 0.020557314
v -0.10389964 -0.09107241 0.020990774
v -0.09350191 -0.10071024 0.025052458
v -0.081402466 -0.10071024 0.025052458
v -0.10612048 -0.089863 0.023628995
v -0.09350191 -0.10071024 0.025052458
v -0.10796134 -0.08787229 0.021643639
v -0.11665733 -0.080235876 0.025052458
v -0.112943485 -0.08336643 0.020600125
v -0.11447932 -0.08267075 0.02226974
v -0.11744933 -0.080235876 0.020996124
v -0.11754565 -0.08021982 0.020418167
v -0.117540315 -0.08017166 0.019727841
v -0.11739583 -0.078994356 0.017737135
v -0.11758311 -0.080193065 0.02011849
v -0.11794166 -0.085164495 0.02794221
v -0.117957726 -0.08524477 0.028043881
v -0.1179149 -0.08504141 0.027797714
v -0.1178935 -0.084929034 0.027663931
v -0.1178935 -0.084929034 0.027663931
v -0.117957726 -0.08524477 0.028043881
v -0.1179149 -0.08504141 0.027797714
v -0.11794166 -0.085164495 0.02794221
v -0.11608474 -0.08524477 0.035000667
v -0.09464176 -0.10563886 0.027958259
v -0.117957726 -0.08524477 0.028043881
v -0.09302564 -0.105724484 0.033127695
v -0.11380504 -0.08524477 0.041823685
v -0.11113472 -0.08524477 0.04850754
v -0.09069781 -0.105719134 0.038976744
v -0.11665733 -0.080235876 0.025052458
v -0.11744933 -0.080235876 0.020996124
v -0.12688382 -0.080235876 0.025052458
v -0.11769016 -0.080235876 0.019610107
v -0.12635402 -0.08023053 0.010266617
v -0.12905647 -0.080235876 0.00839898
v -0.12841432 -0.080235876 -0.0026034564
v -0.12905647 -0.080235876 -0.008398995
v -0.1244864 -0.080235876 -0.012942314
v -0.12688382 -0.080235876 -0.025052473
v -0.11665733 -0.080235876 -0.025047123
v -0.11756708 -0.08023053 -0.019626185
v -0.1178935 -0.080005765 -0.01789233
v -0.12468974 -0.07983987 -0.009447858
v -0.12675537 -0.07983452 2.6673079E-06
v -0.12481283 -0.07983452 0.008939475
v -0.1179256 -0.080005765 0.01785487
v -0.117540315 -0.08017166 0.019727841
v -0.11758311 -0.080193065 0.02011849
v 0.025052473 -0.080235876 0.11664127
v 0.008415043 -0.080235876 0.11901729
v 0.025052473 -0.080235876 0.12688382
v -0.025052458 -0.080235876 0.12688382
v -0.008415028 -0.080235876 0.11901729
v -0.025052458 -0.080235876 0.11664127
v -0.00839898 -0.080235876 0.12905647
v 0.008398995 -0.080235876 0.12905647
v 0.05808653 -0.04609944 -0.1654512
v 0.08505747 -0.04609944 -0.15334104
v 0.08505747 -0.011031866 -0.15334104
v 0.04538235 -0.0005110651 -0.16937377
v 0.02946201 -0.04609944 -0.17285751
v 0.08767429 -0.0005110651 -0.1518587
v -2.6673079E-06 -0.0005110651 -0.17535125
v -2.6673079E-06 -0.04609944 -0.17535125
v -0.029461995 -0.04609944 -0.17285751
v -0.04538235 -0.0005110651 -0.16937377
v 0.08630969 -0.009597704 -0.15264
v 0.08767429 -0.0080243945 -0.1518587
v 0.11271338 -0.0080243945 -0.13432759
v 0.12399408 -0.0005110651 -0.12399408
v 0.13432759 -0.0080243945 -0.11271338
v -0.058086514 -0.04609944 -0.1654512
v 0.1518587 -0.0005110651 -0.08767429
v 0.15182124 -0.0079922825 -0.08772245
v 0.15263465 -0.009592354 -0.086315036
v 0.15334104 -0.011031866 -0.08505747
v -0.087674275 -0.0005110651 -0.1518587
v 0.1654512 -0.04609944 -0.05808653
v 0.15334104 -0.04609944 -0.08505747
v 0.16937377 -0.0005110651 -0.04538235
v 0.17285751 -0.04609944 -0.02946201
v 0.17535125 -0.0005110651 2.6673079E-06
v 0.17535125 -0.04609944 2.6673079E-06
v 0.17285751 -0.04609944 0.029461995
v 0.16937377 -0.0005110651 0.04538235
v 0.1654512 -0.04609944 0.058086514
v 0.15334104 -0.011031866 0.08505745
v 0.15334104 -0.04609944 0.08505745
v 0.1518587 -0.0005110651 0.087674275
v 0.1518587 -0.0080243945 0.087674275
v 0.13432759 -0.0080243945 0.11271338
v 0.12399408 -0.0005110651 0.12399407
v 0.11271338 -0.0080243945 0.13432758
v 0.08767429 -0.0005110651 0.1518587
v 0.08771175 -0.0079922825 0.15183194
v 0.08505747 -0.011031866 0.15334101
v 0.05808653 -0.04609944 0.16545118
v 0.08505747 -0.04609944 0.15334101
v 0.04538235 -0.0005110651 0.16937374
v 0.02946201 -0.04609944 0.17285748
v -2.6673079E-06 -0.0005110651 0.17535125
v -2.6673079E-06 -0.04609944 0.17535125
v -0.029461995 -0.04609944 0.17285748
v -0.04538235 -0.0005110651 0.16937374
v -0.058086514 -0.04609944 0.16545118
v -0.08505745 -0.011031866 0.15334101
v -0.08505745 -0.04609944 0.15334101
v -0.087674275 -0.0005110651 0.1518587
v -0.087615415 -0.008093968 0.15189616
v -0.11271338 -0.0080243945 0.13432758
v -0.12399407 -0.0005110651 0.12399407
v -0.13432758 -0.0080243945 0.11271338
v -0.1518587 -0.0005110651 0.087674275
v -0.15182124 -0.0079922825 0.087722436
v -0.15334101 -0.011031866 0.08505745
v -0.16545118 -0.04609944 0.058086514
v -0.15334101 -0.04609944 0.08505745
v -0.16937374 -0.0005110651 0.04538235
v -0.17285748 -0.04609944 0.029461995
v -0.17535125 -0.0005110651 2.6673079E-06
v -0.17535125 -0.04609944 2.6673079E-06
v -0.17285748 -0.04609944 -0.02946201
v -0.16937374 -0.0005110651 -0.04538235
v -0.16545118 -0.04609944 -0.05808653
v -0.15334101 -0.011031866 -0.08505747
v -0.15334101 -0.04609944 -0.08505747
v -0.1518587 -0.0005110651 -0.08767429
v -0.15189616 -0.0080886185 -0.08762077
v -0.13432758 -0.0080243945 -0.11271338
v -0.12399407 -0.0005110651 -0.12399408
v -0.11271338 -0.0080243945 -0.13432759
v -0.087722436 -0.0079922825 -0.15182124
v -0.08505745 -0.011031866 -0.15334104
v -0.08505745 -0.04609944 -0.15334104
v -0.11383717 -0.011031866 -0.12207829
v -0.11257957 -0.011031866 -0.12107758
v -0.108405516 -0.011031866 -0.1248289
v -0.11531414 -0.011031866 -0.1227044
v -0.110781536 -0.011031866 -0.1320265
v -0.11690883 -0.011031866 -0.12291846
v -0.11991097 -0.011031866 -0.122115746
v -0.10410835 -0.011031866 -0.12843573
v -0.122115746 -0.011031866 -0.119910985
v -0.13202648 -0.011031866 -0.110781536
v -0.12291844 -0.011031866 -0.11690886
v -0.1227044 -0.011031866 -0.115314156
v -0.10056575 -0.011031866 -0.13356769
v -0.09969346 -0.011031866 -0.13189271
v -0.10084401 -0.011031866 -0.13542998
v -0.10003595 -0.011031866 -0.13843745
v -0.09783654 -0.011031866 -0.14063686
v -0.0862187 -0.011021167 -0.14934891
v -0.09482907 -0.011031866 -0.14144492
v -0.092902556 -0.011031866 -0.1411292
v -0.091179416 -0.011031866 -0.14020875
v -0.08268143 -0.011031866 -0.14320552
v -0.08984159 -0.011031866 -0.13879064
v -0.12482889 -0.011031866 -0.10840552
v -0.122078285 -0.011031866 -0.11383717
v -0.12107758 -0.011031866 -0.1125796
v -0.12843572 -0.011031866 -0.10410837
v -0.13356768 -0.011031866 -0.100565754
v -0.1318927 -0.011031866 -0.099693485
v -0.13542996 -0.011031866 -0.100844026
v -0.13843744 -0.011031866 -0.10003597
v -0.14063685 -0.011031866 -0.097836554
v -0.14930607 -0.011010468 -0.08620266
v -0.1414449 -0.011031866 -0.09482908
v -0.14112918 -0.011031866 -0.092902586
v -0.14020874 -0.011031866 -0.09117944
v -0.14104356 -0.011031866 -0.08627758
v -0.13879062 -0.011031866 -0.0898416
v -0.14317875 -0.011031866 -0.0826654
v -0.0862187 -0.011021167 -0.14934891
v -0.087722436 -0.0079922825 -0.15182124
v -0.11271338 -0.0080243945 -0.13432759
v -0.110781536 -0.011031866 -0.1320265
v -0.13202648 -0.011031866 -0.110781536
v -0.13432758 -0.0080243945 -0.11271338
v -0.15189616 -0.0080886185 -0.08762077
v -0.14930607 -0.011010468 -0.08620266
v -0.008436441 -0.10071024 0.09641306
v -0.025052458 -0.10071024 0.09348051
v -0.025052458 -0.080235876 0.11664127
v -0.008415028 -0.080235876 0.11901729
v 0.008436456 -0.10071024 0.09641306
v 0.008415043 -0.080235876 0.11901729
v 0.025052473 -0.080235876 0.11664127
v 0.025052473 -0.10071024 0.09348051
v -0.044713423 -0.09570135 -0.072492436
v -0.035996035 -0.09570135 -0.07719094
v -0.043231085 -0.09570135 -0.092709936
v -0.06344859 -0.09570135 -0.080241226
v -0.052826107 -0.09570135 -0.066809274
v -0.060227066 -0.09570135 -0.060227074
v -0.08024122 -0.09570135 -0.06344861
v -0.06680925 -0.09570135 -0.05282612
v -0.07249242 -0.09570135 -0.044713438
v -0.092709914 -0.09570135 -0.0432311
v -0.07719092 -0.09570135 -0.03599605
v 0.086218715 -0.011021167 0.1493489
v 0.08771175 -0.0079922825 0.15183194
v 0.11271338 -0.0080243945 0.13432758
v 0.110781536 -0.011031866 0.13202648
v 0.1320265 -0.011031866 0.110781536
v 0.13432759 -0.0080243945 0.11271338
v 0.1493275 -0.011021167 0.086213335
v 0.1518587 -0.0080243945 0.087674275
v 0.11383717 -0.011031866 0.122078285
v 0.1125796 -0.011031866 0.12107758
v 0.10840552 -0.011031866 0.12482889
v 0.115314156 -0.011031866 0.1227044
v 0.110781536 -0.011031866 0.13202648
v 0.11690886 -0.011031866 0.12291844
v 0.119910985 -0.011031866 0.122115746
v 0.10410837 -0.011031866 0.12843572
v 0.122115746 -0.011031866 0.11991097
v 0.1320265 -0.011031866 0.110781536
v 0.12291846 -0.011031866 0.11690883
v 0.1227044 -0.011031866 0.11531414
v 0.100565754 -0.011031866 0.13356768
v 0.099693485 -0.011031866 0.1318927
v 0.100844026 -0.011031866 0.13542996
v 0.10003597 -0.011031866 0.13843744
v 0.097836554 -0.011031866 0.14063685
v 0.086218715 -0.011021167 0.1493489
v 0.09482908 -0.011031866 0.1414449
v 0.092902586 -0.011031866 0.14112918
v 0.09117944 -0.011031866 0.14020874
v 0.082681455 -0.011031866 0.14320551
v 0.0898416 -0.011031866 0.13879062
v 0.1248289 -0.011031866 0.108405516
v 0.12207829 -0.011031866 0.11383717
v 0.12107758 -0.011031866 0.11257957
v 0.12843573 -0.011031866 0.10410835
v 0.13356769 -0.011031866 0.10056575
v 0.13189271 -0.011031866 0.09969346
v 0.13542998 -0.011031866 0.10084401
v 0.13843745 -0.011031866 0.10003595
v 0.14063686 -0.011031866 0.09783654
v 0.1493275 -0.011021167 0.086213335
v 0.14144492 -0.011031866 0.09482907
v 0.1411292 -0.011031866 0.092902556
v 0.14020875 -0.011031866 0.091179416
v 0.14104357 -0.011031866 0.08627756
v 0.13879064 -0.011031866 0.08984159
v 0.14317876 -0.011031866 0.0826654
v 0.12610252 -0.08524477 -0.036456257
v 0.117957726 -0.08524477 -0.028043896
v 0.12810394 -0.0851966 -0.027958274
v 0.11608475 -0.08524477 -0.035000682
v 0.12342684 -0.08524477 -0.044692025
v 0.11380506 -0.08524477 -0.041823685
v 0.12020531 -0.08524477 -0.05273515
v 0.11113472 -0.08524477 -0.048507556
v -0.035000667 -0.08524477 -0.11608475
v -0.02795291 -0.10564421 -0.09463643
v -0.028043881 -0.08524477 -0.117957726
v -0.033133045 -0.105724484 -0.09302567
v -0.041823685 -0.08524477 -0.11380506
v -0.04850754 -0.08524477 -0.11113472
v -0.038976744 -0.105719134 -0.09069782
v -0.14925791 -0.04485257 0.08617054
v -0.15334101 -0.011031866 0.08505745
v -0.14934354 -0.011021167 0.0862187
v -0.15334101 -0.04609944 0.08505745
v -0.12610252 -0.08524477 0.036456242
v -0.117957726 -0.08524477 0.028043881
v -0.12810393 -0.08519125 0.027968958
v -0.11608474 -0.08524477 0.035000667
v -0.12342681 -0.08524477 0.04469201
v -0.11380504 -0.08524477 0.041823685
v -0.1202053 -0.08524477 0.052735135
v -0.11113472 -0.08524477 0.04850754
v -0.14934354 -0.011021167 0.0862187
v -0.15182124 -0.0079922825 0.087722436
v -0.13432758 -0.0080243945 0.11271338
v -0.13202648 -0.011031866 0.110781536
v -0.110781536 -0.011031866 0.13202648
v -0.11271338 -0.0080243945 0.13432758
v -0.087615415 -0.008093968 0.15189616
v -0.08620264 -0.011010468 0.14929537
v -0.122078285 -0.011031866 0.11383717
v -0.12107758 -0.011031866 0.11257957
v -0.12482889 -0.011031866 0.108405516
v -0.1227044 -0.011031866 0.11531414
v -0.13202648 -0.011031866 0.110781536
v -0.12291844 -0.011031866 0.11690883
v -0.122115746 -0.011031866 0.11991097
v -0.12843572 -0.011031866 0.10410835
v -0.11991097 -0.011031866 0.122115746
v -0.110781536 -0.011031866 0.13202648
v -0.11690883 -0.011031866 0.12291844
v -0.11531414 -0.011031866 0.1227044
v -0.13356768 -0.011031866 0.10056575
v -0.1318927 -0.011031866 0.09969346
v -0.13542996 -0.011031866 0.10084401
v -0.13843744 -0.011031866 0.10003595
v -0.14063685 -0.011031866 0.09783654
v -0.14934354 -0.011021167 0.0862187
v -0.1414449 -0.011031866 0.09482907
v -0.14112918 -0.011031866 0.092902556
v -0.14020874 -0.011031866 0.091179416
v -0.14320551 -0.011031866 0.08268143
v -0.13879062 -0.011031866 0.08984159
v -0.108405516 -0.011031866 0.12482889
v -0.11383717 -0.011031866 0.122078285
v -0.11257957 -0.011031866 0.12107758
v -0.10410835 -0.011031866 0.12843572
v -0.10056575 -0.011031866 0.13356768
v -0.09969346 -0.011031866 0.1318927
v -0.10084401 -0.011031866 0.13542996
v -0.10003595 -0.011031866 0.13843744
v -0.09783654 -0.011031866 0.14063685
v -0.08620264 -0.011010468 0.14929537
v -0.09482907 -0.011031866 0.1414449
v -0.092902556 -0.011031866 0.14112918
v -0.091179416 -0.011031866 0.14020874
v -0.08627756 -0.011031866 0.14104356
v -0.08984159 -0.011031866 0.13879062
v -0.0826654 -0.011031866 0.14317875
v 0.122115746 -0.045098737 0.11991097
v 0.122115746 -0.011031866 0.11991097
v 0.12291846 -0.011031866 0.11690883
v 0.12291846 -0.045098737 0.11690883
v 0.1227044 -0.011031866 0.11531414
v 0.1227044 -0.045098737 0.11531414
v 0.12207829 -0.045098737 0.11383717
v 0.12207829 -0.011031866 0.11383717
v 0.12107758 -0.011031866 0.11257957
v 0.12107758 -0.045954958 0.11258493
v 0.12141472 -0.04810621 0.11430274
v 0.12053174 -0.04810621 0.113168225
v 0.122115746 -0.04810621 0.11690883
v 0.11965947 -0.050412655 0.115854636
v 0.117909566 -0.049898922 0.11331807
v 0.12141472 -0.04810621 0.11950962
v 0.119199246 -0.05033773 0.11889957
v 0.11630416 -0.051231414 0.11631484
v 0.11515896 -0.050578542 0.11515896
v 0.11335555 -0.049989894 0.117754355
v 0.116138265 -0.050412655 0.119819984
v 0.11316825 -0.04810621 0.12053172
v 0.11950963 -0.04810621 0.121414706
v 0.11430274 -0.04810621 0.121414706
v 0.1125796 -0.04594426 0.12107758
v 0.119910985 -0.045098737 0.122115746
v 0.122115746 -0.011031866 0.11991097
v 0.119910985 -0.011031866 0.122115746
v 0.11690886 -0.04810621 0.122115746
v 0.11690886 -0.045098737 0.12291844
v 0.119910985 -0.011031866 0.122115746
v 0.11690886 -0.011031866 0.12291844
v 0.115314156 -0.045098737 0.1227044
v 0.115314156 -0.011031866 0.1227044
v 0.11383717 -0.011031866 0.122078285
v 0.1125796 -0.011031866 0.12107758
v 0.11383717 -0.045098737 0.122078285
v 0.036456257 -0.08524477 0.12610252
v 0.028043896 -0.08524477 0.117957726
v 0.027963623 -0.0851966 0.12810393
v 0.035000682 -0.08524477 0.11608474
v 0.044692025 -0.08524477 0.12342681
v 0.041823685 -0.08524477 0.11380504
v 0.05273515 -0.08524477 0.1202053
v 0.048507556 -0.08524477 0.11113472
v -0.008415028 -0.080235876 -0.1190173
v -0.025052458 -0.080235876 -0.12688383
v -0.025052458 -0.080235876 -0.11664129
v -0.00839898 -0.080235876 -0.12905648
v 0.008398995 -0.080235876 -0.12905648
v 0.025052473 -0.080235876 -0.12688383
v 0.008415043 -0.080235876 -0.1190173
v 0.025052473 -0.080235876 -0.11664129
v -0.08617054 -0.04485257 -0.14925793
v -0.08505745 -0.011031866 -0.15334104
v -0.0862187 -0.011021167 -0.14934891
v -0.08505745 -0.04609944 -0.15334104
v 0.086170554 -0.04485257 0.14925791
v 0.08505747 -0.011031866 0.15334101
v 0.086218715 -0.011021167 0.1493489
v 0.08505747 -0.04609944 0.15334101
v 0.082681455 -0.011031866 0.14320551
v 0.0826654 -0.04810621 0.14317875
v 0.084549084 -0.04810621 0.14644308
v 0.086170554 -0.04485257 0.14925791
v 0.086218715 -0.011021167 0.1493489
v 0.08255302 -0.05110833 0.14900105
v 0.08006463 -0.05110833 0.14468248
v 0.042631745 -0.05110833 0.16492139
v 0.038901836 -0.05110833 0.14518018
v 0.07515207 -0.05110833 0.13016422
v -2.6673079E-06 -0.05110833 0.15030144
v -2.6673079E-06 -0.05110833 0.17034234
v 0.08116166 -0.05110833 0.14057799
v 0.093105935 -0.05110833 0.13296832
v 0.104338475 -0.05110833 0.124347255
v -0.04263173 -0.05110833 0.16492139
v 0.10628103 -0.05110833 0.10628103
v 0.11477901 -0.05110833 0.11477901
v 0.12434727 -0.05110833 0.10433845
v 0.13296834 -0.05110833 0.09310593
v 0.13016422 -0.05110833 0.075152054
v 0.140578 -0.05110833 0.08116166
v 0.14468251 -0.05110833 0.08006461
v -0.03890182 -0.05110833 0.14518018
v 0.14518018 -0.05110833 0.03890182
v -0.08006461 -0.05110833 0.14468248
v -0.082553014 -0.05110833 0.14900105
v -0.075152054 -0.05110833 0.13016422
v -0.08116166 -0.05110833 0.14057799
v -0.09310593 -0.05110833 0.13296832
v -0.10433845 -0.05110833 0.124347255
v -0.10628103 -0.05110833 0.10628103
v -0.11477901 -0.05110833 0.11477901
v -0.124347255 -0.05110833 0.10433845
v -0.13296832 -0.05110833 0.09310593
v -0.13016422 -0.05110833 0.075152054
v -0.14057799 -0.05110833 0.08116166
v -0.14468248 -0.05110833 0.08006461
v -0.14518018 -0.05110833 0.03890182
v -0.16492139 -0.05110833 0.04263173
v -0.14900105 -0.05110833 0.082553014
v -0.15030144 -0.05110833 2.6673079E-06
v -0.17034234 -0.05110833 2.6673079E-06
v -0.16492139 -0.05110833 -0.042631745
v -0.14518018 -0.05110833 -0.038901836
v -0.14468248 -0.05110833 -0.08006463
v -0.14900105 -0.05110833 -0.08255302
v -0.13016422 -0.05110833 -0.07515207
v -0.14057799 -0.05110833 -0.08116166
v -0.13296832 -0.05110833 -0.093105935
v -0.124347255 -0.05110833 -0.104338475
v -0.10628103 -0.05110833 -0.10628103
v -0.11477901 -0.05110833 -0.11477901
v -0.10433845 -0.05110833 -0.12434727
v -0.075152054 -0.05110833 -0.13016422
v -0.09310593 -0.05110833 -0.13296834
v -0.08116166 -0.05110833 -0.140578
v -0.08006461 -0.05110833 -0.14468251
v -0.03890182 -0.05110833 -0.14518018
v -0.04263173 -0.05110833 -0.16492142
v -0.082553014 -0.05110833 -0.14900106
v -2.6673079E-06 -0.05110833 -0.15030146
v -2.6673079E-06 -0.05110833 -0.17034236
v 0.042631745 -0.05110833 -0.16492142
v 0.038901836 -0.05110833 -0.14518018
v 0.08006463 -0.05110833 -0.14468251
v 0.08255302 -0.05110833 -0.14900106
v 0.07515207 -0.05110833 -0.13016422
v 0.08116166 -0.05110833 -0.140578
v 0.093105935 -0.05110833 -0.13296834
v 0.104338475 -0.05110833 -0.12434727
v 0.10628103 -0.05110833 -0.10628103
v 0.11477901 -0.05110833 -0.11477901
v 0.12434727 -0.05110833 -0.104338475
v 0.13016422 -0.05110833 -0.07515207
v 0.13296834 -0.05110833 -0.093105935
v 0.140578 -0.05110833 -0.08116166
v 0.14468251 -0.05110833 -0.08006463
v 0.14518018 -0.05110833 -0.038901836
v 0.16492142 -0.05110833 -0.042631745
v 0.14900106 -0.05110833 -0.08255302
v 0.15030146 -0.05110833 2.6673079E-06
v 0.17034236 -0.05110833 2.6673079E-06
v 0.16492142 -0.05110833 0.04263173
v 0.14900106 -0.05110833 0.082553014
v 0.044692025 -0.08524477 -0.12342684
v 0.05273515 -0.08524477 -0.12020531
v 0.057529986 -0.07494871 -0.13047996
v 0.038901836 -0.067949116 -0.14518018
v 0.036456257 -0.08524477 -0.12610252
v 0.027920812 -0.085159145 -0.12808788
v 0.028033197 -0.07494336 -0.1398181
v 0.025100634 -0.075226985 -0.14006427
v 0.016747147 -0.075226985 -0.14130579
v 0.07515207 -0.067949116 -0.13016422
v 0.060216375 -0.07496477 -0.12924914
v 0.08843418 -0.07496477 -0.11184646
v 0.10628103 -0.067949116 -0.10628103
v 0.11184646 -0.07496477 -0.08843418
v -2.6673079E-06 -0.067949116 -0.15030146
v 0.13016422 -0.067949116 -0.07515207
v 0.12924914 -0.07496477 -0.060216375
v 0.008388296 -0.075226985 -0.14204428
v 0.13047996 -0.07494871 -0.057529986
v 0.14518018 -0.067949116 -0.038901836
v -2.6673079E-06 -0.075226985 -0.1422958
v -0.008388281 -0.075226985 -0.14204428
v -0.016747132 -0.075226985 -0.14130579
v -0.03890182 -0.067949116 -0.14518018
v -0.025100634 -0.075226985 -0.14006427
v -0.028033182 -0.07494336 -0.1398181
v -0.027958259 -0.0851966 -0.12810394
v -0.036456242 -0.08524477 -0.12610252
v -0.04469201 -0.08524477 -0.12342684
v -0.05752997 -0.07494871 -0.13047996
v -0.052735135 -0.08524477 -0.12020531
v -0.075152054 -0.067949116 -0.13016422
v -0.060216367 -0.07496477 -0.12924914
v -0.088434175 -0.07496477 -0.11184646
v -0.10628103 -0.067949116 -0.10628103
v -0.11184643 -0.07496477 -0.08843418
v -0.13016422 -0.067949116 -0.07515207
v -0.12924911 -0.07496477 -0.060216375
v -0.13047995 -0.07494871 -0.057529986
v -0.14518018 -0.067949116 -0.038901836
v -0.12342681 -0.08524477 -0.044692025
v -0.1202053 -0.08524477 -0.05273515
v -0.12610252 -0.08524477 -0.036456257
v -0.12808786 -0.085159145 -0.027920812
v -0.13981809 -0.07494336 -0.028033197
v -0.14006425 -0.075226985 -0.025100634
v -0.14130579 -0.075226985 -0.016747147
v -0.15030144 -0.067949116 2.6673079E-06
v -0.14204426 -0.075226985 -0.008388296
v -0.1422958 -0.075226985 2.6673079E-06
v -0.14204426 -0.075226985 0.008388281
v -0.14130579 -0.075226985 0.016747132
v -0.14518018 -0.067949116 0.03890182
v -0.14006425 -0.075226985 0.025100634
v -0.13981809 -0.07494336 0.028033182
v -0.12810393 -0.08519125 0.027968958
v -0.12610252 -0.08524477 0.036456242
v -0.12342681 -0.08524477 0.04469201
v -0.13047995 -0.07494871 0.05752997
v -0.1202053 -0.08524477 0.052735135
v -0.13016422 -0.067949116 0.075152054
v -0.12924911 -0.07496477 0.060216367
v -0.11184643 -0.07496477 0.088434175
v -0.10628103 -0.067949116 0.10628103
v -0.088434175 -0.07496477 0.11184643
v -0.075152054 -0.067949116 0.13016422
v -0.060216367 -0.07496477 0.12924911
v -0.05752997 -0.07494871 0.13047995
v -0.03890182 -0.067949116 0.14518018
v -0.04469201 -0.08524477 0.12342681
v -0.052735135 -0.08524477 0.1202053
v -0.036456242 -0.08524477 0.12610252
v -0.027920797 -0.085159145 0.12808786
v -0.028033182 -0.07494336 0.13981809
v -0.025100634 -0.075226985 0.14006425
v -0.016747132 -0.075226985 0.14130579
v -2.6673079E-06 -0.067949116 0.15030144
v -0.008388281 -0.075226985 0.14204426
v -2.6673079E-06 -0.075226985 0.1422958
v 0.008388296 -0.075226985 0.14204426
v 0.016747147 -0.075226985 0.14130579
v 0.038901836 -0.067949116 0.14518018
v 0.025100634 -0.075226985 0.14006425
v 0.028033197 -0.07494336 0.13981809
v 0.027963623 -0.0851966 0.12810393
v 0.036456257 -0.08524477 0.12610252
v 0.044692025 -0.08524477 0.12342681
v 0.057529986 -0.07494871 0.13047995
v 0.05273515 -0.08524477 0.1202053
v 0.07515207 -0.067949116 0.13016422
v 0.060216375 -0.07496477 0.12924911
v 0.08843418 -0.07496477 0.11184643
v 0.10628103 -0.067949116 0.10628103
v 0.11184646 -0.07496477 0.088434175
v 0.13016422 -0.067949116 0.075152054
v 0.12924914 -0.07496477 0.060216367
v 0.13047996 -0.07494871 0.05752997
v 0.14518018 -0.067949116 0.03890182
v 0.12342684 -0.08524477 0.04469201
v 0.12020531 -0.08524477 0.052735135
v 0.12610252 -0.08524477 0.036456242
v 0.12808788 -0.085159145 0.027920797
v 0.1398181 -0.07494336 0.028033182
v 0.14006427 -0.075226985 0.025100634
v 0.14130579 -0.075226985 0.016747132
v 0.15030146 -0.067949116 2.6673079E-06
v 0.14204428 -0.075226985 0.008388281
v 0.1422958 -0.075226985 2.6673079E-06
v 0.14204428 -0.075226985 -0.008388296
v 0.14130579 -0.075226985 -0.016747147
v 0.14006427 -0.075226985 -0.025100634
v 0.1398181 -0.07494336 -0.028033197
v 0.12810394 -0.0851966 -0.027958274
v 0.12610252 -0.08524477 -0.036456257
v 0.12342684 -0.08524477 -0.044692025
v 0.12020531 -0.08524477 -0.05273515
v -0.13843744 -0.045098737 0.10003595
v -0.13843744 -0.011031866 0.10003595
v -0.13542996 -0.011031866 0.10084401
v -0.13542996 -0.045098737 0.10084401
v -0.13355698 -0.044916794 0.10059784
v -0.13356768 -0.011031866 0.10056575
v -0.1318927 -0.011031866 0.09969346
v -0.13189806 -0.045928195 0.09968813
v -0.13231547 -0.048074096 0.09916903
v -0.13542996 -0.04810621 0.10003595
v -0.13803609 -0.04810621 0.099340275
v -0.13542996 -0.05030562 0.09783654
v -0.13742067 -0.05034308 0.097119465
v -0.13504465 -0.051220708 0.09412269
v -0.13324662 -0.05025211 0.0971355
v -0.13216563 -0.05015579 0.095883295
v -0.13216563 -0.05015579 0.095883295
v -0.13373359 -0.050557137 0.092972144
v -0.13602932 -0.04978119 0.09098677
v -0.13994117 -0.04810621 0.09743519
v -0.13785414 -0.05031097 0.09299891
v -0.13835181 -0.04810621 0.0905212
v -0.13843744 -0.05030562 0.09482907
v -0.14063685 -0.045098737 0.09783654
v -0.13843744 -0.011031866 0.10003595
v -0.14063685 -0.011031866 0.09783654
v -0.14063685 -0.04810621 0.09482907
v -0.13994117 -0.04810621 0.09222831
v -0.13878529 -0.04599242 0.089846924
v -0.1414449 -0.045098737 0.09482907
v -0.14063685 -0.011031866 0.09783654
v -0.1414449 -0.011031866 0.09482907
v -0.14112918 -0.045098737 0.092902556
v -0.14112918 -0.011031866 0.092902556
v -0.14020874 -0.011031866 0.091179416
v -0.13879062 -0.011031866 0.08984159
v -0.14020874 -0.045098737 0.091179416
v 0.07719094 -0.102711655 -0.03599605
v 0.08841278 -0.102711655 -0.041229695
v 0.07719094 -0.09570135 -0.03599605
v 0.092709936 -0.09570135 -0.0432311
v 0.108780116 -0.08233897 -0.05072303
v 0.10676265 -0.08160583 -0.049786538
v 0.10676265 -0.07496477 -0.049786538
v 0.117914915 -0.08223729 -0.05498273
v 0.1251714 -0.07496477 -0.05837015
v -0.07719092 -0.102711655 0.035996035
v -0.08841278 -0.102711655 0.04122968
v -0.07719092 -0.09570135 0.035996035
v -0.092709914 -0.09570135 0.043231085
v -0.1087801 -0.08233897 0.050723016
v -0.10676263 -0.08160583 0.049786523
v -0.10676263 -0.07496477 0.049786523
v -0.1179149 -0.08223729 0.05498272
v -0.12517138 -0.07496477 0.058370143
v -0.11113472 -0.08524477 -0.048507556
v -0.1202053 -0.08524477 -0.05273515
v -0.11380504 -0.08524477 -0.041823685
v -0.12342681 -0.08524477 -0.044692025
v -0.11608474 -0.08524477 -0.035000682
v -0.12610252 -0.08524477 -0.036456257
v -0.117957726 -0.08522871 -0.028017133
v -0.12808786 -0.085159145 -0.027920812
v 0.11113472 -0.08524477 0.04850754
v 0.12020531 -0.08524477 0.052735135
v 0.11380506 -0.08524477 0.041823685
v 0.12342684 -0.08524477 0.04469201
v 0.11608475 -0.08524477 0.035000667
v 0.12610252 -0.08524477 0.036456242
v 0.117957726 -0.08522871 0.028017133
v 0.12808788 -0.085159145 0.027920797
v 0.10676265 -0.07496477 0.049786523
v 0.1251714 -0.07496477 0.058370143
v 0.117914915 -0.08223729 0.05498272
v 0.108780116 -0.08233897 0.050723016
v 0.10676265 -0.08160583 0.049786523
v 0.092709936 -0.09570135 0.043231085
v 0.08841278 -0.102711655 0.04122968
v 0.07719094 -0.09570135 0.035996035
v 0.07719629 -0.102711655 0.035996035
v -0.08268143 -0.011031866 -0.14320552
v -0.0826654 -0.04810621 -0.14317876
v -0.084549084 -0.04810621 -0.14644311
v -0.08617054 -0.04485257 -0.14925793
v -0.0862187 -0.011021167 -0.14934891
v 0.07719094 -0.09570135 0.035996035
v 0.072492436 -0.09570135 0.044713423
v 0.092709936 -0.09570135 0.043231085
v 0.080241226 -0.09570135 0.06344859
v 0.066809274 -0.09570135 0.052826107
v 0.060227074 -0.09570135 0.060227066
v 0.06344861 -0.09570135 0.08024122
v 0.05282612 -0.09570135 0.06680925
v 0.044713438 -0.09570135 0.07249242
v 0.0432311 -0.09570135 0.092709914
v 0.03599605 -0.09570135 0.07719092
v -0.11991097 -0.045098737 0.122115746
v -0.11991097 -0.011031866 0.122115746
v -0.11690883 -0.011031866 0.12291844
v -0.11690883 -0.045098737 0.12291844
v -0.11531414 -0.011031866 0.1227044
v -0.11531414 -0.045098737 0.1227044
v -0.11383717 -0.045098737 0.122078285
v -0.11383717 -0.011031866 0.122078285
v -0.11257957 -0.011031866 0.12107758
v -0.11258493 -0.045954958 0.12107758
v -0.11430274 -0.04810621 0.121414706
v -0.113168225 -0.04810621 0.12053172
v -0.11690883 -0.04810621 0.122115746
v -0.115854636 -0.050412655 0.11965947
v -0.11331807 -0.049898922 0.117909566
v -0.11950962 -0.04810621 0.121414706
v -0.11889957 -0.05033773 0.11919923
v -0.11631484 -0.051231414 0.116304144
v -0.11515896 -0.050578542 0.11515896
v -0.117754355 -0.049989894 0.11335553
v -0.119819984 -0.050412655 0.116138235
v -0.12053172 -0.04810621 0.113168225
v -0.121414706 -0.04810621 0.11950962
v -0.121414706 -0.04810621 0.11430274
v -0.12107758 -0.04594426 0.11257957
v -0.122115746 -0.045098737 0.11991097
v -0.11991097 -0.011031866 0.122115746
v -0.122115746 -0.011031866 0.11991097
v -0.122115746 -0.04810621 0.11690883
v -0.12291844 -0.045098737 0.11690883
v -0.122115746 -0.011031866 0.11991097
v -0.12291844 -0.011031866 0.11690883
v -0.1227044 -0.045098737 0.11531414
v -0.1227044 -0.011031866 0.11531414
v -0.122078285 -0.011031866 0.11383717
v -0.12107758 -0.011031866 0.11257957
v -0.122078285 -0.045098737 0.11383717
v -0.122115746 -0.045098737 -0.119910985
v -0.122115746 -0.011031866 -0.119910985
v -0.12291844 -0.011031866 -0.11690886
v -0.12291844 -0.045098737 -0.11690886
v -0.1227044 -0.011031866 -0.115314156
v -0.1227044 -0.045098737 -0.115314156
v -0.122078285 -0.045098737 -0.11383717
v -0.122078285 -0.011031866 -0.11383717
v -0.12107758 -0.011031866 -0.1125796
v -0.12107758 -0.045954958 -0.11258495
v -0.121414706 -0.04810621 -0.11430274
v -0.12053172 -0.04810621 -0.11316825
v -0.122115746 -0.04810621 -0.11690886
v -0.11965947 -0.050412655 -0.115854636
v -0.117909566 -0.049898922 -0.113318086
v -0.121414706 -0.04810621 -0.11950963
v -0.11919923 -0.05033773 -0.11889957
v -0.116304144 -0.051231414 -0.11630951
v -0.11515896 -0.050578542 -0.11515896
v -0.11335553 -0.049989894 -0.11775438
v -0.116138235 -0.050412655 -0.11982001
v -0.113168225 -0.04810621 -0.12053174
v -0.11950962 -0.04810621 -0.12141472
v -0.11430274 -0.04810621 -0.12141472
v -0.11257957 -0.04594426 -0.12107758
v -0.11991097 -0.045098737 -0.122115746
v -0.122115746 -0.011031866 -0.119910985
v -0.11991097 -0.011031866 -0.122115746
v -0.11690883 -0.04810621 -0.122115746
v -0.11690883 -0.045098737 -0.12291846
v -0.11991097 -0.011031866 -0.122115746
v -0.11690883 -0.011031866 -0.12291846
v -0.11531414 -0.045098737 -0.1227044
v -0.11531414 -0.011031866 -0.1227044
v -0.11383717 -0.011031866 -0.12207829
v -0.11257957 -0.011031866 -0.12107758
v -0.11383717 -0.045098737 -0.12207829
v -0.10676263 -0.07496477 -0.049786538
v -0.12517138 -0.07496477 -0.05837015
v -0.1179149 -0.08223729 -0.05498273
v -0.1087801 -0.08233897 -0.05072303
v -0.10676263 -0.08160583 -0.049786538
v -0.092709914 -0.09570135 -0.0432311
v -0.08841278 -0.102711655 -0.041229695
v -0.07719092 -0.09570135 -0.03599605
v -0.077196285 -0.102711655 -0.03599605
v -0.0826654 -0.04810621 0.14317875
v -0.0826654 -0.011031866 0.14317875
v -0.084549084 -0.04810621 0.14644308
v -0.08617054 -0.04485257 0.14925791
v -0.08620264 -0.011010468 0.14929537
v 0.028017133 -0.08522871 -0.117957726
v 0.025068536 -0.08233362 -0.117486805
v 0.027985036 -0.10567632 -0.09467389
v 0.02562508 -0.10317188 -0.094540104
v 0.025052473 -0.102711655 -0.094352804
v 0.02524513 -0.10283474 -0.09445983
v -0.028017133 -0.08522871 0.117957726
v -0.025068521 -0.08233362 0.11748679
v -0.027985021 -0.10567632 0.09467389
v -0.025625065 -0.10317188 0.094540104
v -0.025052458 -0.102711655 0.0943528
v -0.025245115 -0.10283474 0.09445982
v -0.14317875 -0.04810621 -0.0826654
v -0.14317875 -0.011031866 -0.0826654
v -0.14644308 -0.04810621 -0.084549084
v -0.14930607 -0.011010468 -0.08620266
v -0.14925791 -0.04485257 -0.086170554
v 0.14317876 -0.04810621 0.0826654
v 0.14317876 -0.011031866 0.0826654
v 0.14644311 -0.04810621 0.084549084
v 0.14925793 -0.04485257 0.08617054
v 0.1493275 -0.011021167 0.086213335
v -0.035996035 -0.09570135 0.07719092
v -0.04122968 -0.102711655 0.08841278
v -0.035996035 -0.102711655 0.07719092
v -0.043231085 -0.09570135 0.092709914
v -0.050723016 -0.08233897 0.1087801
v -0.049786523 -0.08160583 0.10676263
v -0.049786523 -0.07496477 0.10676263
v -0.05498272 -0.08223729 0.1179149
v -0.058370143 -0.07496477 0.12517138
v 0.1251714 -0.07496477 0.058370143
v 0.10676265 -0.07496477 0.049786523
v 0.10369096 -0.07496477 0.0559085
v 0.10026073 -0.07496477 0.061843187
v 0.09882656 -0.07496477 0.06919597
v 0.09649871 -0.07496477 0.06756915
v 0.10073165 -0.07496477 0.07420486
v 0.11184646 -0.07496477 0.088434175
v 0.09279556 -0.07496477 0.08392297
v 0.083922975 -0.07496477 0.092795536
v 0.12924914 -0.07496477 0.060216367
v 0.13047996 -0.07494871 0.05752997
v 0.08843418 -0.07496477 0.11184643
v 0.07420488 -0.07496477 0.100731626
v 0.05837015 -0.07496477 0.12517138
v 0.060216375 -0.07496477 0.12924911
v 0.057529986 -0.07494871 0.13047995
v 0.069195986 -0.07496477 0.09882654
v 0.061843194 -0.07496477 0.10026072
v 0.06756917 -0.07496477 0.09649868
v 0.055908516 -0.07496477 0.10369094
v 0.049786538 -0.07496477 0.10676263
v -0.008463189 -0.10071024 -0.08474708
v -0.025052458 -0.10071024 -0.093480535
v -0.025052458 -0.10071024 -0.08140247
v -0.008436441 -0.10071024 -0.09641309
v 0.008436456 -0.10071024 -0.09641309
v 0.008463204 -0.10071024 -0.08474708
v 0.025052473 -0.10071024 -0.093480535
v 0.025052473 -0.10071024 -0.08140247
v -0.12517138 -0.07496477 -0.05837015
v -0.10676263 -0.07496477 -0.049786538
v -0.10369094 -0.07496477 -0.055908516
v -0.10026072 -0.07496477 -0.061843194
v -0.09882654 -0.07496477 -0.069195986
v -0.09649868 -0.07496477 -0.06756917
v -0.100731626 -0.07496477 -0.07420488
v -0.11184643 -0.07496477 -0.08843418
v -0.092795536 -0.07496477 -0.083922975
v -0.08392297 -0.07496477 -0.09279556
v -0.12924911 -0.07496477 -0.060216375
v -0.13047995 -0.07494871 -0.057529986
v -0.088434175 -0.07496477 -0.11184646
v -0.07420486 -0.07496477 -0.10073165
v -0.058370143 -0.07496477 -0.1251714
v -0.060216367 -0.07496477 -0.12924914
v -0.05752997 -0.07494871 -0.13047996
v -0.06919597 -0.07496477 -0.09882656
v -0.061843187 -0.07496477 -0.10026073
v -0.06756915 -0.07496477 -0.09649871
v -0.0559085 -0.07496477 -0.10369096
v -0.049786523 -0.07496477 -0.10676265
v 0.100565754 -0.011031866 -0.13356769
v 0.099693485 -0.011031866 -0.13189271
v 0.10410837 -0.011031866 -0.12843573
v 0.110781536 -0.011031866 -0.1320265
v 0.100844026 -0.011031866 -0.13542998
v 0.10003597 -0.011031866 -0.13843745
v 0.097836554 -0.011031866 -0.14063686
v 0.10840552 -0.011031866 -0.1248289
v 0.08618125 -0.011031866 -0.14927399
v 0.09482908 -0.011031866 -0.14144492
v 0.092902586 -0.011031866 -0.1411292
v 0.09117944 -0.011031866 -0.14020875
v 0.08627758 -0.011031866 -0.14104357
v 0.0898416 -0.011031866 -0.13879064
v 0.0826654 -0.011031866 -0.14317876
v 0.115314156 -0.011031866 -0.1227044
v 0.11383717 -0.011031866 -0.12207829
v 0.1125796 -0.011031866 -0.12107758
v 0.11690886 -0.011031866 -0.12291846
v 0.119910985 -0.011031866 -0.122115746
v 0.1320265 -0.011031866 -0.110781536
v 0.122115746 -0.011031866 -0.119910985
v 0.12291846 -0.011031866 -0.11690886
v 0.1227044 -0.011031866 -0.115314156
v 0.1248289 -0.011031866 -0.10840552
v 0.12207829 -0.011031866 -0.11383717
v 0.12107758 -0.011031866 -0.1125796
v 0.12843573 -0.011031866 -0.10410837
v 0.13356769 -0.011031866 -0.100565754
v 0.13189271 -0.011031866 -0.099693485
v 0.13542998 -0.011031866 -0.100844026
v 0.13843745 -0.011031866 -0.10003597
v 0.14063686 -0.011031866 -0.097836554
v 0.14927399 -0.011031866 -0.08618125
v 0.14144492 -0.011031866 -0.09482908
v 0.1411292 -0.011031866 -0.092902586
v 0.14020875 -0.011031866 -0.09117944
v 0.14320552 -0.011031866 -0.082681455
v 0.13879064 -0.011031866 -0.0898416
v 0.008463204 -0.10071024 0.08474706
v 0.025052473 -0.10071024 0.09348051
v 0.025052473 -0.10071024 0.081402466
v 0.008436456 -0.10071024 0.09641306
v -0.008436441 -0.10071024 0.09641306
v -0.008463189 -0.10071024 0.08474706
v -0.025052458 -0.10071024 0.09348051
v -0.025052458 -0.10071024 0.081402466
v -0.14925791 -0.04485257 -0.086170554
v -0.14930607 -0.011010468 -0.08620266
v -0.15334101 -0.011031866 -0.08505747
v -0.15334101 -0.04609944 -0.08505747
v 0.03599605 -0.09570135 -0.07719094
v 0.044713438 -0.09570135 -0.072492436
v 0.0432311 -0.09570135 -0.092709936
v 0.06344861 -0.09570135 -0.080241226
v 0.05282612 -0.09570135 -0.066809274
v 0.060227074 -0.09570135 -0.060227074
v 0.080241226 -0.09570135 -0.06344861
v 0.066809274 -0.09570135 -0.05282612
v 0.072492436 -0.09570135 -0.044713438
v 0.092709936 -0.09570135 -0.0432311
v 0.07719094 -0.09570135 -0.03599605
v 0.14320552 -0.011031866 -0.082681455
v 0.14317876 -0.04810621 -0.0826654
v 0.14644311 -0.04810621 -0.084549084
v 0.14927399 -0.011031866 -0.08618125
v 0.14925793 -0.04485257 -0.086170554
v 0.05837015 -0.07496477 -0.1251714
v 0.049786538 -0.07496477 -0.10676265
v 0.055908516 -0.07496477 -0.10369096
v 0.061843194 -0.07496477 -0.10026073
v 0.069195986 -0.07496477 -0.09882656
v 0.06756917 -0.07496477 -0.09649871
v 0.07420488 -0.07496477 -0.10073165
v 0.08843418 -0.07496477 -0.11184646
v 0.083922975 -0.07496477 -0.09279556
v 0.09279556 -0.07496477 -0.083922975
v 0.060216375 -0.07496477 -0.12924914
v 0.057529986 -0.07494871 -0.13047996
v 0.11184646 -0.07496477 -0.08843418
v 0.10073165 -0.07496477 -0.07420488
v 0.1251714 -0.07496477 -0.05837015
v 0.12924914 -0.07496477 -0.060216375
v 0.13047996 -0.07494871 -0.057529986
v 0.09882656 -0.07496477 -0.069195986
v 0.10026073 -0.07496477 -0.061843194
v 0.09649871 -0.07496477 -0.06756917
v 0.10369096 -0.07496477 -0.055908516
v 0.10676265 -0.07496477 -0.049786538
v -0.14320551 -0.011031866 0.08268143
v -0.14317875 -0.04810621 0.0826654
v -0.14644308 -0.04810621 0.084549084
v -0.14925791 -0.04485257 0.08617054
v -0.14934354 -0.011021167 0.0862187
v -0.058370143 -0.07496477 0.12517138
v -0.049786523 -0.07496477 0.10676263
v -0.0559085 -0.07496477 0.10369094
v -0.061843187 -0.07496477 0.10026072
v -0.06919597 -0.07496477 0.09882654
v -0.06756915 -0.07496477 0.09649868
v -0.07420486 -0.07496477 0.100731626
v -0.088434175 -0.07496477 0.11184643
v -0.08392297 -0.07496477 0.092795536
v -0.092795536 -0.07496477 0.08392297
v -0.060216367 -0.07496477 0.12924911
v -0.05752997 -0.07494871 0.13047995
v -0.11184643 -0.07496477 0.088434175
v -0.100731626 -0.07496477 0.07420486
v -0.12517138 -0.07496477 0.058370143
v -0.12924911 -0.07496477 0.060216367
v -0.13047995 -0.07494871 0.05752997
v -0.09882654 -0.07496477 0.06919597
v -0.10026072 -0.07496477 0.061843187
v -0.09649868 -0.07496477 0.06756915
v -0.10369094 -0.07496477 0.0559085
v -0.10676263 -0.07496477 0.049786523
v 0.14925793 -0.04485257 0.08617054
v 0.1493275 -0.011021167 0.086213335
v 0.15334104 -0.011031866 0.08505745
v 0.15334104 -0.04609944 0.08505745
v -0.07249242 -0.09570135 0.044713423
v -0.07719092 -0.09570135 0.035996035
v -0.092709914 -0.09570135 0.043231085
v -0.08024122 -0.09570135 0.06344859
v -0.06680925 -0.09570135 0.052826107
v -0.060227066 -0.09570135 0.060227066
v -0.06344859 -0.09570135 0.08024122
v -0.052826107 -0.09570135 0.06680925
v -0.044713423 -0.09570135 0.07249242
v -0.043231085 -0.09570135 0.092709914
v -0.035996035 -0.09570135 0.07719092
v -0.07249242 -0.09570135 0.044713423
v -0.07719092 -0.102711655 0.035996035
v -0.07719092 -0.09570135 0.035996035
v -0.0737607 -0.1137355 0.04258357
v -0.06680925 -0.09570135 0.052826107
v -0.07841639 -0.105719134 0.03325078
v -0.060227066 -0.1137355 0.060227066
v -0.060227066 -0.09570135 0.060227066
v -0.052826107 -0.09570135 0.06680925
v -0.082269385 -0.1137355 0.022044986
v -0.04258357 -0.1137355 0.0737607
v -0.08043386 -0.105719134 0.028059945
v -0.08141853 -0.10272771 0.025052458
v -0.081402466 -0.10071024 0.025052458
v -0.08334501 -0.10071024 0.017715722
v -0.08455442 -0.10071024 0.0102184415
v -0.08516984 -0.1137355 2.6673079E-06
v -0.084966466 -0.10008948 0.006408274
v -0.084977195 -0.10002527 -0.0061781704
v -0.08455442 -0.10071024 -0.010218456
v -0.082269385 -0.1137355 -0.022045001
v -0.08178775 -0.10071559 -0.024881229
v -0.081402466 -0.102711655 -0.025052473
v -0.08044456 -0.105719134 -0.028059945
v -0.07841103 -0.105719134 -0.03324543
v -0.0737607 -0.1137355 -0.042583585
v -0.077196285 -0.102711655 -0.03599605
v -0.07719092 -0.09570135 -0.03599605
v -0.07249242 -0.09570135 -0.044713438
v -0.06680925 -0.09570135 -0.05282612
v -0.060227066 -0.1137355 -0.060227074
v -0.060227066 -0.09570135 -0.060227074
v -0.052826107 -0.09570135 -0.066809274
v -0.04258357 -0.1137355 -0.07376071
v -0.044713423 -0.09570135 -0.072492436
v -0.035996035 -0.102711655 -0.07719094
v -0.035996035 -0.09570135 -0.07719094
v -0.03325078 -0.105719134 -0.07841641
v -0.022044986 -0.1137355 -0.0822694
v -0.028059945 -0.105719134 -0.08044458
v -0.025052458 -0.102711655 -0.08140247
v -0.025052458 -0.10071024 -0.08140247
v -0.008463189 -0.10071024 -0.08474708
v -2.6673079E-06 -0.1137355 -0.085169844
v 0.008463204 -0.10071024 -0.08474708
v 0.022045001 -0.1137355 -0.0822694
v 0.025052473 -0.10071024 -0.08140247
v 0.025052473 -0.102711655 -0.08140247
v 0.028059945 -0.105719134 -0.08044458
v 0.033250794 -0.105719134 -0.07841641
v 0.042583585 -0.1137355 -0.07376071
v 0.03599605 -0.102711655 -0.07719094
v 0.044713438 -0.09570135 -0.072492436
v 0.03599605 -0.09570135 -0.07719094
v 0.05282612 -0.09570135 -0.066809274
v 0.060227074 -0.1137355 -0.060227074
v 0.060227074 -0.09570135 -0.060227074
v 0.066809274 -0.09570135 -0.05282612
v 0.07376071 -0.1137355 -0.042583585
v 0.072492436 -0.09570135 -0.044713438
v 0.07719094 -0.102711655 -0.03599605
v 0.07719094 -0.09570135 -0.03599605
v 0.07841641 -0.105719134 -0.033250794
v 0.0822694 -0.1137355 -0.022045001
v 0.080433875 -0.105719134 -0.028059945
v 0.08141853 -0.10272771 -0.025052473
v 0.08140247 -0.10071024 -0.025052473
v 0.083345026 -0.10071024 -0.017715737
v 0.084554434 -0.10071024 -0.010218456
v 0.085169844 -0.1137355 2.6673079E-06
v 0.084966496 -0.10008948 -0.006408274
v 0.084977195 -0.10002527 0.0061781555
v 0.084554434 -0.10071024 0.0102184415
v 0.0822694 -0.1137355 0.022044986
v 0.08178777 -0.10071559 0.024881214
v 0.08140247 -0.102711655 0.025052458
v 0.08044458 -0.105719134 0.028059945
v 0.07841106 -0.105719134 0.03324543
v 0.07376071 -0.1137355 0.04258357
v 0.07719629 -0.102711655 0.035996035
v 0.07719094 -0.09570135 0.035996035
v 0.072492436 -0.09570135 0.044713423
v 0.066809274 -0.09570135 0.052826107
v 0.060227074 -0.1137355 0.060227066
v 0.060227074 -0.09570135 0.060227066
v 0.05282612 -0.09570135 0.06680925
v 0.042583585 -0.1137355 0.0737607
v 0.044713438 -0.09570135 0.07249242
v 0.03599605 -0.102711655 0.07719092
v 0.03599605 -0.09570135 0.07719092
v 0.033250794 -0.105719134 0.07841639
v 0.022045001 -0.1137355 0.082269385
v 0.028059945 -0.105719134 0.08043386
v 0.025052473 -0.10272771 0.08141853
v 0.025052473 -0.10071024 0.081402466
v 0.008463204 -0.10071024 0.08474706
v -2.6673079E-06 -0.1137355 0.08516984
v -0.008463189 -0.10071024 0.08474706
v -0.022044986 -0.1137355 0.082269385
v -0.025052458 -0.10071024 0.081402466
v -0.025052458 -0.102711655 0.081402466
v -0.028059945 -0.105719134 0.08044456
v -0.03325078 -0.105719134 0.07841639
v -0.035996035 -0.102711655 0.07719092
v -0.044713423 -0.09570135 0.07249242
v -0.035996035 -0.09570135 0.07719092
v -0.08617054 -0.04485257 0.14925791
v -0.08620264 -0.011010468 0.14929537
v -0.08505745 -0.011031866 0.15334101
v -0.08505745 -0.04609944 0.15334101
v 0.028059945 -0.105719134 -0.08044458
v 0.027985036 -0.10567632 -0.09467389
v 0.025052473 -0.102711655 -0.094352804
v 0.025052473 -0.102711655 -0.08140247
v -0.13231547 -0.048074096 0.09916903
v -0.12860696 -0.04810621 0.10389964
v -0.13216563 -0.05015579 0.095883295
v -0.124347255 -0.05110833 0.10433845
v -0.12465228 -0.04810621 0.10860886
v -0.13296832 -0.05110833 0.09310593
v -0.13373359 -0.050557137 0.092972144
v -0.13602932 -0.04978119 0.09098677
v -0.14057799 -0.05110833 0.08116166
v -0.14089371 -0.04810621 0.08651839
v -0.13835181 -0.04810621 0.0905212
v -0.14317875 -0.04810621 0.0826654
v -0.117754355 -0.049989894 0.11335553
v -0.12053172 -0.04810621 0.113168225
v -0.11477901 -0.05110833 0.11477901
v -0.11515896 -0.050578542 0.11515896
v -0.11331807 -0.049898922 0.117909566
v -0.10860886 -0.04810621 0.12465228
v -0.113168225 -0.04810621 0.12053172
v -0.10433845 -0.05110833 0.124347255
v -0.10389964 -0.04810621 0.12860696
v -0.09591539 -0.050139725 0.13216026
v -0.099163696 -0.048068747 0.13231547
v -0.09310593 -0.05110833 0.13296832
v -0.09297748 -0.050557137 0.13373359
v -0.09099214 -0.04978119 0.13603468
v -0.08676453 -0.04810621 0.14074387
v -0.0905212 -0.04810621 0.13835181
v -0.08116166 -0.05110833 0.14057799
v -0.0826654 -0.04810621 0.14317875
v 0.049786538 -0.07496477 -0.10676265
v 0.05837015 -0.07496477 -0.1251714
v 0.05498273 -0.08223729 -0.117914915
v 0.05072303 -0.08233897 -0.108780116
v 0.049786538 -0.08160583 -0.10676265
v 0.0432311 -0.09570135 -0.092709936
v 0.041229695 -0.102711655 -0.08841278
v 0.03599605 -0.09570135 -0.07719094
v 0.03599605 -0.102711655 -0.07719094
v 0.13843745 -0.045098737 -0.10003597
v 0.13843745 -0.011031866 -0.10003597
v 0.13542998 -0.011031866 -0.100844026
v 0.13542998 -0.045098737 -0.100844026
v 0.13355699 -0.044916794 -0.100597866
v 0.13356769 -0.011031866 -0.100565754
v 0.13189271 -0.011031866 -0.099693485
v 0.13189808 -0.045928195 -0.09968813
v 0.13231547 -0.048074096 -0.099169046
v 0.13542998 -0.04810621 -0.10003597
v 0.1380361 -0.04810621 -0.09934029
v 0.13542998 -0.05030562 -0.097836554
v 0.13742068 -0.05034308 -0.097119465
v 0.13504468 -0.051220708 -0.0941227
v 0.13324662 -0.05025211 -0.09713552
v 0.13216564 -0.05015579 -0.0958833
v 0.13216564 -0.05015579 -0.0958833
v 0.13373359 -0.050557137 -0.09297215
v 0.13602933 -0.04978119 -0.09098679
v 0.13994119 -0.04810621 -0.0974352
v 0.13785416 -0.05031097 -0.09299891
v 0.13835183 -0.04810621 -0.090521224
v 0.13843745 -0.05030562 -0.09482908
v 0.14063686 -0.045098737 -0.097836554
v 0.13843745 -0.011031866 -0.10003597
v 0.14063686 -0.011031866 -0.097836554
v 0.14063686 -0.04810621 -0.09482908
v 0.13994119 -0.04810621 -0.09222831
v 0.13878529 -0.04599242 -0.08984695
v 0.14144492 -0.045098737 -0.09482908
v 0.14063686 -0.011031866 -0.097836554
v 0.14144492 -0.011031866 -0.09482908
v 0.1411292 -0.045098737 -0.092902586
v 0.1411292 -0.011031866 -0.092902586
v 0.14020875 -0.011031866 -0.09117944
v 0.13879064 -0.011031866 -0.0898416
v 0.14020875 -0.045098737 -0.09117944
v 0.13231547 -0.048074096 -0.099169046
v 0.12860698 -0.04810621 -0.103899665
v 0.13216564 -0.05015579 -0.0958833
v 0.12434727 -0.05110833 -0.104338475
v 0.124652304 -0.04810621 -0.10860887
v 0.13296834 -0.05110833 -0.093105935
v 0.13373359 -0.050557137 -0.09297215
v 0.13602933 -0.04978119 -0.09098679
v 0.140578 -0.05110833 -0.08116166
v 0.14089373 -0.04810621 -0.08651839
v 0.13835183 -0.04810621 -0.090521224
v 0.14317876 -0.04810621 -0.0826654
v 0.11775438 -0.049989894 -0.11335555
v 0.12053174 -0.04810621 -0.11316825
v 0.11477901 -0.05110833 -0.11477901
v 0.11515896 -0.050578542 -0.11515896
v 0.113318086 -0.049898922 -0.117909566
v 0.10860887 -0.04810621 -0.124652304
v 0.11316825 -0.04810621 -0.12053174
v 0.104338475 -0.05110833 -0.12434727
v 0.103899665 -0.04810621 -0.12860698
v 0.09591541 -0.050139725 -0.13216028
v 0.099163696 -0.048068747 -0.13231547
v 0.093105935 -0.05110833 -0.13296834
v 0.0929775 -0.050557137 -0.13373359
v 0.090992145 -0.04978119 -0.13603468
v 0.08676455 -0.04810621 -0.1407439
v 0.090521224 -0.04810621 -0.13835183
v 0.08116166 -0.05110833 -0.140578
v 0.0826654 -0.04810621 -0.14317876
v 0.048507556 -0.08524477 -0.11113472
v 0.05273515 -0.08524477 -0.12020531
v 0.041823685 -0.08524477 -0.11380506
v 0.044692025 -0.08524477 -0.12342684
v 0.035000682 -0.08524477 -0.11608475
v 0.036456257 -0.08524477 -0.12610252
v 0.028017133 -0.08522871 -0.117957726
v 0.027920812 -0.085159145 -0.12808788
v 0.0826654 -0.04810621 -0.14317876
v 0.0826654 -0.011031866 -0.14317876
v 0.084549084 -0.04810621 -0.14644311
v 0.08618125 -0.011031866 -0.14927399
v 0.086170554 -0.04485257 -0.14925793
v -0.04850754 -0.08524477 0.11113472
v -0.052735135 -0.08524477 0.1202053
v -0.041823685 -0.08524477 0.11380504
v -0.04469201 -0.08524477 0.12342681
v -0.035000667 -0.08524477 0.11608474
v -0.036456242 -0.08524477 0.12610252
v -0.028017133 -0.08522871 0.117957726
v -0.027920797 -0.085159145 0.12808786
v 0.119910985 -0.045098737 -0.122115746
v 0.119910985 -0.011031866 -0.122115746
v 0.11690886 -0.011031866 -0.12291846
v 0.11690886 -0.045098737 -0.12291846
v 0.115314156 -0.011031866 -0.1227044
v 0.115314156 -0.045098737 -0.1227044
v 0.11383717 -0.045098737 -0.12207829
v 0.11383717 -0.011031866 -0.12207829
v 0.1125796 -0.011031866 -0.12107758
v 0.11258495 -0.045954958 -0.12107758
v 0.11430274 -0.04810621 -0.12141472
v 0.11316825 -0.04810621 -0.12053174
v 0.11690886 -0.04810621 -0.122115746
v 0.115854636 -0.050412655 -0.11965947
v 0.113318086 -0.049898922 -0.117909566
v 0.11950963 -0.04810621 -0.12141472
v 0.11889957 -0.05033773 -0.119199246
v 0.11630951 -0.051231414 -0.11630416
v 0.11515896 -0.050578542 -0.11515896
v 0.11775438 -0.049989894 -0.11335555
v 0.11982001 -0.050412655 -0.116138265
v 0.12053174 -0.04810621 -0.11316825
v 0.12141472 -0.04810621 -0.11950963
v 0.12141472 -0.04810621 -0.11430274
v 0.12107758 -0.04594426 -0.1125796
v 0.122115746 -0.045098737 -0.119910985
v 0.119910985 -0.011031866 -0.122115746
v 0.122115746 -0.011031866 -0.119910985
v 0.122115746 -0.04810621 -0.11690886
v 0.12291846 -0.045098737 -0.11690886
v 0.122115746 -0.011031866 -0.119910985
v 0.12291846 -0.011031866 -0.11690886
v 0.1227044 -0.045098737 -0.115314156
v 0.1227044 -0.011031866 -0.115314156
v 0.12207829 -0.011031866 -0.11383717
v 0.12107758 -0.011031866 -0.1125796
v 0.12207829 -0.045098737 -0.11383717
v 0.03599605 -0.102711655 0.07719092
v 0.041229695 -0.102711655 0.08841278
v 0.03599605 -0.09570135 0.07719092
v 0.0432311 -0.09570135 0.092709914
v 0.05072303 -0.08233897 0.1087801
v 0.049786538 -0.08160583 0.10676263
v 0.049786538 -0.07496477 0.10676263
v 0.05498273 -0.08223729 0.1179149
v 0.05837015 -0.07496477 0.12517138
v -0.028059945 -0.105719134 0.08044456
v -0.027985021 -0.10567632 0.09467389
v -0.025052458 -0.102711655 0.0943528
v -0.025052458 -0.102711655 0.081402466
v -0.058370143 -0.07496477 -0.1251714
v -0.049786523 -0.07496477 -0.10676265
v -0.05498272 -0.08223729 -0.117914915
v -0.050723016 -0.08233897 -0.108780116
v -0.049786523 -0.08160583 -0.10676265
v -0.043231085 -0.09570135 -0.092709936
v -0.04122968 -0.102711655 -0.08841278
v -0.035996035 -0.09570135 -0.07719094
v -0.035996035 -0.102711655 -0.07719094
v 0.025068536 -0.08233362 -0.117486805
v 0.028017133 -0.08522871 -0.117957726
v 0.025057822 -0.08222659 -0.12772934
v 0.027920812 -0.085159145 -0.12808788
v 0.099169046 -0.048074096 0.13231547
v 0.103899665 -0.04810621 0.12860696
v 0.0958833 -0.05015579 0.13216563
v 0.104338475 -0.05110833 0.124347255
v 0.10860887 -0.04810621 0.12465228
v 0.093105935 -0.05110833 0.13296832
v 0.09297215 -0.050557137 0.13373359
v 0.09098679 -0.04978119 0.13602932
v 0.08116166 -0.05110833 0.14057799
v 0.08651839 -0.04810621 0.14089371
v 0.090521224 -0.04810621 0.13835181
v 0.0826654 -0.04810621 0.14317875
v 0.11335555 -0.049989894 0.117754355
v 0.11316825 -0.04810621 0.12053172
v 0.11477901 -0.05110833 0.11477901
v 0.11515896 -0.050578542 0.11515896
v 0.117909566 -0.049898922 0.11331807
v 0.124652304 -0.04810621 0.10860886
v 0.12053174 -0.04810621 0.113168225
v 0.12434727 -0.05110833 0.10433845
v 0.12860698 -0.04810621 0.10389964
v 0.13216028 -0.050139725 0.09591539
v 0.13231547 -0.048068747 0.099163696
v 0.13296834 -0.05110833 0.09310593
v 0.13373359 -0.050557137 0.09297748
v 0.13603468 -0.04978119 0.09099214
v 0.1407439 -0.04810621 0.08676453
v 0.13835183 -0.04810621 0.0905212
v 0.140578 -0.05110833 0.08116166
v 0.14317876 -0.04810621 0.0826654
v -0.09916903 -0.048074096 -0.13231547
v -0.10389964 -0.04810621 -0.12860698
v -0.095883295 -0.05015579 -0.13216564
v -0.10433845 -0.05110833 -0.12434727
v -0.10860886 -0.04810621 -0.124652304
v -0.09310593 -0.05110833 -0.13296834
v -0.092972144 -0.050557137 -0.13373359
v -0.09098677 -0.04978119 -0.13602933
v -0.08116166 -0.05110833 -0.140578
v -0.08651839 -0.04810621 -0.14089373
v -0.0905212 -0.04810621 -0.13835183
v -0.0826654 -0.04810621 -0.14317876
v -0.11335553 -0.049989894 -0.11775438
v -0.113168225 -0.04810621 -0.12053174
v -0.11477901 -0.05110833 -0.11477901
v -0.11515896 -0.050578542 -0.11515896
v -0.117909566 -0.049898922 -0.113318086
v -0.12465228 -0.04810621 -0.10860887
v -0.12053172 -0.04810621 -0.11316825
v -0.124347255 -0.05110833 -0.104338475
v -0.12860696 -0.04810621 -0.103899665
v -0.13216026 -0.050139725 -0.09591541
v -0.13231547 -0.048068747 -0.099163696
v -0.13296832 -0.05110833 -0.093105935
v -0.13373359 -0.050557137 -0.0929775
v -0.13603468 -0.04978119 -0.090992145
v -0.14074387 -0.04810621 -0.08676455
v -0.13835181 -0.04810621 -0.090521224
v -0.14057799 -0.05110833 -0.08116166
v -0.14317875 -0.04810621 -0.0826654
v 0.10003597 -0.045098737 0.13843744
v 0.10003597 -0.011031866 0.13843744
v 0.100844026 -0.011031866 0.13542996
v 0.100844026 -0.045098737 0.13542996
v 0.100597866 -0.044916794 0.13355698
v 0.100565754 -0.011031866 0.13356768
v 0.099693485 -0.011031866 0.1318927
v 0.09968813 -0.045928195 0.13189806
v 0.099169046 -0.048074096 0.13231547
v 0.10003597 -0.04810621 0.13542996
v 0.09934029 -0.04810621 0.13803609
v 0.097836554 -0.05030562 0.13542996
v 0.097119465 -0.05034308 0.13742067
v 0.0941227 -0.051220708 0.13504465
v 0.09713552 -0.05025211 0.13324662
v 0.0958833 -0.05015579 0.13216563
v 0.0958833 -0.05015579 0.13216563
v 0.09297215 -0.050557137 0.13373359
v 0.09098679 -0.04978119 0.13602932
v 0.0974352 -0.04810621 0.13994117
v 0.09299891 -0.05031097 0.13785414
v 0.090521224 -0.04810621 0.13835181
v 0.09482908 -0.05030562 0.13843744
v 0.097836554 -0.045098737 0.14063685
v 0.10003597 -0.011031866 0.13843744
v 0.097836554 -0.011031866 0.14063685
v 0.09482908 -0.04810621 0.14063685
v 0.09222831 -0.04810621 0.13994117
v 0.08984695 -0.04599242 0.13878529
v 0.09482908 -0.045098737 0.1414449
v 0.097836554 -0.011031866 0.14063685
v 0.09482908 -0.011031866 0.1414449
v 0.092902586 -0.045098737 0.14112918
v 0.092902586 -0.011031866 0.14112918
v 0.09117944 -0.011031866 0.14020874
v 0.0898416 -0.011031866 0.13879062
v 0.09117944 -0.045098737 0.14020874
v -0.11748679 -0.08233362 -0.025063187
v -0.117957726 -0.08522871 -0.028017133
v -0.12772934 -0.08223194 -0.025057822
v -0.12808786 -0.085159145 -0.027920812
v -0.117957726 -0.08522871 -0.028017133
v -0.11748679 -0.08233362 -0.025063187
v -0.09467389 -0.10567632 -0.027985036
v -0.094540104 -0.10317188 -0.02562508
v -0.0943528 -0.102711655 -0.025052473
v -0.09445982 -0.10283474 -0.02524513
v -0.033133045 -0.105724484 -0.09302567
v -0.028059945 -0.105719134 -0.08044458
v -0.02795291 -0.10564421 -0.09463643
v -0.03325078 -0.105719134 -0.07841641
v -0.038976744 -0.105719134 -0.09069782
v 0.03312771 -0.105724484 0.09302564
v 0.028059945 -0.105719134 0.08043386
v 0.027963623 -0.10563886 0.09464176
v 0.033250794 -0.105719134 0.07841639
v 0.03897676 -0.105719134 0.09069781
v -0.025068521 -0.08233362 0.11748679
v -0.028017133 -0.08522871 0.117957726
v -0.025057822 -0.08222659 0.12772934
v -0.027920797 -0.085159145 0.12808786
v -0.10003595 -0.045098737 -0.13843745
v -0.10003595 -0.011031866 -0.13843745
v -0.10084401 -0.011031866 -0.13542998
v -0.10084401 -0.045098737 -0.13542998
v -0.10059784 -0.044916794 -0.13355699
v -0.10056575 -0.011031866 -0.13356769
v -0.09969346 -0.011031866 -0.13189271
v -0.09968813 -0.045928195 -0.13189808
v -0.09916903 -0.048074096 -0.13231547
v -0.10003595 -0.04810621 -0.13542998
v -0.099340275 -0.04810621 -0.1380361
v -0.09783654 -0.05030562 -0.13542998
v -0.097119465 -0.05034308 -0.13742068
v -0.09412269 -0.051220708 -0.13504468
v -0.0971355 -0.05025211 -0.13324662
v -0.095883295 -0.05015579 -0.13216564
v -0.095883295 -0.05015579 -0.13216564
v -0.092972144 -0.050557137 -0.13373359
v -0.09098677 -0.04978119 -0.13602933
v -0.09743519 -0.04810621 -0.13994119
v -0.09299891 -0.05031097 -0.13785416
v -0.0905212 -0.04810621 -0.13835183
v -0.09482907 -0.05030562 -0.13843745
v -0.09783654 -0.045098737 -0.14063686
v -0.10003595 -0.011031866 -0.13843745
v -0.09783654 -0.011031866 -0.14063686
v -0.09482907 -0.04810621 -0.14063686
v -0.09222831 -0.04810621 -0.13994119
v -0.089846924 -0.04599242 -0.13878529
v -0.09482907 -0.045098737 -0.14144492
v -0.09783654 -0.011031866 -0.14063686
v -0.09482907 -0.011031866 -0.14144492
v -0.092902556 -0.045098737 -0.1411292
v -0.092902556 -0.011031866 -0.1411292
v -0.091179416 -0.011031866 -0.14020875
v -0.08984159 -0.011031866 -0.13879064
v -0.091179416 -0.045098737 -0.14020875
v 0.03352371 -0.105724484 -0.09288118
v 0.027985036 -0.10567632 -0.09467389
v 0.028059945 -0.105719134 -0.08044458
v 0.033250794 -0.105719134 -0.07841641
v 0.03897676 -0.105719134 -0.09069782
v -0.09302564 -0.105724484 0.033127695
v -0.08043386 -0.105719134 0.028059945
v -0.09464176 -0.10563886 0.027958259
v -0.07841639 -0.105719134 0.03325078
v -0.09069781 -0.105719134 0.038976744
v -0.033523694 -0.105724484 0.09288116
v -0.027985021 -0.10567632 0.09467389
v -0.028059945 -0.105719134 0.08044456
v -0.03325078 -0.105719134 0.07841639
v -0.038976744 -0.105719134 0.09069781
v -0.09288116 -0.105724484 -0.03352371
v -0.09467389 -0.10567632 -0.027985036
v -0.08044456 -0.105719134 -0.028059945
v -0.07841103 -0.105719134 -0.03324543
v -0.09069781 -0.105719134 -0.03897676
v 0.13216028 -0.050139725 0.09591539
v 0.13231547 -0.048068747 0.099163696
v 0.13330013 -0.05023606 0.09725325
v 0.13542998 -0.04810621 0.10003595
v 0.13542998 -0.05030562 0.09783654
v 0.13355699 -0.044916794 0.10059784
v 0.13189808 -0.045928195 0.09968813
v 0.13189271 -0.011031866 0.09969346
v 0.13356769 -0.011031866 0.10056575
v 0.13542998 -0.011031866 0.10084401
v 0.13542998 -0.045098737 0.10084401
v 0.13843745 -0.045098737 0.10003595
v 0.13843745 -0.011031866 0.10003595
v 0.1380361 -0.04810621 0.099340275
v 0.13772036 -0.05034308 0.09681977
v 0.13502863 -0.051220708 0.09413873
v 0.13330013 -0.05023606 0.09725325
v 0.13216028 -0.050139725 0.09591539
v 0.13373359 -0.050557137 0.09297748
v 0.13603468 -0.04978119 0.09099214
v 0.13770966 -0.050321683 0.09289186
v 0.13835183 -0.04810621 0.0905212
v 0.13843745 -0.05030562 0.09482907
v 0.13994119 -0.04810621 0.09222831
v 0.13878529 -0.04600312 0.089846924
v 0.14063686 -0.04810621 0.09482907
v 0.13994119 -0.04810621 0.09743519
v 0.14020875 -0.045098737 0.091179416
v 0.13879064 -0.011031866 0.08984159
v 0.14020875 -0.011031866 0.091179416
v 0.1411292 -0.011031866 0.092902556
v 0.1411292 -0.045098737 0.092902556
v 0.14144492 -0.045098737 0.09482907
v 0.14144492 -0.011031866 0.09482907
v 0.14063686 -0.045098737 0.09783654
v 0.14063686 -0.011031866 0.09783654
v 0.14063686 -0.011031866 0.09783654
v 0.13843745 -0.011031866 0.10003595
v 0.09302567 -0.105724484 -0.03312771
v 0.080433875 -0.105719134 -0.028059945
v 0.09464178 -0.10563886 -0.027958274
v 0.07841641 -0.105719134 -0.033250794
v 0.09069782 -0.105719134 -0.03897676
v 0.09287583 -0.105724484 0.033523694
v 0.09468459 -0.105670966 0.027990371
v 0.08044458 -0.105719134 0.028059945
v 0.07841106 -0.105719134 0.03324543
v 0.09069782 -0.105719134 0.038976744
v 0.117486805 -0.08233362 0.025063172
v 0.117957726 -0.08522871 0.028017133
v 0.12772934 -0.08222659 0.025057822
v 0.12808788 -0.085159145 0.027920797
v 0.117957726 -0.08522871 0.028017133
v 0.117486805 -0.08233362 0.025063172
v 0.09468459 -0.105670966 0.027990371
v 0.094540104 -0.10317188 0.025625065
v 0.094352804 -0.102711655 0.025052458
v 0.09445983 -0.10283474 0.025245115
v 0.118048705 -0.07884987 0.016051441
v 0.12617745 -0.080235876 0.009565577
v 0.12481284 -0.07983452 0.008939475
v 0.12868723 -0.08023053 -0.0009926856
v 0.12675539 -0.07983452 2.6673079E-06
v 0.12468976 -0.07983452 -0.009437159
v 0.1246202 -0.080235876 -0.012792468
v 0.11733697 -0.0799362 -0.018459588
v 0.11757243 -0.080235876 -0.019936562
v 0.11665735 -0.080235876 -0.025052473
v 0.12688383 -0.080235876 -0.025052473
v 0.12905648 -0.080235876 -0.008398995
v 0.12905648 -0.080235876 0.00839898
v 0.12688383 -0.080235876 0.025052458
v 0.11759919 -0.08021982 0.01963687
v 0.11665735 -0.080235876 0.025047109
v 0.117909566 -0.080005765 0.017876267
v 0.09591541 -0.050139725 -0.13216028
v 0.099163696 -0.048068747 -0.13231547
v 0.097253256 -0.05023606 -0.13330013
v 0.10003597 -0.04810621 -0.13542998
v 0.097836554 -0.05030562 -0.13542998
v 0.100597866 -0.044916794 -0.13355699
v 0.09968813 -0.045928195 -0.13189808
v 0.099693485 -0.011031866 -0.13189271
v 0.100565754 -0.011031866 -0.13356769
v 0.100844026 -0.011031866 -0.13542998
v 0.100844026 -0.045098737 -0.13542998
v 0.10003597 -0.045098737 -0.13843745
v 0.10003597 -0.011031866 -0.13843745
v 0.09934029 -0.04810621 -0.1380361
v 0.096819796 -0.05034308 -0.13772036
v 0.09413875 -0.051220708 -0.13502863
v 0.097253256 -0.05023606 -0.13330013
v 0.09591541 -0.050139725 -0.13216028
v 0.0929775 -0.050557137 -0.13373359
v 0.090992145 -0.04978119 -0.13603468
v 0.09289188 -0.050321683 -0.13770966
v 0.090521224 -0.04810621 -0.13835183
v 0.09482908 -0.05030562 -0.13843745
v 0.09222831 -0.04810621 -0.13994119
v 0.08984695 -0.04600312 -0.13878529
v 0.09482908 -0.04810621 -0.14063686
v 0.0974352 -0.04810621 -0.13994119
v 0.09117944 -0.045098737 -0.14020875
v 0.0898416 -0.011031866 -0.13879064
v 0.09117944 -0.011031866 -0.14020875
v 0.092902586 -0.011031866 -0.1411292
v 0.092902586 -0.045098737 -0.1411292
v 0.09482908 -0.045098737 -0.14144492
v 0.09482908 -0.011031866 -0.14144492
v 0.097836554 -0.045098737 -0.14063686
v 0.097836554 -0.011031866 -0.14063686
v 0.097836554 -0.011031866 -0.14063686
v 0.10003597 -0.011031866 -0.13843745
v -0.13216026 -0.050139725 -0.09591541
v -0.13231547 -0.048068747 -0.099163696
v -0.13330011 -0.05023606 -0.097253256
v -0.13542996 -0.04810621 -0.10003597
v -0.13542996 -0.05030562 -0.097836554
v -0.13355698 -0.044916794 -0.100597866
v -0.13189806 -0.045928195 -0.09968813
v -0.1318927 -0.011031866 -0.099693485
v -0.13356768 -0.011031866 -0.100565754
v -0.13542996 -0.011031866 -0.100844026
v -0.13542996 -0.045098737 -0.100844026
v -0.13843744 -0.045098737 -0.10003597
v -0.13843744 -0.011031866 -0.10003597
v -0.13803609 -0.04810621 -0.09934029
v -0.13772036 -0.05034308 -0.096819796
v -0.13502862 -0.051220708 -0.09413875
v -0.13330011 -0.05023606 -0.097253256
v -0.13216026 -0.050139725 -0.09591541
v -0.13373359 -0.050557137 -0.0929775
v -0.13603468 -0.04978119 -0.090992145
v -0.13770966 -0.050321683 -0.09289188
v -0.13835181 -0.04810621 -0.090521224
v -0.13843744 -0.05030562 -0.09482908
v -0.13994117 -0.04810621 -0.09222831
v -0.13878529 -0.04600312 -0.08984695
v -0.14063685 -0.04810621 -0.09482908
v -0.13994117 -0.04810621 -0.0974352
v -0.14020874 -0.045098737 -0.09117944
v -0.13879062 -0.011031866 -0.0898416
v -0.14020874 -0.011031866 -0.09117944
v -0.14112918 -0.011031866 -0.092902586
v -0.14112918 -0.045098737 -0.092902586
v -0.1414449 -0.045098737 -0.09482908
v -0.1414449 -0.011031866 -0.09482908
v -0.14063685 -0.045098737 -0.097836554
v -0.14063685 -0.011031866 -0.097836554
v -0.14063685 -0.011031866 -0.097836554
v -0.13843744 -0.011031866 -0.10003597
v -0.09591539 -0.050139725 0.13216026
v -0.099163696 -0.048068747 0.13231547
v -0.09725325 -0.05023606 0.13330011
v -0.10003595 -0.04810621 0.13542996
v -0.09783654 -0.05030562 0.13542996
v -0.10059784 -0.044916794 0.13355698
v -0.09968813 -0.045928195 0.13189806
v -0.09969346 -0.011031866 0.1318927
v -0.10056575 -0.011031866 0.13356768
v -0.10084401 -0.011031866 0.13542996
v -0.10084401 -0.045098737 0.13542996
v -0.10003595 -0.045098737 0.13843744
v -0.10003595 -0.011031866 0.13843744
v -0.099340275 -0.04810621 0.13803609
v -0.09681977 -0.05034308 0.13772036
v -0.09413873 -0.051220708 0.13502862
v -0.09725325 -0.05023606 0.13330011
v -0.09591539 -0.050139725 0.13216026
v -0.09297748 -0.050557137 0.13373359
v -0.09099214 -0.04978119 0.13603468
v -0.09289186 -0.050321683 0.13770966
v -0.0905212 -0.04810621 0.13835181
v -0.09482907 -0.05030562 0.13843744
v -0.09222831 -0.04810621 0.13994117
v -0.089846924 -0.04600312 0.13878529
v -0.09482907 -0.04810621 0.14063685
v -0.09743519 -0.04810621 0.13994117
v -0.091179416 -0.045098737 0.14020874
v -0.08984159 -0.011031866 0.13879062
v -0.091179416 -0.011031866 0.14020874
v -0.092902556 -0.011031866 0.14112918
v -0.092902556 -0.045098737 0.14112918
v -0.09482907 -0.045098737 0.1414449
v -0.09482907 -0.011031866 0.1414449
v -0.09783654 -0.045098737 0.14063685
v -0.09783654 -0.011031866 0.14063685
v -0.09783654 -0.011031866 0.14063685
v -0.10003595 -0.011031866 0.13843744
v 0.08627758 -0.011031866 -0.14104357
v 0.0826654 -0.011031866 -0.14317876
v 0.0826654 -0.04810621 -0.14317876
v 0.08676455 -0.04810621 -0.1407439
v 0.08984695 -0.04600312 -0.13878529
v 0.0898416 -0.011031866 -0.13879064
v 0.090521224 -0.04810621 -0.13835183
v 0.14104357 -0.011031866 0.08627756
v 0.14317876 -0.011031866 0.0826654
v 0.14317876 -0.04810621 0.0826654
v 0.1407439 -0.04810621 0.08676453
v 0.13878529 -0.04600312 0.089846924
v 0.13879064 -0.011031866 0.08984159
v 0.13835183 -0.04810621 0.0905212
v -0.14104356 -0.011031866 -0.08627758
v -0.14317875 -0.011031866 -0.0826654
v -0.14317875 -0.04810621 -0.0826654
v -0.14074387 -0.04810621 -0.08676455
v -0.13878529 -0.04600312 -0.08984695
v -0.13879062 -0.011031866 -0.0898416
v -0.13835181 -0.04810621 -0.090521224
v -0.08627756 -0.011031866 0.14104356
v -0.0826654 -0.011031866 0.14317875
v -0.0826654 -0.04810621 0.14317875
v -0.08676453 -0.04810621 0.14074387
v -0.089846924 -0.04600312 0.13878529
v -0.08984159 -0.011031866 0.13879062
v -0.0905212 -0.04810621 0.13835181
v 0.08140247 -0.102711655 0.025052458
v 0.09468459 -0.105670966 0.027990371
v 0.094352804 -0.102711655 0.025052458
v 0.08044458 -0.105719134 0.028059945
v -0.12810393 -0.08519125 0.027968958
v -0.12779354 -0.08233362 0.025196955
v -0.13981809 -0.07494336 0.028033182
v -0.13556375 -0.075226985 0.025052458
v -0.13981809 -0.07494336 -0.028033197
v -0.12772934 -0.08223194 -0.025057822
v -0.12808786 -0.085159145 -0.027920812
v -0.13556375 -0.075226985 -0.025052473
v 0.09478627 -0.08159512 -0.07007896
v 0.10026073 -0.08160583 -0.061843194
v 0.09649871 -0.07754413 -0.06756917
v 0.09649871 -0.07496477 -0.06756917
v 0.10026073 -0.07496477 -0.061843194
v 0.10369096 -0.08160583 -0.055908516
v 0.10369096 -0.07496477 -0.055908516
v 0.10676265 -0.08160583 -0.049786538
v 0.10676265 -0.07496477 -0.049786538
v 0.09882656 -0.07496477 -0.069195986
v 0.10073165 -0.07496477 -0.07420488
v 0.09478627 -0.08159512 -0.07007896
v 0.09649871 -0.07754413 -0.06756917
v -0.09478624 -0.08159512 0.070078954
v -0.10026072 -0.08160583 0.061843187
v -0.09649868 -0.07754413 0.06756915
v -0.09649868 -0.07496477 0.06756915
v -0.10026072 -0.07496477 0.061843187
v -0.10369094 -0.08160583 0.0559085
v -0.10369094 -0.07496477 0.0559085
v -0.10676263 -0.08160583 0.049786523
v -0.10676263 -0.07496477 0.049786523
v -0.09882654 -0.07496477 0.06919597
v -0.100731626 -0.07496477 0.07420486
v -0.09478624 -0.08159512 0.070078954
v -0.09649868 -0.07754413 0.06756915
v 0.028033197 -0.07494336 -0.1398181
v 0.025057822 -0.08222659 -0.12772934
v 0.027920812 -0.085159145 -0.12808788
v 0.025052473 -0.075226985 -0.13556376
v 0.008398995 -0.080235876 -0.12905648
v 0.025052473 -0.080235876 -0.12688383
v 0.025052473 -0.075226985 -0.13249743
v 0.008393645 -0.075226985 -0.13458446
v -0.00839363 -0.075226985 -0.13458446
v -0.00839898 -0.080235876 -0.12905648
v -0.025052458 -0.075226985 -0.13249743
v -0.025052458 -0.080235876 -0.12688383
v -0.08044456 -0.105719134 -0.028059945
v -0.09467389 -0.10567632 -0.027985036
v -0.0943528 -0.102711655 -0.025052473
v -0.081402466 -0.102711655 -0.025052473
v 0.07007896 -0.08159512 0.09478624
v 0.061843194 -0.08160583 0.10026072
v 0.06756917 -0.07754413 0.09649868
v 0.06756917 -0.07496477 0.09649868
v 0.061843194 -0.07496477 0.10026072
v 0.055908516 -0.08160583 0.10369094
v 0.055908516 -0.07496477 0.10369094
v 0.049786538 -0.08160583 0.10676263
v 0.049786538 -0.07496477 0.10676263
v 0.069195986 -0.07496477 0.09882654
v 0.07420488 -0.07496477 0.100731626
v 0.07007896 -0.08159512 0.09478624
v 0.06756917 -0.07754413 0.09649868
v -0.070078954 -0.08159512 -0.09478627
v -0.061843187 -0.08160583 -0.10026073
v -0.06756915 -0.07754413 -0.09649871
v -0.06756915 -0.07496477 -0.09649871
v -0.061843187 -0.07496477 -0.10026073
v -0.0559085 -0.08160583 -0.10369096
v -0.0559085 -0.07496477 -0.10369096
v -0.049786523 -0.08160583 -0.10676265
v -0.049786523 -0.07496477 -0.10676265
v -0.06919597 -0.07496477 -0.09882656
v -0.07420486 -0.07496477 -0.10073165
v -0.070078954 -0.08159512 -0.09478627
v -0.06756915 -0.07754413 -0.09649871
v 0.070062906 -0.08154161 -0.094823726
v 0.07420488 -0.07496477 -0.10073165
v 0.069195986 -0.07496477 -0.09882656
v 0.06756917 -0.07754413 -0.09649871
v -0.028033182 -0.07494336 0.13981809
v -0.025057822 -0.08222659 0.12772934
v -0.027920797 -0.085159145 0.12808786
v -0.025052458 -0.075226985 0.13556375
v -0.00839898 -0.080235876 0.12905647
v -0.025052458 -0.080235876 0.12688382
v -0.025052458 -0.075226985 0.13249741
v -0.00839363 -0.075226985 0.13458444
v 0.008393645 -0.075226985 0.13458444
v 0.008398995 -0.080235876 0.12905647
v 0.025052473 -0.075226985 0.13249741
v 0.025052473 -0.080235876 0.12688382
v -0.07006289 -0.08154161 0.0948237
v -0.07420486 -0.07496477 0.100731626
v -0.06919597 -0.07496477 0.09882654
v -0.06756915 -0.07754413 0.09649868
v -0.027958259 -0.0851966 -0.12810394
v -0.025255814 -0.08241388 -0.1277775
v -0.028033182 -0.07494336 -0.1398181
v -0.025052458 -0.075226985 -0.13556376
v -0.0948237 -0.08154161 -0.070062906
v -0.100731626 -0.07496477 -0.07420488
v -0.09882654 -0.07496477 -0.069195986
v -0.09649868 -0.07754413 -0.06756917
v 0.027963623 -0.0851966 0.12810393
v 0.025202319 -0.08236572 0.12775607
v 0.028033197 -0.07494336 0.13981809
v 0.025052473 -0.075226985 0.13556375
v 0.094823726 -0.08154161 0.07006289
v 0.10073165 -0.07496477 0.07420486
v 0.09882656 -0.07496477 0.06919597
v 0.09649871 -0.07754413 0.06756915
v -0.12905647 -0.080235876 -0.008398995
v -0.12688382 -0.080235876 -0.025052473
v -0.13249741 -0.075226985 -0.025052473
v -0.13458444 -0.075226985 -0.008393645
v -0.13458444 -0.075226985 0.00839363
v -0.12905647 -0.080235876 0.00839898
v -0.13249741 -0.075226985 0.025052458
v -0.12688382 -0.080235876 0.025052458
v 0.1398181 -0.07494336 0.028033182
v 0.12772934 -0.08222659 0.025057822
v 0.12808788 -0.085159145 0.027920797
v 0.13556376 -0.075226985 0.025052458
v 0.12810394 -0.0851966 -0.027958274
v 0.12776145 -0.08236572 -0.025202319
v 0.1398181 -0.07494336 -0.028033197
v 0.13556376 -0.075226985 -0.025052473
v 0.08618125 -0.011031866 -0.14927399
v 0.110781536 -0.011031866 -0.1320265
v 0.086844824 -0.009624451 -0.15059042
v 0.11271338 -0.0080243945 -0.13432759
v 0.08767429 -0.0080243945 -0.1518587
v 0.13432759 -0.0080243945 -0.11271338
v 0.1320265 -0.011031866 -0.110781536
v 0.15053691 -0.009683326 -0.08681807
v 0.14927399 -0.011031866 -0.08618125
v 0.15182124 -0.0079922825 -0.08772245
v 0.15123793 -0.010919496 -0.08571033
v 0.15053691 -0.009683326 -0.08681807
v 0.14927399 -0.011031866 -0.08618125
v 0.15144664 -0.010041863 -0.08630434
v 0.15263465 -0.009592354 -0.086315036
v 0.15334104 -0.011031866 -0.08505747
v 0.15182124 -0.0079922825 -0.08772245
v 0.15190686 -0.009838507 -0.08633109
v 0.14927399 -0.011031866 -0.08618125
v 0.14925793 -0.04485257 -0.086170554
v 0.15123793 -0.010919496 -0.08571033
v 0.15334104 -0.011031866 -0.08505747
v 0.15334104 -0.04609944 -0.08505747
v 0.10073165 -0.07496477 0.07420486
v 0.094823726 -0.08154161 0.07006289
v 0.09279556 -0.07496477 0.08392297
v 0.080241226 -0.09570135 0.06344859
v 0.10026073 -0.08160583 0.061843187
v 0.083922975 -0.07496477 0.092795536
v 0.092709936 -0.09570135 0.043231085
v 0.10369096 -0.08160583 0.0559085
v 0.10676265 -0.08160583 0.049786523
v 0.06344861 -0.09570135 0.08024122
v 0.07420488 -0.07496477 0.100731626
v 0.07007896 -0.08159512 0.09478624
v 0.061843194 -0.08160583 0.10026072
v 0.0432311 -0.09570135 0.092709914
v 0.055908516 -0.08160583 0.10369094
v 0.049786538 -0.08160583 0.10676263
v 0.07420488 -0.07496477 -0.10073165
v 0.070062906 -0.08154161 -0.094823726
v 0.083922975 -0.07496477 -0.09279556
v 0.06344861 -0.09570135 -0.080241226
v 0.061843194 -0.08160583 -0.10026073
v 0.09279556 -0.07496477 -0.083922975
v 0.0432311 -0.09570135 -0.092709936
v 0.055908516 -0.08160583 -0.10369096
v 0.049786538 -0.08160583 -0.10676265
v 0.080241226 -0.09570135 -0.06344861
v 0.10073165 -0.07496477 -0.07420488
v 0.09478627 -0.08159512 -0.07007896
v 0.10026073 -0.08160583 -0.061843194
v 0.092709936 -0.09570135 -0.0432311
v 0.10369096 -0.08160583 -0.055908516
v 0.10676265 -0.08160583 -0.049786538
v -0.07420486 -0.07496477 0.100731626
v -0.07006289 -0.08154161 0.0948237
v -0.08392297 -0.07496477 0.092795536
v -0.06344859 -0.09570135 0.08024122
v -0.061843187 -0.08160583 0.10026072
v -0.092795536 -0.07496477 0.08392297
v -0.043231085 -0.09570135 0.092709914
v -0.0559085 -0.08160583 0.10369094
v -0.049786523 -0.08160583 0.10676263
v -0.08024122 -0.09570135 0.06344859
v -0.100731626 -0.07496477 0.07420486
v -0.09478624 -0.08159512 0.070078954
v -0.10026072 -0.08160583 0.061843187
v -0.092709914 -0.09570135 0.043231085
v -0.10369094 -0.08160583 0.0559085
v -0.10676263 -0.08160583 0.049786523
v -0.100731626 -0.07496477 -0.07420488
v -0.0948237 -0.08154161 -0.070062906
v -0.092795536 -0.07496477 -0.083922975
v -0.08024122 -0.09570135 -0.06344861
v -0.10026072 -0.08160583 -0.061843194
v -0.08392297 -0.07496477 -0.09279556
v -0.092709914 -0.09570135 -0.0432311
v -0.10369094 -0.08160583 -0.055908516
v -0.10676263 -0.08160583 -0.049786538
v -0.06344859 -0.09570135 -0.080241226
v -0.07420486 -0.07496477 -0.10073165
v -0.070078954 -0.08159512 -0.09478627
v -0.061843187 -0.08160583 -0.10026073
v -0.043231085 -0.09570135 -0.092709936
v -0.0559085 -0.08160583 -0.10369096
v -0.049786523 -0.08160583 -0.10676265
v 0.08618125 -0.011031866 -0.14927399
v 0.086844824 -0.009624451 -0.15059042
v 0.08571033 -0.010924846 -0.1512433
v 0.08630434 -0.010041863 -0.15144664
v 0.08630969 -0.009597704 -0.15264
v 0.08505747 -0.011031866 -0.15334104
v 0.08767429 -0.0080243945 -0.1518587
v 0.08633109 -0.009838507 -0.15190686
v 0.086170554 -0.04485257 -0.14925793
v 0.08618125 -0.011031866 -0.14927399
v 0.08571033 -0.010924846 -0.1512433
v 0.08505747 -0.011031866 -0.15334104
v 0.08505747 -0.04609944 -0.15334104
v 0.14900106 -0.05110833 0.082553014
v 0.15334104 -0.04609944 0.08505745
v 0.1654512 -0.04609944 0.058086514
v 0.16492142 -0.05110833 0.04263173
v 0.17285751 -0.04609944 0.029461995
v 0.17034236 -0.05110833 2.6673079E-06
v 0.17535125 -0.04609944 2.6673079E-06
v 0.17285751 -0.04609944 -0.02946201
v 0.16492142 -0.05110833 -0.042631745
v 0.1654512 -0.04609944 -0.05808653
v 0.14900106 -0.05110833 -0.08255302
v 0.15334104 -0.04609944 -0.08505747
v 0.15334104 -0.04609944 0.08505745
v 0.14900106 -0.05110833 0.082553014
v 0.14644311 -0.04810621 0.084549084
v 0.14925793 -0.04485257 0.08617054
v 0.14900106 -0.05110833 0.082553014
v 0.14468251 -0.05110833 0.08006461
v 0.14644311 -0.04810621 0.084549084
v 0.14317876 -0.04810621 0.0826654
v -0.082553014 -0.05110833 0.14900105
v -0.08505745 -0.04609944 0.15334101
v -0.058086514 -0.04609944 0.16545118
v -0.04263173 -0.05110833 0.16492139
v -0.029461995 -0.04609944 0.17285748
v -2.6673079E-06 -0.05110833 0.17034234
v -2.6673079E-06 -0.04609944 0.17535125
v 0.02946201 -0.04609944 0.17285748
v 0.042631745 -0.05110833 0.16492139
v 0.05808653 -0.04609944 0.16545118
v 0.08255302 -0.05110833 0.14900105
v 0.08505747 -0.04609944 0.15334101
v -0.14900105 -0.05110833 -0.08255302
v -0.15334101 -0.04609944 -0.08505747
v -0.16545118 -0.04609944 -0.05808653
v -0.16492139 -0.05110833 -0.042631745
v -0.17285748 -0.04609944 -0.02946201
v -0.17034234 -0.05110833 2.6673079E-06
v -0.17535125 -0.04609944 2.6673079E-06
v -0.17285748 -0.04609944 0.029461995
v -0.16492139 -0.05110833 0.04263173
v -0.16545118 -0.04609944 0.058086514
v -0.14900105 -0.05110833 0.082553014
v -0.15334101 -0.04609944 0.08505745
v 0.08255302 -0.05110833 -0.14900106
v 0.08505747 -0.04609944 -0.15334104
v 0.05808653 -0.04609944 -0.1654512
v 0.042631745 -0.05110833 -0.16492142
v 0.02946201 -0.04609944 -0.17285751
v -2.6673079E-06 -0.05110833 -0.17034236
v -2.6673079E-06 -0.04609944 -0.17535125
v -0.029461995 -0.04609944 -0.17285751
v -0.04263173 -0.05110833 -0.16492142
v -0.058086514 -0.04609944 -0.1654512
v -0.082553014 -0.05110833 -0.14900106
v -0.08505745 -0.04609944 -0.15334104
v -0.15334101 -0.04609944 -0.08505747
v -0.14900105 -0.05110833 -0.08255302
v -0.14644308 -0.04810621 -0.084549084
v -0.14925791 -0.04485257 -0.086170554
v -0.14900105 -0.05110833 -0.08255302
v -0.14468248 -0.05110833 -0.08006463
v -0.14644308 -0.04810621 -0.084549084
v -0.14317875 -0.04810621 -0.0826654
v -0.08505745 -0.04609944 0.15334101
v -0.082553014 -0.05110833 0.14900105
v -0.084549084 -0.04810621 0.14644308
v -0.08617054 -0.04485257 0.14925791
v -0.082553014 -0.05110833 0.14900105
v -0.08006461 -0.05110833 0.14468248
v -0.084549084 -0.04810621 0.14644308
v -0.0826654 -0.04810621 0.14317875
v 0.08505747 -0.04609944 -0.15334104
v 0.08255302 -0.05110833 -0.14900106
v 0.084549084 -0.04810621 -0.14644311
v 0.086170554 -0.04485257 -0.14925793
v 0.08255302 -0.05110833 -0.14900106
v 0.08006463 -0.05110833 -0.14468251
v 0.084549084 -0.04810621 -0.14644311
v 0.0826654 -0.04810621 -0.14317876
v 0.08255302 -0.05110833 0.14900105
v 0.084549084 -0.04810621 0.14644308
v 0.08006463 -0.05110833 0.14468248
v 0.0826654 -0.04810621 0.14317875
v 0.084549084 -0.04810621 0.14644308
v 0.08255302 -0.05110833 0.14900105
v 0.08505747 -0.04609944 0.15334101
v 0.086170554 -0.04485257 0.14925791
v -0.14900105 -0.05110833 0.082553014
v -0.14644308 -0.04810621 0.084549084
v -0.14468248 -0.05110833 0.08006461
v -0.14317875 -0.04810621 0.0826654
v -0.14644308 -0.04810621 0.084549084
v -0.14900105 -0.05110833 0.082553014
v -0.15334101 -0.04609944 0.08505745
v -0.14925791 -0.04485257 0.08617054
v -0.082553014 -0.05110833 -0.14900106
v -0.084549084 -0.04810621 -0.14644311
v -0.08006461 -0.05110833 -0.14468251
v -0.0826654 -0.04810621 -0.14317876
v -0.084549084 -0.04810621 -0.14644311
v -0.082553014 -0.05110833 -0.14900106
v -0.08505745 -0.04609944 -0.15334104
v -0.08617054 -0.04485257 -0.14925793
v 0.14644311 -0.04810621 -0.084549084
v 0.14900106 -0.05110833 -0.08255302
v 0.15334104 -0.04609944 -0.08505747
v 0.14925793 -0.04485257 -0.086170554
v 0.14900106 -0.05110833 -0.08255302
v 0.14644311 -0.04810621 -0.084549084
v 0.14468251 -0.05110833 -0.08006463
v 0.14317876 -0.04810621 -0.0826654
v 0.12905648 -0.080235876 0.00839898
v 0.12688383 -0.080235876 0.025052458
v 0.13249743 -0.075226985 0.025052458
v 0.13458446 -0.075226985 0.00839363
v 0.13458446 -0.075226985 -0.008393645
v 0.12905648 -0.080235876 -0.008398995
v 0.13249743 -0.075226985 -0.025052473
v 0.12688383 -0.080235876 -0.025052473
v 0.12020531 -0.08524477 -0.05273515
v 0.13047996 -0.07494871 -0.057529986
v 0.1251714 -0.07496477 -0.05837015
v 0.117914915 -0.08223729 -0.05498273
v 0.11113472 -0.08524477 -0.048507556
v 0.108780116 -0.08233897 -0.05072303
v 0.08841278 -0.102711655 -0.041229695
v 0.09069782 -0.105719134 -0.03897676
v 0.07841641 -0.105719134 -0.033250794
v 0.07719094 -0.102711655 -0.03599605
v -0.052735135 -0.08524477 -0.12020531
v -0.05752997 -0.07494871 -0.13047996
v -0.058370143 -0.07496477 -0.1251714
v -0.05498272 -0.08223729 -0.117914915
v -0.04850754 -0.08524477 -0.11113472
v -0.050723016 -0.08233897 -0.108780116
v -0.04122968 -0.102711655 -0.08841278
v -0.038976744 -0.105719134 -0.09069782
v -0.03325078 -0.105719134 -0.07841641
v -0.035996035 -0.102711655 -0.07719094
v 0.05273515 -0.08524477 0.1202053
v 0.057529986 -0.07494871 0.13047995
v 0.05837015 -0.07496477 0.12517138
v 0.05498273 -0.08223729 0.1179149
v 0.048507556 -0.08524477 0.11113472
v 0.05072303 -0.08233897 0.1087801
v 0.041229695 -0.102711655 0.08841278
v 0.03897676 -0.105719134 0.09069781
v 0.033250794 -0.105719134 0.07841639
v 0.03599605 -0.102711655 0.07719092
v -0.1202053 -0.08524477 0.052735135
v -0.13047995 -0.07494871 0.05752997
v -0.12517138 -0.07496477 0.058370143
v -0.1179149 -0.08223729 0.05498272
v -0.11113472 -0.08524477 0.04850754
v -0.1087801 -0.08233897 0.050723016
v -0.08841278 -0.102711655 0.04122968
v -0.09069781 -0.105719134 0.038976744
v -0.07841639 -0.105719134 0.03325078
v -0.07719092 -0.102711655 0.035996035
v -0.12517138 -0.07496477 -0.05837015
v -0.13047995 -0.07494871 -0.057529986
v -0.1202053 -0.08524477 -0.05273515
v -0.1179149 -0.08223729 -0.05498273
v -0.11113472 -0.08524477 -0.048507556
v -0.1087801 -0.08233897 -0.05072303
v -0.08841278 -0.102711655 -0.041229695
v -0.09069781 -0.105719134 -0.03897676
v -0.07841103 -0.105719134 -0.03324543
v -0.077196285 -0.102711655 -0.03599605
v -0.058370143 -0.07496477 0.12517138
v -0.05752997 -0.07494871 0.13047995
v -0.052735135 -0.08524477 0.1202053
v -0.05498272 -0.08223729 0.1179149
v -0.04850754 -0.08524477 0.11113472
v -0.050723016 -0.08233897 0.1087801
v -0.04122968 -0.102711655 0.08841278
v -0.038976744 -0.105719134 0.09069781
v -0.03325078 -0.105719134 0.07841639
v -0.035996035 -0.102711655 0.07719092
v 0.05837015 -0.07496477 -0.1251714
v 0.057529986 -0.07494871 -0.13047996
v 0.05273515 -0.08524477 -0.12020531
v 0.05498273 -0.08223729 -0.117914915
v 0.048507556 -0.08524477 -0.11113472
v 0.05072303 -0.08233897 -0.108780116
v 0.041229695 -0.102711655 -0.08841278
v 0.03897676 -0.105719134 -0.09069782
v 0.033250794 -0.105719134 -0.07841641
v 0.03599605 -0.102711655 -0.07719094
v 0.1251714 -0.07496477 0.058370143
v 0.13047996 -0.07494871 0.05752997
v 0.12020531 -0.08524477 0.052735135
v 0.117914915 -0.08223729 0.05498272
v 0.11113472 -0.08524477 0.04850754
v 0.108780116 -0.08233897 0.050723016
v 0.08841278 -0.102711655 0.04122968
v 0.09069782 -0.105719134 0.038976744
v 0.07841106 -0.105719134 0.03324543
v 0.07719629 -0.102711655 0.035996035
v 0.118048705 -0.07884987 0.016051441
v 0.117909566 -0.080005765 0.017876267
v 0.12617745 -0.080235876 0.009565577
v 0.117283456 -0.07802041 0.016581237
v 0.12481284 -0.07983452 0.008939475
v 0.11759919 -0.08021982 0.01963687
v 0.023008257 -0.13884416 0.055544615
v 0.037232205 -0.1403479 0.04668808
v 0.013290152 -0.1403479 0.058220297
v 0.013043985 -0.14144492 0.05715002
v -2.6673079E-06 -0.14094189 0.059269175
v -2.6673079E-06 -0.1399733 0.059900627
v -2.6673079E-06 -0.14159477 0.058321968
v 0.022317931 -0.14159477 0.053880334
v -0.025908679 -0.1403479 0.05380541
v -0.025432408 -0.14144492 0.052810058
v -0.04582651 -0.14144492 0.03654723
v -0.022317916 -0.14159477 0.053880334
v -0.04668808 -0.1403479 0.03723219
v -0.053880334 -0.14159477 0.022317916
v -0.04251401 -0.13884416 0.04251401
v -0.023008242 -0.13884416 0.055544615
v -2.6673079E-06 -0.13884416 0.06012003
v 0.023008257 -0.13884416 0.055544615
v -2.6673079E-06 -0.12876752 0.06012003
v -0.023008242 -0.12876752 0.055544615
v 0.023008257 -0.12876752 0.055544615
v -0.04251401 -0.12876752 0.04251401
v 0.042514026 -0.13884416 0.04251401
v 0.037232205 -0.1403479 0.04668808
v 0.042514026 -0.12876752 0.04251401
v -0.04251401 -0.13884416 0.04251401
v -0.025908679 -0.1403479 0.05380541
v -0.055544615 -0.12876752 0.023008242
v 0.055544622 -0.13884416 0.023008242
v 0.053805426 -0.1403479 0.025908679
v 0.055544622 -0.12876752 0.023008242
v 0.060120046 -0.12876752 2.6673079E-06
v -0.055544615 -0.13884416 0.023008242
v -0.04668808 -0.1403479 0.03723219
v -0.06012003 -0.12876752 2.6673079E-06
v -0.06012003 -0.13884416 2.6673079E-06
v -0.059900627 -0.1399733 2.6673079E-06
v -0.055544615 -0.13884416 -0.023008257
v -0.055544615 -0.12876752 -0.023008257
v -0.04251401 -0.12876752 -0.042514026
v -0.04251401 -0.13884416 -0.042514026
v -0.05380541 -0.1403479 -0.025908694
v -0.023008242 -0.12876752 -0.055544622
v -0.05380541 -0.1403479 -0.025908694
v -0.023008242 -0.13884416 -0.055544622
v -0.03723219 -0.1403479 -0.046688095
v -2.6673079E-06 -0.12876752 -0.060120046
v -2.6673079E-06 -0.13884416 -0.060120046
v -2.6673079E-06 -0.1399733 -0.05990064
v 0.023008257 -0.13884416 -0.055544622
v 0.023008257 -0.12876752 -0.055544622
v 0.042514026 -0.12876752 -0.042514026
v 0.042514026 -0.13884416 -0.042514026
v 0.025908694 -0.1403479 -0.053805426
v 0.055544622 -0.12876752 -0.023008257
v 0.025908694 -0.1403479 -0.053805426
v 0.055544622 -0.13884416 -0.023008257
v 0.046688095 -0.1403479 -0.037232205
v 0.060120046 -0.13884416 2.6673079E-06
v 0.05990064 -0.1399733 2.6673079E-06
v 0.053805426 -0.1403479 0.025908679
v -2.6673079E-06 -0.14094189 -0.059269182
v -0.013290137 -0.1403479 -0.058220312
v 0.059269182 -0.14094189 2.6673079E-06
v 0.058220312 -0.1403479 -0.013290152
v 0.025432423 -0.14144492 -0.052810065
v 0.045826524 -0.14144492 -0.03654723
v 0.046688095 -0.1403479 -0.037232205
v 0.042514026 -0.13884416 -0.042514026
v 0.05388034 -0.14159477 -0.022317931
v 0.052810065 -0.14144492 0.025432408
v 0.03654723 -0.14144492 0.04582651
v 0.037232205 -0.1403479 0.04668808
v 0.022317931 -0.14159477 0.053880334
v 0.042514026 -0.13884416 0.04251401
v 0.057150036 -0.14144492 -0.013043985
v 0.046688095 -0.1403479 -0.037232205
v 0.055544622 -0.13884416 -0.023008257
v 0.05832199 -0.14159477 2.6673079E-06
v 0.05388034 -0.14159477 -0.022317931
v 0.05388034 -0.14159477 0.022317916
v 0.040517956 -0.14793079 -0.005824983
v 0.039276436 -0.14793079 0.011534885
v 0.03950654 -0.14834285 2.6673079E-06
v 0.019941911 -0.15244201 2.6673079E-06
v -2.6673079E-06 -0.15381731 2.6673079E-06
v -2.6673079E-06 -0.15381731 2.6673079E-06
v 0.03443344 -0.14793079 0.022130609
v 0.041240394 -0.14159477 0.04124038
v 0.052810065 -0.14144492 0.025432408
v 0.026807725 -0.14793079 0.030933633
v 0.03654723 -0.14144492 0.04582651
v 0.017004013 -0.14793079 0.03723219
v 0.005824983 -0.14793079 0.04051794
v -2.6673079E-06 -0.15244201 0.019941896
v -2.6673079E-06 -0.14834285 0.03950654
v -0.011534885 -0.14793079 0.03927642
v -2.6673079E-06 -0.15381731 2.6673079E-06
v -0.022130609 -0.14793079 0.034433424
v -0.04124038 -0.14159477 0.04124038
v -0.025432408 -0.14144492 0.052810058
v -0.030933633 -0.14793079 0.02680771
v -0.053880334 -0.14159477 0.022317916
v -0.04582651 -0.14144492 0.03654723
v -0.03723219 -0.14793079 0.017003998
v -0.04051794 -0.14793079 0.005824968
v -0.019941896 -0.15244201 2.6673079E-06
v -0.058321968 -0.14159477 2.6673079E-06
v -0.05715002 -0.14144492 0.01304397
v -0.03950654 -0.14834285 2.6673079E-06
v -0.03927642 -0.14793079 -0.01152955
v -2.6673079E-06 -0.15381731 2.6673079E-06
v -0.059269175 -0.14094189 2.6673079E-06
v -0.053880334 -0.14159477 -0.022317931
v -0.034433424 -0.14793079 -0.022130623
v -0.04124038 -0.14159477 -0.041240394
v -0.052810058 -0.14144492 -0.025432423
v -0.02680771 -0.14793079 -0.030933633
v -0.022317916 -0.14159477 -0.05388034
v -0.03654723 -0.14144492 -0.045826524
v -0.017003998 -0.14793079 -0.037232205
v -0.005824968 -0.14793079 -0.040517956
v -2.6673079E-06 -0.15244201 -0.019941911
v -2.6673079E-06 -0.14159477 -0.05832199
v -0.01304397 -0.14144492 -0.057150036
v -2.6673079E-06 -0.14834285 -0.03950654
v 0.01152955 -0.14793079 -0.039276436
v -0.03723219 -0.1403479 -0.046688095
v -0.023008242 -0.13884416 -0.055544622
v 0.022317931 -0.14159477 -0.05388034
v 0.022130623 -0.14793079 -0.03443344
v 0.041240394 -0.14159477 -0.041240394
v 0.025432423 -0.14144492 -0.052810065
v 0.030933633 -0.14793079 -0.026807725
v 0.037232205 -0.14793079 -0.017004013
v 0.045826524 -0.14144492 -0.03654723
v -0.04668808 -0.1403479 0.03723219
v -0.058220297 -0.1403479 0.013290137
v -0.055544615 -0.13884416 0.023008242
v -0.052810058 -0.14144492 -0.025432423
v -0.03654723 -0.14144492 -0.045826524
v -0.03723219 -0.1403479 -0.046688095
v -0.022317916 -0.14159477 -0.05388034
v -0.04251401 -0.13884416 -0.042514026
v 0.049786538 -0.08160583 -0.10676265
v 0.055908516 -0.08160583 -0.10369096
v 0.049786538 -0.07496477 -0.10676265
v 0.055908516 -0.07496477 -0.10369096
v 0.061843194 -0.08160583 -0.10026073
v 0.061843194 -0.07496477 -0.10026073
v 0.070062906 -0.08154161 -0.094823726
v 0.06756917 -0.07754413 -0.09649871
v 0.06756917 -0.07496477 -0.09649871
v -0.049786523 -0.08160583 0.10676263
v -0.0559085 -0.08160583 0.10369094
v -0.049786523 -0.07496477 0.10676263
v -0.0559085 -0.07496477 0.10369094
v -0.061843187 -0.08160583 0.10026072
v -0.061843187 -0.07496477 0.10026072
v -0.07006289 -0.08154161 0.0948237
v -0.06756915 -0.07754413 0.09649868
v -0.06756915 -0.07496477 0.09649868
v 0.10676265 -0.08160583 0.049786523
v 0.10369096 -0.08160583 0.0559085
v 0.10676265 -0.07496477 0.049786523
v 0.10369096 -0.07496477 0.0559085
v 0.10026073 -0.08160583 0.061843187
v 0.10026073 -0.07496477 0.061843187
v 0.094823726 -0.08154161 0.07006289
v 0.09649871 -0.07754413 0.06756915
v 0.09649871 -0.07496477 0.06756915
v -0.10676263 -0.08160583 -0.049786538
v -0.10369094 -0.08160583 -0.055908516
v -0.10676263 -0.07496477 -0.049786538
v -0.10369094 -0.07496477 -0.055908516
v -0.10026072 -0.08160583 -0.061843194
v -0.10026072 -0.07496477 -0.061843194
v -0.0948237 -0.08154161 -0.070062906
v -0.09649868 -0.07754413 -0.06756917
v -0.09649868 -0.07496477 -0.06756917
v -0.025052458 -0.10071024 -0.08140247
v -0.025052458 -0.10071024 -0.093480535
v -0.025052458 -0.102711655 -0.08140247
v -0.025052458 -0.102711655 -0.094352804
v -0.025052458 -0.08294367 -0.11675367
v -0.025052458 -0.080235876 -0.11664129
v -0.025052458 -0.08224264 -0.118669465
v -0.025052458 -0.080235876 -0.12688383
v -0.025255814 -0.08241388 -0.1277775
v -0.025052458 -0.075226985 -0.13556376
v -0.025052458 -0.075226985 -0.13249743
v 0.025052473 -0.10071024 0.081402466
v 0.025052473 -0.10071024 0.09348051
v 0.025052473 -0.10272771 0.08141853
v 0.025052473 -0.102711655 0.0943528
v 0.025052473 -0.08294367 0.11675365
v 0.025052473 -0.080235876 0.11664127
v 0.025052473 -0.08224264 0.118669465
v 0.025052473 -0.080235876 0.12688382
v 0.025202319 -0.08236572 0.12775607
v 0.025052473 -0.075226985 0.13249741
v 0.025052473 -0.075226985 0.13556375
v -0.09467389 -0.10567632 -0.027985036
v -0.11608474 -0.08524477 -0.035000682
v -0.117957726 -0.08522871 -0.028017133
v -0.09288116 -0.105724484 -0.03352371
v -0.11380504 -0.08524477 -0.041823685
v -0.11113472 -0.08524477 -0.048507556
v -0.09069781 -0.105719134 -0.03897676
v -0.027985021 -0.10567632 0.09467389
v -0.035000667 -0.08524477 0.11608474
v -0.028017133 -0.08522871 0.117957726
v -0.033523694 -0.105724484 0.09288116
v -0.041823685 -0.08524477 0.11380504
v -0.04850754 -0.08524477 0.11113472
v -0.038976744 -0.105719134 0.09069781
v 0.09468459 -0.105670966 0.027990371
v 0.11608475 -0.08524477 0.035000667
v 0.117957726 -0.08522871 0.028017133
v 0.09287583 -0.105724484 0.033523694
v 0.11380506 -0.08524477 0.041823685
v 0.11113472 -0.08524477 0.04850754
v 0.09069782 -0.105719134 0.038976744
v 0.027985036 -0.10567632 -0.09467389
v 0.035000682 -0.08524477 -0.11608475
v 0.028017133 -0.08522871 -0.117957726
v 0.03352371 -0.105724484 -0.09288118
v 0.041823685 -0.08524477 -0.11380506
v 0.048507556 -0.08524477 -0.11113472
v 0.03897676 -0.105719134 -0.09069782
v 0.093480535 -0.10071024 0.025052458
v 0.08178777 -0.10071559 0.024881214
v 0.08140247 -0.102711655 0.025052458
v 0.094352804 -0.102711655 0.025052458
v 0.117486805 -0.08233362 0.025063172
v 0.11665735 -0.080235876 0.025047109
v 0.12688383 -0.080235876 0.025052458
v 0.12772934 -0.08222659 0.025057822
v 0.13249743 -0.075226985 0.025052458
v 0.13556376 -0.075226985 0.025052458
v 0.08140247 -0.10071024 -0.025052473
v 0.09350194 -0.10071024 -0.025052473
v 0.08141853 -0.10272771 -0.025052473
v 0.094352804 -0.102711655 -0.025052473
v 0.11675367 -0.08294367 -0.025052473
v 0.11665735 -0.080235876 -0.025052473
v 0.118669465 -0.08224264 -0.025052473
v 0.12688383 -0.080235876 -0.025052473
v 0.12776145 -0.08236572 -0.025202319
v 0.13249743 -0.075226985 -0.025052473
v 0.13556376 -0.075226985 -0.025052473
v -0.081402466 -0.10071024 0.025052458
v -0.09350191 -0.10071024 0.025052458
v -0.08141853 -0.10272771 0.025052458
v -0.0943528 -0.102711655 0.025052458
v -0.11675902 -0.08293832 0.025052458
v -0.11665733 -0.080235876 0.025052458
v -0.1186962 -0.08224264 0.025052458
v -0.12688382 -0.080235876 0.025052458
v -0.12779354 -0.08233362 0.025196955
v -0.13249741 -0.075226985 0.025052458
v -0.13556375 -0.075226985 0.025052458
v 0.025052473 -0.10071024 -0.093480535
v 0.025052473 -0.10071024 -0.08140247
v 0.025052473 -0.102711655 -0.08140247
v 0.025052473 -0.102711655 -0.094352804
v 0.025068536 -0.08233362 -0.117486805
v 0.025052473 -0.080235876 -0.11664129
v 0.025052473 -0.080235876 -0.12688383
v 0.025057822 -0.08222659 -0.12772934
v 0.025052473 -0.075226985 -0.13249743
v 0.025052473 -0.075226985 -0.13556376
v -0.025052458 -0.10071024 0.09348051
v -0.025052458 -0.10071024 0.081402466
v -0.025052458 -0.102711655 0.081402466
v -0.025052458 -0.102711655 0.0943528
v -0.025068521 -0.08233362 0.11748679
v -0.025052458 -0.080235876 0.11664127
v -0.025052458 -0.080235876 0.12688382
v -0.025057822 -0.08222659 0.12772934
v -0.025052458 -0.075226985 0.13249741
v -0.025052458 -0.075226985 0.13556375
v -0.13249741 -0.075226985 0.025052458
v -0.13458444 -0.075226985 0.00839363
v -0.13556375 -0.075226985 0.025052458
v -0.14006425 -0.075226985 0.025100634
v -0.13981809 -0.07494336 0.028033182
v -0.14130579 -0.075226985 0.016747132
v -0.14204426 -0.075226985 0.008388281
v -0.1422958 -0.075226985 2.6673079E-06
v -0.13458444 -0.075226985 -0.008393645
v -0.14204426 -0.075226985 -0.008388296
v -0.14130579 -0.075226985 -0.016747147
v -0.14006425 -0.075226985 -0.025100634
v -0.13556375 -0.075226985 -0.025052473
v -0.13249741 -0.075226985 -0.025052473
v -0.13981809 -0.07494336 -0.028033197
v 0.008393645 -0.075226985 -0.13458446
v 0.025052473 -0.075226985 -0.13249743
v 0.025052473 -0.075226985 -0.13556376
v 0.025100634 -0.075226985 -0.14006427
v 0.028033197 -0.07494336 -0.1398181
v 0.016747147 -0.075226985 -0.14130579
v 0.008388296 -0.075226985 -0.14204428
v -2.6673079E-06 -0.075226985 -0.1422958
v -0.00839363 -0.075226985 -0.13458446
v -0.008388281 -0.075226985 -0.14204428
v -0.016747132 -0.075226985 -0.14130579
v -0.025100634 -0.075226985 -0.14006427
v -0.025052458 -0.075226985 -0.13556376
v -0.025052458 -0.075226985 -0.13249743
v -0.028033182 -0.07494336 -0.1398181
v -0.09348051 -0.10071024 -0.025052473
v -0.08178775 -0.10071559 -0.024881229
v -0.081402466 -0.102711655 -0.025052473
v -0.0943528 -0.102711655 -0.025052473
v -0.11748679 -0.08233362 -0.025063187
v -0.11665733 -0.080235876 -0.025047123
v -0.12688382 -0.080235876 -0.025052473
v -0.12772934 -0.08223194 -0.025057822
v -0.13556375 -0.075226985 -0.025052473
v -0.13249741 -0.075226985 -0.025052473
v -0.00839363 -0.075226985 0.13458444
v -0.025052458 -0.075226985 0.13249741
v -0.025052458 -0.075226985 0.13556375
v -0.025100634 -0.075226985 0.14006425
v -0.028033182 -0.07494336 0.13981809
v -0.016747132 -0.075226985 0.14130579
v -0.008388281 -0.075226985 0.14204426
v -2.6673079E-06 -0.075226985 0.1422958
v 0.008393645 -0.075226985 0.13458444
v 0.008388296 -0.075226985 0.14204426
v 0.016747147 -0.075226985 0.14130579
v 0.025100634 -0.075226985 0.14006425
v 0.025052473 -0.075226985 0.13556375
v 0.025052473 -0.075226985 0.13249741
v 0.028033197 -0.07494336 0.13981809
v 0.13458446 -0.075226985 0.00839363
v 0.13249743 -0.075226985 0.025052458
v 0.13556376 -0.075226985 0.025052458
v 0.14006427 -0.075226985 0.025100634
v 0.1398181 -0.07494336 0.028033182
v 0.14130579 -0.075226985 0.016747132
v 0.14204428 -0.075226985 0.008388281
v 0.1422958 -0.075226985 2.6673079E-06
v 0.13458446 -0.075226985 -0.008393645
v 0.14204428 -0.075226985 -0.008388296
v 0.14130579 -0.075226985 -0.016747147
v 0.14006427 -0.075226985 -0.025100634
v 0.13556376 -0.075226985 -0.025052473
v 0.13249743 -0.075226985 -0.025052473
v 0.1398181 -0.07494336 -0.028033197
v -0.108405516 -0.011031866 0.12482889
v -0.11258493 -0.045954958 0.12107758
v -0.11257957 -0.011031866 0.12107758
v -0.10860886 -0.04810621 0.12465228
v -0.113168225 -0.04810621 0.12053172
v -0.10389964 -0.04810621 0.12860696
v -0.10410835 -0.011031866 0.12843572
v -0.09969346 -0.011031866 0.1318927
v -0.09968813 -0.045928195 0.13189806
v -0.099163696 -0.048068747 0.13231547
v 0.10840552 -0.011031866 -0.1248289
v 0.11258495 -0.045954958 -0.12107758
v 0.1125796 -0.011031866 -0.12107758
v 0.10860887 -0.04810621 -0.124652304
v 0.11316825 -0.04810621 -0.12053174
v 0.103899665 -0.04810621 -0.12860698
v 0.10410837 -0.011031866 -0.12843573
v 0.099693485 -0.011031866 -0.13189271
v 0.09968813 -0.045928195 -0.13189808
v 0.099163696 -0.048068747 -0.13231547
v 0.1248289 -0.011031866 0.108405516
v 0.12107758 -0.045954958 0.11258493
v 0.12107758 -0.011031866 0.11257957
v 0.124652304 -0.04810621 0.10860886
v 0.12053174 -0.04810621 0.113168225
v 0.12860698 -0.04810621 0.10389964
v 0.12843573 -0.011031866 0.10410835
v 0.13189271 -0.011031866 0.09969346
v 0.13189808 -0.045928195 0.09968813
v 0.13231547 -0.048068747 0.099163696
v -0.12482889 -0.011031866 -0.10840552
v -0.12107758 -0.045954958 -0.11258495
v -0.12107758 -0.011031866 -0.1125796
v -0.12465228 -0.04810621 -0.10860887
v -0.12053172 -0.04810621 -0.11316825
v -0.12860696 -0.04810621 -0.103899665
v -0.12843572 -0.011031866 -0.10410837
v -0.1318927 -0.011031866 -0.099693485
v -0.13189806 -0.045928195 -0.09968813
v -0.13231547 -0.048068747 -0.099163696
v -0.10410835 -0.011031866 -0.12843573
v -0.09968813 -0.045928195 -0.13189808
v -0.09969346 -0.011031866 -0.13189271
v -0.10389964 -0.04810621 -0.12860698
v -0.09916903 -0.048074096 -0.13231547
v -0.10860886 -0.04810621 -0.124652304
v -0.108405516 -0.011031866 -0.1248289
v -0.11257957 -0.011031866 -0.12107758
v -0.11257957 -0.04594426 -0.12107758
v -0.113168225 -0.04810621 -0.12053174
v -0.12843572 -0.011031866 0.10410835
v -0.13189806 -0.045928195 0.09968813
v -0.1318927 -0.011031866 0.09969346
v -0.12860696 -0.04810621 0.10389964
v -0.13231547 -0.048074096 0.09916903
v -0.12465228 -0.04810621 0.10860886
v -0.12482889 -0.011031866 0.108405516
v -0.12107758 -0.011031866 0.11257957
v -0.12107758 -0.04594426 0.11257957
v -0.12053172 -0.04810621 0.113168225
v 0.10410837 -0.011031866 0.12843572
v 0.09968813 -0.045928195 0.13189806
v 0.099693485 -0.011031866 0.1318927
v 0.103899665 -0.04810621 0.12860696
v 0.099169046 -0.048074096 0.13231547
v 0.10860887 -0.04810621 0.12465228
v 0.10840552 -0.011031866 0.12482889
v 0.1125796 -0.011031866 0.12107758
v 0.1125796 -0.04594426 0.12107758
v 0.11316825 -0.04810621 0.12053172
v 0.12843573 -0.011031866 -0.10410837
v 0.13189808 -0.045928195 -0.09968813
v 0.13189271 -0.011031866 -0.099693485
v 0.12860698 -0.04810621 -0.103899665
v 0.13231547 -0.048074096 -0.099169046
v 0.124652304 -0.04810621 -0.10860887
v 0.1248289 -0.011031866 -0.10840552
v 0.12107758 -0.011031866 -0.1125796
v 0.12107758 -0.04594426 -0.1125796
v 0.12053174 -0.04810621 -0.11316825
v -0.13835181 -0.04810621 0.0905212
v -0.14089371 -0.04810621 0.08651839
v -0.13878529 -0.04599242 0.089846924
v -0.13879062 -0.011031866 0.08984159
v -0.14320551 -0.011031866 0.08268143
v -0.14317875 -0.04810621 0.0826654
v 0.13835183 -0.04810621 -0.090521224
v 0.14089373 -0.04810621 -0.08651839
v 0.13878529 -0.04599242 -0.08984695
v 0.13879064 -0.011031866 -0.0898416
v 0.14320552 -0.011031866 -0.082681455
v 0.14317876 -0.04810621 -0.0826654
v -0.0905212 -0.04810621 -0.13835183
v -0.08651839 -0.04810621 -0.14089373
v -0.089846924 -0.04599242 -0.13878529
v -0.08984159 -0.011031866 -0.13879064
v -0.08268143 -0.011031866 -0.14320552
v -0.0826654 -0.04810621 -0.14317876
v 0.090521224 -0.04810621 0.13835181
v 0.08651839 -0.04810621 0.14089371
v 0.08984695 -0.04599242 0.13878529
v 0.0898416 -0.011031866 0.13879062
v 0.082681455 -0.011031866 0.14320551
v 0.0826654 -0.04810621 0.14317875
v 0.10256182 -0.08946165 -0.019866988
v 0.10256182 -0.047469392 -0.019866988
v 0.10521075 -0.044724137 -0.020038232
v 0.10521075 -0.08672174 -0.020038232
v 0.09505384 -0.09770277 -0.017276928
v 0.09505384 -0.055710517 -0.017276928
v 0.097451255 -0.052997366 -0.018475637
v 0.097451255 -0.09498962 -0.018475637
v 0.097451255 -0.09498962 -0.018475637
v 0.097451255 -0.052997366 -0.018475637
v 0.0999664 -0.05023606 -0.019342557
v 0.0999664 -0.092233665 -0.019342557
v 0.0999664 -0.092233665 -0.019342557
v 0.0999664 -0.05023606 -0.019342557
v 0.10256182 -0.047469392 -0.019866988
v 0.10256182 -0.08946165 -0.019866988
v 0.110984884 -0.08099577 -0.019192725
v 0.110984884 -0.03899817 -0.019192725
v 0.11274014 -0.037317827 -0.018571958
v 0.11274014 -0.07931544 -0.018571958
v 0.10521075 -0.08672174 -0.020038232
v 0.10521075 -0.044724137 -0.020038232
v 0.107206814 -0.04270667 -0.019941911
v 0.107206814 -0.08470427 -0.019941911
v 0.107206814 -0.08470427 -0.019941911
v 0.107206814 -0.04270667 -0.019941911
v 0.10913331 -0.040796235 -0.019652933
v 0.10913331 -0.08279383 -0.019652933
v 0.10913331 -0.08279383 -0.019652933
v 0.10913331 -0.040796235 -0.019652933
v 0.110984884 -0.03899817 -0.019192725
v 0.110984884 -0.08099577 -0.019192725
v 0.12504831 -0.077228405 -0.0028496087
v 0.12504831 -0.03523615 -0.0028496087
v 0.12525165 -0.03523615 2.6673079E-06
v 0.12525165 -0.077228405 2.6673079E-06
v 0.12344289 -0.077228405 -0.008318722
v 0.12344289 -0.03523615 -0.008318722
v 0.12443825 -0.03523615 -0.00564304
v 0.12443825 -0.077228405 -0.00564304
v 0.12443825 -0.077228405 -0.00564304
v 0.12443825 -0.03523615 -0.00564304
v 0.12504831 -0.03523615 -0.0028496087
v 0.12504831 -0.077228405 -0.0028496087
v 0.12504831 -0.077228405 0.0028496087
v 0.12504831 -0.03523615 0.0028496087
v 0.12443825 -0.03523615 0.005643025
v 0.12443825 -0.077228405 0.005643025
v 0.12443825 -0.077228405 0.005643025
v 0.12443825 -0.03523615 0.005643025
v 0.12344289 -0.03523615 0.008318707
v 0.12344289 -0.077228405 0.008318707
v 0.12525165 -0.077228405 2.6673079E-06
v 0.12525165 -0.03523615 2.6673079E-06
v 0.12504831 -0.03523615 0.0028496087
v 0.12504831 -0.077228405 0.0028496087
v 0.12344289 -0.077228405 0.008318707
v 0.12344289 -0.03523615 0.008318707
v 0.12207829 -0.03523615 0.01082316
v 0.12207829 -0.077228405 0.01082316
v 0.12036585 -0.077228405 0.013113543
v 0.12036585 -0.03523615 0.013113543
v 0.11834838 -0.03523615 0.015136361
v 0.11834838 -0.077228405 0.015136361
v 0.12207829 -0.077228405 0.01082316
v 0.12207829 -0.03523615 0.01082316
v 0.12036585 -0.03523615 0.013113543
v 0.12036585 -0.077228405 0.013113543
v 0.11641653 -0.07590661 0.01661335
v 0.11641653 -0.033914357 0.01661335
v 0.1162988 -0.03399463 0.016693607
v 0.1162988 -0.075992234 0.016693607
v 0.11808081 -0.07715348 0.015361115
v 0.11808081 -0.035161227 0.015361115
v 0.117813244 -0.03495787 0.01558052
v 0.117813244 -0.07695548 0.01558052
v 0.117813244 -0.07695548 0.01558052
v 0.117813244 -0.03495787 0.01558052
v 0.11728881 -0.034395978 0.015992582
v 0.11728881 -0.07639359 0.015992582
v 0.11834838 -0.077228405 0.015136361
v 0.11834838 -0.03523615 0.015136361
v 0.11808081 -0.035161227 0.015361115
v 0.11808081 -0.07715348 0.015361115
v 0.11653961 -0.07587986 0.016533077
v 0.11653961 -0.033882245 0.016533077
v 0.11641653 -0.033914357 0.01661335
v 0.11641653 -0.07590661 0.01661335
v 0.11678043 -0.07593872 0.016361833
v 0.11678043 -0.03394647 0.016361833
v 0.11653961 -0.033882245 0.016533077
v 0.11653961 -0.07587986 0.016533077
v 0.11728881 -0.07639359 0.015992582
v 0.11728881 -0.034395978 0.015992582
v 0.11678043 -0.03394647 0.016361833
v 0.11678043 -0.07593872 0.016361833
v 0.11366592 -0.07843781 0.018170595
v 0.11366592 -0.036445558 0.018170595
v 0.11274014 -0.037317827 0.018571943
v 0.11274014 -0.07931544 0.018571943
v 0.1162988 -0.075992234 0.016693607
v 0.1162988 -0.03399463 0.016693607
v 0.11544794 -0.034781277 0.017228752
v 0.11544794 -0.07677889 0.017228752
v 0.11544794 -0.07677889 0.017228752
v 0.11544794 -0.034781277 0.017228752
v 0.114570305 -0.035600036 0.017721072
v 0.114570305 -0.0775923 0.017721072
v 0.114570305 -0.0775923 0.017721072
v 0.114570305 -0.035600036 0.017721072
v 0.11366592 -0.036445558 0.018170595
v 0.11366592 -0.07843781 0.018170595
v 0.107206814 -0.08470427 0.019941896
v 0.107206814 -0.04270667 0.019941896
v 0.10521075 -0.044724137 0.020038217
v 0.10521075 -0.08672174 0.020038217
v 0.11274014 -0.07931544 0.018571943
v 0.11274014 -0.037317827 0.018571943
v 0.110984884 -0.03899817 0.01919271
v 0.110984884 -0.08099577 0.01919271
v 0.110984884 -0.08099577 0.01919271
v 0.110984884 -0.03899817 0.01919271
v 0.10913331 -0.040796235 0.019652918
v 0.10913331 -0.08279383 0.019652918
v 0.10913331 -0.08279383 0.019652918
v 0.10913331 -0.040796235 0.019652918
v 0.107206814 -0.04270667 0.019941896
v 0.107206814 -0.08470427 0.019941896
v 0.10256182 -0.08946165 0.019866973
v 0.10256182 -0.047469392 0.019866973
v 0.0999664 -0.05023606 0.019342542
v 0.0999664 -0.092233665 0.019342542
v 0.0999664 -0.092233665 0.019342542
v 0.0999664 -0.05023606 0.019342542
v 0.097451255 -0.052997366 0.018475622
v 0.097451255 -0.09498962 0.018475622
v 0.097451255 -0.09498962 0.018475622
v 0.097451255 -0.052997366 0.018475622
v 0.09505384 -0.055710517 0.017276913
v 0.09505384 -0.09770277 0.017276913
v 0.10521075 -0.08672174 0.020038217
v 0.10521075 -0.044724137 0.020038217
v 0.10256182 -0.047469392 0.019866973
v 0.10256182 -0.08946165 0.019866973
v 0.09505384 -0.09770277 0.017276913
v 0.09505384 -0.055710517 0.017276913
v 0.089793436 -0.055710517 0.012803167
v 0.089793436 -0.09770277 0.012803167
v 0.089793436 -0.09770277 0.012803167
v 0.089793436 -0.055710517 0.012803167
v 0.086363204 -0.055710517 0.0068042725
v 0.086363204 -0.09770277 0.0068042725
v 0.086363204 -0.09770277 0.0068042725
v 0.086363204 -0.055710517 0.0068042725
v 0.085169844 -0.055710517 2.6673079E-06
v 0.085169844 -0.09770277 2.6673079E-06
v 0.085169844 -0.09770277 2.6673079E-06
v 0.085169844 -0.055710517 2.6673079E-06
v 0.086363204 -0.055710517 -0.0068042874
v 0.086363204 -0.09770277 -0.0068042874
v 0.086363204 -0.09770277 -0.0068042874
v 0.086363204 -0.055710517 -0.0068042874
v 0.089793436 -0.055710517 -0.012803182
v 0.089793436 -0.09770277 -0.012803182
v 0.089793436 -0.09770277 -0.012803182
v 0.089793436 -0.055710517 -0.012803182
v 0.09505384 -0.055710517 -0.017276928
v 0.09505384 -0.09770277 -0.017276928
v 0.11544794 -0.07677889 -0.017228767
v 0.11544794 -0.034781277 -0.017228767
v 0.1162988 -0.03399463 -0.016693622
v 0.1162988 -0.075992234 -0.016693622
v 0.11274014 -0.07931544 -0.018571958
v 0.11274014 -0.037317827 -0.018571958
v 0.11366592 -0.036445558 -0.01817061
v 0.11366592 -0.07843781 -0.01817061
v 0.11366592 -0.07843781 -0.01817061
v 0.11366592 -0.036445558 -0.01817061
v 0.114570305 -0.035600036 -0.017721087
v 0.114570305 -0.0775923 -0.017721087
v 0.114570305 -0.0775923 -0.017721087
v 0.114570305 -0.035600036 -0.017721087
v 0.11544794 -0.034781277 -0.017228767
v 0.11544794 -0.07677889 -0.017228767
v 0.11678578 -0.07593872 -0.016361848
v 0.11678578 -0.03394647 -0.016361848
v 0.11728881 -0.034395978 -0.015992597
v 0.11728881 -0.07639359 -0.015992597
v 0.11808081 -0.07715348 -0.01536113
v 0.11808081 -0.035161227 -0.01536113
v 0.11834838 -0.03523615 -0.015136376
v 0.11834838 -0.077228405 -0.015136376
v 0.117813244 -0.07695548 -0.015580535
v 0.117813244 -0.03495787 -0.015580535
v 0.11808081 -0.035161227 -0.01536113
v 0.11808081 -0.07715348 -0.01536113
v 0.11728881 -0.07639359 -0.015992597
v 0.11728881 -0.034395978 -0.015992597
v 0.117813244 -0.03495787 -0.015580535
v 0.117813244 -0.07695548 -0.015580535
v 0.11653961 -0.0758745 -0.016533092
v 0.11653961 -0.033882245 -0.016533092
v 0.11678578 -0.03394647 -0.016361848
v 0.11678578 -0.07593872 -0.016361848
v 0.11641653 -0.07590661 -0.01661335
v 0.11641653 -0.033914357 -0.01661335
v 0.11653961 -0.033882245 -0.016533092
v 0.11653961 -0.0758745 -0.016533092
v 0.1162988 -0.075992234 -0.016693622
v 0.1162988 -0.03399463 -0.016693622
v 0.11641653 -0.033914357 -0.01661335
v 0.11641653 -0.07590661 -0.01661335
v 0.12207829 -0.077228405 -0.01082316
v 0.12207829 -0.03523615 -0.01082316
v 0.12344289 -0.03523615 -0.008318722
v 0.12344289 -0.077228405 -0.008318722
v 0.12036585 -0.077228405 -0.013113558
v 0.12036585 -0.03523615 -0.013113558
v 0.12207829 -0.03523615 -0.01082316
v 0.12207829 -0.077228405 -0.01082316
v 0.11834838 -0.077228405 -0.015136376
v 0.11834838 -0.03523615 -0.015136376
v 0.12036585 -0.03523615 -0.013113558
v 0.12036585 -0.077228405 -0.013113558
v -0.09505384 -0.09770277 -0.017276928
v -0.09505384 -0.055710517 -0.017276928
v -0.08979343 -0.055710517 -0.012803182
v -0.08979343 -0.09770277 -0.012803182
v -0.08979343 -0.09770277 -0.012803182
v -0.08979343 -0.055710517 -0.012803182
v -0.08636318 -0.055710517 -0.0068042874
v -0.08636318 -0.09770277 -0.0068042874
v -0.08636318 -0.09770277 -0.0068042874
v -0.08636318 -0.055710517 -0.0068042874
v -0.08516984 -0.055710517 2.6673079E-06
v -0.08516984 -0.09770277 2.6673079E-06
v -0.10256182 -0.08946165 -0.019866988
v -0.10256182 -0.047469392 -0.019866988
v -0.09996639 -0.05023606 -0.019342557
v -0.09996639 -0.092233665 -0.019342557
v -0.09996639 -0.092233665 -0.019342557
v -0.09996639 -0.05023606 -0.019342557
v -0.097451255 -0.052997366 -0.018475637
v -0.097451255 -0.09498962 -0.018475637
v -0.097451255 -0.09498962 -0.018475637
v -0.097451255 -0.052997366 -0.018475637
v -0.09505384 -0.055710517 -0.017276928
v -0.09505384 -0.09770277 -0.017276928
v -0.10521074 -0.08672174 -0.020038232
v -0.10521074 -0.044724137 -0.020038232
v -0.10256182 -0.047469392 -0.019866988
v -0.10256182 -0.08946165 -0.019866988
v -0.10720681 -0.08470427 -0.019941911
v -0.10720681 -0.04270667 -0.019941911
v -0.10521074 -0.044724137 -0.020038232
v -0.10521074 -0.08672174 -0.020038232
v -0.112740114 -0.07931544 -0.018571958
v -0.112740114 -0.037317827 -0.018571958
v -0.11098488 -0.03899817 -0.019192725
v -0.11098488 -0.08099577 -0.019192725
v -0.11098488 -0.08099577 -0.019192725
v -0.11098488 -0.03899817 -0.019192725
v -0.10913329 -0.040796235 -0.019652933
v -0.10913329 -0.08279383 -0.019652933
v -0.10913329 -0.08279383 -0.019652933
v -0.10913329 -0.040796235 -0.019652933
v -0.10720681 -0.04270667 -0.019941911
v -0.10720681 -0.08470427 -0.019941911
v -0.10256182 -0.08946165 0.019866973
v -0.10256182 -0.047469392 0.019866973
v -0.10521074 -0.044724137 0.020038217
v -0.10521074 -0.08672174 0.020038217
v -0.09505384 -0.09770277 0.017276913
v -0.09505384 -0.055710517 0.017276913
v -0.097451255 -0.052997366 0.018475622
v -0.097451255 -0.09498962 0.018475622
v -0.097451255 -0.09498962 0.018475622
v -0.097451255 -0.052997366 0.018475622
v -0.09996639 -0.05023606 0.019342542
v -0.09996639 -0.092233665 0.019342542
v -0.09996639 -0.092233665 0.019342542
v -0.09996639 -0.05023606 0.019342542
v -0.10256182 -0.047469392 0.019866973
v -0.10256182 -0.08946165 0.019866973
v -0.10720681 -0.08470427 0.019941896
v -0.10720681 -0.04270667 0.019941896
v -0.10913329 -0.040796235 0.019652918
v -0.10913329 -0.08279383 0.019652918
v -0.11098488 -0.08099577 0.01919271
v -0.11098488 -0.03899817 0.01919271
v -0.112740114 -0.037317827 0.018571943
v -0.112740114 -0.07931544 0.018571943
v -0.10521074 -0.08672174 0.020038217
v -0.10521074 -0.044724137 0.020038217
v -0.10720681 -0.04270667 0.019941896
v -0.10720681 -0.08470427 0.019941896
v -0.10913329 -0.08279383 0.019652918
v -0.10913329 -0.040796235 0.019652918
v -0.11098488 -0.03899817 0.01919271
v -0.11098488 -0.08099577 0.01919271
v -0.11544792 -0.07677889 0.017228752
v -0.11544792 -0.034781277 0.017228752
v -0.11629878 -0.03399463 0.016693607
v -0.11629878 -0.075992234 0.016693607
v -0.112740114 -0.07931544 0.018571943
v -0.112740114 -0.037317827 0.018571943
v -0.11366592 -0.036445558 0.018170595
v -0.11366592 -0.07843781 0.018170595
v -0.114570305 -0.0775923 0.017721072
v -0.114570305 -0.035600036 0.017721072
v -0.11544792 -0.034781277 0.017228752
v -0.11544792 -0.07677889 0.017228752
v -0.11366592 -0.07843781 0.018170595
v -0.11366592 -0.036445558 0.018170595
v -0.114570305 -0.035600036 0.017721072
v -0.114570305 -0.0775923 0.017721072
v -0.11629878 -0.075992234 0.016693607
v -0.11629878 -0.03399463 0.016693607
v -0.11641653 -0.033914357 0.01661335
v -0.11641653 -0.07590661 0.01661335
v -0.11678578 -0.07593872 0.016361833
v -0.11678578 -0.03394647 0.016361833
v -0.11728878 -0.034395978 0.015992582
v -0.11728878 -0.07639359 0.015992582
v -0.11653961 -0.0758745 0.016533077
v -0.11653961 -0.033882245 0.016533077
v -0.11678578 -0.03394647 0.016361833
v -0.11678578 -0.07593872 0.016361833
v -0.11808081 -0.07715348 0.015361115
v -0.11808081 -0.035161227 0.015361115
v -0.118348375 -0.03523615 0.015136361
v -0.118348375 -0.077228405 0.015136361
v -0.117813244 -0.07695548 0.01558052
v -0.117813244 -0.03495787 0.01558052
v -0.11808081 -0.035161227 0.015361115
v -0.11808081 -0.07715348 0.015361115
v -0.11728878 -0.07639359 0.015992582
v -0.11728878 -0.034395978 0.015992582
v -0.117813244 -0.03495787 0.01558052
v -0.117813244 -0.07695548 0.01558052
v -0.11641653 -0.07590661 0.01661335
v -0.11641653 -0.033914357 0.01661335
v -0.11653961 -0.033882245 0.016533077
v -0.11653961 -0.0758745 0.016533077
v -0.12036584 -0.077228405 0.013113543
v -0.12036584 -0.03523615 0.013113543
v -0.122078285 -0.03523615 0.01082316
v -0.122078285 -0.077228405 0.01082316
v -0.122078285 -0.077228405 0.01082316
v -0.122078285 -0.03523615 0.01082316
v -0.12344287 -0.03523615 0.008318707
v -0.12344287 -0.077228405 0.008318707
v -0.118348375 -0.077228405 0.015136361
v -0.118348375 -0.03523615 0.015136361
v -0.12036584 -0.03523615 0.013113543
v -0.12036584 -0.077228405 0.013113543
v -0.12344287 -0.077228405 0.008318707
v -0.12344287 -0.03523615 0.008318707
v -0.12443824 -0.03523615 0.005643025
v -0.12443824 -0.077228405 0.005643025
v -0.1250483 -0.077228405 0.0028496087
v -0.1250483 -0.03523615 0.0028496087
v -0.12525164 -0.03523615 2.6673079E-06
v -0.12525164 -0.077228405 2.6673079E-06
v -0.12443824 -0.077228405 0.005643025
v -0.12443824 -0.03523615 0.005643025
v -0.1250483 -0.03523615 0.0028496087
v -0.1250483 -0.077228405 0.0028496087
v -0.12443824 -0.077228405 -0.00564304
v -0.12443824 -0.03523615 -0.00564304
v -0.12344287 -0.03523615 -0.008318722
v -0.12344287 -0.077228405 -0.008318722
v -0.1250483 -0.077228405 -0.0028496087
v -0.1250483 -0.03523615 -0.0028496087
v -0.12443824 -0.03523615 -0.00564304
v -0.12443824 -0.077228405 -0.00564304
v -0.12525164 -0.077228405 2.6673079E-06
v -0.12525164 -0.03523615 2.6673079E-06
v -0.1250483 -0.03523615 -0.0028496087
v -0.1250483 -0.077228405 -0.0028496087
v -0.11629878 -0.075992234 -0.016693622
v -0.11629878 -0.03399463 -0.016693622
v -0.11544792 -0.034781277 -0.017228767
v -0.11544792 -0.07677889 -0.017228767
v -0.114570305 -0.0775923 -0.017721087
v -0.114570305 -0.035600036 -0.017721087
v -0.11366592 -0.036445558 -0.01817061
v -0.11366592 -0.07843781 -0.01817061
v -0.11366592 -0.07843781 -0.01817061
v -0.11366592 -0.036445558 -0.01817061
v -0.112740114 -0.037317827 -0.018571958
v -0.112740114 -0.07931544 -0.018571958
v -0.11544792 -0.07677889 -0.017228767
v -0.11544792 -0.034781277 -0.017228767
v -0.114570305 -0.035600036 -0.017721087
v -0.114570305 -0.0775923 -0.017721087
v -0.11641653 -0.07590661 -0.01661335
v -0.11641653 -0.033914357 -0.01661335
v -0.11629878 -0.03399463 -0.016693622
v -0.11629878 -0.075992234 -0.016693622
v -0.11808081 -0.07715348 -0.01536113
v -0.11808081 -0.035161227 -0.01536113
v -0.117813244 -0.03495787 -0.015580535
v -0.117813244 -0.07695548 -0.015580535
v -0.117813244 -0.07695548 -0.015580535
v -0.117813244 -0.03495787 -0.015580535
v -0.11728878 -0.034395978 -0.015992597
v -0.11728878 -0.07639359 -0.015992597
v -0.118348375 -0.077228405 -0.015136376
v -0.118348375 -0.03523615 -0.015136376
v -0.11808081 -0.035161227 -0.01536113
v -0.11808081 -0.07715348 -0.01536113
v -0.11653961 -0.07587986 -0.016533092
v -0.11653961 -0.033882245 -0.016533092
v -0.11641653 -0.033914357 -0.01661335
v -0.11641653 -0.07590661 -0.01661335
v -0.116780415 -0.07593872 -0.016361848
v -0.116780415 -0.03394647 -0.016361848
v -0.11653961 -0.033882245 -0.016533092
v -0.11653961 -0.07587986 -0.016533092
v -0.11728878 -0.07639359 -0.015992597
v -0.11728878 -0.034395978 -0.015992597
v -0.116780415 -0.03394647 -0.016361848
v -0.116780415 -0.07593872 -0.016361848
v -0.12036584 -0.077228405 -0.013113558
v -0.12036584 -0.03523615 -0.013113558
v -0.118348375 -0.03523615 -0.015136376
v -0.118348375 -0.077228405 -0.015136376
v -0.122078285 -0.077228405 -0.01082316
v -0.122078285 -0.03523615 -0.01082316
v -0.12036584 -0.03523615 -0.013113558
v -0.12036584 -0.077228405 -0.013113558
v -0.12344287 -0.077228405 -0.008318722
v -0.12344287 -0.03523615 -0.008318722
v -0.122078285 -0.03523615 -0.01082316
v -0.122078285 -0.077228405 -0.01082316
v -0.08516984 -0.09770277 2.6673079E-06
v -0.08516984 -0.055710517 2.6673079E-06
v -0.08636318 -0.055710517 0.0068042725
v -0.08636318 -0.09770277 0.0068042725
v -0.08636318 -0.09770277 0.0068042725
v -0.08636318 -0.055710517 0.0068042725
v -0.08979343 -0.055710517 0.012803167
v -0.08979343 -0.09770277 0.012803167
v -0.08979343 -0.09770277 0.012803167
v -0.08979343 -0.055710517 0.012803167
v -0.09505384 -0.055710517 0.017276913
v -0.09505384 -0.09770277 0.017276913
v 0.12221743 0.056604177 0.0420859
v 0.108491145 0.056604177 0.07026625
v 0.099698834 0.056604177 0.0420859
v 0.083933674 0.056604177 0.06830764
v 0.08838602 0.056604177 0.094315335
v 0.061457895 0.056604177 0.08907099
v 0.063084714 0.056604177 0.1128204
v 0.034069553 0.056604177 0.10271163
v 0.034069553 0.056604177 0.12468974
v -0.1222174 0.056604177 -0.042085916
v -0.10849114 0.056604177 -0.07026626
v -0.09969883 0.056604177 -0.042085916
v -0.08393367 0.056604177 -0.06830765
v -0.088386014 0.056604177 -0.09431535
v -0.061457887 0.056604177 -0.089071
v -0.06308469 0.056604177 -0.11282041
v -0.034069538 0.056604177 -0.102711655
v -0.034069538 0.056604177 -0.12468976
v -0.10849114 0.056604177 0.07026625
v -0.1222174 0.056604177 0.0420859
v -0.09969883 0.056604177 0.0420859
v -0.08393367 0.056604177 0.06830764
v -0.088386014 0.056604177 0.094315335
v -0.061457887 0.056604177 0.08907099
v -0.06308469 0.056604177 0.1128204
v -0.034069538 0.056604177 0.10271163
v -0.034069538 0.056604177 0.12468974
v 0.108491145 0.056604177 -0.07026626
v 0.12221743 0.056604177 -0.042085916
v 0.099698834 0.056604177 -0.042085916
v 0.083933674 0.056604177 -0.06830765
v 0.08838602 0.056604177 -0.09431535
v 0.061457895 0.056604177 -0.089071
v 0.063084714 0.056604177 -0.11282041
v 0.034069553 0.056604177 -0.102711655
v 0.034069553 0.056604177 -0.12468976
v 0.034069553 0.06862873 0.12468974
v 0.034069553 0.06862873 0.10271163
v 0.034069553 0.056604177 0.10271163
v 0.034069553 0.056604177 0.12468974
v -0.034069538 0.056604177 0.10271163
v -0.034069538 0.06862873 0.10271163
v -0.034069538 0.06862873 0.12468441
v -0.034069538 0.056604177 0.12468974
v 0.034069553 0.056604177 -0.102711655
v 0.034069553 0.06862873 -0.102711655
v 0.034069553 0.06862873 -0.12468976
v 0.034069553 0.056604177 -0.12468976
v -0.034069538 0.06862873 -0.12468976
v -0.034069538 0.06862873 -0.102711655
v -0.034069538 0.056604177 -0.102711655
v -0.034069538 0.056604177 -0.12468976
v 0.099698834 0.056604177 0.0420859
v 0.099698834 0.06862873 0.0420859
v 0.12221743 0.056604177 0.0420859
v 0.12221743 0.06862873 0.0420859
v 0.083933674 0.06862873 0.06830764
v 0.099698834 0.06862873 0.0420859
v 0.099698834 0.056604177 0.0420859
v 0.083933674 0.056604177 0.06830764
v 0.061457895 0.06862873 0.08907099
v 0.061457895 0.056604177 0.08907099
v 0.034069553 0.06862873 0.10271163
v 0.034069553 0.056604177 0.10271163
v -0.08393367 0.06862873 -0.06830765
v -0.09969883 0.06862873 -0.042085916
v -0.09969883 0.056604177 -0.042085916
v -0.08393367 0.056604177 -0.06830765
v -0.061457887 0.06862873 -0.089071
v -0.061457887 0.056604177 -0.089071
v -0.034069538 0.06862873 -0.102711655
v -0.034069538 0.056604177 -0.102711655
v -0.09969883 0.056604177 -0.042085916
v -0.09969883 0.06862873 -0.042085916
v -0.1222174 0.056604177 -0.042085916
v -0.1222174 0.06862873 -0.042085916
v -0.061457887 0.056604177 0.08907099
v -0.034069538 0.06862873 0.10271163
v -0.034069538 0.056604177 0.10271163
v -0.061457887 0.06862873 0.08907099
v -0.08393367 0.056604177 0.06830764
v -0.08393367 0.06862873 0.06830764
v -0.09969883 0.06862873 0.0420859
v -0.09969883 0.056604177 0.0420859
v -0.1222174 0.06862873 0.0420859
v -0.09969883 0.06862873 0.0420859
v -0.09969883 0.056604177 0.0420859
v -0.1222174 0.056604177 0.0420859
v 0.061457895 0.056604177 -0.089071
v 0.034069553 0.06862873 -0.102711655
v 0.034069553 0.056604177 -0.102711655
v 0.061457895 0.06862873 -0.089071
v 0.083933674 0.056604177 -0.06830765
v 0.083933674 0.06862873 -0.06830765
v 0.099698834 0.06862873 -0.042085916
v 0.099698834 0.056604177 -0.042085916
v 0.12221743 0.06862873 -0.042085916
v 0.099698834 0.06862873 -0.042085916
v 0.099698834 0.056604177 -0.042085916
v 0.12221743 0.056604177 -0.042085916
v -0.12433122 0.08924757 0.03006135
v -0.09348051 0.0716362 0.03006135
v -0.124347255 0.0716362 0.03006135
v -0.10379799 0.11319499 0.03006135
v -0.10245477 0.11373548 0.03006135
v -0.09348051 0.11371942 0.03006135
v 0.12433122 0.08924757 -0.030061364
v 0.093480535 0.0716362 -0.030061364
v 0.12434727 0.0716362 -0.030061364
v 0.10379799 0.11319499 -0.030061364
v 0.10245479 0.11373548 -0.030061364
v 0.093480535 0.11371942 -0.030061364
v -0.12433122 0.0892797 -0.030061364
v -0.124347255 0.0716362 -0.030061364
v -0.09348051 0.0716362 -0.030061364
v -0.10341267 0.11367126 -0.030061364
v -0.09348051 0.11371942 -0.030061364
v 0.12433122 0.0892797 0.03006135
v 0.12434727 0.0716362 0.03006135
v 0.093480535 0.0716362 0.03006135
v 0.10341269 0.11367126 0.03006135
v 0.093480535 0.11371942 0.03006135
v 0.028900117 0.0515953 -0.13112211
v 0.034069553 0.056604177 -0.12468976
v 0.028900117 0.06662731 -0.13112211
v 0.034069553 0.06862873 -0.12468976
v 0.031062067 0.0716362 -0.12547106
v 0.062694065 0.0515953 -0.11873368
v 0.034069553 0.056604177 -0.12468976
v 0.028900117 0.0515953 -0.13112211
v 0.063084714 0.056604177 -0.11282041
v 0.09198215 0.0515953 -0.09781515
v 0.08838602 0.056604177 -0.09431535
v 0.108491145 0.056604177 -0.07026626
v 0.114661284 0.0515953 -0.06985956
v 0.12221743 0.056604177 -0.042085916
v 0.1290993 0.0515953 -0.036889717
v -0.028900102 0.0515953 0.1311221
v -0.034069538 0.056604177 0.12468974
v -0.028900102 0.06662731 0.1311221
v -0.034069538 0.06862873 0.12468441
v -0.031056702 0.0716362 0.1255192
v -0.06269404 0.0515953 0.11873366
v -0.034069538 0.056604177 0.12468974
v -0.028900102 0.0515953 0.1311221
v -0.06308469 0.056604177 0.1128204
v -0.09198214 0.0515953 0.09781514
v -0.088386014 0.056604177 0.094315335
v -0.10849114 0.056604177 0.07026625
v -0.11466126 0.0515953 0.06985955
v -0.1222174 0.056604177 0.0420859
v -0.1290993 0.0515953 0.036889717
v 0.09569065 0.1217358 0.022044986
v 0.09708201 0.1217358 0.01476711
v 0.10235847 0.1217358 0.022039637
v 0.09791683 0.1217358 0.007403627
v 0.10503416 0.12173043 -0.0038984865
v 0.0981951 0.1217358 2.6673079E-06
v 0.09791683 0.1217358 -0.007403642
v 0.09708201 0.1217358 -0.014767125
v 0.10217652 0.1217358 -0.022045001
v 0.09569065 0.1217358 -0.022045001
v 0.10633454 0.12078859 -0.02291727
v 0.10741017 0.12131302 2.6673079E-06
v 0.1100484 0.12007685 2.6673079E-06
v 0.10633454 0.12078859 0.022911906
v 0.11110262 0.11812897 -0.015837401
v 0.10970591 0.118134305 -0.023655772
v 0.12980032 0.09448658 -0.02362901
v 0.11110262 0.11812897 0.015837386
v 0.10970591 0.11812897 0.023655757
v 0.12976287 0.094529375 0.023639694
v 0.13099903 0.09446518 0.01579994
v 0.13154487 0.09145771 0.02374138
v 0.11194278 0.11812897 0.007938758
v 0.13099903 0.09446518 -0.01579994
v 0.11194278 0.11812897 -0.007938772
v 0.1322138 0.09379624 -0.008955538
v 0.13151276 0.09155403 -0.023714632
v 0.112221055 0.11812897 2.6673079E-06
v 0.13171077 0.09446518 0.00791201
v 0.13309678 0.09192328 0.0108552575
v 0.13258305 0.09368922 -0.00011506677
v 0.13342321 0.0910296 -0.010828525
v 0.13395834 0.089017466 0.009014383
v 0.13216564 0.08804886 0.023677155
v 0.13366938 0.09145771 2.6673079E-06
v 0.13426338 0.089038864 6.689131E-05
v 0.13326266 0.08789368 -0.01650633
v 0.13216564 0.08804886 -0.02367717
v 0.13216564 0.06662731 -0.02367717
v 0.13326803 0.08788298 0.016463503
v 0.13216564 0.06662731 0.023677155
v 0.13403326 0.06662731 0.0079280585
v 0.13403326 0.08804886 -0.007928073
v 0.1328292 0.036563277 -0.01860407
v 0.1290993 0.06662731 -0.036889717
v 0.1290993 0.0515953 -0.036889717
v 0.12750459 0.036563277 -0.042085916
v 0.114661284 0.0515953 -0.06985956
v 0.12750459 0.004717231 -0.042085916
v 0.10952396 0.0045031756 -0.07767256
v 0.09198215 0.0515953 -0.09781515
v 0.0818841 0.0045031756 -0.10640946
v 0.062694065 0.0515953 -0.11873368
v 0.047025234 0.0045031756 -0.12576538
v 0.028900117 0.0515953 -0.13112211
v 0.13403326 0.06662731 -0.007928073
v 0.13426873 0.036563277 2.6673079E-06
v 0.1328292 0.036563277 0.018604055
v 0.1290993 0.0515953 0.036889717
v 0.1290993 0.06662731 0.036889717
v 0.12750459 0.036563277 0.0420859
v 0.114661284 0.0515953 0.06985955
v 0.12750459 0.004717231 0.0420859
v 0.10952396 0.0045031756 0.077672556
v 0.09198215 0.0515953 0.09781514
v 0.0818841 0.0045031756 0.106409445
v 0.062694065 0.0515953 0.11873366
v 0.047025234 0.0045031756 0.12576537
v 0.028900117 0.0515953 0.1311221
v 0.028900117 0.04959388 0.1311221
v 0.0080136955 0.004551336 0.13402791
v 0.021991491 0.04959388 0.13245459
v 0.028894767 0.06667547 0.13111676
v 0.015023991 0.04959388 0.1334232
v 0.0080136955 0.036563277 0.13402791
v -2.6673079E-06 0.06662731 0.13426872
v 0.0080136955 0.04959388 0.13402791
v -0.008013681 0.036568627 0.13404931
v -0.015023977 0.03957075 0.1334232
v -0.028900102 0.06662731 0.1311221
v -0.008013681 0.004551336 0.13403861
v -0.021991476 0.03957075 0.13245459
v -0.028900102 0.0515953 0.1311221
v -0.028900102 0.03957075 0.1311221
v -0.04702522 0.0045031756 0.12576537
v -0.06269404 0.0515953 0.11873366
v -0.08188407 0.0045031756 0.106409445
v -0.09198214 0.0515953 0.09781514
v -0.10952394 0.0045031756 0.077672556
v -0.11466126 0.0515953 0.06985955
v -0.12750457 0.0045994967 0.0420859
v -0.12750457 0.036563277 0.0420859
v -0.1290993 0.0515953 0.036889717
v -0.1328292 0.036563277 0.018604055
v -0.1290993 0.06662731 0.036889717
v -0.13216563 0.06662731 0.023677155
v -0.13326265 0.08789368 0.016506314
v -0.13216563 0.08804886 0.023677155
v -0.13151275 0.09155403 0.023714617
v -0.13403325 0.06662731 0.0079280585
v -0.13426872 0.036563277 2.6673079E-06
v -0.13403325 0.08804886 0.0079280585
v -0.1334232 0.0910296 0.01082851
v -0.13426335 0.089038864 -6.6906214E-05
v -0.13221379 0.09379624 0.008955523
v -0.1298003 0.09448658 0.023628995
v -0.13403325 0.06662731 -0.007928073
v -0.1328292 0.036563277 -0.01860407
v -0.13258304 0.09368922 0.000115051866
v -0.13366936 0.09145771 2.6673079E-06
v -0.13309677 0.09192328 -0.010855272
v -0.13395832 0.089017466 -0.009014398
v -0.13326801 0.08788298 -0.016463518
v -0.13216563 0.08804886 -0.02367717
v -0.13216563 0.06662731 -0.02367717
v -0.13154487 0.09145771 -0.023741394
v -0.1290993 0.0515953 -0.036889717
v -0.1290993 0.06662731 -0.036889717
v -0.12750457 0.036563277 -0.042085916
v -0.11466126 0.0515953 -0.06985956
v -0.12750457 0.0045994967 -0.042085916
v -0.10952394 0.0045031756 -0.07767256
v -0.09198214 0.0515953 -0.09781515
v -0.08188407 0.0045031756 -0.10640946
v -0.06269404 0.0515953 -0.11873368
v -0.04702522 0.0045031756 -0.12576538
v -0.028900102 0.0515953 -0.13112211
v -0.13099901 0.09446518 -0.01579994
v -0.12976284 0.094529375 -0.023639709
v -0.028900102 0.04959388 -0.13112211
v -0.008013681 0.0045031756 -0.13402791
v -0.021991476 0.04959388 -0.1324546
v -0.028900102 0.06662731 -0.13112211
v -0.015023977 0.04959388 -0.13342321
v -2.6673079E-06 0.06662731 -0.13426873
v -0.13171075 0.09446518 -0.00791201
v -0.111102596 0.11812897 -0.015837401
v -0.10970588 0.11812897 -0.023655772
v -0.10633452 0.12078859 -0.022911921
v -0.11004837 0.12007685 2.6673079E-06
v -0.11194278 0.11812897 -0.007938772
v -0.11222105 0.11812897 2.6673079E-06
v -0.11194278 0.11812897 0.007938758
v -0.13099901 0.09446518 0.01579994
v -0.111102596 0.11812897 0.015837386
v -0.10970588 0.118134305 0.023655757
v -0.10633452 0.12078859 0.02291727
v -0.10741015 0.12131302 2.6673079E-06
v -0.10503413 0.12173043 0.0038984716
v -0.102358446 0.1217358 -0.022039652
v -0.1021765 0.1217358 0.022044986
v -0.097082004 0.1217358 0.01476711
v -0.09569065 0.1217358 0.022044986
v -0.0979168 0.1217358 0.007403627
v -0.09819509 0.1217358 2.6673079E-06
v -0.0979168 0.1217358 -0.007403642
v -0.097082004 0.1217358 -0.014767125
v -0.09569065 0.1217358 -0.022045001
v -0.06269404 0.0515953 -0.11873368
v -0.028900102 0.0515953 -0.13112211
v -0.034069538 0.056604177 -0.12468976
v -0.06308469 0.056604177 -0.11282041
v -0.09198214 0.0515953 -0.09781515
v -0.088386014 0.056604177 -0.09431535
v -0.10849114 0.056604177 -0.07026626
v -0.11466126 0.0515953 -0.06985956
v -0.1222174 0.056604177 -0.042085916
v -0.1290993 0.0515953 -0.036889717
v -0.028900102 0.0515953 -0.13112211
v -0.028900102 0.06662731 -0.13112211
v -0.034069538 0.056604177 -0.12468976
v -0.034069538 0.06862873 -0.12468976
v -0.031056702 0.0716362 -0.12551923
v 0.062694065 0.0515953 0.11873366
v 0.028900117 0.0515953 0.1311221
v 0.034069553 0.056604177 0.12468974
v 0.063084714 0.056604177 0.1128204
v 0.09198215 0.0515953 0.09781514
v 0.08838602 0.056604177 0.094315335
v 0.108491145 0.056604177 0.07026625
v 0.114661284 0.0515953 0.06985955
v 0.12221743 0.056604177 0.0420859
v 0.1290993 0.0515953 0.036889717
v 0.028900117 0.0515953 0.1311221
v 0.028894767 0.06667547 0.13111676
v 0.034069553 0.056604177 0.12468974
v 0.034069553 0.06862873 0.12468974
v 0.031062067 0.0716362 0.12547104
v 0.1290993 0.0515953 0.036889717
v 0.12221743 0.056604177 0.0420859
v 0.1290993 0.06662731 0.036889717
v 0.12221743 0.06862873 0.0420859
v 0.123212785 0.0716362 0.03907843
v -0.1290993 0.0515953 -0.036889717
v -0.1222174 0.056604177 -0.042085916
v -0.1290993 0.06662731 -0.036889717
v -0.1222174 0.06862873 -0.042085916
v -0.12321277 0.0716362 -0.03907843
v 0.13216564 0.08804886 0.023677155
v 0.13216564 0.06662731 0.023677155
v 0.12611324 0.0716255 0.028621837
v 0.12433122 0.0892797 0.03006135
v 0.12434727 0.0716362 0.03006135
v 0.13154487 0.09145771 0.02374138
v 0.12976287 0.094529375 0.023639694
v 0.10341269 0.11367126 0.03006135
v 0.10970591 0.11812897 0.023655757
v 0.10633454 0.12078859 0.022911906
v 0.10235847 0.1217358 0.022039637
v 0.09569065 0.1217358 0.022044986
v 0.093480535 0.11371942 0.03006135
v 0.12611324 0.0716255 0.028621837
v 0.13216564 0.06662731 0.023677155
v 0.1290993 0.06662731 0.036889717
v 0.123212785 0.0716362 0.03907843
v -0.13216563 0.08804886 -0.02367717
v -0.13216563 0.06662731 -0.02367717
v -0.12611322 0.0716255 -0.028621852
v -0.12433122 0.0892797 -0.030061364
v -0.124347255 0.0716362 -0.030061364
v -0.13154487 0.09145771 -0.023741394
v -0.12976284 0.094529375 -0.023639709
v -0.10341267 0.11367126 -0.030061364
v -0.10970588 0.11812897 -0.023655772
v -0.10633452 0.12078859 -0.022911921
v -0.102358446 0.1217358 -0.022039652
v -0.09569065 0.1217358 -0.022045001
v -0.09348051 0.11371942 -0.030061364
v -0.12611322 0.0716255 -0.028621852
v -0.13216563 0.06662731 -0.02367717
v -0.1290993 0.06662731 -0.036889717
v -0.12321277 0.0716362 -0.03907843
v -0.13216563 0.06662731 0.023677155
v -0.13216563 0.08804886 0.023677155
v -0.12611322 0.0716255 0.028621837
v -0.12433122 0.08924757 0.03006135
v -0.124347255 0.0716362 0.03006135
v -0.13151275 0.09155403 0.023714617
v -0.1298003 0.09448658 0.023628995
v -0.10970588 0.118134305 0.023655757
v -0.10379799 0.11319499 0.03006135
v -0.10245477 0.11373548 0.03006135
v -0.10633452 0.12078859 0.02291727
v -0.1021765 0.1217358 0.022044986
v -0.09569065 0.1217358 0.022044986
v -0.09348051 0.11371942 0.03006135
v -0.13216563 0.06662731 0.023677155
v -0.12611322 0.0716255 0.028621837
v -0.1290993 0.06662731 0.036889717
v -0.12321277 0.0716362 0.03907843
v 0.13216564 0.06662731 -0.02367717
v 0.13216564 0.08804886 -0.02367717
v 0.12611324 0.0716255 -0.028621852
v 0.12433122 0.08924757 -0.030061364
v 0.12434727 0.0716362 -0.030061364
v 0.13151276 0.09155403 -0.023714632
v 0.12980032 0.09448658 -0.02362901
v 0.10970591 0.118134305 -0.023655772
v 0.10379799 0.11319499 -0.030061364
v 0.10245479 0.11373548 -0.030061364
v 0.10633454 0.12078859 -0.02291727
v 0.10217652 0.1217358 -0.022045001
v 0.09569065 0.1217358 -0.022045001
v 0.093480535 0.11371942 -0.030061364
v 0.13216564 0.06662731 -0.02367717
v 0.12611324 0.0716255 -0.028621852
v 0.1290993 0.06662731 -0.036889717
v 0.123212785 0.0716362 -0.03907843
v 0.1290993 0.0515953 -0.036889717
v 0.1290993 0.06662731 -0.036889717
v 0.12221743 0.056604177 -0.042085916
v 0.12221743 0.06862873 -0.042085916
v 0.123212785 0.0716362 -0.03907843
v -0.1290993 0.0515953 0.036889717
v -0.1290993 0.06662731 0.036889717
v -0.1222174 0.056604177 0.0420859
v -0.1222174 0.06862873 0.0420859
v -0.12321277 0.0716362 0.03907843
v -0.034069538 0.06862873 -0.102711655
v -0.031062067 0.0716362 -0.1005283
v -0.05910863 0.0716362 -0.087037474
v -0.061457887 0.06862873 -0.089071
v -0.08198042 0.0716362 -0.06594235
v -0.08393367 0.06862873 -0.06830765
v -0.09969883 0.06862873 -0.042085916
v -0.09768669 0.0716362 -0.03907843
v -0.034069538 0.06862873 -0.12468976
v -0.031062067 0.0716362 -0.1005283
v -0.034069538 0.06862873 -0.102711655
v -0.031056702 0.0716362 -0.12551923
v 0.08198042 0.0716362 -0.06594235
v 0.099698834 0.06862873 -0.042085916
v 0.097686715 0.0716362 -0.03907843
v 0.083933674 0.06862873 -0.06830765
v 0.061457895 0.06862873 -0.089071
v 0.059108637 0.0716362 -0.087037474
v 0.034069553 0.06862873 -0.102711655
v 0.031062067 0.0716362 -0.10052294
v 0.097686715 0.0716362 -0.03907843
v 0.099698834 0.06862873 -0.042085916
v 0.12221743 0.06862873 -0.042085916
v 0.123212785 0.0716362 -0.03907843
v 0.08198042 0.0716362 0.06594233
v 0.097686715 0.0716362 0.03907843
v 0.099698834 0.06862873 0.0420859
v 0.083933674 0.06862873 0.06830764
v 0.061457895 0.06862873 0.08907099
v 0.059108637 0.0716362 0.08703746
v 0.034069553 0.06862873 0.10271163
v 0.031062067 0.0716362 0.10052292
v 0.099698834 0.06862873 0.0420859
v 0.097686715 0.0716362 0.03907843
v 0.12221743 0.06862873 0.0420859
v 0.123212785 0.0716362 0.03907843
v -0.05910863 0.0716362 0.08703746
v -0.031062067 0.0716362 0.100528285
v -0.034069538 0.06862873 0.10271163
v -0.061457887 0.06862873 0.08907099
v -0.08198042 0.0716362 0.06594233
v -0.08393367 0.06862873 0.06830764
v -0.09969883 0.06862873 0.0420859
v -0.09768669 0.0716362 0.03907843
v -0.031062067 0.0716362 0.100528285
v -0.034069538 0.06862873 0.12468441
v -0.034069538 0.06862873 0.10271163
v -0.031056702 0.0716362 0.1255192
v -0.09768669 0.0716362 0.03907843
v -0.09969883 0.06862873 0.0420859
v -0.1222174 0.06862873 0.0420859
v -0.12321277 0.0716362 0.03907843
v -0.09969883 0.06862873 -0.042085916
v -0.09768669 0.0716362 -0.03907843
v -0.1222174 0.06862873 -0.042085916
v -0.12321277 0.0716362 -0.03907843
v 0.031062067 0.0716362 -0.10052294
v 0.034069553 0.06862873 -0.12468976
v 0.034069553 0.06862873 -0.102711655
v 0.031062067 0.0716362 -0.12547106
v 0.034069553 0.06862873 0.12468974
v 0.031062067 0.0716362 0.10052292
v 0.034069553 0.06862873 0.10271163
v 0.031062067 0.0716362 0.12547104
v 0.022045001 0.06862873 0.09570135
v 0.025052473 0.0716362 0.09494679
v 0.025052473 0.0716362 0.112954184
v 0.022045001 0.06862873 0.112954184
v 0.024169505 0.0716362 0.11660917
v 0.021493807 0.06862873 0.11523922
v 0.01995796 0.06862873 0.11702122
v 0.021713212 0.0716362 0.11946146
v 0.017779961 0.06862873 0.1179042
v 0.01822947 0.0716362 0.120879576
v 0.0127764195 0.06863408 0.118562415
v 0.006097898 0.0716362 0.12209432
v 0.0059480667 0.06862873 0.11909221
v -2.6673079E-06 0.06862873 0.11923669
v -0.006097883 0.0716362 0.12209432
v -0.005948052 0.06862873 0.11909221
v -0.012578398 0.06864478 0.11858918
v -0.018229455 0.0716362 0.120879576
v -0.017779946 0.06862873 0.1179042
v -0.01995796 0.06862873 0.11702122
v -0.021713212 0.0716362 0.11946146
v -0.021493793 0.06862873 0.11523922
v -0.02416949 0.0716362 0.11660917
v -0.025052458 0.0716362 0.112954184
v -0.022044986 0.06862873 0.112954184
v -0.022044986 0.06862873 0.09570135
v -0.025052458 0.0716362 0.09494679
v -0.022044986 0.06862873 -0.09570135
v -0.025052458 0.0716362 -0.09494681
v -0.025052458 0.0716362 -0.11295419
v -0.022044986 0.06862873 -0.11295419
v -0.02416949 0.0716362 -0.116609186
v -0.021493793 0.06862873 -0.11523923
v -0.021713212 0.0716362 -0.11946147
v -0.01995796 0.06862873 -0.11702124
v -0.018229455 0.0716362 -0.12087958
v -0.017779946 0.06862873 -0.117904216
v -0.011877373 0.06862873 -0.11864806
v -0.006097883 0.0716362 -0.12209435
v -0.005948052 0.06862873 -0.119092226
v -2.6673079E-06 0.06862873 -0.11923671
v 0.006097898 0.0716362 -0.12209435
v 0.0059480667 0.06862873 -0.119092226
v 0.012583762 0.06864478 -0.11858919
v 0.01822947 0.0716362 -0.12087958
v 0.017779961 0.06862873 -0.117904216
v 0.01995796 0.06862873 -0.11702124
v 0.021713212 0.0716362 -0.11946147
v 0.021493807 0.06862873 -0.11523923
v 0.024169505 0.0716362 -0.116609186
v 0.022045001 0.06862873 -0.11295419
v 0.025052473 0.0716362 -0.11295419
v 0.022045001 0.06862873 -0.09570135
v 0.025052473 0.0716362 -0.09494681
v -0.12611322 0.0716255 0.028621837
v -0.124347255 0.0716362 0.03006135
v -0.12321277 0.0716362 0.03907843
v -0.09768669 0.0716362 0.03907843
v -0.09348051 0.0716362 0.03006135
v -0.07846992 0.0716362 0.059039056
v -0.08198042 0.0716362 0.06594233
v -0.054784715 0.0716362 0.08149342
v -0.05910863 0.0716362 0.08703746
v -0.025052458 0.0716362 0.09494679
v -0.031062067 0.0716362 0.100528285
v -0.025052458 0.0716362 0.112954184
v -0.031056702 0.0716362 0.1255192
v -0.02416949 0.0716362 0.11660917
v -0.021713212 0.0716362 0.11946146
v -0.018229455 0.0716362 0.120879576
v -0.006097883 0.0716362 0.12209432
v -2.6673079E-06 0.0716362 0.12925984
v 0.006097898 0.0716362 0.12209432
v 0.031062067 0.0716362 0.12547104
v 0.01822947 0.0716362 0.120879576
v 0.021713212 0.0716362 0.11946146
v 0.024169505 0.0716362 0.11660917
v 0.025052473 0.0716362 0.112954184
v 0.031062067 0.0716362 0.10052292
v 0.025052473 0.0716362 0.09494679
v 0.059108637 0.0716362 0.08703746
v 0.05478473 0.0716362 0.08149342
v 0.08198042 0.0716362 0.06594233
v 0.078469925 0.0716362 0.059039056
v 0.097686715 0.0716362 0.03907843
v 0.093480535 0.0716362 0.03006135
v 0.12434727 0.0716362 0.03006135
v 0.123212785 0.0716362 0.03907843
v 0.12611324 0.0716255 0.028621837
v -0.12321277 0.0716362 -0.03907843
v -0.124347255 0.0716362 -0.030061364
v -0.12611322 0.0716255 -0.028621852
v -0.09768669 0.0716362 -0.03907843
v -0.09348051 0.0716362 -0.030061364
v -0.07846992 0.0716362 -0.05903907
v -0.08198042 0.0716362 -0.06594235
v -0.054784715 0.0716362 -0.08149345
v -0.05910863 0.0716362 -0.087037474
v -0.025052458 0.0716362 -0.09494681
v -0.031062067 0.0716362 -0.1005283
v -0.025052458 0.0716362 -0.11295419
v -0.031056702 0.0716362 -0.12551923
v -0.02416949 0.0716362 -0.116609186
v -0.021713212 0.0716362 -0.11946147
v -0.018229455 0.0716362 -0.12087958
v -0.006097883 0.0716362 -0.12209435
v -2.6673079E-06 0.0716362 -0.12925984
v 0.006097898 0.0716362 -0.12209435
v 0.031062067 0.0716362 -0.12547106
v 0.01822947 0.0716362 -0.12087958
v 0.021713212 0.0716362 -0.11946147
v 0.024169505 0.0716362 -0.116609186
v 0.025052473 0.0716362 -0.11295419
v 0.031062067 0.0716362 -0.10052294
v 0.025052473 0.0716362 -0.09494681
v 0.059108637 0.0716362 -0.087037474
v 0.05478473 0.0716362 -0.08149345
v 0.08198042 0.0716362 -0.06594235
v 0.078469925 0.0716362 -0.05903907
v 0.097686715 0.0716362 -0.03907843
v 0.093480535 0.0716362 -0.030061364
v 0.12434727 0.0716362 -0.030061364
v 0.123212785 0.0716362 -0.03907843
v 0.12611324 0.0716255 -0.028621852
v 0.1328292 0.036563277 -0.01860407
v 0.1328292 0.0049366355 -0.01860407
v 0.13426873 0.0049366355 2.6673079E-06
v 0.13426873 0.036563277 2.6673079E-06
v 0.1328292 0.036563277 0.018604055
v 0.1328292 0.0049366355 0.018604055
v 0.12750459 0.004717231 0.0420859
v 0.12750459 0.036563277 0.0420859
v 0.13426873 0.036563277 2.6673079E-06
v 0.13426873 0.0049366355 2.6673079E-06
v 0.1328292 0.0049366355 0.018604055
v 0.1328292 0.036563277 0.018604055
v 0.12750459 0.036563277 -0.042085916
v 0.12750459 0.004717231 -0.042085916
v 0.1328292 0.0049366355 -0.01860407
v 0.1328292 0.036563277 -0.01860407
v 0.0080136955 0.004551336 0.13402791
v -0.008013681 0.004551336 0.13403861
v -0.008013681 0.036568627 0.13404931
v -0.1328292 0.036563277 -0.01860407
v -0.1328292 0.0047011822 -0.01860407
v -0.12750457 0.0045994967 -0.042085916
v -0.12750457 0.036563277 -0.042085916
v -0.1328292 0.036563277 0.018604055
v -0.1328292 0.0047011822 0.018604055
v -0.13426872 0.0047011822 2.6673079E-06
v -0.13426872 0.036563277 2.6673079E-06
v -0.13426872 0.036563277 2.6673079E-06
v -0.13426872 0.0047011822 2.6673079E-06
v -0.1328292 0.0047011822 -0.01860407
v -0.1328292 0.036563277 -0.01860407
v -0.12750457 0.036563277 0.0420859
v -0.12750457 0.0045994967 0.0420859
v -0.1328292 0.0047011822 0.018604055
v -0.1328292 0.036563277 0.018604055
v 0.011390418 0.111718014 -0.09753153
v 0.011390418 -0.014611945 -0.09753153
v 0.01703611 -0.014611945 -0.09670741
v 0.01703611 0.111718014 -0.09670741
v -0.022044986 0.06862873 0.09570135
v -0.022044986 -0.014611945 0.09570135
v -0.022044986 -0.014611945 0.112954184
v -0.022044986 0.06862873 0.112954184
v 0.022045001 0.06862873 -0.09570135
v 0.022045001 -0.014611945 -0.09570135
v 0.022045001 -0.014611945 -0.11295419
v 0.022045001 0.06862873 -0.11295419
v -0.025052458 0.0716362 -0.09494681
v -0.025052458 -0.014611945 -0.09494681
v -0.022044986 -0.014611945 -0.09569065
v -0.022044986 0.10670377 -0.09569065
v 0.025052473 0.0716362 0.09494679
v 0.025052473 -0.014611945 0.09494679
v 0.022045001 -0.014611945 0.09569065
v 0.022045001 0.10670377 0.09569065
v -0.022044986 0.10670377 0.09569065
v -0.022044986 -0.014611945 0.09569065
v -0.025052458 -0.014611945 0.09494679
v -0.025052458 0.0716362 0.09494679
v 0.022045001 0.06862873 0.112954184
v 0.022045001 -0.014611945 0.112954184
v 0.022045001 -0.014611945 0.09570135
v 0.022045001 0.06862873 0.09570135
v -0.022044986 0.06862873 -0.11295419
v -0.022044986 -0.014611945 -0.11295419
v -0.022044986 -0.014611945 -0.09570135
v -0.022044986 0.06862873 -0.09570135
v 0.022045001 0.10670377 -0.09569065
v 0.022045001 -0.014611945 -0.09569065
v 0.025052473 -0.014611945 -0.09494681
v 0.025052473 0.0716362 -0.09494681
v -2.6673079E-06 0.06862873 0.11923669
v -2.6673079E-06 -0.014611945 0.11923669
v 0.0059480667 -0.014611945 0.11909221
v 0.0059480667 0.06862873 0.11909221
v -2.6673079E-06 0.06862873 -0.11923671
v -2.6673079E-06 -0.014611945 -0.11923671
v -0.005948052 -0.014611945 -0.119092226
v -0.005948052 0.06862873 -0.119092226
v -0.011390403 0.111718014 0.09753151
v -0.011390403 -0.014611945 0.09753151
v -0.017036095 -0.014611945 0.09670739
v -0.017036095 0.111718014 0.09670739
v 0.012583762 0.06864478 -0.11858919
v 0.012583762 -0.014611945 -0.11858919
v 0.0059480667 -0.014611945 -0.119092226
v 0.0059480667 0.06862873 -0.119092226
v -0.017036095 0.111718014 -0.09670741
v -0.017036095 -0.014611945 -0.09670741
v -0.011390403 -0.014611945 -0.09753153
v -0.011390403 0.111718014 -0.09753153
v -0.012578398 0.06864478 0.11858918
v -0.012578398 -0.014611945 0.11858918
v -0.005948052 -0.014611945 0.11909221
v -0.005948052 0.06862873 0.11909221
v 0.01703611 0.111718014 0.09670739
v 0.01703611 -0.014611945 0.09670739
v 0.011390418 -0.014611945 0.09753151
v 0.011390418 0.111718014 0.09753151
v -0.01995796 0.06862873 -0.11702124
v -0.01995796 -0.014611945 -0.11702124
v -0.021493793 -0.014611945 -0.11523923
v -0.021493793 0.06862873 -0.11523923
v 0.022045001 0.06862873 0.09570135
v 0.022045001 -0.014611945 0.09570135
v 0.025052473 -0.014611945 0.09494679
v 0.025052473 0.0716362 0.09494679
v -0.022044986 0.06862873 -0.09570135
v -0.022044986 -0.014611945 -0.09570135
v -0.025052458 -0.014611945 -0.09494681
v -0.025052458 0.0716362 -0.09494681
v 0.025052473 0.0716362 -0.09494681
v 0.025052473 -0.014611945 -0.09494681
v 0.022045001 -0.014611945 -0.09570135
v 0.022045001 0.06862873 -0.09570135
v -0.025052458 0.0716362 0.09494679
v -0.025052458 -0.014611945 0.09494679
v -0.022044986 -0.014611945 0.09570135
v -0.022044986 0.06862873 0.09570135
v 0.01995796 0.06862873 0.11702122
v 0.01995796 -0.014611945 0.11702122
v 0.021493807 -0.014611945 0.11523922
v 0.021493807 0.06862873 0.11523922
v -0.021493793 0.06862873 0.11523922
v -0.021493793 -0.014611945 0.11523922
v -0.01995796 -0.014611945 0.11702122
v -0.01995796 0.06862873 0.11702122
v 0.021493807 0.06862873 -0.11523923
v 0.021493807 -0.014611945 -0.11523923
v 0.01995796 -0.014611945 -0.11702124
v 0.01995796 0.06862873 -0.11702124
v 0.020578727 0.110246375 0.09601708
v 0.020578727 -0.014611945 0.09601708
v 0.018946558 -0.014611945 0.09634887
v 0.018946558 0.111338064 0.09634887
v -0.020578712 0.110246375 0.09601708
v -0.020578712 -0.014611945 0.09601708
v -0.021659687 -0.014611945 0.095776275
v -0.021659687 0.108630255 0.095776275
v 0.020578727 0.110246375 -0.096017085
v 0.020578727 -0.014611945 -0.096017085
v 0.021659702 -0.014611945 -0.095776275
v 0.021659702 0.108630255 -0.095776275
v -0.021659687 0.108630255 -0.095776275
v -0.021659687 -0.014611945 -0.095776275
v -0.020578712 -0.014611945 -0.096017085
v -0.020578712 0.110246375 -0.096017085
v 0.0127764195 0.06863408 0.118562415
v 0.0127764195 -0.014611945 0.118562415
v 0.017779961 -0.014611945 0.1179042
v 0.017779961 0.06862873 0.1179042
v -0.011877373 0.06862873 -0.11864806
v -0.011877373 -0.014611945 -0.11864806
v -0.017779946 -0.014611945 -0.117904216
v -0.017779946 0.06862873 -0.117904216
v -2.6673079E-06 0.111718014 -0.0981951
v -2.6673079E-06 -0.014611945 -0.0981951
v 0.0057018995 -0.014611945 -0.0980292
v 0.0057018995 0.111718014 -0.0980292
v 0.0057018995 0.111718014 0.09802918
v 0.0057018995 -0.014611945 0.09802918
v -2.6673079E-06 -0.014611945 0.09819509
v -2.6673079E-06 0.111718014 0.09819509
v 0.017779961 0.06862873 -0.117904216
v 0.017779961 -0.014611945 -0.117904216
v 0.012583762 -0.014611945 -0.11858919
v 0.012583762 0.06864478 -0.11858919
v -0.01995796 0.06862873 0.11702122
v -0.01995796 -0.014611945 0.11702122
v -0.017779946 -0.014611945 0.1179042
v -0.017779946 0.06862873 0.1179042
v 0.021659702 0.108630255 0.095776275
v 0.021659702 -0.014611945 0.095776275
v 0.020578727 -0.014611945 0.09601708
v 0.020578727 0.110246375 0.09601708
v -0.018951893 0.111338064 0.09634887
v -0.018951893 -0.014611945 0.09634887
v -0.020578712 -0.014611945 0.09601708
v -0.020578712 0.110246375 0.09601708
v -0.020578712 0.110246375 -0.096017085
v -0.020578712 -0.014611945 -0.096017085
v -0.018951893 -0.014611945 -0.096348874
v -0.018951893 0.111338064 -0.096348874
v 0.018946558 0.111338064 -0.096348874
v 0.018946558 -0.014611945 -0.096348874
v 0.020578727 -0.014611945 -0.096017085
v 0.020578727 0.110246375 -0.096017085
v 0.022045001 0.06862873 -0.11295419
v 0.022045001 -0.014611945 -0.11295419
v 0.021493807 -0.014611945 -0.11523923
v 0.021493807 0.06862873 -0.11523923
v -0.022044986 0.06862873 0.112954184
v -0.022044986 -0.014611945 0.112954184
v -0.021493793 -0.014611945 0.11523922
v -0.021493793 0.06862873 0.11523922
v 0.021493807 0.06862873 0.11523922
v 0.021493807 -0.014611945 0.11523922
v 0.022045001 -0.014611945 0.112954184
v 0.022045001 0.06862873 0.112954184
v -2.6673079E-06 0.111718014 0.09819509
v -2.6673079E-06 -0.014611945 0.09819509
v -0.0057018846 -0.014611945 0.09802918
v -0.0057018846 0.111718014 0.09802918
v 0.0057018995 0.111718014 0.09802918
v -2.6673079E-06 0.12875144 0.09819509
v 0.011390418 0.111718014 0.09753151
v -0.0057018846 0.111718014 0.09802918
v -0.011390403 0.111718014 0.09753151
v 0.01703611 0.111718014 0.09670739
v 0.030344993 0.12875144 0.093389556
v -0.017036095 0.111718014 0.09670739
v -0.030344978 0.12875144 0.093389556
v 0.018946558 0.111338064 0.09634887
v -0.018951893 0.111338064 0.09634887
v 0.020578727 0.110246375 0.09601708
v -0.020578712 0.110246375 0.09601708
v 0.021659702 0.108630255 0.095776275
v -0.021659687 0.108630255 0.095776275
v 0.022045001 0.10670377 0.09569065
v 0.025052473 0.0716362 0.09494679
v 0.05478473 0.0716362 0.08149342
v 0.05771728 0.12875144 0.07944386
v 0.078469925 0.0716362 0.059039056
v 0.07944387 0.12875144 0.057717264
v 0.093480535 0.0716362 0.03006135
v -0.022044986 0.10670377 0.09569065
v -0.025052458 0.0716362 0.09494679
v -0.054784715 0.0716362 0.08149342
v -0.057717264 0.12875144 0.07944386
v -0.07846992 0.0716362 0.059039056
v -0.07944386 0.12875144 0.057717264
v -0.09348051 0.0716362 0.03006135
v 0.09338956 0.12875144 0.030344978
v -0.093389556 0.12875144 0.030344978
v 0.093480535 0.11371942 0.03006135
v 0.09569065 0.1217358 0.022044986
v 0.09708201 0.1217358 0.01476711
v -0.09348051 0.11371942 0.03006135
v -0.09569065 0.1217358 0.022044986
v -0.097082004 0.1217358 0.01476711
v 0.0981951 0.12875144 2.6673079E-06
v -0.09819509 0.12875144 2.6673079E-06
v 0.09791683 0.1217358 0.007403627
v -0.0979168 0.1217358 0.007403627
v 0.0981951 0.1217358 2.6673079E-06
v 0.09791683 0.1217358 -0.007403642
v 0.09708201 0.1217358 -0.014767125
v -0.09819509 0.1217358 2.6673079E-06
v -0.0979168 0.1217358 -0.007403642
v -0.097082004 0.1217358 -0.014767125
v 0.09338956 0.12875144 -0.030344993
v -0.093389556 0.12875144 -0.030344993
v 0.09569065 0.1217358 -0.022045001
v 0.093480535 0.11371942 -0.030061364
v 0.093480535 0.0716362 -0.030061364
v 0.07944387 0.12875144 -0.05771728
v 0.078469925 0.0716362 -0.05903907
v 0.05771728 0.12875144 -0.07944387
v 0.05478473 0.0716362 -0.08149345
v 0.030344993 0.12875144 -0.09338956
v -0.09569065 0.1217358 -0.022045001
v -0.09348051 0.11371942 -0.030061364
v -0.09348051 0.0716362 -0.030061364
v -0.07944386 0.12875144 -0.05771728
v -0.07846992 0.0716362 -0.05903907
v -0.057717264 0.12875144 -0.07944387
v -0.054784715 0.0716362 -0.08149345
v -0.030344978 0.12875144 -0.09338956
v 0.025052473 0.0716362 -0.09494681
v -0.025052458 0.0716362 -0.09494681
v 0.022045001 0.10670377 -0.09569065
v -0.022044986 0.10670377 -0.09569065
v 0.021659702 0.108630255 -0.095776275
v -0.021659687 0.108630255 -0.095776275
v 0.020578727 0.110246375 -0.096017085
v 0.018946558 0.111338064 -0.096348874
v 0.01703611 0.111718014 -0.09670741
v -2.6673079E-06 0.12875144 -0.0981951
v -0.020578712 0.110246375 -0.096017085
v -0.018951893 0.111338064 -0.096348874
v -0.017036095 0.111718014 -0.09670741
v 0.011390418 0.111718014 -0.09753153
v -0.011390403 0.111718014 -0.09753153
v 0.0057018995 0.111718014 -0.0980292
v -0.0057018846 0.111718014 -0.0980292
v -2.6673079E-06 0.111718014 -0.0981951
v -0.0057018846 0.111718014 -0.0980292
v -0.0057018846 -0.014611945 -0.0980292
v -2.6673079E-06 -0.014611945 -0.0981951
v -2.6673079E-06 0.111718014 -0.0981951
v -0.021493793 0.06862873 -0.11523923
v -0.021493793 -0.014611945 -0.11523923
v -0.022044986 -0.014611945 -0.11295419
v -0.022044986 0.06862873 -0.11295419
v 0.017779961 0.06862873 0.1179042
v 0.017779961 -0.014611945 0.1179042
v 0.01995796 -0.014611945 0.11702122
v 0.01995796 0.06862873 0.11702122
v -0.017779946 0.06862873 -0.117904216
v -0.017779946 -0.014611945 -0.117904216
v -0.01995796 -0.014611945 -0.11702124
v -0.01995796 0.06862873 -0.11702124
v 0.01995796 0.06862873 -0.11702124
v 0.01995796 -0.014611945 -0.11702124
v 0.017779961 -0.014611945 -0.117904216
v 0.017779961 0.06862873 -0.117904216
v -0.017779946 0.06862873 0.1179042
v -0.017779946 -0.014611945 0.1179042
v -0.012578398 -0.014611945 0.11858918
v -0.012578398 0.06864478 0.11858918
v -0.005948052 0.06862873 -0.119092226
v -0.005948052 -0.014611945 -0.119092226
v -0.011877373 -0.014611945 -0.11864806
v -0.011877373 0.06862873 -0.11864806
v 0.0059480667 0.06862873 0.11909221
v 0.0059480667 -0.014611945 0.11909221
v 0.0127764195 -0.014611945 0.118562415
v 0.0127764195 0.06863408 0.118562415
v -0.005948052 0.06862873 0.11909221
v -0.005948052 -0.014611945 0.11909221
v -2.6673079E-06 -0.014611945 0.11923669
v -2.6673079E-06 0.06862873 0.11923669
v 0.0059480667 0.06862873 -0.119092226
v 0.0059480667 -0.014611945 -0.119092226
v -2.6673079E-06 -0.014611945 -0.11923671
v -2.6673079E-06 0.06862873 -0.11923671
v -0.021659687 0.108630255 0.095776275
v -0.021659687 -0.014611945 0.095776275
v -0.022044986 -0.014611945 0.09569065
v -0.022044986 0.10670377 0.09569065
v 0.021659702 0.108630255 -0.095776275
v 0.021659702 -0.014611945 -0.095776275
v 0.022045001 -0.014611945 -0.09569065
v 0.022045001 0.10670377 -0.09569065
v 0.022045001 0.10670377 0.09569065
v 0.022045001 -0.014611945 0.09569065
v 0.021659702 -0.014611945 0.095776275
v 0.021659702 0.108630255 0.095776275
v -0.022044986 0.10670377 -0.09569065
v -0.022044986 -0.014611945 -0.09569065
v -0.021659687 -0.014611945 -0.095776275
v -0.021659687 0.108630255 -0.095776275
v -0.018951893 0.111338064 -0.096348874
v -0.018951893 -0.014611945 -0.096348874
v -0.017036095 -0.014611945 -0.09670741
v -0.017036095 0.111718014 -0.09670741
v 0.018946558 0.111338064 0.09634887
v 0.018946558 -0.014611945 0.09634887
v 0.01703611 -0.014611945 0.09670739
v 0.01703611 0.111718014 0.09670739
v 0.01703611 0.111718014 -0.09670741
v 0.01703611 -0.014611945 -0.09670741
v 0.018946558 -0.014611945 -0.096348874
v 0.018946558 0.111338064 -0.096348874
v -0.017036095 0.111718014 0.09670739
v -0.017036095 -0.014611945 0.09670739
v -0.018951893 -0.014611945 0.09634887
v -0.018951893 0.111338064 0.09634887
v 0.0057018995 0.111718014 -0.0980292
v 0.0057018995 -0.014611945 -0.0980292
v 0.011390418 -0.014611945 -0.09753153
v 0.011390418 0.111718014 -0.09753153
v 0.011390418 0.111718014 0.09753151
v 0.011390418 -0.014611945 0.09753151
v 0.0057018995 -0.014611945 0.09802918
v 0.0057018995 0.111718014 0.09802918
v -0.011390403 0.111718014 -0.09753153
v -0.011390403 -0.014611945 -0.09753153
v -0.0057018846 -0.014611945 -0.0980292
v -0.0057018846 0.111718014 -0.0980292
v -0.0057018846 0.111718014 0.09802918
v -0.0057018846 -0.014611945 0.09802918
v -0.011390403 -0.014611945 0.09753151
v -0.011390403 0.111718014 0.09753151
v 0.0080136955 0.0045031756 -0.13402791
v 0.028900117 0.036563277 -0.13112211
v 0.021991491 0.036563277 -0.1324546
v 0.028900117 0.06662731 -0.13112211
v 0.015023991 0.036563277 -0.13342321
v 0.0080136955 0.036563277 -0.13402791
v -0.008013681 0.04959388 -0.13402791
v -0.008013681 0.036563277 -0.13402791
v 0.028900117 0.06662731 -0.13112211
v 0.031062067 0.0716362 -0.12547106
v 0.018855587 0.06911035 -0.13046925
v -2.6673079E-06 0.06662731 -0.13426873
v -2.6673079E-06 0.0716362 -0.12925984
v -0.017860219 0.06913176 -0.13054417
v -0.031056702 0.0716362 -0.12551923
v -0.028900102 0.06662731 -0.13112211
v 0.017860234 0.06913176 0.13054414
v 0.028894767 0.06667547 0.13111676
v -2.6673079E-06 0.06662731 0.13426872
v 0.031062067 0.0716362 0.12547104
v -2.6673079E-06 0.0716362 0.12925984
v -0.017860219 0.06913176 0.13054414
v -0.031056702 0.0716362 0.1255192
v -0.028900102 0.06662731 0.1311221
v 0.027867302 0.13676782 0.08576919
v -2.6673079E-06 0.13676782 0.09017871
v -2.6673079E-06 0.13676782 0.08617054
v -0.027867287 0.13676782 0.08576919
v 0.026631132 0.13676782 0.08195366
v -0.026631117 0.13676782 0.08195366
v 0.053008072 0.13676782 0.07295799
v -0.05300805 0.13676782 0.07295799
v 0.050653465 0.13676782 0.06971505
v -0.050653458 0.13676782 0.06971505
v 0.072958 0.13676782 0.05300805
v -0.07295799 0.13676782 0.05300805
v 0.06971507 0.13676782 0.050653458
v -0.06971505 0.13676782 0.050653458
v -0.08576919 0.13676782 0.027867287
v -0.08195366 0.13676782 0.026631117
v 0.0857692 0.13676782 0.027867287
v 0.08195367 0.13676782 0.026631117
v 0.086170554 0.13676782 2.6673079E-06
v 0.090178736 0.13676782 2.6673079E-06
v 0.08195367 0.13676782 -0.026631132
v 0.0857692 0.13676782 -0.027867302
v 0.06971507 0.13676782 -0.050653465
v 0.072958 0.13676782 -0.053008072
v 0.050653465 0.13676782 -0.06971507
v 0.053008072 0.13676782 -0.072958
v 0.026631132 0.13676782 -0.08195367
v 0.027867302 0.13676782 -0.0857692
v -2.6673079E-06 0.13676782 -0.086170554
v -2.6673079E-06 0.13676782 -0.090178736
v -0.027867287 0.13676782 -0.0857692
v -0.026631117 0.13676782 -0.08195367
v -0.05300805 0.13676782 -0.072958
v -0.050653458 0.13676782 -0.06971507
v -0.07295799 0.13676782 -0.053008072
v -0.06971505 0.13676782 -0.050653465
v -0.08576919 0.13676782 -0.027867302
v -0.08195366 0.13676782 -0.026631132
v -0.09017871 0.13676782 2.6673079E-06
v -0.08617054 0.13676782 2.6673079E-06
v -2.6673079E-06 -0.1137355 0.08516984
v 0.022045001 -0.1137355 0.082269385
v -2.6673079E-06 -0.11874439 0.08016093
v -0.022044986 -0.1137355 0.082269385
v 0.02476886 -0.11874439 0.07623838
v -0.024768844 -0.11874439 0.07623838
v 0.042583585 -0.1137355 0.0737607
v -0.04258357 -0.1137355 0.0737607
v 0.047116205 -0.11874439 0.06485066
v -0.04711619 -0.11874439 0.06485066
v 0.060227074 -0.1137355 0.060227066
v -0.060227066 -0.1137355 0.060227066
v 0.064850666 -0.11874439 0.04711619
v -0.06485066 -0.11874439 0.04711619
v 0.07376071 -0.1137355 0.04258357
v -0.0737607 -0.1137355 0.04258357
v 0.076238394 -0.11874439 0.024768844
v -0.07623838 -0.11874439 0.024768844
v 0.0822694 -0.1137355 0.022044986
v -0.082269385 -0.1137355 0.022044986
v 0.08016095 -0.11874439 2.6673079E-06
v 0.085169844 -0.1137355 2.6673079E-06
v 0.0822694 -0.1137355 -0.022045001
v 0.076238394 -0.11874439 -0.02476886
v 0.07376071 -0.1137355 -0.042583585
v 0.064850666 -0.11874439 -0.047116205
v 0.060227074 -0.1137355 -0.060227074
v 0.047116205 -0.11874439 -0.064850666
v 0.042583585 -0.1137355 -0.07376071
v 0.02476886 -0.11874439 -0.076238394
v 0.022045001 -0.1137355 -0.0822694
v -0.08016093 -0.11874439 2.6673079E-06
v -0.08516984 -0.1137355 2.6673079E-06
v -0.082269385 -0.1137355 -0.022045001
v -0.07623838 -0.11874439 -0.02476886
v -0.0737607 -0.1137355 -0.042583585
v -0.06485066 -0.11874439 -0.047116205
v -0.060227066 -0.1137355 -0.060227074
v -0.04711619 -0.11874439 -0.064850666
v -0.04258357 -0.1137355 -0.07376071
v -0.024768844 -0.11874439 -0.076238394
v -0.022044986 -0.1137355 -0.0822694
v -2.6673079E-06 -0.11874439 -0.08016095
v -2.6673079E-06 -0.1137355 -0.085169844
v -2.6673079E-06 0.13376035 0.0831684
v 0.026631132 0.13676782 0.08195366
v -2.6673079E-06 0.13676782 0.08617054
v -0.026631117 0.13676782 0.08195366
v 0.025699988 0.13376035 0.079096004
v -0.025699988 0.13376035 0.079096004
v 0.050653465 0.13676782 0.06971505
v -0.050653458 0.13676782 0.06971505
v 0.048882157 0.13376035 0.06728552
v -0.04888214 0.13376035 0.06728552
v 0.06971507 0.13676782 0.050653458
v -0.06971505 0.13676782 0.050653458
v 0.067285545 0.13376035 0.04888214
v -0.06728552 0.13376035 0.04888214
v 0.08195367 0.13676782 0.026631117
v -0.08195366 0.13676782 0.026631117
v 0.079096034 0.13376035 0.025699988
v -0.079096004 0.13376035 0.025699988
v 0.086170554 0.13676782 2.6673079E-06
v -0.08617054 0.13676782 2.6673079E-06
v 0.08316843 0.13376035 2.6673079E-06
v -0.0831684 0.13376035 2.6673079E-06
v 0.08195367 0.13676782 -0.026631132
v -0.08195366 0.13676782 -0.026631132
v 0.079096034 0.13376035 -0.025699988
v -0.079096004 0.13376035 -0.025699988
v 0.06971507 0.13676782 -0.050653465
v -0.06971505 0.13676782 -0.050653465
v 0.067285545 0.13376035 -0.048882157
v -0.06728552 0.13376035 -0.048882157
v 0.050653465 0.13676782 -0.06971507
v -0.050653458 0.13676782 -0.06971507
v 0.048882157 0.13376035 -0.067285545
v -0.04888214 0.13376035 -0.067285545
v 0.026631132 0.13676782 -0.08195367
v -0.026631117 0.13676782 -0.08195367
v 0.025699988 0.13376035 -0.079096034
v -0.025699988 0.13376035 -0.079096034
v -2.6673079E-06 0.13676782 -0.086170554
v -2.6673079E-06 0.13376035 -0.08316843
v -2.6673079E-06 0.13676782 -0.090178736
v 0.030344993 0.12875144 -0.09338956
v 0.027867302 0.13676782 -0.0857692
v 0.053008072 0.13676782 -0.072958
v -2.6673079E-06 0.12875144 -0.0981951
v 0.05771728 0.12875144 -0.07944387
v -0.030344978 0.12875144 -0.09338956
v 0.072958 0.13676782 -0.053008072
v -0.027867287 0.13676782 -0.0857692
v 0.07944387 0.12875144 -0.05771728
v -0.057717264 0.12875144 -0.07944387
v 0.0857692 0.13676782 -0.027867302
v -0.05300805 0.13676782 -0.072958
v 0.09338956 0.12875144 -0.030344993
v -0.07944386 0.12875144 -0.05771728
v -0.07295799 0.13676782 -0.053008072
v 0.090178736 0.13676782 2.6673079E-06
v 0.0981951 0.12875144 2.6673079E-06
v -0.093389556 0.12875144 -0.030344993
v -0.08576919 0.13676782 -0.027867302
v 0.09338956 0.12875144 0.030344978
v 0.0857692 0.13676782 0.027867287
v 0.072958 0.13676782 0.05300805
v 0.07944387 0.12875144 0.057717264
v 0.053008072 0.13676782 0.07295799
v 0.05771728 0.12875144 0.07944386
v 0.027867302 0.13676782 0.08576919
v 0.030344993 0.12875144 0.093389556
v -0.09017871 0.13676782 2.6673079E-06
v -0.09819509 0.12875144 2.6673079E-06
v -0.093389556 0.12875144 0.030344978
v -0.08576919 0.13676782 0.027867287
v -0.07944386 0.12875144 0.057717264
v -0.07295799 0.13676782 0.05300805
v -0.057717264 0.12875144 0.07944386
v -0.05300805 0.13676782 0.07295799
v -2.6673079E-06 0.13676782 0.09017871
v -2.6673079E-06 0.12875144 0.09819509
v -0.030344978 0.12875144 0.093389556
v -0.027867287 0.13676782 0.08576919
v 0.07013783 -0.11874439 2.6673079E-06
v 0.076238394 -0.11874439 0.024768844
v 0.08016095 -0.11874439 2.6673079E-06
v 0.076238394 -0.11874439 -0.02476886
v 0.064802505 -0.11874439 0.026839823
v 0.064802505 -0.11874439 -0.026839837
v 0.064850666 -0.11874439 0.04711619
v 0.064850666 -0.11874439 -0.047116205
v 0.049599245 -0.11874439 0.04959923
v 0.049599245 -0.11874439 -0.049599245
v 0.047116205 -0.11874439 0.06485066
v 0.047116205 -0.11874439 -0.064850666
v 0.026839837 -0.11874439 0.0648025
v 0.026839837 -0.11874439 -0.064802505
v 0.02476886 -0.11874439 0.07623838
v 0.02476886 -0.11874439 -0.076238394
v -2.6673079E-06 -0.11874439 0.07014316
v -2.6673079E-06 -0.11874439 0.08016093
v -0.024768844 -0.11874439 0.07623838
v -0.026839823 -0.11874439 0.0648025
v -0.04711619 -0.11874439 0.06485066
v -0.04959923 -0.11874439 0.04959923
v -0.06485066 -0.11874439 0.04711619
v -0.0648025 -0.11874439 0.026839823
v -0.07623838 -0.11874439 0.024768844
v -2.6673079E-06 -0.11874439 -0.07013783
v -2.6673079E-06 -0.11874439 -0.08016095
v -0.024768844 -0.11874439 -0.076238394
v -0.026839823 -0.11874439 -0.064802505
v -0.04711619 -0.11874439 -0.064850666
v -0.04959923 -0.11874439 -0.049599245
v -0.06485066 -0.11874439 -0.047116205
v -0.0648025 -0.11874439 -0.026839837
v -0.07623838 -0.11874439 -0.02476886
v -0.07014316 -0.11874439 2.6673079E-06
v -0.08016093 -0.11874439 2.6673079E-06
v -0.08630432 -0.010041863 0.15144663
v -0.08505745 -0.011031866 0.15334101
v -0.08620264 -0.011010468 0.14929537
v -0.087615415 -0.008093968 0.15189616
v -0.086331084 -0.009838507 0.15190686
v -0.15144663 -0.010041863 -0.08630434
v -0.15334101 -0.011031866 -0.08505747
v -0.14930607 -0.011010468 -0.08620266
v -0.15189616 -0.0080886185 -0.08762077
v -0.15190686 -0.009838507 -0.08633109
v 0.15144664 -0.010041863 0.08630432
v 0.15334104 -0.011031866 0.08505745
v 0.1493275 -0.011021167 0.086213335
v 0.1518587 -0.0080243945 0.087674275
v 0.15190686 -0.009838507 0.086331084
v -0.15144663 -0.010041863 0.08630432
v -0.14934354 -0.011021167 0.0862187
v -0.15334101 -0.011031866 0.08505745
v -0.15182124 -0.0079922825 0.087722436
v -0.15190686 -0.009838507 0.086331084
v 0.08630434 -0.010041863 0.15144663
v 0.086218715 -0.011021167 0.1493489
v 0.08505747 -0.011031866 0.15334101
v 0.08771175 -0.0079922825 0.15183194
v 0.08633109 -0.009838507 0.15190686
v -0.08630432 -0.010041863 -0.15144664
v -0.0862187 -0.011021167 -0.14934891
v -0.08505745 -0.011031866 -0.15334104
v -0.087722436 -0.0079922825 -0.15182124
v -0.086331084 -0.009838507 -0.15190686
v -0.14751871 0.0045031756 0.08516984
v -0.120451465 0.0045031756 0.120451465
v -0.1518587 -0.0005110651 0.087674275
v -0.16937374 -0.0005110651 0.04538235
v -0.12399407 -0.0005110651 0.12399407
v -0.1645361 0.0045031756 0.044087306
v -0.08516984 0.0045031756 0.14751871
v -0.17535125 -0.0005110651 2.6673079E-06
v -0.087674275 -0.0005110651 0.1518587
v -0.17034234 0.0045031756 2.6673079E-06
v -0.044087306 0.0045031756 0.1645361
v -0.16937374 -0.0005110651 -0.04538235
v -0.04538235 -0.0005110651 0.16937374
v -0.1645361 0.0045031756 -0.04408732
v -2.6673079E-06 0.0045031756 0.17034234
v -0.1518587 -0.0005110651 -0.08767429
v -2.6673079E-06 -0.0005110651 0.17535125
v -0.14751871 0.0045031756 -0.085169844
v 0.04408732 0.0045031756 0.1645361
v -0.12399407 -0.0005110651 -0.12399408
v 0.04538235 -0.0005110651 0.16937374
v -0.120451465 0.0045031756 -0.12045147
v 0.085169844 0.0045031756 0.14751871
v -0.087674275 -0.0005110651 -0.1518587
v 0.08767429 -0.0005110651 0.1518587
v -0.08516984 0.0045031756 -0.14751874
v 0.12045147 0.0045031756 0.120451465
v -0.04538235 -0.0005110651 -0.16937377
v 0.12399408 -0.0005110651 0.12399407
v -0.044087306 0.0045031756 -0.16453612
v 0.14751874 0.0045031756 0.08516984
v -2.6673079E-06 -0.0005110651 -0.17535125
v 0.1518587 -0.0005110651 0.087674275
v -2.6673079E-06 0.0045031756 -0.17034236
v 0.16453612 0.0045031756 0.044087306
v 0.04538235 -0.0005110651 -0.16937377
v 0.16937377 -0.0005110651 0.04538235
v 0.04408732 0.0045031756 -0.16453612
v 0.17034236 0.0045031756 2.6673079E-06
v 0.08767429 -0.0005110651 -0.1518587
v 0.17535125 -0.0005110651 2.6673079E-06
v 0.085169844 0.0045031756 -0.14751874
v 0.16453612 0.0045031756 -0.04408732
v 0.12399408 -0.0005110651 -0.12399408
v 0.16937377 -0.0005110651 -0.04538235
v 0.12045147 0.0045031756 -0.12045147
v 0.14751874 0.0045031756 -0.085169844
v 0.1518587 -0.0005110651 -0.08767429
v -0.06012003 -0.12876752 2.6673079E-06
v -0.055544615 -0.12876752 -0.023008257
v -0.07014316 -0.11874439 2.6673079E-06
v -0.0648025 -0.11874439 0.026839823
v -0.0648025 -0.11874439 -0.026839837
v -0.055544615 -0.12876752 0.023008242
v -0.04251401 -0.12876752 -0.042514026
v -0.04959923 -0.11874439 0.04959923
v -0.04959923 -0.11874439 -0.049599245
v -0.04251401 -0.12876752 0.04251401
v -0.023008242 -0.12876752 -0.055544622
v -0.026839823 -0.11874439 0.0648025
v -0.026839823 -0.11874439 -0.064802505
v -0.023008242 -0.12876752 0.055544615
v -2.6673079E-06 -0.12876752 -0.060120046
v -2.6673079E-06 -0.11874439 0.07014316
v -2.6673079E-06 -0.11874439 -0.07013783
v -2.6673079E-06 -0.12876752 0.06012003
v 0.023008257 -0.12876752 -0.055544622
v 0.026839837 -0.11874439 0.0648025
v 0.026839837 -0.11874439 -0.064802505
v 0.023008257 -0.12876752 0.055544615
v 0.042514026 -0.12876752 -0.042514026
v 0.049599245 -0.11874439 0.04959923
v 0.049599245 -0.11874439 -0.049599245
v 0.042514026 -0.12876752 0.04251401
v 0.055544622 -0.12876752 -0.023008257
v 0.064802505 -0.11874439 0.026839823
v 0.064802505 -0.11874439 -0.026839837
v 0.055544622 -0.12876752 0.023008242
v 0.060120046 -0.12876752 2.6673079E-06
v 0.07013783 -0.11874439 2.6673079E-06
v -0.03890182 -0.05110833 0.14518018
v -2.6673079E-06 -0.05110833 0.15030144
v -2.6673079E-06 -0.067949116 0.15030144
v -0.03890182 -0.067949116 0.14518018
v 0.038901836 -0.067949116 0.14518018
v -0.075152054 -0.05110833 0.13016422
v 0.038901836 -0.05110833 0.14518018
v -0.075152054 -0.067949116 0.13016422
v 0.07515207 -0.067949116 0.13016422
v -0.10628103 -0.05110833 0.10628103
v 0.07515207 -0.05110833 0.13016422
v -0.10628103 -0.067949116 0.10628103
v 0.10628103 -0.067949116 0.10628103
v -0.13016422 -0.05110833 0.075152054
v 0.10628103 -0.05110833 0.10628103
v -0.13016422 -0.067949116 0.075152054
v 0.13016422 -0.067949116 0.075152054
v -0.14518018 -0.05110833 0.03890182
v 0.13016422 -0.05110833 0.075152054
v -0.14518018 -0.067949116 0.03890182
v 0.14518018 -0.067949116 0.03890182
v -0.15030144 -0.05110833 2.6673079E-06
v 0.14518018 -0.05110833 0.03890182
v -0.15030144 -0.067949116 2.6673079E-06
v 0.15030146 -0.067949116 2.6673079E-06
v -0.14518018 -0.05110833 -0.038901836
v 0.15030146 -0.05110833 2.6673079E-06
v -0.14518018 -0.067949116 -0.038901836
v 0.14518018 -0.067949116 -0.038901836
v -0.13016422 -0.05110833 -0.07515207
v 0.14518018 -0.05110833 -0.038901836
v -0.13016422 -0.067949116 -0.07515207
v 0.13016422 -0.067949116 -0.07515207
v -0.10628103 -0.05110833 -0.10628103
v 0.13016422 -0.05110833 -0.07515207
v -0.10628103 -0.067949116 -0.10628103
v 0.10628103 -0.067949116 -0.10628103
v -0.075152054 -0.05110833 -0.13016422
v 0.10628103 -0.05110833 -0.10628103
v -0.075152054 -0.067949116 -0.13016422
v 0.07515207 -0.067949116 -0.13016422
v -0.03890182 -0.05110833 -0.14518018
v 0.07515207 -0.05110833 -0.13016422
v -0.03890182 -0.067949116 -0.14518018
v 0.038901836 -0.067949116 -0.14518018
v -2.6673079E-06 -0.05110833 -0.15030146
v 0.038901836 -0.05110833 -0.14518018
v -2.6673079E-06 -0.067949116 -0.15030146
v -0.035102352 0.14614342 -8.031726E-06
v -0.030419901 0.14614876 0.01752843
v -0.035744518 0.14678024 -7.760525E-05
v -0.03091757 0.14677487 -0.017929792
v -0.030981794 0.14677487 0.017817408
v -0.030398488 0.14613806 -0.017565906
v -0.01758194 0.14614876 0.030387789
v -0.017806694 0.14678024 -0.030992508
v -0.01789768 0.14678024 0.030928269
v -0.01752843 0.14614876 -0.030419901
v -1.3366342E-05 0.14613806 0.03511305
v 7.760525E-05 0.14678024 -0.035749882
v -7.224083E-05 0.14678024 0.035744518
v 8.031726E-06 0.14614342 -0.035102367
v 0.017555192 0.14613272 0.030398488
v 0.01789768 0.14678024 -0.030928284
v 0.017806709 0.14678024 0.030992493
v 0.017565906 0.14613806 -0.030398503
v 0.030393153 0.14614342 0.017560542
v 0.030981809 0.14677487 -0.017817423
v 0.030922934 0.14677487 0.017924428
v 0.030419901 0.14614876 -0.017528445
v 0.035107717 0.14614876 2.9429793E-05
v 0.03573382 0.14678024 3.477931E-05
v 0.018818125 0.096916094 -0.09570671
v 0.017223418 0.09674485 -0.09449729
v 0.017581955 0.096760914 -0.094706
v 0.018818125 0.096916094 -0.09570671
v 0.017581955 0.096760914 -0.094706
v 0.018010065 0.0968733 -0.09482908
v 0.017223418 0.09674485 -0.09449729
v 0.01735185 0.09668599 -0.094529405
v 0.018416777 0.09700172 -0.09462038
v -0.046763003 0.1488405 0.004273072
v -0.04787074 0.1488405 0.004899174
v -0.046088725 0.1488191 0.0028496087
v -0.04787074 0.1488405 0.004899174
v -0.046763003 0.1488405 0.004273072
v -0.046088725 0.1488191 0.0028496087
v 0.046763018 0.1488405 -0.004273087
v 0.047870755 0.1488405 -0.004899189
v 0.04608874 0.1488191 -0.0028496087
v 0.047870755 0.1488405 -0.004899189
v 0.046763018 0.1488405 -0.004273087
v 0.04608874 0.1488191 -0.0028496087
v -0.018218756 0.09666459 0.09521972
v -0.017373234 0.09679301 0.09449194
v -0.01757124 0.096809074 0.094636425
v 0.071352586 0.14945056 0.0043961555
v 0.07204827 0.1467963 0.003159985
v 0.07035723 0.14678557 0.004974097
v -0.019610107 0.11049254 0.08148809
v -0.017983302 0.11172871 0.082483426
v -0.018951893 0.11061029 0.0953749
v -0.018935844 0.11063169 -0.09537492
v -0.018459573 0.11141299 -0.08245134
v -0.01963687 0.11024104 -0.08301859
v -0.00332053 0.14424367 -0.056432948
v 0.012246639 0.14425974 -0.055282407
v -2.6673079E-06 0.1437781 -0.056111872
v 0.00332053 0.14424367 0.056432933
v -0.012246624 0.14425974 0.0552824
v -2.6673079E-06 0.1437781 0.056111857
v -0.018684328 0.097178325 0.09344305
v -0.019155249 0.09756361 0.09325041
v -0.018711075 0.097178325 0.09343235
v -0.018090323 0.09687863 0.0937909
v -0.0191499 0.097451255 0.0955836
v -0.018084973 0.096953556 0.09487186
v -0.018411398 0.09700708 0.094422355
v -0.017410696 0.096787676 0.094615
v -0.018090323 0.09687863 0.0937909
v -0.01708427 0.09669669 0.094256476
v -0.018711075 0.097178325 0.09343235
v -0.019765303 0.09837167 0.095679924
v -0.016923726 0.09669669 0.094304636
v -0.0191499 0.097451255 0.0955836
v -0.019155249 0.09756361 0.09325041
v -0.01763545 0.09669669 0.0648132
v -0.017335773 0.096702054 0.09418155
v -0.017721072 0.09676628 0.09399961
v -0.0149811655 0.09668599 0.094042405
v -0.01828298 0.09695892 0.093673155
v -0.0057339966 0.09668599 0.066889524
v -0.01914455 0.097547576 0.064347625
v -0.019802764 0.098521516 0.06414962
v -0.01088202 0.09668599 0.09470062
v -0.020038217 0.09969346 0.06407471
v -0.020038217 0.09913693 0.0979061
v 0.0057340115 0.09668599 0.066889524
v -0.01967968 0.097237185 0.097012416
v -0.018732488 0.09720509 0.09522508
v -0.018084973 0.096953556 0.09487186
v -0.01757124 0.096809074 0.094636425
v 0.008816406 0.09668599 0.096750215
v 0.010882035 0.09668599 0.09475951
v 0.008051157 0.09668599 0.09854828
v 0.017020062 0.09668599 0.06494163
v -0.008645147 0.09668599 0.09707664
v -0.008013681 0.09668599 0.099350974
v -0.008013681 0.09668599 0.10188754
v 0.0080136955 0.09668599 0.10188754
v 0.015275508 0.09668599 0.09402637
v 0.017057523 0.09669669 0.09447588
v 0.018084988 0.0968733 0.09378554
v 0.01817061 0.09691076 0.06463125
v 0.019160613 0.097568974 0.09323971
v 0.01914455 0.097547576 0.064347625
v 0.019802779 0.098521516 0.06414962
v 0.01979743 0.09846799 0.09573345
v 0.019149914 0.097451255 0.0955836
v 0.020038232 0.09969346 0.06407471
v 0.020038232 0.099008486 0.09822719
v 0.020038232 0.10970588 0.07968466
v 0.020038232 0.10871054 0.08326475
v 0.019224823 0.09690006 0.09620972
v 0.017057523 0.09669669 0.09447588
v 0.020038232 0.10871054 0.10730313
v 0.018951908 0.11061029 0.0953749
v 0.019674346 0.110353425 0.081851974
v 0.019449592 0.110637024 0.109069094
v 0.01951915 0.09068711 0.09669669
v 0.017437473 0.09090115 0.09464176
v 0.017057523 0.09669669 0.09447588
v 0.015275508 0.09668599 0.09402637
v 0.020038232 0.091677114 0.10730313
v 0.019668996 0.09008776 0.10925104
v 0.019358605 0.10871054 0.110080495
v 0.020038232 0.091677114 0.099067345
v 0.019647583 0.08972384 0.099067345
v 0.017474934 0.10871054 0.11223175
v 0.016185239 0.110792235 0.11226384
v 0.01854521 0.091677114 0.111268505
v 0.01871109 0.08831109 0.09808804
v 0.017758548 0.08880876 0.095942155
v 0.018571958 0.08813448 0.10730313
v 0.016522378 0.086818054 0.09813623
v 0.016886279 0.091677114 0.11259563
v 0.017287627 0.089515135 0.11177154
v 0.016998649 0.087567255 0.109866425
v 0.014761776 0.109379455 0.11325921
v 0.016185239 0.08671637 0.10833059
v 0.015339732 0.08883019 0.094909325
v 0.014451399 0.087128446 0.09665923
v 0.015393242 0.09063895 0.09407987
v 0.011310145 0.08922084 0.09521435
v 0.011197761 0.090927914 0.09463106
v 0.010882035 0.09668599 0.09475951
v 0.012605175 0.08667357 0.09968276
v 0.011336893 0.08705886 0.0979061
v 0.009362236 0.09056403 0.09602241
v 0.008816406 0.09668599 0.096750215
v 0.009603053 0.088851586 0.09700708
v 0.008217052 0.09039812 0.09792216
v 0.008051157 0.09668599 0.09854828
v 0.009485319 0.08813448 0.099350974
v 0.0080136955 0.09166105 0.10189824
v 0.0080136955 0.09668599 0.10188754
v 0.008420393 0.08955796 0.10222466
v 0.010330841 0.087305024 0.10308088
v 0.010962307 0.08667357 0.10643084
v 0.008227751 0.087412044 0.10408695
v -2.6673079E-06 0.08666821 0.109213576
v 0.014408588 0.08705886 0.11023034
v 0.014617294 0.08813448 0.11180897
v 0.00015252829 0.08757259 0.11216219
v 0.014756426 0.08972384 0.1128739
v 0.00017927587 0.089739904 0.11389603
v 0.014809936 0.091677114 0.113264546
v 0.0049473494 0.091677114 0.11412077
v 0.0049473494 0.10871054 0.11412077
v -0.00018461049 0.11038552 0.113703385
v -0.0049473345 0.10871054 0.11412077
v -0.0049473345 0.091677114 0.11412077
v 0.01487951 0.111707315 0.111054435
v 0.019449592 0.110637024 0.109069094
v 0.017271578 0.111707315 0.108464375
v 0.018951908 0.11061029 0.0953749
v 0.01703076 0.11172335 0.08273496
v 0.018464938 0.11140762 0.08246739
v 0.019674346 0.110353425 0.081851974
v -0.0011104047 0.111718014 0.08525546
v 0.01703076 0.11172335 0.08273496
v -0.017068207 0.111718014 0.10882293
v -0.017030746 0.111718014 0.08365004
v -0.015007928 0.111600295 0.11119892
v -0.01552166 0.11050324 0.112691954
v -0.018636167 0.11059956 0.11039086
v -0.018534482 0.1113113 0.10730313
v -0.01963687 0.11021428 0.10730313
v -0.018951893 0.11061029 0.0953749
v -0.018951893 0.11061029 0.0953749
v -0.017030746 0.111718014 0.08365004
v -0.017983302 0.11172871 0.082483426
v -0.01552166 0.11050324 0.112691954
v -0.014809921 0.10871054 0.113264546
v -0.014809921 0.091677114 0.113264546
v -0.01747492 0.10871054 0.11223175
v -0.018636167 0.11059956 0.11039086
v -0.01709497 0.090633586 0.11247791
v -0.014756411 0.08972384 0.1128739
v -0.014617279 0.08813448 0.11180897
v -0.016896963 0.08854656 0.11125244
v -0.01969038 0.089991435 0.10920821
v -0.018545195 0.091677114 0.111268505
v -0.015393227 0.08704282 0.110091195
v -0.019358605 0.10871054 0.110080495
v -0.020038217 0.10871054 0.10730313
v -0.01963687 0.11021428 0.10730313
v -0.018951893 0.11061029 0.0953749
v -0.020043582 0.10888179 0.07970072
v -0.019610107 0.11049254 0.08148809
v -0.018480971 0.088102385 0.10850717
v -0.014761761 0.08666821 0.10818611
v -0.016993284 0.08708562 0.10823427
v -0.01638858 0.086748496 0.097879365
v -0.009485304 0.08669497 0.106527165
v -0.018732488 0.08835925 0.09793286
v -9.36389E-05 0.087176606 0.10482009
v -0.009185627 0.08743881 0.10396387
v 2.4095178E-05 0.08943488 0.10272236
v -0.009185627 0.08743881 0.10396387
v -0.00834547 0.08978273 0.10214974
v 0.008420393 0.08955796 0.10222466
v 0.010330841 0.087305024 0.10308088
v -0.0120111555 0.08659865 0.101074114
v 0.002673015 0.091677114 0.10217117
v 0.008420393 0.08955796 0.10222466
v 0.0080136955 0.09166105 0.10189824
v 3.479421E-05 0.09369458 0.102203265
v -0.008013681 0.09168245 0.10189824
v 0.0080136955 0.09668599 0.10188754
v -0.008013681 0.09668599 0.10188754
v -0.009356871 0.08826293 0.10188754
v -0.00834547 0.08978273 0.10214974
v -0.008227736 0.09016268 0.09833421
v -0.008013681 0.09168245 0.10189824
v -0.009415746 0.08823617 0.098687395
v -0.011593744 0.0870107 0.09764923
v -0.010764286 0.08858402 0.09591539
v -0.008013681 0.09668599 0.099350974
v -0.008013681 0.09668599 0.10188754
v -0.008677244 0.09090115 0.09669669
v -0.008645147 0.09668599 0.09707664
v -0.01088202 0.09668599 0.09470062
v -0.015725017 0.08834319 0.095337436
v -0.011138886 0.09077273 0.09472738
v -0.013862729 0.0902911 0.09424041
v -0.0149811655 0.09668599 0.094042405
v -0.016484916 0.09051587 0.0943207
v -0.016923726 0.09669669 0.094304636
v -0.017838806 0.09668599 0.094920054
v -0.01795654 0.08886762 0.09618296
v -0.018368602 0.09060682 0.09539096
v -0.01968503 0.09007706 0.097333506
v -0.018673629 0.09668599 0.09562643
v -0.01968503 0.09007706 0.097333506
v -0.019331843 0.09668599 0.09650405
v -0.020038217 0.091677114 0.10730313
v -0.018218756 0.09666459 0.09521972
v -0.01757124 0.096809074 0.094636425
v -0.020038217 0.091677114 0.099067345
v -0.020043582 0.10888179 0.07970072
v 0.017046824 0.09668599 -0.06493629
v 0.01735185 0.09668599 -0.094529405
v 0.017223418 0.09674485 -0.09449729
v 0.01530762 0.09668599 -0.09403708
v 0.005739361 0.09668599 -0.06688954
v 0.012246639 0.09668599 -0.09440097
v 0.010004401 0.09668599 -0.09543379
v -0.005728647 0.09668599 -0.06688954
v -0.009378284 0.09668599 -0.09614552
v 0.00813143 0.09668599 -0.09799709
v -0.011395752 0.09668599 -0.094540104
v -0.008104652 0.09668599 -0.09823255
v 0.0080136955 0.09668599 -0.10188755
v -0.008013681 0.09668599 -0.10188755
v -0.01515241 0.09668599 -0.09403172
v -0.017640814 0.096702054 -0.064813204
v -0.016838104 0.09671809 -0.09437421
v -0.018159896 0.096905395 -0.09374275
v -0.01914455 0.097547576 -0.06434764
v -0.019160599 0.097568974 -0.093239725
v -0.019802764 0.098521516 -0.06414963
v -0.01973319 0.09827535 -0.09692147
v -0.0191499 0.097451255 -0.095583625
v -0.018668264 0.096867934 -0.09559968
v -0.020038217 0.09969346 -0.06407472
v -0.020038217 0.09914227 -0.098077364
v -0.01967968 0.089953974 -0.09742985
v -0.018668264 0.096867934 -0.09559968
v -0.020043582 0.108844325 -0.079716794
v -0.020038217 0.10871054 -0.10730314
v -0.020038217 0.091677114 -0.09906737
v -0.020038217 0.091677114 -0.10730314
v -0.019647568 0.08972384 -0.10730314
v -0.018513083 0.08813448 -0.108881794
v -0.019551247 0.09062822 -0.10967915
v -0.017020047 0.090547964 -0.112510026
v -0.018668264 0.088316455 -0.09793823
v -0.016367182 0.08676453 -0.09775628
v -0.018470272 0.09087975 -0.09542308
v -0.016650796 0.08925827 -0.09475416
v -0.018668264 0.088316455 -0.09793823
v -0.016324371 0.092164084 -0.09409059
v -0.017105669 0.09669669 -0.09447054
v -0.0191499 0.097451255 -0.095583625
v -0.016838104 0.09671809 -0.09437421
v -0.01515241 0.09668599 -0.09403172
v -0.012867376 0.090216175 -0.09435816
v -0.011395752 0.09668599 -0.094540104
v -0.013654038 0.087663576 -0.096059896
v -0.0097528845 0.09079413 -0.09544984
v -0.009378284 0.09668599 -0.09614552
v -0.008104652 0.09668599 -0.09823255
v -0.008115351 0.091735974 -0.098023854
v -0.011192396 0.088872984 -0.09561038
v -0.008736119 0.08938672 -0.09753153
v -0.011508122 0.086973235 -0.09791683
v -0.013129592 0.08662541 -0.09948478
v -0.011556298 0.08672707 -0.103321716
v -0.009485304 0.08813448 -0.099351
v -0.0096565485 0.08788298 -0.10274912
v -0.008431092 0.089552596 -0.102235384
v -0.008013681 0.091677114 -0.101898246
v -0.008104652 0.09668599 -0.09823255
v -0.008013681 0.09668599 -0.10188755
v -0.014847383 0.08666287 -0.108063035
v -0.016945124 0.087069556 -0.10838947
v -0.015719667 0.08812378 -0.11168057
v -0.015334368 0.08705886 -0.11012866
v -0.008409679 0.08666821 -0.10688573
v 0.0001578778 0.08667357 -0.11000559
v 0.0001578778 0.08719264 -0.11147186
v -0.008259848 0.08739601 -0.10410837
v -0.0096565485 0.08788298 -0.10274912
v -0.008431092 0.089552596 -0.102235384
v -2.4080276E-05 0.08943488 -0.10272236
v -2.4080276E-05 0.08683412 -0.105772644
v 0.00910002 0.08667357 -0.10674124
v -2.4080276E-05 0.08756189 -0.10438664
v 0.0091802925 0.08741741 -0.10399599
v 0.014777839 0.08666821 -0.10816471
v 0.015403941 0.08705886 -0.110117964
v 0.011615172 0.08672173 -0.102042735
v 0.016372547 0.08676453 -0.09781515
v 0.0169933 0.087090984 -0.108244985
v 0.018518448 0.08812915 -0.108491145
v 0.00834012 0.08975597 -0.10215511
v -0.002673 0.091677114 -0.10217117
v -0.008431092 0.089552596 -0.102235384
v -0.008013681 0.091677114 -0.101898246
v -3.477931E-05 0.09369458 -0.10220328
v 0.0080136955 0.09167175 -0.101898246
v -0.008013681 0.09668599 -0.10188755
v 0.0080136955 0.09668599 -0.10188755
v 0.009356886 0.08826293 -0.10188755
v 0.00834012 0.08975597 -0.10215511
v 0.009651214 0.08805959 -0.098302126
v 0.0085969865 0.089659646 -0.097836554
v 0.010630518 0.089076325 -0.09556222
v 0.008168876 0.091570064 -0.09762785
v 0.0080136955 0.09167175 -0.101898246
v 0.00813143 0.09668599 -0.09799709
v 0.0080136955 0.09668599 -0.10188755
v 0.008168876 0.091570064 -0.09762785
v 0.011807814 0.08689831 -0.09770812
v 0.009875968 0.091521904 -0.09536957
v 0.00813143 0.09668599 -0.09799709
v 0.010004401 0.09668599 -0.09543379
v 0.011861339 0.09148444 -0.094486594
v 0.012246639 0.09668599 -0.09440097
v 0.015532374 0.08858402 -0.095059186
v 0.015457451 0.09209986 -0.09398891
v 0.01530762 0.09668599 -0.09403708
v 0.017223418 0.09674485 -0.09449729
v 0.013755724 0.08987905 -0.094438426
v 0.016832769 0.090654984 -0.094395615
v 0.018818125 0.096916094 -0.09570671
v 0.017956555 0.08886762 -0.09618298
v 0.018727154 0.09069781 -0.09571206
v 0.018737853 0.08835925 -0.09796499
v 0.019706458 0.08995931 -0.09747266
v 0.019706458 0.08995931 -0.09747266
v 0.020032883 0.097510114 -0.0980399
v 0.019674346 0.090039596 -0.10927244
v 0.020038232 0.091677114 -0.09906737
v 0.017212704 0.08922084 -0.11171267
v 0.020038232 0.091677114 -0.10730314
v 0.020038232 0.10871054 -0.10730314
v 0.014617294 0.08813448 -0.111809
v 0.00019533932 0.0887285 -0.113318086
v 0.014756426 0.08972384 -0.11287393
v -0.014756411 0.08972384 -0.11287393
v 0.01854521 0.091677114 -0.11126851
v 0.019385368 0.109320596 -0.11003769
v 0.016886279 0.091677114 -0.11259565
v 0.017453521 0.109165415 -0.11224246
v 0.0049473494 0.091677114 -0.1141208
v -0.0049473345 0.091677114 -0.1141208
v 0.014809936 0.091677114 -0.113264576
v 0.014826 0.10940622 -0.11324852
v 0.0049473494 0.10871054 -0.1141208
v 0.00018462539 0.11038552 -0.113703385
v 0.016099617 0.111065134 -0.112007
v -0.0049473345 0.10871054 -0.1141208
v -0.014809921 0.091677114 -0.113264576
v -0.014783174 0.10938482 -0.113259226
v -0.017442808 0.109234974 -0.112258516
v -0.016351119 0.111054435 -0.11201235
v -0.018545195 0.091677114 -0.11126851
v -0.019374654 0.10913865 -0.1100591
v -0.018705726 0.1112899 -0.108544655
v -0.019802764 0.10988249 -0.10730314
v -0.018935844 0.11063169 -0.09537492
v -0.020043582 0.108844325 -0.079716794
v -0.01963687 0.11024104 -0.08301859
v -0.014306903 0.11161633 -0.11119894
v -0.01704146 0.111718014 -0.10813796
v -0.018705726 0.1112899 -0.108544655
v -0.018935844 0.11063169 -0.09537492
v 0.013718262 0.11171265 -0.11105446
v -0.017030746 0.11172871 -0.08278313
v -0.018459573 0.11141299 -0.08245134
v -2.6673079E-06 0.111718014 -0.08515379
v 0.01704146 0.11171265 -0.08289016
v 0.01704146 0.111718014 -0.10817006
v 0.01855056 0.11130597 -0.10905839
v 0.018951908 0.11061029 -0.09537492
v 0.01704146 0.11171265 -0.08289016
v 0.018422127 0.111445084 -0.08242459
v 0.019604772 0.110471144 -0.081584424
v 0.019636884 0.11021428 -0.10730314
v 0.018951908 0.11061029 -0.09537492
v 0.020043582 0.10886039 -0.07970609
v 0.019604772 0.110471144 -0.081584424
v 0.020038232 0.09935634 -0.09612411
v 0.020043582 0.10886039 -0.07970609
v 0.020032883 0.099056646 -0.06408007
v 0.0195138 0.09790076 -0.09556222
v 0.01914455 0.09755291 -0.06434764
v 0.018293694 0.09694822 -0.0645938
v 0.019149914 0.097451255 -0.095583625
v 0.018818125 0.096916094 -0.09570671
v 0.018010065 0.0968733 -0.09482908
v 0.018416777 0.09700172 -0.09462038
v 0.01735185 0.09668599 -0.094529405
v 0.017046824 0.09668599 -0.06493629
v -0.04659176 0.15184264 0.0027318746
v -0.046763003 0.1488405 0.004273072
v -0.04787074 0.1488405 0.004899174
v -0.048470095 0.15138243 0.004283771
v -0.048432633 0.15316443 0.0024428964
v -0.04663457 0.15313767 -0.00037193298
v -0.048534304 0.14884587 0.0050115585
v -0.047292784 0.14521764 0.0047386438
v -0.046763003 0.1488405 0.004273072
v -0.045949593 0.1437246 0.0028977692
v -0.04883933 0.14678557 0.005006209
v -0.046088725 0.1488191 0.0028496087
v -0.070282295 0.14874418 0.0050115585
v -0.07006824 0.14678557 0.0050008595
v -0.06960803 0.15125935 0.004358694
v -0.07130441 0.14998572 0.0042141974
v -0.070614085 0.15306275 0.00256598
v -0.07025555 0.15379588 0.00010970235
v -0.048587814 0.15381728 -4.5493245E-05
v -0.046051264 0.15013553 0.0020201355
v -0.04659176 0.15184264 0.0027318746
v -0.046763003 0.1488405 0.004273072
v -0.046094075 0.15137707 2.6673079E-06
v -0.046094075 0.14329113 2.6673079E-06
v -0.046045914 0.14993219 -0.0028603226
v -0.04592818 0.14371924 -0.0029619932
v -0.04846473 0.15309484 -0.0025659949
v -0.04708408 0.1516393 -0.0034329146
v -0.046928898 0.1487977 -0.0045031905
v -0.04592818 0.14371924 -0.0029619932
v -0.047271386 0.14519088 -0.0047279447
v -0.048475444 0.15125398 -0.0043640584
v -0.06964013 0.15356578 -0.001549229
v -0.070667595 0.15275772 -0.0029780418
v -0.048518255 0.1488084 -0.0050115734
v -0.047271386 0.14519088 -0.0047279447
v -0.04883933 0.14678557 -0.005006224
v -0.06961338 0.14976095 -0.0049580634
v -0.07038398 0.14678557 -0.004974112
v -0.07112247 0.1495683 -0.0045138896
v -0.06961338 0.15177841 -0.00402157
v -0.07166831 0.1526935 3.477931E-05
v -0.070614085 0.15306275 0.00256598
v -0.07212852 0.15025862 -0.002111122
v -0.07112247 0.1495683 -0.0045138896
v -0.07212852 0.15059577 0.0017739683
v -0.07130441 0.14998572 0.0042141974
v -0.0720429 0.14675884 0.0033365786
v -0.07211247 0.14673741 -0.0030957758
v -0.07038398 0.14678557 -0.004974112
v -0.072385386 0.15103458 2.9429793E-05
v 0.046591774 0.15184264 -0.0027318895
v 0.046763018 0.1488405 -0.004273087
v 0.047870755 0.1488405 -0.004899189
v 0.04847011 0.15138243 -0.004283786
v 0.04843265 0.15316443 -0.0024429113
v 0.046634585 0.15313767 0.00037191808
v 0.04853432 0.14884587 -0.0050115734
v 0.0472928 0.14521764 -0.0047386438
v 0.046763018 0.1488405 -0.004273087
v 0.045949608 0.1437246 -0.002897784
v 0.048839346 0.14678557 -0.005006224
v 0.04608874 0.1488191 -0.0028496087
v 0.07026091 0.14873885 -0.005006224
v 0.07022345 0.14678557 -0.004984811
v 0.070405394 0.15118976 -0.004369408
v 0.07075324 0.15305205 -0.0025820434
v 0.07065691 0.15377982 -0.00011506677
v 0.04858783 0.15381728 4.5478344E-05
v 0.04605128 0.15013553 -0.0020201504
v 0.046591774 0.15184264 -0.0027318895
v 0.046763018 0.1488405 -0.004273087
v 0.04609409 0.15137707 -2.682209E-06
v 0.04609409 0.14287372 2.6673079E-06
v 0.04604593 0.14993219 0.0028603077
v 0.045928195 0.14371924 0.0029619783
v 0.048464745 0.15309484 0.00256598
v 0.047084093 0.1516393 0.0034328997
v 0.046928912 0.1487977 0.0045031756
v 0.045928195 0.14371924 0.0029619783
v 0.0472714 0.14519088 0.00472793
v 0.04847546 0.15125398 0.0043640435
v 0.069634795 0.15356578 0.0015545636
v 0.070624806 0.15276308 0.0029780418
v 0.06961339 0.15177841 0.004021555
v 0.0721767 0.15181588 0.0005324483
v 0.071352586 0.14945056 0.0043961555
v 0.07204827 0.1467963 0.003159985
v 0.07214459 0.14675348 -0.002587393
v 0.07075324 0.15305205 -0.0025820434
v 0.07202686 0.1485997 -0.0036041588
v 0.070405394 0.15118976 -0.004369408
v 0.07026091 0.14873885 -0.005006224
v 0.07022345 0.14678557 -0.004984811
v 0.07214459 0.14675348 -0.002587393
v 0.069586635 0.14976095 0.004952699
v 0.071352586 0.14945056 0.0043961555
v 0.070624806 0.15276308 0.0029780418
v 0.07035723 0.14678557 0.004974097
v 0.048839346 0.14678557 0.005006209
v 0.04851827 0.1488084 0.0050115585
v 0.0472714 0.14519088 0.00472793
v 0.019198075 0.09745659 0.095717385
v 0.019203424 0.09761177 0.093116626
v 0.018202722 0.09692146 0.09336813
v 0.018133149 0.09693216 0.09435813
v 0.018256232 0.09698568 0.09488259
v 0.016971901 0.09668599 0.09363572
v 0.017057523 0.09669669 0.09447588
v 0.017223418 0.09674485 -0.09449729
v 0.016896978 0.09674485 -0.09421367
v 0.016998649 0.096750215 -0.09424043
v 0.016768545 0.096739516 -0.09427254
v 0.01530762 0.09668599 -0.09403708
v 0.01655984 0.09672882 -0.094197616
v 0.016393945 0.09672345 -0.094106644
v -0.01919806 0.09745659 -0.09571741
v -0.01920341 0.09761177 -0.09311664
v -0.018202707 0.09692146 -0.09336816
v -0.018127784 0.09693216 -0.09431535
v -0.018256217 0.09698568 -0.09488259
v -0.016971886 0.09668599 -0.09363572
v -0.017105669 0.09669669 -0.09447054
v -0.026053175 0.1437781 -0.038024217
v -0.029060647 0.14678557 -0.039576113
v -0.026053175 0.1437781 -0.049695566
v -0.029060647 0.14678557 -0.049695566
v -0.027449876 0.14678557 -0.052360557
v -0.015730366 0.14574741 -0.055967383
v -0.014312252 0.14678557 -0.05713933
v -0.013579115 0.14379416 -0.05445294
v -0.0034382492 0.14574741 -0.05794204
v -2.6673079E-06 0.14678557 -0.058734044
v -0.00332053 0.14424367 -0.056432948
v -2.6673079E-06 0.1437781 -0.056111872
v 0.012439281 0.14574741 -0.056759387
v 0.014312267 0.14678557 -0.05713933
v 0.012246639 0.14425974 -0.055282407
v 0.027449891 0.14678557 -0.052360557
v 0.013322264 0.1437781 -0.05450646
v 0.02605319 0.1437781 -0.049695566
v 0.029060662 0.14678557 -0.049695566
v 0.029060662 0.14678557 -0.039576113
v 0.02605319 0.1437781 -0.038024217
v -0.03630106 0.1437781 -0.028402433
v -0.029060647 0.14678557 -0.039576113
v -0.026053175 0.1437781 -0.038024217
v -0.0388162 0.14678557 -0.030061364
v -0.045585692 0.14678557 -0.01823482
v -0.043172225 0.1437781 -0.016142428
v -0.04883933 0.14678557 -0.005006224
v -0.047271386 0.14519088 -0.0047279447
v 0.02605319 0.1437781 0.038024202
v 0.029060662 0.14678557 0.0395761
v 0.02605319 0.1437781 0.04969555
v 0.029060662 0.14678557 0.04969555
v 0.027449891 0.14678557 0.052360535
v 0.015730381 0.14574741 0.05596736
v 0.014312267 0.14678557 0.057139322
v 0.01357913 0.14379416 0.054452926
v 0.0034382641 0.14574741 0.057942033
v -2.6673079E-06 0.14678557 0.05873403
v 0.00332053 0.14424367 0.056432933
v -2.6673079E-06 0.1437781 0.056111857
v -0.012439266 0.14574741 0.056759372
v -0.014312252 0.14678557 0.057139322
v -0.012246624 0.14425974 0.0552824
v -0.027449876 0.14678557 0.052360535
v -0.013322249 0.1437781 0.054506436
v -0.026053175 0.1437781 0.04969555
v -0.029060647 0.14678557 0.04969555
v -0.029060647 0.14678557 0.0395761
v -0.026053175 0.1437781 0.038024202
v 0.036301076 0.1437781 0.028402433
v 0.029060662 0.14678557 0.0395761
v 0.02605319 0.1437781 0.038024202
v 0.038816214 0.14678557 0.03006135
v 0.045585707 0.14678557 0.018234804
v 0.04317224 0.1437781 0.016142428
v 0.048839346 0.14678557 0.005006209
v 0.0472714 0.14519088 0.00472793
v -0.026053175 0.1437781 0.038024202
v -0.029060647 0.14678557 0.0395761
v -0.03630106 0.1437781 0.028402433
v -0.0388162 0.14678557 0.03006135
v -0.045585692 0.14678557 0.018234804
v -0.043172225 0.1437781 0.016142428
v -0.04883933 0.14678557 0.005006209
v -0.047292784 0.14521764 0.0047386438
v 0.02605319 0.1437781 -0.038024217
v 0.029060662 0.14678557 -0.039576113
v 0.036301076 0.1437781 -0.028402433
v 0.038816214 0.14678557 -0.030061364
v 0.045585707 0.14678557 -0.01823482
v 0.04317224 0.1437781 -0.016142428
v 0.048839346 0.14678557 -0.005006224
v 0.0472928 0.14521764 -0.0047386438
v 0.071684375 0.14678557 -0.008115366
v 0.07214459 0.14675348 -0.002587393
v 0.07022345 0.14678557 -0.004984811
v 0.048839346 0.14678557 -0.005006224
v 0.07085491 0.14678557 -0.013589829
v 0.045585707 0.14678557 -0.01823482
v 0.06960269 0.14678557 -0.01897867
v 0.06529483 0.14678557 -0.030682132
v 0.038816214 0.14678557 -0.030061364
v 0.05903372 0.14678557 -0.04146515
v 0.029060662 0.14678557 -0.039576113
v 0.05101201 0.14678557 -0.05101201
v 0.029060662 0.14678557 -0.049695566
v 0.027449891 0.14678557 -0.052360557
v 0.04146515 0.14678557 -0.05903372
v 0.030682132 0.14678557 -0.06529483
v 0.014312267 0.14678557 -0.05713933
v 0.01897867 0.14678557 -0.06960269
v -2.6673079E-06 0.14678557 -0.058734044
v 0.0038663745 0.14678557 -0.07204292
v -0.0114225 0.14678557 -0.07123486
v -0.014312252 0.14678557 -0.05713933
v -0.026197657 0.14678557 -0.06722133
v -0.040068433 0.14678557 -0.059991613
v -0.027449876 0.14678557 -0.052360557
v -0.052055508 0.14678557 -0.049952433
v -0.029060647 0.14678557 -0.049695566
v -0.029060647 0.14678557 -0.039576113
v -0.06159702 0.14678557 -0.037558645
v -0.0388162 0.14678557 -0.030061364
v -0.06707683 0.14678557 -0.026561558
v -0.045585692 0.14678557 -0.01823482
v -0.070614085 0.14678557 -0.014793888
v -0.04883933 0.14678557 -0.005006224
v -0.07038398 0.14678557 -0.004974112
v -0.07211247 0.14673741 -0.0030957758
v 0.07035723 0.14678557 0.004974097
v 0.07204827 0.1467963 0.003159985
v 0.07135794 0.14678557 0.010630503
v 0.048839346 0.14678557 0.005006209
v 0.045585707 0.14678557 0.018234804
v 0.069725774 0.14678557 0.018529132
v 0.06722133 0.14678557 0.026197657
v 0.038816214 0.14678557 0.03006135
v 0.059991613 0.14678557 0.040068433
v 0.029060662 0.14678557 0.0395761
v 0.029060662 0.14678557 0.04969555
v 0.049952433 0.14678557 0.052055508
v 0.027449891 0.14678557 0.052360535
v 0.037558645 0.14678557 0.06159702
v 0.014312267 0.14678557 0.057139322
v 0.025753513 0.14678557 0.06739256
v 0.013097495 0.14678557 0.070945874
v -2.6673079E-06 0.14678557 0.05873403
v -2.6673079E-06 0.14678557 0.07214458
v -0.018256217 0.14678557 0.069795325
v -0.014312252 0.14678557 0.057139322
v -0.035321757 0.14678557 0.0629081
v -0.027449876 0.14678557 0.052360535
v -0.0500862 0.14678557 0.051921725
v -0.029060647 0.14678557 0.04969555
v -0.029060647 0.14678557 0.0395761
v -0.06159702 0.14678557 0.03755863
v -0.0388162 0.14678557 0.03006135
v -0.0690943 0.14678557 0.020755306
v -0.045585692 0.14678557 0.018234804
v -0.04883933 0.14678557 0.005006209
v -0.07006824 0.14678557 0.0050008595
v -0.0720429 0.14675884 0.0033365786
v -0.07006824 0.14678557 0.0050008595
v -0.0720429 0.14675884 0.0033365786
v -0.070282295 0.14874418 0.0050115585
v -0.07130441 0.14998572 0.0042141974
v -0.04583186 0.13676246 0.068168506
v -0.04583186 0.12426163 0.068168506
v -0.058097214 0.12426163 0.058097214
v -0.058097214 0.13676246 0.058097214
v -0.07014851 0.13676782 -0.042776242
v -0.07014851 0.124267 -0.042776242
v -0.06654169 0.124267 -0.04819718
v -0.06654169 0.13676782 -0.04819718
v 0.08216237 0.13676782 2.6673079E-06
v 0.08216237 0.124267 2.6673079E-06
v 0.08153626 0.124267 0.010154232
v 0.08153626 0.13676782 0.010154232
v 0.06832906 0.13676782 0.045633852
v 0.06832906 0.124267 0.045633852
v 0.05688782 0.124267 0.059285223
v 0.05688782 0.13676782 0.059285223
v -0.013011873 0.13676782 -0.08112956
v -0.013011873 0.124267 -0.08112956
v 0.00440152 0.124267 -0.08204464
v 0.00440152 0.13676782 -0.08204464
v 0.04722859 0.13676782 -0.067237385
v 0.04722859 0.124267 -0.067237385
v 0.05809723 0.124267 -0.05809723
v 0.05809723 0.13676782 -0.05809723
v -0.082162365 0.13676782 -2.682209E-06
v -0.082162365 0.124267 -2.682209E-06
v -0.08079775 0.124267 -0.014916971
v -0.08079775 0.13676782 -0.014916971
v 0.014911622 0.13676782 0.08079775
v 0.014911622 0.124267 0.08079775
v 2.682209E-06 0.124267 0.082162365
v 2.682209E-06 0.13676782 0.082162365
v -0.068168506 0.13676246 0.04583186
v -0.068168506 0.12426163 0.04583186
v -0.075911954 0.12426163 0.031442
v -0.075911954 0.13676246 0.031442
v 0.067237385 0.13676782 -0.04722859
v 0.067237385 0.124267 -0.04722859
v 0.074365415 0.124267 -0.034941822
v 0.074365415 0.13676782 -0.034941822
v -0.04007913 0.13676782 -0.07172719
v -0.04007913 0.124267 -0.07172719
v -0.029836595 0.124267 -0.07655413
v -0.029836595 0.13676782 -0.07655413
v 0.042776242 0.13676782 0.07014851
v 0.042776242 0.124267 0.07014851
v 0.029333577 0.124267 0.07675211
v 0.029333577 0.13676782 0.07675211
v -0.015794575 0.13676246 0.08061047
v -0.015794575 0.12426163 0.08061047
v -0.031442 0.12426163 0.075911954
v -0.031442 0.13676246 0.075911954
v 0.021616891 0.13676782 -0.07927263
v 0.021616891 0.124267 -0.07927263
v 0.034941822 0.124267 -0.074365415
v 0.034941822 0.13676782 -0.074365415
v 0.07655413 0.13676782 0.029836595
v 0.07655413 0.124267 0.029836595
v 0.06832906 0.124267 0.045633852
v 0.06832906 0.13676782 0.045633852
v 0.07927263 0.13676782 -0.021616891
v 0.07927263 0.124267 -0.021616891
v 0.08087269 0.124267 -0.0145049095
v 0.08087269 0.13676782 -0.0145049095
v -0.075911954 0.13676246 0.031442
v -0.075911954 0.12426163 0.031442
v -0.08061047 0.12426163 0.015794575
v -0.08061047 0.13676246 0.015794575
v -0.08079775 0.13676782 -0.014916971
v -0.08079775 0.124267 -0.014916971
v -0.07675211 0.124267 -0.029333577
v -0.07675211 0.13676782 -0.029333577
v -0.058097214 0.13676782 -0.05809723
v -0.058097214 0.124267 -0.05809723
v -0.04956177 0.124267 -0.06553564
v -0.04956177 0.13676782 -0.06553564
v 0.05688782 0.13676782 0.059285223
v 0.05688782 0.124267 0.059285223
v 0.042776242 0.124267 0.07014851
v 0.042776242 0.13676782 0.07014851
v 0.07965793 0.13676782 0.020150602
v 0.07965793 0.124267 0.020150602
v 0.07655413 0.124267 0.029836595
v 0.07655413 0.13676782 0.029836595
v -0.08061047 0.13676246 0.015794575
v -0.08061047 0.12426163 0.015794575
v -0.082162365 0.124267 -2.682209E-06
v -0.082162365 0.13676782 -2.682209E-06
v -0.058097214 0.13676246 0.058097214
v -0.058097214 0.12426163 0.058097214
v -0.068168506 0.12426163 0.04583186
v -0.068168506 0.13676246 0.04583186
v 0.074365415 0.13676782 -0.034941822
v 0.074365415 0.124267 -0.034941822
v 0.07927263 0.124267 -0.021616891
v 0.07927263 0.13676782 -0.021616891
v 2.682209E-06 0.13676782 0.082162365
v 2.682209E-06 0.124267 0.082162365
v -0.015794575 0.12426163 0.08061047
v -0.015794575 0.13676246 0.08061047
v -0.029836595 0.13676782 -0.07655413
v -0.029836595 0.124267 -0.07655413
v -0.013011873 0.124267 -0.08112956
v -0.013011873 0.13676782 -0.08112956
v -0.07675211 0.13676782 -0.029333577
v -0.07675211 0.124267 -0.029333577
v -0.07014851 0.124267 -0.042776242
v -0.07014851 0.13676782 -0.042776242
v -0.031442 0.13676246 0.075911954
v -0.031442 0.12426163 0.075911954
v -0.04583186 0.12426163 0.068168506
v -0.04583186 0.13676246 0.068168506
v 0.00440152 0.13676782 -0.08204464
v 0.00440152 0.124267 -0.08204464
v 0.021616891 0.124267 -0.07927263
v 0.021616891 0.13676782 -0.07927263
v 0.05809723 0.13676782 -0.05809723
v 0.05809723 0.124267 -0.05809723
v 0.067237385 0.124267 -0.04722859
v 0.067237385 0.13676782 -0.04722859
v 0.034941822 0.13676782 -0.074365415
v 0.034941822 0.124267 -0.074365415
v 0.04722859 0.124267 -0.067237385
v 0.04722859 0.13676782 -0.067237385
v 0.029333577 0.13676782 0.07675211
v 0.029333577 0.124267 0.07675211
v 0.014911622 0.124267 0.08079775
v 0.014911622 0.13676782 0.08079775
v -0.04956177 0.13676782 -0.06553564
v -0.04956177 0.124267 -0.06553564
v -0.04007913 0.124267 -0.07172719
v -0.04007913 0.13676782 -0.07172719
v 0.08184129 0.13676782 -0.0072805583
v 0.08184129 0.124267 -0.0072805583
v 0.08216237 0.124267 2.6673079E-06
v 0.08216237 0.13676782 2.6673079E-06
v 0.08153626 0.13676782 0.010154232
v 0.08153626 0.124267 0.010154232
v 0.07965793 0.124267 0.020150602
v 0.07965793 0.13676782 0.020150602
v -0.06251745 0.13676782 -0.05331845
v -0.06251745 0.124267 -0.05331845
v -0.058097214 0.124267 -0.05809723
v -0.058097214 0.13676782 -0.05809723
v 0.08087269 0.13676782 -0.0145049095
v 0.08087269 0.124267 -0.0145049095
v 0.08184129 0.124267 -0.0072805583
v 0.08184129 0.13676782 -0.0072805583
v -0.06654169 0.13676782 -0.04819718
v -0.06654169 0.124267 -0.04819718
v -0.06251745 0.124267 -0.05331845
v -0.06251745 0.13676782 -0.05331845
v 0.02605319 0.1437781 0.038024202
v 0.02323836 0.13449882 0.033914343
v 0.03237851 0.13449882 0.025336087
v 0.036301076 0.1437781 0.028402433
v 0.045949608 0.1437246 -0.002897784
v 0.040983528 0.13445066 -0.002587393
v 0.038511187 0.13449882 -0.014397889
v 0.04317224 0.1437781 -0.016142428
v -0.043172225 0.1437781 -0.016142428
v -0.038511172 0.13449882 -0.014397889
v -0.040967464 0.13445066 -0.0026462674
v -0.04592818 0.14371924 -0.0029619932
v -0.045949593 0.1437246 0.0028977692
v -0.040983513 0.13445066 0.002587378
v -0.038511172 0.13449882 0.0143978745
v -0.043172225 0.1437781 0.016142428
v -0.013579115 0.14379416 -0.05445294
v -0.012112841 0.13451488 -0.04856643
v -0.023238346 0.13449882 -0.04432814
v -0.026053175 0.1437781 -0.049695566
v 0.04609409 0.14287372 2.6673079E-06
v 0.04111196 0.13369612 2.6673079E-06
v 0.040983528 0.13445066 -0.002587393
v 0.045949608 0.1437246 -0.002897784
v -0.03630106 0.1437781 0.028402433
v -0.032378495 0.13449882 0.025336087
v -0.023238346 0.13449882 0.033914343
v -0.026053175 0.1437781 0.038024202
v -0.046094075 0.14329113 2.6673079E-06
v -0.041111946 0.13406537 2.6673079E-06
v -0.040983513 0.13445066 0.002587378
v -0.045949593 0.1437246 0.0028977692
v 0.036301076 0.1437781 -0.028402433
v 0.03237851 0.13449882 -0.025336102
v 0.02323836 0.13449882 -0.033914357
v 0.02605319 0.1437781 -0.038024217
v 0.04317224 0.1437781 0.016142428
v 0.038511187 0.13449882 0.0143978745
v 0.04096748 0.13445066 0.0026462525
v 0.045928195 0.14371924 0.0029619783
v -0.026053175 0.1437781 0.038024202
v -0.023238346 0.13449882 0.033914343
v -0.023238346 0.13449882 0.044328123
v -0.026053175 0.1437781 0.04969555
v -0.026053175 0.1437781 -0.038024217
v -0.023238346 0.13449882 -0.033914357
v -0.032378495 0.13449882 -0.025336102
v -0.03630106 0.1437781 -0.028402433
v 0.01357913 0.14379416 0.054452926
v 0.012112841 0.13451488 0.048566416
v 0.02323836 0.13449882 0.044328123
v 0.02605319 0.1437781 0.04969555
v -0.026053175 0.1437781 -0.049695566
v -0.023238346 0.13449882 -0.04432814
v -0.023238346 0.13449882 -0.033914357
v -0.026053175 0.1437781 -0.038024217
v 0.02605319 0.1437781 0.04969555
v 0.02323836 0.13449882 0.044328123
v 0.02323836 0.13449882 0.033914343
v 0.02605319 0.1437781 0.038024202
v 0.02605319 0.1437781 -0.038024217
v 0.02323836 0.13449882 -0.033914357
v 0.02323836 0.13449882 -0.04432814
v 0.02605319 0.1437781 -0.049695566
v 0.045928195 0.14371924 0.0029619783
v 0.04096748 0.13445066 0.0026462525
v 0.04111196 0.13369612 2.6673079E-06
v 0.04609409 0.14287372 2.6673079E-06
v -0.026053175 0.1437781 0.04969555
v -0.023238346 0.13449882 0.044328123
v -0.011882722 0.13449882 0.048619926
v -0.013322249 0.1437781 0.054506436
v -0.04592818 0.14371924 -0.0029619932
v -0.040967464 0.13445066 -0.0026462674
v -0.041111946 0.13406537 2.6673079E-06
v -0.046094075 0.14329113 2.6673079E-06
v 0.04317224 0.1437781 -0.016142428
v 0.038511187 0.13449882 -0.014397889
v 0.03237851 0.13449882 -0.025336102
v 0.036301076 0.1437781 -0.028402433
v -0.043172225 0.1437781 0.016142428
v -0.038511172 0.13449882 0.0143978745
v -0.032378495 0.13449882 0.025336087
v -0.03630106 0.1437781 0.028402433
v -0.03630106 0.1437781 -0.028402433
v -0.032378495 0.13449882 -0.025336102
v -0.038511172 0.13449882 -0.014397889
v -0.043172225 0.1437781 -0.016142428
v 0.036301076 0.1437781 0.028402433
v 0.03237851 0.13449882 0.025336087
v 0.038511187 0.13449882 0.0143978745
v 0.04317224 0.1437781 0.016142428
v 0.02605319 0.1437781 -0.049695566
v 0.02323836 0.13449882 -0.04432814
v 0.011882737 0.13449882 -0.04861994
v 0.013322264 0.1437781 -0.05450646
v -2.6673079E-06 0.1437781 -0.056111872
v -2.6673079E-06 0.13449882 -0.050048754
v -0.012112841 0.13451488 -0.04856643
v -0.013579115 0.14379416 -0.05445294
v -2.6673079E-06 0.1437781 0.056111857
v -2.6673079E-06 0.13449882 0.05004874
v 0.012112841 0.13451488 0.048566416
v 0.01357913 0.14379416 0.054452926
v 0.013322264 0.1437781 -0.05450646
v 0.011882737 0.13449882 -0.04861994
v -2.6673079E-06 0.13449882 -0.050048754
v -2.6673079E-06 0.1437781 -0.056111872
v -0.013322249 0.1437781 0.054506436
v -0.011882722 0.13449882 0.048619926
v -2.6673079E-06 0.13449882 0.05004874
v -2.6673079E-06 0.1437781 0.056111857
v 0.06960269 0.14678557 -0.01897867
v 0.06529483 0.14678557 -0.030682132
v 0.07927263 0.13676782 -0.021616891
v 0.07085491 0.14678557 -0.013589829
v 0.074365415 0.13676782 -0.034941822
v 0.08087269 0.13676782 -0.0145049095
v 0.071684375 0.14678557 -0.008115366
v 0.08184129 0.13676782 -0.0072805583
v 0.07214459 0.14675348 -0.002587393
v 0.08216237 0.13676782 2.6673079E-06
v 0.07204827 0.1467963 0.003159985
v 0.08153626 0.13676782 0.010154232
v 0.07135794 0.14678557 0.010630503
v 0.07965793 0.13676782 0.020150602
v 0.069725774 0.14678557 0.018529132
v 0.07655413 0.13676782 0.029836595
v 0.06722133 0.14678557 0.026197657
v 0.067237385 0.13676782 -0.04722859
v 0.05903372 0.14678557 -0.04146515
v 0.05101201 0.14678557 -0.05101201
v 0.05809723 0.13676782 -0.05809723
v 0.06832906 0.13676782 0.045633852
v 0.059991613 0.14678557 0.040068433
v 0.049952433 0.14678557 0.052055508
v 0.05688782 0.13676782 0.059285223
v 0.04146515 0.14678557 -0.05903372
v 0.04722859 0.13676782 -0.067237385
v 0.037558645 0.14678557 0.06159702
v 0.042776242 0.13676782 0.07014851
v 0.029333577 0.13676782 0.07675211
v 0.025753513 0.14678557 0.06739256
v 0.034941822 0.13676782 -0.074365415
v 0.030682132 0.14678557 -0.06529483
v 0.014911622 0.13676782 0.08079775
v 0.013097495 0.14678557 0.070945874
v 0.01897867 0.14678557 -0.06960269
v 0.021616891 0.13676782 -0.07927263
v 0.00440152 0.13676782 -0.08204464
v 0.0038663745 0.14678557 -0.07204292
v -2.6673079E-06 0.14678557 0.07214458
v 2.682209E-06 0.13676782 0.082162365
v -0.015794575 0.13676246 0.08061047
v -0.018256217 0.14678557 0.069795325
v -0.031442 0.13676246 0.075911954
v -0.035321757 0.14678557 0.0629081
v -0.04583186 0.13676246 0.068168506
v -0.013011873 0.13676782 -0.08112956
v -0.0114225 0.14678557 -0.07123486
v -0.0500862 0.14678557 0.051921725
v -0.058097214 0.13676246 0.058097214
v -0.068168506 0.13676246 0.04583186
v -0.06159702 0.14678557 0.03755863
v -0.075911954 0.13676246 0.031442
v -0.0690943 0.14678557 0.020755306
v -0.08061047 0.13676246 0.015794575
v -0.0720429 0.14675884 0.0033365786
v -0.082162365 0.13676782 -2.682209E-06
v -0.07211247 0.14673741 -0.0030957758
v -0.08079775 0.13676782 -0.014916971
v -0.070614085 0.14678557 -0.014793888
v -0.07675211 0.13676782 -0.029333577
v -0.06707683 0.14678557 -0.026561558
v -0.07014851 0.13676782 -0.042776242
v -0.06159702 0.14678557 -0.037558645
v -0.06654169 0.13676782 -0.04819718
v -0.052055508 0.14678557 -0.049952433
v -0.06251745 0.13676782 -0.05331845
v -0.058097214 0.13676782 -0.05809723
v -0.04956177 0.13676782 -0.06553564
v -0.040068433 0.14678557 -0.059991613
v -0.04007913 0.13676782 -0.07172719
v -0.026197657 0.14678557 -0.06722133
v -0.029836595 0.13676782 -0.07655413
vt 0 0
vt 0 0
vt 0 0
vt 0 0
vt 0 0
vt 0 0
vt 0 0
vt 0 0
vt 0 0
vt 0 0
vt 0 0
vt 0 0
vt 0 0
vt 0 0
vt 0 0
vt 0 0
vt 0 0
vt 0 0
vt 0 0
vt 0 0
vt 0 0
vt 0 0
vt 0 0
vt 0 0
vt 0 0
vt 0 0
vt 0 0
vt 0 0
vt 0 0
vt 0 0
vt 0 0
vt 0 0
vt 0 0
vt 0 0
vt 0 0
vt 0 0
vt 0 0
vt 0 0
vt 0 0
vt 0 0
vt 0 0
vt 0 0
vt 0 0
vt 0 0
vt 0 0
vt 0 0
vt 0 0
vt 0 0
vt 0 0
vt 0 0
vt 0 0
vt 0 0
vt 0 0
vt 0 0
vt 0 0
vt 0 0
vt 0 0
vt 0 0
vt 0 0
vt 0 0
vt 0 0
vt 0 0
vt 0 0
vt 0 0
vt 0 0
vt 0 0
vt 0 0
vt 0 0
vt 0 0
vt 0 0
vt 0 0
vt 0 0
vt 0 0
vt 0 0
vt 0 0
vt 0 0
vt 0 0
vt 0 0
vt 0 0
vt 0 0
vt 0 0
vt 0 0
vt 0 0
vt 0 0
vt 0 0
vt 0 0
vt 0 0
vt 0 0
vt 0 0
vt 0 0
vt 0 0
vt 0 0
vt 0 0
vt 0 0
vt 0 0
vt 0 0
vt 0 0
vt 0 0
vt 0 0
vt 0 0
vt 0 0
vt 0 0
vt 0 0
vt 0 0
vt 0 0
vt 0 0
vt 0 0
vt 0 0
vt 0 0
vt 0 0
vt 0 0
vt 0 0
vt 0 0
vt 0 0
vt 0 0
vt 0 0
vt 0 0
vt 0 0
vt 0 0
vt 0 0
vt 0 0
vt 0 0
vt 0 0
vt 0 0
vt 0 0
vt 0 0
vt 0 0
vt 0 0
vt 0 0
vt 0 0
vt 0 0
vt 0 0
vt 0 0
vt 0 0
vt 0 0
vt 0 0
vt 0 0
vt 0 0
vt 0 0
vt 0 0
vt 0 0
vt 0 0
vt 0 0
vt 0 0
vt 0 0
vt 0 0
vt 0 0
vt 0 0
vt 0 0
vt 0 0
vt 0 0
vt 0 0
vt 0 0
vt 0 0
vt 0 0
vt 0 0
vt 0 0
vt 0 0
vt 0 0
vt 0 0
vt 0 0
vt 0 0
vt 0 0
vt 0 0
vt 0 0
vt 0 0
vt 0 0
vt 0 0
vt 0 0
vt 0 0
vt 0 0
vt 0 0
vt 0 0
vt 0 0
vt 0 0
vt 0 0
vt 0 0
vt 0 0
vt 0 0
vt 0 0
vt 0 0
vt 0 0
vt 0 0
vt 0 0
vt 0 0
vt 0 0
vt 0 0
vt 0 0
vt 0 0
vt 0 0
vt 0 0
vt 0 0
vt 0 0
vt 0 0
vt 0 0
vt 0 0
vt 0 0
vt 0 0
vt 0 0
vt 0 0
vt 0 0
vt 0 0
vt 0 0
vt 0 0
vt 0 0
vt 0 0
vt 0 0
vt 0 0
vt 0 0
vt 0 0
vt 0 0
vt 0 0
vt 0 0
vt 0 0
vt 0 0
vt 0 0
vt 0 0
vt 0 0
vt 0 0
vt 0 0
vt 0 0
vt 0 0
vt 0 0
vt 0 0
vt 0 0
vt 0 0
vt 0 0
vt 0 0
vt 0 0
vt 0 0
vt 0 0
vt 0 0
vt 0 0
vt 0 0
vt 0 0
vt 0 0
vt 0 0
vt 0 0
vt 0 0
vt 0 0
vt 0 0
vt 0 0
vt 0 0
vt 0 0
vt 0 0
vt 0 0
vt 0 0
vt 0 0
vt 0 0
vt 0 0
vt 0 0
vt 0 0
vt 0 0
vt 0 0
vt 0 0
vt 0 0
vt 0 0
vt 0 0
vt 0 0
vt 0 0
vt 0 0
vt 0 0
vt 0 0
vt 0 0
vt 0 0
vt 0 0
vt 0 0
vt 0 0
vt 0 0
vt 0 0
vt 0 0
vt 0 0
vt 0 0
vt 0.50048876 1
vt 1 0
vt 0 0
vt 0.50048876 1
vt 1 0
vt 0 0
vt 0.50048876 1
vt 1 0
vt 0 0
vt 0.50048876 1
vt 1 0
vt 0 0
vt 0.50048876 1
vt 1 0
vt 0 0
vt 0.50048876 1
vt 1 0
vt 0 0
vt 0.50048876 1
vt 1 0
vt 0 0
vt 0.50048876 1
vt 1 0
vt 0 0
vt 0.50048876 1
vt 1 0
vt 0 0
vt 0.50048876 1
vt 1 0
vt 0 0
vt 0.50048876 1
vt 1 0
vt 0 0
vt 0.50048876 1
vt 1 0
vt 0 0
vt 0.50048876 1
vt 1 0
vt 0 0
vt 0.50048876 1
vt 1 0
vt 0 0
vt 0.50048876 1
vt 1 0
vt 0 0
vt 0.50048876 1
vt 1 0
vt 0 0
vt 0 0
vt 0 0
vt 0 0
vt 0 0
vt 0 0
vt 0 0
vt 0 0
vt 0 0
vt 0 0
vt 0 0
vt 0 0
vt 0 0
vt 0 0
vt 0 0
vt 0 0
vt 0 0
vt 0 0
vt 0 0
vt 0 0
vt 0 0
vt 0 0
vt 0 0
vt 0 0
vt 0 0
vt 0 0
vt 0 0
vt 0 0
vt 0 0
vt 0 0
vt 0 0
vt 0 0
vt 0 0
vt 0 0
vt 0 0
vt 0 0
vt 0 0
vt 0 0
vt 0 0
vt 0 0
vt 0 0
vt 0 0
vt 0 0
vt 0 0
vt 0 0
vt 0 0
vt 0 0
vt 0 0
vt 0 0
vt 0 0
vt 0 0
vt 0 0
vt 0 0
vt 0 0
vt 0 0
vt 0 0
vt 0 0
vt 0 0
vt 0 0
vt 0 0
vt 0 0
vt 0 0
vt 0.50048876 1
vt 1 0
vt 0 0
vt 0.50048876 1
vt 1 0
vt 0 0
vt 0.50048876 1
vt 1 0
vt 0 0
vt 0.50048876 1
vt 1 0
vt 0 0
vt 0.50048876 1
vt 1 0
vt 0 0
vt 0.50048876 1
vt 1 0
vt 0 0
vt 0.50048876 1
vt 1 0
vt 0 0
vt 0.50048876 1
vt 1 0
vt 0 0
vt 0.50048876 1
vt 1 0
vt 0 0
vt 0.50048876 1
vt 1 0
vt 0 0
vt 0.50048876 1
vt 1 0
vt 0 0
vt 0.50048876 1
vt 1 0
vt 0 0
vt 0.50048876 1
vt 1 0
vt 0 0
vt 0.50048876 1
vt 1 0
vt 0 0
vt 0.50048876 1
vt 1 0
vt 0 0
vt 0.50048876 1
vt 1 0
vt 0 0
vt 0.50048876 1
vt 1 0
vt 0 0
vt 0.50048876 1
vt 1 0
vt 0 0
vt 0.50048876 1
vt 1 0
vt 0 0
vt 0.50048876 1
vt 1 0
vt 0 0
vt 0.50048876 1
vt 1 0
vt 0 0
vt 0.50048876 1
vt 1 0
vt 0 0
vt 0.50048876 1
vt 1 0
vt 0 0
vt 0.50048876 1
vt 1 0
vt 0 0
vt 0.50048876 1
vt 1 0
vt 0 0
vt 0.50048876 1
vt 1 0
vt 0 0
vt 0.50048876 1
vt 1 0
vt 0 0
vt 0.50048876 1
vt 1 0
vt 0 0
vt 0.50048876 1
vt 1 0
vt 0 0
vt 0.50048876 1
vt 1 0
vt 0 0
vt 0.50048876 1
vt 1 0
vt 0 0
vt 0.50048876 1
vt 1 0
vt 0 0
vt 0.50048876 1
vt 1 0
vt 0 0
vt 0.50048876 1
vt 1 0
vt 0 0
vt 0.50048876 1
vt 1 0
vt 0 0
vt 0.50048876 1
vt 1 0
vt 0 0
vt 0.50048876 1
vt 1 0
vt 0 0
vt 0.50048876 1
vt 1 0
vt 0 0
vt 0.50048876 1
vt 1 0
vt 0 0
vt 0.50048876 1
vt 1 0
vt 0 0
vt 0.50048876 1
vt 1 0
vt 0 0
vt 1 0
vt 0 0
vt 1 0
vt 0 0
vt 0.50048876 1
vt 1 0
vt 0 0
vt 0.50048876 1
vt 1 0
vt 0 0
vt 1 0
vt 0 0
vt 0.50048876 1
vt 1 0
vt 0 0
vt 1 0
vt 0 0
vt 0.50048876 1
vt 1 0
vt 0 0
vt 1 0
vt 0 0
vt 0.50048876 1
vt 1 0
vt 0 0
vt 0.50048876 1
vt 1 0
vt 0 0
vt 0.50048876 1
vt 1 0
vt 0 0
vt 0.50048876 1
vt 1 0
vt 0 0
vt 0.50048876 1
vt 1 0
vt 0 0
vt 0.50048876 1
vt 1 0
vt 0 0
vt 0.50048876 1
vt 1 0
vt 0 0
vt 0.50048876 1
vt 1 0
vt 0 0
vt 0.50048876 1
vt 1 0
vt 0 0
vt 0.50048876 1
vt 1 0
vt 0 0
vt 0.50048876 1
vt 1 0
vt 0 0
vt 0.50048876 1
vt 1 0
vt 0 0
vt 0.50048876 1
vt 1 0
vt 0 0
vt 0.50048876 1
vt 1 0
vt 0 0
vt 0.50048876 1
vt 1 0
vt 0 0
vt 1 0
vt 0 0
vt 0.50048876 1
vt 1 0
vt 0 0
vt 1 0
vt 0 0
vt 0.50048876 1
vt 1 0
vt 0 0
vt 0.50048876 1
vt 1 0
vt 0 0
vt 0.50048876 1
vt 1 0
vt 0 0
vt 0.50048876 1
vt 1 0
vt 0 0
vt 0.50048876 1
vt 1 0
vt 0 0
vt 0.50048876 1
vt 1 0
vt 0 0
vt 0.50048876 1
vt 1 0
vt 0 0
vt 0.50048876 1
vt 1 0
vt 0 0
vt 0.50048876 1
vt 1 0
vt 0 0
vt 0.50048876 1
vt 1 0
vt 0 0
vt 0.50048876 1
vt 1 0
vt 0 0
vt 0.50048876 1
vt 1 0
vt 0 0
vt 0.50048876 1
vt 1 0
vt 0 0
vt 0.50048876 1
vt 1 0
vt 0 0
vt 0.50048876 1
vt 1 0
vt 0 0
vt 0.50048876 1
vt 1 0
vt 0 0
vt 0.50048876 1
vt 1 0
vt 0 0
vt 0.50048876 1
vt 1 0
vt 0 0
vt 0.50048876 1
vt 1 0
vt 0 0
vt 0.50048876 1
vt 1 0
vt 0 0
vt 0.50048876 1
vt 1 0
vt 0 0
vt 0.50048876 1
vt 1 0
vt 0 0
vt 0.50048876 1
vt 1 0
vt 0 0
vt 0.50048876 1
vt 1 0
vt 0 0
vt 0.50048876 1
vt 1 0
vt 0 0
vt 0.50048876 1
vt 1 0
vt 0 0
vt 0.50048876 1
vt 1 0
vt 0 0
vt 0.50048876 1
vt 1 0
vt 0 0
vt 0.50048876 1
vt 1 0
vt 0 0
vt 0.50048876 1
vt 1 0
vt 0 0
vt 1 0
vt 0 0
vt 0.50048876 1
vt 1 0
vt 0 0
vt 1 0
vt 0 0
vt 0.50048876 1
vt 1 0
vt 0 0
vt 0.50048876 1
vt 1 0
vt 0 0
vt 1 0
vt 0 0
vt 0.50048876 1
vt 1 0
vt 0 0
vt 0.50048876 1
vt 1 0
vt 0 0
vt 1 0
vt 0 0
vt 0.50048876 1
vt 1 0
vt 0 0
vt 1 0
vt 0 0
vt 0.50048876 1
vt 1 0
vt 0 0
vt 1 0
vt 0 0
vt 0.50048876 1
vt 1 0
vt 0 0
vt 0.50048876 1
vt 1 0
vt 0 0
vt 0.50048876 1
vt 1 0
vt 0 0
vt 0.50048876 1
vt 1 0
vt 0 0
vt 1 0
vt 0 0
vt 0.50048876 1
vt 1 0
vt 0 0
vt 1 0
vt 0 0
vt 0.50048876 1
vt 1 0
vt 0 0
vt 0.50048876 1
vt 1 0
vt 0 0
vt 0.50048876 1
vt 1 0
vt 0 0
vt 1 0
vt 0 0
vt 1 0
vt 0 0
vt 0.50048876 1
vt 1 0
vt 0 0
vt 0.50048876 1
vt 1 0
vt 0 0
vt 0.50048876 1
vt 1 0
vt 0 0
vt 0.50048876 1
vt 1 0
vt 0 0
vt 0.50048876 1
vt 1 0
vt 0 0
vt 0.50048876 1
vt 1 0
vt 0 0
vt 0.50048876 1
vt 1 0
vt 0 0
vt 0.50048876 1
vt 1 0
vt 0 0
vt 0.50048876 1
vt 1 0
vt 0 0
vt 0.50048876 1
vt 1 0
vt 0 0
vt 0.50048876 1
vt 1 0
vt 0 0
vt 0.50048876 1
vt 1 0
vt 0 0
vt 0.50048876 1
vt 1 0
vt 0 0
vt 0.50048876 1
vt 1 0
vt 0 0
vt 0.50048876 1
vt 1 0
vt 0 0
vt 0.50048876 1
vt 1 0
vt 0 0
vt 0.50048876 1
vt 1 0
vt 0 0
vt 0.50048876 1
vt 1 0
vt 0 0
vt 0.50048876 1
vt 1 0
vt 0 0
vt 0.50048876 1
vt 1 0
vt 0 0
vt 0.50048876 1
vt 1 0
vt 0 0
vt 0.50048876 1
vt 1 0
vt 0 0
vt 0.50048876 1
vt 1 0
vt 0 0
vt 0.50048876 1
vt 1 0
vt 0 0
vt 0.50048876 1
vt 1 0
vt 0 0
vt 0.50048876 1
vt 1 0
vt 0 0
vt 0.50048876 1
vt 1 0
vt 0 0
vt 0.50048876 1
vt 1 0
vt 0 0
vt 0.50048876 1
vt 1 0
vt 0 0
vt 0.50048876 1
vt 1 0
vt 0 0
vt 0.50048876 1
vt 1 0
vt 0 0
vt 0 0
vt 0 0
vt 0 0
vt 0 0
vt 0 0
vt 0 0
vt 0 0
vt 0 0
vt 0 0
vt 0 0
vt 0 0
vt 0 0
vt 0 0
vt 0 0
vt 0 0
vt 0 0
vt 0 0
vt 0 0
vt 0 0
vt 0 0
vt 0 0
vt 0 0
vt 0 0
vt 0 0
vt 0 0
vt 0 0
vt 0 0
vt 0 0
vt 0 0
vt 0 0
vt 0 0
vt 0 0
vt 0 0
vt 0 0
vt 0 0
vt 0 0
vt 0 0
vt 0 0
vt 0 0
vt 0 0
vt 0 0
vt 0 0
vt 0 0
vt 0 0
vt 0 0
vt 0 0
vt 0 0
vt 0 0
vt 0 0
vt 0 0
vt 0 0
vt 0 0
vt 0 0
vt 0 0
vt 0 0
vt 0 0
vt 0 0
vt 0 0
vt 0 0
vt 0 0
vt 0 0
vt 0 0
vt 0 0
vt 0 0
vt 0 0
vt 0 0
vt 0 0
vt 0 0
vt 0 0
vt 0 0
vt 0 0
vt 0 0
vt 0 0
vt 0 0
vt 0 0
vt 0 0
vt 0 0
vt 0 0
vt 0 0
vt 0 0
vt 0 0
vt 0 0
vt 0 0
vt 0 0
vt 0 0
vt 0 0
vt 0 0
vt 0 0
vt 0 0
vt 0 0
vt 0 0
vt 0 0
vt 0 0
vt 0 0
vt 0 0
vt 0 0
vt 0 0
vt 0 0
vt 0 0
vt 0 0
vt 0 0
vt 0 0
vt 0 0
vt 0 0
vt 0 0
vt 0 0
vt 0 0
vt 0 0
vt 0 0
vt 0 0
vt 0 0
vt 0 0
vt 0 0
vt 0 0
vt 0 0
vt 0 0
vt 0 0
vt 0 0
vt 0 0
vt 0 0
vt 0 0
vt 0 0
vt 0 0
vt 0 0
vt 0 0
vt 0 0
vt 0 0
vt 0 0
vt 0 0
vt 0 0
vt 0 0
vt 0 0
vt 0 0
vt 0 0
vt 0 0
vt 0 0
vt 0 0
vt 0 0
vt 0 0
vt 0 0
vt 0 0
vt 0 0
vt 0 0
vt 0 0
vt 0 0
vt 0 0
vt 0 0
vt 0 0
vt 0 0
vt 0 0
vt 0 0
vt 0 0
vt 0 0
vt 0 0
vt 0 0
vt 0 0
vt 0 0
vt 0 0
vt 0 0
vt 0 0
vt 0 0
vt 0 0
vt 0 0
vt 0 0
vt 0 0
vt 0 0
vt 0 0
vt 0 0
vt 0 0
vt 0 0
vt 0 0
vt 0 0
vt 0 0
vt 0 0
vt 0 0
vt 0 0
vt 0 0
vt 0 0
vt 0 0
vt 0 0
vt 0 0
vt 0 0
vt 0 0
vt 0 0
vt 0 0
vt 0 0
vt 0 0
vt 0 0
vt 0 0
vt 0 0
vt 0 0
vt 0 0
vt 0 0
vt 0 0
vt 0 0
vt 0 0
vt 0 0
vt 0 0
vt 0 0
vt 0 0
vt 0 0
vt 0 0
vt 0 0
vt 0 0
vt 0 0
vt 0 0
vt 0 0
vt 0 0
vt 0 0
vt 0 0
vt 0 0
vt 0 0
vt 0 0
vt 0 0
vt 0 0
vt 0 0
vt 0 0
vt 0 0
vt 0 0
vt 0 0
vt 0 0
vt 0 0
vt 0 0
vt 0 0
vt 0 0
vt 0 0
vt 0 0
vt 0 0
vt 0 0
vt 0 0
vt 0 0
vt 0 0
vt 0 0
vt 0 0
vt 0 0
vt 0 0
vt 0 0
vt 0 0
vt 0 0
vt 0 0
vt 0 0
vt 0 0
vt 0 0
vt 0 0
vt 0 0
vt 0 0
vt 0 0
vt 0 0
vt 0 0
vt 0 0
vt 0 0
vt 0 0
vt 0 0
vt 0 0
vt 0 0
vt 0 0
vt 0 0
vt 0 0
vt 0 0
vt 0 0
vt 0 0
vt 0 0
vt 0 0
vt 0 0
vt 0 0
vt 0 0
vt 0 0
vt 0 0
vt 0 0
vt 0 0
vt 0 0
vt 0 0
vt 0 0
vt 0 0
vt 0 0
vt 0 0
vt 0 0
vt 0 0
vt 0 0
vt 0 0
vt 0 0
vt 0 0
vt 0 0
vt 0 0
vt 0 0
vt 0 0
vt 0 0
vt 0 0
vt 0 0
vt 0 0
vt 0 0
vt 0 0
vt 0 0
vt 0 0
vt 0 0
vt 0 0
vt 0 0
vt 0 0
vt 0 0
vt 0 0
vt 0 0
vt 0 0
vt 0 0
vt 0 0
vt 0 0
vt 0 0
vt 0 0
vt 0 0
vt 0 0
vt 0 0
vt 0 0
vt 0 0
vt 0 0
vt 0 0
vt 0 0
vt 0 0
vt 0 0
vt 0 0
vt 0 1
vt 1 1
vt 1 0
vt 0 0
vt 0 1
vt 1 1
vt 1 0
vt 0 0
vt 0 1
vt 1 1
vt 1 0
vt 0 0
vt 0 1
vt 1 1
vt 1 0
vt 0 0
vt 0 1
vt 1 1
vt 1 0
vt 0 0
vt 0 1
vt 1 1
vt 1 0
vt 0 0
vt 0 1
vt 1 1
vt 1 0
vt 0 0
vt 0 1
vt 1 1
vt 1 0
vt 0 0
vt 0 1
vt 1 1
vt 1 0
vt 0 0
vt 0 1
vt 1 1
vt 1 0
vt 0 0
vt 0 1
vt 1 1
vt 1 0
vt 0 0
vt 0 1
vt 1 1
vt 1 0
vt 0 0
vt 0 1
vt 1 1
vt 1 0
vt 0 0
vt 0 1
vt 1 1
vt 1 0
vt 0 0
vt 0 1
vt 1 1
vt 1 0
vt 0 0
vt 0 1
vt 1 1
vt 1 0
vt 0 0
vt 0 1
vt 1 1
vt 1 0
vt 0 0
vt 0 1
vt 1 1
vt 1 0
vt 0 0
vt 0 1
vt 1 1
vt 1 0
vt 0 0
vt 0 1
vt 1 1
vt 1 0
vt 0 0
vt 0 1
vt 1 1
vt 1 0
vt 0 0
vt 0 1
vt 1 1
vt 1 0
vt 0 0
vt 0 1
vt 1 1
vt 1 0
vt 0 0
vt 0 1
vt 1 1
vt 1 0
vt 0 0
vt 0 1
vt 1 1
vt 1 0
vt 0 0
vt 0 1
vt 1 1
vt 1 0
vt 0 0
vt 0 1
vt 1 1
vt 1 0
vt 0 0
vt 0 1
vt 1 1
vt 1 0
vt 0 0
vt 0 1
vt 1 1
vt 1 0
vt 0 0
vt 0 1
vt 1 1
vt 1 0
vt 0 0
vt 0 1
vt 1 1
vt 1 0
vt 0 0
vt 0 1
vt 1 1
vt 1 0
vt 0 0
vt 0 1
vt 1 1
vt 1 0
vt 0 0
vt 0 1
vt 1 1
vt 1 0
vt 0 0
vt 0 1
vt 1 1
vt 1 0
vt 0 0
vt 0 1
vt 1 1
vt 1 0
vt 0 0
vt 0 0
vt 0 0
vt 0 0
vt 0 0
vt 0 0
vt 0 0
vt 0 0
vt 0 0
vt 0 0
vt 0 0
vt 0 0
vt 0 0
vt 0 0
vt 0 0
vt 0 0
vt 0 0
vt 0 0
vt 0 0
vt 0 0
vt 0 0
vt 0 0
vt 0 0
vt 0 0
vt 0 0
vt 0 0
vt 0 0
vt 0 0
vt 0 0
vt 0 0
vt 0 0
vt 0 0
vt 0 0
vt 0 0
vt 0 0
vt 0 0
vt 0 0
vt 0 0
vt 0 0
vt 0 0
vt 0 0
vt 0 0
vt 0 0
vt 0 0
vt 0 0
vt 0 0
vt 0 0
vt 0 0
vt 0 0
vt 0 0
vt 0 0
vt 0 0
vt 0 0
vt 0 0
vt 0 0
vt 0 0
vt 0 0
vt 0 0
vt 0 0
vt 0 0
vt 0 0
vt 0 0
vt 0 0
vt 0 0
vt 0 0
vt 0 0
vt 0 0
vt 0 0
vt 0 0
vt 0 0
vt 0 0
vt 0 0
vt 0 0
vt 0 0
vt 0 0
vt 0 0
vt 0 0
vt 0 0
vt 0 0
vt 0 0
vt 0 0
vt 0 0
vt 0 0
vt 0 0
vt 0 0
vt 0 0
vt 0 0
vt 0 0
vt 0 0
vt 0 0
vt 0 0
vt 0 0
vt 0 0
vt 0 0
vt 0 0
vt 0 0
vt 0 0
vt 0 0
vt 0 0
vt 0 0
vt 0 0
vt 0 0
vt 0 0
vt 0 0
vt 0 0
vt 0 0
vt 0 0
vt 0 0
vt 0 0
vt 0 0
vt 0 0
vt 0 0
vt 0 0
vt 0 0
vt 0 0
vt 0 0
vt 0 0
vt 0 0
vt 0 0
vt 0 0
vt 0 0
vt 0 0
vt 0 0
vt 0 0
vt 0 0
vt 0 0
vt 0 0
vt 0 0
vt 0 0
vt 0 0
vt 0 0
vt 0 0
vt 0 0
vt 0 0
vt 0 0
vt 0 0
vt 0 0
vt 0 0
vt 0 0
vt 0 0
vt 0 0
vt 0 0
vt 0 0
vt 0 0
vt 0 0
vt 0 0
vt 0 0
vt 0 0
vt 0 0
vt 0 0
vt 0 0
vt 0 0
vt 0 0
vt 0 0
vt 0 0
vt 0 0
vt 0 0
vt 0 0
vt 0 0
vt 0 0
vt 0 0
vt 0 0
vt 0 0
vt 0 0
vt 0 0
vt 0 0
vt 0 0
vt 0 0
vt 0 0
vt 0 0
vt 0 0
vt 0 0
vt 0 0
vt 0 0
vt 0 0
vt 0 0
vt 0 0
vt 0 0
vt 0 0
vt 0 0
vt 0 0
vt 0 0
vt 0 0
vt 0 0
vt 0 0
vt 0 0
vt 0 0
vt 0 0
vt 0 0
vt 0 0
vt 0 0
vt 0 0
vt 0 0
vt 0 0
vt 0 0
vt 0 0
vt 0 0
vt 0 0
vt 0 0
vt 0 0
vt 0 0
vt 0 0
vt 0 0
vt 0 0
vt 0 0
vt 0 0
vt 0 0
vt 0 0
vt 0 0
vt 0 0
vt 0 0
vt 0 0
vt 0 0
vt 0 0
vt 0 0
vt 0 0
vt 0 0
vt 0 0
vt 0 0
vt 0 0
vt 0 0
vt 0 0
vt 0 0
vt 0 0
vt 0 0
vt 0 0
vt 0 0
vt 0 0
vt 0 0
vt 0 0
vt 0 0
vt 0 0
vt 0 0
vt 0 0
vt 0 0
vt 0 0
vt 0 0
vt 0 0
vt 0 0
vt 0 0
vt 0 0
vt 0 0
vt 0 0
vt 0 0
vt 0 0
vt 0 0
vt 0 0
vt 0 0
vt 0 0
vt 0 0
vt 0 0
vt 0 0
vt 0 0
vt 0 0
vt 0 0
vt 0 0
vt 0 0
vt 0 0
vt 0 0
vt 0 0
vt 0 0
vt 0 0
vt 0 0
vt 0 0
vt 0 0
vt 0 0
vt 0 0
vt 0 0
vt 0 0
vt 0 0
vt 0 0
vt 0 0
vt 0 0
vt 0 0
vt 0 0
vt 0 0
vt 0 0
vt 0 0
vt 0 0
vt 0 0
vt 0 0
vt 0 0
vt 0 0
vt 0 0
vt 0 0
vt 0 0
vt 0 0
vt 0 0
vt 0 0
vt 0 0
vt 0 0
vt 0 0
vt 0 0
vt 0 0
vt 0 0
vt 0 0
vt 0 0
vt 0 0
vt 0 0
vt 0 0
vt 0 0
vt 0 0
vt 0 0
vt 0 0
vt 0 0
vt 0 0
vt 0 0
vt 0 0
vt 0 0
vt 0 0
vt 0 0
vt 0 0
vt 0 0
vt 0 0
vt 0 0
vt 0 0
vt 0 0
vt 0 0
vt 0 0
vt 0 0
vt 0 0
vt 0 0
vt 0 0
vt 0 0
vt 0 0
vt 0 0
vt 0 0
vt 0 0
vt 0 0
vt 0 0
vt 0 0
vt 0 0
vt 0 0
vt 0 0
vt 0 0
vt 0 0
vt 0 0
vt 0 0
vt 0 0
vt 0 0
vt 0 0
vt 0 0
vt 0 0
vt 0 0
vt 0 0
vt 0 0
vt 0 0
vt 0 0
vt 0 0
vt 0 0
vt 0 0
vt 0 0
vt 0 0
vt 0 0
vt 0 0
vt 0 0
vt 0 0
vt 0 0
vt 0 0
vt 0 0
vt 0 0
vt 0 0
vt 0 0
vt 0 0
vt 0 0
vt 0 0
vt 0 0
vt 0 0
vt 0 0
vt 0 0
vt 0 0
vt 0 0
vt 0 0
vt 0 0
vt 0 0
vt 0 0
vt 0 0
vt 0 0
vt 0 0
vt 0 0
vt 0 0
vt 0 0
vt 0 0
vt 0 0
vt 0 0
vt 0 0
vt 0 0
vt 0 0
vt 0 0
vt 0 0
vt 0 0
vt 0 0
vt 0 0
vt 0 0
vt 0 0
vt 0 0
vt 0 0
vt 0 0
vt 0 0
vt 0 0
vt 0 0
vt 0 0
vt 0 0
vt 0 0
vt 0 0
vt 0 0
vt 0 0
vt 0 0
vt 0 0
vt 0 0
vt 0 0
vt 0 0
vt 0 0
vt 0 0
vt 0 0
vt 0 0
vt 0 0
vt 0 0
vt 0 0
vt 0 0
vt 0 0
vt 0 0
vt 0 0
vt 0 0
vt 0 0
vt 0 0
vt 0 0
vt 0 0
vt 0 0
vt 0 0
vt 0 0
vt 0 0
vt 0 0
vt 0 0
vt 0 0
vt 0 0
vt 0 0
vt 0 0
vt 0 0
vt 0 0
vt 0 0
vt 0 0
vt 0 0
vt 0 0
vt 0 0
vt 0 0
vt 0 0
vt 0 0
vt 0 0
vt 0 0
vt 0 0
vt 0 0
vt 0 0
vt 0 0
vt 0 0
vt 0 0
vt 0 0
vt 0 0
vt 0 0
vt 0 0
vt 0 0
vt 0 0
vt 0 0
vt 0 0
vt 0 0
vt 0 0
vt 0 0
vt 0 0
vt 0 0
vt 0 0
vt 0 0
vt 0 0
vt 0 0
vt 0 0
vt 0 0
vt 0 0
vt 0 0
vt 0 0
vt 0 0
vt 0 0
vt 0 0
vt 0 0
vt 0 0
vt 0 0
vt 0 0
vt 0 0
vt 0 0
vt 0 0
vt 0 0
vt 0 0
vt 0 0
vt 0 0
vt 0 0
vt 0 0
vt 0 0
vt 0 0
vt 0 0
vt 0 0
vt 0 0
vt 0 0
vt 0 0
vt 0 0
vt 0 0
vt 0 0
vt 0 0
vt 0 0
vt 0 0
vt 0 0
vt 0 0
vt 0 0
vt 0 0
vt 0 0
vt 0 0
vt 0 0
vt 0 0
vt 0 0
vt 0 0
vt 0 0
vt 0 0
vt 0 0
vt 0 0
vt 0 0
vt 0 0
vt 0 0
vt 0 0
vt 0 0
vt 0 0
vt 0 0
vt 0 0
vt 0 0
vt 0 0
vt 0 0
vt 0 0
vt 0 0
vt 0 0
vt 0 0
vt 0 0
vt 0 0
vt 0 0
vt 0 0
vt 0 0
vt 0 0
vt 0 0
vt 0 0
vt 0 0
vt 0 0
vt 0 0
vt 0 0
vt 0 0
vt 0 0
vt 0 0
vt 0 0
vt 0 0
vt 0 0
vt 0 0
vt 0 0
vt 0 0
vt 0 0
vt 0 0
vt 0 0
vt 0 0
vt 0 0
vt 0 0
vt 0 0
vt 0 0
vt 0 0
vt 0 0
vt 0 0
vt 0 0
vt 0 0
vt 0 0
vt 0 0
vt 0 0
vt 0 0
vt 0 0
vt 0 0
vt 0 0
vt 0 0
vt 0 0
vt 0 0
vt 0 0
vt 0 0
vt 0 0
vt 0 0
vt 0 0
vt 0 0
vt 0 0
vt 0 0
vt 0 0
vt 0 0
vt 0 0
vt 0 0
vt 0 0
vt 0 0
vt 0 0
vt 0 0
vt 0 0
vt 0 0
vt 0 0
vt 0 0
vt 0 0
vt 0 0
vt 0 0
vt 0 0
vt 0 0
vt 0 0
vt 0 0
vt 0 0
vt 0 0
vt 0 0
vt 0 0
vt 0 0
vt 0 0
vt 0 0
vt 0 0
vt 0 0
vt 0 0
vt 0 0
vt 0 0
vt 0 0
vt 0 0
vt 0 0
vt 0 0
vt 0 0
vt 0 0
vt 0 0
vt 0 0
vt 0 0
vt 0 0
vt 0 0
vt 0 0
vt 0 0
vt 0 0
vt 0 0
vt 0 0
vt 0 0
vt 0 0
vt 0 0
vt 0 0
vt 0 0
vt 0 0
vt 0 0
vt 0 0
vt 0 0
vt 0 0
vt 0 0
vt 0 0
vt 0 0
vt 0 0
vt 0 0
vt 0 0
vt 0 0
vt 0 0
vt 0 0
vt 0 0
vt 0 0
vt 0 0
vt 0 0
vt 0 0
vt 0 0
vt 0 0
vt 0 0
vt 0 0
vt 0 0
vt 0 0
vt 0 0
vt 0 0
vt 0 0
vt 0 0
vt 0 0
vt 0 0
vt 0 0
vt 0 0
vt 0 0
vt 0 0
vt 0 0
vt 0 0
vt 0 0
vt 0 0
vt 0 0
vt 0 0
vt 0 0
vt 0 0
vt 0 0
vt 0 0
vt 0 0
vt 0 0
vt 0 0
vt 0 0
vt 0 0
vt 0 0
vt 0 0
vt 0 0
vt 0 0
vt 0 0
vt 0 0
vt 0 0
vt 0 0
vt 0 0
vt 0 0
vt 0 0
vt 0 0
vt 0 0
vt 0 0
vt 0 0
vt 0 0
vt 0 0
vt 0 0
vt 0 0
vt 0 0
vt 0 0
vt 0 0
vt 0 0
vt 0 0
vt 0 0
vt 0 0
vt 0 0
vt 0 0
vt 0 0
vt 0 0
vt 0 0
vt 0 0
vt 0 0
vt 0 0
vt 0 0
vt 0 0
vt 0 0
vt 0 0
vt 0 0
vt 0 0
vt 0 0
vt 0 0
vt 0 0
vt 0 0
vt 0 0
vt 0 0
vt 0 0
vt 0 0
vt 0 0
vt 0 0
vt 0 0
vt 0 0
vt 0 0
vt 0 0
vt 0 0
vt 0 0
vt 0 0
vt 0 0
vt 0 0
vt 0 0
vt 0 0
vt 0 0
vt 0 0
vt 0 0
vt 0 0
vt 0 0
vt 0 0
vt 0 0
vt 0 0
vt 0 0
vt 0 0
vt 0 0
vt 0 0
vt 0 0
vt 0 0
vt 0 0
vt 0 0
vt 0 0
vt 0 0
vt 0 0
vt 0 0
vt 0 0
vt 0 0
vt 0 0
vt 0 0
vt 0 0
vt 0 0
vt 0 0
vt 0 0
vt 0 0
vt 0 0
vt 0 0
vt 0 0
vt 0 0
vt 0 0
vt 0 0
vt 0 0
vt 0 0
vt 0 0
vt 0 0
vt 0 0
vt 0 0
vt 0 0
vt 0 0
vt 0 0
vt 0 0
vt 0 0
vt 0 0
vt 0 0
vt 0 0
vt 0 0
vt 0 0
vt 0 0
vt 0 0
vt 0 0
vt 0 0
vt 0 0
vt 0 0
vt 0 0
vt 0 0
vt 0 0
vt 0 0
vt 0 0
vt 0 0
vt 0 0
vt 0 0
vt 0 0
vt 0 0
vt 0 0
vt 0 0
vt 0 0
vt 0 0
vt 0 0
vt 0 0
vt 0 0
vt 0 0
vt 0 0
vt 0 0
vt 0 0
vt 0 0
vt 0 0
vt 0 0
vt 0 0
vt 0 0
vt 0 0
vt 0 0
vt 0 0
vt 0 0
vt 0 0
vt 0 0
vt 0 0
vt 0 0
vt 0 0
vt 0 0
vt 0 0
vt 0 0
vt 0 0
vt 0 0
vt 0 0
vt 0 0
vt 0 0
vt 0 0
vt 0 0
vt 0 0
vt 0 0
vt 0 0
vt 0 0
vt 0 0
vt 0 0
vt 0 0
vt 0 0
vt 0 0
vt 0 0
vt 0 0
vt 0 0
vt 0 0
vt 0 0
vt 0 0
vt 0 0
vt 0 0
vt 0 0
vt 0 0
vt 0 0
vt 0 0
vt 0 0
vt 0 0
vt 0 0
vt 0 0
vt 0 0
vt 0 0
vt 0 0
vt 0 0
vt 0 0
vt 0 0
vt 0 0
vt 0 0
vt 0 0
vt 0 0
vt 0 0
vt 0 0
vt 0 0
vt 0 0
vt 0 0
vt 0 0
vt 0 0
vt 0 0
vt 0 0
vt 0 0
vt 0 0
vt 0 0
vt 0 0
vt 0 0
vt 0 0
vt 0 0
vt 0 0
vt 0 0
vt 0 0
vt 0 0
vt 0 0
vt 0 0
vt 0 0
vt 0 0
vt 0 0
vt 0 0
vt 0 0
vt 0 0
vt 0 0
vt 0 0
vt 0 0
vt 0 0
vt 0 0
vt 0 0
vt 0 0
vt 0 0
vt 0 0
vt 0 0
vt 0 0
vt 0 0
vt 0 0
vt 0 0
vt 0 0
vt 0 0
vt 0 0
vt 0 0
vt 0 0
vt 0 0
vt 0 0
vt 0 0
vt 0 0
vt 0 0
vt 0 0
vt 0 0
vt 0 0
vt 0 0
vt 0 0
vt 0 0
vt 0 0
vt 0 0
vt 0 0
vt 0 0
vt 0 0
vt 0 0
vt 0 0
vt 0 0
vt 0 0
vt 0 0
vt 0 0
vt 0 0
vt 0 0
vt 0 0
vt 0 0
vt 0 0
vt 0 0
vt 0 0
vt 0 0
vt 0 0
vt 0 0
vt 0 0
vt 0 0
vt 0 0
vt 0 0
vt 0 0
vt 0 0
vt 0 0
vt 0 0
vt 0 0
vt 0 0
vt 0 0
vt 0 0
vt 0 0
vt 0 0
vt 0 0
vt 0 0
vt 0 0
vt 0 0
vt 0 0
vt 0 0
vt 0 0
vt 0 0
vt 0 0
vt 0 0
vt 0 0
vt 0 0
vt 0 0
vt 0 0
vt 0 0
vt 0 0
vt 0 0
vt 0 0
vt 0 0
vt 0 0
vt 0 0
vt 0 0
vt 0 0
vt 0 0
vt 0 0
vt 0 0
vt 0 0
vt 0 0
vt 0 0
vt 0 0
vt 0 0
vt 0 0
vt 0 0
vt 0 0
vt 0 0
vt 0 0
vt 0 0
vt 0 0
vt 0 0
vt 0 0
vt 0 0
vt 0 0
vt 0 0
vt 0 0
vt 0 0
vt 0 0
vt 0 0
vt 0 0
vt 0 0
vt 0 0
vt 0 0
vt 0 0
vt 0 0
vt 0 0
vt 0 0
vt 0 0
vt 0 0
vt 0 0
vt 0 0
vt 0 0
vt 0 0
vt 0 0
vt 0 0
vt 0 0
vt 0 0
vt 0 0
vt 0 0
vt 0 0
vt 0 0
vt 0 0
vt 0 0
vt 0 0
vt 0 0
vt 0 0
vt 0 0
vt 0 0
vt 0 0
vt 0 0
vt 0 0
vt 0 0
vt 0 0
vt 0 0
vt 0 0
vt 0 0
vt 0 0
vt 0 0
vt 0 0
vt 0 0
vt 0 0
vt 0 0
vt 0 0
vt 0 0
vt 0 0
vt 0 0
vt 0 0
vt 0 0
vt 0 0
vt 0 0
vt 0 0
vt 0 0
vt 0 0
vt 0 0
vt 0 0
vt 0 0
vt 0 0
vt 0 0
vt 0 0
vt 0 0
vt 0 0
vt 0 0
vt 0 0
vt 0 0
vt 0 0
vt 0 0
vt 0 0
vt 0 0
vt 0 0
vt 0 0
vt 0 0
vt 0 0
vt 0 0
vt 0 0
vt 0 0
vt 0 0
vt 0 0
vt 0 0
vt 0 0
vt 0 0
vt 0 0
vt 0 0
vt 0 0
vt 0 0
vt 0 0
vt 0 0
vt 0 0
vt 0 0
vt 0 0
vt 0 0
vt 0 0
vt 0 0
vt 0 0
vt 0 0
vt 0 0
vt 0 0
vt 0 0
vt 0 0
vt 0 0
vt 0 0
vt 0 0
vt 0 0
vt 0 0
vt 0 0
vt 0 0
vt 0 0
vt 0 0
vt 0 0
vt 0 0
vt 0 0
vt 0 0
vt 0 0
vt 0 0
vt 0 0
vt 0 0
vt 0 0
vt 0 0
vt 0 0
vt 0 0
vt 0 0
vt 0 0
vt 0 0
vt 0 0
vt 0 0
vt 0 0
vt 0 0
vt 0 0
vt 0 0
vt 0 0
vt 0 0
vt 0 0
vt 0 0
vt 0 0
vt 0 0
vt 0 0
vt 0 0
vt 0 0
vt 0 0
vt 0 0
vt 0 0
vt 0 0
vt 0 0
vt 0 0
vt 0 0
vt 0 0
vt 0 0
vt 0 0
vt 0 0
vt 0 0
vt 0 0
vt 0 0
vt 0 0
vt 0 0
vt 0 0
vt 0 0
vt 0 0
vt 0 0
vt 0 0
vt 0 0
vt 0 0
vt 0 0
vt 0 0
vt 0 0
vt 0 0
vt 0 0
vt 0 0
vt 0 0
vt 0 0
vt 0 0
vt 0 0
vt 0 0
vt 0 0
vt 0 0
vt 0 0
vt 0 0
vt 0 0
vt 0 0
vt 0 0
vt 0 0
vt 0 0
vt 0 0
vt 0 0
vt 0 0
vt 0 0
vt 0 0
vt 0 0
vt 0 0
vt 0 0
vt 0 0
vt 0 0
vt 0 0
vt 0 0
vt 0 0
vt 0 0
vt 0 0
vt 0 0
vt 0 0
vt 0 0
vt 0 0
vt 0 0
vt 0 0
vt 0 0
vt 0 0
vt 0 0
vt 0 0
vt 0 0
vt 0 0
vt 0 0
vt 0 0
vt 0 0
vt 0 0
vt 0 0
vt 0 0
vt 0 0
vt 0 0
vt 0 0
vt 0 0
vt 0 0
vt 0 0
vt 0 0
vt 0 0
vt 0 0
vt 0 0
vt 0 0
vt 0 0
vt 0 0
vt 0 0
vt 0 0
vt 0 0
vt 0 0
vt 0 0
vt 0 0
vt 0 0
vt 0 0
vt 0 0
vt 0 0
vt 0 0
vt 0 0
vt 0 0
vt 0 0
vt 0 0
vt 0 0
vt 0 0
vt 0 0
vt 0 0
vt 0 0
vt 0 0
vt 0 0
vt 0 0
vt 0 0
vt 0 0
vt 0 0
vt 0 0
vt 0 0
vt 0 0
vt 0 0
vt 0 0
vt 0 0
vt 0 0
vt 0 0
vt 0 0
vt 0 0
vt 0 0
vt 0 0
vt 0 0
vt 0 0
vt 0 0
vt 0 0
vt 0 0
vt 0 0
vt 0 0
vt 0 0
vt 0 0
vt 0 0
vt 0 0
vt 0 0
vt 0 0
vt 0 0
vt 0 0
vt 0 0
vt 0 0
vt 0 0
vt 0 0
vt 0 0
vt 0 0
vt 0 0
vt 0 0
vt 0 0
vt 0 0
vt 0 0
vt 0 0
vt 0 0
vt 0 0
vt 0 0
vt 0 0
vt 0 0
vt 0 0
vt 0 0
vt 0 0
vt 0 0
vt 0 0
vt 0 0
vt 0 0
vt 0 0
vt 0 0
vt 0 0
vt 0 0
vt 0 0
vt 0 0
vt 0 0
vt 0 0
vt 0 0
vt 0 0
vt 0 0
vt 0 0
vt 0 0
vt 0 0
vt 0 0
vt 0 0
vt 0 0
vt 0 0
vt 0 0
vt 0 0
vt 0 0
vt 0 0
vt 0 0
vt 0 0
vt 0 0
vt 0 0
vt 0 0
vt 0 0
vt 0 0
vt 0 0
vt 0 0
vt 0 0
vt 0 0
vt 0 0
vt 0 0
vt 0 0
vt 0 0
vt 0 0
vt 0 0
vt 0 0
vt 0 0
vt 0 0
vt 0 0
vt 0 0
vt 0 0
vt 0 0
vt 0 0
vt 0 0
vt 0 0
vt 0 0
vt 0 0
vt 0 0
vt 0 0
vt 0 0
vt 0 0
vt 0 0
vt 0 0
vt 0 0
vt 0 0
vt 0 0
vt 0 0
vt 0 0
vt 0 0
vt 0 0
vt 0 0
vt 0 0
vt 0 0
vt 0 0
vt 0 0
vt 0 0
vt 0 0
vt 0 0
vt 0 0
vt 0 0
vt 0 0
vt 0 0
vt 0 0
vt 0 0
vt 0 0
vt 0 0
vt 0 0
vt 0 0
vt 0 0
vt 0 0
vt 0 0
vt 0 0
vt 0 0
vt 0 0
vt 0 0
vt 0 0
vt 0 0
vt 0 0
vt 0 0
vt 0 0
vt 0 0
vt 0 0
vt 0 0
vt 0 0
vt 0 0
vt 0 0
vt 0 0
vt 0 0
vt 0 0
vt 0 0
vt 0 0
vt 0 0
vt 0 0
vt 0 0
vt 0 0
vt 0 0
vt 0 0
vt 0 0
vt 0 0
vt 0 0
vt 0 0
vt 0 0
vt 0 0
vt 0 0
vt 0 0
vt 0 0
vt 0 0
vt 0 0
vt 0 0
vt 0 0
vt 0 0
vt 0 0
vt 0 0
vt 0 0
vt 0 0
vt 0 0
vt 0 0
vt 0 0
vt 0 0
vt 0 0
vt 0 0
vt 0 0
vt 0 0
vt 0 0
vt 0 0
vt 0 0
vt 0 0
vt 0 0
vt 0 0
vt 0 0
vt 0 0
vt 0 0
vt 0 0
vt 0 0
vt 0 0
vt 0 0
vt 0 0
vt 0 0
vt 0 0
vt 0 0
vt 0 0
vt 0 0
vt 0 0
vt 0 0
vt 0 0
vt 0 0
vt 0 0
vt 0 0
vt 0 0
vt 0 0
vt 0 0
vt 0 0
vt 0 0
vt 0 0
vt 0 0
vt 0 0
vt 0 0
vt 0 0
vt 0 0
vt 0 0
vt 0 0
vt 0 0
vt 0 0
vt 0 0
vt 0 0
vt 0 0
vt 0 0
vt 0 0
vt 0 0
vt 0 0
vt 0 0
vt 0 0
vt 0 0
vt 0 0
vt 0 0
vt 0 0
vt 0 0
vt 0 0
vt 0 0
vt 0 0
vt 0 0
vt 0 0
vt 0 0
vt 0 0
vt 0 0
vt 0 0
vt 0 0
vt 0 0
vt 0 0
vt 0 0
vt 0 0
vt 0 0
vt 0 0
vt 0 0
vt 0 0
vt 0 0
vt 0 0
vt 0 0
vt 0 0
vt 0 0
vt 0 0
vt 0 0
vt 0 0
vt 0 0
vt 0 0
vt 0 0
vt 0 0
vt 0 0
vt 0 0
vt 0 0
vt 0 0
vt 0 0
vt 0 0
vt 0 0
vt 0 0
vt 0 0
vt 0 0
vt 0 0
vt 0 0
vt 0 0
vt 0 0
vt 0 0
vt 0 0
vt 0 0
vt 0 0
vt 0 0
vt 0 0
vt 0 0
vt 0 0
vt 0 0
vt 0 0
vt 0 0
vt 0 0
vt 0 0
vt 0 0
vt 0 0
vt 0 0
vt 0 0
vt 0 0
vt 0 0
vt 0 0
vt 0 0
vt 0 0
vt 0 0
vt 0 0
vt 0 0
vt 0 0
vt 0 0
vt 0 0
vt 0 0
vt 0 0
vt 0 0
vt 0 0
vt 0 0
vt 0 0
vt 0 0
vt 0 0
vt 0 0
vt 0 0
vt 0 0
vt 0 0
vt 0 0
vt 0 0
vt 0 0
vt 0 0
vt 0 0
vt 0 0
vt 0 0
vt 0 0
vt 0 0
vt 0 0
vt 0 0
vt 0 0
vt 0 0
vt 0 0
vt 0 0
vt 0 0
vt 0 0
vt 0 0
vt 0 0
vt 0 0
vt 0 0
vt 0 0
vt 0 0
vt 0 0
vt 0 0
vt 0 0
vt 0 0
vt 0 0
vt 0 0
vt 0 0
vt 0 0
vt 0 0
vt 0 0
vt 0 0
vt 0 0
vt 0 0
vt 0 0
vt 0 0
vt 0 0
vt 0 0
vt 0 0
vt 0 0
vt 0 0
vt 0 0
vt 0 0
vt 0 0
vt 0 0
vt 0 0
vt 0 0
vt 0 0
vt 0 0
vt 0 0
vt 0 0
vt 0 0
vt 0 0
vt 0 0
vt 0 0
vt 0 0
vt 0 0
vt 0 0
vt 0 0
vt 0 0
vt 0 0
vt 0 0
vt 0 0
vt 0 0
vt 0 0
vt 0 0
vt 0 0
vt 0 0
vt 0 0
vt 0 0
vt 0 0
vt 0 0
vt 0 0
vt 0 0
vt 0 0
vt 0 0
vt 0 0
vt 0 0
vt 0 0
vt 0 0
vt 0 0
vt 0 0
vt 0 0
vt 0 0
vt 0 0
vt 0 0
vt 0 0
vt 0 0
vt 0 0
vt 0 0
vt 0 0
vt 0 0
vt 0 0
vt 0 0
vt 0 0
vt 0 0
vt 0 0
vt 0 0
vt 0 0
vt 0 0
vt 0 0
vt 0 0
vt 0 0
vt 0 0
vt 0 0
vt 0 0
vt 0 0
vt 0 0
vt 0 0
vt 0 0
vt 0 0
vt 0 0
vt 0 0
vt 0 0
vt 0 0
vt 0 0
vt 0 0
vt 0 0
vt 0 0
vt 0 0
vt 0 0
vt 0 0
vt 0 0
vt 0 0
vt 0 0
vt 0 0
vt 0 0
vt 0 0
vt 0 0
vt 0 0
vt 0 0
vt 0 0
vt 0 0
vt 0 0
vt 0 0
vt 0 0
vt 0 0
vt 0 0
vt 0 0
vt 0 0
vt 0 0
vt 0 0
vt 0 0
vt 0 0
vt 0 0
vt 0 0
vt 0 0
vt 0 0
vt 0 0
vt 0 0
vt 0 0
vt 0 0
vt 0 0
vt 0 0
vt 0 0
vt 0 0
vt 0 0
vt 0 0
vt 0 0
vt 0 0
vt 0 0
vt 0 0
vt 0 0
vt 0 0
vt 0 0
vt 0 0
vt 0 0
vt 0 0
vt 0 0
vt 0 0
vt 0 0
vt 0 0
vt 0 0
vt 0 0
vt 0 0
vt 0 0
vt 0 0
vt 0 0
vt 0 0
vt 0 0
vt 0 0
vt 0 0
vt 0 0
vt 0 0
vt 0 0
vt 0 0
vt 0 0
vt 0 0
vt 0 0
vt 0 0
vt 0 0
vt 0 0
vt 0 0
vt 0 0
vt 0 0
vt 0 0
vt 0 0
vt 0 0
vt 0 0
vt 0 0
vt 0 0
vt 0 0
vt 0 0
vt 0 0
vt 0 0
vt 0 0
vt 0 0
vt 0 0
vt 0 0
vt 0 0
vt 0 0
vt 0 0
vt 0 0
vt 0 0
vt 0 0
vt 0 0
vt 0 0
vt 0 0
vt 0 0
vt 0 0
vt 0 0
vt 0 0
vt 0 0
vt 0 0
vt 0 0
vt 0 0
vt 0 0
vt 0 0
vt 0 0
vt 0 0
vt 0 0
vt 0 0
vt 0 0
vt 0 0
vt 0 0
vt 0 0
vt 0 0
vt 0 0
vt 0 0
vt 0 0
vt 0 0
vt 0 0
vt 0 0
vt 0 0
vt 0 0
vt 0 0
vt 0 0
vt 0 0
vt 0 0
vt 0 0
vt 0 0
vt 0 0
vt 0 0
vt 0 0
vt 0 0
vt 0 0
vt 0 0
vt 0 0
vt 0 0
vt 0 0
vt 0 0
vt 0 0
vt 0 0
vt 0 0
vt 0 0
vt 0 0
vt 0 0
vt 0 0
vt 0 0
vt 0 0
vt 0 0
vt 0 0
vt 0 0
vt 0 0
vt 0 0
vt 0 0
vt 0 0
vt 0 0
vt 0 0
vt 0 0
vt 0 0
vt 0 0
vt 0 0
vt 0 0
vt 0 0
vt 0 0
vt 0 0
vt 0 0
vt 0 0
vt 0 0
vt 0 0
vt 0 0
vt 0 0
vt 0 0
vt 0 0
vt 0 0
vt 0 0
vt 0 0
vt 0 0
vt 0 0
vt 0 0
vt 0 0
vt 0 0
vt 0 0
vt 0 0
vt 0 0
vt 0 0
vt 0 0
vt 0 0
vt 0 0
vt 0 0
vt 0 0
vt 0 0
vt 0 0
vt 0 0
vt 0 0
vt 0 0
vt 0 0
vt 0 0
vt 0 0
vt 0 0
vt 0 0
vt 0 0
vt 0 0
vt 0 0
vt 0 0
vt 0 0
vt 0 0
vt 0 0
vt 0 0
vt 0 0
vt 0 0
vt 0 0
vt 0 0
vt 0 0
vt 0 0
vt 0 0
vt 0 0
vt 0 0
vt 0 0
vt 0 0
vt 0 0
vt 0 0
vt 0 0
vt 0 0
vt 0 0
vt 0 0
vt 0 0
vt 0 0
vt 0 0
vt 0 0
vt 0 0
vt 0 0
vt 0 0
vt 0 0
vt 0 0
vt 0 0
vt 0 0
vt 0 0
vt 0 0
vt 0 0
vt 0 0
vt 0 0
vt 0 0
vt 0 0
vt 0 0
vt 0 0
vt 0 0
vt 0 0
vt 0 0
vt 0 0
vt 0 0
vt 0 0
vt 0 0
vt 0 0
vt 0 0
vt 0 0
vt 0 0
vt 0 0
vt 0 0
vt 0 0
vt 0 0
vt 0 0
vt 0 0
vt 0 0
vt 0 0
vt 0 0
vt 0 0
vt 0 0
vt 0 0
vt 0 0
vt 0 0
vt 0 0
vt 0 0
vt 0 0
vt 0 0
vt 0 0
vt 0 0
vt 0 0
vt 0 0
vt 0 0
vt 0 0
vt 0 0
vt 0 0
vt 0 0
vt 0 0
vt 0 0
vt 0 0
vt 0 0
vt 0 0
vt 0 0
vt 0 0
vt 0 0
vt 0 0
vt 0 0
vt 0 0
vt 0 0
vt 0 0
vt 0 0
vt 0 0
vt 0 0
vt 0 0
vt 0 0
vt 0 0
vt 0 0
vt 0 0
vt 0 0
vt 0 0
vt 0 0
vt 0 0
vt 0 0
vt 0 0
vt 0 0
vt 0 0
vt 0 0
vt 0 0
vt 0 0
vt 0 0
vt 0 0
vt 0 0
vt 0 0
vt 0 0
vt 0 0
vt 0 0
vt 0 0
vt 0 0
vt 0 0
vt 0 0
vt 0 0
vt 0 0
vt 0 0
vt 0 0
vt 0 0
vt 0 0
vt 0 0
vt 0 0
vt 0 0
vt 0 0
vt 0 0
vt 0 0
vt 0 0
vt 0 0
vt 0 0
vt 0 0
vt 0 0
vt 0 0
vt 0 0
vt 0 0
vt 0 0
vt 0 0
vt 0 0
vt 0 0
vt 0 0
vt 0 0
vt 0 0
vt 0 0
vt 0 0
vt 0 0
vt 0 0
vt 0 0
vt 0 0
vt 0 0
vt 0 0
vt 0 0
vt 0 0
vt 0 0
vt 0 0
vt 0 0
vt 0 0
vt 0 0
vt 0 0
vt 0 0
vt 0 0
vt 0 0
vt 0 0
vt 0 0
vt 0 0
vt 0 0
vt 0 0
vt 0 0
vt 0 0
vt 0 0
vt 0 0
vt 0 0
vt 0 0
vt 0 0
vt 0 0
vt 0 0
vt 0 0
vt 0 0
vt 0 0
vt 0 0
vt 0 0
vt 0 0
vt 0 0
vt 0 0
vt 0 0
vt 0 0
vt 0 0
vt 0 0
vt 0 0
vt 0 0
vt 0 0
vt 0 0
vt 0 0
vt 0 0
vt 0 0
vt 0 0
vt 0 0
vt 0 0
vt 0 0
vt 0 0
vt 0 0
vt 0 0
vt 0 0
vt 0 0
vt 0 0
vt 0 0
vt 0 0
vt 0 0
vt 0 0
vt 0 0
vt 0 0
vt 0 0
vt 0 0
vt 0 0
vt 0 0
vt 0 0
vt 0 0
vt 0 0
vt 0 0
vt 0 0
vt 0 0
vt 0 0
vt 0 0
vt 0 0
vt 0 0
vt 0 0
vt 0 0
vt 0 0
vt 0 0
vt 0 0
vt 0 0
vt 0 0
vt 0 0
vt 0 0
vt 0 0
vt 0 0
vt 0 0
vt 0 0
vt 0 0
vt 0 0
vt 0 0
vt 0 0
vt 0 0
vt 0 0
vt 0 0
vt 0 0
vt 0 0
vt 0 0
vt 0 0
vt 0 0
vt 0 0
vt 0 0
vt 0 0
vt 0 0
vt 0 0
vt 0 0
vt 0 0
vt 0 0
vt 0 0
vt 0 0
vt 0 0
vt 0 0
vt 0 0
vt 0 0
vt 0 0
vt 0 0
vt 0 0
vt 0 0
vt 0 0
vt 0 0
vt 0 0
vt 0 0
vt 0 0
vt 0 0
vt 0 0
vt 0 0
vt 0 0
vt 0 0
vt 0 0
vt 0 0
vt 0 0
vt 0 0
vt 0 0
vt 0 0
vt 0 0
vt 0 0
vt 0 0
vt 0 0
vt 0 0
vt 0 0
vt 0 0
vt 0 0
vt 0 0
vt 0 0
vt 0 0
vt 0 0
vt 0 0
vt 0 0
vt 0 0
vt 0 0
vt 0 0
vt 0 0
vt 0 0
vt 0 0
vt 0 0
vt 0 0
vt 0 0
vt 0 0
vt 0 0
vt 0 0
vt 0 0
vt 0 0
vt 0 0
vt 0 0
vt 0 0
vt 0 0
vt 0 0
vt 0 0
vt 0 0
vt 0 0
vt 0 0
vt 0 0
vt 0 0
vt 0 0
vt 0 0
vt 0 0
vt 0 0
vt 0 0
vt 0 0
vt 0 0
vt 0 0
vt 0 0
vt 0 0
vt 0 0
vt 0 0
vt 0 0
vt 0 0
vt 0 0
vt 0 0
vt 0 0
vt 0 0
vt 0 0
vt 0 0
vt 0 0
vt 0 0
vt 0 0
vt 0 0
vt 0 0
vt 0 0
vt 0 0
vt 0 0
vt 0 0
vt 0 0
vt 0 0
vt 0 0
vt 0 0
vt 0 0
vt 0 0
vt 0 0
vt 0 0
vt 0 0
vt 0 0
vt 0 0
vt 0 0
vt 0 0
vt 0 0
vt 0 0
vt 0 0
vt 0 0
vt 0 0
vt 0 0
vt 0 0
vt 0 0
vt 0 0
vt 0 0
vt 0 0
vt 0 0
vt 0 0
vt 0 0
vt 0 0
vt 0 0
vt 0 0
vt 0 0
vt 0 0
vt 0 0
vt 0 0
vt 0 0
vt 0 0
vt 0 0
vt 0 0
vt 0 0
vt 0 0
vt 0 0
vt 0 0
vt 0 0
vt 0 0
vt 0 0
vt 0 0
vt 0 0
vt 0 0
vt 0 0
vt 0 0
vt 0 0
vt 0 0
vt 0 0
vt 0 0
vt 0 0
vt 0 0
vt 0 0
vt 0 0
vt 0 0
vt 0 0
vt 0 0
vt 0 0
vt 0 0
vt 0 0
vt 0 0
vt 0 0
vt 0 0
vt 0 0
vt 0 0
vt 0 0
vt 0 0
vt 0 0
vt 0 0
vt 0 0
vt 0 0
vt 0 0
vt 0 0
vt 0 0
vt 0 0
vt 0 0
vt 0 0
vt 0 0
vt 0 0
vt 0 0
vt 0 0
vt 0 0
vt 0 0
vt 0 0
vt 0 0
vt 0 0
vt 0 0
vt 0 0
vt 0 0
vt 0 0
vt 0 0
vt 0 0
vt 0 0
vt 0 0
vt 0 0
vt 0 0
vt 0 0
vt 0 0
vt 0 0
vt 0 0
vt 0 0
vt 0 0
vt 0 0
vt 0 0
vt 0 0
vt 0 0
vt 0 0
vt 0 0
vt 0 0
vt 0 0
vt 0 0
vt 0 0
vt 0 0
vt 0 0
vt 0 0
vt 0 0
vt 0 0
vt 0 0
vt 0 0
vt 0 0
vt 0 0
vt 0 0
vt 0 0
vt 0 0
vt 0 0
vt 0 0
vt 0 0
vt 0 0
vt 0 0
vt 0 0
vt 0 0
vt 0 0
vt 0 0
vt 0 0
vt 0 0
vt 0 0
vt 0 0
vt 0 0
vt 0 0
vt 0 0
vt 0 0
vt 0 0
vt 0 0
vt 0 0
vt 0 0
vt 0 0
vt 0 0
vt 0 0
vt 0 0
vt 0 0
vt 0 0
vt 0 0
vt 0 0
vt 0 0
vt 0 0
vt 0 0
vt 0 0
vt 0 0
vt 0 0
vt 0 0
vt 0 0
vt 0 0
vt 0 0
vt 0 0
vt 0 0
vt 0 0
vt 0 0
vt 0 0
vt 0 0
vt 0 0
vt 0 0
vt 0 0
vt 0 0
vt 0 0
vt 0 0
vt 0 0
vt 0 0
vt 0 0
vt 0 0
vt 0 0
vt 0 0
vt 0 0
vt 0 0
vt 0 0
vt 0 0
vt 0 0
vt 0 0
vt 0 0
vt 0 0
vt 0 0
vt 0 0
vt 0 0
vt 0 0
vt 0 0
vt 0 0
vt 0 0
vt 0 0
vt 0 0
vt 0 0
vt 0 0
vt 0 0
vt 0 0
vt 0 0
vt 0 0
vt 0 0
vt 0 0
vt 0 0
vt 0 0
vt 0 0
vt 0 0
vt 0 0
vt 0 0
vt 0 0
vt 0 0
vt 0 0
vt 0 0
vt 0 0
vt 0 0
vt 0 0
vt 0 0
vt 0 0
vt 0 0
vt 0 0
vt 0 0
vt 0 0
vt 0 0
vt 0 0
vt 0 0
vt 0 0
vt 0 0
vt 0 0
vt 0 0
vt 0 0
vt 0 0
vt 0 0
vt 0 0
vt 0 0
vt 0 0
vt 0 0
vt 0 0
vt 0 0
vt 0 0
vt 0 0
vt 0 0
vt 0 0
vt 0 0
vt 0 0
vt 0 0
vt 0 0
vt 0 0
vt 0 0
vt 0 0
vt 0 0
vt 0 0
vt 0 0
vt 0 0
vt 0 0
vt 0 0
vt 0 0
vt 0 0
vt 0 0
vt 0 0
vt 0 0
vt 0 0
vt 0 0
vt 0 0
vt 0 0
vt 0 0
vt 0 0
vt 0 0
vt 0 0
vt 0 0
vt 0 0
vt 0 0
vt 0 0
vt 0 0
vt 0 0
vt 0 0
vt 0 0
vt 0 0
vt 0 0
vt 0 0
vt 0 0
vt 0 0
vt 0 0
vt 0 0
vt 0 0
vt 0 0
vt 0 0
vt 0 0
vt 0 0
vt 0 0
vt 0 0
vt 0 0
vt 0 0
vt 0 0
vt 0 0
vt 0 0
vt 0 0
vt 0 0
vt 0 0
vt 0 0
vt 0 0
vt 0 0
vt 0 0
vt 0 0
vt 0 0
vt 0 0
vt 0 0
vt 0 0
vt 0 0
vt 0 0
vt 0 0
vt 0 0
vt 0 0
vt 0 0
vt 0 0
vt 0 0
vt 0 0
vt 0 0
vt 0 0
vt 0 0
vt 0 0
vt 0 0
vt 0 0
vt 0 0
vt 0 0
vt 0 0
vt 0 0
vt 0 0
vt 0 0
vt 0 0
vt 0 0
vt 0 0
vt 0 0
vt 0 0
vt 0 0
vt 0 0
vt 0 0
vt 0 0
vt 0 0
vt 0 0
vt 0 0
vt 0 0
vt 0 0
vt 0 0
vt 0 0
vt 0 0
vt 0 0
vt 0 0
vt 0 0
vt 0 0
vt 0 0
vt 0 0
vt 0 0
vt 0 0
vt 0 0
vt 0 0
vt 0 0
vt 0 0
vt 0 0
vt 0 0
vt 0 0
vt 0 0
vt 0 0
vt 0 0
vt 0 0
vt 0 0
vt 0 0
vt 0 0
vt 0 0
vt 0 0
vt 0 0
vt 0 0
vt 0 0
vt 0 0
vt 0 0
vt 0 0
vt 0 0
vt 0 0
vt 0 0
vt 0 0
vt 0 0
vt 0 0
vt 0 0
vt 0 0
vt 0 0
vt 0 0
vt 0 0
vt 0 0
vt 0 0
vt 0 0
vt 0 0
vt 0 0
vt 0 0
vt 0 0
vt 0 0
vt 0 0
vt 0 0
vt 0 0
vt 0 0
vt 0 0
vt 0 0
vt 0 0
vt 0 0
vt 0 0
vt 0 0
vt 0 0
vt 0 0
vt 0 0
vt 0 0
vt 0 0
vt 0 0
vt 0 0
vt 0 0
vt 0 0
vt 0 0
vt 0 0
vt 0 0
vt 0 0
vt 0 0
vt 0 0
vt 0 0
vt 0 0
vt 0 0
vt 0 0
vt 0 0
vt 0 0
vt 0 0
vt 0 0
vt 0 0
vt 0 0
vt 0 0
vt 0 0
vt 0 0
vt 0 0
vt 0 0
vt 0 0
vt 0 0
vt 0 0
vt 0 0
vt 0 0
vt 0 0
vt 0 0
vt 0 0
vt 0 0
vt 0 0
vt 0 0
vt 0 0
vt 0 0
vt 0 0
vt 0 0
vt 0 0
vt 0 0
vt 0 0
vt 0 0
vt 0 0
vt 0 0
vt 0 0
vt 0 0
vt 0 0
vt 0 0
vt 0 0
vt 0 0
vt 0 0
vt 0 0
vt 0 0
vt 0 0
vt 0 0
vt 0 0
vt 0 0
vt 0 0
vt 0 0
vt 0 0
vt 0 0
vt 0 0
vt 0 0
vt 0 0
vt 0 0
vt 0 0
vt 0 0
vt 0 0
vt 0 0
vt 0 0
vt 0 0
vt 0 0
vt 0 0
vt 0 0
vt 0 0
vt 0 0
vt 0 0
vt 0 0
vt 0 0
vt 0 0
vt 0 0
vt 0 0
vt 0 0
vt 0 0
vt 0 0
vt 0 0
vt 0 0
vt 0 0
vt 0 0
vt 0 0
vt 0 0
vt 0 0
vt 0 0
vt 0 0
vt 0 0
vt 0 0
vt 0 0
vt 0 0
vt 0 0
vt 0 0
vt 0 0
vt 0 0
vt 0 0
vt 0 0
vt 0 0
vt 0 0
vt 0 0
vt 0 0
vt 0 0
vt 0 0
vt 0 0
vt 0 0
vt 0 0
vt 0 0
vt 0 0
vt 0 0
vt 0 0
vt 0 0
vt 0 0
vt 0 0
vt 0 0
vt 0 0
vt 0 0
vt 0 0
vt 0 0
vt 0 0
vt 0 0
vt 0 0
vt 0 0
vt 0 0
vt 0 0
vt 0 0
vt 0 0
vt 0 0
vt 0 0
vt 0 0
vt 0 0
vt 0 0
vt 0 0
vt 0 0
vt 0 0
vt 0 0
vt 0 0
vt 0 0
vt 0 0
vt 0 0
vt 0 0
vt 0 0
vt 0 0
vt 0 0
vt 0 0
vt 0 0
vt 0 0
vt 0 0
vt 0 0
vt 0 0
vt 0 0
vt 0 0
vt 0 0
vt 0 0
vt 0 0
vt 0 0
vt 0 0
vt 0 0
vt 0 0
vt 0 0
vt 0 0
vt 0 0
vt 0 0
vt 0 0
vt 0 0
vt 0 0
vt 0 0
vt 0 0
vt 0 1
vt 1 1
vt 1 0
vt 0 0
vt 0 1
vt 1 1
vt 1 0
vt 0 0
vt 0 1
vt 1 1
vt 1 0
vt 0 0
vt 0 1
vt 1 1
vt 1 0
vt 0 0
vt 0 1
vt 1 1
vt 1 0
vt 0 0
vt 0 1
vt 1 1
vt 1 0
vt 0 0
vt 0 1
vt 1 1
vt 1 0
vt 0 0
vt 0 1
vt 1 1
vt 1 0
vt 0 0
vt 0 1
vt 1 1
vt 1 0
vt 0 0
vt 0 1
vt 1 1
vt 1 0
vt 0 0
vt 0 1
vt 1 1
vt 1 0
vt 0 0
vt 0 1
vt 1 1
vt 1 0
vt 0 0
vt 0 1
vt 1 1
vt 1 0
vt 0 0
vt 0 1
vt 1 1
vt 1 0
vt 0 0
vt 0 1
vt 1 1
vt 1 0
vt 0 0
vt 0 1
vt 1 1
vt 1 0
vt 0 0
vt 0 1
vt 1 1
vt 1 0
vt 0 0
vt 0 1
vt 1 1
vt 1 0
vt 0 0
vt 0 1
vt 1 1
vt 1 0
vt 0 0
vt 0 1
vt 1 1
vt 1 0
vt 0 0
vt 0 1
vt 1 1
vt 1 0
vt 0 0
vt 0 1
vt 1 1
vt 1 0
vt 0 0
vt 0 1
vt 1 1
vt 1 0
vt 0 0
vt 0 1
vt 1 1
vt 1 0
vt 0 0
vt 0 1
vt 1 1
vt 1 0
vt 0 0
vt 0 1
vt 1 1
vt 1 0
vt 0 0
vt 0 1
vt 1 1
vt 1 0
vt 0 0
vt 0 1
vt 1 1
vt 1 0
vt 0 0
vt 0 1
vt 1 1
vt 1 0
vt 0 0
vt 0 1
vt 1 1
vt 1 0
vt 0 0
vt 0 1
vt 1 1
vt 1 0
vt 0 0
vt 0 1
vt 1 1
vt 1 0
vt 0 0
vt 0 1
vt 1 1
vt 1 0
vt 0 0
vt 0 1
vt 1 1
vt 1 0
vt 0 0
vt 0 1
vt 1 1
vt 1 0
vt 0 0
vt 0 1
vt 1 1
vt 1 0
vt 0 0
vt 0 1
vt 1 1
vt 1 0
vt 0 0
vt 0 1
vt 1 1
vt 1 0
vt 0 0
vt 0 1
vt 1 1
vt 1 0
vt 0 0
vt 0 1
vt 1 1
vt 1 0
vt 0 0
vt 0 1
vt 1 1
vt 1 0
vt 0 0
vt 0 1
vt 1 1
vt 1 0
vt 0 0
vt 0 1
vt 1 1
vt 1 0
vt 0 0
vt 0 1
vt 1 1
vt 1 0
vt 0 0
vt 0 1
vt 1 1
vt 1 0
vt 0 0
vt 0 1
vt 1 1
vt 1 0
vt 0 0
vt 0 1
vt 1 1
vt 1 0
vt 0 0
vt 0 1
vt 1 1
vt 1 0
vt 0 0
vt 0 1
vt 1 1
vt 1 0
vt 0 0
vt 0 1
vt 1 1
vt 1 0
vt 0 0
vt 0 1
vt 1 1
vt 1 0
vt 0 0
vt 0 1
vt 1 1
vt 1 0
vt 0 0
vt 0 1
vt 1 1
vt 1 0
vt 0 0
vt 0 1
vt 1 1
vt 1 0
vt 0 0
vt 0 1
vt 1 1
vt 1 0
vt 0 0
vt 0 1
vt 1 1
vt 1 0
vt 0 0
vt 0 1
vt 1 1
vt 1 0
vt 0 0
vt 0 1
vt 1 1
vt 1 0
vt 0 0
vt 0 1
vt 1 1
vt 1 0
vt 0 0
vt 0 1
vt 1 1
vt 1 0
vt 0 0
vt 0 1
vt 1 1
vt 1 0
vt 0 0
vt 0 1
vt 1 1
vt 1 0
vt 0 0
vt 0 1
vt 1 1
vt 1 0
vt 0 0
vt 0 1
vt 1 1
vt 1 0
vt 0 0
vt 0 1
vt 1 1
vt 1 0
vt 0 0
vt 0 1
vt 1 1
vt 1 0
vt 0 0
vt 0 1
vt 1 1
vt 1 0
vt 0 0
vt 0 1
vt 1 1
vt 1 0
vt 0 0
vt 0 1
vt 1 1
vt 1 0
vt 0 0
vt 0 1
vt 1 1
vt 1 0
vt 0 0
vt 0 1
vt 1 1
vt 1 0
vt 0 0
vt 0 1
vt 1 1
vt 1 0
vt 0 0
vt 0 1
vt 1 1
vt 1 0
vt 0 0
vt 0 1
vt 1 1
vt 1 0
vt 0 0
vt 0 1
vt 1 1
vt 1 0
vt 0 0
vt 0 1
vt 1 1
vt 1 0
vt 0 0
vt 0 1
vt 1 1
vt 1 0
vt 0 0
vt 0 1
vt 1 1
vt 1 0
vt 0 0
vt 0 1
vt 1 1
vt 1 0
vt 0 0
vt 0 1
vt 1 1
vt 1 0
vt 0 0
vt 0 1
vt 1 1
vt 1 0
vt 0 0
vt 0 1
vt 1 1
vt 1 0
vt 0 0
vt 0 1
vt 1 1
vt 1 0
vt 0 0
vt 0 1
vt 1 1
vt 1 0
vt 0 0
vt 0 1
vt 1 1
vt 1 0
vt 0 0
vt 0 1
vt 1 1
vt 1 0
vt 0 0
vt 0 1
vt 1 1
vt 1 0
vt 0 0
vt 0 1
vt 1 1
vt 1 0
vt 0 0
vt 0 1
vt 1 1
vt 1 0
vt 0 0
vt 0 1
vt 1 1
vt 1 0
vt 0 0
vt 0 1
vt 1 1
vt 1 0
vt 0 0
vt 0 1
vt 1 1
vt 1 0
vt 0 0
vt 0 1
vt 1 1
vt 1 0
vt 0 0
vt 0 1
vt 1 1
vt 1 0
vt 0 0
vt 0 1
vt 1 1
vt 1 0
vt 0 0
vt 0 1
vt 1 1
vt 1 0
vt 0 0
vt 0 1
vt 1 1
vt 1 0
vt 0 0
vt 0 1
vt 1 1
vt 1 0
vt 0 0
vt 0 1
vt 1 1
vt 1 0
vt 0 0
vt 0 1
vt 1 1
vt 1 0
vt 0 0
vt 0 1
vt 1 1
vt 1 0
vt 0 0
vt 0 1
vt 1 1
vt 1 0
vt 0 0
vt 0 1
vt 1 1
vt 1 0
vt 0 0
vt 0 1
vt 1 1
vt 1 0
vt 0 0
vt 0 1
vt 1 1
vt 1 0
vt 0 0
vt 0 1
vt 1 1
vt 1 0
vt 0 0
vt 0 1
vt 1 1
vt 1 0
vt 0 0
vt 0 1
vt 1 1
vt 1 0
vt 0 0
vt 0 1
vt 1 1
vt 1 0
vt 0 0
vt 0 1
vt 1 1
vt 1 0
vt 0 0
vt 0 1
vt 1 1
vt 1 0
vt 0 0
vt 0 1
vt 1 1
vt 1 0
vt 0 0
vt 0 0
vt 0 0
vt 0 0
vt 0 0
vt 0 0
vt 0 0
vt 0 0
vt 0 0
vt 0 0
vt 0 0
vt 0 0
vt 0 0
vt 0 0
vt 0 0
vt 0 0
vt 0 0
vt 0 0
vt 0 0
vt 0 0
vt 0 0
vt 0 0
vt 0 0
vt 0 0
vt 0 0
vt 0 0
vt 0 0
vt 0 0
vt 0 0
vt 0 0
vt 0 0
vt 0 0
vt 0 0
vt 0 0
vt 0 0
vt 0 0
vt 0 0
vt 0 0
vt 0 0
vt 0 0
vt 0 0
vt 0 0
vt 0 0
vt 0 0
vt 0 0
vt 0 0
vt 0 0
vt 0 0
vt 0 0
vt 0 0
vt 0 0
vt 0 0
vt 0 0
vt 0 0
vt 0 0
vt 0 0
vt 0 0
vt 0 0
vt 0 0
vt 0 0
vt 0 0
vt 0 0
vt 0 0
vt 0 0
vt 0 0
vt 0 0
vt 0 0
vt 0 0
vt 0 0
vt 0 0
vt 0 0
vt 0 0
vt 0 0
vt 0 0
vt 0 0
vt 0 0
vt 0 0
vt 0 0
vt 0 0
vt 0 0
vt 0 0
vt 0 0
vt 0 0
vt 0 0
vt 0 0
vt 0 0
vt 0 0
vt 0 0
vt 0 0
vt 0 0
vt 0 0
vt 0 0
vt 0 0
vt 0 0
vt 0 0
vt 0 0
vt 0 0
vt 0 0
vt 0 0
vt 0 0
vt 0 0
vt 0 0
vt 0 0
vt 0 0
vt 0 0
vt 0 0
vt 0 0
vt 0 0
vt 0 0
vt 0 0
vt 0 0
vt 0 0
vt 0 0
vt 0 0
vt 0 0
vt 0 0
vt 0 0
vt 0 0
vt 0 0
vt 0 0
vt 0 0
vt 0 0
vt 0 0
vt 0 0
vt 0 0
vt 0 0
vt 0 0
vt 0 0
vt 0 0
vt 0 0
vt 0 0
vt 0 0
vt 0 0
vt 0 0
vt 0 0
vt 0 0
vt 0 0
vt 0 0
vt 0 0
vt 0 0
vt 0 0
vt 0 0
vt 0 0
vt 0 0
vt 0 0
vt 0 0
vt 0 0
vt 0 0
vt 0 0
vt 0 0
vt 0 0
vt 0 0
vt 0 0
vt 0 0
vt 0 0
vt 0 0
vt 0 0
vt 0 0
vt 0 0
vt 0 0
vt 0 0
vt 0 0
vt 0 0
vt 0 0
vt 0 0
vt 0 0
vt 0 0
vt 0 0
vt 0 0
vt 0 0
vt 0 0
vt 0 0
vt 0 0
vt 0 0
vt 0 0
vt 0 0
vt 0 0
vt 0 0
vt 0 0
vt 0 0
vt 0 0
vt 0 0
vt 0 0
vt 0 0
vt 0 0
vt 0 0
vt 0 0
vt 0 0
vt 0 0
vt 0 0
vt 0 0
vt 0 0
vt 0 0
vt 0 0
vt 0 0
vt 0 0
vt 0 0
vt 0 0
vt 0 0
vt 0 0
vt 0 0
vt 0 0
vt 0 0
vt 0 0
vt 0 0
vt 0 0
vt 0 0
vt 0 0
vt 0 0
vt 0 0
vt 0 0
vt 0 0
vt 0 0
vt 0 0
vt 0 0
vt 0 0
vt 0 0
vt 0 0
vt 0 0
vt 0 0
vt 0 0
vt 0 0
vt 0 0
vt 0 0
vt 0 0
vt 0 0
vt 0 0
vt 0 0
vt 0 0
vt 0 0
vt 0 0
vt 0 0
vt 0 0
vt 0 0
vt 0 0
vt 0 0
vt 0 0
vt 0 0
vt 0 0
vt 0 0
vt 0 0
vt 0 0
vt 0 0
vt 0 0
vt 0 0
vt 0 0
vt 0 0
vt 0 0
vt 0 0
vt 0 0
vt 0 0
vt 0 0
vt 0 0
vt 0 0
vt 0 0
vt 0 0
vt 0 0
vt 0 0
vt 0 0
vt 0 0
vt 0 0
vt 0 0
vt 0 0
vt 0 0
vt 0 0
vt 0 0
vt 0 0
vt 0 0
vt 0 0
vt 0 0
vt 0 0
vt 0 0
vt 0 0
vt 0 0
vt 0 0
vt 0 0
vt 0 0
vt 0 0
vt 0 0
vt 0 0
vt 0 0
vt 0 0
vt 0 0
vt 0 0
vt 0 0
vt 0 0
vt 0 0
vt 0 0
vt 0 0
vt 0 0
vt 0 0
vt 0 0
vt 0 0
vt 0 0
vt 0 0
vt 0 0
vt 0 0
vt 0 0
vt 0 0
vt 0 0
vt 0 0
vt 0 0
vt 0 0
vt 0 0
vt 0 0
vt 0 0
vt 0 0
vt 0 0
vt 0 0
vt 0 0
vt 0 0
vt 0 0
vt 0 0
vt 0 0
vt 0 0
vt 0 0
vt 0 0
vt 0 0
vt 0 0
vt 0 0
vt 0 0
vt 0 0
vt 0 0
vt 0 0
vt 0 0
vt 0 0
vt 0 0
vt 0 0
vt 0 0
vt 0 0
vt 0 0
vt 0 0
vt 0 0
vt 0 0
vt 0 0
vt 0 0
vt 0 0
vt 0 0
vt 0 0
vt 0 0
vt 0 0
vt 0 0
vt 0 0
vt 0 0
vt 0 0
vt 0 0
vt 0 0
vt 0 0
vt 0 0
vt 0 0
vt 0 0
vt 0 0
vt 0 0
vt 0 0
vt 0 0
vt 0 0
vt 0 0
vt 0 0
vt 0 0
vt 0 0
vt 0 0
vt 0 0
vt 0 0
vt 0 0
vt 0 0
vt 0 0
vt 0 0
vt 0 0
vt 0 0
vt 0 0
vt 0 0
vt 0 0
vt 0 0
vt 0 0
vt 0 0
vt 0 0
vt 0 0
vt 0 0
vt 0 0
vt 0 0
vt 0 0
vt 0 0
vt 0 0
vt 0 0
vt 0 0
vt 0 0
vt 0 0
vt 0 0
vt 0 0
vt 0 0
vt 0 0
vt 0 0
vt 0 0
vt 0 0
vt 0 0
vt 0 0
vt 0 0
vt 0 0
vt 0 0
vt 0 0
vt 0 0
vt 0 0
vt 0 0
vt 0 0
vt 0 0
vt 0 0
vt 0 0
vt 0 0
vt 0 0
vt 0 0
vt 0 0
vt 0 0
vt 0 0
vt 0 0
vt 0 0
vt 0 0
vt 0 0
vt 0 0
vt 0 0
vt 0 0
vt 0 0
vt 0 0
vt 0 0
vt 0 0
vt 0 0
vt 0 0
vt 0 0
vt 0 0
vt 0 0
vt 0 0
vt 0 0
vt 0 0
vt 0 0
vt 0 0
vt 0 0
vt 0 0
vt 0 0
vt 0 0
vt 0 0
vt 0 0
vt 0 0
vt 0 0
vt 0 0
vt 0 0
vt 0 0
vt 0 0
vt 0 0
vt 0 0
vt 0 0
vt 0 0
vt 0 0
vt 0 0
vt 0 0
vt 0 0
vt 0 0
vt 0 0
vt 0 0
vt 0 0
vt 0 0
vt 0 0
vt 0 0
vt 0 0
vt 0 0
vt 0 0
vt 0 0
vt 0 0
vt 0 0
vt 0 0
vt 0 0
vt 0 0
vt 0 0
vt 0 0
vt 0 0
vt 0 0
vt 0 0
vt 0 0
vt 0 0
vt 0 0
vt 0 0
vt 0 0
vt 0 0
vt 0 0
vt 0 0
vt 0 0
vt 0 0
vt 0 0
vt 0 0
vt 0 0
vt 0 0
vt 0 0
vt 0 0
vt 0 0
vt 0 0
vt 0 0
vt 0 0
vt 0 0
vt 0 0
vt 0 0
vt 0 0
vt 0 0
vt 0 0
vt 0 0
vt 0 0
vt 0 0
vt 0 0
vt 0 0
vt 0 0
vt 0 0
vt 0 0
vt 0 0
vt 0 0
vt 0 0
vt 0 0
vt 0 0
vt 0 0
vt 0 0
vt 0 0
vt 0 0
vt 0 0
vt 0 0
vt 0 0
vt 0 0
vt 0 0
vt 0 0
vt 0 0
vt 0 0
vt 0 0
vt 0 0
vt 0 0
vt 0 0
vt 0 0
vt 0 0
vt 0 0
vt 0 0
vt 0 0
vt 0 0
vt 0 0
vt 0 0
vt 0 0
vt 0 0
vt 0 0
vt 0 0
vt 0 0
vt 0 0
vt 0 0
vt 0 0
vt 0 0
vt 0 0
vt 0 0
vt 0 0
vt 0 0
vt 0 0
vt 0 0
vt 0 0
vt 0 0
vt 0 0
vt 0 0
vt 0 0
vt 0 0
vt 0 0
vt 0 0
vt 0 0
vt 0 0
vt 0 0
vt 0 0
vt 0 0
vt 0 0
vt 0 0
vt 0 0
vt 0 0
vt 0 0
vt 0 0
vt 0 0
vt 0 0
vt 0 0
vt 0 0
vt 0 0
vt 0 0
vt 0 0
vt 0 0
vt 0 0
vt 0 0
vt 0 0
vt 0 0
vt 0 0
vt 0 0
vt 0 0
vt 0 0
vt 0 0
vt 0 0
vt 0 0
vt 0 0
vt 0 0
vt 0 0
vt 0 0
vt 0 0
vt 0 0
vt 0 0
vt 0 0
vt 0 0
vt 0 0
vt 0 0
vt 0 0
vt 0 0
vt 0 0
vt 0 0
vt 0 0
vt 0 0
vt 0 0
vt 0 0
vt 0 0
vt 0 0
vt 0 0
vt 0 0
vt 0 0
vt 0 0
vt 0 0
vt 0 0
vt 0 0
vt 0 1
vt 1 1
vt 1 0
vt 0 0
vt 0 1
vt 1 1
vt 1 0
vt 0 0
vt 0 1
vt 1 1
vt 1 0
vt 0 0
vt 0 1
vt 1 1
vt 1 0
vt 0 1
vt 1 1
vt 1 0
vt 0 0
vt 0 1
vt 1 1
vt 1 0
vt 0 0
vt 0 1
vt 1 1
vt 1 0
vt 0 0
vt 0 1
vt 1 1
vt 1 0
vt 0 0
vt 0 1
vt 1 1
vt 1 0
vt 0 0
vt 0 1
vt 1 1
vt 1 0
vt 0 0
vt 0 1
vt 1 1
vt 1 0
vt 0 0
vt 0 1
vt 1 1
vt 1 0
vt 0 0
vt 0 1
vt 1 1
vt 1 0
vt 0 0
vt 0 1
vt 1 1
vt 1 0
vt 0 0
vt 0 1
vt 1 1
vt 1 0
vt 0 0
vt 0 1
vt 1 1
vt 1 0
vt 0 0
vt 0 1
vt 1 1
vt 1 0
vt 0 0
vt 0 1
vt 1 1
vt 1 0
vt 0 0
vt 0 1
vt 1 1
vt 1 0
vt 0 0
vt 0 1
vt 1 1
vt 1 0
vt 0 0
vt 0 1
vt 1 1
vt 1 0
vt 0 0
vt 0 1
vt 1 1
vt 1 0
vt 0 0
vt 0 1
vt 1 1
vt 1 0
vt 0 0
vt 0 1
vt 1 1
vt 1 0
vt 0 0
vt 0 1
vt 1 1
vt 1 0
vt 0 0
vt 0 1
vt 1 1
vt 1 0
vt 0 0
vt 0 1
vt 1 1
vt 1 0
vt 0 0
vt 0 1
vt 1 1
vt 1 0
vt 0 0
vt 0 1
vt 1 1
vt 1 0
vt 0 0
vt 0 1
vt 1 1
vt 1 0
vt 0 0
vt 0 1
vt 1 1
vt 1 0
vt 0 0
vt 0 1
vt 1 1
vt 1 0
vt 0 0
vt 0 1
vt 1 1
vt 1 0
vt 0 0
vt 0 1
vt 1 1
vt 1 0
vt 0 0
vt 0 1
vt 1 1
vt 1 0
vt 0 0
vt 0 1
vt 1 1
vt 1 0
vt 0 0
vt 0 1
vt 1 1
vt 1 0
vt 0 0
vt 0 1
vt 1 1
vt 1 0
vt 0 0
vt 0 1
vt 1 1
vt 1 0
vt 0 0
vt 0 1
vt 1 1
vt 1 0
vt 0 0
vt 0 1
vt 1 1
vt 1 0
vt 0 0
vt 0 1
vt 1 1
vt 1 0
vt 0 0
vt 0 1
vt 1 1
vt 1 0
vt 0 0
vt 0 1
vt 1 1
vt 1 0
vt 0 0
vt 0 1
vt 1 1
vt 1 0
vt 0 0
vt 0 1
vt 1 1
vt 1 0
vt 0 0
vt 0 1
vt 1 1
vt 1 0
vt 0 0
vt 0 1
vt 1 1
vt 1 0
vt 0 0
vt 0 1
vt 1 1
vt 1 0
vt 0 0
vt 0 1
vt 1 1
vt 1 0
vt 0 0
vt 0 1
vt 1 1
vt 1 0
vt 0 0
vt 0 0
vt 0 0
vt 0 0
vt 0 0
vt 0 0
vt 0 0
vt 0 0
vt 0 0
vt 0 0
vt 0 0
vt 0 0
vt 0 0
vt 0 0
vt 0 0
vt 0 0
vt 0 0
vt 0 0
vt 0 0
vt 0 0
vt 0 0
vt 0 0
vt 0 0
vt 0 0
vt 0 0
vt 0 0
vt 0 0
vt 0 0
vt 0 0
vt 0 0
vt 0 0
vt 0 0
vt 0 0
vt 0 0
vt 0 0
vt 0 0
vt 0 0
vt 0 0
vt 0 0
vt 0 0
vt 0 0
vt 0 0
vt 0 0
vt 0 0
vt 0 0
vt 0 0
vt 0 0
vt 0 0
vt 0 0
vt 0 0
vt 0 0
vt 0 0
vt 0 0
vt 0 0
vt 0 0
vt 0 0
vt 0 0
vt 0 0
vt 0 0
vt 0 0
vt 0 0
vt 0 0
vt 0 0
vt 0 0
vt 0 0
vt 0 0
vt 0 0
vt 0 0
vt 0 0
vt 0 0
vt 0 0
vt 0 0
vt 0 0
vt 0 0
vt 0 0
vt 0 0
vt 0 0
vt 0 0
vt 0 0
vt 0 0
vt 0 0
vt 0 0
vt 0 0
vt 0 0
vt 0 1
vt 1 1
vt 1 0
vt 0 0
vt 0 1
vt 1 1
vt 1 0
vt 0 0
vt 0 1
vt 1 1
vt 1 0
vt 0 0
vt 0 1
vt 1 1
vt 1 0
vt 0 0
vt 0 1
vt 1 1
vt 1 0
vt 0 0
vt 0 1
vt 1 1
vt 1 0
vt 0 0
vt 0 1
vt 1 1
vt 1 0
vt 0 0
vt 0 1
vt 1 1
vt 1 0
vt 0 0
vt 0 1
vt 1 1
vt 1 0
vt 0 0
vt 0 1
vt 1 1
vt 1 0
vt 0 0
vt 0 1
vt 1 1
vt 1 0
vt 0 0
vt 0 1
vt 1 1
vt 1 0
vt 0 0
vt 0 1
vt 1 1
vt 1 0
vt 0 0
vt 0 1
vt 1 1
vt 1 0
vt 0 0
vt 0 1
vt 1 1
vt 1 0
vt 0 0
vt 0 1
vt 1 1
vt 1 0
vt 0 0
vt 0 1
vt 1 1
vt 1 0
vt 0 0
vt 0 1
vt 1 1
vt 1 0
vt 0 0
vt 0 1
vt 1 1
vt 1 0
vt 0 0
vt 0 1
vt 1 1
vt 1 0
vt 0 0
vt 0 1
vt 1 1
vt 1 0
vt 0 0
vt 0 1
vt 1 1
vt 1 0
vt 0 0
vt 0 0
vt 0 0
vt 0 0
vt 0 0
vt 0 0
vt 0 0
vt 0 0
vt 0 0
vt 0 0
vt 0 0
vt 0 0
vt 0 0
vt 0 0
vt 0 0
vt 0 0
vt 0 0
vt 0 0
vt 0 0
vt 0 0
vt 0 0
vt 0 0
vt 0 0
vt 0 0
vt 0 0
vt 0 0
vt 0 0
vt 0 0
vt 0 0
vt 0 0
vt 0 0
vt 0 0
vt 0 0
vt 0 0
vt 0 0
vt 0 0
vt 0 0
vt 0 0
vt 0 0
vt 0 0
vt 0 0
vt 0 0
vt 0 0
vt 0 0
vt 0 0
vt 0 0
vt 0 0
vt 0 0
vt 0 0
vt 0 0
vt 0 0
vt 0 0
vt 0 0
vt 0 0
vt 0 0
vt 0 0
vt 0 0
vt 0 0
vt 0 0
vt 0 0
vt 0 0
vt 0 0
vt 0 0
vt 0 0
vt 0 0
vt 0 0
vt 0 0
vt 0 0
vt 0 0
vt 0 0
vt 0 0
vt 0 0
vt 0 0
vt 0 0
vt 0 0
vt 0 0
vt 0 0
vt 0 0
vt 0 0
vt 0 0
vt 0 0
vt 0 0
vt 0 0
vt 0 0
vt 0 0
vt 0 0
vt 0 0
vt 0 0
vt 0 0
vt 0 0
vt 0 0
vt 0 0
vt 0 0
vt 0 0
vt 0 0
vt 0 0
vt 0 0
vt 0 0
vt 0 0
vt 0 0
vt 0 0
vt 0 0
vt 0 0
vt 0 0
vt 0 0
vt 0 0
vt 0 0
vt 0 0
vt 0 0
vt 0 0
vt 0 0
vt 0 0
vt 0 0
vt 0 0
vt 0 0
vt 0 0
vt 0 0
vt 0 0
vt 0 0
vt 0 0
vt 0 0
vt 0 0
vt 0 0
vt 0 0
vt 0 0
vt 0 0
vt 0 0
vt 0 0
vt 0 0
vt 0 0
vt 0 0
vt 0 0
vt 0 0
vt 0 0
vt 0 0
vt 0 0
vt 0 0
vt 0 0
vt 0 0
vt 0 0
vt 0 0
vt 0 0
vt 0 0
vt 0 0
vt 0 0
vt 0 0
vt 0 0
vt 0 0
vt 0 0
vt 0 0
vt 0 0
vt 0 0
vt 0 0
vt 0 0
vt 0 0
vt 0 0
vt 0 0
vt 0 0
vt 0 0
vt 0 0
vt 0 0
vt 0 0
vt 0 0
vt 0 0
vt 0 0
vt 0 0
vt 0 0
vt 0 0
vt 0 0
vt 0 0
vt 0 0
vt 0 0
vt 0 0
vt 0 0
vt 0 0
vt 0 0
vt 0 0
vt 0 0
vt 0 0
vt 0 0
vt 0 0
vt 0 0
vt 0 0
vt 0 0
vt 0 0
vt 0 0
vt 0 0
vt 0 0
vt 0 0
vt 0 0
vt 0 0
vt 0 0
vt 0 0
vt 0 0
vt 0 0
vt 0 0
vt 0 0
vt 0 0
vt 0 0
vt 0 0
vt 0 0
vt 0 0
vt 0 0
vt 0 0
vt 0 0
vt 0 0
vt 0 0
vt 0 0
vt 0 0
vt 0 0
vt 0 0
vt 0 0
vt 0 0
vt 0 0
vt 0 0
vt 0 0
vt 0 0
vt 0 0
vt 0 0
vt 0 0
vt 0 0
vt 0 0
vt 0 0
vt 0 0
vt 0 0
vt 0 0
vt 0 0
vt 0 0
vt 0 0
vt 0 0
vt 0 0
vt 0 0
vt 0 0
vt 0 0
vt 0 0
vt 0 0
vt 0 0
vt 0 0
vt 0 0
vt 0 0
vt 0 0
vt 0 0
vt 0 0
vt 0 0
vt 0 0
vt 0 0
vt 0 0
vt 0 0
vt 0 0
vt 0 0
vt 0 0
vt 0 0
vt 0 0
vt 0 0
vt 0 0
vt 0 0
vt 0 0
vt 0 0
vt 0 0
vt 0 0
vt 0 0
vt 0 0
vt 0 0
vt 0 0
vt 0 0
vt 0 0
vt 0 0
vt 0 0
vt 0 0
vt 0 0
vt 0 0
vt 0 0
vt 0 0
vt 0 0
vt 0 0
vt 0 0
vt 0 0
vt 0 0
vt 0 0
vt 0 0
vt 0 0
vt 0 0
vt 0 0
vt 0 0
vt 0 0
vt 0 0
vt 0 0
vt 0 0
vt 0 0
vt 0 0
vt 0 0
vt 0 0
vt 0 0
vt 0 0
vt 0 0
vt 0 0
vt 0 0
vt 0 0
vt 0 0
vt 0 0
vt 0 0
vt 0 0
vt 0 0
vt 0 0
vt 0 0
vt 0 0
vt 0 0
vt 0 0
vt 0 0
vt 0 0
vt 0 0
vt 0 0
vt 0 0
vt 0 0
vt 0 0
vt 0 0
vt 0 0
vt 0 0
vt 0 0
vt 0 0
vt 0 0
vt 0 0
vt 0 0
vt 0 0
vt 0 0
vt 0 0
vt 0 0
vt 0 0
vt 0 0
vt 0 0
vt 0 0
vt 0 0
vt 0 0
vt 0 0
vt 0 0
vt 0 0
vt 0 0
vt 0 0
vt 0 0
vt 0 0
vt 0 0
vt 0 0
vt 0 0
vt 0 0
vt 0 0
vt 0 0
vt 0 0
vt 0 0
vt 0 0
vt 0 0
vt 0 0
vt 0 0
vt 0 0
vt 0 0
vt 0 0
vt 0 0
vt 0 0
vt 0 0
vt 0 0
vt 0 0
vt 0 0
vt 0 0
vt 0 0
vt 0 0
vt 0 0
vt 0 0
vt 0 0
vt 0 0
vt 0 0
vt 0 0
vt 0 0
vt 0 0
vt 0 0
vt 0 0
vt 0 0
vt 0 0
vt 0 0
vt 0 0
vt 0 0
vt 0 0
vt 0 0
vt 0 0
vt 0 0
vt 0 0
vt 0 0
vt 0 0
vt 0 0
vt 0 0
vt 0 0
vt 0 0
vt 0 0
vt 0 0
vt 0 0
vt 0 0
vt 0 0
vt 0 0
vt 0 0
vt 0 0
vt 0 0
vt 0 0
vt 0 0
vt 0 0
vt 0 0
vt 0 0
vt 0 0
vt 0 0
vt 0 0
vt 0 0
vt 0 0
vt 0 0
vt 0 0
vt 0 0
vt 0 0
vt 0 0
vt 0 0
vt 0 0
vt 0 0
vt 0 0
vt 0 0
vt 0 0
vt 0 0
vt 0 0
vt 0 0
vt 0 0
vt 0 0
vt 0 0
vt 0 0
vt 0 0
vt 0 0
vt 0 0
vt 0 0
vt 0 0
vt 0 0
vt 0 0
vt 0 0
vt 0 0
vt 0 0
vt 0 0
vt 0 0
vt 0 0
vt 0 0
vt 0 0
vt 0 0
vt 0 0
vt 0 0
vt 0 0
vt 0 0
vt 0 0
vt 0 0
vt 0 0
vt 0 0
vt 0 0
vt 0 0
vt 0 0
vt 0 0
vt 0 0
vt 0 0
vt 0 0
vt 0 0
vt 0 0
vt 0 0
vt 0 0
vt 0 0
vt 0 0
vt 0 0
vt 0 0
vt 0 0
vt 0 0
vt 0 0
vt 0 0
vt 0 0
vt 0 0
vt 0 0
vt 0 0
vt 0 0
vt 0 0
vt 0 0
vt 0 0
vt 0 0
vt 0 0
vt 0 0
vt 0 0
vt 0 0
vt 0 0
vt 0 0
vt 0 0
vt 0 0
vt 0 0
vt 0 0
vt 0 0
vt 0 0
vt 0 0
vt 0 0
vt 0 0
vt 0 0
vt 0 0
vt 0 0
vt 0 0
vt 0 0
vt 0 0
vt 0 0
vt 0 0
vt 0 0
vt 0 0
vt 0 0
vt 0 0
vt 0 0
vt 0 0
vt 0 0
vt 0 0
vt 0 0
vt 0 0
vt 0 0
vt 0 0
vt 0 0
vt 0 0
vt 0 0
vt 0 0
vt 0 0
vt 0 0
vt 0 0
vt 0 0
vt 0 0
vt 0 0
vt 0 0
vt 0 0
vt 0 0
vt 0 0
vt 0 0
vt 0 0
vt 0 0
vt 0 0
vt 0 0
vt 0 0
vt 0 0
vt 0 0
vt 0 0
vt 0 0
vt 0 0
vt 0 0
vt 0 0
vt 0 0
vt 0 0
vt 0 0
vt 0 0
vt 0 0
vt 0 0
vt 0 0
vt 0 0
vt 0 0
vt 0 0
vt 0 0
vt 0 0
vt 0 0
vt 0 0
vt 0 0
vt 0 0
vt 0 0
vt 0 0
vt 0 0
vt 0 0
vt 0 0
vt 0 0
vt 0 0
vt 0 0
vt 0 0
vt 0 0
vt 0 0
vt 0 0
vt 0 0
vt 0 0
vt 0 0
vt 0 0
vt 0 0
vt 0 0
vt 0 0
vt 0 0
vt 0 0
vt 0 0
vt 0 0
vt 0 0
vt 0 0
vt 0 0
vt 0 0
vt 0 0
vt 0 0
vt 0 0
vt 0 0
vt 0 0
vt 0 0
vt 0 0
vt 0 0
vt 0 0
vt 0 0
vt 0 0
vt 0 0
vt 0 0
vt 0 0
vt 0 0
vt 0 0
vt 0 0
vt 0 0
vt 0 0
vt 0 0
vt 0 0
vt 0 0
vt 0 0
vt 0 0
vt 0 0
vt 0 0
vt 0 0
vt 0 0
vt 0 0
vt 0 0
vt 0 0
vt 0 0
vt 0 0
vt 0 0
vt 0 0
vt 0 0
vt 0 0
vt 0 0
vt 0 0
vt 0 0
vt 0 0
vt 0 0
vt 0 0
vt 0 0
vt 0 0
vt 0 0
vt 0 0
vt 0 0
vt 0 0
vt 0 0
vt 0 0
vt 0 0
vt 0 0
vt 0 0
vt 0 0
vt 0 0
vt 0 0
vt 0 0
vt 0 0
vt 0 0
vt 0 0
vt 0 0
vt 0 0
vt 0 0
vt 0 0
vt 0 0
vt 0 0
vt 0 0
vt 0 0
vt 0 0
vt 0 0
vt 0 0
vt 0 0
vt 0 0
vt 0 0
vt 0 0
vt 0 0
vt 0 0
vt 0 0
vt 0 0
vt 0 0
vt 0 0
vt 0 0
vt 0 0
vt 0 0
vt 0 0
vt 0 0
vt 0 0
vt 0 0
vt 0 0
vt 0 0
vt 0 0
vt 0 0
vt 0 0
vt 0 0
vt 0 0
vt 0 0
vt 0 0
vt 0 0
vt 0 0
vt 0 0
vt 0 0
vt 0 0
vt 0 0
vt 0 0
vt 0 0
vt 0 0
vt 0 0
vt 0 0
vt 0 0
vt 0 0
vt 0 0
vt 0 0
vt 0 0
vt 0 0
vt 0 0
vt 0 0
vt 0 0
vt 0 0
vt 0 0
vt 0 0
vt 0 0
vt 0 0
vt 0 0
vt 0 0
vt 0 0
vt 0 0
vt 0 0
vt 0 0
vt 0 0
vt 0 0
vt 0 0
vt 0 0
vt 0 0
vt 0 0
vt 0 0
vt 0 0
vt 0 0
vt 0 0
vt 0 0
vt 0 0
vt 0 0
vt 0 0
vt 0 0
vt 0 0
vt 0 0
vt 0 0
vt 0 0
vt 0 0
vt 0 0
vt 0 0
vt 0 0
vt 0 0
vt 0 0
vt 0 0
vt 0 0
vt 0 0
vt 0 0
vt 0 0
vt 0 0
vt 0 0
vt 0 0
vt 0 0
vt 0 0
vt 0 0
vt 0 0
vt 0 0
vt 0 0
vt 0 0
vt 0 0
vt 0 0
vt 0 0
vt 0 0
vt 0 0
vt 0 0
vt 0 0
vt 0 0
vt 0 0
vt 0 0
vt 0 0
vt 0 0
vt 0 0
vt 0 0
vt 0 0
vt 0 0
vt 0 0
vt 0 0
vt 0 0
vt 0 0
vt 0 0
vt 0 0
vt 0 0
vt 0 0
vt 0 0
vt 0 0
vt 0 0
vt 0 0
vt 0 0
vt 0 0
vt 0 0
vt 0 0
vt 0 0
vt 0 0
vt 0 0
vt 0 0
vt 0 0
vt 0 0
vt 0 0
vt 0 0
vt 0 0
vt 0 0
vt 0 0
vt 0 0
vt 0 0
vt 0 0
vt 0 0
vt 0 0
vt 0 0
vt 0 0
vt 0 0
vt 0 0
vt 0 0
vt 0 0
vt 0 0
vt 0 0
vt 0 0
vt 0 0
vt 0 0
vt 0 0
vt 0 0
vt 0 0
vt 0 0
vt 0 0
vt 0 0
vt 0 0
vt 0 0
vt 0 0
vt 0 0
vt 0 0
vt 0 0
vt 0 0
vt 0 0
vt 0 0
vt 0 0
vt 0 0
vt 0 0
vt 0 0
vt 0 0
vt 0 0
vt 0 0
vt 0 0
vt 0 0
vt 0 0
vt 0 0
vt 0 0
vt 0 0
vt 0 0
vt 0 0
vt 0 0
vt 0 0
vt 0 0
vt 0 0
vt 0 0
vt 0 0
vt 0 0
vt 0 0
vt 0 0
vt 0 0
vt 0 0
vt 0 0
vt 0 0
vt 0 0
vt 0 0
vt 0 0
vt 0 0
vt 0 0
vt 0 0
vt 0 0
vt 0 0
vt 0 0
vt 0 0
vt 0 0
vt 0 0
vt 0 0
vt 0 0
vt 0 0
vt 0 0
vt 0 0
vt 0 0
vt 0 0
vt 0 0
vt 0 0
vt 0 0
vt 0 0
vt 0 0
vt 0 0
vt 0 0
vt 0 0
vt 0 0
vt 0 0
vt 0 0
vt 0 0
vt 0 0
vt 0 0
vt 0 0
vt 0 0
vt 0 0
vt 0 0
vt 0 0
vt 0 0
vt 0 0
vt 0 0
vt 0 0
vt 0 0
vt 0 0
vt 0 0
vt 0 0
vt 0 0
vt 0 0
vt 0 0
vt 0 0
vt 0 0
vt 0 0
vt 0 0
vt 0 0
vt 0 0
vt 0 0
vt 0 0
vt 0 0
vt 0 0
vt 0 0
vt 0 0
vt 0 0
vt 0 0
vt 0 0
vt 0 0
vt 0 0
vt 0 0
vt 0 0
vt 0 0
vt 0 0
vt 0 0
vt 0 0
vt 0 0
vt 0 0
vt 0 0
vt 0 0
vt 0 0
vt 0 0
vt 0 0
vt 0 0
vt 0 0
vt 0 0
vt 0 0
vt 0 0
vt 0 0
vt 0 0
vt 0 0
vt 0 0
vt 0 0
vt 0 0
vt 0 0
vt 0 0
vt 0 0
vt 0 0
vt 0 0
vt 0 0
vt 0 0
vt 0 0
vt 0 0
vt 0 0
vt 0 0
vt 0 0
vt 0 0
vt 0 0
vt 0 0
vt 0 0
vt 0 0
vt 0 0
vt 0 0
vt 0 0
vt 0 0
vt 0 0
vt 0 0
vt 0 0
vt 0 0
vt 0 0
vt 0 0
vt 0 0
vt 0 0
vt 0 0
vt 0 0
vt 0 0
vt 0 0
vt 0 0
vt 0 0
vt 0 0
vt 0 0
vt 0 0
vt 0 0
vt 0 0
vt 0 0
vt 0 0
vt 0 0
vt 0 0
vt 0 0
vt 0 0
vt 0 0
vt 0 0
vt 0 0
vt 0 0
vt 0 0
vt 0 0
vt 0 0
vt 0 0
vt 0 0
vt 0 0
vt 0 0
vt 0 0
vt 0 0
vt 0 0
vt 0 0
vt 0 0
vt 0 0
vt 0 0
vt 0 0
vt 0 0
vt 0 0
vt 0 0
vt 0 0
vt 0 0
vt 0 0
vt 0 0
vt 0 0
vt 0 0
vt 0 0
vt 0 0
vt 0 0
vt 0 0
vt 0 0
vt 0 0
vt 0 0
vt 0 0
vt 0 0
vt 0 0
vt 0 0
vt 0 0
vt 0 0
vt 0 0
vt 0 0
vt 0 0
vt 0 0
vt 0 0
vt 0 0
vt 0 0
vt 0 0
vt 0 0
vt 0 0
vt 0 0
vt 0 0
vt 0 0
vt 0 0
vt 0 0
vt 0 0
vt 0 0
vt 0 0
vt 0 0
vt 0 0
vt 0 0
vt 0 0
vt 0 0
vt 0 0
vt 0 0
vt 0 0
vt 0 0
vt 0 0
vt 0 0
vt 0 0
vt 0 0
vt 0 0
vt 0 0
vt 0 0
vt 0 0
vt 0 0
vt 0 0
vt 0 0
vt 0 0
vt 0 0
vt 0 0
vt 0 0
vt 0 0
vt 0 0
vt 0 0
vt 0 0
vt 0 0
vt 0 0
vt 0 0
vt 0 0
vt 0 0
vt 0 0
vt 0 0
vt 0 0
vt 0 0
vt 0 0
vt 0 0
vt 0 0
vt 0 0
vt 0 0
vt 0 0
vt 0 0
vt 0 0
vt 0 0
vt 0 0
vt 0 0
vt 0 0
vt 0 0
vt 0 0
vt 0 1
vt 1 1
vt 1 0
vt 0 0
vt 0 1
vt 1 1
vt 1 0
vt 0 0
vt 0 1
vt 1 1
vt 1 0
vt 0 0
vt 0 1
vt 1 1
vt 1 0
vt 0 0
vt 0 1
vt 1 1
vt 1 0
vt 0 0
vt 0 1
vt 1 1
vt 1 0
vt 0 0
vt 0 1
vt 1 1
vt 1 0
vt 0 0
vt 0 1
vt 1 1
vt 1 0
vt 0 0
vt 0 1
vt 1 1
vt 1 0
vt 0 0
vt 0 1
vt 1 1
vt 1 0
vt 0 0
vt 0 1
vt 1 1
vt 1 0
vt 0 0
vt 0 1
vt 1 1
vt 1 0
vt 0 0
vt 0 1
vt 1 1
vt 1 0
vt 0 0
vt 0 1
vt 1 1
vt 1 0
vt 0 0
vt 0 1
vt 1 1
vt 1 0
vt 0 0
vt 0 1
vt 1 1
vt 1 0
vt 0 0
vt 0 1
vt 1 1
vt 1 0
vt 0 0
vt 0 1
vt 1 1
vt 1 0
vt 0 0
vt 0 1
vt 1 1
vt 1 0
vt 0 0
vt 0 1
vt 1 1
vt 1 0
vt 0 0
vt 0 1
vt 1 1
vt 1 0
vt 0 0
vt 0 1
vt 1 1
vt 1 0
vt 0 0
vt 0 1
vt 1 1
vt 1 0
vt 0 0
vt 0 1
vt 1 1
vt 1 0
vt 0 0
vt 0 1
vt 1 1
vt 1 0
vt 0 0
vt 0 1
vt 1 1
vt 1 0
vt 0 0
vt 0 1
vt 1 1
vt 1 0
vt 0 0
vt 0 1
vt 1 1
vt 1 0
vt 0 0
vt 0 1
vt 1 1
vt 1 0
vt 0 0
vt 0 1
vt 1 1
vt 1 0
vt 0 0
vt 0 1
vt 1 1
vt 1 0
vt 0 0
vt 0 1
vt 1 1
vt 1 0
vt 0 0
vt 0 1
vt 1 1
vt 1 0
vt 0 0
vt 0 1
vt 1 1
vt 1 0
vt 0 0
vt 0 1
vt 1 1
vt 1 0
vt 0 0
vt 0 1
vt 1 1
vt 1 0
vt 0 0
vt 0 1
vt 1 1
vt 1 0
vt 0 0
vt 0 1
vt 1 1
vt 1 0
vt 0 0
vt 0 1
vt 1 1
vt 1 0
vt 0 0
vt 0 1
vt 1 1
vt 1 0
vt 0 0
vt 0 1
vt 1 1
vt 1 0
vt 0 0
vt 0 1
vt 1 1
vt 1 0
vt 0 0
vt 0 1
vt 1 1
vt 1 0
vt 0 0
vt 0 1
vt 1 1
vt 1 0
vt 0 0
vt 0 1
vt 1 1
vt 1 0
vt 0 0
vt 0 1
vt 1 1
vt 1 0
vt 0 0
vt 0 1
vt 1 1
vt 1 0
vt 0 0
vt 0 1
vt 1 1
vt 1 0
vt 0 0
vt 0 1
vt 1 1
vt 1 0
vt 0 0
vt 0 1
vt 1 1
vt 1 0
vt 0 0
vt 0 1
vt 1 1
vt 1 0
vt 0 0
vt 0 1
vt 1 1
vt 1 0
vt 0 0
vt 0 1
vt 1 1
vt 1 0
vt 0 0
vt 0 1
vt 1 1
vt 1 0
vt 0 0
vt 0 1
vt 1 1
vt 1 0
vt 0 0
vt 0 1
vt 1 1
vt 1 0
vt 0 0
vt 0 1
vt 1 1
vt 1 0
vt 0 0
vt 0 1
vt 1 1
vt 1 0
vt 0 0
vt 0 1
vt 1 1
vt 1 0
vt 0 0
vt 0 1
vt 1 1
vt 1 0
vt 0 0
vt 0 1
vt 1 1
vt 1 0
vt 0 0
vt 0 1
vt 1 1
vt 1 0
vt 0 0
vt 0 1
vt 1 1
vt 1 0
vt 0 0
vt 0 1
vt 1 1
vt 1 0
vt 0 0
vt 0 1
vt 1 1
vt 1 0
vt 0 0
vt 0 1
vt 1 1
vt 1 0
vt 0 0
vt 0 0
vt 0 0
vt 0 0
vt 0 0
vt 0 0
vt 0 0
vt 0 0
vt 0 0
vt 0 0
vt 0 0
vt 0 0
vt 0 0
vt 0 0
vt 0 0
vt 0 0
vt 0 0
vt 0 0
vt 0 0
vt 0 0
vt 0 0
vt 0 0
vt 0 0
vt 0 0
vt 0 0
vt 0 0
vt 0 0
vt 0 0
vt 0 0
vt 0 0
vt 0 0
vt 0 0
vt 0 0
vt 0 0
vt 0 0
vt 0 0
vt 0 0
vt 0 0
vt 0 0
vt 0 0
vt 0 0
vt 0 0
vt 0 0
vt 0 0
vt 0 0
vt 0 0
vt 0 0
vt 0 0
vt 0 0
vt 0 0
vt 0 0
vt 0 0
vt 0 0
vt 0 0
vt 0 0
vt 0 0
vt 0 0
vt 0 0
vt 0 0
vt 0 0
vt 0 0
vt 0 0
vt 0 0
vt 0 0
vt 0 0
vt 0 0
vt 0 0
vt 0 0
vt 0 0
vt 0 0
vt 0 0
vt 0 0
vt 0 0
vn -0.7725431 0.5607799 0.2978306
vn -0.7725431 0.5607799 0.2978306
vn -0.7725431 0.5607799 0.2978306
vn -0.9843061 -0.07450926 -0.1599684
vn -0.9843061 -0.07450926 -0.1599684
vn -0.9843061 -0.07450926 -0.1599684
vn -0.66274 -0.08235234 0.7443076
vn -0.66274 -0.08235234 0.7443076
vn -0.66274 -0.08235234 0.7443076
vn -0.5764661 0.56862307 -0.5868174
vn -0.5764661 0.56862307 -0.5868174
vn -0.5764661 0.56862307 -0.5868174
vn -0.22352767 0.9607769 -0.1641435
vn -0.22352767 0.9607769 -0.1641435
vn -0.22352767 0.9607769 -0.1641435
vn -0.756206 0.6543336 -0
vn -0.756206 0.6543336 -0
vn -0.756206 0.6543336 -0
vn -0.1450969 0.4352907 0.8885206
vn -0.1450969 0.4352907 0.8885206
vn -0.1450969 0.4352907 0.8885206
vn 0.14509696 -0.4352908 -0.88852054
vn 0.14509696 -0.4352908 -0.88852054
vn 0.14509696 -0.4352908 -0.88852054
vn -0.8901892 0.4352907 0.13448133
vn -0.8901892 0.4352907 0.13448133
vn -0.8901892 0.4352907 0.13448133
vn 0.8901893 -0.4352908 -0.13448027
vn 0.8901893 -0.4352908 -0.13448027
vn 0.8901893 -0.4352908 -0.13448027
vn 0.13725388 0.42744768 0.89356023
vn 0.13725388 0.42744768 0.89356023
vn 0.13725388 0.42744768 0.89356023
vn -0.13725376 -0.42744774 -0.89356023
vn -0.13725376 -0.42744774 -0.89356023
vn -0.13725376 -0.42744774 -0.89356023
vn 0.8901893 0.4352907 0.13448066
vn 0.8901893 0.4352907 0.13448066
vn 0.8901893 0.4352907 0.13448066
vn -0.8901892 -0.4352908 -0.13448094
vn -0.8901892 -0.4352908 -0.13448094
vn -0.8901892 -0.4352908 -0.13448094
vn 0.8901893 0.4352907 -0.13448066
vn 0.8901893 0.4352907 -0.13448066
vn 0.8901893 0.4352907 -0.13448066
vn -0.8901892 -0.4352908 0.13448094
vn -0.8901892 -0.4352908 0.13448094
vn -0.8901892 -0.4352908 0.13448094
vn 0.13725388 0.41960454 -0.89726996
vn 0.13725388 0.41960454 -0.89726996
vn 0.13725388 0.41960454 -0.89726996
vn -0.13725376 -0.41960466 0.89726996
vn -0.13725376 -0.41960466 0.89726996
vn -0.13725376 -0.41960466 0.89726996
vn -0.13725376 0.41960454 -0.89727
vn -0.13725376 0.41960454 -0.89727
vn -0.13725376 0.41960454 -0.89727
vn 0.13725388 -0.41960466 0.8972699
vn 0.13725388 -0.41960466 0.8972699
vn 0.13725388 -0.41960466 0.8972699
vn -0.8901892 0.4352907 -0.13448133
vn -0.8901892 0.4352907 -0.13448133
vn -0.8901892 0.4352907 -0.13448133
vn 0.8901893 -0.4352908 0.13448027
vn 0.8901893 -0.4352908 0.13448027
vn 0.8901893 -0.4352908 0.13448027
vn -0.65489686 -0.654897 -0.37712076
vn -0.65489686 -0.654897 -0.37712076
vn -0.65489686 -0.654897 -0.37712076
vn 0.654897 0.65489686 0.37712073
vn 0.654897 0.65489686 0.37712073
vn 0.654897 0.65489686 0.37712073
vn 0.654897 -0.654897 0.37712052
vn 0.654897 -0.654897 0.37712052
vn 0.654897 -0.654897 0.37712052
vn -0.65489686 0.65489686 -0.37712097
vn -0.65489686 0.65489686 -0.37712097
vn -0.65489686 0.65489686 -0.37712097
vn 0.46666312 -0.6078385 0.6424624
vn 0.46666312 -0.6078385 0.6424624
vn 0.46666312 -0.6078385 0.6424624
vn 0.31764466 -0.6470539 0.6931256
vn 0.5058785 -0.5764662 0.6416959
vn 0.098038495 -0.69411236 0.7131595
vn 0.49019235 -0.5843093 0.6467566
vn -0.003921509 -0.7097985 0.70439386
vn -0.003921509 -0.7097985 0.70439386
vn 0.5058785 -0.5764662 0.6416959
vn 0.552937 -0.6078385 0.5699062
vn 0.5058785 -0.5764662 0.6416959
vn 0.26274312 -0.7097985 0.6535688
vn 0.0274508 -0.7097985 0.7038697
vn 0.0039215684 -0.70195544 0.71221006
vn -0.003921509 -0.70195544 0.71221006
vn -0.003921509 -0.70195544 0.71221006
vn -0.466663 0.6078384 -0.64246255
vn -0.466663 0.6078384 -0.64246255
vn -0.466663 0.6078384 -0.64246255
vn -0.37254608 -0.654897 0.65751
vn -0.37254608 -0.654897 0.65751
vn -0.37254608 -0.654897 0.65751
vn 0.3725462 0.65489686 -0.65751004
vn 0.3725462 0.65489686 -0.65751004
vn 0.3725462 0.65489686 -0.65751004
vn -0.4901923 -0.59215236 -0.6395835
vn -0.466663 -0.6078385 -0.64246243
vn -0.466663 -0.6078385 -0.64246243
vn -0.5529369 -0.6078385 -0.56990623
vn -0.098038435 -0.69411236 -0.7131595
vn -0.4901923 -0.5843093 -0.64675665
vn -0.50587845 -0.5764662 -0.641696
vn -0.25489998 -0.7097985 -0.6566674
vn -0.02745068 -0.7097985 -0.7038697
vn 0.0039215684 -0.70195544 -0.71221006
vn -0.003921509 -0.70195544 -0.71221006
vn -0.003921509 -0.69411236 -0.71985596
vn -0.50587845 -0.5764662 -0.641696
vn -0.3176446 -0.6470539 -0.69312567
vn 0.0039215684 -0.7097985 -0.70439386
vn 0.0039215684 -0.7097985 -0.70439386
vn 0.46666312 0.6078384 0.6424625
vn 0.46666312 0.6078384 0.6424625
vn 0.46666312 0.6078384 0.6424625
vn -0.9058753 0.39607537 0.1500473
vn -0.9058753 0.39607537 0.1500473
vn -0.9058753 0.39607537 0.1500473
vn 0.90587544 -0.39607543 -0.15004636
vn 0.90587544 -0.39607543 -0.15004636
vn 0.9137185 -0.3725462 -0.1622584
vn 0.9215616 -0.34901696 -0.1700335
vn 0.9137185 -0.3725462 -0.1622584
vn 0.9215616 -0.34901696 -0.1700335
vn -0.6392107 -0.59215236 0.49067837
vn -0.6392107 -0.6078385 0.47110724
vn -0.6392107 -0.6078385 0.47110724
vn -0.56862307 -0.6078385 0.5542564
vn -0.70979846 -0.69411236 0.11997568
vn -0.64705384 -0.5843093 0.48979998
vn -0.64705384 -0.5764662 0.4990071
vn -0.65489686 -0.7097985 0.25941512
vn -0.7019553 -0.7097985 0.05869285
vn -0.70979846 -0.70195544 0.05869158
vn -0.7148764 -0.6992508 -0
vn -0.7148764 -0.6992508 -0
vn -0.6392107 -0.5764662 0.50901514
vn -0.6941123 -0.6470539 0.3154828
vn -0.7019553 -0.7097985 -0.05869285
vn -0.7019553 -0.7097985 -0.05869285
vn 0.6392108 0.6078384 -0.47110727
vn 0.6392108 0.6078384 -0.47110727
vn 0.6392108 0.6078384 -0.47110727
vn 0.3725462 -0.654897 -0.6575099
vn 0.3725462 -0.654897 -0.6575099
vn 0.3725462 -0.654897 -0.6575099
vn -0.37254608 0.65489686 0.65751004
vn -0.37254608 0.65489686 0.65751004
vn -0.37254608 0.65489686 0.65751004
vn 0.6392108 -0.5843093 -0.49999222
vn 0.6392108 -0.6078385 -0.47110713
vn 0.6392108 -0.6078385 -0.47110713
vn 0.5764662 -0.6078385 -0.54609436
vn 0.7097985 -0.69411236 -0.11997543
vn 0.6470539 -0.5843093 -0.48979986
vn 0.6470539 -0.5764662 -0.499007
vn 0.654897 -0.7097985 -0.2594148
vn 0.70195544 -0.7097985 -0.058690816
vn 0.7097985 -0.70195544 -0.05869107
vn 0.7148765 -0.69925076 -0
vn 0.7176416 -0.69411236 0.05655585
vn 0.6392108 -0.5764662 -0.509015
vn 0.69411236 -0.6470539 -0.3154826
vn 0.70710677 -0.70710677 -0
vn 0.70710677 -0.70710677 -0
vn -0.6392107 0.6078384 0.4711074
vn -0.6392107 0.6078384 0.4711074
vn -0.6392107 0.6078384 0.4711074
vn 0.11372465 0.6313677 0.7670994
vn 0.11372465 0.6313677 0.7670994
vn 0.11372465 0.6313677 0.7670994
vn -0.7725431 0.6313677 0.067468785
vn -0.7725431 0.6313677 0.067468785
vn -0.7725431 0.6313677 0.067468785
vn -0.11372459 0.6313677 -0.7670995
vn -0.11372459 0.6313677 -0.7670995
vn -0.11372459 0.6313677 -0.7670995
vn 0.77254313 0.6313677 -0.0674679
vn 0.77254313 0.6313677 -0.0674679
vn 0.77254313 0.6313677 -0.0674679
vn -0.22352767 0.7725431 -0.5943169
vn -0.22352767 0.7725431 -0.5943169
vn -0.22352767 0.7725431 -0.5943169
vn -0.59215224 0.7725431 0.22920072
vn -0.59215224 0.7725431 0.22920072
vn -0.59215224 0.7725431 0.22920072
vn 0.22352773 0.7725431 0.59431684
vn 0.22352773 0.7725431 0.59431684
vn 0.22352773 0.7725431 0.59431684
vn 0.59215236 0.7725431 -0.22920033
vn 0.59215236 0.7725431 -0.22920033
vn 0.59215236 0.7725431 -0.22920033
vn 0.14509696 0.9843061 0.10044095
vn 0.14509696 0.9843061 0.10044095
vn 0.14509696 0.9843061 0.10044095
vn -0.11372459 0.9843061 0.134938
vn -0.11372459 0.9843061 0.134938
vn -0.11372459 0.9843061 0.134938
vn 0.11372465 0.9843061 -0.13493778
vn 0.11372465 0.9843061 -0.13493778
vn 0.11372465 0.9843061 -0.13493778
vn -0.1450969 0.9843061 -0.10044095
vn -0.1450969 0.9843061 -0.10044095
vn -0.1450969 0.9843061 -0.10044095
vn -0.20784152 -0.5764662 0.7902459
vn -0.20784152 -0.5764662 0.7902459
vn -0.20784152 -0.5764662 0.7902459
vn 0.7882293 -0.5764662 0.21536323
vn 0.7882293 -0.5764662 0.21536323
vn 0.7882293 -0.5764662 0.21536323
vn 0.20784158 -0.5764662 -0.7902459
vn 0.20784158 -0.5764662 -0.7902459
vn 0.20784158 -0.5764662 -0.7902459
vn -0.7882292 -0.5764662 -0.21536352
vn -0.7882292 -0.5764662 -0.21536352
vn -0.7882292 -0.5764662 -0.21536352
vn 0.7882293 -0.5764662 -0.21536323
vn 0.7882293 -0.5764662 -0.21536323
vn 0.7882293 -0.5764662 -0.21536323
vn -0.20784152 -0.5764662 -0.7902459
vn -0.20784152 -0.5764662 -0.7902459
vn -0.20784152 -0.5764662 -0.7902459
vn 0.20784158 -0.5764662 0.7902459
vn 0.20784158 -0.5764662 0.7902459
vn 0.20784158 -0.5764662 0.7902459
vn -0.7882292 -0.5764662 0.21536352
vn -0.7882292 -0.5764662 0.21536352
vn -0.7882292 -0.5764662 0.21536352
vn -0.5764661 -0.0039215684 -0.8171117
vn -0.5764661 -0.0039215684 -0.8171117
vn -0.5764661 -0.0039215684 -0.8171117
vn 0.8196016 -0.0039215684 -0.57292044
vn 0.8196016 -0.0039215684 -0.57292044
vn 0.8196016 -0.0039215684 -0.57292044
vn -0.81960154 -0.0039215684 0.57292056
vn -0.81960154 -0.0039215684 0.57292056
vn -0.81960154 -0.0039215684 0.57292056
vn 0.5764662 -0.0039215684 0.81711155
vn 0.5764662 -0.0039215684 0.81711155
vn 0.5764662 -0.0039215684 0.81711155
vn -0.5999954 0.7882292 -0.13674904
vn -0.5999954 0.7882292 -0.13674904
vn -0.5999954 0.7882292 -0.13674904
vn 0.16862619 0.7882292 -0.5918276
vn 0.16862619 0.7882292 -0.5918276
vn 0.16862619 0.7882292 -0.5918276
vn 0.59999543 0.7882292 0.13674861
vn 0.59999543 0.7882292 0.13674861
vn 0.59999543 0.7882292 0.13674861
vn -0.16862607 0.7882292 0.59182763
vn -0.16862607 0.7882292 0.59182763
vn -0.16862607 0.7882292 0.59182763
vn 0.8196016 -0.0039215684 0.57292044
vn 0.8196016 -0.0039215684 0.57292044
vn 0.8196016 -0.0039215684 0.57292044
vn -0.5764661 -0.0039215684 0.8171117
vn -0.5764661 -0.0039215684 0.8171117
vn -0.5764661 -0.0039215684 0.8171117
vn -0.81960154 -0.0039215684 -0.57292056
vn -0.81960154 -0.0039215684 -0.57292056
vn -0.81960154 -0.0039215684 -0.57292056
vn 0.5764662 -0.0039215684 -0.81711155
vn 0.5764662 -0.0039215684 -0.81711155
vn 0.5764662 -0.0039215684 -0.81711155
vn -0.003921509 0.99999225 -0.00034526698
vn -0.003921509 0.99999225 -0.00034526698
vn -0.003921509 0.99999225 -0.00034526698
vn -0.003921509 0.99999225 -0.00034526698
vn -0.003921509 0.99999225 -0.00034526698
vn -0.003921509 0.99999225 -0.00034526698
vn -0.003921509 0.99999225 -0.00034526698
vn -0.003921509 0.99999225 -0.00034526698
vn -0.003921509 0.99999225 -0.00034526698
vn -0.003921509 0.99999225 -0.00034526698
vn -0.003921509 0.99999225 -0.00034526698
vn -0.003921509 0.99999225 -0.00034526698
vn -0.003921509 0.99999225 -0.00034526698
vn -0.003921509 0.99999225 -0.00034526698
vn -0.003921509 0.99999225 -0.00034526698
vn -0.003921509 0.99999225 -0.00034526698
vn -0.003921509 0.99999225 -0.00034526698
vn -0.003921509 0.99999225 -0.00034526698
vn -0.003921509 0.99999225 -0.00034526698
vn -0.003921509 0.99999225 -0.00034526698
vn -0.003921509 0.99999225 -0.00034526698
vn -0.003921509 0.99999225 -0.00034526698
vn -0.003921509 0.99999225 -0.00034526698
vn -0.003921509 0.99999225 -0.00034526698
vn -0.003921509 0.99999225 -0.00034526698
vn -0.003921509 0.99999225 -0.00034526698
vn -0.003921509 0.99999225 -0.00034526698
vn -0.003921509 0.99999225 -0.00034526698
vn -0.003921509 0.99999225 -0.00034526698
vn -0.003921509 0.99999225 -0.00034526698
vn -0.003921509 0.99999225 -0.00034526698
vn -0.003921509 0.99999225 -0.00034526698
vn -0.003921509 0.99999225 -0.00034526698
vn -0.003921509 0.99999225 -0.00034526698
vn -0.003921509 0.99999225 -0.00034526698
vn -0.003921509 0.99999225 -0.00034526698
vn -0.003921509 0.99999225 -0.00034526698
vn -0.003921509 0.99999225 -0.00034526698
vn -0.003921509 0.99999225 -0.00034526698
vn -0.003921509 0.99999225 -0.00034526698
vn -0.003921509 0.99999225 -0.00034526698
vn -0.003921509 0.99999225 -0.00034526698
vn -0.003921509 0.99999225 -0.00034526698
vn -0.003921509 0.99999225 -0.00034526698
vn -0.003921509 0.99999225 -0.00034526698
vn -0.003921509 0.99999225 -0.00034526698
vn -0.003921509 0.99999225 -0.00034526698
vn -0.003921509 0.99999225 -0.00034526698
vn -0.003921509 0.99999225 -0.00034526698
vn -0.003921509 0.99999225 -0.00034526698
vn -0.003921509 0.99999225 -0.00034526698
vn -0.003921509 0.99999225 -0.00034526698
vn -0.003921509 0.99999225 -0.00034526698
vn -0.003921509 0.99999225 -0.00034526698
vn -0.003921509 0.99999225 -0.00034526698
vn -0.003921509 0.99999225 -0.00034526698
vn -0.003921509 0.99999225 -0.00034526698
vn -0.003921509 0.99999225 -0.00034526698
vn -0.003921509 0.99999225 -0.00034526698
vn -0.003921509 0.99999225 -0.00034526698
vn -0.003921509 0.99999225 -0.00034526698
vn -0.003921509 0.99999225 -0.00034526698
vn -0.003921509 0.99999225 -0.00034526698
vn -0.003921509 0.99999225 -0.00034526698
vn -0.003921509 0.99999225 -0.00034526698
vn -0.003921509 0.99999225 -0.00034526698
vn -0.003921509 0.99999225 -0.00034526698
vn -0.003921509 0.99999225 -0.00034526698
vn -0.003921509 0.99999225 -0.00034526698
vn -0.003921509 0.99999225 -0.00034526698
vn -0.003921509 0.99999225 -0.00034526698
vn -0.003921509 0.99999225 -0.00034526698
vn -0.003921509 0.99999225 -0.00034526698
vn -0.003921509 0.99999225 -0.00034526698
vn -0.003921509 0.99999225 -0.00034526698
vn -0.003921509 0.99999225 -0.00034526698
vn -0.003921509 0.99999225 -0.00034526698
vn -0.003921509 0.99999225 -0.00034526698
vn -0.003921509 0.99999225 -0.00034526698
vn -0.003921509 0.99999225 -0.00034526698
vn -0.003921509 0.99999225 -0.00034526698
vn -0.003921509 0.99999225 -0.00034526698
vn -0.003921509 0.99999225 -0.00034526698
vn -0.003921509 0.99999225 -0.00034526698
vn -0.003921509 0.99999225 -0.00034526698
vn -0.003921509 0.99999225 -0.00034526698
vn -0.003921509 0.99999225 -0.00034526698
vn -0.003921509 0.99999225 -0.00034526698
vn -0.003921509 0.99999225 -0.00034526698
vn -0.003921509 0.99999225 -0.00034526698
vn -0.003921509 0.99999225 -0.00034526698
vn -0.003921509 0.99999225 -0.00034526698
vn -0.003921509 0.99999225 -0.00034526698
vn -0.003921509 0.99999225 -0.00034526698
vn -0.003921509 0.99999225 -0.00034526698
vn -0.003921509 0.99999225 -0.00034526698
vn -0.003921509 0.99999225 -0.00034526698
vn -0.003921509 0.99999225 -0.00034526698
vn -0.003921509 0.99999225 -0.00034526698
vn -0.003921509 0.99999225 -0.00034526698
vn -0.003921509 0.99999225 -0.00034526698
vn -0.003921509 0.99999225 -0.00034526698
vn -0.003921509 0.99999225 -0.00034526698
vn -0.003921509 0.99999225 -0.00034526698
vn -0.003921509 0.99999225 -0.00034526698
vn -0.003921509 0.99999225 -0.00034526698
vn -0.003921509 0.99999225 -0.00034526698
vn -0.003921509 0.99999225 -0.00034526698
vn -0.003921509 0.99999225 -0.00034526698
vn -0.003921509 0.99999225 -0.00034526698
vn -0.003921509 0.99999225 -0.00034526698
vn -0.003921509 0.99999225 -0.00034526698
vn -0.003921509 0.99999225 -0.00034526698
vn -0.003921509 0.99999225 -0.00034526698
vn -0.003921509 0.99999225 -0.00034526698
vn -0.003921509 0.99999225 -0.00034526698
vn -0.003921509 0.99999225 -0.00034526698
vn -0.003921509 0.99999225 -0.00034526698
vn -0.003921509 0.99999225 -0.00034526698
vn -0.003921509 0.99999225 -0.00034526698
vn -0.003921509 0.99999225 -0.00034526698
vn -0.003921509 0.99999225 -0.00034526698
vn -0.003921509 0.99999225 -0.00034526698
vn -0.003921509 0.99999225 -0.00034526698
vn -0.003921509 0.99999225 -0.00034526698
vn -0.003921509 0.99999225 -0.00034526698
vn -0.003921509 0.99999225 -0.00034526698
vn -0.003921509 0.99999225 -0.00034526698
vn -0.003921509 0.99999225 -0.00034526698
vn -0.003921509 0.99999225 -0.00034526698
vn -0.003921509 0.99999225 -0.00034526698
vn -0.003921509 0.99999225 -0.00034526698
vn -0.003921509 0.99999225 -0.00034526698
vn -0.003921509 0.99999225 -0.00034526698
vn -0.003921509 0.99999225 -0.00034526698
vn -0.003921509 0.99999225 -0.00034526698
vn -0.003921509 0.99999225 -0.00034526698
vn -0.003921509 0.99999225 -0.00034526698
vn -0.003921509 0.99999225 -0.00034526698
vn -0.003921509 0.99999225 -0.00034526698
vn -0.003921509 0.99999225 -0.00034526698
vn -0.003921509 0.99999225 -0.00034526698
vn -0.003921509 0.99999225 -0.00034526698
vn -0.003921509 0.99999225 -0.00034526698
vn -0.003921509 0.99999225 -0.00034526698
vn -0.003921509 0.99999225 -0.00034526698
vn -0.003921509 0.99999225 -0.00034526698
vn -0.003921509 0.99999225 -0.00034526698
vn -0.003921509 0.99999225 -0.00034526698
vn -0.003921509 0.99999225 -0.00034526698
vn -0.003921509 0.99999225 -0.00034526698
vn -0.003921509 0.99999225 -0.00034526698
vn -0.003921509 0.99999225 -0.00034526698
vn -0.003921509 0.99999225 -0.00034526698
vn -0.003921509 0.99999225 -0.00034526698
vn -0.003921509 0.99999225 -0.00034526698
vn -0.003921509 0.99999225 -0.00034526698
vn -0.003921509 0.99999225 -0.00034526698
vn -0.003921509 0.99999225 -0.00034526698
vn -0.003921509 0.99999225 -0.00034526698
vn -0.003921509 0.99999225 -0.00034526698
vn -0.003921509 0.99999225 -0.00034526698
vn -0.003921509 0.99999225 -0.00034526698
vn -0.003921509 0.99999225 -0.00034526698
vn -0.003921509 0.99999225 -0.00034526698
vn -0.003921509 0.99999225 -0.00034526698
vn -0.003921509 0.99999225 -0.00034526698
vn -0.003921509 0.99999225 -0.00034526698
vn -0.003921509 0.99999225 -0.00034526698
vn -0.003921509 0.99999225 -0.00034526698
vn -0.003921509 0.99999225 -0.00034526698
vn -0.003921509 0.99999225 -0.00034526698
vn -0.003921509 0.99999225 -0.00034526698
vn -0.003921509 0.99999225 -0.00034526698
vn -0.003921509 0.99999225 -0.00034526698
vn 0.63136774 -0.66274005 -0.402679
vn 0.6470539 -0.5843093 -0.48979986
vn 0.63136774 -0.63136774 -0.45027715
vn 0.6392108 -0.70195544 -0.31411484
vn 0.6470539 -0.5843093 -0.48979986
vn 0.6392108 -0.70195544 -0.31411484
vn 0.6392108 -0.70195544 -0.31411484
vn 0.6470539 -0.5843093 -0.48979986
vn 0.6392108 -0.6862693 -0.34705046
vn 0.6392108 -0.6862693 -0.34705046
vn 0.6470539 -0.5843093 -0.48979986
vn 0.63136774 -0.66274005 -0.402679
vn 0.63136774 -0.48234928 -0.6072182
vn 0.6470539 -0.5843093 -0.48979986
vn 0.63136774 -0.41176158 -0.65713555
vn 0.63136774 -0.63136774 -0.45027715
vn 0.6470539 -0.5843093 -0.48979986
vn 0.63136774 -0.59215236 -0.5007298
vn 0.63136774 -0.59215236 -0.5007298
vn 0.6470539 -0.5843093 -0.48979986
vn 0.63136774 -0.5450939 -0.5515862
vn 0.63136774 -0.5450939 -0.5515862
vn 0.6470539 -0.5843093 -0.48979986
vn 0.63136774 -0.48234928 -0.6072182
vn 0.0039215684 -0.9999924 -0
vn -0.019604046 -0.9998079 -0
vn 0.0039215684 -0.9999924 -0
vn 0.019604106 -0.9998079 -0
vn -0.019604046 -0.9998079 -0
vn 0.011763922 -0.99993086 -0
vn 0.011763922 -0.99993086 -0
vn -0.019604046 -0.9998079 -0
vn 0.0039215684 -0.9999924 -0
vn 0.0039215684 -0.9999924 -0
vn -0.019604046 -0.9998079 -0
vn 0.0039215684 -0.9999924 -0
vn 0.0039215684 -0.9999924 -0
vn -0.019604046 -0.9998079 -0
vn 0.0039215684 -0.9999924 -0
vn 0.0039215684 -0.9999924 -0
vn -0.019604046 -0.9998079 -0
vn 0.0039215684 -0.9999924 -0
vn 0.0039215684 -0.9999924 -0
vn -0.019604046 -0.9998079 -0
vn 0.0039215684 -0.9999924 -0
vn 0.0039215684 -0.9999924 -0
vn -0.019604046 -0.9998079 -0
vn -0.08207506 -0.9966261 -0
vn 0.0039215684 -0.9999924 -0
vn -0.019604046 -0.9998079 -0
vn 0.0039215684 -0.9999924 -0
vn 0.52940774 -0.8431308 0.09411613
vn 0.7097985 -0.69411236 0.11997543
vn 0.70195544 -0.70195544 0.12048692
vn -0.53725076 -0.8431308 -0.022181893
vn -0.019604046 -0.9998079 -0
vn -0.7254846 -0.6862693 -0.052024584
vn -0.7254846 -0.6862693 -0.052024584
vn -0.7019553 -0.7097985 -0.05869285
vn -0.08207506 -0.9966261 -0
vn -0.53725076 -0.8431308 -0.022181893
vn 0.3019585 -0.9529339 0.02716661
vn 0.7097985 -0.69411236 0.11997543
vn 0.52940774 -0.8431308 0.09411613
vn -0.48896065 -0.87230587 -0
vn -0.019604046 -0.9998079 -0
vn -0.23056367 -0.9730572 -0
vn -0.7019553 -0.7097985 -0.05869285
vn -0.48896065 -0.87230587 -0
vn 0.7097985 -0.70195544 0.05869107
vn 0.7097985 -0.69411236 0.11997543
vn 0.7097985 -0.70195544 0.05869107
vn 0.7097985 -0.70195544 0.05869107
vn 0.7097985 -0.70195544 0.05869107
vn 0.70195544 -0.70195544 0.12048692
vn 0.7097985 -0.69411236 0.11997543
vn 0.7097985 -0.70195544 0.05869107
vn 0.7097985 -0.70195544 0.05869107
vn 0.7097985 -0.70195544 0.05869107
vn 0.7097985 -0.69411236 0.11997543
vn 0.7097985 -0.69411236 0.11997543
vn 0.7097985 -0.69411236 0.11997543
vn 0.7097985 -0.70195544 0.05869107
vn 0.7097985 -0.69411236 0.11997543
vn 0.7097985 -0.70195544 0.05869107
vn 0.7097985 -0.70195544 0.05869107
vn 0.7097985 -0.69411236 0.11997543
vn 0.7097985 -0.70195544 0.05869107
vn 0.7097985 -0.70195544 0.05869107
vn 0.7097985 -0.69411236 0.11997543
vn 0.7097985 -0.69411236 0.11997543
vn 0.7176416 -0.69411236 0.05655585
vn 0.7097985 -0.69411236 0.11997543
vn 0.7176416 -0.6862693 0.1184272
vn 0.7176416 -0.6862693 0.1184272
vn 0.7097985 -0.69411236 0.11997543
vn 0.7176416 -0.6862693 0.1184272
vn 0.7176416 -0.6862693 0.1184272
vn 0.7097985 -0.69411236 0.11997543
vn 0.7176416 -0.6862693 0.1184272
vn 0.7097985 -0.69411236 0.11997543
vn 0.7097985 -0.69411236 0.11997543
vn 0.7176416 -0.69411236 0.05655585
vn 0.3019585 -0.8901893 -0.34115112
vn 0.4736329 -0.88072234 -0
vn 0.34901696 -0.8901893 -0.2928314
vn 0.34901696 -0.8901893 -0.2928314
vn 0.4736329 -0.88072234 -0
vn 0.4431339 -0.8823462 -0.15842205
vn 0.4431339 -0.8823462 -0.15842205
vn 0.4736329 -0.88072234 -0
vn 0.5058785 -0.858817 -0.080748565
vn 0.5058785 -0.858817 -0.080748565
vn 0.4736329 -0.88072234 -0
vn 0.5450939 -0.8274447 0.1349369
vn 0.5450939 -0.8274447 0.1349369
vn 0.4736329 -0.88072234 -0
vn 0.52940774 -0.756857 0.38326883
vn 0.52940774 -0.756857 0.38326883
vn 0.4736329 -0.88072234 -0
vn 0.4745062 -0.6784262 0.5608759
vn 0.654897 -0.25490004 -0.71143234
vn 0.6470539 -0.5843093 -0.48979986
vn 0.654897 -0.22352773 -0.7219039
vn 0.6392108 -0.3019585 -0.70726985
vn 0.654897 -0.25490004 -0.71143234
vn 0.63136774 -0.41176158 -0.65713555
vn 0.6470539 -0.5843093 -0.48979986
vn 0.6392108 -0.34901696 -0.68527126
vn 0.6392108 -0.34901696 -0.68527126
vn 0.6392108 -0.3019585 -0.70726985
vn -0.7568569 -0.45882004 0.46545866
vn -0.76469994 -0.4039185 0.50207955
vn -0.5999954 -0.011764646 0.799917
vn -0.7333276 -0.4745062 0.4869029
vn -0.76469994 -0.4039185 0.50207955
vn -0.47450614 -0.8274447 0.30029863
vn -0.62352455 -0.011764646 0.7817153
vn -0.76469994 -0.4039185 0.50207955
vn -0.7333276 -0.4745062 0.4869029
vn -0.5999954 -0.011764646 0.799917
vn -0.76469994 -0.4039185 0.50207955
vn -0.62352455 -0.011764646 0.7817153
vn 0.13725388 -0.8509739 -0.5069564
vn 0.13725388 -0.8509739 -0.5069564
vn 0.13725388 -0.8509739 -0.5069564
vn 0.6392108 -0.26274312 -0.7227556
vn 0.6470539 -0.5843093 -0.48979986
vn 0.5843093 -0.38038927 -0.7168589
vn 0.654897 -0.22352773 -0.7219039
vn 0.6470539 -0.5843093 -0.48979986
vn 0.6392108 -0.26274312 -0.7227556
vn 0.027440673 -0.9996234 -0
vn -0.019604046 -0.9998079 -0
vn 0.019604106 -0.9998079 -0
vn 0.0509143 -0.998703 -0
vn -0.019604046 -0.9998079 -0
vn 0.027440673 -0.9996234 -0
vn 0.0509143 -0.998703 -0
vn -0.019604046 -0.9998079 -0
vn 0.0509143 -0.998703 -0
vn -0.16862607 -0.96862006 0.18259352
vn -0.34117377 -0.93724775 -0.07188273
vn -0.19215536 -0.960777 0.19995967
vn -0.19215536 -0.960777 0.19995967
vn -0.34117377 -0.93724775 -0.07188273
vn -0.2941153 -0.94509083 0.14247629
vn -0.2941153 -0.94509083 0.14247629
vn -0.34117377 -0.93724775 -0.07188273
vn -0.38823223 -0.9215616 -0
vn -0.7254846 -0.6862693 0.052024584
vn -0.6313677 -0.77254313 -0.06746812
vn -0.74117076 -0.6705831 0.03137136
vn -0.74117076 -0.6705831 0.03137136
vn -0.6313677 -0.77254313 -0.06746812
vn -0.756206 -0.6543337 -0
vn -0.756206 -0.6543337 -0
vn -0.6313677 -0.77254313 -0.06746812
vn -0.76469994 -0.6392108 0.081508055
vn -0.70979846 -0.69411236 0.11997568
vn -0.6313677 -0.77254313 -0.06746812
vn -0.7254846 -0.6862693 0.052024584
vn -0.7019553 -0.7097985 0.05869285
vn -0.6313677 -0.77254313 -0.06746812
vn -0.70979846 -0.69411236 0.11997568
vn -0.67842615 -0.73332775 0.04436647
vn -0.6313677 -0.77254313 -0.06746812
vn -0.68626916 -0.72548467 0.05202487
vn -0.68626916 -0.72548467 0.05202487
vn -0.6313677 -0.77254313 -0.06746812
vn -0.6941123 -0.7176416 0.056556903
vn -0.6941123 -0.7176416 0.056556903
vn -0.6313677 -0.77254313 -0.06746812
vn -0.7019553 -0.7097985 0.05869285
vn -0.7254846 -0.6784262 -0.11580143
vn -0.6313677 -0.77254313 -0.06746812
vn -0.70979846 -0.69411236 -0.11997568
vn -0.7725431 -0.6156816 -0.15528485
vn -0.6313677 -0.77254313 -0.06746812
vn -0.76469994 -0.63136774 -0.12887515
vn -0.76469994 -0.63136774 -0.12887515
vn -0.6313677 -0.77254313 -0.06746812
vn -0.74117076 -0.654897 -0.1475664
vn -0.74117076 -0.654897 -0.1475664
vn -0.6313677 -0.77254313 -0.06746812
vn -0.7254846 -0.6784262 -0.11580143
vn -0.6941123 -0.7097985 -0.11997593
vn -0.6313677 -0.77254313 -0.06746812
vn -0.68626916 -0.72548467 -0.05202487
vn -0.67842615 -0.73332775 -0.04436647
vn -0.6313677 -0.77254313 -0.06746812
vn -0.670583 -0.73332775 -0.112021714
vn -0.70979846 -0.69411236 -0.11997568
vn -0.6313677 -0.77254313 -0.06746812
vn -0.6941123 -0.7097985 -0.11997593
vn -0.68626916 -0.72548467 -0.05202487
vn -0.6313677 -0.77254313 -0.06746812
vn -0.67842615 -0.73332775 -0.04436647
vn -0.66265845 -0.74892175 -0
vn -0.6313677 -0.77254313 -0.06746812
vn -0.6543336 -0.75620604 -0
vn -0.66274 -0.7411708 -0.10696508
vn -0.66265845 -0.74892175 -0
vn -0.670583 -0.73332775 -0.112021714
vn -0.6313677 -0.77254313 -0.06746812
vn -0.670583 -0.7411708 -0.03137278
vn -0.670583 -0.7411708 -0.03137278
vn -0.66274 -0.7411708 -0.10696508
vn -0.6543336 -0.75620604 -0
vn -0.6313677 -0.77254313 -0.06746812
vn -0.5215646 -0.79607236 0.306984
vn -0.12941074 -0.6156816 0.777296
vn -0.6313677 -0.77254313 -0.06746812
vn -0.066666126 -0.56078005 0.82527655
vn -0.48234916 -0.8509739 0.20780455
vn -0.4901923 -0.858817 0.14881167
vn -0.3176446 -0.73332775 0.60110927
vn -0.6313677 -0.77254313 -0.06746812
vn -0.12941074 -0.6156816 0.777296
vn -0.22352767 -0.69411236 0.68428314
vn -0.6313677 -0.77254313 -0.06746812
vn -0.4039184 -0.80391544 0.4365431
vn -0.4039184 -0.80391544 0.4365431
vn -0.4352907 -0.8196016 0.37252548
vn -0.08235228 -0.5764662 0.81296057
vn -0.6313677 -0.77254313 -0.06746812
vn -0.22352767 -0.69411236 0.68428314
vn -0.466663 -0.83528775 0.2907232
vn -0.48234916 -0.8509739 0.20780455
vn -0.066666126 -0.56078005 0.82527655
vn -0.6313677 -0.77254313 -0.06746812
vn -0.08235228 -0.5764662 0.81296057
vn -0.4901923 -0.858817 0.14881167
vn -0.48234916 -0.87450314 0.050828766
vn -0.5215646 -0.79607236 0.306984
vn -0.6313677 -0.77254313 -0.06746812
vn -0.3176446 -0.73332775 0.60110927
vn -0.4352907 -0.8196016 0.37252548
vn -0.6313677 -0.77254313 -0.06746812
vn -0.466663 -0.83528775 0.2907232
vn -0.48234916 -0.87450314 0.050828766
vn -0.6313677 -0.77254313 -0.06746812
vn -0.47363284 -0.88072234 -0
vn -0.4352907 -0.8901893 -0.13448071
vn -0.6313677 -0.77254313 -0.06746812
vn -0.41176152 -0.8901893 -0.1949756
vn 0.18431234 -0.7097985 -0.679864
vn 0.066666186 -0.7803862 -0.62173384
vn -0.45882 -0.8823462 -0.104639255
vn -0.6313677 -0.77254313 -0.06746812
vn -0.4352907 -0.8901893 -0.13448071
vn 0.17646927 -0.7176416 -0.6736833
vn 0.18431234 -0.7097985 -0.679864
vn -0.47363284 -0.88072234 -0
vn -0.6313677 -0.77254313 -0.06746812
vn -0.45882 -0.8823462 -0.104639255
vn -0.6543336 -0.75620604 -0
vn -0.6313677 -0.77254313 -0.06746812
vn -0.670583 -0.7411708 0.03137278
vn -0.670583 -0.7411708 0.03137278
vn -0.6313677 -0.77254313 -0.06746812
vn -0.67842615 -0.73332775 0.04436647
vn -0.67842615 -0.73332775 0.04436647
vn -0.67842615 -0.73332775 0.04436647
vn -0.670583 -0.7411708 0.03137278
vn -0.670583 -0.7411708 0.03137278
vn -0.4980353 -0.8431308 -0.20270966
vn -0.6313677 -0.77254313 -0.06746812
vn -0.6543336 -0.75620604 -0
vn -0.02745068 -0.8274447 -0.56087595
vn -0.6313677 -0.77254313 -0.06746812
vn 0.17646927 -0.7176416 -0.6736833
vn -0.30195844 -0.8901893 -0.3411512
vn -0.6313677 -0.77254313 -0.06746812
vn -0.02745068 -0.8274447 -0.56087595
vn -0.22352767 -0.86666006 -0.44602212
vn -0.6313677 -0.77254313 -0.06746812
vn -0.4980353 -0.8431308 -0.20270966
vn 0.066666186 -0.7803862 -0.62173384
vn -0.6313677 -0.77254313 -0.06746812
vn -0.22352767 -0.86666006 -0.44602212
vn -0.34117377 -0.8901893 -0.30193296
vn -0.6313677 -0.77254313 -0.06746812
vn -0.30195844 -0.8901893 -0.3411512
vn -0.3803892 -0.8901893 -0.25073314
vn -0.6313677 -0.77254313 -0.06746812
vn -0.34117377 -0.8901893 -0.30193296
vn -0.41176152 -0.8901893 -0.1949756
vn -0.6313677 -0.77254313 -0.06746812
vn -0.3803892 -0.8901893 -0.25073314
vn -0.38823223 -0.9215616 -0
vn -0.34117377 -0.93724775 -0.07188273
vn -0.42744768 -0.8901893 -0.15764378
vn -0.42744768 -0.8901893 -0.15764378
vn -0.34117377 -0.93724775 -0.07188273
vn -0.36470306 -0.8823462 -0.29741699
vn -0.36470306 -0.8823462 -0.29741699
vn -0.34117377 -0.93724775 -0.07188273
vn -0.30980146 -0.8823462 -0.35424316
vn -0.003921509 0.99999225 -0.00034526698
vn -0.003921509 0.99999225 -0.00034526698
vn -0.003921509 0.99999225 -0.00034526698
vn -0.003921509 0.99999225 -0.00034526698
vn -0.003921509 0.99999225 -0.00034526698
vn -0.003921509 0.99999225 -0.00034526698
vn -0.003921509 0.99999225 -0.00034526698
vn -0.003921509 0.99999225 -0.00034526698
vn -0.003921509 0.99999225 -0.00034526698
vn -0.003921509 0.99999225 -0.00034526698
vn -0.003921509 0.99999225 -0.00034526698
vn -0.003921509 0.99999225 -0.00034526698
vn -0.003921509 0.99999225 -0.00034526698
vn -0.003921509 0.99999225 -0.00034526698
vn -0.003921509 0.99999225 -0.00034526698
vn -0.003921509 0.99999225 -0.00034526698
vn -0.003921509 0.99999225 -0.00034526698
vn -0.003921509 0.99999225 -0.00034526698
vn -0.003921509 0.99999225 -0.00034526698
vn -0.003921509 0.99999225 -0.00034526698
vn -0.003921509 0.99999225 -0.00034526698
vn -0.003921509 0.99999225 -0.00034526698
vn -0.003921509 0.99999225 -0.00034526698
vn -0.003921509 0.99999225 -0.00034526698
vn -0.003921509 0.99999225 -0.00034526698
vn -0.003921509 0.99999225 -0.00034526698
vn -0.003921509 0.99999225 -0.00034526698
vn -0.003921509 0.99999225 -0.00034526698
vn -0.003921509 0.99999225 -0.00034526698
vn -0.003921509 0.99999225 -0.00034526698
vn -0.003921509 0.99999225 -0.00034526698
vn -0.003921509 0.99999225 -0.00034526698
vn -0.003921509 0.99999225 -0.00034526698
vn -0.003921509 0.99999225 -0.00034526698
vn -0.003921509 0.99999225 -0.00034526698
vn -0.003921509 0.99999225 -0.00034526698
vn -0.003921509 0.99999225 -0.00034526698
vn -0.003921509 0.99999225 -0.00034526698
vn -0.003921509 0.99999225 -0.00034526698
vn -0.003921509 0.99999225 -0.00034526698
vn -0.003921509 0.99999225 -0.00034526698
vn -0.003921509 0.99999225 -0.00034526698
vn -0.003921509 0.99999225 -0.00034526698
vn -0.003921509 0.99999225 -0.00034526698
vn -0.003921509 0.99999225 -0.00034526698
vn -0.003921509 0.99999225 -0.00034526698
vn -0.003921509 0.99999225 -0.00034526698
vn -0.003921509 0.99999225 -0.00034526698
vn -0.003921509 0.99999225 -0.00034526698
vn -0.003921509 0.99999225 -0.00034526698
vn -0.003921509 0.99999225 -0.00034526698
vn -0.003921509 0.99999225 -0.00034526698
vn -0.003921509 0.99999225 -0.00034526698
vn -0.003921509 0.99999225 -0.00034526698
vn -0.003921509 0.99999225 -0.00034526698
vn -0.003921509 0.99999225 -0.00034526698
vn -0.003921509 0.99999225 -0.00034526698
vn -0.003921509 0.99999225 -0.00034526698
vn -0.003921509 0.99999225 -0.00034526698
vn -0.003921509 0.99999225 -0.00034526698
vn 0.49803543 0.7490138 0.43696576
vn 0.45882004 0.7333276 0.5017118
vn 0.45882004 0.7490138 0.4779775
vn 0.5764662 0.74117076 0.34402412
vn 0.62352467 0.7568569 0.19591992
vn 0.6705831 0.74117076 -0.031370882
vn 0.7071068 0.70710677 -0
vn 0.62352467 0.7568569 -0.19591992
vn 0.5764662 0.74117076 -0.34402412
vn 0.49803543 0.7490138 -0.43696576
vn 0.45882004 0.7490138 -0.4779775
vn 0.45882004 0.7333276 -0.5017118
vn -0.4980353 0.7490138 -0.43696588
vn -0.45882 0.7333276 -0.50171185
vn -0.45882 0.7490138 -0.4779776
vn -0.5764661 0.74117076 -0.3440243
vn -0.62352455 0.7568569 -0.19592023
vn -0.670583 0.74117076 -0.03137373
vn -0.70710677 0.70710677 -0
vn -0.62352455 0.7568569 0.19592023
vn -0.5764661 0.74117076 0.3440243
vn -0.4980353 0.7490138 0.43696588
vn -0.45882 0.7490138 0.4779776
vn -0.45882 0.7333276 0.50171185
vn 0.7071068 0.70710677 -0
vn 0.4431339 0.7725431 -0.4547632
vn 0.7071068 0.70710677 -0
vn 0.7071068 0.70710677 -0
vn 0.6784262 0.70979846 -0.18953632
vn 0.59215236 0.70979846 -0.38149932
vn 0.45882004 0.70979846 -0.53448135
vn 0.1999985 0.67842615 -0.7069219
vn 0.1294108 0.65489686 -0.7445555
vn -0.003921509 0.67842615 -0.7346581
vn -0.12941074 0.65489686 -0.7445556
vn -0.19999838 0.67842615 -0.70692194
vn -0.44313383 0.7725431 -0.4547632
vn -0.45882 0.70979846 -0.53448135
vn -0.59215224 0.70979846 -0.38149956
vn -0.67842615 0.70979846 -0.18953648
vn -0.70710677 0.70710677 -0
vn -0.70710677 0.70710677 -0
vn -0.70710677 0.70710677 -0
vn 0.0039215684 0.99999225 -0.00034526698
vn -0.003921509 0.99999225 -0.00034526698
vn -0.003921509 0.99999225 -0.00034526698
vn -0.003921509 0.99999225 -0.00034526698
vn -0.003921509 0.99999225 -0.00034526698
vn -0.003921509 0.99999225 -0.00034526698
vn -0.003921509 0.99999225 -0.00034526698
vn -0.003921509 0.99999225 -0.00034526698
vn -0.003921509 0.99999225 -0.00034526698
vn -0.003921509 0.99999225 -0.00034526698
vn -0.003921509 0.99999225 -0.00034526698
vn -0.003921509 0.99999225 -0.00034526698
vn -0.003921509 0.99999225 -0.00034526698
vn 0.0039215684 0.99999225 -0.00034526698
vn -0.003921509 0.99999225 -0.00034526698
vn 0.0039215684 0.99999225 -0.00034526698
vn -0.003921509 0.99999225 -0.00034526698
vn 0.0039215684 0.99999225 -0.00034526698
vn 0.0039215684 0.99999225 -0.00034526698
vn 0.0039215684 0.99999225 -0.00034526698
vn 0.0039215684 0.99999225 -0.00034526698
vn 0.0039215684 0.99999225 -0.00034526698
vn 0.0039215684 0.99999225 -0.00034526698
vn 0.0039215684 0.99999225 -0.00034526698
vn 0.0039215684 0.99999225 -0.00034526698
vn -0.003921509 0.99999225 -0.00034526698
vn -0.003921509 0.99999225 -0.00034526698
vn 0.0039215684 0.99999225 -0.00034526698
vn 0.0039215684 0.99999225 -0.00034526698
vn -0.003921509 0.99999225 -0.00034526698
vn 0.7097985 0.035293818 -0.70352
vn 0.7097985 0.035293818 -0.70352
vn 0.7097985 0.019607663 -0.70413184
vn 0.7097985 0.019607663 -0.70413184
vn 0.25490004 0.019607663 -0.9667686
vn 0.26274312 0.02745068 -0.9644753
vn 0.25490004 0.019607663 -0.9667686
vn 0.26274312 0.035293818 -0.9642201
vn 0.4431339 0.7725431 0.4547632
vn 0.7071068 0.70710677 -0
vn 0.7071068 0.70710677 -0
vn 0.7071068 0.70710677 -0
vn 0.6784262 0.70979846 0.18953632
vn 0.59215236 0.70979846 0.38149932
vn 0.45882004 0.70979846 0.53448135
vn 0.1999985 0.67842615 0.7069219
vn 0.1294108 0.65489686 0.7445555
vn -0.003921509 0.67842615 0.7346581
vn -0.12941074 0.65489686 0.7445556
vn -0.19999838 0.67842615 0.70692194
vn -0.44313383 0.7725431 0.4547632
vn -0.45882 0.70979846 0.53448135
vn -0.59215224 0.70979846 0.38149956
vn -0.67842615 0.70979846 0.18953648
vn -0.70710677 0.70710677 -0
vn -0.70710677 0.70710677 -0
vn -0.70710677 0.70710677 -0
vn -0.70979846 0.02745068 0.7038697
vn -0.70979846 0.035293818 0.70352006
vn -0.70979846 0.019607663 0.70413184
vn -0.70979846 0.019607663 0.70413184
vn 0.7097985 0.019607663 0.70413184
vn 0.7097985 0.02745068 0.7038697
vn 0.7097985 0.019607663 0.70413184
vn 0.7097985 0.035293818 0.70352
vn -0.25489998 0.02745068 -0.9665777
vn -0.4980353 0.02745068 -0.86672217
vn -0.25489998 0.02745068 -0.9665777
vn -0.4980353 0.02745068 -0.86672217
vn -0.86666 0.02745068 -0.4981435
vn -0.86666 0.02745068 -0.4981435
vn -0.96861994 0.035293818 -0.2460279
vn -0.96861994 0.035293818 -0.2460279
vn -0.003921509 0.011764526 0.9999231
vn 0.0039215684 0.011764526 0.9999231
vn 0.0039215684 0.019607663 0.9998001
vn 0.0039215684 0.019607663 0.9998001
vn -0.003921509 0.99999225 -0.00034526698
vn -0.003921509 0.99999225 -0.00034526698
vn -0.003921509 0.99999225 -0.00034526698
vn -0.003921509 0.99999225 -0.00034526698
vn -0.003921509 0.99999225 -0.00034526698
vn -0.003921509 0.99999225 -0.00034526698
vn -0.003921509 0.99999225 -0.00034526698
vn 0.0039215684 0.99999225 -0.00034526698
vn 0.0039215684 0.99999225 -0.00034526698
vn 0.0039215684 0.99999225 -0.00034526698
vn -0.003921509 0.99999225 -0.00034526698
vn 0.0039215684 0.99999225 -0.00034526698
vn -0.003921509 0.99999225 -0.00034526698
vn -0.003921509 0.99999225 -0.00034526698
vn 0.0039215684 0.99999225 -0.00034526698
vn -0.003921509 0.99999225 -0.00034526698
vn 0.0039215684 0.99999225 -0.00034526698
vn 0.0039215684 0.99999225 -0.00034526698
vn -0.003921509 0.99999225 -0.00034526698
vn -0.003921509 0.99999225 -0.00034526698
vn 0.0039215684 0.99999225 -0.00034526698
vn -0.003921509 0.99999225 -0.00034526698
vn -0.003921509 0.99999225 -0.00034526698
vn 0.0039215684 0.99999225 -0.00034526698
vn 0.0039215684 0.99999225 -0.00034526698
vn 0.0039215684 0.99999225 -0.00034526698
vn 0.0039215684 0.99999225 -0.00034526698
vn 0.0039215684 0.99999225 -0.00034526698
vn -0.003921509 0.99999225 -0.00034526698
vn -0.003921509 0.99999225 -0.00034526698
vn -0.003921509 0.99999225 -0.00034526698
vn 0.0039215684 0.99999225 -0.00034526698
vn -0.003921509 0.99999225 -0.00034526698
vn -0.003921509 0.99999225 -0.00034526698
vn -0.003921509 0.99999225 -0.00034526698
vn -0.003921509 0.99999225 -0.00034526698
vn -0.003921509 0.99999225 -0.00034526698
vn -0.003921509 0.99999225 -0.00034526698
vn -0.003921509 0.99999225 -0.00034526698
vn -0.011763804 0.99993086 -0
vn 0.0039215684 0.99999225 -0.00034526698
vn -0.003921509 0.99999225 -0.00034526698
vn 0.0039215684 0.99999225 -0.00034526698
vn 0.0039215684 0.043136835 0.99906147
vn 0.0039215684 0.043136835 0.99906147
vn -0.003921509 0.019607663 0.9998001
vn -0.003921509 0.011764526 0.9999231
vn 0.70195544 0.050979972 -0.71039397
vn 0.70195544 0.050979972 -0.71039397
vn 0.7097985 0.019607663 -0.70413184
vn 0.7097985 0.019607663 -0.70413184
vn 0.25490004 0.035293818 0.9663231
vn 0.25490004 0.035293818 0.9663231
vn -0.003921509 0.02745068 0.9996155
vn 0.0039215684 0.02745068 0.9996155
vn -0.25489998 0.02745068 0.9665777
vn -0.25489998 0.02745068 0.9665777
vn -0.96861994 0.019607663 0.24777192
vn -0.96861994 0.035293818 0.2460279
vn -0.96861994 0.019607663 0.24777192
vn -0.96861994 0.035293818 0.2460279
vn -0.70979846 0.011764526 -0.70430654
vn -0.70979846 0.066666126 -0.70124304
vn -0.70979846 0.066666126 -0.70124304
vn -0.7176415 -0.098038495 -0.68947744
vn -0.7176415 -0.15294003 -0.67941153
vn -0.70979846 0.02745068 0.7038697
vn -0.70979846 0.02745068 0.7038697
vn -0.70979846 0.02745068 0.7038697
vn -0.70979846 0.02745068 0.7038697
vn 0.0039215684 0.99999225 -0.00034526698
vn 0.0039215684 0.99999225 -0.00034526698
vn 0.0039215684 0.99999225 -0.00034526698
vn -0.003921509 0.99999225 -0.00034526698
vn -0.003921509 0.99999225 -0.00034526698
vn -0.003921509 0.99999225 -0.00034526698
vn 0.7097985 0.05882299 0.7019444
vn 0.7097985 0.035293818 0.70352
vn 0.6862693 0.13725376 0.71428
vn 0.6784262 0.15293992 0.7185731
vn -0.44313383 0.011764526 -0.8963783
vn -0.45097685 -0.0039215684 -0.89252704
vn -0.4352907 0.019607663 -0.90007645
vn -0.4352907 0.02745068 -0.89987135
vn -0.70979846 0.011764526 0.70430654
vn -0.70979846 0.019607663 0.70413184
vn -0.7019553 0.035293818 0.711346
vn -0.7019553 0.035293818 0.711346
vn 0.0039215684 0.035293818 -0.99936926
vn 0.0039215684 0.035293818 -0.99936926
vn 0.0039215684 0.035293818 -0.99936926
vn 0.0039215684 0.035293818 -0.99936926
vn 0.9982743 0.05872193 -0
vn 0.9990709 0.043097086 -0
vn 0.9990709 0.043097086 -0
vn 0.9982743 0.05872193 -0
vn 0.0274508 -0.019607723 -0.99943084
vn 0.05098003 -0.066666186 -0.9964721
vn 0.043136954 -0.05882311 -0.997336
vn 0.0274508 -0.0039215684 -0.9996155
vn 0.70195544 0.19999838 0.6835636
vn 0.7097985 -0.019607723 0.70413184
vn 0.70195544 0.20784152 0.6812198
vn 0.7097985 -0.0274508 0.7038697
vn -0.65489686 0.262743 0.7085734
vn -0.65489686 0.2941153 0.6961367
vn -0.65489686 0.2941153 0.6961367
vn -0.65489686 0.25489998 0.71143246
vn 0.96862006 0.035293818 -0.24602742
vn 0.96862006 0.035293818 -0.24602742
vn 0.9996234 0.027440554 -0
vn 0.9996234 0.027440554 -0
vn 0.96862006 0.02745068 0.24702552
vn 0.96862006 0.02745068 0.24702552
vn 0.69411236 0.16862607 -0.69983804
vn 0.69411236 0.16078305 -0.70168144
vn 0.69411236 0.050979972 -0.71805924
vn 0.6705831 0.050979972 -0.7400806
vn 0.3411739 0.050979972 -0.93861675
vn 0.25490004 0.1450969 -0.9560193
vn 0.6705831 0.02745068 0.74132633
vn 0.7176416 -0.043136954 0.69507533
vn 0.76470006 -0.1294108 0.631258
vn 0.5686231 0.16862607 0.8051292
vn -0.70979846 0.035293818 -0.70352006
vn -0.70979846 0.035293818 -0.70352006
vn -0.70979846 0.02745068 -0.7038697
vn -0.70979846 0.02745068 -0.7038697
vn -0.003921509 0.99999225 -0.00034526698
vn 0.0039215684 0.99999225 -0.00034526698
vn 0.0039215684 0.99999225 -0.00034526698
vn -0.003921509 0.99999225 -0.00034526698
vn -0.003921509 0.99999225 -0.00034526698
vn -0.003921509 0.99999225 -0.00034526698
vn 0.0039215684 0.99999225 -0.00034526698
vn 0.0039215684 0.99999225 -0.00034526698
vn 0.0039215684 0.99999225 -0.00034526698
vn -0.05882299 0.098038435 -0.99344265
vn -0.050979972 0.08235228 -0.99529856
vn -0.035293818 0.035293818 -0.99875355
vn -0.02745068 0.011764526 -0.9995539
vn -0.70979846 0.035293818 0.70352006
vn -0.70979846 -0.0039215684 0.7043939
vn -0.70979846 -0.0039215684 0.7043939
vn -0.70979846 0.043136835 0.70308274
vn -0.9764631 0.19999838 0.080749765
vn -0.9843061 0.16862607 0.052026607
vn -0.9905662 0.13703476 -0
vn -0.99993086 0.011763804 -0
vn -0.65489686 0.011764526 0.75562674
vn -0.7490138 -0.15294003 0.64466095
vn -0.7019553 -0.066666186 0.7090941
vn -0.5450938 0.16078305 0.8228132
vn 0.9921493 0.0901953 0.08662903
vn 0.97646314 0.1764692 0.12400957
vn 0.99993086 0.011763803 -0
vn 0.9843062 -0.11372465 -0.13493697
vn -0.99214923 0.08235228 -0.09411696
vn -0.99214923 0.08235228 -0.09411696
vn -0.99214923 0.074509144 -0.10044047
vn -0.99214923 0.074509144 -0.10044047
vn 0.6156816 0.035293818 0.7872042
vn 0.49803543 0.16078305 0.8521206
vn 0.756857 0.035293818 0.65262693
vn 0.90587544 -0.035293877 0.42207107
vn 0.9996234 0.027440554 -0
vn 0.9294047 -0.043136954 -0.36653256
vn 0.77254313 0.019607663 -0.63465947
vn 0.62352467 0.019607663 -0.7815578
vn 0.49803543 0.15293992 -0.8535632
vn 0.34901696 0.05882299 0.9352684
vn 0.35686004 0.066666126 0.93177605
vn 0.39607543 0.098038435 0.9129692
vn 0.3019585 0.019607663 0.9531194
vn -0.6078384 0.12156761 -0.78469986
vn -0.56862307 0.16862607 -0.80512923
vn -0.62352455 0.0901953 -0.7765835
vn -0.67842615 0.011764526 -0.7345744
vn -0.8431307 -0.05098003 -0.53528655
vn -0.91371846 0.05882299 -0.4020677
vn -0.8980323 0.019607663 -0.43949232
vn -0.9450908 0.13725376 -0.29658863
vn 0.0039215684 0.99999225 -0.00034526698
vn -0.003921509 0.99999225 -0.00034526698
vn 0.0039215684 0.99999225 -0.00034526698
vn -0.003921509 0.99999225 -0.00034526698
vn -0.003921509 0.99999225 -0.00034526698
vn -0.019604048 0.9998079 -0
vn -0.20784152 0.9450908 0.25220093
vn 0.0039215684 0.99999225 -0.00034526698
vn 0.0039215684 0.99999225 -0.00034526698
vn 0.0039215684 0.99999225 -0.00034526698
vn 0.011763923 0.99993086 -0
vn -0.003921509 0.99999225 -0.00034526698
vn -0.003921509 0.99999225 -0.00034526698
vn -0.003921509 0.99999225 -0.00034526698
vn -0.003921509 0.99999225 -0.00034526698
vn 0.027440675 0.9996234 -0
vn -0.9607769 0.003921509 0.27729464
vn -0.9607769 0.003921509 0.27729464
vn -0.99999225 0.003921509 -0.00034492963
vn -0.99999225 0.003921509 -0.00034492963
vn -0.8352877 0.003921509 0.54979914
vn -0.8352877 0.003921509 0.54979914
vn -0.9607769 0.003921509 0.27729464
vn -0.9607769 0.003921509 0.27729464
vn -0.64705384 0.003921509 0.76243424
vn -0.64705384 0.003921509 0.76243424
vn -0.8352877 0.003921509 0.54979914
vn -0.8352877 0.003921509 0.54979914
vn -0.22352767 0.003921509 0.9746897
vn -0.22352767 0.003921509 0.9746897
vn -0.64705384 0.003921509 0.76243424
vn -0.64705384 0.003921509 0.76243424
vn -0.003921509 0.003921509 0.9999846
vn -0.003921509 0.003921509 0.9999846
vn -0.22352767 0.003921509 0.9746897
vn -0.22352767 0.003921509 0.9746897
vn 0.22352773 0.003921509 0.97468966
vn 0.22352773 0.003921509 0.97468966
vn -0.003921509 0.003921509 0.9999846
vn -0.003921509 0.003921509 0.9999846
vn 0.9999924 0.003921509 -0
vn 0.9999924 0.003921509 -0
vn 0.9999924 0.003921509 -0
vn 0.9999924 0.003921509 -0
vn 0.83528775 0.003921509 0.549799
vn 0.83528775 0.003921509 0.549799
vn 0.6470539 0.003921509 0.7624342
vn 0.6470539 0.003921509 0.7624342
vn 0.6470539 0.003921509 0.7624342
vn 0.6470539 0.003921509 0.7624342
vn 0.22352773 0.003921509 0.97468966
vn 0.22352773 0.003921509 0.97468966
vn 0.9999924 0.003921509 -0
vn 0.9999924 0.003921509 -0
vn 0.960777 0.003921509 0.27729443
vn 0.960777 0.003921509 0.27729443
vn 0.960777 0.003921509 0.27729443
vn 0.960777 0.003921509 0.27729443
vn 0.83528775 0.003921509 0.549799
vn 0.83528775 0.003921509 0.549799
vn 0.94509083 0.003921509 0.32678422
vn 0.94509083 0.003921509 0.32678422
vn 0.79607236 0.003921509 0.6051888
vn 0.79607236 0.003921509 0.6051888
vn 0.79607236 0.003921509 0.6051888
vn 0.79607236 0.003921509 0.6051888
vn 0.6862693 0.003921509 0.727337
vn 0.6862693 0.003921509 0.727337
vn 0.6862693 0.003921509 -0.727337
vn 0.6862693 0.003921509 -0.727337
vn 0.79607236 0.003921509 -0.6051888
vn 0.79607236 0.003921509 -0.6051888
vn 0.79607236 0.003921509 -0.6051888
vn 0.79607236 0.003921509 -0.6051888
vn 0.94509083 0.003921509 -0.32678422
vn 0.94509083 0.003921509 -0.32678422
vn 0.94509083 0.003921509 -0.32678422
vn 0.94509083 0.003921509 -0.32678422
vn 0.9999924 0.003921509 -0
vn 0.9999924 0.003921509 -0
vn 0.9999924 0.003921509 -0
vn 0.9999924 0.003921509 -0
vn 0.94509083 0.003921509 0.32678422
vn 0.94509083 0.003921509 0.32678422
vn 0.9999924 0.003921509 -0
vn 0.9999924 0.003921509 -0
vn 0.9999924 0.003921509 -0
vn 0.9999924 0.003921509 -0
vn 0.960777 0.003921509 -0.27729443
vn 0.960777 0.003921509 -0.27729443
vn 0.9999924 0.003921509 -0
vn 0.9999924 0.003921509 -0
vn 0.83528775 0.003921509 -0.549799
vn 0.83528775 0.003921509 -0.549799
vn 0.960777 0.003921509 -0.27729443
vn 0.960777 0.003921509 -0.27729443
vn 0.6470539 0.003921509 -0.7624342
vn 0.6470539 0.003921509 -0.7624342
vn 0.83528775 0.003921509 -0.549799
vn 0.83528775 0.003921509 -0.549799
vn 0.22352773 0.003921509 -0.97468966
vn 0.22352773 0.003921509 -0.97468966
vn 0.6470539 0.003921509 -0.7624342
vn 0.6470539 0.003921509 -0.7624342
vn -0.99999225 0.003921509 -0.00034492963
vn -0.99999225 0.003921509 -0.00034492963
vn -0.99999225 0.003921509 -0.00034492963
vn -0.99999225 0.003921509 -0.00034492963
vn -0.9450908 0.003921509 -0.3267844
vn -0.9450908 0.003921509 -0.3267844
vn -0.79607224 0.003921509 -0.6051889
vn -0.79607224 0.003921509 -0.6051889
vn -0.79607224 0.003921509 -0.6051889
vn -0.79607224 0.003921509 -0.6051889
vn -0.68626916 0.003921509 -0.72733706
vn -0.68626916 0.003921509 -0.72733706
vn -0.68626916 0.003921509 0.72733706
vn -0.68626916 0.003921509 0.72733706
vn -0.79607224 0.003921509 0.6051889
vn -0.79607224 0.003921509 0.6051889
vn -0.79607224 0.003921509 0.6051889
vn -0.79607224 0.003921509 0.6051889
vn -0.9450908 0.003921509 0.3267844
vn -0.9450908 0.003921509 0.3267844
vn -0.9450908 0.003921509 0.3267844
vn -0.9450908 0.003921509 0.3267844
vn -0.99999225 0.003921509 -0.00034492963
vn -0.99999225 0.003921509 -0.00034492963
vn -0.99999225 0.003921509 -0.00034492963
vn -0.99999225 0.003921509 -0.00034492963
vn -0.9450908 0.003921509 -0.3267844
vn -0.9450908 0.003921509 -0.3267844
vn -0.99999225 0.003921509 -0.00034492963
vn -0.99999225 0.003921509 -0.00034492963
vn -0.99999225 0.003921509 -0.00034492963
vn -0.99999225 0.003921509 -0.00034492963
vn -0.99999225 0.003921509 -0.00034492963
vn -0.99999225 0.003921509 -0.00034492963
vn -0.9607769 0.003921509 -0.27729464
vn -0.9607769 0.003921509 -0.27729464
vn -0.64705384 0.003921509 -0.76243424
vn -0.64705384 0.003921509 -0.76243424
vn -0.22352767 0.003921509 -0.9746897
vn -0.22352767 0.003921509 -0.9746897
vn -0.8352877 0.003921509 -0.54979914
vn -0.8352877 0.003921509 -0.54979914
vn -0.64705384 0.003921509 -0.76243424
vn -0.64705384 0.003921509 -0.76243424
vn -0.9607769 0.003921509 -0.27729464
vn -0.9607769 0.003921509 -0.27729464
vn -0.8352877 0.003921509 -0.54979914
vn -0.8352877 0.003921509 -0.54979914
vn -0.003921509 0.003921509 -0.9999846
vn -0.003921509 0.003921509 -0.9999846
vn 0.22352773 0.003921509 -0.97468966
vn 0.22352773 0.003921509 -0.97468966
vn -0.22352767 0.003921509 -0.9746897
vn -0.22352767 0.003921509 -0.9746897
vn -0.003921509 0.003921509 -0.9999846
vn -0.003921509 0.003921509 -0.9999846
vn -0.262743 -0.0039215684 -0.9648579
vn -0.33333075 -0.17646927 -0.9261475
vn -0.34117377 -0.0039215684 -0.9399921
vn -0.4039184 -0.0039215684 -0.91478664
vn -0.45097685 -0.0039215684 -0.89252704
vn -0.4980353 -0.011764646 -0.86707693
vn -0.48234916 -0.1999985 -0.8528422
vn -0.5294076 -0.0039215684 -0.8483585
vn -0.5607799 -0.0039215684 -0.8279556
vn -0.56862307 -0.0039215684 -0.82258886
vn -0.5843092 -0.0039215684 -0.81152165
vn -0.6078384 -0.0039215684 -0.7940511
vn -0.6313677 -0.0039215684 -0.7754737
vn -0.64705384 -0.0039215684 -0.76243424
vn -0.7019553 -0.0039215684 -0.71221024
vn -0.7568569 0.003921509 -0.6535688
vn -0.7725431 0.11372459 -0.62469506
vn -0.8352877 0.003921509 -0.54979914
vn -0.8901892 -0.098038495 -0.4449176
vn -0.9058753 -0.0039215684 -0.4235263
vn -0.9607769 -0.0039215684 -0.27729464
vn -0.99214923 -0.0039215684 -0.124998085
vn -0.99214923 -0.10588157 0.06655069
vn -0.99999225 -0.0039215684 -0.00034425134
vn -0.99214923 -0.0039215684 0.124998085
vn -0.7254846 -0.59215236 0.350753
vn -0.9607769 -0.0039215684 0.27729464
vn -0.91371846 -0.0039215684 0.40632892
vn -0.8431307 -0.0039215684 0.5376944
vn -0.7568569 0.003921509 0.6535688
vn -0.7725431 -0.29411542 0.56273735
vn -0.670583 -0.5372508 0.5115467
vn -0.6392107 -0.62352467 0.4501407
vn -0.6313677 -0.7097985 0.31234747
vn -0.70710677 -0.7071068 -0
vn -0.70710677 -0.7071068 -0
vn -0.64705384 -0.7097985 -0.27840158
vn -0.6392107 -0.7097985 -0.29596582
vn -0.5843092 -0.70195544 -0.4072362
vn -0.48234916 -0.18431234 0.85636926
vn -0.7019553 -0.0039215684 0.71221024
vn -0.64705384 -0.0039215684 0.76243424
vn -0.6313677 -0.0039215684 0.7754737
vn -0.6078384 -0.0039215684 0.7940511
vn -0.5843092 -0.0039215684 0.81152165
vn -0.56862307 -0.0039215684 0.82258886
vn -0.5607799 -0.0039215684 0.8279556
vn -0.5294076 -0.0039215684 0.8483585
vn -0.4980353 -0.0039215684 0.86714786
vn -0.0901953 -0.42744774 0.89952946
vn -0.45882 -0.0039215684 0.8885206
vn -0.41176152 -0.0039215684 0.9112832
vn -0.34117377 0.003921509 0.9399921
vn -0.25489998 -0.011764646 0.9668959
vn -0.043136835 -0.3411739 0.9390099
vn -0.16078305 -0.011764646 0.98691964
vn -0.02745068 -0.5137216 0.8575177
vn -0.10588145 -0.62352467 0.7746006
vn 0.15294003 -0.24705696 0.95685536
vn -0.066666126 -0.0039215684 0.9977676
vn 0.05098003 -0.0039215684 0.998692
vn 0.17646927 -0.011764646 0.9842358
vn 0.3725462 -0.29411542 0.88017356
vn 0.3019585 -0.0039215684 0.953313
vn 0.42744774 -0.019607723 0.90382737
vn 0.5843093 -0.22352773 0.78013974
vn 0.6156816 -0.011764646 0.7879072
vn 0.76470006 0.003921509 0.6443745
vn 0.70195544 0.15293992 0.6956062
vn 0.93724775 -0.011764646 0.34846556
vn 0.6705831 -0.5843093 0.4570568
vn 0.8117585 -0.52940774 0.24652703
vn 0.9999924 -0.0039215684 -0
vn 0.38038927 -0.87450314 0.3009124
vn 0.098038495 -0.9921493 0.07764171
vn 0.6705831 -0.70195544 0.23995167
vn 0.043097205 -0.9990709 -0
vn -0.003921509 -0.9999924 -0
vn 0.4039185 -0.8274447 0.39010915
vn 0.32548773 -0.94509083 -0.029343631
vn 0.0039215684 -0.9999924 -0
vn -0.003921509 -0.9999924 -0
vn 0.6784262 -0.73332775 -0.0443658
vn 0.654897 -0.7411708 -0.1475662
vn 0.66274005 -0.69411236 0.2810403
vn 0.66274005 -0.73332775 -0.15167756
vn 0.654897 -0.7490139 0.100439765
vn 0.6078385 -0.66274005 0.43738773
vn 0.4431339 -0.7882293 0.42699763
vn 0.6078385 -0.7882293 0.09605716
vn 0.6078385 -0.7882293 0.09605716
vn 0.39607543 -0.8509739 0.34491697
vn 0.94509083 0.003921509 -0.32678422
vn 0.7882293 -0.41960466 -0.45014057
vn 0.76470006 0.003921509 -0.6443745
vn 0.93724775 0.30980146 -0.15996784
vn 0.70195544 0.15293992 -0.6956062
vn 0.59999543 -0.19215542 -0.7765834
vn 0.6156816 -0.011764646 -0.7879072
vn 0.41960466 -0.0039215684 -0.9076985
vn 0.29411542 -0.0039215684 -0.95576185
vn 0.5372508 -0.42744774 -0.72708315
vn 0.16862619 -0.0039215684 -0.98567224
vn 0.043136954 -0.0039215684 -0.99906147
vn -0.050979972 -0.019607723 -0.9985072
vn 0.52940774 -0.62352467 -0.5752777
vn 0.16078311 -0.39607543 -0.9040316
vn 0.6862693 -0.62352467 -0.37450165
vn 0.62352467 -0.62352467 -0.4716291
vn 0.11372465 -0.52156466 -0.8455986
vn 0.066666186 -0.49019235 -0.86906105
vn 0.18431234 -0.69411236 -0.69587135
vn 0.25490004 -0.7176416 -0.64808685
vn 0.21568465 -0.7803862 -0.58692205
vn 0.66274005 -0.70195544 -0.26083368
vn 0.66274005 -0.7411708 0.106964804
vn 0.38038927 -0.8823462 -0.27707252
vn 0.66274005 -0.7411708 0.106964804
vn 0.654897 -0.7411708 0.1475662
vn 0.66274005 -0.7411708 0.106964804
vn 0.5764662 -0.7097985 -0.40481204
vn 0.6459422 -0.76338625 -0
vn 0.59215236 -0.77254313 -0.22920007
vn 0.615568 -0.78808385 -0
vn 0.62352467 -0.7411708 -0.24876265
vn 0.6470539 -0.72548467 -0.23450631
vn 0.066519044 -0.9977852 -0
vn 0.027440673 -0.9996234 -0
vn 0.16862619 -0.960777 -0.22016531
vn 0.0039215684 -0.9999924 -0
vn 0.019604106 -0.9998079 -0
vn 0.0039215684 -0.9999924 -0
vn -0.85097384 -0.46666312 0.24097517
vn -0.85097384 -0.46666312 0.24097517
vn -0.85097384 -0.46666312 0.24097517
vn -0.85881686 -0.45882004 0.2278547
vn 0.858817 0.45882 -0.2278544
vn 0.858817 0.45882 -0.2278544
vn 0.858817 0.45882 -0.2278544
vn 0.8509739 0.466663 -0.24097528
vn 0.6470539 -0.7411708 -0.1788493
vn 0.6470539 -0.7411708 -0.1788493
vn 0.6470539 -0.7411708 -0.1788493
vn 0.63136774 -0.7411708 -0.22812404
vn 0.63136774 -0.7411708 -0.22812404
vn 0.62352467 -0.7411708 -0.24876265
vn 0.62352467 -0.7411708 -0.24876265
vn 0.05882311 -0.7411708 -0.6687344
vn 0.11372465 -0.7411708 -0.6616136
vn 0.098038495 -0.7411708 -0.6641192
vn 0.043136954 -0.7411708 -0.66992915
vn -0.05882299 -0.7411708 -0.6687344
vn -0.043136835 -0.7411708 -0.66992915
vn -0.098038435 -0.7411708 -0.6641192
vn -0.11372459 -0.7411708 -0.66161364
vn 0.0039215684 -0.9999924 -0
vn 0.0039215684 -0.9999924 -0
vn 0.0039215684 -0.9999924 -0
vn -0.003921509 -0.9999924 -0
vn -0.003921509 -0.9999924 -0
vn -0.003921509 -0.9999924 -0
vn -0.003921509 -0.9999924 -0
vn -0.003921509 -0.9999924 -0
vn 0.23921388 -0.46666312 0.85147065
vn 0.23921388 -0.46666312 0.85147065
vn 0.23921388 -0.46666312 0.85147065
vn 0.2313708 -0.45882004 0.85787624
vn -0.23137069 0.45882 -0.8578763
vn -0.23137069 0.45882 -0.8578763
vn -0.23137069 0.45882 -0.8578763
vn -0.23921382 0.466663 -0.8514707
vn -0.23921382 -0.46666312 -0.85147065
vn -0.23921382 -0.46666312 -0.85147065
vn -0.23921382 -0.46666312 -0.85147065
vn -0.23137069 -0.45882004 -0.8578763
vn 0.2313708 0.45882 0.8578763
vn 0.2313708 0.45882 0.8578763
vn 0.2313708 0.45882 0.8578763
vn 0.23921388 0.466663 0.8514707
vn 0.19215542 -0.7411708 0.6432279
vn 0.18431234 -0.7411708 0.64551896
vn 0.17646927 -0.7411708 0.64770705
vn 0.22352773 -0.7411708 0.6330096
vn 0.2313708 -0.7411708 0.6301852
vn 0.24705696 -0.7411708 0.62420243
vn 0.24705696 -0.7411708 0.62420243
vn -0.9450908 0.003921509 0.3267844
vn -0.7882292 -0.41960466 0.45014068
vn -0.76469994 0.003921509 0.6443746
vn -0.93724763 0.30980146 0.15996858
vn -0.99999225 0.003921509 -0.00034492963
vn -0.7019553 0.15293992 0.6956063
vn -0.5999954 -0.19215542 0.7765835
vn -0.6156815 -0.011764646 0.7879073
vn -0.41960454 -0.0039215684 0.9076986
vn -0.2941153 -0.0039215684 0.9557619
vn -0.53725076 -0.42744774 0.72708327
vn -0.16862607 -0.0039215684 0.9856723
vn -0.043136835 -0.0039215684 0.99906147
vn 0.05098003 -0.019607723 0.9985072
vn -0.5294076 -0.62352467 0.5752778
vn -0.16078305 -0.39607543 0.9040316
vn -0.68626916 -0.62352467 0.37450182
vn -0.62352455 -0.62352467 0.47162923
vn -0.10588145 -0.52156466 0.84661645
vn -0.066666126 -0.49019235 0.86906105
vn -0.1764692 -0.70195544 0.69001245
vn -0.25489998 -0.72548467 0.6392949
vn -0.18431222 -0.80391544 0.5654635
vn -0.66274 -0.70195544 0.26083377
vn -0.66274 -0.7411708 -0.10696508
vn -0.3803892 -0.8823462 0.2770726
vn -0.66274 -0.7411708 -0.10696508
vn -0.65489686 -0.7411708 -0.1475668
vn -0.66274 -0.7411708 -0.10696508
vn -0.5764661 -0.7097985 0.4048122
vn -0.64705384 -0.756857 -0.09213519
vn -0.59215224 -0.77254313 0.22920047
vn -0.62352455 -0.7803862 -0.04705838
vn -0.62352455 -0.7411708 0.24876289
vn -0.64705384 -0.72548467 0.23450658
vn -0.066518985 -0.9977852 -0
vn -0.027440554 -0.9996234 -0
vn -0.16862607 -0.960777 0.22016545
vn -0.003921509 -0.9999924 -0
vn -0.019604046 -0.9998079 -0
vn -0.003921509 -0.9999924 -0
vn 0.26274312 -0.0039215684 0.9648579
vn 0.34901696 -0.17646927 0.9203509
vn 0.3411739 -0.0039215684 0.939992
vn 0.4039185 -0.0039215684 0.9147866
vn 0.45097697 -0.0039215684 0.892527
vn 0.49803543 -0.011764646 0.8670769
vn 0.5686231 -0.1294108 0.812355
vn 0.52940774 -0.0039215684 0.84835845
vn 0.56078005 -0.0039215684 0.82795554
vn 0.5686231 -0.0039215684 0.8225888
vn 0.5843093 -0.0039215684 0.8115216
vn 0.6078385 -0.0039215684 0.794051
vn 0.63136774 -0.0039215684 0.77547365
vn 0.6470539 -0.0039215684 0.7624342
vn 0.70195544 -0.0039215684 0.71221006
vn 0.756857 0.003921509 0.6535688
vn 0.8901893 -0.15294003 0.4291531
vn 0.8431308 -0.0039215684 0.53769416
vn 0.9137185 -0.0039215684 0.40632877
vn 0.960777 -0.0039215684 0.27729443
vn 0.9921493 -0.0039215684 0.12499761
vn 0.9921493 -0.10588157 0.06654979
vn 0.9999924 -0.0039215684 -0
vn 0.9921493 -0.0039215684 -0.12499761
vn 0.89803237 -0.121567726 -0.4227992
vn 0.960777 -0.0039215684 -0.27729443
vn 0.90587544 -0.0039215684 -0.42352602
vn 0.8431308 -0.0039215684 -0.53769416
vn 0.756857 0.003921509 -0.6535688
vn 0.6705831 -0.5450939 -0.50318074
vn 0.70195544 -0.0039215684 -0.71221006
vn 0.6470539 -0.0039215684 -0.7624342
vn 0.63136774 -0.011764646 -0.7753943
vn 0.6705831 -0.26274312 -0.69374657
vn 0.6078385 -0.0039215684 -0.794051
vn 0.5843093 -0.0039215684 -0.8115216
vn 0.5686231 -0.0039215684 -0.8225888
vn 0.56078005 -0.0039215684 -0.82795554
vn 0.52940774 -0.0039215684 -0.84835845
vn 0.49803543 -0.0039215684 -0.8671478
vn 0.45882004 -0.0039215684 -0.88852054
vn 0.05098003 -0.49803543 -0.86565685
vn 0.41176158 -0.0039215684 -0.91128314
vn 0.3411739 -0.0039215684 -0.939992
vn 0.25490004 -0.019607723 -0.9667686
vn 0.69411236 -0.59215236 -0.40934536
vn 0.80391544 -0.46666312 -0.36870787
vn 0.8509739 -0.4745062 -0.22513843
vn 0.6392108 -0.70195544 -0.31411484
vn 0.6392108 -0.7097985 -0.2959656
vn 0.70710677 -0.70710677 -0
vn 0.70710677 -0.70710677 -0
vn 0.63136774 -0.70195544 0.32959569
vn 0.63136774 -0.7176416 0.29387972
vn 0.63136774 -0.59215236 0.5007298
vn 0.6784262 -0.5686231 0.4651942
vn 0.858817 -0.46666312 0.21132663
vn -0.003921509 -0.52940774 -0.84835845
vn -0.011764526 -0.5372508 -0.84334046
vn -0.10588145 -0.45097697 -0.886233
vn -0.1764692 -0.39607543 -0.90110093
vn -0.34117377 -0.39607543 -0.85248154
vn 0.05882311 -0.019607723 -0.99807584
vn -0.39607537 -0.3333308 -0.85557866
vn -0.043136835 -0.0039215684 -0.99906147
vn -0.1764692 -0.011764646 -0.9842358
vn -0.4039184 -0.29411542 -0.8662252
vn -0.30195844 -0.0039215684 -0.95331305
vn -0.42744768 -0.019607723 -0.9038274
vn -0.5843092 -0.22352773 -0.7801398
vn -0.6156815 -0.011764646 -0.7879073
vn -0.76469994 0.003921509 -0.6443746
vn -0.7019553 0.15293992 -0.6956063
vn -0.93724763 -0.011764646 -0.3484659
vn -0.670583 -0.5843093 -0.45705697
vn -0.8117584 -0.52940774 -0.24652739
vn -0.3803892 -0.87450314 -0.3009125
vn -0.098038435 -0.9921493 -0.07764171
vn -0.68626916 -0.7097985 -0.15881024
vn -0.043097086 -0.9990709 -0
vn 0.0039215684 -0.9999924 -0
vn -0.38823223 -0.8431308 -0.3720297
vn -0.41176152 -0.90587544 0.09920735
vn -0.6941123 -0.6705831 -0.26177552
vn -0.003921509 -0.9999924 -0
vn 0.0039215684 -0.9999924 -0
vn -0.66274 -0.7411708 0.10696508
vn -0.65489686 -0.7411708 0.1475668
vn -0.6392107 -0.7490139 -0.17432119
vn -0.66274 -0.7411708 0.10696508
vn -0.59215224 -0.77254313 -0.22920047
vn -0.6459423 -0.76338637 -0
vn -0.66274 -0.7411708 0.10696508
vn -0.6155679 -0.78808385 -0
vn -0.47450614 -0.7803862 -0.40723616
vn -0.4352907 -0.756857 -0.48753417
vn -0.16078305 -0.9843062 -0.072733015
vn 0.8509739 -0.46666312 -0.24097505
vn 0.8509739 -0.46666312 -0.24097505
vn 0.8509739 -0.46666312 -0.24097505
vn 0.858817 -0.45882004 -0.2278543
vn -0.85881686 0.45882 0.22785479
vn -0.85881686 0.45882 0.22785479
vn -0.85881686 0.45882 0.22785479
vn -0.85097384 0.466663 0.2409754
vn -0.64705384 -0.7411708 0.17884964
vn -0.64705384 -0.7411708 0.17884964
vn -0.64705384 -0.7411708 0.17884964
vn -0.6313677 -0.7411708 0.2281243
vn -0.6313677 -0.7411708 0.2281243
vn -0.62352455 -0.7411708 0.24876289
vn -0.62352455 -0.7411708 0.24876289
vn -0.003921509 -0.9999924 -0
vn -0.003921509 -0.9999924 -0
vn 0.0039215684 -0.9999924 -0
vn 0.011763922 -0.99993086 -0
vn 0.035272185 -0.9993777 -0
vn 0.0039215684 -0.9999924 -0
vn 0.098038495 -0.9921493 0.07764171
vn 0.0039215684 -0.9999924 -0
vn 0.027440673 -0.9996234 -0
vn 0.0039215684 -0.9999924 -0
vn 0.0039215684 -0.9999924 -0
vn 0.011763922 -0.99993086 -0
vn 0.14509696 -0.97646314 0.15958264
vn 0.26274312 -0.960777 0.08873361
vn 0.2705862 -0.960777 -0.0607508
vn 0.17646927 -0.97646314 -0.1240095
vn 0.16078311 -0.97646314 -0.14376566
vn 0.4431339 -0.8901893 -0.105808415
vn 0.37206584 -0.9282063 -0
vn -0.003921509 -0.9999924 -0
vn -0.003921509 -0.9999924 -0
vn -0.003921509 -0.9999924 -0
vn 0.0039215684 -0.9999924 -0
vn 0.0039215684 -0.9999924 -0
vn 0.0039215684 -0.9999924 -0
vn -0.003921509 -0.9999924 -0
vn -0.003921509 -0.9999924 -0
vn 0.3333308 0.003921509 -0.9428018
vn 0.41176158 0.003921509 -0.91128314
vn 0.38823235 0.019607663 -0.9213529
vn 0.24705696 0.019607663 -0.9688026
vn 0.16078311 0.003921509 -0.986982
vn 0.45882004 0.035293818 -0.88782793
vn -0.003921509 0.019607663 -0.9998001
vn -0.003921509 0.003921509 -0.9999846
vn -0.16078305 0.003921509 -0.986982
vn -0.262743 0.019607663 -0.9646666
vn 0.49019235 0.003921509 -0.87160546
vn 0.5686231 0.003921509 -0.8225888
vn 0.6156816 0.13725376 -0.7759495
vn 0.7097985 0.011764526 -0.70430654
vn 0.7803862 0.13725376 -0.6100482
vn -0.34117377 0.003921509 -0.9399921
vn 0.90587544 0.02745068 -0.42265368
vn 0.8196016 -0.0039215684 -0.57292044
vn 0.87450314 0.003921509 -0.485004
vn 0.9215616 0.019607663 -0.38773674
vn -0.41176152 0.02745068 -0.9108781
vn 0.93724775 0.003921509 -0.34864205
vn 0.9137185 0.003921509 -0.40632877
vn 0.96862006 0.019607663 -0.24777144
vn 0.9843062 0.003921509 -0.17642535
vn 0.9998079 0.019604046 -0
vn 0.9999924 0.003921509 -0
vn 0.9843062 0.003921509 0.17642535
vn 0.96862006 0.019607663 0.24777144
vn 0.94509083 0.003921509 0.32678422
vn 0.9215616 0.019607663 0.38773674
vn 0.9137185 0.003921509 0.40632877
vn 0.8823462 0.035293818 0.46927553
vn 0.8274447 0.003921509 0.5615336
vn 0.7803862 0.13725376 0.6100482
vn 0.7097985 0.011764526 0.70430654
vn 0.6156816 0.13725376 0.7759495
vn 0.41176158 0.02745068 0.91087806
vn 0.56078005 -0.0039215684 0.82795554
vn 0.38823235 0.019607663 0.9213529
vn 0.3411739 0.003921509 0.939992
vn 0.41176158 0.003921509 0.91128314
vn 0.26274312 0.019607663 0.9646666
vn 0.16078311 0.003921509 0.986982
vn -0.003921509 0.019607663 0.9998001
vn -0.003921509 0.003921509 0.9999846
vn -0.16078305 0.003921509 0.986982
vn -0.24705684 0.019607663 0.96880263
vn -0.33333075 0.003921509 0.94280183
vn -0.38823223 0.019607663 0.9213529
vn -0.41176152 0.003921509 0.9112832
vn -0.45882 0.035293818 0.887828
vn -0.5607799 -0.0039215684 0.8279556
vn -0.6156815 0.13725376 0.77594954
vn -0.70979846 0.011764526 0.70430654
vn -0.7803861 0.13725376 0.6100483
vn -0.9058753 0.02745068 0.42265394
vn -0.82744455 -0.0039215684 0.56153375
vn -0.9215615 0.019607663 0.38773695
vn -0.93724763 0.003921509 0.34864238
vn -0.91371846 -0.0039215684 0.40632892
vn -0.96861994 0.019607663 0.24777192
vn -0.9843061 0.003921509 0.17642602
vn -0.9998079 0.019604048 -0
vn -0.99999225 0.003921509 -0.00034492963
vn -0.9843061 0.003921509 -0.17642602
vn -0.96861994 0.019607663 -0.24777192
vn -0.9450908 0.003921509 -0.3267844
vn -0.9215615 0.019607663 -0.38773695
vn -0.91371846 0.003921509 -0.40632892
vn -0.88234615 0.035293818 -0.46927565
vn -0.82744455 -0.0039215684 -0.56153375
vn -0.7803861 0.13725376 -0.6100483
vn -0.70979846 0.011764526 -0.70430654
vn -0.6156815 0.13725376 -0.77594954
vn -0.5607799 -0.0039215684 -0.8279556
vn -0.38823223 0.019607663 -0.9213529
vn -0.41176152 -0.0039215684 -0.9112832
vn -0.003921509 -0.9999924 -0
vn -0.003921509 -0.9999924 -0
vn -0.003921509 -0.9999924 -0
vn -0.003921509 -0.9999924 -0
vn -0.003921509 -0.9999924 -0
vn -0.003921509 -0.9999924 -0
vn -0.003921509 -0.9999924 -0
vn -0.003921509 -0.9999924 -0
vn -0.003921509 -0.9999924 -0
vn -0.003921509 -0.9999924 -0
vn -0.003921509 -0.9999924 -0
vn -0.003921509 -0.9999924 -0
vn -0.003921509 -0.9999924 -0
vn -0.003921509 -0.9999924 -0
vn -0.003921509 -0.9999924 -0
vn -0.003921509 -0.9999924 -0
vn -0.003921509 -0.9999924 -0
vn -0.003921509 -0.9999924 -0
vn -0.003921509 -0.9999924 -0
vn 0.0039215684 -0.9999924 -0
vn -0.003921509 -0.9999924 -0
vn -0.003921509 -0.9999924 -0
vn 0.0039215684 -0.9999924 -0
vn -0.003921509 -0.9999924 -0
vn 0.0039215684 -0.9999924 -0
vn -0.003921509 -0.9999924 -0
vn -0.003921509 -0.9999924 -0
vn -0.003921509 -0.9999924 -0
vn -0.003921509 -0.9999924 -0
vn -0.003921509 -0.9999924 -0
vn -0.003921509 -0.9999924 -0
vn -0.019604046 -0.9998079 -0
vn -0.003921509 -0.9999924 -0
vn -0.003921509 -0.9999924 -0
vn -0.003921509 -0.9999924 -0
vn -0.003921509 -0.9999924 -0
vn -0.003921509 -0.9999924 -0
vn -0.003921509 -0.9999924 -0
vn -0.003921509 -0.9999924 -0
vn -0.41176152 -0.69411236 -0.5904748
vn -0.41176152 -0.69411236 -0.5904748
vn -0.45882 -0.7097985 -0.53448135
vn -0.45882 -0.7097985 -0.53448135
vn -0.53725076 -0.7097985 -0.45557407
vn -0.5450938 -0.7097985 -0.4461601
vn -0.5764661 -0.7097985 -0.4048122
vn -0.5764661 -0.7097985 -0.4048122
vn -0.05882299 -0.7411708 0.6687344
vn -0.11372459 -0.7411708 0.66161364
vn -0.098038435 -0.7411708 0.6641192
vn -0.043136835 -0.7411708 0.66992915
vn 0.05882311 -0.7411708 0.6687344
vn 0.043136954 -0.7411708 0.66992915
vn 0.098038495 -0.7411708 0.6641192
vn 0.11372465 -0.7411708 0.6616136
vn -0.003921509 -0.9999924 -0
vn -0.003921509 -0.9999924 -0
vn -0.003921509 -0.9999924 -0
vn -0.003921509 -0.9999924 -0
vn 0.0039215684 -0.9999924 -0
vn -0.003921509 -0.9999924 -0
vn -0.003921509 -0.9999924 -0
vn -0.003921509 -0.9999924 -0
vn 0.0039215684 -0.9999924 -0
vn 0.0039215684 -0.9999924 -0
vn 0.0039215684 -0.9999924 -0
vn 0.41176158 -0.69411236 0.5904747
vn 0.41176158 -0.69411236 0.5904747
vn 0.45882004 -0.7097985 0.5344813
vn 0.45882004 -0.7097985 0.5344813
vn 0.5372508 -0.7097985 0.45557392
vn 0.5372508 -0.7097985 0.45557392
vn 0.5843093 -0.69411236 0.42046487
vn 0.5843093 -0.69411236 0.42046487
vn -0.003921509 -0.9999924 -0
vn -0.003921509 -0.9999924 -0
vn -0.003921509 -0.9999924 -0
vn -0.003921509 -0.9999924 -0
vn 0.0039215684 -0.9999924 -0
vn -0.003921509 -0.9999924 -0
vn -0.003921509 -0.9999924 -0
vn -0.003921509 -0.9999924 -0
vn -0.003921509 -0.9999924 -0
vn 0.0039215684 -0.9999924 -0
vn -0.003921509 -0.9999924 -0
vn -0.003921509 -0.9999924 -0
vn -0.003921509 -0.9999924 -0
vn -0.003921509 -0.9999924 -0
vn -0.003921509 -0.9999924 -0
vn -0.003921509 -0.9999924 -0
vn 0.0039215684 -0.9999924 -0
vn 0.0039215684 -0.9999924 -0
vn 0.0039215684 -0.9999924 -0
vn -0.003921509 -0.9999924 -0
vn 0.0039215684 -0.9999924 -0
vn 0.0039215684 -0.9999924 -0
vn -0.003921509 -0.9999924 -0
vn -0.003921509 -0.9999924 -0
vn -0.003921509 -0.9999924 -0
vn -0.003921509 -0.9999924 -0
vn -0.003921509 -0.9999924 -0
vn -0.003921509 -0.9999924 -0
vn -0.003921509 -0.9999924 -0
vn -0.003921509 -0.9999924 -0
vn -0.003921509 -0.9999924 -0
vn 0.0039215684 -0.9999924 -0
vn 0.0039215684 -0.9999924 -0
vn 0.0039215684 -0.9999924 -0
vn 0.0039215684 -0.9999924 -0
vn 0.0039215684 -0.9999924 -0
vn 0.0039215684 -0.9999924 -0
vn -0.003921509 -0.9999924 -0
vn 0.0039215684 -0.9999924 -0
vn 0.0039215684 -0.9999924 -0
vn 0.0039215684 -0.9999924 -0
vn 0.0039215684 -0.9999924 -0
vn -0.003921509 -0.9999924 -0
vn -0.003921509 -0.9999924 -0
vn -0.003921509 -0.9999924 -0
vn -0.003921509 -0.9999924 -0
vn -0.003921509 -0.9999924 -0
vn -0.19215536 -0.7411708 -0.6432279
vn -0.18431222 -0.7411708 -0.645519
vn -0.1764692 -0.7411708 -0.64770705
vn -0.22352767 -0.7411708 -0.6330097
vn -0.23137069 -0.7411708 -0.63018525
vn -0.24705684 -0.7411708 -0.6242025
vn -0.24705684 -0.7411708 -0.6242025
vn -0.262743 -0.0039215684 0.9648579
vn -0.27842915 -0.0039215684 0.96044874
vn -0.27842915 -0.0039215684 0.96044874
vn -0.262743 -0.0039215684 0.9648579
vn -0.003921509 -0.9999924 -0
vn -0.003921509 -0.9999924 -0
vn -0.003921509 -0.9999924 -0
vn -0.003921509 -0.9999924 -0
vn 0.0039215684 -0.9999924 -0
vn 0.0039215684 -0.9999924 -0
vn 0.0039215684 -0.9999924 -0
vn 0.0039215684 -0.9999924 -0
vn -0.59215224 -0.69411236 0.40934557
vn -0.59215224 -0.69411236 0.40934557
vn -0.5450938 -0.7097985 0.4461601
vn -0.53725076 -0.7097985 0.45557407
vn -0.45882 -0.7097985 0.53448135
vn -0.45882 -0.7097985 0.53448135
vn -0.4039184 -0.7097985 0.5770927
vn -0.4039184 -0.7097985 0.5770927
vn -0.003921509 -0.9999924 -0
vn -0.003921509 -0.9999924 -0
vn -0.003921509 -0.9999924 -0
vn -0.003921509 -0.9999924 -0
vn -0.003921509 -0.9999924 -0
vn -0.003921509 -0.9999924 -0
vn -0.003921509 -0.9999924 -0
vn -0.003921509 -0.9999924 -0
vn -0.003921509 -0.9999924 -0
vn -0.003921509 -0.9999924 -0
vn -0.003921509 -0.9999924 -0
vn -0.003921509 -0.9999924 -0
vn -0.003921509 -0.9999924 -0
vn -0.003921509 -0.9999924 -0
vn -0.003921509 -0.9999924 -0
vn -0.003921509 -0.9999924 -0
vn -0.003921509 -0.9999924 -0
vn -0.003921509 -0.9999924 -0
vn -0.003921509 -0.9999924 -0
vn -0.003921509 -0.9999924 -0
vn -0.003921509 -0.9999924 -0
vn -0.003921509 -0.9999924 -0
vn -0.003921509 -0.9999924 -0
vn -0.003921509 -0.9999924 -0
vn -0.003921509 -0.9999924 -0
vn -0.003921509 -0.9999924 -0
vn -0.003921509 -0.9999924 -0
vn -0.003921509 -0.9999924 -0
vn -0.003921509 -0.9999924 -0
vn -0.003921509 -0.9999924 -0
vn -0.003921509 -0.9999924 -0
vn -0.011763803 -0.99993086 -0
vn -0.003921509 -0.9999924 -0
vn -0.003921509 -0.9999924 -0
vn 0.0039215684 -0.9999924 -0
vn 0.0039215684 -0.9999924 -0
vn -0.003921509 -0.9999924 -0
vn 0.0039215684 -0.9999924 -0
vn -0.003921509 -0.9999924 -0
vn 0.86666006 -0.019607723 0.49851367
vn 0.96862006 -0.0039215684 0.24851513
vn 0.9921493 -0.0039215684 0.12499761
vn 0.9921493 -0.019607723 0.123512425
vn 0.960777 -0.0039215684 -0.27729443
vn 0.960777 -0.0274508 -0.2759602
vn 0.8509739 -0.019607723 -0.52484185
vn 0.858817 0.003921509 -0.51226753
vn 0.7803862 -0.0039215684 -0.6252855
vn 0.7882293 -0.035293877 -0.61436874
vn 0.7882293 -0.5137216 -0.33879894
vn 0.5843093 -0.6392108 -0.49999222
vn 0.8509739 -0.52156466 -0.061755516
vn 0.46666312 -0.87450314 -0.13217346
vn 0.29411542 -0.858817 -0.41943955
vn 0.76470006 -0.48234928 0.42728564
vn 0.3725462 -0.86666006 0.3318278
vn -0.035272125 -0.9993777 -0
vn -0.25489998 -0.9294047 -0.26689494
vn -0.39607537 -0.86666006 0.3033556
vn -0.10588145 -0.87450314 0.47332168
vn -0.4980353 -0.654897 0.5683932
vn 0.41960466 -0.49803543 0.7588759
vn -0.34117377 -0.5058785 0.79226726
vn -0.6078384 -0.035293877 0.793276
vn 0.49803543 -0.019607723 0.86693496
vn 0.7097985 -0.0039215684 0.70439386
vn 0.7097985 -0.0039215684 0.70439386
vn 0.035293877 -0.49803543 0.86643815
vn 0.1294108 -0.019607723 0.9913972
vn 0.25490004 -0.0039215684 0.9669595
vn 0.1294108 -0.0039215684 0.9915833
vn -0.262743 -0.0274508 0.96447533
vn -0.262743 -0.0039215684 0.9648579
vn -0.51372147 -0.0039215684 0.85794806
vn -0.62352455 -0.0039215684 0.78179395
vn -0.5215646 -0.019607723 0.85298645
vn -0.003921509 -0.9999924 -0
vn -0.003921509 -0.9999924 -0
vn -0.003921509 -0.9999924 -0
vn -0.003921509 -0.9999924 -0
vn 0.0039215684 -0.9999924 -0
vn 0.0039215684 -0.9999924 -0
vn 0.0039215684 -0.9999924 -0
vn 0.0039215684 -0.9999924 -0
vn 0.0039215684 -0.9999924 -0
vn 0.0039215684 -0.9999924 -0
vn 0.0039215684 -0.9999924 -0
vn -0.003921509 -0.9999924 -0
vn 0.0039215684 -0.9999924 -0
vn -0.003921509 -0.9999924 -0
vn -0.003921509 -0.9999924 -0
vn -0.003921509 -0.9999924 -0
vn -0.9607769 -0.0039215684 -0.27729464
vn -0.9607769 -0.0039215684 -0.27729464
vn -0.9607769 -0.0039215684 -0.27729464
vn -0.96861994 -0.0039215684 -0.2485156
vn 0.960777 -0.0039215684 0.27729443
vn 0.960777 -0.0039215684 0.27729443
vn 0.960777 -0.0039215684 0.27729443
vn 0.96862006 -0.0039215684 0.24851513
vn 0.86666006 0.003921509 -0.49888372
vn 0.86666006 -0.0039215684 -0.49888372
vn 0.86666006 -0.0039215684 -0.49888372
vn 0.86666006 0.003921509 -0.49888372
vn 0.86666006 0.003921509 -0.49888372
vn 0.0039215684 -0.9999924 -0
vn 0.0039215684 -0.9999924 -0
vn -0.003921509 -0.9999924 -0
vn -0.003921509 -0.9999924 -0
vn -0.003921509 -0.9999924 -0
vn -0.003921509 -0.9999924 -0
vn -0.003921509 -0.9999924 -0
vn -0.003921509 -0.9999924 -0
vn -0.003921509 -0.9999924 -0
vn -0.003921509 -0.9999924 -0
vn -0.003921509 -0.9999924 -0
vn -0.003921509 -0.9999924 -0
vn -0.003921509 -0.9999924 -0
vn -0.003921509 -0.9999924 -0
vn -0.003921509 -0.9999924 -0
vn -0.003921509 -0.9999924 -0
vn -0.003921509 -0.9999924 -0
vn 0.0039215684 -0.9999924 -0
vn -0.003921509 -0.9999924 -0
vn -0.003921509 -0.9999924 -0
vn -0.003921509 -0.9999924 -0
vn -0.003921509 -0.9999924 -0
vn -0.003921509 -0.9999924 -0
vn -0.003921509 -0.9999924 -0
vn -0.003921509 -0.9999924 -0
vn -0.003921509 -0.9999924 -0
vn -0.003921509 -0.9999924 -0
vn -0.003921509 -0.9999924 -0
vn -0.003921509 -0.9999924 -0
vn -0.003921509 -0.9999924 -0
vn -0.003921509 -0.9999924 -0
vn -0.003921509 -0.9999924 -0
vn -0.003921509 -0.9999924 -0
vn -0.003921509 -0.9999924 -0
vn -0.003921509 -0.9999924 -0
vn -0.003921509 -0.9999924 -0
vn -0.003921509 -0.9999924 -0
vn -0.003921509 -0.9999924 -0
vn -0.003921509 -0.9999924 -0
vn -0.003921509 -0.9999924 -0
vn -0.003921509 -0.9999924 -0
vn -0.003921509 -0.9999924 -0
vn -0.003921509 -0.9999924 -0
vn -0.003921509 -0.9999924 -0
vn -0.003921509 -0.9999924 -0
vn -0.003921509 -0.9999924 -0
vn -0.003921509 -0.9999924 -0
vn -0.003921509 -0.9999924 -0
vn -0.003921509 -0.9999924 -0
vn -0.003921509 -0.9999924 -0
vn -0.003921509 -0.9999924 -0
vn -0.003921509 -0.9999924 -0
vn -0.003921509 -0.9999924 -0
vn -0.003921509 -0.9999924 -0
vn -0.003921509 -0.9999924 -0
vn -0.003921509 -0.9999924 -0
vn -0.003921509 -0.9999924 -0
vn -0.003921509 -0.9999924 -0
vn -0.003921509 -0.9999924 -0
vn -0.003921509 -0.9999924 -0
vn 0.0039215684 -0.9999924 -0
vn 0.0039215684 -0.9999924 -0
vn -0.003921509 -0.9999924 -0
vn -0.003921509 -0.9999924 -0
vn -0.003921509 -0.9999924 -0
vn -0.003921509 -0.9999924 -0
vn -0.003921509 -0.9999924 -0
vn -0.003921509 -0.9999924 -0
vn -0.003921509 -0.9999924 -0
vn -0.003921509 -0.9999924 -0
vn -0.003921509 -0.9999924 -0
vn -0.003921509 -0.9999924 -0
vn 0.0039215684 -0.9999924 -0
vn -0.003921509 -0.9999924 -0
vn -0.003921509 -0.9999924 -0
vn 0.0039215684 -0.9999924 -0
vn -0.003921509 -0.9999924 -0
vn -0.003921509 -0.9999924 -0
vn -0.003921509 -0.9999924 -0
vn 0.0039215684 -0.9999924 -0
vn 0.2313708 -0.73332775 -0.6392949
vn 0.24705696 -0.7411708 -0.62420243
vn 0.26274312 -0.70195544 -0.6619854
vn 0.19215542 -0.7176416 -0.6693779
vn 0.17646927 -0.7411708 -0.64770705
vn 0.14509696 -0.7411708 -0.6554485
vn 0.15294003 -0.7411708 -0.6536629
vn 0.10588157 -0.70195544 -0.7043065
vn 0.098038495 -0.6784262 -0.72809774
vn 0.3411739 -0.7490139 -0.56795996
vn 0.32548773 -0.76470006 -0.5561399
vn 0.4352908 -0.7097985 -0.5538122
vn 0.46666312 -0.7490139 -0.47032303
vn 0.552937 -0.7097985 -0.4364021
vn -0.003921509 -0.70195544 -0.71221006
vn 0.5764662 -0.7490139 -0.32659593
vn 0.56078005 -0.76470006 -0.31742656
vn 0.05098003 -0.72548467 -0.6863476
vn 0.66274005 -0.70195544 -0.26083368
vn 0.6705831 -0.7176416 -0.1879063
vn -0.003921509 -0.7411708 -0.67130506
vn -0.050979972 -0.72548467 -0.6863476
vn -0.098038435 -0.6784262 -0.72809774
vn -0.19215536 -0.7176416 -0.6693779
vn -0.10588145 -0.70195544 -0.70430654
vn -0.15293992 -0.7411708 -0.6536629
vn -0.15293992 -0.7411708 -0.6536629
vn -0.18431222 -0.7411708 -0.645519
vn -0.23137069 -0.73332775 -0.6392949
vn -0.262743 -0.70195544 -0.6619854
vn -0.24705684 -0.7411708 -0.6242025
vn -0.34117377 -0.7490139 -0.5679601
vn -0.3254876 -0.76470006 -0.55613995
vn -0.4352907 -0.7097985 -0.5538123
vn -0.466663 -0.7490139 -0.4703231
vn -0.5529369 -0.7097985 -0.43640217
vn -0.5764661 -0.7490139 -0.3265961
vn -0.5607799 -0.76470006 -0.31742674
vn -0.66274 -0.70195544 -0.26083377
vn -0.670583 -0.7176416 -0.18790677
vn -0.6392107 -0.73332775 -0.23160338
vn -0.62352455 -0.7411708 -0.24876289
vn -0.64705384 -0.7411708 -0.17884964
vn -0.65489686 -0.7411708 -0.1475668
vn -0.65489686 -0.7411708 -0.1475668
vn -0.70979846 -0.70195544 -0.05869158
vn -0.7254846 -0.6784262 -0.11580143
vn -0.7148764 -0.6992508 -0
vn -0.68626916 -0.72548467 -0.05202487
vn -0.670583 -0.7411708 -0.03137278
vn -0.68626916 -0.72548467 0.05202487
vn -0.7254846 -0.6784262 0.11580143
vn -0.670583 -0.7176416 0.18790677
vn -0.70979846 -0.70195544 0.05869158
vn -0.65489686 -0.7411708 0.1475668
vn -0.65489686 -0.7411708 0.1475668
vn -0.64705384 -0.7411708 0.17884964
vn -0.6392107 -0.73332775 0.23160338
vn -0.66274 -0.70195544 0.26083377
vn -0.62352455 -0.7411708 0.24876289
vn -0.5764661 -0.7490139 0.3265961
vn -0.5607799 -0.76470006 0.31742674
vn -0.5529369 -0.7097985 0.43640217
vn -0.466663 -0.7490139 0.4703231
vn -0.4352907 -0.7097985 0.5538123
vn -0.34117377 -0.7490139 0.5679601
vn -0.3254876 -0.76470006 0.55613995
vn -0.262743 -0.70195544 0.6619854
vn -0.19215536 -0.7176416 0.6693779
vn -0.23137069 -0.73332775 0.6392949
vn -0.24705684 -0.7411708 0.6242025
vn -0.1764692 -0.7411708 0.64770705
vn -0.1450969 -0.7411708 0.6554485
vn -0.15293992 -0.7411708 0.6536629
vn -0.10588145 -0.70195544 0.70430654
vn -0.098038435 -0.6784262 0.72809774
vn -0.003921509 -0.70195544 0.71221006
vn -0.050979972 -0.72548467 0.6863476
vn -0.003921509 -0.7411708 0.67130506
vn 0.05098003 -0.72548467 0.6863476
vn 0.098038495 -0.6784262 0.72809774
vn 0.19215542 -0.7176416 0.6693779
vn 0.10588157 -0.70195544 0.7043065
vn 0.15294003 -0.7411708 0.6536629
vn 0.15294003 -0.7411708 0.6536629
vn 0.18431234 -0.7411708 0.64551896
vn 0.2313708 -0.73332775 0.6392949
vn 0.26274312 -0.70195544 0.6619854
vn 0.24705696 -0.7411708 0.62420243
vn 0.3411739 -0.7490139 0.56795996
vn 0.32548773 -0.76470006 0.5561399
vn 0.4352908 -0.7097985 0.5538122
vn 0.46666312 -0.7490139 0.47032303
vn 0.552937 -0.7097985 0.4364021
vn 0.5764662 -0.7490139 0.32659593
vn 0.56078005 -0.76470006 0.31742656
vn 0.66274005 -0.70195544 0.26083368
vn 0.6705831 -0.7176416 0.1879063
vn 0.6392108 -0.73332775 0.23160313
vn 0.62352467 -0.7411708 0.24876265
vn 0.6470539 -0.7411708 0.1788493
vn 0.654897 -0.7411708 0.1475662
vn 0.654897 -0.7411708 0.1475662
vn 0.7097985 -0.70195544 0.05869107
vn 0.72548467 -0.6784262 0.11580092
vn 0.7148765 -0.69925076 -0
vn 0.6862693 -0.72548467 0.052023727
vn 0.6705831 -0.7411708 -0.031369932
vn 0.6862693 -0.72548467 -0.052023727
vn 0.72548467 -0.6784262 -0.11580092
vn 0.7097985 -0.70195544 -0.05869107
vn 0.654897 -0.7411708 -0.1475662
vn 0.654897 -0.7411708 -0.1475662
vn 0.6470539 -0.7411708 -0.1788493
vn 0.6392108 -0.73332775 -0.23160313
vn 0.62352467 -0.7411708 -0.24876265
vn -0.4980353 -0.019607723 0.866935
vn -0.25489998 0.003921509 0.9669595
vn -0.10588145 0.003921509 0.99437106
vn -0.11372459 -0.019607723 0.99331886
vn 0.32548773 -0.019607723 0.94534296
vn 0.30980158 0.003921509 0.95079315
vn 0.46666312 0.003921509 0.8844265
vn 0.46666312 -0.0274508 0.88400906
vn 0.27842927 -0.52156466 0.80650324
vn 0.011764646 -0.49803543 0.8670769
vn -0.42744768 -0.48234928 0.7646095
vn 0.019607723 -0.8509739 0.52484185
vn -0.34117377 -0.858817 0.3821438
vn 0.019604106 -0.9998079 -0
vn 0.29411542 -0.858817 0.41943955
vn 0.5843093 -0.6705831 0.45705685
vn 0.3019585 -0.9529339 0.02716661
vn 0.2313708 -0.93724775 -0.26083362
vn -0.23921382 -0.8431308 -0.48156735
vn -0.76469994 -0.4745062 0.43597925
vn -0.41960454 -0.8431308 -0.3362476
vn -0.56862307 -0.5843093 -0.57900816
vn -0.5215646 -0.8509739 0.061755996
vn -0.86666 -0.019607723 0.4985138
vn -0.70979846 -0.0039215684 0.7043939
vn -0.70979846 -0.0039215684 0.7043939
vn -0.87230575 -0.4889607 -0
vn -0.76469994 -0.5137216 -0.38900405
vn -0.6941123 -0.043136954 -0.71857315
vn -0.99214923 -0.019607723 0.12351291
vn -0.96861994 0.003921509 0.2485156
vn -0.99214923 0.003921509 0.12499809
vn -0.9450908 -0.0274508 -0.325653
vn -0.9450908 0.003921509 -0.3267844
vn -0.79607224 -0.0039215684 -0.6051889
vn -0.68626916 -0.0039215684 -0.72733706
vn -0.7882292 -0.019607723 -0.6150693
vn -0.41960454 0.003921509 -0.9076986
vn -0.41960454 -0.0039215684 -0.9076986
vn -0.41960454 -0.0039215684 -0.9076986
vn -0.41960454 -0.0039215684 -0.9076986
vn -0.41960454 -0.0039215684 -0.9076986
vn -0.41960454 -0.0039215684 -0.9076986
vn -0.41960454 -0.0039215684 -0.9076986
vn -0.41960454 -0.0039215684 -0.9076986
vn -0.41960454 -0.0039215684 -0.9076986
vn 0.41960466 0.003921509 0.9076985
vn 0.41960466 -0.0039215684 0.9076985
vn 0.41960466 0.003921509 0.9076985
vn 0.41960466 -0.0039215684 0.9076985
vn 0.41960466 -0.0039215684 0.9076985
vn 0.41960466 -0.0039215684 0.9076985
vn 0.41960466 -0.0039215684 0.9076985
vn 0.41960466 -0.0039215684 0.9076985
vn 0.41960466 -0.0039215684 0.9076985
vn -0.003921509 -0.9999924 -0
vn -0.003921509 -0.9999924 -0
vn -0.003921509 -0.9999924 -0
vn 0.0039215684 -0.9999924 -0
vn -0.003921509 -0.9999924 -0
vn -0.003921509 -0.9999924 -0
vn -0.003921509 -0.9999924 -0
vn -0.003921509 -0.9999924 -0
vn 0.0039215684 -0.9999924 -0
vn 0.0039215684 -0.9999924 -0
vn 0.0039215684 -0.9999924 -0
vn -0.003921509 -0.9999924 -0
vn 0.0039215684 -0.9999924 -0
vn 0.0039215684 -0.9999924 -0
vn 0.0039215684 -0.9999924 -0
vn 0.0039215684 -0.9999924 -0
vn -0.41960454 -0.0039215684 0.9076986
vn -0.41960454 -0.0039215684 0.9076986
vn -0.41960454 -0.0039215684 0.9076986
vn -0.41960454 -0.0039215684 0.9076986
vn -0.41960454 -0.0039215684 0.9076986
vn -0.41960454 -0.0039215684 0.9076986
vn -0.41960454 -0.0039215684 0.9076986
vn -0.41960454 -0.0039215684 0.9076986
vn -0.41960454 -0.0039215684 0.9076986
vn -0.86666 0.003921509 0.49888384
vn -0.86666 -0.0039215684 0.49888384
vn -0.86666 -0.0039215684 0.49888384
vn -0.86666 -0.0039215684 0.49888384
vn -0.86666 0.003921509 0.49888384
vn -0.003921509 -0.9999924 -0
vn -0.003921509 -0.9999924 -0
vn -0.003921509 -0.9999924 -0
vn -0.003921509 -0.9999924 -0
vn 0.0039215684 -0.9999924 -0
vn 0.0039215684 -0.9999924 -0
vn 0.0039215684 -0.9999924 -0
vn -0.003921509 -0.9999924 -0
vn 0.0039215684 -0.9999924 -0
vn 0.0039215684 -0.9999924 -0
vn 0.0039215684 -0.9999924 -0
vn -0.4980353 -0.019607723 0.866935
vn -0.25489998 -0.0039215684 0.9669595
vn -0.12941074 -0.0039215684 0.99158335
vn -0.12941074 -0.019607723 0.9913972
vn 0.26274312 -0.0039215684 0.9648579
vn 0.26274312 -0.0274508 0.9644753
vn 0.52156466 -0.019607723 0.85298645
vn 0.5137216 -0.0039215684 0.857948
vn 0.62352467 -0.0039215684 0.7817939
vn 0.6156816 -0.035293877 0.7872042
vn 0.3411739 -0.5137216 0.7872042
vn 0.5058785 -0.6392108 0.57922053
vn -0.02745068 -0.52156466 0.8527701
vn 0.13725388 -0.87450314 0.4651942
vn 0.41176158 -0.858817 0.3047717
vn -0.42744768 -0.48234928 0.7646095
vn -0.33333075 -0.86666006 0.37120208
vn 0.027440673 -0.9996234 -0
vn 0.27842927 -0.9294047 -0.24224791
vn -0.30980146 -0.86666006 -0.3910542
vn -0.47450614 -0.87450314 -0.100440055
vn -0.56862307 -0.654897 -0.4977728
vn -0.7568569 -0.49803543 0.4232355
vn -0.7882292 -0.5058785 -0.35040212
vn -0.7882292 -0.035293877 -0.61436886
vn -0.86666 -0.019607723 0.4985138
vn -0.70979846 -0.0039215684 0.7043939
vn -0.70979846 -0.0039215684 0.7043939
vn -0.86666 -0.49803543 0.029345917
vn -0.99214923 -0.019607723 0.12351291
vn -0.96861994 -0.0039215684 0.2485156
vn -0.99214923 -0.0039215684 0.124998085
vn -0.9607769 -0.0274508 -0.27596042
vn -0.9607769 0.003921509 -0.27729464
vn -0.85881686 -0.0039215684 -0.5122677
vn -0.7803861 -0.0039215684 -0.6252857
vn -0.85097384 -0.019607723 -0.5248419
vn -0.86666 -0.019607723 -0.4985138
vn -0.96861994 0.003921509 -0.2485156
vn -0.99214923 -0.0039215684 -0.124998085
vn -0.99214923 -0.019607723 -0.12351291
vn -0.9607769 -0.0039215684 0.27729464
vn -0.9607769 -0.0274508 0.27596042
vn -0.85097384 -0.019607723 0.5248419
vn -0.85881686 0.003921509 0.5122677
vn -0.7803861 -0.0039215684 0.6252857
vn -0.7882292 -0.035293877 0.61436886
vn -0.7882292 -0.5137216 0.33879912
vn -0.5843092 -0.6392108 0.49999228
vn -0.85097384 -0.52156466 -0.061755996
vn -0.466663 -0.87450314 0.13217369
vn -0.2941153 -0.858817 0.41943964
vn -0.76469994 -0.48234928 -0.42728585
vn -0.37254608 -0.86666006 -0.33182788
vn 0.035272185 -0.9993777 -0
vn 0.25490004 -0.9294047 0.26689494
vn 0.39607543 -0.86666006 -0.3033556
vn 0.10588157 -0.87450314 -0.47332162
vn 0.49803543 -0.654897 -0.56839305
vn -0.41960454 -0.49803543 -0.75887597
vn 0.3411739 -0.5058785 -0.7922672
vn 0.6078385 -0.035293877 -0.79327595
vn -0.4980353 -0.019607723 -0.866935
vn -0.70979846 0.003921509 -0.7043939
vn -0.70979846 0.003921509 -0.7043939
vn -0.035293818 -0.49803543 -0.86643815
vn -0.12941074 -0.019607723 -0.9913972
vn -0.25489998 -0.0039215684 -0.9669595
vn -0.12941074 -0.0039215684 -0.99158335
vn 0.26274312 -0.0274508 -0.9644753
vn 0.26274312 0.003921509 -0.9648579
vn 0.5137216 -0.0039215684 -0.857948
vn 0.62352467 -0.0039215684 -0.7817939
vn 0.52156466 -0.019607723 -0.85298645
vn 0.41960466 -0.0039215684 -0.9076985
vn 0.41960466 -0.0039215684 -0.9076985
vn 0.41960466 -0.0039215684 -0.9076985
vn 0.41960466 -0.0039215684 -0.9076985
vn 0.41960466 -0.0039215684 -0.9076985
vn 0.41960466 -0.0039215684 -0.9076985
vn 0.41960466 -0.0039215684 -0.9076985
vn 0.41960466 -0.0039215684 -0.9076985
vn 0.41960466 -0.0039215684 -0.9076985
vn -0.86666 0.003921509 -0.49888384
vn -0.86666 -0.0039215684 -0.49888384
vn -0.86666 -0.0039215684 -0.49888384
vn -0.86666 -0.0039215684 -0.49888384
vn -0.86666 -0.0039215684 -0.49888384
vn -0.64705384 -0.5764662 -0.4990071
vn -0.64705384 -0.5764662 -0.4990071
vn -0.6392107 -0.5764662 -0.50901514
vn -0.6392107 -0.5764662 -0.50901514
vn -0.64705384 -0.5764662 -0.4990071
vn -0.6313677 -0.5843093 -0.5098603
vn 0.6470539 -0.5764662 0.499007
vn 0.6470539 -0.5764662 0.499007
vn 0.6392108 -0.5764662 0.509015
vn 0.6392108 -0.5764662 0.509015
vn 0.6470539 -0.5764662 0.499007
vn 0.63136774 -0.5843093 0.50986016
vn 0.49803543 0.003921509 -0.8671478
vn 0.49803543 -0.0039215684 -0.8671478
vn 0.49803543 -0.0039215684 -0.8671478
vn 0.49803543 -0.0039215684 -0.8671478
vn 0.49803543 -0.0039215684 -0.8671478
vn -0.4980353 -0.0039215684 0.86714786
vn -0.4980353 0.003921509 0.86714786
vn -0.4980353 -0.0039215684 0.86714786
vn -0.4980353 0.003921509 0.86714786
vn -0.4980353 0.003921509 0.86714786
vn -0.9058753 -0.0039215684 -0.4235263
vn -0.9058753 -0.0039215684 -0.4235263
vn -0.9058753 0.003921509 -0.4235263
vn -0.9058753 -0.0039215684 -0.4235263
vn -0.9058753 -0.0039215684 -0.4235263
vn -0.9058753 -0.0039215684 -0.4235263
vn -0.9058753 -0.0039215684 -0.4235263
vn -0.9058753 -0.0039215684 -0.4235263
vn -0.9058753 -0.0039215684 -0.4235263
vn 0.0039215684 -0.9999924 -0
vn -0.003921509 -0.9999924 -0
vn -0.003921509 -0.9999924 -0
vn -0.003921509 -0.9999924 -0
vn -0.003921509 -0.9999924 -0
vn 0.0039215684 -0.9999924 -0
vn 0.0039215684 -0.9999924 -0
vn -0.003921509 -0.9999924 -0
vn -0.003921509 -0.9999924 -0
vn 0.0039215684 -0.9999924 -0
vn 0.0039215684 -0.9999924 -0
vn 0.0039215684 -0.9999924 -0
vn -0.003921509 -0.9999924 -0
vn 0.0039215684 -0.9999924 -0
vn -0.003921509 -0.9999924 -0
vn -0.003921509 -0.9999924 -0
vn -0.003921509 -0.9999924 -0
vn -0.003921509 -0.9999924 -0
vn -0.003921509 -0.9999924 -0
vn -0.003921509 -0.9999924 -0
vn -0.003921509 -0.9999924 -0
vn 0.0039215684 -0.9999924 -0
vn 0.0039215684 -0.9999924 -0
vn 0.0039215684 -0.9999924 -0
vn 0.0039215684 -0.9999924 -0
vn -0.003921509 -0.9999924 -0
vn -0.003921509 -0.9999924 -0
vn -0.003921509 -0.9999924 -0
vn -0.003921509 -0.9999924 -0
vn -0.003921509 -0.9999924 -0
vn -0.003921509 -0.9999924 -0
vn 0.0039215684 -0.9999924 -0
vn 0.0039215684 -0.9999924 -0
vn 0.0039215684 -0.9999924 -0
vn -0.003921509 -0.9999924 -0
vn -0.003921509 -0.9999924 -0
vn -0.003921509 -0.9999924 -0
vn 0.0039215684 -0.9999924 -0
vn 0.0039215684 -0.9999924 -0
vn 0.0039215684 -0.9999924 -0
vn -0.003921509 -0.9999924 -0
vn -0.003921509 -0.9999924 -0
vn -0.003921509 -0.9999924 -0
vn -0.003921509 -0.9999924 -0
vn 0.0039215684 -0.9999924 -0
vn 0.0039215684 -0.9999924 -0
vn 0.0039215684 -0.9999924 -0
vn -0.003921509 -0.9999924 -0
vn 0.0039215684 -0.9999924 -0
vn -0.003921509 -0.9999924 -0
vn 0.0039215684 -0.9999924 -0
vn -0.003921509 -0.9999924 -0
vn -0.003921509 -0.9999924 -0
vn -0.003921509 -0.9999924 -0
vn -0.003921509 -0.9999924 -0
vn 0.0039215684 -0.9999924 -0
vn -0.003921509 -0.9999924 -0
vn -0.003921509 -0.9999924 -0
vn 0.0039215684 -0.9999924 -0
vn -0.003921509 -0.9999924 -0
vn 0.0039215684 -0.9999924 -0
vn 0.0039215684 -0.9999924 -0
vn -0.003921509 -0.9999924 -0
vn -0.003921509 -0.9999924 -0
vn 0.0039215684 -0.9999924 -0
vn -0.003921509 -0.9999924 -0
vn 0.0039215684 -0.9999924 -0
vn -0.003921509 -0.9999924 -0
vn -0.003921509 -0.9999924 -0
vn -0.003921509 -0.9999924 -0
vn -0.003921509 -0.9999924 -0
vn -0.003921509 -0.9999924 -0
vn 0.0039215684 -0.9999924 -0
vn -0.003921509 -0.9999924 -0
vn 0.0039215684 -0.9999924 -0
vn 0.0039215684 -0.9999924 -0
vn 0.0039215684 -0.9999924 -0
vn -0.003921509 -0.9999924 -0
vn -0.003921509 -0.9999924 -0
vn -0.003921509 -0.9999924 -0
vn -0.003921509 -0.9999924 -0
vn -0.003921509 -0.9999924 -0
vn -0.003921509 -0.9999924 -0
vn -0.003921509 -0.9999924 -0
vn -0.003921509 -0.9999924 -0
vn -0.003921509 -0.9999924 -0
vn -0.003921509 -0.9999924 -0
vn 0.0039215684 -0.9999924 -0
vn 0.0039215684 -0.9999924 -0
vn -0.003921509 -0.9999924 -0
vn 0.0039215684 -0.9999924 -0
vn 0.0039215684 -0.9999924 -0
vn 0.0039215684 -0.9999924 -0
vn 0.0039215684 -0.9999924 -0
vn 0.0039215684 -0.9999924 -0
vn -0.003921509 -0.9999924 -0
vn -0.003921509 -0.9999924 -0
vn -0.003921509 -0.9999924 -0
vn -0.003921509 -0.9999924 -0
vn -0.262743 -0.0039215684 -0.9648579
vn -0.27058613 -0.0039215684 -0.9626878
vn -0.27058613 -0.0039215684 -0.9626878
vn -0.262743 -0.0039215684 -0.9648579
vn 0.0039215684 -0.9999924 -0
vn 0.0039215684 -0.9999924 -0
vn 0.0039215684 -0.9999924 -0
vn 0.0039215684 -0.9999924 -0
vn -0.003921509 -0.9999924 -0
vn 0.0039215684 -0.9999924 -0
vn -0.003921509 -0.9999924 -0
vn 0.0039215684 -0.9999924 -0
vn -0.003921509 -0.9999924 -0
vn -0.003921509 -0.9999924 -0
vn -0.003921509 -0.9999924 -0
vn -0.4980353 0.003921509 -0.86714786
vn -0.4980353 -0.0039215684 -0.86714786
vn -0.4980353 0.003921509 -0.86714786
vn -0.4980353 0.003921509 -0.86714786
vn -0.4980353 0.003921509 -0.86714786
vn -0.003921509 -0.9999924 -0
vn 0.0039215684 -0.9999924 -0
vn -0.003921509 -0.9999924 -0
vn -0.003921509 -0.9999924 -0
vn -0.003921509 -0.9999924 -0
vn -0.003921509 -0.9999924 -0
vn 0.0039215684 -0.9999924 -0
vn -0.003921509 -0.9999924 -0
vn -0.003921509 -0.9999924 -0
vn -0.003921509 -0.9999924 -0
vn -0.003921509 -0.9999924 -0
vn -0.003921509 -0.9999924 -0
vn -0.003921509 -0.9999924 -0
vn -0.003921509 -0.9999924 -0
vn 0.0039215684 -0.9999924 -0
vn 0.0039215684 -0.9999924 -0
vn 0.0039215684 -0.9999924 -0
vn -0.003921509 -0.9999924 -0
vn -0.003921509 -0.9999924 -0
vn -0.003921509 -0.9999924 -0
vn -0.003921509 -0.9999924 -0
vn -0.003921509 -0.9999924 -0
vn 0.49803543 0.003921509 0.8671478
vn 0.49803543 -0.0039215684 0.8671478
vn 0.49803543 -0.0039215684 0.8671478
vn 0.49803543 -0.0039215684 0.8671478
vn 0.49803543 0.003921509 0.8671478
vn 0.0039215684 -0.9999924 -0
vn -0.003921509 -0.9999924 -0
vn 0.0039215684 -0.9999924 -0
vn 0.0039215684 -0.9999924 -0
vn -0.003921509 -0.9999924 -0
vn -0.003921509 -0.9999924 -0
vn -0.003921509 -0.9999924 -0
vn 0.0039215684 -0.9999924 -0
vn 0.0039215684 -0.9999924 -0
vn -0.003921509 -0.9999924 -0
vn 0.0039215684 -0.9999924 -0
vn 0.0039215684 -0.9999924 -0
vn 0.0039215684 -0.9999924 -0
vn -0.003921509 -0.9999924 -0
vn -0.003921509 -0.9999924 -0
vn -0.003921509 -0.9999924 -0
vn -0.003921509 -0.9999924 -0
vn 0.0039215684 -0.9999924 -0
vn 0.0039215684 -0.9999924 -0
vn -0.003921509 -0.9999924 -0
vn 0.0039215684 -0.9999924 -0
vn 0.0039215684 -0.9999924 -0
vn 0.26274312 -0.0039215684 0.9648579
vn 0.27842927 -0.0039215684 0.96044874
vn 0.27842927 -0.0039215684 0.96044874
vn 0.26274312 -0.0039215684 0.9648579
vn 0.0039215684 -0.9999924 -0
vn 0.0039215684 -0.9999924 -0
vn 0.0039215684 -0.9999924 -0
vn -0.003921509 -0.9999924 -0
vn -0.003921509 -0.9999924 -0
vn -0.003921509 -0.9999924 -0
vn -0.003921509 -0.9999924 -0
vn 0.0039215684 -0.9999924 -0
vn -0.003921509 -0.9999924 -0
vn -0.003921509 -0.9999924 -0
vn -0.003921509 -0.9999924 -0
vn -0.8431307 -0.0039215684 0.5376944
vn -0.88234615 -0.0039215684 0.47058466
vn -0.88234615 0.003921509 0.47058466
vn -0.8352877 -0.035293877 0.5486792
vn -0.7882292 -0.0274508 0.6147692
vn -0.9215615 -0.07450926 0.38101545
vn -0.70979846 -0.035293877 0.70352006
vn -0.70979846 0.003921509 0.7043939
vn -0.6156815 -0.0274508 0.78751683
vn -0.9764631 -0.05098003 0.20957316
vn -0.5450938 -0.035293877 0.8376318
vn -0.93724763 -0.035293877 0.34687352
vn -0.9607769 -0.0039215684 0.27729464
vn -0.96861994 0.003921509 0.2485156
vn -0.9764631 -0.011764646 0.21536358
vn -0.99214923 -0.05098003 0.11419693
vn -0.998703 -0.050914306 -0
vn -0.99993086 -0.011763923 -0
vn -0.99993086 -0.011763923 -0
vn -0.99214923 -0.043136954 -0.117384434
vn -0.9764631 -0.043136954 -0.21132694
vn -0.9843061 -0.0039215684 -0.17642602
vn -0.91371846 -0.043136954 -0.4040517
vn -0.93724763 -0.035293877 -0.34687352
vn -0.9215615 -0.07450926 -0.38101545
vn -0.8352877 -0.035293877 -0.5486792
vn -0.8901892 -0.011764646 -0.45543915
vn -0.88234615 0.003921509 -0.47058466
vn -0.85097384 -0.0039215684 -0.5251934
vn -0.7882292 -0.0274508 -0.6147692
vn -0.70979846 -0.035293877 -0.70352006
vn -0.70979846 0.003921509 -0.7043939
vn -0.6156815 -0.0274508 -0.78751683
vn -0.5450938 -0.035293877 -0.8376318
vn -0.53725076 -0.0039215684 -0.8434135
vn -0.466663 -0.0039215684 -0.8844265
vn -0.47450614 0.003921509 -0.8802435
vn -0.38823223 -0.07450926 -0.91854453
vn -0.21568453 -0.0274508 -0.9760772
vn -0.33333075 -0.035293877 -0.9421491
vn -0.2941153 -0.0039215684 -0.9557619
vn -0.19999838 0.019607663 -0.9796
vn -0.10588145 -0.011764646 -0.9943092
vn -0.003921509 -0.0274508 -0.9996155
vn 0.10588157 -0.011764646 -0.9943091
vn 0.21568465 -0.0274508 -0.97607714
vn 0.1999985 0.019607663 -0.97959995
vn 0.29411542 -0.0039215684 -0.95576185
vn 0.3333308 -0.035293877 -0.9421491
vn 0.38823235 -0.07450926 -0.91854453
vn 0.5450939 -0.035293877 -0.83763176
vn 0.46666312 -0.0039215684 -0.8844265
vn 0.5372508 -0.0039215684 -0.8434134
vn 0.4745062 0.003921509 -0.8802434
vn 0.6156816 -0.0274508 -0.7875168
vn 0.7097985 -0.035293877 -0.70352
vn 0.7097985 0.003921509 -0.70439386
vn 0.7882293 -0.0274508 -0.6147691
vn 0.83528775 -0.035293877 -0.54867905
vn 0.8431308 -0.0039215684 -0.53769416
vn 0.8823462 -0.0039215684 -0.4705845
vn 0.8823462 0.003921509 -0.4705845
vn 0.9215616 -0.07450926 -0.3810152
vn 0.97646314 -0.05098003 -0.20957288
vn 0.93724775 -0.035293877 -0.34687316
vn 0.960777 -0.0039215684 -0.27729443
vn 0.96862006 0.003921509 -0.24851513
vn 0.97646314 -0.011764646 -0.2153633
vn 0.9921493 -0.05098003 -0.114196405
vn 0.998703 -0.0509143 -0
vn 0.99993086 -0.011763922 -0
vn 0.99993086 -0.011763922 -0
vn 0.9921493 -0.043136954 0.11738393
vn 0.97646314 -0.043136954 0.21132666
vn 0.9843062 -0.0039215684 0.17642535
vn 0.9137185 -0.043136954 0.40405154
vn 0.93724775 -0.035293877 0.34687316
vn 0.9215616 -0.07450926 0.3810152
vn 0.83528775 -0.035293877 0.54867905
vn 0.8901893 -0.011764646 0.45543894
vn 0.8823462 0.003921509 0.4705845
vn 0.8509739 -0.0039215684 0.52519333
vn 0.7882293 -0.0274508 0.6147691
vn 0.7097985 -0.035293877 0.70352
vn 0.7097985 0.003921509 0.70439386
vn 0.6156816 -0.0274508 0.7875168
vn 0.5450939 -0.035293877 0.83763176
vn 0.5372508 -0.0039215684 0.8434134
vn 0.46666312 -0.0039215684 0.8844265
vn 0.4745062 0.003921509 0.8802434
vn 0.38823235 -0.07450926 0.91854453
vn 0.21568465 -0.0274508 0.97607714
vn 0.3333308 -0.035293877 0.9421491
vn 0.28627235 -0.0039215684 0.95814025
vn 0.1999985 0.019607663 0.97959995
vn 0.10588157 -0.011764646 0.9943091
vn -0.003921509 -0.0274508 0.9996155
vn -0.10588145 -0.011764646 0.9943092
vn -0.21568453 -0.0274508 0.9760772
vn -0.19999838 0.019607663 0.9796
vn -0.2941153 -0.0039215684 0.9557619
vn -0.33333075 -0.035293877 0.9421491
vn -0.38823223 -0.07450926 0.91854453
vn -0.466663 -0.0039215684 0.8844265
vn -0.53725076 -0.0039215684 0.8434135
vn -0.47450614 0.003921509 0.8802435
vn -0.9607769 -0.0039215684 0.27729464
vn -0.9607769 -0.0039215684 0.27729464
vn -0.9607769 -0.0039215684 0.27729464
vn -0.96861994 -0.0039215684 0.2485156
vn -0.70710677 -0.7071068 -0
vn -0.70979846 -0.70195544 0.05869158
vn -0.70979846 -0.70195544 0.05869158
vn -0.70710677 -0.7071068 -0
vn -0.5529369 -0.7176416 0.42338082
vn -0.5529369 -0.7176416 0.42338082
vn -0.53725076 -0.73332775 0.41664383
vn -0.53725076 -0.7176416 0.44311646
vn -0.5215646 -0.7097985 0.4734516
vn -0.5607799 -0.73332775 0.38439086
vn -0.5843092 -0.7097985 0.3934067
vn -0.5764661 -0.73332775 0.36044037
vn -0.59215224 -0.7176416 0.36653283
vn -0.59215224 -0.7176416 0.36653283
vn -0.59215224 -0.7097985 0.38149947
vn -0.6078384 -0.7097985 0.35597554
vn -0.50587845 -0.73332775 0.45422179
vn -0.5215646 -0.7176416 0.46147686
vn -0.48234916 -0.72548467 0.49092898
vn -0.4980353 -0.7097985 0.49814343
vn -0.42744768 -0.756857 0.49442497
vn -0.466663 -0.7176416 0.5169295
vn -0.466663 -0.7176416 0.5169295
vn -0.45097685 -0.7176416 0.5306698
vn -0.4352907 -0.7176416 0.5436107
vn -0.41960454 -0.73332775 0.53494155
vn -0.42744768 -0.7176416 0.5497991
vn -0.38823223 -0.72548467 0.56828487
vn -0.4039184 -0.7097985 0.5770927
vn -0.3254876 -0.756857 0.56676745
vn -0.37254608 -0.7176416 0.58838755
vn -0.3803892 -0.7097985 0.59286606
vn -0.36470306 -0.7176416 0.5932809
vn -0.36470306 -0.7097985 0.60264236
vn 0.90587544 -0.0039215684 0.42352602
vn 0.90587544 -0.0039215684 0.42352602
vn 0.90587544 -0.0039215684 0.42352602
vn 0.90587544 -0.0039215684 0.42352602
vn 0.90587544 -0.0039215684 0.42352602
vn 0.90587544 -0.0039215684 0.42352602
vn 0.90587544 -0.0039215684 0.42352602
vn 0.90587544 -0.0039215684 0.42352602
vn 0.90587544 0.003921509 0.42352602
vn 0.49803543 -0.019607723 -0.86693496
vn 0.25490004 0.003921509 -0.9669595
vn 0.10588157 0.003921509 -0.994371
vn 0.11372465 -0.019607723 -0.9933188
vn -0.3254876 -0.019607723 -0.94534296
vn -0.30980146 0.003921509 -0.9507932
vn -0.466663 0.003921509 -0.8844265
vn -0.466663 -0.0274508 -0.8840091
vn -0.27842915 -0.52156466 -0.80650324
vn -0.011764526 -0.49803543 -0.8670769
vn 0.42744774 -0.48234928 -0.7646094
vn -0.019607663 -0.8509739 -0.52484185
vn 0.3411739 -0.858817 -0.38214365
vn -0.019604046 -0.9998079 -0
vn -0.2941153 -0.858817 -0.41943964
vn -0.5843092 -0.6705831 -0.4570569
vn -0.30195844 -0.9529339 -0.027167708
vn -0.23137069 -0.93724775 0.2608337
vn 0.23921388 -0.8431308 0.48156735
vn 0.76470006 -0.4745062 -0.43597904
vn 0.41960466 -0.8431308 0.3362474
vn 0.5686231 -0.5843093 0.5790081
vn 0.52156466 -0.8509739 -0.061755516
vn 0.86666006 -0.019607723 -0.49851367
vn 0.7097985 0.003921509 -0.70439386
vn 0.7097985 0.003921509 -0.70439386
vn 0.87230587 -0.4889607 -0
vn 0.76470006 -0.5137216 0.3890038
vn 0.69411236 -0.043136954 0.71857303
vn 0.9921493 -0.019607723 -0.123512425
vn 0.96862006 0.003921509 -0.24851513
vn 0.9921493 0.003921509 -0.124997616
vn 0.94509083 -0.0274508 0.3256528
vn 0.94509083 0.003921509 0.32678422
vn 0.79607236 -0.0039215684 0.6051888
vn 0.6862693 -0.0039215684 0.727337
vn 0.7882293 -0.019607723 0.6150692
vn 0.552937 -0.7176416 -0.42338073
vn 0.552937 -0.7176416 -0.42338073
vn 0.5372508 -0.73332775 -0.4166437
vn 0.5372508 -0.7176416 -0.4431163
vn 0.52156466 -0.7097985 -0.47345155
vn 0.56078005 -0.73332775 -0.3843907
vn 0.5843093 -0.7097985 -0.39340663
vn 0.5764662 -0.73332775 -0.36044022
vn 0.59215236 -0.7176416 -0.36653256
vn 0.59215236 -0.7176416 -0.36653256
vn 0.59215236 -0.7097985 -0.38149923
vn 0.6078385 -0.7097985 -0.35597536
vn 0.5058785 -0.73332775 -0.45422173
vn 0.52156466 -0.7176416 -0.4614768
vn 0.48234928 -0.72548467 -0.49092886
vn 0.49803543 -0.7097985 -0.49814332
vn 0.42744774 -0.756857 -0.49442485
vn 0.46666312 -0.7176416 -0.5169295
vn 0.46666312 -0.7176416 -0.5169295
vn 0.45097697 -0.7176416 -0.5306697
vn 0.4352908 -0.7176416 -0.5436106
vn 0.41960466 -0.73332775 -0.5349415
vn 0.42744774 -0.7176416 -0.549799
vn 0.38823235 -0.72548467 -0.5682848
vn 0.4039185 -0.7097985 -0.5770926
vn 0.32548773 -0.756857 -0.5667674
vn 0.3725462 -0.7176416 -0.5883875
vn 0.38038927 -0.7097985 -0.592866
vn 0.36470312 -0.7176416 -0.59328085
vn 0.36470312 -0.7097985 -0.6026423
vn -0.003921509 -0.9999924 -0
vn -0.003921509 -0.9999924 -0
vn -0.003921509 -0.9999924 -0
vn 0.0039215684 -0.9999924 -0
vn -0.003921509 -0.9999924 -0
vn -0.003921509 -0.9999924 -0
vn -0.003921509 -0.9999924 -0
vn -0.011763803 -0.99993086 -0
vn 0.86666006 0.003921509 0.49888372
vn 0.86666006 0.003921509 0.49888372
vn 0.86666006 0.003921509 0.49888372
vn 0.86666006 0.003921509 0.49888372
vn 0.86666006 0.003921509 0.49888372
vn 0.0039215684 -0.9999924 -0
vn 0.0039215684 -0.9999924 -0
vn 0.0039215684 -0.9999924 -0
vn -0.003921509 -0.9999924 -0
vn 0.0039215684 -0.9999924 -0
vn 0.0039215684 -0.9999924 -0
vn 0.0039215684 -0.9999924 -0
vn 0.011763922 -0.99993086 -0
vn 0.49803543 -0.019607723 -0.86693496
vn 0.25490004 0.003921509 -0.9669595
vn 0.1294108 0.003921509 -0.9915833
vn 0.1294108 -0.019607723 -0.9913972
vn -0.262743 -0.0039215684 -0.9648579
vn -0.262743 -0.0274508 -0.96447533
vn -0.5215646 -0.019607723 -0.85298645
vn -0.51372147 0.003921509 -0.85794806
vn -0.62352455 -0.0039215684 -0.78179395
vn -0.6156815 -0.035293877 -0.78720427
vn -0.34117377 -0.5137216 -0.78720427
vn -0.50587845 -0.6392108 -0.5792206
vn 0.0274508 -0.52156466 -0.8527701
vn -0.13725376 -0.87450314 -0.46519426
vn -0.41176152 -0.858817 -0.3047718
vn 0.42744774 -0.48234928 -0.7646094
vn 0.3333308 -0.86666006 -0.371202
vn -0.027440554 -0.9996234 -0
vn -0.27842915 -0.9294047 0.24224803
vn 0.30980158 -0.86666006 0.39105415
vn 0.4745062 -0.87450314 0.100439765
vn 0.5686231 -0.654897 0.49777275
vn 0.756857 -0.49803543 -0.42323545
vn 0.7882293 -0.5058785 0.35040194
vn 0.7882293 -0.035293877 0.61436874
vn 0.86666006 -0.019607723 -0.49851367
vn 0.7097985 0.003921509 -0.70439386
vn 0.7097985 0.003921509 -0.70439386
vn 0.86666006 -0.49803543 -0.029343884
vn 0.9921493 -0.019607723 -0.123512425
vn 0.96862006 -0.0039215684 -0.24851513
vn 0.9921493 -0.0039215684 -0.12499761
vn 0.960777 -0.0274508 0.2759602
vn 0.960777 0.003921509 0.27729443
vn 0.858817 -0.0039215684 0.51226753
vn 0.7803862 -0.0039215684 0.6252855
vn 0.8509739 -0.019607723 0.52484185
vn 0.90587544 0.003921509 -0.42352602
vn 0.90587544 -0.0039215684 -0.42352602
vn 0.90587544 -0.0039215684 -0.42352602
vn 0.90587544 -0.0039215684 -0.42352602
vn 0.90587544 -0.0039215684 -0.42352602
vn 0.90587544 -0.0039215684 -0.42352602
vn 0.90587544 -0.0039215684 -0.42352602
vn 0.90587544 -0.0039215684 -0.42352602
vn 0.90587544 -0.0039215684 -0.42352602
vn 0.70710677 -0.70710677 -0
vn 0.7097985 -0.70195544 -0.05869107
vn 0.7097985 -0.70195544 -0.05869107
vn 0.70710677 -0.70710677 -0
vn -0.9058753 -0.0039215684 0.4235263
vn -0.9058753 -0.0039215684 0.4235263
vn -0.9058753 -0.0039215684 0.4235263
vn -0.9058753 -0.0039215684 0.4235263
vn -0.9058753 -0.0039215684 0.4235263
vn -0.9058753 -0.0039215684 0.4235263
vn -0.9058753 -0.0039215684 0.4235263
vn -0.9058753 -0.0039215684 0.4235263
vn -0.9058753 0.003921509 0.4235263
vn -0.7019553 -0.7097985 -0.05869285
vn -0.7019553 -0.7097985 -0.05869285
vn -0.70979846 -0.70195544 0.05869158
vn -0.7148764 -0.6992508 -0
vn 0.42744774 -0.7176416 0.549799
vn 0.4352908 -0.7176416 0.5436106
vn 0.41960466 -0.73332775 0.5349415
vn 0.45097697 -0.7176416 0.5306697
vn 0.46666312 -0.7097985 0.52764726
vn 0.38823235 -0.73332775 0.5581273
vn 0.4039185 -0.7097985 0.5770926
vn 0.36470312 -0.73332775 0.57377875
vn 0.36470312 -0.7176416 0.59328085
vn 0.36470312 -0.7176416 0.59328085
vn 0.3725462 -0.7097985 0.5978256
vn 0.36470312 -0.7097985 0.6026423
vn 0.45882004 -0.73332775 0.50171167
vn 0.46666312 -0.7176416 0.5169295
vn 0.49019235 -0.72548467 0.48309773
vn 0.49803543 -0.7097985 0.49814332
vn 0.49803543 -0.756857 0.42323542
vn 0.52156466 -0.7176416 0.4614768
vn 0.5137216 -0.7176416 0.47019216
vn 0.52940774 -0.7176416 0.45245773
vn 0.552937 -0.7176416 0.42338073
vn 0.5372508 -0.73332775 0.4166437
vn 0.552937 -0.7176416 0.42338073
vn 0.5686231 -0.72548467 0.38773668
vn 0.5764662 -0.7097985 0.40481204
vn 0.56078005 -0.756857 0.33569825
vn 0.5843093 -0.7176416 0.37891057
vn 0.59215236 -0.7097985 0.38149923
vn 0.59215236 -0.7176416 0.36653256
vn 0.6078385 -0.7097985 0.35597536
vn -0.42744768 -0.7176416 -0.5497991
vn -0.4352907 -0.7176416 -0.5436107
vn -0.41960454 -0.73332775 -0.53494155
vn -0.45097685 -0.7176416 -0.5306698
vn -0.466663 -0.7097985 -0.5276473
vn -0.38823223 -0.73332775 -0.55812734
vn -0.4039184 -0.7097985 -0.5770927
vn -0.36470306 -0.73332775 -0.5737788
vn -0.36470306 -0.7176416 -0.5932809
vn -0.36470306 -0.7176416 -0.5932809
vn -0.37254608 -0.7097985 -0.59782565
vn -0.36470306 -0.7097985 -0.60264236
vn -0.45882 -0.73332775 -0.5017117
vn -0.466663 -0.7176416 -0.5169295
vn -0.4901923 -0.72548467 -0.4830978
vn -0.4980353 -0.7097985 -0.49814343
vn -0.4980353 -0.756857 -0.42323557
vn -0.5215646 -0.7176416 -0.46147686
vn -0.51372147 -0.7176416 -0.47019228
vn -0.5294076 -0.7176416 -0.45245785
vn -0.5529369 -0.7176416 -0.42338082
vn -0.53725076 -0.73332775 -0.41664383
vn -0.5529369 -0.7176416 -0.42338082
vn -0.56862307 -0.72548467 -0.38773674
vn -0.5764661 -0.7097985 -0.4048122
vn -0.5607799 -0.756857 -0.33569843
vn -0.5843092 -0.7176416 -0.37891066
vn -0.59215224 -0.7097985 -0.38149947
vn -0.59215224 -0.7176416 -0.36653283
vn -0.6078384 -0.7097985 -0.35597554
vn 0.86666006 -0.019607723 0.49851367
vn 0.96862006 0.003921509 0.24851513
vn 0.9921493 0.003921509 0.124997616
vn 0.9921493 -0.019607723 0.123512425
vn 0.94509083 -0.019607723 -0.326219
vn 0.9529339 0.003921509 -0.30315277
vn 0.8823462 0.003921509 -0.4705845
vn 0.8823462 -0.0274508 -0.46979955
vn 0.8117585 -0.52156466 -0.26271358
vn 0.86666006 -0.49803543 -0.029343884
vn 0.76470006 -0.48234928 0.42728564
vn 0.52156466 -0.8509739 -0.061755516
vn 0.3725462 -0.858817 0.3516287
vn -0.074303746 -0.99723566 -0
vn 0.41960466 -0.858817 -0.2938798
vn 0.45097697 -0.6705831 -0.5890145
vn 0.08235234 -0.9529339 -0.2917791
vn -0.27058613 -0.93724775 -0.21988587
vn -0.48234916 -0.8431308 0.2376335
vn 0.4431339 -0.4745062 0.76057625
vn -0.33333075 -0.8431308 0.42192537
vn -0.5843092 -0.5843093 0.5631744
vn 0.043136954 -0.8509739 0.5234335
vn 0.49803543 -0.019607723 0.86693496
vn 0.7097985 0.003921509 0.70439386
vn 0.7097985 0.003921509 0.70439386
vn 0.019607723 -0.49019235 0.8713937
vn -0.3803892 -0.5137216 0.7690216
vn -0.7176415 -0.043136954 0.69507545
vn 0.098038495 -0.019607723 0.99498945
vn 0.26274312 0.003921509 0.9648579
vn 0.098038495 -0.0039215684 0.9951749
vn -0.3176446 -0.0274508 0.94781244
vn -0.3176446 -0.0039215684 0.9482017
vn -0.6078384 -0.0039215684 0.7940511
vn -0.7254846 -0.0039215684 0.68822724
vn -0.6156815 -0.019607723 0.78775114
vn -0.003921509 -0.7097985 0.70439386
vn -0.003921509 -0.7097985 0.70439386
vn 0.0039215684 -0.70195544 0.71221006
vn 0.0039215684 -0.70195544 0.71221006
vn -0.50587845 -0.5764662 0.641696
vn -0.50587845 -0.5764662 0.641696
vn -0.50587845 -0.5764662 0.641696
vn -0.50587845 -0.5764662 0.641696
vn -0.50587845 -0.5764662 0.641696
vn -0.51372147 -0.5843093 0.62823
vn 0.0039215684 -0.9999924 -0
vn 0.0039215684 -0.9999924 -0
vn 0.011763922 -0.99993086 -0
vn -0.003921509 -0.9999924 -0
vn -0.003921509 -0.9999924 -0
vn -0.003921509 -0.9999924 -0
vn -0.003921509 -0.9999924 -0
vn -0.011763803 -0.99993086 -0
vn 0.0039215684 -0.9999924 -0
vn 0.0039215684 -0.9999924 -0
vn 0.70195544 -0.7097985 0.058690816
vn 0.70195544 -0.7097985 0.058690816
vn 0.7097985 -0.70195544 -0.05869107
vn 0.7148765 -0.69925076 -0
vn -0.86666 -0.019607723 -0.4985138
vn -0.96861994 0.003921509 -0.2485156
vn -0.99214923 0.003921509 -0.12499809
vn -0.99214923 -0.019607723 -0.12351291
vn -0.9450908 -0.019607723 0.32621917
vn -0.9529338 0.003921509 0.30315316
vn -0.88234615 0.003921509 0.47058466
vn -0.88234615 -0.0274508 0.46979967
vn -0.8117584 -0.52156466 0.2627139
vn -0.86666 -0.49803543 0.029345917
vn -0.76469994 -0.48234928 -0.42728585
vn -0.5215646 -0.8509739 0.061755996
vn -0.37254608 -0.858817 -0.35162878
vn 0.074303865 -0.99723566 -0
vn -0.41960454 -0.858817 0.29388002
vn -0.45097685 -0.6705831 0.5890146
vn -0.08235228 -0.9529339 0.2917792
vn 0.2705862 -0.93724775 0.21988574
vn 0.4745062 -0.8431308 -0.25293133
vn -0.44313383 -0.4745062 -0.76057625
vn 0.3333308 -0.8431308 -0.4219253
vn 0.5843093 -0.5843093 -0.56317437
vn -0.043136835 -0.8509739 -0.5234335
vn -0.4980353 -0.019607723 -0.866935
vn -0.70979846 0.003921509 -0.7043939
vn -0.70979846 0.003921509 -0.7043939
vn -0.019607663 -0.49019235 -0.8713937
vn 0.38038927 -0.5137216 -0.7690215
vn 0.7176416 -0.043136954 -0.69507533
vn -0.098038435 -0.019607723 -0.99498945
vn -0.262743 0.003921509 -0.9648579
vn -0.098038435 0.003921509 -0.9951749
vn 0.31764466 -0.0274508 -0.9478124
vn 0.31764466 0.003921509 -0.9482017
vn 0.6078385 -0.0039215684 -0.794051
vn 0.72548467 -0.0039215684 -0.6882271
vn 0.6156816 -0.019607723 -0.787751
vn -0.003921509 -0.9999924 -0
vn -0.003921509 -0.9999924 -0
vn -0.003921509 -0.9999924 -0
vn 0.0039215684 -0.9999924 -0
vn 0.0039215684 -0.9999924 -0
vn -0.003921509 -0.9999924 -0
vn -0.003921509 -0.9999924 -0
vn -0.003921509 -0.9999924 -0
vn 0.0039215684 -0.9999924 -0
vn 0.0039215684 -0.9999924 -0
vn 0.0039215684 -0.9999924 -0
vn 0.0039215684 -0.9999924 -0
vn 0.0039215684 -0.9999924 -0
vn -0.003921509 -0.9999924 -0
vn -0.003921509 -0.9999924 -0
vn -0.003921509 -0.9999924 -0
vn -0.003921509 -0.9999924 -0
vn -0.003921509 -0.9999924 -0
vn 0.0039215684 -0.9999924 -0
vn 0.0039215684 -0.9999924 -0
vn -0.59215224 -0.6705831 0.44684902
vn -0.27058613 -0.52940774 0.80405885
vn -0.36470306 -0.70195544 0.61175996
vn -0.003921509 -0.49019235 0.87160546
vn 0.0274508 -0.858817 0.51154655
vn -0.3254876 -0.019607723 0.94534296
vn -0.466663 -0.0274508 0.8840091
vn -0.466663 0.003921509 0.8844265
vn -0.30980146 0.003921509 0.9507932
vn 0.10588157 0.003921509 0.994371
vn 0.121567726 -0.019607723 0.99238944
vn 0.49803543 -0.019607723 0.86693496
vn 0.25490004 0.003921509 0.9669595
vn 0.4431339 -0.4745062 0.76057625
vn 0.3725462 -0.858817 0.3516287
vn -0.027440554 -0.9996234 -0
vn -0.16862607 -0.960777 0.22016545
vn -0.30195844 -0.9529339 0.027167708
vn -0.23137069 -0.93724775 -0.2608337
vn 0.2313708 -0.8431308 -0.4853843
vn 0.39607543 -0.8509739 -0.34491697
vn 0.5686231 -0.5843093 -0.5790081
vn 0.52940774 -0.8431308 -0.09411613
vn 0.76470006 -0.5058785 -0.39915007
vn 0.69411236 -0.043136954 -0.71857303
vn 0.86666006 -0.49803543 0.029343884
vn 0.76470006 -0.48234928 0.42728564
vn 0.7803862 -0.019607723 -0.62499034
vn 0.6862693 -0.0039215684 -0.727337
vn 0.79607236 0.003921509 -0.6051888
vn 0.94509083 0.003921509 -0.32678422
vn 0.94509083 -0.0274508 -0.3256528
vn 0.9921493 -0.019607723 0.123512425
vn 0.9921493 0.003921509 0.124997616
vn 0.86666006 -0.019607723 0.49851367
vn 0.96862006 0.003921509 0.24851513
vn 0.7097985 0.003921509 0.70439386
vn 0.7097985 0.003921509 0.70439386
vn 0.0039215684 -0.9999924 -0
vn 0.0039215684 -0.9999924 -0
vn 0.0039215684 -0.9999924 -0
vn -0.003921509 -0.9999924 -0
vn -0.003921509 -0.9999924 -0
vn 0.0039215684 -0.9999924 -0
vn 0.0039215684 -0.9999924 -0
vn 0.0039215684 -0.9999924 -0
vn -0.003921509 -0.9999924 -0
vn -0.003921509 -0.9999924 -0
vn 0.0039215684 -0.7097985 -0.70439386
vn 0.0039215684 -0.7097985 -0.70439386
vn -0.003921509 -0.70195544 -0.71221006
vn -0.003921509 -0.70195544 -0.71221006
vn 0.5058785 -0.5764662 -0.6416959
vn 0.5058785 -0.5764662 -0.6416959
vn 0.5058785 -0.5764662 -0.6416959
vn 0.5058785 -0.5764662 -0.6416959
vn 0.5058785 -0.5764662 -0.6416959
vn 0.5137216 -0.5843093 -0.62822986
vn -0.23921382 -0.96862006 -0.067467675
vn -0.035272125 -0.9993777 -0
vn -0.24705684 -0.96862006 -0.027167708
vn -0.11372459 -0.9921493 0.052024297
vn -0.20784152 -0.97646314 -0.057633735
vn -0.27058613 -0.9529339 0.13674839
vn -0.027440554 -0.9996234 -0
vn -0.16862607 -0.97646314 0.13448049
vn -0.027440554 -0.9996234 -0
vn -0.003921509 -0.9999924 -0
vn -0.003921509 -0.9999924 -0
vn -0.003921509 -0.9999924 -0
vn -0.003921509 -0.9999924 -0
vn -0.003921509 -0.9999924 -0
vn -0.003921509 -0.9999924 -0
vn 0.0039215684 -0.9999924 -0
vn -0.1764692 -0.96862006 -0.17502499
vn 0.45097697 -0.6705831 0.5890145
vn 0.80391544 -0.52940774 0.27101183
vn 0.6078385 -0.70195544 0.37120202
vn 0.87230587 -0.4889607 -0
vn 0.5058785 -0.858817 -0.080748565
vn 0.94509083 -0.019607723 0.326219
vn 0.8823462 -0.0274508 0.46979955
vn 0.8823462 0.003921509 0.4705845
vn 0.9529339 0.003921509 0.30315277
vn 0.9921493 0.003921509 -0.124997616
vn 0.9921493 -0.019607723 -0.123512425
vn 0.86666006 -0.019607723 -0.49851367
vn 0.96862006 0.003921509 -0.24851513
vn 0.76470006 -0.4745062 -0.43597904
vn 0.34901696 -0.858817 -0.37499413
vn -0.066518985 -0.9977852 -0
vn 0.20784158 -0.960777 0.18360138
vn 0.09019542 -0.9529339 0.28945082
vn -0.27058613 -0.93724775 0.21988587
vn -0.48234916 -0.8431308 -0.2376335
vn -0.34117377 -0.8509739 -0.3993043
vn -0.5843092 -0.5843093 -0.5631744
vn -0.003921509 -0.8431308 -0.53769416
vn -0.38823223 -0.5058785 -0.7703003
vn -0.7176415 -0.043136954 -0.69507545
vn 0.011764646 -0.49803543 -0.8670769
vn 0.42744774 -0.48234928 -0.7646094
vn -0.62352455 -0.019607723 -0.78155786
vn -0.7254846 -0.0039215684 -0.68822724
vn -0.6078384 0.003921509 -0.7940511
vn -0.3176446 0.003921509 -0.9482017
vn -0.3176446 -0.0274508 -0.94781244
vn 0.098038495 -0.019607723 -0.99498945
vn 0.098038495 0.003921509 -0.9951749
vn 0.49803543 -0.019607723 -0.86693496
vn 0.25490004 0.003921509 -0.9669595
vn 0.7097985 0.003921509 -0.70439386
vn 0.7097985 0.003921509 -0.70439386
vn 0.59215236 -0.6705831 -0.4468488
vn 0.2705862 -0.52940774 -0.8040588
vn 0.36470312 -0.70195544 -0.6117599
vn 0.0039215684 -0.49019235 -0.87160546
vn -0.02745068 -0.858817 -0.51154655
vn 0.32548773 -0.019607723 -0.94534296
vn 0.46666312 -0.0274508 -0.88400906
vn 0.46666312 0.003921509 -0.8844265
vn 0.30980158 0.003921509 -0.95079315
vn -0.10588145 0.003921509 -0.99437106
vn -0.12156761 -0.019607723 -0.9923895
vn -0.4980353 -0.019607723 -0.866935
vn -0.25489998 0.003921509 -0.9669595
vn -0.44313383 -0.4745062 -0.76057625
vn -0.37254608 -0.858817 -0.35162878
vn 0.027440673 -0.9996234 -0
vn 0.16862619 -0.960777 -0.22016531
vn 0.3019585 -0.9529339 -0.02716661
vn 0.2313708 -0.93724775 0.26083362
vn -0.23137069 -0.8431308 0.48538435
vn -0.39607537 -0.8509739 0.34491697
vn -0.56862307 -0.5843093 0.57900816
vn -0.5294076 -0.8431308 0.09411676
vn -0.76469994 -0.5058785 0.39915028
vn -0.6941123 -0.043136954 0.71857315
vn -0.86666 -0.49803543 -0.029345917
vn -0.76469994 -0.48234928 -0.42728585
vn -0.7803861 -0.019607723 0.62499046
vn -0.68626916 -0.0039215684 0.72733706
vn -0.79607224 0.003921509 0.6051889
vn -0.9450908 0.003921509 0.3267844
vn -0.9450908 -0.0274508 0.325653
vn -0.99214923 -0.019607723 -0.12351291
vn -0.99214923 0.003921509 -0.12499809
vn -0.86666 -0.019607723 -0.4985138
vn -0.96861994 0.003921509 -0.2485156
vn -0.70979846 0.003921509 -0.7043939
vn -0.70979846 0.003921509 -0.7043939
vn -0.45097685 -0.6705831 -0.5890146
vn -0.8039154 -0.52940774 -0.27101204
vn -0.6078384 -0.70195544 -0.3712022
vn -0.87230575 -0.4889607 -0
vn -0.50587845 -0.858817 0.08074894
vn -0.9450908 -0.019607723 -0.32621917
vn -0.88234615 -0.0274508 -0.46979967
vn -0.88234615 0.003921509 -0.47058466
vn -0.9529338 0.003921509 -0.30315316
vn -0.99214923 0.003921509 0.12499809
vn -0.99214923 -0.019607723 0.12351291
vn -0.86666 -0.019607723 0.4985138
vn -0.96861994 0.003921509 0.2485156
vn -0.76469994 -0.4745062 0.43597925
vn -0.3490169 -0.858817 0.37499413
vn 0.066519044 -0.9977852 -0
vn -0.20784152 -0.960777 -0.18360138
vn -0.0901953 -0.9529339 -0.28945082
vn 0.2705862 -0.93724775 -0.21988574
vn 0.48234928 -0.8431308 0.23763324
vn 0.3411739 -0.8509739 0.39930415
vn 0.5843093 -0.5843093 0.56317437
vn 0.0039215684 -0.8431308 0.53769416
vn 0.38823235 -0.5058785 0.7703003
vn 0.7176416 -0.043136954 0.69507533
vn -0.011764526 -0.49803543 0.8670769
vn -0.42744768 -0.48234928 0.7646095
vn 0.62352467 -0.019607723 0.7815578
vn 0.72548467 -0.0039215684 0.6882271
vn 0.6078385 0.003921509 0.794051
vn 0.31764466 0.003921509 0.9482017
vn 0.31764466 -0.0274508 0.9478124
vn -0.098038435 -0.019607723 0.99498945
vn -0.098038435 0.003921509 0.9951749
vn -0.4980353 -0.019607723 0.866935
vn -0.25489998 0.003921509 0.9669595
vn -0.70979846 -0.0039215684 0.7043939
vn -0.70979846 -0.0039215684 0.7043939
vn 0.52156466 -0.0039215684 -0.85320276
vn 0.5058785 -0.0039215684 -0.8625958
vn 0.5137216 -0.0039215684 -0.857948
vn 0.52156466 -0.0039215684 -0.85320276
vn 0.5372508 -0.0039215684 -0.8434134
vn 0.5372508 0.003921509 -0.8434134
vn 0.5372508 -0.0039215684 -0.8434134
vn 0.8509739 -0.0039215684 0.52519333
vn 0.858817 -0.0039215684 0.51226753
vn 0.858817 -0.0039215684 0.51226753
vn 0.8509739 -0.0039215684 0.52519333
vn 0.8431308 -0.0039215684 0.53769416
vn 0.8431308 0.003921509 0.53769416
vn 0.8431308 -0.0039215684 0.53769416
vn -0.85097384 -0.0039215684 -0.5251934
vn -0.85881686 -0.0039215684 -0.5122677
vn -0.85881686 -0.0039215684 -0.5122677
vn -0.85097384 -0.0039215684 -0.5251934
vn -0.8431307 -0.0039215684 -0.5376944
vn -0.8431307 0.003921509 -0.5376944
vn -0.8431307 -0.0039215684 -0.5376944
vn -0.5215646 -0.0039215684 0.85320276
vn -0.50587845 -0.0039215684 0.86259586
vn -0.51372147 -0.0039215684 0.85794806
vn -0.5215646 -0.0039215684 0.85320276
vn -0.53725076 -0.0039215684 0.8434135
vn -0.53725076 0.003921509 0.8434135
vn -0.53725076 -0.0039215684 0.8434135
vn -0.003921509 -0.7097985 -0.70439386
vn -0.003921509 -0.70195544 -0.71221006
vn 0.0039215684 -0.70195544 -0.71221006
vn -0.003921509 -0.7097985 -0.70439386
vn -0.50587845 -0.5686231 -0.6486561
vn -0.50587845 -0.5686231 -0.6486561
vn -0.4980353 -0.56078005 -0.6614277
vn -0.4980353 -0.56078005 -0.6614277
vn -0.4980353 -0.56078005 0.6614277
vn -0.50587845 -0.5686231 0.6486561
vn -0.50587845 -0.5686231 0.6486561
vn -0.4980353 -0.56078005 0.6614277
vn 0.83528775 -0.011764646 -0.54968715
vn 0.8509739 -0.0039215684 -0.52519333
vn 0.83528775 -0.0039215684 -0.549799
vn 0.83528775 -0.0039215684 -0.549799
vn 0.8509739 0.003921509 -0.52519333
vn 0.8823462 0.003921509 -0.4705845
vn 0.8823462 0.003921509 -0.4705845
vn 0.8901893 0.003921509 -0.455574
vn 0.8901893 0.003921509 -0.455574
vn 0.79607236 -0.52156466 0.3069839
vn 0.79607236 -0.52156466 0.3069839
vn 0.79607236 -0.52156466 0.3069839
vn 0.79607236 -0.52156466 0.3069839
vn -0.8352877 -0.011764646 0.54968727
vn -0.85097384 -0.0039215684 0.5251934
vn -0.8352877 -0.0039215684 0.54979914
vn -0.8352877 -0.0039215684 0.54979914
vn -0.85097384 0.003921509 0.5251934
vn -0.88234615 0.003921509 0.47058466
vn -0.88234615 0.003921509 0.47058466
vn -0.8901892 0.003921509 0.45557418
vn -0.8901892 0.003921509 0.45557418
vn -0.79607224 -0.52156466 -0.3069842
vn -0.79607224 -0.52156466 -0.3069842
vn -0.79607224 -0.52156466 -0.3069842
vn -0.79607224 -0.52156466 -0.3069842
vn -0.65489686 -0.56078005 -0.5065924
vn -0.64705384 -0.5686231 -0.5079263
vn -0.64705384 -0.5686231 -0.5079263
vn -0.66274 -0.56078005 -0.49628767
vn 0.043136954 -0.7411708 -0.66992915
vn 0.09019542 -0.7411708 -0.66522974
vn 0.08235234 -0.7411708 -0.6662461
vn 0.043136954 -0.7411708 -0.66992915
vn -0.043136835 -0.7411708 -0.66992915
vn -0.043136835 -0.7411708 -0.66992915
vn -0.08235228 -0.7411708 -0.6662462
vn -0.0901953 -0.7411708 -0.66522974
vn 0.0039215684 -0.7097985 0.70439386
vn 0.0039215684 -0.70195544 0.71221006
vn 0.0039215684 -0.70195544 0.71221006
vn -0.003921509 -0.7097985 0.70439386
vn 0.552937 -0.011764646 0.83314
vn 0.52156466 -0.0039215684 0.85320276
vn 0.552937 -0.0039215684 0.83321387
vn 0.552937 -0.0039215684 0.83321387
vn 0.52156466 0.003921509 0.85320276
vn 0.4745062 0.003921509 0.8802434
vn 0.4745062 0.003921509 0.8802434
vn 0.45097697 0.003921509 0.892527
vn 0.45097697 0.003921509 0.892527
vn -0.30195844 -0.52156466 0.7979921
vn -0.30195844 -0.52156466 0.7979921
vn -0.30195844 -0.52156466 0.7979921
vn -0.30195844 -0.52156466 0.7979921
vn -0.5529369 -0.011764646 -0.8331401
vn -0.5215646 -0.0039215684 -0.85320276
vn -0.5529369 -0.0039215684 -0.8332139
vn -0.5529369 -0.0039215684 -0.8332139
vn -0.5215646 0.003921509 -0.85320276
vn -0.47450614 0.003921509 -0.8802435
vn -0.47450614 0.003921509 -0.8802435
vn -0.45097685 0.003921509 -0.89252704
vn -0.45097685 0.003921509 -0.89252704
vn 0.3019585 -0.52156466 -0.79799205
vn 0.3019585 -0.52156466 -0.79799205
vn 0.3019585 -0.52156466 -0.79799205
vn 0.3019585 -0.52156466 -0.79799205
vn -0.30195844 -0.52156466 -0.7979921
vn -0.30195844 -0.52156466 -0.7979921
vn -0.30195844 -0.52156466 -0.7979921
vn -0.30980146 -0.52156466 -0.7949801
vn 0.654897 -0.56078005 0.5065922
vn 0.6470539 -0.5686231 0.50792617
vn 0.6470539 -0.5686231 0.50792617
vn 0.66274005 -0.56078005 0.4962876
vn -0.043136835 -0.7411708 0.66992915
vn -0.0901953 -0.7411708 0.66522974
vn -0.08235228 -0.7411708 0.6662462
vn -0.043136835 -0.7411708 0.66992915
vn 0.043136954 -0.7411708 0.66992915
vn 0.043136954 -0.7411708 0.66992915
vn 0.08235234 -0.7411708 0.6662461
vn 0.09019542 -0.7411708 0.66522974
vn 0.3019585 -0.52156466 0.79799205
vn 0.3019585 -0.52156466 0.79799205
vn 0.3019585 -0.52156466 0.79799205
vn 0.30980158 -0.52156466 0.79498005
vn 0.6470539 -0.5686231 -0.50792617
vn 0.6470539 -0.5686231 -0.50792617
vn 0.654897 -0.56078005 -0.5065922
vn 0.66274005 -0.56078005 -0.4962876
vn -0.79607224 -0.52156466 0.3069842
vn -0.79607224 -0.52156466 0.3069842
vn -0.79607224 -0.52156466 0.3069842
vn -0.79607224 -0.52156466 0.3069842
vn -0.64705384 -0.5686231 0.5079263
vn -0.64705384 -0.5686231 0.5079263
vn -0.65489686 -0.56078005 0.5065924
vn -0.66274 -0.56078005 0.49628767
vn 0.79607236 -0.52156466 -0.3069839
vn 0.79607236 -0.52156466 -0.3069839
vn 0.79607236 -0.52156466 -0.3069839
vn 0.79607236 -0.52156466 -0.3069839
vn -0.670583 -0.7411708 -0.03137278
vn -0.66274 -0.7411708 -0.10696508
vn -0.66274 -0.7411708 -0.10696508
vn -0.670583 -0.7411708 -0.03137278
vn -0.670583 -0.7411708 0.03137278
vn -0.670583 -0.7411708 0.03137278
vn -0.66274 -0.7411708 0.10696508
vn -0.66274 -0.7411708 0.10696508
vn 0.49803543 -0.56078005 -0.66142756
vn 0.5058785 -0.5686231 -0.6486561
vn 0.5058785 -0.5686231 -0.6486561
vn 0.49803543 -0.56078005 -0.66142756
vn 0.5058785 -0.5686231 0.6486561
vn 0.5058785 -0.5686231 0.6486561
vn 0.49803543 -0.56078005 0.66142756
vn 0.49803543 -0.56078005 0.66142756
vn 0.39607543 -0.7176416 -0.5728131
vn 0.45882004 -0.7097985 -0.5344813
vn 0.41176158 -0.70195544 -0.581129
vn 0.45882004 -0.7097985 -0.5344813
vn 0.41960466 -0.6862693 -0.5941098
vn 0.5372508 -0.7097985 -0.45557392
vn 0.5372508 -0.7097985 -0.45557392
vn 0.5843093 -0.70195544 -0.4072361
vn 0.5686231 -0.7176416 -0.4020675
vn 0.59999543 -0.6784262 -0.4239615
vn 0.21568465 -0.5764662 -0.78814137
vn 0.21568465 -0.5764662 -0.78814137
vn 0.22352773 -0.5764662 -0.7859529
vn 0.21568465 -0.5843093 -0.78234446
vn 0.21568465 -0.5843093 -0.78234446
vn 0.21568465 -0.5843093 -0.78234446
vn 0.21568465 -0.5843093 -0.78234446
vn 0.21568465 -0.5764662 -0.78814137
vn 0.2313708 -0.0039215684 -0.9728577
vn 0.26274312 -0.0039215684 -0.9648579
vn 0.2705862 -0.0039215684 -0.96268773
vn 0.29411542 -0.0039215684 -0.95576185
vn 0.26274312 -0.0039215684 -0.9648579
vn 0.52156466 -0.7411708 0.42265368
vn 0.52940774 -0.7411708 0.41278723
vn 0.48234928 -0.7490139 0.45422173
vn 0.5058785 -0.7490139 0.4278611
vn 0.56078005 -0.7490139 0.3528512
vn 0.45097697 -0.7411708 0.49727818
vn 0.56078005 -0.756857 0.33569825
vn 0.5843093 -0.7411708 0.33052763
vn 0.59999543 -0.7411708 0.30111676
vn 0.42744774 -0.7490139 0.5062278
vn 0.42744774 -0.7411708 0.517643
vn 0.38823235 -0.7411708 0.5476691
vn 0.34901696 -0.7490139 0.56317437
vn 0.3411739 -0.756857 0.5574656
vn 0.31764466 -0.7411708 0.5914116
vn 0.3019585 -0.7411708 0.59957224
vn 0.42744774 -0.7411708 -0.517643
vn 0.41176158 -0.7411708 -0.53020585
vn 0.45882004 -0.7490139 -0.47797734
vn 0.41960466 -0.7490139 -0.51274765
vn 0.34901696 -0.7490139 -0.56317437
vn 0.49019235 -0.7411708 -0.45866904
vn 0.3411739 -0.756857 -0.5574656
vn 0.31764466 -0.7411708 -0.5914116
vn 0.3019585 -0.7411708 -0.59957224
vn 0.5058785 -0.7490139 -0.4278611
vn 0.52156466 -0.7411708 -0.42265368
vn 0.5450939 -0.7411708 -0.39183983
vn 0.56078005 -0.7490139 -0.3528512
vn 0.56078005 -0.756857 -0.33569825
vn 0.5843093 -0.7411708 -0.33052763
vn 0.59999543 -0.7411708 -0.30111676
vn -0.42744768 -0.7411708 0.5176431
vn -0.41176152 -0.7411708 0.5302059
vn -0.45882 -0.7490139 0.4779774
vn -0.41960454 -0.7490139 0.51274776
vn -0.3490169 -0.7490139 0.56317437
vn -0.4901923 -0.7411708 0.4586691
vn -0.34117377 -0.756857 0.5574657
vn -0.3176446 -0.7411708 0.59141165
vn -0.30195844 -0.7411708 0.5995723
vn -0.50587845 -0.7490139 0.42786115
vn -0.5215646 -0.7411708 0.42265376
vn -0.5450938 -0.7411708 0.39184
vn -0.5607799 -0.7490139 0.35285136
vn -0.5607799 -0.756857 0.33569843
vn -0.5843092 -0.7411708 0.33052772
vn -0.5999954 -0.7411708 0.30111694
vn -0.5215646 -0.7411708 -0.42265376
vn -0.5294076 -0.7411708 -0.41278738
vn -0.48234916 -0.7490139 -0.45422184
vn -0.50587845 -0.7490139 -0.42786115
vn -0.5607799 -0.7490139 -0.35285136
vn -0.45097685 -0.7411708 -0.4972783
vn -0.5607799 -0.756857 -0.33569843
vn -0.5843092 -0.7411708 -0.33052772
vn -0.5999954 -0.7411708 -0.30111694
vn -0.42744768 -0.7490139 -0.5062279
vn -0.42744768 -0.7411708 -0.5176431
vn -0.38823223 -0.7411708 -0.5476692
vn -0.3490169 -0.7490139 -0.56317437
vn -0.34117377 -0.756857 -0.5574657
vn -0.3176446 -0.7411708 -0.59141165
vn -0.30195844 -0.7411708 -0.5995723
vn 0.7882293 -0.5764662 -0.21536323
vn 0.7882293 -0.5764662 -0.21536323
vn 0.7882293 -0.5764662 -0.21536323
vn 0.7882293 -0.5764662 -0.21536323
vn 0.7882293 -0.5764662 -0.21536323
vn 0.7882293 -0.5843093 -0.19307318
vn 0.7882293 -0.5764662 -0.21536323
vn 0.7882293 -0.5764662 -0.21536323
vn 0.96862006 -0.0039215684 -0.24851513
vn 0.97646314 -0.0039215684 -0.21564874
vn 0.960777 -0.0039215684 -0.27729443
vn 0.9529339 -0.0039215684 -0.30315277
vn 0.96862006 -0.0039215684 -0.24851513
vn 0.63136774 -0.72548467 0.27394655
vn 0.6470539 -0.70195544 0.2976236
vn 0.59999543 -0.76470006 0.23503047
vn 0.6784262 -0.7176416 0.15725271
vn 0.6392108 -0.76470006 0.08150715
vn 0.6862693 -0.72548467 -0.052023727
vn 0.70710677 -0.70710677 -0
vn 0.6392108 -0.76470006 -0.08150715
vn 0.6784262 -0.7176416 -0.15725271
vn 0.59999543 -0.76470006 -0.23503047
vn 0.63136774 -0.72548467 -0.27394655
vn 0.6470539 -0.70195544 -0.2976236
vn 0.08235234 -0.49803543 0.8632374
vn 0.08235234 -0.49803543 0.8632374
vn 0.08235234 -0.49803543 0.8632374
vn 0.08235234 -0.49803543 0.8632374
vn -0.35685992 -0.7097985 0.6073196
vn -0.35685992 -0.7097985 0.6073196
vn -0.35685992 -0.7097985 0.6073196
vn -0.35685992 -0.7097985 0.6073196
vn -0.27842915 -0.72548467 0.6294038
vn -0.2941153 -0.70195544 0.64865613
vn -0.23137069 -0.76470006 0.6014162
vn -0.1764692 -0.7176416 0.6736833
vn -0.0901953 -0.76470006 0.6380428
vn -0.003921509 -0.72548467 0.6882271
vn -0.003921509 -0.7097985 0.70439386
vn 0.09019542 -0.76470006 0.6380428
vn 0.17646927 -0.7176416 0.6736833
vn 0.2313708 -0.76470006 0.6014161
vn 0.27842927 -0.72548467 0.62940377
vn 0.29411542 -0.70195544 0.6486561
vn -0.6313677 -0.72548467 -0.2739468
vn -0.64705384 -0.70195544 -0.29762378
vn -0.5999954 -0.76470006 -0.23503073
vn -0.67842615 -0.7176416 -0.15725291
vn -0.6392107 -0.76470006 -0.08150788
vn -0.68626916 -0.72548467 -0.05202487
vn -0.70710677 -0.7071068 -0
vn -0.6392107 -0.76470006 0.08150788
vn -0.67842615 -0.7176416 0.15725291
vn -0.5999954 -0.76470006 0.23503073
vn -0.6313677 -0.72548467 0.2739468
vn -0.64705384 -0.70195544 0.29762378
vn 0.27842927 -0.72548467 -0.62940377
vn 0.29411542 -0.70195544 -0.6486561
vn 0.2313708 -0.76470006 -0.6014161
vn 0.17646927 -0.7176416 -0.6736833
vn 0.09019542 -0.76470006 -0.6380428
vn -0.003921509 -0.72548467 -0.6882271
vn -0.003921509 -0.7097985 -0.70439386
vn -0.0901953 -0.76470006 -0.6380428
vn -0.1764692 -0.7176416 -0.6736833
vn -0.23137069 -0.76470006 -0.6014162
vn -0.27842915 -0.72548467 -0.6294038
vn -0.2941153 -0.70195544 -0.64865613
vn -0.08235228 -0.49803543 -0.8632374
vn -0.08235228 -0.49803543 -0.8632374
vn -0.08235228 -0.49803543 -0.8632374
vn -0.08235228 -0.49803543 -0.8632374
vn 0.35686004 -0.7097985 -0.60731953
vn 0.35686004 -0.7097985 -0.60731953
vn 0.35686004 -0.7097985 -0.60731953
vn 0.35686004 -0.7097985 -0.60731953
vn -0.85881686 -0.49803543 0.11997624
vn -0.85881686 -0.49803543 0.11997624
vn -0.85881686 -0.49803543 0.11997624
vn -0.85881686 -0.49803543 0.11997624
vn -0.6156815 -0.7097985 -0.34223142
vn -0.6156815 -0.7097985 -0.34223142
vn -0.6156815 -0.7097985 -0.34223142
vn -0.6156815 -0.7097985 -0.34223142
vn 0.858817 -0.49803543 -0.11997549
vn 0.858817 -0.49803543 -0.11997549
vn 0.858817 -0.49803543 -0.11997549
vn 0.858817 -0.49803543 -0.11997549
vn 0.6156816 -0.7097985 0.34223124
vn 0.6156816 -0.7097985 0.34223124
vn 0.6156816 -0.7097985 0.34223124
vn 0.6156816 -0.7097985 0.34223124
vn 0.6156816 -0.7097985 -0.34223124
vn 0.6156816 -0.7097985 -0.34223124
vn 0.6156816 -0.7097985 -0.34223124
vn 0.6156816 -0.7097985 -0.34223124
vn 0.858817 -0.49803543 0.11997549
vn 0.858817 -0.49803543 0.11997549
vn 0.858817 -0.49803543 0.11997549
vn 0.858817 -0.49803543 0.11997549
vn 0.35686004 -0.7097985 0.60731953
vn 0.35686004 -0.7097985 0.60731953
vn 0.35686004 -0.7097985 0.60731953
vn 0.35686004 -0.7097985 0.60731953
vn -0.08235228 -0.49803543 0.8632374
vn -0.08235228 -0.49803543 0.8632374
vn -0.08235228 -0.49803543 0.8632374
vn -0.08235228 -0.49803543 0.8632374
vn -0.6156815 -0.7097985 0.34223142
vn -0.6156815 -0.7097985 0.34223142
vn -0.6156815 -0.7097985 0.34223142
vn -0.6156815 -0.7097985 0.34223142
vn -0.85881686 -0.49803543 -0.11997624
vn -0.85881686 -0.49803543 -0.11997624
vn -0.85881686 -0.49803543 -0.11997624
vn -0.85881686 -0.49803543 -0.11997624
vn 0.08235234 -0.49803543 -0.8632374
vn 0.08235234 -0.49803543 -0.8632374
vn 0.08235234 -0.49803543 -0.8632374
vn 0.08235234 -0.49803543 -0.8632374
vn -0.35685992 -0.7097985 -0.6073196
vn -0.35685992 -0.7097985 -0.6073196
vn -0.35685992 -0.7097985 -0.6073196
vn -0.35685992 -0.7097985 -0.6073196
vn 0.6705831 -0.7411708 0.031369932
vn 0.66274005 -0.7411708 0.106964804
vn 0.66274005 -0.7411708 0.106964804
vn 0.6705831 -0.7411708 0.031369932
vn 0.6705831 -0.7411708 -0.031369932
vn 0.6705831 -0.7411708 -0.031369932
vn 0.66274005 -0.7411708 -0.106964804
vn 0.66274005 -0.7411708 -0.106964804
vn -0.066666126 -0.63136774 -0.7726127
vn 0.13725388 -0.52156466 -0.84209955
vn 0.13725388 -0.52156466 -0.84209955
vn -0.074509144 -0.63136774 -0.7718958
vn 0.0274508 -0.59215236 -0.80535835
vn 0.035293877 -0.59215236 -0.80505276
vn 0.0039215684 -0.59999543 -0.7999938
vn 0.0039215684 -0.59999543 -0.7999938
vn -0.30195844 -0.7097985 -0.6364018
vn -0.30195844 -0.7097985 -0.6364018
vn -0.7725431 -0.63136774 0.06746834
vn -0.8431307 -0.52156466 -0.13077052
vn -0.8431307 -0.52156466 -0.13077052
vn -0.7725431 -0.63136774 0.06746834
vn -0.8039154 -0.59215236 -0.055458628
vn -0.80789137 -0.58933145 -0
vn -0.8014051 -0.5981219 -0
vn -0.8014051 -0.5981219 -0
vn -0.6392107 -0.7097985 0.29596582
vn -0.6392107 -0.7097985 0.29596582
vn 0.77254313 -0.63136774 -0.06746746
vn 0.8431308 -0.52156466 0.13076961
vn 0.8431308 -0.52156466 0.13076961
vn 0.77254313 -0.63136774 -0.06746746
vn 0.80391544 -0.59215236 0.05545755
vn 0.80789137 -0.5893314 -0
vn 0.80140513 -0.5981219 -0
vn 0.80140513 -0.5981219 -0
vn 0.6392108 -0.7097985 -0.2959656
vn 0.6392108 -0.7097985 -0.2959656
vn 0.066666186 -0.63136774 0.7726127
vn -0.13725376 -0.52156466 0.8420996
vn -0.13725376 -0.52156466 0.8420996
vn 0.07450926 -0.63136774 0.7718958
vn -0.02745068 -0.59215236 0.80535835
vn -0.035293818 -0.59215236 0.80505276
vn -0.003921509 -0.59999543 0.7999938
vn -0.003921509 -0.59999543 0.7999938
vn 0.3019585 -0.7097985 0.6364017
vn 0.3019585 -0.7097985 0.6364017
vn -0.13725376 -0.52156466 -0.8420996
vn -0.13725376 -0.52156466 -0.8420996
vn 0.066666186 -0.63136774 -0.7726127
vn 0.07450926 -0.63136774 -0.7718958
vn -0.02745068 -0.59215236 -0.80535835
vn -0.035293818 -0.59215236 -0.80505276
vn -0.003921509 -0.59999543 -0.7999938
vn 0.0039215684 -0.59999543 -0.7999938
vn 0.3019585 -0.7097985 -0.6364017
vn 0.3019585 -0.7097985 -0.6364017
vn -0.8431307 -0.52156466 0.13077052
vn -0.8431307 -0.52156466 0.13077052
vn -0.7725431 -0.63136774 -0.06746834
vn -0.7725431 -0.63136774 -0.06746834
vn -0.8039154 -0.59215236 0.055458628
vn -0.80789137 -0.58933145 -0
vn -0.8014051 -0.5981219 -0
vn -0.8014051 -0.5981219 -0
vn -0.6392107 -0.7097985 -0.29596582
vn -0.6392107 -0.7097985 -0.29596582
vn 0.8431308 -0.52156466 -0.13076961
vn 0.8431308 -0.52156466 -0.13076961
vn 0.77254313 -0.63136774 0.06746746
vn 0.77254313 -0.63136774 0.06746746
vn 0.80391544 -0.59215236 -0.05545755
vn 0.80789137 -0.5893314 -0
vn 0.80140513 -0.5981219 -0
vn 0.80140513 -0.5981219 -0
vn 0.6392108 -0.7097985 0.2959656
vn 0.6392108 -0.7097985 0.2959656
vn 0.13725388 -0.52156466 0.84209955
vn 0.13725388 -0.52156466 0.84209955
vn -0.066666126 -0.63136774 0.7726127
vn -0.074509144 -0.63136774 0.7718958
vn 0.0274508 -0.59215236 0.80535835
vn 0.035293877 -0.59215236 0.80505276
vn 0.0039215684 -0.59999543 0.7999938
vn -0.003921509 -0.59999543 0.7999938
vn -0.30195844 -0.7097985 0.6364018
vn -0.30195844 -0.7097985 0.6364018
vn -0.6078384 -0.5764662 -0.54609454
vn -0.65489686 -0.63136774 -0.415313
vn -0.50587845 -0.7097985 -0.49017656
vn -0.7882292 -0.36470312 -0.49566758
vn -0.7176415 -0.24705696 -0.65111715
vn -0.88234615 -0.41176158 -0.22785453
vn 0.27842927 -0.76470006 0.5811291
vn 0.28627235 -0.756857 0.5875506
vn 0.23921388 -0.7097985 0.6625427
vn 0.14509696 -0.89803237 0.41531283
vn -0.074509144 -0.6784262 0.73088044
vn -0.043136835 -0.35686004 0.9331614
vn -0.003921509 -0.9294047 0.36904138
vn 0.1294108 -0.93724775 0.32375836
vn -0.2941153 -0.6862693 0.6652298
vn -0.30980146 -0.7097985 0.6326209
vn -0.51372147 -0.70195544 0.49330398
vn -0.12941074 -0.93724775 0.32375845
vn -0.4980353 -0.7097985 0.49814343
vn -0.6156815 -0.70195544 0.35804307
vn -0.4352907 -0.7097985 0.5538123
vn -0.36470306 -0.08235234 0.9274749
vn -0.003921509 -0.019607723 0.9998001
vn 0.38038927 0.003921509 0.92481816
vn -0.003921509 0.003921509 0.9999846
vn -0.3803892 0.003921509 0.9248182
vn 0.38038927 0.003921509 0.92481816
vn -0.70979846 0.003921509 0.7043939
vn 0.7097985 0.003921509 0.70439386
vn 0.52156466 0.34117377 0.7820299
vn 0.7097985 0.003921509 0.70439386
vn -0.70979846 0.003921509 0.7043939
vn -0.5529369 0.11372459 0.8254257
vn -0.9215615 0.003921509 0.38821262
vn 0.9294047 -0.08235234 0.3597569
vn 0.8274447 0.11372459 0.54991096
vn 0.9215616 0.003921509 0.38821238
vn 0.9999924 0.003921509 -0
vn -0.9215615 0.003921509 0.38821262
vn -0.7803861 0.34117377 0.52402097
vn -0.99999225 0.003921509 -0.00034492963
vn -0.9998079 -0.019604107 -0
vn -0.9294046 -0.35686004 -0.09411669
vn -0.9294046 -0.08235234 -0.35975707
vn -0.9215615 0.003921509 -0.38821262
vn -0.70979846 0.003921509 -0.7043939
vn -0.70979846 0.003921509 -0.7043939
vn -0.82744455 0.11372459 -0.5499111
vn -0.3803892 0.003921509 -0.9248182
vn -0.66274 -0.6862693 -0.29968345
vn -0.3803892 0.003921509 -0.9248182
vn -0.5215646 0.34117377 -0.7820299
vn -0.003921509 0.003921509 -0.9999846
vn -0.003921509 -0.019607723 -0.9998001
vn 0.043136954 -0.35686004 -0.9331614
vn 0.36470312 -0.08235234 -0.9274749
vn 0.38038927 0.003921509 -0.92481816
vn 0.7097985 0.003921509 -0.70439386
vn 0.7097985 0.003921509 -0.70439386
vn 0.552937 0.11372459 -0.8254256
vn 0.9215616 0.003921509 -0.38821238
vn 0.29411542 -0.6862693 -0.66522974
vn 0.9215616 0.003921509 -0.38821238
vn 0.7803862 0.34117377 -0.52402085
vn 0.9998079 -0.019604106 -0
vn 0.9294047 -0.35686004 0.094116054
vn 0.66274005 -0.6862693 0.29968333
vn 0.07450926 -0.6784262 -0.73088044
vn -0.23921382 -0.7097985 -0.6625427
vn 0.73332775 -0.6784262 0.0443658
vn 0.66274005 -0.7097985 -0.23866653
vn 0.30980158 -0.7097985 -0.6326208
vn 0.5137216 -0.70195544 -0.49330384
vn 0.49803543 -0.7097985 -0.49814332
vn 0.4352908 -0.7097985 -0.5538122
vn 0.6156816 -0.70195544 -0.3580429
vn 0.6392108 -0.7097985 0.2959656
vn 0.49019235 -0.70195544 0.5166914
vn 0.49803543 -0.7097985 0.49814332
vn 0.35686004 -0.70195544 0.616368
vn 0.552937 -0.7097985 0.4364021
vn 0.42744774 -0.89803237 -0.10404946
vn 0.59215236 -0.756857 -0.27662814
vn 0.5764662 -0.76470006 -0.28795928
vn 0.36470312 -0.9294047 0.05655585
vn 0.32548773 -0.93724775 -0.124997616
vn 0.32548773 -0.93724775 0.124997616
vn 0.24705696 -0.96862006 -0.02716661
vn 0.23921388 -0.96862006 0.067467675
vn 0.2705862 -0.960777 0.0607508
vn 0.09019542 -0.9921493 -0.086628996
vn 0.121567726 -0.9843062 -0.12791617
vn 0.098038495 -0.9843062 0.14673014
vn 0.19215542 -0.97646314 0.09795943
vn 0.24705696 -0.93724775 0.2460275
vn 0.14509696 -0.9843062 0.100439765
vn 0.14509696 -0.97646314 0.15958264
vn 0.066666186 -0.9921493 0.105808415
vn 0.09019542 -0.97646314 0.19591977
vn 0.05882311 -0.96862006 0.24148494
vn 0.0039215684 -0.9999924 -0
vn -0.019607663 -0.960777 0.27662814
vn -0.074509144 -0.96862006 0.23711498
vn -0.12156761 -0.9843062 0.12791641
vn -0.12156761 -0.97646314 0.17816027
vn -0.24705684 -0.93724775 0.24602762
vn -0.098038435 -0.9843062 0.14673014
vn -0.1764692 -0.97646314 0.1240095
vn -0.3254876 -0.93724775 0.124997854
vn -0.10588145 -0.9921493 0.06655016
vn -0.19215536 -0.97646314 0.09795943
vn -0.24705684 -0.96862006 0.027167708
vn -0.0901953 -0.9921493 -0.086628996
vn -0.36470306 -0.9294047 -0.056556378
vn -0.42744768 -0.89803237 0.10405003
vn -0.27058613 -0.960777 -0.060751293
vn -0.23921382 -0.96862006 -0.067467675
vn -0.098038435 -0.9843062 -0.14673014
vn -0.7333276 -0.6784262 -0.044367142
vn -0.3254876 -0.93724775 -0.124997854
vn -0.19215536 -0.97646314 -0.09795943
vn -0.24705684 -0.93724775 -0.24602762
vn -0.1450969 -0.9843062 -0.100439765
vn -0.1450969 -0.97646314 -0.15958264
vn -0.12941074 -0.93724775 -0.32375845
vn -0.066666126 -0.9921493 -0.105808415
vn -0.0901953 -0.97646314 -0.19591977
vn -0.05882299 -0.96862006 -0.24148494
vn -0.003921509 -0.9999924 -0
vn 0.0039215684 -0.9294047 -0.36904138
vn -0.1450969 -0.89803237 -0.41531283
vn 0.019607723 -0.960777 -0.27662814
vn 0.07450926 -0.96862006 -0.23711498
vn -0.2862723 -0.756857 -0.58755064
vn -0.27842915 -0.76470006 -0.58112913
vn 0.1294108 -0.93724775 -0.32375836
vn 0.121567726 -0.97646314 -0.1781601
vn 0.24705696 -0.93724775 -0.2460275
vn 0.098038495 -0.9843062 -0.14673014
vn 0.17646927 -0.97646314 -0.1240095
vn 0.19215542 -0.97646314 -0.09795943
vn 0.10588157 -0.9921493 -0.0665497
vn -0.59215224 -0.756857 0.27662846
vn -0.66274 -0.7097985 0.23866665
vn -0.5764661 -0.76470006 0.2879595
vn -0.6392107 -0.7097985 -0.29596582
vn -0.4901923 -0.70195544 -0.51669145
vn -0.4980353 -0.7097985 -0.49814343
vn -0.35685992 -0.70195544 -0.61636806
vn -0.5529369 -0.7097985 -0.43640217
vn 0.45097697 0.003921509 -0.892527
vn 0.4745062 0.003921509 -0.8802434
vn 0.45097697 0.003921509 -0.892527
vn 0.4745062 0.003921509 -0.8802434
vn 0.52940774 0.003921509 -0.84835845
vn 0.52940774 -0.0039215684 -0.84835845
vn 0.552937 -0.0039215684 -0.83321387
vn 0.5450939 -0.0039215684 -0.83836585
vn 0.552937 -0.0039215684 -0.83321387
vn -0.45097685 0.003921509 0.89252704
vn -0.47450614 0.003921509 0.8802435
vn -0.45097685 0.003921509 0.89252704
vn -0.47450614 0.003921509 0.8802435
vn -0.5294076 0.003921509 0.8483585
vn -0.5294076 -0.0039215684 0.8483585
vn -0.5529369 -0.0039215684 0.8332139
vn -0.5450938 -0.0039215684 0.8383659
vn -0.5529369 -0.0039215684 0.8332139
vn 0.8901893 0.003921509 0.455574
vn 0.8823462 0.003921509 0.4705845
vn 0.8901893 0.003921509 0.455574
vn 0.8823462 0.003921509 0.4705845
vn 0.8509739 0.003921509 0.52519333
vn 0.8509739 -0.0039215684 0.52519333
vn 0.83528775 -0.0039215684 0.549799
vn 0.83528775 -0.0039215684 0.549799
vn 0.83528775 -0.0039215684 0.549799
vn -0.8901892 0.003921509 -0.45557418
vn -0.88234615 0.003921509 -0.47058466
vn -0.8901892 0.003921509 -0.45557418
vn -0.88234615 0.003921509 -0.47058466
vn -0.85097384 0.003921509 -0.5251934
vn -0.85097384 -0.0039215684 -0.5251934
vn -0.8352877 -0.0039215684 -0.54979914
vn -0.8352877 -0.0039215684 -0.54979914
vn -0.8352877 -0.0039215684 -0.54979914
vn 0.9999924 0.003921509 -0
vn 0.9999924 0.003921509 -0
vn 0.9999924 0.003921509 -0
vn 0.9999924 0.003921509 -0
vn 0.9999924 0.003921509 -0
vn 0.9999924 0.003921509 -0
vn 0.9999924 -0.0039215684 -0
vn 0.99723566 -0.074303865 -0
vn 0.9966261 -0.08207512 -0
vn 0.9996234 -0.027440673 -0
vn 0.9999924 0.003921509 -0
vn -0.99999225 -0.0039215684 -0.00034425134
vn -0.99999225 -0.0039215684 -0.00034425134
vn -0.99999225 -0.0039215684 -0.00034425134
vn -0.99999225 -0.0039215684 -0.00034425134
vn -0.99999225 0.003921509 -0.00034492963
vn -0.99999225 0.003921509 -0.00034492963
vn -0.99999225 -0.0039215684 -0.00034425134
vn -0.998703 -0.050914306 -0
vn -0.998703 -0.050914306 -0
vn -0.9996234 -0.027440675 -0
vn -0.9998079 -0.019604107 -0
vn -0.6392107 -0.7411708 -0.20512317
vn -0.64705384 -0.7411708 -0.17884964
vn -0.64705384 -0.7411708 -0.17884964
vn -0.6313677 -0.7411708 -0.2281243
vn -0.6313677 -0.7411708 -0.2281243
vn -0.62352455 -0.7411708 -0.24876289
vn -0.62352455 -0.7411708 -0.24876289
vn -0.19999838 -0.7411708 0.64083266
vn -0.19215536 -0.7411708 0.6432279
vn -0.16862607 -0.7411708 0.6497931
vn -0.22352767 -0.7411708 0.6330097
vn -0.23137069 -0.7411708 0.63018525
vn -0.24705684 -0.7411708 0.6242025
vn -0.24705684 -0.7411708 0.6242025
vn 0.6392108 -0.7411708 0.20512287
vn 0.6470539 -0.7411708 0.1788493
vn 0.6470539 -0.7411708 0.1788493
vn 0.63136774 -0.7411708 0.22812404
vn 0.63136774 -0.7411708 0.22812404
vn 0.62352467 -0.7411708 0.24876265
vn 0.62352467 -0.7411708 0.24876265
vn 0.1999985 -0.7411708 -0.6408326
vn 0.19215542 -0.7411708 -0.6432279
vn 0.16862619 -0.7411708 -0.649793
vn 0.22352773 -0.7411708 -0.6330096
vn 0.2313708 -0.7411708 -0.6301852
vn 0.24705696 -0.7411708 -0.62420243
vn 0.24705696 -0.7411708 -0.62420243
vn 0.0039215684 -0.0039215684 -0.9999846
vn 0.011764646 -0.09019542 -0.9958546
vn 0.011764646 -0.07450926 -0.9971509
vn 0.0039215684 0.003921509 -0.9999846
vn 0.0039215684 -0.0039215684 -0.9999846
vn 0.0039215684 -0.0039215684 -0.9999846
vn 0.0039215684 -0.0039215684 -0.9999846
vn 0.0039215684 -0.0039215684 -0.9999846
vn 0.0039215684 -0.0039215684 -0.9999846
vn -0.003921509 -0.0039215684 -0.9999846
vn -0.003921509 -0.0039215684 0.9999846
vn 0.0039215684 -0.0039215684 0.9999846
vn -0.003921509 -0.0039215684 0.9999846
vn 0.0039215684 -0.0039215684 0.9999846
vn 0.0039215684 -0.0039215684 0.9999846
vn 0.0039215684 -0.0039215684 0.9999846
vn 0.0039215684 -0.0039215684 0.9999846
vn 0.0274508 -0.05098003 0.99832237
vn 0.0274508 -0.05098003 0.99832237
vn 0.0039215684 -0.0274508 0.9996155
vn -0.003921509 -0.019607723 0.9998001
vn 0.0039215684 -0.0039215684 -0.9999846
vn -0.003921509 -0.0039215684 -0.9999846
vn 0.0039215684 -0.0039215684 -0.9999846
vn -0.003921509 -0.0039215684 -0.9999846
vn -0.003921509 -0.0039215684 -0.9999846
vn -0.003921509 -0.0039215684 -0.9999846
vn -0.003921509 -0.0039215684 -0.9999846
vn -0.02745068 -0.05098003 -0.99832237
vn -0.02745068 -0.05098003 -0.99832237
vn -0.003921509 -0.019607723 -0.9998001
vn 0.0039215684 -0.019607723 -0.9998001
vn -0.99999225 -0.0039215684 -0.00034425134
vn -0.99999225 0.003921509 -0.00034492963
vn -0.99999225 0.003921509 -0.00034492963
vn -0.99999225 0.003921509 -0.00034492963
vn -0.99999225 -0.0039215684 -0.00034425134
vn -0.99999225 -0.0039215684 -0.00034425134
vn -0.99999225 -0.0039215684 -0.00034425134
vn -0.99999225 -0.0039215684 -0.00034425134
vn -0.99999225 -0.0039215684 -0.00034425134
vn -0.99999225 -0.0039215684 -0.00034425134
vn 0.9999924 -0.0039215684 -0
vn 0.9999924 0.003921509 -0
vn 0.9999924 0.003921509 -0
vn 0.9999924 0.003921509 -0
vn 0.9999924 -0.0039215684 -0
vn 0.9999924 -0.0039215684 -0
vn 0.9999924 -0.0039215684 -0
vn 0.9999924 -0.0039215684 -0
vn 0.9999924 -0.0039215684 -0
vn 0.9999924 -0.0039215684 -0
vn -0.003921509 -0.9999924 -0
vn -0.003921509 -0.9999924 -0
vn 0.0039215684 -0.9999924 -0
vn 0.0039215684 -0.9999924 -0
vn 0.0039215684 -0.9921493 0.124997616
vn 0.0039215684 -0.9999924 -0
vn -0.003921509 -0.9999924 -0
vn -0.003921509 -0.9999924 -0
vn -0.003921509 -0.9999924 -0
vn -0.003921509 -0.9999924 -0
vn 0.0039215684 -0.9999924 -0
vn 0.0039215684 -0.9999924 -0
vn 0.0039215684 -0.9999924 -0
vn -0.003921509 -0.9999924 -0
vn 0.0039215684 -0.9921493 -0.124997616
vn 0.0039215684 -0.9999924 -0
vn -0.003921509 -0.9999924 -0
vn 0.0039215684 -0.9999924 -0
vn 0.011763922 -0.99993086 -0
vn 0.098038495 -0.9921493 0.07764171
vn 0.0039215684 -0.9999924 -0
vn -0.003921509 -0.9999924 -0
vn -0.003921509 -0.9999924 -0
vn -0.003921509 -0.9999924 -0
vn -0.003921509 -0.9999924 -0
vn -0.003921509 -0.9999924 -0
vn -0.011763803 -0.99993086 -0
vn -0.003921509 -0.9999924 -0
vn -0.003921509 -0.9999924 -0
vn -0.098038435 -0.9921493 0.07764171
vn -0.003921509 -0.0039215684 0.9999846
vn -0.011764526 -0.09019542 0.9958546
vn -0.011764526 -0.07450926 0.9971509
vn -0.003921509 0.003921509 0.9999846
vn -0.003921509 -0.0039215684 0.9999846
vn -0.003921509 -0.0039215684 0.9999846
vn -0.003921509 -0.0039215684 0.9999846
vn -0.003921509 -0.0039215684 0.9999846
vn -0.003921509 -0.0039215684 0.9999846
vn -0.003921509 0.003921509 0.9999846
vn -0.003921509 -0.9999924 -0
vn -0.003921509 -0.9999924 -0
vn -0.003921509 -0.9999924 -0
vn -0.011763803 -0.99993086 -0
vn -0.098038435 -0.9921493 -0.07764171
vn -0.003921509 -0.9999924 -0
vn -0.003921509 -0.9999924 -0
vn -0.003921509 -0.9999924 -0
vn 0.0039215684 -0.9999924 -0
vn -0.003921509 -0.9999924 -0
vn 0.0039215684 -0.9999924 -0
vn 0.011763922 -0.99993086 -0
vn 0.0039215684 -0.9999924 -0
vn -0.003921509 -0.9999924 -0
vn 0.098038495 -0.9921493 -0.07764171
vn 0.0039215684 -0.9999924 -0
vn -0.003921509 -0.9999924 -0
vn -0.003921509 -0.9999924 -0
vn -0.003921509 -0.9999924 -0
vn -0.003921509 -0.9921493 0.124997616
vn -0.003921509 -0.9999924 -0
vn -0.003921509 -0.9999924 -0
vn -0.003921509 -0.9999924 -0
vn 0.0039215684 -0.9999924 -0
vn -0.003921509 -0.9999924 -0
vn -0.003921509 -0.9999924 -0
vn -0.003921509 -0.9999924 -0
vn -0.003921509 -0.9999924 -0
vn -0.003921509 -0.9999924 -0
vn -0.003921509 -0.9921493 -0.124997616
vn -0.65489686 -0.0039215684 0.7557081
vn -0.670583 -0.0039215684 0.74182415
vn -0.670583 0.003921509 0.74182415
vn -0.65489686 -0.0039215684 0.7557081
vn -0.670583 -0.0039215684 0.74182415
vn -0.6313677 -0.0039215684 0.7754737
vn -0.6313677 -0.0039215684 0.7754737
vn -0.6156815 0.003921509 0.7879853
vn -0.6156815 0.003921509 0.7879853
vn -0.6156815 0.003921509 0.7879853
vn 0.654897 -0.0039215684 -0.755708
vn 0.6705831 -0.0039215684 -0.74182403
vn 0.6705831 0.003921509 -0.74182403
vn 0.654897 -0.0039215684 -0.755708
vn 0.6705831 -0.0039215684 -0.74182403
vn 0.63136774 -0.0039215684 -0.77547365
vn 0.63136774 -0.0039215684 -0.77547365
vn 0.6156816 0.003921509 -0.78798527
vn 0.6156816 0.003921509 -0.78798527
vn 0.6156816 0.003921509 -0.78798527
vn 0.756857 -0.0039215684 0.6535688
vn 0.7411708 -0.0039215684 0.67130506
vn 0.7411708 0.003921509 0.67130506
vn 0.756857 -0.0039215684 0.6535688
vn 0.7411708 -0.0039215684 0.67130506
vn 0.77254313 -0.0039215684 0.63495016
vn 0.7803862 -0.0039215684 0.6252855
vn 0.7882293 0.003921509 0.61536914
vn 0.7882293 0.003921509 0.61536914
vn 0.7882293 0.003921509 0.61536914
vn -0.7568569 -0.0039215684 -0.6535688
vn -0.74117076 -0.0039215684 -0.67130506
vn -0.74117076 0.003921509 -0.67130506
vn -0.7568569 -0.0039215684 -0.6535688
vn -0.74117076 -0.0039215684 -0.67130506
vn -0.7725431 -0.0039215684 -0.6349503
vn -0.7803861 -0.0039215684 -0.6252857
vn -0.7882292 0.003921509 -0.61536926
vn -0.7882292 0.003921509 -0.61536926
vn -0.7882292 0.003921509 -0.61536926
vn -0.6313677 -0.0039215684 -0.7754737
vn -0.6156815 0.003921509 -0.7879853
vn -0.6156815 0.003921509 -0.7879853
vn -0.6313677 -0.0039215684 -0.7754737
vn -0.6156815 0.003921509 -0.7879853
vn -0.65489686 -0.0039215684 -0.7557081
vn -0.65489686 -0.0039215684 -0.7557081
vn -0.670583 0.003921509 -0.74182415
vn -0.670583 -0.0039215684 -0.74182415
vn -0.670583 -0.0039215684 -0.74182415
vn -0.7725431 -0.0039215684 0.6349503
vn -0.7882292 0.003921509 0.61536926
vn -0.7882292 0.003921509 0.61536926
vn -0.7725431 -0.0039215684 0.6349503
vn -0.7882292 0.003921509 0.61536926
vn -0.7568569 -0.0039215684 0.6535688
vn -0.7568569 -0.0039215684 0.6535688
vn -0.74117076 0.003921509 0.67130506
vn -0.74117076 -0.0039215684 0.67130506
vn -0.74117076 -0.0039215684 0.67130506
vn 0.63136774 -0.0039215684 0.77547365
vn 0.6156816 0.003921509 0.78798527
vn 0.6156816 0.003921509 0.78798527
vn 0.63136774 -0.0039215684 0.77547365
vn 0.6156816 0.003921509 0.78798527
vn 0.654897 -0.0039215684 0.755708
vn 0.654897 -0.0039215684 0.755708
vn 0.6705831 0.003921509 0.74182403
vn 0.6705831 -0.0039215684 0.74182403
vn 0.6705831 -0.0039215684 0.74182403
vn 0.77254313 -0.0039215684 -0.63495016
vn 0.7882293 0.003921509 -0.61536914
vn 0.7882293 0.003921509 -0.61536914
vn 0.77254313 -0.0039215684 -0.63495016
vn 0.7882293 0.003921509 -0.61536914
vn 0.756857 -0.0039215684 -0.6535688
vn 0.756857 -0.0039215684 -0.6535688
vn 0.7411708 0.003921509 -0.67130506
vn 0.7411708 -0.0039215684 -0.67130506
vn 0.7411708 -0.0039215684 -0.67130506
vn -0.8431307 -0.0039215684 0.5376944
vn -0.85097384 -0.0039215684 0.5251934
vn -0.8431307 -0.0039215684 0.5376944
vn -0.85097384 0.003921509 0.5251934
vn -0.85097384 0.003921509 0.5251934
vn -0.85881686 -0.0039215684 0.5122677
vn 0.8431308 -0.0039215684 -0.53769416
vn 0.8509739 -0.0039215684 -0.52519333
vn 0.8431308 -0.0039215684 -0.53769416
vn 0.8509739 0.003921509 -0.52519333
vn 0.8509739 0.003921509 -0.52519333
vn 0.858817 -0.0039215684 -0.51226753
vn -0.53725076 -0.0039215684 -0.8434135
vn -0.5215646 -0.0039215684 -0.85320276
vn -0.53725076 -0.0039215684 -0.8434135
vn -0.5215646 0.003921509 -0.85320276
vn -0.5215646 0.003921509 -0.85320276
vn -0.51372147 -0.0039215684 -0.85794806
vn 0.5372508 -0.0039215684 0.8434134
vn 0.52156466 -0.0039215684 0.85320276
vn 0.5372508 -0.0039215684 0.8434134
vn 0.52156466 0.003921509 0.85320276
vn 0.52156466 0.003921509 0.85320276
vn 0.5137216 -0.0039215684 0.857948
vn 0.17646927 -0.011764646 0.9842358
vn 0.098038495 0.003921509 0.9951749
vn -0.011764526 0.003921509 0.9999231
vn 0.05098003 -0.0039215684 0.998692
vn 0.6156816 -0.011764646 0.7879072
vn 0.5764662 0.003921509 0.81711155
vn 0.35686004 0.003921509 0.9341496
vn 0.42744774 -0.019607723 0.90382737
vn 0.42744774 -0.019607723 0.90382737
vn 0.35686004 0.003921509 0.9341496
vn 0.2313708 0.003921509 0.9728577
vn 0.3019585 -0.0039215684 0.953313
vn 0.3019585 -0.0039215684 0.953313
vn 0.2313708 0.003921509 0.9728577
vn 0.098038495 0.003921509 0.9951749
vn 0.17646927 -0.011764646 0.9842358
vn -0.25489998 -0.011764646 0.9668959
vn -0.30980146 0.003921509 0.9507932
vn -0.37254608 0.003921509 0.9280054
vn -0.34117377 0.003921509 0.9399921
vn 0.05098003 -0.0039215684 0.998692
vn -0.011764526 0.003921509 0.9999231
vn -0.12156761 0.003921509 0.9925754
vn -0.066666126 -0.0039215684 0.9977676
vn -0.066666126 -0.0039215684 0.9977676
vn -0.12156761 0.003921509 0.9925754
vn -0.21568453 0.003921509 0.9764552
vn -0.16078305 -0.011764646 0.98691964
vn -0.16078305 -0.011764646 0.98691964
vn -0.21568453 0.003921509 0.9764552
vn -0.30980146 0.003921509 0.9507932
vn -0.25489998 -0.011764646 0.9668959
vn -0.99214923 -0.0039215684 0.124998085
vn -0.99214923 0.003921509 0.12499809
vn -0.99999225 0.003921509 -0.00034492963
vn -0.99999225 -0.0039215684 -0.00034425134
vn -0.91371846 -0.0039215684 0.40632892
vn -0.91371846 0.003921509 0.40632892
vn -0.9607769 0.003921509 0.27729464
vn -0.9607769 -0.0039215684 0.27729464
vn -0.9607769 -0.0039215684 0.27729464
vn -0.9607769 0.003921509 0.27729464
vn -0.99214923 0.003921509 0.12499809
vn -0.99214923 -0.0039215684 0.124998085
vn -0.99214923 -0.0039215684 -0.124998085
vn -0.99214923 0.003921509 -0.12499809
vn -0.9607769 0.003921509 -0.27729464
vn -0.9607769 -0.0039215684 -0.27729464
vn -0.9607769 -0.0039215684 -0.27729464
vn -0.9607769 0.003921509 -0.27729464
vn -0.91371846 0.003921509 -0.40632892
vn -0.9058753 -0.0039215684 -0.4235263
vn -0.99999225 -0.0039215684 -0.00034425134
vn -0.99999225 0.003921509 -0.00034492963
vn -0.99214923 0.003921509 -0.12499809
vn -0.99214923 -0.0039215684 -0.124998085
vn -0.9058753 -0.0039215684 -0.4235263
vn -0.91371846 0.003921509 -0.40632892
vn -0.8431307 0.003921509 -0.5376944
vn -0.8352877 0.003921509 -0.54979914
vn -0.7568569 0.003921509 -0.6535688
vn -0.7568569 0.003921509 -0.6535688
vn -0.7019553 0.003921509 -0.71221024
vn -0.7019553 -0.0039215684 -0.71221024
vn -0.8352877 0.003921509 -0.54979914
vn -0.8431307 0.003921509 -0.5376944
vn -0.7568569 0.003921509 -0.6535688
vn -0.7568569 0.003921509 -0.6535688
vn -0.5607799 -0.0039215684 -0.8279556
vn -0.5607799 0.003921509 -0.8279556
vn -0.53725076 0.003921509 -0.8434135
vn -0.5294076 -0.0039215684 -0.8483585
vn -0.64705384 -0.0039215684 -0.76243424
vn -0.6392107 0.003921509 -0.76902163
vn -0.62352455 0.003921509 -0.78179395
vn -0.6313677 -0.0039215684 -0.7754737
vn -0.6313677 -0.0039215684 -0.7754737
vn -0.62352455 0.003921509 -0.78179395
vn -0.5999954 0.003921509 -0.7999939
vn -0.6078384 -0.0039215684 -0.7940511
vn -0.7019553 -0.0039215684 -0.71221024
vn -0.7019553 0.003921509 -0.71221024
vn -0.6392107 0.003921509 -0.76902163
vn -0.64705384 -0.0039215684 -0.76243424
vn -0.56862307 -0.0039215684 -0.82258886
vn -0.56862307 0.003921509 -0.82258886
vn -0.5607799 0.003921509 -0.8279556
vn -0.5607799 -0.0039215684 -0.8279556
vn -0.5843092 -0.0039215684 -0.81152165
vn -0.5843092 0.003921509 -0.81152165
vn -0.56862307 0.003921509 -0.82258886
vn -0.56862307 -0.0039215684 -0.82258886
vn -0.6078384 -0.0039215684 -0.7940511
vn -0.5999954 0.003921509 -0.7999939
vn -0.5843092 0.003921509 -0.81152165
vn -0.5843092 -0.0039215684 -0.81152165
vn -0.4039184 -0.0039215684 -0.91478664
vn -0.4352907 0.003921509 -0.9002814
vn -0.37254608 0.003921509 -0.9280054
vn -0.34117377 -0.0039215684 -0.9399921
vn -0.5294076 -0.0039215684 -0.8483585
vn -0.53725076 0.003921509 -0.8434135
vn -0.5215646 0.003921509 -0.85320276
vn -0.4980353 -0.011764646 -0.86707693
vn -0.4980353 -0.011764646 -0.86707693
vn -0.5215646 0.003921509 -0.85320276
vn -0.47450614 0.003921509 -0.8802435
vn -0.45097685 -0.0039215684 -0.89252704
vn -0.45097685 -0.0039215684 -0.89252704
vn -0.47450614 0.003921509 -0.8802435
vn -0.4352907 0.003921509 -0.9002814
vn -0.4039184 -0.0039215684 -0.91478664
vn -0.050979972 -0.019607723 -0.9985072
vn -0.12156761 0.003921509 -0.9925754
vn -0.011764526 0.003921509 -0.9999231
vn 0.043136954 -0.0039215684 -0.99906147
vn -0.34117377 -0.0039215684 -0.9399921
vn -0.37254608 0.003921509 -0.9280054
vn -0.30980146 0.003921509 -0.9507932
vn -0.262743 -0.0039215684 -0.9648579
vn -0.262743 -0.0039215684 -0.9648579
vn -0.30980146 0.003921509 -0.9507932
vn -0.21568453 0.003921509 -0.9764552
vn -0.16862607 0.003921509 -0.9856723
vn -0.16862607 0.003921509 -0.9856723
vn -0.21568453 0.003921509 -0.9764552
vn -0.12156761 0.003921509 -0.9925754
vn -0.050979972 -0.019607723 -0.9985072
vn 0.16862619 -0.0039215684 -0.98567224
vn 0.098038495 0.003921509 -0.9951749
vn 0.2313708 0.003921509 -0.9728577
vn 0.29411542 -0.0039215684 -0.95576185
vn 0.29411542 -0.0039215684 -0.95576185
vn 0.2313708 0.003921509 -0.9728577
vn 0.35686004 0.003921509 -0.9341496
vn 0.41960466 -0.0039215684 -0.9076985
vn 0.41960466 -0.0039215684 -0.9076985
vn 0.35686004 0.003921509 -0.9341496
vn 0.5764662 0.003921509 -0.81711155
vn 0.6156816 -0.011764646 -0.7879072
vn 0.043136954 -0.0039215684 -0.99906147
vn -0.011764526 0.003921509 -0.9999231
vn 0.098038495 0.003921509 -0.9951749
vn 0.16862619 -0.0039215684 -0.98567224
vn 0.6156816 -0.011764646 -0.7879072
vn 0.5764662 0.003921509 -0.81711155
vn 0.77254313 0.003921509 -0.63495016
vn 0.76470006 0.003921509 -0.6443745
vn 0.76470006 0.003921509 -0.6443745
vn 0.77254313 0.003921509 -0.63495016
vn 0.93724775 0.003921509 -0.34864205
vn 0.94509083 0.003921509 -0.32678422
vn 0.94509083 0.003921509 -0.32678422
vn 0.93724775 0.003921509 -0.34864205
vn 0.9999924 0.003921509 -0
vn 0.9999924 -0.0039215684 -0
vn 0.9999924 -0.0039215684 -0
vn 0.9999924 0.003921509 -0
vn 0.93724775 0.003921509 0.34864205
vn 0.93724775 -0.011764646 0.34846556
vn 0.93724775 -0.011764646 0.34846556
vn 0.93724775 0.003921509 0.34864205
vn 0.77254313 0.003921509 0.63495016
vn 0.76470006 0.003921509 0.6443745
vn 0.76470006 0.003921509 0.6443745
vn 0.77254313 0.003921509 0.63495016
vn 0.5764662 0.003921509 0.81711155
vn 0.6156816 -0.011764646 0.7879072
vn -0.4980353 -0.0039215684 0.86714786
vn -0.5215646 0.003921509 0.85320276
vn -0.53725076 0.003921509 0.8434135
vn -0.5294076 -0.0039215684 0.8483585
vn -0.34117377 0.003921509 0.9399921
vn -0.37254608 0.003921509 0.9280054
vn -0.4352907 0.003921509 0.9002814
vn -0.41176152 -0.0039215684 0.9112832
vn -0.41176152 -0.0039215684 0.9112832
vn -0.4352907 0.003921509 0.9002814
vn -0.47450614 0.003921509 0.8802435
vn -0.45882 -0.0039215684 0.8885206
vn -0.45882 -0.0039215684 0.8885206
vn -0.47450614 0.003921509 0.8802435
vn -0.5215646 0.003921509 0.85320276
vn -0.4980353 -0.0039215684 0.86714786
vn -0.5843092 -0.0039215684 0.81152165
vn -0.5843092 0.003921509 0.81152165
vn -0.5999954 -0.011764646 0.799917
vn -0.6078384 -0.0039215684 0.7940511
vn -0.64705384 -0.0039215684 0.76243424
vn -0.6392107 0.003921509 0.76902163
vn -0.7019553 0.003921509 0.71221024
vn -0.7019553 -0.0039215684 0.71221024
vn -0.6313677 -0.0039215684 0.7754737
vn -0.62352455 -0.011764646 0.7817153
vn -0.6392107 0.003921509 0.76902163
vn -0.64705384 -0.0039215684 0.76243424
vn -0.6078384 -0.0039215684 0.7940511
vn -0.5999954 -0.011764646 0.799917
vn -0.62352455 -0.011764646 0.7817153
vn -0.6313677 -0.0039215684 0.7754737
vn -0.56862307 -0.0039215684 0.82258886
vn -0.56862307 0.003921509 0.82258886
vn -0.5843092 0.003921509 0.81152165
vn -0.5843092 -0.0039215684 0.81152165
vn -0.5607799 -0.0039215684 0.8279556
vn -0.5607799 0.003921509 0.8279556
vn -0.56862307 0.003921509 0.82258886
vn -0.56862307 -0.0039215684 0.82258886
vn -0.5294076 -0.0039215684 0.8483585
vn -0.53725076 0.003921509 0.8434135
vn -0.5607799 0.003921509 0.8279556
vn -0.5607799 -0.0039215684 0.8279556
vn -0.8431307 -0.0039215684 0.5376944
vn -0.8431307 0.003921509 0.5376944
vn -0.91371846 0.003921509 0.40632892
vn -0.91371846 -0.0039215684 0.40632892
vn -0.7568569 0.003921509 0.6535688
vn -0.7568569 0.003921509 0.6535688
vn -0.8431307 0.003921509 0.5376944
vn -0.8431307 -0.0039215684 0.5376944
vn -0.7019553 -0.0039215684 0.71221024
vn -0.7019553 0.003921509 0.71221024
vn -0.7568569 0.003921509 0.6535688
vn -0.7568569 0.003921509 0.6535688
vn -0.6156815 -0.011764646 0.7879073
vn -0.5764661 0.003921509 0.8171117
vn -0.7725431 0.003921509 0.6349503
vn -0.76469994 0.003921509 0.6443746
vn -0.76469994 0.003921509 0.6443746
vn -0.7725431 0.003921509 0.6349503
vn -0.93724763 0.003921509 0.34864238
vn -0.9450908 0.003921509 0.3267844
vn -0.9450908 0.003921509 0.3267844
vn -0.93724763 0.003921509 0.34864238
vn -0.99999225 0.003921509 -0.00034492963
vn -0.99999225 -0.0039215684 -0.00034425134
vn -0.16862607 -0.0039215684 0.9856723
vn -0.098038435 0.003921509 0.9951749
vn -0.23137069 0.003921509 0.9728578
vn -0.2941153 -0.0039215684 0.9557619
vn -0.2941153 -0.0039215684 0.9557619
vn -0.23137069 0.003921509 0.9728578
vn -0.35685992 0.003921509 0.9341497
vn -0.41960454 -0.0039215684 0.9076986
vn -0.41960454 -0.0039215684 0.9076986
vn -0.35685992 0.003921509 0.9341497
vn -0.5764661 0.003921509 0.8171117
vn -0.6156815 -0.011764646 0.7879073
vn -0.043136835 -0.0039215684 0.99906147
vn 0.011764646 0.003921509 0.9999231
vn -0.098038435 0.003921509 0.9951749
vn -0.16862607 -0.0039215684 0.9856723
vn 0.05098003 -0.019607723 0.9985072
vn 0.121567726 0.003921509 0.9925754
vn 0.011764646 0.003921509 0.9999231
vn -0.043136835 -0.0039215684 0.99906147
vn 0.3411739 -0.0039215684 0.939992
vn 0.3725462 0.003921509 0.92800534
vn 0.30980158 0.003921509 0.95079315
vn 0.26274312 -0.0039215684 0.9648579
vn 0.26274312 -0.0039215684 0.9648579
vn 0.30980158 0.003921509 0.95079315
vn 0.21568465 0.003921509 0.9764552
vn 0.16862619 0.003921509 0.98567224
vn 0.16862619 0.003921509 0.98567224
vn 0.21568465 0.003921509 0.9764552
vn 0.121567726 0.003921509 0.9925754
vn 0.05098003 -0.019607723 0.9985072
vn -0.1764692 -0.011764646 -0.9842358
vn -0.098038435 0.003921509 -0.9951749
vn 0.011764646 0.003921509 -0.9999231
vn -0.043136835 -0.0039215684 -0.99906147
vn -0.6156815 -0.011764646 -0.7879073
vn -0.5764661 0.003921509 -0.8171117
vn -0.35685992 0.003921509 -0.9341497
vn -0.42744768 -0.019607723 -0.9038274
vn -0.42744768 -0.019607723 -0.9038274
vn -0.35685992 0.003921509 -0.9341497
vn -0.23137069 0.003921509 -0.9728578
vn -0.30195844 -0.0039215684 -0.95331305
vn -0.30195844 -0.0039215684 -0.95331305
vn -0.23137069 0.003921509 -0.9728578
vn -0.098038435 0.003921509 -0.9951749
vn -0.1764692 -0.011764646 -0.9842358
vn 0.05882311 -0.019607723 -0.99807584
vn 0.121567726 0.003921509 -0.9925754
vn 0.21568465 0.003921509 -0.9764552
vn 0.16862619 0.003921509 -0.98567224
vn 0.25490004 -0.019607723 -0.9667686
vn 0.30980158 0.003921509 -0.95079315
vn 0.3725462 0.003921509 -0.92800534
vn 0.3411739 -0.0039215684 -0.939992
vn -0.043136835 -0.0039215684 -0.99906147
vn 0.011764646 0.003921509 -0.9999231
vn 0.121567726 0.003921509 -0.9925754
vn 0.05882311 -0.019607723 -0.99807584
vn 0.16862619 0.003921509 -0.98567224
vn 0.21568465 0.003921509 -0.9764552
vn 0.30980158 0.003921509 -0.95079315
vn 0.25490004 -0.019607723 -0.9667686
vn 0.49803543 -0.0039215684 -0.8671478
vn 0.52156466 0.003921509 -0.85320276
vn 0.5372508 0.003921509 -0.8434134
vn 0.52940774 -0.0039215684 -0.84835845
vn 0.3411739 -0.0039215684 -0.939992
vn 0.3725462 0.003921509 -0.92800534
vn 0.4352908 0.003921509 -0.90028137
vn 0.41176158 -0.0039215684 -0.91128314
vn 0.45882004 -0.0039215684 -0.88852054
vn 0.4745062 0.003921509 -0.8802434
vn 0.52156466 0.003921509 -0.85320276
vn 0.49803543 -0.0039215684 -0.8671478
vn 0.41176158 -0.0039215684 -0.91128314
vn 0.4352908 0.003921509 -0.90028137
vn 0.4745062 0.003921509 -0.8802434
vn 0.45882004 -0.0039215684 -0.88852054
vn 0.52940774 -0.0039215684 -0.84835845
vn 0.5372508 0.003921509 -0.8434134
vn 0.56078005 0.003921509 -0.82795554
vn 0.56078005 -0.0039215684 -0.82795554
vn 0.5843093 -0.0039215684 -0.8115216
vn 0.5843093 0.003921509 -0.8115216
vn 0.59999543 0.003921509 -0.7999938
vn 0.6078385 -0.0039215684 -0.794051
vn 0.5686231 -0.0039215684 -0.8225888
vn 0.5686231 0.003921509 -0.8225888
vn 0.5843093 0.003921509 -0.8115216
vn 0.5843093 -0.0039215684 -0.8115216
vn 0.6470539 -0.0039215684 -0.7624342
vn 0.6392108 0.003921509 -0.7690216
vn 0.70195544 0.003921509 -0.71221006
vn 0.70195544 -0.0039215684 -0.71221006
vn 0.63136774 -0.011764646 -0.7753943
vn 0.62352467 0.003921509 -0.7817939
vn 0.6392108 0.003921509 -0.7690216
vn 0.6470539 -0.0039215684 -0.7624342
vn 0.6078385 -0.0039215684 -0.794051
vn 0.59999543 0.003921509 -0.7999938
vn 0.62352467 0.003921509 -0.7817939
vn 0.63136774 -0.011764646 -0.7753943
vn 0.56078005 -0.0039215684 -0.82795554
vn 0.56078005 0.003921509 -0.82795554
vn 0.5686231 0.003921509 -0.8225888
vn 0.5686231 -0.0039215684 -0.8225888
vn 0.756857 0.003921509 -0.6535688
vn 0.756857 0.003921509 -0.6535688
vn 0.8431308 0.003921509 -0.53769416
vn 0.8431308 -0.0039215684 -0.53769416
vn 0.8431308 -0.0039215684 -0.53769416
vn 0.8431308 0.003921509 -0.53769416
vn 0.9137185 0.003921509 -0.40632877
vn 0.90587544 -0.0039215684 -0.42352602
vn 0.70195544 -0.0039215684 -0.71221006
vn 0.70195544 0.003921509 -0.71221006
vn 0.756857 0.003921509 -0.6535688
vn 0.756857 0.003921509 -0.6535688
vn 0.90587544 -0.0039215684 -0.42352602
vn 0.9137185 0.003921509 -0.40632877
vn 0.960777 0.003921509 -0.27729443
vn 0.960777 -0.0039215684 -0.27729443
vn 0.9921493 -0.0039215684 -0.12499761
vn 0.9921493 0.003921509 -0.124997616
vn 0.9999924 0.003921509 -0
vn 0.9999924 -0.0039215684 -0
vn 0.960777 -0.0039215684 -0.27729443
vn 0.960777 0.003921509 -0.27729443
vn 0.9921493 0.003921509 -0.124997616
vn 0.9921493 -0.0039215684 -0.12499761
vn 0.960777 -0.0039215684 0.27729443
vn 0.960777 0.003921509 0.27729443
vn 0.9137185 0.003921509 0.40632877
vn 0.9137185 -0.0039215684 0.40632877
vn 0.9921493 -0.0039215684 0.12499761
vn 0.9921493 0.003921509 0.124997616
vn 0.960777 0.003921509 0.27729443
vn 0.960777 -0.0039215684 0.27729443
vn 0.9999924 -0.0039215684 -0
vn 0.9999924 0.003921509 -0
vn 0.9921493 0.003921509 0.124997616
vn 0.9921493 -0.0039215684 0.12499761
vn 0.52940774 -0.0039215684 0.84835845
vn 0.5372508 0.003921509 0.8434134
vn 0.52156466 0.003921509 0.85320276
vn 0.49803543 -0.011764646 0.8670769
vn 0.45097697 -0.0039215684 0.892527
vn 0.4745062 0.003921509 0.8802434
vn 0.4352908 0.003921509 0.90028137
vn 0.4039185 -0.0039215684 0.9147866
vn 0.4039185 -0.0039215684 0.9147866
vn 0.4352908 0.003921509 0.90028137
vn 0.3725462 0.003921509 0.92800534
vn 0.3411739 -0.0039215684 0.939992
vn 0.49803543 -0.011764646 0.8670769
vn 0.52156466 0.003921509 0.85320276
vn 0.4745062 0.003921509 0.8802434
vn 0.45097697 -0.0039215684 0.892527
vn 0.56078005 -0.0039215684 0.82795554
vn 0.56078005 0.003921509 0.82795554
vn 0.5372508 0.003921509 0.8434134
vn 0.52940774 -0.0039215684 0.84835845
vn 0.6470539 -0.0039215684 0.7624342
vn 0.6392108 0.003921509 0.7690216
vn 0.62352467 0.003921509 0.7817939
vn 0.63136774 -0.0039215684 0.77547365
vn 0.63136774 -0.0039215684 0.77547365
vn 0.62352467 0.003921509 0.7817939
vn 0.59999543 0.003921509 0.7999938
vn 0.6078385 -0.0039215684 0.794051
vn 0.70195544 -0.0039215684 0.71221006
vn 0.70195544 0.003921509 0.71221006
vn 0.6392108 0.003921509 0.7690216
vn 0.6470539 -0.0039215684 0.7624342
vn 0.5686231 -0.0039215684 0.8225888
vn 0.5686231 0.003921509 0.8225888
vn 0.56078005 0.003921509 0.82795554
vn 0.56078005 -0.0039215684 0.82795554
vn 0.5843093 -0.0039215684 0.8115216
vn 0.5843093 0.003921509 0.8115216
vn 0.5686231 0.003921509 0.8225888
vn 0.5686231 -0.0039215684 0.8225888
vn 0.6078385 -0.0039215684 0.794051
vn 0.59999543 0.003921509 0.7999938
vn 0.5843093 0.003921509 0.8115216
vn 0.5843093 -0.0039215684 0.8115216
vn 0.756857 0.003921509 0.6535688
vn 0.756857 0.003921509 0.6535688
vn 0.70195544 0.003921509 0.71221006
vn 0.70195544 -0.0039215684 0.71221006
vn 0.8431308 -0.0039215684 0.53769416
vn 0.8431308 0.003921509 0.53769416
vn 0.756857 0.003921509 0.6535688
vn 0.756857 0.003921509 0.6535688
vn 0.9137185 -0.0039215684 0.40632877
vn 0.9137185 0.003921509 0.40632877
vn 0.8431308 0.003921509 0.53769416
vn 0.8431308 -0.0039215684 0.53769416
vn -0.99999225 -0.0039215684 -0.00034425134
vn -0.99999225 0.003921509 -0.00034492963
vn -0.93724763 0.003921509 -0.34864238
vn -0.93724763 -0.011764646 -0.3484659
vn -0.93724763 -0.011764646 -0.3484659
vn -0.93724763 0.003921509 -0.34864238
vn -0.7725431 0.003921509 -0.6349503
vn -0.76469994 0.003921509 -0.6443746
vn -0.76469994 0.003921509 -0.6443746
vn -0.7725431 0.003921509 -0.6349503
vn -0.5764661 0.003921509 -0.8171117
vn -0.6156815 -0.011764646 -0.7879073
vn -0.003921509 0.99999225 -0.00034526698
vn -0.003921509 0.99999225 -0.00034526698
vn -0.003921509 0.99999225 -0.00034526698
vn -0.003921509 0.99999225 -0.00034526698
vn -0.003921509 0.99999225 -0.00034526698
vn -0.003921509 0.99999225 -0.00034526698
vn -0.003921509 0.99999225 -0.00034526698
vn -0.003921509 0.99999225 -0.00034526698
vn -0.003921509 0.99999225 -0.00034526698
vn -0.003921509 0.99999225 -0.00034526698
vn -0.003921509 0.99999225 -0.00034526698
vn -0.003921509 0.99999225 -0.00034526698
vn -0.003921509 0.99999225 -0.00034526698
vn -0.003921509 0.99999225 -0.00034526698
vn -0.003921509 0.99999225 -0.00034526698
vn -0.003921509 0.99999225 -0.00034526698
vn -0.003921509 0.99999225 -0.00034526698
vn -0.003921509 0.99999225 -0.00034526698
vn -0.003921509 0.99999225 -0.00034526698
vn -0.003921509 0.99999225 -0.00034526698
vn -0.003921509 0.99999225 -0.00034526698
vn -0.003921509 0.99999225 -0.00034526698
vn -0.003921509 0.99999225 -0.00034526698
vn -0.003921509 0.99999225 -0.00034526698
vn -0.003921509 0.99999225 -0.00034526698
vn -0.003921509 0.99999225 -0.00034526698
vn -0.003921509 0.99999225 -0.00034526698
vn -0.003921509 0.99999225 -0.00034526698
vn -0.003921509 0.99999225 -0.00034526698
vn -0.003921509 0.99999225 -0.00034526698
vn -0.003921509 0.99999225 -0.00034526698
vn -0.003921509 0.99999225 -0.00034526698
vn -0.003921509 0.99999225 -0.00034526698
vn -0.003921509 0.99999225 -0.00034526698
vn -0.003921509 0.99999225 -0.00034526698
vn -0.003921509 0.99999225 -0.00034526698
vn 0.9999924 0.003921509 -0
vn 0.9999924 0.003921509 -0
vn 0.9999924 0.003921509 -0
vn 0.9999924 0.003921509 -0
vn -0.99999225 -0.0039215684 -0.00034425134
vn -0.99999225 0.003921509 -0.00034492963
vn -0.99999225 -0.0039215684 -0.00034425134
vn -0.99999225 -0.0039215684 -0.00034425134
vn 0.9999924 0.003921509 -0
vn 0.9999924 0.003921509 -0
vn 0.9999924 0.003921509 -0
vn 0.9999924 0.003921509 -0
vn -0.99999225 0.003921509 -0.00034492963
vn -0.99999225 0.003921509 -0.00034492963
vn -0.99999225 0.003921509 -0.00034492963
vn -0.99999225 0.003921509 -0.00034492963
vn -0.003921509 0.003921509 0.9999846
vn 0.0039215684 0.003921509 0.9999846
vn 0.0039215684 0.003921509 0.9999846
vn 0.0039215684 0.003921509 0.9999846
vn 0.77254313 0.003921509 0.63495016
vn 0.858817 0.003921509 0.51226753
vn 0.858817 0.003921509 0.51226753
vn 0.77254313 0.003921509 0.63495016
vn 0.5686231 0.003921509 0.8225888
vn 0.5686231 0.003921509 0.8225888
vn 0.4431339 0.003921509 0.8964469
vn 0.4431339 0.003921509 0.8964469
vn -0.7725431 0.003921509 -0.6349503
vn -0.85881686 0.003921509 -0.5122677
vn -0.85881686 0.003921509 -0.5122677
vn -0.7725431 0.003921509 -0.6349503
vn -0.56862307 0.003921509 -0.82258886
vn -0.56862307 0.003921509 -0.82258886
vn -0.44313383 0.003921509 -0.8964469
vn -0.44313383 0.003921509 -0.8964469
vn -0.003921509 0.003921509 -0.9999846
vn -0.003921509 0.003921509 -0.9999846
vn -0.003921509 0.003921509 -0.9999846
vn -0.003921509 0.003921509 -0.9999846
vn -0.56862307 0.003921509 0.82258886
vn -0.44313383 0.003921509 0.8964469
vn -0.44313383 0.003921509 0.8964469
vn -0.56862307 0.003921509 0.82258886
vn -0.7725431 0.003921509 0.6349503
vn -0.7725431 0.003921509 0.6349503
vn -0.85881686 0.003921509 0.5122677
vn -0.85881686 0.003921509 0.5122677
vn -0.003921509 0.003921509 0.9999846
vn -0.003921509 0.003921509 0.9999846
vn -0.003921509 0.003921509 0.9999846
vn -0.003921509 0.003921509 0.9999846
vn 0.5686231 0.003921509 -0.8225888
vn 0.4431339 0.003921509 -0.8964469
vn 0.4431339 0.003921509 -0.8964469
vn 0.5686231 0.003921509 -0.8225888
vn 0.77254313 0.003921509 -0.63495016
vn 0.77254313 0.003921509 -0.63495016
vn 0.858817 0.003921509 -0.51226753
vn 0.858817 0.003921509 -0.51226753
vn 0.0039215684 0.003921509 -0.9999846
vn 0.0039215684 0.003921509 -0.9999846
vn 0.0039215684 0.003921509 -0.9999846
vn -0.003921509 0.003921509 -0.9999846
vn -0.003921509 -0.0039215684 0.9999846
vn -0.003921509 -0.0039215684 0.9999846
vn -0.003921509 -0.0039215684 0.9999846
vn 0.0039215684 0.003921509 0.9999846
vn 0.0039215684 0.003921509 0.9999846
vn -0.003921509 0.003921509 0.9999846
vn 0.0039215684 -0.0039215684 -0.9999846
vn 0.0039215684 -0.0039215684 -0.9999846
vn -0.003921509 -0.0039215684 -0.9999846
vn -0.003921509 0.003921509 -0.9999846
vn -0.003921509 0.003921509 -0.9999846
vn 0.0039215684 0.003921509 -0.9999846
vn 0.0039215684 -0.0039215684 -0.9999846
vn -0.003921509 -0.0039215684 -0.9999846
vn 0.0039215684 -0.0039215684 -0.9999846
vn 0.0039215684 -0.0039215684 -0.9999846
vn 0.0039215684 0.003921509 -0.9999846
vn -0.003921509 -0.0039215684 0.9999846
vn -0.003921509 -0.0039215684 0.9999846
vn -0.003921509 -0.0039215684 0.9999846
vn -0.003921509 -0.0039215684 0.9999846
vn -0.003921509 0.003921509 0.9999846
vn 0.7803862 0.003921509 -0.6252855
vn 0.7803862 -0.0039215684 -0.6252855
vn 0.77254313 0.035293818 -0.63398063
vn 0.756857 0.10588145 -0.644947
vn 0.62352467 0.45097685 -0.6386211
vn 0.32548773 0.7019553 -0.63349545
vn 0.26274312 0.65489686 -0.70857334
vn 0.26274312 0.64705384 -0.7157425
vn 0.3725462 0.7019553 -0.6070157
vn 0.49019235 0.7019553 -0.51669157
vn 0.48234928 0.70979846 -0.51334715
vn 0.59215236 0.6941123 -0.40934545
vn 0.6078385 0.70979846 -0.35597545
vn 0.69411236 0.65489686 -0.29886138
vn 0.70195544 0.64705384 -0.2976237
vn -0.7803861 0.003921509 0.6252857
vn -0.7803861 0.003921509 0.6252857
vn -0.7725431 0.035293818 0.6339807
vn -0.7568569 0.10588145 0.64494705
vn -0.62352455 0.45097685 0.6386212
vn -0.3254876 0.7019553 0.6334955
vn -0.262743 0.65489686 0.7085734
vn -0.262743 0.64705384 0.71574265
vn -0.37254608 0.7019553 0.6070158
vn -0.4901923 0.7019553 0.5166916
vn -0.48234916 0.70979846 0.51334727
vn -0.59215224 0.6941123 0.4093457
vn -0.6078384 0.70979846 0.35597563
vn -0.6941123 0.65489686 0.2988616
vn -0.7019553 0.64705384 0.29762408
vn -0.003921509 0.99999225 -0.00034526698
vn -0.003921509 0.99999225 -0.00034526698
vn 0.121567726 0.99214923 0.029345663
vn 0.0039215684 0.99999225 -0.00034526698
vn 0.098038495 0.99214923 -0.07764248
vn 0.0039215684 0.99999225 -0.00034526698
vn 0.0039215684 0.99999225 -0.00034526698
vn 0.0039215684 0.99999225 -0.00034526698
vn 0.10588157 0.99214923 -0.066550605
vn -0.003921509 0.99999225 -0.00034526698
vn 0.38823235 0.9215615 -0.00024414062
vn 0.29411542 0.9529338 0.0735755
vn 0.49803543 0.86666 -0.029345663
vn 0.37206584 0.92820626 -0
vn 0.7176416 0.6941123 -0.05655664
vn 0.73332775 0.66274 -0.15167776
vn 0.77254313 0.6156815 -0.15528466
vn 0.7176416 0.6941123 0.05655664
vn 0.73332775 0.66274 0.15167776
vn 0.77254313 0.62352455 0.11997593
vn 0.7803862 0.62352455 0.04705838
vn 0.94509083 0.30195844 0.124997586
vn 0.7490139 0.65489686 0.1004405
vn 0.76470006 0.6313677 -0.12887469
vn 0.7490139 0.65489686 -0.1004405
vn 0.78808385 0.6155679 -0
vn 0.9137185 0.38823223 -0.119975805
vn 0.756857 0.64705384 -0.09213503
vn 0.77254313 0.6313677 0.0674679
vn 0.9294047 0.35685992 0.09411653
vn 0.7803862 0.62352455 -0.04705838
vn 0.94509083 0.3176446 -0.07684537
vn 0.9993777 0.035272125 -0
vn 0.9843062 0.043136835 0.17111544
vn 0.93724775 0.34117377 0.07188263
vn 0.9998079 0.019604046 -0
vn 0.9921493 0.02745068 -0.12200919
vn 0.9843062 0.02745068 -0.1743208
vn 0.9843062 -0.011764646 -0.17607632
vn 0.9921493 0.011764526 0.12450453
vn 0.9843062 -0.0039215684 0.17642535
vn 0.9999924 -0.0039215684 -0
vn 0.99993086 0.011763803 -0
vn 0.9921493 -0.0039215684 -0.12499761
vn 0.97646314 -0.011764646 -0.2153633
vn 0.960777 0.011764526 -0.27707252
vn 0.94509083 0.003921509 -0.32678422
vn 0.8431308 0.003921509 -0.53769416
vn 0.94509083 -0.011764646 -0.3265959
vn 0.8196016 -0.019607723 -0.5725983
vn 0.6862693 0.011764526 -0.7272524
vn 0.6078385 -0.019607723 -0.7938186
vn 0.46666312 0.011764526 -0.8843569
vn 0.3725462 -0.019607723 -0.9278065
vn 0.31764466 0.019607663 -0.94800705
vn 0.9999924 -0.0039215684 -0
vn 0.9999924 -0.0039215684 -0
vn 0.9843062 -0.0039215684 0.17642535
vn 0.960777 0.003921509 0.27729443
vn 0.97646314 0.003921509 0.21564874
vn 0.94509083 0.003921509 0.32678422
vn 0.8431308 0.003921509 0.53769416
vn 0.94509083 -0.011764646 0.3265959
vn 0.8196016 -0.019607723 0.5725983
vn 0.6862693 0.011764526 0.7272524
vn 0.6078385 -0.019607723 0.7938186
vn 0.46666312 0.011764526 0.8843569
vn 0.35686004 -0.019607723 0.9339521
vn 0.32548773 0.019607663 0.94534296
vn 0.20784158 -0.0274508 0.97777724
vn 0.11372465 -0.019607723 0.9933188
vn 0.16862619 -0.011764646 0.9856098
vn 0.11372465 0.043136835 0.9925754
vn 0.11372465 0.019607663 0.9933188
vn 0.019607723 -0.0039215684 0.9998001
vn -0.02745068 0.02745068 0.9992462
vn 0.019607723 -0.0039215684 0.9998001
vn -0.019607663 -0.0039215684 0.9998001
vn -0.11372459 0.011764526 0.99344265
vn -0.11372459 0.02745068 0.993133
vn -0.098038435 -0.019607723 0.99498945
vn -0.16078305 -0.011764646 0.98691964
vn -0.3254876 0.019607663 0.94534296
vn -0.22352767 -0.0274508 0.974311
vn -0.37254608 -0.019607723 0.9278065
vn -0.466663 0.011764526 0.8843569
vn -0.6078384 -0.019607723 0.79381865
vn -0.68626916 0.011764526 0.7272525
vn -0.81960154 -0.019607723 0.57259834
vn -0.8431307 0.003921509 0.5376944
vn -0.9450908 -0.011764646 0.32659608
vn -0.9450908 0.003921509 0.3267844
vn -0.9607769 0.011764526 0.27707273
vn -0.99214923 -0.0039215684 0.124998085
vn -0.9764631 -0.011764646 0.21536358
vn -0.9843061 -0.011764646 0.17607701
vn -0.99214923 0.02745068 0.12200968
vn -0.9843061 0.02745068 0.17432149
vn -0.91371846 0.38823223 0.119976304
vn -0.99999225 -0.0039215684 -0.00034425134
vn -0.99999225 -0.0039215684 -0.00034425134
vn -0.99993086 0.011763804 -0
vn -0.9450908 0.3176446 0.076846145
vn -0.9998079 0.019604048 -0
vn -0.7880838 0.6155679 -0
vn -0.7725431 0.6156815 0.15528505
vn -0.99999225 -0.0039215684 -0.00034425134
vn -0.9843061 -0.0039215684 -0.17642602
vn -0.7803861 0.62352455 0.04706028
vn -0.93724763 0.34117377 -0.07188428
vn -0.9294046 0.35685992 -0.094117165
vn -0.9993777 0.03527213 -0
vn -0.99214923 0.011764526 -0.124505006
vn -0.9843061 0.043136835 -0.17111614
vn -0.9843061 -0.0039215684 -0.17642602
vn -0.9450908 0.30195844 -0.12499806
vn -0.9607769 0.003921509 -0.27729464
vn -0.9764631 0.003921509 -0.21564901
vn -0.9450908 0.003921509 -0.3267844
vn -0.8431307 0.003921509 -0.5376944
vn -0.9450908 -0.011764646 -0.32659608
vn -0.81960154 -0.019607723 -0.57259834
vn -0.68626916 0.011764526 -0.7272525
vn -0.6078384 -0.019607723 -0.79381865
vn -0.466663 0.011764526 -0.8843569
vn -0.35685992 -0.019607723 -0.9339521
vn -0.3254876 0.019607663 -0.94534296
vn -0.7803861 0.62352455 -0.04706028
vn -0.7725431 0.62352455 -0.11997642
vn -0.20784152 -0.0274508 -0.97777724
vn -0.11372459 -0.019607723 -0.99331886
vn -0.16862607 -0.011764646 -0.9856099
vn -0.11372459 0.043136835 -0.9925754
vn -0.11372459 0.019607663 -0.99331886
vn 0.0274508 0.019607663 -0.99943084
vn -0.7725431 0.6313677 -0.067468785
vn -0.7176415 0.6941123 -0.05655822
vn -0.7333276 0.66274 -0.15167814
vn -0.37206578 0.9282064 -0
vn -0.4980353 0.86666 0.029347694
vn -0.7490138 0.65489686 -0.100441396
vn -0.7568569 0.64705384 0.092135355
vn -0.7490138 0.65489686 0.100441396
vn -0.76469994 0.6313677 0.12887537
vn -0.7176415 0.6941123 0.05655822
vn -0.7333276 0.66274 0.15167814
vn -0.38823223 0.9215615 -0.00034526698
vn -0.2941153 0.9529338 -0.0735759
vn -0.098038435 0.99214923 0.07764248
vn -0.12156761 0.99214923 -0.029346678
vn -0.10588145 0.99214923 0.06655105
vn -0.003921509 0.99999225 -0.00034526698
vn -0.003921509 0.99999225 -0.00034526698
vn -0.003921509 0.99999225 -0.00034526698
vn -0.003921509 0.99999225 -0.00034526698
vn -0.003921509 0.99999225 -0.00034526698
vn 0.0039215684 0.99999225 -0.00034526698
vn 0.0039215684 0.99999225 -0.00034526698
vn -0.3254876 0.7019553 -0.6334955
vn -0.262743 0.64705384 -0.71574265
vn -0.262743 0.65489686 -0.7085734
vn -0.37254608 0.7019553 -0.6070158
vn -0.4901923 0.7019553 -0.5166916
vn -0.48234916 0.70979846 -0.51334727
vn -0.59215224 0.6941123 -0.4093457
vn -0.6078384 0.70979846 -0.35597563
vn -0.6941123 0.65489686 -0.2988616
vn -0.7019553 0.64705384 -0.29762408
vn -0.7803861 0.003921509 -0.6252857
vn -0.7725431 0.035293818 -0.6339807
vn -0.7803861 -0.0039215684 -0.6252857
vn -0.7568569 0.10588145 -0.64494705
vn -0.62352455 0.45097685 -0.6386212
vn 0.32548773 0.7019553 0.63349545
vn 0.26274312 0.64705384 0.7157425
vn 0.26274312 0.65489686 0.70857334
vn 0.3725462 0.7019553 0.6070157
vn 0.49019235 0.7019553 0.51669157
vn 0.48234928 0.70979846 0.51334715
vn 0.59215236 0.6941123 0.40934545
vn 0.6078385 0.70979846 0.35597545
vn 0.69411236 0.65489686 0.29886138
vn 0.70195544 0.64705384 0.2976237
vn 0.7803862 0.003921509 0.6252855
vn 0.77254313 0.035293818 0.63398063
vn 0.7803862 0.003921509 0.6252855
vn 0.756857 0.10588145 0.644947
vn 0.62352467 0.45882 0.6330097
vn 0.59999543 0.003921509 0.7999938
vn 0.59999543 -0.0039215684 0.7999938
vn 0.6078385 0.035293818 0.79327595
vn 0.6156816 0.098038435 0.7818725
vn 0.6156816 0.44313383 0.6515893
vn -0.5999954 0.003921509 -0.7999939
vn -0.5999954 -0.0039215684 -0.7999939
vn -0.6078384 0.035293818 -0.793276
vn -0.6156815 0.098038435 -0.7818726
vn -0.6156815 0.44313383 -0.65158933
vn 0.63136774 0.011764526 0.7753943
vn 0.63136774 0.003921509 0.77547365
vn 0.63136774 0.003921509 0.77547365
vn 0.552937 0.2862723 0.7825017
vn 0.63136774 0.003921509 0.77547365
vn 0.59999543 0.22352767 0.76814115
vn 0.49803543 0.41176152 0.76316
vn 0.3725462 0.51372147 0.7728516
vn 0.46666312 0.4352907 0.76990104
vn 0.14509696 0.670583 0.7275062
vn 0.0039215684 0.7019553 0.71221024
vn 0.0039215684 0.70979846 0.7043939
vn 0.0039215684 0.70979846 0.7043939
vn 0.69411236 0.6941123 0.19083014
vn 0.70195544 0.6941123 0.15958273
vn 0.6862693 0.7019553 0.19050784
vn 0.6784262 0.70979846 0.18953632
vn -0.6313677 0.011764526 -0.7753944
vn -0.6313677 0.003921509 -0.7754737
vn -0.6313677 0.003921509 -0.7754737
vn -0.5529369 0.2862723 -0.78250176
vn -0.6313677 0.003921509 -0.7754737
vn -0.5999954 0.22352767 -0.76814127
vn -0.4980353 0.41176152 -0.76316005
vn -0.37254608 0.51372147 -0.77285165
vn -0.466663 0.4352907 -0.76990104
vn -0.1450969 0.670583 -0.7275062
vn -0.003921509 0.7019553 -0.71221024
vn -0.003921509 0.70979846 -0.7043939
vn -0.003921509 0.70979846 -0.7043939
vn -0.6941123 0.6941123 -0.19083045
vn -0.7019553 0.6941123 -0.15958348
vn -0.68626916 0.7019553 -0.19050816
vn -0.67842615 0.70979846 -0.18953648
vn -0.6313677 0.003921509 0.7754737
vn -0.6313677 0.011764526 0.7753944
vn -0.6313677 0.003921509 0.7754737
vn -0.5529369 0.2862723 0.78250176
vn -0.6313677 0.003921509 0.7754737
vn -0.5999954 0.22352767 0.76814127
vn -0.4980353 0.41176152 0.76316005
vn -0.466663 0.4352907 0.76990104
vn -0.47450614 0.42744768 0.76950145
vn -0.050979972 0.6941123 0.7180593
vn -0.15293992 0.66274 0.73306555
vn -0.003921509 0.70979846 0.7043939
vn 0.0039215684 0.70979846 0.7043939
vn 0.0039215684 0.70979846 0.7043939
vn -0.7019553 0.6941123 0.15958348
vn -0.6941123 0.6941123 0.19083045
vn -0.68626916 0.7019553 0.19050816
vn -0.67842615 0.70979846 0.18953648
vn 0.63136774 0.003921509 -0.77547365
vn 0.63136774 0.011764526 -0.7753943
vn 0.63136774 0.003921509 -0.77547365
vn 0.552937 0.2862723 -0.7825017
vn 0.63136774 0.003921509 -0.77547365
vn 0.59999543 0.22352767 -0.76814115
vn 0.49803543 0.41176152 -0.76316
vn 0.46666312 0.4352907 -0.76990104
vn 0.4745062 0.42744768 -0.7695013
vn 0.05098003 0.6941123 -0.7180593
vn 0.15294003 0.66274 -0.7330655
vn 0.0039215684 0.70979846 -0.7043939
vn -0.003921509 0.70979846 -0.7043939
vn -0.003921509 0.70979846 -0.7043939
vn 0.70195544 0.6941123 -0.15958273
vn 0.69411236 0.6941123 -0.19083014
vn 0.6862693 0.7019553 -0.19050784
vn 0.6784262 0.70979846 -0.18953632
vn 0.59999543 0.003921509 -0.7999938
vn 0.6078385 0.035293818 -0.79327595
vn 0.59999543 -0.0039215684 -0.7999938
vn 0.6156816 0.098038435 -0.7818725
vn 0.6156816 0.44313383 -0.6515893
vn -0.5999954 0.003921509 0.7999939
vn -0.6078384 0.035293818 0.793276
vn -0.5999954 -0.0039215684 0.7999939
vn -0.6156815 0.098038435 0.7818726
vn -0.6156815 0.44313383 0.65158933
vn -0.2941153 0.7333276 -0.6129655
vn -0.2941153 0.7333276 -0.6129655
vn -0.38823223 0.70979846 -0.58776003
vn -0.41176152 0.70979846 -0.571523
vn -0.5529369 0.70979846 -0.43640223
vn -0.5450938 0.70979846 -0.44616017
vn -0.5843092 0.7333276 -0.3475821
vn -0.5843092 0.7333276 -0.3475821
vn -0.70710677 0.70710677 -0
vn -0.70710677 0.70710677 -0
vn -0.70710677 0.70710677 -0
vn -0.70710677 0.70710677 -0
vn 0.552937 0.70979846 -0.43640217
vn 0.5843093 0.7333276 -0.347582
vn 0.5843093 0.7333276 -0.347582
vn 0.5450939 0.70979846 -0.44616002
vn 0.41176158 0.70979846 -0.571523
vn 0.38823235 0.70979846 -0.58776
vn 0.29411542 0.7333276 -0.6129655
vn 0.29411542 0.7333276 -0.6129655
vn -0.003921509 0.70979846 -0.7043939
vn -0.003921509 0.70979846 -0.7043939
vn 0.0039215684 0.70979846 -0.7043939
vn 0.0039215684 0.70979846 -0.7043939
vn 0.552937 0.70979846 0.43640217
vn 0.5843093 0.7333276 0.347582
vn 0.5843093 0.7333276 0.347582
vn 0.5450939 0.70979846 0.44616002
vn 0.41176158 0.70979846 0.571523
vn 0.38823235 0.70979846 0.58776
vn 0.29411542 0.7333276 0.6129655
vn 0.29411542 0.7333276 0.6129655
vn -0.003921509 0.70979846 0.7043939
vn -0.003921509 0.70979846 0.7043939
vn -0.003921509 0.70979846 0.7043939
vn -0.003921509 0.70979846 0.7043939
vn -0.38823223 0.70979846 0.58776003
vn -0.2941153 0.7333276 0.6129655
vn -0.2941153 0.7333276 0.6129655
vn -0.41176152 0.70979846 0.571523
vn -0.5529369 0.70979846 0.43640223
vn -0.5450938 0.70979846 0.44616017
vn -0.5843092 0.7333276 0.3475821
vn -0.5843092 0.7333276 0.3475821
vn -0.70710677 0.70710677 -0
vn -0.70710677 0.70710677 -0
vn -0.70710677 0.70710677 -0
vn -0.70710677 0.70710677 -0
vn 0.0039215684 0.70979846 0.7043939
vn 0.0039215684 0.70979846 0.7043939
vn -0.003921509 0.70979846 0.7043939
vn -0.003921509 0.70979846 0.7043939
vn 0.0039215684 0.70979846 -0.7043939
vn 0.0039215684 0.70979846 -0.7043939
vn 0.0039215684 0.70979846 -0.7043939
vn 0.0039215684 0.70979846 -0.7043939
vn 0.7071068 0.70710677 -0
vn 0.7071068 0.70710677 -0
vn 0.7071068 0.70710677 -0
vn 0.7071068 0.70710677 -0
vn 0.7071068 0.70710677 -0
vn 0.7071068 0.70710677 -0
vn 0.7071068 0.70710677 -0
vn 0.7071068 0.70710677 -0
vn -0.70710677 0.70710677 -0
vn -0.70710677 0.70710677 -0
vn -0.70710677 0.70710677 -0
vn -0.70710677 0.70710677 -0
vn -0.6313677 0.70979846 -0.31234756
vn -0.6313677 0.70979846 -0.31234756
vn -0.42744768 0.70979846 -0.55988806
vn -0.41960454 0.70979846 -0.5657899
vn -0.16078305 0.70979846 -0.68580973
vn -0.13725376 0.7019553 -0.69887066
vn -0.074509144 0.6941123 -0.7160003
vn -0.035293818 0.6941123 -0.719001
vn -0.035293818 0.70979846 -0.70352006
vn -0.003921509 0.6941123 -0.7198561
vn 0.035293877 0.6941123 -0.719001
vn 0.035293877 0.70979846 -0.70352006
vn 0.07450926 0.6941123 -0.7160003
vn 0.1294108 0.7019553 -0.7003653
vn 0.15294003 0.70979846 -0.68760127
vn 0.39607543 0.70979846 -0.58250356
vn 0.4039185 0.70979846 -0.57709265
vn 0.63136774 0.70979846 -0.31234738
vn 0.63136774 0.70979846 -0.31234738
vn 0.7071068 0.70710677 -0
vn 0.7071068 0.70710677 -0
vn 0.7071068 0.70710677 -0
vn 0.7071068 0.70710677 -0
vn 0.7071068 0.70710677 -0
vn 0.7071068 0.70710677 -0
vn 0.7071068 0.70710677 -0
vn 0.7071068 0.70710677 -0
vn 0.62352467 0.70979846 0.32772422
vn 0.62352467 0.70979846 0.32772422
vn 0.4039185 0.70979846 0.57709265
vn 0.39607543 0.70979846 0.58250356
vn 0.1294108 0.7019553 0.7003653
vn 0.14509696 0.70979846 0.6892989
vn 0.07450926 0.6941123 0.7160003
vn 0.035293877 0.6941123 0.719001
vn 0.035293877 0.70979846 0.70352006
vn -0.003921509 0.6941123 0.7198561
vn -0.035293818 0.6941123 0.719001
vn -0.035293818 0.70979846 0.70352006
vn -0.074509144 0.6941123 0.7160003
vn -0.12941074 0.7019553 0.70036536
vn -0.15293992 0.70979846 0.6876013
vn -0.39607537 0.70979846 0.58250356
vn -0.4039184 0.70979846 0.57709277
vn -0.62352455 0.70979846 0.3277244
vn -0.62352455 0.70979846 0.3277244
vn -0.70710677 0.70710677 -0
vn -0.70710677 0.70710677 -0
vn -0.70710677 0.70710677 -0
vn -0.70710677 0.70710677 -0
vn -0.003921509 0.99999225 -0.00034526698
vn -0.003921509 0.99999225 -0.00034526698
vn -0.003921509 0.99999225 -0.00034526698
vn 0.0039215684 0.99999225 -0.00034526698
vn -0.003921509 0.99999225 -0.00034526698
vn -0.003921509 0.99999225 -0.00034526698
vn -0.003921509 0.99999225 -0.00034526698
vn -0.003921509 0.99999225 -0.00034526698
vn -0.003921509 0.99999225 -0.00034526698
vn -0.003921509 0.99999225 -0.00034526698
vn -0.003921509 0.99999225 -0.00034526698
vn -0.003921509 0.99999225 -0.00034526698
vn -0.003921509 0.99999225 -0.00034526698
vn -0.003921509 0.99999225 -0.00034526698
vn -0.003921509 0.99999225 -0.00034526698
vn -0.003921509 0.99999225 -0.00034526698
vn -0.003921509 0.99999225 -0.00034526698
vn -0.003921509 0.99999225 -0.00034526698
vn 0.0039215684 0.99999225 -0.00034526698
vn 0.0039215684 0.99999225 -0.00034526698
vn 0.0039215684 0.99999225 -0.00034526698
vn 0.0039215684 0.99999225 -0.00034526698
vn 0.0039215684 0.99999225 -0.00034526698
vn 0.0039215684 0.99999225 -0.00034526698
vn 0.0039215684 0.99999225 -0.00034526698
vn -0.003921509 0.99999225 -0.00034526698
vn -0.003921509 0.99999225 -0.00034526698
vn -0.003921509 0.99999225 -0.00034526698
vn -0.003921509 0.99999225 -0.00034526698
vn -0.003921509 0.99999225 -0.00034526698
vn 0.0039215684 0.99999225 -0.00034526698
vn -0.003921509 0.99999225 -0.00034526698
vn 0.0039215684 0.99999225 -0.00034526698
vn 0.0039215684 0.99999225 -0.00034526698
vn 0.0039215684 0.99999225 -0.00034526698
vn -0.003921509 0.99999225 -0.00034526698
vn -0.003921509 0.99999225 -0.00034526698
vn -0.003921509 0.99999225 -0.00034526698
vn -0.003921509 0.99999225 -0.00034526698
vn -0.003921509 0.99999225 -0.00034526698
vn -0.003921509 0.99999225 -0.00034526698
vn -0.003921509 0.99999225 -0.00034526698
vn -0.003921509 0.99999225 -0.00034526698
vn -0.003921509 0.99999225 -0.00034526698
vn -0.003921509 0.99999225 -0.00034526698
vn -0.003921509 0.99999225 -0.00034526698
vn -0.003921509 0.99999225 -0.00034526698
vn -0.003921509 0.99999225 -0.00034526698
vn -0.003921509 0.99999225 -0.00034526698
vn -0.003921509 0.99999225 -0.00034526698
vn -0.003921509 0.99999225 -0.00034526698
vn -0.003921509 0.99999225 -0.00034526698
vn -0.003921509 0.99999225 -0.00034526698
vn 0.0039215684 0.99999225 -0.00034526698
vn 0.0039215684 0.99999225 -0.00034526698
vn 0.0039215684 0.99999225 -0.00034526698
vn 0.0039215684 0.99999225 -0.00034526698
vn 0.0039215684 0.99999225 -0.00034526698
vn 0.0039215684 0.99999225 -0.00034526698
vn 0.0039215684 0.99999225 -0.00034526698
vn -0.003921509 0.99999225 -0.00034526698
vn -0.003921509 0.99999225 -0.00034526698
vn -0.003921509 0.99999225 -0.00034526698
vn -0.003921509 0.99999225 -0.00034526698
vn -0.003921509 0.99999225 -0.00034526698
vn -0.003921509 0.99999225 -0.00034526698
vn -0.003921509 0.99999225 -0.00034526698
vn 0.0039215684 0.99999225 -0.00034526698
vn 0.0039215684 0.99999225 -0.00034526698
vn 0.0039215684 0.99999225 -0.00034526698
vn 0.9921493 -0.0039215684 -0.12499761
vn 0.9843062 0.003921509 -0.17642535
vn 0.9999924 0.003921509 -0
vn 0.9999924 -0.0039215684 -0
vn 0.9843062 -0.0039215684 0.17642535
vn 0.9843062 -0.0039215684 0.17642535
vn 0.94509083 -0.011764646 0.3265959
vn 0.94509083 0.003921509 0.32678422
vn 0.9999924 -0.0039215684 -0
vn 0.9999924 0.003921509 -0
vn 0.9843062 -0.0039215684 0.17642535
vn 0.9843062 -0.0039215684 0.17642535
vn 0.94509083 0.003921509 -0.32678422
vn 0.94509083 -0.011764646 -0.3265959
vn 0.9843062 0.003921509 -0.17642535
vn 0.9921493 -0.0039215684 -0.12499761
vn 0.11372465 -0.019607723 0.9933188
vn -0.098038435 -0.019607723 0.99498945
vn -0.019607663 -0.0039215684 0.9998001
vn -0.9843061 -0.0039215684 -0.17642602
vn -0.9843061 0.003921509 -0.17642602
vn -0.9450908 -0.011764646 -0.32659608
vn -0.9450908 0.003921509 -0.3267844
vn -0.99214923 -0.0039215684 0.124998085
vn -0.9843061 -0.0039215684 0.17642602
vn -0.99999225 0.003921509 -0.00034492963
vn -0.99999225 -0.0039215684 -0.00034425134
vn -0.99999225 -0.0039215684 -0.00034425134
vn -0.99999225 0.003921509 -0.00034492963
vn -0.9843061 0.003921509 -0.17642602
vn -0.9843061 -0.0039215684 -0.17642602
vn -0.9450908 0.003921509 0.3267844
vn -0.9450908 -0.011764646 0.32659608
vn -0.9843061 -0.0039215684 0.17642602
vn -0.99214923 -0.0039215684 0.124998085
vn 0.11372465 0.003921509 -0.9935046
vn 0.11372465 0.003921509 -0.9935046
vn 0.15294003 0.003921509 -0.98822767
vn 0.15294003 0.011764526 -0.98816544
vn 0.9999924 0.003921509 -0
vn 0.9999924 0.003921509 -0
vn 0.9999924 0.003921509 -0
vn 0.9999924 0.003921509 -0
vn -0.99999225 0.003921509 -0.00034492963
vn -0.99999225 0.003921509 -0.00034492963
vn -0.99999225 0.003921509 -0.00034492963
vn -0.99999225 0.003921509 -0.00034492963
vn -0.34117377 -0.0039215684 -0.9399921
vn -0.23921382 0.003921509 -0.970959
vn -0.23921382 0.003921509 -0.970959
vn -0.25489998 0.003921509 -0.9669595
vn 0.3411739 -0.0039215684 0.939992
vn 0.23921388 0.003921509 0.970959
vn 0.23921388 0.003921509 0.970959
vn 0.25490004 0.003921509 0.9669595
vn -0.25489998 0.003921509 0.9669595
vn -0.23921382 0.003921509 0.970959
vn -0.23921382 0.003921509 0.970959
vn -0.34117377 -0.0039215684 0.9399921
vn -0.99999225 0.003921509 -0.00034492963
vn -0.99999225 0.003921509 -0.00034492963
vn -0.99999225 0.003921509 -0.00034492963
vn -0.99999225 0.003921509 -0.00034492963
vn 0.9999924 0.003921509 -0
vn 0.9999924 0.003921509 -0
vn 0.9999924 0.003921509 -0
vn 0.9999924 0.003921509 -0
vn 0.25490004 0.003921509 -0.9669595
vn 0.23921388 0.003921509 -0.970959
vn 0.23921388 0.003921509 -0.970959
vn 0.3411739 -0.0039215684 -0.939992
vn -0.003921509 0.003921509 -0.9999846
vn -0.003921509 0.003921509 -0.9999846
vn -0.050979972 0.003921509 -0.998692
vn -0.050979972 0.003921509 -0.998692
vn -0.003921509 0.003921509 0.9999846
vn -0.003921509 0.003921509 0.9999846
vn 0.05098003 0.003921509 0.998692
vn 0.05098003 0.003921509 0.998692
vn -0.11372459 0.003921509 0.9935046
vn -0.11372459 0.003921509 0.9935046
vn -0.15293992 0.003921509 0.9882277
vn -0.15293992 0.011764526 0.9881655
vn -0.098038435 0.003921509 0.9951749
vn -0.098038435 0.003921509 0.9951749
vn -0.050979972 0.003921509 0.998692
vn -0.050979972 0.003921509 0.998692
vn -0.15293992 0.011764526 -0.9881655
vn -0.15293992 0.003921509 -0.9882277
vn -0.11372459 0.003921509 -0.9935046
vn -0.11372459 0.003921509 -0.9935046
vn 0.098038495 0.003921509 -0.9951749
vn 0.098038495 0.003921509 -0.9951749
vn 0.05098003 0.003921509 -0.998692
vn 0.05098003 0.003921509 -0.998692
vn 0.15294003 0.011764526 0.98816544
vn 0.15294003 0.003921509 0.98822767
vn 0.11372465 0.003921509 0.9935046
vn 0.11372465 0.003921509 0.9935046
vn 0.5843093 0.003921509 0.8115216
vn 0.5843093 0.003921509 0.8115216
vn 0.8901893 0.003921509 0.455574
vn 0.8901893 0.003921509 0.455574
vn -0.23921382 0.003921509 -0.970959
vn -0.23921382 0.003921509 -0.970959
vn -0.23921382 0.003921509 -0.970959
vn -0.23921382 0.003921509 -0.970959
vn 0.23921388 0.003921509 0.970959
vn 0.23921388 0.003921509 0.970959
vn 0.23921388 0.003921509 0.970959
vn 0.23921388 0.003921509 0.970959
vn -0.23921382 0.003921509 0.970959
vn -0.23921382 0.003921509 0.970959
vn -0.23921382 0.003921509 0.970959
vn -0.23921382 0.003921509 0.970959
vn 0.23921388 0.003921509 -0.970959
vn 0.23921388 0.003921509 -0.970959
vn 0.23921388 0.003921509 -0.970959
vn 0.23921388 0.003921509 -0.970959
vn -0.5843092 0.003921509 -0.81152165
vn -0.5843092 0.003921509 -0.81152165
vn -0.8901892 0.003921509 -0.45557418
vn -0.8901892 0.003921509 -0.45557418
vn 0.8901893 0.003921509 -0.455574
vn 0.8901893 0.003921509 -0.455574
vn 0.5843093 0.003921509 -0.8115216
vn 0.5843093 0.003921509 -0.8115216
vn -0.8901892 0.003921509 0.45557418
vn -0.8901892 0.003921509 0.45557418
vn -0.5843092 0.003921509 0.81152165
vn -0.5843092 0.003921509 0.81152165
vn 0.20784158 0.003921509 0.97815466
vn 0.20784158 0.003921509 0.97815466
vn 0.19215542 0.003921509 0.9813567
vn 0.19215542 0.003921509 0.9813567
vn -0.20784152 0.003921509 0.97815466
vn -0.20784152 0.003921509 0.97815466
vn -0.21568453 0.003921509 0.9764552
vn -0.21568453 0.003921509 0.9764552
vn 0.20784158 0.003921509 -0.97815466
vn 0.20784158 0.003921509 -0.97815466
vn 0.21568465 0.003921509 -0.9764552
vn 0.21568465 0.003921509 -0.9764552
vn -0.21568453 0.003921509 -0.9764552
vn -0.21568453 0.003921509 -0.9764552
vn -0.20784152 0.003921509 -0.97815466
vn -0.20784152 0.003921509 -0.97815466
vn -0.098038435 0.003921509 -0.9951749
vn -0.098038435 0.003921509 -0.9951749
vn -0.20784152 0.003921509 -0.97815466
vn -0.20784152 0.003921509 -0.97815466
vn 0.098038495 0.003921509 0.9951749
vn 0.098038495 0.003921509 0.9951749
vn 0.1999985 0.003921509 0.97978836
vn 0.1999985 0.003921509 0.97978836
vn -0.003921509 -0.0039215684 -0.9999846
vn -0.003921509 0.003921509 -0.9999846
vn 0.05882311 0.003921509 -0.99826074
vn 0.05882311 0.003921509 -0.99826074
vn 0.05882311 0.003921509 0.99826074
vn 0.05882311 0.003921509 0.99826074
vn -0.003921509 0.003921509 0.9999846
vn -0.003921509 0.003921509 0.9999846
vn -0.20784152 0.003921509 0.97815466
vn -0.20784152 0.003921509 0.97815466
vn -0.098038435 0.003921509 0.9951749
vn -0.098038435 0.003921509 0.9951749
vn 0.5843093 0.003921509 -0.8115216
vn 0.5843093 0.003921509 -0.8115216
vn 0.20784158 0.003921509 -0.97815466
vn 0.20784158 0.003921509 -0.97815466
vn 0.21568465 0.003921509 0.9764552
vn 0.21568465 0.003921509 0.9764552
vn 0.20784158 0.003921509 0.97815466
vn 0.20784158 0.003921509 0.97815466
vn -0.19215536 0.003921509 0.9813567
vn -0.19215536 0.003921509 0.9813567
vn -0.20784152 0.003921509 0.97815466
vn -0.20784152 0.003921509 0.97815466
vn -0.20784152 0.003921509 -0.97815466
vn -0.20784152 0.003921509 -0.97815466
vn -0.19215536 0.003921509 -0.9813567
vn -0.19215536 0.003921509 -0.9813567
vn 0.19215542 0.003921509 -0.9813567
vn 0.19215542 0.003921509 -0.9813567
vn 0.20784158 0.003921509 -0.97815466
vn 0.20784158 0.003921509 -0.97815466
vn -0.99999225 0.003921509 -0.00034492963
vn -0.99999225 0.003921509 -0.00034492963
vn -0.8901892 0.003921509 0.45557418
vn -0.8901892 0.003921509 0.45557418
vn 0.9999924 0.003921509 -0
vn 0.9999924 0.003921509 -0
vn 0.8901893 0.003921509 -0.455574
vn 0.8901893 0.003921509 -0.455574
vn -0.8901892 0.003921509 -0.45557418
vn -0.8901892 0.003921509 -0.45557418
vn -0.99999225 0.003921509 -0.00034492963
vn -0.99999225 0.003921509 -0.00034492963
vn -0.003921509 0.003921509 0.9999846
vn -0.003921509 0.003921509 0.9999846
vn -0.05882299 0.003921509 0.99826074
vn -0.05882299 0.003921509 0.99826074
vn 0.05882311 0.003921509 0.99826074
vn -0.003921509 0.066666126 0.9977676
vn 0.11372465 0.003921509 0.9935046
vn -0.05882299 0.003921509 0.99826074
vn -0.11372459 0.003921509 0.9935046
vn 0.15294003 0.011764526 0.98816544
vn 0.39607543 0.011764526 0.9181426
vn -0.15293992 0.011764526 0.9881655
vn -0.39607537 0.011764526 0.9181426
vn 0.19215542 0.003921509 0.9813567
vn -0.19215536 0.003921509 0.9813567
vn 0.20784158 0.003921509 0.97815466
vn -0.20784152 0.003921509 0.97815466
vn 0.21568465 0.003921509 0.9764552
vn -0.21568453 0.003921509 0.9764552
vn 0.25490004 0.003921509 0.9669595
vn 0.3411739 -0.0039215684 0.939992
vn 0.56078005 -0.011764646 0.8278813
vn 0.59215236 0.003921509 0.8058165
vn 0.80391544 -0.0039215684 0.5947307
vn 0.8117585 0.003921509 0.5839801
vn 0.8901893 -0.0039215684 0.455574
vn -0.25489998 0.003921509 0.9669595
vn -0.34117377 -0.0039215684 0.9399921
vn -0.5607799 -0.011764646 0.82788134
vn -0.59215224 0.003921509 0.8058166
vn -0.8039154 -0.0039215684 0.5947308
vn -0.8117584 0.003921509 0.58398026
vn -0.8901892 -0.0039215684 0.45557418
vn 0.89803237 0.003921509 0.43991193
vn -0.8980323 0.003921509 0.439912
vn 0.960777 0.003921509 0.27729443
vn 0.96862006 0.043136835 0.2447741
vn 0.97646314 0.16078305 0.14376566
vn -0.9607769 0.003921509 0.27729464
vn -0.96861994 0.043136835 0.2447746
vn -0.9764631 0.16078305 0.14376608
vn 0.9921493 0.11372459 -0.05202403
vn -0.99214923 0.11372459 -0.052025177
vn 0.9921493 0.05882299 0.1103614
vn -0.99214923 0.05882299 0.11036193
vn 0.9999924 0.003921509 -0
vn 0.9921493 0.05882299 -0.1103614
vn 0.97646314 0.16078305 -0.14376566
vn -0.99999225 0.003921509 -0.00034492963
vn -0.99214923 0.05882299 -0.11036193
vn -0.9764631 0.16078305 -0.14376608
vn 0.89803237 0.003921509 -0.43991193
vn -0.8980323 0.003921509 -0.439912
vn 0.96862006 0.043136835 -0.2447741
vn 0.960777 0.003921509 -0.27729443
vn 0.8901893 -0.0039215684 -0.455574
vn 0.8117585 0.003921509 -0.5839801
vn 0.80391544 -0.0039215684 -0.5947307
vn 0.59215236 0.003921509 -0.8058165
vn 0.56078005 -0.011764646 -0.8278813
vn 0.39607543 0.011764526 -0.9181426
vn -0.96861994 0.043136835 -0.2447746
vn -0.9607769 0.003921509 -0.27729464
vn -0.8901892 -0.0039215684 -0.45557418
vn -0.8117584 0.003921509 -0.58398026
vn -0.8039154 -0.0039215684 -0.5947308
vn -0.59215224 0.003921509 -0.8058166
vn -0.5607799 -0.011764646 -0.82788134
vn -0.39607537 0.011764526 -0.9181426
vn 0.3411739 -0.0039215684 -0.939992
vn -0.34117377 -0.0039215684 -0.9399921
vn 0.25490004 0.003921509 -0.9669595
vn -0.25489998 0.003921509 -0.9669595
vn 0.21568465 0.003921509 -0.9764552
vn -0.21568453 0.003921509 -0.9764552
vn 0.20784158 0.003921509 -0.97815466
vn 0.19215542 0.003921509 -0.9813567
vn 0.15294003 0.011764526 -0.98816544
vn -0.003921509 0.066666126 -0.9977676
vn -0.20784152 0.003921509 -0.97815466
vn -0.19215536 0.003921509 -0.9813567
vn -0.15293992 0.011764526 -0.9881655
vn 0.11372465 0.003921509 -0.9935046
vn -0.11372459 0.003921509 -0.9935046
vn 0.05882311 0.003921509 -0.99826074
vn -0.05882299 0.003921509 -0.99826074
vn -0.003921509 -0.0039215684 -0.9999846
vn -0.05882299 0.003921509 -0.99826074
vn -0.05882299 0.003921509 -0.99826074
vn -0.003921509 0.003921509 -0.9999846
vn -0.003921509 -0.0039215684 -0.9999846
vn 0.8901893 0.003921509 0.455574
vn 0.8901893 0.003921509 0.455574
vn 0.9999924 0.003921509 -0
vn 0.9999924 0.003921509 -0
vn -0.20784152 0.003921509 -0.97815466
vn -0.20784152 0.003921509 -0.97815466
vn -0.5843092 0.003921509 -0.81152165
vn -0.5843092 0.003921509 -0.81152165
vn 0.1999985 0.003921509 0.97978836
vn 0.1999985 0.003921509 0.97978836
vn 0.5843093 0.003921509 0.8115216
vn 0.5843093 0.003921509 0.8115216
vn -0.5843092 0.003921509 0.81152165
vn -0.5843092 0.003921509 0.81152165
vn -0.20784152 0.003921509 0.97815466
vn -0.20784152 0.003921509 0.97815466
vn 0.20784158 0.003921509 -0.97815466
vn 0.20784158 0.003921509 -0.97815466
vn 0.098038495 0.003921509 -0.9951749
vn 0.098038495 0.003921509 -0.9951749
vn 0.05098003 0.003921509 0.998692
vn 0.05098003 0.003921509 0.998692
vn 0.098038495 0.003921509 0.9951749
vn 0.098038495 0.003921509 0.9951749
vn -0.050979972 0.003921509 -0.998692
vn -0.050979972 0.003921509 -0.998692
vn -0.098038435 0.003921509 -0.9951749
vn -0.098038435 0.003921509 -0.9951749
vn 0.05098003 0.003921509 -0.998692
vn 0.05098003 0.003921509 -0.998692
vn -0.003921509 0.003921509 -0.9999846
vn -0.003921509 0.003921509 -0.9999846
vn -0.050979972 0.003921509 0.998692
vn -0.050979972 0.003921509 0.998692
vn -0.003921509 0.003921509 0.9999846
vn -0.003921509 0.003921509 0.9999846
vn -0.21568453 0.003921509 0.9764552
vn -0.21568453 0.003921509 0.9764552
vn -0.23921382 0.003921509 0.970959
vn -0.25489998 0.003921509 0.9669595
vn 0.21568465 0.003921509 -0.9764552
vn 0.21568465 0.003921509 -0.9764552
vn 0.23921388 0.003921509 -0.970959
vn 0.25490004 0.003921509 -0.9669595
vn 0.25490004 0.003921509 0.9669595
vn 0.23921388 0.003921509 0.970959
vn 0.21568465 0.003921509 0.9764552
vn 0.21568465 0.003921509 0.9764552
vn -0.25489998 0.003921509 -0.9669595
vn -0.23921382 0.003921509 -0.970959
vn -0.21568453 0.003921509 -0.9764552
vn -0.21568453 0.003921509 -0.9764552
vn -0.19215536 0.003921509 -0.9813567
vn -0.19215536 0.003921509 -0.9813567
vn -0.15293992 0.003921509 -0.9882277
vn -0.15293992 0.011764526 -0.9881655
vn 0.19215542 0.003921509 0.9813567
vn 0.19215542 0.003921509 0.9813567
vn 0.15294003 0.003921509 0.98822767
vn 0.15294003 0.011764526 0.98816544
vn 0.15294003 0.011764526 -0.98816544
vn 0.15294003 0.003921509 -0.98822767
vn 0.19215542 0.003921509 -0.9813567
vn 0.19215542 0.003921509 -0.9813567
vn -0.15293992 0.011764526 0.9881655
vn -0.15293992 0.003921509 0.9882277
vn -0.19215536 0.003921509 0.9813567
vn -0.19215536 0.003921509 0.9813567
vn 0.05882311 0.003921509 -0.99826074
vn 0.05882311 0.003921509 -0.99826074
vn 0.11372465 0.003921509 -0.9935046
vn 0.11372465 0.003921509 -0.9935046
vn 0.11372465 0.003921509 0.9935046
vn 0.11372465 0.003921509 0.9935046
vn 0.05882311 0.003921509 0.99826074
vn 0.05882311 0.003921509 0.99826074
vn -0.11372459 0.003921509 -0.9935046
vn -0.11372459 0.003921509 -0.9935046
vn -0.05882299 0.003921509 -0.99826074
vn -0.05882299 0.003921509 -0.99826074
vn -0.05882299 0.003921509 0.99826074
vn -0.05882299 0.003921509 0.99826074
vn -0.11372459 0.003921509 0.9935046
vn -0.11372459 0.003921509 0.9935046
vn 0.09019542 -0.019607723 -0.99573106
vn 0.22352773 -0.0274508 -0.97431093
vn 0.16078311 -0.011764646 -0.98691964
vn 0.11372465 0.02745068 -0.993133
vn 0.11372465 0.011764526 -0.99344265
vn 0.019607723 0.003921509 -0.9998001
vn -0.019607663 -0.0039215684 -0.9998001
vn -0.019607663 -0.0039215684 -0.9998001
vn 0.1294108 0.6941123 -0.70813906
vn 0.10588157 0.7568569 -0.64494705
vn 0.08235234 0.7254846 -0.6832936
vn 0.0039215684 0.6941123 -0.7198561
vn 0.0039215684 0.7254846 -0.68822724
vn -0.08235228 0.7176415 -0.6915265
vn -0.10588145 0.7490138 -0.6540394
vn -0.12156761 0.6941123 -0.7095276
vn 0.08235234 0.7254846 0.6832936
vn 0.121567726 0.7019553 0.7017692
vn -0.003921509 0.6941123 0.7198561
vn 0.10588157 0.7490138 0.6540393
vn 0.0039215684 0.7254846 0.68822724
vn -0.08235228 0.7176415 0.6915265
vn -0.10588145 0.7490138 0.6540394
vn -0.12156761 0.6941123 0.7095276
vn 0.0039215684 0.99999225 -0.00034526698
vn -0.003921509 0.99999225 -0.00034526698
vn -0.003921509 0.99999225 -0.00034526698
vn -0.003921509 0.99999225 -0.00034526698
vn 0.0039215684 0.99999225 -0.00034526698
vn -0.003921509 0.99999225 -0.00034526698
vn -0.003921509 0.99999225 -0.00034526698
vn -0.003921509 0.99999225 -0.00034526698
vn -0.003921509 0.99999225 -0.00034526698
vn 0.0039215684 0.99999225 -0.00034526698
vn -0.003921509 0.99999225 -0.00034526698
vn 0.0039215684 0.99999225 -0.00034526698
vn -0.003921509 0.99999225 -0.00034526698
vn 0.0039215684 0.99999225 -0.00034526698
vn 0.0039215684 0.99999225 -0.00034526698
vn 0.0039215684 0.99999225 -0.00034526698
vn -0.003921509 0.99999225 -0.00034526698
vn -0.003921509 0.99999225 -0.00034526698
vn -0.003921509 0.99999225 -0.00034526698
vn -0.003921509 0.99999225 -0.00034526698
vn -0.003921509 0.99999225 -0.00034526698
vn -0.003921509 0.99999225 -0.00034526698
vn -0.003921509 0.99999225 -0.00034526698
vn -0.003921509 0.99999225 -0.00034526698
vn -0.003921509 0.99999225 -0.00034526698
vn -0.003921509 0.99999225 -0.00034526698
vn 0.0039215684 0.99999225 -0.00034526698
vn 0.0039215684 0.99999225 -0.00034526698
vn -0.003921509 0.99999225 -0.00034526698
vn -0.003921509 0.99999225 -0.00034526698
vn -0.003921509 0.99999225 -0.00034526698
vn -0.003921509 0.99999225 -0.00034526698
vn 0.0039215684 0.99999225 -0.00034526698
vn 0.0039215684 0.99999225 -0.00034526698
vn 0.0039215684 0.99999225 -0.00034526698
vn 0.0039215684 0.99999225 -0.00034526698
vn 0.0039215684 0.99999225 -0.00034526698
vn 0.0039215684 0.99999225 -0.00034526698
vn -0.003921509 0.99999225 -0.00034526698
vn -0.003921509 0.99999225 -0.00034526698
vn -0.003921509 -0.7097985 0.70439386
vn 0.15294003 -0.7176416 0.6794114
vn -0.003921509 -0.7176416 0.6964016
vn -0.15293992 -0.7176416 0.6794115
vn 0.22352773 -0.7097985 0.6679981
vn -0.22352767 -0.7097985 0.66799814
vn 0.32548773 -0.73332775 0.5968988
vn -0.3254876 -0.73332775 0.59689885
vn 0.41960466 -0.7097985 0.5657897
vn -0.41960454 -0.7097985 0.5657898
vn 0.4745062 -0.7411708 0.4748786
vn -0.47450614 -0.7411708 0.47487867
vn 0.5686231 -0.7097985 0.41575694
vn -0.56862307 -0.7097985 0.415757
vn 0.59215236 -0.73332775 0.33404496
vn -0.59215224 -0.73332775 0.33404523
vn 0.66274005 -0.7097985 0.23866653
vn -0.66274 -0.7097985 0.23866665
vn 0.6784262 -0.7176416 0.15725271
vn -0.67842615 -0.7176416 0.15725291
vn 0.69925076 -0.7148765 -0
vn 0.70710677 -0.70710677 -0
vn 0.6784262 -0.7176416 -0.15725271
vn 0.66274005 -0.7097985 -0.23866653
vn 0.59215236 -0.73332775 -0.33404496
vn 0.5686231 -0.7097985 -0.41575694
vn 0.4745062 -0.7411708 -0.4748786
vn 0.41960466 -0.7097985 -0.5657897
vn 0.32548773 -0.73332775 -0.5968988
vn 0.22352773 -0.7097985 -0.6679981
vn 0.15294003 -0.7176416 -0.6794114
vn -0.6992507 -0.71487653 -0
vn -0.70710677 -0.7071068 -0
vn -0.67842615 -0.7176416 -0.15725291
vn -0.66274 -0.7097985 -0.23866665
vn -0.59215224 -0.73332775 -0.33404523
vn -0.56862307 -0.7097985 -0.415757
vn -0.47450614 -0.7411708 -0.47487867
vn -0.41960454 -0.7097985 -0.5657898
vn -0.3254876 -0.73332775 -0.59689885
vn -0.22352767 -0.7097985 -0.66799814
vn -0.15293992 -0.7176416 -0.6794115
vn -0.003921509 -0.7176416 -0.6964016
vn -0.003921509 -0.7097985 -0.70439386
vn -0.003921509 0.70979846 -0.7043939
vn -0.22352767 0.70979846 -0.66799814
vn -0.003921509 0.70979846 -0.7043939
vn 0.22352773 0.70979846 -0.66799814
vn -0.22352767 0.70979846 -0.66799814
vn 0.22352773 0.70979846 -0.66799814
vn -0.41960454 0.70979846 -0.5657899
vn 0.41960466 0.70979846 -0.56578976
vn -0.41960454 0.70979846 -0.5657899
vn 0.41960466 0.70979846 -0.56578976
vn -0.5764661 0.70979846 -0.40481225
vn 0.5764662 0.70979846 -0.4048121
vn -0.5764661 0.70979846 -0.40481225
vn 0.5764662 0.70979846 -0.4048121
vn -0.670583 0.70979846 -0.21564916
vn 0.6705831 0.70979846 -0.21564874
vn -0.670583 0.70979846 -0.21564916
vn 0.6705831 0.70979846 -0.21564874
vn -0.70710677 0.70710677 -0
vn 0.7071068 0.70710677 -0
vn -0.70710677 0.70710677 -0
vn 0.7071068 0.70710677 -0
vn -0.670583 0.70979846 0.21564916
vn 0.6705831 0.70979846 0.21564874
vn -0.670583 0.70979846 0.21564916
vn 0.6705831 0.70979846 0.21564874
vn -0.56862307 0.70979846 0.4157571
vn 0.5686231 0.70979846 0.415757
vn -0.56862307 0.70979846 0.4157571
vn 0.5686231 0.70979846 0.415757
vn -0.41176152 0.70979846 0.571523
vn 0.41176158 0.70979846 0.571523
vn -0.41176152 0.70979846 0.571523
vn 0.41176158 0.70979846 0.571523
vn -0.21568453 0.70979846 0.6705716
vn 0.21568465 0.70979846 0.67057157
vn -0.21568453 0.70979846 0.6705716
vn 0.21568465 0.70979846 0.67057157
vn -0.003921509 0.70979846 0.7043939
vn -0.003921509 0.70979846 0.7043939
vn -0.003921509 0.70979846 -0.7043939
vn 0.21568465 0.70979846 -0.67057157
vn 0.21568465 0.70979846 -0.67057157
vn 0.41176158 0.70979846 -0.571523
vn -0.003921509 0.70979846 -0.7043939
vn 0.41176158 0.70979846 -0.571523
vn -0.22352767 0.70979846 -0.66799814
vn 0.5686231 0.70979846 -0.415757
vn -0.22352767 0.70979846 -0.66799814
vn 0.5686231 0.70979846 -0.415757
vn -0.41960454 0.70979846 -0.5657899
vn 0.6705831 0.70979846 -0.21564874
vn -0.41960454 0.70979846 -0.5657899
vn 0.6705831 0.70979846 -0.21564874
vn -0.5764661 0.70979846 -0.40481225
vn -0.5764661 0.70979846 -0.40481225
vn 0.7071068 0.70710677 -0
vn 0.7071068 0.70710677 -0
vn -0.670583 0.70979846 -0.21564916
vn -0.670583 0.70979846 -0.21564916
vn 0.6705831 0.70979846 0.21564874
vn 0.6705831 0.70979846 0.21564874
vn 0.5764662 0.70979846 0.4048121
vn 0.5764662 0.70979846 0.4048121
vn 0.41960466 0.70979846 0.56578976
vn 0.41960466 0.70979846 0.56578976
vn 0.22352773 0.70979846 0.66799814
vn 0.22352773 0.70979846 0.66799814
vn -0.70710677 0.70710677 -0
vn -0.70710677 0.70710677 -0
vn -0.670583 0.70979846 0.21564916
vn -0.670583 0.70979846 0.21564916
vn -0.56862307 0.70979846 0.4157571
vn -0.56862307 0.70979846 0.4157571
vn -0.41176152 0.70979846 0.571523
vn -0.41176152 0.70979846 0.571523
vn -0.003921509 0.70979846 0.7043939
vn -0.003921509 0.70979846 0.7043939
vn -0.21568453 0.70979846 0.6705716
vn -0.21568453 0.70979846 0.6705716
vn -0.003921509 -0.9999924 -0
vn -0.003921509 -0.9999924 -0
vn -0.003921509 -0.9999924 -0
vn -0.003921509 -0.9999924 -0
vn -0.003921509 -0.9999924 -0
vn -0.003921509 -0.9999924 -0
vn -0.003921509 -0.9999924 -0
vn -0.003921509 -0.9999924 -0
vn -0.003921509 -0.9999924 -0
vn 0.0039215684 -0.9999924 -0
vn -0.003921509 -0.9999924 -0
vn 0.0039215684 -0.9999924 -0
vn 0.0039215684 -0.9999924 -0
vn 0.0039215684 -0.9999924 -0
vn 0.0039215684 -0.9999924 -0
vn 0.0039215684 -0.9999924 -0
vn -0.003921509 -0.9999924 -0
vn -0.003921509 -0.9999924 -0
vn -0.003921509 -0.9999924 -0
vn -0.003921509 -0.9999924 -0
vn -0.003921509 -0.9999924 -0
vn -0.003921509 -0.9999924 -0
vn -0.003921509 -0.9999924 -0
vn -0.003921509 -0.9999924 -0
vn -0.003921509 -0.9999924 -0
vn -0.003921509 -0.9999924 -0
vn -0.003921509 -0.9999924 -0
vn -0.003921509 -0.9999924 -0
vn -0.003921509 -0.9999924 -0
vn -0.003921509 -0.9999924 -0
vn -0.003921509 -0.9999924 -0
vn 0.0039215684 -0.9999924 -0
vn -0.003921509 -0.9999924 -0
vn -0.003921509 -0.9999924 -0
vn -0.003921509 -0.9999924 -0
vn -0.003921509 -0.9999924 -0
vn -0.7882292 -0.5764662 0.21536352
vn -0.7882292 -0.5764662 0.21536352
vn -0.7882292 -0.5764662 0.21536352
vn -0.7882292 -0.5764662 0.21536352
vn -0.7882292 -0.5764662 0.21536352
vn -0.22352767 -0.5764662 -0.78595304
vn -0.22352767 -0.5764662 -0.78595304
vn -0.22352767 -0.5764662 -0.78595304
vn -0.22352767 -0.5764662 -0.78595304
vn -0.21568453 -0.5764662 -0.7881414
vn 0.2313708 -0.5686231 0.7893892
vn 0.22352773 -0.5686231 0.7916458
vn 0.2313708 -0.5686231 0.7893892
vn 0.2313708 -0.5764662 0.7836799
vn 0.21568465 -0.5764662 0.78814137
vn -0.23137069 -0.5686231 0.7893892
vn -0.23137069 -0.5686231 0.7893892
vn -0.22352767 -0.5686231 0.7916458
vn -0.23137069 -0.5843093 0.77784973
vn -0.21568453 -0.5843093 0.78234446
vn 0.7882293 -0.5686231 0.23529203
vn 0.7882293 -0.5686231 0.23529203
vn 0.7882293 -0.5686231 0.23529203
vn 0.7803862 -0.5764662 0.24224797
vn 0.7882293 -0.5764662 0.21536323
vn -0.7882292 -0.5686231 -0.23529229
vn -0.7882292 -0.5686231 -0.23529229
vn -0.7882292 -0.5686231 -0.23529229
vn -0.7803861 -0.5843093 -0.22266608
vn -0.7882292 -0.5843093 -0.19307348
vn -0.6156815 0.70979846 0.3422315
vn -0.4980353 0.70979846 0.4981435
vn -0.6156815 0.70979846 0.3422315
vn -0.68626916 0.70979846 0.15881042
vn -0.4980353 0.70979846 0.4981435
vn -0.68626916 0.70979846 0.15881042
vn -0.35685992 0.70979846 0.6073196
vn -0.70710677 0.70710677 -0
vn -0.35685992 0.70979846 0.6073196
vn -0.70710677 0.70710677 -0
vn -0.18431222 0.70979846 0.67986405
vn -0.68626916 0.70979846 -0.15881042
vn -0.18431222 0.70979846 0.67986405
vn -0.68626916 0.70979846 -0.15881042
vn -0.003921509 0.70979846 0.7043939
vn -0.6156815 0.70979846 -0.3422315
vn -0.003921509 0.70979846 0.7043939
vn -0.6078384 0.70979846 -0.35597563
vn 0.18431234 0.70979846 0.679864
vn -0.4980353 0.70979846 -0.4981435
vn 0.18431234 0.70979846 0.679864
vn -0.4980353 0.70979846 -0.4981435
vn 0.34901696 0.70979846 0.6118605
vn -0.3490169 0.70979846 -0.6118605
vn 0.34901696 0.70979846 0.6118605
vn -0.3490169 0.70979846 -0.6118605
vn 0.49803543 0.70979846 0.49814337
vn -0.18431222 0.70979846 -0.67986405
vn 0.49803543 0.70979846 0.49814337
vn -0.18431222 0.70979846 -0.67986405
vn 0.6078385 0.70979846 0.35597545
vn 0.0039215684 0.70979846 -0.7043939
vn 0.6156816 0.70979846 0.34223133
vn 0.0039215684 0.70979846 -0.7043939
vn 0.6862693 0.70979846 0.15881005
vn 0.18431234 0.70979846 -0.679864
vn 0.6862693 0.70979846 0.15881005
vn 0.18431234 0.70979846 -0.679864
vn 0.7071068 0.70710677 -0
vn 0.35686004 0.70979846 -0.6073196
vn 0.7071068 0.70710677 -0
vn 0.35686004 0.70979846 -0.6073196
vn 0.6862693 0.70979846 -0.15881005
vn 0.49803543 0.70979846 -0.49814337
vn 0.6862693 0.70979846 -0.15881005
vn 0.49803543 0.70979846 -0.49814337
vn 0.6156816 0.70979846 -0.34223133
vn 0.6156816 0.70979846 -0.34223133
vn -0.70710677 -0.7071068 -0
vn -0.65489686 -0.7097985 -0.25941512
vn -0.70710677 -0.7071068 -0
vn -0.64705384 -0.7097985 0.27840158
vn -0.65489686 -0.7097985 -0.25941512
vn -0.64705384 -0.7097985 0.27840158
vn -0.50587845 -0.7097985 -0.49017656
vn -0.4980353 -0.7097985 0.49814343
vn -0.50587845 -0.7097985 -0.49017656
vn -0.4980353 -0.7097985 0.49814343
vn -0.27842915 -0.7097985 -0.6470419
vn -0.262743 -0.7097985 0.6535688
vn -0.27842915 -0.7097985 -0.6470419
vn -0.262743 -0.7097985 0.6535688
vn -0.003921509 -0.7097985 -0.70439386
vn 0.0039215684 -0.7097985 0.70439386
vn -0.003921509 -0.7097985 -0.70439386
vn 0.0039215684 -0.7097985 0.70439386
vn 0.26274312 -0.7097985 -0.6535688
vn 0.27842927 -0.7097985 0.6470419
vn 0.26274312 -0.7097985 -0.6535688
vn 0.27842927 -0.7097985 0.6470419
vn 0.49803543 -0.7097985 -0.49814332
vn 0.5058785 -0.7097985 0.4901765
vn 0.49803543 -0.7097985 -0.49814332
vn 0.5058785 -0.7097985 0.4901765
vn 0.6470539 -0.7097985 -0.27840135
vn 0.654897 -0.7097985 0.2594148
vn 0.6470539 -0.7097985 -0.27840135
vn 0.654897 -0.7097985 0.2594148
vn 0.70710677 -0.70710677 -0
vn 0.70710677 -0.70710677 -0
vn -0.25489998 0.003921509 0.9669595
vn -0.003921509 0.003921509 0.9999846
vn -0.003921509 0.003921509 0.9999846
vn -0.25489998 0.003921509 0.9669595
vn 0.25490004 0.003921509 0.9669595
vn -0.4980353 0.003921509 0.86714786
vn 0.25490004 0.003921509 0.9669595
vn -0.4980353 0.003921509 0.86714786
vn 0.49803543 0.003921509 0.8671478
vn -0.70979846 0.003921509 0.7043939
vn 0.49803543 0.003921509 0.8671478
vn -0.70979846 0.003921509 0.7043939
vn 0.7097985 0.003921509 0.70439386
vn -0.86666 0.003921509 0.49888384
vn 0.7097985 0.003921509 0.70439386
vn -0.86666 -0.0039215684 0.49888384
vn 0.86666006 0.003921509 0.49888372
vn -0.96861994 -0.0039215684 0.2485156
vn 0.86666006 -0.0039215684 0.49888372
vn -0.96861994 -0.0039215684 0.2485156
vn 0.96862006 -0.0039215684 0.24851513
vn -0.99999225 0.003921509 -0.00034492963
vn 0.96862006 -0.0039215684 0.24851513
vn -0.99999225 0.003921509 -0.00034492963
vn 0.9999924 0.003921509 -0
vn -0.96861994 0.003921509 -0.2485156
vn 0.9999924 0.003921509 -0
vn -0.96861994 0.003921509 -0.2485156
vn 0.96862006 0.003921509 -0.24851513
vn -0.86666 0.003921509 -0.49888384
vn 0.96862006 0.003921509 -0.24851513
vn -0.86666 0.003921509 -0.49888384
vn 0.86666006 0.003921509 -0.49888372
vn -0.70979846 0.003921509 -0.7043939
vn 0.86666006 0.003921509 -0.49888372
vn -0.70979846 0.003921509 -0.7043939
vn 0.7097985 0.003921509 -0.70439386
vn -0.4980353 0.003921509 -0.86714786
vn 0.7097985 0.003921509 -0.70439386
vn -0.4980353 0.003921509 -0.86714786
vn 0.49803543 0.003921509 -0.8671478
vn -0.25489998 0.003921509 -0.9669595
vn 0.49803543 0.003921509 -0.8671478
vn -0.25489998 0.003921509 -0.9669595
vn 0.25490004 0.003921509 -0.9669595
vn -0.003921509 -0.0039215684 -0.9999846
vn 0.25490004 0.003921509 -0.9669595
vn -0.003921509 -0.0039215684 -0.9999846
vn 0.70195544 0.70979846 -0.058691327
vn 0.6078385 0.70979846 -0.35597545
vn 0.70195544 0.70979846 0.058691327
vn 0.6078385 0.7019553 0.37120226
vn 0.6156816 0.70979846 -0.34223133
vn 0.6156816 0.7019553 0.35804316
vn 0.35686004 0.7019553 -0.6163681
vn 0.3411739 0.70979846 0.6162682
vn 0.35686004 0.7019553 -0.6163681
vn 0.35686004 0.70979846 0.6073196
vn -0.003921509 0.7019553 -0.71221024
vn -0.011764526 0.70979846 0.70430654
vn 0.011764646 0.7019553 -0.7121239
vn 0.0039215684 0.70979846 0.7043939
vn -0.36470306 0.7019553 -0.61176014
vn -0.36470306 0.6941123 0.6206447
vn -0.34117377 0.7019553 -0.62518734
vn -0.35685992 0.6941123 0.6251873
vn -0.6078384 0.70979846 -0.35597563
vn -0.6156815 0.70979846 0.3422315
vn -0.5999954 0.70979846 -0.36904162
vn -0.6078384 0.70979846 0.35597563
vn -0.70979846 0.7019553 -0.058693103
vn -0.70979846 0.7019553 -0.058693103
vn -0.16078305 -0.9294047 -0.33219832
vn -0.16078305 -0.9294047 -0.33219832
vn -0.16078305 -0.9294047 -0.33219832
vn 0.31764466 -0.9137185 0.25341725
vn 0.31764466 -0.9137185 0.25341725
vn 0.31764466 -0.9137185 0.25341725
vn -0.15293992 0.23921382 -0.9588463
vn -0.15293992 0.23921382 -0.9588463
vn -0.15293992 0.23921382 -0.9588463
vn -0.011763804 0.99993086 -0
vn -0.011763804 0.99993086 -0
vn -0.011763804 0.99993086 -0
vn 0.011763922 -0.99993086 -0
vn 0.011763922 -0.99993086 -0
vn 0.011763922 -0.99993086 -0
vn 0.011763923 0.99993086 -0
vn 0.011763923 0.99993086 -0
vn 0.011763923 0.99993086 -0
vn -0.011763803 -0.99993086 -0
vn -0.011763803 -0.99993086 -0
vn -0.011763803 -0.99993086 -0
vn -0.56862307 -0.38038927 -0.729364
vn -0.56862307 -0.38038927 -0.729364
vn -0.56862307 -0.38038927 -0.729364
vn 0.72548467 -0.121567726 0.6774166
vn 0.72548467 -0.121567726 0.6774166
vn 0.72548467 -0.121567726 0.6774166
vn -0.6155679 0.7880838 -0
vn -0.6155679 0.7880838 -0
vn -0.6155679 0.7880838 -0
vn -0.6992508 0.71487653 -0
vn -0.6992508 0.71487653 -0
vn -0.6992508 0.71487653 -0
vn -0.074509144 0.16078305 0.98417336
vn -0.074509144 0.16078305 0.98417336
vn -0.074509144 0.16078305 0.98417336
vn 0.07450926 0.16078305 -0.98417336
vn 0.07450926 0.16078305 -0.98417336
vn 0.07450926 0.16078305 -0.98417336
vn 0.4039185 -0.16078311 -0.9005546
vn 0.38038927 0.003921509 -0.92481816
vn 0.38823235 -0.035293877 -0.92088544
vn 0.41176158 -0.21568465 -0.88539964
vn -0.34117377 -0.9294047 0.14073876
vn -0.2941153 -0.9529339 0.07357428
vn -0.56862307 -0.8196016 0.07014997
vn -0.21568453 -0.97646314 -0
vn -0.3091745 -0.9510054 -0
vn -0.011763803 -0.99993086 -0
vn -0.6543336 -0.75620604 -0
vn -0.9294046 -0.35686004 -0.09411669
vn -0.003921509 -0.9999924 -0
vn -0.7725431 -0.52940774 -0.3505776
vn -0.7176415 -0.69411236 0.056557428
vn -0.08207506 -0.9966261 -0
vn -0.0901953 -0.9921493 0.086628996
vn -0.23921382 -0.96862006 0.067467675
vn -0.003921509 -0.9999924 -0
vn -0.45097685 -0.8901893 0.064675614
vn -0.003921509 -0.9999924 -0
vn -0.670583 -0.7411708 -0.03137278
vn -0.9294046 -0.36470312 0.056556903
vn 0.0039215684 -0.9999924 -0
vn -0.9764631 -0.1999985 0.08074947
vn -0.99999225 -0.0039215684 -0.00034425134
vn -0.003921509 -0.9999924 -0
vn -0.9529338 -0.07450926 -0.29388022
vn -0.4901923 -0.83528775 -0.24900979
vn -0.3490169 -0.9294047 -0.11997543
vn -0.3176446 -0.93724775 -0.14376566
vn -0.003921509 -0.9999924 -0
vn 0.0039215684 -0.9999924 -0
vn -0.003921509 -0.9999924 -0
vn 0.027440673 -0.9996234 -0
vn 0.0039215684 -0.9999924 -0
vn 0.0039215684 -0.9999924 -0
vn -0.003921509 -0.9999924 -0
vn -0.003921509 -0.9999924 -0
vn 0.0039215684 -0.9999924 -0
vn 0.05872205 -0.9982743 -0
vn 0.32548773 -0.94509083 0.029343631
vn 0.4039185 -0.9137185 -0.044365127
vn 0.7097985 -0.70195544 -0.05869107
vn 0.7176416 -0.69411236 -0.05655585
vn 0.9294047 -0.36470312 -0.05655585
vn 0.9117018 -0.41085276 -0
vn 0.756857 -0.5686231 -0.32223484
vn 0.9990709 -0.043097205 -0
vn 0.9999924 -0.0039215684 -0
vn 0.9999924 -0.0039215684 -0
vn 0.9977852 0.066518985 -0
vn 0.8431308 -0.043136954 -0.53597534
vn 0.52940774 -0.59999543 -0.5997774
vn 0.998703 0.05091424 -0
vn 0.87230587 0.48896065 -0
vn 0.9670746 0.25449327 -0
vn 0.93724775 0.30195844 0.17432083
vn 0.858817 -0.121567726 -0.49764916
vn 0.52156466 -0.10588157 -0.84661645
vn 0.48234928 0.003921509 -0.8759702
vn -0.035293818 -0.0039215684 -0.99936926
vn 0.9996234 -0.027440673 -0
vn 0.93724775 -0.1999985 0.28559983
vn 0.8901893 0.02745068 0.45476314
vn 0.9990709 -0.043097205 -0
vn 0.9187401 -0.39486277 -0
vn 0.5686231 0.050979972 0.8210169
vn 0.23921388 0.68626916 0.6868853
vn 0.7803862 -0.0274508 0.62469494
vn 0.6784262 -0.72548467 -0.11580092
vn 0.49803543 -0.59999543 -0.626072
vn 0.70195544 -0.7097985 0.058690816
vn 0.27842927 -0.9529339 -0.11997543
vn 0.46666312 -0.0274508 0.88400906
vn 0.5450939 -0.4745062 0.6911704
vn 0.5137216 -0.7411708 0.4321527
vn 0.13725388 0.0901953 0.98642087
vn 0.1840521 -0.9829164 -0
vn 0.066666186 -0.59999543 -0.7972209
vn -0.019607663 -0.86666006 -0.4985137
vn 0.0039215684 -0.11372465 -0.9935046
vn -0.30980146 -0.56078005 -0.76782084
vn -0.30980146 -0.07450926 -0.94787735
vn -0.38823223 0.011764526 -0.92148644
vn -0.035272125 -0.9993777 -0
vn -0.33333075 -0.8823462 -0.33219844
vn -0.7254846 -0.11372465 -0.67877746
vn -0.8039154 0.019607663 -0.59442043
vn -0.6392107 -0.6156816 -0.46081
vn -0.9607769 -0.15294003 -0.2313375
vn -0.9843061 -0.0039215684 -0.17642602
vn -0.7176415 -0.69411236 -0.056557428
vn -0.9982743 -0.058722056 -0
vn -0.99999225 0.003921509 -0.00034492963
vn -0.88234615 -0.46666312 0.06075215
vn -0.42744768 -0.89803237 -0.10405003
vn -0.011763803 -0.99993086 -0
vn -0.050979972 -0.858817 -0.50973964
vn -0.003921509 -0.9921493 0.124997616
vn 0.043136954 -0.93724775 0.34598535
vn 0.098038495 -0.70195544 0.705441
vn -0.003921509 -0.8274447 0.5615336
vn 0.11372465 -0.41176158 0.9041676
vn 0.0039215684 -0.4745062 0.8802434
vn 0.1294108 -0.019607723 0.9913972
vn 0.043136954 -0.035293877 0.9984456
vn 0.043136954 0.043136835 0.9981375
vn -0.003921509 0.81960154 0.57292056
vn -0.043136835 0.050979972 0.9977676
vn -0.043136835 -0.035293877 0.9984456
vn 0.0039215684 0.99999225 -0.00034526698
vn 0.4352908 0.8980323 0.06371696
vn 0.058722056 0.9982743 -0
vn 0.52156466 0.85097384 -0.061755996
vn 0.29411542 0.9529338 0.0735755
vn 0.49803543 0.86666 0.029345663
vn 0.6626585 0.74892163 -0
vn 0.0039215684 0.99999225 -0.00034526698
vn -0.003921509 0.99999225 -0.00034526698
vn -0.011763804 0.99993086 -0
vn -0.003921509 0.99999225 -0.00034526698
vn -0.02745068 0.9764631 0.21393073
vn -0.0901953 0.81960154 0.5657898
vn -0.4039184 0.85881686 0.31509286
vn -0.4581441 0.88887787 -0
vn -0.70710677 0.70710677 -0
vn -0.70710677 0.70710677 -0
vn -0.4980353 0.86666 -0.029347694
vn -0.19215536 0.9764631 0.09796004
vn -0.08235228 0.99214923 0.09411708
vn -0.21568453 0.2941153 0.9311157
vn -0.1450969 0.02745068 0.98903656
vn -0.13725376 -0.019607723 0.99034184
vn -0.56862307 0.043136835 0.8214664
vn -0.7725431 0.2941153 0.5627374
vn -0.4901923 -0.09019542 0.866935
vn -0.10588145 -0.41960466 0.9015104
vn -0.074509144 -0.7176416 0.69241524
vn -0.5215646 -0.6078385 0.59875095
vn -0.93724763 -0.21568465 0.27394712
vn -0.7803861 -0.019607723 0.62499046
vn -0.098038435 -0.9215616 0.3756497
vn -0.8901892 0.035293818 0.45422193
vn -0.9993777 0.03527213 -0
vn -0.9670746 0.2544933 -0
vn -0.8636371 0.5041139 -0
vn -0.9450908 0.3254876 0.029346678
vn -0.9764631 0.20784152 0.0576349
vn -0.7254846 -0.6862693 0.052024584
vn -0.043097086 -0.9990709 -0
vn -0.3803892 -0.9215616 0.07764209
vn -0.25489998 -0.9529339 -0.16414313
vn 0.011763922 -0.99993086 -0
vn -0.7254846 -0.6862693 -0.052024584
vn 0.0039215684 -0.87450314 -0.485004
vn 0.2313708 -0.93724775 -0.26083362
vn 0.011764646 -0.52156466 -0.85313064
vn 0.035293877 -0.63136774 -0.77468
vn 0.035293877 -0.45097697 -0.8918375
vn -0.08235228 -0.6470539 -0.75798374
vn -0.37254608 -0.59215236 -0.7145383
vn 0.12933922 -0.99160045 -0
vn -0.02745068 -0.11372465 -0.993133
vn -0.050979972 -0.16862619 -0.9843608
vn -0.043136835 -0.043136954 -0.9981375
vn -0.003921509 -0.05098003 -0.998692
vn 0.05098003 -0.05098003 -0.99739766
vn -0.02745068 -0.0274508 -0.9992462
vn 0.0274508 -0.0274508 -0.9992462
vn 0.69411236 -0.70195544 -0.15958256
vn 0.9137185 -0.39607543 -0.09078938
vn 0.960777 -0.20784158 -0.18360135
vn 0.998703 -0.0509143 -0
vn 0.6862693 -0.7097985 -0.15880987
vn 0.21568465 -0.9215616 -0.32280698
vn 0.38823235 -0.6156816 -0.68571997
vn 0.9921493 -0.0039215684 -0.12499761
vn 0.9999924 0.003921509 -0
vn 0.8117585 -0.10588157 -0.57431453
vn 0.858817 0.02745068 -0.51154655
vn 0.42744774 0.003921509 -0.9040315
vn -0.08235228 -0.7097985 -0.6995743
vn 0.41176158 -0.121567726 -0.9031465
vn 0.098038495 -0.20784158 -0.97323704
vn 0.05882311 -0.011764646 -0.9981991
vn -0.24705684 -0.15294003 -0.9568554
vn -0.30195844 -0.0274508 -0.9529258
vn -0.5843092 -0.019607723 -0.8112942
vn -0.53725076 -0.59999543 -0.5927623
vn -0.67842615 -0.11372465 -0.7258131
vn -0.62352455 -0.5450939 -0.56043714
vn -0.7490138 -0.019607723 -0.6622642
vn -0.9450908 -0.26274312 -0.1943437
vn -0.8117584 -0.011764646 -0.5838749
vn -0.9993777 -0.03527219 -0
vn -0.67842615 0.33333075 -0.6546973
vn -0.670583 0.3490169 -0.6546034
vn -0.9990709 -0.04309721 -0
vn -0.99999225 -0.0039215684 -0.00034425134
vn 0.0039215684 -0.9999924 -0
vn -0.4108527 -0.9117018 -0
vn -0.011763803 -0.99993086 -0
vn 0.011763922 -0.99993086 -0
vn 0.0039215684 -0.9999924 -0
vn 0.0039215684 -0.9999924 -0
vn -0.003921509 -0.9999924 -0
vn -0.003921509 -0.9999924 -0
vn 0.0039215684 -0.9999924 -0
vn -0.003921509 -0.9999924 -0
vn 0.0039215684 -0.9999924 -0
vn -0.003921509 -0.9999924 -0
vn -0.003921509 -0.9999924 -0
vn -0.003921509 -0.9999924 -0
vn -0.003921509 -0.9999924 -0
vn -0.08207506 -0.9966261 -0
vn -0.066518985 -0.9977852 -0
vn -0.2941153 -0.9529339 -0.07357428
vn -0.670583 -0.7411708 0.03137278
vn -0.6941123 -0.7176416 0.056556903
vn -0.9294046 -0.35686004 -0.09411669
vn -0.9529338 -0.2705862 0.13674915
vn -0.81794286 -0.57529956 -0
vn -0.77046055 -0.6374877 -0
vn -0.998703 -0.050914306 -0
vn -0.99993086 -0.011763923 -0
vn -0.91371846 -0.32548773 0.24326181
vn -0.7333276 -0.05098003 0.67796135
vn -0.99999225 -0.0039215684 -0.00034425134
vn -0.9998079 0.019604048 -0
vn -0.998703 -0.050914306 -0
vn -0.9998079 -0.019604107 -0
vn -0.8980323 -0.4352908 -0.06371696
vn -0.67842615 -0.70195544 -0.21678677
vn -0.9215615 -0.10588157 -0.37351507
vn -0.4980353 -0.11372465 -0.85966706
vn -0.7019553 -0.7097985 0.05869285
vn -0.30980146 -0.93724775 0.15996782
vn -0.70979846 -0.11372465 0.6951639
vn -0.262743 -0.5137216 0.81673515
vn -0.5607799 -0.62352467 0.5447411
vn -0.20784152 -0.05882311 0.9763922
vn -0.56862307 -0.035293877 0.8218407
vn -0.5529369 -0.4745062 0.68491215
vn -0.22352767 0.035293818 0.9740584
vn 0.05098003 0.003921509 0.998692
vn 0.17646927 -0.19215542 0.96536773
vn 0.32548773 0.003921509 0.94553816
vn 0.05882311 -0.7882293 0.6125638
vn 0.59215236 -0.11372465 0.7977608
vn 0.756857 0.02745068 0.6530038
vn 0.8509739 0.011764526 0.5250762
vn 0.96862006 -0.05882311 0.24148497
vn 0.39607543 -0.59999543 0.69507533
vn 0.83528775 -0.45097697 0.3145062
vn 0.34901696 -0.89803237 0.26781538
vn 0.035272185 -0.9993777 -0
vn 0.066519044 -0.9977852 -0
vn 0.6392108 -0.76470006 0.08150715
vn 0.65433365 -0.7562059 -0
vn 0.89803237 -0.4352908 0.06371649
vn 0.9977852 -0.066519044 -0
vn 0.9999924 -0.0039215684 -0
vn 0.9999924 0.003921509 -0
vn -0.05882299 -0.9921493 -0.110361286
vn -0.39607537 -0.9137185 -0.09078946
vn -0.1764692 -0.7097985 -0.68194187
vn -0.074509144 -0.9215616 -0.3810152
vn 0.011763922 -0.99993086 -0
vn 0.0039215684 -0.9921493 -0.124997616
vn -0.003921509 -0.8509739 -0.52519333
vn 0.08235234 -0.858817 0.5056199
vn 0.3725462 -0.6784262 0.6332039
vn 0.07450926 -0.654897 0.7520361
vn -0.019607663 -0.49803543 0.86693496
vn -0.003921509 -0.960777 0.27729443
vn -0.003921509 -0.9999924 -0
vn -0.003921509 -0.76470006 0.6443745
vn -0.1450969 -0.86666006 0.47733346
vn 0.05882311 -0.9921493 -0.110361286
vn 0.121567726 -0.9137185 -0.38773668
vn -0.0901953 -0.9921493 0.086628996
vn 0.24705696 -0.9529339 0.17572665
vn 0.38038927 -0.9215616 -0.07764171
vn 0.73332775 -0.6784262 -0.0443658
vn -0.035293818 -0.45882004 0.887828
vn 0.0274508 -0.11372465 0.993133
vn 0.05098003 -0.16862619 0.9843608
vn 0.043136954 -0.05098003 0.9977676
vn 0.0039215684 -0.05098003 0.998692
vn -0.050979972 -0.05098003 0.99739766
vn 0.0274508 -0.0274508 0.9992462
vn -0.02745068 -0.0274508 0.9992462
vn -0.6941123 -0.70195544 0.15958293
vn -0.9215615 -0.38823235 -0.00024414062
vn -0.6392107 -0.7411708 0.20512317
vn -0.88234615 -0.38823235 0.2659717
vn -0.39607537 -0.5686231 0.72096604
vn -0.9982743 -0.058722056 -0
vn -0.998703 -0.050914306 -0
vn -0.99999225 -0.0039215684 -0.00034425134
vn -0.99999225 0.003921509 -0.00034492963
vn -0.79607224 -0.05098003 0.6030506
vn -0.18431222 -0.9294047 0.3197435
vn -0.66274 -0.05882311 0.74653566
vn -0.8039154 0.02745068 0.59410983
vn -0.65489686 0.02745068 0.7552196
vn -0.25489998 -0.066666186 0.9646666
vn -0.25489998 0.003921509 0.9669595
vn 0.07450926 -0.69411236 0.71600026
vn 0.0274508 -0.035293877 0.9989999
vn 0.019607723 0.011764526 0.9997385
vn 0.4745062 -0.011764646 0.88017356
vn -0.11372459 -0.34901696 0.93019027
vn 0.41176158 -0.16862619 0.89555436
vn 0.80391544 -0.011764646 0.59462726
vn 0.52156466 -0.59999543 0.60661006
vn 0.72548467 -0.098038495 0.6812198
vn 0.70195544 -0.7097985 0.058690816
vn 0.6078385 -0.5450939 0.57741237
vn 0.9529339 -0.26274312 0.1512714
vn 0.9999924 -0.0039215684 -0
vn 0.93724775 -0.21568465 -0.27394667
vn 0.9982743 -0.05872205 -0
vn 0.52940774 -0.52940774 -0.662914
vn 0.9996234 -0.027440673 -0
vn 0.9993777 0.035272125 -0
vn 0.08235234 -0.72548467 -0.6832935
vn -0.003921509 -0.56078005 -0.82795554
vn 0.11372465 -0.4039185 -0.9076985
vn -0.0901953 -0.4352908 -0.8957604
vn 0.7803862 -0.0274508 -0.62469494
vn 0.8823462 0.066666126 -0.4658549
vn 0.46666312 -0.0274508 -0.88400906
vn 0.5764662 0.05882299 -0.81500095
vn 0.043136954 -0.05882311 -0.997336
vn -0.043136835 -0.05882311 -0.997336
vn 0.1294108 -0.019607723 -0.9913972
vn 0.13725388 0.10588145 -0.98486066
vn 0.043136954 0.035293818 -0.9984456
vn -0.003921509 0.8117584 -0.58398026
vn 0.1999985 0.7333276 -0.64979315
vn -0.043136835 0.043136835 -0.9981375
vn -0.13725376 -0.019607723 -0.99034184
vn -0.13725376 0.10588145 -0.98486066
vn -0.5607799 0.050979972 -0.82639396
vn -0.22352767 0.7176415 -0.6595651
vn -0.7490138 -0.019607723 -0.6622642
vn -0.874503 0.074509144 -0.47926283
vn -0.7882292 0.59215224 -0.16748269
vn -0.8807224 0.4736329 -0
vn -0.85881686 0.50587845 -0.08075004
vn -0.9215615 0.38823223 -0.00038602023
vn -0.9843061 0.16078305 -0.072734654
vn -0.011764526 0.9843061 -0.17607702
vn -0.011763804 0.99993086 -0
vn -0.24705684 0.96861994 -0.027172094
vn -0.4889607 0.87230587 -0
vn 0.0039215684 0.99999225 -0.00034526698
vn -0.019604048 0.9998079 -0
vn -0.22314367 0.97478557 -0
vn 0.0039215684 0.99999225 -0.00034526698
vn 0.0039215684 0.99999225 -0.00034526698
vn 0.07430387 0.99723566 -0
vn 0.5058785 0.8431307 -0.18225682
vn 0.49803543 0.86666 -0.029345663
vn 0.27834368 0.9604815 -0
vn 0.49803543 0.86666 -0.029345663
vn 0.64594233 0.76338625 -0
vn 0.8431308 0.53725076 0.02218122
vn 0.86363715 0.5041139 -0
vn 0.94509083 0.3254876 -0.029344646
vn 0.97646314 0.21568453 -0
vn 0.9996234 -0.027440673 -0
vn 0.9999924 -0.0039215684 -0
vn 0.9843062 -0.16078311 0.07273288
vn 0.87450314 -0.48234928 0.050827593
vn 0.78808385 -0.615568 -0
vn 0.41960466 -0.90587544 -0.05763322
vn 0.756857 -0.5843093 0.29283133
vn 0.7411708 -0.552937 0.38069218
vn 0.6392108 -0.52940774 0.5577966
vn 0.52156466 -0.8509739 0.061755516
vn 0.28555307 -0.95836294 -0
vn 0.20784158 -0.97646314 0.057633735
vn 0.5058785 0.64705384 0.57044566
vn 0.45097697 0.38823223 0.80367625
vn 0.41176158 0.18431222 0.892458
vn 0.043136954 0.51372147 0.8568719
vn 0.043136954 0.86666 0.49703085
vn 0.70195544 0.70979846 -0.058691327
vn 0.011764646 0.16078305 0.98691964
vn 0.73332775 -0.035293877 0.6789586
vn 0.7803862 0.019607663 0.62499034
vn 0.87450314 0.45882 -0.15725295
vn 0.011764646 -0.0039215684 0.9999231
vn 0.94509083 0.066666126 0.3199358
vn -0.011764526 0.1450969 0.9893475
vn -0.003921509 -0.0039215684 0.9999846
vn -0.02745068 0.4980353 0.86672217
vn -0.37254608 0.4039184 0.83549947
vn -0.011764526 0.86666 0.49876052
vn -0.05882299 0.99214923 0.11036182
vn 0.027440675 0.9996234 -0
vn 0.9921493 0.08235228 0.09411633
vn 0.9529339 0.23921382 0.18626252
vn 0.8901893 0.16862607 0.4232355
vn 0.9921493 0.0901953 -0.08662903
vn 0.9282063 0.37206572 -0
vn 0.9843062 0.08235228 -0.15607493
vn 0.86666006 0.466663 0.1764256
vn 0.043136954 0.85881686 -0.5104633
vn 0.6470539 0.51372147 -0.5633928
vn 0.70195544 0.08235228 -0.7074438
vn 0.8274447 -0.011764646 -0.561424
vn 0.7803862 -0.035293877 -0.62430096
vn 0.035293877 0.4980353 -0.8664382
vn -0.019607663 0.9450908 -0.3262192
vn -0.21568453 0.7803861 -0.5869222
vn 0.0274508 0.1450969 -0.98903656
vn 0.24705696 0.011764526 -0.9689295
vn 0.011764646 -0.0039215684 -0.9999231
vn -0.019607663 0.1764692 -0.98411083
vn -0.011764526 0.011764526 -0.9998616
vn -0.3176446 0.24705684 -0.9154588
vn -0.02745068 0.5764661 -0.81665987
vn -0.81794286 0.57529944 -0
vn -0.81960154 0.4901923 0.2965887
vn -0.9294046 0.21568453 -0.29947826
vn -0.85881686 0.13725376 -0.49355343
vn -0.9764631 0.11372459 0.18326645
vn -0.9058753 0.21568453 0.3645135
vn -0.99999225 0.003921509 -0.00034492963
vn -0.9764631 -0.011764646 -0.21536358
vn -0.7333276 -0.08235234 -0.67486936
vn -0.9966261 0.08207507 -0
vn -0.50587845 0.64705384 -0.5704457
vn -0.45097685 0.38823223 -0.8036763
vn -0.41176152 0.18431222 -0.8924581
vn -0.043136835 0.51372147 -0.8568719
vn -0.043136835 0.86666 -0.49703085
vn -0.7019553 0.70979846 0.058693357
vn -0.003921509 0.16078305 -0.986982
vn -0.7333276 -0.035293877 -0.6789587
vn -0.7803861 0.019607663 -0.62499046
vn -0.874503 0.45097685 0.17850582
vn -0.011764526 -0.0039215684 -0.9999231
vn -0.9450908 0.066666126 -0.319936
vn 0.0039215684 0.1450969 -0.9894097
vn 0.0039215684 -0.011764646 -0.9999231
vn 0.0039215684 0.50587845 -0.86259586
vn 0.0039215684 0.85881686 -0.5122677
vn 0.10588157 0.9843061 -0.14117578
vn -0.027440555 0.9996234 -0
vn -0.99214923 0.08235228 -0.09411696
vn -0.9529338 0.23921382 -0.18626316
vn -0.8901892 0.16862607 -0.4232357
vn -0.99214923 0.0901953 0.086629726
vn -0.9215615 0.3803892 -0.07764315
vn -0.9843061 0.08235228 0.15607569
vn -0.86666 0.45882 -0.19592011
vn -0.043136835 0.85881686 0.5104633
vn -0.64705384 0.51372147 0.56339294
vn -0.7019553 0.08235228 0.7074439
vn -0.82744455 -0.011764646 0.5614242
vn -0.7803861 -0.035293877 0.62430114
vn -0.035293818 0.4980353 0.8664382
vn 0.011764646 0.9529338 0.30295017
vn 0.2313708 0.7882292 0.57023
vn 0.0274508 0.5764661 0.81665987
vn 0.96862006 0.23921382 0.067467734
vn 0.9294047 0.18431222 0.31974354
vn 0.9921493 0.02745068 0.12200919
vn 0.9999924 -0.0039215684 -0
vn 0.87450314 0.37254608 -0.31056994
vn 0.9215616 0.098038435 -0.3756497
vn 0.756857 0.30195844 -0.5796453
vn 0.62352467 0.08235228 -0.77745426
vn 0.69411236 -0.16078311 -0.70168144
vn 0.7490139 -0.28627235 -0.59751683
vn 0.019607723 0.1764692 0.98411083
vn 0.34901696 0.23921382 0.9060706
vn 0.4039185 0.4352907 0.8045942
vn 0.011764646 0.011764526 0.9998616
vn -0.011764526 -0.0039215684 0.9999231
vn -0.02745068 0.1450969 0.98903656
vn -0.24705684 0.011764526 0.9689296
vn 0.52823925 -0.84909564 -0
vn 0.56078005 -0.8274447 -0.029344646
vn 0.45814413 -0.88887787 -0
vn 0.30917457 -0.9510053 -0
vn 0.3787849 -0.92548466 -0
vn 0.1999985 -0.97646314 0.080748565
vn 0.21568465 -0.97646314 -0
vn 0.043097205 -0.9990709 -0
vn 0.043097205 -0.9990709 -0
vn 0.09019542 -0.9921493 0.086628996
vn 0.043097205 -0.9990709 -0
vn 0.043097205 -0.9990709 -0
vn 0.027440673 -0.9996234 -0
vn 0.027440673 -0.9996234 -0
vn -0.52823913 -0.84909564 -0
vn -0.5607799 -0.8274447 0.029346678
vn -0.4581441 -0.888878 -0
vn -0.3091745 -0.9510054 -0
vn -0.3803892 -0.9215616 -0.07764209
vn -0.20784152 -0.97646314 0.057633735
vn -0.22314364 -0.9747855 -0
vn 0.9371325 0.34897396 -0
vn 0.7071068 0.70710677 -0
vn 0.59999543 0.5843092 0.54643226
vn 0.70195544 0.7019553 0.12048767
vn 0.3333308 0.7019553 0.62940395
vn 0.22352773 0.67842615 0.69983804
vn 0.15294003 0.6313677 0.7602527
vn 0.1999985 0.56862307 0.79791504
vn 0.043136954 0.6078384 0.7928882
vn -0.043136835 0.68626916 0.7260674
vn 0.0274508 0.7490138 0.6619855
vn 0.0039215684 0.5450938 0.8383659
vn -0.1450969 0.65489686 0.7416582
vn -0.22352767 0.66274 0.7147105
vn -0.13725376 0.7254846 0.67441344
vn -0.3176446 0.70979846 0.6287194
vn -0.19999838 0.5529369 0.8088643
vn -0.59215224 0.5843092 0.5549221
vn -0.7019553 0.7019553 0.12048865
vn -0.70710677 0.70710677 -0
vn -0.9371324 0.34897402 -0
vn 0.6705831 0.5215646 0.52753067
vn 0.4745062 0.7254846 0.49851376
vn 0.5843093 0.51372147 0.62823
vn 0.56078005 0.70979846 0.4262768
vn 0.6470539 0.70979846 0.27840146
vn 0.79607236 0.5215646 0.306984
vn 0.69411236 0.7019553 0.1595831
vn 0.66274005 0.7333276 0.15167795
vn -0.9371324 0.34897402 -0
vn -0.70710677 0.70710677 -0
vn -0.5999954 0.5843092 -0.5464324
vn -0.7019553 0.7019553 -0.12048865
vn -0.33333075 0.7019553 -0.62940395
vn -0.22352767 0.67842615 -0.6998381
vn -0.15293992 0.6313677 -0.7602527
vn -0.19999838 0.56862307 -0.79791504
vn -0.043136835 0.6078384 -0.7928882
vn 0.043136954 0.68626916 -0.7260674
vn -0.02745068 0.7490138 -0.6619855
vn -0.003921509 0.5450938 -0.8383659
vn 0.14509696 0.65489686 -0.7416582
vn 0.22352773 0.66274 -0.7147105
vn 0.13725388 0.7254846 -0.6744134
vn 0.31764466 0.70979846 -0.62871933
vn 0.1999985 0.5529369 -0.80886424
vn 0.59215236 0.5843092 -0.5549219
vn 0.70195544 0.7019553 -0.12048767
vn 0.7071068 0.70710677 -0
vn 0.9371325 0.34897396 -0
vn -0.670583 0.5215646 -0.52753085
vn -0.47450614 0.7254846 -0.49851382
vn -0.5843092 0.51372147 -0.62823004
vn -0.5607799 0.70979846 -0.42627695
vn -0.64705384 0.70979846 -0.27840167
vn -0.79607224 0.5215646 -0.30698428
vn -0.6941123 0.7019553 -0.15958348
vn -0.66274 0.7333276 -0.15167814
vn 0.5843093 0.51372147 -0.62823
vn 0.4745062 0.7254846 -0.49851376
vn 0.6705831 0.5215646 -0.52753067
vn 0.56078005 0.70979846 -0.4262768
vn 0.6470539 0.70979846 -0.27840146
vn 0.79607236 0.5215646 -0.306984
vn 0.69411236 0.7019553 -0.1595831
vn 0.66274005 0.7333276 -0.15167795
vn -0.5843092 0.51372147 0.62823004
vn -0.47450614 0.7254846 0.49851382
vn -0.670583 0.5215646 0.52753085
vn -0.5607799 0.70979846 0.42627695
vn -0.64705384 0.70979846 0.27840167
vn -0.79607224 0.5215646 0.30698428
vn -0.6941123 0.7019553 0.15958348
vn -0.66274 0.7333276 0.15167814
vn 0.0039215684 0.99999225 -0.00034526698
vn 0.011763923 0.99993086 -0
vn 0.0039215684 0.99999225 -0.00034526698
vn 0.0039215684 0.99999225 -0.00034526698
vn 0.0039215684 0.99999225 -0.00034526698
vn 0.0039215684 0.99999225 -0.00034526698
vn -0.003921509 0.99999225 -0.00034526698
vn -0.003921509 0.99999225 -0.00034526698
vn -0.003921509 0.99999225 -0.00034526698
vn -0.003921509 0.99999225 -0.00034526698
vn -0.003921509 0.99999225 -0.00034526698
vn -0.003921509 0.99999225 -0.00034526698
vn -0.003921509 0.99999225 -0.00034526698
vn -0.003921509 0.99999225 -0.00034526698
vn -0.003921509 0.99999225 -0.00034526698
vn -0.003921509 0.99999225 -0.00034526698
vn -0.003921509 0.99999225 -0.00034526698
vn -0.003921509 0.99999225 -0.00034526698
vn -0.003921509 0.99999225 -0.00034526698
vn -0.003921509 0.99999225 -0.00034526698
vn -0.003921509 0.99999225 -0.00034526698
vn -0.003921509 0.99999225 -0.00034526698
vn -0.003921509 0.99999225 -0.00034526698
vn -0.003921509 0.99999225 -0.00034526698
vn -0.003921509 0.99999225 -0.00034526698
vn -0.003921509 0.99999225 -0.00034526698
vn -0.003921509 0.99999225 -0.00034526698
vn -0.003921509 0.99999225 -0.00034526698
vn -0.003921509 0.99999225 -0.00034526698
vn -0.003921509 0.99999225 -0.00034526698
vn -0.003921509 0.99999225 -0.00034526698
vn -0.003921509 0.99999225 -0.00034526698
vn -0.003921509 0.99999225 -0.00034526698
vn -0.003921509 0.99999225 -0.00034526698
vn -0.003921509 0.99999225 -0.00034526698
vn -0.027440555 0.9996234 -0
vn -0.003921509 0.99999225 -0.00034526698
vn -0.003921509 0.99999225 -0.00034526698
vn -0.003921509 0.99999225 -0.00034526698
vn 0.0039215684 0.99999225 -0.00034526698
vn 0.0039215684 0.99999225 -0.00034526698
vn -0.003921509 0.99999225 -0.00034526698
vn -0.003921509 0.99999225 -0.00034526698
vn -0.003921509 0.99999225 -0.00034526698
vn -0.003921509 0.99999225 -0.00034526698
vn -0.003921509 0.99999225 -0.00034526698
vn -0.003921509 0.99999225 -0.00034526698
vn -0.003921509 0.99999225 -0.00034526698
vn -0.003921509 0.99999225 -0.00034526698
vn -0.003921509 0.99999225 -0.00034526698
vn -0.003921509 0.99999225 -0.00034526698
vn -0.003921509 0.99999225 -0.00034526698
vn -0.003921509 0.99999225 -0.00034526698
vn 0.0039215684 0.99999225 -0.00034526698
vn -0.003921509 0.99999225 -0.00034526698
vn 0.0039215684 0.99999225 -0.00034526698
vn -0.003921509 0.99999225 -0.00034526698
vn -0.003921509 0.99999225 -0.00034526698
vn -0.003921509 0.99999225 -0.00034526698
vn -0.003921509 0.99999225 -0.00034526698
vn -0.003921509 0.99999225 -0.00034526698
vn -0.003921509 0.99999225 -0.00034526698
vn -0.003921509 0.99999225 -0.00034526698
vn -0.003921509 0.99999225 -0.00034526698
vn -0.003921509 0.99999225 -0.00034526698
vn 0.0039215684 0.99999225 -0.00034526698
vn -0.003921509 0.99999225 -0.00034526698
vn -0.003921509 0.99999225 -0.00034526698
vn -0.011763804 0.99993086 -0
vn -0.6392107 -0.07450926 0.76541364
vn -0.64705384 -0.066666186 0.75952417
vn -0.64705384 -0.05882311 0.76017183
vn -0.65489686 -0.05098003 0.7539968
vn -0.5529369 0.003921509 0.8332139
vn -0.5529369 0.003921509 0.8332139
vn -0.70979846 0.003921509 0.7043939
vn -0.70979846 0.003921509 0.7043939
vn -0.88234615 0.003921509 -0.47058466
vn -0.88234615 0.003921509 -0.47058466
vn -0.8117584 0.003921509 -0.58398026
vn -0.8117584 0.003921509 -0.58398026
vn 0.9999924 0.003921509 -0
vn 0.9999924 0.003921509 -0
vn 0.9921493 0.003921509 0.124997616
vn 0.9921493 0.003921509 0.124997616
vn 0.83528775 0.003921509 0.549799
vn 0.83528775 0.003921509 0.549799
vn 0.69411236 0.003921509 0.71985596
vn 0.69411236 0.003921509 0.71985596
vn -0.16078305 0.003921509 -0.986982
vn -0.16078305 0.003921509 -0.986982
vn 0.05098003 0.003921509 -0.998692
vn 0.05098003 0.003921509 -0.998692
vn 0.5764662 0.003921509 -0.81711155
vn 0.5764662 0.003921509 -0.81711155
vn 0.7097985 0.003921509 -0.70439386
vn 0.7097985 0.003921509 -0.70439386
vn -0.99999225 0.003921509 -0.00034492963
vn -0.99999225 0.003921509 -0.00034492963
vn -0.9843061 0.003921509 -0.17642602
vn -0.9843061 0.003921509 -0.17642602
vn 0.18431234 0.003921509 0.9828599
vn 0.18431234 0.003921509 0.9828599
vn -0.003921509 0.003921509 0.9999846
vn -0.003921509 0.003921509 0.9999846
vn -0.8352877 0.003921509 0.54979914
vn -0.8352877 0.003921509 0.54979914
vn -0.9215615 0.003921509 0.38821262
vn -0.9215615 0.003921509 0.38821262
vn 0.8196016 0.003921509 -0.57292044
vn 0.8196016 0.003921509 -0.57292044
vn 0.90587544 0.003921509 -0.42352602
vn 0.90587544 0.003921509 -0.42352602
vn -0.4901923 0.003921509 -0.8716055
vn -0.4901923 0.003921509 -0.8716055
vn -0.3254876 0.003921509 -0.94553816
vn -0.3254876 0.003921509 -0.94553816
vn 0.5372508 0.003921509 0.8434134
vn 0.5372508 0.003921509 0.8434134
vn 0.35686004 0.003921509 0.9341496
vn 0.35686004 0.003921509 0.9341496
vn -0.19215536 0.003921509 0.9813567
vn -0.19215536 0.003921509 0.9813567
vn -0.3803892 0.003921509 0.9248182
vn -0.3803892 0.003921509 0.9248182
vn 0.24705696 0.003921509 -0.968993
vn 0.24705696 0.003921509 -0.968993
vn 0.42744774 0.003921509 -0.9040315
vn 0.42744774 0.003921509 -0.9040315
vn 0.9137185 0.003921509 0.40632877
vn 0.9137185 0.003921509 0.40632877
vn 0.83528775 0.003921509 0.549799
vn 0.83528775 0.003921509 0.549799
vn 0.9529339 0.003921509 -0.30315277
vn 0.9529339 0.003921509 -0.30315277
vn 0.9843062 0.003921509 -0.17642535
vn 0.9843062 0.003921509 -0.17642535
vn -0.9215615 0.003921509 0.38821262
vn -0.9215615 0.003921509 0.38821262
vn -0.9843061 0.003921509 0.17642602
vn -0.9843061 0.003921509 0.17642602
vn -0.9843061 0.003921509 -0.17642602
vn -0.9843061 0.003921509 -0.17642602
vn -0.93724763 0.003921509 -0.34864238
vn -0.93724763 0.003921509 -0.34864238
vn -0.68626916 0.003921509 -0.72733706
vn -0.68626916 0.003921509 -0.72733706
vn -0.5999954 0.003921509 -0.7999939
vn -0.5999954 0.003921509 -0.7999939
vn 0.69411236 0.003921509 0.71985596
vn 0.69411236 0.003921509 0.71985596
vn 0.5372508 0.003921509 0.8434134
vn 0.5372508 0.003921509 0.8434134
vn 0.96862006 0.003921509 0.24851513
vn 0.96862006 0.003921509 0.24851513
vn 0.9137185 0.003921509 0.40632877
vn 0.9137185 0.003921509 0.40632877
vn -0.9843061 0.003921509 0.17642602
vn -0.9843061 0.003921509 0.17642602
vn -0.99999225 0.003921509 -0.00034492963
vn -0.99999225 0.003921509 -0.00034492963
vn -0.70979846 0.003921509 0.7043939
vn -0.70979846 0.003921509 0.7043939
vn -0.8352877 0.003921509 0.54979914
vn -0.8352877 0.003921509 0.54979914
vn 0.90587544 0.003921509 -0.42352602
vn 0.90587544 0.003921509 -0.42352602
vn 0.9529339 0.003921509 -0.30315277
vn 0.9529339 0.003921509 -0.30315277
vn -0.003921509 0.003921509 0.9999846
vn -0.003921509 0.003921509 0.9999846
vn -0.19215536 0.003921509 0.9813567
vn -0.19215536 0.003921509 0.9813567
vn -0.3254876 0.003921509 -0.94553816
vn -0.3254876 0.003921509 -0.94553816
vn -0.16078305 0.003921509 -0.986982
vn -0.16078305 0.003921509 -0.986982
vn -0.93724763 0.003921509 -0.34864238
vn -0.93724763 0.003921509 -0.34864238
vn -0.88234615 0.003921509 -0.47058466
vn -0.88234615 0.003921509 -0.47058466
vn -0.3803892 0.003921509 0.9248182
vn -0.3803892 0.003921509 0.9248182
vn -0.5529369 0.003921509 0.8332139
vn -0.5529369 0.003921509 0.8332139
vn 0.05098003 0.003921509 -0.998692
vn 0.05098003 0.003921509 -0.998692
vn 0.24705696 0.003921509 -0.968993
vn 0.24705696 0.003921509 -0.968993
vn 0.7097985 0.003921509 -0.70439386
vn 0.7097985 0.003921509 -0.70439386
vn 0.8196016 0.003921509 -0.57292044
vn 0.8196016 0.003921509 -0.57292044
vn 0.42744774 0.003921509 -0.9040315
vn 0.42744774 0.003921509 -0.9040315
vn 0.5764662 0.003921509 -0.81711155
vn 0.5764662 0.003921509 -0.81711155
vn 0.35686004 0.003921509 0.9341496
vn 0.35686004 0.003921509 0.9341496
vn 0.18431234 0.003921509 0.9828599
vn 0.18431234 0.003921509 0.9828599
vn -0.5999954 0.003921509 -0.7999939
vn -0.5999954 0.003921509 -0.7999939
vn -0.4901923 0.003921509 -0.8716055
vn -0.4901923 0.003921509 -0.8716055
vn 0.9921493 0.003921509 -0.124997616
vn 0.9921493 0.003921509 -0.124997616
vn 0.9999924 0.003921509 -0
vn 0.9999924 0.003921509 -0
vn 0.9921493 0.003921509 0.124997616
vn 0.9921493 0.003921509 0.124997616
vn 0.96862006 0.003921509 0.24851513
vn 0.96862006 0.003921509 0.24851513
vn -0.76469994 0.003921509 -0.6443746
vn -0.76469994 0.003921509 -0.6443746
vn -0.68626916 0.003921509 -0.72733706
vn -0.68626916 0.003921509 -0.72733706
vn 0.9843062 0.003921509 -0.17642535
vn 0.9843062 0.003921509 -0.17642535
vn 0.9921493 0.003921509 -0.124997616
vn 0.9921493 0.003921509 -0.124997616
vn -0.8117584 0.003921509 -0.58398026
vn -0.8117584 0.003921509 -0.58398026
vn -0.76469994 0.003921509 -0.6443746
vn -0.76469994 0.003921509 -0.6443746
vn -0.5843092 0.51372147 -0.62823004
vn -0.6078384 0.466663 -0.64246255
vn -0.6941123 0.47450614 -0.54134285
vn -0.670583 0.5215646 -0.52753085
vn -0.874503 0.45097685 0.17850582
vn -0.86666 0.466663 0.17642593
vn -0.82744455 0.47450614 0.3002989
vn -0.79607224 0.5215646 0.30698428
vn 0.79607236 0.5215646 0.306984
vn 0.8274447 0.47450614 0.3002986
vn 0.86666006 0.466663 0.1764256
vn 0.86666006 0.466663 0.1764256
vn 0.87450314 0.45882 -0.15725295
vn 0.86666006 0.466663 -0.1764256
vn 0.8274447 0.47450614 -0.3002986
vn 0.79607236 0.5215646 -0.306984
vn 0.1999985 0.56862307 0.79791504
vn 0.1999985 0.5450938 0.81417036
vn 0.3019585 0.5450938 0.7821086
vn 0.59999543 0.5843092 0.54643226
vn -0.9215615 0.3803892 -0.07764315
vn -0.8807224 0.4736329 -0
vn -0.86666 0.466663 0.17642593
vn -0.874503 0.45097685 0.17850582
vn 0.6705831 0.5215646 -0.52753067
vn 0.69411236 0.47450614 -0.54134274
vn 0.6078385 0.466663 -0.6424625
vn 0.5843093 0.51372147 -0.62823
vn 0.9282063 0.37206572 -0
vn 0.88072234 0.47363284 -0
vn 0.86666006 0.466663 -0.1764256
vn 0.87450314 0.45882 -0.15725295
vn -0.670583 0.5215646 0.52753085
vn -0.6941123 0.47450614 0.54134285
vn -0.6078384 0.466663 0.64246255
vn -0.5843092 0.51372147 0.62823004
vn -0.79607224 0.5215646 -0.30698428
vn -0.82744455 0.47450614 -0.3002989
vn -0.86666 0.466663 -0.17642593
vn -0.86666 0.45882 -0.19592011
vn 0.9371325 0.34897396 -0
vn 0.9529339 0.2941153 -0.07357423
vn 0.9529339 0.2941153 -0.07357423
vn 0.59215236 0.5843092 -0.5549219
vn 0.5843093 0.51372147 0.62823
vn 0.6078385 0.466663 0.6424625
vn 0.69411236 0.47450614 0.54134274
vn 0.6705831 0.5215646 0.52753067
vn -0.19999838 0.56862307 -0.79791504
vn -0.19999838 0.5450938 -0.81417036
vn -0.30195844 0.5450938 -0.7821086
vn -0.5999954 0.5843092 -0.5464324
vn 0.59999543 0.5843092 0.54643226
vn 0.9529339 0.2941153 -0.07357423
vn 0.9529339 0.2941153 -0.07357423
vn 0.9371325 0.34897396 -0
vn -0.5999954 0.5843092 -0.5464324
vn -0.9529338 0.2941153 -0.07357585
vn -0.9529338 0.2941153 -0.07357585
vn -0.9371324 0.34897402 -0
vn -0.9371324 0.34897402 -0
vn -0.9529338 0.2941153 -0.07357585
vn -0.9529338 0.2941153 -0.07357585
vn -0.59215224 0.5843092 0.5549221
vn -0.86666 0.45882 -0.19592011
vn -0.86666 0.466663 -0.17642593
vn -0.8807224 0.4736329 -0
vn -0.9215615 0.3803892 -0.07764315
vn 0.59215236 0.5843092 -0.5549219
vn 0.29411542 0.5450938 -0.78509164
vn 0.1999985 0.5450938 -0.81417036
vn 0.1999985 0.5529369 -0.80886424
vn 0.86666006 0.466663 0.1764256
vn 0.86666006 0.466663 0.1764256
vn 0.88072234 0.47363284 -0
vn 0.9282063 0.37206572 -0
vn -0.79607224 0.5215646 0.30698428
vn -0.82744455 0.47450614 0.3002989
vn -0.6941123 0.47450614 0.54134285
vn -0.670583 0.5215646 0.52753085
vn 0.79607236 0.5215646 -0.306984
vn 0.8274447 0.47450614 -0.3002986
vn 0.69411236 0.47450614 -0.54134274
vn 0.6705831 0.5215646 -0.52753067
vn 0.6705831 0.5215646 0.52753067
vn 0.69411236 0.47450614 0.54134274
vn 0.8274447 0.47450614 0.3002986
vn 0.79607236 0.5215646 0.306984
vn -0.670583 0.5215646 -0.52753085
vn -0.6941123 0.47450614 -0.54134285
vn -0.82744455 0.47450614 -0.3002989
vn -0.79607224 0.5215646 -0.30698428
vn -0.59215224 0.5843092 0.5549221
vn -0.2941153 0.5450938 0.7850917
vn -0.19999838 0.5450938 0.81417036
vn -0.19999838 0.5529369 0.8088643
vn 0.0039215684 0.5450938 0.8383659
vn 0.0039215684 0.5450938 0.8383659
vn 0.1999985 0.5450938 0.81417036
vn 0.1999985 0.56862307 0.79791504
vn -0.003921509 0.5450938 -0.8383659
vn -0.003921509 0.5450938 -0.8383659
vn -0.19999838 0.5450938 -0.81417036
vn -0.19999838 0.56862307 -0.79791504
vn -0.19999838 0.5529369 0.8088643
vn -0.19999838 0.5450938 0.81417036
vn 0.0039215684 0.5450938 0.8383659
vn 0.0039215684 0.5450938 0.8383659
vn 0.1999985 0.5529369 -0.80886424
vn 0.1999985 0.5450938 -0.81417036
vn -0.003921509 0.5450938 -0.8383659
vn -0.003921509 0.5450938 -0.8383659
vn 0.6705831 0.70979846 -0.21564874
vn 0.6392108 0.70979846 -0.2959657
vn 0.6705831 0.70979846 -0.21564874
vn 0.69411236 0.70979846 -0.11997568
vn 0.6392108 0.70979846 -0.2959657
vn 0.69411236 0.7019553 -0.1595831
vn 0.70195544 0.70979846 -0.058691327
vn 0.7097985 0.7019553 -0.058692593
vn 0.70195544 0.70979846 -0.058691327
vn 0.7097985 0.7019553 0.058692593
vn 0.70195544 0.70979846 0.058691327
vn 0.70195544 0.7019553 0.12048767
vn 0.69411236 0.70979846 0.11997568
vn 0.6862693 0.7019553 0.19050784
vn 0.6862693 0.70979846 0.15881005
vn 0.6470539 0.70979846 0.27840146
vn 0.6470539 0.70979846 0.27840146
vn 0.5764662 0.70979846 -0.4048121
vn 0.5764662 0.70979846 -0.4048121
vn 0.49803543 0.70979846 -0.49814337
vn 0.49803543 0.70979846 -0.49814337
vn 0.5843093 0.70979846 0.3934067
vn 0.5843093 0.70979846 0.3934067
vn 0.49019235 0.70979846 0.5058632
vn 0.49019235 0.70979846 0.5058632
vn 0.4039185 0.70979846 -0.57709265
vn 0.4039185 0.70979846 -0.57709265
vn 0.38038927 0.70979846 0.59286606
vn 0.38038927 0.70979846 0.59286606
vn 0.24705696 0.70979846 0.65965825
vn 0.24705696 0.70979846 0.65965825
vn 0.3019585 0.70979846 -0.6364018
vn 0.3019585 0.70979846 -0.6364018
vn 0.1294108 0.70979846 0.6924153
vn 0.1294108 0.70979846 0.6924153
vn 0.16862619 0.70979846 -0.6839235
vn 0.17646927 0.70979846 -0.68194187
vn 0.035293877 0.70979846 -0.70352006
vn 0.035293877 0.70979846 -0.70352006
vn -0.011764526 0.70979846 0.70430654
vn -0.003921509 0.70979846 0.7043939
vn -0.12941074 0.70979846 0.69241536
vn -0.1764692 0.7176415 0.6736834
vn -0.27058613 0.70979846 0.6503609
vn -0.34117377 0.7176415 0.6071171
vn -0.39607537 0.70979846 0.58250356
vn -0.11372459 0.70979846 -0.6951639
vn -0.11372459 0.70979846 -0.6951639
vn -0.48234916 0.7176415 0.5023246
vn -0.50587845 0.70979846 0.49017662
vn -0.5843092 0.70979846 0.39340678
vn -0.59215224 0.7176415 0.36653307
vn -0.64705384 0.70979846 0.27840167
vn -0.66274 0.7176415 0.21393086
vn -0.6941123 0.70979846 0.11997618
vn -0.6941123 0.70979846 0.11997618
vn -0.70979846 0.7019553 0.058693103
vn -0.70710677 0.70710677 -0
vn -0.7019553 0.7019553 -0.12048865
vn -0.68626916 0.70979846 -0.15881042
vn -0.66274 0.7019553 -0.26083413
vn -0.65489686 0.70979846 -0.25941524
vn -0.62352455 0.7019553 -0.34420326
vn -0.59215224 0.7176415 -0.36653307
vn -0.5607799 0.7176415 -0.41293657
vn -0.4980353 0.7176415 -0.48677668
vn -0.53725076 0.70979846 -0.45557413
vn -0.48234916 0.70979846 -0.51334727
vn -0.42744768 0.70979846 -0.55988806
vn -0.38823223 0.7176415 -0.5781578
vn -0.34117377 0.70979846 -0.6162683
vn -0.24705684 0.70979846 -0.6596583
vn -0.23137069 0.70979846 -0.66532224
g UnionAchillesA5_XtenderH_Tip_0
f 3/3/3 2/2/2 1/1/1
f 6/6/6 5/5/5 4/4/4
f 9/9/9 8/8/8 7/7/7
f 12/12/12 11/11/11 10/10/10
f 15/15/15 14/14/14 13/13/13
f 18/18/18 17/17/17 16/16/16
f 21/21/21 20/20/20 19/19/19
f 24/24/24 23/23/23 22/22/22
f 27/27/27 26/26/26 25/25/25
f 30/30/30 29/29/29 28/28/28
f 33/33/33 32/32/32 31/31/31
f 36/36/36 35/35/35 34/34/34
f 39/39/39 38/38/38 37/37/37
f 42/42/42 41/41/41 40/40/40
f 45/45/45 44/44/44 43/43/43
f 48/48/48 47/47/47 46/46/46
f 51/51/51 50/50/50 49/49/49
f 54/54/54 53/53/53 52/52/52
f 57/57/57 56/56/56 55/55/55
f 60/60/60 59/59/59 58/58/58
f 63/63/63 62/62/62 61/61/61
f 66/66/66 65/65/65 64/64/64
f 69/69/69 68/68/68 67/67/67
f 72/72/72 71/71/71 70/70/70
f 75/75/75 74/74/74 73/73/73
f 78/78/78 77/77/77 76/76/76
f 81/81/81 80/80/80 79/79/79
f 79/79/79 83/83/83 82/82/82
f 84/84/84 79/79/79 82/82/82
f 82/82/82 83/83/83 85/85/85
f 82/82/82 86/86/86 84/84/84
f 84/84/84 86/86/86 87/87/87
f 88/88/88 85/85/85 83/83/83
f 84/84/84 89/89/89 88/88/88
f 88/88/88 89/89/89 85/85/85
f 89/89/89 84/84/84 85/85/85
f 85/85/85 84/84/84 90/90/90
f 85/85/85 90/90/90 91/91/91
f 92/92/92 85/85/85 91/91/91
f 91/91/91 93/93/93 92/92/92
f 94/94/94 92/92/92 93/93/93
f 95/95/95 94/94/94 93/93/93
f 98/98/98 97/97/97 96/96/96
f 101/101/101 100/100/100 99/99/99
f 104/104/104 103/103/103 102/102/102
f 107/107/107 106/106/106 105/105/105
f 109/109/109 108/108/108 105/105/105
f 105/105/105 108/108/108 110/110/110
f 108/108/108 109/109/109 110/110/110
f 110/110/110 109/109/109 111/111/111
f 110/110/110 111/111/111 112/112/112
f 113/113/113 110/110/110 112/112/112
f 112/112/112 114/114/114 113/113/113
f 115/115/115 113/113/113 114/114/114
f 115/115/115 116/116/116 113/113/113
f 105/105/105 110/110/110 117/117/117
f 118/118/118 117/117/117 110/110/110
f 105/105/105 117/117/117 118/118/118
f 109/109/109 105/105/105 118/118/118
f 118/118/118 119/119/119 109/109/109
f 109/109/109 119/119/119 120/120/120
f 123/123/123 122/122/122 121/121/121
f 126/126/126 125/125/125 124/124/124
f 129/129/129 128/128/128 127/127/127
f 131/131/131 129/129/129 130/130/130
f 131/131/131 130/130/130 132/132/132
f 135/135/135 134/134/134 133/133/133
f 137/137/137 136/136/136 133/133/133
f 133/133/133 136/136/136 138/138/138
f 136/136/136 137/137/137 138/138/138
f 138/138/138 137/137/137 139/139/139
f 138/138/138 139/139/139 140/140/140
f 141/141/141 138/138/138 140/140/140
f 140/140/140 142/142/142 141/141/141
f 143/143/143 141/141/141 142/142/142
f 144/144/144 143/143/143 142/142/142
f 133/133/133 138/138/138 145/145/145
f 146/146/146 145/145/145 138/138/138
f 133/133/133 145/145/145 146/146/146
f 137/137/137 133/133/133 146/146/146
f 146/146/146 147/147/147 137/137/137
f 137/137/137 147/147/147 148/148/148
f 151/151/151 150/150/150 149/149/149
f 154/154/154 153/153/153 152/152/152
f 157/157/157 156/156/156 155/155/155
f 160/160/160 159/159/159 158/158/158
f 162/162/162 161/161/161 158/158/158
f 158/158/158 161/161/161 163/163/163
f 161/161/161 162/162/162 163/163/163
f 163/163/163 162/162/162 164/164/164
f 163/163/163 164/164/164 165/165/165
f 166/166/166 163/163/163 165/165/165
f 165/165/165 167/167/167 166/166/166
f 168/168/168 166/166/166 167/167/167
f 169/169/169 168/168/168 167/167/167
f 158/158/158 163/163/163 170/170/170
f 171/171/171 170/170/170 163/163/163
f 158/158/158 170/170/170 171/171/171
f 162/162/162 158/158/158 171/171/171
f 171/171/171 172/172/172 162/162/162
f 162/162/162 172/172/172 173/173/173
f 176/176/176 175/175/175 174/174/174
f 179/179/179 178/178/178 177/177/177
f 182/182/182 181/181/181 180/180/180
f 185/185/185 184/184/184 183/183/183
f 188/188/188 187/187/187 186/186/186
f 191/191/191 190/190/190 189/189/189
f 194/194/194 193/193/193 192/192/192
f 197/197/197 196/196/196 195/195/195
f 200/200/200 199/199/199 198/198/198
f 203/203/203 202/202/202 201/201/201
f 206/206/206 205/205/205 204/204/204
f 209/209/209 208/208/208 207/207/207
f 212/212/212 211/211/211 210/210/210
f 215/215/215 214/214/214 213/213/213
f 218/218/218 217/217/217 216/216/216
f 221/221/221 220/220/220 219/219/219
f 224/224/224 223/223/223 222/222/222
f 227/227/227 226/226/226 225/225/225
f 230/230/230 229/229/229 228/228/228
f 233/233/233 232/232/232 231/231/231
f 236/236/236 235/235/235 234/234/234
f 239/239/239 238/238/238 237/237/237
f 242/242/242 241/241/241 240/240/240
f 245/245/245 244/244/244 243/243/243
f 248/248/248 247/247/247 246/246/246
f 251/251/251 250/250/250 249/249/249
f 254/254/254 253/253/253 252/252/252
f 257/257/257 256/256/256 255/255/255
f 260/260/260 259/259/259 258/258/258
f 263/263/263 262/262/262 261/261/261
f 266/266/266 265/265/265 264/264/264
f 269/269/269 268/268/268 267/267/267
f 272/272/272 271/271/271 270/270/270
f 275/275/275 274/274/274 273/273/273
f 278/278/278 277/277/277 276/276/276
f 281/281/281 280/280/280 279/279/279
f 284/284/284 283/283/283 282/282/282
f 287/287/287 286/286/286 285/285/285
f 290/290/290 289/289/289 288/288/288
f 293/293/293 292/292/292 291/291/291
f 296/296/296 295/295/295 294/294/294
f 299/299/299 298/298/298 297/297/297
f 302/302/302 301/301/301 300/300/300
f 305/305/305 304/304/304 303/303/303
f 308/308/308 307/307/307 306/306/306
f 311/311/311 310/310/310 309/309/309
f 314/314/314 313/313/313 312/312/312
f 317/317/317 316/316/316 315/315/315
f 320/320/320 319/319/319 318/318/318
f 318/318/318 322/322/322 321/321/321
f 322/322/322 323/323/323 321/321/321
f 318/318/318 321/321/321 324/324/324
f 322/322/322 325/325/325 323/323/323
f 318/318/318 324/324/324 326/326/326
f 325/325/325 327/327/327 323/323/323
f 328/328/328 326/326/326 324/324/324
f 325/325/325 329/329/329 327/327/327
f 328/328/328 330/330/330 326/326/326
f 331/331/331 330/330/330 328/328/328
f 331/331/331 332/332/332 330/330/330
f 333/333/333 332/332/332 331/331/331
f 333/333/333 334/334/334 332/332/332
f 329/329/329 335/335/335 327/327/327
f 329/329/329 336/336/336 335/335/335
f 336/336/336 337/337/337 335/335/335
f 338/338/338 334/334/334 333/333/333
f 338/338/338 339/339/339 334/334/334
f 338/338/338 340/340/340 339/339/339
f 337/337/337 341/341/341 335/335/335
f 337/337/337 342/342/342 341/341/341
f 342/342/342 343/343/343 341/341/341
f 338/338/338 344/344/344 340/340/340
f 344/344/344 345/345/345 340/340/340
f 344/344/344 346/346/346 345/345/345
f 341/341/341 343/343/343 347/347/347
f 348/348/348 346/346/346 344/344/344
f 347/347/347 343/343/343 349/349/349
f 348/348/348 350/350/350 346/346/346
f 347/347/347 349/349/349 351/351/351
f 352/352/352 347/347/347 351/351/351
f 352/352/352 353/353/353 347/347/347
f 354/354/354 350/350/350 348/348/348
f 355/355/355 354/354/354 348/348/348
f 356/356/356 355/355/355 348/348/348
f 353/353/353 357/357/357 347/347/347
f 353/353/353 358/358/358 357/357/357
f 357/357/357 358/358/358 359/359/359
f 356/356/356 348/348/348 360/360/360
f 361/361/361 356/356/356 360/360/360
f 361/361/361 360/360/360 362/362/362
f 357/357/357 359/359/359 363/363/363
f 363/363/363 359/359/359 364/364/364
f 363/363/363 364/364/364 365/365/365
f 366/366/366 363/363/363 365/365/365
f 366/366/366 365/365/365 367/367/367
f 368/368/368 366/366/366 367/367/367
f 368/368/368 367/367/367 369/369/369
f 370/370/370 368/368/368 369/369/369
f 370/370/370 369/369/369 371/371/371
f 372/372/372 370/370/370 371/371/371
f 373/373/373 372/372/372 371/371/371
f 373/373/373 374/374/374 372/372/372
f 373/373/373 375/375/375 374/374/374
f 375/375/375 376/376/376 374/374/374
f 375/375/375 377/377/377 376/376/376
f 377/377/377 378/378/378 376/376/376
f 377/377/377 379/379/379 378/378/378
f 379/379/379 380/380/380 378/378/378
f 379/379/379 381/381/381 380/380/380
f 381/381/381 362/362/362 380/380/380
f 360/360/360 380/380/380 362/362/362
f 384/384/384 383/383/383 382/382/382
f 387/387/387 386/386/386 385/385/385
f 390/390/390 389/389/389 388/388/388
f 393/393/393 392/392/392 391/391/391
f 396/396/396 395/395/395 394/394/394
f 399/399/399 398/398/398 397/397/397
f 402/402/402 401/401/401 400/400/400
f 405/405/405 404/404/404 403/403/403
f 408/408/408 407/407/407 406/406/406
f 411/411/411 410/410/410 409/409/409
f 414/414/414 413/413/413 412/412/412
f 417/417/417 416/416/416 415/415/415
f 420/420/420 419/419/419 418/418/418
f 423/423/423 422/422/422 421/421/421
f 426/426/426 425/425/425 424/424/424
f 429/429/429 428/428/428 427/427/427
f 432/432/432 431/431/431 430/430/430
f 435/435/435 434/434/434 433/433/433
f 438/438/438 437/437/437 436/436/436
f 441/441/441 440/440/440 439/439/439
f 444/444/444 443/443/443 442/442/442
f 447/447/447 446/446/446 445/445/445
f 450/450/450 449/449/449 448/448/448
f 453/453/453 452/452/452 451/451/451
f 456/456/456 455/455/455 454/454/454
f 459/459/459 458/458/458 457/457/457
f 462/462/462 461/461/461 460/460/460
f 465/465/465 464/464/464 463/463/463
f 468/468/468 467/467/467 466/466/466
f 471/471/471 470/470/470 469/469/469
f 474/474/474 473/473/473 472/472/472
f 477/477/477 476/476/476 475/475/475
f 480/480/480 479/479/479 478/478/478
f 483/483/483 482/482/482 481/481/481
f 486/486/486 485/485/485 484/484/484
f 489/489/489 488/488/488 487/487/487
f 492/492/492 491/491/491 490/490/490
f 495/495/495 494/494/494 493/493/493
f 498/498/498 497/497/497 496/496/496
f 501/501/501 500/500/500 499/499/499
f 504/504/504 503/503/503 502/502/502
f 506/506/506 503/503/503 505/505/505
f 508/508/508 503/503/503 507/507/507
f 511/511/511 510/510/510 509/509/509
f 514/514/514 513/513/513 512/512/512
f 516/516/516 513/513/513 515/515/515
f 519/519/519 518/518/518 517/517/517
f 521/521/521 518/518/518 520/520/520
f 524/524/524 523/523/523 522/522/522
f 526/526/526 523/523/523 525/525/525
f 529/529/529 528/528/528 527/527/527
f 532/532/532 531/531/531 530/530/530
f 535/535/535 534/534/534 533/533/533
f 538/538/538 537/537/537 536/536/536
f 541/541/541 540/540/540 539/539/539
f 544/544/544 543/543/543 542/542/542
f 547/547/547 546/546/546 545/545/545
f 550/550/550 549/549/549 548/548/548
f 553/553/553 552/552/552 551/551/551
f 556/556/556 555/555/555 554/554/554
f 559/559/559 558/558/558 557/557/557
f 562/562/562 561/561/561 560/560/560
f 565/565/565 564/564/564 563/563/563
f 568/568/568 567/567/567 566/566/566
f 571/571/571 570/570/570 569/569/569
f 573/573/573 570/570/570 572/572/572
f 576/576/576 575/575/575 574/574/574
f 578/578/578 575/575/575 577/577/577
f 581/581/581 580/580/580 579/579/579
f 584/584/584 583/583/583 582/582/582
f 587/587/587 586/586/586 585/585/585
f 590/590/590 589/589/589 588/588/588
f 593/593/593 592/592/592 591/591/591
f 596/596/596 595/595/595 594/594/594
f 599/599/599 598/598/598 597/597/597
f 602/602/602 601/601/601 600/600/600
f 605/605/605 604/604/604 603/603/603
f 608/608/608 607/607/607 606/606/606
f 611/611/611 610/610/610 609/609/609
f 614/614/614 613/613/613 612/612/612
f 617/617/617 616/616/616 615/615/615
f 620/620/620 619/619/619 618/618/618
f 623/623/623 622/622/622 621/621/621
f 626/626/626 625/625/625 624/624/624
f 629/629/629 628/628/628 627/627/627
f 632/632/632 631/631/631 630/630/630
f 635/635/635 634/634/634 633/633/633
f 638/638/638 637/637/637 636/636/636
f 641/641/641 640/640/640 639/639/639
f 644/644/644 643/643/643 642/642/642
f 647/647/647 646/646/646 645/645/645
f 650/650/650 649/649/649 648/648/648
f 653/653/653 652/652/652 651/651/651
f 656/656/656 655/655/655 654/654/654
f 659/659/659 658/658/658 657/657/657
f 662/662/662 661/661/661 660/660/660
f 665/665/665 664/664/664 663/663/663
f 668/668/668 667/667/667 666/666/666
f 670/670/670 667/667/667 669/669/669
f 673/673/673 672/672/672 671/671/671
f 675/675/675 672/672/672 674/674/674
f 678/678/678 677/677/677 676/676/676
f 681/681/681 680/680/680 679/679/679
f 683/683/683 680/680/680 682/682/682
f 686/686/686 685/685/685 684/684/684
f 689/689/689 688/688/688 687/687/687
f 691/691/691 688/688/688 690/690/690
f 694/694/694 693/693/693 692/692/692
f 696/696/696 693/693/693 695/695/695
f 699/699/699 698/698/698 697/697/697
f 701/701/701 698/698/698 700/700/700
f 704/704/704 703/703/703 702/702/702
f 707/707/707 706/706/706 705/705/705
f 710/710/710 709/709/709 708/708/708
f 713/713/713 712/712/712 711/711/711
f 715/715/715 712/712/712 714/714/714
f 718/718/718 717/717/717 716/716/716
f 720/720/720 717/717/717 719/719/719
f 723/723/723 722/722/722 721/721/721
f 726/726/726 725/725/725 724/724/724
f 729/729/729 728/728/728 727/727/727
f 731/731/731 728/728/728 730/730/730
f 733/733/733 728/728/728 732/732/732
f 736/736/736 735/735/735 734/734/734
f 739/739/739 738/738/738 737/737/737
f 742/742/742 741/741/741 740/740/740
f 745/745/745 744/744/744 743/743/743
f 748/748/748 747/747/747 746/746/746
f 751/751/751 750/750/750 749/749/749
f 754/754/754 753/753/753 752/752/752
f 757/757/757 756/756/756 755/755/755
f 760/760/760 759/759/759 758/758/758
f 763/763/763 762/762/762 761/761/761
f 766/766/766 765/765/765 764/764/764
f 769/769/769 768/768/768 767/767/767
f 772/772/772 771/771/771 770/770/770
f 775/775/775 774/774/774 773/773/773
f 778/778/778 777/777/777 776/776/776
f 781/781/781 780/780/780 779/779/779
f 784/784/784 783/783/783 782/782/782
f 787/787/787 786/786/786 785/785/785
f 790/790/790 789/789/789 788/788/788
f 793/793/793 792/792/792 791/791/791
f 796/796/796 795/795/795 794/794/794
f 799/799/799 798/798/798 797/797/797
f 802/802/802 801/801/801 800/800/800
f 805/805/805 804/804/804 803/803/803
f 808/808/808 807/807/807 806/806/806
f 811/811/811 810/810/810 809/809/809
f 814/814/814 813/813/813 812/812/812
f 817/817/817 816/816/816 815/815/815
f 820/820/820 819/819/819 818/818/818
f 823/823/823 822/822/822 821/821/821
f 826/826/826 825/825/825 824/824/824
f 829/829/829 828/828/828 827/827/827
f 830/830/830 829/829/829 827/827/827
f 830/830/830 827/827/827 831/831/831
f 832/832/832 830/830/830 831/831/831
f 832/832/832 831/831/831 833/833/833
f 832/832/832 833/833/833 834/834/834
f 835/835/835 832/832/832 834/834/834
f 835/835/835 834/834/834 836/836/836
f 837/837/837 835/835/835 836/836/836
f 837/837/837 836/836/836 838/838/838
f 841/841/841 840/840/840 839/839/839
f 842/842/842 841/841/841 839/839/839
f 842/842/842 839/839/839 843/843/843
f 844/844/844 842/842/842 843/843/843
f 844/844/844 843/843/843 845/845/845
f 844/844/844 845/845/845 846/846/846
f 847/847/847 844/844/844 846/846/846
f 847/847/847 846/846/846 848/848/848
f 849/849/849 847/847/847 848/848/848
f 849/849/849 848/848/848 850/850/850
f 853/853/853 852/852/852 851/851/851
f 853/853/853 854/854/854 852/852/852
f 852/852/852 854/854/854 855/855/855
f 856/856/856 852/852/852 855/855/855
f 856/856/856 857/857/857 852/852/852
f 857/857/857 858/858/858 852/852/852
f 858/858/858 859/859/859 852/852/852
f 858/858/858 860/860/860 859/859/859
f 860/860/860 861/861/861 859/859/859
f 860/860/860 862/862/862 861/861/861
f 862/862/862 863/863/863 861/861/861
f 864/864/864 863/863/863 862/862/862
f 864/864/864 865/865/865 863/863/863
f 865/865/865 866/866/866 863/863/863
f 863/863/863 866/866/866 867/867/867
f 863/863/863 867/867/867 868/868/868
f 863/863/863 868/868/868 869/869/869
f 872/872/872 871/871/871 870/870/870
f 871/871/871 872/872/872 873/873/873
f 872/872/872 874/874/874 873/873/873
f 871/871/871 873/873/873 875/875/875
f 876/876/876 871/871/871 875/875/875
f 872/872/872 877/877/877 874/874/874
f 876/876/876 875/875/875 878/878/878
f 879/879/879 876/876/876 878/878/878
f 879/879/879 878/878/878 880/880/880
f 880/880/880 878/878/878 881/881/881
f 882/882/882 880/880/880 881/881/881
f 877/877/877 883/883/883 874/874/874
f 882/882/882 881/881/881 884/884/884
f 877/877/877 885/885/885 883/883/883
f 885/885/885 877/877/877 886/886/886
f 885/885/885 887/887/887 883/883/883
f 885/885/885 888/888/888 887/887/887
f 888/888/888 889/889/889 887/887/887
f 888/888/888 890/890/890 889/889/889
f 890/890/890 891/891/891 889/889/889
f 891/891/891 892/892/892 889/889/889
f 891/891/891 893/893/893 892/892/892
f 893/893/893 894/894/894 892/892/892
f 895/895/895 882/882/882 884/884/884
f 895/895/895 896/896/896 882/882/882
f 895/895/895 884/884/884 897/897/897
f 895/895/895 897/897/897 898/898/898
f 894/894/894 898/898/898 897/897/897
f 894/894/894 893/893/893 898/898/898
f 893/893/893 899/899/899 898/898/898
f 902/902/902 901/901/901 900/900/900
f 902/902/902 900/900/900 903/903/903
f 906/906/906 905/905/905 904/904/904
f 906/906/906 907/907/907 905/905/905
f 910/910/910 909/909/909 908/908/908
f 910/910/910 908/908/908 911/911/911
f 908/908/908 912/912/912 911/911/911
f 908/908/908 913/913/913 912/912/912
f 908/908/908 914/914/914 913/913/913
f 908/908/908 915/915/915 914/914/914
f 915/915/915 908/908/908 916/916/916
f 917/917/917 915/915/915 916/916/916
f 917/917/917 916/916/916 918/918/918
f 919/919/919 917/917/917 918/918/918
f 919/919/919 918/918/918 920/920/920
f 921/921/921 919/919/919 920/920/920
f 922/922/922 921/921/921 920/920/920
f 922/922/922 920/920/920 923/923/923
f 920/920/920 924/924/924 923/923/923
f 920/920/920 925/925/925 924/924/924
f 920/920/920 926/926/926 925/925/925
f 929/929/929 928/928/928 927/927/927
f 929/929/929 927/927/927 930/930/930
f 933/933/933 932/932/932 931/931/931
f 933/933/933 934/934/934 932/932/932
f 937/937/937 936/936/936 935/935/935
f 937/937/937 938/938/938 936/936/936
f 938/938/938 939/939/939 936/936/936
f 938/938/938 940/940/940 939/939/939
f 940/940/940 941/941/941 939/939/939
f 940/940/940 942/942/942 941/941/941
f 945/945/945 944/944/944 943/943/943
f 945/945/945 946/946/946 944/944/944
f 949/949/949 948/948/948 947/947/947
f 949/949/949 947/947/947 950/950/950
f 949/949/949 950/950/950 951/951/951
f 947/947/947 952/952/952 950/950/950
f 950/950/950 953/953/953 951/951/951
f 947/947/947 954/954/954 952/952/952
f 947/947/947 955/955/955 954/954/954
f 956/956/956 954/954/954 955/955/955
f 953/953/953 957/957/957 951/951/951
f 956/956/956 955/955/955 958/958/958
f 953/953/953 959/959/959 957/957/957
f 959/959/959 960/960/960 957/957/957
f 956/956/956 958/958/958 961/961/961
f 960/960/960 962/962/962 957/957/957
f 963/963/963 957/957/957 962/962/962
f 960/960/960 964/964/964 962/962/962
f 963/963/963 962/962/962 965/965/965
f 960/960/960 966/966/966 964/964/964
f 967/967/967 963/963/963 965/965/965
f 966/966/966 968/968/968 964/964/964
f 966/966/966 969/969/969 968/968/968
f 970/970/970 967/967/967 965/965/965
f 970/970/970 971/971/971 967/967/967
f 958/958/958 971/971/971 970/970/970
f 958/958/958 970/970/970 972/972/972
f 961/961/961 958/958/958 972/972/972
f 961/961/961 972/972/972 973/973/973
f 974/974/974 961/961/961 973/973/973
f 974/974/974 973/973/973 975/975/975
f 976/976/976 974/974/974 975/975/975
f 968/968/968 969/969/969 977/977/977
f 976/976/976 975/975/975 978/978/978
f 968/968/968 977/977/977 979/979/979
f 980/980/980 976/976/976 978/978/978
f 981/981/981 979/979/979 977/977/977
f 981/981/981 977/977/977 982/982/982
f 981/981/981 983/983/983 979/979/979
f 984/984/984 981/981/981 982/982/982
f 982/982/982 980/980/980 984/984/984
f 983/983/983 985/985/985 979/979/979
f 983/983/983 986/986/986 985/985/985
f 987/987/987 984/984/984 980/980/980
f 980/980/980 978/978/978 987/987/987
f 986/986/986 988/988/988 985/985/985
f 988/988/988 987/987/987 978/978/978
f 989/989/989 988/988/988 986/986/986
f 989/989/989 987/987/987 988/988/988
f 992/992/992 991/991/991 990/990/990
f 992/992/992 993/993/993 991/991/991
f 996/996/996 995/995/995 994/994/994
f 996/996/996 997/997/997 995/995/995
f 1000/1000/1000 999/999/999 998/998/998
f 1000/1000/1000 998/998/998 1001/1001/1001
f 1002/1002/1002 1000/1000/1000 1001/1001/1001
f 1002/1002/1002 1001/1001/1001 1003/1003/1003
f 1006/1006/1006 1005/1005/1005 1004/1004/1004
f 1006/1006/1006 1007/1007/1007 1005/1005/1005
f 1010/1010/1010 1009/1009/1009 1008/1008/1008
f 1008/1008/1008 1011/1011/1011 1010/1010/1010
f 1011/1011/1011 1008/1008/1008 1012/1012/1012
f 1015/1015/1015 1014/1014/1014 1013/1013/1013
f 1015/1015/1015 1013/1013/1013 1016/1016/1016
f 1019/1019/1019 1018/1018/1018 1017/1017/1017
f 1018/1018/1018 1020/1020/1020 1017/1017/1017
f 1018/1018/1018 1021/1021/1021 1020/1020/1020
f 1022/1022/1022 1020/1020/1020 1021/1021/1021
f 1025/1025/1025 1024/1024/1024 1023/1023/1023
f 1026/1026/1026 1025/1025/1025 1023/1023/1023
f 1029/1029/1029 1028/1028/1028 1027/1027/1027
f 1029/1029/1029 1027/1027/1027 1030/1030/1030
f 1033/1033/1033 1032/1032/1032 1031/1031/1031
f 1033/1033/1033 1034/1034/1034 1032/1032/1032
f 1037/1037/1037 1036/1036/1036 1035/1035/1035
f 1037/1037/1037 1038/1038/1038 1036/1036/1036
f 1041/1041/1041 1040/1040/1040 1039/1039/1039
f 1041/1041/1041 1039/1039/1039 1042/1042/1042
f 1045/1045/1045 1044/1044/1044 1043/1043/1043
f 1045/1045/1045 1043/1043/1043 1046/1046/1046
f 1049/1049/1049 1048/1048/1048 1047/1047/1047
f 1047/1047/1047 1048/1048/1048 1050/1050/1050
f 1053/1053/1053 1052/1052/1052 1051/1051/1051
f 1054/1054/1054 1051/1051/1051 1052/1052/1052
f 1057/1057/1057 1056/1056/1056 1055/1055/1055
f 1057/1057/1057 1055/1055/1055 1058/1058/1058
f 1059/1059/1059 1057/1057/1057 1058/1058/1058
f 1059/1059/1059 1058/1058/1058 1060/1060/1060
f 1063/1063/1063 1062/1062/1062 1061/1061/1061
f 1064/1064/1064 1062/1062/1062 1063/1063/1063
f 1064/1064/1064 1063/1063/1063 1065/1065/1065
f 1066/1066/1066 1064/1064/1064 1065/1065/1065
f 1069/1069/1069 1068/1068/1068 1067/1067/1067
f 1068/1068/1068 1070/1070/1070 1067/1067/1067
f 1073/1073/1073 1072/1072/1072 1071/1071/1071
f 1073/1073/1073 1074/1074/1074 1072/1072/1072
f 1077/1077/1077 1076/1076/1076 1075/1075/1075
f 1078/1078/1078 1077/1077/1077 1075/1075/1075
f 1078/1078/1078 1075/1075/1075 1079/1079/1079
f 1079/1079/1079 1080/1080/1080 1078/1078/1078
f 1081/1081/1081 1079/1079/1079 1075/1075/1075
f 1082/1082/1082 1081/1081/1081 1075/1075/1075
f 1082/1082/1082 1083/1083/1083 1081/1081/1081
f 1086/1086/1086 1085/1085/1085 1084/1084/1084
f 1086/1086/1086 1087/1087/1087 1085/1085/1085
f 1090/1090/1090 1089/1089/1089 1088/1088/1088
f 1090/1090/1090 1088/1088/1088 1091/1091/1091
f 1094/1094/1094 1093/1093/1093 1092/1092/1092
f 1094/1094/1094 1095/1095/1095 1093/1093/1093
f 1098/1098/1098 1097/1097/1097 1096/1096/1096
f 1099/1099/1099 1098/1098/1098 1096/1096/1096
f 1102/1102/1102 1101/1101/1101 1100/1100/1100
f 1102/1102/1102 1100/1100/1100 1103/1103/1103
f 1106/1106/1106 1105/1105/1105 1104/1104/1104
f 1106/1106/1106 1104/1104/1104 1107/1107/1107
f 1110/1110/1110 1109/1109/1109 1108/1108/1108
f 1108/1108/1108 1111/1111/1111 1110/1110/1110
f 1112/1112/1112 1110/1110/1110 1111/1111/1111
f 1112/1112/1112 1111/1111/1111 1113/1113/1113
f 1112/1112/1112 1113/1113/1113 1114/1114/1114
f 1114/1114/1114 1113/1113/1113 1115/1115/1115
f 1116/1116/1116 1114/1114/1114 1115/1115/1115
f 1119/1119/1119 1118/1118/1118 1117/1117/1117
f 1120/1120/1120 1117/1117/1117 1118/1118/1118
f 1123/1123/1123 1122/1122/1122 1121/1121/1121
f 1121/1121/1121 1124/1124/1124 1123/1123/1123
f 1127/1127/1127 1126/1126/1126 1125/1125/1125
f 1128/1128/1128 1126/1126/1126 1127/1127/1127
f 1131/1131/1131 1130/1130/1130 1129/1129/1129
f 1132/1132/1132 1131/1131/1131 1129/1129/1129
f 1133/1133/1133 1132/1132/1132 1129/1129/1129
f 1134/1134/1134 1132/1132/1132 1133/1133/1133
f 1134/1134/1134 1133/1133/1133 1135/1135/1135
f 1133/1133/1133 1129/1129/1129 1136/1136/1136
f 1137/1137/1137 1136/1136/1136 1129/1129/1129
f 1136/1136/1136 1137/1137/1137 1138/1138/1138
f 1139/1139/1139 1138/1138/1138 1137/1137/1137
f 1136/1136/1136 1138/1138/1138 1140/1140/1140
f 1141/1141/1141 1136/1136/1136 1140/1140/1140
f 1142/1142/1142 1141/1141/1141 1140/1140/1140
f 1142/1142/1142 1140/1140/1140 1143/1143/1143
f 1144/1144/1144 1142/1142/1142 1143/1143/1143
f 1147/1147/1147 1146/1146/1146 1145/1145/1145
f 1148/1148/1148 1147/1147/1147 1145/1145/1145
f 1151/1151/1151 1150/1150/1150 1149/1149/1149
f 1152/1152/1152 1151/1151/1151 1149/1149/1149
f 1155/1155/1155 1154/1154/1154 1153/1153/1153
f 1156/1156/1156 1155/1155/1155 1153/1153/1153
f 1159/1159/1159 1158/1158/1158 1157/1157/1157
f 1160/1160/1160 1159/1159/1159 1157/1157/1157
f 1163/1163/1163 1162/1162/1162 1161/1161/1161
f 1164/1164/1164 1163/1163/1163 1161/1161/1161
f 1167/1167/1167 1166/1166/1166 1165/1165/1165
f 1168/1168/1168 1167/1167/1167 1165/1165/1165
f 1171/1171/1171 1170/1170/1170 1169/1169/1169
f 1172/1172/1172 1171/1171/1171 1169/1169/1169
f 1175/1175/1175 1174/1174/1174 1173/1173/1173
f 1176/1176/1176 1175/1175/1175 1173/1173/1173
f 1179/1179/1179 1178/1178/1178 1177/1177/1177
f 1180/1180/1180 1179/1179/1179 1177/1177/1177
f 1183/1183/1183 1182/1182/1182 1181/1181/1181
f 1184/1184/1184 1183/1183/1183 1181/1181/1181
f 1187/1187/1187 1186/1186/1186 1185/1185/1185
f 1188/1188/1188 1187/1187/1187 1185/1185/1185
f 1191/1191/1191 1190/1190/1190 1189/1189/1189
f 1192/1192/1192 1191/1191/1191 1189/1189/1189
f 1195/1195/1195 1194/1194/1194 1193/1193/1193
f 1196/1196/1196 1195/1195/1195 1193/1193/1193
f 1199/1199/1199 1198/1198/1198 1197/1197/1197
f 1200/1200/1200 1199/1199/1199 1197/1197/1197
f 1203/1203/1203 1202/1202/1202 1201/1201/1201
f 1204/1204/1204 1203/1203/1203 1201/1201/1201
f 1207/1207/1207 1206/1206/1206 1205/1205/1205
f 1208/1208/1208 1207/1207/1207 1205/1205/1205
f 1211/1211/1211 1210/1210/1210 1209/1209/1209
f 1212/1212/1212 1211/1211/1211 1209/1209/1209
f 1215/1215/1215 1214/1214/1214 1213/1213/1213
f 1216/1216/1216 1215/1215/1215 1213/1213/1213
f 1219/1219/1219 1218/1218/1218 1217/1217/1217
f 1220/1220/1220 1219/1219/1219 1217/1217/1217
f 1223/1223/1223 1222/1222/1222 1221/1221/1221
f 1224/1224/1224 1223/1223/1223 1221/1221/1221
f 1227/1227/1227 1226/1226/1226 1225/1225/1225
f 1228/1228/1228 1227/1227/1227 1225/1225/1225
f 1231/1231/1231 1230/1230/1230 1229/1229/1229
f 1232/1232/1232 1231/1231/1231 1229/1229/1229
f 1235/1235/1235 1234/1234/1234 1233/1233/1233
f 1236/1236/1236 1235/1235/1235 1233/1233/1233
f 1239/1239/1239 1238/1238/1238 1237/1237/1237
f 1240/1240/1240 1239/1239/1239 1237/1237/1237
f 1243/1243/1243 1242/1242/1242 1241/1241/1241
f 1244/1244/1244 1243/1243/1243 1241/1241/1241
f 1247/1247/1247 1246/1246/1246 1245/1245/1245
f 1248/1248/1248 1247/1247/1247 1245/1245/1245
f 1251/1251/1251 1250/1250/1250 1249/1249/1249
f 1252/1252/1252 1251/1251/1251 1249/1249/1249
f 1255/1255/1255 1254/1254/1254 1253/1253/1253
f 1256/1256/1256 1255/1255/1255 1253/1253/1253
f 1259/1259/1259 1258/1258/1258 1257/1257/1257
f 1260/1260/1260 1259/1259/1259 1257/1257/1257
f 1263/1263/1263 1262/1262/1262 1261/1261/1261
f 1264/1264/1264 1263/1263/1263 1261/1261/1261
f 1267/1267/1267 1266/1266/1266 1265/1265/1265
f 1268/1268/1268 1267/1267/1267 1265/1265/1265
f 1271/1271/1271 1270/1270/1270 1269/1269/1269
f 1272/1272/1272 1271/1271/1271 1269/1269/1269
f 1275/1275/1275 1274/1274/1274 1273/1273/1273
f 1276/1276/1276 1275/1275/1275 1273/1273/1273
f 1279/1279/1279 1278/1278/1278 1277/1277/1277
f 1280/1280/1280 1279/1279/1279 1277/1277/1277
f 1283/1283/1283 1282/1282/1282 1281/1281/1281
f 1284/1284/1284 1283/1283/1283 1281/1281/1281
f 1287/1287/1287 1286/1286/1286 1285/1285/1285
f 1288/1288/1288 1287/1287/1287 1285/1285/1285
f 1291/1291/1291 1290/1290/1290 1289/1289/1289
f 1291/1291/1291 1292/1292/1292 1290/1290/1290
f 1293/1293/1293 1290/1290/1290 1292/1292/1292
f 1290/1290/1290 1293/1293/1293 1294/1294/1294
f 1295/1295/1295 1290/1290/1290 1294/1294/1294
f 1295/1295/1295 1294/1294/1294 1296/1296/1296
f 1296/1296/1296 1297/1297/1297 1295/1295/1295
f 1298/1298/1298 1295/1295/1295 1297/1297/1297
f 1298/1298/1298 1299/1299/1299 1295/1295/1295
f 1299/1299/1299 1300/1300/1300 1295/1295/1295
f 1295/1295/1295 1300/1300/1300 1301/1301/1301
f 1295/1295/1295 1301/1301/1301 1302/1302/1302
f 1302/1302/1302 1303/1303/1303 1295/1295/1295
f 1304/1304/1304 1295/1295/1295 1303/1303/1303
f 1304/1304/1304 1306/1306/1306 1305/1305/1305
f 1307/1307/1307 1305/1305/1305 1306/1306/1306
f 1308/1308/1308 1307/1307/1307 1306/1306/1306
f 1307/1307/1307 1308/1308/1308 1309/1309/1309
f 1307/1307/1307 1309/1309/1309 1310/1310/1310
f 1307/1307/1307 1310/1310/1310 1311/1311/1311
f 1310/1310/1310 1312/1312/1312 1311/1311/1311
f 1313/1313/1313 1311/1311/1311 1312/1312/1312
f 1314/1314/1314 1311/1311/1311 1313/1313/1313
f 1314/1314/1314 1313/1313/1313 1315/1315/1315
f 1314/1314/1314 1315/1315/1315 1316/1316/1316
f 1317/1317/1317 1314/1314/1314 1316/1316/1316
f 1317/1317/1317 1318/1318/1318 1314/1314/1314
f 1318/1318/1318 1319/1319/1319 1314/1314/1314
f 1314/1314/1314 1319/1319/1319 1320/1320/1320
f 1320/1320/1320 1319/1319/1319 1321/1321/1321
f 1321/1321/1321 1322/1322/1322 1320/1320/1320
f 1314/1314/1314 1320/1320/1320 1322/1322/1322
f 1314/1314/1314 1322/1322/1322 1323/1323/1323
f 1322/1322/1322 1324/1324/1324 1323/1323/1323
f 1323/1323/1323 1324/1324/1324 1325/1325/1325
f 1326/1326/1326 1323/1323/1323 1325/1325/1325
f 1326/1326/1326 1325/1325/1325 1327/1327/1327
f 1318/1318/1318 1329/1329/1329 1328/1328/1328
f 1330/1330/1330 1328/1328/1328 1329/1329/1329
f 1330/1330/1330 1331/1331/1331 1328/1328/1328
f 1331/1331/1331 1332/1332/1332 1328/1328/1328
f 1332/1332/1332 1333/1333/1333 1328/1328/1328
f 1333/1333/1333 1334/1334/1334 1328/1328/1328
f 1334/1334/1334 1335/1335/1335 1328/1328/1328
f 1335/1335/1335 1336/1336/1336 1328/1328/1328
f 1337/1337/1337 1328/1328/1328 1336/1336/1336
f 1337/1337/1337 1338/1338/1338 1328/1328/1328
f 1339/1339/1339 1338/1338/1338 1337/1337/1337
f 1340/1340/1340 1338/1338/1338 1339/1339/1339
f 1341/1341/1341 1338/1338/1338 1340/1340/1340
f 1342/1342/1342 1338/1338/1338 1341/1341/1341
f 1343/1343/1343 1338/1338/1338 1342/1342/1342
f 1343/1343/1343 1342/1342/1342 1344/1344/1344
f 1343/1343/1343 1345/1345/1345 1338/1338/1338
f 1346/1346/1346 1338/1338/1338 1345/1345/1345
f 1347/1347/1347 1343/1343/1343 1344/1344/1344
f 1347/1347/1347 1344/1344/1344 1348/1348/1348
f 1347/1347/1347 1348/1348/1348 1349/1349/1349
f 1349/1349/1349 1350/1350/1350 1347/1347/1347
f 1347/1347/1347 1350/1350/1350 1351/1351/1351
f 1350/1350/1350 1352/1352/1352 1351/1351/1351
f 1353/1353/1353 1351/1351/1351 1352/1352/1352
f 1353/1353/1353 1354/1354/1354 1351/1351/1351
f 1354/1354/1354 1353/1353/1353 1355/1355/1355
f 1354/1354/1354 1355/1355/1355 1356/1356/1356
f 1357/1357/1357 1354/1354/1354 1356/1356/1356
f 1359/1359/1359 1356/1356/1356 1358/1358/1358
f 1360/1360/1360 1359/1359/1359 1358/1358/1358
f 1360/1360/1360 1358/1358/1358 1361/1361/1361
f 1360/1360/1360 1362/1362/1362 1359/1359/1359
f 1360/1360/1360 1363/1363/1363 1362/1362/1362
f 1359/1359/1359 1362/1362/1362 1364/1364/1364
f 1363/1363/1363 1365/1365/1365 1362/1362/1362
f 1363/1363/1363 1366/1366/1366 1365/1365/1365
f 1362/1362/1362 1365/1365/1365 1367/1367/1367
f 1362/1362/1362 1367/1367/1367 1364/1364/1364
f 1365/1365/1365 1368/1368/1368 1367/1367/1367
f 1366/1366/1366 1368/1368/1368 1365/1365/1365
f 1364/1364/1364 1367/1367/1367 1368/1368/1368
f 1366/1366/1366 1369/1369/1369 1368/1368/1368
f 1369/1369/1369 1366/1366/1366 1370/1370/1370
f 1364/1364/1364 1368/1368/1368 1371/1371/1371
f 1371/1371/1371 1368/1368/1368 1372/1372/1372
f 1373/1373/1373 1364/1364/1364 1371/1371/1371
f 1371/1371/1371 1372/1372/1372 1374/1374/1374
f 1375/1375/1375 1373/1373/1373 1371/1371/1371
f 1375/1375/1375 1371/1371/1371 1374/1374/1374
f 1373/1373/1373 1375/1375/1375 1376/1376/1376
f 1375/1375/1375 1377/1377/1377 1376/1376/1376
f 1378/1378/1378 1375/1375/1375 1374/1374/1374
f 1375/1375/1375 1378/1378/1378 1377/1377/1377
f 1378/1378/1378 1374/1374/1374 1379/1379/1379
f 1380/1380/1380 1377/1377/1377 1378/1378/1378
f 1380/1380/1380 1378/1378/1378 1379/1379/1379
f 1383/1383/1383 1382/1382/1382 1381/1381/1381
f 1361/1361/1361 1381/1381/1381 1384/1384/1384
f 1383/1383/1383 1386/1386/1386 1385/1385/1385
f 1383/1383/1383 1387/1387/1387 1386/1386/1386
f 1386/1386/1386 1387/1387/1387 1388/1388/1388
f 1386/1386/1386 1388/1388/1388 1389/1389/1389
f 1389/1389/1389 1390/1390/1390 1386/1386/1386
f 1389/1389/1389 1391/1391/1391 1390/1390/1390
f 1391/1391/1391 1392/1392/1392 1390/1390/1390
f 1392/1392/1392 1393/1393/1393 1390/1390/1390
f 1390/1390/1390 1393/1393/1393 1394/1394/1394
f 1393/1393/1393 1395/1395/1395 1394/1394/1394
f 1390/1390/1390 1394/1394/1394 1396/1396/1396
f 1390/1390/1390 1396/1396/1396 1397/1397/1397
f 1394/1394/1394 1395/1395/1395 1398/1398/1398
f 1398/1398/1398 1395/1395/1395 1399/1399/1399
f 1399/1399/1399 1400/1400/1400 1398/1398/1398
f 1400/1400/1400 1401/1401/1401 1398/1398/1398
f 1400/1400/1400 1402/1402/1402 1401/1401/1401
f 1403/1403/1403 1397/1397/1397 1396/1396/1396
f 1404/1404/1404 1396/1396/1396 1394/1394/1394
f 1404/1404/1404 1403/1403/1403 1396/1396/1396
f 1397/1397/1397 1403/1403/1403 1405/1405/1405
f 1404/1404/1404 1406/1406/1406 1403/1403/1403
f 1406/1406/1406 1404/1404/1404 1407/1407/1407
f 1404/1404/1404 1408/1408/1408 1407/1407/1407
f 1397/1397/1397 1405/1405/1405 1409/1409/1409
f 1410/1410/1410 1404/1404/1404 1394/1394/1394
f 1404/1404/1404 1410/1410/1410 1408/1408/1408
f 1410/1410/1410 1394/1394/1394 1411/1411/1411
f 1410/1410/1410 1412/1412/1412 1408/1408/1408
f 1410/1410/1410 1411/1411/1411 1412/1412/1412
f 1413/1413/1413 1409/1409/1409 1405/1405/1405
f 1413/1413/1413 1414/1414/1414 1409/1409/1409
f 1415/1415/1415 1413/1413/1413 1405/1405/1405
f 1416/1416/1416 1415/1415/1415 1405/1405/1405
f 1417/1417/1417 1416/1416/1416 1405/1405/1405
f 1416/1416/1416 1418/1418/1418 1415/1415/1415
f 1417/1417/1417 1419/1419/1419 1416/1416/1416
f 1416/1416/1416 1419/1419/1419 1418/1418/1418
f 1418/1418/1418 1419/1419/1419 1420/1420/1420
f 1423/1423/1423 1422/1422/1422 1421/1421/1421
f 1424/1424/1424 1422/1422/1422 1423/1423/1423
f 1427/1427/1427 1426/1426/1426 1425/1425/1425
f 1427/1427/1427 1428/1428/1428 1426/1426/1426
f 1431/1431/1431 1430/1430/1430 1429/1429/1429
f 1430/1430/1430 1432/1432/1432 1429/1429/1429
f 1432/1432/1432 1433/1433/1433 1429/1429/1429
f 1432/1432/1432 1434/1434/1434 1433/1433/1433
f 1432/1432/1432 1435/1435/1435 1434/1434/1434
f 1438/1438/1438 1437/1437/1437 1436/1436/1436
f 1439/1439/1439 1438/1438/1438 1436/1436/1436
f 1439/1439/1439 1436/1436/1436 1440/1440/1440
f 1441/1441/1441 1439/1439/1439 1440/1440/1440
f 1441/1441/1441 1440/1440/1440 1442/1442/1442
f 1443/1443/1443 1442/1442/1442 1440/1440/1440
f 1446/1446/1446 1445/1445/1445 1444/1444/1444
f 1447/1447/1447 1444/1444/1444 1445/1445/1445
f 1447/1447/1447 1448/1448/1448 1444/1444/1444
f 1449/1449/1449 1448/1448/1448 1447/1447/1447
f 1449/1449/1449 1450/1450/1450 1448/1448/1448
f 1449/1449/1449 1451/1451/1451 1450/1450/1450
f 1454/1454/1454 1453/1453/1453 1452/1452/1452
f 1455/1455/1455 1453/1453/1453 1454/1454/1454
f 1458/1458/1458 1457/1457/1457 1456/1456/1456
f 1458/1458/1458 1459/1459/1459 1457/1457/1457
f 1462/1462/1462 1461/1461/1461 1460/1460/1460
f 1463/1463/1463 1461/1461/1461 1462/1462/1462
f 1466/1466/1466 1465/1465/1465 1464/1464/1464
f 1466/1466/1466 1467/1467/1467 1465/1465/1465
f 1470/1470/1470 1469/1469/1469 1468/1468/1468
f 1469/1469/1469 1471/1471/1471 1468/1468/1468
f 1471/1471/1471 1472/1472/1472 1468/1468/1468
f 1471/1471/1471 1473/1473/1473 1472/1472/1472
f 1471/1471/1471 1474/1474/1474 1473/1473/1473
f 1477/1477/1477 1476/1476/1476 1475/1475/1475
f 1479/1479/1479 1475/1475/1475 1478/1478/1478
f 1477/1477/1477 1481/1481/1481 1480/1480/1480
f 1477/1477/1477 1482/1482/1482 1481/1481/1481
f 1481/1481/1481 1482/1482/1482 1483/1483/1483
f 1481/1481/1481 1483/1483/1483 1484/1484/1484
f 1484/1484/1484 1485/1485/1485 1481/1481/1481
f 1484/1484/1484 1486/1486/1486 1485/1485/1485
f 1486/1486/1486 1487/1487/1487 1485/1485/1485
f 1487/1487/1487 1488/1488/1488 1485/1485/1485
f 1485/1485/1485 1488/1488/1488 1489/1489/1489
f 1488/1488/1488 1490/1490/1490 1489/1489/1489
f 1485/1485/1485 1489/1489/1489 1491/1491/1491
f 1485/1485/1485 1491/1491/1491 1492/1492/1492
f 1489/1489/1489 1490/1490/1490 1493/1493/1493
f 1493/1493/1493 1490/1490/1490 1494/1494/1494
f 1494/1494/1494 1495/1495/1495 1493/1493/1493
f 1493/1493/1493 1495/1495/1495 1496/1496/1496
f 1495/1495/1495 1497/1497/1497 1496/1496/1496
f 1498/1498/1498 1492/1492/1492 1491/1491/1491
f 1499/1499/1499 1491/1491/1491 1489/1489/1489
f 1499/1499/1499 1498/1498/1498 1491/1491/1491
f 1492/1492/1492 1498/1498/1498 1500/1500/1500
f 1499/1499/1499 1501/1501/1501 1498/1498/1498
f 1501/1501/1501 1499/1499/1499 1502/1502/1502
f 1499/1499/1499 1503/1503/1503 1502/1502/1502
f 1492/1492/1492 1500/1500/1500 1504/1504/1504
f 1505/1505/1505 1499/1499/1499 1489/1489/1489
f 1499/1499/1499 1505/1505/1505 1503/1503/1503
f 1505/1505/1505 1489/1489/1489 1506/1506/1506
f 1505/1505/1505 1507/1507/1507 1503/1503/1503
f 1507/1507/1507 1505/1505/1505 1506/1506/1506
f 1508/1508/1508 1504/1504/1504 1500/1500/1500
f 1508/1508/1508 1509/1509/1509 1504/1504/1504
f 1510/1510/1510 1508/1508/1508 1500/1500/1500
f 1511/1511/1511 1510/1510/1510 1500/1500/1500
f 1512/1512/1512 1511/1511/1511 1500/1500/1500
f 1511/1511/1511 1513/1513/1513 1510/1510/1510
f 1512/1512/1512 1514/1514/1514 1511/1511/1511
f 1511/1511/1511 1514/1514/1514 1513/1513/1513
f 1513/1513/1513 1514/1514/1514 1515/1515/1515
f 1518/1518/1518 1517/1517/1517 1516/1516/1516
f 1518/1518/1518 1519/1519/1519 1517/1517/1517
f 1519/1519/1519 1520/1520/1520 1517/1517/1517
f 1520/1520/1520 1521/1521/1521 1517/1517/1517
f 1517/1517/1517 1521/1521/1521 1522/1522/1522
f 1521/1521/1521 1523/1523/1523 1522/1522/1522
f 1523/1523/1523 1524/1524/1524 1522/1522/1522
f 1525/1525/1525 1522/1522/1522 1524/1524/1524
f 1525/1525/1525 1526/1526/1526 1522/1522/1522
f 1526/1526/1526 1527/1527/1527 1522/1522/1522
f 1522/1522/1522 1527/1527/1527 1528/1528/1528
f 1522/1522/1522 1528/1528/1528 1529/1529/1529
f 1529/1529/1529 1530/1530/1530 1522/1522/1522
f 1522/1522/1522 1530/1530/1530 1531/1531/1531
f 1522/1522/1522 1531/1531/1531 1532/1532/1532
f 1533/1533/1533 1532/1532/1532 1531/1531/1531
f 1533/1533/1533 1534/1534/1534 1532/1532/1532
f 1535/1535/1535 1532/1532/1532 1534/1534/1534
f 1535/1535/1535 1536/1536/1536 1532/1532/1532
f 1536/1536/1536 1537/1537/1537 1532/1532/1532
f 1536/1536/1536 1538/1538/1538 1537/1537/1537
f 1538/1538/1538 1539/1539/1539 1537/1537/1537
f 1537/1537/1537 1539/1539/1539 1540/1540/1540
f 1539/1539/1539 1541/1541/1541 1540/1540/1540
f 1541/1541/1541 1542/1542/1542 1540/1540/1540
f 1540/1540/1540 1542/1542/1542 1543/1543/1543
f 1540/1540/1540 1543/1543/1543 1544/1544/1544
f 1545/1545/1545 1540/1540/1540 1544/1544/1544
f 1545/1545/1545 1544/1544/1544 1546/1546/1546
f 1546/1546/1546 1547/1547/1547 1545/1545/1545
f 1545/1545/1545 1547/1547/1547 1548/1548/1548
f 1545/1545/1545 1548/1548/1548 1549/1549/1549
f 1550/1550/1550 1549/1549/1549 1548/1548/1548
f 1549/1549/1549 1550/1550/1550 1551/1551/1551
f 1549/1549/1549 1551/1551/1551 1552/1552/1552
f 1552/1552/1552 1553/1553/1553 1549/1549/1549
f 1554/1554/1554 1549/1549/1549 1553/1553/1553
f 1549/1549/1549 1554/1554/1554 1555/1555/1555
f 1556/1556/1556 1549/1549/1549 1555/1555/1555
f 1556/1556/1556 1557/1557/1557 1549/1549/1549
f 1558/1558/1558 1557/1557/1557 1556/1556/1556
f 1557/1557/1557 1558/1558/1558 1559/1559/1559
f 1557/1557/1557 1559/1559/1559 1560/1560/1560
f 1561/1561/1561 1545/1545/1545 1549/1549/1549
f 1561/1561/1561 1549/1549/1549 1562/1562/1562
f 1562/1562/1562 1563/1563/1563 1561/1561/1561
f 1561/1561/1561 1564/1564/1564 1545/1545/1545
f 1545/1545/1545 1564/1564/1564 1565/1565/1565
f 1566/1566/1566 1565/1565/1565 1564/1564/1564
f 1567/1567/1567 1566/1566/1566 1564/1564/1564
f 1567/1567/1567 1568/1568/1568 1566/1566/1566
f 1568/1568/1568 1569/1569/1569 1566/1566/1566
f 1570/1570/1570 1569/1569/1569 1568/1568/1568
f 1568/1568/1568 1571/1571/1571 1570/1570/1570
f 1571/1571/1571 1572/1572/1572 1570/1570/1570
f 1557/1557/1557 1574/1574/1574 1573/1573/1573
f 1574/1574/1574 1557/1557/1557 1575/1575/1575
f 1557/1557/1557 1560/1560/1560 1575/1575/1575
f 1560/1560/1560 1576/1576/1576 1575/1575/1575
f 1577/1577/1577 1575/1575/1575 1576/1576/1576
f 1578/1578/1578 1577/1577/1577 1576/1576/1576
f 1579/1579/1579 1577/1577/1577 1578/1578/1578
f 1579/1579/1579 1578/1578/1578 1580/1580/1580
f 1580/1580/1580 1581/1581/1581 1579/1579/1579
f 1579/1579/1579 1582/1582/1582 1577/1577/1577
f 1579/1579/1579 1581/1581/1581 1582/1582/1582
f 1581/1581/1581 1583/1583/1583 1582/1582/1582
f 1584/1584/1584 1582/1582/1582 1583/1583/1583
f 1584/1584/1584 1585/1585/1585 1582/1582/1582
f 1585/1585/1585 1584/1584/1584 1586/1586/1586
f 1585/1585/1585 1586/1586/1586 1587/1587/1587
f 1588/1588/1588 1585/1585/1585 1587/1587/1587
f 1590/1590/1590 1587/1587/1587 1589/1589/1589
f 1591/1591/1591 1590/1590/1590 1589/1589/1589
f 1591/1591/1591 1589/1589/1589 1479/1479/1479
f 1591/1591/1591 1592/1592/1592 1590/1590/1590
f 1591/1591/1591 1593/1593/1593 1592/1592/1592
f 1590/1590/1590 1592/1592/1592 1594/1594/1594
f 1593/1593/1593 1595/1595/1595 1592/1592/1592
f 1593/1593/1593 1596/1596/1596 1595/1595/1595
f 1592/1592/1592 1597/1597/1597 1594/1594/1594
f 1592/1592/1592 1595/1595/1595 1597/1597/1597
f 1594/1594/1594 1597/1597/1597 1598/1598/1598
f 1595/1595/1595 1598/1598/1598 1597/1597/1597
f 1596/1596/1596 1598/1598/1598 1595/1595/1595
f 1599/1599/1599 1594/1594/1594 1598/1598/1598
f 1596/1596/1596 1600/1600/1600 1598/1598/1598
f 1600/1600/1600 1596/1596/1596 1601/1601/1601
f 1599/1599/1599 1598/1598/1598 1602/1602/1602
f 1602/1602/1602 1598/1598/1598 1603/1603/1603
f 1604/1604/1604 1599/1599/1599 1602/1602/1602
f 1602/1602/1602 1603/1603/1603 1605/1605/1605
f 1604/1604/1604 1602/1602/1602 1606/1606/1606
f 1602/1602/1602 1605/1605/1605 1607/1607/1607
f 1602/1602/1602 1607/1607/1607 1606/1606/1606
f 1607/1607/1607 1605/1605/1605 1608/1608/1608
f 1607/1607/1607 1608/1608/1608 1609/1609/1609
f 1610/1610/1610 1606/1606/1606 1607/1607/1607
f 1610/1610/1610 1607/1607/1607 1609/1609/1609
f 1611/1611/1611 1606/1606/1606 1610/1610/1610
f 1612/1612/1612 1610/1610/1610 1609/1609/1609
f 1615/1615/1615 1614/1614/1614 1613/1613/1613
f 1616/1616/1616 1614/1614/1614 1615/1615/1615
f 1619/1619/1619 1618/1618/1618 1617/1617/1617
f 1619/1619/1619 1620/1620/1620 1618/1618/1618
f 1623/1623/1623 1622/1622/1622 1621/1621/1621
f 1622/1622/1622 1624/1624/1624 1621/1621/1621
f 1624/1624/1624 1625/1625/1625 1621/1621/1621
f 1624/1624/1624 1626/1626/1626 1625/1625/1625
f 1624/1624/1624 1627/1627/1627 1626/1626/1626
f 1630/1630/1630 1629/1629/1629 1628/1628/1628
f 1631/1631/1631 1629/1629/1629 1630/1630/1630
f 1631/1631/1631 1630/1630/1630 1632/1632/1632
f 1632/1632/1632 1630/1630/1630 1633/1633/1633
f 1632/1632/1632 1633/1633/1633 1634/1634/1634
f 1633/1633/1633 1635/1635/1635 1634/1634/1634
f 1635/1635/1635 1636/1636/1636 1634/1634/1634
f 1635/1635/1635 1637/1637/1637 1636/1636/1636
f 1636/1636/1636 1637/1637/1637 1638/1638/1638
f 1636/1636/1636 1638/1638/1638 1639/1639/1639
f 1636/1636/1636 1639/1639/1639 1640/1640/1640
f 1641/1641/1641 1636/1636/1636 1640/1640/1640
f 1634/1634/1634 1636/1636/1636 1641/1641/1641
f 1642/1642/1642 1634/1634/1634 1641/1641/1641
f 1642/1642/1642 1632/1632/1632 1634/1634/1634
f 1642/1642/1642 1643/1643/1643 1632/1632/1632
f 1644/1644/1644 1632/1632/1632 1643/1643/1643
f 1631/1631/1631 1632/1632/1632 1644/1644/1644
f 1631/1631/1631 1644/1644/1644 1645/1645/1645
f 1646/1646/1646 1631/1631/1631 1645/1645/1645
f 1649/1649/1649 1648/1648/1648 1647/1647/1647
f 1649/1649/1649 1650/1650/1650 1648/1648/1648
f 1650/1650/1650 1651/1651/1651 1648/1648/1648
f 1650/1650/1650 1652/1652/1652 1651/1651/1651
f 1653/1653/1653 1650/1650/1650 1649/1649/1649
f 1654/1654/1654 1653/1653/1653 1649/1649/1649
f 1657/1657/1657 1656/1656/1656 1655/1655/1655
f 1658/1658/1658 1657/1657/1657 1655/1655/1655
f 1658/1658/1658 1655/1655/1655 1659/1659/1659
f 1658/1658/1658 1660/1660/1660 1657/1657/1657
f 1661/1661/1661 1658/1658/1658 1659/1659/1659
f 1661/1661/1661 1659/1659/1659 1662/1662/1662
f 1662/1662/1662 1663/1663/1663 1661/1661/1661
f 1663/1663/1663 1664/1664/1664 1661/1661/1661
f 1665/1665/1665 1657/1657/1657 1660/1660/1660
f 1666/1666/1666 1665/1665/1665 1660/1660/1660
f 1667/1667/1667 1666/1666/1666 1660/1660/1660
f 1667/1667/1667 1660/1660/1660 1668/1668/1668
f 1669/1669/1669 1667/1667/1667 1668/1668/1668
f 1663/1663/1663 1670/1670/1670 1664/1664/1664
f 1669/1669/1669 1668/1668/1668 1671/1671/1671
f 1672/1672/1672 1669/1669/1669 1671/1671/1671
f 1673/1673/1673 1672/1672/1672 1671/1671/1671
f 1674/1674/1674 1673/1673/1673 1671/1671/1671
f 1670/1670/1670 1675/1675/1675 1664/1664/1664
f 1676/1676/1676 1674/1674/1674 1671/1671/1671
f 1677/1677/1677 1674/1674/1674 1676/1676/1676
f 1676/1676/1676 1671/1671/1671 1678/1678/1678
f 1679/1679/1679 1676/1676/1676 1678/1678/1678
f 1679/1679/1679 1678/1678/1678 1680/1680/1680
f 1681/1681/1681 1679/1679/1679 1680/1680/1680
f 1680/1680/1680 1682/1682/1682 1681/1681/1681
f 1680/1680/1680 1683/1683/1683 1682/1682/1682
f 1683/1683/1683 1684/1684/1684 1682/1682/1682
f 1683/1683/1683 1685/1685/1685 1684/1684/1684
f 1685/1685/1685 1686/1686/1686 1684/1684/1684
f 1683/1683/1683 1687/1687/1687 1685/1685/1685
f 1688/1688/1688 1685/1685/1685 1687/1687/1687
f 1689/1689/1689 1688/1688/1688 1687/1687/1687
f 1689/1689/1689 1687/1687/1687 1690/1690/1690
f 1691/1691/1691 1689/1689/1689 1690/1690/1690
f 1691/1691/1691 1690/1690/1690 1692/1692/1692
f 1693/1693/1693 1691/1691/1691 1692/1692/1692
f 1694/1694/1694 1693/1693/1693 1692/1692/1692
f 1695/1695/1695 1694/1694/1694 1692/1692/1692
f 1696/1696/1696 1694/1694/1694 1695/1695/1695
f 1695/1695/1695 1692/1692/1692 1697/1697/1697
f 1698/1698/1698 1695/1695/1695 1697/1697/1697
f 1698/1698/1698 1697/1697/1697 1699/1699/1699
f 1700/1700/1700 1698/1698/1698 1699/1699/1699
f 1699/1699/1699 1701/1701/1701 1700/1700/1700
f 1699/1699/1699 1702/1702/1702 1701/1701/1701
f 1702/1702/1702 1703/1703/1703 1701/1701/1701
f 1702/1702/1702 1704/1704/1704 1703/1703/1703
f 1704/1704/1704 1705/1705/1705 1703/1703/1703
f 1702/1702/1702 1706/1706/1706 1704/1704/1704
f 1707/1707/1707 1704/1704/1704 1706/1706/1706
f 1708/1708/1708 1707/1707/1707 1706/1706/1706
f 1708/1708/1708 1706/1706/1706 1709/1709/1709
f 1710/1710/1710 1708/1708/1708 1709/1709/1709
f 1710/1710/1710 1709/1709/1709 1711/1711/1711
f 1712/1712/1712 1710/1710/1710 1711/1711/1711
f 1713/1713/1713 1712/1712/1712 1711/1711/1711
f 1714/1714/1714 1713/1713/1713 1711/1711/1711
f 1715/1715/1715 1713/1713/1713 1714/1714/1714
f 1714/1714/1714 1711/1711/1711 1716/1716/1716
f 1717/1717/1717 1714/1714/1714 1716/1716/1716
f 1717/1717/1717 1716/1716/1716 1718/1718/1718
f 1719/1719/1719 1717/1717/1717 1718/1718/1718
f 1718/1718/1718 1720/1720/1720 1719/1719/1719
f 1718/1718/1718 1721/1721/1721 1720/1720/1720
f 1721/1721/1721 1722/1722/1722 1720/1720/1720
f 1721/1721/1721 1723/1723/1723 1722/1722/1722
f 1723/1723/1723 1724/1724/1724 1722/1722/1722
f 1721/1721/1721 1725/1725/1725 1723/1723/1723
f 1726/1726/1726 1723/1723/1723 1725/1725/1725
f 1727/1727/1727 1726/1726/1726 1725/1725/1725
f 1727/1727/1727 1725/1725/1725 1728/1728/1728
f 1729/1729/1729 1727/1727/1727 1728/1728/1728
f 1729/1729/1729 1728/1728/1728 1675/1675/1675
f 1730/1730/1730 1729/1729/1729 1675/1675/1675
f 1731/1731/1731 1730/1730/1730 1675/1675/1675
f 1670/1670/1670 1731/1731/1731 1675/1675/1675
f 1732/1732/1732 1731/1731/1731 1670/1670/1670
f 1735/1735/1735 1734/1734/1734 1733/1733/1733
f 1736/1736/1736 1735/1735/1735 1733/1733/1733
f 1736/1736/1736 1737/1737/1737 1735/1735/1735
f 1738/1738/1738 1737/1737/1737 1736/1736/1736
f 1739/1739/1739 1737/1737/1737 1738/1738/1738
f 1737/1737/1737 1740/1740/1740 1735/1735/1735
f 1739/1739/1739 1741/1741/1741 1737/1737/1737
f 1741/1741/1741 1742/1742/1742 1737/1737/1737
f 1741/1741/1741 1743/1743/1743 1742/1742/1742
f 1743/1743/1743 1744/1744/1744 1742/1742/1742
f 1737/1737/1737 1745/1745/1745 1740/1740/1740
f 1746/1746/1746 1740/1740/1740 1745/1745/1745
f 1737/1737/1737 1747/1747/1747 1745/1745/1745
f 1748/1748/1748 1747/1747/1747 1737/1737/1737
f 1749/1749/1749 1748/1748/1748 1737/1737/1737
f 1749/1749/1749 1737/1737/1737 1750/1750/1750
f 1751/1751/1751 1749/1749/1749 1750/1750/1750
f 1751/1751/1751 1750/1750/1750 1752/1752/1752
f 1750/1750/1750 1753/1753/1753 1752/1752/1752
f 1750/1750/1750 1754/1754/1754 1753/1753/1753
f 1754/1754/1754 1755/1755/1755 1753/1753/1753
f 1742/1742/1742 1744/1744/1744 1756/1756/1756
f 1744/1744/1744 1757/1757/1757 1756/1756/1756
f 1758/1758/1758 1756/1756/1756 1757/1757/1757
f 1742/1742/1742 1756/1756/1756 1759/1759/1759
f 1760/1760/1760 1742/1742/1742 1759/1759/1759
f 1759/1759/1759 1761/1761/1761 1760/1760/1760
f 1762/1762/1762 1742/1742/1742 1760/1760/1760
f 1763/1763/1763 1742/1742/1742 1762/1762/1762
f 1763/1763/1763 1764/1764/1764 1742/1742/1742
f 1764/1764/1764 1765/1765/1765 1742/1742/1742
f 1766/1766/1766 1765/1765/1765 1764/1764/1764
f 1766/1766/1766 1767/1767/1767 1765/1765/1765
f 1767/1767/1767 1768/1768/1768 1765/1765/1765
f 1769/1769/1769 1765/1765/1765 1768/1768/1768
f 1769/1769/1769 1768/1768/1768 1770/1770/1770
f 1769/1769/1769 1771/1771/1771 1765/1765/1765
f 1774/1774/1774 1773/1773/1773 1772/1772/1772
f 1774/1774/1774 1772/1772/1772 1775/1775/1775
f 1774/1774/1774 1775/1775/1775 1776/1776/1776
f 1777/1777/1777 1774/1774/1774 1776/1776/1776
f 1777/1777/1777 1776/1776/1776 1778/1778/1778
f 1778/1778/1778 1776/1776/1776 1779/1779/1779
f 1782/1782/1782 1781/1781/1781 1780/1780/1780
f 1783/1783/1783 1782/1782/1782 1780/1780/1780
f 1783/1783/1783 1780/1780/1780 1784/1784/1784
f 1785/1785/1785 1783/1783/1783 1784/1784/1784
f 1785/1785/1785 1784/1784/1784 1786/1786/1786
f 1787/1787/1787 1786/1786/1786 1784/1784/1784
f 1790/1790/1790 1789/1789/1789 1788/1788/1788
f 1791/1791/1791 1790/1790/1790 1788/1788/1788
f 1791/1791/1791 1788/1788/1788 1792/1792/1792
f 1791/1791/1791 1792/1792/1792 1793/1793/1793
f 1791/1791/1791 1793/1793/1793 1794/1794/1794
f 1794/1794/1794 1793/1793/1793 1795/1795/1795
f 1794/1794/1794 1795/1795/1795 1796/1796/1796
f 1797/1797/1797 1794/1794/1794 1796/1796/1796
f 1797/1797/1797 1796/1796/1796 1798/1798/1798
f 1801/1801/1801 1800/1800/1800 1799/1799/1799
f 1801/1801/1801 1799/1799/1799 1802/1802/1802
f 1801/1801/1801 1802/1802/1802 1803/1803/1803
f 1804/1804/1804 1801/1801/1801 1803/1803/1803
f 1804/1804/1804 1803/1803/1803 1805/1805/1805
f 1806/1806/1806 1804/1804/1804 1805/1805/1805
f 1809/1809/1809 1808/1808/1808 1807/1807/1807
f 1810/1810/1810 1809/1809/1809 1807/1807/1807
f 1810/1810/1810 1811/1811/1811 1809/1809/1809
f 1812/1812/1812 1811/1811/1811 1810/1810/1810
f 1813/1813/1813 1811/1811/1811 1812/1812/1812
f 1811/1811/1811 1814/1814/1814 1809/1809/1809
f 1813/1813/1813 1815/1815/1815 1811/1811/1811
f 1815/1815/1815 1816/1816/1816 1811/1811/1811
f 1815/1815/1815 1817/1817/1817 1816/1816/1816
f 1817/1817/1817 1818/1818/1818 1816/1816/1816
f 1811/1811/1811 1819/1819/1819 1814/1814/1814
f 1820/1820/1820 1814/1814/1814 1819/1819/1819
f 1811/1811/1811 1821/1821/1821 1819/1819/1819
f 1822/1822/1822 1821/1821/1821 1811/1811/1811
f 1823/1823/1823 1822/1822/1822 1811/1811/1811
f 1823/1823/1823 1811/1811/1811 1824/1824/1824
f 1825/1825/1825 1823/1823/1823 1824/1824/1824
f 1825/1825/1825 1824/1824/1824 1826/1826/1826
f 1824/1824/1824 1827/1827/1827 1826/1826/1826
f 1824/1824/1824 1828/1828/1828 1827/1827/1827
f 1828/1828/1828 1829/1829/1829 1827/1827/1827
f 1816/1816/1816 1818/1818/1818 1830/1830/1830
f 1818/1818/1818 1831/1831/1831 1830/1830/1830
f 1832/1832/1832 1830/1830/1830 1831/1831/1831
f 1816/1816/1816 1830/1830/1830 1833/1833/1833
f 1834/1834/1834 1816/1816/1816 1833/1833/1833
f 1833/1833/1833 1835/1835/1835 1834/1834/1834
f 1836/1836/1836 1816/1816/1816 1834/1834/1834
f 1837/1837/1837 1816/1816/1816 1836/1836/1836
f 1837/1837/1837 1838/1838/1838 1816/1816/1816
f 1838/1838/1838 1839/1839/1839 1816/1816/1816
f 1840/1840/1840 1839/1839/1839 1838/1838/1838
f 1840/1840/1840 1841/1841/1841 1839/1839/1839
f 1841/1841/1841 1842/1842/1842 1839/1839/1839
f 1843/1843/1843 1839/1839/1839 1842/1842/1842
f 1843/1843/1843 1842/1842/1842 1844/1844/1844
f 1843/1843/1843 1845/1845/1845 1839/1839/1839
f 1848/1848/1848 1847/1847/1847 1846/1846/1846
f 1849/1849/1849 1846/1846/1846 1847/1847/1847
f 1849/1849/1849 1850/1850/1850 1846/1846/1846
f 1851/1851/1851 1850/1850/1850 1849/1849/1849
f 1851/1851/1851 1852/1852/1852 1850/1850/1850
f 1851/1851/1851 1853/1853/1853 1852/1852/1852
f 1856/1856/1856 1855/1855/1855 1854/1854/1854
f 1855/1855/1855 1857/1857/1857 1854/1854/1854
f 1857/1857/1857 1858/1858/1858 1854/1854/1854
f 1857/1857/1857 1859/1859/1859 1858/1858/1858
f 1857/1857/1857 1860/1860/1860 1859/1859/1859
f 1863/1863/1863 1862/1862/1862 1861/1861/1861
f 1862/1862/1862 1864/1864/1864 1861/1861/1861
f 1867/1867/1867 1866/1866/1866 1865/1865/1865
f 1868/1868/1868 1865/1865/1865 1866/1866/1866
f 1868/1868/1868 1869/1869/1869 1865/1865/1865
f 1870/1870/1870 1869/1869/1869 1868/1868/1868
f 1870/1870/1870 1871/1871/1871 1869/1869/1869
f 1870/1870/1870 1872/1872/1872 1871/1871/1871
f 1875/1875/1875 1874/1874/1874 1873/1873/1873
f 1875/1875/1875 1873/1873/1873 1876/1876/1876
f 1875/1875/1875 1876/1876/1876 1877/1877/1877
f 1878/1878/1878 1875/1875/1875 1877/1877/1877
f 1878/1878/1878 1877/1877/1877 1879/1879/1879
f 1880/1880/1880 1879/1879/1879 1877/1877/1877
f 1883/1883/1883 1882/1882/1882 1881/1881/1881
f 1884/1884/1884 1883/1883/1883 1881/1881/1881
f 1884/1884/1884 1885/1885/1885 1883/1883/1883
f 1886/1886/1886 1885/1885/1885 1884/1884/1884
f 1887/1887/1887 1885/1885/1885 1886/1886/1886
f 1885/1885/1885 1888/1888/1888 1883/1883/1883
f 1887/1887/1887 1889/1889/1889 1885/1885/1885
f 1889/1889/1889 1890/1890/1890 1885/1885/1885
f 1889/1889/1889 1891/1891/1891 1890/1890/1890
f 1891/1891/1891 1892/1892/1892 1890/1890/1890
f 1885/1885/1885 1893/1893/1893 1888/1888/1888
f 1894/1894/1894 1888/1888/1888 1893/1893/1893
f 1885/1885/1885 1895/1895/1895 1893/1893/1893
f 1896/1896/1896 1895/1895/1895 1885/1885/1885
f 1897/1897/1897 1896/1896/1896 1885/1885/1885
f 1897/1897/1897 1885/1885/1885 1898/1898/1898
f 1899/1899/1899 1897/1897/1897 1898/1898/1898
f 1899/1899/1899 1898/1898/1898 1900/1900/1900
f 1898/1898/1898 1901/1901/1901 1900/1900/1900
f 1898/1898/1898 1902/1902/1902 1901/1901/1901
f 1902/1902/1902 1903/1903/1903 1901/1901/1901
f 1890/1890/1890 1892/1892/1892 1904/1904/1904
f 1892/1892/1892 1905/1905/1905 1904/1904/1904
f 1906/1906/1906 1904/1904/1904 1905/1905/1905
f 1890/1890/1890 1904/1904/1904 1907/1907/1907
f 1908/1908/1908 1890/1890/1890 1907/1907/1907
f 1907/1907/1907 1909/1909/1909 1908/1908/1908
f 1910/1910/1910 1890/1890/1890 1908/1908/1908
f 1911/1911/1911 1890/1890/1890 1910/1910/1910
f 1911/1911/1911 1912/1912/1912 1890/1890/1890
f 1912/1912/1912 1913/1913/1913 1890/1890/1890
f 1914/1914/1914 1913/1913/1913 1912/1912/1912
f 1914/1914/1914 1915/1915/1915 1913/1913/1913
f 1915/1915/1915 1916/1916/1916 1913/1913/1913
f 1917/1917/1917 1913/1913/1913 1916/1916/1916
f 1917/1917/1917 1916/1916/1916 1918/1918/1918
f 1917/1917/1917 1919/1919/1919 1913/1913/1913
f 1922/1922/1922 1921/1921/1921 1920/1920/1920
f 1922/1922/1922 1920/1920/1920 1923/1923/1923
f 1923/1923/1923 1924/1924/1924 1922/1922/1922
f 1923/1923/1923 1925/1925/1925 1924/1924/1924
f 1925/1925/1925 1926/1926/1926 1924/1924/1924
f 1927/1927/1927 1924/1924/1924 1926/1926/1926
f 1928/1928/1928 1927/1927/1927 1926/1926/1926
f 1928/1928/1928 1926/1926/1926 1929/1929/1929
f 1929/1929/1929 1926/1926/1926 1930/1930/1930
f 1925/1925/1925 1930/1930/1930 1926/1926/1926
f 1931/1931/1931 1929/1929/1929 1930/1930/1930
f 1932/1932/1932 1925/1925/1925 1923/1923/1923
f 1925/1925/1925 1932/1932/1932 1930/1930/1930
f 1931/1931/1931 1930/1930/1930 1933/1933/1933
f 1932/1932/1932 1933/1933/1933 1930/1930/1930
f 1934/1934/1934 1931/1931/1931 1933/1933/1933
f 1935/1935/1935 1932/1932/1932 1923/1923/1923
f 1935/1935/1935 1923/1923/1923 1920/1920/1920
f 1936/1936/1936 1933/1933/1933 1932/1932/1932
f 1936/1936/1936 1932/1932/1932 1935/1935/1935
f 1934/1934/1934 1933/1933/1933 1937/1937/1937
f 1936/1936/1936 1937/1937/1937 1933/1933/1933
f 1937/1937/1937 1938/1938/1938 1934/1934/1934
f 1937/1937/1937 1939/1939/1939 1938/1938/1938
f 1939/1939/1939 1937/1937/1937 1940/1940/1940
f 1937/1937/1937 1936/1936/1936 1940/1940/1940
f 1939/1939/1939 1940/1940/1940 1941/1941/1941
f 1936/1936/1936 1935/1935/1935 1942/1942/1942
f 1942/1942/1942 1935/1935/1935 1920/1920/1920
f 1940/1940/1940 1936/1936/1936 1942/1942/1942
f 1940/1940/1940 1943/1943/1943 1941/1941/1941
f 1943/1943/1943 1944/1944/1944 1941/1941/1941
f 1942/1942/1942 1920/1920/1920 1945/1945/1945
f 1946/1946/1946 1945/1945/1945 1920/1920/1920
f 1946/1946/1946 1947/1947/1947 1945/1945/1945
f 1940/1940/1940 1942/1942/1942 1948/1948/1948
f 1948/1948/1948 1942/1942/1942 1945/1945/1945
f 1940/1940/1940 1948/1948/1948 1943/1943/1943
f 1948/1948/1948 1945/1945/1945 1949/1949/1949
f 1950/1950/1950 1949/1949/1949 1945/1945/1945
f 1950/1950/1950 1951/1951/1951 1949/1949/1949
f 1948/1948/1948 1949/1949/1949 1952/1952/1952
f 1951/1951/1951 1952/1952/1952 1949/1949/1949
f 1943/1943/1943 1948/1948/1948 1952/1952/1952
f 1951/1951/1951 1953/1953/1953 1952/1952/1952
f 1953/1953/1953 1954/1954/1954 1952/1952/1952
f 1944/1944/1944 1954/1954/1954 1955/1955/1955
f 1944/1944/1944 1943/1943/1943 1956/1956/1956
f 1943/1943/1943 1952/1952/1952 1956/1956/1956
f 1944/1944/1944 1956/1956/1956 1954/1954/1954
f 1956/1956/1956 1952/1952/1952 1954/1954/1954
f 1959/1959/1959 1958/1958/1958 1957/1957/1957
f 1960/1960/1960 1957/1957/1957 1958/1958/1958
f 1960/1960/1960 1961/1961/1961 1957/1957/1957
f 1962/1962/1962 1961/1961/1961 1960/1960/1960
f 1962/1962/1962 1963/1963/1963 1961/1961/1961
f 1962/1962/1962 1964/1964/1964 1963/1963/1963
f 1967/1967/1967 1966/1966/1966 1965/1965/1965
f 1968/1968/1968 1965/1965/1965 1966/1966/1966
f 1968/1968/1968 1969/1969/1969 1965/1965/1965
f 1969/1969/1969 1970/1970/1970 1965/1965/1965
f 1970/1970/1970 1971/1971/1971 1965/1965/1965
f 1970/1970/1970 1972/1972/1972 1971/1971/1971
f 1975/1975/1975 1974/1974/1974 1973/1973/1973
f 1974/1974/1974 1976/1976/1976 1973/1973/1973
f 1979/1979/1979 1978/1978/1978 1977/1977/1977
f 1978/1978/1978 1980/1980/1980 1977/1977/1977
f 1983/1983/1983 1982/1982/1982 1981/1981/1981
f 1984/1984/1984 1983/1983/1983 1981/1981/1981
f 1984/1984/1984 1981/1981/1981 1985/1985/1985
f 1988/1988/1988 1987/1987/1987 1986/1986/1986
f 1987/1987/1987 1988/1988/1988 1989/1989/1989
f 1987/1987/1987 1989/1989/1989 1990/1990/1990
f 1988/1988/1988 1991/1991/1991 1989/1989/1989
f 1992/1992/1992 1991/1991/1991 1988/1988/1988
f 1993/1993/1993 1987/1987/1987 1990/1990/1990
f 1993/1993/1993 1990/1990/1990 1994/1994/1994
f 1990/1990/1990 1995/1995/1995 1994/1994/1994
f 1992/1992/1992 1996/1996/1996 1991/1991/1991
f 1990/1990/1990 1997/1997/1997 1995/1995/1995
f 1997/1997/1997 1998/1998/1998 1995/1995/1995
f 1997/1997/1997 1999/1999/1999 1998/1998/1998
f 2000/2000/2000 1999/1999/1999 1997/1997/1997
f 2000/2000/2000 1997/1997/1997 2001/2001/2001
f 2002/2002/2002 2000/2000/2000 2001/2001/2001
f 2003/2003/2003 2002/2002/2002 2001/2001/2001
f 1996/1996/1996 2004/2004/2004 1991/1991/1991
f 2003/2003/2003 2001/2001/2001 2005/2005/2005
f 1996/1996/1996 2006/2006/2006 2004/2004/2004
f 1996/1996/1996 2007/2007/2007 2006/2006/2006
f 2006/2006/2006 2008/2008/2008 2004/2004/2004
f 2006/2006/2006 2009/2009/2009 2008/2008/2008
f 2009/2009/2009 2010/2010/2010 2008/2008/2008
f 2011/2011/2011 2008/2008/2008 2010/2010/2010
f 2011/2011/2011 2012/2012/2012 2008/2008/2008
f 2013/2013/2013 2012/2012/2012 2011/2011/2011
f 2014/2014/2014 2012/2012/2012 2013/2013/2013
f 2014/2014/2014 2015/2015/2015 2012/2012/2012
f 2015/2015/2015 2016/2016/2016 2012/2012/2012
f 2015/2015/2015 2017/2017/2017 2016/2016/2016
f 2017/2017/2017 2018/2018/2018 2016/2016/2016
f 2019/2019/2019 2016/2016/2016 2018/2018/2018
f 2020/2020/2020 2019/2019/2019 2018/2018/2018
f 2020/2020/2020 2018/2018/2018 2021/2021/2021
f 2020/2020/2020 2022/2022/2022 2019/2019/2019
f 2020/2020/2020 2023/2023/2023 2022/2022/2022
f 2023/2023/2023 2024/2024/2024 2022/2022/2022
f 2024/2024/2024 2025/2025/2025 2022/2022/2022
f 2024/2024/2024 2026/2026/2026 2025/2025/2025
f 2024/2024/2024 2027/2027/2027 2026/2026/2026
f 2026/2026/2026 2028/2028/2028 2025/2025/2025
f 2026/2026/2026 2029/2029/2029 2028/2028/2028
f 2029/2029/2029 2030/2030/2030 2028/2028/2028
f 2031/2031/2031 2028/2028/2028 2030/2030/2030
f 2031/2031/2031 2032/2032/2032 2028/2028/2028
f 2033/2033/2033 2032/2032/2032 2031/2031/2031
f 2033/2033/2033 2034/2034/2034 2032/2032/2032
f 2034/2034/2034 2035/2035/2035 2032/2032/2032
f 2034/2034/2034 2036/2036/2036 2035/2035/2035
f 2036/2036/2036 2037/2037/2037 2035/2035/2035
f 2038/2038/2038 2035/2035/2035 2037/2037/2037
f 2038/2038/2038 2039/2039/2039 2035/2035/2035
f 2039/2039/2039 2038/2038/2038 2040/2040/2040
f 2038/2038/2038 2041/2041/2041 2040/2040/2040
f 2039/2039/2039 2040/2040/2040 2042/2042/2042
f 2043/2043/2043 2042/2042/2042 2040/2040/2040
f 2043/2043/2043 2044/2044/2044 2042/2042/2042
f 2044/2044/2044 2045/2045/2045 2042/2042/2042
f 2044/2044/2044 2046/2046/2046 2045/2045/2045
f 2044/2044/2044 2047/2047/2047 2046/2046/2046
f 2046/2046/2046 2048/2048/2048 2045/2045/2045
f 2046/2046/2046 2049/2049/2049 2048/2048/2048
f 2049/2049/2049 2050/2050/2050 2048/2048/2048
f 2048/2048/2048 2050/2050/2050 2051/2051/2051
f 2052/2052/2052 2048/2048/2048 2051/2051/2051
f 2052/2052/2052 2051/2051/2051 2053/2053/2053
f 2052/2052/2052 2053/2053/2053 2054/2054/2054
f 2052/2052/2052 2054/2054/2054 2055/2055/2055
f 2056/2056/2056 2055/2055/2055 2054/2054/2054
f 2056/2056/2056 2057/2057/2057 2055/2055/2055
f 2057/2057/2057 2058/2058/2058 2055/2055/2055
f 2058/2058/2058 2059/2059/2059 2055/2055/2055
f 2058/2058/2058 2060/2060/2060 2059/2059/2059
f 2060/2060/2060 2058/2058/2058 2061/2061/2061
f 2060/2060/2060 2062/2062/2062 2059/2059/2059
f 2060/2060/2060 2063/2063/2063 2062/2062/2062
f 2063/2063/2063 2064/2064/2064 2062/2062/2062
f 2005/2005/2005 2062/2062/2062 2064/2064/2064
f 2003/2003/2003 2005/2005/2005 2064/2064/2064
f 2003/2003/2003 2064/2064/2064 2065/2065/2065
f 2068/2068/2068 2067/2067/2067 2066/2066/2066
f 2069/2069/2069 2068/2068/2068 2066/2066/2066
f 2069/2069/2069 2066/2066/2066 2070/2070/2070
f 2069/2069/2069 2070/2070/2070 2071/2071/2071
f 2071/2071/2071 2072/2072/2072 2069/2069/2069
f 2072/2072/2072 2073/2073/2073 2069/2069/2069
f 2073/2073/2073 2074/2074/2074 2069/2069/2069
f 2075/2075/2075 2068/2068/2068 2069/2069/2069
f 2075/2075/2075 2076/2076/2076 2068/2068/2068
f 2077/2077/2077 2076/2076/2076 2075/2075/2075
f 2077/2077/2077 2075/2075/2075 2078/2078/2078
f 2079/2079/2079 2077/2077/2077 2078/2078/2078
f 2074/2074/2074 2080/2080/2080 2069/2069/2069
f 2079/2079/2079 2078/2078/2078 2081/2081/2081
f 2082/2082/2082 2079/2079/2079 2081/2081/2081
f 2074/2074/2074 2083/2083/2083 2080/2080/2080
f 2081/2081/2081 2084/2084/2084 2082/2082/2082
f 2081/2081/2081 2085/2085/2085 2084/2084/2084
f 2083/2083/2083 2086/2086/2086 2080/2080/2080
f 2087/2087/2087 2080/2080/2080 2086/2086/2086
f 2087/2087/2087 2088/2088/2088 2080/2080/2080
f 2088/2088/2088 2089/2089/2089 2080/2080/2080
f 2088/2088/2088 2090/2090/2090 2089/2089/2089
f 2091/2091/2091 2089/2089/2089 2090/2090/2090
f 2091/2091/2091 2092/2092/2092 2089/2089/2089
f 2092/2092/2092 2093/2093/2093 2089/2089/2089
f 2094/2094/2094 2089/2089/2089 2093/2093/2093
f 2094/2094/2094 2095/2095/2095 2089/2089/2089
f 2096/2096/2096 2095/2095/2095 2094/2094/2094
f 2095/2095/2095 2097/2097/2097 2089/2089/2089
f 2095/2095/2095 2098/2098/2098 2097/2097/2097
f 2098/2098/2098 2099/2099/2099 2097/2097/2097
f 2099/2099/2099 2100/2100/2100 2097/2097/2097
f 2099/2099/2099 2101/2101/2101 2100/2100/2100
f 2101/2101/2101 2102/2102/2102 2100/2100/2100
f 2101/2101/2101 2103/2103/2103 2102/2102/2102
f 2103/2103/2103 2104/2104/2104 2102/2102/2102
f 2104/2104/2104 2105/2105/2105 2102/2102/2102
f 2104/2104/2104 2106/2106/2106 2105/2105/2105
f 2106/2106/2106 2104/2104/2104 2107/2107/2107
f 2106/2106/2106 2108/2108/2108 2105/2105/2105
f 2109/2109/2109 2105/2105/2105 2108/2108/2108
f 2109/2109/2109 2110/2110/2110 2105/2105/2105
f 2111/2111/2111 2105/2105/2105 2110/2110/2110
f 2111/2111/2111 2112/2112/2112 2105/2105/2105
f 2112/2112/2112 2113/2113/2113 2105/2105/2105
f 2112/2112/2112 2114/2114/2114 2113/2113/2113
f 2114/2114/2114 2115/2115/2115 2113/2113/2113
f 2116/2116/2116 2113/2113/2113 2115/2115/2115
f 2116/2116/2116 2117/2117/2117 2113/2113/2113
f 2117/2117/2117 2118/2118/2118 2113/2113/2113
f 2117/2117/2117 2119/2119/2119 2118/2118/2118
f 2120/2120/2120 2118/2118/2118 2119/2119/2119
f 2120/2120/2120 2121/2121/2121 2118/2118/2118
f 2121/2121/2121 2122/2122/2122 2118/2118/2118
f 2123/2123/2123 2118/2118/2118 2122/2122/2122
f 2123/2123/2123 2124/2124/2124 2118/2118/2118
f 2125/2125/2125 2124/2124/2124 2123/2123/2123
f 2124/2124/2124 2126/2126/2126 2118/2118/2118
f 2124/2124/2124 2127/2127/2127 2126/2126/2126
f 2127/2127/2127 2128/2128/2128 2126/2126/2126
f 2128/2128/2128 2129/2129/2129 2126/2126/2126
f 2128/2128/2128 2130/2130/2130 2129/2129/2129
f 2130/2130/2130 2131/2131/2131 2129/2129/2129
f 2130/2130/2130 2132/2132/2132 2131/2131/2131
f 2132/2132/2132 2133/2133/2133 2131/2131/2131
f 2133/2133/2133 2134/2134/2134 2131/2131/2131
f 2133/2133/2133 2135/2135/2135 2134/2134/2134
f 2135/2135/2135 2133/2133/2133 2136/2136/2136
f 2135/2135/2135 2137/2137/2137 2134/2134/2134
f 2138/2138/2138 2134/2134/2134 2137/2137/2137
f 2138/2138/2138 2139/2139/2139 2134/2134/2134
f 2140/2140/2140 2134/2134/2134 2139/2139/2139
f 2140/2140/2140 2141/2141/2141 2134/2134/2134
f 2141/2141/2141 2142/2142/2142 2134/2134/2134
f 2141/2141/2141 2143/2143/2143 2142/2142/2142
f 2143/2143/2143 2144/2144/2144 2142/2142/2142
f 2145/2145/2145 2142/2142/2142 2144/2144/2144
f 2145/2145/2145 2146/2146/2146 2142/2142/2142
f 2146/2146/2146 2147/2147/2147 2142/2142/2142
f 2146/2146/2146 2148/2148/2148 2147/2147/2147
f 2148/2148/2148 2149/2149/2149 2147/2147/2147
f 2150/2150/2150 2147/2147/2147 2149/2149/2149
f 2150/2150/2150 2151/2151/2151 2147/2147/2147
f 2151/2151/2151 2152/2152/2152 2147/2147/2147
f 2147/2147/2147 2152/2152/2152 2153/2153/2153
f 2152/2152/2152 2154/2154/2154 2153/2153/2153
f 2147/2147/2147 2153/2153/2153 2155/2155/2155
f 2155/2155/2155 2153/2153/2153 2156/2156/2156
f 2156/2156/2156 2157/2157/2157 2155/2155/2155
f 2157/2157/2157 2158/2158/2158 2155/2155/2155
f 2157/2157/2157 2159/2159/2159 2158/2158/2158
f 2159/2159/2159 2160/2160/2160 2158/2158/2158
f 2159/2159/2159 2161/2161/2161 2160/2160/2160
f 2160/2160/2160 2161/2161/2161 2162/2162/2162
f 2160/2160/2160 2162/2162/2162 2163/2163/2163
f 2164/2164/2164 2163/2163/2163 2162/2162/2162
f 2165/2165/2165 2164/2164/2164 2162/2162/2162
f 2164/2164/2164 2166/2166/2166 2163/2163/2163
f 2166/2166/2166 2167/2167/2167 2163/2163/2163
f 2163/2163/2163 2167/2167/2167 2168/2168/2168
f 2163/2163/2163 2168/2168/2168 2169/2169/2169
f 2169/2169/2169 2170/2170/2170 2163/2163/2163
f 2170/2170/2170 2171/2171/2171 2163/2163/2163
f 2170/2170/2170 2172/2172/2172 2171/2171/2171
f 2172/2172/2172 2173/2173/2173 2171/2171/2171
f 2174/2174/2174 2171/2171/2171 2173/2173/2173
f 2174/2174/2174 2175/2175/2175 2171/2171/2171
f 2175/2175/2175 2085/2085/2085 2171/2171/2171
f 2175/2175/2175 2176/2176/2176 2085/2085/2085
f 2176/2176/2176 2177/2177/2177 2085/2085/2085
f 2085/2085/2085 2177/2177/2177 2178/2178/2178
f 2085/2085/2085 2178/2178/2178 2179/2179/2179
f 2085/2085/2085 2179/2179/2179 2180/2180/2180
f 2085/2085/2085 2180/2180/2180 2084/2084/2084
f 2084/2084/2084 2180/2180/2180 2181/2181/2181
f 2184/2184/2184 2183/2183/2183 2182/2182/2182
f 2184/2184/2184 2182/2182/2182 2185/2185/2185
f 2186/2186/2186 2184/2184/2184 2185/2185/2185
f 2187/2187/2187 2184/2184/2184 2186/2186/2186
f 2188/2188/2188 2187/2187/2187 2186/2186/2186
f 2188/2188/2188 2186/2186/2186 2189/2189/2189
f 2189/2189/2189 2186/2186/2186 2190/2190/2190
f 2191/2191/2191 2186/2186/2186 2185/2185/2185
f 2186/2186/2186 2191/2191/2191 2190/2190/2190
f 2185/2185/2185 2182/2182/2182 2192/2192/2192
f 2191/2191/2191 2185/2185/2185 2192/2192/2192
f 2191/2191/2191 2193/2193/2193 2190/2190/2190
f 2191/2191/2191 2192/2192/2192 2194/2194/2194
f 2193/2193/2193 2191/2191/2191 2194/2194/2194
f 2193/2193/2193 2194/2194/2194 2195/2195/2195
f 2193/2193/2193 2196/2196/2196 2190/2190/2190
f 2193/2193/2193 2195/2195/2195 2196/2196/2196
f 2197/2197/2197 2190/2190/2190 2196/2196/2196
f 2198/2198/2198 2196/2196/2196 2195/2195/2195
f 2195/2195/2195 2199/2199/2199 2198/2198/2198
f 2195/2195/2195 2200/2200/2200 2199/2199/2199
f 2201/2201/2201 2192/2192/2192 2182/2182/2182
f 2192/2192/2192 2201/2201/2201 2194/2194/2194
f 2200/2200/2200 2195/2195/2195 2202/2202/2202
f 2200/2200/2200 2202/2202/2202 2203/2203/2203
f 2194/2194/2194 2204/2204/2204 2195/2195/2195
f 2204/2204/2204 2194/2194/2194 2201/2201/2201
f 2195/2195/2195 2204/2204/2204 2202/2202/2202
f 2201/2201/2201 2182/2182/2182 2205/2205/2205
f 2206/2206/2206 2205/2205/2205 2182/2182/2182
f 2206/2206/2206 2207/2207/2207 2205/2205/2205
f 2204/2204/2204 2201/2201/2201 2208/2208/2208
f 2202/2202/2202 2204/2204/2204 2208/2208/2208
f 2208/2208/2208 2201/2201/2201 2205/2205/2205
f 2202/2202/2202 2209/2209/2209 2203/2203/2203
f 2202/2202/2202 2208/2208/2208 2209/2209/2209
f 2209/2209/2209 2210/2210/2210 2203/2203/2203
f 2208/2208/2208 2205/2205/2205 2211/2211/2211
f 2212/2212/2212 2211/2211/2211 2205/2205/2205
f 2212/2212/2212 2213/2213/2213 2211/2211/2211
f 2208/2208/2208 2211/2211/2211 2214/2214/2214
f 2213/2213/2213 2214/2214/2214 2211/2211/2211
f 2209/2209/2209 2208/2208/2208 2214/2214/2214
f 2213/2213/2213 2215/2215/2215 2214/2214/2214
f 2215/2215/2215 2216/2216/2216 2214/2214/2214
f 2210/2210/2210 2216/2216/2216 2217/2217/2217
f 2210/2210/2210 2209/2209/2209 2218/2218/2218
f 2209/2209/2209 2214/2214/2214 2218/2218/2218
f 2210/2210/2210 2218/2218/2218 2216/2216/2216
f 2218/2218/2218 2214/2214/2214 2216/2216/2216
f 2221/2221/2221 2220/2220/2220 2219/2219/2219
f 2221/2221/2221 2222/2222/2222 2220/2220/2220
f 2222/2222/2222 2223/2223/2223 2220/2220/2220
f 2222/2222/2222 2224/2224/2224 2223/2223/2223
f 2223/2223/2223 2224/2224/2224 2225/2225/2225
f 2226/2226/2226 2223/2223/2223 2225/2225/2225
f 2226/2226/2226 2225/2225/2225 2227/2227/2227
f 2230/2230/2230 2229/2229/2229 2228/2228/2228
f 2230/2230/2230 2231/2231/2231 2229/2229/2229
f 2231/2231/2231 2232/2232/2232 2229/2229/2229
f 2231/2231/2231 2233/2233/2233 2232/2232/2232
f 2232/2232/2232 2233/2233/2233 2234/2234/2234
f 2235/2235/2235 2232/2232/2232 2234/2234/2234
f 2235/2235/2235 2234/2234/2234 2236/2236/2236
f 2239/2239/2239 2238/2238/2238 2237/2237/2237
f 2239/2239/2239 2240/2240/2240 2238/2238/2238
f 2239/2239/2239 2241/2241/2241 2240/2240/2240
f 2241/2241/2241 2242/2242/2242 2240/2240/2240
f 2241/2241/2241 2243/2243/2243 2242/2242/2242
f 2243/2243/2243 2244/2244/2244 2242/2242/2242
f 2247/2247/2247 2246/2246/2246 2245/2245/2245
f 2247/2247/2247 2248/2248/2248 2246/2246/2246
f 2247/2247/2247 2249/2249/2249 2248/2248/2248
f 2249/2249/2249 2250/2250/2250 2248/2248/2248
f 2249/2249/2249 2251/2251/2251 2250/2250/2250
f 2251/2251/2251 2252/2252/2252 2250/2250/2250
f 2255/2255/2255 2254/2254/2254 2253/2253/2253
f 2256/2256/2256 2255/2255/2255 2253/2253/2253
f 2256/2256/2256 2253/2253/2253 2257/2257/2257
f 2256/2256/2256 2257/2257/2257 2258/2258/2258
f 2259/2259/2259 2256/2256/2256 2258/2258/2258
f 2259/2259/2259 2258/2258/2258 2260/2260/2260
f 2261/2261/2261 2259/2259/2259 2260/2260/2260
f 2264/2264/2264 2263/2263/2263 2262/2262/2262
f 2265/2265/2265 2264/2264/2264 2262/2262/2262
f 2265/2265/2265 2262/2262/2262 2266/2266/2266
f 2269/2269/2269 2268/2268/2268 2267/2267/2267
f 2269/2269/2269 2270/2270/2270 2268/2268/2268
f 2270/2270/2270 2271/2271/2271 2268/2268/2268
f 2270/2270/2270 2272/2272/2272 2271/2271/2271
f 2273/2273/2273 2272/2272/2272 2270/2270/2270
f 2273/2273/2273 2274/2274/2274 2272/2272/2272
f 2273/2273/2273 2275/2275/2275 2274/2274/2274
f 2273/2273/2273 2276/2276/2276 2275/2275/2275
f 2276/2276/2276 2277/2277/2277 2275/2275/2275
f 2280/2280/2280 2279/2279/2279 2278/2278/2278
f 2280/2280/2280 2278/2278/2278 2281/2281/2281
f 2281/2281/2281 2282/2282/2282 2280/2280/2280
f 2281/2281/2281 2283/2283/2283 2282/2282/2282
f 2283/2283/2283 2284/2284/2284 2282/2282/2282
f 2285/2285/2285 2282/2282/2282 2284/2284/2284
f 2286/2286/2286 2285/2285/2285 2284/2284/2284
f 2286/2286/2286 2284/2284/2284 2287/2287/2287
f 2287/2287/2287 2284/2284/2284 2288/2288/2288
f 2283/2283/2283 2288/2288/2288 2284/2284/2284
f 2289/2289/2289 2287/2287/2287 2288/2288/2288
f 2290/2290/2290 2283/2283/2283 2281/2281/2281
f 2283/2283/2283 2290/2290/2290 2288/2288/2288
f 2289/2289/2289 2288/2288/2288 2291/2291/2291
f 2290/2290/2290 2291/2291/2291 2288/2288/2288
f 2292/2292/2292 2289/2289/2289 2291/2291/2291
f 2293/2293/2293 2290/2290/2290 2281/2281/2281
f 2293/2293/2293 2281/2281/2281 2278/2278/2278
f 2294/2294/2294 2291/2291/2291 2290/2290/2290
f 2294/2294/2294 2290/2290/2290 2293/2293/2293
f 2292/2292/2292 2291/2291/2291 2295/2295/2295
f 2294/2294/2294 2295/2295/2295 2291/2291/2291
f 2295/2295/2295 2296/2296/2296 2292/2292/2292
f 2295/2295/2295 2297/2297/2297 2296/2296/2296
f 2297/2297/2297 2295/2295/2295 2298/2298/2298
f 2295/2295/2295 2294/2294/2294 2298/2298/2298
f 2297/2297/2297 2298/2298/2298 2299/2299/2299
f 2294/2294/2294 2293/2293/2293 2300/2300/2300
f 2300/2300/2300 2293/2293/2293 2278/2278/2278
f 2298/2298/2298 2294/2294/2294 2300/2300/2300
f 2298/2298/2298 2301/2301/2301 2299/2299/2299
f 2301/2301/2301 2302/2302/2302 2299/2299/2299
f 2300/2300/2300 2278/2278/2278 2303/2303/2303
f 2304/2304/2304 2303/2303/2303 2278/2278/2278
f 2304/2304/2304 2305/2305/2305 2303/2303/2303
f 2298/2298/2298 2300/2300/2300 2306/2306/2306
f 2306/2306/2306 2300/2300/2300 2303/2303/2303
f 2298/2298/2298 2306/2306/2306 2301/2301/2301
f 2306/2306/2306 2303/2303/2303 2307/2307/2307
f 2308/2308/2308 2307/2307/2307 2303/2303/2303
f 2308/2308/2308 2309/2309/2309 2307/2307/2307
f 2306/2306/2306 2307/2307/2307 2310/2310/2310
f 2309/2309/2309 2310/2310/2310 2307/2307/2307
f 2301/2301/2301 2306/2306/2306 2310/2310/2310
f 2309/2309/2309 2311/2311/2311 2310/2310/2310
f 2311/2311/2311 2312/2312/2312 2310/2310/2310
f 2302/2302/2302 2312/2312/2312 2313/2313/2313
f 2302/2302/2302 2301/2301/2301 2314/2314/2314
f 2301/2301/2301 2310/2310/2310 2314/2314/2314
f 2302/2302/2302 2314/2314/2314 2312/2312/2312
f 2314/2314/2314 2310/2310/2310 2312/2312/2312
f 2317/2317/2317 2316/2316/2316 2315/2315/2315
f 2317/2317/2317 2315/2315/2315 2318/2318/2318
f 2318/2318/2318 2319/2319/2319 2317/2317/2317
f 2318/2318/2318 2320/2320/2320 2319/2319/2319
f 2320/2320/2320 2321/2321/2321 2319/2319/2319
f 2322/2322/2322 2319/2319/2319 2321/2321/2321
f 2323/2323/2323 2322/2322/2322 2321/2321/2321
f 2323/2323/2323 2321/2321/2321 2324/2324/2324
f 2324/2324/2324 2321/2321/2321 2325/2325/2325
f 2320/2320/2320 2325/2325/2325 2321/2321/2321
f 2326/2326/2326 2324/2324/2324 2325/2325/2325
f 2327/2327/2327 2320/2320/2320 2318/2318/2318
f 2320/2320/2320 2327/2327/2327 2325/2325/2325
f 2326/2326/2326 2325/2325/2325 2328/2328/2328
f 2327/2327/2327 2328/2328/2328 2325/2325/2325
f 2329/2329/2329 2326/2326/2326 2328/2328/2328
f 2330/2330/2330 2327/2327/2327 2318/2318/2318
f 2330/2330/2330 2318/2318/2318 2315/2315/2315
f 2331/2331/2331 2328/2328/2328 2327/2327/2327
f 2331/2331/2331 2327/2327/2327 2330/2330/2330
f 2329/2329/2329 2328/2328/2328 2332/2332/2332
f 2331/2331/2331 2332/2332/2332 2328/2328/2328
f 2332/2332/2332 2333/2333/2333 2329/2329/2329
f 2332/2332/2332 2334/2334/2334 2333/2333/2333
f 2334/2334/2334 2332/2332/2332 2335/2335/2335
f 2332/2332/2332 2331/2331/2331 2335/2335/2335
f 2334/2334/2334 2335/2335/2335 2336/2336/2336
f 2331/2331/2331 2330/2330/2330 2337/2337/2337
f 2337/2337/2337 2330/2330/2330 2315/2315/2315
f 2335/2335/2335 2331/2331/2331 2337/2337/2337
f 2335/2335/2335 2338/2338/2338 2336/2336/2336
f 2338/2338/2338 2339/2339/2339 2336/2336/2336
f 2337/2337/2337 2315/2315/2315 2340/2340/2340
f 2341/2341/2341 2340/2340/2340 2315/2315/2315
f 2341/2341/2341 2342/2342/2342 2340/2340/2340
f 2335/2335/2335 2337/2337/2337 2343/2343/2343
f 2343/2343/2343 2337/2337/2337 2340/2340/2340
f 2335/2335/2335 2343/2343/2343 2338/2338/2338
f 2343/2343/2343 2340/2340/2340 2344/2344/2344
f 2345/2345/2345 2344/2344/2344 2340/2340/2340
f 2345/2345/2345 2346/2346/2346 2344/2344/2344
f 2343/2343/2343 2344/2344/2344 2347/2347/2347
f 2346/2346/2346 2347/2347/2347 2344/2344/2344
f 2338/2338/2338 2343/2343/2343 2347/2347/2347
f 2346/2346/2346 2348/2348/2348 2347/2347/2347
f 2348/2348/2348 2349/2349/2349 2347/2347/2347
f 2339/2339/2339 2349/2349/2349 2350/2350/2350
f 2339/2339/2339 2338/2338/2338 2351/2351/2351
f 2338/2338/2338 2347/2347/2347 2351/2351/2351
f 2339/2339/2339 2351/2351/2351 2349/2349/2349
f 2351/2351/2351 2347/2347/2347 2349/2349/2349
f 2354/2354/2354 2353/2353/2353 2352/2352/2352
f 2355/2355/2355 2354/2354/2354 2352/2352/2352
f 2355/2355/2355 2352/2352/2352 2356/2356/2356
f 2355/2355/2355 2356/2356/2356 2357/2357/2357
f 2358/2358/2358 2355/2355/2355 2357/2357/2357
f 2358/2358/2358 2357/2357/2357 2359/2359/2359
f 2360/2360/2360 2358/2358/2358 2359/2359/2359
f 2363/2363/2363 2362/2362/2362 2361/2361/2361
f 2363/2363/2363 2364/2364/2364 2362/2362/2362
f 2364/2364/2364 2365/2365/2365 2362/2362/2362
f 2368/2368/2368 2367/2367/2367 2366/2366/2366
f 2368/2368/2368 2369/2369/2369 2367/2367/2367
f 2369/2369/2369 2368/2368/2368 2370/2370/2370
f 2371/2371/2371 2367/2367/2367 2369/2369/2369
f 2371/2371/2371 2370/2370/2370 2367/2367/2367
f 2369/2369/2369 2370/2370/2370 2371/2371/2371
f 2374/2374/2374 2373/2373/2373 2372/2372/2372
f 2374/2374/2374 2375/2375/2375 2373/2373/2373
f 2375/2375/2375 2374/2374/2374 2376/2376/2376
f 2377/2377/2377 2373/2373/2373 2375/2375/2375
f 2375/2375/2375 2376/2376/2376 2377/2377/2377
f 2377/2377/2377 2376/2376/2376 2373/2373/2373
f 2380/2380/2380 2379/2379/2379 2378/2378/2378
f 2380/2380/2380 2381/2381/2381 2379/2379/2379
f 2380/2380/2380 2382/2382/2382 2381/2381/2381
f 2385/2385/2385 2384/2384/2384 2383/2383/2383
f 2385/2385/2385 2386/2386/2386 2384/2384/2384
f 2386/2386/2386 2387/2387/2387 2384/2384/2384
f 2390/2390/2390 2389/2389/2389 2388/2388/2388
f 2389/2389/2389 2391/2391/2391 2388/2388/2388
f 2389/2389/2389 2392/2392/2392 2391/2391/2391
f 2392/2392/2392 2393/2393/2393 2391/2391/2391
f 2392/2392/2392 2394/2394/2394 2393/2393/2393
f 2392/2392/2392 2395/2395/2395 2394/2394/2394
f 2395/2395/2395 2396/2396/2396 2394/2394/2394
f 2399/2399/2399 2398/2398/2398 2397/2397/2397
f 2399/2399/2399 2397/2397/2397 2400/2400/2400
f 2400/2400/2400 2397/2397/2397 2401/2401/2401
f 2400/2400/2400 2401/2401/2401 2402/2402/2402
f 2397/2397/2397 2403/2403/2403 2401/2401/2401
f 2397/2397/2397 2404/2404/2404 2403/2403/2403
f 2405/2405/2405 2403/2403/2403 2404/2404/2404
f 2406/2406/2406 2405/2405/2405 2404/2404/2404
f 2397/2397/2397 2407/2407/2407 2404/2404/2404
f 2407/2407/2407 2397/2397/2397 2408/2408/2408
f 2406/2406/2406 2404/2404/2404 2409/2409/2409
f 2410/2410/2410 2406/2406/2406 2409/2409/2409
f 2410/2410/2410 2409/2409/2409 2411/2411/2411
f 2409/2409/2409 2412/2412/2412 2411/2411/2411
f 2411/2411/2411 2412/2412/2412 2413/2413/2413
f 2414/2414/2414 2410/2410/2410 2411/2411/2411
f 2414/2414/2414 2411/2411/2411 2415/2415/2415
f 2416/2416/2416 2414/2414/2414 2415/2415/2415
f 2417/2417/2417 2415/2415/2415 2411/2411/2411
f 2417/2417/2417 2411/2411/2411 2418/2418/2418
f 2421/2421/2421 2420/2420/2420 2419/2419/2419
f 2422/2422/2422 2419/2419/2419 2420/2420/2420
f 2422/2422/2422 2423/2423/2423 2419/2419/2419
f 2423/2423/2423 2424/2424/2424 2419/2419/2419
f 2423/2423/2423 2425/2425/2425 2424/2424/2424
f 2425/2425/2425 2426/2426/2426 2424/2424/2424
f 2429/2429/2429 2428/2428/2428 2427/2427/2427
f 2429/2429/2429 2427/2427/2427 2430/2430/2430
f 2430/2430/2430 2427/2427/2427 2431/2431/2431
f 2430/2430/2430 2431/2431/2431 2432/2432/2432
f 2427/2427/2427 2433/2433/2433 2431/2431/2431
f 2427/2427/2427 2434/2434/2434 2433/2433/2433
f 2435/2435/2435 2433/2433/2433 2434/2434/2434
f 2436/2436/2436 2435/2435/2435 2434/2434/2434
f 2427/2427/2427 2437/2437/2437 2434/2434/2434
f 2437/2437/2437 2427/2427/2427 2438/2438/2438
f 2436/2436/2436 2434/2434/2434 2439/2439/2439
f 2440/2440/2440 2436/2436/2436 2439/2439/2439
f 2440/2440/2440 2439/2439/2439 2441/2441/2441
f 2439/2439/2439 2442/2442/2442 2441/2441/2441
f 2441/2441/2441 2442/2442/2442 2443/2443/2443
f 2444/2444/2444 2440/2440/2440 2441/2441/2441
f 2444/2444/2444 2441/2441/2441 2445/2445/2445
f 2446/2446/2446 2444/2444/2444 2445/2445/2445
f 2447/2447/2447 2445/2445/2445 2441/2441/2441
f 2447/2447/2447 2441/2441/2441 2448/2448/2448
f 2451/2451/2451 2450/2450/2450 2449/2449/2449
f 2449/2449/2449 2452/2452/2452 2451/2451/2451
f 2453/2453/2453 2452/2452/2452 2449/2449/2449
f 2454/2454/2454 2452/2452/2452 2453/2453/2453
f 2454/2454/2454 2455/2455/2455 2452/2452/2452
f 2452/2452/2452 2456/2456/2456 2451/2451/2451
f 2455/2455/2455 2457/2457/2457 2452/2452/2452
f 2458/2458/2458 2457/2457/2457 2455/2455/2455
f 2458/2458/2458 2459/2459/2459 2457/2457/2457
f 2459/2459/2459 2460/2460/2460 2457/2457/2457
f 2461/2461/2461 2457/2457/2457 2460/2460/2460
f 2461/2461/2461 2460/2460/2460 2462/2462/2462
f 2461/2461/2461 2463/2463/2463 2457/2457/2457
f 2452/2452/2452 2464/2464/2464 2456/2456/2456
f 2464/2464/2464 2465/2465/2465 2456/2456/2456
f 2466/2466/2466 2456/2456/2456 2465/2465/2465
f 2467/2467/2467 2464/2464/2464 2452/2452/2452
f 2468/2468/2468 2467/2467/2467 2452/2452/2452
f 2468/2468/2468 2452/2452/2452 2469/2469/2469
f 2470/2470/2470 2468/2468/2468 2469/2469/2469
f 2470/2470/2470 2469/2469/2469 2471/2471/2471
f 2471/2471/2471 2469/2469/2469 2472/2472/2472
f 2472/2472/2472 2469/2469/2469 2473/2473/2473
f 2472/2472/2472 2473/2473/2473 2474/2474/2474
f 2473/2473/2473 2475/2475/2475 2474/2474/2474
f 2469/2469/2469 2476/2476/2476 2473/2473/2473
f 2469/2469/2469 2477/2477/2477 2476/2476/2476
f 2478/2478/2478 2476/2476/2476 2477/2477/2477
f 2469/2469/2469 2479/2479/2479 2477/2477/2477
f 2480/2480/2480 2479/2479/2479 2469/2469/2469
f 2481/2481/2481 2480/2480/2480 2469/2469/2469
f 2481/2481/2481 2469/2469/2469 2482/2482/2482
f 2483/2483/2483 2481/2481/2481 2482/2482/2482
f 2483/2483/2483 2482/2482/2482 2484/2484/2484
f 2482/2482/2482 2485/2485/2485 2484/2484/2484
f 2482/2482/2482 2486/2486/2486 2485/2485/2485
f 2486/2486/2486 2487/2487/2487 2485/2485/2485
f 2490/2490/2490 2489/2489/2489 2488/2488/2488
f 2491/2491/2491 2488/2488/2488 2489/2489/2489
f 2491/2491/2491 2492/2492/2492 2488/2488/2488
f 2492/2492/2492 2493/2493/2493 2488/2488/2488
f 2492/2492/2492 2494/2494/2494 2493/2493/2493
f 2494/2494/2494 2495/2495/2495 2493/2493/2493
f 2498/2498/2498 2497/2497/2497 2496/2496/2496
f 2498/2498/2498 2496/2496/2496 2499/2499/2499
f 2502/2502/2502 2501/2501/2501 2500/2500/2500
f 2502/2502/2502 2503/2503/2503 2501/2501/2501
f 2503/2503/2503 2504/2504/2504 2501/2501/2501
f 2503/2503/2503 2505/2505/2505 2504/2504/2504
f 2506/2506/2506 2505/2505/2505 2503/2503/2503
f 2506/2506/2506 2507/2507/2507 2505/2505/2505
f 2506/2506/2506 2508/2508/2508 2507/2507/2507
f 2506/2506/2506 2509/2509/2509 2508/2508/2508
f 2509/2509/2509 2510/2510/2510 2508/2508/2508
f 2513/2513/2513 2512/2512/2512 2511/2511/2511
f 2513/2513/2513 2511/2511/2511 2514/2514/2514
f 2514/2514/2514 2515/2515/2515 2513/2513/2513
f 2518/2518/2518 2517/2517/2517 2516/2516/2516
f 2518/2518/2518 2516/2516/2516 2519/2519/2519
f 2519/2519/2519 2516/2516/2516 2520/2520/2520
f 2519/2519/2519 2520/2520/2520 2521/2521/2521
f 2516/2516/2516 2522/2522/2522 2520/2520/2520
f 2516/2516/2516 2523/2523/2523 2522/2522/2522
f 2524/2524/2524 2522/2522/2522 2523/2523/2523
f 2525/2525/2525 2524/2524/2524 2523/2523/2523
f 2516/2516/2516 2526/2526/2526 2523/2523/2523
f 2526/2526/2526 2516/2516/2516 2527/2527/2527
f 2525/2525/2525 2523/2523/2523 2528/2528/2528
f 2529/2529/2529 2525/2525/2525 2528/2528/2528
f 2529/2529/2529 2528/2528/2528 2530/2530/2530
f 2528/2528/2528 2531/2531/2531 2530/2530/2530
f 2530/2530/2530 2531/2531/2531 2532/2532/2532
f 2533/2533/2533 2529/2529/2529 2530/2530/2530
f 2533/2533/2533 2530/2530/2530 2534/2534/2534
f 2535/2535/2535 2533/2533/2533 2534/2534/2534
f 2536/2536/2536 2534/2534/2534 2530/2530/2530
f 2536/2536/2536 2530/2530/2530 2537/2537/2537
f 2540/2540/2540 2539/2539/2539 2538/2538/2538
f 2541/2541/2541 2540/2540/2540 2538/2538/2538
f 2541/2541/2541 2538/2538/2538 2542/2542/2542
f 2545/2545/2545 2544/2544/2544 2543/2543/2543
f 2545/2545/2545 2543/2543/2543 2546/2546/2546
f 2546/2546/2546 2543/2543/2543 2547/2547/2547
f 2546/2546/2546 2547/2547/2547 2548/2548/2548
f 2543/2543/2543 2549/2549/2549 2547/2547/2547
f 2543/2543/2543 2550/2550/2550 2549/2549/2549
f 2551/2551/2551 2549/2549/2549 2550/2550/2550
f 2552/2552/2552 2551/2551/2551 2550/2550/2550
f 2543/2543/2543 2553/2553/2553 2550/2550/2550
f 2553/2553/2553 2543/2543/2543 2554/2554/2554
f 2552/2552/2552 2550/2550/2550 2555/2555/2555
f 2556/2556/2556 2552/2552/2552 2555/2555/2555
f 2556/2556/2556 2555/2555/2555 2557/2557/2557
f 2555/2555/2555 2558/2558/2558 2557/2557/2557
f 2557/2557/2557 2558/2558/2558 2559/2559/2559
f 2560/2560/2560 2556/2556/2556 2557/2557/2557
f 2560/2560/2560 2557/2557/2557 2561/2561/2561
f 2562/2562/2562 2560/2560/2560 2561/2561/2561
f 2563/2563/2563 2561/2561/2561 2557/2557/2557
f 2563/2563/2563 2557/2557/2557 2564/2564/2564
f 2567/2567/2567 2566/2566/2566 2565/2565/2565
f 2567/2567/2567 2565/2565/2565 2568/2568/2568
f 2571/2571/2571 2570/2570/2570 2569/2569/2569
f 2572/2572/2572 2571/2571/2571 2569/2569/2569
f 2572/2572/2572 2569/2569/2569 2573/2573/2573
f 2572/2572/2572 2573/2573/2573 2574/2574/2574
f 2572/2572/2572 2574/2574/2574 2575/2575/2575
f 2575/2575/2575 2574/2574/2574 2576/2576/2576
f 2575/2575/2575 2576/2576/2576 2577/2577/2577
f 2578/2578/2578 2575/2575/2575 2577/2577/2577
f 2578/2578/2578 2577/2577/2577 2579/2579/2579
f 2582/2582/2582 2581/2581/2581 2580/2580/2580
f 2581/2581/2581 2583/2583/2583 2580/2580/2580
f 2583/2583/2583 2584/2584/2584 2580/2580/2580
f 2581/2581/2581 2585/2585/2585 2583/2583/2583
f 2583/2583/2583 2586/2586/2586 2584/2584/2584
f 2586/2586/2586 2587/2587/2587 2584/2584/2584
f 2586/2586/2586 2588/2588/2588 2587/2587/2587
f 2583/2583/2583 2585/2585/2585 2589/2589/2589
f 2586/2586/2586 2590/2590/2590 2588/2588/2588
f 2589/2589/2589 2585/2585/2585 2591/2591/2591
f 2591/2591/2591 2592/2592/2592 2589/2589/2589
f 2589/2589/2589 2592/2592/2592 2593/2593/2593
f 2589/2589/2589 2593/2593/2593 2594/2594/2594
f 2594/2594/2594 2595/2595/2595 2589/2589/2589
f 2595/2595/2595 2596/2596/2596 2589/2589/2589
f 2595/2595/2595 2597/2597/2597 2596/2596/2596
f 2596/2596/2596 2597/2597/2597 1479/1479/1479
f 2596/2596/2596 1479/1479/1479 2598/2598/2598
f 2598/2598/2598 2599/2599/2599 2596/2596/2596
f 2599/2599/2599 2600/2600/2600 2596/2596/2596
f 2599/2599/2599 2601/2601/2601 2600/2600/2600
f 2600/2600/2600 2601/2601/2601 2602/2602/2602
f 2600/2600/2600 2602/2602/2602 2603/2603/2603
f 2604/2604/2604 2600/2600/2600 2603/2603/2603
f 2604/2604/2604 2605/2605/2605 2600/2600/2600
f 2606/2606/2606 2605/2605/2605 2604/2604/2604
f 2607/2607/2607 2605/2605/2605 2606/2606/2606
f 2607/2607/2607 2608/2608/2608 2605/2605/2605
f 2608/2608/2608 2609/2609/2609 2605/2605/2605
f 2609/2609/2609 2610/2610/2610 2605/2605/2605
f 2609/2609/2609 2611/2611/2611 2610/2610/2610
f 2610/2610/2610 2611/2611/2611 2612/2612/2612
f 2613/2613/2613 2610/2610/2610 2612/2612/2612
f 2613/2613/2613 2612/2612/2612 2614/2614/2614
f 2615/2615/2615 2613/2613/2613 2614/2614/2614
f 2615/2615/2615 2614/2614/2614 2616/2616/2616
f 2613/2613/2613 2615/2615/2615 2617/2617/2617
f 2613/2613/2613 2617/2617/2617 2618/2618/2618
f 2619/2619/2619 2618/2618/2618 2617/2617/2617
f 2618/2618/2618 2619/2619/2619 2620/2620/2620
f 2621/2621/2621 2618/2618/2618 2620/2620/2620
f 2621/2621/2621 2622/2622/2622 2618/2618/2618
f 2622/2622/2622 2623/2623/2623 2618/2618/2618
f 2622/2622/2622 2624/2624/2624 2623/2623/2623
f 2624/2624/2624 2625/2625/2625 2623/2623/2623
f 2624/2624/2624 2626/2626/2626 2625/2625/2625
f 2626/2626/2626 2627/2627/2627 2625/2625/2625
f 2628/2628/2628 2625/2625/2625 2627/2627/2627
f 2628/2628/2628 2629/2629/2629 2625/2625/2625
f 2630/2630/2630 2625/2625/2625 2629/2629/2629
f 2629/2629/2629 2631/2631/2631 2630/2630/2630
f 2630/2630/2630 2631/2631/2631 2632/2632/2632
f 2631/2631/2631 2633/2633/2633 2632/2632/2632
f 2630/2630/2630 2632/2632/2632 2634/2634/2634
f 2635/2635/2635 2630/2630/2630 2634/2634/2634
f 2635/2635/2635 2634/2634/2634 2636/2636/2636
f 2635/2635/2635 2636/2636/2636 2637/2637/2637
f 2638/2638/2638 2635/2635/2635 2637/2637/2637
f 2638/2638/2638 2637/2637/2637 2639/2639/2639
f 2640/2640/2640 2638/2638/2638 2639/2639/2639
f 2641/2641/2641 2640/2640/2640 2639/2639/2639
f 2640/2640/2640 2642/2642/2642 2638/2638/2638
f 2638/2638/2638 2642/2642/2642 2643/2643/2643
f 2643/2643/2643 2642/2642/2642 2644/2644/2644
f 2644/2644/2644 2645/2645/2645 2643/2643/2643
f 2643/2643/2643 2645/2645/2645 2646/2646/2646
f 2643/2643/2643 2646/2646/2646 2647/2647/2647
f 2647/2647/2647 2648/2648/2648 2643/2643/2643
f 2648/2648/2648 2649/2649/2649 2643/2643/2643
f 2648/2648/2648 2650/2650/2650 2649/2649/2649
f 2649/2649/2649 2650/2650/2650 1361/1361/1361
f 2649/2649/2649 1361/1361/1361 2651/2651/2651
f 2651/2651/2651 2652/2652/2652 2649/2649/2649
f 2652/2652/2652 2653/2653/2653 2649/2649/2649
f 2652/2652/2652 2654/2654/2654 2653/2653/2653
f 2653/2653/2653 2654/2654/2654 2655/2655/2655
f 2653/2653/2653 2655/2655/2655 2656/2656/2656
f 2657/2657/2657 2653/2653/2653 2656/2656/2656
f 2657/2657/2657 2658/2658/2658 2653/2653/2653
f 2659/2659/2659 2658/2658/2658 2657/2657/2657
f 2660/2660/2660 2658/2658/2658 2659/2659/2659
f 2660/2660/2660 2661/2661/2661 2658/2658/2658
f 2661/2661/2661 2662/2662/2662 2658/2658/2658
f 2662/2662/2662 2663/2663/2663 2658/2658/2658
f 2662/2662/2662 2664/2664/2664 2663/2663/2663
f 2663/2663/2663 2664/2664/2664 2665/2665/2665
f 2666/2666/2666 2663/2663/2663 2665/2665/2665
f 2666/2666/2666 2665/2665/2665 2667/2667/2667
f 2668/2668/2668 2666/2666/2666 2667/2667/2667
f 2668/2668/2668 2667/2667/2667 2669/2669/2669
f 2666/2666/2666 2668/2668/2668 2670/2670/2670
f 2666/2666/2666 2670/2670/2670 2671/2671/2671
f 2672/2672/2672 2671/2671/2671 2670/2670/2670
f 2672/2672/2672 2673/2673/2673 2671/2671/2671
f 2674/2674/2674 2671/2671/2671 2673/2673/2673
f 2674/2674/2674 2675/2675/2675 2671/2671/2671
f 2675/2675/2675 2676/2676/2676 2671/2671/2671
f 2675/2675/2675 2677/2677/2677 2676/2676/2676
f 2677/2677/2677 2678/2678/2678 2676/2676/2676
f 2677/2677/2677 2679/2679/2679 2678/2678/2678
f 2679/2679/2679 2680/2680/2680 2678/2678/2678
f 2681/2681/2681 2678/2678/2678 2680/2680/2680
f 2681/2681/2681 2682/2682/2682 2678/2678/2678
f 2590/2590/2590 2678/2678/2678 2682/2682/2682
f 2682/2682/2682 2683/2683/2683 2590/2590/2590
f 2590/2590/2590 2683/2683/2683 2684/2684/2684
f 2590/2590/2590 2684/2684/2684 2588/2588/2588
f 2683/2683/2683 2685/2685/2685 2684/2684/2684
f 2688/2688/2688 2687/2687/2687 2686/2686/2686
f 2688/2688/2688 2686/2686/2686 2689/2689/2689
f 2692/2692/2692 2691/2691/2691 2690/2690/2690
f 2692/2692/2692 2690/2690/2690 2693/2693/2693
f 2696/2696/2696 2695/2695/2695 2694/2694/2694
f 2696/2696/2696 2697/2697/2697 2695/2695/2695
f 2697/2697/2697 2698/2698/2698 2695/2695/2695
f 2699/2699/2699 2697/2697/2697 2696/2696/2696
f 2699/2699/2699 2696/2696/2696 2700/2700/2700
f 2699/2699/2699 2700/2700/2700 2701/2701/2701
f 2702/2702/2702 2699/2699/2699 2701/2701/2701
f 2702/2702/2702 2701/2701/2701 2703/2703/2703
f 2701/2701/2701 2704/2704/2704 2703/2703/2703
f 2705/2705/2705 2702/2702/2702 2703/2703/2703
f 2697/2697/2697 2706/2706/2706 2698/2698/2698
f 2706/2706/2706 2707/2707/2707 2698/2698/2698
f 2697/2697/2697 2708/2708/2708 2706/2706/2706
f 2708/2708/2708 2709/2709/2709 2706/2706/2706
f 2708/2708/2708 2710/2710/2710 2709/2709/2709
f 2708/2708/2708 2711/2711/2711 2710/2710/2710
f 2711/2711/2711 2712/2712/2712 2710/2710/2710
f 2713/2713/2713 2711/2711/2711 2708/2708/2708
f 2713/2713/2713 2714/2714/2714 2711/2711/2711
f 2715/2715/2715 2714/2714/2714 2713/2713/2713
f 2715/2715/2715 2716/2716/2716 2714/2714/2714
f 2715/2715/2715 2713/2713/2713 2717/2717/2717
f 2718/2718/2718 2715/2715/2715 2717/2717/2717
f 2718/2718/2718 2717/2717/2717 2719/2719/2719
f 2719/2719/2719 2717/2717/2717 2720/2720/2720
f 2721/2721/2721 2719/2719/2719 2720/2720/2720
f 2717/2717/2717 2722/2722/2722 2720/2720/2720
f 2722/2722/2722 2723/2723/2723 2720/2720/2720
f 2726/2726/2726 2725/2725/2725 2724/2724/2724
f 2727/2727/2727 2726/2726/2726 2724/2724/2724
f 2727/2727/2727 2724/2724/2724 2728/2728/2728
f 2727/2727/2727 2728/2728/2728 2729/2729/2729
f 2730/2730/2730 2727/2727/2727 2729/2729/2729
f 2730/2730/2730 2729/2729/2729 2731/2731/2731
f 2732/2732/2732 2730/2730/2730 2731/2731/2731
f 2735/2735/2735 2734/2734/2734 2733/2733/2733
f 2735/2735/2735 2733/2733/2733 2736/2736/2736
f 2737/2737/2737 2735/2735/2735 2736/2736/2736
f 2738/2738/2738 2735/2735/2735 2737/2737/2737
f 2739/2739/2739 2738/2738/2738 2737/2737/2737
f 2739/2739/2739 2737/2737/2737 2740/2740/2740
f 2740/2740/2740 2737/2737/2737 2741/2741/2741
f 2742/2742/2742 2737/2737/2737 2736/2736/2736
f 2737/2737/2737 2742/2742/2742 2741/2741/2741
f 2736/2736/2736 2733/2733/2733 2743/2743/2743
f 2742/2742/2742 2736/2736/2736 2743/2743/2743
f 2742/2742/2742 2744/2744/2744 2741/2741/2741
f 2742/2742/2742 2743/2743/2743 2745/2745/2745
f 2744/2744/2744 2742/2742/2742 2745/2745/2745
f 2744/2744/2744 2745/2745/2745 2746/2746/2746
f 2744/2744/2744 2747/2747/2747 2741/2741/2741
f 2744/2744/2744 2746/2746/2746 2747/2747/2747
f 2748/2748/2748 2741/2741/2741 2747/2747/2747
f 2749/2749/2749 2747/2747/2747 2746/2746/2746
f 2746/2746/2746 2750/2750/2750 2749/2749/2749
f 2746/2746/2746 2751/2751/2751 2750/2750/2750
f 2752/2752/2752 2743/2743/2743 2733/2733/2733
f 2743/2743/2743 2752/2752/2752 2745/2745/2745
f 2751/2751/2751 2746/2746/2746 2753/2753/2753
f 2751/2751/2751 2753/2753/2753 2754/2754/2754
f 2745/2745/2745 2755/2755/2755 2746/2746/2746
f 2755/2755/2755 2745/2745/2745 2752/2752/2752
f 2746/2746/2746 2755/2755/2755 2753/2753/2753
f 2752/2752/2752 2733/2733/2733 2756/2756/2756
f 2757/2757/2757 2756/2756/2756 2733/2733/2733
f 2757/2757/2757 2758/2758/2758 2756/2756/2756
f 2755/2755/2755 2752/2752/2752 2759/2759/2759
f 2753/2753/2753 2755/2755/2755 2759/2759/2759
f 2759/2759/2759 2752/2752/2752 2756/2756/2756
f 2753/2753/2753 2760/2760/2760 2754/2754/2754
f 2753/2753/2753 2759/2759/2759 2760/2760/2760
f 2760/2760/2760 2761/2761/2761 2754/2754/2754
f 2759/2759/2759 2756/2756/2756 2762/2762/2762
f 2763/2763/2763 2762/2762/2762 2756/2756/2756
f 2763/2763/2763 2764/2764/2764 2762/2762/2762
f 2759/2759/2759 2762/2762/2762 2765/2765/2765
f 2764/2764/2764 2765/2765/2765 2762/2762/2762
f 2760/2760/2760 2759/2759/2759 2765/2765/2765
f 2764/2764/2764 2766/2766/2766 2765/2765/2765
f 2766/2766/2766 2767/2767/2767 2765/2765/2765
f 2761/2761/2761 2767/2767/2767 2768/2768/2768
f 2761/2761/2761 2760/2760/2760 2769/2769/2769
f 2760/2760/2760 2765/2765/2765 2769/2769/2769
f 2761/2761/2761 2769/2769/2769 2767/2767/2767
f 2769/2769/2769 2765/2765/2765 2767/2767/2767
f 2772/2772/2772 2771/2771/2771 2770/2770/2770
f 2772/2772/2772 2773/2773/2773 2771/2771/2771
f 2773/2773/2773 2774/2774/2774 2771/2771/2771
f 2775/2775/2775 2773/2773/2773 2772/2772/2772
f 2775/2775/2775 2772/2772/2772 2776/2776/2776
f 2775/2775/2775 2776/2776/2776 2777/2777/2777
f 2778/2778/2778 2775/2775/2775 2777/2777/2777
f 2778/2778/2778 2777/2777/2777 2779/2779/2779
f 2777/2777/2777 2780/2780/2780 2779/2779/2779
f 2781/2781/2781 2778/2778/2778 2779/2779/2779
f 2773/2773/2773 2782/2782/2782 2774/2774/2774
f 2782/2782/2782 2783/2783/2783 2774/2774/2774
f 2773/2773/2773 2784/2784/2784 2782/2782/2782
f 2784/2784/2784 2785/2785/2785 2782/2782/2782
f 2784/2784/2784 2786/2786/2786 2785/2785/2785
f 2784/2784/2784 2787/2787/2787 2786/2786/2786
f 2787/2787/2787 2788/2788/2788 2786/2786/2786
f 2789/2789/2789 2787/2787/2787 2784/2784/2784
f 2789/2789/2789 2790/2790/2790 2787/2787/2787
f 2791/2791/2791 2790/2790/2790 2789/2789/2789
f 2791/2791/2791 2792/2792/2792 2790/2790/2790
f 2791/2791/2791 2789/2789/2789 2793/2793/2793
f 2794/2794/2794 2791/2791/2791 2793/2793/2793
f 2794/2794/2794 2793/2793/2793 2795/2795/2795
f 2795/2795/2795 2793/2793/2793 2796/2796/2796
f 2797/2797/2797 2795/2795/2795 2796/2796/2796
f 2793/2793/2793 2798/2798/2798 2796/2796/2796
f 2798/2798/2798 2799/2799/2799 2796/2796/2796
f 2802/2802/2802 2801/2801/2801 2800/2800/2800
f 2802/2802/2802 2803/2803/2803 2801/2801/2801
f 2802/2802/2802 2804/2804/2804 2803/2803/2803
f 2804/2804/2804 2805/2805/2805 2803/2803/2803
f 2804/2804/2804 2806/2806/2806 2805/2805/2805
f 2806/2806/2806 2807/2807/2807 2805/2805/2805
f 2810/2810/2810 2809/2809/2809 2808/2808/2808
f 2810/2810/2810 2811/2811/2811 2809/2809/2809
f 2810/2810/2810 2812/2812/2812 2811/2811/2811
f 2815/2815/2815 2814/2814/2814 2813/2813/2813
f 2815/2815/2815 2816/2816/2816 2814/2814/2814
f 2815/2815/2815 2817/2817/2817 2816/2816/2816
f 2817/2817/2817 2818/2818/2818 2816/2816/2816
f 2817/2817/2817 2819/2819/2819 2818/2818/2818
f 2819/2819/2819 2820/2820/2820 2818/2818/2818
f 2823/2823/2823 2822/2822/2822 2821/2821/2821
f 2823/2823/2823 2821/2821/2821 2824/2824/2824
f 2824/2824/2824 2825/2825/2825 2823/2823/2823
f 2824/2824/2824 2826/2826/2826 2825/2825/2825
f 2826/2826/2826 2827/2827/2827 2825/2825/2825
f 2828/2828/2828 2825/2825/2825 2827/2827/2827
f 2829/2829/2829 2828/2828/2828 2827/2827/2827
f 2829/2829/2829 2827/2827/2827 2830/2830/2830
f 2830/2830/2830 2827/2827/2827 2831/2831/2831
f 2826/2826/2826 2831/2831/2831 2827/2827/2827
f 2832/2832/2832 2830/2830/2830 2831/2831/2831
f 2833/2833/2833 2826/2826/2826 2824/2824/2824
f 2826/2826/2826 2833/2833/2833 2831/2831/2831
f 2832/2832/2832 2831/2831/2831 2834/2834/2834
f 2833/2833/2833 2834/2834/2834 2831/2831/2831
f 2835/2835/2835 2832/2832/2832 2834/2834/2834
f 2836/2836/2836 2833/2833/2833 2824/2824/2824
f 2836/2836/2836 2824/2824/2824 2821/2821/2821
f 2837/2837/2837 2834/2834/2834 2833/2833/2833
f 2837/2837/2837 2833/2833/2833 2836/2836/2836
f 2835/2835/2835 2834/2834/2834 2838/2838/2838
f 2837/2837/2837 2838/2838/2838 2834/2834/2834
f 2838/2838/2838 2839/2839/2839 2835/2835/2835
f 2838/2838/2838 2840/2840/2840 2839/2839/2839
f 2840/2840/2840 2838/2838/2838 2841/2841/2841
f 2838/2838/2838 2837/2837/2837 2841/2841/2841
f 2840/2840/2840 2841/2841/2841 2842/2842/2842
f 2837/2837/2837 2836/2836/2836 2843/2843/2843
f 2843/2843/2843 2836/2836/2836 2821/2821/2821
f 2841/2841/2841 2837/2837/2837 2843/2843/2843
f 2841/2841/2841 2844/2844/2844 2842/2842/2842
f 2844/2844/2844 2845/2845/2845 2842/2842/2842
f 2843/2843/2843 2821/2821/2821 2846/2846/2846
f 2847/2847/2847 2846/2846/2846 2821/2821/2821
f 2847/2847/2847 2848/2848/2848 2846/2846/2846
f 2841/2841/2841 2843/2843/2843 2849/2849/2849
f 2849/2849/2849 2843/2843/2843 2846/2846/2846
f 2841/2841/2841 2849/2849/2849 2844/2844/2844
f 2849/2849/2849 2846/2846/2846 2850/2850/2850
f 2851/2851/2851 2850/2850/2850 2846/2846/2846
f 2851/2851/2851 2852/2852/2852 2850/2850/2850
f 2849/2849/2849 2850/2850/2850 2853/2853/2853
f 2852/2852/2852 2853/2853/2853 2850/2850/2850
f 2844/2844/2844 2849/2849/2849 2853/2853/2853
f 2852/2852/2852 2854/2854/2854 2853/2853/2853
f 2854/2854/2854 2855/2855/2855 2853/2853/2853
f 2845/2845/2845 2855/2855/2855 2856/2856/2856
f 2845/2845/2845 2844/2844/2844 2857/2857/2857
f 2844/2844/2844 2853/2853/2853 2857/2857/2857
f 2845/2845/2845 2857/2857/2857 2855/2855/2855
f 2857/2857/2857 2853/2853/2853 2855/2855/2855
f 2860/2860/2860 2859/2859/2859 2858/2858/2858
f 2860/2860/2860 2861/2861/2861 2859/2859/2859
f 2861/2861/2861 2862/2862/2862 2859/2859/2859
f 2861/2861/2861 2863/2863/2863 2862/2862/2862
f 2862/2862/2862 2863/2863/2863 2864/2864/2864
f 2865/2865/2865 2862/2862/2862 2864/2864/2864
f 2865/2865/2865 2864/2864/2864 2866/2866/2866
f 2869/2869/2869 2868/2868/2868 2867/2867/2867
f 2869/2869/2869 2867/2867/2867 2870/2870/2870
f 2873/2873/2873 2872/2872/2872 2871/2871/2871
f 2873/2873/2873 2874/2874/2874 2872/2872/2872
f 2874/2874/2874 2875/2875/2875 2872/2872/2872
f 2876/2876/2876 2875/2875/2875 2874/2874/2874
f 2876/2876/2876 2874/2874/2874 2877/2877/2877
f 2878/2878/2878 2876/2876/2876 2877/2877/2877
f 2878/2878/2878 2877/2877/2877 2879/2879/2879
f 2882/2882/2882 2881/2881/2881 2880/2880/2880
f 2882/2882/2882 2883/2883/2883 2881/2881/2881
f 2886/2886/2886 2885/2885/2885 2884/2884/2884
f 2886/2886/2886 2887/2887/2887 2885/2885/2885
f 2887/2887/2887 2888/2888/2888 2885/2885/2885
f 2889/2889/2889 2887/2887/2887 2886/2886/2886
f 2889/2889/2889 2886/2886/2886 2890/2890/2890
f 2889/2889/2889 2890/2890/2890 2891/2891/2891
f 2892/2892/2892 2889/2889/2889 2891/2891/2891
f 2892/2892/2892 2891/2891/2891 2893/2893/2893
f 2891/2891/2891 2894/2894/2894 2893/2893/2893
f 2895/2895/2895 2892/2892/2892 2893/2893/2893
f 2887/2887/2887 2896/2896/2896 2888/2888/2888
f 2896/2896/2896 2897/2897/2897 2888/2888/2888
f 2887/2887/2887 2898/2898/2898 2896/2896/2896
f 2898/2898/2898 2899/2899/2899 2896/2896/2896
f 2898/2898/2898 2900/2900/2900 2899/2899/2899
f 2898/2898/2898 2901/2901/2901 2900/2900/2900
f 2901/2901/2901 2902/2902/2902 2900/2900/2900
f 2903/2903/2903 2901/2901/2901 2898/2898/2898
f 2903/2903/2903 2904/2904/2904 2901/2901/2901
f 2905/2905/2905 2904/2904/2904 2903/2903/2903
f 2905/2905/2905 2906/2906/2906 2904/2904/2904
f 2905/2905/2905 2903/2903/2903 2907/2907/2907
f 2908/2908/2908 2905/2905/2905 2907/2907/2907
f 2908/2908/2908 2907/2907/2907 2909/2909/2909
f 2909/2909/2909 2907/2907/2907 2910/2910/2910
f 2911/2911/2911 2909/2909/2909 2910/2910/2910
f 2907/2907/2907 2912/2912/2912 2910/2910/2910
f 2912/2912/2912 2913/2913/2913 2910/2910/2910
f 2916/2916/2916 2915/2915/2915 2914/2914/2914
f 2916/2916/2916 2917/2917/2917 2915/2915/2915
f 2917/2917/2917 2918/2918/2918 2915/2915/2915
f 2919/2919/2919 2917/2917/2917 2916/2916/2916
f 2919/2919/2919 2916/2916/2916 2920/2920/2920
f 2919/2919/2919 2920/2920/2920 2921/2921/2921
f 2922/2922/2922 2919/2919/2919 2921/2921/2921
f 2922/2922/2922 2921/2921/2921 2923/2923/2923
f 2921/2921/2921 2924/2924/2924 2923/2923/2923
f 2925/2925/2925 2922/2922/2922 2923/2923/2923
f 2917/2917/2917 2926/2926/2926 2918/2918/2918
f 2926/2926/2926 2927/2927/2927 2918/2918/2918
f 2917/2917/2917 2928/2928/2928 2926/2926/2926
f 2928/2928/2928 2929/2929/2929 2926/2926/2926
f 2928/2928/2928 2930/2930/2930 2929/2929/2929
f 2928/2928/2928 2931/2931/2931 2930/2930/2930
f 2931/2931/2931 2932/2932/2932 2930/2930/2930
f 2933/2933/2933 2931/2931/2931 2928/2928/2928
f 2933/2933/2933 2934/2934/2934 2931/2931/2931
f 2935/2935/2935 2934/2934/2934 2933/2933/2933
f 2935/2935/2935 2936/2936/2936 2934/2934/2934
f 2935/2935/2935 2933/2933/2933 2937/2937/2937
f 2938/2938/2938 2935/2935/2935 2937/2937/2937
f 2938/2938/2938 2937/2937/2937 2939/2939/2939
f 2939/2939/2939 2937/2937/2937 2940/2940/2940
f 2941/2941/2941 2939/2939/2939 2940/2940/2940
f 2937/2937/2937 2942/2942/2942 2940/2940/2940
f 2942/2942/2942 2943/2943/2943 2940/2940/2940
f 2946/2946/2946 2945/2945/2945 2944/2944/2944
f 2946/2946/2946 2944/2944/2944 2947/2947/2947
f 2948/2948/2948 2946/2946/2946 2947/2947/2947
f 2949/2949/2949 2946/2946/2946 2948/2948/2948
f 2950/2950/2950 2949/2949/2949 2948/2948/2948
f 2950/2950/2950 2948/2948/2948 2951/2951/2951
f 2951/2951/2951 2948/2948/2948 2952/2952/2952
f 2953/2953/2953 2948/2948/2948 2947/2947/2947
f 2948/2948/2948 2953/2953/2953 2952/2952/2952
f 2947/2947/2947 2944/2944/2944 2954/2954/2954
f 2953/2953/2953 2947/2947/2947 2954/2954/2954
f 2953/2953/2953 2955/2955/2955 2952/2952/2952
f 2953/2953/2953 2954/2954/2954 2956/2956/2956
f 2955/2955/2955 2953/2953/2953 2956/2956/2956
f 2955/2955/2955 2956/2956/2956 2957/2957/2957
f 2955/2955/2955 2958/2958/2958 2952/2952/2952
f 2955/2955/2955 2957/2957/2957 2958/2958/2958
f 2959/2959/2959 2952/2952/2952 2958/2958/2958
f 2960/2960/2960 2958/2958/2958 2957/2957/2957
f 2957/2957/2957 2961/2961/2961 2960/2960/2960
f 2957/2957/2957 2962/2962/2962 2961/2961/2961
f 2963/2963/2963 2954/2954/2954 2944/2944/2944
f 2954/2954/2954 2963/2963/2963 2956/2956/2956
f 2962/2962/2962 2957/2957/2957 2964/2964/2964
f 2962/2962/2962 2964/2964/2964 2965/2965/2965
f 2956/2956/2956 2966/2966/2966 2957/2957/2957
f 2966/2966/2966 2956/2956/2956 2963/2963/2963
f 2957/2957/2957 2966/2966/2966 2964/2964/2964
f 2963/2963/2963 2944/2944/2944 2967/2967/2967
f 2968/2968/2968 2967/2967/2967 2944/2944/2944
f 2968/2968/2968 2969/2969/2969 2967/2967/2967
f 2966/2966/2966 2963/2963/2963 2970/2970/2970
f 2964/2964/2964 2966/2966/2966 2970/2970/2970
f 2970/2970/2970 2963/2963/2963 2967/2967/2967
f 2964/2964/2964 2971/2971/2971 2965/2965/2965
f 2964/2964/2964 2970/2970/2970 2971/2971/2971
f 2971/2971/2971 2972/2972/2972 2965/2965/2965
f 2970/2970/2970 2967/2967/2967 2973/2973/2973
f 2974/2974/2974 2973/2973/2973 2967/2967/2967
f 2974/2974/2974 2975/2975/2975 2973/2973/2973
f 2970/2970/2970 2973/2973/2973 2976/2976/2976
f 2975/2975/2975 2976/2976/2976 2973/2973/2973
f 2971/2971/2971 2970/2970/2970 2976/2976/2976
f 2975/2975/2975 2977/2977/2977 2976/2976/2976
f 2977/2977/2977 2978/2978/2978 2976/2976/2976
f 2972/2972/2972 2978/2978/2978 2979/2979/2979
f 2972/2972/2972 2971/2971/2971 2980/2980/2980
f 2971/2971/2971 2976/2976/2976 2980/2980/2980
f 2972/2972/2972 2980/2980/2980 2978/2978/2978
f 2980/2980/2980 2976/2976/2976 2978/2978/2978
f 2983/2983/2983 2982/2982/2982 2981/2981/2981
f 2983/2983/2983 2984/2984/2984 2982/2982/2982
f 2987/2987/2987 2986/2986/2986 2985/2985/2985
f 2987/2987/2987 2988/2988/2988 2986/2986/2986
f 2988/2988/2988 2987/2987/2987 2989/2989/2989
f 2990/2990/2990 2986/2986/2986 2988/2988/2988
f 2988/2988/2988 2989/2989/2989 2990/2990/2990
f 2990/2990/2990 2989/2989/2989 2986/2986/2986
f 2993/2993/2993 2992/2992/2992 2991/2991/2991
f 2991/2991/2991 2992/2992/2992 2994/2994/2994
f 2991/2991/2991 2994/2994/2994 2995/2995/2995
f 2998/2998/2998 2997/2997/2997 2996/2996/2996
f 2996/2996/2996 2997/2997/2997 2999/2999/2999
f 2996/2996/2996 2999/2999/2999 3000/3000/3000
f 3003/3003/3003 3002/3002/3002 3001/3001/3001
f 3003/3003/3003 3004/3004/3004 3002/3002/3002
f 3007/3007/3007 3006/3006/3006 3005/3005/3005
f 3007/3007/3007 3005/3005/3005 3008/3008/3008
f 3009/3009/3009 3007/3007/3007 3008/3008/3008
f 3010/3010/3010 3007/3007/3007 3009/3009/3009
f 3011/3011/3011 3010/3010/3010 3009/3009/3009
f 3011/3011/3011 3009/3009/3009 3012/3012/3012
f 3012/3012/3012 3009/3009/3009 3013/3013/3013
f 3014/3014/3014 3009/3009/3009 3008/3008/3008
f 3009/3009/3009 3014/3014/3014 3013/3013/3013
f 3008/3008/3008 3005/3005/3005 3015/3015/3015
f 3014/3014/3014 3008/3008/3008 3015/3015/3015
f 3014/3014/3014 3016/3016/3016 3013/3013/3013
f 3014/3014/3014 3015/3015/3015 3017/3017/3017
f 3016/3016/3016 3014/3014/3014 3017/3017/3017
f 3016/3016/3016 3017/3017/3017 3018/3018/3018
f 3016/3016/3016 3019/3019/3019 3013/3013/3013
f 3016/3016/3016 3018/3018/3018 3019/3019/3019
f 3020/3020/3020 3013/3013/3013 3019/3019/3019
f 3021/3021/3021 3019/3019/3019 3018/3018/3018
f 3018/3018/3018 3022/3022/3022 3021/3021/3021
f 3018/3018/3018 3023/3023/3023 3022/3022/3022
f 3024/3024/3024 3015/3015/3015 3005/3005/3005
f 3015/3015/3015 3024/3024/3024 3017/3017/3017
f 3023/3023/3023 3018/3018/3018 3025/3025/3025
f 3023/3023/3023 3025/3025/3025 3026/3026/3026
f 3017/3017/3017 3027/3027/3027 3018/3018/3018
f 3027/3027/3027 3017/3017/3017 3024/3024/3024
f 3018/3018/3018 3027/3027/3027 3025/3025/3025
f 3024/3024/3024 3005/3005/3005 3028/3028/3028
f 3029/3029/3029 3028/3028/3028 3005/3005/3005
f 3029/3029/3029 3030/3030/3030 3028/3028/3028
f 3027/3027/3027 3024/3024/3024 3031/3031/3031
f 3025/3025/3025 3027/3027/3027 3031/3031/3031
f 3031/3031/3031 3024/3024/3024 3028/3028/3028
f 3025/3025/3025 3032/3032/3032 3026/3026/3026
f 3025/3025/3025 3031/3031/3031 3032/3032/3032
f 3032/3032/3032 3033/3033/3033 3026/3026/3026
f 3031/3031/3031 3028/3028/3028 3034/3034/3034
f 3035/3035/3035 3034/3034/3034 3028/3028/3028
f 3035/3035/3035 3036/3036/3036 3034/3034/3034
f 3031/3031/3031 3034/3034/3034 3037/3037/3037
f 3036/3036/3036 3037/3037/3037 3034/3034/3034
f 3032/3032/3032 3031/3031/3031 3037/3037/3037
f 3036/3036/3036 3038/3038/3038 3037/3037/3037
f 3038/3038/3038 3039/3039/3039 3037/3037/3037
f 3033/3033/3033 3039/3039/3039 3040/3040/3040
f 3033/3033/3033 3032/3032/3032 3041/3041/3041
f 3032/3032/3032 3037/3037/3037 3041/3041/3041
f 3033/3033/3033 3041/3041/3041 3039/3039/3039
f 3041/3041/3041 3037/3037/3037 3039/3039/3039
f 3044/3044/3044 3043/3043/3043 3042/3042/3042
f 3044/3044/3044 3042/3042/3042 3045/3045/3045
f 3046/3046/3046 3045/3045/3045 3042/3042/3042
f 3049/3049/3049 3048/3048/3048 3047/3047/3047
f 3047/3047/3047 3048/3048/3048 3050/3050/3050
f 3047/3047/3047 3050/3050/3050 3051/3051/3051
f 3054/3054/3054 3053/3053/3053 3052/3052/3052
f 3054/3054/3054 3052/3052/3052 3055/3055/3055
f 3056/3056/3056 3055/3055/3055 3052/3052/3052
f 3059/3059/3059 3058/3058/3058 3057/3057/3057
f 3059/3059/3059 3057/3057/3057 3060/3060/3060
f 3061/3061/3061 3060/3060/3060 3057/3057/3057
f 3064/3064/3064 3063/3063/3063 3062/3062/3062
f 3065/3065/3065 3063/3063/3063 3064/3064/3064
f 3065/3065/3065 3064/3064/3064 3066/3066/3066
f 3063/3063/3063 3065/3065/3065 3067/3067/3067
f 3068/3068/3068 3063/3063/3063 3067/3067/3067
f 3069/3069/3069 3068/3068/3068 3067/3067/3067
f 3070/3070/3070 3069/3069/3069 3067/3067/3067
f 3067/3067/3067 3071/3071/3071 3070/3070/3070
f 3072/3072/3072 3071/3071/3071 3067/3067/3067
f 3065/3065/3065 3072/3072/3072 3067/3067/3067
f 3071/3071/3071 3072/3072/3072 3073/3073/3073
f 3065/3065/3065 3073/3073/3073 3072/3072/3072
f 3074/3074/3074 3071/3071/3071 3073/3073/3073
f 3066/3066/3066 3075/3075/3075 3065/3065/3065
f 3065/3065/3065 3075/3075/3075 3073/3073/3073
f 3066/3066/3066 3076/3076/3076 3075/3075/3075
f 3076/3076/3076 3066/3066/3066 3077/3077/3077
f 3077/3077/3077 3066/3066/3066 3078/3078/3078
f 3079/3079/3079 3077/3077/3077 3078/3078/3078
f 3077/3077/3077 3079/3079/3079 3080/3080/3080
f 3077/3077/3077 3080/3080/3080 3081/3081/3081
f 3081/3081/3081 3082/3082/3082 3077/3077/3077
f 3081/3081/3081 3083/3083/3083 3082/3082/3082
f 3077/3077/3077 3082/3082/3082 3084/3084/3084
f 3084/3084/3084 3076/3076/3076 3077/3077/3077
f 3082/3082/3082 3083/3083/3083 3085/3085/3085
f 3084/3084/3084 3082/3082/3082 3085/3085/3085
f 3083/3083/3083 3086/3086/3086 3085/3085/3085
f 3084/3084/3084 3087/3087/3087 3076/3076/3076
f 3084/3084/3084 3085/3085/3085 3087/3087/3087
f 3088/3088/3088 3075/3075/3075 3076/3076/3076
f 3087/3087/3087 3088/3088/3088 3076/3076/3076
f 3085/3085/3085 3086/3086/3086 3089/3089/3089
f 3090/3090/3090 3089/3089/3089 3086/3086/3086
f 3090/3090/3090 3091/3091/3091 3089/3089/3089
f 3091/3091/3091 3092/3092/3092 3089/3089/3089
f 3085/3085/3085 3089/3089/3089 3093/3093/3093
f 3087/3087/3087 3085/3085/3085 3093/3093/3093
f 3093/3093/3093 3089/3089/3089 3092/3092/3092
f 3087/3087/3087 3093/3093/3093 3094/3094/3094
f 3094/3094/3094 3093/3093/3093 3092/3092/3092
f 3087/3087/3087 3094/3094/3094 3088/3088/3088
f 3094/3094/3094 3092/3092/3092 3095/3095/3095
f 3075/3075/3075 3088/3088/3088 3096/3096/3096
f 3094/3094/3094 3096/3096/3096 3088/3088/3088
f 3095/3095/3095 3096/3096/3096 3094/3094/3094
f 3095/3095/3095 3097/3097/3097 3096/3096/3096
f 3075/3075/3075 3096/3096/3096 3073/3073/3073
f 3098/3098/3098 3073/3073/3073 3096/3096/3096
f 3098/3098/3098 3099/3099/3099 3073/3073/3073
f 3102/3102/3102 3101/3101/3101 3100/3100/3100
f 3100/3100/3100 3101/3101/3101 3103/3103/3103
f 3100/3100/3100 3103/3103/3103 3104/3104/3104
f 3107/3107/3107 3106/3106/3106 3105/3105/3105
f 3107/3107/3107 3105/3105/3105 3108/3108/3108
f 3109/3109/3109 3108/3108/3108 3105/3105/3105
f 3112/3112/3112 3111/3111/3111 3110/3110/3110
f 3112/3112/3112 3113/3113/3113 3111/3111/3111
f 3116/3116/3116 3115/3115/3115 3114/3114/3114
f 3116/3116/3116 3117/3117/3117 3115/3115/3115
f 3117/3117/3117 3116/3116/3116 3118/3118/3118
f 3119/3119/3119 3115/3115/3115 3117/3117/3117
f 3117/3117/3117 3118/3118/3118 3119/3119/3119
f 3119/3119/3119 3118/3118/3118 3115/3115/3115
f 3122/3122/3122 3121/3121/3121 3120/3120/3120
f 3123/3123/3123 3121/3121/3121 3122/3122/3122
f 3123/3123/3123 3122/3122/3122 3124/3124/3124
f 3125/3125/3125 3123/3123/3123 3124/3124/3124
f 3126/3126/3126 3123/3123/3123 3125/3125/3125
f 3127/3127/3127 3126/3126/3126 3125/3125/3125
f 3126/3126/3126 3127/3127/3127 3128/3128/3128
f 3126/3126/3126 3128/3128/3128 3129/3129/3129
f 3126/3126/3126 3129/3129/3129 3130/3130/3130
f 3126/3126/3126 3130/3130/3130 3131/3131/3131
f 3123/3123/3123 3126/3126/3126 3131/3131/3131
f 3131/3131/3131 3132/3132/3132 3123/3123/3123
f 3123/3123/3123 3132/3132/3132 3121/3121/3121
f 3121/3121/3121 3132/3132/3132 3133/3133/3133
f 3134/3134/3134 3121/3121/3121 3133/3133/3133
f 3135/3135/3135 3134/3134/3134 3133/3133/3133
f 3121/3121/3121 3134/3134/3134 3136/3136/3136
f 3139/3139/3139 3138/3138/3138 3137/3137/3137
f 3140/3140/3140 3138/3138/3138 3139/3139/3139
f 3140/3140/3140 3139/3139/3139 3141/3141/3141
f 3138/3138/3138 3140/3140/3140 3142/3142/3142
f 3143/3143/3143 3138/3138/3138 3142/3142/3142
f 3144/3144/3144 3143/3143/3143 3142/3142/3142
f 3145/3145/3145 3144/3144/3144 3142/3142/3142
f 3142/3142/3142 3146/3146/3146 3145/3145/3145
f 3147/3147/3147 3146/3146/3146 3142/3142/3142
f 3140/3140/3140 3147/3147/3147 3142/3142/3142
f 3146/3146/3146 3147/3147/3147 3148/3148/3148
f 3140/3140/3140 3148/3148/3148 3147/3147/3147
f 3149/3149/3149 3146/3146/3146 3148/3148/3148
f 3141/3141/3141 3150/3150/3150 3140/3140/3140
f 3140/3140/3140 3150/3150/3150 3148/3148/3148
f 3141/3141/3141 3151/3151/3151 3150/3150/3150
f 3151/3151/3151 3141/3141/3141 3152/3152/3152
f 3152/3152/3152 3141/3141/3141 3153/3153/3153
f 3154/3154/3154 3152/3152/3152 3153/3153/3153
f 3152/3152/3152 3154/3154/3154 3155/3155/3155
f 3152/3152/3152 3155/3155/3155 3156/3156/3156
f 3156/3156/3156 3157/3157/3157 3152/3152/3152
f 3156/3156/3156 3158/3158/3158 3157/3157/3157
f 3152/3152/3152 3157/3157/3157 3159/3159/3159
f 3159/3159/3159 3151/3151/3151 3152/3152/3152
f 3157/3157/3157 3158/3158/3158 3160/3160/3160
f 3159/3159/3159 3157/3157/3157 3160/3160/3160
f 3158/3158/3158 3161/3161/3161 3160/3160/3160
f 3159/3159/3159 3162/3162/3162 3151/3151/3151
f 3159/3159/3159 3160/3160/3160 3162/3162/3162
f 3163/3163/3163 3150/3150/3150 3151/3151/3151
f 3162/3162/3162 3163/3163/3163 3151/3151/3151
f 3160/3160/3160 3161/3161/3161 3164/3164/3164
f 3165/3165/3165 3164/3164/3164 3161/3161/3161
f 3165/3165/3165 3166/3166/3166 3164/3164/3164
f 3166/3166/3166 3167/3167/3167 3164/3164/3164
f 3160/3160/3160 3164/3164/3164 3168/3168/3168
f 3162/3162/3162 3160/3160/3160 3168/3168/3168
f 3168/3168/3168 3164/3164/3164 3167/3167/3167
f 3162/3162/3162 3168/3168/3168 3169/3169/3169
f 3169/3169/3169 3168/3168/3168 3167/3167/3167
f 3162/3162/3162 3169/3169/3169 3163/3163/3163
f 3169/3169/3169 3167/3167/3167 3170/3170/3170
f 3150/3150/3150 3163/3163/3163 3171/3171/3171
f 3169/3169/3169 3171/3171/3171 3163/3163/3163
f 3170/3170/3170 3171/3171/3171 3169/3169/3169
f 3170/3170/3170 3172/3172/3172 3171/3171/3171
f 3150/3150/3150 3171/3171/3171 3148/3148/3148
f 3173/3173/3173 3148/3148/3148 3171/3171/3171
f 3173/3173/3173 3174/3174/3174 3148/3148/3148
f 3177/3177/3177 3176/3176/3176 3175/3175/3175
f 3178/3178/3178 3176/3176/3176 3177/3177/3177
f 3178/3178/3178 3177/3177/3177 3179/3179/3179
f 3176/3176/3176 3178/3178/3178 3180/3180/3180
f 3181/3181/3181 3176/3176/3176 3180/3180/3180
f 3182/3182/3182 3181/3181/3181 3180/3180/3180
f 3183/3183/3183 3182/3182/3182 3180/3180/3180
f 3180/3180/3180 3184/3184/3184 3183/3183/3183
f 3185/3185/3185 3184/3184/3184 3180/3180/3180
f 3178/3178/3178 3185/3185/3185 3180/3180/3180
f 3184/3184/3184 3185/3185/3185 3186/3186/3186
f 3178/3178/3178 3186/3186/3186 3185/3185/3185
f 3187/3187/3187 3184/3184/3184 3186/3186/3186
f 3179/3179/3179 3188/3188/3188 3178/3178/3178
f 3178/3178/3178 3188/3188/3188 3186/3186/3186
f 3179/3179/3179 3189/3189/3189 3188/3188/3188
f 3189/3189/3189 3179/3179/3179 3190/3190/3190
f 3190/3190/3190 3179/3179/3179 3191/3191/3191
f 3192/3192/3192 3190/3190/3190 3191/3191/3191
f 3190/3190/3190 3192/3192/3192 3193/3193/3193
f 3190/3190/3190 3193/3193/3193 3194/3194/3194
f 3194/3194/3194 3195/3195/3195 3190/3190/3190
f 3194/3194/3194 3196/3196/3196 3195/3195/3195
f 3190/3190/3190 3195/3195/3195 3197/3197/3197
f 3197/3197/3197 3189/3189/3189 3190/3190/3190
f 3195/3195/3195 3196/3196/3196 3198/3198/3198
f 3197/3197/3197 3195/3195/3195 3198/3198/3198
f 3196/3196/3196 3199/3199/3199 3198/3198/3198
f 3197/3197/3197 3200/3200/3200 3189/3189/3189
f 3197/3197/3197 3198/3198/3198 3200/3200/3200
f 3201/3201/3201 3188/3188/3188 3189/3189/3189
f 3200/3200/3200 3201/3201/3201 3189/3189/3189
f 3198/3198/3198 3199/3199/3199 3202/3202/3202
f 3203/3203/3203 3202/3202/3202 3199/3199/3199
f 3203/3203/3203 3204/3204/3204 3202/3202/3202
f 3204/3204/3204 3205/3205/3205 3202/3202/3202
f 3198/3198/3198 3202/3202/3202 3206/3206/3206
f 3200/3200/3200 3198/3198/3198 3206/3206/3206
f 3206/3206/3206 3202/3202/3202 3205/3205/3205
f 3200/3200/3200 3206/3206/3206 3207/3207/3207
f 3207/3207/3207 3206/3206/3206 3205/3205/3205
f 3200/3200/3200 3207/3207/3207 3201/3201/3201
f 3207/3207/3207 3205/3205/3205 3208/3208/3208
f 3188/3188/3188 3201/3201/3201 3209/3209/3209
f 3207/3207/3207 3209/3209/3209 3201/3201/3201
f 3208/3208/3208 3209/3209/3209 3207/3207/3207
f 3208/3208/3208 3210/3210/3210 3209/3209/3209
f 3188/3188/3188 3209/3209/3209 3186/3186/3186
f 3211/3211/3211 3186/3186/3186 3209/3209/3209
f 3211/3211/3211 3212/3212/3212 3186/3186/3186
f 3215/3215/3215 3214/3214/3214 3213/3213/3213
f 3216/3216/3216 3214/3214/3214 3215/3215/3215
f 3216/3216/3216 3215/3215/3215 3217/3217/3217
f 3214/3214/3214 3216/3216/3216 3218/3218/3218
f 3219/3219/3219 3214/3214/3214 3218/3218/3218
f 3220/3220/3220 3219/3219/3219 3218/3218/3218
f 3221/3221/3221 3220/3220/3220 3218/3218/3218
f 3218/3218/3218 3222/3222/3222 3221/3221/3221
f 3223/3223/3223 3222/3222/3222 3218/3218/3218
f 3216/3216/3216 3223/3223/3223 3218/3218/3218
f 3222/3222/3222 3223/3223/3223 3224/3224/3224
f 3216/3216/3216 3224/3224/3224 3223/3223/3223
f 3225/3225/3225 3222/3222/3222 3224/3224/3224
f 3217/3217/3217 3226/3226/3226 3216/3216/3216
f 3216/3216/3216 3226/3226/3226 3224/3224/3224
f 3217/3217/3217 3227/3227/3227 3226/3226/3226
f 3227/3227/3227 3217/3217/3217 3228/3228/3228
f 3228/3228/3228 3217/3217/3217 3229/3229/3229
f 3230/3230/3230 3228/3228/3228 3229/3229/3229
f 3228/3228/3228 3230/3230/3230 3231/3231/3231
f 3228/3228/3228 3231/3231/3231 3232/3232/3232
f 3232/3232/3232 3233/3233/3233 3228/3228/3228
f 3232/3232/3232 3234/3234/3234 3233/3233/3233
f 3228/3228/3228 3233/3233/3233 3235/3235/3235
f 3235/3235/3235 3227/3227/3227 3228/3228/3228
f 3233/3233/3233 3234/3234/3234 3236/3236/3236
f 3235/3235/3235 3233/3233/3233 3236/3236/3236
f 3234/3234/3234 3237/3237/3237 3236/3236/3236
f 3235/3235/3235 3238/3238/3238 3227/3227/3227
f 3235/3235/3235 3236/3236/3236 3238/3238/3238
f 3239/3239/3239 3226/3226/3226 3227/3227/3227
f 3238/3238/3238 3239/3239/3239 3227/3227/3227
f 3236/3236/3236 3237/3237/3237 3240/3240/3240
f 3241/3241/3241 3240/3240/3240 3237/3237/3237
f 3241/3241/3241 3242/3242/3242 3240/3240/3240
f 3242/3242/3242 3243/3243/3243 3240/3240/3240
f 3236/3236/3236 3240/3240/3240 3244/3244/3244
f 3238/3238/3238 3236/3236/3236 3244/3244/3244
f 3244/3244/3244 3240/3240/3240 3243/3243/3243
f 3238/3238/3238 3244/3244/3244 3245/3245/3245
f 3245/3245/3245 3244/3244/3244 3243/3243/3243
f 3238/3238/3238 3245/3245/3245 3239/3239/3239
f 3245/3245/3245 3243/3243/3243 3246/3246/3246
f 3226/3226/3226 3239/3239/3239 3247/3247/3247
f 3245/3245/3245 3247/3247/3247 3239/3239/3239
f 3246/3246/3246 3247/3247/3247 3245/3245/3245
f 3246/3246/3246 3248/3248/3248 3247/3247/3247
f 3226/3226/3226 3247/3247/3247 3224/3224/3224
f 3249/3249/3249 3224/3224/3224 3247/3247/3247
f 3249/3249/3249 3250/3250/3250 3224/3224/3224
f 3253/3253/3253 3252/3252/3252 3251/3251/3251
f 3254/3254/3254 3253/3253/3253 3251/3251/3251
f 3255/3255/3255 3254/3254/3254 3251/3251/3251
f 3255/3255/3255 3251/3251/3251 3256/3256/3256
f 3255/3255/3255 3257/3257/3257 3254/3254/3254
f 3260/3260/3260 3259/3259/3259 3258/3258/3258
f 3261/3261/3261 3260/3260/3260 3258/3258/3258
f 3262/3262/3262 3261/3261/3261 3258/3258/3258
f 3262/3262/3262 3258/3258/3258 3263/3263/3263
f 3262/3262/3262 3264/3264/3264 3261/3261/3261
f 3267/3267/3267 3266/3266/3266 3265/3265/3265
f 3268/3268/3268 3267/3267/3267 3265/3265/3265
f 3269/3269/3269 3268/3268/3268 3265/3265/3265
f 3269/3269/3269 3265/3265/3265 3270/3270/3270
f 3269/3269/3269 3271/3271/3271 3268/3268/3268
f 3274/3274/3274 3273/3273/3273 3272/3272/3272
f 3275/3275/3275 3274/3274/3274 3272/3272/3272
f 3276/3276/3276 3275/3275/3275 3272/3272/3272
f 3276/3276/3276 3272/3272/3272 3277/3277/3277
f 3276/3276/3276 3278/3278/3278 3275/3275/3275
f 3281/3281/3281 3280/3280/3280 3279/3279/3279
f 3280/3280/3280 3282/3282/3282 3279/3279/3279
f 3285/3285/3285 3284/3284/3284 3283/3283/3283
f 3286/3286/3286 3284/3284/3284 3285/3285/3285
f 3289/3289/3289 3288/3288/3288 3287/3287/3287
f 3290/3290/3290 3287/3287/3287 3288/3288/3288
f 3293/3293/3293 3292/3292/3292 3291/3291/3291
f 3293/3293/3293 3294/3294/3294 3292/3292/3292
f 3294/3294/3294 3295/3295/3295 3292/3292/3292
f 3295/3295/3295 3296/3296/3296 3292/3292/3292
f 3295/3295/3295 3297/3297/3297 3296/3296/3296
f 3297/3297/3297 3298/3298/3298 3296/3296/3296
f 3297/3297/3297 3299/3299/3299 3298/3298/3298
f 3302/3302/3302 3301/3301/3301 3300/3300/3300
f 3302/3302/3302 3300/3300/3300 3303/3303/3303
f 3306/3306/3306 3305/3305/3305 3304/3304/3304
f 3306/3306/3306 3307/3307/3307 3305/3305/3305
f 3307/3307/3307 3308/3308/3308 3305/3305/3305
f 3308/3308/3308 3309/3309/3309 3305/3305/3305
f 3308/3308/3308 3310/3310/3310 3309/3309/3309
f 3310/3310/3310 3311/3311/3311 3309/3309/3309
f 3310/3310/3310 3312/3312/3312 3311/3311/3311
f 3315/3315/3315 3314/3314/3314 3313/3313/3313
f 3315/3315/3315 3313/3313/3313 3316/3316/3316
f 3319/3319/3319 3318/3318/3318 3317/3317/3317
f 3320/3320/3320 3317/3317/3317 3318/3318/3318
f 3323/3323/3323 3322/3322/3322 3321/3321/3321
f 3324/3324/3324 3323/3323/3323 3321/3321/3321
f 3324/3324/3324 3321/3321/3321 3325/3325/3325
f 3326/3326/3326 3325/3325/3325 3321/3321/3321
f 3326/3326/3326 3327/3327/3327 3325/3325/3325
f 3328/3328/3328 3327/3327/3327 3326/3326/3326
f 3331/3331/3331 3330/3330/3330 3329/3329/3329
f 3331/3331/3331 3329/3329/3329 3332/3332/3332
f 3335/3335/3335 3334/3334/3334 3333/3333/3333
f 3335/3335/3335 3336/3336/3336 3334/3334/3334
f 3336/3336/3336 3337/3337/3337 3334/3334/3334
f 3337/3337/3337 3338/3338/3338 3334/3334/3334
f 3337/3337/3337 3339/3339/3339 3338/3338/3338
f 3339/3339/3339 3340/3340/3340 3338/3338/3338
f 3339/3339/3339 3341/3341/3341 3340/3340/3340
f 3344/3344/3344 3343/3343/3343 3342/3342/3342
f 3344/3344/3344 3342/3342/3342 3345/3345/3345
f 3348/3348/3348 3347/3347/3347 3346/3346/3346
f 3348/3348/3348 3349/3349/3349 3347/3347/3347
f 3349/3349/3349 3350/3350/3350 3347/3347/3347
f 3350/3350/3350 3351/3351/3351 3347/3347/3347
f 3350/3350/3350 3352/3352/3352 3351/3351/3351
f 3352/3352/3352 3353/3353/3353 3351/3351/3351
f 3352/3352/3352 3354/3354/3354 3353/3353/3353
f 3357/3357/3357 3356/3356/3356 3355/3355/3355
f 3357/3357/3357 3355/3355/3355 3358/3358/3358
f 3361/3361/3361 3360/3360/3360 3359/3359/3359
f 3361/3361/3361 3359/3359/3359 3362/3362/3362
f 3365/3365/3365 3364/3364/3364 3363/3363/3363
f 3366/3366/3366 3363/3363/3363 3364/3364/3364
f 3369/3369/3369 3368/3368/3368 3367/3367/3367
f 3370/3370/3370 3369/3369/3369 3367/3367/3367
f 3370/3370/3370 3367/3367/3367 3371/3371/3371
f 3372/3372/3372 3371/3371/3371 3367/3367/3367
f 3372/3372/3372 3373/3373/3373 3371/3371/3371
f 3373/3373/3373 3372/3372/3372 3374/3374/3374
f 3377/3377/3377 3376/3376/3376 3375/3375/3375
f 3377/3377/3377 3375/3375/3375 3378/3378/3378
f 3381/3381/3381 3380/3380/3380 3379/3379/3379
f 3382/3382/3382 3380/3380/3380 3381/3381/3381
f 3385/3385/3385 3384/3384/3384 3383/3383/3383
f 3385/3385/3385 3383/3383/3383 3386/3386/3386
f 3389/3389/3389 3388/3388/3388 3387/3387/3387
f 3390/3390/3390 3388/3388/3388 3389/3389/3389
f 3393/3393/3393 3392/3392/3392 3391/3391/3391
f 3393/3393/3393 3391/3391/3391 3394/3394/3394
f 3397/3397/3397 3396/3396/3396 3395/3395/3395
f 3398/3398/3398 3397/3397/3397 3395/3395/3395
f 3398/3398/3398 3395/3395/3395 3399/3399/3399
f 3400/3400/3400 3399/3399/3399 3395/3395/3395
f 3400/3400/3400 3401/3401/3401 3399/3399/3399
f 3401/3401/3401 3400/3400/3400 3402/3402/3402
f 3405/3405/3405 3404/3404/3404 3403/3403/3403
f 3406/3406/3406 3403/3403/3403 3404/3404/3404
f 3409/3409/3409 3408/3408/3408 3407/3407/3407
f 3410/3410/3410 3408/3408/3408 3409/3409/3409
f 3413/3413/3413 3412/3412/3412 3411/3411/3411
f 3414/3414/3414 3412/3412/3412 3413/3413/3413
f 3415/3415/3415 3414/3414/3414 3413/3413/3413
f 3414/3414/3414 3416/3416/3416 3412/3412/3412
f 3416/3416/3416 3417/3417/3417 3412/3412/3412
f 3416/3416/3416 3418/3418/3418 3417/3417/3417
f 3418/3418/3418 3419/3419/3419 3417/3417/3417
f 3416/3416/3416 3420/3420/3420 3418/3418/3418
f 3423/3423/3423 3422/3422/3422 3421/3421/3421
f 3421/3421/3421 3422/3422/3422 3424/3424/3424
f 3425/3425/3425 3421/3421/3421 3424/3424/3424
f 3421/3421/3421 3425/3425/3425 3426/3426/3426
f 3422/3422/3422 3427/3427/3427 3425/3425/3425
f 3424/3424/3424 3428/3428/3428 3425/3425/3425
f 3424/3424/3424 3422/3422/3422 3428/3428/3428
f 3422/3422/3422 3425/3425/3425 3428/3428/3428
f 3431/3431/3431 3430/3430/3430 3429/3429/3429
f 3431/3431/3431 3432/3432/3432 3430/3430/3430
f 3432/3432/3432 3433/3433/3433 3430/3430/3430
f 3436/3436/3436 3435/3435/3435 3434/3434/3434
f 3435/3435/3435 3436/3436/3436 3437/3437/3437
f 3438/3438/3438 3435/3435/3435 3437/3437/3437
f 3436/3436/3436 3439/3439/3439 3437/3437/3437
f 3438/3438/3438 3437/3437/3437 3440/3440/3440
f 3441/3441/3441 3438/3438/3438 3440/3440/3440
f 3441/3441/3441 3440/3440/3440 3442/3442/3442
f 3443/3443/3443 3437/3437/3437 3439/3439/3439
f 3444/3444/3444 3443/3443/3443 3439/3439/3439
f 3444/3444/3444 3445/3445/3445 3443/3443/3443
f 3445/3445/3445 3446/3446/3446 3443/3443/3443
f 3446/3446/3446 3447/3447/3447 3443/3443/3443
f 3446/3446/3446 3448/3448/3448 3447/3447/3447
f 3448/3448/3448 3449/3449/3449 3447/3447/3447
f 3452/3452/3452 3451/3451/3451 3450/3450/3450
f 3451/3451/3451 3452/3452/3452 3453/3453/3453
f 3454/3454/3454 3451/3451/3451 3453/3453/3453
f 3452/3452/3452 3455/3455/3455 3453/3453/3453
f 3454/3454/3454 3453/3453/3453 3456/3456/3456
f 3457/3457/3457 3454/3454/3454 3456/3456/3456
f 3457/3457/3457 3456/3456/3456 3458/3458/3458
f 3459/3459/3459 3453/3453/3453 3455/3455/3455
f 3460/3460/3460 3459/3459/3459 3455/3455/3455
f 3460/3460/3460 3461/3461/3461 3459/3459/3459
f 3461/3461/3461 3462/3462/3462 3459/3459/3459
f 3462/3462/3462 3463/3463/3463 3459/3459/3459
f 3462/3462/3462 3464/3464/3464 3463/3463/3463
f 3464/3464/3464 3465/3465/3465 3463/3463/3463
f 3468/3468/3468 3467/3467/3467 3466/3466/3466
f 3467/3467/3467 3468/3468/3468 3469/3469/3469
f 3470/3470/3470 3467/3467/3467 3469/3469/3469
f 3468/3468/3468 3471/3471/3471 3469/3469/3469
f 3470/3470/3470 3469/3469/3469 3472/3472/3472
f 3473/3473/3473 3470/3470/3470 3472/3472/3472
f 3473/3473/3473 3472/3472/3472 3474/3474/3474
f 3475/3475/3475 3469/3469/3469 3471/3471/3471
f 3476/3476/3476 3475/3475/3475 3471/3471/3471
f 3476/3476/3476 3477/3477/3477 3475/3475/3475
f 3477/3477/3477 3478/3478/3478 3475/3475/3475
f 3478/3478/3478 3479/3479/3479 3475/3475/3475
f 3478/3478/3478 3480/3480/3480 3479/3479/3479
f 3480/3480/3480 3481/3481/3481 3479/3479/3479
f 3484/3484/3484 3483/3483/3483 3482/3482/3482
f 3483/3483/3483 3484/3484/3484 3485/3485/3485
f 3486/3486/3486 3483/3483/3483 3485/3485/3485
f 3484/3484/3484 3487/3487/3487 3485/3485/3485
f 3486/3486/3486 3485/3485/3485 3488/3488/3488
f 3489/3489/3489 3486/3486/3486 3488/3488/3488
f 3489/3489/3489 3488/3488/3488 3490/3490/3490
f 3491/3491/3491 3485/3485/3485 3487/3487/3487
f 3492/3492/3492 3491/3491/3491 3487/3487/3487
f 3492/3492/3492 3493/3493/3493 3491/3491/3491
f 3493/3493/3493 3494/3494/3494 3491/3491/3491
f 3494/3494/3494 3495/3495/3495 3491/3491/3491
f 3494/3494/3494 3496/3496/3496 3495/3495/3495
f 3496/3496/3496 3497/3497/3497 3495/3495/3495
f 3500/3500/3500 3499/3499/3499 3498/3498/3498
f 3499/3499/3499 3500/3500/3500 3501/3501/3501
f 3500/3500/3500 3502/3502/3502 3501/3501/3501
f 3503/3503/3503 3502/3502/3502 3500/3500/3500
f 3504/3504/3504 3499/3499/3499 3502/3502/3502
f 3502/3502/3502 3505/3505/3505 3501/3501/3501
f 3505/3505/3505 3499/3499/3499 3501/3501/3501
f 3499/3499/3499 3505/3505/3505 3502/3502/3502
f 3508/3508/3508 3507/3507/3507 3506/3506/3506
f 3509/3509/3509 3508/3508/3508 3506/3506/3506
f 3509/3509/3509 3506/3506/3506 3510/3510/3510
f 3513/3513/3513 3512/3512/3512 3511/3511/3511
f 3513/3513/3513 3511/3511/3511 3514/3514/3514
f 3515/3515/3515 3513/3513/3513 3514/3514/3514
f 3515/3515/3515 3514/3514/3514 3516/3516/3516
f 3517/3517/3517 3515/3515/3515 3516/3516/3516
f 3517/3517/3517 3516/3516/3516 3518/3518/3518
f 3518/3518/3518 3516/3516/3516 3519/3519/3519
f 3518/3518/3518 3519/3519/3519 3520/3520/3520
f 3521/3521/3521 3520/3520/3520 3519/3519/3519
f 3521/3521/3521 3522/3522/3522 3520/3520/3520
f 3525/3525/3525 3524/3524/3524 3523/3523/3523
f 3525/3525/3525 3523/3523/3523 3526/3526/3526
f 3529/3529/3529 3528/3528/3528 3527/3527/3527
f 3529/3529/3529 3530/3530/3530 3528/3528/3528
f 3533/3533/3533 3532/3532/3532 3531/3531/3531
f 3533/3533/3533 3531/3531/3531 3534/3534/3534
f 3535/3535/3535 3533/3533/3533 3534/3534/3534
f 3535/3535/3535 3534/3534/3534 3536/3536/3536
f 3537/3537/3537 3535/3535/3535 3536/3536/3536
f 3538/3538/3538 3537/3537/3537 3536/3536/3536
f 3538/3538/3538 3536/3536/3536 3539/3539/3539
f 3540/3540/3540 3538/3538/3538 3539/3539/3539
f 3540/3540/3540 3539/3539/3539 3541/3541/3541
f 3540/3540/3540 3541/3541/3541 3542/3542/3542
f 3545/3545/3545 3544/3544/3544 3543/3543/3543
f 3545/3545/3545 3543/3543/3543 3546/3546/3546
f 3547/3547/3547 3545/3545/3545 3546/3546/3546
f 3547/3547/3547 3546/3546/3546 3548/3548/3548
f 3549/3549/3549 3547/3547/3547 3548/3548/3548
f 3550/3550/3550 3549/3549/3549 3548/3548/3548
f 3550/3550/3550 3548/3548/3548 3551/3551/3551
f 3552/3552/3552 3550/3550/3550 3551/3551/3551
f 3552/3552/3552 3551/3551/3551 3553/3553/3553
f 3552/3552/3552 3553/3553/3553 3554/3554/3554
f 3557/3557/3557 3556/3556/3556 3555/3555/3555
f 3557/3557/3557 3555/3555/3555 3558/3558/3558
f 3559/3559/3559 3557/3557/3557 3558/3558/3558
f 3559/3559/3559 3558/3558/3558 3560/3560/3560
f 3561/3561/3561 3559/3559/3559 3560/3560/3560
f 3562/3562/3562 3561/3561/3561 3560/3560/3560
f 3562/3562/3562 3560/3560/3560 3563/3563/3563
f 3564/3564/3564 3562/3562/3562 3563/3563/3563
f 3564/3564/3564 3563/3563/3563 3565/3565/3565
f 3564/3564/3564 3565/3565/3565 3566/3566/3566
f 3569/3569/3569 3568/3568/3568 3567/3567/3567
f 3570/3570/3570 3569/3569/3569 3567/3567/3567
f 3573/3573/3573 3572/3572/3572 3571/3571/3571
f 3573/3573/3573 3574/3574/3574 3572/3572/3572
f 3577/3577/3577 3576/3576/3576 3575/3575/3575
f 3577/3577/3577 3575/3575/3575 3578/3578/3578
f 3581/3581/3581 3580/3580/3580 3579/3579/3579
f 3581/3581/3581 3582/3582/3582 3580/3580/3580
f 3585/3585/3585 3584/3584/3584 3583/3583/3583
f 3586/3586/3586 3585/3585/3585 3583/3583/3583
f 3589/3589/3589 3588/3588/3588 3587/3587/3587
f 3589/3589/3589 3590/3590/3590 3588/3588/3588
f 3593/3593/3593 3592/3592/3592 3591/3591/3591
f 3593/3593/3593 3594/3594/3594 3592/3592/3592
f 3597/3597/3597 3596/3596/3596 3595/3595/3595
f 3597/3597/3597 3595/3595/3595 3598/3598/3598
f 3601/3601/3601 3600/3600/3600 3599/3599/3599
f 3601/3601/3601 3602/3602/3602 3600/3600/3600
f 3605/3605/3605 3604/3604/3604 3603/3603/3603
f 3605/3605/3605 3603/3603/3603 3606/3606/3606
f 3609/3609/3609 3608/3608/3608 3607/3607/3607
f 3609/3609/3609 3610/3610/3610 3608/3608/3608
f 3613/3613/3613 3612/3612/3612 3611/3611/3611
f 3613/3613/3613 3611/3611/3611 3614/3614/3614
f 3617/3617/3617 3616/3616/3616 3615/3615/3615
f 3617/3617/3617 3615/3615/3615 3618/3618/3618
f 3621/3621/3621 3620/3620/3620 3619/3619/3619
f 3621/3621/3621 3622/3622/3622 3620/3620/3620
f 3625/3625/3625 3624/3624/3624 3623/3623/3623
f 3626/3626/3626 3625/3625/3625 3623/3623/3623
f 3627/3627/3627 3626/3626/3626 3623/3623/3623
f 3627/3627/3627 3623/3623/3623 3628/3628/3628
f 3629/3629/3629 3627/3627/3627 3628/3628/3628
f 3630/3630/3630 3629/3629/3629 3628/3628/3628
f 3633/3633/3633 3632/3632/3632 3631/3631/3631
f 3633/3633/3633 3631/3631/3631 3634/3634/3634
f 3634/3634/3634 3631/3631/3631 3635/3635/3635
f 3634/3634/3634 3635/3635/3635 3636/3636/3636
f 3637/3637/3637 3636/3636/3636 3635/3635/3635
f 3637/3637/3637 3635/3635/3635 3638/3638/3638
f 3639/3639/3639 3637/3637/3637 3638/3638/3638
f 3639/3639/3639 3640/3640/3640 3637/3637/3637
f 3643/3643/3643 3642/3642/3642 3641/3641/3641
f 3643/3643/3643 3641/3641/3641 3644/3644/3644
f 3644/3644/3644 3641/3641/3641 3645/3645/3645
f 3644/3644/3644 3645/3645/3645 3646/3646/3646
f 3647/3647/3647 3646/3646/3646 3645/3645/3645
f 3647/3647/3647 3645/3645/3645 3648/3648/3648
f 3649/3649/3649 3647/3647/3647 3648/3648/3648
f 3649/3649/3649 3650/3650/3650 3647/3647/3647
f 3653/3653/3653 3652/3652/3652 3651/3651/3651
f 3653/3653/3653 3651/3651/3651 3654/3654/3654
f 3654/3654/3654 3651/3651/3651 3655/3655/3655
f 3654/3654/3654 3655/3655/3655 3656/3656/3656
f 3657/3657/3657 3656/3656/3656 3655/3655/3655
f 3657/3657/3657 3655/3655/3655 3658/3658/3658
f 3659/3659/3659 3657/3657/3657 3658/3658/3658
f 3659/3659/3659 3660/3660/3660 3657/3657/3657
f 3663/3663/3663 3662/3662/3662 3661/3661/3661
f 3663/3663/3663 3661/3661/3661 3664/3664/3664
f 3664/3664/3664 3661/3661/3661 3665/3665/3665
f 3664/3664/3664 3665/3665/3665 3666/3666/3666
f 3667/3667/3667 3666/3666/3666 3665/3665/3665
f 3667/3667/3667 3665/3665/3665 3668/3668/3668
f 3669/3669/3669 3667/3667/3667 3668/3668/3668
f 3669/3669/3669 3670/3670/3670 3667/3667/3667
f 3673/3673/3673 3672/3672/3672 3671/3671/3671
f 3673/3673/3673 3671/3671/3671 3674/3674/3674
f 3675/3675/3675 3673/3673/3673 3674/3674/3674
f 3675/3675/3675 3674/3674/3674 3676/3676/3676
f 3675/3675/3675 3676/3676/3676 3677/3677/3677
f 3675/3675/3675 3677/3677/3677 3678/3678/3678
f 3677/3677/3677 3679/3679/3679 3678/3678/3678
f 3677/3677/3677 3680/3680/3680 3679/3679/3679
f 3683/3683/3683 3682/3682/3682 3681/3681/3681
f 3683/3683/3683 3681/3681/3681 3684/3684/3684
f 3685/3685/3685 3683/3683/3683 3684/3684/3684
f 3685/3685/3685 3684/3684/3684 3686/3686/3686
f 3685/3685/3685 3686/3686/3686 3687/3687/3687
f 3685/3685/3685 3687/3687/3687 3688/3688/3688
f 3687/3687/3687 3689/3689/3689 3688/3688/3688
f 3687/3687/3687 3690/3690/3690 3689/3689/3689
f 3693/3693/3693 3692/3692/3692 3691/3691/3691
f 3693/3693/3693 3691/3691/3691 3694/3694/3694
f 3695/3695/3695 3693/3693/3693 3694/3694/3694
f 3695/3695/3695 3694/3694/3694 3696/3696/3696
f 3695/3695/3695 3696/3696/3696 3697/3697/3697
f 3695/3695/3695 3697/3697/3697 3698/3698/3698
f 3697/3697/3697 3699/3699/3699 3698/3698/3698
f 3697/3697/3697 3700/3700/3700 3699/3699/3699
f 3703/3703/3703 3702/3702/3702 3701/3701/3701
f 3703/3703/3703 3701/3701/3701 3704/3704/3704
f 3705/3705/3705 3703/3703/3703 3704/3704/3704
f 3705/3705/3705 3704/3704/3704 3706/3706/3706
f 3705/3705/3705 3706/3706/3706 3707/3707/3707
f 3705/3705/3705 3707/3707/3707 3708/3708/3708
f 3707/3707/3707 3709/3709/3709 3708/3708/3708
f 3707/3707/3707 3710/3710/3710 3709/3709/3709
f 3713/3713/3713 3712/3712/3712 3711/3711/3711
f 3712/3712/3712 3714/3714/3714 3711/3711/3711
f 3715/3715/3715 3711/3711/3711 3714/3714/3714
f 3716/3716/3716 3714/3714/3714 3712/3712/3712
f 3719/3719/3719 3718/3718/3718 3717/3717/3717
f 3718/3718/3718 3719/3719/3719 3720/3720/3720
f 3719/3719/3719 3721/3721/3721 3720/3720/3720
f 3719/3719/3719 3722/3722/3722 3721/3721/3721
f 3720/3720/3720 3721/3721/3721 3723/3723/3723
f 3720/3720/3720 3723/3723/3723 3724/3724/3724
f 3722/3722/3722 3725/3725/3725 3721/3721/3721
f 3726/3726/3726 3721/3721/3721 3725/3725/3725
f 3727/3727/3727 3726/3726/3726 3725/3725/3725
f 3728/3728/3728 3723/3723/3723 3721/3721/3721
f 3729/3729/3729 3727/3727/3727 3725/3725/3725
f 3727/3727/3727 3729/3729/3729 3730/3730/3730
f 3729/3729/3729 3725/3725/3725 3731/3731/3731
f 3722/3722/3722 3732/3732/3732 3725/3725/3725
f 3733/3733/3733 3732/3732/3732 3722/3722/3722
f 3722/3722/3722 3734/3734/3734 3733/3733/3733
f 3733/3733/3733 3735/3735/3735 3732/3732/3732
f 3735/3735/3735 3733/3733/3733 3734/3734/3734
f 3736/3736/3736 3732/3732/3732 3735/3735/3735
f 3737/3737/3737 3735/3735/3735 3734/3734/3734
f 3736/3736/3736 3738/3738/3738 3732/3732/3732
f 3737/3737/3737 3734/3734/3734 3739/3739/3739
f 3739/3739/3739 3734/3734/3734 3740/3740/3740
f 3741/3741/3741 3737/3737/3737 3739/3739/3739
f 3738/3738/3738 3742/3742/3742 3732/3732/3732
f 3732/3732/3732 3742/3742/3742 3743/3743/3743
f 3738/3738/3738 3744/3744/3744 3742/3742/3742
f 3741/3741/3741 3739/3739/3739 3745/3745/3745
f 3746/3746/3746 3745/3745/3745 3739/3739/3739
f 3747/3747/3747 3741/3741/3741 3745/3745/3745
f 3747/3747/3747 3745/3745/3745 3748/3748/3748
f 3744/3744/3744 3749/3749/3749 3742/3742/3742
f 3749/3749/3749 3750/3750/3750 3742/3742/3742
f 3744/3744/3744 3751/3751/3751 3749/3749/3749
f 3751/3751/3751 3752/3752/3752 3749/3749/3749
f 3752/3752/3752 3753/3753/3753 3749/3749/3749
f 3752/3752/3752 3751/3751/3751 3754/3754/3754
f 3753/3753/3753 3752/3752/3752 3754/3754/3754
f 3755/3755/3755 3754/3754/3754 3751/3751/3751
f 3755/3755/3755 3756/3756/3756 3754/3754/3754
f 3756/3756/3756 3757/3757/3757 3754/3754/3754
f 3758/3758/3758 3754/3754/3754 3757/3757/3757
f 3756/3756/3756 3759/3759/3759 3757/3757/3757
f 3760/3760/3760 3753/3753/3753 3754/3754/3754
f 3759/3759/3759 3761/3761/3761 3757/3757/3757
f 3757/3757/3757 3761/3761/3761 3762/3762/3762
f 3759/3759/3759 3763/3763/3763 3761/3761/3761
f 3763/3763/3763 3764/3764/3764 3761/3761/3761
f 3765/3765/3765 3761/3761/3761 3764/3764/3764
f 3764/3764/3764 3763/3763/3763 3766/3766/3766
f 3764/3764/3764 3766/3766/3766 3765/3765/3765
f 3767/3767/3767 3766/3766/3766 3763/3763/3763
f 3767/3767/3767 3768/3768/3768 3766/3766/3766
f 3768/3768/3768 3769/3769/3769 3766/3766/3766
f 3766/3766/3766 3769/3769/3769 3770/3770/3770
f 3768/3768/3768 3771/3771/3771 3769/3769/3769
f 3765/3765/3765 3766/3766/3766 3772/3772/3772
f 3771/3771/3771 3773/3773/3773 3769/3769/3769
f 3773/3773/3773 3774/3774/3774 3769/3769/3769
f 3771/3771/3771 3748/3748/3748 3773/3773/3773
f 3748/3748/3748 3775/3775/3775 3773/3773/3773
f 3775/3775/3775 3748/3748/3748 3745/3745/3745
f 3775/3775/3775 3776/3776/3776 3773/3773/3773
f 3776/3776/3776 3775/3775/3775 3745/3745/3745
f 3777/3777/3777 3776/3776/3776 3745/3745/3745
f 3765/3765/3765 3772/3772/3772 3778/3778/3778
f 3779/3779/3779 3765/3765/3765 3778/3778/3778
f 3776/3776/3776 3777/3777/3777 3780/3780/3780
f 3776/3776/3776 3780/3780/3780 3781/3781/3781
f 3782/3782/3782 3778/3778/3778 3772/3772/3772
f 3783/3783/3783 3782/3782/3782 3772/3772/3772
f 3784/3784/3784 3783/3783/3783 3772/3772/3772
f 3784/3784/3784 3772/3772/3772 3785/3785/3785
f 3783/3783/3783 3784/3784/3784 3786/3786/3786
f 3787/3787/3787 3780/3780/3780 3777/3777/3777
f 3787/3787/3787 3777/3777/3777 3788/3788/3788
f 3777/3777/3777 3789/3789/3789 3788/3788/3788
f 3788/3788/3788 3789/3789/3789 3790/3790/3790
f 3777/3777/3777 3791/3791/3791 3789/3789/3789
f 3780/3780/3780 3792/3792/3792 3781/3781/3781
f 3781/3781/3781 3792/3792/3792 3793/3793/3793
f 3794/3794/3794 3781/3781/3781 3793/3793/3793
f 3780/3780/3780 3795/3795/3795 3792/3792/3792
f 3795/3795/3795 3796/3796/3796 3792/3792/3792
f 3797/3797/3797 3795/3795/3795 3780/3780/3780
f 3795/3795/3795 3798/3798/3798 3796/3796/3796
f 3799/3799/3799 3795/3795/3795 3797/3797/3797
f 3795/3795/3795 3800/3800/3800 3798/3798/3798
f 3799/3799/3799 3800/3800/3800 3795/3795/3795
f 3800/3800/3800 3801/3801/3801 3798/3798/3798
f 3801/3801/3801 3800/3800/3800 3799/3799/3799
f 3802/3802/3802 3798/3798/3798 3801/3801/3801
f 3801/3801/3801 3799/3799/3799 3803/3803/3803
f 3804/3804/3804 3799/3799/3799 3797/3797/3797
f 3804/3804/3804 3803/3803/3803 3799/3799/3799
f 3804/3804/3804 3797/3797/3797 3805/3805/3805
f 3797/3797/3797 3806/3806/3806 3805/3805/3805
f 3807/3807/3807 3804/3804/3804 3805/3805/3805
f 3804/3804/3804 3807/3807/3807 3803/3803/3803
f 3807/3807/3807 3805/3805/3805 3724/3724/3724
f 3808/3808/3808 3724/3724/3724 3805/3805/3805
f 3807/3807/3807 3809/3809/3809 3803/3803/3803
f 3809/3809/3809 3807/3807/3807 3724/3724/3724
f 3803/3803/3803 3809/3809/3809 3810/3810/3810
f 3809/3809/3809 3724/3724/3724 3810/3810/3810
f 3803/3803/3803 3810/3810/3810 3811/3811/3811
f 3723/3723/3723 3810/3810/3810 3724/3724/3724
f 3812/3812/3812 3811/3811/3811 3810/3810/3810
f 3723/3723/3723 3812/3812/3812 3810/3810/3810
f 3811/3811/3811 3812/3812/3812 3813/3813/3813
f 3813/3813/3813 3812/3812/3812 3723/3723/3723
f 3811/3811/3811 3813/3813/3813 3814/3814/3814
f 3813/3813/3813 3723/3723/3723 3728/3728/3728
f 3815/3815/3815 3813/3813/3813 3728/3728/3728
f 3815/3815/3815 3814/3814/3814 3813/3813/3813
f 3815/3815/3815 3728/3728/3728 3816/3816/3816
f 3816/3816/3816 3728/3728/3728 3817/3817/3817
f 3818/3818/3818 3815/3815/3815 3816/3816/3816
f 3815/3815/3815 3818/3818/3818 3814/3814/3814
f 3818/3818/3818 3816/3816/3816 3819/3819/3819
f 3820/3820/3820 3819/3819/3819 3816/3816/3816
f 3818/3818/3818 3821/3821/3821 3814/3814/3814
f 3821/3821/3821 3818/3818/3818 3819/3819/3819
f 3814/3814/3814 3821/3821/3821 3822/3822/3822
f 3821/3821/3821 3819/3819/3819 3822/3822/3822
f 3814/3814/3814 3822/3822/3822 3823/3823/3823
f 3824/3824/3824 3822/3822/3822 3819/3819/3819
f 3824/3824/3824 3819/3819/3819 3825/3825/3825
f 3826/3826/3826 3823/3823/3823 3822/3822/3822
f 3824/3824/3824 3826/3826/3826 3822/3822/3822
f 3823/3823/3823 3826/3826/3826 3827/3827/3827
f 3827/3827/3827 3826/3826/3826 3824/3824/3824
f 3823/3823/3823 3827/3827/3827 3828/3828/3828
f 3829/3829/3829 3824/3824/3824 3825/3825/3825
f 3827/3827/3827 3824/3824/3824 3830/3830/3830
f 3830/3830/3830 3824/3824/3824 3829/3829/3829
f 3831/3831/3831 3827/3827/3827 3830/3830/3830
f 3831/3831/3831 3828/3828/3828 3827/3827/3827
f 3831/3831/3831 3830/3830/3830 3832/3832/3832
f 3830/3830/3830 3833/3833/3833 3832/3832/3832
f 3834/3834/3834 3831/3831/3831 3832/3832/3832
f 3831/3831/3831 3834/3834/3834 3828/3828/3828
f 3834/3834/3834 3832/3832/3832 3835/3835/3835
f 3836/3836/3836 3835/3835/3835 3832/3832/3832
f 3834/3834/3834 3837/3837/3837 3828/3828/3828
f 3837/3837/3837 3834/3834/3834 3835/3835/3835
f 3828/3828/3828 3837/3837/3837 3838/3838/3838
f 3837/3837/3837 3835/3835/3835 3838/3838/3838
f 3828/3828/3828 3838/3838/3838 3839/3839/3839
f 3840/3840/3840 3838/3838/3838 3835/3835/3835
f 3841/3841/3841 3840/3840/3840 3835/3835/3835
f 3842/3842/3842 3839/3839/3839 3838/3838/3838
f 3840/3840/3840 3842/3842/3842 3838/3838/3838
f 3839/3839/3839 3842/3842/3842 3843/3843/3843
f 3843/3843/3843 3842/3842/3842 3840/3840/3840
f 3839/3839/3839 3843/3843/3843 3802/3802/3802
f 3841/3841/3841 3778/3778/3778 3840/3840/3840
f 3779/3779/3779 3778/3778/3778 3841/3841/3841
f 3844/3844/3844 3779/3779/3779 3841/3841/3841
f 3779/3779/3779 3844/3844/3844 3845/3845/3845
f 3846/3846/3846 3840/3840/3840 3778/3778/3778
f 3843/3843/3843 3840/3840/3840 3846/3846/3846
f 3847/3847/3847 3843/3843/3843 3846/3846/3846
f 3847/3847/3847 3802/3802/3802 3843/3843/3843
f 3847/3847/3847 3846/3846/3846 3848/3848/3848
f 3848/3848/3848 3846/3846/3846 3849/3849/3849
f 3847/3847/3847 3850/3850/3850 3802/3802/3802
f 3850/3850/3850 3847/3847/3847 3848/3848/3848
f 3850/3850/3850 3851/3851/3851 3802/3802/3802
f 3802/3802/3802 3851/3851/3851 3798/3798/3798
f 3851/3851/3851 3796/3796/3796 3798/3798/3798
f 3851/3851/3851 3850/3850/3850 3796/3796/3796
f 3850/3850/3850 3848/3848/3848 3796/3796/3796
f 3852/3852/3852 3796/3796/3796 3848/3848/3848
f 3855/3855/3855 3854/3854/3854 3853/3853/3853
f 3854/3854/3854 3825/3825/3825 3853/3853/3853
f 3829/3829/3829 3825/3825/3825 3854/3854/3854
f 3753/3753/3753 3829/3829/3829 3854/3854/3854
f 3753/3753/3753 3760/3760/3760 3829/3829/3829
f 3856/3856/3856 3829/3829/3829 3760/3760/3760
f 3856/3856/3856 3760/3760/3760 3857/3857/3857
f 3760/3760/3760 3858/3858/3858 3857/3857/3857
f 3857/3857/3857 3858/3858/3858 3859/3859/3859
f 3760/3760/3760 3860/3860/3860 3858/3858/3858
f 3863/3863/3863 3862/3862/3862 3861/3861/3861
f 3863/3863/3863 3864/3864/3864 3862/3862/3862
f 3864/3864/3864 3865/3865/3865 3862/3862/3862
f 3864/3864/3864 3866/3866/3866 3865/3865/3865
f 3866/3866/3866 3867/3867/3867 3865/3865/3865
f 3866/3866/3866 3868/3868/3868 3867/3867/3867
f 3866/3866/3866 3869/3869/3869 3868/3868/3868
f 3872/3872/3872 3871/3871/3871 3870/3870/3870
f 3872/3872/3872 3873/3873/3873 3871/3871/3871
f 3873/3873/3873 3874/3874/3874 3871/3871/3871
f 3873/3873/3873 3875/3875/3875 3874/3874/3874
f 3875/3875/3875 3876/3876/3876 3874/3874/3874
f 3875/3875/3875 3877/3877/3877 3876/3876/3876
f 3875/3875/3875 3878/3878/3878 3877/3877/3877
f 3881/3881/3881 3880/3880/3880 3879/3879/3879
f 3881/3881/3881 3882/3882/3882 3880/3880/3880
f 3882/3882/3882 3883/3883/3883 3880/3880/3880
f 3882/3882/3882 3884/3884/3884 3883/3883/3883
f 3884/3884/3884 3885/3885/3885 3883/3883/3883
f 3884/3884/3884 3886/3886/3886 3885/3885/3885
f 3884/3884/3884 3887/3887/3887 3886/3886/3886
f 3890/3890/3890 3889/3889/3889 3888/3888/3888
f 3890/3890/3890 3891/3891/3891 3889/3889/3889
f 3891/3891/3891 3892/3892/3892 3889/3889/3889
f 3891/3891/3891 3893/3893/3893 3892/3892/3892
f 3893/3893/3893 3894/3894/3894 3892/3892/3892
f 3893/3893/3893 3895/3895/3895 3894/3894/3894
f 3893/3893/3893 3896/3896/3896 3895/3895/3895
f 3899/3899/3899 3898/3898/3898 3897/3897/3897
f 3899/3899/3899 3900/3900/3900 3898/3898/3898
f 3901/3901/3901 3898/3898/3898 3900/3900/3900
f 3901/3901/3901 3902/3902/3902 3898/3898/3898
f 3901/3901/3901 3903/3903/3903 3902/3902/3902
f 3902/3902/3902 3903/3903/3903 3904/3904/3904
f 3905/3905/3905 3904/3904/3904 3903/3903/3903
f 3904/3904/3904 3905/3905/3905 3906/3906/3906
f 3907/3907/3907 3904/3904/3904 3906/3906/3906
f 3910/3910/3910 3909/3909/3909 3908/3908/3908
f 3910/3910/3910 3911/3911/3911 3909/3909/3909
f 3912/3912/3912 3909/3909/3909 3911/3911/3911
f 3912/3912/3912 3913/3913/3913 3909/3909/3909
f 3912/3912/3912 3914/3914/3914 3913/3913/3913
f 3913/3913/3913 3914/3914/3914 3915/3915/3915
f 3916/3916/3916 3915/3915/3915 3914/3914/3914
f 3917/3917/3917 3915/3915/3915 3916/3916/3916
f 3917/3917/3917 3916/3916/3916 3918/3918/3918
f 3921/3921/3921 3920/3920/3920 3919/3919/3919
f 3922/3922/3922 3919/3919/3919 3920/3920/3920
f 3922/3922/3922 3920/3920/3920 3923/3923/3923
f 3922/3922/3922 3923/3923/3923 3924/3924/3924
f 3925/3925/3925 3922/3922/3922 3924/3924/3924
f 3928/3928/3928 3927/3927/3927 3926/3926/3926
f 3929/3929/3929 3926/3926/3926 3927/3927/3927
f 3929/3929/3929 3927/3927/3927 3930/3930/3930
f 3929/3929/3929 3930/3930/3930 3931/3931/3931
f 3932/3932/3932 3929/3929/3929 3931/3931/3931
f 3935/3935/3935 3934/3934/3934 3933/3933/3933
f 3936/3936/3936 3933/3933/3933 3934/3934/3934
f 3936/3936/3936 3934/3934/3934 3937/3937/3937
f 3936/3936/3936 3937/3937/3937 3938/3938/3938
f 3939/3939/3939 3936/3936/3936 3938/3938/3938
f 3942/3942/3942 3941/3941/3941 3940/3940/3940
f 3943/3943/3943 3940/3940/3940 3941/3941/3941
f 3943/3943/3943 3941/3941/3941 3944/3944/3944
f 3943/3943/3943 3944/3944/3944 3945/3945/3945
f 3946/3946/3946 3943/3943/3943 3945/3945/3945
f 3949/3949/3949 3948/3948/3948 3947/3947/3947
f 3950/3950/3950 3949/3949/3949 3947/3947/3947
f 3950/3950/3950 3947/3947/3947 3951/3951/3951
f 3947/3947/3947 3952/3952/3952 3951/3951/3951
f 3952/3952/3952 3953/3953/3953 3951/3951/3951
f 3953/3953/3953 3954/3954/3954 3951/3951/3951
f 3954/3954/3954 3953/3953/3953 3955/3955/3955
f 3956/3956/3956 3954/3954/3954 3955/3955/3955
f 3959/3959/3959 3958/3958/3958 3957/3957/3957
f 3959/3959/3959 3960/3960/3960 3958/3958/3958
f 3961/3961/3961 3958/3958/3958 3960/3960/3960
f 3961/3961/3961 3962/3962/3962 3958/3958/3958
f 3961/3961/3961 3963/3963/3963 3962/3962/3962
f 3962/3962/3962 3963/3963/3963 3964/3964/3964
f 3965/3965/3965 3964/3964/3964 3963/3963/3963
f 3966/3966/3966 3964/3964/3964 3965/3965/3965
f 3966/3966/3966 3965/3965/3965 3967/3967/3967
f 3970/3970/3970 3969/3969/3969 3968/3968/3968
f 3970/3970/3970 3971/3971/3971 3969/3969/3969
f 3972/3972/3972 3969/3969/3969 3971/3971/3971
f 3972/3972/3972 3973/3973/3973 3969/3969/3969
f 3972/3972/3972 3974/3974/3974 3973/3973/3973
f 3975/3975/3975 3973/3973/3973 3974/3974/3974
f 3976/3976/3976 3975/3975/3975 3974/3974/3974
f 3977/3977/3977 3975/3975/3975 3976/3976/3976
f 3977/3977/3977 3976/3976/3976 3978/3978/3978
f 3981/3981/3981 3980/3980/3980 3979/3979/3979
f 3982/3982/3982 3981/3981/3981 3979/3979/3979
f 3982/3982/3982 3979/3979/3979 3983/3983/3983
f 3979/3979/3979 3984/3984/3984 3983/3983/3983
f 3984/3984/3984 3985/3985/3985 3983/3983/3983
f 3985/3985/3985 3986/3986/3986 3983/3983/3983
f 3986/3986/3986 3985/3985/3985 3987/3987/3987
f 3988/3988/3988 3986/3986/3986 3987/3987/3987
f 3991/3991/3991 3990/3990/3990 3989/3989/3989
f 3992/3992/3992 3991/3991/3991 3989/3989/3989
f 3992/3992/3992 3989/3989/3989 3993/3993/3993
f 3989/3989/3989 3994/3994/3994 3993/3993/3993
f 3994/3994/3994 3995/3995/3995 3993/3993/3993
f 3995/3995/3995 3996/3996/3996 3993/3993/3993
f 3996/3996/3996 3995/3995/3995 3997/3997/3997
f 3998/3998/3998 3996/3996/3996 3997/3997/3997
f 4001/4001/4001 4000/4000/4000 3999/3999/3999
f 4001/4001/4001 4002/4002/4002 4000/4000/4000
f 4002/4002/4002 4001/4001/4001 4003/4003/4003
f 4002/4002/4002 4004/4004/4004 4000/4000/4000
f 4005/4005/4005 4000/4000/4000 4004/4004/4004
f 4005/4005/4005 4006/4006/4006 4000/4000/4000
f 4006/4006/4006 4007/4007/4007 4000/4000/4000
f 4006/4006/4006 4008/4008/4008 4007/4007/4007
f 4008/4008/4008 4009/4009/4009 4007/4007/4007
f 4010/4010/4010 4007/4007/4007 4009/4009/4009
f 4010/4010/4010 4011/4011/4011 4007/4007/4007
f 4011/4011/4011 4012/4012/4012 4007/4007/4007
f 4011/4011/4011 4010/4010/4010 4013/4013/4013
f 4016/4016/4016 4015/4015/4015 4014/4014/4014
f 4017/4017/4017 4016/4016/4016 4014/4014/4014
f 4016/4016/4016 4017/4017/4017 4018/4018/4018
f 4017/4017/4017 4014/4014/4014 4019/4019/4019
f 4020/4020/4020 4019/4019/4019 4014/4014/4014
f 4021/4021/4021 4020/4020/4020 4014/4014/4014
f 4021/4021/4021 4014/4014/4014 4022/4022/4022
f 4023/4023/4023 4021/4021/4021 4022/4022/4022
f 4023/4023/4023 4022/4022/4022 4024/4024/4024
f 4025/4025/4025 4024/4024/4024 4022/4022/4022
f 4026/4026/4026 4025/4025/4025 4022/4022/4022
f 4026/4026/4026 4022/4022/4022 4027/4027/4027
f 4025/4025/4025 4026/4026/4026 4028/4028/4028
f 4031/4031/4031 4030/4030/4030 4029/4029/4029
f 4032/4032/4032 4031/4031/4031 4029/4029/4029
f 4032/4032/4032 4029/4029/4029 4033/4033/4033
f 4029/4029/4029 4034/4034/4034 4033/4033/4033
f 4034/4034/4034 4035/4035/4035 4033/4033/4033
f 4035/4035/4035 4036/4036/4036 4033/4033/4033
f 4037/4037/4037 4036/4036/4036 4035/4035/4035
f 4037/4037/4037 4035/4035/4035 4038/4038/4038
f 4041/4041/4041 4040/4040/4040 4039/4039/4039
f 4042/4042/4042 4041/4041/4041 4039/4039/4039
f 4041/4041/4041 4042/4042/4042 4043/4043/4043
f 4042/4042/4042 4039/4039/4039 4044/4044/4044
f 4045/4045/4045 4044/4044/4044 4039/4039/4039
f 4046/4046/4046 4045/4045/4045 4039/4039/4039
f 4046/4046/4046 4039/4039/4039 4047/4047/4047
f 4048/4048/4048 4046/4046/4046 4047/4047/4047
f 4048/4048/4048 4047/4047/4047 4049/4049/4049
f 4050/4050/4050 4049/4049/4049 4047/4047/4047
f 4051/4051/4051 4050/4050/4050 4047/4047/4047
f 4051/4051/4051 4047/4047/4047 4052/4052/4052
f 4050/4050/4050 4051/4051/4051 4053/4053/4053
f 4056/4056/4056 4055/4055/4055 4054/4054/4054
f 4057/4057/4057 4056/4056/4056 4054/4054/4054
f 4056/4056/4056 4057/4057/4057 4058/4058/4058
f 4057/4057/4057 4054/4054/4054 4059/4059/4059
f 4060/4060/4060 4059/4059/4059 4054/4054/4054
f 4061/4061/4061 4060/4060/4060 4054/4054/4054
f 4061/4061/4061 4054/4054/4054 4062/4062/4062
f 4063/4063/4063 4061/4061/4061 4062/4062/4062
f 4063/4063/4063 4062/4062/4062 4064/4064/4064
f 4065/4065/4065 4064/4064/4064 4062/4062/4062
f 4066/4066/4066 4065/4065/4065 4062/4062/4062
f 4066/4066/4066 4062/4062/4062 4067/4067/4067
f 4065/4065/4065 4066/4066/4066 4068/4068/4068
f 4071/4071/4071 4070/4070/4070 4069/4069/4069
f 4069/4069/4069 4070/4070/4070 4072/4072/4072
f 4072/4072/4072 4070/4070/4070 4073/4073/4073
f 4069/4069/4069 4072/4072/4072 4074/4074/4074
f 4075/4075/4075 4069/4069/4069 4074/4074/4074
f 4075/4075/4075 4074/4074/4074 4076/4076/4076
f 4074/4074/4074 4077/4077/4077 4076/4076/4076
f 4078/4078/4078 4077/4077/4077 4074/4074/4074
f 4081/4081/4081 4080/4080/4080 4079/4079/4079
f 4079/4079/4079 4080/4080/4080 4082/4082/4082
f 4082/4082/4082 4080/4080/4080 4083/4083/4083
f 4079/4079/4079 4082/4082/4082 4084/4084/4084
f 4085/4085/4085 4079/4079/4079 4084/4084/4084
f 4085/4085/4085 4084/4084/4084 4086/4086/4086
f 4084/4084/4084 4087/4087/4087 4086/4086/4086
f 4088/4088/4088 4087/4087/4087 4084/4084/4084
f 4091/4091/4091 4090/4090/4090 4089/4089/4089
f 4089/4089/4089 4090/4090/4090 4092/4092/4092
f 4092/4092/4092 4090/4090/4090 4093/4093/4093
f 4089/4089/4089 4092/4092/4092 4094/4094/4094
f 4095/4095/4095 4089/4089/4089 4094/4094/4094
f 4095/4095/4095 4094/4094/4094 4096/4096/4096
f 4094/4094/4094 4097/4097/4097 4096/4096/4096
f 4098/4098/4098 4097/4097/4097 4094/4094/4094
f 4101/4101/4101 4100/4100/4100 4099/4099/4099
f 4099/4099/4099 4100/4100/4100 4102/4102/4102
f 4102/4102/4102 4100/4100/4100 4103/4103/4103
f 4099/4099/4099 4102/4102/4102 4104/4104/4104
f 4105/4105/4105 4099/4099/4099 4104/4104/4104
f 4105/4105/4105 4104/4104/4104 4106/4106/4106
f 4104/4104/4104 4107/4107/4107 4106/4106/4106
f 4108/4108/4108 4107/4107/4107 4104/4104/4104
f 4111/4111/4111 4110/4110/4110 4109/4109/4109
f 4109/4109/4109 4110/4110/4110 4112/4112/4112
f 4112/4112/4112 4110/4110/4110 4113/4113/4113
f 4109/4109/4109 4112/4112/4112 4114/4114/4114
f 4115/4115/4115 4109/4109/4109 4114/4114/4114
f 4115/4115/4115 4114/4114/4114 4116/4116/4116
f 4114/4114/4114 4117/4117/4117 4116/4116/4116
f 4118/4118/4118 4117/4117/4117 4114/4114/4114
f 4121/4121/4121 4120/4120/4120 4119/4119/4119
f 4119/4119/4119 4120/4120/4120 4122/4122/4122
f 4122/4122/4122 4120/4120/4120 4123/4123/4123
f 4119/4119/4119 4122/4122/4122 4124/4124/4124
f 4125/4125/4125 4119/4119/4119 4124/4124/4124
f 4125/4125/4125 4124/4124/4124 4126/4126/4126
f 4124/4124/4124 4127/4127/4127 4126/4126/4126
f 4128/4128/4128 4127/4127/4127 4124/4124/4124
f 4131/4131/4131 4130/4130/4130 4129/4129/4129
f 4129/4129/4129 4130/4130/4130 4132/4132/4132
f 4132/4132/4132 4130/4130/4130 4133/4133/4133
f 4129/4129/4129 4132/4132/4132 4134/4134/4134
f 4135/4135/4135 4129/4129/4129 4134/4134/4134
f 4135/4135/4135 4134/4134/4134 4136/4136/4136
f 4134/4134/4134 4137/4137/4137 4136/4136/4136
f 4138/4138/4138 4137/4137/4137 4134/4134/4134
f 4141/4141/4141 4140/4140/4140 4139/4139/4139
f 4139/4139/4139 4140/4140/4140 4142/4142/4142
f 4142/4142/4142 4140/4140/4140 4143/4143/4143
f 4139/4139/4139 4142/4142/4142 4144/4144/4144
f 4145/4145/4145 4139/4139/4139 4144/4144/4144
f 4145/4145/4145 4144/4144/4144 4146/4146/4146
f 4144/4144/4144 4147/4147/4147 4146/4146/4146
f 4148/4148/4148 4147/4147/4147 4144/4144/4144
f 4151/4151/4151 4150/4150/4150 4149/4149/4149
f 4151/4151/4151 4152/4152/4152 4150/4150/4150
f 4153/4153/4153 4150/4150/4150 4152/4152/4152
f 4153/4153/4153 4154/4154/4154 4150/4150/4150
f 4157/4157/4157 4156/4156/4156 4155/4155/4155
f 4157/4157/4157 4158/4158/4158 4156/4156/4156
f 4159/4159/4159 4156/4156/4156 4158/4158/4158
f 4159/4159/4159 4160/4160/4160 4156/4156/4156
f 4163/4163/4163 4162/4162/4162 4161/4161/4161
f 4163/4163/4163 4164/4164/4164 4162/4162/4162
f 4165/4165/4165 4162/4162/4162 4164/4164/4164
f 4165/4165/4165 4166/4166/4166 4162/4162/4162
f 4169/4169/4169 4168/4168/4168 4167/4167/4167
f 4169/4169/4169 4170/4170/4170 4168/4168/4168
f 4171/4171/4171 4168/4168/4168 4170/4170/4170
f 4171/4171/4171 4172/4172/4172 4168/4168/4168
f 4175/4175/4175 4174/4174/4174 4173/4173/4173
f 4176/4176/4176 4175/4175/4175 4173/4173/4173
f 4179/4179/4179 4178/4178/4178 4177/4177/4177
f 4180/4180/4180 4179/4179/4179 4177/4177/4177
f 4183/4183/4183 4182/4182/4182 4181/4181/4181
f 4184/4184/4184 4183/4183/4183 4181/4181/4181
f 4187/4187/4187 4186/4186/4186 4185/4185/4185
f 4188/4188/4188 4187/4187/4187 4185/4185/4185
f 4191/4191/4191 4190/4190/4190 4189/4189/4189
f 4192/4192/4192 4191/4191/4191 4189/4189/4189
f 4195/4195/4195 4194/4194/4194 4193/4193/4193
f 4196/4196/4196 4195/4195/4195 4193/4193/4193
f 4199/4199/4199 4198/4198/4198 4197/4197/4197
f 4200/4200/4200 4199/4199/4199 4197/4197/4197
f 4203/4203/4203 4202/4202/4202 4201/4201/4201
f 4204/4204/4204 4203/4203/4203 4201/4201/4201
f 4207/4207/4207 4206/4206/4206 4205/4205/4205
f 4208/4208/4208 4207/4207/4207 4205/4205/4205
f 4211/4211/4211 4210/4210/4210 4209/4209/4209
f 4212/4212/4212 4211/4211/4211 4209/4209/4209
f 4215/4215/4215 4214/4214/4214 4213/4213/4213
f 4216/4216/4216 4215/4215/4215 4213/4213/4213
f 4219/4219/4219 4218/4218/4218 4217/4217/4217
f 4220/4220/4220 4219/4219/4219 4217/4217/4217
f 4223/4223/4223 4222/4222/4222 4221/4221/4221
f 4224/4224/4224 4223/4223/4223 4221/4221/4221
f 4227/4227/4227 4226/4226/4226 4225/4225/4225
f 4228/4228/4228 4227/4227/4227 4225/4225/4225
f 4231/4231/4231 4230/4230/4230 4229/4229/4229
f 4232/4232/4232 4231/4231/4231 4229/4229/4229
f 4235/4235/4235 4234/4234/4234 4233/4233/4233
f 4236/4236/4236 4235/4235/4235 4233/4233/4233
f 4239/4239/4239 4238/4238/4238 4237/4237/4237
f 4240/4240/4240 4239/4239/4239 4237/4237/4237
f 4243/4243/4243 4242/4242/4242 4241/4241/4241
f 4244/4244/4244 4243/4243/4243 4241/4241/4241
f 4247/4247/4247 4246/4246/4246 4245/4245/4245
f 4248/4248/4248 4247/4247/4247 4245/4245/4245
f 4251/4251/4251 4250/4250/4250 4249/4249/4249
f 4252/4252/4252 4251/4251/4251 4249/4249/4249
f 4255/4255/4255 4254/4254/4254 4253/4253/4253
f 4256/4256/4256 4255/4255/4255 4253/4253/4253
f 4259/4259/4259 4258/4258/4258 4257/4257/4257
f 4260/4260/4260 4259/4259/4259 4257/4257/4257
f 4263/4263/4263 4262/4262/4262 4261/4261/4261
f 4264/4264/4264 4263/4263/4263 4261/4261/4261
f 4267/4267/4267 4266/4266/4266 4265/4265/4265
f 4268/4268/4268 4267/4267/4267 4265/4265/4265
f 4271/4271/4271 4270/4270/4270 4269/4269/4269
f 4272/4272/4272 4271/4271/4271 4269/4269/4269
f 4275/4275/4275 4274/4274/4274 4273/4273/4273
f 4276/4276/4276 4275/4275/4275 4273/4273/4273
f 4279/4279/4279 4278/4278/4278 4277/4277/4277
f 4280/4280/4280 4279/4279/4279 4277/4277/4277
f 4283/4283/4283 4282/4282/4282 4281/4281/4281
f 4284/4284/4284 4283/4283/4283 4281/4281/4281
f 4287/4287/4287 4286/4286/4286 4285/4285/4285
f 4288/4288/4288 4287/4287/4287 4285/4285/4285
f 4291/4291/4291 4290/4290/4290 4289/4289/4289
f 4292/4292/4292 4291/4291/4291 4289/4289/4289
f 4295/4295/4295 4294/4294/4294 4293/4293/4293
f 4296/4296/4296 4295/4295/4295 4293/4293/4293
f 4299/4299/4299 4298/4298/4298 4297/4297/4297
f 4300/4300/4300 4299/4299/4299 4297/4297/4297
f 4303/4303/4303 4302/4302/4302 4301/4301/4301
f 4304/4304/4304 4303/4303/4303 4301/4301/4301
f 4307/4307/4307 4306/4306/4306 4305/4305/4305
f 4308/4308/4308 4307/4307/4307 4305/4305/4305
f 4311/4311/4311 4310/4310/4310 4309/4309/4309
f 4312/4312/4312 4311/4311/4311 4309/4309/4309
f 4315/4315/4315 4314/4314/4314 4313/4313/4313
f 4316/4316/4316 4315/4315/4315 4313/4313/4313
f 4319/4319/4319 4318/4318/4318 4317/4317/4317
f 4320/4320/4320 4319/4319/4319 4317/4317/4317
f 4323/4323/4323 4322/4322/4322 4321/4321/4321
f 4324/4324/4324 4323/4323/4323 4321/4321/4321
f 4327/4327/4327 4326/4326/4326 4325/4325/4325
f 4328/4328/4328 4327/4327/4327 4325/4325/4325
f 4331/4331/4331 4330/4330/4330 4329/4329/4329
f 4332/4332/4332 4331/4331/4331 4329/4329/4329
f 4335/4335/4335 4334/4334/4334 4333/4333/4333
f 4336/4336/4336 4335/4335/4335 4333/4333/4333
f 4339/4339/4339 4338/4338/4338 4337/4337/4337
f 4340/4340/4340 4339/4339/4339 4337/4337/4337
f 4343/4343/4343 4342/4342/4342 4341/4341/4341
f 4344/4344/4344 4343/4343/4343 4341/4341/4341
f 4347/4347/4347 4346/4346/4346 4345/4345/4345
f 4348/4348/4348 4347/4347/4347 4345/4345/4345
f 4351/4351/4351 4350/4350/4350 4349/4349/4349
f 4352/4352/4352 4351/4351/4351 4349/4349/4349
f 4355/4355/4355 4354/4354/4354 4353/4353/4353
f 4356/4356/4356 4355/4355/4355 4353/4353/4353
f 4359/4359/4359 4358/4358/4358 4357/4357/4357
f 4360/4360/4360 4359/4359/4359 4357/4357/4357
f 4363/4363/4363 4362/4362/4362 4361/4361/4361
f 4364/4364/4364 4363/4363/4363 4361/4361/4361
f 4367/4367/4367 4366/4366/4366 4365/4365/4365
f 4368/4368/4368 4367/4367/4367 4365/4365/4365
f 4371/4371/4371 4370/4370/4370 4369/4369/4369
f 4372/4372/4372 4371/4371/4371 4369/4369/4369
f 4375/4375/4375 4374/4374/4374 4373/4373/4373
f 4376/4376/4376 4375/4375/4375 4373/4373/4373
f 4379/4379/4379 4378/4378/4378 4377/4377/4377
f 4380/4380/4380 4379/4379/4379 4377/4377/4377
f 4383/4383/4383 4382/4382/4382 4381/4381/4381
f 4384/4384/4384 4383/4383/4383 4381/4381/4381
f 4387/4387/4387 4386/4386/4386 4385/4385/4385
f 4388/4388/4388 4387/4387/4387 4385/4385/4385
f 4391/4391/4391 4390/4390/4390 4389/4389/4389
f 4392/4392/4392 4391/4391/4391 4389/4389/4389
f 4395/4395/4395 4394/4394/4394 4393/4393/4393
f 4396/4396/4396 4395/4395/4395 4393/4393/4393
f 4399/4399/4399 4398/4398/4398 4397/4397/4397
f 4400/4400/4400 4399/4399/4399 4397/4397/4397
f 4403/4403/4403 4402/4402/4402 4401/4401/4401
f 4404/4404/4404 4403/4403/4403 4401/4401/4401
f 4407/4407/4407 4406/4406/4406 4405/4405/4405
f 4408/4408/4408 4407/4407/4407 4405/4405/4405
f 4411/4411/4411 4410/4410/4410 4409/4409/4409
f 4412/4412/4412 4411/4411/4411 4409/4409/4409
f 4415/4415/4415 4414/4414/4414 4413/4413/4413
f 4416/4416/4416 4415/4415/4415 4413/4413/4413
f 4419/4419/4419 4418/4418/4418 4417/4417/4417
f 4420/4420/4420 4419/4419/4419 4417/4417/4417
f 4423/4423/4423 4422/4422/4422 4421/4421/4421
f 4424/4424/4424 4423/4423/4423 4421/4421/4421
f 4427/4427/4427 4426/4426/4426 4425/4425/4425
f 4428/4428/4428 4427/4427/4427 4425/4425/4425
f 4431/4431/4431 4430/4430/4430 4429/4429/4429
f 4432/4432/4432 4431/4431/4431 4429/4429/4429
f 4435/4435/4435 4434/4434/4434 4433/4433/4433
f 4436/4436/4436 4435/4435/4435 4433/4433/4433
f 4439/4439/4439 4438/4438/4438 4437/4437/4437
f 4440/4440/4440 4439/4439/4439 4437/4437/4437
f 4443/4443/4443 4442/4442/4442 4441/4441/4441
f 4444/4444/4444 4443/4443/4443 4441/4441/4441
f 4447/4447/4447 4446/4446/4446 4445/4445/4445
f 4448/4448/4448 4447/4447/4447 4445/4445/4445
f 4451/4451/4451 4450/4450/4450 4449/4449/4449
f 4452/4452/4452 4451/4451/4451 4449/4449/4449
f 4455/4455/4455 4454/4454/4454 4453/4453/4453
f 4456/4456/4456 4455/4455/4455 4453/4453/4453
f 4459/4459/4459 4458/4458/4458 4457/4457/4457
f 4460/4460/4460 4459/4459/4459 4457/4457/4457
f 4463/4463/4463 4462/4462/4462 4461/4461/4461
f 4464/4464/4464 4463/4463/4463 4461/4461/4461
f 4467/4467/4467 4466/4466/4466 4465/4465/4465
f 4468/4468/4468 4467/4467/4467 4465/4465/4465
f 4471/4471/4471 4470/4470/4470 4469/4469/4469
f 4472/4472/4472 4471/4471/4471 4469/4469/4469
f 4475/4475/4475 4474/4474/4474 4473/4473/4473
f 4476/4476/4476 4475/4475/4475 4473/4473/4473
f 4479/4479/4479 4478/4478/4478 4477/4477/4477
f 4480/4480/4480 4479/4479/4479 4477/4477/4477
f 4483/4483/4483 4482/4482/4482 4481/4481/4481
f 4484/4484/4484 4483/4483/4483 4481/4481/4481
f 4487/4487/4487 4486/4486/4486 4485/4485/4485
f 4488/4488/4488 4487/4487/4487 4485/4485/4485
f 4491/4491/4491 4490/4490/4490 4489/4489/4489
f 4492/4492/4492 4491/4491/4491 4489/4489/4489
f 4495/4495/4495 4494/4494/4494 4493/4493/4493
f 4496/4496/4496 4495/4495/4495 4493/4493/4493
f 4499/4499/4499 4498/4498/4498 4497/4497/4497
f 4500/4500/4500 4499/4499/4499 4497/4497/4497
f 4503/4503/4503 4502/4502/4502 4501/4501/4501
f 4504/4504/4504 4503/4503/4503 4501/4501/4501
f 4507/4507/4507 4506/4506/4506 4505/4505/4505
f 4508/4508/4508 4507/4507/4507 4505/4505/4505
f 4511/4511/4511 4510/4510/4510 4509/4509/4509
f 4512/4512/4512 4511/4511/4511 4509/4509/4509
f 4515/4515/4515 4514/4514/4514 4513/4513/4513
f 4516/4516/4516 4515/4515/4515 4513/4513/4513
f 4519/4519/4519 4518/4518/4518 4517/4517/4517
f 4520/4520/4520 4519/4519/4519 4517/4517/4517
f 4523/4523/4523 4522/4522/4522 4521/4521/4521
f 4524/4524/4524 4523/4523/4523 4521/4521/4521
f 4527/4527/4527 4526/4526/4526 4525/4525/4525
f 4528/4528/4528 4527/4527/4527 4525/4525/4525
f 4531/4531/4531 4530/4530/4530 4529/4529/4529
f 4532/4532/4532 4531/4531/4531 4529/4529/4529
f 4535/4535/4535 4534/4534/4534 4533/4533/4533
f 4536/4536/4536 4535/4535/4535 4533/4533/4533
f 4539/4539/4539 4538/4538/4538 4537/4537/4537
f 4540/4540/4540 4539/4539/4539 4537/4537/4537
f 4543/4543/4543 4542/4542/4542 4541/4541/4541
f 4544/4544/4544 4543/4543/4543 4541/4541/4541
f 4547/4547/4547 4546/4546/4546 4545/4545/4545
f 4548/4548/4548 4547/4547/4547 4545/4545/4545
f 4551/4551/4551 4550/4550/4550 4549/4549/4549
f 4552/4552/4552 4551/4551/4551 4549/4549/4549
f 4555/4555/4555 4554/4554/4554 4553/4553/4553
f 4556/4556/4556 4555/4555/4555 4553/4553/4553
f 4559/4559/4559 4558/4558/4558 4557/4557/4557
f 4560/4560/4560 4559/4559/4559 4557/4557/4557
f 4563/4563/4563 4562/4562/4562 4561/4561/4561
f 4564/4564/4564 4563/4563/4563 4561/4561/4561
f 4567/4567/4567 4566/4566/4566 4565/4565/4565
f 4568/4568/4568 4567/4567/4567 4565/4565/4565
f 4571/4571/4571 4570/4570/4570 4569/4569/4569
f 4572/4572/4572 4571/4571/4571 4569/4569/4569
f 4575/4575/4575 4574/4574/4574 4573/4573/4573
f 4576/4576/4576 4575/4575/4575 4573/4573/4573
f 4579/4579/4579 4578/4578/4578 4577/4577/4577
f 4580/4580/4580 4579/4579/4579 4577/4577/4577
f 4583/4583/4583 4582/4582/4582 4581/4581/4581
f 4584/4584/4584 4583/4583/4583 4581/4581/4581
f 4587/4587/4587 4586/4586/4586 4585/4585/4585
f 4588/4588/4588 4587/4587/4587 4585/4585/4585
f 4591/4591/4591 4590/4590/4590 4589/4589/4589
f 4592/4592/4592 4591/4591/4591 4589/4589/4589
f 4595/4595/4595 4594/4594/4594 4593/4593/4593
f 4596/4596/4596 4595/4595/4595 4593/4593/4593
f 4599/4599/4599 4598/4598/4598 4597/4597/4597
f 4600/4600/4600 4599/4599/4599 4597/4597/4597
f 4603/4603/4603 4602/4602/4602 4601/4601/4601
f 4604/4604/4604 4603/4603/4603 4601/4601/4601
f 4607/4607/4607 4606/4606/4606 4605/4605/4605
f 4608/4608/4608 4607/4607/4607 4605/4605/4605
f 4611/4611/4611 4610/4610/4610 4609/4609/4609
f 4612/4612/4612 4611/4611/4611 4609/4609/4609
f 4615/4615/4615 4614/4614/4614 4613/4613/4613
f 4616/4616/4616 4615/4615/4615 4613/4613/4613
f 4619/4619/4619 4618/4618/4618 4617/4617/4617
f 4620/4620/4620 4619/4619/4619 4617/4617/4617
f 4623/4623/4623 4622/4622/4622 4621/4621/4621
f 4623/4623/4623 4624/4624/4624 4622/4622/4622
f 4624/4624/4624 4625/4625/4625 4622/4622/4622
f 4624/4624/4624 4626/4626/4626 4625/4625/4625
f 4626/4626/4626 4627/4627/4627 4625/4625/4625
f 4626/4626/4626 4628/4628/4628 4627/4627/4627
f 4628/4628/4628 4629/4629/4629 4627/4627/4627
f 4632/4632/4632 4631/4631/4631 4630/4630/4630
f 4632/4632/4632 4633/4633/4633 4631/4631/4631
f 4633/4633/4633 4634/4634/4634 4631/4631/4631
f 4633/4633/4633 4635/4635/4635 4634/4634/4634
f 4635/4635/4635 4636/4636/4636 4634/4634/4634
f 4635/4635/4635 4637/4637/4637 4636/4636/4636
f 4637/4637/4637 4638/4638/4638 4636/4636/4636
f 4641/4641/4641 4640/4640/4640 4639/4639/4639
f 4642/4642/4642 4641/4641/4641 4639/4639/4639
f 4642/4642/4642 4639/4639/4639 4643/4643/4643
f 4644/4644/4644 4642/4642/4642 4643/4643/4643
f 4644/4644/4644 4643/4643/4643 4645/4645/4645
f 4646/4646/4646 4644/4644/4644 4645/4645/4645
f 4646/4646/4646 4645/4645/4645 4647/4647/4647
f 4650/4650/4650 4649/4649/4649 4648/4648/4648
f 4651/4651/4651 4650/4650/4650 4648/4648/4648
f 4651/4651/4651 4648/4648/4648 4652/4652/4652
f 4653/4653/4653 4651/4651/4651 4652/4652/4652
f 4653/4653/4653 4652/4652/4652 4654/4654/4654
f 4655/4655/4655 4653/4653/4653 4654/4654/4654
f 4655/4655/4655 4654/4654/4654 4656/4656/4656
f 4659/4659/4659 4658/4658/4658 4657/4657/4657
f 4659/4659/4659 4657/4657/4657 4660/4660/4660
f 4663/4663/4663 4662/4662/4662 4661/4661/4661
f 4663/4663/4663 4661/4661/4661 4664/4664/4664
f 4667/4667/4667 4666/4666/4666 4665/4665/4665
f 4667/4667/4667 4665/4665/4665 4668/4668/4668
f 4671/4671/4671 4670/4670/4670 4669/4669/4669
f 4671/4671/4671 4669/4669/4669 4672/4672/4672
f 4675/4675/4675 4674/4674/4674 4673/4673/4673
f 4675/4675/4675 4676/4676/4676 4674/4674/4674
f 4679/4679/4679 4678/4678/4678 4677/4677/4677
f 4677/4677/4677 4680/4680/4680 4679/4679/4679
f 4677/4677/4677 4681/4681/4681 4680/4680/4680
f 4681/4681/4681 4682/4682/4682 4680/4680/4680
f 4681/4681/4681 4683/4683/4683 4682/4682/4682
f 4683/4683/4683 4684/4684/4684 4682/4682/4682
f 4687/4687/4687 4686/4686/4686 4685/4685/4685
f 4685/4685/4685 4688/4688/4688 4687/4687/4687
f 4685/4685/4685 4689/4689/4689 4688/4688/4688
f 4689/4689/4689 4690/4690/4690 4688/4688/4688
f 4689/4689/4689 4691/4691/4691 4690/4690/4690
f 4691/4691/4691 4692/4692/4692 4690/4690/4690
f 4695/4695/4695 4694/4694/4694 4693/4693/4693
f 4695/4695/4695 4696/4696/4696 4694/4694/4694
f 4699/4699/4699 4698/4698/4698 4697/4697/4697
f 4697/4697/4697 4698/4698/4698 4700/4700/4700
f 4697/4697/4697 4700/4700/4700 4701/4701/4701
f 4702/4702/4702 4701/4701/4701 4700/4700/4700
f 4702/4702/4702 4703/4703/4703 4701/4701/4701
f 4703/4703/4703 4704/4704/4704 4701/4701/4701
f 4707/4707/4707 4706/4706/4706 4705/4705/4705
f 4707/4707/4707 4705/4705/4705 4708/4708/4708
f 4711/4711/4711 4710/4710/4710 4709/4709/4709
f 4709/4709/4709 4710/4710/4710 4712/4712/4712
f 4709/4709/4709 4712/4712/4712 4713/4713/4713
f 4714/4714/4714 4713/4713/4713 4712/4712/4712
f 4714/4714/4714 4715/4715/4715 4713/4713/4713
f 4715/4715/4715 4716/4716/4716 4713/4713/4713
f 4719/4719/4719 4718/4718/4718 4717/4717/4717
f 4719/4719/4719 4717/4717/4717 4720/4720/4720
f 4723/4723/4723 4722/4722/4722 4721/4721/4721
f 4722/4722/4722 4724/4724/4724 4721/4721/4721
f 4722/4722/4722 4725/4725/4725 4724/4724/4724
f 4722/4722/4722 4726/4726/4726 4725/4725/4725
f 4729/4729/4729 4728/4728/4728 4727/4727/4727
f 4728/4728/4728 4730/4730/4730 4727/4727/4727
f 4728/4728/4728 4731/4731/4731 4730/4730/4730
f 4728/4728/4728 4732/4732/4732 4731/4731/4731
f 4735/4735/4735 4734/4734/4734 4733/4733/4733
f 4735/4735/4735 4733/4733/4733 4736/4736/4736
f 4736/4736/4736 4737/4737/4737 4735/4735/4735
f 4740/4740/4740 4739/4739/4739 4738/4738/4738
f 4740/4740/4740 4738/4738/4738 4741/4741/4741
f 4741/4741/4741 4742/4742/4742 4740/4740/4740
f 4745/4745/4745 4744/4744/4744 4743/4743/4743
f 4745/4745/4745 4746/4746/4746 4744/4744/4744
f 4745/4745/4745 4747/4747/4747 4746/4746/4746
f 4750/4750/4750 4749/4749/4749 4748/4748/4748
f 4748/4748/4748 4749/4749/4749 4751/4751/4751
f 4748/4748/4748 4751/4751/4751 4752/4752/4752
f 4753/4753/4753 4752/4752/4752 4751/4751/4751
f 4753/4753/4753 4754/4754/4754 4752/4752/4752
f 4754/4754/4754 4755/4755/4755 4752/4752/4752
f 4754/4754/4754 4756/4756/4756 4755/4755/4755
f 4756/4756/4756 4757/4757/4757 4755/4755/4755
f 4760/4760/4760 4759/4759/4759 4758/4758/4758
f 4760/4760/4760 4761/4761/4761 4759/4759/4759
f 4762/4762/4762 4761/4761/4761 4760/4760/4760
f 4765/4765/4765 4764/4764/4764 4763/4763/4763
f 4763/4763/4763 4764/4764/4764 4766/4766/4766
f 4763/4763/4763 4766/4766/4766 4767/4767/4767
f 4768/4768/4768 4767/4767/4767 4766/4766/4766
f 4768/4768/4768 4769/4769/4769 4767/4767/4767
f 4769/4769/4769 4770/4770/4770 4767/4767/4767
f 4769/4769/4769 4771/4771/4771 4770/4770/4770
f 4771/4771/4771 4772/4772/4772 4770/4770/4770
f 4775/4775/4775 4774/4774/4774 4773/4773/4773
f 4775/4775/4775 4776/4776/4776 4774/4774/4774
f 4775/4775/4775 4777/4777/4777 4776/4776/4776
f 4777/4777/4777 4778/4778/4778 4776/4776/4776
f 4777/4777/4777 4779/4779/4779 4778/4778/4778
f 4777/4777/4777 4780/4780/4780 4779/4779/4779
f 4777/4777/4777 4781/4781/4781 4780/4780/4780
f 4781/4781/4781 4782/4782/4782 4780/4780/4780
f 4781/4781/4781 4777/4777/4777 4783/4783/4783
f 4777/4777/4777 4775/4775/4775 4784/4784/4784
f 4777/4777/4777 4784/4784/4784 4783/4783/4783
f 4785/4785/4785 4783/4783/4783 4784/4784/4784
f 4784/4784/4784 4775/4775/4775 4786/4786/4786
f 4784/4784/4784 4786/4786/4786 4785/4785/4785
f 4785/4785/4785 4787/4787/4787 4783/4783/4783
f 4787/4787/4787 4788/4788/4788 4783/4783/4783
f 4787/4787/4787 4789/4789/4789 4788/4788/4788
f 4790/4790/4790 4785/4785/4785 4786/4786/4786
f 4791/4791/4791 4790/4790/4790 4786/4786/4786
f 4790/4790/4790 4791/4791/4791 4792/4792/4792
f 4792/4792/4792 4793/4793/4793 4790/4790/4790
f 4793/4793/4793 4792/4792/4792 4794/4794/4794
f 4790/4790/4790 4795/4795/4795 4785/4785/4785
f 4793/4793/4793 4795/4795/4795 4790/4790/4790
f 4796/4796/4796 4789/4789/4789 4787/4787/4787
f 4797/4797/4797 4787/4787/4787 4785/4785/4785
f 4796/4796/4796 4787/4787/4787 4797/4797/4797
f 4798/4798/4798 4789/4789/4789 4796/4796/4796
f 4798/4798/4798 4796/4796/4796 4797/4797/4797
f 4799/4799/4799 4789/4789/4789 4798/4798/4798
f 4797/4797/4797 4785/4785/4785 4800/4800/4800
f 4795/4795/4795 4800/4800/4800 4785/4785/4785
f 4798/4798/4798 4797/4797/4797 4800/4800/4800
f 4793/4793/4793 4801/4801/4801 4795/4795/4795
f 4801/4801/4801 4800/4800/4800 4795/4795/4795
f 4802/4802/4802 4793/4793/4793 4794/4794/4794
f 4801/4801/4801 4793/4793/4793 4802/4802/4802
f 4801/4801/4801 4803/4803/4803 4800/4800/4800
f 4803/4803/4803 4798/4798/4798 4800/4800/4800
f 4803/4803/4803 4801/4801/4801 4802/4802/4802
f 4804/4804/4804 4799/4799/4799 4798/4798/4798
f 4804/4804/4804 4798/4798/4798 4803/4803/4803
f 4802/4802/4802 4794/4794/4794 4805/4805/4805
f 4794/4794/4794 4806/4806/4806 4805/4805/4805
f 4803/4803/4803 4802/4802/4802 4807/4807/4807
f 4807/4807/4807 4804/4804/4804 4803/4803/4803
f 4807/4807/4807 4802/4802/4802 4808/4808/4808
f 4802/4802/4802 4805/4805/4805 4808/4808/4808
f 4808/4808/4808 4804/4804/4804 4807/4807/4807
f 4804/4804/4804 4809/4809/4809 4799/4799/4799
f 4809/4809/4809 4810/4810/4810 4799/4799/4799
f 4810/4810/4810 4809/4809/4809 4811/4811/4811
f 4805/4805/4805 4806/4806/4806 4812/4812/4812
f 4812/4812/4812 4806/4806/4806 4813/4813/4813
f 4805/4805/4805 4812/4812/4812 4814/4814/4814
f 4808/4808/4808 4805/4805/4805 4814/4814/4814
f 4808/4808/4808 4815/4815/4815 4804/4804/4804
f 4815/4815/4815 4809/4809/4809 4804/4804/4804
f 4809/4809/4809 4816/4816/4816 4811/4811/4811
f 4817/4817/4817 4811/4811/4811 4816/4816/4816
f 4818/4818/4818 4817/4817/4817 4816/4816/4816
f 4816/4816/4816 4819/4819/4819 4818/4818/4818
f 4819/4819/4819 4820/4820/4820 4818/4818/4818
f 4819/4819/4819 4821/4821/4821 4820/4820/4820
f 4821/4821/4821 4822/4822/4822 4820/4820/4820
f 4823/4823/4823 4820/4820/4820 4822/4822/4822
f 4823/4823/4823 4822/4822/4822 4824/4824/4824
f 4825/4825/4825 4823/4823/4823 4824/4824/4824
f 4825/4825/4825 4824/4824/4824 4826/4826/4826
f 4827/4827/4827 4825/4825/4825 4826/4826/4826
f 4828/4828/4828 4816/4816/4816 4809/4809/4809
f 4809/4809/4809 4815/4815/4815 4828/4828/4828
f 4828/4828/4828 4829/4829/4829 4816/4816/4816
f 4815/4815/4815 4829/4829/4829 4828/4828/4828
f 4815/4815/4815 4808/4808/4808 4829/4829/4829
f 4808/4808/4808 4814/4814/4814 4829/4829/4829
f 4814/4814/4814 4830/4830/4830 4829/4829/4829
f 4814/4814/4814 4812/4812/4812 4830/4830/4830
f 4813/4813/4813 4830/4830/4830 4812/4812/4812
f 4813/4813/4813 4831/4831/4831 4830/4830/4830
f 4832/4832/4832 4831/4831/4831 4813/4813/4813
f 4830/4830/4830 4831/4831/4831 4833/4833/4833
f 4833/4833/4833 4831/4831/4831 4834/4834/4834
f 4835/4835/4835 4833/4833/4833 4834/4834/4834
f 4835/4835/4835 4834/4834/4834 4836/4836/4836
f 4834/4834/4834 4837/4837/4837 4836/4836/4836
f 4837/4837/4837 4838/4838/4838 4836/4836/4836
f 4837/4837/4837 4839/4839/4839 4838/4838/4838
f 4839/4839/4839 4840/4840/4840 4838/4838/4838
f 4839/4839/4839 4841/4841/4841 4840/4840/4840
f 4841/4841/4841 4842/4842/4842 4840/4840/4840
f 4843/4843/4843 4840/4840/4840 4842/4842/4842
f 4841/4841/4841 4844/4844/4844 4842/4842/4842
f 4843/4843/4843 4842/4842/4842 4844/4844/4844
f 4841/4841/4841 4845/4845/4845 4844/4844/4844
f 4843/4843/4843 4844/4844/4844 4846/4846/4846
f 4845/4845/4845 4846/4846/4846 4844/4844/4844
f 4847/4847/4847 4843/4843/4843 4846/4846/4846
f 4845/4845/4845 4848/4848/4848 4846/4846/4846
f 4847/4847/4847 4846/4846/4846 4849/4849/4849
f 4848/4848/4848 4849/4849/4849 4846/4846/4846
f 4850/4850/4850 4847/4847/4847 4849/4849/4849
f 4848/4848/4848 4850/4850/4850 4849/4849/4849
f 4848/4848/4848 4851/4851/4851 4850/4850/4850
f 4848/4848/4848 4852/4852/4852 4851/4851/4851
f 4850/4850/4850 4851/4851/4851 4853/4853/4853
f 4852/4852/4852 4854/4854/4854 4851/4851/4851
f 4854/4854/4854 4853/4853/4853 4851/4851/4851
f 4852/4852/4852 4855/4855/4855 4854/4854/4854
f 4854/4854/4854 4856/4856/4856 4853/4853/4853
f 4855/4855/4855 4856/4856/4856 4854/4854/4854
f 4856/4856/4856 4857/4857/4857 4853/4853/4853
f 4856/4856/4856 4855/4855/4855 4857/4857/4857
f 4855/4855/4855 4858/4858/4858 4857/4857/4857
f 4858/4858/4858 4859/4859/4859 4857/4857/4857
f 4858/4858/4858 4860/4860/4860 4859/4859/4859
f 4860/4860/4860 4861/4861/4861 4859/4859/4859
f 4860/4860/4860 4862/4862/4862 4861/4861/4861
f 4863/4863/4863 4861/4861/4861 4862/4862/4862
f 4864/4864/4864 4863/4863/4863 4862/4862/4862
f 4864/4864/4864 4862/4862/4862 4865/4865/4865
f 4866/4866/4866 4864/4864/4864 4865/4865/4865
f 4865/4865/4865 4867/4867/4867 4866/4866/4866
f 4867/4867/4867 4868/4868/4868 4866/4866/4866
f 4869/4869/4869 4866/4866/4866 4868/4868/4868
f 4870/4870/4870 4869/4869/4869 4868/4868/4868
f 4869/4869/4869 4870/4870/4870 4871/4871/4871
f 4872/4872/4872 4866/4866/4866 4869/4869/4869
f 4872/4872/4872 4873/4873/4873 4866/4866/4866
f 4869/4869/4869 4874/4874/4874 4872/4872/4872
f 4874/4874/4874 4873/4873/4873 4872/4872/4872
f 4875/4875/4875 4869/4869/4869 4871/4871/4871
f 4874/4874/4874 4869/4869/4869 4875/4875/4875
f 4874/4874/4874 4876/4876/4876 4873/4873/4873
f 4876/4876/4876 4874/4874/4874 4875/4875/4875
f 4875/4875/4875 4871/4871/4871 4877/4877/4877
f 4871/4871/4871 4878/4878/4878 4877/4877/4877
f 4876/4876/4876 4879/4879/4879 4873/4873/4873
f 4879/4879/4879 4880/4880/4880 4873/4873/4873
f 4875/4875/4875 4877/4877/4877 4881/4881/4881
f 4876/4876/4876 4875/4875/4875 4882/4882/4882
f 4882/4882/4882 4875/4875/4875 4881/4881/4881
f 4882/4882/4882 4883/4883/4883 4876/4876/4876
f 4881/4881/4881 4883/4883/4883 4882/4882/4882
f 4876/4876/4876 4884/4884/4884 4879/4879/4879
f 4883/4883/4883 4884/4884/4884 4876/4876/4876
f 4879/4879/4879 4885/4885/4885 4880/4880/4880
f 4884/4884/4884 4885/4885/4885 4879/4879/4879
f 4884/4884/4884 4886/4886/4886 4885/4885/4885
f 4885/4885/4885 4886/4886/4886 4887/4887/4887
f 4887/4887/4887 4880/4880/4880 4885/4885/4885
f 4888/4888/4888 4886/4886/4886 4884/4884/4884
f 4883/4883/4883 4888/4888/4888 4884/4884/4884
f 4887/4887/4887 4889/4889/4889 4880/4880/4880
f 4890/4890/4890 4889/4889/4889 4887/4887/4887
f 4880/4880/4880 4889/4889/4889 4891/4891/4891
f 4891/4891/4891 4889/4889/4889 4892/4892/4892
f 4893/4893/4893 4891/4891/4891 4892/4892/4892
f 4893/4893/4893 4892/4892/4892 4894/4894/4894
f 4892/4892/4892 4895/4895/4895 4894/4894/4894
f 4895/4895/4895 4896/4896/4896 4894/4894/4894
f 4895/4895/4895 4897/4897/4897 4896/4896/4896
f 4897/4897/4897 4898/4898/4898 4896/4896/4896
f 4897/4897/4897 4899/4899/4899 4898/4898/4898
f 4883/4883/4883 4900/4900/4900 4888/4888/4888
f 4900/4900/4900 4901/4901/4901 4888/4888/4888
f 4899/4899/4899 4902/4902/4902 4898/4898/4898
f 4903/4903/4903 4898/4898/4898 4902/4902/4902
f 4899/4899/4899 4904/4904/4904 4902/4902/4902
f 4903/4903/4903 4902/4902/4902 4904/4904/4904
f 4899/4899/4899 4905/4905/4905 4904/4904/4904
f 4905/4905/4905 4906/4906/4906 4904/4904/4904
f 4903/4903/4903 4904/4904/4904 4906/4906/4906
f 4905/4905/4905 4907/4907/4907 4906/4906/4906
f 4908/4908/4908 4900/4900/4900 4883/4883/4883
f 4881/4881/4881 4908/4908/4908 4883/4883/4883
f 4901/4901/4901 4900/4900/4900 4909/4909/4909
f 4909/4909/4909 4910/4910/4910 4901/4901/4901
f 4910/4910/4910 4909/4909/4909 4911/4911/4911
f 4909/4909/4909 4912/4912/4912 4911/4911/4911
f 4900/4900/4900 4913/4913/4913 4909/4909/4909
f 4900/4900/4900 4908/4908/4908 4913/4913/4913
f 4909/4909/4909 4913/4913/4913 4912/4912/4912
f 4908/4908/4908 4881/4881/4881 4914/4914/4914
f 4908/4908/4908 4914/4914/4914 4913/4913/4913
f 4913/4913/4913 4914/4914/4914 4912/4912/4912
f 4881/4881/4881 4877/4877/4877 4914/4914/4914
f 4877/4877/4877 4915/4915/4915 4914/4914/4914
f 4915/4915/4915 4912/4912/4912 4914/4914/4914
f 4877/4877/4877 4916/4916/4916 4915/4915/4915
f 4877/4877/4877 4878/4878/4878 4916/4916/4916
f 4916/4916/4916 4917/4917/4917 4915/4915/4915
f 4916/4916/4916 4878/4878/4878 4917/4917/4917
f 4915/4915/4915 4917/4917/4917 4912/4912/4912
f 4917/4917/4917 4878/4878/4878 4918/4918/4918
f 4917/4917/4917 4918/4918/4918 4919/4919/4919
f 4912/4912/4912 4917/4917/4917 4919/4919/4919
f 4920/4920/4920 4911/4911/4911 4912/4912/4912
f 4912/4912/4912 4919/4919/4919 4920/4920/4920
f 4921/4921/4921 4920/4920/4920 4919/4919/4919
f 4920/4920/4920 4922/4922/4922 4911/4911/4911
f 4921/4921/4921 4922/4922/4922 4920/4920/4920
f 4923/4923/4923 4921/4921/4921 4919/4919/4919
f 4921/4921/4921 4923/4923/4923 4924/4924/4924
f 4923/4923/4923 4925/4925/4925 4924/4924/4924
f 4921/4921/4921 4924/4924/4924 4926/4926/4926
f 4921/4921/4921 4926/4926/4926 4927/4927/4927
f 4921/4921/4921 4927/4927/4927 4928/4928/4928
f 4922/4922/4922 4921/4921/4921 4928/4928/4928
f 4922/4922/4922 4928/4928/4928 4929/4929/4929
f 4922/4922/4922 4929/4929/4929 4930/4930/4930
f 4933/4933/4933 4932/4932/4932 4931/4931/4931
f 4934/4934/4934 4933/4933/4933 4931/4931/4931
f 4934/4934/4934 4931/4931/4931 4935/4935/4935
f 4936/4936/4936 4934/4934/4934 4935/4935/4935
f 4937/4937/4937 4936/4936/4936 4935/4935/4935
f 4937/4937/4937 4935/4935/4935 4938/4938/4938
f 4939/4939/4939 4937/4937/4937 4938/4938/4938
f 4939/4939/4939 4938/4938/4938 4940/4940/4940
f 4943/4943/4943 4942/4942/4942 4941/4941/4941
f 4943/4943/4943 4944/4944/4944 4942/4942/4942
f 4944/4944/4944 4945/4945/4945 4942/4942/4942
f 4948/4948/4948 4947/4947/4947 4946/4946/4946
f 4949/4949/4949 4948/4948/4948 4946/4946/4946
f 4949/4949/4949 4946/4946/4946 4950/4950/4950
f 4951/4951/4951 4949/4949/4949 4950/4950/4950
f 4952/4952/4952 4951/4951/4951 4950/4950/4950
f 4952/4952/4952 4950/4950/4950 4953/4953/4953
f 4954/4954/4954 4952/4952/4952 4953/4953/4953
f 4954/4954/4954 4953/4953/4953 4955/4955/4955
f 4958/4958/4958 4957/4957/4957 4956/4956/4956
f 4958/4958/4958 4959/4959/4959 4957/4957/4957
f 4957/4957/4957 4959/4959/4959 4960/4960/4960
f 4963/4963/4963 4962/4962/4962 4961/4961/4961
f 4963/4963/4963 4964/4964/4964 4962/4962/4962
f 4964/4964/4964 4963/4963/4963 4965/4965/4965
f 4968/4968/4968 4967/4967/4967 4966/4966/4966
f 4968/4968/4968 4969/4969/4969 4967/4967/4967
f 4969/4969/4969 4968/4968/4968 4970/4970/4970
f 4973/4973/4973 4972/4972/4972 4971/4971/4971
f 4974/4974/4974 4973/4973/4973 4971/4971/4971
f 4974/4974/4974 4975/4975/4975 4973/4973/4973
f 4971/4971/4971 4976/4976/4976 4974/4974/4974
f 4976/4976/4976 4977/4977/4977 4974/4974/4974
f 4977/4977/4977 4978/4978/4978 4974/4974/4974
f 4978/4978/4978 4977/4977/4977 4979/4979/4979
f 4978/4978/4978 4979/4979/4979 4980/4980/4980
f 4981/4981/4981 4978/4978/4978 4980/4980/4980
f 4978/4978/4978 4981/4981/4981 4982/4982/4982
f 4978/4978/4978 4982/4982/4982 4983/4983/4983
f 4986/4986/4986 4985/4985/4985 4984/4984/4984
f 4987/4987/4987 4986/4986/4986 4984/4984/4984
f 4990/4990/4990 4989/4989/4989 4988/4988/4988
f 4991/4991/4991 4990/4990/4990 4988/4988/4988
f 4991/4991/4991 4992/4992/4992 4990/4990/4990
f 4988/4988/4988 4993/4993/4993 4991/4991/4991
f 4993/4993/4993 4994/4994/4994 4991/4991/4991
f 4994/4994/4994 4995/4995/4995 4991/4991/4991
f 4995/4995/4995 4994/4994/4994 4996/4996/4996
f 4995/4995/4995 4996/4996/4996 4997/4997/4997
f 4998/4998/4998 4995/4995/4995 4997/4997/4997
f 4995/4995/4995 4998/4998/4998 4999/4999/4999
f 4995/4995/4995 4999/4999/4999 5000/5000/5000
f 5003/5003/5003 5002/5002/5002 5001/5001/5001
f 5004/5004/5004 5003/5003/5003 5001/5001/5001
f 5007/5007/5007 5006/5006/5006 5005/5005/5005
f 5008/5008/5008 5006/5006/5006 5007/5007/5007
f 5008/5008/5008 5007/5007/5007 5009/5009/5009
f 5008/5008/5008 5010/5010/5010 5006/5006/5006
f 5008/5008/5008 5011/5011/5011 5010/5010/5010
f 5008/5008/5008 5012/5012/5012 5011/5011/5011
f 5008/5008/5008 5013/5013/5013 5012/5012/5012
f 5012/5012/5012 5013/5013/5013 5014/5014/5014
f 5012/5012/5012 5014/5014/5014 5015/5015/5015
f 5014/5014/5014 5016/5016/5016 5015/5015/5015
f 5017/5017/5017 5016/5016/5016 5014/5014/5014
f 5017/5017/5017 5014/5014/5014 5018/5018/5018
f 5021/5021/5021 5020/5020/5020 5019/5019/5019
f 5020/5020/5020 5021/5021/5021 5022/5022/5022
f 5025/5025/5025 5024/5024/5024 5023/5023/5023
f 5026/5026/5026 5024/5024/5024 5025/5025/5025
f 5026/5026/5026 5025/5025/5025 5027/5027/5027
f 5026/5026/5026 5028/5028/5028 5024/5024/5024
f 5026/5026/5026 5029/5029/5029 5028/5028/5028
f 5026/5026/5026 5030/5030/5030 5029/5029/5029
f 5026/5026/5026 5031/5031/5031 5030/5030/5030
f 5030/5030/5030 5031/5031/5031 5032/5032/5032
f 5030/5030/5030 5032/5032/5032 5033/5033/5033
f 5032/5032/5032 5034/5034/5034 5033/5033/5033
f 5035/5035/5035 5034/5034/5034 5032/5032/5032
f 5035/5035/5035 5032/5032/5032 5036/5036/5036
f 5039/5039/5039 5038/5038/5038 5037/5037/5037
f 5038/5038/5038 5039/5039/5039 5040/5040/5040
f 5043/5043/5043 5042/5042/5042 5041/5041/5041
f 5043/5043/5043 5044/5044/5044 5042/5042/5042
f 5044/5044/5044 5045/5045/5045 5042/5042/5042
f 5048/5048/5048 5047/5047/5047 5046/5046/5046
f 5048/5048/5048 5049/5049/5049 5047/5047/5047
f 5049/5049/5049 5050/5050/5050 5047/5047/5047
f 5053/5053/5053 5052/5052/5052 5051/5051/5051
f 5053/5053/5053 5051/5051/5051 5054/5054/5054
f 5053/5053/5053 5054/5054/5054 5055/5055/5055
f 5056/5056/5056 5055/5055/5055 5054/5054/5054
f 5056/5056/5056 5057/5057/5057 5055/5055/5055
f 5057/5057/5057 5058/5058/5058 5055/5055/5055
f 5061/5061/5061 5060/5060/5060 5059/5059/5059
f 5062/5062/5062 5059/5059/5059 5060/5060/5060
f 5065/5065/5065 5064/5064/5064 5063/5063/5063
f 5066/5066/5066 5063/5063/5063 5064/5064/5064
f 5066/5066/5066 5067/5067/5067 5063/5063/5063
f 5067/5067/5067 5068/5068/5068 5063/5063/5063
f 5067/5067/5067 5069/5069/5069 5068/5068/5068
f 5069/5069/5069 5070/5070/5070 5068/5068/5068
f 5073/5073/5073 5072/5072/5072 5071/5071/5071
f 5074/5074/5074 5073/5073/5073 5071/5071/5071
f 5077/5077/5077 5076/5076/5076 5075/5075/5075
f 5078/5078/5078 5077/5077/5077 5075/5075/5075
f 5078/5078/5078 5075/5075/5075 5079/5079/5079
f 5080/5080/5080 5079/5079/5079 5075/5075/5075
f 5080/5080/5080 5081/5081/5081 5079/5079/5079
f 5080/5080/5080 5082/5082/5082 5081/5081/5081
f 5085/5085/5085 5084/5084/5084 5083/5083/5083
f 5085/5085/5085 5086/5086/5086 5084/5084/5084
f 5089/5089/5089 5088/5088/5088 5087/5087/5087
f 5090/5090/5090 5089/5089/5089 5087/5087/5087
f 5090/5090/5090 5087/5087/5087 5091/5091/5091
f 5092/5092/5092 5090/5090/5090 5091/5091/5091
f 5092/5092/5092 5091/5091/5091 5093/5093/5093
f 5094/5094/5094 5093/5093/5093 5091/5091/5091
f 5097/5097/5097 5096/5096/5096 5095/5095/5095
f 5096/5096/5096 5098/5098/5098 5095/5095/5095
f 5101/5101/5101 5100/5100/5100 5099/5099/5099
f 5102/5102/5102 5101/5101/5101 5099/5099/5099
f 5105/5105/5105 5104/5104/5104 5103/5103/5103
f 5105/5105/5105 5106/5106/5106 5104/5104/5104
f 5109/5109/5109 5108/5108/5108 5107/5107/5107
f 5110/5110/5110 5107/5107/5107 5108/5108/5108
f 5113/5113/5113 5112/5112/5112 5111/5111/5111
f 5114/5114/5114 5111/5111/5111 5112/5112/5112
f 5117/5117/5117 5116/5116/5116 5115/5115/5115
f 5118/5118/5118 5117/5117/5117 5115/5115/5115
f 5117/5117/5117 5118/5118/5118 5119/5119/5119
f 5120/5120/5120 5119/5119/5119 5118/5118/5118
f 5120/5120/5120 5121/5121/5121 5119/5119/5119
f 5121/5121/5121 5122/5122/5122 5119/5119/5119
f 5121/5121/5121 5123/5123/5123 5122/5122/5122
f 5123/5123/5123 5124/5124/5124 5122/5122/5122
f 5124/5124/5124 5123/5123/5123 5125/5125/5125
f 5126/5126/5126 5124/5124/5124 5125/5125/5125
f 5126/5126/5126 5125/5125/5125 5127/5127/5127
f 5126/5126/5126 5127/5127/5127 5128/5128/5128
f 5126/5126/5126 5128/5128/5128 5129/5129/5129
f 5129/5129/5129 5128/5128/5128 5130/5130/5130
f 5129/5129/5129 5130/5130/5130 5131/5131/5131
f 5132/5132/5132 5129/5129/5129 5131/5131/5131
f 5132/5132/5132 5131/5131/5131 5133/5133/5133
f 5132/5132/5132 5133/5133/5133 5134/5134/5134
f 5135/5135/5135 5132/5132/5132 5134/5134/5134
f 5135/5135/5135 5134/5134/5134 5136/5136/5136
f 5137/5137/5137 5135/5135/5135 5136/5136/5136
f 5137/5137/5137 5136/5136/5136 5138/5138/5138
f 5139/5139/5139 5138/5138/5138 5136/5136/5136
f 5138/5138/5138 5139/5139/5139 5140/5140/5140
f 5141/5141/5141 5138/5138/5138 5140/5140/5140
f 5144/5144/5144 5143/5143/5143 5142/5142/5142
f 5145/5145/5145 5144/5144/5144 5142/5142/5142
f 5145/5145/5145 5146/5146/5146 5144/5144/5144
f 5145/5145/5145 5147/5147/5147 5146/5146/5146
f 5147/5147/5147 5148/5148/5148 5146/5146/5146
f 5147/5147/5147 5149/5149/5149 5148/5148/5148
f 5149/5149/5149 5150/5150/5150 5148/5148/5148
f 5149/5149/5149 5151/5151/5151 5150/5150/5150
f 5150/5150/5150 5151/5151/5151 5152/5152/5152
f 5153/5153/5153 5150/5150/5150 5152/5152/5152
f 5153/5153/5153 5152/5152/5152 5154/5154/5154
f 5153/5153/5153 5154/5154/5154 5155/5155/5155
f 5153/5153/5153 5155/5155/5155 5156/5156/5156
f 5156/5156/5156 5155/5155/5155 5157/5157/5157
f 5156/5156/5156 5157/5157/5157 5158/5158/5158
f 5159/5159/5159 5156/5156/5156 5158/5158/5158
f 5159/5159/5159 5158/5158/5158 5160/5160/5160
f 5159/5159/5159 5160/5160/5160 5161/5161/5161
f 5161/5161/5161 5162/5162/5162 5159/5159/5159
f 5161/5161/5161 5163/5163/5163 5162/5162/5162
f 5163/5163/5163 5164/5164/5164 5162/5162/5162
f 5163/5163/5163 5165/5165/5165 5164/5164/5164
f 5165/5165/5165 5166/5166/5166 5164/5164/5164
f 5166/5166/5166 5165/5165/5165 5167/5167/5167
f 5168/5168/5168 5166/5166/5166 5167/5167/5167
f 5171/5171/5171 5170/5170/5170 5169/5169/5169
f 5171/5171/5171 5172/5172/5172 5170/5170/5170
f 5173/5173/5173 5170/5170/5170 5172/5172/5172
f 5174/5174/5174 5173/5173/5173 5172/5172/5172
f 5174/5174/5174 5172/5172/5172 5175/5175/5175
f 5176/5176/5176 5174/5174/5174 5175/5175/5175
f 5176/5176/5176 5175/5175/5175 5177/5177/5177
f 5178/5178/5178 5176/5176/5176 5177/5177/5177
f 5178/5178/5178 5177/5177/5177 5179/5179/5179
f 5180/5180/5180 5178/5178/5178 5179/5179/5179
f 5180/5180/5180 5179/5179/5179 5181/5181/5181
f 5182/5182/5182 5180/5180/5180 5181/5181/5181
f 5182/5182/5182 5181/5181/5181 5183/5183/5183
f 5181/5181/5181 5184/5184/5184 5183/5183/5183
f 5181/5181/5181 5185/5185/5185 5184/5184/5184
f 5186/5186/5186 5185/5185/5185 5181/5181/5181
f 5186/5186/5186 5187/5187/5187 5185/5185/5185
f 5188/5188/5188 5187/5187/5187 5186/5186/5186
f 5188/5188/5188 5189/5189/5189 5187/5187/5187
f 5190/5190/5190 5189/5189/5189 5188/5188/5188
f 5191/5191/5191 5190/5190/5190 5188/5188/5188
f 5192/5192/5192 5191/5191/5191 5188/5188/5188
f 5192/5192/5192 5188/5188/5188 5193/5193/5193
f 5194/5194/5194 5192/5192/5192 5193/5193/5193
f 5194/5194/5194 5193/5193/5193 5195/5195/5195
f 5196/5196/5196 5194/5194/5194 5195/5195/5195
f 5196/5196/5196 5195/5195/5195 5197/5197/5197
f 5198/5198/5198 5196/5196/5196 5197/5197/5197
f 5198/5198/5198 5197/5197/5197 5199/5199/5199
f 5200/5200/5200 5198/5198/5198 5199/5199/5199
f 5200/5200/5200 5199/5199/5199 5201/5201/5201
f 5202/5202/5202 5201/5201/5201 5199/5199/5199
f 5202/5202/5202 5203/5203/5203 5201/5201/5201
f 5206/5206/5206 5205/5205/5205 5204/5204/5204
f 5205/5205/5205 5207/5207/5207 5204/5204/5204
f 5205/5205/5205 5208/5208/5208 5207/5207/5207
f 5208/5208/5208 5209/5209/5209 5207/5207/5207
f 5209/5209/5209 5210/5210/5210 5207/5207/5207
f 5209/5209/5209 5211/5211/5211 5210/5210/5210
f 5211/5211/5211 5212/5212/5212 5210/5210/5210
f 5211/5211/5211 5213/5213/5213 5212/5212/5212
f 5213/5213/5213 5214/5214/5214 5212/5212/5212
f 5213/5213/5213 5215/5215/5215 5214/5214/5214
f 5215/5215/5215 5216/5216/5216 5214/5214/5214
f 5215/5215/5215 5217/5217/5217 5216/5216/5216
f 5217/5217/5217 5218/5218/5218 5216/5216/5216
f 5219/5219/5219 5216/5216/5216 5218/5218/5218
f 5219/5219/5219 5220/5220/5220 5216/5216/5216
f 5220/5220/5220 5221/5221/5221 5216/5216/5216
f 5220/5220/5220 5222/5222/5222 5221/5221/5221
f 5222/5222/5222 5223/5223/5223 5221/5221/5221
f 5224/5224/5224 5223/5223/5223 5222/5222/5222
f 5224/5224/5224 5225/5225/5225 5223/5223/5223
f 5225/5225/5225 5226/5226/5226 5223/5223/5223
f 5223/5223/5223 5226/5226/5226 5227/5227/5227
f 5228/5228/5228 5223/5223/5223 5227/5227/5227
f 5228/5228/5228 5227/5227/5227 5229/5229/5229
f 5230/5230/5230 5228/5228/5228 5229/5229/5229
f 5230/5230/5230 5229/5229/5229 5231/5231/5231
f 5232/5232/5232 5230/5230/5230 5231/5231/5231
f 5232/5232/5232 5231/5231/5231 5233/5233/5233
f 5234/5234/5234 5232/5232/5232 5233/5233/5233
f 5234/5234/5234 5233/5233/5233 5235/5235/5235
f 5234/5234/5234 5235/5235/5235 5236/5236/5236
f 5237/5237/5237 5234/5234/5234 5236/5236/5236
f 5237/5237/5237 5236/5236/5236 5238/5238/5238
f 5241/5241/5241 5240/5240/5240 5239/5239/5239
f 5242/5242/5242 5241/5241/5241 5239/5239/5239
f 5245/5245/5245 5244/5244/5244 5243/5243/5243
f 5246/5246/5246 5245/5245/5245 5243/5243/5243
f 5249/5249/5249 5248/5248/5248 5247/5247/5247
f 5250/5250/5250 5249/5249/5249 5247/5247/5247
f 5253/5253/5253 5252/5252/5252 5251/5251/5251
f 5254/5254/5254 5253/5253/5253 5251/5251/5251
f 5256/5256/5256 5255/5255/5255 4847/4847/4847
f 5257/5257/5257 5256/5256/5256 4847/4847/4847
f 5260/5260/5260 5259/5259/5259 5258/5258/5258
f 5261/5261/5261 5260/5260/5260 5258/5258/5258
f 5264/5264/5264 5263/5263/5263 5262/5262/5262
f 5265/5265/5265 5264/5264/5264 5262/5262/5262
f 5268/5268/5268 5267/5267/5267 5266/5266/5266
f 5269/5269/5269 5268/5268/5268 5266/5266/5266
f 5272/5272/5272 5271/5271/5271 5270/5270/5270
f 5273/5273/5273 5272/5272/5272 5270/5270/5270
f 5276/5276/5276 5275/5275/5275 5274/5274/5274
f 5277/5277/5277 5276/5276/5276 5274/5274/5274
f 5280/5280/5280 5279/5279/5279 5278/5278/5278
f 5281/5281/5281 5280/5280/5280 5278/5278/5278
f 5284/5284/5284 5283/5283/5283 5282/5282/5282
f 5285/5285/5285 5284/5284/5284 5282/5282/5282
f 5288/5288/5288 5287/5287/5287 5286/5286/5286
f 5289/5289/5289 5288/5288/5288 5286/5286/5286
f 5292/5292/5292 5291/5291/5291 5290/5290/5290
f 5293/5293/5293 5292/5292/5292 5290/5290/5290
f 5296/5296/5296 5295/5295/5295 5294/5294/5294
f 5297/5297/5297 5296/5296/5296 5294/5294/5294
f 5300/5300/5300 5299/5299/5299 5298/5298/5298
f 5301/5301/5301 5300/5300/5300 5298/5298/5298
f 5304/5304/5304 5303/5303/5303 5302/5302/5302
f 5305/5305/5305 5304/5304/5304 5302/5302/5302
f 5308/5308/5308 5307/5307/5307 5306/5306/5306
f 5309/5309/5309 5308/5308/5308 5306/5306/5306
f 5312/5312/5312 5311/5311/5311 5310/5310/5310
f 5313/5313/5313 5312/5312/5312 5310/5310/5310
f 5316/5316/5316 5315/5315/5315 5314/5314/5314
f 5317/5317/5317 5316/5316/5316 5314/5314/5314
f 5320/5320/5320 5319/5319/5319 5318/5318/5318
f 5321/5321/5321 5320/5320/5320 5318/5318/5318
f 5324/5324/5324 5323/5323/5323 5322/5322/5322
f 5325/5325/5325 5324/5324/5324 5322/5322/5322
f 5328/5328/5328 5327/5327/5327 5326/5326/5326
f 5329/5329/5329 5328/5328/5328 5326/5326/5326
f 5332/5332/5332 5331/5331/5331 5330/5330/5330
f 5333/5333/5333 5332/5332/5332 5330/5330/5330
f 5336/5336/5336 5335/5335/5335 5334/5334/5334
f 5337/5337/5337 5336/5336/5336 5334/5334/5334
f 5340/5340/5340 5339/5339/5339 5338/5338/5338
f 5341/5341/5341 5340/5340/5340 5338/5338/5338
f 5344/5344/5344 5343/5343/5343 5342/5342/5342
f 5345/5345/5345 5344/5344/5344 5342/5342/5342
f 5348/5348/5348 5347/5347/5347 5346/5346/5346
f 5349/5349/5349 5348/5348/5348 5346/5346/5346
f 5352/5352/5352 5351/5351/5351 5350/5350/5350
f 5353/5353/5353 5352/5352/5352 5350/5350/5350
f 5356/5356/5356 5355/5355/5355 5354/5354/5354
f 5357/5357/5357 5356/5356/5356 5354/5354/5354
f 5360/5360/5360 5359/5359/5359 5358/5358/5358
f 5361/5361/5361 5360/5360/5360 5358/5358/5358
f 5364/5364/5364 5363/5363/5363 5362/5362/5362
f 5365/5365/5365 5364/5364/5364 5362/5362/5362
f 5368/5368/5368 5367/5367/5367 5366/5366/5366
f 5369/5369/5369 5368/5368/5368 5366/5366/5366
f 5372/5372/5372 5371/5371/5371 5370/5370/5370
f 5373/5373/5373 5372/5372/5372 5370/5370/5370
f 5376/5376/5376 5375/5375/5375 5374/5374/5374
f 5377/5377/5377 5376/5376/5376 5374/5374/5374
f 5380/5380/5380 5379/5379/5379 5378/5378/5378
f 5381/5381/5381 5380/5380/5380 5378/5378/5378
f 5384/5384/5384 5383/5383/5383 5382/5382/5382
f 5385/5385/5385 5384/5384/5384 5382/5382/5382
f 5388/5388/5388 5387/5387/5387 5386/5386/5386
f 5389/5389/5389 5388/5388/5388 5386/5386/5386
f 5392/5392/5392 5391/5391/5391 5390/5390/5390
f 5393/5393/5393 5392/5392/5392 5390/5390/5390
f 5396/5396/5396 5395/5395/5395 5394/5394/5394
f 5397/5397/5397 5396/5396/5396 5394/5394/5394
f 5400/5400/5400 5399/5399/5399 5398/5398/5398
f 5401/5401/5401 5400/5400/5400 5398/5398/5398
f 5404/5404/5404 5403/5403/5403 5402/5402/5402
f 5405/5405/5405 5404/5404/5404 5402/5402/5402
f 5408/5408/5408 5407/5407/5407 5406/5406/5406
f 5409/5409/5409 5408/5408/5408 5406/5406/5406
f 5412/5412/5412 5411/5411/5411 5410/5410/5410
f 5413/5413/5413 5412/5412/5412 5410/5410/5410
f 5416/5416/5416 5415/5415/5415 5414/5414/5414
f 5417/5417/5417 5416/5416/5416 5414/5414/5414
f 5420/5420/5420 5419/5419/5419 5418/5418/5418
f 5421/5421/5421 5420/5420/5420 5418/5418/5418
f 5424/5424/5424 5423/5423/5423 5422/5422/5422
f 5425/5425/5425 5424/5424/5424 5422/5422/5422
f 5428/5428/5428 5427/5427/5427 5426/5426/5426
f 5429/5429/5429 5428/5428/5428 5426/5426/5426
f 5432/5432/5432 5431/5431/5431 5430/5430/5430
f 5433/5433/5433 5432/5432/5432 5430/5430/5430
f 5436/5436/5436 5435/5435/5435 5434/5434/5434
f 5437/5437/5437 5436/5436/5436 5434/5434/5434
f 5440/5440/5440 5439/5439/5439 5438/5438/5438
f 5441/5441/5441 5440/5440/5440 5438/5438/5438
f 5443/5443/5443 5438/5438/5438 5442/5442/5442
f 5444/5444/5444 5443/5443/5443 5442/5442/5442
f 5443/5443/5443 5445/5445/5445 5438/5438/5438
f 5446/5446/5446 5445/5445/5445 5443/5443/5443
f 5444/5444/5444 5447/5447/5447 5443/5443/5443
f 5447/5447/5447 5448/5448/5448 5443/5443/5443
f 5449/5449/5449 5446/5446/5446 5443/5443/5443
f 5449/5449/5449 5443/5443/5443 5450/5450/5450
f 5447/5447/5447 5451/5451/5451 5448/5448/5448
f 5452/5452/5452 5449/5449/5449 5450/5450/5450
f 5451/5451/5451 5453/5453/5453 5448/5448/5448
f 5452/5452/5452 5450/5450/5450 5454/5454/5454
f 5455/5455/5455 5448/5448/5448 5453/5453/5453
f 5454/5454/5454 5450/5450/5450 5456/5456/5456
f 5455/5455/5455 5457/5457/5457 5448/5448/5448
f 5457/5457/5457 5458/5458/5458 5448/5448/5448
f 5448/5448/5448 5458/5458/5458 5459/5459/5459
f 5460/5460/5460 5448/5448/5448 5459/5459/5459
f 5460/5460/5460 5459/5459/5459 5461/5461/5461
f 5462/5462/5462 5460/5460/5460 5461/5461/5461
f 5462/5462/5462 5461/5461/5461 5463/5463/5463
f 5450/5450/5450 5464/5464/5464 5456/5456/5456
f 5450/5450/5450 5465/5465/5465 5464/5464/5464
f 5450/5450/5450 5466/5466/5466 5465/5465/5465
f 5450/5450/5450 5467/5467/5467 5466/5466/5466
f 5467/5467/5467 5468/5468/5468 5466/5466/5466
f 5467/5467/5467 5469/5469/5469 5468/5468/5468
f 5469/5469/5469 5470/5470/5470 5468/5468/5468
f 5471/5471/5471 5462/5462/5462 5463/5463/5463
f 5469/5469/5469 5472/5472/5472 5470/5470/5470
f 5471/5471/5471 5463/5463/5463 5473/5473/5473
f 5474/5474/5474 5471/5471/5471 5473/5473/5473
f 5474/5474/5474 5475/5475/5475 5471/5471/5471
f 5472/5472/5472 5476/5476/5476 5470/5470/5470
f 5472/5472/5472 5477/5477/5477 5476/5476/5476
f 5472/5472/5472 5478/5478/5478 5477/5477/5477
f 5475/5475/5475 5479/5479/5479 5471/5471/5471
f 5472/5472/5472 5480/5480/5480 5478/5478/5478
f 5475/5475/5475 5481/5481/5481 5479/5479/5479
f 5480/5480/5480 5482/5482/5482 5478/5478/5478
f 5481/5481/5481 5483/5483/5483 5479/5479/5479
f 5479/5479/5479 5483/5483/5483 5484/5484/5484
f 5479/5479/5479 5484/5484/5484 5485/5485/5485
f 5480/5480/5480 5486/5486/5486 5482/5482/5482
f 5487/5487/5487 5486/5486/5486 5480/5480/5480
f 5488/5488/5488 5487/5487/5487 5480/5480/5480
f 5489/5489/5489 5479/5479/5479 5485/5485/5485
f 5488/5488/5488 5480/5480/5480 5490/5490/5490
f 5489/5489/5489 5485/5485/5485 5491/5491/5491
f 5489/5489/5489 5491/5491/5491 5492/5492/5492
f 5489/5489/5489 5492/5492/5492 5493/5493/5493
f 5494/5494/5494 5489/5489/5489 5493/5493/5493
f 5494/5494/5494 5493/5493/5493 5495/5495/5495
f 5496/5496/5496 5494/5494/5494 5495/5495/5495
f 5496/5496/5496 5495/5495/5495 5497/5497/5497
f 5498/5498/5498 5496/5496/5496 5497/5497/5497
f 5499/5499/5499 5488/5488/5488 5490/5490/5490
f 5499/5499/5499 5490/5490/5490 5500/5500/5500
f 5490/5490/5490 5501/5501/5501 5500/5500/5500
f 5490/5490/5490 5502/5502/5502 5501/5501/5501
f 5502/5502/5502 5503/5503/5503 5501/5501/5501
f 5502/5502/5502 5504/5504/5504 5503/5503/5503
f 5504/5504/5504 5505/5505/5505 5503/5503/5503
f 5504/5504/5504 5506/5506/5506 5505/5505/5505
f 5498/5498/5498 5497/5497/5497 5507/5507/5507
f 5506/5506/5506 5508/5508/5508 5505/5505/5505
f 5498/5498/5498 5507/5507/5507 5509/5509/5509
f 5510/5510/5510 5508/5508/5508 5506/5506/5506
f 5498/5498/5498 5509/5509/5509 5511/5511/5511
f 5512/5512/5512 5510/5510/5510 5506/5506/5506
f 5513/5513/5513 5498/5498/5498 5511/5511/5511
f 5514/5514/5514 5498/5498/5498 5513/5513/5513
f 5514/5514/5514 5515/5515/5515 5498/5498/5498
f 5515/5515/5515 5516/5516/5516 5498/5498/5498
f 5512/5512/5512 5506/5506/5506 5517/5517/5517
f 5518/5518/5518 5517/5517/5517 5506/5506/5506
f 5519/5519/5519 5518/5518/5518 5506/5506/5506
f 5519/5519/5519 5506/5506/5506 5516/5516/5516
f 5515/5515/5515 5520/5520/5520 5516/5516/5516
f 5521/5521/5521 5519/5519/5519 5516/5516/5516
f 5520/5520/5520 5522/5522/5522 5516/5516/5516
f 5521/5521/5521 5516/5516/5516 5523/5523/5523
f 5516/5516/5516 5522/5522/5522 5524/5524/5524
f 5516/5516/5516 5524/5524/5524 5523/5523/5523
f 5527/5527/5527 5526/5526/5526 5525/5525/5525
f 5528/5528/5528 5527/5527/5527 5525/5525/5525
f 5531/5531/5531 5530/5530/5530 5529/5529/5529
f 5532/5532/5532 5531/5531/5531 5529/5529/5529
f 5535/5535/5535 5534/5534/5534 5533/5533/5533
f 5536/5536/5536 5535/5535/5535 5533/5533/5533
f 5539/5539/5539 5538/5538/5538 5537/5537/5537
f 5540/5540/5540 5539/5539/5539 5537/5537/5537
f 5543/5543/5543 5542/5542/5542 5541/5541/5541
f 5544/5544/5544 5543/5543/5543 5541/5541/5541
f 5547/5547/5547 5546/5546/5546 5545/5545/5545
f 5548/5548/5548 5547/5547/5547 5545/5545/5545
f 5551/5551/5551 5550/5550/5550 5549/5549/5549
f 5552/5552/5552 5551/5551/5551 5549/5549/5549
f 5555/5555/5555 5554/5554/5554 5553/5553/5553
f 5556/5556/5556 5555/5555/5555 5553/5553/5553
f 5559/5559/5559 5558/5558/5558 5557/5557/5557
f 5560/5560/5560 5559/5559/5559 5557/5557/5557
f 5563/5563/5563 5562/5562/5562 5561/5561/5561
f 5564/5564/5564 5563/5563/5563 5561/5561/5561
f 5567/5567/5567 5566/5566/5566 5565/5565/5565
f 5568/5568/5568 5567/5567/5567 5565/5565/5565
f 5571/5571/5571 5570/5570/5570 5569/5569/5569
f 5572/5572/5572 5571/5571/5571 5569/5569/5569
f 5575/5575/5575 5574/5574/5574 5573/5573/5573
f 5576/5576/5576 5575/5575/5575 5573/5573/5573
f 5579/5579/5579 5578/5578/5578 5577/5577/5577
f 5580/5580/5580 5579/5579/5579 5577/5577/5577
f 5583/5583/5583 5582/5582/5582 5581/5581/5581
f 5584/5584/5584 5583/5583/5583 5581/5581/5581
f 5587/5587/5587 5586/5586/5586 5585/5585/5585
f 5588/5588/5588 5587/5587/5587 5585/5585/5585
f 5591/5591/5591 5590/5590/5590 5589/5589/5589
f 5592/5592/5592 5591/5591/5591 5589/5589/5589
f 5595/5595/5595 5594/5594/5594 5593/5593/5593
f 5596/5596/5596 5595/5595/5595 5593/5593/5593
f 5599/5599/5599 5598/5598/5598 5597/5597/5597
f 5600/5600/5600 5599/5599/5599 5597/5597/5597
f 5603/5603/5603 5602/5602/5602 5601/5601/5601
f 5604/5604/5604 5603/5603/5603 5601/5601/5601
f 5607/5607/5607 5606/5606/5606 5605/5605/5605
f 5608/5608/5608 5607/5607/5607 5605/5605/5605
f 5611/5611/5611 5610/5610/5610 5609/5609/5609
f 5612/5612/5612 5611/5611/5611 5609/5609/5609
f 5614/5614/5614 4826/4826/4826 5613/5613/5613
f 5614/5614/5614 4827/4827/4827 4826/4826/4826
f 4827/4827/4827 5614/5614/5614 5615/5615/5615
f 5615/5615/5615 5614/5614/5614 5613/5613/5613
f 5616/5616/5616 4827/4827/4827 5615/5615/5615
f 5616/5616/5616 5615/5615/5615 5617/5617/5617
f 5615/5615/5615 5613/5613/5613 5617/5617/5617
f 4907/4907/4907 5616/5616/5616 5617/5617/5617
f 5618/5618/5618 5617/5617/5617 5613/5613/5613
f 4907/4907/4907 5617/5617/5617 5618/5618/5618
f 5613/5613/5613 4903/4903/4903 5618/5618/5618
f 4907/4907/4907 5618/5618/5618 5619/5619/5619
f 4907/4907/4907 5619/5619/5619 4906/4906/4906
f 5620/5620/5620 4903/4903/4903 4906/4906/4906
f 4903/4903/4903 5620/5620/5620 5618/5618/5618
f 5618/5618/5618 5620/5620/5620 5619/5619/5619
f 5620/5620/5620 4906/4906/4906 5619/5619/5619
f 5623/5623/5623 5622/5622/5622 5621/5621/5621
f 5621/5621/5621 5624/5624/5624 5623/5623/5623
f 5625/5625/5625 5622/5622/5622 5623/5623/5623
f 5625/5625/5625 5623/5623/5623 5624/5624/5624
f 5625/5625/5625 5624/5624/5624 5626/5626/5626
f 5625/5625/5625 5626/5626/5626 5627/5627/5627
f 5624/5624/5624 5628/5628/5628 5626/5626/5626
f 5626/5626/5626 5628/5628/5628 5627/5627/5627
f 5631/5631/5631 5630/5630/5630 5629/5629/5629
f 5629/5629/5629 5630/5630/5630 5632/5632/5632
f 5629/5629/5629 5632/5632/5632 5633/5633/5633
f 5631/5631/5631 5629/5629/5629 5633/5633/5633
f 5631/5631/5631 5633/5633/5633 5634/5634/5634
f 5635/5635/5635 5634/5634/5634 5633/5633/5633
f 5636/5636/5636 5631/5631/5631 5634/5634/5634
f 5636/5636/5636 5634/5634/5634 5635/5635/5635
f 5639/5639/5639 5638/5638/5638 5637/5637/5637
f 5639/5639/5639 5640/5640/5640 5638/5638/5638
f 5641/5641/5641 5639/5639/5639 5637/5637/5637
f 5639/5639/5639 5642/5642/5642 5640/5640/5640
f 5641/5641/5641 5637/5637/5637 5643/5643/5643
f 5642/5642/5642 5644/5644/5644 5640/5640/5640
f 5645/5645/5645 5641/5641/5641 5643/5643/5643
f 5642/5642/5642 5646/5646/5646 5644/5644/5644
f 5645/5645/5645 5643/5643/5643 5647/5647/5647
f 5646/5646/5646 5648/5648/5648 5644/5644/5644
f 5649/5649/5649 5645/5645/5645 5647/5647/5647
f 5646/5646/5646 5650/5650/5650 5648/5648/5648
f 5650/5650/5650 5651/5651/5651 5648/5648/5648
f 5650/5650/5650 5652/5652/5652 5651/5651/5651
f 5649/5649/5649 5647/5647/5647 5653/5653/5653
f 5654/5654/5654 5649/5649/5649 5653/5653/5653
f 5655/5655/5655 5654/5654/5654 5653/5653/5653
f 5655/5655/5655 5653/5653/5653 5656/5656/5656
f 5657/5657/5657 5655/5655/5655 5656/5656/5656
f 5657/5657/5657 5656/5656/5656 5658/5658/5658
f 5659/5659/5659 5657/5657/5657 5658/5658/5658
f 5659/5659/5659 5658/5658/5658 5660/5660/5660
f 5661/5661/5661 5659/5659/5659 5660/5660/5660
f 5661/5661/5661 5660/5660/5660 5662/5662/5662
f 5663/5663/5663 5661/5661/5661 5662/5662/5662
f 5663/5663/5663 5662/5662/5662 5664/5664/5664
f 5665/5665/5665 5663/5663/5663 5664/5664/5664
f 5665/5665/5665 5664/5664/5664 5666/5666/5666
f 5665/5665/5665 5666/5666/5666 5667/5667/5667
f 5668/5668/5668 5665/5665/5665 5667/5667/5667
f 5668/5668/5668 5667/5667/5667 5669/5669/5669
f 5670/5670/5670 5668/5668/5668 5669/5669/5669
f 5670/5670/5670 5669/5669/5669 5671/5671/5671
f 5672/5672/5672 5670/5670/5670 5671/5671/5671
f 5672/5672/5672 5671/5671/5671 5673/5673/5673
f 5674/5674/5674 5672/5672/5672 5673/5673/5673
f 5674/5674/5674 5673/5673/5673 5675/5675/5675
f 5676/5676/5676 5674/5674/5674 5675/5675/5675
f 5676/5676/5676 5675/5675/5675 5652/5652/5652
f 5652/5652/5652 5675/5675/5675 5651/5651/5651
f 5679/5679/5679 5678/5678/5678 5677/5677/5677
f 5679/5679/5679 5677/5677/5677 5680/5680/5680
f 5679/5679/5679 5681/5681/5681 5678/5678/5678
f 5682/5682/5682 5679/5679/5679 5680/5680/5680
f 5681/5681/5681 5683/5683/5683 5678/5678/5678
f 5682/5682/5682 5680/5680/5680 5684/5684/5684
f 5681/5681/5681 5685/5685/5685 5683/5683/5683
f 5686/5686/5686 5682/5682/5682 5684/5684/5684
f 5685/5685/5685 5687/5687/5687 5683/5683/5683
f 5686/5686/5686 5684/5684/5684 5688/5688/5688
f 5685/5685/5685 5689/5689/5689 5687/5687/5687
f 5690/5690/5690 5686/5686/5686 5688/5688/5688
f 5689/5689/5689 5691/5691/5691 5687/5687/5687
f 5690/5690/5690 5688/5688/5688 5692/5692/5692
f 5689/5689/5689 5693/5693/5693 5691/5691/5691
f 5694/5694/5694 5690/5690/5690 5692/5692/5692
f 5693/5693/5693 5695/5695/5695 5691/5691/5691
f 5694/5694/5694 5692/5692/5692 5696/5696/5696
f 5693/5693/5693 5697/5697/5697 5695/5695/5695
f 5697/5697/5697 5698/5698/5698 5695/5695/5695
f 5697/5697/5697 5699/5699/5699 5698/5698/5698
f 5697/5697/5697 5700/5700/5700 5699/5699/5699
f 5700/5700/5700 5701/5701/5701 5699/5699/5699
f 5700/5700/5700 5702/5702/5702 5701/5701/5701
f 5702/5702/5702 5703/5703/5703 5701/5701/5701
f 5702/5702/5702 5704/5704/5704 5703/5703/5703
f 5704/5704/5704 5705/5705/5705 5703/5703/5703
f 5704/5704/5704 5706/5706/5706 5705/5705/5705
f 5706/5706/5706 5707/5707/5707 5705/5705/5705
f 5708/5708/5708 5694/5694/5694 5696/5696/5696
f 5708/5708/5708 5696/5696/5696 5709/5709/5709
f 5708/5708/5708 5709/5709/5709 5710/5710/5710
f 5711/5711/5711 5708/5708/5708 5710/5710/5710
f 5711/5711/5711 5710/5710/5710 5712/5712/5712
f 5713/5713/5713 5711/5711/5711 5712/5712/5712
f 5713/5713/5713 5712/5712/5712 5714/5714/5714
f 5715/5715/5715 5713/5713/5713 5714/5714/5714
f 5715/5715/5715 5714/5714/5714 5716/5716/5716
f 5717/5717/5717 5715/5715/5715 5716/5716/5716
f 5717/5717/5717 5716/5716/5716 5718/5718/5718
f 5706/5706/5706 5719/5719/5719 5707/5707/5707
f 5719/5719/5719 5717/5717/5717 5718/5718/5718
f 5719/5719/5719 5720/5720/5720 5707/5707/5707
f 5719/5719/5719 5718/5718/5718 5720/5720/5720
f 5723/5723/5723 5722/5722/5722 5721/5721/5721
f 5724/5724/5724 5723/5723/5723 5721/5721/5721
f 5722/5722/5722 5725/5725/5725 5721/5721/5721
f 5724/5724/5724 5721/5721/5721 5726/5726/5726
f 5722/5722/5722 5727/5727/5727 5725/5725/5725
f 5728/5728/5728 5724/5724/5724 5726/5726/5726
f 5727/5727/5727 5729/5729/5729 5725/5725/5725
f 5728/5728/5728 5726/5726/5726 5730/5730/5730
f 5727/5727/5727 5731/5731/5731 5729/5729/5729
f 5732/5732/5732 5728/5728/5728 5730/5730/5730
f 5731/5731/5731 5733/5733/5733 5729/5729/5729
f 5732/5732/5732 5730/5730/5730 5734/5734/5734
f 5731/5731/5731 5735/5735/5735 5733/5733/5733
f 5736/5736/5736 5732/5732/5732 5734/5734/5734
f 5735/5735/5735 5737/5737/5737 5733/5733/5733
f 5736/5736/5736 5734/5734/5734 5738/5738/5738
f 5735/5735/5735 5739/5739/5739 5737/5737/5737
f 5740/5740/5740 5736/5736/5736 5738/5738/5738
f 5739/5739/5739 5741/5741/5741 5737/5737/5737
f 5740/5740/5740 5738/5738/5738 5742/5742/5742
f 5739/5739/5739 5743/5743/5743 5741/5741/5741
f 5744/5744/5744 5740/5740/5740 5742/5742/5742
f 5743/5743/5743 5745/5745/5745 5741/5741/5741
f 5744/5744/5744 5742/5742/5742 5746/5746/5746
f 5743/5743/5743 5747/5747/5747 5745/5745/5745
f 5748/5748/5748 5744/5744/5744 5746/5746/5746
f 5747/5747/5747 5749/5749/5749 5745/5745/5745
f 5748/5748/5748 5746/5746/5746 5750/5750/5750
f 5747/5747/5747 5751/5751/5751 5749/5749/5749
f 5752/5752/5752 5748/5748/5748 5750/5750/5750
f 5751/5751/5751 5753/5753/5753 5749/5749/5749
f 5752/5752/5752 5750/5750/5750 5754/5754/5754
f 5751/5751/5751 5755/5755/5755 5753/5753/5753
f 5756/5756/5756 5752/5752/5752 5754/5754/5754
f 5755/5755/5755 5757/5757/5757 5753/5753/5753
f 5756/5756/5756 5754/5754/5754 5758/5758/5758
f 5755/5755/5755 5759/5759/5759 5757/5757/5757
f 5759/5759/5759 5756/5756/5756 5758/5758/5758
f 5759/5759/5759 5760/5760/5760 5757/5757/5757
f 5759/5759/5759 5758/5758/5758 5760/5760/5760
f 5763/5763/5763 5762/5762/5762 5761/5761/5761
f 5763/5763/5763 5764/5764/5764 5762/5762/5762
f 5762/5762/5762 5765/5765/5765 5761/5761/5761
f 5764/5764/5764 5766/5766/5766 5762/5762/5762
f 5761/5761/5761 5765/5765/5765 5767/5767/5767
f 5764/5764/5764 5768/5768/5768 5766/5766/5766
f 5769/5769/5769 5761/5761/5761 5767/5767/5767
f 5768/5768/5768 5770/5770/5770 5766/5766/5766
f 5769/5769/5769 5767/5767/5767 5771/5771/5771
f 5768/5768/5768 5772/5772/5772 5770/5770/5770
f 5773/5773/5773 5769/5769/5769 5771/5771/5771
f 5772/5772/5772 5774/5774/5774 5770/5770/5770
f 5773/5773/5773 5771/5771/5771 5775/5775/5775
f 5776/5776/5776 5773/5773/5773 5775/5775/5775
f 5772/5772/5772 5777/5777/5777 5774/5774/5774
f 5777/5777/5777 5778/5778/5778 5774/5774/5774
f 5776/5776/5776 5775/5775/5775 5779/5779/5779
f 5780/5780/5780 5776/5776/5776 5779/5779/5779
f 5778/5778/5778 5777/5777/5777 5781/5781/5781
f 5782/5782/5782 5781/5781/5781 5777/5777/5777
f 5782/5782/5782 5783/5783/5783 5781/5781/5781
f 5783/5783/5783 5784/5784/5784 5781/5781/5781
f 5783/5783/5783 5785/5785/5785 5784/5784/5784
f 5785/5785/5785 5786/5786/5786 5784/5784/5784
f 5785/5785/5785 5787/5787/5787 5786/5786/5786
f 5787/5787/5787 5788/5788/5788 5786/5786/5786
f 5780/5780/5780 5779/5779/5779 5789/5789/5789
f 5790/5790/5790 5789/5789/5789 5779/5779/5779
f 5789/5789/5789 5790/5790/5790 5791/5791/5791
f 5792/5792/5792 5789/5789/5789 5791/5791/5791
f 5792/5792/5792 5791/5791/5791 5793/5793/5793
f 5794/5794/5794 5792/5792/5792 5793/5793/5793
f 5794/5794/5794 5793/5793/5793 5795/5795/5795
f 5796/5796/5796 5794/5794/5794 5795/5795/5795
f 5787/5787/5787 5797/5797/5797 5788/5788/5788
f 5797/5797/5797 5798/5798/5798 5788/5788/5788
f 5796/5796/5796 5795/5795/5795 5799/5799/5799
f 5799/5799/5799 5798/5798/5798 5797/5797/5797
f 5800/5800/5800 5796/5796/5796 5799/5799/5799
f 5800/5800/5800 5799/5799/5799 5797/5797/5797
f 5803/5803/5803 5802/5802/5802 5801/5801/5801
f 5803/5803/5803 5801/5801/5801 5804/5804/5804
f 5802/5802/5802 5805/5805/5805 5801/5801/5801
f 5804/5804/5804 5801/5801/5801 5806/5806/5806
f 5802/5802/5802 5807/5807/5807 5805/5805/5805
f 5808/5808/5808 5804/5804/5804 5806/5806/5806
f 5807/5807/5807 5809/5809/5809 5805/5805/5805
f 5808/5808/5808 5806/5806/5806 5810/5810/5810
f 5807/5807/5807 5811/5811/5811 5809/5809/5809
f 5812/5812/5812 5808/5808/5808 5810/5810/5810
f 5811/5811/5811 5813/5813/5813 5809/5809/5809
f 5812/5812/5812 5810/5810/5810 5814/5814/5814
f 5811/5811/5811 5815/5815/5815 5813/5813/5813
f 5816/5816/5816 5812/5812/5812 5814/5814/5814
f 5815/5815/5815 5817/5817/5817 5813/5813/5813
f 5815/5815/5815 5818/5818/5818 5817/5817/5817
f 5818/5818/5818 5819/5819/5819 5817/5817/5817
f 5819/5819/5819 5820/5820/5820 5817/5817/5817
f 5819/5819/5819 5821/5821/5821 5820/5820/5820
f 5821/5821/5821 5822/5822/5822 5820/5820/5820
f 5821/5821/5821 5823/5823/5823 5822/5822/5822
f 5823/5823/5823 5824/5824/5824 5822/5822/5822
f 5823/5823/5823 5825/5825/5825 5824/5824/5824
f 5816/5816/5816 5814/5814/5814 5826/5826/5826
f 5827/5827/5827 5816/5816/5816 5826/5826/5826
f 5828/5828/5828 5827/5827/5827 5826/5826/5826
f 5828/5828/5828 5826/5826/5826 5829/5829/5829
f 5830/5830/5830 5828/5828/5828 5829/5829/5829
f 5830/5830/5830 5829/5829/5829 5831/5831/5831
f 5832/5832/5832 5830/5830/5830 5831/5831/5831
f 5832/5832/5832 5831/5831/5831 5833/5833/5833
f 5834/5834/5834 5832/5832/5832 5833/5833/5833
f 5825/5825/5825 5835/5835/5835 5824/5824/5824
f 5834/5834/5834 5833/5833/5833 5835/5835/5835
f 5825/5825/5825 5836/5836/5836 5835/5835/5835
f 5836/5836/5836 5834/5834/5834 5835/5835/5835
f 5839/5839/5839 5838/5838/5838 5837/5837/5837
f 5839/5839/5839 5837/5837/5837 5840/5840/5840
f 5840/5840/5840 5841/5841/5841 5838/5838/5838
f 5838/5838/5838 5841/5841/5841 5837/5837/5837
f 5841/5841/5841 5840/5840/5840 5837/5837/5837
f 5844/5844/5844 5843/5843/5843 5842/5842/5842
f 5845/5845/5845 5844/5844/5844 5842/5842/5842
f 5845/5845/5845 5846/5846/5846 5843/5843/5843
f 5843/5843/5843 5846/5846/5846 5842/5842/5842
f 5846/5846/5846 5845/5845/5845 5842/5842/5842
f 5849/5849/5849 5848/5848/5848 5847/5847/5847
f 5849/5849/5849 5847/5847/5847 5850/5850/5850
f 5848/5848/5848 5851/5851/5851 5847/5847/5847
f 5851/5851/5851 5850/5850/5850 5847/5847/5847
f 5850/5850/5850 5851/5851/5851 5848/5848/5848
f 5854/5854/5854 5853/5853/5853 5852/5852/5852
f 5855/5855/5855 5852/5852/5852 5853/5853/5853
f 5852/5852/5852 5856/5856/5856 5854/5854/5854
f 5852/5852/5852 5855/5855/5855 5856/5856/5856
f 5855/5855/5855 5854/5854/5854 5856/5856/5856
f 5859/5859/5859 5858/5858/5858 5857/5857/5857
f 5860/5860/5860 5857/5857/5857 5858/5858/5858
f 5859/5859/5859 5861/5861/5861 5860/5860/5860
f 5857/5857/5857 5861/5861/5861 5859/5859/5859
f 5857/5857/5857 5860/5860/5860 5861/5861/5861
f 5864/5864/5864 5863/5863/5863 5862/5862/5862
f 5865/5865/5865 5862/5862/5862 5863/5863/5863
f 5862/5862/5862 5866/5866/5866 5864/5864/5864
f 5862/5862/5862 5865/5865/5865 5866/5866/5866
f 5865/5865/5865 5864/5864/5864 5866/5866/5866
f 5869/5869/5869 5868/5868/5868 5867/5867/5867
f 5870/5870/5870 5869/5869/5869 5867/5867/5867
f 5869/5869/5869 5871/5871/5871 5868/5868/5868
f 5870/5870/5870 5867/5867/5867 5872/5872/5872
f 5871/5871/5871 5873/5873/5873 5868/5868/5868
f 5874/5874/5874 5870/5870/5870 5872/5872/5872
f 5871/5871/5871 5875/5875/5875 5873/5873/5873
f 5874/5874/5874 5872/5872/5872 5876/5876/5876
f 5875/5875/5875 5877/5877/5877 5873/5873/5873
f 5876/5876/5876 5878/5878/5878 5874/5874/5874
f 5875/5875/5875 5879/5879/5879 5877/5877/5877
f 5876/5876/5876 5880/5880/5880 5878/5878/5878
f 5879/5879/5879 5881/5881/5881 5877/5877/5877
f 5880/5880/5880 5882/5882/5882 5878/5878/5878
f 5879/5879/5879 5883/5883/5883 5881/5881/5881
f 5880/5880/5880 5884/5884/5884 5882/5882/5882
f 5885/5885/5885 5881/5881/5881 5883/5883/5883
f 5884/5884/5884 5886/5886/5886 5882/5882/5882
f 5885/5885/5885 5883/5883/5883 5887/5887/5887
f 5884/5884/5884 5888/5888/5888 5886/5886/5886
f 5889/5889/5889 5885/5885/5885 5887/5887/5887
f 5888/5888/5888 5890/5890/5890 5886/5886/5886
f 5889/5889/5889 5887/5887/5887 5891/5891/5891
f 5888/5888/5888 5892/5892/5892 5890/5890/5890
f 5893/5893/5893 5889/5889/5889 5891/5891/5891
f 5892/5892/5892 5894/5894/5894 5890/5890/5890
f 5893/5893/5893 5891/5891/5891 5895/5895/5895
f 5892/5892/5892 5896/5896/5896 5894/5894/5894
f 5897/5897/5897 5893/5893/5893 5895/5895/5895
f 5896/5896/5896 5898/5898/5898 5894/5894/5894
f 5897/5897/5897 5895/5895/5895 5899/5899/5899
f 5896/5896/5896 5900/5900/5900 5898/5898/5898
f 5901/5901/5901 5897/5897/5897 5899/5899/5899
f 5902/5902/5902 5898/5898/5898 5900/5900/5900
f 5901/5901/5901 5899/5899/5899 5903/5903/5903
f 5902/5902/5902 5900/5900/5900 5904/5904/5904
f 5905/5905/5905 5901/5901/5901 5903/5903/5903
f 5906/5906/5906 5902/5902/5902 5904/5904/5904
f 5905/5905/5905 5903/5903/5903 5907/5907/5907
f 5906/5906/5906 5904/5904/5904 5908/5908/5908
f 5907/5907/5907 5909/5909/5909 5905/5905/5905
f 5910/5910/5910 5906/5906/5906 5908/5908/5908
f 5907/5907/5907 5911/5911/5911 5909/5909/5909
f 5910/5910/5910 5908/5908/5908 5912/5912/5912
f 5911/5911/5911 5913/5913/5913 5909/5909/5909
f 5914/5914/5914 5910/5910/5910 5912/5912/5912
f 5914/5914/5914 5912/5912/5912 5913/5913/5913
f 5911/5911/5911 5914/5914/5914 5913/5913/5913
f 5917/5917/5917 5916/5916/5916 5915/5915/5915
f 5918/5918/5918 5917/5917/5917 5915/5915/5915
f 5917/5917/5917 5919/5919/5919 5916/5916/5916
f 5918/5918/5918 5915/5915/5915 5920/5920/5920
f 5919/5919/5919 5921/5921/5921 5916/5916/5916
f 5922/5922/5922 5918/5918/5918 5920/5920/5920
f 5919/5919/5919 5923/5923/5923 5921/5921/5921
f 5922/5922/5922 5920/5920/5920 5924/5924/5924
f 5923/5923/5923 5925/5925/5925 5921/5921/5921
f 5926/5926/5926 5922/5922/5922 5924/5924/5924
f 5923/5923/5923 5927/5927/5927 5925/5925/5925
f 5926/5926/5926 5924/5924/5924 5928/5928/5928
f 5927/5927/5927 5929/5929/5929 5925/5925/5925
f 5930/5930/5930 5926/5926/5926 5928/5928/5928
f 5927/5927/5927 5931/5931/5931 5929/5929/5929
f 5930/5930/5930 5928/5928/5928 5932/5932/5932
f 5931/5931/5931 5933/5933/5933 5929/5929/5929
f 5932/5932/5932 5934/5934/5934 5930/5930/5930
f 5931/5931/5931 5935/5935/5935 5933/5933/5933
f 5932/5932/5932 5936/5936/5936 5934/5934/5934
f 5935/5935/5935 5937/5937/5937 5933/5933/5933
f 5936/5936/5936 5938/5938/5938 5934/5934/5934
f 5935/5935/5935 5939/5939/5939 5937/5937/5937
f 5936/5936/5936 5940/5940/5940 5938/5938/5938
f 5939/5939/5939 5941/5941/5941 5937/5937/5937
f 5940/5940/5940 5942/5942/5942 5938/5938/5938
f 5939/5939/5939 5943/5943/5943 5941/5941/5941
f 5940/5940/5940 5944/5944/5944 5942/5942/5942
f 5943/5943/5943 5945/5945/5945 5941/5941/5941
f 5944/5944/5944 5946/5946/5946 5942/5942/5942
f 5944/5944/5944 5945/5945/5945 5946/5946/5946
f 5943/5943/5943 5946/5946/5946 5945/5945/5945
f 5949/5949/5949 5948/5948/5948 5947/5947/5947
f 5950/5950/5950 5949/5949/5949 5947/5947/5947
f 5948/5948/5948 5949/5949/5949 5951/5951/5951
f 5950/5950/5950 5947/5947/5947 5952/5952/5952
f 5953/5953/5953 5948/5948/5948 5951/5951/5951
f 5954/5954/5954 5950/5950/5950 5952/5952/5952
f 5953/5953/5953 5951/5951/5951 5955/5955/5955
f 5954/5954/5954 5952/5952/5952 5956/5956/5956
f 5957/5957/5957 5953/5953/5953 5955/5955/5955
f 5958/5958/5958 5954/5954/5954 5956/5956/5956
f 5957/5957/5957 5955/5955/5955 5959/5959/5959
f 5958/5958/5958 5956/5956/5956 5960/5960/5960
f 5961/5961/5961 5957/5957/5957 5959/5959/5959
f 5962/5962/5962 5958/5958/5958 5960/5960/5960
f 5961/5961/5961 5959/5959/5959 5963/5963/5963
f 5962/5962/5962 5960/5960/5960 5964/5964/5964
f 5965/5965/5965 5961/5961/5961 5963/5963/5963
f 5966/5966/5966 5962/5962/5962 5964/5964/5964
f 5965/5965/5965 5963/5963/5963 5967/5967/5967
f 5966/5966/5966 5964/5964/5964 5968/5968/5968
f 5969/5969/5969 5965/5965/5965 5967/5967/5967
f 5968/5968/5968 5970/5970/5970 5966/5966/5966
f 5969/5969/5969 5967/5967/5967 5971/5971/5971
f 5970/5970/5970 5968/5968/5968 5972/5972/5972
f 5971/5971/5971 5973/5973/5973 5969/5969/5969
f 5974/5974/5974 5970/5970/5970 5972/5972/5972
f 5973/5973/5973 5971/5971/5971 5975/5975/5975
f 5974/5974/5974 5972/5972/5972 5976/5976/5976
f 5977/5977/5977 5973/5973/5973 5975/5975/5975
f 5978/5978/5978 5974/5974/5974 5976/5976/5976
f 5977/5977/5977 5975/5975/5975 5979/5979/5979
f 5978/5978/5978 5976/5976/5976 5980/5980/5980
f 5981/5981/5981 5977/5977/5977 5979/5979/5979
f 5982/5982/5982 5978/5978/5978 5980/5980/5980
f 5981/5981/5981 5979/5979/5979 5983/5983/5983
f 5982/5982/5982 5980/5980/5980 5984/5984/5984
f 5985/5985/5985 5981/5981/5981 5983/5983/5983
f 5986/5986/5986 5982/5982/5982 5984/5984/5984
f 5985/5985/5985 5983/5983/5983 5987/5987/5987
f 5986/5986/5986 5984/5984/5984 5988/5988/5988
f 5989/5989/5989 5985/5985/5985 5987/5987/5987
f 5990/5990/5990 5986/5986/5986 5988/5988/5988
f 5989/5989/5989 5987/5987/5987 5991/5991/5991
f 5990/5990/5990 5988/5988/5988 5992/5992/5992
f 5993/5993/5993 5989/5989/5989 5991/5991/5991
f 5992/5992/5992 5994/5994/5994 5990/5990/5990
f 5993/5993/5993 5991/5991/5991 5994/5994/5994
f 5992/5992/5992 5993/5993/5993 5994/5994/5994
f 5997/5997/5997 5996/5996/5996 5995/5995/5995
f 5995/5995/5995 5998/5998/5998 5997/5997/5997
f 5997/5997/5997 5999/5999/5999 5996/5996/5996
f 5995/5995/5995 6000/6000/6000 5998/5998/5998
f 5999/5999/5999 6001/6001/6001 5996/5996/5996
f 6000/6000/6000 6002/6002/6002 5998/5998/5998
f 5999/5999/5999 6003/6003/6003 6001/6001/6001
f 6000/6000/6000 6004/6004/6004 6002/6002/6002
f 6001/6001/6001 6003/6003/6003 6005/6005/6005
f 6002/6002/6002 6004/6004/6004 6006/6006/6006
f 6003/6003/6003 6007/6007/6007 6005/6005/6005
f 6004/6004/6004 6008/6008/6008 6006/6006/6006
f 6009/6009/6009 6005/6005/6005 6007/6007/6007
f 6010/6010/6010 6006/6006/6006 6008/6008/6008
f 6011/6011/6011 6009/6009/6009 6007/6007/6007
f 6012/6012/6012 6010/6010/6010 6008/6008/6008
f 6013/6013/6013 6009/6009/6009 6011/6011/6011
f 6014/6014/6014 6010/6010/6010 6012/6012/6012
f 6013/6013/6013 6011/6011/6011 6015/6015/6015
f 6014/6014/6014 6012/6012/6012 6016/6016/6016
f 6017/6017/6017 6013/6013/6013 6015/6015/6015
f 6018/6018/6018 6014/6014/6014 6016/6016/6016
f 6017/6017/6017 6015/6015/6015 6018/6018/6018
f 6018/6018/6018 6016/6016/6016 6017/6017/6017
g UnionAchillesA5_XtenderH_Tip_1
f 6021/6021/6021 6020/6020/6020 6019/6019/6019
f 6024/6024/6024 6023/6023/6023 6022/6022/6022
f 6027/6027/6027 6026/6026/6026 6025/6025/6025
f 6030/6030/6030 6029/6029/6029 6028/6028/6028
f 6033/6033/6033 6032/6032/6032 6031/6031/6031
f 6036/6036/6036 6035/6035/6035 6034/6034/6034
f 6039/6039/6039 6038/6038/6038 6037/6037/6037
f 6042/6042/6042 6041/6041/6041 6040/6040/6040
f 6045/6045/6045 6044/6044/6044 6043/6043/6043
f 6048/6048/6048 6047/6047/6047 6046/6046/6046
f 6051/6051/6051 6050/6050/6050 6049/6049/6049
f 6054/6054/6054 6053/6053/6053 6052/6052/6052
f 6057/6057/6057 6056/6056/6056 6055/6055/6055
f 6060/6060/6060 6059/6059/6059 6058/6058/6058
f 6058/6058/6058 6061/6061/6061 6060/6060/6060
f 6064/6064/6064 6063/6063/6063 6062/6062/6062
f 6064/6064/6064 6065/6065/6065 6063/6063/6063
f 6064/6064/6064 6066/6066/6066 6065/6065/6065
f 6066/6066/6066 6067/6067/6067 6065/6065/6065
f 6068/6068/6068 6066/6066/6066 6064/6064/6064
f 6069/6069/6069 6068/6068/6068 6064/6064/6064
f 6067/6067/6067 6070/6070/6070 6065/6065/6065
f 6069/6069/6069 6064/6064/6064 6071/6071/6071
f 6068/6068/6068 6069/6069/6069 6072/6072/6072
f 6067/6067/6067 6073/6073/6073 6070/6070/6070
f 6074/6074/6074 6073/6073/6073 6067/6067/6067
f 6074/6074/6074 6075/6075/6075 6073/6073/6073
f 6076/6076/6076 6070/6070/6070 6073/6073/6073
f 6075/6075/6075 6077/6077/6077 6073/6073/6073
f 6078/6078/6078 6076/6076/6076 6073/6073/6073
f 6077/6077/6077 6079/6079/6079 6073/6073/6073
f 6077/6077/6077 6072/6072/6072 6079/6079/6079
f 6072/6072/6072 6080/6080/6080 6079/6079/6079
f 6072/6072/6072 6069/6069/6069 6080/6080/6080
f 6078/6078/6078 6081/6081/6081 6076/6076/6076
f 6069/6069/6069 6082/6082/6082 6080/6080/6080
f 6069/6069/6069 6083/6083/6083 6082/6082/6082
f 6078/6078/6078 6084/6084/6084 6081/6081/6081
f 6085/6085/6085 6083/6083/6083 6069/6069/6069
f 6071/6071/6071 6085/6085/6085 6069/6069/6069
f 6086/6086/6086 6085/6085/6085 6071/6071/6071
f 6085/6085/6085 6086/6086/6086 6087/6087/6087
f 6087/6087/6087 6088/6088/6088 6085/6085/6085
f 6081/6081/6081 6084/6084/6084 6089/6089/6089
f 6084/6084/6084 6090/6090/6090 6089/6089/6089
f 6081/6081/6081 6089/6089/6089 6091/6091/6091
f 6084/6084/6084 6092/6092/6092 6090/6090/6090
f 6093/6093/6093 6081/6081/6081 6091/6091/6091
f 6093/6093/6093 6091/6091/6091 6094/6094/6094
f 6091/6091/6091 6095/6095/6095 6094/6094/6094
f 6096/6096/6096 6095/6095/6095 6091/6091/6091
f 6097/6097/6097 6090/6090/6090 6092/6092/6092
f 6097/6097/6097 6092/6092/6092 6098/6098/6098
f 6092/6092/6092 6099/6099/6099 6098/6098/6098
f 6092/6092/6092 6100/6100/6100 6099/6099/6099
f 6101/6101/6101 6099/6099/6099 6100/6100/6100
f 6102/6102/6102 6101/6101/6101 6100/6100/6100
f 6102/6102/6102 6103/6103/6103 6101/6101/6101
f 6103/6103/6103 6104/6104/6104 6101/6101/6101
f 6104/6104/6104 6105/6105/6105 6101/6101/6101
f 6103/6103/6103 6106/6106/6106 6104/6104/6104
f 6106/6106/6106 6107/6107/6107 6104/6104/6104
f 6108/6108/6108 6107/6107/6107 6106/6106/6106
f 6108/6108/6108 6109/6109/6109 6107/6107/6107
f 6105/6105/6105 6104/6104/6104 6110/6110/6110
f 6104/6104/6104 6107/6107/6107 6110/6110/6110
f 6111/6111/6111 6105/6105/6105 6110/6110/6110
f 6107/6107/6107 6109/6109/6109 6112/6112/6112
f 6113/6113/6113 6112/6112/6112 6109/6109/6109
f 6114/6114/6114 6113/6113/6113 6109/6109/6109
f 6113/6113/6113 6115/6115/6115 6112/6112/6112
f 6116/6116/6116 6110/6110/6110 6107/6107/6107
f 6116/6116/6116 6117/6117/6117 6110/6110/6110
f 6117/6117/6117 6118/6118/6118 6110/6110/6110
f 6118/6118/6118 6117/6117/6117 6119/6119/6119
f 6107/6107/6107 6112/6112/6112 6120/6120/6120
f 6112/6112/6112 6121/6121/6121 6120/6120/6120
f 6122/6122/6122 6112/6112/6112 6115/6115/6115
f 6112/6112/6112 6122/6122/6122 6121/6121/6121
f 6107/6107/6107 6120/6120/6120 6123/6123/6123
f 6123/6123/6123 6116/6116/6116 6107/6107/6107
f 6120/6120/6120 6124/6124/6124 6123/6123/6123
f 6120/6120/6120 6121/6121/6121 6124/6124/6124
f 6116/6116/6116 6123/6123/6123 6124/6124/6124
f 6125/6125/6125 6122/6122/6122 6115/6115/6115
f 6126/6126/6126 6125/6125/6125 6115/6115/6115
f 6122/6122/6122 6127/6127/6127 6121/6121/6121
f 6122/6122/6122 6125/6125/6125 6127/6127/6127
f 6116/6116/6116 6124/6124/6124 6128/6128/6128
f 6117/6117/6117 6116/6116/6116 6129/6129/6129
f 6116/6116/6116 6128/6128/6128 6129/6129/6129
f 6128/6128/6128 6124/6124/6124 6130/6130/6130
f 6121/6121/6121 6130/6130/6130 6124/6124/6124
f 6131/6131/6131 6129/6129/6129 6128/6128/6128
f 6131/6131/6131 6128/6128/6128 6130/6130/6130
f 6125/6125/6125 6132/6132/6132 6127/6127/6127
f 6133/6133/6133 6121/6121/6121 6127/6127/6127
f 6133/6133/6133 6127/6127/6127 6132/6132/6132
f 6121/6121/6121 6134/6134/6134 6130/6130/6130
f 6133/6133/6133 6134/6134/6134 6121/6121/6121
f 6135/6135/6135 6125/6125/6125 6126/6126/6126
f 6125/6125/6125 6135/6135/6135 6132/6132/6132
f 6131/6131/6131 6130/6130/6130 6136/6136/6136
f 6134/6134/6134 6136/6136/6136 6130/6130/6130
f 6117/6117/6117 6129/6129/6129 6137/6137/6137
f 6131/6131/6131 6138/6138/6138 6129/6129/6129
f 6138/6138/6138 6137/6137/6137 6129/6129/6129
f 6139/6139/6139 6117/6117/6117 6137/6137/6137
f 6139/6139/6139 6119/6119/6119 6117/6117/6117
f 6139/6139/6139 6137/6137/6137 6140/6140/6140
f 6138/6138/6138 6140/6140/6140 6137/6137/6137
f 6119/6119/6119 6139/6139/6139 6141/6141/6141
f 6139/6139/6139 6140/6140/6140 6141/6141/6141
f 6142/6142/6142 6119/6119/6119 6141/6141/6141
f 6131/6131/6131 6143/6143/6143 6138/6138/6138
f 6143/6143/6143 6131/6131/6131 6136/6136/6136
f 6138/6138/6138 6144/6144/6144 6140/6140/6140
f 6143/6143/6143 6144/6144/6144 6138/6138/6138
f 6141/6141/6141 6145/6145/6145 6142/6142/6142
f 6142/6142/6142 6145/6145/6145 6146/6146/6146
f 6141/6141/6141 6140/6140/6140 6147/6147/6147
f 6141/6141/6141 6147/6147/6147 6145/6145/6145
f 6140/6140/6140 6144/6144/6144 6147/6147/6147
f 6145/6145/6145 6148/6148/6148 6146/6146/6146
f 6145/6145/6145 6147/6147/6147 6148/6148/6148
f 6148/6148/6148 6149/6149/6149 6146/6146/6146
f 6144/6144/6144 6150/6150/6150 6147/6147/6147
f 6147/6147/6147 6150/6150/6150 6148/6148/6148
f 6151/6151/6151 6149/6149/6149 6148/6148/6148
f 6151/6151/6151 6152/6152/6152 6149/6149/6149
f 6148/6148/6148 6153/6153/6153 6151/6151/6151
f 6148/6148/6148 6150/6150/6150 6153/6153/6153
f 6150/6150/6150 6154/6154/6154 6153/6153/6153
f 6150/6150/6150 6144/6144/6144 6154/6154/6154
f 6144/6144/6144 6143/6143/6143 6154/6154/6154
f 6154/6154/6154 6143/6143/6143 6155/6155/6155
f 6143/6143/6143 6136/6136/6136 6155/6155/6155
f 6154/6154/6154 6155/6155/6155 6156/6156/6156
f 6136/6136/6136 6157/6157/6157 6155/6155/6155
f 6158/6158/6158 6157/6157/6157 6136/6136/6136
f 6136/6136/6136 6134/6134/6134 6158/6158/6158
f 6134/6134/6134 6159/6159/6159 6158/6158/6158
f 6134/6134/6134 6133/6133/6133 6159/6159/6159
f 6158/6158/6158 6160/6160/6160 6157/6157/6157
f 6159/6159/6159 6160/6160/6160 6158/6158/6158
f 6133/6133/6133 6161/6161/6161 6159/6159/6159
f 6161/6161/6161 6133/6133/6133 6132/6132/6132
f 6160/6160/6160 6159/6159/6159 6162/6162/6162
f 6159/6159/6159 6161/6161/6161 6162/6162/6162
f 6161/6161/6161 6132/6132/6132 6163/6163/6163
f 6135/6135/6135 6163/6163/6163 6132/6132/6132
f 6164/6164/6164 6161/6161/6161 6163/6163/6163
f 6164/6164/6164 6162/6162/6162 6161/6161/6161
f 6163/6163/6163 6135/6135/6135 6165/6165/6165
f 6164/6164/6164 6163/6163/6163 6165/6165/6165
f 6166/6166/6166 6165/6165/6165 6135/6135/6135
f 6166/6166/6166 6135/6135/6135 6126/6126/6126
f 6164/6164/6164 6165/6165/6165 6167/6167/6167
f 6166/6166/6166 6167/6167/6167 6165/6165/6165
f 6162/6162/6162 6164/6164/6164 6168/6168/6168
f 6168/6168/6168 6164/6164/6164 6167/6167/6167
f 6166/6166/6166 6126/6126/6126 6169/6169/6169
f 6126/6126/6126 6170/6170/6170 6169/6169/6169
f 6171/6171/6171 6169/6169/6169 6170/6170/6170
f 6171/6171/6171 6170/6170/6170 6172/6172/6172
f 6173/6173/6173 6171/6171/6171 6172/6172/6172
f 6174/6174/6174 6173/6173/6173 6172/6172/6172
f 6175/6175/6175 6174/6174/6174 6172/6172/6172
f 6171/6171/6171 6176/6176/6176 6169/6169/6169
f 6171/6171/6171 6177/6177/6177 6176/6176/6176
f 6169/6169/6169 6176/6176/6176 6178/6178/6178
f 6179/6179/6179 6178/6178/6178 6176/6176/6176
f 6166/6166/6166 6169/6169/6169 6180/6180/6180
f 6169/6169/6169 6178/6178/6178 6180/6180/6180
f 6181/6181/6181 6166/6166/6166 6180/6180/6180
f 6181/6181/6181 6180/6180/6180 6182/6182/6182
f 6180/6180/6180 6178/6178/6178 6182/6182/6182
f 6183/6183/6183 6182/6182/6182 6178/6178/6178
f 6184/6184/6184 6182/6182/6182 6183/6183/6183
f 6183/6183/6183 6185/6185/6185 6184/6184/6184
f 6186/6186/6186 6183/6183/6183 6178/6178/6178
f 6187/6187/6187 6186/6186/6186 6178/6178/6178
f 6187/6187/6187 6188/6188/6188 6186/6186/6186
f 6189/6189/6189 6167/6167/6167 6166/6166/6166
f 6189/6189/6189 6190/6190/6190 6167/6167/6167
f 6190/6190/6190 6191/6191/6191 6167/6167/6167
f 6168/6168/6168 6167/6167/6167 6191/6191/6191
f 6192/6192/6192 6190/6190/6190 6189/6189/6189
f 6192/6192/6192 6189/6189/6189 6193/6193/6193
f 6190/6190/6190 6194/6194/6194 6191/6191/6191
f 6190/6190/6190 6192/6192/6192 6194/6194/6194
f 6195/6195/6195 6168/6168/6168 6191/6191/6191
f 6195/6195/6195 6191/6191/6191 6194/6194/6194
f 6195/6195/6195 6162/6162/6162 6168/6168/6168
f 6195/6195/6195 6196/6196/6196 6162/6162/6162
f 6160/6160/6160 6162/6162/6162 6196/6196/6196
f 6195/6195/6195 6197/6197/6197 6196/6196/6196
f 6195/6195/6195 6194/6194/6194 6197/6197/6197
f 6194/6194/6194 6198/6198/6198 6197/6197/6197
f 6194/6194/6194 6199/6199/6199 6198/6198/6198
f 6192/6192/6192 6199/6199/6199 6194/6194/6194
f 6160/6160/6160 6196/6196/6196 6200/6200/6200
f 6196/6196/6196 6197/6197/6197 6200/6200/6200
f 6157/6157/6157 6160/6160/6160 6200/6200/6200
f 6192/6192/6192 6201/6201/6201 6199/6199/6199
f 6201/6201/6201 6198/6198/6198 6199/6199/6199
f 6201/6201/6201 6202/6202/6202 6198/6198/6198
f 6201/6201/6201 6192/6192/6192 6193/6193/6193
f 6202/6202/6202 6201/6201/6201 6193/6193/6193
f 6202/6202/6202 6193/6193/6193 6203/6203/6203
f 6202/6202/6202 6203/6203/6203 6204/6204/6204
f 6202/6202/6202 6204/6204/6204 6205/6205/6205
f 6206/6206/6206 6205/6205/6205 6204/6204/6204
f 6197/6197/6197 6207/6207/6207 6200/6200/6200
f 6197/6197/6197 6198/6198/6198 6207/6207/6207
f 6157/6157/6157 6200/6200/6200 6208/6208/6208
f 6209/6209/6209 6200/6200/6200 6207/6207/6207
f 6209/6209/6209 6208/6208/6208 6200/6200/6200
f 6210/6210/6210 6209/6209/6209 6207/6207/6207
f 6210/6210/6210 6208/6208/6208 6209/6209/6209
f 6157/6157/6157 6208/6208/6208 6211/6211/6211
f 6210/6210/6210 6211/6211/6211 6208/6208/6208
f 6157/6157/6157 6211/6211/6211 6155/6155/6155
f 6212/6212/6212 6207/6207/6207 6198/6198/6198
f 6212/6212/6212 6210/6210/6210 6207/6207/6207
f 6155/6155/6155 6211/6211/6211 6213/6213/6213
f 6156/6156/6156 6155/6155/6155 6213/6213/6213
f 6213/6213/6213 6211/6211/6211 6214/6214/6214
f 6156/6156/6156 6213/6213/6213 6215/6215/6215
f 6215/6215/6215 6213/6213/6213 6216/6216/6216
f 6215/6215/6215 6216/6216/6216 6217/6217/6217
f 6218/6218/6218 6156/6156/6156 6215/6215/6215
f 6218/6218/6218 6219/6219/6219 6156/6156/6156
f 6214/6214/6214 6211/6211/6211 6220/6220/6220
f 6210/6210/6210 6220/6220/6220 6211/6211/6211
f 6221/6221/6221 6215/6215/6215 6217/6217/6217
f 6221/6221/6221 6222/6222/6222 6215/6215/6215
f 6221/6221/6221 6223/6223/6223 6222/6222/6222
f 6224/6224/6224 6221/6221/6221 6217/6217/6217
f 6224/6224/6224 6223/6223/6223 6221/6221/6221
f 6225/6225/6225 6224/6224/6224 6217/6217/6217
f 6226/6226/6226 6223/6223/6223 6224/6224/6224
f 6225/6225/6225 6227/6227/6227 6224/6224/6224
f 6224/6224/6224 6227/6227/6227 6226/6226/6226
f 6228/6228/6228 6214/6214/6214 6220/6220/6220
f 6214/6214/6214 6228/6228/6228 6229/6229/6229
f 6230/6230/6230 6229/6229/6229 6228/6228/6228
f 6230/6230/6230 6231/6231/6231 6229/6229/6229
f 6232/6232/6232 6228/6228/6228 6220/6220/6220
f 6232/6232/6232 6230/6230/6230 6228/6228/6228
f 6233/6233/6233 6232/6232/6232 6220/6220/6220
f 6220/6220/6220 6210/6210/6210 6233/6233/6233
f 6233/6233/6233 6234/6234/6234 6232/6232/6232
f 6232/6232/6232 6234/6234/6234 6230/6230/6230
f 6231/6231/6231 6230/6230/6230 6235/6235/6235
f 6231/6231/6231 6235/6235/6235 6236/6236/6236
f 6235/6235/6235 6230/6230/6230 6237/6237/6237
f 6234/6234/6234 6237/6237/6237 6230/6230/6230
f 6238/6238/6238 6235/6235/6235 6237/6237/6237
f 6239/6239/6239 6238/6238/6238 6237/6237/6237
f 6210/6210/6210 6240/6240/6240 6233/6233/6233
f 6240/6240/6240 6234/6234/6234 6233/6233/6233
f 6234/6234/6234 6241/6241/6241 6237/6237/6237
f 6241/6241/6241 6239/6239/6239 6237/6237/6237
f 6234/6234/6234 6242/6242/6242 6241/6241/6241
f 6239/6239/6239 6241/6241/6241 6242/6242/6242
f 6240/6240/6240 6242/6242/6242 6234/6234/6234
f 6243/6243/6243 6239/6239/6239 6242/6242/6242
f 6243/6243/6243 6242/6242/6242 6244/6244/6244
f 6242/6242/6242 6240/6240/6240 6244/6244/6244
f 6245/6245/6245 6243/6243/6243 6244/6244/6244
f 6246/6246/6246 6245/6245/6245 6244/6244/6244
f 6240/6240/6240 6210/6210/6210 6247/6247/6247
f 6240/6240/6240 6247/6247/6247 6244/6244/6244
f 6212/6212/6212 6247/6247/6247 6210/6210/6210
f 6246/6246/6246 6244/6244/6244 6248/6248/6248
f 6248/6248/6248 6244/6244/6244 6247/6247/6247
f 6212/6212/6212 6248/6248/6248 6247/6247/6247
f 6249/6249/6249 6248/6248/6248 6212/6212/6212
f 6250/6250/6250 6246/6246/6246 6248/6248/6248
f 6250/6250/6250 6248/6248/6248 6251/6251/6251
f 6251/6251/6251 6212/6212/6212 6198/6198/6198
f 6252/6252/6252 6250/6250/6250 6251/6251/6251
f 6251/6251/6251 6198/6198/6198 6253/6253/6253
f 6202/6202/6202 6253/6253/6253 6198/6198/6198
f 6252/6252/6252 6251/6251/6251 6085/6085/6085
f 6252/6252/6252 6085/6085/6085 6254/6254/6254
f 6085/6085/6085 6255/6255/6255 6254/6254/6254
f 6251/6251/6251 6256/6256/6256 6085/6085/6085
f 6256/6256/6256 6251/6251/6251 6253/6253/6253
f 6256/6256/6256 6083/6083/6083 6085/6085/6085
f 6083/6083/6083 6256/6256/6256 6253/6253/6253
f 6083/6083/6083 6253/6253/6253 6202/6202/6202
f 6083/6083/6083 6202/6202/6202 6257/6257/6257
f 6260/6260/6260 6259/6259/6259 6258/6258/6258
f 6261/6261/6261 6260/6260/6260 6258/6258/6258
f 6261/6261/6261 6258/6258/6258 6262/6262/6262
f 6262/6262/6262 6263/6263/6263 6261/6261/6261
f 6262/6262/6262 6264/6264/6264 6263/6263/6263
f 6265/6265/6265 6264/6264/6264 6262/6262/6262
f 6265/6265/6265 6266/6266/6266 6264/6264/6264
f 6266/6266/6266 6267/6267/6267 6264/6264/6264
f 6265/6265/6265 6268/6268/6268 6266/6266/6266
f 6267/6267/6267 6266/6266/6266 6269/6269/6269
f 6267/6267/6267 6269/6269/6269 6270/6270/6270
f 6269/6269/6269 6271/6271/6271 6270/6270/6270
f 6265/6265/6265 6272/6272/6272 6268/6268/6268
f 6265/6265/6265 6273/6273/6273 6272/6272/6272
f 6273/6273/6273 6274/6274/6274 6272/6272/6272
f 6274/6274/6274 6273/6273/6273 6275/6275/6275
f 6273/6273/6273 6276/6276/6276 6275/6275/6275
f 6276/6276/6276 6277/6277/6277 6275/6275/6275
f 6276/6276/6276 6278/6278/6278 6277/6277/6277
f 6278/6278/6278 6279/6279/6279 6277/6277/6277
f 6279/6279/6279 6280/6280/6280 6277/6277/6277
f 6280/6280/6280 6279/6279/6279 6281/6281/6281
f 6278/6278/6278 6282/6282/6282 6279/6279/6279
f 6282/6282/6282 6283/6283/6283 6279/6279/6279
f 6279/6279/6279 6283/6283/6283 6284/6284/6284
f 6279/6279/6279 6284/6284/6284 6285/6285/6285
f 6286/6286/6286 6283/6283/6283 6282/6282/6282
f 6283/6283/6283 6286/6286/6286 6287/6287/6287
f 6283/6283/6283 6288/6288/6288 6284/6284/6284
f 6283/6283/6283 6289/6289/6289 6288/6288/6288
f 6283/6283/6283 6287/6287/6287 6289/6289/6289
f 6290/6290/6290 6288/6288/6288 6289/6289/6289
f 6290/6290/6290 6284/6284/6284 6288/6288/6288
f 6291/6291/6291 6284/6284/6284 6290/6290/6290
f 6290/6290/6290 6289/6289/6289 6292/6292/6292
f 6287/6287/6287 6292/6292/6292 6289/6289/6289
f 6290/6290/6290 6292/6292/6292 6291/6291/6291
f 6292/6292/6292 6293/6293/6293 6291/6291/6291
f 6294/6294/6294 6284/6284/6284 6291/6291/6291
f 6295/6295/6295 6294/6294/6294 6291/6291/6291
f 6284/6284/6284 6296/6296/6296 6285/6285/6285
f 6284/6284/6284 6297/6297/6297 6296/6296/6296
f 6298/6298/6298 6297/6297/6297 6284/6284/6284
f 6295/6295/6295 6297/6297/6297 6298/6298/6298
f 6285/6285/6285 6296/6296/6296 6299/6299/6299
f 6296/6296/6296 6297/6297/6297 6299/6299/6299
f 6300/6300/6300 6285/6285/6285 6299/6299/6299
f 6300/6300/6300 6301/6301/6301 6285/6285/6285
f 6299/6299/6299 6302/6302/6302 6300/6300/6300
f 6303/6303/6303 6302/6302/6302 6299/6299/6299
f 6303/6303/6303 6299/6299/6299 6304/6304/6304
f 6304/6304/6304 6299/6299/6299 6297/6297/6297
f 6305/6305/6305 6303/6303/6303 6304/6304/6304
f 6295/6295/6295 6306/6306/6306 6297/6297/6297
f 6306/6306/6306 6304/6304/6304 6297/6297/6297
f 6305/6305/6305 6304/6304/6304 6307/6307/6307
f 6307/6307/6307 6308/6308/6308 6305/6305/6305
f 6307/6307/6307 6309/6309/6309 6308/6308/6308
f 6307/6307/6307 6310/6310/6310 6309/6309/6309
f 6304/6304/6304 6311/6311/6311 6307/6307/6307
f 6304/6304/6304 6306/6306/6306 6311/6311/6311
f 6311/6311/6311 6312/6312/6312 6307/6307/6307
f 6310/6310/6310 6307/6307/6307 6312/6312/6312
f 6311/6311/6311 6306/6306/6306 6313/6313/6313
f 6312/6312/6312 6311/6311/6311 6313/6313/6313
f 6295/6295/6295 6314/6314/6314 6306/6306/6306
f 6313/6313/6313 6306/6306/6306 6314/6314/6314
f 6313/6313/6313 6314/6314/6314 6315/6315/6315
f 6315/6315/6315 6314/6314/6314 6295/6295/6295
f 6316/6316/6316 6312/6312/6312 6313/6313/6313
f 6316/6316/6316 6313/6313/6313 6315/6315/6315
f 6312/6312/6312 6316/6316/6316 6317/6317/6317
f 6316/6316/6316 6315/6315/6315 6317/6317/6317
f 6312/6312/6312 6317/6317/6317 6318/6318/6318
f 6310/6310/6310 6312/6312/6312 6318/6318/6318
f 6310/6310/6310 6318/6318/6318 6319/6319/6319
f 6319/6319/6319 6320/6320/6320 6310/6310/6310
f 6319/6319/6319 6321/6321/6321 6320/6320/6320
f 6315/6315/6315 6295/6295/6295 6322/6322/6322
f 6295/6295/6295 6323/6323/6323 6322/6322/6322
f 6295/6295/6295 6291/6291/6291 6323/6323/6323
f 6291/6291/6291 6324/6324/6324 6323/6323/6323
f 6291/6291/6291 6293/6293/6293 6324/6324/6324
f 6325/6325/6325 6322/6322/6322 6323/6323/6323
f 6325/6325/6325 6323/6323/6323 6324/6324/6324
f 6322/6322/6322 6326/6326/6326 6315/6315/6315
f 6322/6322/6322 6325/6325/6325 6327/6327/6327
f 6322/6322/6322 6327/6327/6327 6326/6326/6326
f 6324/6324/6324 6328/6328/6328 6325/6325/6325
f 6328/6328/6328 6327/6327/6327 6325/6325/6325
f 6326/6326/6326 6329/6329/6329 6315/6315/6315
f 6329/6329/6329 6330/6330/6330 6315/6315/6315
f 6329/6329/6329 6331/6331/6331 6330/6330/6330
f 6331/6331/6331 6329/6329/6329 6332/6332/6332
f 6329/6329/6329 6326/6326/6326 6333/6333/6333
f 6327/6327/6327 6334/6334/6334 6326/6326/6326
f 6326/6326/6326 6334/6334/6334 6333/6333/6333
f 6329/6329/6329 6333/6333/6333 6335/6335/6335
f 6329/6329/6329 6335/6335/6335 6332/6332/6332
f 6335/6335/6335 6333/6333/6333 6336/6336/6336
f 6333/6333/6333 6334/6334/6334 6336/6336/6336
f 6332/6332/6332 6335/6335/6335 6336/6336/6336
f 6327/6327/6327 6337/6337/6337 6334/6334/6334
f 6328/6328/6328 6338/6338/6338 6327/6327/6327
f 6338/6338/6338 6337/6337/6337 6327/6327/6327
f 6336/6336/6336 6334/6334/6334 6339/6339/6339
f 6339/6339/6339 6334/6334/6334 6337/6337/6337
f 6340/6340/6340 6339/6339/6339 6337/6337/6337
f 6338/6338/6338 6341/6341/6341 6337/6337/6337
f 6340/6340/6340 6337/6337/6337 6341/6341/6341
f 6341/6341/6341 6338/6338/6338 6342/6342/6342
f 6340/6340/6340 6341/6341/6341 6342/6342/6342
f 6332/6332/6332 6336/6336/6336 6343/6343/6343
f 6344/6344/6344 6332/6332/6332 6343/6343/6343
f 6344/6344/6344 6345/6345/6345 6332/6332/6332
f 6344/6344/6344 6346/6346/6346 6345/6345/6345
f 6347/6347/6347 6344/6344/6344 6343/6343/6343
f 6347/6347/6347 6346/6346/6346 6344/6344/6344
f 6348/6348/6348 6347/6347/6347 6343/6343/6343
f 6346/6346/6346 6347/6347/6347 6349/6349/6349
f 6348/6348/6348 6350/6350/6350 6347/6347/6347
f 6347/6347/6347 6350/6350/6350 6349/6349/6349
f 6351/6351/6351 6336/6336/6336 6339/6339/6339
f 6336/6336/6336 6351/6351/6351 6352/6352/6352
f 6353/6353/6353 6351/6351/6351 6339/6339/6339
f 6354/6354/6354 6352/6352/6352 6351/6351/6351
f 6353/6353/6353 6354/6354/6354 6351/6351/6351
f 6354/6354/6354 6353/6353/6353 6355/6355/6355
f 6354/6354/6354 6356/6356/6356 6352/6352/6352
f 6356/6356/6356 6357/6357/6357 6352/6352/6352
f 6357/6357/6357 6356/6356/6356 6358/6358/6358
f 6359/6359/6359 6357/6357/6357 6358/6358/6358
f 6354/6354/6354 6355/6355/6355 6360/6360/6360
f 6361/6361/6361 6353/6353/6353 6339/6339/6339
f 6361/6361/6361 6355/6355/6355 6353/6353/6353
f 6361/6361/6361 6339/6339/6339 6340/6340/6340
f 6355/6355/6355 6362/6362/6362 6360/6360/6360
f 6362/6362/6362 6363/6363/6363 6360/6360/6360
f 6362/6362/6362 6364/6364/6364 6363/6363/6363
f 6365/6365/6365 6364/6364/6364 6362/6362/6362
f 6355/6355/6355 6365/6365/6365 6362/6362/6362
f 6365/6365/6365 6366/6366/6366 6364/6364/6364
f 6361/6361/6361 6367/6367/6367 6355/6355/6355
f 6367/6367/6367 6361/6361/6361 6340/6340/6340
f 6366/6366/6366 6365/6365/6365 6368/6368/6368
f 6369/6369/6369 6366/6366/6366 6368/6368/6368
f 6368/6368/6368 6370/6370/6370 6369/6369/6369
f 6371/6371/6371 6365/6365/6365 6355/6355/6355
f 6368/6368/6368 6365/6365/6365 6371/6371/6371
f 6367/6367/6367 6371/6371/6371 6355/6355/6355
f 6372/6372/6372 6370/6370/6370 6368/6368/6368
f 6371/6371/6371 6372/6372/6372 6368/6368/6368
f 6372/6372/6372 6371/6371/6371 6367/6367/6367
f 6373/6373/6373 6370/6370/6370 6372/6372/6372
f 6340/6340/6340 6374/6374/6374 6367/6367/6367
f 6372/6372/6372 6367/6367/6367 6374/6374/6374
f 6375/6375/6375 6373/6373/6373 6372/6372/6372
f 6375/6375/6375 6372/6372/6372 6374/6374/6374
f 6340/6340/6340 6376/6376/6376 6374/6374/6374
f 6375/6375/6375 6374/6374/6374 6376/6376/6376
f 6375/6375/6375 6376/6376/6376 6377/6377/6377
f 6378/6378/6378 6373/6373/6373 6375/6375/6375
f 6373/6373/6373 6378/6378/6378 6379/6379/6379
f 6376/6376/6376 6340/6340/6340 6342/6342/6342
f 6378/6378/6378 6376/6376/6376 6342/6342/6342
f 6378/6378/6378 6342/6342/6342 6380/6380/6380
f 6381/6381/6381 6379/6379/6379 6378/6378/6378
f 6381/6381/6381 6378/6378/6378 6380/6380/6380
f 6380/6380/6380 6342/6342/6342 6382/6382/6382
f 6338/6338/6338 6382/6382/6382 6342/6342/6342
f 6379/6379/6379 6381/6381/6381 6383/6383/6383
f 6381/6381/6381 6380/6380/6380 6383/6383/6383
f 6379/6379/6379 6383/6383/6383 6384/6384/6384
f 6384/6384/6384 6383/6383/6383 6380/6380/6380
f 6338/6338/6338 6385/6385/6385 6382/6382/6382
f 6338/6338/6338 6328/6328/6328 6385/6385/6385
f 6386/6386/6386 6385/6385/6385 6328/6328/6328
f 6324/6324/6324 6386/6386/6386 6328/6328/6328
f 6385/6385/6385 6387/6387/6387 6382/6382/6382
f 6386/6386/6386 6387/6387/6387 6385/6385/6385
f 6388/6388/6388 6386/6386/6386 6324/6324/6324
f 6293/6293/6293 6388/6388/6388 6324/6324/6324
f 6380/6380/6380 6382/6382/6382 6389/6389/6389
f 6390/6390/6390 6384/6384/6384 6380/6380/6380
f 6390/6390/6390 6380/6380/6380 6389/6389/6389
f 6382/6382/6382 6391/6391/6391 6389/6389/6389
f 6382/6382/6382 6387/6387/6387 6391/6391/6391
f 6392/6392/6392 6390/6390/6390 6389/6389/6389
f 6392/6392/6392 6389/6389/6389 6391/6391/6391
f 6386/6386/6386 6393/6393/6393 6387/6387/6387
f 6388/6388/6388 6394/6394/6394 6386/6386/6386
f 6394/6394/6394 6393/6393/6393 6386/6386/6386
f 6387/6387/6387 6395/6395/6395 6391/6391/6391
f 6393/6393/6393 6395/6395/6395 6387/6387/6387
f 6396/6396/6396 6392/6392/6392 6391/6391/6391
f 6396/6396/6396 6391/6391/6391 6395/6395/6395
f 6395/6395/6395 6393/6393/6393 6397/6397/6397
f 6395/6395/6395 6397/6397/6397 6396/6396/6396
f 6398/6398/6398 6396/6396/6396 6397/6397/6397
f 6396/6396/6396 6399/6399/6399 6392/6392/6392
f 6392/6392/6392 6399/6399/6399 6390/6390/6390
f 6396/6396/6396 6398/6398/6398 6399/6399/6399
f 6393/6393/6393 6400/6400/6400 6397/6397/6397
f 6393/6393/6393 6394/6394/6394 6400/6400/6400
f 6398/6398/6398 6397/6397/6397 6400/6400/6400
f 6394/6394/6394 6388/6388/6388 6401/6401/6401
f 6293/6293/6293 6401/6401/6401 6388/6388/6388
f 6394/6394/6394 6402/6402/6402 6400/6400/6400
f 6394/6394/6394 6401/6401/6401 6402/6402/6402
f 6402/6402/6402 6398/6398/6398 6400/6400/6400
f 6402/6402/6402 6401/6401/6401 6293/6293/6293
f 6403/6403/6403 6402/6402/6402 6293/6293/6293
f 6398/6398/6398 6402/6402/6402 6404/6404/6404
f 6402/6402/6402 6403/6403/6403 6404/6404/6404
f 6403/6403/6403 6293/6293/6293 6405/6405/6405
f 6292/6292/6292 6405/6405/6405 6293/6293/6293
f 6406/6406/6406 6403/6403/6403 6405/6405/6405
f 6406/6406/6406 6405/6405/6405 6292/6292/6292
f 6403/6403/6403 6406/6406/6406 6404/6404/6404
f 6287/6287/6287 6406/6406/6406 6292/6292/6292
f 6407/6407/6407 6404/6404/6404 6406/6406/6406
f 6408/6408/6408 6407/6407/6407 6406/6406/6406
f 6408/6408/6408 6406/6406/6406 6287/6287/6287
f 6407/6407/6407 6408/6408/6408 6409/6409/6409
f 6409/6409/6409 6408/6408/6408 6287/6287/6287
f 6287/6287/6287 6410/6410/6410 6409/6409/6409
f 6410/6410/6410 6411/6411/6411 6409/6409/6409
f 6412/6412/6412 6398/6398/6398 6404/6404/6404
f 6413/6413/6413 6412/6412/6412 6404/6404/6404
f 6414/6414/6414 6413/6413/6413 6404/6404/6404
f 6413/6413/6413 6414/6414/6414 6415/6415/6415
f 6412/6412/6412 6416/6416/6416 6398/6398/6398
f 6416/6416/6416 6412/6412/6412 6413/6413/6413
f 6416/6416/6416 6399/6399/6399 6398/6398/6398
f 6417/6417/6417 6413/6413/6413 6415/6415/6415
f 6415/6415/6415 6418/6418/6418 6417/6417/6417
f 6419/6419/6419 6413/6413/6413 6417/6417/6417
f 6419/6419/6419 6416/6416/6416 6413/6413/6413
f 6420/6420/6420 6416/6416/6416 6419/6419/6419
f 6420/6420/6420 6421/6421/6421 6416/6416/6416
f 6416/6416/6416 6421/6421/6421 6399/6399/6399
f 6399/6399/6399 6421/6421/6421 6422/6422/6422
f 6399/6399/6399 6422/6422/6422 6390/6390/6390
f 6421/6421/6421 6423/6423/6423 6422/6422/6422
f 6421/6421/6421 6424/6424/6424 6423/6423/6423
f 6424/6424/6424 6425/6425/6425 6423/6423/6423
f 6426/6426/6426 6423/6423/6423 6425/6425/6425
f 6423/6423/6423 6427/6427/6427 6422/6422/6422
f 6390/6390/6390 6422/6422/6422 6427/6427/6427
f 6390/6390/6390 6427/6427/6427 6384/6384/6384
f 6428/6428/6428 6384/6384/6384 6427/6427/6427
f 6428/6428/6428 6429/6429/6429 6384/6384/6384
f 6429/6429/6429 6428/6428/6428 6430/6430/6430
f 6384/6384/6384 6432/6432/6432 6431/6431/6431
f 6433/6433/6433 6431/6431/6431 6432/6432/6432
f 6431/6431/6431 6379/6379/6379 6384/6384/6384
f 6434/6434/6434 6431/6431/6431 6433/6433/6433
f 6431/6431/6431 6434/6434/6434 6379/6379/6379
f 6434/6434/6434 6433/6433/6433 6435/6435/6435
f 6436/6436/6436 6434/6434/6434 6435/6435/6435
f 6379/6379/6379 6434/6434/6434 6437/6437/6437
f 6438/6438/6438 6379/6379/6379 6437/6437/6437
f 6437/6437/6437 6439/6439/6439 6438/6438/6438
f 6434/6434/6434 6440/6440/6440 6437/6437/6437
f 6440/6440/6440 6434/6434/6434 6436/6436/6436
f 6436/6436/6436 6441/6441/6441 6440/6440/6440
f 6441/6441/6441 6436/6436/6436 6442/6442/6442
f 6445/6445/6445 6444/6444/6444 6443/6443/6443
f 6445/6445/6445 6443/6443/6443 6446/6446/6446
f 6446/6446/6446 6443/6443/6443 6447/6447/6447
f 6448/6448/6448 6447/6447/6447 6443/6443/6443
f 6449/6449/6449 6445/6445/6445 6446/6446/6446
f 6450/6450/6450 6445/6445/6445 6449/6449/6449
f 6450/6450/6450 6451/6451/6451 6445/6445/6445
f 6450/6450/6450 6452/6452/6452 6451/6451/6451
f 6450/6450/6450 6449/6449/6449 6453/6453/6453
f 6452/6452/6452 6454/6454/6454 6451/6451/6451
f 6453/6453/6453 6449/6449/6449 6455/6455/6455
f 6453/6453/6453 6455/6455/6455 6456/6456/6456
f 6449/6449/6449 6457/6457/6457 6455/6455/6455
f 6449/6449/6449 6446/6446/6446 6457/6457/6457
f 6455/6455/6455 6457/6457/6457 6458/6458/6458
f 6458/6458/6458 6457/6457/6457 6459/6459/6459
f 6446/6446/6446 6459/6459/6459 6457/6457/6457
f 6446/6446/6446 6447/6447/6447 6459/6459/6459
f 6447/6447/6447 6460/6460/6460 6459/6459/6459
f 6461/6461/6461 6447/6447/6447 6448/6448/6448
f 6447/6447/6447 6461/6461/6461 6460/6460/6460
f 6462/6462/6462 6454/6454/6454 6452/6452/6452
f 6462/6462/6462 6463/6463/6463 6454/6454/6454
f 6463/6463/6463 6462/6462/6462 6448/6448/6448
f 6464/6464/6464 6454/6454/6454 6463/6463/6463
f 6465/6465/6465 6462/6462/6462 6452/6452/6452
f 6465/6465/6465 6448/6448/6448 6462/6462/6462
f 6465/6465/6465 6452/6452/6452 6466/6466/6466
f 6467/6467/6467 6465/6465/6465 6466/6466/6466
f 6467/6467/6467 6448/6448/6448 6465/6465/6465
f 6468/6468/6468 6467/6467/6467 6466/6466/6466
f 6461/6461/6461 6448/6448/6448 6469/6469/6469
f 6448/6448/6448 6467/6467/6467 6470/6470/6470
f 6448/6448/6448 6470/6470/6470 6469/6469/6469
f 6471/6471/6471 6470/6470/6470 6467/6467/6467
f 6471/6471/6471 6467/6467/6467 6472/6472/6472
f 6471/6471/6471 6472/6472/6472 6473/6473/6473
f 6474/6474/6474 6470/6470/6470 6471/6471/6471
f 6474/6474/6474 6469/6469/6469 6470/6470/6470
f 6461/6461/6461 6469/6469/6469 6475/6475/6475
f 6461/6461/6461 6475/6475/6475 6460/6460/6460
f 6476/6476/6476 6475/6475/6475 6469/6469/6469
f 6475/6475/6475 6476/6476/6476 6460/6460/6460
f 6477/6477/6477 6474/6474/6474 6471/6471/6471
f 6477/6477/6477 6471/6471/6471 6478/6478/6478
f 6477/6477/6477 6478/6478/6478 6479/6479/6479
f 6479/6479/6479 6480/6480/6480 6477/6477/6477
f 6480/6480/6480 6474/6474/6474 6477/6477/6477
f 6481/6481/6481 6480/6480/6480 6479/6479/6479
f 6482/6482/6482 6480/6480/6480 6481/6481/6481
f 6483/6483/6483 6469/6469/6469 6474/6474/6474
f 6480/6480/6480 6483/6483/6483 6474/6474/6474
f 6483/6483/6483 6480/6480/6480 6482/6482/6482
f 6483/6483/6483 6476/6476/6476 6469/6469/6469
f 6476/6476/6476 6483/6483/6483 6482/6482/6482
f 6460/6460/6460 6476/6476/6476 6484/6484/6484
f 6484/6484/6484 6485/6485/6485 6460/6460/6460
f 6486/6486/6486 6484/6484/6484 6476/6476/6476
f 6476/6476/6476 6487/6487/6487 6486/6486/6486
f 6484/6484/6484 6488/6488/6488 6485/6485/6485
f 6489/6489/6489 6485/6485/6485 6488/6488/6488
f 6490/6490/6490 6489/6489/6489 6488/6488/6488
f 6490/6490/6490 6488/6488/6488 6491/6491/6491
f 6491/6491/6491 6486/6486/6486 6487/6487/6487
f 6492/6492/6492 6491/6491/6491 6487/6487/6487
f 6493/6493/6493 6484/6484/6484 6486/6486/6486
f 6493/6493/6493 6488/6488/6488 6484/6484/6484
f 6493/6493/6493 6491/6491/6491 6488/6488/6488
f 6493/6493/6493 6486/6486/6486 6491/6491/6491
f 6496/6496/6496 6495/6495/6495 6494/6494/6494
f 6496/6496/6496 6494/6494/6494 6497/6497/6497
f 6497/6497/6497 6494/6494/6494 6498/6498/6498
f 6499/6499/6499 6498/6498/6498 6494/6494/6494
f 6500/6500/6500 6496/6496/6496 6497/6497/6497
f 6501/6501/6501 6496/6496/6496 6500/6500/6500
f 6501/6501/6501 6502/6502/6502 6496/6496/6496
f 6501/6501/6501 6503/6503/6503 6502/6502/6502
f 6501/6501/6501 6500/6500/6500 6504/6504/6504
f 6503/6503/6503 6505/6505/6505 6502/6502/6502
f 6506/6506/6506 6504/6504/6504 6500/6500/6500
f 6506/6506/6506 6507/6507/6507 6504/6504/6504
f 6500/6500/6500 6508/6508/6508 6506/6506/6506
f 6500/6500/6500 6497/6497/6497 6508/6508/6508
f 6497/6497/6497 6509/6509/6509 6508/6508/6508
f 6497/6497/6497 6498/6498/6498 6509/6509/6509
f 6498/6498/6498 6510/6510/6510 6509/6509/6509
f 6511/6511/6511 6498/6498/6498 6499/6499/6499
f 6498/6498/6498 6511/6511/6511 6510/6510/6510
f 6512/6512/6512 6505/6505/6505 6503/6503/6503
f 6512/6512/6512 6513/6513/6513 6505/6505/6505
f 6513/6513/6513 6512/6512/6512 6499/6499/6499
f 6514/6514/6514 6505/6505/6505 6513/6513/6513
f 6515/6515/6515 6512/6512/6512 6503/6503/6503
f 6515/6515/6515 6499/6499/6499 6512/6512/6512
f 6515/6515/6515 6503/6503/6503 6516/6516/6516
f 6517/6517/6517 6515/6515/6515 6516/6516/6516
f 6517/6517/6517 6499/6499/6499 6515/6515/6515
f 6518/6518/6518 6517/6517/6517 6516/6516/6516
f 6511/6511/6511 6499/6499/6499 6519/6519/6519
f 6499/6499/6499 6517/6517/6517 6520/6520/6520
f 6499/6499/6499 6520/6520/6520 6519/6519/6519
f 6521/6521/6521 6520/6520/6520 6517/6517/6517
f 6521/6521/6521 6517/6517/6517 6522/6522/6522
f 6521/6521/6521 6522/6522/6522 6523/6523/6523
f 6524/6524/6524 6520/6520/6520 6521/6521/6521
f 6524/6524/6524 6519/6519/6519 6520/6520/6520
f 6511/6511/6511 6519/6519/6519 6525/6525/6525
f 6511/6511/6511 6525/6525/6525 6510/6510/6510
f 6526/6526/6526 6525/6525/6525 6519/6519/6519
f 6510/6510/6510 6525/6525/6525 6526/6526/6526
f 6527/6527/6527 6526/6526/6526 6519/6519/6519
f 6527/6527/6527 6519/6519/6519 6524/6524/6524
f 6510/6510/6510 6526/6526/6526 6528/6528/6528
f 6526/6526/6526 6529/6529/6529 6528/6528/6528
f 6528/6528/6528 6529/6529/6529 6530/6530/6530
f 6530/6530/6530 6531/6531/6531 6528/6528/6528
f 6532/6532/6532 6510/6510/6510 6528/6528/6528
f 6531/6531/6531 6533/6533/6533 6528/6528/6528
f 6532/6532/6532 6528/6528/6528 6533/6533/6533
f 6534/6534/6534 6532/6532/6532 6533/6533/6533
f 6535/6535/6535 6534/6534/6534 6533/6533/6533
f 6535/6535/6535 6533/6533/6533 6536/6536/6536
f 6537/6537/6537 6536/6536/6536 6533/6533/6533
f 6538/6538/6538 6527/6527/6527 6524/6524/6524
f 6539/6539/6539 6527/6527/6527 6538/6538/6538
f 6539/6539/6539 6540/6540/6540 6527/6527/6527
f 6539/6539/6539 6538/6538/6538 6541/6541/6541
f 6542/6542/6542 6541/6541/6541 6538/6538/6538
f 6538/6538/6538 6524/6524/6524 6543/6543/6543
f 6543/6543/6543 6542/6542/6542 6538/6538/6538
f 6543/6543/6543 6524/6524/6524 6521/6521/6521
f 6543/6543/6543 6544/6544/6544 6542/6542/6542
f 6543/6543/6543 6521/6521/6521 6544/6544/6544
f 6547/6547/6547 6546/6546/6546 6545/6545/6545
f 6548/6548/6548 6547/6547/6547 6545/6545/6545
f 6545/6545/6545 6549/6549/6549 6548/6548/6548
f 6548/6548/6548 6550/6550/6550 6547/6547/6547
f 6551/6551/6551 6548/6548/6548 6549/6549/6549
f 6548/6548/6548 6551/6551/6551 6550/6550/6550
f 6554/6554/6554 6553/6553/6553 6552/6552/6552
f 6552/6552/6552 6553/6553/6553 6555/6555/6555
f 6556/6556/6556 6552/6552/6552 6555/6555/6555
f 6557/6557/6557 6556/6556/6556 6555/6555/6555
f 6556/6556/6556 6557/6557/6557 6558/6558/6558
f 6561/6561/6561 6560/6560/6560 6559/6559/6559
f 6562/6562/6562 6561/6561/6561 6559/6559/6559
f 6559/6559/6559 6563/6563/6563 6562/6562/6562
f 6562/6562/6562 6564/6564/6564 6561/6561/6561
f 6565/6565/6565 6562/6562/6562 6563/6563/6563
f 6562/6562/6562 6565/6565/6565 6564/6564/6564
f 6568/6568/6568 6567/6567/6567 6566/6566/6566
f 6568/6568/6568 6569/6569/6569 6567/6567/6567
f 6568/6568/6568 6570/6570/6570 6569/6569/6569
f 6570/6570/6570 6568/6568/6568 6571/6571/6571
f 6570/6570/6570 6571/6571/6571 6572/6572/6572
f 6571/6571/6571 6568/6568/6568 6573/6573/6573
f 6572/6572/6572 6571/6571/6571 6574/6574/6574
f 6571/6571/6571 6573/6573/6573 6574/6574/6574
f 6572/6572/6572 6574/6574/6574 6575/6575/6575
f 6573/6573/6573 6576/6576/6576 6574/6574/6574
f 6573/6573/6573 6577/6577/6577 6576/6576/6576
f 6574/6574/6574 6578/6578/6578 6575/6575/6575
f 6574/6574/6574 6576/6576/6576 6578/6578/6578
f 6579/6579/6579 6575/6575/6575 6578/6578/6578
f 6576/6576/6576 6580/6580/6580 6578/6578/6578
f 6581/6581/6581 6579/6579/6579 6578/6578/6578
f 6581/6581/6581 6578/6578/6578 6580/6580/6580
f 6577/6577/6577 6582/6582/6582 6580/6580/6580
f 6582/6582/6582 6581/6581/6581 6580/6580/6580
f 6582/6582/6582 6583/6583/6583 6581/6581/6581
f 6584/6584/6584 6581/6581/6581 6583/6583/6583
f 6583/6583/6583 6585/6585/6585 6584/6584/6584
f 6583/6583/6583 6586/6586/6586 6585/6585/6585
f 6589/6589/6589 6588/6588/6588 6587/6587/6587
f 6590/6590/6590 6587/6587/6587 6588/6588/6588
f 6590/6590/6590 6591/6591/6591 6587/6587/6587
f 6591/6591/6591 6592/6592/6592 6587/6587/6587
f 6591/6591/6591 6593/6593/6593 6592/6592/6592
f 6593/6593/6593 6594/6594/6594 6592/6592/6592
f 6592/6592/6592 6594/6594/6594 6468/6468/6468
f 6597/6597/6597 6596/6596/6596 6595/6595/6595
f 6597/6597/6597 6598/6598/6598 6596/6596/6596
f 6597/6597/6597 6599/6599/6599 6598/6598/6598
f 6599/6599/6599 6597/6597/6597 6600/6600/6600
f 6599/6599/6599 6600/6600/6600 6601/6601/6601
f 6600/6600/6600 6597/6597/6597 6602/6602/6602
f 6601/6601/6601 6600/6600/6600 6603/6603/6603
f 6600/6600/6600 6602/6602/6602 6603/6603/6603
f 6601/6601/6601 6603/6603/6603 6604/6604/6604
f 6602/6602/6602 6605/6605/6605 6603/6603/6603
f 6602/6602/6602 6606/6606/6606 6605/6605/6605
f 6603/6603/6603 6607/6607/6607 6604/6604/6604
f 6603/6603/6603 6605/6605/6605 6607/6607/6607
f 6608/6608/6608 6604/6604/6604 6607/6607/6607
f 6605/6605/6605 6609/6609/6609 6607/6607/6607
f 6610/6610/6610 6608/6608/6608 6607/6607/6607
f 6610/6610/6610 6607/6607/6607 6609/6609/6609
f 6606/6606/6606 6611/6611/6611 6609/6609/6609
f 6611/6611/6611 6610/6610/6610 6609/6609/6609
f 6611/6611/6611 6612/6612/6612 6610/6610/6610
f 6613/6613/6613 6610/6610/6610 6612/6612/6612
f 6612/6612/6612 6614/6614/6614 6613/6613/6613
f 6612/6612/6612 6615/6615/6615 6614/6614/6614
f 6618/6618/6618 6617/6617/6617 6616/6616/6616
f 6619/6619/6619 6616/6616/6616 6617/6617/6617
f 6619/6619/6619 6620/6620/6620 6616/6616/6616
f 6620/6620/6620 6621/6621/6621 6616/6616/6616
f 6620/6620/6620 6622/6622/6622 6621/6621/6621
f 6622/6622/6622 6623/6623/6623 6621/6621/6621
f 6518/6518/6518 6621/6621/6621 6623/6623/6623
f 6626/6626/6626 6625/6625/6625 6624/6624/6624
f 6627/6627/6627 6625/6625/6625 6626/6626/6626
f 6628/6628/6628 6627/6627/6627 6626/6626/6626
f 6628/6628/6628 6626/6626/6626 6629/6629/6629
f 6630/6630/6630 6628/6628/6628 6629/6629/6629
f 6631/6631/6631 6630/6630/6630 6629/6629/6629
f 6452/6452/6452 6631/6631/6631 6629/6629/6629
f 6634/6634/6634 6633/6633/6633 6632/6632/6632
f 6635/6635/6635 6633/6633/6633 6634/6634/6634
f 6636/6636/6636 6635/6635/6635 6634/6634/6634
f 6636/6636/6636 6634/6634/6634 6637/6637/6637
f 6638/6638/6638 6636/6636/6636 6637/6637/6637
f 6639/6639/6639 6638/6638/6638 6637/6637/6637
f 6503/6503/6503 6639/6639/6639 6637/6637/6637
f 6642/6642/6642 6641/6641/6641 6640/6640/6640
f 6642/6642/6642 6640/6640/6640 6643/6643/6643
f 6643/6643/6643 6640/6640/6640 6644/6644/6644
f 6643/6643/6643 6644/6644/6644 6645/6645/6645
f 6646/6646/6646 6645/6645/6645 6644/6644/6644
f 6646/6646/6646 6647/6647/6647 6645/6645/6645
f 6647/6647/6647 6648/6648/6648 6645/6645/6645
f 6647/6647/6647 6649/6649/6649 6648/6648/6648
f 6649/6649/6649 6650/6650/6650 6648/6648/6648
f 6649/6649/6649 6651/6651/6651 6650/6650/6650
f 6651/6651/6651 6652/6652/6652 6650/6650/6650
f 6651/6651/6651 6653/6653/6653 6652/6652/6652
f 6653/6653/6653 6651/6651/6651 6654/6654/6654
f 6653/6653/6653 6654/6654/6654 6655/6655/6655
f 6656/6656/6656 6653/6653/6653 6655/6655/6655
f 6656/6656/6656 6655/6655/6655 6657/6657/6657
f 6658/6658/6658 6656/6656/6656 6657/6657/6657
f 6658/6658/6658 6657/6657/6657 6659/6659/6659
f 6658/6658/6658 6659/6659/6659 6660/6660/6660
f 6658/6658/6658 6660/6660/6660 6661/6661/6661
f 6661/6661/6661 6660/6660/6660 6662/6662/6662
f 6661/6661/6661 6662/6662/6662 6663/6663/6663
f 6664/6664/6664 6661/6661/6661 6663/6663/6663
f 6664/6664/6664 6663/6663/6663 6665/6665/6665
f 6666/6666/6666 6664/6664/6664 6665/6665/6665
f 6667/6667/6667 6666/6666/6666 6665/6665/6665
f 6667/6667/6667 6665/6665/6665 6668/6668/6668
f 6669/6669/6669 6667/6667/6667 6668/6668/6668
f 6669/6669/6669 6668/6668/6668 6670/6670/6670
f 6671/6671/6671 6669/6669/6669 6670/6670/6670
f 6671/6671/6671 6670/6670/6670 6672/6672/6672
f 6673/6673/6673 6671/6671/6671 6672/6672/6672
f 6673/6673/6673 6672/6672/6672 6674/6674/6674
f 6672/6672/6672 6675/6675/6675 6674/6674/6674
f 6678/6678/6678 6677/6677/6677 6676/6676/6676
f 6678/6678/6678 6676/6676/6676 6679/6679/6679
f 6678/6678/6678 6679/6679/6679 6680/6680/6680
f 6681/6681/6681 6678/6678/6678 6680/6680/6680
f 6682/6682/6682 6681/6681/6681 6680/6680/6680
f 6682/6682/6682 6680/6680/6680 6683/6683/6683
f 6684/6684/6684 6682/6682/6682 6683/6683/6683
f 6684/6684/6684 6683/6683/6683 6685/6685/6685
f 6684/6684/6684 6685/6685/6685 6686/6686/6686
f 6687/6687/6687 6684/6684/6684 6686/6686/6686
f 6687/6687/6687 6686/6686/6686 6688/6688/6688
f 6689/6689/6689 6687/6687/6687 6688/6688/6688
f 6689/6689/6689 6688/6688/6688 6690/6690/6690
f 6691/6691/6691 6689/6689/6689 6690/6690/6690
f 6691/6691/6691 6690/6690/6690 6692/6692/6692
f 6693/6693/6693 6692/6692/6692 6690/6690/6690
f 6693/6693/6693 6694/6694/6694 6692/6692/6692
f 6693/6693/6693 6695/6695/6695 6694/6694/6694
f 6693/6693/6693 6696/6696/6696 6695/6695/6695
f 6696/6696/6696 6697/6697/6697 6695/6695/6695
f 6696/6696/6696 6698/6698/6698 6697/6697/6697
f 6698/6698/6698 6699/6699/6699 6697/6697/6697
f 6698/6698/6698 6700/6700/6700 6699/6699/6699
f 6700/6700/6700 6701/6701/6701 6699/6699/6699
f 6701/6701/6701 6702/6702/6702 6699/6699/6699
f 6701/6701/6701 6703/6703/6703 6702/6702/6702
f 6703/6703/6703 6704/6704/6704 6702/6702/6702
f 6703/6703/6703 6705/6705/6705 6704/6704/6704
f 6705/6705/6705 6706/6706/6706 6704/6704/6704
f 6704/6704/6704 6706/6706/6706 6707/6707/6707
f 6707/6707/6707 6708/6708/6708 6704/6704/6704
f 6711/6711/6711 6710/6710/6710 6709/6709/6709
f 6712/6712/6712 6710/6710/6710 6711/6711/6711
f 6715/6715/6715 6714/6714/6714 6713/6713/6713
f 6716/6716/6716 6715/6715/6715 6713/6713/6713
f 6719/6719/6719 6718/6718/6718 6717/6717/6717
f 6720/6720/6720 6719/6719/6719 6717/6717/6717
f 6723/6723/6723 6722/6722/6722 6721/6721/6721
f 6724/6724/6724 6723/6723/6723 6721/6721/6721
f 6727/6727/6727 6726/6726/6726 6725/6725/6725
f 6728/6728/6728 6727/6727/6727 6725/6725/6725
f 6731/6731/6731 6730/6730/6730 6729/6729/6729
f 6732/6732/6732 6731/6731/6731 6729/6729/6729
f 6735/6735/6735 6734/6734/6734 6733/6733/6733
f 6736/6736/6736 6735/6735/6735 6733/6733/6733
f 6739/6739/6739 6738/6738/6738 6737/6737/6737
f 6740/6740/6740 6739/6739/6739 6737/6737/6737
f 6743/6743/6743 6742/6742/6742 6741/6741/6741
f 6744/6744/6744 6743/6743/6743 6741/6741/6741
f 6747/6747/6747 6746/6746/6746 6745/6745/6745
f 6748/6748/6748 6747/6747/6747 6745/6745/6745
f 6751/6751/6751 6750/6750/6750 6749/6749/6749
f 6752/6752/6752 6751/6751/6751 6749/6749/6749
f 6755/6755/6755 6754/6754/6754 6753/6753/6753
f 6756/6756/6756 6755/6755/6755 6753/6753/6753
f 6759/6759/6759 6758/6758/6758 6757/6757/6757
f 6760/6760/6760 6759/6759/6759 6757/6757/6757
f 6763/6763/6763 6762/6762/6762 6761/6761/6761
f 6764/6764/6764 6763/6763/6763 6761/6761/6761
f 6767/6767/6767 6766/6766/6766 6765/6765/6765
f 6768/6768/6768 6767/6767/6767 6765/6765/6765
f 6771/6771/6771 6770/6770/6770 6769/6769/6769
f 6772/6772/6772 6771/6771/6771 6769/6769/6769
f 6775/6775/6775 6774/6774/6774 6773/6773/6773
f 6776/6776/6776 6775/6775/6775 6773/6773/6773
f 6779/6779/6779 6778/6778/6778 6777/6777/6777
f 6780/6780/6780 6779/6779/6779 6777/6777/6777
f 6783/6783/6783 6782/6782/6782 6781/6781/6781
f 6784/6784/6784 6783/6783/6783 6781/6781/6781
f 6787/6787/6787 6786/6786/6786 6785/6785/6785
f 6788/6788/6788 6787/6787/6787 6785/6785/6785
f 6791/6791/6791 6790/6790/6790 6789/6789/6789
f 6792/6792/6792 6791/6791/6791 6789/6789/6789
f 6795/6795/6795 6794/6794/6794 6793/6793/6793
f 6796/6796/6796 6795/6795/6795 6793/6793/6793
f 6799/6799/6799 6798/6798/6798 6797/6797/6797
f 6800/6800/6800 6799/6799/6799 6797/6797/6797
f 6803/6803/6803 6802/6802/6802 6801/6801/6801
f 6804/6804/6804 6803/6803/6803 6801/6801/6801
f 6807/6807/6807 6806/6806/6806 6805/6805/6805
f 6808/6808/6808 6807/6807/6807 6805/6805/6805
f 6811/6811/6811 6810/6810/6810 6809/6809/6809
f 6812/6812/6812 6811/6811/6811 6809/6809/6809
f 6815/6815/6815 6814/6814/6814 6813/6813/6813
f 6816/6816/6816 6815/6815/6815 6813/6813/6813
f 6819/6819/6819 6818/6818/6818 6817/6817/6817
f 6820/6820/6820 6819/6819/6819 6817/6817/6817
f 6823/6823/6823 6822/6822/6822 6821/6821/6821
f 6824/6824/6824 6823/6823/6823 6821/6821/6821
f 6827/6827/6827 6826/6826/6826 6825/6825/6825
f 6828/6828/6828 6827/6827/6827 6825/6825/6825
f 6831/6831/6831 6830/6830/6830 6829/6829/6829
f 6832/6832/6832 6831/6831/6831 6829/6829/6829
f 6835/6835/6835 6834/6834/6834 6833/6833/6833
f 6836/6836/6836 6835/6835/6835 6833/6833/6833
f 6839/6839/6839 6838/6838/6838 6837/6837/6837
f 6840/6840/6840 6839/6839/6839 6837/6837/6837
f 6843/6843/6843 6842/6842/6842 6841/6841/6841
f 6844/6844/6844 6843/6843/6843 6841/6841/6841
f 6847/6847/6847 6846/6846/6846 6845/6845/6845
f 6848/6848/6848 6847/6847/6847 6845/6845/6845
f 6851/6851/6851 6850/6850/6850 6849/6849/6849
f 6852/6852/6852 6851/6851/6851 6849/6849/6849
f 6855/6855/6855 6854/6854/6854 6853/6853/6853
f 6856/6856/6856 6855/6855/6855 6853/6853/6853
f 6859/6859/6859 6858/6858/6858 6857/6857/6857
f 6860/6860/6860 6859/6859/6859 6857/6857/6857
f 6863/6863/6863 6862/6862/6862 6861/6861/6861
f 6864/6864/6864 6863/6863/6863 6861/6861/6861
f 6867/6867/6867 6866/6866/6866 6865/6865/6865
f 6868/6868/6868 6867/6867/6867 6865/6865/6865
f 6871/6871/6871 6870/6870/6870 6869/6869/6869
f 6872/6872/6872 6871/6871/6871 6869/6869/6869
f 6875/6875/6875 6874/6874/6874 6873/6873/6873
f 6876/6876/6876 6875/6875/6875 6873/6873/6873
f 6879/6879/6879 6878/6878/6878 6877/6877/6877
f 6880/6880/6880 6879/6879/6879 6877/6877/6877
f 6883/6883/6883 6882/6882/6882 6881/6881/6881
f 6884/6884/6884 6883/6883/6883 6881/6881/6881
f 6887/6887/6887 6886/6886/6886 6885/6885/6885
f 6888/6888/6888 6887/6887/6887 6885/6885/6885
f 6891/6891/6891 6890/6890/6890 6889/6889/6889
f 6892/6892/6892 6891/6891/6891 6889/6889/6889
f 6895/6895/6895 6894/6894/6894 6893/6893/6893
f 6896/6896/6896 6895/6895/6895 6893/6893/6893
f 6899/6899/6899 6898/6898/6898 6897/6897/6897
f 6900/6900/6900 6899/6899/6899 6897/6897/6897
f 6903/6903/6903 6902/6902/6902 6901/6901/6901
f 6904/6904/6904 6903/6903/6903 6901/6901/6901
f 6907/6907/6907 6906/6906/6906 6905/6905/6905
f 6908/6908/6908 6907/6907/6907 6905/6905/6905
f 6911/6911/6911 6910/6910/6910 6909/6909/6909
f 6912/6912/6912 6911/6911/6911 6909/6909/6909
f 6915/6915/6915 6914/6914/6914 6913/6913/6913
f 6916/6916/6916 6915/6915/6915 6913/6913/6913
f 6919/6919/6919 6918/6918/6918 6917/6917/6917
f 6920/6920/6920 6919/6919/6919 6917/6917/6917
f 6923/6923/6923 6922/6922/6922 6921/6921/6921
f 6924/6924/6924 6923/6923/6923 6921/6921/6921
f 6927/6927/6927 6926/6926/6926 6925/6925/6925
f 6928/6928/6928 6927/6927/6927 6925/6925/6925
f 6931/6931/6931 6930/6930/6930 6929/6929/6929
f 6932/6932/6932 6931/6931/6931 6929/6929/6929
f 6935/6935/6935 6934/6934/6934 6933/6933/6933
f 6936/6936/6936 6935/6935/6935 6933/6933/6933
f 6939/6939/6939 6938/6938/6938 6937/6937/6937
f 6940/6940/6940 6939/6939/6939 6937/6937/6937
f 6943/6943/6943 6942/6942/6942 6941/6941/6941
f 6944/6944/6944 6943/6943/6943 6941/6941/6941
f 6947/6947/6947 6946/6946/6946 6945/6945/6945
f 6948/6948/6948 6947/6947/6947 6945/6945/6945
f 6951/6951/6951 6950/6950/6950 6949/6949/6949
f 6952/6952/6952 6951/6951/6951 6949/6949/6949
f 6955/6955/6955 6954/6954/6954 6953/6953/6953
f 6956/6956/6956 6955/6955/6955 6953/6953/6953
f 6959/6959/6959 6958/6958/6958 6957/6957/6957
f 6960/6960/6960 6959/6959/6959 6957/6957/6957
f 6963/6963/6963 6962/6962/6962 6961/6961/6961
f 6964/6964/6964 6963/6963/6963 6961/6961/6961
f 6967/6967/6967 6966/6966/6966 6965/6965/6965
f 6968/6968/6968 6967/6967/6967 6965/6965/6965
f 6971/6971/6971 6970/6970/6970 6969/6969/6969
f 6972/6972/6972 6971/6971/6971 6969/6969/6969
f 6975/6975/6975 6974/6974/6974 6973/6973/6973
f 6976/6976/6976 6975/6975/6975 6973/6973/6973
f 6979/6979/6979 6978/6978/6978 6977/6977/6977
f 6979/6979/6979 6977/6977/6977 6980/6980/6980
f 6979/6979/6979 6981/6981/6981 6978/6978/6978
f 6982/6982/6982 6979/6979/6979 6980/6980/6980
f 6982/6982/6982 6980/6980/6980 6983/6983/6983
f 6984/6984/6984 6982/6982/6982 6983/6983/6983
f 6984/6984/6984 6983/6983/6983 6985/6985/6985
f 6986/6986/6986 6984/6984/6984 6985/6985/6985
f 6986/6986/6986 6985/6985/6985 6987/6987/6987
f 6988/6988/6988 6986/6986/6986 6987/6987/6987
f 6988/6988/6988 6987/6987/6987 6989/6989/6989
f 6990/6990/6990 6988/6988/6988 6989/6989/6989
f 6990/6990/6990 6989/6989/6989 6991/6991/6991
f 6992/6992/6992 6990/6990/6990 6991/6991/6991
f 6992/6992/6992 6991/6991/6991 6993/6993/6993
f 6981/6981/6981 6994/6994/6994 6978/6978/6978
f 6995/6995/6995 6978/6978/6978 6994/6994/6994
f 6996/6996/6996 6995/6995/6995 6994/6994/6994
f 6996/6996/6996 6994/6994/6994 6997/6997/6997
f 6993/6993/6993 6998/6998/6998 6992/6992/6992
f 6993/6993/6993 6999/6999/6999 6998/6998/6998
f 6999/6999/6999 7000/7000/7000 6998/6998/6998
f 7000/7000/7000 7001/7001/7001 6998/6998/6998
f 7002/7002/7002 6996/6996/6996 6997/6997/6997
f 7002/7002/7002 6997/6997/6997 7003/7003/7003
f 7000/7000/7000 7004/7004/7004 7001/7001/7001
f 7004/7004/7004 7005/7005/7005 7001/7001/7001
f 7004/7004/7004 7006/7006/7006 7005/7005/7005
f 7004/7004/7004 7007/7007/7007 7006/7006/7006
f 7002/7002/7002 7003/7003/7003 7008/7008/7008
f 7009/7009/7009 7002/7002/7002 7008/7008/7008
f 7007/7007/7007 7010/7010/7010 7006/7006/7006
f 7007/7007/7007 7011/7011/7011 7010/7010/7010
f 7009/7009/7009 7008/7008/7008 7012/7012/7012
f 7008/7008/7008 7013/7013/7013 7012/7012/7012
f 7012/7012/7012 7013/7013/7013 7014/7014/7014
f 7015/7015/7015 7012/7012/7012 7014/7014/7014
f 7011/7011/7011 7016/7016/7016 7010/7010/7010
f 7016/7016/7016 7017/7017/7017 7010/7010/7010
f 7016/7016/7016 7018/7018/7018 7017/7017/7017
f 7016/7016/7016 7019/7019/7019 7018/7018/7018
f 7019/7019/7019 7020/7020/7020 7018/7018/7018
f 7019/7019/7019 7021/7021/7021 7020/7020/7020
f 7021/7021/7021 7022/7022/7022 7020/7020/7020
f 7015/7015/7015 7014/7014/7014 7023/7023/7023
f 7024/7024/7024 7015/7015/7015 7023/7023/7023
f 7021/7021/7021 7025/7025/7025 7022/7022/7022
f 7026/7026/7026 7022/7022/7022 7025/7025/7025
f 7027/7027/7027 7026/7026/7026 7025/7025/7025
f 7027/7027/7027 7025/7025/7025 7028/7028/7028
f 7029/7029/7029 7027/7027/7027 7028/7028/7028
f 7029/7029/7029 7028/7028/7028 7030/7030/7030
f 7031/7031/7031 7029/7029/7029 7030/7030/7030
f 7031/7031/7031 7030/7030/7030 7032/7032/7032
f 7033/7033/7033 7031/7031/7031 7032/7032/7032
f 7033/7033/7033 7032/7032/7032 7034/7034/7034
f 7035/7035/7035 7033/7033/7033 7034/7034/7034
f 7035/7035/7035 7034/7034/7034 7036/7036/7036
f 7037/7037/7037 7035/7035/7035 7036/7036/7036
f 7037/7037/7037 7036/7036/7036 7038/7038/7038
f 7039/7039/7039 7037/7037/7037 7038/7038/7038
f 7039/7039/7039 7038/7038/7038 7040/7040/7040
f 7040/7040/7040 7041/7041/7041 7039/7039/7039
f 7040/7040/7040 7042/7042/7042 7041/7041/7041
f 7042/7042/7042 7043/7043/7043 7041/7041/7041
f 7042/7042/7042 7044/7044/7044 7043/7043/7043
f 7042/7042/7042 7045/7045/7045 7044/7044/7044
f 7042/7042/7042 7046/7046/7046 7045/7045/7045
f 7046/7046/7046 7047/7047/7047 7045/7045/7045
f 7046/7046/7046 7048/7048/7048 7047/7047/7047
f 7048/7048/7048 7049/7049/7049 7047/7047/7047
f 7048/7048/7048 7023/7023/7023 7049/7049/7049
f 7048/7048/7048 7024/7024/7024 7023/7023/7023
