g WorldSpryzenS6_UnitedSP_Tip
v 0.059310466 0.1850013 -0.07162888
v 0.07084479 0.18498068 -0.08810158
v 0.05932422 0.16495208 -0.07165639
v -0.047022685 0.1850013 0.080236316
v -0.047043324 0.16497271 0.08026384
v -0.05855702 0.1849669 0.09669526
v 0.04702644 0.1850013 -0.0802332
v 0.04704708 0.16496582 -0.08026071
v 0.058581404 0.18498756 -0.096733406
v -0.059313595 0.1850013 0.071632
v -0.07086167 0.18498756 0.08812533
v -0.05932735 0.16495208 0.071652636
v -0.09240343 0.1850013 0.07965857
v -0.099501476 0.19199617 0.07767084
v -0.09870362 0.19198932 0.083118185
v 0.0924003 0.1850013 -0.07966233
v 0.09949835 0.19199617 -0.07766773
v 0.09870738 0.19198932 -0.08311506
v 0.044598527 0.19199617 -0.121088244
v 0.03906177 0.19199617 -0.120200984
v 0.04325045 0.1850013 -0.11407273
v -0.04457414 0.19199617 0.121098235
v -0.039058015 0.19199617 0.12019722
v -0.04325357 0.1850013 0.114075854
v -0.07452762 0.20000212 -0.105289586
v -0.07852371 0.20345487 -0.10666517
v -0.07894327 0.20000212 -0.106816486
v 0.07453138 0.20000212 0.10529271
v 0.07852059 0.20345487 0.10666829
v 0.07894702 0.20000212 0.106819615
v 0.08355525 0.23200522 -0.08308755
v 0.08318384 0.20196234 -0.08306004
v 0.082599215 0.23206027 -0.0856943
v -0.12737782 0.200009 -0.037651792
v -0.12708895 0.20345487 -0.037307896
v -0.12443404 0.20000212 -0.034027115
v 0.07844493 0.23500402 0.1025209
v 0.08442187 0.23000376 0.10406156
v 0.07582443 0.23200522 0.10436419
v -0.12316851 0.23500402 -0.038649097
v -0.12400763 0.23200522 -0.0355609
v -0.12666251 0.23000376 -0.04374566
v 0.12665938 0.23000376 0.043741897
v 0.12317226 0.23500402 0.03865221
v 0.1240045 0.23200522 0.035557136
v -0.07582067 0.23200522 -0.10436106
v -0.07842055 0.23500402 -0.10251089
v -0.084425 0.23001064 -0.10406531
v 0.1273747 0.200009 0.037648037
v 0.12709269 0.20345487 0.037304133
v 0.124430925 0.20000212 0.03402336
v -0.08344832 0.23182641 0.08087598
v -0.08293936 0.2019761 0.0829256
v -0.083510235 0.23205338 0.08390227
v -0.051431462 0.23000376 0.12373249
v -0.046431184 0.23500402 0.12035541
v -0.04352869 0.23200522 0.12143527
v 0.09721486 0.23500402 -0.084793285
v 0.09867987 0.23000376 -0.0906533
v 0.09923011 0.23200522 -0.08243415
v -0.09721799 0.23500402 0.0847964
v -0.098683 0.23001064 0.090649545
v -0.099226356 0.23200522 0.08243039
v 0.04352556 0.23200522 -0.12143902
v 0.05143521 0.23000376 -0.123736255
v 0.046428062 0.23500402 -0.1203523
v 0.07177332 0.27355492 -0.066724904
v 0.0618897 0.2718286 -0.05111883
v 0.072791256 0.27101701 -0.065617554
v -0.071776435 0.27355492 0.066728026
v -0.061892822 0.2718286 0.05112195
v -0.07278749 0.27101701 0.065620676
v -0.051789105 0.23201211 0.10717727
v -0.04908608 0.20198296 0.10630377
v -0.048714668 0.23214968 0.10677834
v 0.051785983 0.23201211 -0.10718102
v 0.049089827 0.20198984 -0.106300645
v 0.048718423 0.23214968 -0.1067821
v 0.08328013 0.23199837 -0.080639005
v 0.08318384 0.20196234 -0.08306004
v 0.08355525 0.23200522 -0.08308755
v 0.10006922 0.1850013 0.08912264
v 0.0886243 0.1850013 0.10050565
v 0.088672444 0.20000212 0.10054004
v 0.10006922 0.20000212 0.08912264
v 0.10976713 0.1850013 0.07685925
v 0.10976713 0.20000212 0.07685925
v 0.11797253 0.1850013 0.06355041
v 0.11797253 0.20000212 0.06355041
v 0.12476107 0.1850013 0.048900366
v 0.12479546 0.20000212 0.048927873
v 0.117786825 0.17444365 0.064183176
v 0.10976713 0.17431296 0.07685925
v 0.10059882 0.17445053 0.08873059
v 0.11808945 0.1850013 0.06332344
v 0.099897265 0.1850013 0.08931522
v 0.12476107 0.1850013 0.048900366
v 0.12382567 0.17434047 0.05121824
v 0.0886243 0.1850013 0.10050565
v 0.090481356 0.17434047 0.098834306
v 0.12782864 0.1742373 0.040082827
v 0.08255795 0.17425106 0.10556094
v 0.088672444 0.20000212 0.10054004
v 0.081691325 0.20000212 0.10613869
v 0.07988243 0.17436112 0.106661424
v 0.076470956 0.20000212 0.106606394
v 0.07591385 0.1749595 0.10624874
v 0.12479546 0.20000212 0.048927873
v 0.12749162 0.20000212 0.041272715
v 0.12747785 0.200009 0.038246423
v 0.12601973 0.17506953 0.035144463
v 0.1256896 0.20000212 0.034924373
v 0.030471213 0.30600512 0.0034164637
v 0.012217119 0.30600512 0.008396104
v 0.02911625 0.30600512 -0.015738636
v 0.017575048 0.30600512 0.021367922
v 0.00074470043 0.30600512 0.024311692
v 0.0020996481 0.30600512 0.010858417
v -0.004743904 0.30600512 0.020466909
v -0.010920316 0.30600512 0.0017382503
v -0.017612562 0.30600512 0.011456788
v -0.010982215 0.30600512 0.02327311
v -0.023101166 0.30600512 0.00761202
v -0.012068927 0.30600512 -0.00861308
v -0.026086196 0.30600512 -0.009211458
v -0.013630226 0.30600512 -0.027465545
v 0.0048301965 0.30600512 -0.032740936
v -0.018114656 0.30600512 0.018279716
v -0.019490242 0.30600512 0.027833194
v -0.02101715 0.30600512 0.01625073
v -0.0080797225 0.30600512 0.025302112
v -0.010920316 0.30800664 0.0017382503
v 0.0020996481 0.30800664 0.010858417
v 0.0020996481 0.30600512 0.010858417
v -0.010920316 0.30600512 0.0017382503
v 0.02911625 0.30600512 -0.015738636
v 0.012217119 0.30600512 0.008396104
v 0.012217119 0.30800664 0.008396104
v 0.02911625 0.30800664 -0.015738636
v -0.100065455 0.1850013 -0.08911952
v -0.08862054 0.1850013 -0.100509405
v -0.08866869 0.20000212 -0.1005438
v -0.100065455 0.20000212 -0.08911952
v -0.10976337 0.1850013 -0.07685612
v -0.10976337 0.20000212 -0.07685612
v -0.11796878 0.1850013 -0.06355417
v -0.11796878 0.20000212 -0.06355417
v -0.124757305 0.1850013 -0.04890412
v -0.1247917 0.20000212 -0.04892476
v -0.10976337 0.17431296 -0.07685612
v -0.103875846 0.17431985 -0.08464885
v -0.11778994 0.17445053 -0.06418006
v -0.09989351 0.1850013 -0.0893121
v -0.11809258 0.1850013 -0.06332719
v -0.09743808 0.17433359 -0.091987625
v -0.124757305 0.1850013 -0.04890412
v -0.1238219 0.17434047 -0.051221997
v -0.08862054 0.1850013 -0.100509405
v -0.09048447 0.17434047 -0.09883806
v -0.12751536 0.1742373 -0.04122833
v -0.1247917 0.20000212 -0.04892476
v -0.12774234 0.20000212 -0.04021039
v -0.12729527 0.17422356 -0.03759677
v -0.12615354 0.20000212 -0.035272025
v -0.125452 0.17482881 -0.034742422
v -0.0922865 0.20000212 -0.011515573
v -0.0922865 0.15555678 -0.011515573
v -0.082506046 0.17435424 -0.10560597
v -0.08866869 0.20000212 -0.1005438
v -0.081694454 0.20000212 -0.10613557
v -0.07987179 0.17434736 -0.106658295
v -0.076474085 0.20000212 -0.10661015
v -0.07591009 0.1749595 -0.1062525
v 0.00074470043 0.30800664 0.024311692
v 0.00074470043 0.30600512 0.024311692
v 0.017575048 0.30800664 0.021367922
v 0.017575048 0.30600512 0.021367922
v -0.02101715 0.30800664 0.01625073
v -0.02101715 0.30600512 0.01625073
v -0.019490242 0.30800664 0.027833194
v -0.019490242 0.30600512 0.027833194
v -0.012068927 0.30600512 -0.00861308
v 0.0048301965 0.30600512 -0.032740936
v 0.0048301965 0.30800664 -0.032747813
v -0.012068927 0.30800664 -0.00861308
v -0.013630226 0.30600512 -0.027465545
v -0.026086196 0.30600512 -0.009211458
v -0.026086196 0.30800664 -0.009211458
v -0.013630226 0.30800664 -0.027465545
v -0.026086196 0.30600512 -0.009211458
v -0.023101166 0.30600512 0.00761202
v -0.023101166 0.30800664 0.00761202
v -0.026086196 0.30800664 -0.009211458
v 0.017575048 0.30800664 0.021367922
v 0.017575048 0.30600512 0.021367922
v 0.030471213 0.30800664 0.0034164637
v 0.030471213 0.30600512 0.0034164637
v 0.030471213 0.30600512 0.0034164637
v 0.02911625 0.30600512 -0.015738636
v 0.02911625 0.30800664 -0.015738636
v 0.030471213 0.30800664 0.0034164637
v 0.0020996481 0.30800664 0.010858417
v -0.010920316 0.30800664 0.0017382503
v -0.012068927 0.30800664 -0.00861308
v 0.012217119 0.30800664 0.008396104
v 0.0048301965 0.30800664 -0.032747813
v 0.017912067 0.3080135 -0.030684426
v 0.02911625 0.30800664 -0.015738636
v 0.0035096407 0.30800664 -0.034921244
v 0.031007692 0.30798596 -0.017279297
v -0.008905068 0.3080479 -0.034109645
v -0.013630226 0.30800664 -0.027465545
v -0.023279995 0.30798596 -0.026750237
v 0.030471213 0.30800664 0.0034164637
v 0.03520324 0.30800664 -0.0008203536
v 0.03305044 0.3080135 0.012529746
v -0.026086196 0.30800664 -0.009211458
v -0.033101708 0.30800664 -0.01243034
v -0.035089433 0.30800664 -0.0007997155
v 0.017575048 0.30800664 0.021367922
v 0.02468685 0.30799973 0.02532962
v 0.011804447 0.30799973 0.03317049
v -0.023101166 0.30800664 0.00761202
v 0.00074470043 0.30800664 0.024311692
v 0.0009991825 0.30800664 0.035061926
v -0.031884313 0.30802035 0.015672982
v -0.010885924 0.30799973 0.03356941
v -0.02101715 0.30800664 0.01625073
v -0.017612562 0.30800664 0.011456788
v -0.018114656 0.30800664 0.018279716
v -0.02166368 0.30799973 0.027578712
v -0.019490242 0.30800664 0.027833194
v -0.0080797225 0.30800664 0.025302112
v -0.004743904 0.30800664 0.020466909
v -0.010982215 0.30800664 0.02327311
v -0.010920316 0.30600512 0.0017382503
v -0.012068927 0.30600512 -0.00861308
v -0.012068927 0.30800664 -0.00861308
v -0.010920316 0.30800664 0.0017382503
v 0.0048301965 0.30800664 -0.032747813
v 0.0048301965 0.30600512 -0.032740936
v -0.013630226 0.30800664 -0.027465545
v -0.013630226 0.30600512 -0.027465545
v 0.012217119 0.30800664 0.008396104
v 0.012217119 0.30600512 0.008396104
v 0.0020996481 0.30800664 0.010858417
v 0.0020996481 0.30600512 0.010858417
v -0.019490242 0.30600512 0.027833194
v -0.0080797225 0.30600512 0.025302112
v -0.0080797225 0.30800664 0.025302112
v -0.019490242 0.30800664 0.027833194
v -0.004743904 0.30600512 0.020466909
v 0.00074470043 0.30600512 0.024311692
v 0.00074470043 0.30800664 0.024311692
v -0.004743904 0.30800664 0.020466909
v -0.023101166 0.30800664 0.00761202
v -0.023101166 0.30600512 0.00761202
v -0.017612562 0.30800664 0.011456788
v -0.017612562 0.30600512 0.011456788
v -0.017612562 0.30800664 0.011456788
v -0.017612562 0.30600512 0.011456788
v -0.018114656 0.30800664 0.018279716
v -0.018114656 0.30600512 0.018279716
v -0.018114656 0.30600512 0.018279716
v -0.02101715 0.30600512 0.01625073
v -0.02101715 0.30800664 0.01625073
v -0.018114656 0.30800664 0.018279716
v -0.010982215 0.30600512 0.02327311
v -0.004743904 0.30600512 0.020466909
v -0.004743904 0.30800664 0.020466909
v -0.010982215 0.30800664 0.02327311
v -0.0080797225 0.30800664 0.025302112
v -0.0080797225 0.30600512 0.025302112
v -0.010982215 0.30800664 0.02327311
v -0.010982215 0.30600512 0.02327311
v 0.11797253 0.20000212 0.06355041
v 0.10976713 0.20000212 0.07685925
v 0.10006922 0.20000212 0.08912264
v 0.088672444 0.20000212 0.10054004
v 0.12479546 0.20000212 0.048927873
v 0.12749162 0.20000212 0.041272715
v 0.081691325 0.20000212 0.10613869
v 0.12747785 0.200009 0.038246423
v 0.101080276 0.20000212 0.070765376
v 0.1256896 0.20000212 0.034924373
v 0.092283376 0.20000212 0.011511818
v 0.076470956 0.20000212 0.106606394
v 0.042383827 0.20000212 0.082781166
v -0.10976337 0.20000212 -0.07685612
v -0.100065455 0.20000212 -0.08911952
v -0.11796878 0.20000212 -0.06355417
v -0.08866869 0.20000212 -0.1005438
v -0.1247917 0.20000212 -0.04892476
v -0.081694454 0.20000212 -0.10613557
v -0.08866869 0.20000212 -0.1005438
v -0.12774234 0.20000212 -0.04021039
v -0.10131037 0.20000212 -0.07094108
v -0.076474085 0.20000212 -0.10661015
v -0.042380065 0.20000212 -0.082778044
v -0.12615354 0.20000212 -0.035272025
v -0.0922865 0.20000212 -0.011515573
v 0.092283376 0.15555678 0.011518687
v 0.12601973 0.17506953 0.035144463
v 0.092283376 0.20000212 0.011511818
v 0.1256896 0.20000212 0.034924373
v -0.07591009 0.1749595 -0.1062525
v -0.04238695 0.15555678 -0.082778044
v -0.042380065 0.20000212 -0.082778044
v -0.076474085 0.20000212 -0.10661015
v 0.07591385 0.1749595 0.10624874
v 0.042383827 0.15555678 0.082781166
v 0.042383827 0.20000212 0.082781166
v 0.076470956 0.20000212 0.106606394
v 0.027479298 0.1691889 0.08884752
v 0.031908706 0.14933912 0.087355
v 0.024267294 0.12515624 0.082843065
v 0.023269996 0.18024175 0.09005804
v 0.017932698 0.11731537 0.0822103
v 0.01905381 0.18394898 0.09103471
v 0.013860956 0.11843647 0.08331077
v 0.014438704 0.18137662 0.09189445
v 0.009101413 0.12822379 0.0867016
v 0.00944531 0.16927831 0.092527226
v 0.0047614276 0.14933912 0.092878
v -0.02747555 0.1691889 -0.08885127
v -0.03191182 0.14933912 -0.08735188
v -0.024263546 0.12515624 -0.08283994
v -0.02327311 0.18024175 -0.0900618
v -0.017935827 0.11731537 -0.08221405
v -0.019050047 0.18394898 -0.09103159
v -0.01386407 0.11843647 -0.083307646
v -0.014434949 0.18136974 -0.09189821
v -0.009104535 0.12822379 -0.08669847
v -0.009441555 0.16927831 -0.092524104
v -0.0047576725 0.14933912 -0.09287488
v -0.0930018 0.14933912 -0.00010505319
v -0.09289175 0.16918202 0.00456509
v -0.08615136 0.12517686 0.005528003
v -0.092589125 0.18024175 0.0089325905
v -0.08338642 0.11730848 0.011271089
v -0.09205952 0.18394898 0.013231307
v -0.08302878 0.11843647 0.015466645
v -0.09128919 0.18136974 0.017867044
v -0.08458319 0.12821694 0.02111344
v -0.09017496 0.1692852 0.02277103
v -0.08890255 0.14933912 0.027296722
v -0.062112913 0.14925657 0.06923847
v -0.06164521 0.12818255 0.061617702
v -0.06557253 0.16932644 0.065957695
v -0.06898399 0.18114965 0.062388033
v -0.06319964 0.11840896 0.056019053
v -0.0720997 0.1850013 0.058962807
v -0.0670788 0.11821638 0.051231995
v -0.074761465 0.18011795 0.055317506
v -0.07311764 0.13042475 0.048563346
v -0.07725817 0.16925766 0.05177535
v -0.07976863 0.14933912 0.04780677
v 0.090171844 0.1692852 -0.022774778
v 0.0889063 0.14933912 -0.027293593
v 0.084580064 0.12821694 -0.021110319
v 0.09129295 0.18136974 -0.017863922
v 0.08302565 0.11843647 -0.015463516
v 0.09206328 0.18394898 -0.013228178
v 0.08338331 0.11730848 -0.0112679675
v 0.092586 0.18024175 -0.008936338
v 0.08614824 0.12517686 -0.005531758
v 0.09288864 0.16918202 -0.004568845
v 0.09299868 0.14933912 0.00010816753
v 0.039701425 0.0910072 -0.0514696
v 0.02907499 0.03550212 -0.03628996
v 0.04528632 0.0910072 -0.04662752
v 0.03291288 0.035495237 -0.03285098
v 0.05028659 0.0910072 -0.041187063
v 0.036344983 0.035495237 -0.029006205
v 0.05463346 0.0910072 -0.035216995
v 0.039330013 0.035495237 -0.02480378
v 0.058278777 0.0910072 -0.028792992
v 0.041833587 0.035495237 -0.02029872
v 0.061167516 0.0910072 -0.021990694
v 0.04382132 0.035495237 -0.015546054
v 0.063265294 0.0910072 -0.014906399
v 0.045272566 0.035495237 -0.010600805
v 0.064551465 0.0910072 -0.0076295286
v 0.04643494 0.03550212 -0.0029800385
v 0.06499854 0.0910072 -0.00025635958
v 0.04625611 0.035495237 0.004764542
v 0.06460649 0.0910072 0.007123679
v 0.04544451 0.035495237 0.009854227
v 0.063382216 0.0910072 0.014407441
v 0.044068925 0.035495237 0.014826983
v 0.06133946 0.0910072 0.021505475
v 0.042156853 0.035495237 0.01961404
v 0.058498867 0.0910072 0.028328404
v 0.039728932 0.035495237 0.02416037
v 0.05490858 0.0910072 0.034786806
v -0.0672645 0.12902851 -0.05076117
v -0.06721635 0.11761801 -0.050733663
v -0.06542809 0.12395947 -0.055720173
v -0.06605399 0.17500763 -0.053505473
v -0.06506355 0.17500763 -0.058306284
v -0.065008536 0.1389878 -0.06105747
v -0.06530428 0.17500763 -0.06447581
v -0.065407455 0.14951105 -0.06464088
v -0.067181975 0.15235166 -0.06977183
v -0.06792478 0.17500763 -0.07108552
v -0.070290804 0.1556737 -0.07420811
v -0.071989655 0.17500763 -0.0759276
v -0.07473396 0.1585143 -0.078073524
v -0.07617833 0.17500763 -0.078843854
v -0.08157064 0.1618845 -0.08101041
v -0.0818045 0.17500763 -0.08089349
v -0.08792588 0.17500763 -0.081196114
v -0.088709965 0.16496582 -0.08118236
v -0.09483133 0.17500763 -0.07949038
v -0.09605561 0.16724242 -0.07896078
v -0.10157861 0.17500763 -0.07450387
v -0.10268596 0.1684048 -0.07327959
v -0.10609743 0.17500077 -0.06717197
v -0.106145576 0.16823284 -0.066566706
v -0.107259795 0.16624512 -0.06062416
v -0.10705346 0.17500763 -0.059730023
v -0.105987385 0.16358335 -0.052508175
v -0.105657235 0.17500763 -0.052466907
v -0.100732625 0.17500763 -0.044935547
v -0.1014892 0.16018565 -0.04591909
v -0.09797457 0.15778525 -0.04287216
v -0.09379277 0.17500763 -0.040636823
v -0.09344888 0.15497215 -0.040471755
v -0.08830416 0.15226914 -0.0392406
v -0.088985085 0.17500763 -0.039398797
v -0.084425 0.17500763 -0.03925436
v -0.083076924 0.14941476 -0.03937128
v -0.07951413 0.17500763 -0.04020351
v -0.07761583 0.13263945 -0.04087755
v -0.075194776 0.17500763 -0.042184368
v -0.070545286 0.12845077 -0.045864068
v -0.071116164 0.17500763 -0.04534822
v -0.068138 0.17500763 -0.049151734
v -0.07286316 0.12034856 -0.04378005
v -0.06361918 0.097623795 -0.040891312
v -0.06013207 0.09759627 -0.045767777
v -0.07068284 0.1177143 -0.045829676
v -0.06571697 0.09582177 -0.042356312
v -0.07014637 0.09582177 -0.03453608
v -0.07961042 0.13358171 -0.03899987
v -0.085326 0.14935286 -0.037053414
v -0.07364036 0.09582177 -0.02626878
v -0.08889566 0.14934601 -0.027334861
v -0.07616457 0.09582177 -0.017650709
v -0.09128919 0.14933912 -0.017760754
v -0.07769148 0.09582177 -0.008798778
v -0.092644155 0.14927723 -0.0085167885
v -0.07818669 0.09582177 0.00017006695
v -0.0930018 0.14933912 -0.00010505319
v -0.08615136 0.12517686 0.005528003
v -0.07765022 0.09582177 0.0091320425
v -0.08338642 0.11730848 0.011271089
v -0.08302878 0.11843647 0.015466645
v -0.07608892 0.09582177 0.017977089
v -0.08458319 0.12821694 0.02111344
v -0.07353032 0.09582177 0.026581407
v -0.08890255 0.14933912 0.027296722
v -0.08641273 0.14933912 0.03436725
v -0.069995046 0.09582177 0.034841835
v -0.0833658 0.14933912 0.04122457
v -0.07976863 0.14933912 0.04780677
v -0.06553814 0.09582177 0.042634547
v -0.07311764 0.13042475 0.048563346
v -0.0670788 0.11821638 0.051231995
v -0.060214594 0.09582177 0.049870163
v -0.06319964 0.11840896 0.056019053
v -0.054100096 0.09582177 0.05644548
v -0.06164521 0.12818255 0.061617702
v -0.062112913 0.14925657 0.06923847
v -0.047270298 0.09582177 0.062277988
v -0.05579208 0.14934601 0.074445084
v -0.036967114 0.12856771 0.07904644
v -0.043817565 0.14926346 0.08204523
v -0.039553225 0.16932644 0.08417739
v -0.03507568 0.18113591 0.08614448
v -0.031774268 0.11940627 0.078537464
v -0.027337983 0.1166551 0.079424724
v -0.030893892 0.1850013 0.0878571
v -0.026416346 0.18011795 0.089170784
v -0.021753088 0.12544511 0.083634034
v -0.02222766 0.16925766 0.09030564
v -0.01764007 0.14933912 0.09130983
v 0.018290356 0.031003937 -0.020745784
v 0.033889554 0.031003937 -0.021887526
v 0.025663517 0.031003937 -0.031379096
v 0.023276873 0.031003937 -0.014748208
v 0.039501965 0.031003937 -0.009342141
v 0.026000537 0.031003937 -0.0091426745
v 0.027720027 0.031003937 -0.0004695803
v 0.04010722 0.031003937 0.004365623
v 0.026062444 0.031003937 0.008918822
v 0.03800945 0.031003937 0.013527051
v 0.02411598 0.031003937 0.013224423
v 0.03461174 0.031003937 0.020570084
v -0.020714521 0.031003937 0.034841835
v -0.008973852 0.031003937 0.039333135
v -0.013196915 0.031003937 0.024242908
v -0.0058993995 0.031003937 0.026918426
v 0.0047270358 0.031003937 0.0403098
v 0.0002976358 0.031003937 0.027558073
v 0.0064809024 0.031003937 0.026787743
v 0.01229278 0.031003937 0.024662465
v 0.017815776 0.031003937 0.036196783
v 0.017299928 0.031003937 0.021436706
v 0.025711663 0.031003937 0.031093344
v 0.020670123 0.031003937 0.01813528
v 0.03117276 0.031003937 0.02548781
v 0.038717873 0.0910072 -0.06052787
v 0.02715604 0.0910072 -0.06663549
v 0.034783684 0.0910072 -0.05490858
v 0.028332166 0.0910072 -0.058498867
v 0.021509238 0.0910072 -0.06133946
v 0.011549965 0.09100032 -0.07108552
v 0.014404312 0.0910072 -0.063382216
v 0.0071205646 0.0910072 -0.06460649
v -0.0043243617 0.0910072 -0.071787074
v -0.00025948882 0.0910072 -0.06499854
v -0.007632643 0.0910072 -0.064551465
v -0.014909521 0.0910072 -0.063265294
v -0.020109251 0.09100032 -0.069159694
v -0.021986932 0.0910072 -0.061167516
v -0.028789237 0.0910072 -0.058278777
v -0.03560528 0.0910072 -0.06257062
v -0.035220116 0.0910072 -0.05463346
v -0.041190177 0.0910072 -0.05028659
v -0.048308864 0.0910072 -0.05333353
v -0.04663065 0.0910072 -0.04528632
v -0.05146584 0.0910072 -0.039701425
v -0.057085127 0.0910072 -0.043635614
v 0.073114514 0.13042475 -0.048560224
v 0.07977238 0.14933912 -0.047803655
v 0.07725505 0.16925766 -0.05177223
v 0.07475835 0.18011795 -0.055314377
v 0.067082554 0.11821638 -0.05123575
v 0.072103456 0.1850013 -0.058959693
v 0.06319651 0.11840896 -0.05601593
v 0.06898775 0.18114965 -0.06238491
v 0.061642095 0.12818255 -0.061621457
v 0.06556941 0.16932644 -0.06596145
v 0.06210979 0.14925657 -0.069235355
v 0.017636947 0.14933912 -0.091313586
v 0.021921918 0.12467478 -0.08337642
v 0.022857316 0.17153428 -0.09015809
v 0.029336348 0.1850013 -0.08839733
v 0.027162917 0.11729474 -0.079634815
v 0.031062715 0.11847086 -0.0785481
v 0.035120703 0.18095018 -0.086120725
v 0.03682644 0.12819628 -0.07900205
v 0.039556988 0.16931958 -0.08417427
v 0.04382132 0.14926346 -0.08204898
v 0.08889254 0.14934601 0.027331114
v 0.08517845 0.14935286 0.03740731
v 0.09860422 0.15628584 0.041073263
v 0.09128607 0.14933912 0.017763868
v 0.12361933 0.16814344 0.04088068
v 0.10407907 0.16012375 0.046768203
v 0.11872911 0.16806091 0.05334352
v 0.10967772 0.16469072 0.056768745
v 0.112195045 0.16810216 0.0660471
v 0.10688527 0.16713925 0.068392485
v 0.10701595 0.16782017 0.07374354
v 0.10224953 0.1670086 0.07611643
v 0.10018614 0.16808842 0.0831113
v 0.09393408 0.1653166 0.08182514
v 0.090825245 0.1680678 0.09329067
v 0.08638209 0.16292997 0.08315258
v 0.076766714 0.15886508 0.08155689
v 0.08061837 0.16807465 0.10210821
v 0.0479137 0.14933912 0.07970671
v 0.056084707 0.14934601 0.07418372
v 0.06926286 0.15421559 0.07568312
v 0.064413905 0.14926346 0.06709255
v -0.08889566 0.14934601 -0.027334861
v -0.085326 0.14935286 -0.037053414
v -0.09987976 0.1570218 -0.041799195
v -0.09128919 0.14933912 -0.017760754
v -0.123533025 0.16808154 -0.040836282
v -0.11867033 0.16806091 -0.05355362
v -0.10556783 0.16092847 -0.047906823
v -0.10984591 0.1653166 -0.059021592
v -0.112198174 0.16810216 -0.066050865
v -0.1061662 0.16686414 -0.07013637
v -0.106826484 0.16775827 -0.07385046
v -0.09951523 0.16660278 -0.079139605
v -0.100175515 0.16810216 -0.083135694
v -0.09255473 0.16497271 -0.08243415
v -0.09087652 0.16804715 -0.09317063
v -0.08085534 0.16095598 -0.083170086
v -0.071336254 0.15553616 -0.077461384
v -0.08069715 0.16812281 -0.102166995
v -0.047909945 0.14933912 -0.079710476
v -0.056087837 0.14934601 -0.07418748
v -0.064245075 0.14932536 -0.06726826
v -0.04363185 0.0910072 0.057085127
v -0.039697662 0.0910072 0.05146584
v -0.053329766 0.0910072 0.048308864
v -0.047689855 0.09100032 0.044312775
v -0.062573746 0.0910072 0.03560528
v -0.0546297 0.0910072 0.035220116
v -0.058275014 0.0910072 0.028789237
v -0.069162816 0.09100032 0.020109251
v -0.061170638 0.0910072 0.021993816
v -0.06326841 0.0910072 0.014909521
v -0.06454772 0.0910072 0.007632643
v -0.0717902 0.0910072 0.0043243617
v -0.06500165 0.0910072 0.00025948882
v -0.06460962 0.0910072 -0.0071205646
v -0.07108864 0.09100032 -0.01154308
v -0.06338534 0.0910072 -0.014404312
v -0.061335713 0.0910072 -0.021509238
v -0.066638604 0.0910072 -0.027149156
v -0.05850199 0.0910072 -0.028332166
v -0.054911703 0.0910072 -0.034783684
v -0.060524106 0.0910072 -0.038717873
v -0.021154702 0.031003937 -0.034694277
v -0.031169012 0.031003937 -0.025484696
v -0.02068013 0.031712368 -0.018139042
v -0.01729618 0.031003937 -0.021433577
v -0.012295902 0.031003937 -0.024659343
v -0.00473015 0.031003937 -0.040313564
v -0.0064771473 0.031003937 -0.026784629
v -0.00030075014 0.031003937 -0.027554959
v 0.005896285 0.031003937 -0.026922189
v 0.008977607 0.031003937 -0.03933689
v 0.013207547 0.03162983 -0.024246663
v 0.020718269 0.031003937 -0.03484559
v -0.024112225 0.031003937 -0.013221301
v -0.034607977 0.031003937 -0.020573832
v -0.03986962 0.031003937 -0.007925287
v -0.026058689 0.031003937 -0.008922584
v -0.02737926 0.031003937 -0.0031175911
v -0.03949821 0.031003937 0.009345263
v -0.027386129 0.031003937 0.0030725598
v -0.02599679 0.031003937 0.009145796
v -0.023279995 0.031003937 0.01475133
v -0.033892676 0.031003937 0.02189064
v -0.0182866 0.031003937 0.020748913
v -0.02565977 0.031003937 0.031382218
v 0.043635614 0.0910072 -0.05708889
v 0.039701425 0.0910072 -0.0514696
v 0.05333353 0.0910072 -0.048305742
v 0.04528632 0.0910072 -0.04662752
v 0.05028659 0.0910072 -0.041187063
v 0.06257062 0.0910072 -0.035609044
v 0.05463346 0.0910072 -0.035216995
v 0.058278777 0.0910072 -0.028792992
v 0.069159694 0.09100032 -0.020106137
v 0.061167516 0.0910072 -0.021990694
v 0.063265294 0.0910072 -0.014906399
v 0.064551465 0.0910072 -0.0076295286
v 0.071787074 0.0910072 -0.004328117
v 0.06499854 0.0910072 -0.00025635958
v 0.06460649 0.0910072 0.007123679
v 0.07108552 0.09100032 0.011546209
v 0.063382216 0.0910072 0.014407441
v 0.06133946 0.0910072 0.021505475
v 0.06663549 0.0910072 0.027152285
v 0.058498867 0.0910072 0.028328404
v 0.05490858 0.0910072 0.034786806
v 0.06052787 0.0910072 0.038720995
v -0.044347167 0.19999523 0.1211739
v -0.04457414 0.19199617 0.121098235
v -0.057477176 0.20000212 0.11548583
v -0.057477176 0.19200306 0.11548583
v -0.06865385 0.20000212 0.10921314
v -0.06865385 0.19200306 0.10921314
v -0.079149604 0.20000212 0.10186748
v -0.079149604 0.19200306 0.10186748
v -0.088868156 0.19200306 0.09351078
v -0.088868156 0.20000212 0.09351078
v -0.09870362 0.19198932 0.083118185
v -0.0988687 0.19999523 0.082904965
v -0.01863049 0.19200306 0.09111725
v -0.039058015 0.19199617 0.12019722
v -0.03882417 0.20000212 0.11990146
v -0.01863049 0.20000212 0.09111725
v 0.018627375 0.19200306 -0.09111412
v 0.03906177 0.19199617 -0.120200984
v 0.03882104 0.20000212 -0.11989148
v 0.018627375 0.20000212 -0.09111412
v 0.057474054 0.20000212 -0.11548959
v 0.0443578 0.20000212 -0.12117766
v 0.044598527 0.19199617 -0.121088244
v 0.057474054 0.19200306 -0.11548959
v 0.06865073 0.20000212 -0.1092169
v 0.06865073 0.19200306 -0.1092169
v 0.07914649 0.20000212 -0.10186437
v 0.07914649 0.19200306 -0.10186437
v 0.08886503 0.19200306 -0.09350765
v 0.08886503 0.20000212 -0.09350765
v 0.09870738 0.19198932 -0.08311506
v 0.09887245 0.19999523 -0.08290185
v -0.07506411 0.1850013 0.05490482
v -0.079245895 0.19200306 0.04867339
v -0.099501476 0.19199617 0.07767084
v -0.09240343 0.1850013 0.07965857
v 0.09949835 0.19199617 -0.07766773
v 0.07924965 0.19200306 -0.048670277
v 0.09931264 0.20000212 -0.077378854
v 0.07924965 0.20000212 -0.048670277
v -0.099501476 0.19199617 0.07767084
v -0.079245895 0.19200306 0.04867339
v -0.09931576 0.20000212 0.07738197
v -0.079245895 0.20000212 0.04867339
v 0.018627375 0.19200306 -0.09111412
v 0.025918007 0.1850013 -0.089318976
v 0.03906177 0.19199617 -0.120200984
v 0.04325045 0.1850013 -0.11407273
v -0.04663065 0.0910072 -0.04528632
v -0.05146584 0.0910072 -0.039701425
v -0.036293074 0.03550212 -0.02907499
v -0.032847226 0.035495237 -0.03291288
v -0.041190177 0.0910072 -0.05028659
v -0.029002443 0.035495237 -0.036344983
v -0.035220116 0.0910072 -0.05463346
v -0.024806902 0.035495237 -0.039330013
v -0.028789237 0.0910072 -0.058278777
v -0.020301834 0.035495237 -0.041833587
v -0.021986932 0.0910072 -0.061167516
v -0.015542299 0.035495237 -0.04382132
v -0.014909521 0.0910072 -0.063265294
v -0.01059705 0.035495237 -0.045272566
v -0.007632643 0.0910072 -0.064551465
v -0.0029762685 0.035453975 -0.046421185
v -0.00025948882 0.0910072 -0.06499854
v 0.004768297 0.035495237 -0.04625611
v 0.0071205646 0.0910072 -0.06460649
v 0.009857982 0.035495237 -0.04544451
v 0.014404312 0.0910072 -0.063382216
v 0.014823869 0.035495237 -0.044068925
v 0.021509238 0.0910072 -0.06133946
v 0.019610919 0.035495237 -0.042156853
v 0.028332166 0.0910072 -0.058498867
v 0.024157248 0.035495237 -0.039728932
v 0.034783684 0.0910072 -0.05490858
v 0.07506786 0.1850013 -0.054901697
v 0.07924965 0.19200306 -0.048670277
v 0.09949835 0.19199617 -0.07766773
v 0.0924003 0.1850013 -0.07966233
v -0.0922865 0.15555678 -0.011515573
v -0.0922865 0.20000212 -0.011515573
v -0.09299493 0.20000212 -0.00108172
v -0.092644155 0.14927723 -0.0085167885
v -0.09128919 0.14933912 -0.017760754
v -0.0930018 0.14933912 -0.00010505319
v -0.09289175 0.16918202 0.00456509
v -0.092527226 0.20000212 0.009359017
v -0.092589125 0.18024175 0.0089325905
v -0.09205952 0.18394898 0.013231307
v -0.09089027 0.20000212 0.019689709
v -0.09128919 0.18136974 0.017867044
v -0.09017496 0.1692852 0.02277103
v -0.088104695 0.20000212 0.029765904
v -0.08890255 0.14933912 0.027296722
v -0.08641273 0.14933912 0.03436725
v -0.08421178 0.20000212 0.039470688
v -0.0833658 0.14933912 0.04122457
v -0.07976863 0.14933912 0.04780677
v -0.079245895 0.19200306 0.04867339
v -0.079245895 0.20000212 0.04867339
v -0.07725817 0.16925766 0.05177535
v -0.07506411 0.1850013 0.05490482
v -0.074761465 0.18011795 0.055317506
v -0.0720997 0.1850013 0.058962807
v -0.01863049 0.19200306 0.09111725
v -0.025914252 0.1850013 0.08931522
v -0.039058015 0.19199617 0.12019722
v -0.04325357 0.1850013 0.114075854
v 0.12361933 0.16814344 0.04088068
v 0.12382567 0.17434047 0.05121824
v 0.12782864 0.1742373 0.040082827
v 0.11872911 0.16806091 0.05334352
v 0.117786825 0.17444365 0.064183176
v 0.112195045 0.16810216 0.0660471
v 0.10976713 0.17431296 0.07685925
v 0.10701595 0.16782017 0.07374354
v 0.10018614 0.16808842 0.0831113
v 0.10059882 0.17445053 0.08873059
v 0.090825245 0.1680678 0.09329067
v 0.090481356 0.17434047 0.098834306
v 0.08255795 0.17425106 0.10556094
v 0.08061837 0.16807465 0.10210821
v 0.07988243 0.17436112 0.106661424
v -0.039697662 0.0910072 0.05146584
v -0.029071227 0.03550212 0.036293074
v -0.047689855 0.09100032 0.044312775
v -0.032909125 0.035495237 0.032847226
v -0.03634122 0.035495237 0.029002443
v -0.0546297 0.0910072 0.035220116
v -0.03932625 0.035495237 0.024806902
v -0.058275014 0.0910072 0.028789237
v -0.04182984 0.035495237 0.020301834
v -0.061170638 0.0910072 0.021993816
v -0.043824434 0.035495237 0.015542299
v -0.06326841 0.0910072 0.014909521
v -0.04527569 0.035495237 0.01059705
v -0.06454772 0.0910072 0.007632643
v -0.04643807 0.03550212 0.0029831529
v -0.06500165 0.0910072 0.00025948882
v -0.046252355 0.035495237 -0.004768297
v -0.06460962 0.0910072 -0.0071205646
v -0.045440763 0.035495237 -0.009857982
v -0.06338534 0.0910072 -0.014404312
v -0.044072047 0.035495237 -0.014823869
v -0.061335713 0.0910072 -0.021509238
v -0.042159975 0.035495237 -0.019610919
v -0.05850199 0.0910072 -0.028332166
v -0.039732054 0.035495237 -0.024157248
v -0.054911703 0.0910072 -0.034783684
v -0.011291727 0.004001096 -0.0134551525
v -0.016993538 0.004001096 -0.0042662024
v -0.01231654 -1.8775463E-06 -0.0027049184
v -0.0067935437 -1.8775463E-06 -0.010621436
v -0.0012843013 0.004001096 -0.017547533
v 0.0027049184 -1.8775463E-06 -0.012320295
v 0.009218335 0.004001096 -0.014975183
v 0.010621436 -1.8775463E-06 -0.006797299
v 0.016199455 0.004001096 -0.0067216307
v -0.06542809 0.12395947 -0.055720173
v -0.06721635 0.11761801 -0.050733663
v -0.062277988 0.09582177 -0.04726717
v -0.06414878 0.12836136 -0.05910413
v -0.05644548 0.09582177 -0.054096982
v -0.064245075 0.14932536 -0.06726826
v -0.049870163 0.09582177 -0.060218357
v -0.056087837 0.14934601 -0.07418748
v -0.042634547 0.09582177 -0.06553502
v -0.047909945 0.14933912 -0.079710476
v -0.034841835 0.09582177 -0.06999193
v -0.039690793 0.14927723 -0.08413988
v -0.026581407 0.09582177 -0.0735272
v -0.03191182 0.14933912 -0.08735188
v -0.024263546 0.12515624 -0.08283994
v -0.017977089 0.09582177 -0.076092675
v -0.017935827 0.11731537 -0.08221405
v -0.01386407 0.11843647 -0.083307646
v -0.0091320425 0.09582177 -0.07765397
v -0.009104535 0.12822379 -0.08669847
v -0.0047576725 0.14933912 -0.09287488
v -0.00017006695 0.09582177 -0.07818357
v 0.0027393103 0.14933912 -0.092957415
v 0.008798778 0.09582177 -0.07768836
v 0.010222517 0.14933912 -0.09243469
v 0.017636947 0.14933912 -0.091313586
v 0.017650709 0.09582177 -0.07616833
v 0.021921918 0.12467478 -0.08337642
v 0.02626878 0.09582177 -0.07364412
v 0.027162917 0.11729474 -0.079634815
v 0.031062715 0.11847086 -0.0785481
v 0.03453608 0.09582177 -0.070143245
v 0.03682644 0.12819628 -0.07900205
v 0.04382132 0.14926346 -0.08204898
v 0.042356312 0.09582177 -0.06572072
v 0.050871216 0.14935286 -0.07788782
v -0.032826588 0.20000212 -0.08701486
v -0.042380065 0.20000212 -0.082778044
v -0.04238695 0.15555678 -0.082778044
v -0.039690793 0.14927723 -0.08413988
v -0.047909945 0.14933912 -0.079710476
v -0.03191182 0.14933912 -0.08735188
v -0.02747555 0.1691889 -0.08885127
v -0.022846684 0.20000212 -0.090151206
v -0.02327311 0.18024175 -0.0900618
v -0.019050047 0.18394898 -0.09103159
v -0.012584776 0.20000212 -0.092145815
v -0.014434949 0.18136974 -0.09189821
v -0.009441555 0.16927831 -0.092524104
v -0.0021646768 0.20000212 -0.092978045
v -0.0047576725 0.14933912 -0.09287488
v 0.0027393103 0.14933912 -0.092957415
v 0.00828293 0.20000212 -0.09262727
v 0.010222517 0.14933912 -0.09243469
v 0.018627375 0.19200306 -0.09111412
v 0.018627375 0.20000212 -0.09111412
v 0.017636947 0.14933912 -0.091313586
v 0.022857316 0.17153428 -0.09015809
v 0.025918007 0.1850013 -0.089318976
v 0.029336348 0.1850013 -0.08839733
v 0.06210979 0.14925657 -0.069235355
v 0.055788957 0.14934601 -0.07444197
v 0.04726717 0.09582177 -0.062274866
v 0.054096982 0.09582177 -0.056449242
v 0.061642095 0.12818255 -0.061621457
v 0.06319651 0.11840896 -0.05601593
v 0.060218357 0.09582177 -0.04987392
v 0.067082554 0.11821638 -0.05123575
v 0.06553502 0.09582177 -0.04263831
v 0.073114514 0.13042475 -0.048560224
v 0.07977238 0.14933912 -0.047803655
v 0.06999193 0.09582177 -0.034838714
v 0.08336267 0.14933912 -0.041221447
v 0.08641648 0.14933912 -0.03437101
v 0.0735272 0.09582177 -0.02658517
v 0.0889063 0.14933912 -0.027293593
v 0.084580064 0.12821694 -0.021110319
v 0.076092675 0.09582177 -0.017973967
v 0.08302565 0.11843647 -0.015463516
v 0.07765397 0.09582177 -0.009128921
v 0.08338331 0.11730848 -0.0112679675
v 0.08614824 0.12517686 -0.005531758
v 0.07818357 0.09582177 -0.00016695261
v 0.09299868 0.14933912 0.00010816753
v 0.092641026 0.14927723 0.008519903
v 0.07768836 0.09582177 0.008801907
v 0.09128607 0.14933912 0.017763868
v 0.07616833 0.09582177 0.017646953
v 0.08889254 0.14934601 0.027331114
v 0.07364412 0.09582177 0.026265025
v 0.08517845 0.14935286 0.03740731
v 0.070143245 0.09582177 0.034539208
v 0.07739261 0.12987451 0.040908188
v 0.072894424 0.12041731 0.043755665
v 0.06572072 0.09582177 0.042352557
v 0.0706866 0.117721155 0.045832798
v 0.07069348 0.12898727 0.045839682
v 0.07739261 0.12987451 0.040908188
v 0.07314203 0.17500763 0.043569952
v 0.077062465 0.17500763 0.041190177
v 0.08261298 0.17500077 0.039388165
v 0.082936235 0.14964862 0.03938128
v 0.08935337 0.15272994 0.039298743
v 0.0901237 0.17500763 0.03947757
v 0.09599747 0.15678106 0.041623488
v 0.09674029 0.17500077 0.042063683
v 0.10003483 0.15984176 0.04454662
v 0.10086018 0.17500763 0.045378864
v 0.10346004 0.16229029 0.04835701
v 0.10429916 0.17500763 0.049711972
v 0.10588109 0.16387911 0.053040892
v 0.10672708 0.17500763 0.056349188
v 0.1072498 0.1662245 0.05985695
v 0.10696781 0.17500763 0.062264234
v 0.10605992 0.1681297 0.0668931
v 0.10514515 0.17500763 0.06919032
v 0.102703474 0.16845296 0.07323457
v 0.09893435 0.17500763 0.07714124
v 0.09576362 0.16753818 0.07908082
v 0.09004116 0.17500763 0.08098602
v 0.08774392 0.16469072 0.08128865
v 0.08191142 0.17500763 0.08094475
v 0.08120299 0.16198768 0.0808347
v 0.075996384 0.17500763 0.0787438
v 0.07600326 0.15916084 0.07877819
v 0.07177332 0.15638213 0.07580005
v 0.07114055 0.17500077 0.075215414
v 0.06746084 0.15279184 0.07037334
v 0.066944994 0.17500763 0.06933476
v 0.065363064 0.14985497 0.06438951
v 0.06521175 0.17500763 0.06345412
v 0.065005414 0.13876082 0.06098494
v 0.06503292 0.17500763 0.058543265
v 0.06539058 0.12389757 0.055798963
v 0.06604398 0.17500763 0.053529233
v 0.067240745 0.12857457 0.050612986
v 0.067220114 0.11761801 0.0507299
v 0.06898775 0.17500763 0.047717363
v 0.063519776 0.097623795 0.040853158
v 0.060225233 0.097623795 0.04559207
v 0.032823473 0.20000212 0.08701798
v 0.042383827 0.20000212 0.082781166
v 0.042383827 0.15555678 0.082781166
v 0.03968767 0.14927723 0.084143
v 0.0479137 0.14933912 0.07970671
v 0.031908706 0.14933912 0.087355
v 0.027479298 0.1691889 0.08884752
v 0.022850439 0.20000212 0.09014745
v 0.023269996 0.18024175 0.09005804
v 0.01905381 0.18394898 0.09103471
v 0.012588531 0.20000212 0.09214206
v 0.014438704 0.18137662 0.09189445
v 0.00944531 0.16927831 0.092527226
v 0.0021615624 0.20000212 0.09297429
v 0.0047614276 0.14933912 0.092878
v -0.0027424246 0.14933912 0.09296054
v -0.008286059 0.20000212 0.0926304
v -0.010225639 0.14933912 0.09243782
v -0.01863049 0.19200306 0.09111725
v -0.01863049 0.20000212 0.09111725
v -0.01764007 0.14933912 0.09130983
v -0.02222766 0.16925766 0.09030564
v -0.025914252 0.1850013 0.08931522
v -0.026416346 0.18011795 0.089170784
v -0.030893892 0.1850013 0.0878571
v -0.042352557 0.09582177 0.06571697
v -0.050874338 0.14935286 0.07789095
v -0.043817565 0.14926346 0.08204523
v -0.034539208 0.09582177 0.07014637
v -0.036967114 0.12856771 0.07904644
v -0.031774268 0.11940627 0.078537464
v -0.026265025 0.09582177 0.07364036
v -0.027337983 0.1166551 0.079424724
v -0.017646953 0.09582177 0.07616457
v -0.021753088 0.12544511 0.083634034
v -0.01764007 0.14933912 0.09130983
v -0.008801907 0.09582177 0.07769148
v -0.010225639 0.14933912 0.09243782
v -0.0027424246 0.14933912 0.09296054
v 0.00016695261 0.09582177 0.07818669
v 0.0047614276 0.14933912 0.092878
v 0.009128921 0.09582177 0.07765022
v 0.009101413 0.12822379 0.0867016
v 0.013860956 0.11843647 0.08331077
v 0.017973967 0.09582177 0.07608892
v 0.017932698 0.11731537 0.0822103
v 0.024267294 0.12515624 0.082843065
v 0.02658517 0.09582177 0.07353032
v 0.031908706 0.14933912 0.087355
v 0.03968767 0.14927723 0.084143
v 0.034838714 0.09582177 0.069995046
v 0.0479137 0.14933912 0.07970671
v 0.04263831 0.09582177 0.06553814
v 0.056084707 0.14934601 0.07418372
v 0.04987392 0.09582177 0.060214594
v 0.064413905 0.14926346 0.06709255
v 0.056449242 0.09582177 0.054100096
v 0.06539058 0.12389757 0.055798963
v 0.062274866 0.09582177 0.047270298
v 0.067220114 0.11761801 0.0507299
v 0.048305742 0.0910072 0.053329766
v 0.05708889 0.0910072 0.04363185
v 0.0514696 0.0910072 0.039697662
v 0.04662752 0.0910072 0.045282573
v 0.041187063 0.0910072 0.050282836
v 0.035609044 0.0910072 0.062573746
v 0.035216995 0.0910072 0.0546297
v 0.028792992 0.0910072 0.058275014
v 0.020106137 0.09100032 0.069162816
v 0.021990694 0.0910072 0.061163753
v 0.014906399 0.0910072 0.06326841
v 0.004328117 0.0910072 0.0717902
v 0.0076295286 0.0910072 0.06454772
v 0.00025635958 0.0910072 0.06500165
v -0.007123679 0.0910072 0.06460962
v -0.011546209 0.09100032 0.07108864
v -0.014407441 0.0910072 0.06338534
v -0.021505475 0.0910072 0.061335713
v -0.027152285 0.0910072 0.066638604
v -0.028328404 0.0910072 0.05850199
v -0.03403023 0.0917844 0.05399005
v -0.038720995 0.0910072 0.060524106
v -0.0922865 0.15555678 -0.011515573
v -0.09128919 0.14933912 -0.017760754
v -0.123533025 0.16808154 -0.040836282
v -0.125452 0.17482881 -0.034742422
v -0.12729527 0.17422356 -0.03759677
v 0.042383827 0.15555678 0.082781166
v 0.08061837 0.16807465 0.10210821
v 0.0479137 0.14933912 0.07970671
v 0.07591385 0.1749595 0.10624874
v 0.07988243 0.17436112 0.106661424
v -0.04238695 0.15555678 -0.082778044
v -0.08069715 0.16812281 -0.102166995
v -0.047909945 0.14933912 -0.079710476
v -0.07591009 0.1749595 -0.1062525
v -0.07987179 0.17434736 -0.106658295
v 0.08420865 0.20000212 -0.039467573
v 0.07924965 0.20000212 -0.048670277
v 0.07924965 0.19200306 -0.048670277
v 0.07977238 0.14933912 -0.047803655
v 0.07725505 0.16925766 -0.05177223
v 0.08336267 0.14933912 -0.041221447
v 0.07506786 0.1850013 -0.054901697
v 0.07475835 0.18011795 -0.055314377
v 0.072103456 0.1850013 -0.058959693
v 0.08641648 0.14933912 -0.03437101
v 0.08810846 0.20000212 -0.029762782
v 0.0889063 0.14933912 -0.027293593
v 0.090171844 0.1692852 -0.022774778
v 0.09089403 0.20000212 -0.01968658
v 0.09129295 0.18136974 -0.017863922
v 0.09206328 0.18394898 -0.013228178
v 0.09253098 0.20000212 -0.009362772
v 0.092586 0.18024175 -0.008936338
v 0.09288864 0.16918202 -0.004568845
v 0.0929918 0.20000212 0.0010848343
v 0.09299868 0.14933912 0.00010816753
v 0.092641026 0.14927723 0.008519903
v 0.092283376 0.20000212 0.011511818
v 0.092283376 0.15555678 0.011518687
v 0.09128607 0.14933912 0.017763868
v 0.092283376 0.15555678 0.011518687
v 0.09128607 0.14933912 0.017763868
v 0.12361933 0.16814344 0.04088068
v 0.12601973 0.17506953 0.035144463
v 0.12782864 0.1742373 0.040082827
v 0.011295475 0.004001096 0.0132519305
v 0.016990423 0.004001096 0.0040629953
v 0.006797299 -1.8775463E-06 0.010624558
v 0.012320295 -1.8775463E-06 0.0027080327
v -0.04325357 0.1850013 0.114075854
v -0.025914252 0.1850013 0.08931522
v -0.030893892 0.1850013 0.0878571
v -0.040247902 0.1850013 0.08384037
v -0.05435458 0.1850013 0.10922001
v -0.05855702 0.1849669 0.09669526
v -0.047022685 0.1850013 0.080236316
v -0.064926 0.1850013 0.10329123
v -0.07086167 0.18498756 0.08812533
v -0.07485089 0.1850013 0.09633762
v -0.08403984 0.1850013 0.088434845
v -0.0720997 0.1850013 0.058962807
v -0.09240343 0.1850013 0.07965857
v -0.07506411 0.1850013 0.05490482
v -0.065015405 0.1850013 0.06649417
v -0.059313595 0.1850013 0.071632
v -0.038480267 0.09400599 0.049725726
v -0.038170755 0.09400599 0.059746906
v -0.033645064 0.09400599 0.053295374
v -0.043054104 0.09400599 0.056252897
v 0.04662752 0.0910072 0.045282573
v 0.0514696 0.0910072 0.039697662
v 0.03628996 0.03550212 0.029071227
v 0.030650035 0.03546773 0.035041288
v 0.041187063 0.0910072 0.050282836
v 0.035216995 0.0910072 0.0546297
v 0.02480378 0.035495237 0.03932625
v 0.028792992 0.0910072 0.058275014
v 0.02029872 0.035495237 0.04182984
v 0.021990694 0.0910072 0.061163753
v 0.015546054 0.035495237 0.043824434
v 0.014906399 0.0910072 0.06326841
v 0.010600805 0.035495237 0.04527569
v 0.0076295286 0.0910072 0.06454772
v 0.0029731542 0.035453975 0.0464243
v 0.00025635958 0.0910072 0.06500165
v -0.004764542 0.035495237 0.046252355
v -0.007123679 0.0910072 0.06460962
v -0.009854227 0.035495237 0.045440763
v -0.014407441 0.0910072 0.06338534
v -0.014826983 0.035495237 0.044072047
v -0.021505475 0.0910072 0.061335713
v -0.01961404 0.035495237 0.042159975
v -0.028328404 0.0910072 0.05850199
v -0.02416037 0.035495237 0.039732054
v -0.03403023 0.0917844 0.05399005
v 0.030650035 0.03546773 0.035041288
v 0.03628996 0.03550212 0.029071227
v 0.03117276 0.031003937 0.02548781
v 0.025711663 0.031003937 0.031093344
v 0.02480378 0.035495237 0.03932625
v 0.017815776 0.031003937 0.036196783
v 0.02029872 0.035495237 0.04182984
v 0.015546054 0.035495237 0.043824434
v 0.0047270358 0.031003937 0.0403098
v 0.010600805 0.035495237 0.04527569
v 0.0029731542 0.035453975 0.0464243
v -0.004764542 0.035495237 0.046252355
v -0.008973852 0.031003937 0.039333135
v -0.009854227 0.035495237 0.045440763
v -0.014826983 0.035495237 0.044072047
v -0.020714521 0.031003937 0.034841835
v -0.01961404 0.035495237 0.042159975
v -0.02416037 0.035495237 0.039732054
v 0.022754148 0.0373798 -0.03771369
v 0.027616858 0.037366048 -0.034205936
v 0.038477145 0.09400599 -0.04972948
v 0.033545658 0.09400599 -0.05313407
v 0.022754148 0.0373798 -0.03771369
v 0.020312473 0.034009606 -0.034164675
v 0.02522333 0.034009606 -0.030546866
v 0.027616858 0.037366048 -0.034205936
v -0.03037116 0.03400272 -0.024927579
v -0.033899546 0.03400272 -0.020078622
v -0.024167255 0.03400272 -0.013331354
v -0.02068013 0.03400272 -0.018139042
v -0.049512506 0.09400599 -0.03827081
v -0.037648037 0.037366048 -0.022699125
v -0.034291595 0.037400424 -0.027658127
v -0.052807048 0.09400599 -0.033717602
v 0.072103456 0.1850013 -0.058959693
v 0.06501917 0.1850013 -0.06649793
v 0.06898775 0.18114965 -0.06238491
v 0.06556941 0.16932644 -0.06596145
v 0.06210979 0.14925657 -0.069235355
v 0.059310466 0.1850013 -0.07162888
v 0.05932422 0.16495208 -0.07165639
v 0.055788957 0.14934601 -0.07444197
v 0.05584398 0.16508274 -0.07451762
v 0.04024478 0.1850013 -0.08383725
v 0.029336348 0.1850013 -0.08839733
v 0.035120703 0.18095018 -0.086120725
v 0.039556988 0.16931958 -0.08417427
v 0.04382132 0.14926346 -0.08204898
v 0.04702644 0.1850013 -0.0802332
v 0.04704708 0.16496582 -0.08026071
v 0.050871216 0.14935286 -0.07788782
v 0.050926246 0.16508962 -0.077970356
v -0.0720997 0.1850013 0.058962807
v -0.065015405 0.1850013 0.06649417
v -0.06898399 0.18114965 0.062388033
v -0.06557253 0.16932644 0.065957695
v -0.062112913 0.14925657 0.06923847
v -0.059313595 0.1850013 0.071632
v -0.05932735 0.16495208 0.071652636
v -0.05579208 0.14934601 0.074445084
v -0.05584711 0.16507588 0.07452074
v 0.049137972 0.14974491 -0.07540488
v 0.054096982 0.16203581 -0.07204844
v 0.04922051 0.16204269 -0.075521804
v 0.054069467 0.14978619 -0.07199341
v 0.040884428 0.09760316 -0.06360919
v 0.045767777 0.09759627 -0.060128942
v -0.05407259 0.14979993 0.07199654
v -0.054120734 0.16204958 0.07205844
v -0.04918924 0.1619808 0.07546303
v -0.049134225 0.14974491 0.07540113
v -0.045509532 0.09761003 0.059891343
v -0.040502384 0.09761003 0.063405976
v 0.038174517 0.09400599 -0.059743777
v 0.033545658 0.09400599 -0.05313407
v 0.038477145 0.09400599 -0.04972948
v 0.04305099 0.09400599 -0.05625666
v 0.053161576 0.09400599 0.03356941
v 0.034288473 0.037400424 0.027661249
v 0.04969509 0.09400599 0.03845963
v 0.037644915 0.037366048 0.022695363
v 0.04969509 0.09400599 0.03845963
v 0.056304805 0.09400599 0.043088496
v 0.053161576 0.09400599 0.03356941
v 0.05969563 0.09400599 0.038136378
v -0.032847226 0.035495237 -0.03291288
v -0.036293074 0.03550212 -0.02907499
v -0.031169012 0.031003937 -0.025484696
v -0.021154702 0.031003937 -0.034694277
v -0.029002443 0.035495237 -0.036344983
v -0.024806902 0.035495237 -0.039330013
v -0.020301834 0.035495237 -0.041833587
v -0.015542299 0.035495237 -0.04382132
v -0.00473015 0.031003937 -0.040313564
v -0.01059705 0.035495237 -0.045272566
v -0.0029762685 0.035453975 -0.046421185
v 0.004768297 0.035495237 -0.04625611
v 0.008977607 0.031003937 -0.03933689
v 0.009857982 0.035495237 -0.04544451
v 0.014823869 0.035495237 -0.044068925
v 0.020718269 0.031003937 -0.03484559
v 0.019610919 0.035495237 -0.042156853
v 0.024157248 0.035495237 -0.039728932
v 0.030374922 0.03400272 0.0249307
v 0.03389643 0.03400272 0.020074874
v 0.024171002 0.03400272 0.013334468
v 0.020670123 0.03400272 0.01813528
v -0.05644548 0.09582177 -0.054096982
v -0.062277988 0.09582177 -0.04726717
v -0.057085127 0.0910072 -0.043635614
v -0.048308864 0.0910072 -0.05333353
v -0.049870163 0.09582177 -0.060218357
v -0.042634547 0.09582177 -0.06553502
v -0.03560528 0.0910072 -0.06257062
v -0.034841835 0.09582177 -0.06999193
v -0.026581407 0.09582177 -0.0735272
v -0.020109251 0.09100032 -0.069159694
v -0.017977089 0.09582177 -0.076092675
v -0.0091320425 0.09582177 -0.07765397
v -0.0043243617 0.0910072 -0.071787074
v -0.00017006695 0.09582177 -0.07818357
v 0.011549965 0.09100032 -0.07108552
v 0.008798778 0.09582177 -0.07768836
v 0.017650709 0.09582177 -0.07616833
v 0.02715604 0.0910072 -0.06663549
v 0.02626878 0.09582177 -0.07364412
v 0.03453608 0.09582177 -0.070143245
v 0.038717873 0.0910072 -0.06052787
v 0.042356312 0.09582177 -0.06572072
v -0.020191789 0.034009606 0.03396833
v -0.024923831 0.034009606 0.030474335
v -0.022757262 0.0373798 0.037709936
v -0.027613103 0.037366048 0.034209058
v 0.06052787 0.0910072 0.038720995
v 0.06572072 0.09582177 0.042352557
v 0.070143245 0.09582177 0.034539208
v 0.06663549 0.0910072 0.027152285
v 0.07364412 0.09582177 0.026265025
v 0.07616833 0.09582177 0.017646953
v 0.07108552 0.09100032 0.011546209
v 0.07768836 0.09582177 0.008801907
v 0.07818357 0.09582177 -0.00016695261
v 0.071787074 0.0910072 -0.004328117
v 0.07765397 0.09582177 -0.009128921
v 0.069159694 0.09100032 -0.020106137
v 0.076092675 0.09582177 -0.017973967
v 0.0735272 0.09582177 -0.02658517
v 0.06257062 0.0910072 -0.035609044
v 0.06999193 0.09582177 -0.034838714
v 0.06553502 0.09582177 -0.04263831
v 0.05333353 0.0910072 -0.048305742
v 0.060218357 0.09582177 -0.04987392
v 0.054096982 0.09582177 -0.056449242
v 0.043635614 0.0910072 -0.05708889
v 0.04726717 0.09582177 -0.062274866
v 0.056449242 0.09582177 0.054100096
v 0.062274866 0.09582177 0.047270298
v 0.05708889 0.0910072 0.04363185
v 0.048305742 0.0910072 0.053329766
v 0.04987392 0.09582177 0.060214594
v 0.04263831 0.09582177 0.06553814
v 0.035609044 0.0910072 0.062573746
v 0.034838714 0.09582177 0.069995046
v 0.02658517 0.09582177 0.07353032
v 0.020106137 0.09100032 0.069162816
v 0.017973967 0.09582177 0.07608892
v 0.009128921 0.09582177 0.07765022
v 0.004328117 0.0910072 0.0717902
v 0.00016695261 0.09582177 0.07818669
v -0.011546209 0.09100032 0.07108864
v -0.008801907 0.09582177 0.07769148
v -0.017646953 0.09582177 0.07616457
v -0.027152285 0.0910072 0.066638604
v -0.026265025 0.09582177 0.07364036
v -0.034539208 0.09582177 0.07014637
v -0.038720995 0.0910072 0.060524106
v -0.042352557 0.09582177 0.06571697
v 0.063519776 0.097623795 0.040853158
v 0.05969563 0.09400599 0.038136378
v 0.056304805 0.09400599 0.043088496
v 0.060225233 0.097623795 0.04559207
v -0.056301042 0.09400599 -0.043085374
v -0.05969876 0.09400599 -0.038140126
v -0.049512506 0.09400599 -0.03827081
v -0.052807048 0.09400599 -0.033717602
v 0.03461174 0.031003937 0.020570084
v 0.039728932 0.035495237 0.02416037
v 0.042156853 0.035495237 0.01961404
v 0.03800945 0.031003937 0.013527051
v 0.044068925 0.035495237 0.014826983
v 0.04544451 0.035495237 0.009854227
v 0.04010722 0.031003937 0.004365623
v 0.04625611 0.035495237 0.004764542
v 0.04643494 0.03550212 -0.0029800385
v 0.039501965 0.031003937 -0.009342141
v 0.045272566 0.035495237 -0.010600805
v 0.04382132 0.035495237 -0.015546054
v 0.041833587 0.035495237 -0.02029872
v 0.033889554 0.031003937 -0.021887526
v 0.039330013 0.035495237 -0.02480378
v 0.036344983 0.035495237 -0.029006205
v 0.025663517 0.031003937 -0.031379096
v 0.03291288 0.035495237 -0.03285098
v 0.02907499 0.03550212 -0.03628996
v 0.067220114 0.11761801 0.0507299
v 0.067240745 0.12857457 0.050612986
v 0.060225233 0.097623795 0.04559207
v 0.062274866 0.09582177 0.047270298
v 0.05708889 0.0910072 0.04363185
v 0.056304805 0.09400599 0.043088496
v 0.0514696 0.0910072 0.039697662
v 0.04969509 0.09400599 0.03845963
v 0.03628996 0.03550212 0.029071227
v 0.034288473 0.037400424 0.027661249
v 0.03117276 0.031003937 0.02548781
v 0.030374922 0.03400272 0.0249307
v 0.020670123 0.031003937 0.01813528
v 0.020670123 0.03400272 0.01813528
v -0.034607977 0.031003937 -0.020573832
v -0.039732054 0.035495237 -0.024157248
v -0.042159975 0.035495237 -0.019610919
v -0.03986962 0.031003937 -0.007925287
v -0.044072047 0.035495237 -0.014823869
v -0.045440763 0.035495237 -0.009857982
v -0.046252355 0.035495237 -0.004768297
v -0.04643807 0.03550212 0.0029831529
v -0.03949821 0.031003937 0.009345263
v -0.04527569 0.035495237 0.01059705
v -0.043824434 0.035495237 0.015542299
v -0.04182984 0.035495237 0.020301834
v -0.033892676 0.031003937 0.02189064
v -0.03932625 0.035495237 0.024806902
v -0.03634122 0.035495237 0.029002443
v -0.02565977 0.031003937 0.031382218
v -0.032909125 0.035495237 0.032847226
v -0.029071227 0.03550212 0.036293074
v -0.04325357 0.1850013 0.114075854
v -0.05435458 0.1850013 0.10922001
v -0.04457414 0.19199617 0.121098235
v -0.057477176 0.19200306 0.11548583
v -0.064926 0.1850013 0.10329123
v -0.06865385 0.19200306 0.10921314
v -0.079149604 0.19200306 0.10186748
v -0.07485089 0.1850013 0.09633762
v -0.088868156 0.19200306 0.09351078
v -0.08403984 0.1850013 0.088434845
v -0.09870362 0.19198932 0.083118185
v -0.09240343 0.1850013 0.07965857
v -0.0161957 0.004001096 0.0065184236
v -0.009221464 0.004001096 0.014771968
v -0.010624558 -1.8775463E-06 0.006800413
v -0.0027080327 -1.8775463E-06 0.012323409
v 0.001281172 0.004001096 0.017344326
v 0.006797299 -1.8775463E-06 0.010624558
v 0.011295475 0.004001096 0.0132519305
v 0.016990423 0.004001096 0.0040629953
v 0.016199455 0.004001096 -0.0067216307
v 0.010621436 -1.8775463E-06 -0.006797299
v 0.012320295 -1.8775463E-06 0.0027080327
v -0.070545286 0.12845077 -0.045864068
v -0.07068284 0.1177143 -0.045829676
v -0.06361918 0.097623795 -0.040891312
v -0.06571697 0.09582177 -0.042356312
v -0.060524106 0.0910072 -0.038717873
v -0.05969876 0.09400599 -0.038140126
v -0.054911703 0.0910072 -0.034783684
v -0.052807048 0.09400599 -0.033717602
v -0.039732054 0.035495237 -0.024157248
v -0.037648037 0.037366048 -0.022699125
v -0.034607977 0.031003937 -0.020573832
v -0.033899546 0.03400272 -0.020078622
v -0.024112225 0.031003937 -0.013221301
v -0.024167255 0.03400272 -0.013331354
v -0.12751536 0.1742373 -0.04122833
v -0.12729527 0.17422356 -0.03759677
v -0.123533025 0.16808154 -0.040836282
v -0.11867033 0.16806091 -0.05355362
v -0.1238219 0.17434047 -0.051221997
v -0.11778994 0.17445053 -0.06418006
v -0.112198174 0.16810216 -0.066050865
v -0.10976337 0.17431296 -0.07685612
v -0.106826484 0.16775827 -0.07385046
v -0.100175515 0.16810216 -0.083135694
v -0.103875846 0.17431985 -0.08464885
v -0.09743808 0.17433359 -0.091987625
v -0.09087652 0.16804715 -0.09317063
v -0.09048447 0.17434047 -0.09883806
v -0.08069715 0.16812281 -0.102166995
v -0.082506046 0.17435424 -0.10560597
v -0.07987179 0.17434736 -0.106658295
v 0.013207547 0.033920184 -0.024246663
v 0.018290356 0.033920184 -0.020745784
v 0.020312473 0.034009606 -0.034164675
v 0.02522333 0.034009606 -0.030546866
v 0.013207547 0.033920184 -0.024246663
v 0.013207547 0.03162983 -0.024246663
v 0.018290356 0.033920184 -0.020745784
v 0.018290356 0.031003937 -0.020745784
v 0.014363043 0.0070411414 -0.023517601
v 0.019604042 0.0070273876 -0.019404583
v 0.023276873 0.031003937 -0.014748208
v 0.023668915 0.007034272 -0.014129192
v 0.026000537 0.031003937 -0.0091426745
v 0.026282534 0.0070067495 -0.008310452
v 0.0067010075 0.0070067495 -0.026853405
v 0.005896285 0.031003937 -0.026922189
v -0.00030075014 0.031003937 -0.027554959
v -0.0011948794 0.0070273876 -0.027541205
v -0.0064771473 0.031003937 -0.026784629
v -0.007488206 0.0070067495 -0.026530147
v -0.012295902 0.031003937 -0.024659343
v -0.01336199 0.0069861263 -0.024102226
v -0.01729618 0.031003937 -0.021433577
v -0.0182866 0.00699988 -0.02059447
v 0.027720027 0.031003937 -0.0004695803
v 0.027486175 0.006979242 -0.002044633
v 0.027224816 0.007034272 0.004310593
v 0.026062444 0.031003937 0.008918822
v 0.025608495 0.0070273876 0.010143101
v 0.02411598 0.031003937 0.013224423
v -0.02068013 0.031712368 -0.018139042
v 0.022589073 0.007013634 0.015803665
v 0.024171002 0.03400272 0.013334468
v 0.020670123 0.03400272 0.01813528
v 0.020670123 0.031003937 0.01813528
v 0.018290356 0.00699988 0.020590708
v 0.017299928 0.031003937 0.021436706
v 0.013365738 0.0069861263 0.02410534
v 0.01229278 0.031003937 0.024662465
v 0.0074850917 0.0070067495 0.026526392
v 0.0064809024 0.031003937 0.026787743
v 0.00095790625 0.007034272 0.027564958
v 0.0002976358 0.031003937 0.027558073
v -0.005362928 0.007020518 0.027035356
v -0.0058993995 0.031003937 0.026918426
v -0.012949303 0.0070273876 0.024483636
v -0.013196915 0.031003937 0.024242908
v -0.014152944 0.03396833 0.02360326
v -0.017364949 0.033920184 0.021340415
v -0.019607171 0.0070273876 0.019400835
v -0.0182866 0.031003937 0.020748913
v -0.023279995 0.031003937 0.01475133
v -0.02367203 0.007034272 0.014132321
v -0.02599679 0.031003937 0.009145796
v -0.026285663 0.0070067495 0.008306682
v -0.027386129 0.031003937 0.0030725598
v -0.027489305 0.006979242 0.0020477474
v -0.02737926 0.031003937 -0.0031175911
v -0.027221054 0.007034272 -0.0043074787
v -0.026058689 0.031003937 -0.008922584
v -0.02560474 0.0070273876 -0.010139979
v -0.024112225 0.031003937 -0.013221301
v -0.022592202 0.007013634 -0.015807413
v -0.024167255 0.03400272 -0.013331354
v -0.02068013 0.03400272 -0.018139042
v 0.013207547 0.033920184 -0.024246663
v 0.020312473 0.034009606 -0.034164675
v 0.013207547 0.03162983 -0.024246663
v 0.020718269 0.031003937 -0.03484559
v 0.022754148 0.0373798 -0.03771369
v 0.024157248 0.035495237 -0.039728932
v 0.033545658 0.09400599 -0.05313407
v 0.034783684 0.0910072 -0.05490858
v 0.038174517 0.09400599 -0.059743777
v 0.038717873 0.0910072 -0.06052787
v 0.040884428 0.09760316 -0.06360919
v 0.042356312 0.09582177 -0.06572072
v 0.049137972 0.14974491 -0.07540488
v 0.050871216 0.14935286 -0.07788782
v 0.04922051 0.16204269 -0.075521804
v 0.050926246 0.16508962 -0.077970356
v -0.014152944 0.03396833 0.02360326
v -0.024923831 0.034009606 0.030474335
v -0.020191789 0.034009606 0.03396833
v -0.017364949 0.033920184 0.021340415
v -0.060524106 0.0910072 -0.038717873
v -0.06571697 0.09582177 -0.042356312
v -0.07014637 0.09582177 -0.03453608
v -0.066638604 0.0910072 -0.027149156
v -0.07364036 0.09582177 -0.02626878
v -0.07616457 0.09582177 -0.017650709
v -0.07108864 0.09100032 -0.01154308
v -0.07769148 0.09582177 -0.008798778
v -0.07818669 0.09582177 0.00017006695
v -0.0717902 0.0910072 0.0043243617
v -0.07765022 0.09582177 0.0091320425
v -0.069162816 0.09100032 0.020109251
v -0.07608892 0.09582177 0.017977089
v -0.07353032 0.09582177 0.026581407
v -0.062573746 0.0910072 0.03560528
v -0.069995046 0.09582177 0.034841835
v -0.06553814 0.09582177 0.042634547
v -0.053329766 0.0910072 0.048308864
v -0.060214594 0.09582177 0.049870163
v -0.054100096 0.09582177 0.05644548
v -0.04363185 0.0910072 0.057085127
v -0.047270298 0.09582177 0.062277988
v -0.05855702 0.1849669 0.09669526
v -0.047043324 0.16497271 0.08026384
v -0.050929368 0.16508962 0.0779666
v -0.063901186 0.18402465 0.09202513
v -0.07086167 0.18498756 0.08812533
v -0.05584711 0.16507588 0.07452074
v -0.05932735 0.16495208 0.071652636
v -0.054120734 0.16204958 0.07205844
v -0.04918924 0.1619808 0.07546303
v -0.050874338 0.14935286 0.07789095
v -0.050929368 0.16508962 0.0779666
v -0.047043324 0.16497271 0.08026384
v -0.043817565 0.14926346 0.08204523
v -0.047022685 0.1850013 0.080236316
v -0.040247902 0.1850013 0.08384037
v -0.039553225 0.16932644 0.08417739
v -0.03507568 0.18113591 0.08614448
v -0.030893892 0.1850013 0.0878571
v 0.05932422 0.16495208 -0.07165639
v 0.07084479 0.18498068 -0.08810158
v 0.05584398 0.16508274 -0.07451762
v 0.06373299 0.18401776 -0.09213206
v 0.058581404 0.18498756 -0.096733406
v 0.050926246 0.16508962 -0.077970356
v 0.04704708 0.16496582 -0.08026071
v 0.04922051 0.16204269 -0.075521804
v 0.054096982 0.16203581 -0.07204844
v 0.02411598 0.031003937 0.013224423
v 0.024171002 0.03400272 0.013334468
v 0.03389643 0.03400272 0.020074874
v 0.03461174 0.031003937 0.020570084
v 0.037644915 0.037366048 0.022695363
v 0.039728932 0.035495237 0.02416037
v 0.053161576 0.09400599 0.03356941
v 0.05490858 0.0910072 0.034786806
v 0.05969563 0.09400599 0.038136378
v 0.06052787 0.0910072 0.038720995
v 0.063519776 0.097623795 0.040853158
v 0.06572072 0.09582177 0.042352557
v 0.0706866 0.117721155 0.045832798
v 0.07069348 0.12898727 0.045839682
v -0.06721635 0.11761801 -0.050733663
v -0.0672645 0.12902851 -0.05076117
v -0.06013207 0.09759627 -0.045767777
v -0.062277988 0.09582177 -0.04726717
v -0.057085127 0.0910072 -0.043635614
v -0.056301042 0.09400599 -0.043085374
v -0.05146584 0.0910072 -0.039701425
v -0.049512506 0.09400599 -0.03827081
v -0.036293074 0.03550212 -0.02907499
v -0.034291595 0.037400424 -0.027658127
v -0.031169012 0.031003937 -0.025484696
v -0.03037116 0.03400272 -0.024927579
v -0.02068013 0.031712368 -0.018139042
v -0.02068013 0.03400272 -0.018139042
v 0.0924003 0.1850013 -0.07966233
v 0.09870738 0.19198932 -0.08311506
v 0.08404359 0.1850013 -0.0884386
v 0.08886503 0.19200306 -0.09350765
v 0.07485464 0.1850013 -0.09633449
v 0.07914649 0.19200306 -0.10186437
v 0.06492288 0.1850013 -0.1032881
v 0.06865073 0.19200306 -0.1092169
v 0.057474054 0.19200306 -0.11548959
v 0.05435834 0.1850013 -0.109223776
v 0.044598527 0.19199617 -0.121088244
v 0.04325045 0.1850013 -0.11407273
v -0.09870362 0.19198932 0.083118185
v -0.099501476 0.19199617 0.07767084
v -0.0988687 0.19999523 0.082904965
v -0.09931576 0.20000212 0.07738197
v 0.09870738 0.19198932 -0.08311506
v 0.09949835 0.19199617 -0.07766773
v 0.09887245 0.19999523 -0.08290185
v 0.09931264 0.20000212 -0.077378854
v 0.03906177 0.19199617 -0.120200984
v 0.044598527 0.19199617 -0.121088244
v 0.0443578 0.20000212 -0.12117766
v 0.03882104 0.20000212 -0.11989148
v -0.039058015 0.19199617 0.12019722
v -0.04457414 0.19199617 0.121098235
v -0.044347167 0.19999523 0.1211739
v -0.03882417 0.20000212 0.11990146
v -0.045509532 0.09761003 0.059891343
v -0.038170755 0.09400599 0.059746906
v -0.043054104 0.09400599 0.056252897
v -0.040502384 0.09761003 0.063405976
v -0.050929368 0.16508962 0.0779666
v -0.050874338 0.14935286 0.07789095
v -0.04918924 0.1619808 0.07546303
v -0.049134225 0.14974491 0.07540113
v -0.042352557 0.09582177 0.06571697
v -0.040502384 0.09761003 0.063405976
v -0.038720995 0.0910072 0.060524106
v -0.038170755 0.09400599 0.059746906
v -0.03403023 0.0917844 0.05399005
v -0.033645064 0.09400599 0.053295374
v -0.022757262 0.0373798 0.037709936
v -0.02416037 0.035495237 0.039732054
v -0.020714521 0.031003937 0.034841835
v -0.020191789 0.034009606 0.03396833
v -0.013196915 0.031003937 0.024242908
v -0.014152944 0.03396833 0.02360326
v -0.01231654 -1.8775463E-06 -0.0027049184
v -0.010624558 -1.8775463E-06 0.006800413
v -0.0027080327 -1.8775463E-06 0.012323409
v 0.006797299 -1.8775463E-06 0.010624558
v -0.0067935437 -1.8775463E-06 -0.010621436
v 0.012320295 -1.8775463E-06 0.0027080327
v 0.0027049184 -1.8775463E-06 -0.012320295
v 0.010621436 -1.8775463E-06 -0.006797299
v -0.016993538 0.004001096 -0.0042662024
v -0.010624558 -1.8775463E-06 0.006800413
v -0.01231654 -1.8775463E-06 -0.0027049184
v -0.0161957 0.004001096 0.0065184236
v 0.054096982 0.16203581 -0.07204844
v 0.055788957 0.14934601 -0.07444197
v 0.05584398 0.16508274 -0.07451762
v 0.054069467 0.14978619 -0.07199341
v 0.04726717 0.09582177 -0.062274866
v 0.045767777 0.09759627 -0.060128942
v 0.043635614 0.0910072 -0.05708889
v 0.04305099 0.09400599 -0.05625666
v 0.039701425 0.0910072 -0.0514696
v 0.038477145 0.09400599 -0.04972948
v 0.02907499 0.03550212 -0.03628996
v 0.027616858 0.037366048 -0.034205936
v 0.02522333 0.034009606 -0.030546866
v 0.025663517 0.031003937 -0.031379096
v 0.018290356 0.031003937 -0.020745784
v 0.018290356 0.033920184 -0.020745784
v -0.054120734 0.16204958 0.07205844
v -0.05579208 0.14934601 0.074445084
v -0.05584711 0.16507588 0.07452074
v -0.05407259 0.14979993 0.07199654
v -0.047270298 0.09582177 0.062277988
v -0.045509532 0.09761003 0.059891343
v -0.04363185 0.0910072 0.057085127
v -0.043054104 0.09400599 0.056252897
v -0.039697662 0.0910072 0.05146584
v -0.038480267 0.09400599 0.049725726
v -0.029071227 0.03550212 0.036293074
v -0.027613103 0.037366048 0.034209058
v -0.024923831 0.034009606 0.030474335
v -0.02565977 0.031003937 0.031382218
v -0.0182866 0.031003937 0.020748913
v -0.017364949 0.033920184 0.021340415
v 0.045767777 0.09759627 -0.060128942
v 0.040884428 0.09760316 -0.06360919
v 0.038174517 0.09400599 -0.059743777
v 0.04305099 0.09400599 -0.05625666
v 0.064413905 0.14926346 0.06709255
v 0.065005414 0.13876082 0.06098494
v 0.06539058 0.12389757 0.055798963
v 0.065363064 0.14985497 0.06438951
v 0.06746084 0.15279184 0.07037334
v 0.06926286 0.15421559 0.07568312
v 0.07177332 0.15638213 0.07580005
v 0.076766714 0.15886508 0.08155689
v 0.07600326 0.15916084 0.07877819
v 0.08120299 0.16198768 0.0808347
v 0.08638209 0.16292997 0.08315258
v 0.08774392 0.16469072 0.08128865
v 0.09393408 0.1653166 0.08182514
v 0.09576362 0.16753818 0.07908082
v 0.10224953 0.1670086 0.07611643
v 0.102703474 0.16845296 0.07323457
v 0.10688527 0.16713925 0.068392485
v 0.10605992 0.1681297 0.0668931
v 0.1072498 0.1662245 0.05985695
v 0.10967772 0.16469072 0.056768745
v 0.10588109 0.16387911 0.053040892
v 0.10407907 0.16012375 0.046768203
v 0.10346004 0.16229029 0.04835701
v 0.10003483 0.15984176 0.04454662
v 0.09599747 0.15678106 0.041623488
v 0.09860422 0.15628584 0.041073263
v 0.08935337 0.15272994 0.039298743
v 0.08517845 0.14935286 0.03740731
v 0.082936235 0.14964862 0.03938128
v 0.07739261 0.12987451 0.040908188
v -0.033899546 0.03400272 -0.020078622
v -0.03037116 0.03400272 -0.024927579
v -0.034291595 0.037400424 -0.027658127
v -0.037648037 0.037366048 -0.022699125
v 0.03389643 0.03400272 0.020074874
v 0.030374922 0.03400272 0.0249307
v 0.034288473 0.037400424 0.027661249
v 0.037644915 0.037366048 0.022695363
v -0.06361918 0.097623795 -0.040891312
v -0.05969876 0.09400599 -0.038140126
v -0.056301042 0.09400599 -0.043085374
v -0.06013207 0.09759627 -0.045767777
v 0.072103456 0.1850013 -0.058959693
v 0.07506786 0.1850013 -0.054901697
v 0.0924003 0.1850013 -0.07966233
v 0.06501917 0.1850013 -0.06649793
v 0.08404359 0.1850013 -0.0884386
v 0.07084479 0.18498068 -0.08810158
v 0.059310466 0.1850013 -0.07162888
v 0.07485464 0.1850013 -0.09633449
v 0.058581404 0.18498756 -0.096733406
v 0.06492288 0.1850013 -0.1032881
v 0.05435834 0.1850013 -0.109223776
v 0.029336348 0.1850013 -0.08839733
v 0.04325045 0.1850013 -0.11407273
v 0.025918007 0.1850013 -0.089318976
v 0.04024478 0.1850013 -0.08383725
v 0.04702644 0.1850013 -0.0802332
v -0.06414878 0.12836136 -0.05910413
v -0.065008536 0.1389878 -0.06105747
v -0.06542809 0.12395947 -0.055720173
v -0.064245075 0.14932536 -0.06726826
v -0.065407455 0.14951105 -0.06464088
v -0.067181975 0.15235166 -0.06977183
v -0.071336254 0.15553616 -0.077461384
v -0.070290804 0.1556737 -0.07420811
v -0.07473396 0.1585143 -0.078073524
v -0.08085534 0.16095598 -0.083170086
v -0.08157064 0.1618845 -0.08101041
v -0.088709965 0.16496582 -0.08118236
v -0.09255473 0.16497271 -0.08243415
v -0.09605561 0.16724242 -0.07896078
v -0.09951523 0.16660278 -0.079139605
v -0.10268596 0.1684048 -0.07327959
v -0.1061662 0.16686414 -0.07013637
v -0.106145576 0.16823284 -0.066566706
v -0.10984591 0.1653166 -0.059021592
v -0.107259795 0.16624512 -0.06062416
v -0.105987385 0.16358335 -0.052508175
v -0.10556783 0.16092847 -0.047906823
v -0.1014892 0.16018565 -0.04591909
v -0.09987976 0.1570218 -0.041799195
v -0.09797457 0.15778525 -0.04287216
v -0.09344888 0.15497215 -0.040471755
v -0.085326 0.14935286 -0.037053414
v -0.08830416 0.15226914 -0.0392406
v -0.083076924 0.14941476 -0.03937128
v -0.07961042 0.13358171 -0.03899987
v -0.07761583 0.13263945 -0.04087755
v -0.07286316 0.12034856 -0.04378005
v -0.027613103 0.037366048 0.034209058
v -0.038480267 0.09400599 0.049725726
v -0.033645064 0.09400599 0.053295374
v -0.022757262 0.0373798 0.037709936
v 0.09931264 0.20000212 -0.077378854
v 0.03882104 0.20000212 -0.11989148
v 0.0443578 0.20000212 -0.12117766
v 0.09887245 0.19999523 -0.08290185
v 0.057474054 0.20000212 -0.11548959
v 0.06865073 0.20000212 -0.1092169
v 0.07914649 0.20000212 -0.10186437
v 0.08886503 0.20000212 -0.09350765
v -0.09931576 0.20000212 0.07738197
v -0.03882417 0.20000212 0.11990146
v -0.044347167 0.19999523 0.1211739
v -0.0988687 0.19999523 0.082904965
v -0.057477176 0.20000212 0.11548583
v -0.06865385 0.20000212 0.10921314
v -0.079149604 0.20000212 0.10186748
v -0.088868156 0.20000212 0.09351078
v -0.013533935 0.30500782 -0.042920306
v 0.0009854287 0.30500782 -0.04499057
v 0.0034890026 0.3100012 -0.03984586
v -0.01690413 0.3100012 -0.03625557
v -0.026608929 0.30500782 -0.03628996
v -0.032764688 0.3100012 -0.022939853
v -0.036863953 0.30500782 -0.025807954
v -0.043205425 0.30500782 -0.012595408
v -0.039848983 0.3100012 -0.0034890026
v -0.044959307 0.30500782 0.0019652098
v -0.036251813 0.3100012 0.01690413
v -0.041939884 0.30500782 0.016312629
v 0.03625557 0.3100012 -0.016907886
v 0.042665824 0.3100012 -0.02606932
v 0.041936755 0.30500782 -0.016309507
v 0.04676508 0.30500782 -0.023201212
v 0.047411606 0.30500782 -0.024501145
v 0.04765922 0.30500782 -0.025897369
v 0.04750102 0.30500782 -0.027348623
v 0.046937026 0.30500782 -0.028676063
v 0.034006476 0.3100012 -0.03664761
v 0.031502903 0.30500782 -0.04508686
v 0.02280917 0.3100012 -0.04449536
v 0.010889679 0.30500782 -0.053911276
v 0.009899251 0.3100012 -0.049007297
v 0.009459063 0.30500782 -0.05398693
v 0.008035332 0.30500782 -0.053643033
v 0.006804168 0.30500782 -0.052934602
v 0.0058068633 0.30500782 -0.051875398
v 0.0009854287 0.30500782 -0.04499057
v 0.0034890026 0.3100012 -0.03984586
v -0.009902373 0.3100012 0.04901041
v -0.0034852475 0.3100012 0.039848983
v -0.0009816736 0.30500782 0.044986814
v -0.005803108 0.30500782 0.051878527
v -0.0067935437 0.30500782 0.052923977
v -0.008059084 0.30500782 0.053659916
v -0.00943467 0.30500782 0.05399005
v -0.010892794 0.30500782 0.053907514
v -0.022805408 0.3100012 0.044491604
v -0.03159544 0.30500782 0.045021206
v -0.034009606 0.3100012 0.036650732
v -0.04693328 0.30500782 0.028672308
v -0.04266894 0.3100012 0.026065558
v -0.047504142 0.30500782 0.027337983
v -0.047662333 0.30500782 0.025928006
v -0.04740785 0.30500782 0.024483636
v -0.04676132 0.30500782 0.023197457
v -0.041939884 0.30500782 0.016312629
v -0.036251813 0.3100012 0.01690413
v 0.041936755 0.30500782 -0.016309507
v 0.044956177 0.30500782 -0.0019620955
v 0.03625557 0.3100012 -0.016907886
v 0.03984586 0.3100012 0.0034852475
v 0.043202303 0.30500782 0.01259166
v 0.032768443 0.3100012 0.022942975
v 0.03686083 0.30500782 0.025811076
v 0.0266058 0.30500782 0.036293074
v 0.016907886 0.3100012 0.036251813
v 0.013530813 0.30500782 0.04291655
v -0.0034852475 0.3100012 0.039848983
v -0.0009816736 0.30500782 0.044986814
v -0.036863953 0.23200522 -0.10148607
v -0.057415277 0.23200522 -0.09147178
v -0.057415277 0.2200032 -0.09147178
v -0.029511422 0.2200032 -0.103886485
v -0.014173582 0.23200522 -0.107057214
v 0.00074470043 0.2200032 -0.107999496
v 0.008936338 0.23200522 -0.107607454
v 0.030945785 0.2200032 -0.103473805
v 0.030945785 0.23200522 -0.103473805
v 0.07582443 0.2200032 0.10436419
v 0.04847081 0.2200032 0.11955069
v 0.057412155 0.2200032 0.09147489
v 0.029515177 0.2200032 0.1038896
v 0.018269718 0.2200032 0.12770109
v -0.0007478148 0.2200032 0.10799575
v -0.013011202 0.2200032 0.12834074
v -0.030942038 0.2200032 0.10347004
v -0.043521807 0.2200032 0.12143527
v -0.06681056 0.21962492 0.05440961
v -0.06356417 0.28048104 0.049773872
v -0.028280258 0.21962492 0.081391826
v -0.025033876 0.28048104 0.076756075
v 0.08665033 0.23200522 -0.064468935
v 0.09923011 0.23200522 -0.08243415
v 0.08665033 0.2200032 -0.064468935
v 0.09922323 0.2200032 -0.08243415
v -0.12891848 0.2200032 -0.004658252
v -0.12400074 0.2200032 -0.035554014
v -0.105595335 0.2200032 -0.022664733
v -0.10772063 0.2200032 0.007797718
v -0.12624295 0.2200032 0.026512638
v -0.101227835 0.2200032 0.037634283
v -0.11615299 0.2200032 0.056122214
v -0.08664657 0.2200032 0.06446518
v -0.099226356 0.2200032 0.08243039
v 0.028277144 0.21962492 -0.081395574
v 0.06356792 0.28048104 -0.049777627
v 0.025030747 0.28048104 -0.07675983
v 0.06681431 0.21962492 -0.054413363
v 0.09922323 0.2200032 -0.08243415
v 0.11614987 0.2200032 -0.0561191
v 0.08665033 0.2200032 -0.064468935
v 0.10123159 0.2200032 -0.03763804
v 0.1262467 0.2200032 -0.026509508
v 0.1077175 0.2200032 -0.0077946037
v 0.12891535 0.2200032 0.0046613812
v 0.10559221 0.2200032 0.022667855
v 0.1240045 0.2200032 0.035557136
v -0.028280258 0.21962492 0.081391826
v -0.04970509 0.20198296 0.11199184
v -0.06681056 0.21962492 0.05440961
v -0.08825602 0.2019761 0.08503713
v 0.072791256 0.27101701 -0.065617554
v 0.0618897 0.2718286 -0.05111883
v 0.06556941 0.21962492 -0.055286862
v 0.07279813 0.23200522 -0.065617554
v 0.08318384 0.20196234 -0.08306004
v 0.08328013 0.23199837 -0.080639005
v 0.065142974 0.27500618 -0.07321769
v 0.059668124 0.27496493 -0.053519234
v 0.07024641 0.27489614 -0.06834122
v 0.0523431 0.27500618 -0.06030777
v 0.05859516 0.27500618 -0.07861
v 0.043752536 0.27500618 -0.06673178
v 0.04945436 0.27500618 -0.084655724
v 0.029989757 0.2749787 -0.07453826
v 0.04040297 0.27493054 -0.08929834
v 0.07685612 0.23000376 -0.10976713
v 0.05143521 0.23000376 -0.123736255
v 0.05143521 0.21500294 -0.123736255
v 0.07685612 0.20500238 -0.10976713
v 0.046579376 0.20500238 -0.12564145
v 0.016715303 0.21500294 -0.1329527
v 0.01326257 0.20500238 -0.13334475
v -0.019208252 0.21500294 -0.13261569
v -0.020913973 0.20500238 -0.1323612
v -0.053749323 0.21500294 -0.12274583
v -0.053728685 0.20500238 -0.12275958
v -0.08146748 0.20478918 -0.10611494
v -0.084425 0.21500294 -0.10405843
v 0.09867987 0.21500294 -0.0906533
v 0.09867987 0.23000376 -0.0906533
v 0.10213948 0.20500238 -0.08673975
v 0.11921744 0.21500294 -0.06118127
v 0.12076498 0.20500238 -0.058072433
v 0.13118508 0.21500294 -0.027307354
v 0.13152897 0.20500238 -0.025615372
v 0.13372992 0.21500294 0.008519903
v 0.13372992 0.20500238 0.008499265
v 0.12758103 0.20478918 0.040261656
v 0.12665938 0.21500294 0.043741897
v -0.08304253 0.20000212 -0.10516578
v -0.07894327 0.20000212 -0.106816486
v -0.07852371 0.20345487 -0.10666517
v -0.09285736 0.20000212 -0.09660961
v -0.09465939 0.23000376 -0.09484197
v -0.084425 0.23001064 -0.10406531
v -0.10179183 0.20000212 -0.087145545
v -0.10004483 0.2513873 -0.08914703
v -0.09465939 0.2513873 -0.09484197
v -0.094246715 0.25473 -0.09444305
v -0.10508637 0.2513873 -0.08314258
v -0.106049284 0.2563876 -0.079696715
v -0.10976337 0.20000212 -0.07685612
v -0.09296054 0.25778383 -0.09326692
v -0.10976337 0.2513873 -0.07685612
v -0.11406897 0.2513873 -0.07030831
v -0.11670323 0.20000212 -0.06584452
v -0.117989406 0.2513873 -0.063519776
v -0.122542605 0.20000212 -0.054213904
v -0.12098132 0.25472313 -0.056263536
v -0.12149717 0.2513873 -0.05651114
v -0.12149717 0.23000376 -0.05651114
v -0.12417267 0.23001064 -0.050417274
v -0.12666251 0.21500294 -0.04374566
v -0.12666251 0.23000376 -0.04374566
v -0.12722649 0.20000212 -0.04206744
v -0.12758414 0.20478918 -0.040258534
v -0.12737782 0.200009 -0.037651792
v -0.12708895 0.20345487 -0.037307896
v -0.13372616 0.21500294 -0.008523658
v -0.13373305 0.20500238 -0.008503035
v -0.13152523 0.20500238 0.025618494
v -0.1311882 0.21500294 0.027310476
v -0.12076123 0.20500238 0.058068678
v -0.11922057 0.21500294 0.061177522
v -0.10213573 0.20500238 0.08674286
v -0.098683 0.21500294 0.090649545
v -0.07685925 0.20500238 0.10976337
v -0.07685925 0.23000376 0.10976337
v -0.098683 0.23001064 0.090649545
v -0.051431462 0.21500294 0.12373249
v -0.051431462 0.23000376 0.12373249
v -0.04657562 0.20500238 0.12564458
v -0.016711548 0.21500294 0.13295583
v -0.013265699 0.20500238 0.133341
v 0.019205123 0.21500294 0.1326188
v 0.020910852 0.20500238 0.13235746
v 0.0537462 0.21500294 0.122748956
v 0.05372557 0.20500238 0.12275584
v 0.081471235 0.20478918 0.10611805
v 0.08442187 0.21500294 0.10406156
v 0.08304629 0.20000212 0.105162024
v 0.07894702 0.20000212 0.106819615
v 0.07852059 0.20345487 0.10666829
v 0.09285425 0.20000212 0.09661272
v 0.089814186 0.23002438 0.099467084
v 0.08442187 0.23000376 0.10406156
v 0.09466314 0.23000376 0.0948451
v 0.10178871 0.20000212 0.08714867
v 0.1000417 0.2513873 0.089150146
v 0.09466314 0.2513873 0.0948451
v 0.09425047 0.25472313 0.09444617
v 0.10508324 0.2513873 0.08314569
v 0.111163355 0.2563876 0.07239546
v 0.10976713 0.20000212 0.07685925
v 0.10976713 0.2513873 0.07685925
v 0.11407273 0.2513873 0.07031144
v 0.11670698 0.20000212 0.06584765
v 0.10324683 0.25778383 0.081728846
v 0.09295054 0.25779068 0.09327005
v 0.08704238 0.28140956 0.0704765
v 0.076388426 0.28143018 0.08188015
v 0.112112515 0.25778383 0.069066525
v 0.089160785 0.28366554 0.06242931
v 0.07379544 0.2841195 0.07941097
v 0.08554298 0.28501362 0.059898213
v 0.0709067 0.28500676 0.07650848
v 0.09599747 0.28140956 0.057683513
v 0.11943753 0.25778383 0.05545506
v 0.103061125 0.28143018 0.04377629
v 0.120985076 0.25473 0.05625978
v 0.09998669 0.28406447 0.04224938
v 0.09614879 0.28500676 0.040467992
v 0.117986284 0.2513873 0.06352289
v 0.12150092 0.2513873 0.056514263
v 0.12150092 0.23000376 0.056514263
v 0.12254637 0.20000212 0.054217026
v 0.12416269 0.23001064 0.05044791
v 0.12665938 0.23000376 0.043741897
v 0.12722337 0.20000212 0.042070568
v 0.1273747 0.200009 0.037648037
v 0.12709269 0.20345487 0.037304133
v 0.09084588 0.28500676 0.036753908
v 0.08609322 0.28500676 0.046981424
v 0.08027447 0.28500676 0.056211635
v 0.07359597 0.28500676 0.06483659
v 0.06561067 0.28500676 0.07279438
v 0.028277144 0.21962492 -0.081395574
v 0.049818896 0.2019761 -0.11215378
v 0.06681431 0.21962492 -0.054413363
v 0.088349186 0.2019761 -0.085171565
v -0.07483025 0.23500402 0.06328216
v -0.07278749 0.27101701 0.065620676
v -0.07280126 0.23200522 0.06561379
v -0.08160503 0.2920016 0.05426517
v -0.071776435 0.27355492 0.066728026
v -0.09143363 0.23500402 0.035261393
v -0.07424563 0.2920016 0.06396997
v -0.07024953 0.27489614 0.06834434
v -0.08819412 0.2920016 0.042730838
v -0.09316 0.2920016 0.030412436
v -0.09642014 0.2920016 0.017536908
v -0.065737605 0.2920016 0.07268433
v -0.06513922 0.27500618 0.073213935
v -0.05859828 0.27500618 0.07860625
v -0.056211635 0.2920016 0.08027759
v -0.049450606 0.27500618 0.084658846
v -0.045819044 0.2920016 0.08663282
v -0.040406093 0.27493054 0.08930147
v -0.034718037 0.2920016 0.09164685
v -0.03815013 0.27355492 0.09027125
v -0.09794018 0.23500402 0.00334768
v -0.097905785 0.2920016 0.004241824
v -0.09757565 0.2920016 -0.009135798
v -0.09362769 0.23500402 -0.02893743
v -0.095415965 0.2920016 -0.022341467
v -0.09362769 0.2770077 -0.02893743
v -0.091818795 0.2920016 -0.034247205
v -0.090849 0.28500676 -0.036757663
v -0.08674975 0.2920016 -0.045595832
v -0.08609633 0.28500676 -0.046978295
v -0.023080528 0.2920016 0.09524402
v -0.08027759 0.2920016 -0.056208514
v -0.08027759 0.28500676 -0.056208514
v -0.073592216 0.28500676 -0.06483346
v -0.07251239 0.2920016 -0.06592018
v -0.06560692 0.28500676 -0.07279813
v -0.063584805 0.2920016 -0.074572645
v -0.059217304 0.2770077 -0.07808728
v -0.053632393 0.2920016 -0.08202147
v -0.059217304 0.23500402 -0.07808728
v -0.041960508 0.2920016 -0.0885624
v -0.03677453 0.2711889 0.09083524
v -0.030350536 0.23500402 -0.09317751
v -0.029504538 0.2920016 -0.093452625
v -0.016498327 0.2920016 -0.09660273
v -0.036760777 0.23200522 0.09085588
v -0.033872038 0.23500402 0.09196323
v 0.0018589199 0.23500402 -0.09798519
v -0.0018620491 0.23500402 0.09798144
v -0.0032857805 0.2920016 -0.09794393
v 0.009988666 0.2920016 -0.09748998
v -0.009991795 0.2920016 0.09748623
v 0.0032826662 0.2920016 0.097947046
v 0.016495213 0.2920016 0.09659897
v 0.02308429 0.2920016 -0.09524089
v 0.030354284 0.23500402 0.09318063
v 0.029501416 0.2920016 0.09345575
v 0.041957393 0.2920016 0.08856553
v 0.059214175 0.23500402 0.07808353
v 0.05362928 0.2920016 0.08202459
v 0.059214175 0.2770077 0.07808353
v 0.063581675 0.2920016 0.07457577
v 0.06561067 0.28500676 0.07279438
v 0.072516136 0.2920016 0.0659233
v 0.07359597 0.28500676 0.06483659
v 0.033868916 0.23500402 -0.09196011
v 0.08027447 0.2920016 0.056211635
v 0.08027447 0.28500676 0.056211635
v 0.08609322 0.28500676 0.046981424
v 0.08674662 0.2920016 0.04559207
v 0.09084588 0.28500676 0.036753908
v 0.09182255 0.2920016 0.03424345
v 0.093631454 0.2770077 0.028940544
v 0.09541972 0.2920016 0.02234459
v 0.093631454 0.23500402 0.028940544
v 0.09757252 0.2920016 0.009138927
v 0.036757663 0.23200522 -0.09085276
v 0.036778294 0.2711889 -0.090839006
v 0.038153887 0.27355492 -0.090268135
v 0.034721784 0.2920016 -0.09164372
v 0.04040297 0.27493054 -0.08929834
v 0.045815922 0.2920016 -0.086629696
v 0.04945436 0.27500618 -0.084655724
v 0.056208514 0.2920016 -0.08027447
v 0.05859516 0.27500618 -0.07861
v 0.065734476 0.2920016 -0.0726812
v 0.065142974 0.27500618 -0.07321769
v 0.0742425 0.2920016 -0.06396684
v 0.07024641 0.27489614 -0.06834122
v 0.08160192 0.2920016 -0.05426205
v 0.07177332 0.27355492 -0.066724904
v 0.072791256 0.27101701 -0.065617554
v 0.074827135 0.23500402 -0.06327905
v 0.07279813 0.23200522 -0.065617554
v 0.091437384 0.23500402 -0.03526514
v 0.08819099 0.2920016 -0.0427346
v 0.09316375 0.2920016 -0.030416183
v 0.096417025 0.2920016 -0.017540656
v 0.09794393 0.23500402 -0.0033445656
v 0.09790954 0.2920016 -0.004238695
v -0.07278749 0.27101701 0.065620676
v -0.061892822 0.2718286 0.05112195
v -0.065565646 0.21962492 0.055283114
v -0.07280126 0.23200522 0.06561379
v -0.08293936 0.2019761 0.0829256
v -0.08344832 0.23182641 0.08087598
v -0.06513922 0.27500618 0.073213935
v -0.05966437 0.27496493 0.05352235
v -0.07024953 0.27489614 0.06834434
v -0.05234623 0.27500618 0.060310885
v -0.05859828 0.27500618 0.07860625
v -0.043755665 0.27500618 0.066734895
v -0.049450606 0.27500618 0.084658846
v -0.029992878 0.2749787 0.074541375
v -0.040406093 0.27493054 0.08930147
v 0.030945785 0.2200032 -0.103473805
v 0.04352556 0.2200032 -0.12143902
v 0.04352556 0.23200522 -0.12143902
v 0.030945785 0.23200522 -0.103473805
v 0.013008088 0.2200032 -0.12834448
v 0.04352556 0.2200032 -0.12143902
v 0.030945785 0.2200032 -0.103473805
v 0.00074470043 0.2200032 -0.107999496
v -0.018265963 0.2200032 -0.12769796
v -0.029511422 0.2200032 -0.103886485
v -0.048467055 0.2200032 -0.11954758
v -0.057415277 0.2200032 -0.09147178
v -0.07582067 0.2200032 -0.10436106
v -0.036760777 0.23200522 0.09085588
v -0.02687028 0.2718286 0.075641856
v -0.03677453 0.2711889 0.09083524
v -0.029525176 0.21962492 0.08052519
v -0.04663752 0.23200522 0.10495569
v -0.04908608 0.20198296 0.10630377
v -0.048714668 0.23214968 0.10677834
v 0.11881164 0.25211638 0.046568736
v 0.093631454 0.23500402 0.028940544
v 0.118832275 0.23500402 0.046582505
v 0.10152735 0.27695268 0.03446354
v 0.093631454 0.2770077 0.028940544
v 0.036757663 0.23200522 -0.09085276
v 0.026867166 0.2718286 -0.07564561
v 0.036778294 0.2711889 -0.090839006
v 0.029522054 0.21962492 -0.080522075
v 0.0466344 0.23200522 -0.10495944
v 0.049089827 0.20198984 -0.106300645
v 0.048718423 0.23214968 -0.1067821
v 0.057412155 0.2200032 0.09147489
v 0.057412155 0.23200522 0.09147489
v 0.07582443 0.23200522 0.10436419
v 0.07582443 0.2200032 0.10436419
v 0.036867708 0.23200522 0.1014892
v 0.057412155 0.23200522 0.09147489
v 0.057412155 0.2200032 0.09147489
v 0.029515177 0.2200032 0.1038896
v 0.014177337 0.23200522 0.10705346
v -0.0007478148 0.2200032 0.10799575
v -0.0089325905 0.23200522 0.10761058
v -0.030942038 0.2200032 0.10347004
v -0.030942038 0.23200522 0.10347004
v -0.057415277 0.23200522 -0.09147178
v -0.07582067 0.23200522 -0.10436106
v -0.057415277 0.2200032 -0.09147178
v -0.07582067 0.2200032 -0.10436106
v 0.10559221 0.23200522 0.022667855
v 0.107978866 0.23200522 0.00039704144
v 0.10559221 0.2200032 0.022667855
v 0.1077175 0.2200032 -0.0077946037
v 0.10559909 0.23200522 -0.022589073
v 0.10123159 0.2200032 -0.03763804
v 0.09825344 0.23200522 -0.04477047
v 0.08665033 0.2200032 -0.064468935
v 0.08665033 0.23200522 -0.064468935
v 0.10559221 0.23200522 0.022667855
v 0.10559221 0.2200032 0.022667855
v 0.1240045 0.23200522 0.035557136
v 0.1240045 0.2200032 0.035557136
v -0.099226356 0.23200522 0.08243039
v -0.099226356 0.2200032 0.08243039
v -0.08664657 0.2200032 0.06446518
v -0.08664657 0.23200522 0.06446518
v -0.105595335 0.23200522 -0.022664733
v -0.10798198 0.23200522 -0.00040079653
v -0.105595335 0.2200032 -0.022664733
v -0.10772063 0.2200032 0.007797718
v -0.10560222 0.23200522 0.022592202
v -0.101227835 0.2200032 0.037634283
v -0.09825656 0.23200522 0.044766724
v -0.08664657 0.2200032 0.06446518
v -0.08664657 0.23200522 0.06446518
v -0.105595335 0.23200522 -0.022664733
v -0.105595335 0.2200032 -0.022664733
v -0.12400763 0.23200522 -0.0355609
v -0.12400074 0.2200032 -0.035554014
v -0.04352869 0.23200522 0.12143527
v -0.030942038 0.23200522 0.10347004
v -0.030942038 0.2200032 0.10347004
v -0.043521807 0.2200032 0.12143527
v -0.07090981 0.28500676 -0.07650535
v -0.06560692 0.28500676 -0.07279813
v -0.073592216 0.28500676 -0.06483346
v -0.08553922 0.28501362 -0.05989509
v -0.08027759 0.28500676 -0.056208514
v -0.08609633 0.28500676 -0.046978295
v -0.07381232 0.28412634 -0.07940097
v -0.096145034 0.28500676 -0.040464878
v -0.090849 0.28500676 -0.036757663
v -0.09998293 0.28406447 -0.042287536
v -0.08915703 0.28366554 -0.06242618
v -0.103064254 0.28143018 -0.043773174
v -0.08703862 0.28140956 -0.070480265
v -0.07638466 0.28143018 -0.08187703
v -0.0960006 0.28140956 -0.057687268
v -0.119433776 0.25778383 -0.055458814
v -0.11211564 0.25778383 -0.06907028
v -0.10324995 0.25778383 -0.08173259
v -0.098683 0.21500294 0.090649545
v -0.099226356 0.2200032 0.08243039
v -0.099226356 0.23200522 0.08243039
v -0.098683 0.23001064 0.090649545
v -0.098683 0.21500294 0.090649545
v -0.11922057 0.21500294 0.061177522
v -0.099226356 0.2200032 0.08243039
v -0.11615299 0.2200032 0.056122214
v -0.1311882 0.21500294 0.027310476
v -0.12624295 0.2200032 0.026512638
v -0.12891848 0.2200032 -0.004658252
v -0.13372616 0.21500294 -0.008523658
v -0.12400074 0.2200032 -0.035554014
v -0.12666251 0.21500294 -0.04374566
v 0.09867987 0.23000376 -0.0906533
v 0.09721486 0.23500402 -0.084793285
v 0.08228971 0.23500402 -0.09934703
v 0.07685612 0.23000376 -0.10976713
v 0.06521175 0.23500402 -0.111300915
v 0.05143521 0.23000376 -0.123736255
v 0.046428062 0.23500402 -0.1203523
v 0.016715303 0.21500294 -0.1329527
v 0.05143521 0.21500294 -0.123736255
v 0.04352556 0.2200032 -0.12143902
v 0.013008088 0.2200032 -0.12834448
v -0.019208252 0.21500294 -0.13261569
v -0.018265963 0.2200032 -0.12769796
v -0.048467055 0.2200032 -0.11954758
v -0.053749323 0.21500294 -0.12274583
v -0.07582067 0.2200032 -0.10436106
v -0.084425 0.21500294 -0.10405843
v 0.04352556 0.23200522 -0.12143902
v 0.04352556 0.2200032 -0.12143902
v 0.05143521 0.21500294 -0.123736255
v 0.05143521 0.23000376 -0.123736255
v -0.06520799 0.23500402 0.11130403
v -0.046431184 0.23500402 0.12035541
v -0.051431462 0.23000376 0.12373249
v -0.07685925 0.23000376 0.10976337
v -0.082285956 0.23500402 0.09934327
v -0.098683 0.23001064 0.090649545
v -0.09721799 0.23500402 0.0847964
v -0.11881475 0.25211638 -0.0465725
v -0.09362769 0.23500402 -0.02893743
v -0.118835405 0.23500402 -0.046586253
v -0.10153046 0.27695954 -0.034467302
v -0.09362769 0.2770077 -0.02893743
v -0.059217304 0.23500402 -0.07808728
v -0.08439748 0.25211638 -0.09571548
v -0.08441812 0.23500402 -0.09573611
v -0.06709255 0.2769664 -0.0836034
v -0.059217304 0.2770077 -0.07808728
v 0.059214175 0.23500402 0.07808353
v 0.084394366 0.25212324 0.09571859
v 0.08442187 0.23500402 0.095732346
v 0.06708943 0.2769733 0.08359964
v 0.059214175 0.2770077 0.07808353
v 0.082599215 0.23206027 -0.0856943
v 0.08318384 0.20196234 -0.08306004
v 0.073031984 0.20196922 -0.09395471
v 0.073031984 0.23200522 -0.09395471
v 0.063306555 0.20196922 -0.10076389
v 0.063306555 0.23200522 -0.10076389
v 0.049089827 0.20198984 -0.106300645
v 0.051785983 0.23201211 -0.10718102
v -0.090849 0.28500676 -0.036757663
v -0.09362769 0.2770077 -0.02893743
v -0.096145034 0.28500676 -0.040464878
v -0.10153046 0.27695954 -0.034467302
v -0.09998293 0.28406447 -0.042287536
v -0.103064254 0.28143018 -0.043773174
v -0.11881475 0.25211638 -0.0465725
v -0.119433776 0.25778383 -0.055458814
v -0.12098132 0.25472313 -0.056263536
v -0.12149717 0.2513873 -0.05651114
v -0.11942001 0.23500402 -0.048773445
v -0.12149717 0.23000376 -0.05651114
v -0.118835405 0.23500402 -0.046586253
v 0.12416269 0.23001064 0.05044791
v 0.12150092 0.23000376 0.056514263
v 0.11942378 0.23500402 0.048776567
v 0.12317226 0.23500402 0.03865221
v 0.12665938 0.23000376 0.043741897
v 0.11942378 0.23500402 0.048776567
v 0.12150092 0.23000376 0.056514263
v 0.12150092 0.2513873 0.056514263
v 0.11881164 0.25211638 0.046568736
v 0.118832275 0.23500402 0.046582505
v 0.120985076 0.25473 0.05625978
v 0.11943753 0.25778383 0.05545506
v 0.103061125 0.28143018 0.04377629
v 0.10152735 0.27695268 0.03446354
v 0.09998669 0.28406447 0.04224938
v 0.09614879 0.28500676 0.040467992
v 0.093631454 0.2770077 0.028940544
v 0.09084588 0.28500676 0.036753908
v -0.063309684 0.23200522 0.10076013
v -0.04908608 0.20198296 0.10630377
v -0.051789105 0.23201211 0.10717727
v -0.063309684 0.20196922 0.10076013
v -0.073035106 0.23200522 0.09395096
v -0.073035106 0.20196922 0.09395096
v -0.08203147 0.23200522 0.08621326
v -0.08293936 0.2019761 0.0829256
v -0.083510235 0.23205338 0.08390227
v 0.13372992 0.21500294 0.008519903
v 0.12665938 0.21500294 0.043741897
v 0.1240045 0.2200032 0.035557136
v 0.12891535 0.2200032 0.0046613812
v 0.13118508 0.21500294 -0.027307354
v 0.1262467 0.2200032 -0.026509508
v 0.11614987 0.2200032 -0.0561191
v 0.11921744 0.21500294 -0.06118127
v 0.09922323 0.2200032 -0.08243415
v 0.09867987 0.21500294 -0.0906533
v 0.1240045 0.2200032 0.035557136
v 0.12665938 0.21500294 0.043741897
v 0.12665938 0.23000376 0.043741897
v 0.1240045 0.23200522 0.035557136
v 0.08442187 0.23000376 0.10406156
v 0.08442187 0.21500294 0.10406156
v 0.07582443 0.2200032 0.10436419
v 0.07582443 0.23200522 0.10436419
v 0.08442187 0.21500294 0.10406156
v 0.0537462 0.21500294 0.122748956
v 0.07582443 0.2200032 0.10436419
v 0.04847081 0.2200032 0.11955069
v 0.019205123 0.21500294 0.1326188
v 0.018269718 0.2200032 0.12770109
v -0.013011202 0.2200032 0.12834074
v -0.016711548 0.21500294 0.13295583
v -0.043521807 0.2200032 0.12143527
v -0.051431462 0.21500294 0.12373249
v -0.084425 0.21500294 -0.10405843
v -0.07582067 0.2200032 -0.10436106
v -0.084425 0.23001064 -0.10406531
v -0.07582067 0.23200522 -0.10436106
v 0.06708943 0.2769733 0.08359964
v 0.059214175 0.2770077 0.07808353
v 0.06561067 0.28500676 0.07279438
v 0.0709067 0.28500676 0.07650848
v 0.07379544 0.2841195 0.07941097
v 0.076388426 0.28143018 0.08188015
v 0.084394366 0.25212324 0.09571859
v 0.09295054 0.25779068 0.09327005
v 0.09425047 0.25472313 0.09444617
v 0.09466314 0.2513873 0.0948451
v 0.08667784 0.23500402 0.09553976
v 0.09466314 0.23000376 0.0948451
v 0.08442187 0.23500402 0.095732346
v -0.12400074 0.2200032 -0.035554014
v -0.12666251 0.21500294 -0.04374566
v -0.12666251 0.23000376 -0.04374566
v -0.12400763 0.23200522 -0.0355609
v 0.08667784 0.23500402 0.09553976
v 0.09466314 0.23000376 0.0948451
v 0.089814186 0.23002438 0.099467084
v 0.07844493 0.23500402 0.1025209
v 0.08442187 0.23000376 0.10406156
v -0.08668096 0.23500402 -0.09553665
v -0.09465939 0.23000376 -0.09484197
v -0.084425 0.23001064 -0.10406531
v -0.07842055 0.23500402 -0.10251089
v -0.09465939 0.23000376 -0.09484197
v -0.08668096 0.23500402 -0.09553665
v -0.09465939 0.2513873 -0.09484197
v -0.08439748 0.25211638 -0.09571548
v -0.08441812 0.23500402 -0.09573611
v -0.094246715 0.25473 -0.09444305
v -0.09296054 0.25778383 -0.09326692
v -0.07638466 0.28143018 -0.08187703
v -0.06709255 0.2769664 -0.0836034
v -0.07381232 0.28412634 -0.07940097
v -0.07090981 0.28500676 -0.07650535
v -0.06560692 0.28500676 -0.07279813
v -0.059217304 0.2770077 -0.07808728
v -0.04352869 0.23200522 0.12143527
v -0.043521807 0.2200032 0.12143527
v -0.051431462 0.21500294 0.12373249
v -0.051431462 0.23000376 0.12373249
v 0.09867987 0.21500294 -0.0906533
v 0.09922323 0.2200032 -0.08243415
v 0.09923011 0.23200522 -0.08243415
v 0.09867987 0.23000376 -0.0906533
v -0.038803533 0.2970019 0.073372126
v -0.019552141 0.2970019 0.08066276
v -0.029401377 0.2970019 0.07761583
v -0.047607318 0.2970019 0.06798668
v -0.05567515 0.2970019 0.061555803
v -0.06287637 0.2970019 0.054175764
v -0.06911467 0.2970019 0.04595661
v -0.0746927 0.2970019 0.036189914
v -0.078902006 0.2970019 0.025756061
v -0.08166006 0.2970019 0.014854506
v -0.0829256 0.2970019 0.0035884082
v -0.08263673 0.2970019 -0.0077395737
v -0.08081406 0.2970019 -0.018923126
v -0.07776713 0.2970019 -0.029006205
v -0.07346842 0.2970019 -0.038614705
v -0.06798668 0.2970019 -0.04760419
v -0.06141825 0.2970019 -0.055830225
v -0.0538525 0.2970019 -0.06315524
v -0.045420125 0.2970019 -0.069469206
v -0.035536513 0.2970019 -0.075005956
v -0.02498573 0.2970019 -0.07914649
v -0.01397413 0.2970019 -0.08181513
v -0.002783686 0.2970019 -0.082956865
v 0.0084617585 0.2970019 -0.08256483
v 0.01954902 0.2970019 -0.08066651
v 0.029405124 0.2970019 -0.07761958
v 0.038807288 0.2970019 -0.073369004
v 0.04760419 0.2970019 -0.067990445
v 0.055672027 0.2970019 -0.061559558
v -0.008464888 0.2970019 0.082567945
v 0.0027805716 0.2970019 0.08295311
v 0.013971001 0.2970019 0.08181825
v 0.06288013 0.2970019 -0.054179512
v 0.06911155 0.2970019 -0.04596036
v 0.07469645 0.2970019 -0.03619367
v 0.07889888 0.2970019 -0.025759809
v 0.08165693 0.2970019 -0.014851376
v 0.08292248 0.2970019 -0.0035921633
v 0.082640484 0.2970019 0.0077358186
v 0.08081095 0.2970019 0.018926248
v 0.07777089 0.2970019 0.029002443
v 0.07347217 0.2970019 0.038617834
v 0.067990445 0.2970019 0.047607318
v 0.06141512 0.2970019 0.05583334
v 0.05384937 0.2970019 0.06315836
v 0.04542388 0.2970019 0.06946544
v 0.035533383 0.2970019 0.07500908
v 0.024989478 0.2970019 0.079149604
v 0.10991157 0.20000212 -0.067536496
v 0.12899789 0.20000212 -0.0007378161
v 0.124032006 0.20000212 -0.03544397
v 0.08766827 0.20000212 -0.094635636
v 0.05894594 0.20000212 -0.11474677
v 0.025869861 0.20000212 -0.12637739
v -0.009111404 0.20000212 -0.12867463
v -0.043425515 0.20000212 -0.12147341
v -0.07452762 0.20000212 -0.105289586
v -0.12443404 0.20000212 -0.034027115
v -0.07894327 0.20000212 -0.106816486
v -0.08304253 0.20000212 -0.10516578
v -0.09285736 0.20000212 -0.09660961
v -0.10179183 0.20000212 -0.087145545
v -0.10976337 0.20000212 -0.07685612
v -0.11670323 0.20000212 -0.06584452
v -0.122542605 0.20000212 -0.054213904
v -0.129001 0.20000212 0.00074094534
v -0.124035135 0.20000212 0.03544709
v -0.109907806 0.20000212 0.06753275
v -0.12737782 0.200009 -0.037651792
v -0.12722649 0.20000212 -0.04206744
v -0.087664515 0.20000212 0.09463875
v -0.058942184 0.20000212 0.11474301
v -0.025872976 0.20000212 0.12638052
v 0.009115167 0.20000212 0.12867774
v 0.04342927 0.20000212 0.12146966
v 0.07453138 0.20000212 0.10529271
v 0.124430925 0.20000212 0.03402336
v 0.07894702 0.20000212 0.106819615
v 0.08304629 0.20000212 0.105162024
v 0.09285425 0.20000212 0.09661272
v 0.10178871 0.20000212 0.08714867
v 0.10976713 0.20000212 0.07685925
v 0.11670698 0.20000212 0.06584765
v 0.12254637 0.20000212 0.054217026
v 0.1273747 0.200009 0.037648037
v 0.12722337 0.20000212 0.042070568
v -0.12666251 0.23000376 -0.04374566
v -0.12417267 0.23001064 -0.050417274
v -0.12316851 0.23500402 -0.038649097
v -0.11942001 0.23500402 -0.048773445
v -0.12149717 0.23000376 -0.05651114
v -0.063309684 0.23200522 0.10076013
v -0.051789105 0.23201211 0.10717727
v -0.053309143 0.23500402 0.10982528
v -0.073035106 0.23200522 0.09395096
v -0.08463821 0.2350109 0.087919
v -0.08203147 0.23200522 0.08621326
v -0.08647463 0.23499714 0.084067345
v -0.083510235 0.23205338 0.08390227
v -0.08344832 0.23182641 0.08087598
v -0.08602756 0.23500402 0.079307795
v -0.07280126 0.23200522 0.06561379
v -0.07483025 0.23500402 0.06328216
v 0.053306013 0.2350109 -0.10982903
v 0.063306555 0.23200522 -0.10076389
v 0.051785983 0.23201211 -0.10718102
v 0.073031984 0.23200522 -0.09395471
v 0.084731385 0.23500402 -0.087895244
v 0.082599215 0.23206027 -0.0856943
v 0.08643711 0.23499714 -0.08413988
v 0.08355525 0.23200522 -0.08308755
v 0.08605195 0.23500402 -0.079359695
v 0.08328013 0.23199837 -0.080639005
v 0.07279813 0.23200522 -0.065617554
v 0.074827135 0.23500402 -0.06327905
v -0.07024953 0.27489614 0.06834434
v -0.05966437 0.27496493 0.05352235
v -0.061892822 0.2718286 0.05112195
v -0.071776435 0.27355492 0.066728026
v 0.07024641 0.27489614 -0.06834122
v 0.059668124 0.27496493 -0.053519234
v 0.0618897 0.2718286 -0.05111883
v 0.07177332 0.27355492 -0.066724904
v 0.057412155 0.23200522 0.09147489
v 0.036867708 0.23200522 0.1014892
v 0.05748781 0.23500402 0.08786397
v 0.029274449 0.23500402 0.100835785
v 0.014177337 0.23200522 0.10705346
v -0.0015043914 0.23500402 0.10499008
v -0.0089325905 0.23200522 0.10761058
v -0.03214568 0.23500402 0.09995541
v -0.030942038 0.23200522 0.10347004
v 0.057412155 0.23200522 0.09147489
v 0.05748781 0.23500402 0.08786397
v 0.07582443 0.23200522 0.10436419
v 0.07844493 0.23500402 0.1025209
v -0.10798198 0.23200522 -0.00040079653
v -0.105595335 0.23200522 -0.022664733
v -0.10222514 0.23500402 -0.023971543
v -0.104769975 0.23500402 0.006979242
v -0.10560222 0.23200522 0.022592202
v -0.09814651 0.23500402 0.0373179
v -0.09825656 0.23200522 0.044766724
v -0.08293249 0.23500402 0.0643964
v -0.08664657 0.23200522 0.06446518
v -0.10222514 0.23500402 -0.023971543
v -0.105595335 0.23200522 -0.022664733
v -0.12316851 0.23500402 -0.038649097
v -0.12400763 0.23200522 -0.0355609
v -0.057415277 0.23200522 -0.09147178
v -0.036863953 0.23200522 -0.10148607
v -0.05749093 0.23500402 -0.08786085
v -0.029270694 0.23500402 -0.10083955
v -0.014173582 0.23200522 -0.107057214
v 0.0015012771 0.23500402 -0.10498695
v 0.008936338 0.23200522 -0.107607454
v 0.032149434 0.23500402 -0.099959165
v 0.030945785 0.23200522 -0.103473805
v -0.057415277 0.23200522 -0.09147178
v -0.05749093 0.23500402 -0.08786085
v -0.07842055 0.23500402 -0.10251089
v -0.07582067 0.23200522 -0.10436106
v 0.107978866 0.23200522 0.00039704144
v 0.10559221 0.23200522 0.022667855
v 0.102228895 0.23500402 0.023967788
v 0.10476686 0.23500402 -0.006982997
v 0.10559909 0.23200522 -0.022589073
v 0.09814339 0.23500402 -0.03732165
v 0.09825344 0.23200522 -0.04477047
v 0.082936235 0.23500402 -0.064393274
v 0.08665033 0.23200522 -0.064468935
v 0.102228895 0.23500402 0.023967788
v 0.10559221 0.23200522 0.022667855
v 0.12317226 0.23500402 0.03865221
v 0.1240045 0.23200522 0.035557136
v 0.08665033 0.23200522 -0.064468935
v 0.082936235 0.23500402 -0.064393274
v 0.09721486 0.23500402 -0.084793285
v 0.09923011 0.23200522 -0.08243415
v -0.09721799 0.23500402 0.0847964
v -0.08664657 0.23200522 0.06446518
v -0.08293249 0.23500402 0.0643964
v -0.099226356 0.23200522 0.08243039
v -0.03214568 0.23500402 0.09995541
v -0.030942038 0.23200522 0.10347004
v -0.046431184 0.23500402 0.12035541
v -0.04352869 0.23200522 0.12143527
v 0.032149434 0.23500402 -0.099959165
v 0.030945785 0.23200522 -0.103473805
v 0.046428062 0.23500402 -0.1203523
v 0.04352556 0.23200522 -0.12143902
v 0.033868916 0.23500402 -0.09196011
v 0.04508686 0.23500402 -0.107923836
v 0.036757663 0.23200522 -0.09085276
v 0.0466344 0.23200522 -0.10495944
v 0.048718423 0.23214968 -0.1067821
v 0.048759684 0.23500402 -0.10984279
v 0.053306013 0.2350109 -0.10982903
v 0.051785983 0.23201211 -0.10718102
v -0.033872038 0.23500402 0.09196323
v -0.045083106 0.23500402 0.107926965
v -0.036760777 0.23200522 0.09085588
v -0.04663752 0.23200522 0.10495569
v -0.048714668 0.23214968 0.10677834
v -0.04875593 0.23500402 0.10983904
v -0.053309143 0.23500402 0.10982528
v -0.051789105 0.23201211 0.10717727
v -0.03677453 0.2711889 0.09083524
v -0.02687028 0.2718286 0.075641856
v -0.03815013 0.27355492 0.09027125
v -0.029992878 0.2749787 0.074541375
v -0.040406093 0.27493054 0.08930147
v 0.036778294 0.2711889 -0.090839006
v 0.026867166 0.2718286 -0.07564561
v 0.038153887 0.27355492 -0.090268135
v 0.029989757 0.2749787 -0.07453826
v 0.04040297 0.27493054 -0.08929834
v -0.08668096 0.23500402 -0.09553665
v -0.07842055 0.23500402 -0.10251089
v -0.08441812 0.23500402 -0.09573611
v -0.059217304 0.23500402 -0.07808728
v -0.05749093 0.23500402 -0.08786085
v -0.030350536 0.23500402 -0.09317751
v -0.029270694 0.23500402 -0.10083955
v 0.0018589199 0.23500402 -0.09798519
v 0.0015012771 0.23500402 -0.10498695
v 0.033868916 0.23500402 -0.09196011
v 0.032149434 0.23500402 -0.099959165
v 0.04508686 0.23500402 -0.107923836
v 0.046428062 0.23500402 -0.1203523
v 0.048759684 0.23500402 -0.10984279
v 0.053306013 0.2350109 -0.10982903
v 0.06521175 0.23500402 -0.111300915
v 0.084731385 0.23500402 -0.087895244
v 0.08228971 0.23500402 -0.09934703
v 0.09721486 0.23500402 -0.084793285
v 0.08643711 0.23499714 -0.08413988
v 0.08605195 0.23500402 -0.079359695
v 0.082936235 0.23500402 -0.064393274
v 0.074827135 0.23500402 -0.06327905
v 0.09814339 0.23500402 -0.03732165
v 0.091437384 0.23500402 -0.03526514
v 0.10476686 0.23500402 -0.006982997
v 0.09794393 0.23500402 -0.0033445656
v 0.102228895 0.23500402 0.023967788
v 0.093631454 0.23500402 0.028940544
v 0.12317226 0.23500402 0.03865221
v 0.118832275 0.23500402 0.046582505
v 0.11942378 0.23500402 0.048776567
v 0.08667784 0.23500402 0.09553976
v 0.07844493 0.23500402 0.1025209
v 0.08442187 0.23500402 0.095732346
v 0.059214175 0.23500402 0.07808353
v 0.05748781 0.23500402 0.08786397
v 0.030354284 0.23500402 0.09318063
v 0.029274449 0.23500402 0.100835785
v -0.0018620491 0.23500402 0.09798144
v -0.0015043914 0.23500402 0.10499008
v -0.033872038 0.23500402 0.09196323
v -0.03214568 0.23500402 0.09995541
v -0.045083106 0.23500402 0.107926965
v -0.046431184 0.23500402 0.12035541
v -0.04875593 0.23500402 0.10983904
v -0.053309143 0.23500402 0.10982528
v -0.06520799 0.23500402 0.11130403
v -0.082285956 0.23500402 0.09934327
v -0.08463821 0.2350109 0.087919
v -0.09721799 0.23500402 0.0847964
v -0.08647463 0.23499714 0.084067345
v -0.08602756 0.23500402 0.079307795
v -0.08293249 0.23500402 0.0643964
v -0.07483025 0.23500402 0.06328216
v -0.09814651 0.23500402 0.0373179
v -0.09143363 0.23500402 0.035261393
v -0.104769975 0.23500402 0.006979242
v -0.09794018 0.23500402 0.00334768
v -0.10222514 0.23500402 -0.023971543
v -0.09362769 0.23500402 -0.02893743
v -0.12316851 0.23500402 -0.038649097
v -0.118835405 0.23500402 -0.046586253
v -0.11942001 0.23500402 -0.048773445
v 0.081471235 0.20478918 0.10611805
v 0.07852059 0.20345487 0.10666829
v 0.05372557 0.20500238 0.12275584
v 0.07453138 0.20000212 0.10529271
v 0.04342927 0.20000212 0.12146966
v 0.020910852 0.20500238 0.13235746
v 0.009115167 0.20000212 0.12867774
v -0.013265699 0.20500238 0.133341
v -0.025872976 0.20000212 0.12638052
v -0.04657562 0.20500238 0.12564458
v -0.058942184 0.20000212 0.11474301
v -0.07685925 0.20500238 0.10976337
v -0.087664515 0.20000212 0.09463875
v -0.10213573 0.20500238 0.08674286
v -0.109907806 0.20000212 0.06753275
v -0.12076123 0.20500238 0.058068678
v -0.124035135 0.20000212 0.03544709
v -0.13152523 0.20500238 0.025618494
v -0.129001 0.20000212 0.00074094534
v -0.13373305 0.20500238 -0.008503035
v -0.12443404 0.20000212 -0.034027115
v -0.12708895 0.20345487 -0.037307896
v -0.12758414 0.20478918 -0.040258534
v 0.12709269 0.20345487 0.037304133
v 0.12758103 0.20478918 0.040261656
v 0.13372992 0.20500238 0.008499265
v 0.124430925 0.20000212 0.03402336
v 0.12899789 0.20000212 -0.0007378161
v 0.13152897 0.20500238 -0.025615372
v 0.124032006 0.20000212 -0.03544397
v 0.12076498 0.20500238 -0.058072433
v 0.10991157 0.20000212 -0.067536496
v 0.10213948 0.20500238 -0.08673975
v 0.08766827 0.20000212 -0.094635636
v 0.07685612 0.20500238 -0.10976713
v 0.05894594 0.20000212 -0.11474677
v 0.046579376 0.20500238 -0.12564145
v 0.025869861 0.20000212 -0.12637739
v 0.01326257 0.20500238 -0.13334475
v -0.009111404 0.20000212 -0.12867463
v -0.020913973 0.20500238 -0.1323612
v -0.043425515 0.20000212 -0.12147341
v -0.053728685 0.20500238 -0.12275958
v -0.07452762 0.20000212 -0.105289586
v -0.07852371 0.20345487 -0.10666517
v -0.08146748 0.20478918 -0.10611494
v 0.06141512 0.2970019 0.05583334
v 0.0636367 0.30000758 0.057848588
v 0.055795833 0.30000758 0.06544185
v 0.07044587 0.30000758 0.049326807
v 0.05384937 0.2970019 0.06315836
v 0.067990445 0.2970019 0.047607318
v 0.07347217 0.2970019 0.038617834
v 0.07612707 0.30000758 0.04001406
v 0.047060832 0.30000758 0.0719759
v 0.04542388 0.2970019 0.06946544
v 0.07777089 0.2970019 0.029002443
v 0.0805771 0.30000758 0.030047894
v 0.035533383 0.2970019 0.07500908
v 0.036819562 0.30000758 0.07771899
v 0.025890492 0.30000758 0.082010835
v 0.024989478 0.2970019 0.079149604
v 0.014479972 0.30000758 0.084775776
v 0.013971001 0.2970019 0.08181825
v 0.0028837472 0.30000758 0.085951895
v 0.0027805716 0.2970019 0.08295311
v -0.008767515 0.30000758 0.085552976
v -0.008464888 0.2970019 0.082567945
v -0.020253688 0.30000758 0.083579004
v -0.019552141 0.2970019 0.08066276
v -0.03046745 0.30000758 0.08042203
v -0.029401377 0.2970019 0.07761583
v -0.04020664 0.30000758 0.07602014
v -0.038803533 0.2970019 0.073372126
v -0.049326807 0.30000758 0.070448995
v -0.047607318 0.2970019 0.06798668
v -0.05567515 0.2970019 0.061555803
v -0.057683513 0.30000758 0.06378426
v -0.06515297 0.30000758 0.056135982
v -0.06287637 0.2970019 0.054175764
v -0.071611375 0.30000758 0.04762107
v -0.06911467 0.2970019 0.04595661
v -0.07739572 0.30000758 0.037496716
v -0.0746927 0.2970019 0.036189914
v -0.08175635 0.30000758 0.026691452
v -0.078902006 0.2970019 0.025756061
v -0.0846107 0.30000758 0.015390977
v -0.08166006 0.2970019 0.014854506
v -0.08591752 0.30000758 0.0037190914
v -0.0829256 0.2970019 0.0035884082
v -0.08562864 0.30000758 -0.008014694
v -0.08263673 0.2970019 -0.0077395737
v -0.08081406 0.2970019 -0.018923126
v -0.083737195 0.30000758 -0.019604042
v -0.07776713 0.2970019 -0.029006205
v -0.08058022 0.30000758 -0.030051656
v -0.07612331 0.30000758 -0.04001093
v -0.07346842 0.2970019 -0.038614705
v -0.070448995 0.30000758 -0.049330555
v -0.06798668 0.2970019 -0.04760419
v -0.06141825 0.2970019 -0.055830225
v -0.06363295 0.30000758 -0.057852343
v -0.055798963 0.30000758 -0.065438725
v -0.0538525 0.2970019 -0.06315524
v -0.04706396 0.30000758 -0.07197966
v -0.045420125 0.2970019 -0.069469206
v -0.036822677 0.30000758 -0.07771587
v -0.035536513 0.2970019 -0.075005956
v -0.025886744 0.30000758 -0.08200771
v -0.02498573 0.2970019 -0.07914649
v -0.01397413 0.2970019 -0.08181513
v -0.01447621 0.30000758 -0.08477265
v -0.002783686 0.2970019 -0.082956865
v -0.0028799772 0.30000758 -0.08594878
v 0.0087712705 0.30000758 -0.08554986
v 0.0084617585 0.2970019 -0.08256483
v 0.01954902 0.2970019 -0.08066651
v 0.02025745 0.30000758 -0.08358276
v 0.029405124 0.2970019 -0.07761958
v 0.030464329 0.30000758 -0.08041891
v 0.04021039 0.30000758 -0.07602389
v 0.038807288 0.2970019 -0.073369004
v 0.049330555 0.30000758 -0.07044587
v 0.04760419 0.2970019 -0.067990445
v 0.057687268 0.30000758 -0.063781135
v 0.055672027 0.2970019 -0.061559558
v 0.06514985 0.30000758 -0.056132853
v 0.06288013 0.2970019 -0.054179512
v 0.06911155 0.2970019 -0.04596036
v 0.07161513 0.30000758 -0.04761795
v 0.07469645 0.2970019 -0.03619367
v 0.07739261 0.30000758 -0.03750048
v 0.081753224 0.30000758 -0.026688337
v 0.07889888 0.2970019 -0.025759809
v 0.08165693 0.2970019 -0.014851376
v 0.084614456 0.30000758 -0.0153878555
v 0.08292248 0.2970019 -0.0035921633
v 0.08592127 0.30000758 -0.0037228465
v 0.085625514 0.30000758 0.008017808
v 0.082640484 0.2970019 0.0077358186
v 0.08373408 0.30000758 0.019607171
v 0.08081095 0.2970019 0.018926248
v -0.051624045 0.30000758 0.0737229
v -0.060365915 0.30000758 0.066748664
v -0.057683513 0.30000758 0.06378426
v -0.068179265 0.30000758 0.0587496
v -0.049326807 0.30000758 0.070448995
v -0.06515297 0.30000758 0.056135982
v -0.042077437 0.30000758 0.07955541
v -0.074940294 0.30000758 0.04983577
v -0.04020664 0.30000758 0.07602014
v -0.071611375 0.30000758 0.04762107
v -0.08099289 0.30000758 0.039243728
v -0.07739572 0.30000758 0.037496716
v -0.085552976 0.30000758 0.027929485
v -0.08175635 0.30000758 0.026691452
v -0.08854489 0.30000758 0.016106293
v -0.0846107 0.30000758 0.015390977
v -0.08991361 0.30000758 0.0038910508
v -0.08591752 0.30000758 0.0037190914
v -0.031884313 0.30000758 0.084163636
v -0.03046745 0.30000758 0.08042203
v -0.020253688 0.30000758 0.083579004
v -0.021195978 0.30000758 0.08746505
v -0.08961098 0.30000758 -0.008392975
v -0.08562864 0.30000758 -0.008014694
v -0.008767515 0.30000758 0.085552976
v -0.009173319 0.30000758 0.08952844
v -0.083737195 0.30000758 -0.019604042
v -0.08763012 0.30000758 -0.02051881
v -0.08432871 0.30000758 -0.03144788
v -0.08058022 0.30000758 -0.030051656
v -0.07966545 0.30000758 -0.041874856
v -0.07612331 0.30000758 -0.04001093
v 0.0030144155 0.30000758 0.089948
v 0.0028837472 0.30000758 0.085951895
v 0.014479972 0.30000758 0.084775776
v 0.015147127 0.30000758 0.088716835
v -0.0737229 0.30000758 -0.051620916
v -0.070448995 0.30000758 -0.049330555
v -0.06363295 0.30000758 -0.057852343
v -0.06659734 0.30000758 -0.060541622
v -0.055798963 0.30000758 -0.065438725
v -0.058391944 0.30000758 -0.068485655
v 0.025890492 0.30000758 0.082010835
v 0.027094133 0.30000758 0.085828096
v 0.038532168 0.30000758 0.0813368
v 0.036819562 0.30000758 0.07771899
v -0.04706396 0.30000758 -0.07197966
v -0.04925114 0.30000758 -0.07532922
v 0.0492549 0.30000758 0.07532546
v 0.047060832 0.30000758 0.0719759
v -0.038535297 0.30000758 -0.081333674
v -0.036822677 0.30000758 -0.07771587
v -0.025886744 0.30000758 -0.08200771
v -0.027097255 0.30000758 -0.08582498
v -0.01447621 0.30000758 -0.08477265
v -0.015150249 0.30000758 -0.08871372
v -0.0028799772 0.30000758 -0.08594878
v -0.0030175447 0.30000758 -0.08995175
v 0.0087712705 0.30000758 -0.08554986
v 0.009177066 0.30000758 -0.0895322
v 0.02025745 0.30000758 -0.08358276
v 0.021199733 0.30000758 -0.0874688
v 0.030464329 0.30000758 -0.08041891
v 0.03188119 0.30000758 -0.08416051
v 0.04021039 0.30000758 -0.07602389
v 0.042081192 0.30000758 -0.07955916
v 0.051620916 0.30000758 -0.073726654
v 0.049330555 0.30000758 -0.07044587
v 0.06036967 0.30000758 -0.06675241
v 0.057687268 0.30000758 -0.063781135
v 0.06818303 0.30000758 -0.058746472
v 0.06514985 0.30000758 -0.056132853
v 0.07161513 0.30000758 -0.04761795
v 0.07494406 0.30000758 -0.04983265
v 0.07739261 0.30000758 -0.03750048
v 0.080996655 0.30000758 -0.0392406
v 0.08555674 0.30000758 -0.027933247
v 0.081753224 0.30000758 -0.026688337
v 0.084614456 0.30000758 -0.0153878555
v 0.088548645 0.30000758 -0.016103163
v 0.08592127 0.30000758 -0.0037228465
v 0.08991736 0.30000758 -0.003894806
v 0.08960785 0.30000758 0.00838922
v 0.085625514 0.30000758 0.008017808
v 0.087627 0.30000758 0.020521939
v 0.08373408 0.30000758 0.019607171
v 0.0805771 0.30000758 0.030047894
v 0.08432558 0.30000758 0.031451
v 0.07966921 0.30000758 0.0418711
v 0.07612707 0.30000758 0.04001406
v 0.073726654 0.30000758 0.051624045
v 0.07044587 0.30000758 0.049326807
v 0.0636367 0.30000758 0.057848588
v 0.06659422 0.30000758 0.06053786
v 0.055795833 0.30000758 0.06544185
v 0.0583957 0.30000758 0.06848191
v -0.051624045 0.30000758 0.0737229
v -0.045819044 0.2920016 0.08663282
v -0.056211635 0.2920016 0.08027759
v -0.065737605 0.2920016 0.07268433
v -0.042077437 0.30000758 0.07955541
v -0.060365915 0.30000758 0.066748664
v -0.034718037 0.2920016 0.09164685
v -0.031884313 0.30000758 0.084163636
v -0.023080528 0.2920016 0.09524402
v -0.021195978 0.30000758 0.08746505
v -0.07424563 0.2920016 0.06396997
v -0.068179265 0.30000758 0.0587496
v -0.009991795 0.2920016 0.09748623
v -0.009173319 0.30000758 0.08952844
v -0.074940294 0.30000758 0.04983577
v -0.08160503 0.2920016 0.05426517
v -0.08819412 0.2920016 0.042730838
v -0.08099289 0.30000758 0.039243728
v -0.09316 0.2920016 0.030412436
v -0.085552976 0.30000758 0.027929485
v -0.09642014 0.2920016 0.017536908
v -0.08854489 0.30000758 0.016106293
v -0.097905785 0.2920016 0.004241824
v -0.08991361 0.30000758 0.0038910508
v 0.0030144155 0.30000758 0.089948
v 0.0032826662 0.2920016 0.097947046
v 0.016495213 0.2920016 0.09659897
v 0.015147127 0.30000758 0.088716835
v -0.09757565 0.2920016 -0.009135798
v -0.08961098 0.30000758 -0.008392975
v -0.08763012 0.30000758 -0.02051881
v -0.095415965 0.2920016 -0.022341467
v 0.029501416 0.2920016 0.09345575
v 0.027094133 0.30000758 0.085828096
v 0.038532168 0.30000758 0.0813368
v 0.041957393 0.2920016 0.08856553
v 0.0492549 0.30000758 0.07532546
v 0.05362928 0.2920016 0.08202459
v 0.0583957 0.30000758 0.06848191
v 0.063581675 0.2920016 0.07457577
v 0.06659422 0.30000758 0.06053786
v 0.072516136 0.2920016 0.0659233
v -0.08432871 0.30000758 -0.03144788
v -0.091818795 0.2920016 -0.034247205
v 0.073726654 0.30000758 0.051624045
v 0.08027447 0.2920016 0.056211635
v -0.08674975 0.2920016 -0.045595832
v -0.07966545 0.30000758 -0.041874856
v 0.08674662 0.2920016 0.04559207
v 0.07966921 0.30000758 0.0418711
v -0.0737229 0.30000758 -0.051620916
v -0.08027759 0.2920016 -0.056208514
v -0.07251239 0.2920016 -0.06592018
v -0.06659734 0.30000758 -0.060541622
v -0.063584805 0.2920016 -0.074572645
v -0.058391944 0.30000758 -0.068485655
v -0.053632393 0.2920016 -0.08202147
v -0.04925114 0.30000758 -0.07532922
v -0.041960508 0.2920016 -0.0885624
v -0.038535297 0.30000758 -0.081333674
v 0.08432558 0.30000758 0.031451
v 0.09182255 0.2920016 0.03424345
v 0.09541972 0.2920016 0.02234459
v 0.087627 0.30000758 0.020521939
v -0.029504538 0.2920016 -0.093452625
v -0.027097255 0.30000758 -0.08582498
v -0.015150249 0.30000758 -0.08871372
v -0.016498327 0.2920016 -0.09660273
v 0.09757252 0.2920016 0.009138927
v 0.08960785 0.30000758 0.00838922
v 0.08991736 0.30000758 -0.003894806
v 0.09790954 0.2920016 -0.004238695
v 0.088548645 0.30000758 -0.016103163
v 0.096417025 0.2920016 -0.017540656
v 0.08555674 0.30000758 -0.027933247
v 0.09316375 0.2920016 -0.030416183
v 0.080996655 0.30000758 -0.0392406
v 0.08819099 0.2920016 -0.0427346
v 0.07494406 0.30000758 -0.04983265
v 0.08160192 0.2920016 -0.05426205
v 0.06818303 0.30000758 -0.058746472
v 0.0742425 0.2920016 -0.06396684
v 0.065734476 0.2920016 -0.0726812
v 0.06036967 0.30000758 -0.06675241
v 0.056208514 0.2920016 -0.08027447
v 0.051620916 0.30000758 -0.073726654
v 0.045815922 0.2920016 -0.086629696
v 0.042081192 0.30000758 -0.07955916
v 0.034721784 0.2920016 -0.09164372
v 0.03188119 0.30000758 -0.08416051
v 0.021199733 0.30000758 -0.0874688
v 0.02308429 0.2920016 -0.09524089
v 0.009177066 0.30000758 -0.0895322
v 0.009988666 0.2920016 -0.09748998
v -0.0030175447 0.30000758 -0.08995175
v -0.0032857805 0.2920016 -0.09794393
v 0.022822924 0.004001096 0.0095516
v 0.022589073 0.007013634 0.015803665
v 0.025608495 0.0070273876 0.010143101
v 0.027224816 0.007034272 0.004310593
v 0.024611197 0.004001096 -3.6269426E-05
v 0.027486175 0.006979242 -0.002044633
v 0.017052323 0.004001096 0.017763868
v 0.018290356 0.00699988 0.020590708
v 0.013365738 0.0069861263 0.02410534
v 0.02219703 0.0039942116 -0.011378013
v 0.007051781 0.004001096 0.023809597
v 0.0074850917 0.0070067495 0.026526392
v 0.00095790625 0.007034272 0.027564958
v 0.026282534 0.0070067495 -0.008310452
v 0.023668915 0.007034272 -0.014129192
v 0.019604042 0.0070273876 -0.019404583
v -0.00423494 0.004001096 0.024242908
v -0.005362928 0.007020518 0.027035356
v -0.012949303 0.0070273876 0.024483636
v -0.013121262 0.004001096 0.020941496
v -0.019607171 0.0070273876 0.019400835
v 0.013118133 0.004001096 -0.020945244
v 0.014363043 0.0070411414 -0.023517601
v 0.0067010075 0.0070067495 -0.026853405
v 0.004238695 0.004001096 -0.024239786
v -0.0011948794 0.0070273876 -0.027541205
v -0.022193283 0.0039942116 0.01137425
v -0.007054895 0.004001096 -0.023806475
v -0.007488206 0.0070067495 -0.026530147
v -0.01336199 0.0069861263 -0.024102226
v -0.02367203 0.007034272 0.014132321
v -0.026285663 0.0070067495 0.008306682
v -0.027489305 0.006979242 0.0020477474
v -0.024607435 0.004001096 3.938377E-05
v -0.027221054 0.007034272 -0.0043074787
v -0.017048568 0.004001096 -0.017760754
v -0.0182866 0.00699988 -0.02059447
v -0.022592202 0.007013634 -0.015807413
v -0.022826046 0.004001096 -0.009555355
v -0.02560474 0.0070273876 -0.010139979
v 0.08191142 0.17500763 0.049787626
v 0.08261298 0.17500077 0.039388165
v 0.077062465 0.17500763 0.041190177
v 0.07314203 0.17500763 0.043569952
v 0.08702862 0.17500763 0.049202994
v 0.07738572 0.17500763 0.05318533
v 0.0901237 0.17500763 0.03947757
v 0.06898775 0.17500763 0.047717363
v 0.09135485 0.17500763 0.05044791
v 0.09674029 0.17500077 0.042063683
v 0.10086018 0.17500763 0.045378864
v 0.09468378 0.17500763 0.05335729
v 0.10429916 0.17500763 0.049711972
v 0.07484089 0.17500077 0.058797747
v 0.09682283 0.17500763 0.05752532
v 0.10672708 0.17500763 0.056349188
v 0.10696781 0.17500763 0.062264234
v 0.096891604 0.17500763 0.062498078
v 0.10514515 0.17500763 0.06919032
v 0.09429173 0.17500763 0.067842245
v 0.09893435 0.17500763 0.07714124
v 0.08869996 0.17500763 0.07104738
v 0.09004116 0.17500763 0.08098602
v 0.084332466 0.17500763 0.07113679
v 0.08191142 0.17500763 0.08094475
v 0.06604398 0.17500763 0.053529233
v 0.06503292 0.17500763 0.058543265
v 0.06521175 0.17500763 0.06345412
v 0.080405146 0.17500763 0.06980246
v 0.075996384 0.17500763 0.0787438
v 0.07114055 0.17500077 0.075215414
v 0.076292135 0.17500763 0.065840766
v 0.066944994 0.17500763 0.06933476
v -0.085236594 0.18500818 -0.049048558
v -0.08917767 0.17500077 -0.04959192
v -0.08441123 0.17500763 -0.0492549
v -0.08073154 0.17500763 -0.05049981
v -0.09101407 0.1850013 -0.05030723
v -0.08044267 0.1850013 -0.050685517
v -0.09336634 0.17500763 -0.051957935
v -0.07739572 0.17500763 -0.053182214
v -0.095732346 0.1850013 -0.054626584
v -0.07711373 0.1850013 -0.05356738
v -0.09631698 0.17500763 -0.055988416
v -0.07483713 0.17500077 -0.058794618
v -0.09714234 0.1850013 -0.060837373
v -0.07471332 0.1850013 -0.05964061
v -0.09710106 0.17500763 -0.06121566
v -0.07624023 0.17500763 -0.06567945
v -0.09511334 0.18500818 -0.06686934
v -0.076591015 0.1850013 -0.066209055
v -0.09469378 0.17500763 -0.06750211
v -0.08925332 0.1850013 -0.070934206
v -0.08862054 0.17500763 -0.071133666
v -0.08352399 0.1850013 -0.07104426
v -0.0812749 0.17500077 -0.07049402
v -0.07974799 0.1850013 -0.06931101
v -0.017048568 0.004001096 -0.017760754
v -0.022826046 0.004001096 -0.009555355
v -0.011291727 0.004001096 -0.0134551525
v -0.007054895 0.004001096 -0.023806475
v -0.016993538 0.004001096 -0.0042662024
v -0.0012843013 0.004001096 -0.017547533
v -0.024607435 0.004001096 3.938377E-05
v 0.004238695 0.004001096 -0.024239786
v -0.0161957 0.004001096 0.0065184236
v 0.009218335 0.004001096 -0.014975183
v -0.022193283 0.0039942116 0.01137425
v 0.013118133 0.004001096 -0.020945244
v -0.009221464 0.004001096 0.014771968
v 0.016199455 0.004001096 -0.0067216307
v -0.013121262 0.004001096 0.020941496
v 0.02219703 0.0039942116 -0.011378013
v 0.001281172 0.004001096 0.017344326
v -0.00423494 0.004001096 0.024242908
v 0.007051781 0.004001096 0.023809597
v 0.011295475 0.004001096 0.0132519305
v 0.017052323 0.004001096 0.017763868
v 0.016990423 0.004001096 0.0040629953
v 0.024611197 0.004001096 -3.6269426E-05
v 0.022822924 0.004001096 0.0095516
v -0.07483713 0.17500077 -0.058794618
v -0.06506355 0.17500763 -0.058306284
v -0.06530428 0.17500763 -0.06447581
v -0.06605399 0.17500763 -0.053505473
v -0.068138 0.17500763 -0.049151734
v -0.07739572 0.17500763 -0.053182214
v -0.071116164 0.17500763 -0.04534822
v -0.07624023 0.17500763 -0.06567945
v -0.06792478 0.17500763 -0.07108552
v -0.071989655 0.17500763 -0.0759276
v -0.08073154 0.17500763 -0.05049981
v -0.075194776 0.17500763 -0.042184368
v -0.07951413 0.17500763 -0.04020351
v -0.08441123 0.17500763 -0.0492549
v -0.084425 0.17500763 -0.03925436
v -0.0812749 0.17500077 -0.07049402
v -0.08917767 0.17500077 -0.04959192
v -0.088985085 0.17500763 -0.039398797
v -0.09379277 0.17500763 -0.040636823
v -0.07617833 0.17500763 -0.078843854
v -0.0818045 0.17500763 -0.08089349
v -0.08792588 0.17500763 -0.081196114
v -0.08862054 0.17500763 -0.071133666
v -0.09483133 0.17500763 -0.07949038
v -0.09336634 0.17500763 -0.051957935
v -0.100732625 0.17500763 -0.044935547
v -0.105657235 0.17500763 -0.052466907
v -0.09631698 0.17500763 -0.055988416
v -0.10705346 0.17500763 -0.059730023
v -0.09710106 0.17500763 -0.06121566
v -0.10609743 0.17500077 -0.06717197
v -0.09469378 0.17500763 -0.06750211
v -0.10157861 0.17500763 -0.07450387
v -0.032764688 0.3100012 -0.022939853
v -0.019345805 0.3100012 -0.03036116
v -0.028995574 0.3100012 -0.021096557
v -0.035144463 0.3100012 -0.0077946037
v -0.01690413 0.3100012 -0.03625557
v -0.039848983 0.3100012 -0.0034890026
v -0.00677979 0.30993247 -0.03526514
v -0.035378307 0.30995995 0.0063739866
v 0.0034890026 0.3100012 -0.03984586
v -0.036251813 0.3100012 0.01690413
v 0.0077946037 0.3100012 -0.03514822
v 0.009899251 0.3100012 -0.049007297
v 0.02280917 0.3100012 -0.04449536
v 0.022231422 0.3100012 -0.028435335
v 0.034006476 0.3100012 -0.03664761
v -0.03036429 0.3100012 0.019345805
v -0.04266894 0.3100012 0.026065558
v -0.034009606 0.3100012 0.036650732
v -0.018210948 0.3100012 0.031217158
v -0.022805408 0.3100012 0.044491604
v 0.030918278 0.3100012 -0.017877676
v 0.042665824 0.3100012 -0.02606932
v 0.03625557 0.3100012 -0.016907886
v 0.035038173 0.3100012 -0.0068454444
v 0.03984586 0.3100012 0.0034852475
v 0.035388947 0.3100012 0.004599467
v -0.003492117 0.3100012 0.035522744
v -0.009902373 0.3100012 0.04901041
v -0.0034852475 0.3100012 0.039848983
v 0.008791901 0.3100012 0.034587353
v 0.016907886 0.3100012 0.036251813
v 0.020450033 0.3100012 0.029270694
v 0.032768443 0.3100012 0.022942975
v 0.031159006 0.30998057 0.018204063
v 0.084332466 0.17500763 0.07113679
v 0.08869996 0.17500763 0.07104738
v 0.082420394 0.18500818 0.070944205
v 0.080405146 0.17500763 0.06980246
v 0.089339614 0.1850013 0.07090294
v 0.07667042 0.1850013 0.06638412
v 0.09429173 0.17500763 0.067842245
v 0.076292135 0.17500763 0.065840766
v 0.094697535 0.18500818 0.06731264
v 0.074710205 0.1850013 0.059595585
v 0.096891604 0.17500763 0.062498078
v 0.07484089 0.17500077 0.058797747
v 0.096953504 0.1850013 0.062085405
v 0.07711061 0.1850013 0.053563625
v 0.09682283 0.17500763 0.05752532
v 0.07738572 0.17500763 0.05318533
v 0.09668526 0.1850013 0.05703698
v 0.081354305 0.1850013 0.050069615
v 0.09468378 0.17500763 0.05335729
v 0.08191142 0.17500763 0.049787626
v 0.09444305 0.1850013 0.053089038
v 0.08671223 0.1850013 0.04918237
v 0.09135485 0.17500763 0.05044791
v 0.08702862 0.17500763 0.049202994
v 0.09090778 0.1850013 0.050248444
v 0.035038173 0.3100012 -0.0068454444
v 0.033256784 0.30803412 -0.006494671
v 0.029350102 0.30804104 -0.016962908
v 0.030918278 0.3100012 -0.017877676
v 0.035388947 0.3100012 0.004599467
v 0.021103442 0.30804104 -0.026990965
v 0.033593804 0.30804104 0.004365623
v 0.022231422 0.3100012 -0.028435335
v 0.031159006 0.30998057 0.018204063
v 0.0073956847 0.30804104 -0.033359952
v 0.029583953 0.30802035 0.017282411
v 0.0077946037 0.3100012 -0.03514822
v 0.020450033 0.3100012 0.029270694
v -0.0064290017 0.30796534 -0.033469997
v 0.019418336 0.30803412 0.027785048
v -0.00677979 0.30993247 -0.03526514
v 0.008791901 0.3100012 0.034587353
v -0.018355384 0.30804104 -0.0288205
v 0.008344829 0.30803412 0.032833472
v -0.019345805 0.3100012 -0.03036116
v -0.003492117 0.3100012 0.035522744
v -0.027523696 0.30803412 -0.0200236
v -0.0033064187 0.30804104 0.033713847
v -0.028995574 0.3100012 -0.021096557
v -0.018210948 0.3100012 0.031217158
v -0.03335619 0.30804104 -0.0073956847
v -0.017282411 0.30803412 0.029628351
v -0.035144463 0.3100012 -0.0077946037
v -0.03036429 0.3100012 0.019345805
v -0.033583164 0.30799288 0.006050721
v -0.028816745 0.30804104 0.018362254
v -0.035378307 0.30995995 0.0063739866
v -0.04974635 0.30700243 0.025714785
v -0.05240813 0.3100012 0.027090386
v -0.052201793 0.3100012 0.023995295
v 0.049743235 0.30700243 -0.025718547
v 0.052411884 0.3100012 -0.027094133
v 0.05220554 0.3100012 -0.02399218
v -0.004695758 0.3100012 0.057263955
v -0.0075363517 0.3100012 0.058515742
v -0.0071511865 0.30700243 0.055544466
v 0.004692644 0.3100012 -0.057260834
v 0.0075332373 0.3100012 -0.058519505
v 0.007148072 0.30700243 -0.05554135
v -0.039587617 0.30699557 -0.023531355
v -0.03956011 0.3136878 -0.023510724
v -0.03759989 0.31595063 -0.026310049
v -0.03568095 0.30700243 -0.029136889
v -0.03566031 0.31368095 -0.029123135
v -0.03768243 0.2950073 -0.02638571
v -0.026058689 0.30700243 -0.037906274
v -0.044532865 0.30700243 -0.01152245
v -0.021030903 0.2950073 -0.040911943
v -0.045633346 0.2950073 -0.0057724863
v -0.013417006 0.30700243 -0.04400014
v 0.0004695803 0.2950073 -0.04599475
v 0.0004695803 0.30700243 -0.04599475
v -0.045935974 0.30700243 0.002439797
v -0.04306099 0.2950073 0.016175061
v -0.04306099 0.30700243 0.016175061
v 0.03967391 0.30699557 0.023403794
v 0.039783962 0.31368095 0.023479447
v 0.03773433 0.31595755 0.026409462
v 0.035588406 0.30700243 0.029270694
v 0.03577411 0.31368095 0.029401377
v 0.037679307 0.2950073 0.026381955
v 0.026055567 0.30700243 0.037909403
v 0.044536628 0.30700243 0.011518687
v 0.021034658 0.2950073 0.040908188
v 0.045637093 0.2950073 0.0057756007
v 0.013420768 0.30700243 0.043996394
v -0.0004658252 0.2950073 0.045997873
v -0.0004658252 0.30700243 0.045997873
v 0.04593285 0.30700243 -0.0024366677
v 0.043064743 0.2950073 -0.016171947
v 0.043064743 0.30700243 -0.016171947
v -0.04088068 0.3081373 -0.023386918
v -0.042792752 0.3100012 -0.023868375
v -0.042792752 0.3120715 -0.023861498
v -0.03956011 0.3136878 -0.023510724
v -0.039587617 0.30699557 -0.023531355
v -0.042469487 0.31435496 -0.024336077
v -0.0413415 0.31635648 -0.025938638
v -0.03759989 0.31595063 -0.026310049
v -0.03993839 0.31700295 -0.027947001
v -0.038383976 0.31619138 -0.030161701
v -0.03566031 0.31368095 -0.029123135
v -0.037434816 0.3144719 -0.03152354
v -0.03707029 0.31208527 -0.032032505
v -0.035949185 0.30811667 -0.030388676
v -0.03568095 0.30700243 -0.029136889
v -0.037063405 0.3100012 -0.032053143
v 0.040884428 0.3081373 0.023383155
v 0.0427965 0.3100012 0.023864612
v 0.0427965 0.3120715 0.023864612
v 0.039783962 0.31368095 0.023479447
v 0.03967391 0.30699557 0.023403794
v 0.04241821 0.314465 0.024401098
v 0.041345254 0.31635648 0.02593489
v 0.03773433 0.31595755 0.026409462
v 0.039935276 0.31700295 0.027950123
v 0.038373977 0.3161776 0.030178577
v 0.03577411 0.31368095 0.029401377
v 0.037431702 0.3144719 0.031519786
v 0.037074044 0.31208527 0.032035634
v 0.035946064 0.30811667 0.030384913
v 0.035588406 0.30700243 0.029270694
v 0.03706029 0.3100012 0.032049388
v -0.042792752 0.3100012 -0.023868375
v -0.04771048 0.3100012 -0.011178553
v -0.06041406 0.3100081 -0.036228053
v -0.0707929 0.3100012 -0.013221301
v -0.06080611 0.30995995 -0.03866285
v -0.048941642 0.3100012 0.0023572594
v -0.046410546 0.3100012 0.015721127
v -0.070669085 0.3100012 0.013774663
v -0.052201793 0.3100012 0.023995295
v -0.05240813 0.3100012 0.027090386
v -0.060641035 0.3100012 0.038844794
v -0.044409066 0.3100012 0.038521543
v -0.041300237 0.3100012 0.058976576
v -0.033617556 0.3100012 0.048013106
v -0.029903457 0.3100012 0.06549686
v -0.019490242 0.3100012 0.055633888
v -0.01752314 0.3100012 0.069836855
v -0.0045513213 0.3100012 0.07185897
v -0.0075363517 0.3100012 0.058515742
v 0.011034116 0.3100012 0.07115054
v -0.004695758 0.3100012 0.057263955
v 0.02611059 0.3100012 0.06709944
v 0.0011023432 0.3100012 0.048989788
v 0.014521234 0.3100012 0.04679571
v 0.039955907 0.3100012 0.059898213
v 0.026825897 0.3100012 0.04100448
v 0.04639367 0.3100012 0.05506301
v 0.052253686 0.3100012 0.049533144
v 0.03706029 0.3100012 0.032049388
v 0.0546197 0.3100012 0.044319645
v 0.057095766 0.3100081 0.043824434
v 0.007148072 0.30700243 -0.05554135
v 0.020312473 0.30700243 -0.05218491
v 0.007148072 0.2950073 -0.05554135
v 0.029191911 0.30204344 -0.047762387
v 0.029185034 0.29892772 -0.047748625
v 0.03212192 0.30700243 -0.045870945
v 0.04115267 0.29892772 -0.03800945
v 0.04165476 0.30691302 -0.037466086
v 0.049743235 0.30700243 -0.025718547
v 0.049743235 0.2950073 -0.025718547
v -0.0071511865 0.30700243 0.055544466
v -0.020308718 0.30700243 0.052188024
v -0.0071511865 0.2950073 0.055544466
v -0.029188156 0.30204344 0.047758624
v -0.029188156 0.29892772 0.04774487
v -0.032118157 0.30700243 0.045874074
v -0.0411558 0.29892772 0.038012564
v -0.04165788 0.30691302 0.03746234
v -0.04974635 0.30700243 0.025714785
v -0.04974635 0.2950073 0.025714785
v -0.04306099 0.2950073 0.016175061
v -0.04974635 0.2950073 0.025714785
v -0.04974635 0.30700243 0.025714785
v -0.04306099 0.30700243 0.016175061
v 0.043064743 0.2950073 -0.016171947
v 0.049743235 0.2950073 -0.025718547
v 0.049743235 0.30700243 -0.025718547
v 0.043064743 0.30700243 -0.016171947
v 0.026055567 0.30700243 0.037909403
v 0.035588406 0.30700243 0.029270694
v 0.035946064 0.30811667 0.030384913
v 0.03706029 0.3100012 0.032049388
v 0.026825897 0.3100012 0.04100448
v 0.013420768 0.30700243 0.043996394
v 0.014521234 0.3100012 0.04679571
v 0.0011023432 0.3100012 0.048989788
v -0.0004658252 0.30700243 0.045997873
v -0.0071511865 0.2950073 0.055544466
v -0.0004658252 0.2950073 0.045997873
v -0.0004658252 0.30700243 0.045997873
v -0.0071511865 0.30700243 0.055544466
v -0.026058689 0.30700243 -0.037906274
v -0.03568095 0.30700243 -0.029136889
v -0.035949185 0.30811667 -0.030388676
v -0.037063405 0.3100012 -0.032053143
v -0.026822135 0.3100012 -0.041008234
v -0.013417006 0.30700243 -0.04400014
v -0.0145243555 0.3100012 -0.046799473
v -0.0010985881 0.3100012 -0.04898666
v 0.0004695803 0.30700243 -0.04599475
v 0.007148072 0.2950073 -0.05554135
v 0.0004695803 0.2950073 -0.04599475
v 0.0004695803 0.30700243 -0.04599475
v 0.007148072 0.30700243 -0.05554135
v -0.058983445 0.31595063 -0.041276477
v -0.060943663 0.3136878 -0.038484022
v -0.06080611 0.30995995 -0.03866285
v -0.057511568 0.30999434 -0.04334674
v -0.057023227 0.31368095 -0.044075802
v 0.060878642 0.30998057 0.038535297
v 0.05889091 0.31595063 0.04125209
v 0.060851127 0.31368095 0.03845963
v 0.0569307 0.3136878 0.04405141
v 0.057095766 0.3100081 0.043824434
v -0.05490482 0.31214714 -0.044543505
v -0.05471912 0.3100081 -0.044364676
v -0.037063405 0.3100012 -0.032053143
v -0.03707029 0.31208527 -0.032032505
v -0.037434816 0.3144719 -0.03152354
v -0.055145547 0.31454068 -0.043869466
v -0.038383976 0.31619138 -0.030161701
v -0.056149736 0.31635648 -0.042294413
v -0.03993839 0.31700295 -0.027947001
v -0.057793558 0.31700295 -0.04044424
v -0.0413415 0.31635648 -0.025938638
v -0.05925168 0.31630832 -0.03840837
v -0.042469487 0.31435496 -0.024336077
v -0.060462207 0.31437558 -0.037005268
v -0.042792752 0.3120715 -0.023861498
v -0.06063415 0.31205773 -0.036358736
v -0.042792752 0.3100012 -0.023868375
v -0.06041406 0.3100081 -0.036228053
v -0.0010985881 0.3100012 -0.04898666
v 0.004692644 0.3100012 -0.057260834
v 0.007148072 0.30700243 -0.05554135
v 0.0004695803 0.30700243 -0.04599475
v 0.0011023432 0.3100012 0.048989788
v -0.004695758 0.3100012 0.057263955
v -0.0071511865 0.30700243 0.055544466
v -0.0004658252 0.30700243 0.045997873
v -0.052201793 0.3100012 0.023995295
v -0.046410546 0.3100012 0.015721127
v -0.04974635 0.30700243 0.025714785
v -0.04306099 0.30700243 0.016175061
v -0.04974635 0.30700243 0.025714785
v -0.04165788 0.30691302 0.03746234
v -0.05240813 0.3100012 0.027090386
v -0.044409066 0.3100012 0.038521543
v -0.033617556 0.3100012 0.048013106
v -0.032118157 0.30700243 0.045874074
v -0.019490242 0.3100012 0.055633888
v -0.020308718 0.30700243 0.052188024
v -0.0071511865 0.30700243 0.055544466
v -0.0075363517 0.3100012 0.058515742
v -0.04306099 0.30700243 0.016175061
v -0.046410546 0.3100012 0.015721127
v -0.045935974 0.30700243 0.002439797
v -0.048941642 0.3100012 0.0023572594
v -0.04771048 0.3100012 -0.011178553
v -0.044532865 0.30700243 -0.01152245
v -0.042792752 0.3100012 -0.023868375
v -0.04088068 0.3081373 -0.023386918
v -0.039587617 0.30699557 -0.023531355
v 0.05220554 0.3100012 -0.02399218
v 0.046407424 0.3100012 -0.015717998
v 0.049743235 0.30700243 -0.025718547
v 0.043064743 0.30700243 -0.016171947
v 0.049743235 0.30700243 -0.025718547
v 0.04165476 0.30691302 -0.037466086
v 0.052411884 0.3100012 -0.027094133
v 0.044405945 0.3100012 -0.038518414
v 0.03362131 0.3100012 -0.04801687
v 0.03212192 0.30700243 -0.045870945
v 0.019493997 0.3100012 -0.055630766
v 0.020312473 0.30700243 -0.05218491
v 0.007148072 0.30700243 -0.05554135
v 0.0075332373 0.3100012 -0.058519505
v 0.043064743 0.30700243 -0.016171947
v 0.046407424 0.3100012 -0.015717998
v 0.04593285 0.30700243 -0.0024366677
v 0.04894539 0.3100012 -0.0023610145
v 0.047707364 0.3100012 0.011181667
v 0.044536628 0.30700243 0.011518687
v 0.0427965 0.3100012 0.023864612
v 0.040884428 0.3081373 0.023383155
v 0.03967391 0.30699557 0.023403794
v 0.0546197 0.3100012 0.044319645
v 0.03706029 0.3100012 0.032049388
v 0.054709114 0.31209898 0.044402182
v 0.037074044 0.31208527 0.032035634
v 0.037431702 0.3144719 0.031519786
v 0.055204332 0.31456816 0.04387258
v 0.038373977 0.3161776 0.030178577
v 0.05631856 0.3163702 0.04238695
v 0.039935276 0.31700295 0.027950123
v 0.057666637 0.31701672 0.04036483
v 0.041345254 0.31635648 0.02593489
v 0.059159152 0.3163014 0.03833583
v 0.04241821 0.314465 0.024401098
v 0.06014958 0.31443065 0.036808923
v 0.0427965 0.3120715 0.023864612
v 0.060438454 0.31205773 0.03621742
v 0.0427965 0.3100012 0.023864612
v 0.06025275 0.3100012 0.03611426
v 0.064826585 0.3100081 0.031451
v 0.060878642 0.30998057 0.038535297
v 0.06025275 0.3100012 0.03611426
v 0.0427965 0.3100012 0.023864612
v 0.047707364 0.3100012 0.011181667
v 0.06776347 0.3100012 0.024325445
v 0.07094108 0.3100012 0.012295902
v 0.04894539 0.3100012 -0.0023610145
v 0.072000295 0.3100012 -0.00010505319
v 0.046407424 0.3100012 -0.015717998
v 0.0709067 0.3100012 -0.012505993
v 0.05220554 0.3100012 -0.02399218
v 0.052411884 0.3100012 -0.027094133
v 0.067694694 0.3100012 -0.02452866
v 0.06246057 0.3100012 -0.03581538
v 0.044405945 0.3100012 -0.038518414
v 0.055355646 0.3100012 -0.04603602
v 0.03362131 0.3100012 -0.04801687
v 0.044399068 0.3100012 -0.056683086
v 0.031434126 0.3100012 -0.06477156
v 0.019493997 0.3100012 -0.055630766
v 0.0170592 0.3100012 -0.06995066
v 0.0015837997 0.3100012 -0.07197966
v 0.0075332373 0.3100012 -0.058519505
v -0.0139603615 0.3100012 -0.07063158
v 0.004692644 0.3100012 -0.057260834
v -0.0010985881 0.3100012 -0.04898666
v -0.028858006 0.3100012 -0.06596833
v -0.0145243555 0.3100012 -0.046799473
v -0.039628893 0.3100012 -0.06010831
v -0.026822135 0.3100012 -0.041008234
v -0.049258024 0.3100012 -0.052515052
v -0.037063405 0.3100012 -0.032053143
v -0.05471912 0.3100081 -0.044364676
v -0.057511568 0.30999434 -0.04334674
v -0.057511568 0.30999434 -0.04334674
v -0.05471912 0.3100081 -0.044364676
v -0.05490482 0.31214714 -0.044543505
v -0.057023227 0.31368095 -0.044075802
v -0.055145547 0.31454068 -0.043869466
v -0.056149736 0.31635648 -0.042294413
v -0.057793558 0.31700295 -0.04044424
v -0.058983445 0.31595063 -0.041276477
v -0.05925168 0.31630832 -0.03840837
v -0.060943663 0.3136878 -0.038484022
v -0.060462207 0.31437558 -0.037005268
v -0.06063415 0.31205773 -0.036358736
v -0.06080611 0.30995995 -0.03866285
v -0.06041406 0.3100081 -0.036228053
v 0.054709114 0.31209898 0.044402182
v 0.057095766 0.3100081 0.043824434
v 0.0546197 0.3100012 0.044319645
v 0.0569307 0.3136878 0.04405141
v 0.055204332 0.31456816 0.04387258
v 0.05631856 0.3163702 0.04238695
v 0.05889091 0.31595063 0.04125209
v 0.057666637 0.31701672 0.04036483
v 0.059159152 0.3163014 0.03833583
v 0.060851127 0.31368095 0.03845963
v 0.06014958 0.31443065 0.036808923
v 0.060438454 0.31205773 0.03621742
v 0.060878642 0.30998057 0.038535297
v 0.06025275 0.3100012 0.03611426
v -0.020590708 0.30000758 -0.07937346
v -0.014242366 0.30000758 -0.08075593
v -0.0139603615 0.3100012 -0.07063158
v -0.026808381 0.30000758 -0.077495776
v -0.003003791 0.30000758 -0.08194581
v -0.028858006 0.3100012 -0.06596833
v 0.0015837997 0.3100012 -0.07197966
v -0.03286098 0.30000758 -0.07512976
v 0.008289814 0.30000758 -0.08158128
v -0.039628893 0.3100012 -0.06010831
v -0.04595661 0.30000758 -0.067914784
v -0.049258024 0.3100012 -0.052515052
v -0.057518438 0.30000758 -0.058443844
v -0.057511568 0.30999434 -0.04334674
v -0.06735392 0.3000626 -0.046785712
v 0.0170592 0.3100012 -0.06995066
v 0.01942522 0.30000758 -0.07966233
v -0.06080611 0.30995995 -0.03866285
v 0.035801627 0.30000758 -0.07376793
v 0.031434126 0.3100012 -0.06477156
v 0.044399068 0.3100012 -0.056683086
v 0.05056171 0.30000758 -0.064551465
v 0.063045196 0.30000758 -0.052432515
v 0.055355646 0.3100012 -0.04603602
v 0.071133666 0.30000758 -0.040788136
v 0.06246057 0.3100012 -0.03581538
v 0.07709685 0.30000758 -0.027933247
v 0.067694694 0.3100012 -0.02452866
v 0.0709067 0.3100012 -0.012505993
v 0.08075593 0.30000758 -0.014239244
v 0.08200084 0.30000758 -0.00011880696
v 0.072000295 0.3100012 -0.00010505319
v 0.080797195 0.30000758 0.014001638
v 0.07094108 0.3100012 0.012295902
v 0.06776347 0.3100012 0.024325445
v 0.07717939 0.30000758 0.02770251
v 0.064826585 0.3100081 0.031451
v 0.07442133 0.30000758 0.034436032
v 0.07107177 0.30000758 0.040894434
v 0.060878642 0.30998057 0.038535297
v 0.06717197 0.30000758 0.04703644
v 0.057095766 0.3100081 0.043824434
v 0.06084425 0.30000758 0.054973602
v 0.052253686 0.3100012 0.049533144
v 0.053581133 0.30000758 0.06207165
v 0.04639367 0.3100012 0.05506301
v 0.045506418 0.30000758 0.06821366
v 0.039955907 0.3100012 0.059898213
v 0.029735267 0.30000758 0.076419055
v 0.02611059 0.3100012 0.06709944
v 0.011034116 0.3100012 0.07115054
v 0.0125679 0.30000758 0.08103417
v -0.0045513213 0.3100012 0.07185897
v -0.005184099 0.30000758 0.08183889
v -0.01752314 0.3100012 0.069836855
v -0.01995106 0.30000758 0.07953477
v -0.03405775 0.30000758 0.07458952
v -0.029903457 0.3100012 0.06549686
v -0.047112107 0.3000282 0.06710631
v -0.041300237 0.3100012 0.058976576
v -0.056314796 0.30750453 0.048955396
v -0.05924481 0.30000758 0.056693092
v -0.060641035 0.3100012 0.038844794
v -0.0691697 0.30000758 0.044037655
v -0.066301584 0.30750453 0.03429848
v -0.076419055 0.30000758 0.029724643
v -0.070669085 0.3100012 0.013774663
v -0.07249862 0.30750453 0.017220512
v -0.080752164 0.30000758 0.014242366
v -0.074438214 0.30750453 -0.0014668852
v -0.0819902 0.3000213 -0.0015769303
v -0.0707929 0.3100012 -0.013221301
v -0.07219599 0.30750453 -0.018159673
v -0.08006437 0.30000758 -0.017726362
v -0.066611096 0.30750453 -0.033408098
v -0.07505722 0.30000758 -0.033016056
v 0.039226845 0.26217192 -0.09085964
v 0.03138598 0.2720074 -0.079689845
v 0.020291843 0.26300418 -0.06384992
v 0.02085583 0.26135343 -0.06367109
v 0.045754023 0.27205557 -0.10016551
v 0.045059346 0.2537946 -0.099181965
v 0.031578563 0.27316976 -0.07955916
v 0.038889825 0.2607826 -0.08886503
v 0.022142008 0.26022547 -0.06323778
v 0.045533925 0.27409834 -0.09852856
v 0.032108165 0.2741258 -0.07918775
v 0.03384141 0.27500618 -0.077970356
v 0.049502507 0.27499932 -0.100014195
v 0.061697118 0.27500618 -0.05847136
v 0.0766773 0.2750131 -0.08033637
v 0.06284574 0.2746073 -0.057666637
v 0.04949563 0.2724201 -0.10180934
v 0.052762657 0.27272958 -0.10104589
v 0.052267447 0.27464855 -0.09978034
v 0.04793433 0.263465 -0.10149296
v 0.06992315 0.27446282 -0.06724762
v 0.06395996 0.27316976 -0.056882553
v 0.064152546 0.2720074 -0.05675187
v 0.064867854 0.2744422 -0.092365906
v 0.0518135 0.26351315 -0.10149983
v 0.07776402 0.27277774 -0.076216474
v 0.07216536 0.26212376 -0.06821054
v 0.07847244 0.2549432 -0.077220656
v 0.05305841 0.26300418 -0.040911943
v 0.052645728 0.26122963 -0.041441545
v 0.07778465 0.2745729 -0.078892
v 0.07608579 0.27449036 -0.08326638
v 0.07895391 0.2724132 -0.079352826
v 0.076986805 0.27275026 -0.084057346
v 0.068581946 0.27255076 -0.09109349
v 0.07693866 0.25390464 -0.08409861
v 0.07825923 0.2720074 -0.08237912
v 0.07875444 0.2553903 -0.08124426
v 0.07775026 0.25213015 -0.08109982
v 0.061284438 0.2720074 -0.09612815
v 0.069372915 0.25500512 -0.09046072
v 0.06492975 0.25182062 -0.09244157
v 0.061284438 0.25500512 -0.09612815
v 0.052625097 0.25383586 -0.10108715
v 0.075955115 0.25146985 -0.0830394
v 0.074153095 0.25004613 -0.08151938
v 0.05064425 0.25500512 -0.10171305
v 0.047507897 0.25523895 -0.101341635
v 0.047927454 0.25213015 -0.10038561
v 0.051655307 0.2508371 -0.09929201
v 0.0493787 0.24998422 -0.09660273
v 0.046716936 0.25078893 -0.09785452
v 0.06316212 0.25003922 -0.08993799
v 0.04338801 0.25215077 -0.09523402
v 0.039563864 0.25422788 -0.09114163
v 0.039935276 0.25881547 -0.0874688
v 0.041524082 0.25146985 -0.09162309
v 0.03968767 0.25318933 -0.08806719
v 0.043938242 0.25003237 -0.08948405
v 0.040272295 0.26000535 -0.08676038
v 0.03887607 0.26020485 -0.08702174
v 0.023249358 0.26000535 -0.06283886
v 0.041923 0.2530793 -0.08521284
v 0.04378005 0.26000535 -0.08415364
v 0.048993535 0.26000535 -0.084243044
v 0.05109819 0.26000535 -0.04333298
v 0.044433452 0.2572748 -0.083961055
v 0.044405945 0.2507133 -0.086196385
v 0.051503994 0.25003237 -0.09328756
v 0.046146065 0.24998422 -0.08869308
v 0.047115855 0.25217825 -0.084676355
v 0.046737567 0.25484693 -0.08365842
v 0.049385577 0.2559818 -0.084580064
v 0.051779106 0.25397342 -0.08792963
v 0.06948984 0.25001174 -0.08147811
v 0.051448964 0.25106406 -0.08980043
v 0.048422664 0.25065827 -0.08733813
v 0.049626313 0.252474 -0.086038195
v 0.05971627 0.25091958 -0.08532976
v 0.05177223 0.26000535 -0.08788148
v 0.05684816 0.2548744 -0.08477953
v 0.06487473 0.26000535 -0.078706294
v 0.06495727 0.2538427 -0.078740686
v 0.06686246 0.25085086 -0.07951102
v 0.06300393 0.26000535 -0.075996384
v 0.068485655 0.25005984 -0.07594824
v 0.068066105 0.24997734 -0.07158074
v 0.06458586 0.25217825 -0.07684237
v 0.06277695 0.26000535 -0.07180083
v 0.06289388 0.25501198 -0.07579692
v 0.06592706 0.2503969 -0.07488215
v 0.06343724 0.25217825 -0.07339652
v 0.062481202 0.25531465 -0.07263306
v 0.06475781 0.25261158 -0.06979935
v 0.066683635 0.26001227 -0.068011075
v 0.05184789 0.26022547 -0.042431973
v 0.06646354 0.2551977 -0.068011075
v 0.0696274 0.26029426 -0.067440204
v 0.06892584 0.25398028 -0.067357674
v 0.07107864 0.25446862 -0.06788728
v 0.06931101 0.2504794 -0.06983373
v 0.07309388 0.25500512 -0.06951735
v 0.07261243 0.25231582 -0.070067585
v 0.07363725 0.25091273 -0.07404992
v 0.07530171 0.2503969 -0.07800475
v 0.076986805 0.25205445 -0.07654662
v -0.03968391 0.26222694 0.09152304
v -0.031389102 0.2720074 0.07969296
v -0.020294964 0.26300418 0.06385304
v -0.045853436 0.27268147 0.10025117
v -0.020858958 0.26135343 0.06366733
v -0.03190495 0.2737682 0.07932843
v -0.03889294 0.2607826 0.088868156
v -0.022138253 0.26022547 0.06323402
v -0.03926435 0.27446282 0.08868933
v -0.048425794 0.27499932 0.099742204
v -0.03384453 0.27500618 0.07797347
v -0.061693355 0.27500618 0.058467597
v -0.07762958 0.2749787 0.08055958
v -0.06284885 0.2746073 0.057662874
v -0.038899824 0.26019108 0.08702487
v -0.023245603 0.26000535 0.0628351
v -0.0403098 0.26000535 0.08674975
v -0.03931938 0.26023924 0.08903323
v -0.043294832 0.26000535 0.08435622
v -0.051094443 0.26000535 0.04333611
v -0.048831582 0.26000535 0.08419114
v -0.06272505 0.26000535 0.07260868
v -0.06992628 0.27446282 0.06725074
v -0.06412816 0.27215183 0.056768745
v -0.07810415 0.27272272 0.07671481
v -0.072106585 0.26208252 0.06814489
v -0.07850307 0.2549982 0.077306315
v -0.05306153 0.26300418 0.040908188
v -0.052697003 0.26135343 0.04137589
v -0.040591806 0.25499135 0.08624077
v -0.069960654 0.26054877 0.0670788
v -0.051851004 0.26022547 0.042435095
v -0.068055466 0.26001227 0.06712006
v -0.068846434 0.26000535 0.06738831
v -0.0677322 0.26000535 0.0675465
v -0.069492966 0.2575087 0.067408934
v -0.070510894 0.26000535 0.06764966
v -0.064857215 0.26000535 0.06911467
v -0.0731314 0.2537189 0.069658026
v -0.044924915 0.25467497 0.08379911
v -0.048047498 0.25521833 0.083888516
v -0.06494664 0.25525272 0.069128424
v -0.062704414 0.2549088 0.07225789
v -0.070510894 0.25518394 0.0674846
v -0.06612277 0.25421417 0.06816551
v -0.06975432 0.25217825 0.06837185
v -0.06643915 0.2505688 0.070944205
v -0.064575225 0.25237775 0.070600316
v -0.06344037 0.25217825 0.07339963
v -0.06275256 0.25508767 0.075490534
v -0.0634266 0.26000535 0.076632276
v -0.07130186 0.2507683 0.070765376
v -0.06903213 0.25000483 0.072450474
v -0.073647246 0.25091958 0.074046165
v -0.07463767 0.25001174 0.07893638
v -0.066507936 0.25018364 0.07480274
v -0.06455459 0.25218517 0.076817974
v -0.06850253 0.250053 0.0759376
v -0.06496726 0.2538427 0.07873693
v -0.06686558 0.25085086 0.07950726
v -0.06948608 0.25001174 0.08148812
v -0.04968445 0.24997045 0.09681907
v -0.074878395 0.2503969 0.0818664
v -0.06487785 0.26000535 0.07870942
v -0.059712514 0.25091958 0.085332885
v -0.056851283 0.2548744 0.084782645
v -0.05176848 0.26000535 0.087884605
v -0.051782236 0.25397342 0.08793275
v -0.051390186 0.2510159 0.08986546
v -0.050337866 0.25372583 0.08592439
v -0.04753165 0.2517931 0.08500962
v -0.051624045 0.25001174 0.09333195
v -0.045475155 0.25032812 0.08661218
v -0.04202929 0.25208884 0.08605507
v -0.043246686 0.25013554 0.09044321
v -0.0398421 0.25272852 0.088771865
v -0.0397802 0.2549501 0.09162621
v -0.041128278 0.2521026 0.09221771
v -0.043384254 0.25215077 0.09523027
v -0.045041844 0.25500512 0.09919196
v -0.045385733 0.25219202 0.09846978
v -0.04754542 0.2503969 0.09744497
v -0.050035223 0.2505895 0.0994602
v -0.047538534 0.2551977 0.10135852
v -0.049395576 0.26354063 0.10170929
v -0.05788985 0.25100213 0.09628947
v -0.050647363 0.25500512 0.101716176
v -0.05227056 0.27269518 0.10129662
v -0.048528954 0.2720074 0.10157861
v -0.052717626 0.25380147 0.10105589
v -0.052298084 0.2746417 0.099783465
v -0.06476092 0.2744422 0.09244469
v -0.061280683 0.2720074 0.096131265
v -0.068729505 0.2726127 0.09095906
v -0.06551063 0.25437236 0.09339385
v -0.07694179 0.2537189 0.08410174
v -0.07696241 0.27272272 0.08409485
v -0.07888824 0.2717598 0.08106856
v -0.07887448 0.26354063 0.07947287
v -0.07595135 0.25146985 0.08303565
v -0.07775338 0.25213015 0.08110294
v -0.07873693 0.25509453 0.08141245
v -0.076989934 0.25205445 0.07654287
v 0.07717939 0.30000758 0.02770251
v 0.07442133 0.2895462 0.034436032
v 0.07442133 0.30000758 0.034436032
v 0.07717939 0.2895462 0.02770251
v 0.07107177 0.2895462 0.040894434
v 0.080797195 0.30000758 0.014001638
v 0.07107177 0.30000758 0.040894434
v 0.080797195 0.2895462 0.014001638
v 0.06717197 0.2895462 0.04703644
v 0.08200084 0.30000758 -0.00011880696
v 0.06717197 0.30000758 0.04703644
v 0.08200084 0.2895462 -0.00011880696
v 0.06084425 0.2895462 0.054973602
v 0.08075593 0.30000758 -0.014239244
v 0.06084425 0.30000758 0.054973602
v 0.08075593 0.2895462 -0.014239244
v 0.053581133 0.2895462 0.06207165
v 0.07709685 0.30000758 -0.027933247
v 0.053581133 0.30000758 0.06207165
v 0.07709685 0.2895462 -0.027933247
v 0.045506418 0.2895462 0.06821366
v 0.071133666 0.30000758 -0.040788136
v 0.045506418 0.30000758 0.06821366
v 0.071133666 0.2895462 -0.040788136
v 0.029735267 0.2895462 0.076419055
v 0.063045196 0.30000758 -0.052432515
v 0.029735267 0.30000758 0.076419055
v 0.063045196 0.2895462 -0.052432515
v 0.0125679 0.2895462 0.08103417
v 0.05056171 0.30000758 -0.064551465
v 0.0125679 0.30000758 0.08103417
v 0.05056171 0.2895462 -0.064551465
v -0.005184099 0.2895462 0.08183889
v 0.035801627 0.30000758 -0.07376793
v -0.005184099 0.30000758 0.08183889
v 0.035801627 0.2895462 -0.07376793
v -0.01995106 0.2895462 0.07953477
v 0.01942522 0.30000758 -0.07966233
v -0.01995106 0.30000758 0.07953477
v 0.01942522 0.2895462 -0.07966233
v -0.03405775 0.2895462 0.07458952
v 0.008289814 0.30000758 -0.08158128
v -0.03405775 0.30000758 0.07458952
v 0.008289814 0.2895462 -0.08158128
v -0.04703644 0.2895462 0.067168206
v -0.003003791 0.30000758 -0.08194581
v -0.047112107 0.3000282 0.06710631
v -0.003003791 0.2895462 -0.08194581
v -0.05924481 0.2895462 0.056693092
v -0.014242366 0.30000758 -0.08075593
v -0.05924481 0.30000758 0.056693092
v -0.014242366 0.2895462 -0.08075593
v -0.0691697 0.2895462 0.044037655
v -0.020590708 0.30000758 -0.07937346
v -0.0691697 0.30000758 0.044037655
v -0.020590708 0.2895462 -0.07937346
v -0.076419055 0.2895462 0.029724643
v -0.026808381 0.30000758 -0.077495776
v -0.076419055 0.30000758 0.029724643
v -0.026808381 0.2895462 -0.077495776
v -0.080752164 0.2895462 0.014242366
v -0.03286098 0.30000758 -0.07512976
v -0.080752164 0.30000758 0.014242366
v -0.03286098 0.2895462 -0.07512976
v -0.08198333 0.2895462 -0.0017970204
v -0.04595661 0.30000758 -0.067914784
v -0.0819902 0.3000213 -0.0015769303
v -0.04595661 0.2895462 -0.067914784
v -0.08006437 0.2895462 -0.017726362
v -0.057518438 0.30000758 -0.058443844
v -0.08006437 0.30000758 -0.017726362
v -0.057518438 0.2895462 -0.058443844
v -0.07505722 0.2895462 -0.033016056
v -0.06735392 0.3000626 -0.046785712
v -0.07505722 0.30000758 -0.033016056
v -0.067168206 0.2895462 -0.047033325
vn 0.8196016 -0.0039215684 0.57292044
vn 0.8196016 -0.0039215684 0.57292044
vn 0.8196016 -0.0039215684 0.57292044
vn 0.8196016 -0.0039215684 0.57292044
vn 0.8196016 -0.0039215684 0.57292044
vn 0.8196016 -0.0039215684 0.57292044
vn -0.81960154 -0.0039215684 -0.57292056
vn -0.81960154 -0.0039215684 -0.57292056
vn -0.81960154 -0.0039215684 -0.57292056
vn -0.81960154 -0.0039215684 -0.57292056
vn -0.81960154 -0.0039215684 -0.57292056
vn -0.81960154 -0.0039215684 -0.57292056
vn -0.70979846 -0.69411236 0.11997568
vn -0.70979846 -0.69411236 0.11997568
vn -0.70979846 -0.69411236 0.11997568
vn 0.7097985 -0.69411236 -0.11997543
vn 0.7097985 -0.69411236 -0.11997543
vn 0.7097985 -0.69411236 -0.11997543
vn -0.11372459 -0.69411236 -0.7108268
vn -0.11372459 -0.69411236 -0.7108268
vn -0.11372459 -0.69411236 -0.7108268
vn 0.11372465 -0.69411236 0.71082675
vn 0.11372465 -0.69411236 0.71082675
vn 0.11372465 -0.69411236 0.71082675
vn 0.32548773 0.003921509 -0.94553816
vn 0.32548773 0.003921509 -0.94553816
vn 0.32548773 0.003921509 -0.94553816
vn -0.3254876 0.003921509 0.94553816
vn -0.3254876 0.003921509 0.94553816
vn -0.3254876 0.003921509 0.94553816
vn -0.93724763 0.011764526 0.34846592
vn -0.93724763 0.011764526 0.34846592
vn -0.93724763 0.011764526 0.34846592
vn -0.7725431 0.003921509 0.6349503
vn -0.7725431 0.003921509 0.6349503
vn -0.7725431 0.003921509 0.6349503
vn 0.1294108 0.4352907 0.8909404
vn 0.1294108 0.4352907 0.8909404
vn 0.1294108 0.4352907 0.8909404
vn -0.88234615 0.4352907 0.17884992
vn -0.88234615 0.4352907 0.17884992
vn -0.88234615 0.4352907 0.17884992
vn 0.8823462 0.4352907 -0.1788496
vn 0.8823462 0.4352907 -0.1788496
vn 0.8823462 0.4352907 -0.1788496
vn -0.12941074 0.4352907 -0.8909405
vn -0.12941074 0.4352907 -0.8909405
vn -0.12941074 0.4352907 -0.8909405
vn 0.77254313 0.003921509 -0.63495016
vn 0.77254313 0.003921509 -0.63495016
vn 0.77254313 0.003921509 -0.63495016
vn 0.9998079 0.019604046 -0
vn 0.9998079 0.019604046 -0
vn 0.9998079 0.019604046 -0
vn 0.13725388 0.45097685 0.8819191
vn 0.13725388 0.45097685 0.8819191
vn 0.13725388 0.45097685 0.8819191
vn 0.87450314 0.45097685 -0.17850533
vn 0.87450314 0.45097685 -0.17850533
vn 0.87450314 0.45097685 -0.17850533
vn -0.874503 0.45097685 0.17850582
vn -0.874503 0.45097685 0.17850582
vn -0.874503 0.45097685 0.17850582
vn -0.13725376 0.45097685 -0.8819191
vn -0.13725376 0.45097685 -0.8819191
vn -0.13725376 0.45097685 -0.8819191
vn -0.7019553 -0.49803543 -0.509136
vn -0.7019553 -0.49803543 -0.509136
vn -0.7019553 -0.49803543 -0.509136
vn 0.70195544 -0.49803543 0.5091358
vn 0.70195544 -0.49803543 0.5091358
vn 0.70195544 -0.49803543 0.5091358
vn -0.12941074 0.019607663 -0.9913972
vn -0.12941074 0.019607663 -0.9913972
vn -0.12941074 0.019607663 -0.9913972
vn 0.1294108 0.019607663 0.9913972
vn 0.1294108 0.019607663 0.9913972
vn 0.1294108 0.019607663 0.9913972
vn -0.99214923 0.011764526 -0.124505006
vn -0.99214923 0.011764526 -0.124505006
vn -0.99214923 0.011764526 -0.124505006
vn 0.7490139 -0.0039215684 0.6625427
vn 0.70195544 -0.0039215684 0.71221006
vn 0.7097985 -0.0039215684 0.70439386
vn 0.7490139 0.003921509 0.6625427
vn 0.8196016 0.003921509 0.57292044
vn 0.8196016 0.003921509 0.57292044
vn 0.8823462 0.003921509 0.4705845
vn 0.8823462 -0.0039215684 0.4705845
vn 0.90587544 -0.0039215684 0.42352602
vn 0.90587544 -0.0039215684 0.42352602
vn 0.87450314 0.011764526 0.48487717
vn 0.8196016 0.003921509 0.57292044
vn 0.7490139 0.011764526 0.66244984
vn 0.8823462 0.011764526 0.4704538
vn 0.7411708 0.011764526 0.6712134
vn 0.9294047 0.003921509 0.36904138
vn 0.9215616 0.003921509 0.38821238
vn 0.6705831 0.003921509 0.74182403
vn 0.6862693 0.003921509 0.727337
vn 0.99993086 -0.011763922 -0
vn 0.56078005 -0.0039215684 0.82795554
vn 0.62352467 0.003921509 0.7817939
vn 0.45097697 0.003921509 0.892527
vn 0.121567726 -0.0039215684 0.9925754
vn 0.07450926 0.011764526 0.9971509
vn -0.10588145 -0.011764646 0.9943092
vn 0.94509083 -0.0039215684 0.32678422
vn 0.96862006 0.003921509 0.24851513
vn 0.960777 0.011764526 -0.27707252
vn 0.93724775 -0.011764646 -0.34846556
vn 0.8823462 0.003921509 -0.4705845
vn -0.003921509 0.99999225 -0.00034526698
vn -0.003921509 0.99999225 -0.00034526698
vn -0.003921509 0.99999225 -0.00034526698
vn -0.003921509 0.99999225 -0.00034526698
vn -0.003921509 0.99999225 -0.00034526698
vn -0.003921509 0.99999225 -0.00034526698
vn -0.003921509 0.99999225 -0.00034526698
vn -0.003921509 0.99999225 -0.00034526698
vn -0.003921509 0.99999225 -0.00034526698
vn -0.003921509 0.99999225 -0.00034526698
vn -0.003921509 0.99999225 -0.00034526698
vn -0.003921509 0.99999225 -0.00034526698
vn -0.003921509 0.99999225 -0.00034526698
vn -0.003921509 0.99999225 -0.00034526698
vn -0.003921509 0.99999225 -0.00034526698
vn -0.003921509 0.99999225 -0.00034526698
vn -0.003921509 0.99999225 -0.00034526698
vn -0.003921509 0.99999225 -0.00034526698
vn -0.003921509 0.99999225 -0.00034526698
vn -0.5764661 0.003921509 0.8171117
vn -0.5764661 0.003921509 0.8171117
vn -0.5764661 0.003921509 0.8171117
vn -0.5764661 0.003921509 0.8171117
vn 0.8196016 0.003921509 0.57292044
vn 0.8196016 0.003921509 0.57292044
vn 0.8196016 0.003921509 0.57292044
vn 0.8196016 0.003921509 0.57292044
vn -0.7490138 -0.0039215684 -0.6625428
vn -0.7019553 -0.0039215684 -0.71221024
vn -0.70979846 -0.0039215684 -0.7043939
vn -0.7490138 0.003921509 -0.6625428
vn -0.81960154 0.003921509 -0.57292056
vn -0.81960154 0.003921509 -0.57292056
vn -0.88234615 0.003921509 -0.47058466
vn -0.88234615 -0.0039215684 -0.47058466
vn -0.9058753 -0.0039215684 -0.4235263
vn -0.9058753 -0.0039215684 -0.4235263
vn -0.82744455 0.003921509 -0.56153375
vn -0.7803861 0.011764526 -0.6251873
vn -0.874503 0.011764526 -0.48487735
vn -0.74117076 0.011764526 -0.67121345
vn -0.88234615 0.011764526 -0.47045392
vn -0.7176415 0.003921509 -0.6964017
vn -0.9294046 0.003921509 -0.36904156
vn -0.9215615 0.003921509 -0.38821262
vn -0.66274 0.003921509 -0.7488393
vn -0.67842615 0.003921509 -0.7346581
vn -0.9843061 -0.0039215684 -0.17642602
vn -0.9450908 0.003921509 -0.3267844
vn -0.99214923 0.003921509 -0.12499809
vn -0.9607769 -0.011764646 0.2770727
vn -0.6313677 0.003921509 0.7754737
vn -0.59215224 -0.0039215684 0.8058166
vn -0.5764661 0.003921509 0.8171117
vn -0.5764661 -0.0039215684 0.8171117
vn -0.5529369 -0.0039215684 -0.8332139
vn -0.6313677 0.003921509 -0.7754737
vn -0.44313383 0.003921509 -0.8964469
vn -0.11372459 -0.0039215684 -0.9935046
vn -0.074509144 0.011764526 -0.9971509
vn 0.10588157 -0.011764646 -0.9943091
vn -0.16862607 0.003921509 -0.9856723
vn -0.16862607 0.003921509 -0.9856723
vn -0.16862607 0.003921509 -0.9856723
vn -0.16862607 0.003921509 -0.9856723
vn 0.9921493 0.003921509 -0.124997616
vn 0.9921493 0.003921509 -0.124997616
vn 0.9921493 0.003921509 -0.124997616
vn 0.9921493 0.003921509 -0.124997616
vn -0.81960154 -0.0039215684 -0.57292056
vn -0.81960154 -0.0039215684 -0.57292056
vn -0.81960154 -0.0039215684 -0.57292056
vn -0.81960154 0.003921509 -0.57292056
vn 0.8274447 0.003921509 0.5615336
vn 0.8274447 0.003921509 0.5615336
vn 0.8274447 0.003921509 0.5615336
vn 0.8274447 0.003921509 0.5615336
vn 0.9843062 0.003921509 -0.17642535
vn 0.9843062 0.003921509 -0.17642535
vn 0.9843062 0.003921509 -0.17642535
vn 0.9843062 0.003921509 -0.17642535
vn -0.8117584 0.003921509 -0.58398026
vn -0.8117584 0.003921509 -0.58398026
vn -0.8117584 0.003921509 -0.58398026
vn -0.8117584 0.003921509 -0.58398026
vn -0.99999225 0.003921509 -0.00034492963
vn -0.99999225 0.003921509 -0.00034492963
vn -0.99999225 0.003921509 -0.00034492963
vn -0.99999225 0.003921509 -0.00034492963
vn -0.003921509 0.99999225 -0.00034526698
vn -0.003921509 0.99999225 -0.00034526698
vn -0.003921509 0.99999225 -0.00034526698
vn -0.003921509 0.99999225 -0.00034526698
vn -0.003921509 0.99999225 -0.00034526698
vn -0.003921509 0.99999225 -0.00034526698
vn 0.0039215684 0.99999225 -0.00034526698
vn 0.0039215684 0.99999225 -0.00034526698
vn 0.0039215684 0.99999225 -0.00034526698
vn 0.0039215684 0.99999225 -0.00034526698
vn -0.003921509 0.99999225 -0.00034526698
vn -0.003921509 0.99999225 -0.00034526698
vn -0.003921509 0.99999225 -0.00034526698
vn -0.003921509 0.99999225 -0.00034526698
vn -0.003921509 0.99999225 -0.00034526698
vn -0.003921509 0.99999225 -0.00034526698
vn 0.0039215684 0.99999225 -0.00034526698
vn 0.0039215684 0.99999225 -0.00034526698
vn 0.0039215684 0.99999225 -0.00034526698
vn 0.0039215684 0.99999225 -0.00034526698
vn 0.0039215684 0.99999225 -0.00034526698
vn 0.0039215684 0.99999225 -0.00034526698
vn -0.003921509 0.99999225 -0.00034526698
vn -0.003921509 0.99999225 -0.00034526698
vn 0.0039215684 0.99999225 -0.00034526698
vn -0.003921509 0.99999225 -0.00034526698
vn 0.0039215684 0.99999225 -0.00034526698
vn -0.003921509 0.99999225 -0.00034526698
vn -0.003921509 0.99999225 -0.00034526698
vn 0.0039215684 0.99999225 -0.00034526698
vn -0.003921509 0.99999225 -0.00034526698
vn 0.0039215684 0.99999225 -0.00034526698
vn -0.003921509 0.99999225 -0.00034526698
vn -0.003921509 0.99999225 -0.00034526698
vn -0.99214923 0.003921509 0.12499809
vn -0.99214923 0.003921509 0.12499809
vn -0.99214923 0.003921509 0.12499809
vn -0.99214923 0.003921509 0.12499809
vn 0.27842927 0.003921509 0.96044874
vn 0.27842927 0.003921509 0.96044874
vn 0.27842927 0.003921509 0.96044874
vn 0.27842927 0.003921509 0.96044874
vn 0.23921388 0.003921509 0.970959
vn 0.23921388 0.003921509 0.970959
vn 0.23921388 0.003921509 0.970959
vn 0.23921388 0.003921509 0.970959
vn -0.21568453 0.003921509 -0.9764552
vn -0.21568453 0.003921509 -0.9764552
vn -0.21568453 0.003921509 -0.9764552
vn -0.21568453 0.003921509 -0.9764552
vn 0.5764662 0.003921509 -0.81711155
vn 0.5764662 0.003921509 -0.81711155
vn 0.5764662 0.003921509 -0.81711155
vn 0.5764662 0.003921509 -0.81711155
vn 0.5764662 0.003921509 -0.81711155
vn 0.5764662 0.003921509 -0.81711155
vn 0.5764662 0.003921509 -0.81711155
vn 0.5764662 0.003921509 -0.81711155
vn 0.9999924 0.003921509 -0
vn 0.9999924 0.003921509 -0
vn 0.9999924 0.003921509 -0
vn 0.9999924 0.003921509 -0
vn -0.5764661 0.003921509 0.8171117
vn -0.5764661 0.003921509 0.8171117
vn -0.5764661 0.003921509 0.8171117
vn -0.5764661 0.003921509 0.8171117
vn -0.41176152 0.003921509 -0.9112832
vn -0.41176152 0.003921509 -0.9112832
vn -0.41176152 0.003921509 -0.9112832
vn -0.41176152 0.003921509 -0.9112832
vn -0.5764661 0.003921509 0.8171117
vn -0.5764661 0.003921509 0.8171117
vn -0.5764661 0.003921509 0.8171117
vn -0.5764661 0.003921509 0.8171117
vn -0.003921509 0.99999225 -0.00034526698
vn -0.003921509 0.99999225 -0.00034526698
vn -0.003921509 0.99999225 -0.00034526698
vn -0.003921509 0.99999225 -0.00034526698
vn -0.003921509 0.99999225 -0.00034526698
vn 0.0039215684 0.99999225 -0.00034526698
vn -0.003921509 0.99999225 -0.00034526698
vn -0.003921509 0.99999225 -0.00034526698
vn -0.003921509 0.99999225 -0.00034526698
vn -0.003921509 0.99999225 -0.00034526698
vn -0.003921509 0.99999225 -0.00034526698
vn -0.003921509 0.99999225 -0.00034526698
vn -0.003921509 0.99999225 -0.00034526698
vn -0.003921509 0.99999225 -0.00034526698
vn -0.003921509 0.99999225 -0.00034526698
vn -0.003921509 0.99999225 -0.00034526698
vn -0.003921509 0.99999225 -0.00034526698
vn -0.003921509 0.99999225 -0.00034526698
vn -0.003921509 0.99999225 -0.00034526698
vn -0.003921509 0.99999225 -0.00034526698
vn -0.003921509 0.99999225 -0.00034526698
vn -0.003921509 0.99999225 -0.00034526698
vn 0.0039215684 0.99999225 -0.00034526698
vn 0.0039215684 0.99999225 -0.00034526698
vn 0.0039215684 0.99999225 -0.00034526698
vn 0.0039215684 0.99999225 -0.00034526698
vn 0.5764662 -0.0039215684 -0.81711155
vn 0.5764662 0.003921509 -0.81711155
vn 0.5764662 0.003921509 -0.81711155
vn 0.5764662 0.003921509 -0.81711155
vn 0.5764662 0.003921509 -0.81711155
vn 0.5764662 -0.0039215684 -0.81711155
vn 0.5764662 0.003921509 -0.81711155
vn 0.5764662 0.003921509 -0.81711155
vn -0.5764661 0.003921509 0.8171117
vn -0.5764661 -0.0039215684 0.8171117
vn -0.5764661 0.003921509 0.8171117
vn -0.5764661 0.003921509 0.8171117
vn -0.074509144 -0.1294108 0.9887877
vn -0.19999838 -0.121567726 0.97222525
vn 0.043136954 -0.1294108 0.9906523
vn 0.09019542 -0.1294108 0.98748046
vn 0.16078311 -0.1294108 0.978469
vn 0.19215542 -0.1294108 0.9727945
vn 0.26274312 -0.1294108 0.95614797
vn 0.27842927 -0.1294108 0.9516985
vn 0.39607543 -0.1294108 0.90905285
vn 0.4431339 -0.1294108 0.88706553
vn 0.5686231 -0.121567726 0.8135656
vn 0.07450926 -0.1294108 -0.9887877
vn 0.1999985 -0.121567726 -0.9722252
vn -0.043136835 -0.1294108 -0.9906523
vn -0.0901953 -0.1294108 -0.98748046
vn -0.16078305 -0.1294108 -0.978469
vn -0.19215536 -0.1294108 -0.9727945
vn -0.262743 -0.1294108 -0.95614797
vn -0.27842915 -0.1294108 -0.9516985
vn -0.39607537 -0.1294108 -0.90905285
vn -0.44313383 -0.1294108 -0.88706553
vn -0.56862307 -0.121567726 -0.8135657
vn -0.8431307 -0.121567726 0.5237861
vn -0.9058753 -0.1294108 0.40328988
vn -0.9450908 -0.1294108 0.30009377
vn -0.9607769 -0.1294108 0.24527645
vn -0.9764631 -0.1294108 0.17254773
vn -0.9764631 -0.1294108 0.17254773
vn -0.9843061 -0.1294108 0.11997651
vn -0.9916004 -0.12933922 -0
vn -0.9916004 -0.12933922 -0
vn -0.9843061 -0.1294108 -0.11997651
vn -0.9607769 -0.121567726 -0.24925686
vn -0.9529338 -0.121567726 0.27773818
vn -0.88234615 -0.1294108 0.45245788
vn -0.9058753 -0.1294108 0.40328988
vn -0.81960154 -0.1294108 0.5581274
vn -0.7882292 -0.1294108 0.6016208
vn -0.76469994 -0.13725388 0.6295994
vn -0.74117076 -0.1294108 0.6587251
vn -0.6941123 -0.1294108 0.70813906
vn -0.5999954 -0.1294108 0.78946716
vn -0.56862307 -0.1294108 0.812355
vn -0.44313383 -0.121567726 0.88817436
vn 0.9843062 -0.1294108 0.119975515
vn 0.960777 -0.121567726 0.24925663
vn 0.99160045 -0.12933922 -0
vn 0.99160045 -0.12933922 -0
vn 0.9843062 -0.1294108 -0.119975515
vn 0.97646314 -0.1294108 -0.17254739
vn 0.97646314 -0.1294108 -0.17254739
vn 0.960777 -0.1294108 -0.24527621
vn 0.94509083 -0.1294108 -0.30009356
vn 0.90587544 -0.1294108 -0.4032896
vn 0.8431308 -0.121567726 -0.5237859
vn 0.62352467 -0.31764466 -0.7143661
vn 0.63136774 -0.31764466 -0.7074437
vn 0.66274005 -0.31764466 -0.6781427
vn 0.6705831 -0.31764466 -0.67038804
vn 0.73332775 -0.31764466 -0.60110927
vn 0.7411708 -0.31764466 -0.59141165
vn 0.79607236 -0.31764466 -0.5151414
vn 0.80391544 -0.31764466 -0.50281394
vn 0.8509739 -0.31764466 -0.41826466
vn 0.8509739 -0.31764466 -0.41826466
vn 0.8901893 -0.31764466 -0.32659596
vn 0.89803237 -0.31764466 -0.3043678
vn 0.9215616 -0.31764466 -0.22321762
vn 0.9294047 -0.31764466 -0.18790635
vn 0.94509083 -0.31764466 -0.07684513
vn 0.94509083 -0.31764466 -0.07684513
vn 0.94509083 -0.31764466 -0.07684513
vn 0.94509083 -0.31764466 0.07684513
vn 0.94509083 -0.31764466 0.07684513
vn 0.9294047 -0.31764466 0.18790635
vn 0.9215616 -0.31764466 0.22321762
vn 0.89803237 -0.31764466 0.3043678
vn 0.89803237 -0.31764466 0.3043678
vn 0.858817 -0.31764466 0.40191454
vn 0.8509739 -0.31764466 0.41826466
vn 0.83528775 -0.31764466 0.44877195
vn 0.8274447 -0.31764466 0.46307367
vn -0.88234615 -0.05098003 -0.4678315
vn -0.93724763 -0.0039215684 -0.34864238
vn -0.9529338 0.003921509 -0.30315316
vn -0.9529338 -0.0039215684 -0.30315316
vn -0.99214923 -0.0039215684 -0.124998085
vn -0.99999225 0.003921509 -0.00034492963
vn -0.9843061 -0.0039215684 0.17642602
vn -0.9843061 0.003921509 0.17642602
vn -0.91371846 0.003921509 0.40632892
vn -0.86666 -0.011764646 0.49876052
vn -0.7725431 0.003921509 0.6349503
vn -0.6941123 -0.011764646 0.7197706
vn -0.5607799 0.011764526 0.82788134
vn -0.45882 -0.011764646 0.88845134
vn -0.2862723 0.003921509 0.9581403
vn -0.19215536 -0.011764646 0.981294
vn 0.09019542 -0.011764646 0.9958546
vn 0.09019542 0.003921509 0.99591637
vn 0.41176158 -0.019607723 0.91108066
vn 0.45882004 0.003921509 0.88852054
vn 0.72548467 -0.019607723 0.68795896
vn 0.7803862 0.003921509 0.6252855
vn 0.94509083 -0.011764646 0.3265959
vn 0.94509083 0.019607663 0.326219
vn 0.99993086 -0.011763922 -0
vn 0.9996234 -0.027440673 -0
vn 0.8901893 -0.011764646 -0.45543894
vn 0.9215616 -0.0274508 -0.38726047
vn 0.6784262 -0.011764646 -0.7345744
vn 0.7490139 0.003921509 -0.6625427
vn 0.52156466 0.003921509 -0.85320276
vn 0.4039185 -0.011764646 -0.9147193
vn 0.30980158 -0.0039215684 -0.95079315
vn 0.05882311 0.003921509 -0.99826074
vn 0.14509696 -0.0039215684 -0.9894097
vn -0.0901953 -0.0039215684 -0.99591637
vn -0.20784152 0.003921509 -0.97815466
vn -0.3254876 -0.0039215684 -0.94553816
vn -0.5529369 0.003921509 -0.8332139
vn -0.5294076 -0.0039215684 -0.8483585
vn -0.7254846 -0.066666186 -0.68500197
vn -0.7019553 -0.0039215684 -0.71221024
vn -0.85097384 -0.0039215684 -0.5251934
vn -0.82744455 -0.23921388 -0.50804746
vn -0.7882292 -0.2705862 -0.55270046
vn -0.7803861 -0.2705862 -0.56372035
vn -0.79607224 -0.22352773 -0.5624094
vn -0.8352877 -0.2705862 -0.47862053
vn -0.874503 -0.2705862 -0.40252647
vn -0.86666 -0.2705862 -0.41914627
vn -0.9058753 -0.26274312 -0.33219865
vn -0.9058753 -0.2705862 -0.325842
vn -0.9215615 -0.26274312 -0.28581545
vn -0.93724763 -0.2705862 -0.21988635
vn -0.9450908 -0.26274312 -0.1943437
vn -0.9607769 -0.2705862 -0.06075203
vn -0.9607769 -0.2705862 -0.06075203
vn -0.9607769 -0.2705862 -0.06075203
vn -0.9607769 -0.2705862 -0.06075203
vn -0.9607769 -0.2705862 0.06075203
vn -0.9529338 -0.2705862 0.13674915
vn -0.9529338 -0.2705862 0.13674915
vn -0.9450908 -0.2705862 0.18326628
vn -0.93724763 -0.2705862 0.21988635
vn -0.9215615 -0.2705862 0.27840173
vn -0.8980323 -0.2705862 0.34687328
vn -0.91371846 -0.26274312 0.3099752
vn -0.8980323 -0.26274312 0.35285124
vn -0.85881686 -0.2705862 0.43499047
vn -0.86666 -0.2705862 0.41914627
vn -0.8431307 -0.2705862 0.4646652
vn -0.81960154 -0.2705862 0.5050113
vn -0.8117584 -0.2705862 0.5175243
vn -0.7725431 -0.2705862 0.5744217
vn -0.74117076 -0.2705862 0.6143688
vn -0.70979846 -0.2705862 0.6503609
vn -0.64705384 -0.2705862 0.71281445
vn -0.670583 -0.2705862 0.6907254
vn -0.6156815 -0.2705862 0.74008065
vn -0.62352455 -0.2705862 0.733485
vn -0.6078384 -0.2705862 0.7465357
vn -0.11372459 -0.1294108 0.985048
vn 0.066666186 -0.121567726 0.99034184
vn -0.074509144 -0.1294108 0.9887877
vn -0.24705684 -0.1294108 0.96032065
vn -0.24705684 -0.1294108 0.96032065
vn -0.36470306 -0.1294108 0.9220871
vn -0.33333075 -0.1294108 0.93388623
vn -0.42744768 -0.1294108 0.89472973
vn -0.47450614 -0.1294108 0.87068754
vn -0.5764661 -0.1294108 0.8068083
vn -0.670583 -0.121567726 0.73180574
vn 0.0039215684 -0.9999924 -0
vn 0.0039215684 -0.9999924 -0
vn 0.0039215684 -0.9999924 -0
vn 0.0039215684 -0.9999924 -0
vn -0.003921509 -0.9999924 -0
vn -0.003921509 -0.9999924 -0
vn -0.003921509 -0.9999924 -0
vn -0.003921509 -0.9999924 -0
vn -0.003921509 -0.9999924 -0
vn -0.003921509 -0.9999924 -0
vn -0.003921509 -0.9999924 -0
vn -0.003921509 -0.9999924 -0
vn 0.0039215684 -0.9999924 -0
vn 0.0039215684 -0.9999924 -0
vn 0.0039215684 -0.9999924 -0
vn 0.0039215684 -0.9999924 -0
vn -0.003921509 -0.9999924 -0
vn 0.0039215684 -0.9999924 -0
vn -0.003921509 -0.9999924 -0
vn 0.0039215684 -0.9999924 -0
vn 0.0039215684 -0.9999924 -0
vn -0.003921509 -0.9999924 -0
vn -0.003921509 -0.9999924 -0
vn 0.0039215684 -0.9999924 -0
vn 0.0039215684 -0.9999924 -0
vn 0.0039215684 -0.9999924 -0
vn 0.0039215684 -0.9999924 -0
vn 0.0039215684 -0.9999924 -0
vn -0.003921509 -0.9999924 -0
vn 0.0039215684 -0.9999924 -0
vn -0.003921509 -0.9999924 -0
vn -0.003921509 -0.9999924 -0
vn -0.003921509 -0.9999924 -0
vn 0.0039215684 -0.9999924 -0
vn -0.003921509 -0.9999924 -0
vn 0.0039215684 -0.9999924 -0
vn 0.0039215684 -0.9999924 -0
vn 0.0039215684 -0.9999924 -0
vn 0.0039215684 -0.9999924 -0
vn 0.0039215684 -0.9999924 -0
vn 0.0039215684 -0.9999924 -0
vn 0.0039215684 -0.9999924 -0
vn 0.0039215684 -0.9999924 -0
vn 0.0039215684 -0.9999924 -0
vn 0.0039215684 -0.9999924 -0
vn -0.003921509 -0.9999924 -0
vn -0.003921509 -0.9999924 -0
vn 0.59999543 -0.1294108 -0.7894671
vn 0.4431339 -0.121567726 -0.88817436
vn 0.5686231 -0.1294108 -0.812355
vn 0.69411236 -0.1294108 -0.708139
vn 0.7411708 -0.1294108 -0.658725
vn 0.76470006 -0.13725388 -0.6295993
vn 0.7882293 -0.1294108 -0.6016207
vn 0.8196016 -0.1294108 -0.5581273
vn 0.8823462 -0.1294108 -0.45245776
vn 0.90587544 -0.1294108 -0.4032896
vn 0.9529339 -0.121567726 -0.27773777
vn 0.6705831 -0.121567726 -0.7318056
vn 0.46666312 -0.1294108 -0.8749162
vn 0.52156466 -0.1294108 -0.84334046
vn 0.34901696 -0.13725388 -0.92701054
vn 0.36470312 -0.1294108 -0.922087
vn 0.26274312 -0.1294108 -0.95614797
vn 0.26274312 -0.1294108 -0.95614797
vn 0.121567726 -0.1294108 -0.98411083
vn 0.07450926 -0.1294108 -0.9887877
vn -0.066666126 -0.121567726 -0.99034184
vn 0.45097697 -0.8823462 0.13448027
vn 0.41960466 -0.89803237 0.13217346
vn 0.42744774 -0.8901893 0.1576434
vn 0.4352908 -0.8901893 0.13448027
vn 0.41960466 -0.89803237 0.13217346
vn 0.41960466 -0.8901893 0.17746824
vn 0.41176158 -0.89803237 0.15488794
vn 0.39607543 -0.89803237 0.19147366
vn 0.3333308 -0.9137185 0.2323984
vn 0.25490004 -0.9529339 0.16414313
vn 0.2313708 -0.960777 0.15288916
vn 0.28627235 -0.9294047 0.23292717
vn 0.3411739 -0.89803237 0.27773774
vn 0.3333308 -0.8901893 0.31056982
vn 0.30980158 -0.8901893 0.33404496
vn 0.32548773 -0.8901893 0.31878015
vn 0.27842927 -0.89803237 0.34060976
vn 0.28627235 -0.8901893 0.3544167
vn 0.2705862 -0.8901893 0.36653256
vn 0.2705862 -0.8823462 0.3850302
vn 0.29411542 -0.8901893 0.3479356
vn 0.28627235 -0.8901893 0.3544167
vn -0.45097685 -0.8823462 -0.13448071
vn -0.41960454 -0.8901893 -0.17746857
vn -0.42744768 -0.89803237 -0.10405003
vn -0.4352907 -0.8901893 -0.13448071
vn -0.42744768 -0.8901893 -0.15764378
vn -0.41960454 -0.8901893 -0.17746857
vn -0.4039184 -0.89803237 -0.17432103
vn -0.39607537 -0.8901893 -0.22513843
vn -0.37254608 -0.89803237 -0.23398137
vn -0.3176446 -0.9294047 -0.18790646
vn -0.2941153 -0.93724775 -0.18725076
vn -0.34117377 -0.89803237 -0.27773795
vn -0.34117377 -0.8901893 -0.30193296
vn -0.33333075 -0.8901893 -0.3105699
vn -0.30195844 -0.8901893 -0.3411512
vn -0.3254876 -0.89803237 -0.2959657
vn -0.27842915 -0.89803237 -0.34060985
vn -0.2862723 -0.8901893 -0.35441676
vn -0.27058613 -0.8901893 -0.36653265
vn -0.27842915 -0.8823462 -0.37939736
vn -0.2862723 -0.8901893 -0.35441676
vn 0.0039215684 -0.9999924 -0
vn 0.0039215684 -0.9999924 -0
vn -0.003921509 -0.9999924 -0
vn -0.003921509 -0.9999924 -0
vn 0.0039215684 -0.9999924 -0
vn 0.0039215684 -0.9999924 -0
vn 0.0039215684 -0.9999924 -0
vn 0.0039215684 -0.9999924 -0
vn 0.0039215684 -0.9999924 -0
vn 0.0039215684 -0.9999924 -0
vn 0.0039215684 -0.9999924 -0
vn 0.0039215684 -0.9999924 -0
vn 0.0039215684 -0.9999924 -0
vn 0.0039215684 -0.9999924 -0
vn 0.0039215684 -0.9999924 -0
vn 0.0039215684 -0.9999924 -0
vn 0.0039215684 -0.9999924 -0
vn 0.0039215684 -0.9999924 -0
vn 0.0039215684 -0.9999924 -0
vn 0.0039215684 -0.9999924 -0
vn 0.0039215684 -0.9999924 -0
vn 0.0039215684 -0.9999924 -0
vn 0.035272185 -0.9993777 -0
vn -0.011763803 -0.99993086 -0
vn -0.0901953 -0.9921493 0.086628996
vn 0.0039215684 -0.9999924 -0
vn 0.0039215684 -0.9999924 -0
vn 0.0039215684 -0.9999924 -0
vn -0.003921509 -0.9999924 -0
vn 0.035272185 -0.9993777 -0
vn 0.0039215684 -0.9999924 -0
vn 0.019604106 -0.9998079 -0
vn -0.019604046 -0.9998079 -0
vn 0.0039215684 -0.9999924 -0
vn 0.0039215684 -0.9999924 -0
vn 0.0039215684 -0.9999924 -0
vn 0.0039215684 -0.9999924 -0
vn 0.0039215684 -0.9999924 -0
vn 0.0039215684 -0.9999924 -0
vn 0.0039215684 -0.9999924 -0
vn 0.0039215684 -0.9999924 -0
vn -0.003921509 -0.9999924 -0
vn -0.003921509 -0.9999924 -0
vn -0.003921509 -0.9999924 -0
vn -0.003921509 -0.9999924 -0
vn -0.003921509 -0.9999924 -0
vn -0.003921509 -0.9999924 -0
vn -0.003921509 -0.9999924 -0
vn -0.003921509 -0.9999924 -0
vn -0.003921509 -0.9999924 -0
vn -0.003921509 -0.9999924 -0
vn -0.003921509 -0.9999924 -0
vn -0.003921509 -0.9999924 -0
vn -0.003921509 -0.9999924 -0
vn -0.003921509 -0.9999924 -0
vn -0.003921509 -0.9999924 -0
vn -0.003921509 -0.9999924 -0
vn -0.003921509 -0.9999924 -0
vn -0.003921509 -0.9999924 -0
vn -0.003921509 -0.9999924 -0
vn -0.003921509 -0.9999924 -0
vn -0.003921509 -0.9999924 -0
vn -0.003921509 -0.9999924 -0
vn -0.003921509 -0.9999924 -0
vn -0.003921509 -0.9999924 -0
vn -0.003921509 -0.9999924 -0
vn -0.003921509 -0.9999924 -0
vn -0.39607537 0.003921509 0.9182096
vn -0.39607537 0.003921509 0.9182096
vn -0.44313383 0.003921509 0.8964469
vn -0.44313383 -0.0039215684 0.8964469
vn -0.5294076 -0.0039215684 0.8483585
vn -0.5294076 0.003921509 0.8483585
vn -0.6156815 0.003921509 0.7879853
vn -0.6156815 0.003921509 0.7879853
vn -0.6941123 0.003921509 0.7198561
vn -0.6941123 0.003921509 0.7198561
vn -0.7254846 0.003921509 0.68822724
vn -0.7254846 0.003921509 0.68822724
vn 0.8196016 -0.0039215684 0.57292044
vn 0.8196016 -0.0039215684 0.57292044
vn 0.8196016 -0.0039215684 0.57292044
vn 0.8196016 0.003921509 0.57292044
vn -0.81960154 -0.0039215684 -0.57292056
vn -0.81960154 -0.0039215684 -0.57292056
vn -0.81960154 -0.0039215684 -0.57292056
vn -0.81960154 0.003921509 -0.57292056
vn 0.4431339 0.003921509 -0.8964469
vn 0.39607543 0.003921509 -0.9182096
vn 0.39607543 0.003921509 -0.9182096
vn 0.4431339 0.003921509 -0.8964469
vn 0.52940774 0.003921509 -0.84835845
vn 0.52940774 0.003921509 -0.84835845
vn 0.6156816 0.003921509 -0.78798527
vn 0.6156816 0.003921509 -0.78798527
vn 0.69411236 0.003921509 -0.71985596
vn 0.69411236 0.003921509 -0.71985596
vn 0.72548467 0.003921509 -0.6882271
vn 0.72548467 0.003921509 -0.6882271
vn -0.5764661 -0.7097985 -0.4048122
vn -0.5764661 -0.7097985 -0.4048122
vn -0.5764661 -0.70195544 -0.41826472
vn -0.5843092 -0.70195544 -0.4072362
vn 0.8196016 -0.0039215684 0.57292044
vn 0.8196016 -0.0039215684 0.57292044
vn 0.8196016 -0.0039215684 0.57292044
vn 0.8196016 0.003921509 0.57292044
vn -0.81960154 -0.0039215684 -0.57292056
vn -0.81960154 -0.0039215684 -0.57292056
vn -0.81960154 -0.0039215684 -0.57292056
vn -0.81960154 0.003921509 -0.57292056
vn -0.5764661 -0.7097985 -0.4048122
vn -0.5764661 -0.7097985 -0.4048122
vn -0.5764661 -0.70195544 -0.41826472
vn -0.5843092 -0.70195544 -0.4072362
vn -0.67842615 -0.31764466 -0.66244984
vn -0.7176415 -0.31764466 -0.61975205
vn -0.70979846 -0.31764466 -0.62871933
vn -0.670583 -0.31764466 -0.67038816
vn -0.5999954 -0.31764466 -0.73423934
vn -0.59215224 -0.31764466 -0.74057925
vn -0.51372147 -0.31764466 -0.7969894
vn -0.50587845 -0.31764466 -0.80199057
vn -0.41960454 -0.31764466 -0.850314
vn -0.41176152 -0.31764466 -0.8541395
vn -0.3176446 -0.31764466 -0.8934225
vn -0.3176446 -0.31764466 -0.8934225
vn -0.21568453 -0.31764466 -0.9233537
vn -0.19215536 -0.31764466 -0.92853546
vn -0.11372459 -0.31764466 -0.9413653
vn -0.05882299 -0.31764466 -0.9463835
vn -0.003921509 -0.31764466 -0.9482017
vn 0.07450926 -0.31764466 -0.94527787
vn 0.10588157 -0.31764466 -0.94227964
vn 0.1999985 -0.31764466 -0.9268778
vn 0.20784158 -0.31764466 -0.92515063
vn 0.3019585 -0.31764466 -0.8988453
vn 0.30980158 -0.31764466 -0.89617234
vn 0.39607543 -0.31764466 -0.8615255
vn 0.41176158 -0.31764466 -0.85413945
vn 0.45097697 -0.31764466 -0.8340993
vn 0.45882004 -0.31764466 -0.8298108
vn 0.5764662 -0.7097985 0.40481204
vn 0.5764662 -0.7097985 0.40481204
vn 0.5764662 -0.70195544 0.4182646
vn 0.5843093 -0.70195544 0.4072361
vn -0.99214923 0.003921509 -0.12499809
vn -0.99999225 0.003921509 -0.00034492963
vn -0.99999225 0.003921509 -0.00034492963
vn -0.99999225 -0.0039215684 -0.00034425134
vn -0.99214923 -0.011764646 -0.124505
vn -0.99999225 -0.0039215684 -0.00034425134
vn -0.99999225 0.003921509 -0.00034492963
vn -0.99999225 0.003921509 -0.00034492963
vn -0.99999225 0.003921509 -0.00034492963
vn -0.99214923 0.003921509 0.12499809
vn -0.9764631 0.003921509 0.21564901
vn -0.9764631 0.003921509 0.21564901
vn -0.9607769 0.003921509 0.27729464
vn -0.9450908 0.003921509 0.3267844
vn -0.9450908 -0.0039215684 0.3267844
vn -0.9294046 -0.0039215684 0.36904156
vn -0.91371846 0.003921509 0.40632892
vn -0.8980323 0.003921509 0.439912
vn -0.874503 0.003921509 0.4850042
vn -0.874503 0.003921509 0.4850042
vn -0.88234615 0.003921509 0.47058466
vn -0.8431307 -0.0039215684 0.5376944
vn -0.82744455 0.003921509 0.56153375
vn -0.8117584 -0.0039215684 0.58398026
vn -0.8039154 -0.0039215684 0.5947308
vn 0.5764662 -0.7097985 0.40481204
vn 0.5764662 -0.7097985 0.40481204
vn 0.5764662 -0.70195544 0.4182646
vn 0.5843093 -0.70195544 0.4072361
vn 0.79607236 -0.52156466 0.3069839
vn 0.7882293 -0.52156466 0.32659593
vn 0.80391544 -0.5137216 0.2996833
vn 0.77254313 -0.52156466 0.36214277
vn 0.7490139 -0.52940774 0.3983788
vn 0.73332775 -0.52156466 0.4361201
vn 0.69411236 -0.52156466 0.4961636
vn 0.69411236 -0.52940774 0.48778632
vn 0.654897 -0.52940774 0.5392934
vn 0.6392108 -0.52156466 0.565137
vn 0.59999543 -0.52156466 0.60661006
vn 0.5764662 -0.52156466 0.6290127
vn 0.5058785 -0.5372508 0.67486924
vn 0.5450939 -0.5372508 0.6436103
vn 0.3019585 -0.5372508 0.7875168
vn -0.6313677 -0.31764466 0.7074438
vn -0.6313677 -0.31764466 0.7074438
vn -0.7019553 -0.31764466 0.6374642
vn -0.670583 -0.31764466 0.67038816
vn -0.74117076 -0.31764466 0.59141165
vn -0.7882292 -0.31764466 0.52706414
vn -0.8039154 -0.31764466 0.50281405
vn -0.85097384 -0.31764466 0.41826472
vn -0.85097384 -0.31764466 0.41826472
vn -0.8901892 -0.31764466 0.32659623
vn -0.8980323 -0.31764466 0.3043679
vn -0.9215615 -0.31764466 0.22321802
vn -0.9294046 -0.31764466 0.18790668
vn -0.9450908 -0.31764466 0.07684591
vn -0.9450908 -0.31764466 0.07684591
vn -0.9450908 -0.31764466 0.07684591
vn -0.9450908 -0.31764466 -0.07684591
vn -0.9450908 -0.31764466 -0.07684591
vn -0.9294046 -0.31764466 -0.18790668
vn -0.9215615 -0.31764466 -0.22321802
vn -0.8980323 -0.31764466 -0.3043679
vn -0.8980323 -0.31764466 -0.3043679
vn -0.85881686 -0.31764466 -0.40191475
vn -0.85097384 -0.31764466 -0.41826472
vn -0.8352877 -0.31764466 -0.44877207
vn -0.82744455 -0.31764466 -0.46307385
vn -0.41960454 -0.7803862 -0.46360478
vn -0.5450938 -0.76470006 -0.3436664
vn -0.5294076 -0.7803862 -0.33275354
vn -0.3254876 -0.79607236 -0.51022214
vn -0.05882299 -0.7803862 -0.62252486
vn 0.1294108 -0.80391544 -0.58049357
vn 0.3333308 -0.7803862 -0.52904433
vn 0.4431339 -0.77254313 -0.45476308
vn 0.52940774 -0.72548467 -0.439772
vn -0.7333276 -0.2705862 -0.6237096
vn -0.7490138 -0.26274312 -0.6082306
vn -0.7333276 -0.2705862 -0.6237096
vn -0.6941123 -0.2705862 -0.66707665
vn -0.68626916 -0.2705862 -0.67514277
vn -0.6313677 -0.26274312 -0.729617
vn -0.6156815 -0.2705862 -0.74008065
vn -0.5843092 -0.26274312 -0.76782084
vn -0.5215646 -0.2705862 -0.80916834
vn -0.4980353 -0.26274312 -0.8263939
vn -0.42744768 -0.2705862 -0.86259586
vn -0.41176152 -0.2705862 -0.8701928
vn -0.34117377 -0.2705862 -0.90021306
vn -0.35685992 -0.2705862 -0.89411074
vn -0.2941153 -0.2705862 -0.9166675
vn -0.23137069 -0.2705862 -0.9344789
vn -0.21568453 -0.2705862 -0.9382235
vn -0.1450969 -0.2705862 -0.9516985
vn -0.0901953 -0.2705862 -0.9584612
vn -0.074509144 -0.2705862 -0.95980805
vn -0.019607663 -0.26274312 -0.9646666
vn -0.003921509 -0.2705862 -0.96268773
vn 0.0274508 -0.26274312 -0.9644753
vn 0.10588157 -0.2705862 -0.95685536
vn 0.10588157 -0.2705862 -0.95685536
vn 0.15294003 -0.2705862 -0.9504696
vn 0.1999985 -0.2705862 -0.94169194
vn 0.22352773 -0.2705862 -0.9363858
vn 0.31764466 -0.2705862 -0.9087821
vn 0.29411542 -0.2705862 -0.91666746
vn 0.3725462 -0.2705862 -0.8876894
vn 0.4431339 -0.2705862 -0.85464346
vn 0.41960466 -0.2705862 -0.86643815
vn 0.49019235 -0.2705862 -0.8285497
vn 0.4745062 -0.2705862 -0.83763176
vn 0.49019235 -0.2705862 -0.8285497
vn -0.36470306 0.003921509 -0.9311156
vn -0.4039184 0.003921509 -0.91478664
vn -0.4352907 0.003921509 -0.9002814
vn -0.39607537 -0.0039215684 -0.9182096
vn -0.47450614 -0.011764646 -0.88017356
vn -0.37254608 -0.0039215684 -0.9280054
vn -0.3176446 0.003921509 -0.9482017
vn -0.262743 0.003921509 -0.9648579
vn -0.27058613 0.003921509 -0.9626878
vn -0.19999838 0.003921509 -0.97978836
vn -0.11372459 0.003921509 -0.9935046
vn -0.13725376 0.003921509 -0.99052817
vn -0.074509144 0.003921509 -0.9972126
vn -0.011764526 0.003921509 -0.9999231
vn -0.019607663 -0.0039215684 -0.9998001
vn 0.0274508 -0.0039215684 -0.9996155
vn 0.07450926 0.003921509 -0.9972126
vn 0.10588157 0.003921509 -0.994371
vn 0.15294003 0.003921509 -0.98822767
vn 0.14509696 0.003921509 -0.9894097
vn 0.15294003 0.003921509 -0.98822767
vn 0.22352773 -0.0039215684 -0.97468966
vn 0.24705696 0.003921509 -0.968993
vn 0.26274312 0.003921509 -0.9648579
vn 0.6156816 -0.2705862 -0.74008054
vn 0.6078385 -0.2705862 -0.74653566
vn 0.62352467 -0.2705862 -0.7334849
vn 0.6470539 -0.2705862 -0.7128144
vn 0.6705831 -0.2705862 -0.69072527
vn 0.7097985 -0.2705862 -0.6503608
vn 0.7411708 -0.2705862 -0.61436874
vn 0.77254313 -0.2705862 -0.57442164
vn 0.8196016 -0.2705862 -0.5050112
vn 0.8117585 -0.2705862 -0.5175241
vn 0.8431308 -0.2705862 -0.46466494
vn 0.858817 -0.2705862 -0.43499026
vn 0.86666006 -0.2705862 -0.41914612
vn 0.89803237 -0.26274312 -0.35285118
vn 0.89803237 -0.2705862 -0.3468732
vn 0.9137185 -0.26274312 -0.30997503
vn 0.9215616 -0.2705862 -0.2784014
vn 0.93724775 -0.2705862 -0.21988581
vn 0.94509083 -0.2705862 -0.18326595
vn 0.9529339 -0.2705862 -0.13674828
vn 0.9529339 -0.2705862 -0.13674828
vn 0.960777 -0.2705862 -0.060751047
vn 0.960777 -0.2705862 0.060751047
vn 0.960777 -0.2705862 0.060751047
vn 0.960777 -0.2705862 0.060751047
vn 0.960777 -0.2705862 0.060751047
vn 0.94509083 -0.26274312 0.19434339
vn 0.93724775 -0.2705862 0.21988581
vn 0.9215616 -0.26274312 0.28581512
vn 0.90587544 -0.2705862 0.32584164
vn 0.89803237 -0.26274312 0.35285118
vn 0.87450314 -0.2705862 0.40252626
vn 0.858817 -0.26274312 0.43977204
vn 0.8196016 -0.22352773 0.5275306
vn 0.83528775 -0.2705862 0.4786204
vn 0.79607236 -0.22352773 0.5624093
vn 0.7176416 -0.05098003 0.69454414
vn 0.5686231 0.003921509 0.8225888
vn 0.62352467 -0.0039215684 0.7817939
vn 0.4039185 -0.0039215684 0.9147866
vn 0.18431234 -0.0039215684 0.9828599
vn 0.18431234 0.003921509 0.9828599
vn -0.098038435 0.003921509 0.9951749
vn -0.16862607 -0.0039215684 0.9856723
vn -0.39607537 0.003921509 0.9182096
vn -0.47450614 -0.0039215684 0.8802435
vn -0.6392107 0.003921509 0.76902163
vn -0.7019553 -0.011764646 0.7121239
vn -0.8039154 0.003921509 0.5947308
vn -0.874503 -0.019607723 0.48462355
vn -0.93724763 0.003921509 0.34864238
vn -0.9764631 -0.019607723 0.21479157
vn -0.99999225 0.003921509 -0.00034492963
vn -0.99214923 -0.0274508 -0.12200965
vn -0.9529338 0.003921509 -0.30315316
vn -0.8901892 -0.035293877 -0.45422193
vn -0.7725431 -0.0039215684 -0.6349503
vn -0.6078384 -0.019607723 -0.79381865
vn -0.41960454 0.011764526 -0.9076308
vn -0.18431222 -0.019607723 -0.98267215
vn -0.050979972 0.003921509 -0.998692
vn 0.18431234 -0.011764646 -0.9827973
vn 0.26274312 -0.0039215684 -0.9648579
vn 0.49019235 -0.0039215684 -0.87160546
vn 0.5058785 -0.0039215684 -0.8625958
vn 0.73332775 0.003921509 -0.679864
vn 0.72548467 -0.0039215684 -0.6882271
vn 0.89803237 0.003921509 -0.43991193
vn 0.89803237 -0.0039215684 -0.43991193
vn 0.9843062 0.003921509 -0.17642535
vn 0.9921493 -0.0039215684 -0.12499761
vn 0.9999924 0.003921509 -0
vn 0.9921493 -0.0039215684 0.12499761
vn 0.960777 0.003921509 0.27729443
vn 0.94509083 -0.0039215684 0.32678422
vn 0.8823462 -0.05882311 0.46691006
vn 0.94509083 0.003921509 0.32678422
vn 0.8117585 -0.0039215684 0.5839801
vn 0.7882293 -0.2705862 0.5527004
vn 0.7882293 -0.2705862 0.5527004
vn 0.36470312 0.003921509 0.9311156
vn 0.4039185 0.003921509 0.9147866
vn 0.4352908 0.003921509 0.90028137
vn 0.39607543 -0.0039215684 0.9182096
vn 0.4745062 -0.011764646 0.88017356
vn 0.3725462 -0.0039215684 0.92800534
vn 0.31764466 0.003921509 0.9482017
vn 0.26274312 0.003921509 0.9648579
vn 0.2705862 0.003921509 0.96268773
vn 0.1999985 0.003921509 0.97978836
vn 0.11372465 0.003921509 0.9935046
vn 0.13725388 0.003921509 0.9905281
vn 0.07450926 0.003921509 0.9972126
vn 0.011764646 0.003921509 0.9999231
vn 0.019607723 -0.0039215684 0.9998001
vn -0.02745068 -0.0039215684 0.9996155
vn -0.074509144 0.003921509 0.9972126
vn -0.10588145 0.003921509 0.99437106
vn -0.15293992 0.003921509 0.9882277
vn -0.1450969 0.003921509 0.9894097
vn -0.15293992 0.003921509 0.9882277
vn -0.21568453 -0.0039215684 0.9764552
vn -0.24705684 0.003921509 0.96899307
vn -0.27058613 -0.0039215684 0.9626878
vn -0.27842915 0.003921509 0.96044874
vn -0.47450614 -0.2705862 0.83763176
vn -0.4901923 -0.2705862 0.8285497
vn -0.4901923 -0.2705862 0.8285497
vn -0.44313383 -0.2705862 0.85464346
vn -0.41960454 -0.2705862 0.8664382
vn -0.3803892 -0.2705862 0.8843569
vn -0.3254876 -0.2705862 0.90600276
vn -0.2941153 -0.2705862 0.9166675
vn -0.19215536 -0.2705862 0.9433236
vn -0.22352767 -0.2705862 0.93638587
vn -0.15293992 -0.2705862 0.9504697
vn -0.10588145 -0.2705862 0.9568554
vn -0.10588145 -0.2705862 0.9568554
vn -0.02745068 -0.26274312 0.9644753
vn 0.0039215684 -0.2705862 0.96268773
vn 0.019607723 -0.26274312 0.9646666
vn 0.09019542 -0.2705862 0.9584612
vn 0.07450926 -0.2705862 0.95980805
vn 0.14509696 -0.2705862 0.9516985
vn 0.2313708 -0.2705862 0.93447876
vn 0.21568465 -0.2705862 0.9382234
vn 0.29411542 -0.2705862 0.91666746
vn 0.3411739 -0.2705862 0.900213
vn 0.35686004 -0.2705862 0.89411074
vn 0.41176158 -0.2705862 0.8701928
vn 0.42744774 -0.2705862 0.8625958
vn 0.49803543 -0.26274312 0.82639384
vn 0.52156466 -0.2705862 0.80916834
vn 0.5843093 -0.26274312 0.7678208
vn 0.6156816 -0.2705862 0.74008054
vn 0.63136774 -0.26274312 0.7296169
vn 0.6862693 -0.2705862 0.67514265
vn 0.7097985 -0.26274312 0.65356874
vn 0.73332775 -0.2705862 0.6237095
vn 0.756857 -0.26274312 0.5984426
vn -0.003921509 -0.9999924 -0
vn 0.0039215684 -0.9999924 -0
vn 0.0039215684 -0.9999924 -0
vn -0.003921509 -0.9999924 -0
vn -0.003921509 -0.9999924 -0
vn -0.003921509 -0.9999924 -0
vn -0.003921509 -0.9999924 -0
vn -0.003921509 -0.9999924 -0
vn -0.003921509 -0.9999924 -0
vn -0.003921509 -0.9999924 -0
vn -0.003921509 -0.9999924 -0
vn -0.003921509 -0.9999924 -0
vn -0.003921509 -0.9999924 -0
vn 0.0039215684 -0.9999924 -0
vn 0.0039215684 -0.9999924 -0
vn 0.0039215684 -0.9999924 -0
vn 0.0039215684 -0.9999924 -0
vn -0.003921509 -0.9999924 -0
vn 0.0039215684 -0.9999924 -0
vn -0.098038435 -0.9921493 0.07764171
vn 0.019604106 -0.9998079 -0
vn 0.043136954 -0.9921493 -0.11738392
vn -0.670583 -0.5764662 0.4669102
vn -0.670583 -0.5764662 0.4669102
vn -0.66274 -0.59215236 0.4584008
vn -0.66274 -0.59999543 0.4480861
vn -0.5843092 -0.63136774 0.5098603
vn -0.20784152 -0.5764662 0.7902459
vn -0.19999838 -0.59999543 0.7746006
vn -0.20784152 -0.5764662 0.7902459
vn -0.19215536 -0.59999543 0.7765834
vn -0.16862607 -0.59215236 0.7879853
vn 0.20784158 -0.5764662 -0.7902459
vn 0.1999985 -0.59999543 -0.77460057
vn 0.20784158 -0.5764662 -0.7902459
vn 0.19215542 -0.59999543 -0.7765834
vn 0.16862619 -0.59215236 -0.78798527
vn 0.9137185 0.003921509 -0.40632877
vn 0.8823462 0.003921509 -0.4705845
vn 0.87450314 0.003921509 -0.485004
vn 0.87450314 0.003921509 -0.485004
vn 0.8431308 -0.0039215684 -0.53769416
vn 0.89803237 0.003921509 -0.43991193
vn 0.8274447 0.003921509 -0.5615336
vn 0.8117585 -0.0039215684 -0.5839801
vn 0.80391544 -0.0039215684 -0.5947307
vn 0.9294047 -0.0039215684 -0.36904138
vn 0.94509083 0.003921509 -0.32678422
vn 0.94509083 -0.0039215684 -0.32678422
vn 0.960777 0.003921509 -0.27729443
vn 0.97646314 0.003921509 -0.21564874
vn 0.97646314 0.003921509 -0.21564874
vn 0.9921493 0.003921509 -0.124997616
vn 0.9999924 0.003921509 -0
vn 0.9999924 0.003921509 -0
vn 0.9999924 0.003921509 -0
vn 0.9999924 0.003921509 -0
vn 0.9999924 -0.0039215684 -0
vn 0.9999924 -0.0039215684 -0
vn 0.9999924 0.003921509 -0
vn 0.9921493 -0.0039215684 0.12499761
vn 0.9921493 -0.011764646 0.12450452
vn 0.6705831 -0.5764662 -0.46691003
vn 0.6705831 -0.5764662 -0.46691003
vn 0.66274005 -0.59999543 -0.44808605
vn 0.6705831 -0.59999543 -0.43626106
vn 0.7411708 -0.56078005 -0.36904144
vn 0.52156466 -0.79607236 0.3069839
vn 0.52940774 -0.77254313 0.35057744
vn 0.52156466 -0.7803862 0.34491688
vn 0.5372508 -0.756857 0.37219492
vn -0.003921509 -0.9999924 -0
vn 0.0039215684 -0.9999924 -0
vn -0.003921509 -0.9999924 -0
vn 0.0039215684 -0.9999924 -0
vn 0.0039215684 -0.9999924 -0
vn 0.0039215684 -0.9999924 -0
vn 0.0039215684 -0.9999924 -0
vn -0.003921509 -0.9999924 -0
vn -0.003921509 -0.9999924 -0
vn -0.003921509 -0.9999924 -0
vn -0.003921509 -0.9999924 -0
vn -0.003921509 -0.9999924 -0
vn -0.003921509 -0.9999924 -0
vn -0.003921509 -0.9999924 -0
vn 0.0039215684 -0.9999924 -0
vn 0.0039215684 -0.9999924 -0
vn 0.0039215684 -0.9999924 -0
vn 0.0039215684 -0.9999924 -0
vn 0.0039215684 -0.9999924 -0
vn 0.0039215684 -0.9999924 -0
vn 0.6784262 -0.31764466 0.66244984
vn 0.7176416 -0.31764466 0.61975193
vn 0.69411236 -0.31764466 0.64599526
vn 0.63136774 -0.31764466 0.7074437
vn 0.59999543 -0.31764466 0.7342393
vn 0.5137216 -0.31764466 0.7969893
vn 0.52156466 -0.31764466 0.7918789
vn 0.41960466 -0.31764466 0.85031396
vn 0.41176158 -0.31764466 0.85413945
vn 0.31764466 -0.31764466 0.8934225
vn 0.31764466 -0.31764466 0.8934225
vn 0.21568465 -0.31764466 0.9233537
vn 0.19215542 -0.31764466 0.92853546
vn 0.11372465 -0.31764466 0.94136524
vn 0.05882311 -0.31764466 0.9463835
vn 0.0039215684 -0.31764466 0.9482017
vn -0.074509144 -0.31764466 0.94527787
vn -0.10588145 -0.31764466 0.9422797
vn -0.19999838 -0.31764466 0.9268778
vn -0.20784152 -0.31764466 0.92515063
vn -0.30195844 -0.31764466 0.8988454
vn -0.30980146 -0.31764466 0.89617234
vn -0.39607537 -0.31764466 0.8615255
vn -0.4980353 -0.30980158 0.8099283
vn -0.466663 -0.31764466 0.8254256
vn -0.6156815 -0.29411542 0.7310488
vn 0.38823235 -0.8117585 0.43626112
vn 0.42744774 -0.8117585 0.3979152
vn 0.41960466 -0.8117585 0.40617737
vn 0.36470312 -0.8196016 0.4418652
vn 0.31764466 -0.8117585 0.490051
vn 0.2313708 -0.8196016 0.5241381
vn 0.25490004 -0.80391544 0.53735083
vn 0.17646927 -0.8196016 0.54507965
vn 0.066666186 -0.8196016 0.569042
vn 0.13725388 -0.8117585 0.567635
vn 0.0274508 -0.80391544 0.5941098
vn -0.043136835 -0.8196016 0.57130766
vn -0.12156761 -0.8274447 0.54823047
vn -0.12156761 -0.80391544 0.58218664
vn -0.19215536 -0.8196016 0.5397495
vn -0.22352767 -0.8196016 0.52753067
vn -0.23921382 -0.8117585 0.53275216
vn -0.2862723 -0.79607236 0.53321385
vn 0.552937 -0.31764466 -0.7703003
vn 0.552937 -0.31764466 -0.7703003
vn 0.5372508 -0.31764466 -0.7813216
vn 0.5372508 -0.31764466 -0.7813216
vn 0.36470312 -0.7882293 -0.49566746
vn 0.36470312 -0.7882293 -0.49566746
vn 0.35686004 -0.7882293 -0.5013437
vn 0.35686004 -0.79607236 -0.48879418
vn 0.0039215684 -0.9999924 -0
vn -0.003921509 -0.9999924 -0
vn 0.0039215684 -0.9999924 -0
vn 0.0039215684 -0.9999924 -0
vn -0.7725431 -0.31764466 -0.54979914
vn -0.7882292 -0.30980158 -0.53171206
vn -0.7882292 -0.30980158 -0.53171206
vn -0.7725431 -0.31764466 -0.54979914
vn 0.72548467 0.019607663 -0.68795896
vn 0.6784262 0.003921509 -0.73465806
vn 0.72548467 0.011764526 -0.68813777
vn 0.69411236 -0.0039215684 -0.71985596
vn 0.6470539 -0.0039215684 -0.7624342
vn 0.6705831 0.003921509 -0.74182403
vn 0.6470539 -0.0039215684 -0.7624342
vn 0.6392108 -0.0039215684 -0.7690216
vn 0.63136774 -0.0039215684 -0.77547365
vn 0.45882004 0.003921509 -0.88852054
vn 0.38823235 0.035293818 -0.92088544
vn 0.39607543 0.011764526 -0.9181426
vn 0.4431339 -0.0039215684 -0.8964469
vn 0.49803543 -0.0039215684 -0.8671478
vn 0.46666312 0.003921509 -0.8844265
vn 0.49019235 -0.0039215684 -0.87160546
vn 0.5058785 -0.0039215684 -0.8625958
vn 0.5058785 -0.0039215684 -0.8625958
vn -0.7254846 0.019607663 0.687959
vn -0.67842615 0.003921509 0.7346581
vn -0.7254846 0.003921509 0.68822724
vn -0.6941123 -0.0039215684 0.7198561
vn -0.64705384 -0.0039215684 0.76243424
vn -0.670583 0.003921509 0.74182415
vn -0.64705384 -0.0039215684 0.76243424
vn -0.6392107 -0.0039215684 0.76902163
vn -0.6313677 -0.0039215684 0.7754737
vn 0.552937 -0.22352773 -0.80268055
vn 0.5764662 -0.011764646 -0.8170363
vn 0.5843093 -0.011764646 -0.8114458
vn 0.552937 -0.21568465 -0.80482346
vn 0.56078005 -0.2705862 -0.78250164
vn 0.56078005 -0.2705862 -0.78250164
vn -0.5529369 -0.22352773 0.80268055
vn -0.56862307 -0.0039215684 0.82258886
vn -0.56862307 -0.0039215684 0.82258886
vn -0.5529369 -0.22352773 0.80268055
vn -0.5529369 -0.2705862 0.7880634
vn -0.5529369 -0.2705862 0.7880634
vn 0.0039215684 -0.9999924 -0
vn 0.0039215684 -0.9999924 -0
vn 0.0039215684 -0.9999924 -0
vn -0.003921509 -0.9999924 -0
vn 0.77254313 -0.31764466 0.549799
vn 0.7803862 -0.31764466 0.5386086
vn 0.77254313 -0.31764466 0.549799
vn 0.7882293 -0.31764466 0.527064
vn 0.0039215684 -0.9999924 -0
vn -0.003921509 -0.9999924 -0
vn 0.0039215684 -0.9999924 -0
vn -0.003921509 -0.9999924 -0
vn -0.38823223 -0.8196016 -0.4213418
vn -0.4352907 -0.8117585 -0.3893201
vn -0.38823223 -0.8274447 -0.40572286
vn -0.27842915 -0.8274447 -0.48766026
vn -0.37254608 -0.8117585 -0.4497305
vn -0.3254876 -0.79607236 -0.51022214
vn -0.24705684 -0.80391544 -0.54100174
vn -0.18431222 -0.8274447 -0.5304379
vn -0.074509144 -0.8274447 -0.55658215
vn -0.13725376 -0.8117585 -0.56763506
vn -0.02745068 -0.80391544 -0.5941098
vn 0.043136954 -0.8196016 -0.57130766
vn 0.121567726 -0.8274447 -0.5482304
vn 0.121567726 -0.80391544 -0.5821866
vn 0.19215542 -0.8196016 -0.5397495
vn 0.22352773 -0.8196016 -0.5275306
vn 0.23921388 -0.8117585 -0.53275216
vn 0.28627235 -0.79607236 -0.5332138
vn 0.0039215684 -0.9999924 -0
vn -0.003921509 -0.9999924 -0
vn 0.0039215684 -0.9999924 -0
vn 0.0039215684 -0.9999924 -0
vn -0.44313383 -0.79607236 -0.41219074
vn -0.45882 -0.79607236 -0.39465556
vn -0.45097685 -0.80391544 -0.38773683
vn -0.4039184 -0.80391544 -0.4365431
vn -0.3803892 -0.79607236 -0.47071528
vn -0.34117377 -0.79607236 -0.49986926
vn -0.30195844 -0.80391544 -0.5123876
vn -0.262743 -0.79607236 -0.5451926
vn -0.22352767 -0.80391544 -0.55114
vn -0.1764692 -0.80391544 -0.56795996
vn -0.12941074 -0.79607236 -0.5912036
vn -0.08235228 -0.80391544 -0.5890145
vn -0.035293818 -0.80391544 -0.59369546
vn 0.011764646 -0.80391544 -0.59462726
vn 0.098038495 -0.80391544 -0.5866075
vn 0.05882311 -0.79607236 -0.602336
vn 0.15294003 -0.80391544 -0.5747428
vn 0.22352773 -0.80391544 -0.55114
vn 0.19215542 -0.79607236 -0.573886
vn 0.2705862 -0.79607236 -0.5413427
vn 0.28627235 -0.80391544 -0.5213138
vn 0.3019585 -0.79607236 -0.5244901
vn -0.35685992 -0.80391544 0.47578454
vn -0.3490169 -0.80391544 0.48156735
vn -0.3490169 -0.80391544 0.48156735
vn -0.34117377 -0.80391544 0.48715544
vn 0.52940774 -0.80391544 0.27101183
vn 0.52940774 -0.79607236 0.29325122
vn 0.5372508 -0.79607236 0.2786222
vn 0.552937 -0.80391544 0.2190449
vn 0.5764662 -0.79607236 0.18427022
vn 0.5764662 -0.80391544 0.14631012
vn 0.59215236 -0.80391544 0.05545755
vn 0.6068687 -0.7948022 -0
vn 0.5981219 -0.80140513 -0
vn 0.59215236 -0.80391544 -0.05545755
vn 0.59215236 -0.80391544 -0.05545755
vn 0.5686231 -0.80391544 -0.17432068
vn 0.59215236 -0.79607236 -0.124997616
vn 0.56078005 -0.80391544 -0.19810534
vn 0.52156466 -0.80391544 -0.28581506
vn 0.5450939 -0.79607236 -0.26294762
vn 0.49803543 -0.79607236 -0.3438452
vn 0.4431339 -0.80391544 -0.3966766
vn 0.4745062 -0.79607236 -0.3756497
vn 0.41176158 -0.79607236 -0.44353265
vn 0.39607543 -0.80391544 -0.4436713
vn 0.39607543 -0.79607236 -0.4575949
vn 0.4431339 -0.79607236 0.41219074
vn 0.45882004 -0.79607236 0.3946555
vn 0.45097697 -0.80391544 0.38773668
vn 0.4039185 -0.80391544 0.43654296
vn 0.38038927 -0.79607236 0.47071522
vn 0.3411739 -0.79607236 0.49986914
vn 0.3019585 -0.80391544 0.5123876
vn 0.26274312 -0.79607236 0.54519254
vn 0.22352773 -0.80391544 0.55114
vn 0.17646927 -0.80391544 0.56795996
vn 0.1294108 -0.79607236 0.5912036
vn 0.08235234 -0.80391544 0.5890145
vn 0.035293877 -0.80391544 0.59369546
vn -0.011764526 -0.80391544 0.59462726
vn -0.098038435 -0.80391544 0.5866075
vn -0.05882299 -0.79607236 0.602336
vn -0.15293992 -0.80391544 0.57474285
vn -0.22352767 -0.80391544 0.55114
vn -0.19215536 -0.79607236 0.573886
vn -0.27058613 -0.79607236 0.54134274
vn -0.2862723 -0.80391544 0.52131385
vn -0.30195844 -0.79607236 0.5244902
vn 0.5058785 -0.7882293 0.35040194
vn 0.5058785 -0.7882293 0.35040194
vn 0.5058785 -0.7882293 0.35040194
vn 0.5058785 -0.7882293 0.35040194
vn -0.003921509 -0.9999924 -0
vn -0.003921509 -0.9999924 -0
vn -0.003921509 -0.9999924 -0
vn -0.003921509 -0.9999924 -0
vn 0.52156466 -0.8117585 0.26271358
vn 0.5137216 -0.8117585 0.27773774
vn 0.52940774 -0.8117585 0.24652703
vn 0.5450939 -0.8196016 0.17642517
vn 0.56078005 -0.8117585 0.16301502
vn 0.5686231 -0.8117585 0.13310099
vn 0.5686231 -0.8196016 0.07014955
vn 0.5843093 -0.80391544 0.110917255
vn 0.5752995 -0.8179428 -0
vn 0.552937 -0.8196016 -0.15004641
vn 0.59215236 -0.79607236 -0.124997616
vn 0.5450939 -0.8117585 -0.20957279
vn 0.5137216 -0.8196016 -0.25365987
vn 0.4745062 -0.8274447 -0.3002985
vn 0.49803543 -0.80391544 -0.3250856
vn 0.4431339 -0.8196016 -0.36316055
vn 0.42744774 -0.8196016 -0.38149917
vn 0.41960466 -0.8117585 -0.40617737
vn 0.4039185 -0.79607236 -0.45068684
vn 0.6078385 -0.011764646 -0.79397357
vn 0.6078385 -0.011764646 -0.79397357
vn 0.6156816 -0.019607723 -0.787751
vn 0.6156816 -0.0274508 -0.7875168
vn 0.5686231 -0.011764646 -0.82251406
vn 0.56078005 -0.0039215684 -0.82795554
vn 0.5764662 -0.0039215684 -0.81711155
vn 0.5764662 -0.0039215684 -0.81711155
vn 0.5764662 -0.0039215684 -0.81711155
vn 0.5764662 -0.0039215684 -0.81711155
vn 0.5764662 -0.0039215684 -0.81711155
vn 0.5764662 -0.0039215684 -0.81711155
vn 0.5764662 0.003921509 -0.81711155
vn 0.5764662 0.003921509 -0.81711155
vn -0.5215646 -0.8274447 -0.2081002
vn -0.51372147 -0.8117585 -0.27773795
vn -0.5215646 -0.8196016 -0.2371151
vn -0.5529369 -0.8274447 -0.097959734
vn -0.5450938 -0.8117585 -0.20957308
vn -0.59215224 -0.79607236 -0.12499833
vn -0.58420146 -0.8116088 -0
vn -0.5607799 -0.8274447 0.029346678
vn -0.5529369 -0.8274447 0.097959734
vn -0.59215224 -0.79607236 0.12499833
vn -0.5450938 -0.8117585 0.20957308
vn -0.51372147 -0.8196016 0.2536601
vn -0.47450614 -0.8274447 0.30029863
vn -0.4980353 -0.80391544 0.3250858
vn -0.44313383 -0.8196016 0.36316055
vn -0.42744768 -0.8196016 0.38149932
vn -0.41960454 -0.8117585 0.40617752
vn -0.4039184 -0.79607236 0.45068696
vn -0.2862723 -0.70195544 0.65215546
vn -0.30980146 -0.7097985 0.6326209
vn -0.2862723 -0.7097985 0.64361036
vn -0.30980146 -0.7097985 0.6326209
vn -0.37254608 -0.7097985 0.59782565
vn -0.37254608 -0.7097985 0.59782565
vn -0.4352907 -0.7097985 0.5538123
vn -0.4352907 -0.7097985 0.5538123
vn -0.4901923 -0.7097985 0.5058632
vn -0.4901923 -0.7097985 0.5058632
vn -0.51372147 -0.7097985 0.48195055
vn -0.51372147 -0.70195544 0.49330398
vn -0.53725076 -0.7097985 0.45557407
vn -0.34117377 -0.77254313 0.53551614
vn -0.45882 -0.756857 0.46545863
vn -0.12941074 -0.7882293 0.60162073
vn 0.05882311 -0.77254313 0.6322317
vn 0.1999985 -0.756857 0.6222283
vn 0.26274312 -0.7176416 0.644947
vn 0.62352467 -0.77254313 -0.11997543
vn 0.5842015 -0.8116088 -0
vn 0.6068687 -0.7948022 -0
vn 0.66274005 -0.73332775 -0.15167756
vn 0.552937 -0.011764646 -0.83314
vn 0.552937 -0.011764646 -0.83314
vn 0.5686231 -0.0039215684 -0.8225888
vn 0.5764662 -0.0039215684 -0.81711155
vn 0.5764662 -0.0039215684 -0.81711155
vn 0.5686231 -0.011764646 -0.82251406
vn 0.49803543 -0.035293877 -0.86643815
vn 0.49803543 -0.035293877 -0.86643815
vn 0.5764662 -0.0039215684 -0.81711155
vn 0.5764662 -0.0039215684 -0.81711155
vn 0.5764662 -0.0039215684 -0.81711155
vn 0.5764662 -0.0039215684 -0.81711155
vn 0.5686231 -0.019607723 -0.82236445
vn 0.5686231 -0.019607723 -0.82236445
vn -0.8117584 -0.5372508 -0.228932
vn -0.8431307 -0.5372508 0.022185251
vn -0.79607224 -0.5372508 -0.2786226
vn -0.7803861 -0.52156466 -0.34491715
vn -0.7882292 -0.52156466 -0.3265961
vn -0.7490138 -0.52156466 -0.40859354
vn -0.7333276 -0.52156466 -0.43612024
vn -0.7019553 -0.52940774 -0.4764307
vn -0.6941123 -0.52940774 -0.48778644
vn -0.65489686 -0.52940774 -0.5392936
vn -0.66274 -0.52156466 -0.5373509
vn -0.6156815 -0.52940774 -0.58366406
vn -0.59215224 -0.52940774 -0.6075222
vn -0.56862307 -0.52940774 -0.6295993
vn -0.5450938 -0.52940774 -0.6500771
vn -0.50587845 -0.52156466 -0.68706423
vn -0.3176446 -0.52940774 -0.7866571
vn 0.0039215684 -0.9999924 -0
vn 0.0039215684 -0.9999924 -0
vn 0.0039215684 -0.9999924 -0
vn 0.0039215684 -0.9999924 -0
vn 0.5686231 0.003921509 -0.8225888
vn 0.45097697 0.003921509 -0.892527
vn 0.5686231 0.003921509 -0.8225888
vn 0.6784262 0.003921509 -0.73465806
vn 0.49803543 -0.011764646 -0.8670769
vn 0.7097985 -0.0039215684 -0.70439386
vn 0.83528775 0.003921509 -0.549799
vn 0.858817 -0.0039215684 -0.51226753
vn 0.9529339 0.003921509 -0.30315277
vn 0.9529339 0.003921509 -0.30315277
vn 0.25490004 -0.0039215684 -0.9669595
vn 0.23921388 0.003921509 -0.970959
vn -0.003921509 0.003921509 -0.9999846
vn -0.019607663 -0.0039215684 -0.9998001
vn -0.23137069 0.003921509 -0.9728578
vn -0.27058613 -0.0039215684 -0.9626878
vn -0.44313383 0.003921509 -0.8964469
vn -0.48234916 -0.0039215684 -0.87597024
vn -0.6156815 0.003921509 -0.7879853
vn -0.670583 -0.0039215684 -0.74182415
vn 0.99993086 0.011763803 -0
vn 0.9999924 -0.0039215684 -0
vn 0.9843062 -0.0039215684 0.17642535
vn 0.96862006 0.011764526 0.24826749
vn 0.9294047 -0.0039215684 0.36904138
vn 0.9137185 -0.0039215684 0.40632877
vn -0.7725431 0.003921509 -0.6349503
vn 0.8196016 -0.0039215684 0.57292044
vn 0.8117585 0.003921509 0.5839801
vn 0.8117585 0.003921509 0.5839801
vn 0.7176416 0.003921509 0.6964016
vn 0.6705831 -0.0039215684 0.74182403
vn 0.6156816 0.003921509 0.78798527
vn 0.48234928 -0.0039215684 0.8759702
vn 0.4431339 0.003921509 0.8964469
vn 0.2705862 -0.0039215684 0.96268773
vn 0.2313708 0.003921509 0.9728577
vn 0.035293877 -0.0039215684 0.99936926
vn 0.011764646 0.003921509 0.9999231
vn -0.21568453 -0.0039215684 0.9764552
vn -0.23921382 0.003921509 0.970959
vn -0.47450614 -0.0039215684 0.8802435
vn -0.38823223 0.003921509 0.9215532
vn -0.5764661 0.003921509 0.8171117
vn -0.5843092 -0.0039215684 0.81152165
vn -0.6941123 -0.0039215684 0.7198561
vn -0.7254846 0.003921509 0.68822724
vn -0.8352877 0.003921509 0.54979914
vn -0.85881686 -0.0039215684 0.5122677
vn -0.9450908 0.003921509 0.3267844
vn -0.9529338 -0.0039215684 0.30315316
vn -0.99214923 0.003921509 0.12499809
vn -0.99999225 -0.0039215684 -0.00034425134
vn -0.99214923 0.003921509 -0.12499809
vn -0.99214923 -0.0039215684 -0.124998085
vn -0.9529338 0.003921509 -0.30315316
vn -0.9294046 -0.0039215684 -0.36904156
vn -0.91371846 -0.0039215684 -0.40632892
vn -0.81960154 -0.0039215684 -0.57292056
vn -0.8117584 0.003921509 -0.58398026
vn -0.8117584 0.003921509 -0.58398026
vn 0.8117585 0.003921509 0.5839801
vn 0.8196016 -0.019607723 0.5725983
vn 0.8117585 -0.0039215684 0.5839801
vn 0.8196016 -0.019607723 0.5725983
vn 0.8196016 -0.0039215684 0.57292044
vn 0.8196016 -0.0039215684 0.57292044
vn 0.8196016 -0.0039215684 0.57292044
vn 0.8196016 -0.0039215684 0.57292044
vn 0.8196016 -0.0039215684 0.57292044
vn 0.8196016 -0.0039215684 0.57292044
vn 0.8196016 -0.0039215684 0.57292044
vn 0.8196016 -0.0039215684 0.57292044
vn 0.8196016 -0.0039215684 0.57292044
vn 0.8196016 -0.0039215684 0.57292044
vn 0.8196016 0.003921509 0.57292044
vn 0.8196016 0.003921509 0.57292044
vn 0.0039215684 -0.9999924 -0
vn -0.003921509 -0.9999924 -0
vn -0.003921509 -0.9999924 -0
vn 0.0039215684 -0.9999924 -0
vn -0.5294076 -0.80391544 -0.27101204
vn -0.5294076 -0.79607236 -0.2932514
vn -0.53725076 -0.79607236 -0.27862242
vn -0.5529369 -0.80391544 -0.21904503
vn -0.5764661 -0.79607236 -0.18427055
vn -0.5764661 -0.80391544 -0.14631052
vn -0.59215224 -0.80391544 -0.055459164
vn -0.6068686 -0.7948023 -0
vn -0.5981218 -0.80140513 -0
vn -0.59215224 -0.80391544 0.055459164
vn -0.59215224 -0.80391544 0.055459164
vn -0.56862307 -0.80391544 0.17432085
vn -0.59215224 -0.79607236 0.12499833
vn -0.5607799 -0.80391544 0.19810563
vn -0.5215646 -0.80391544 0.28581518
vn -0.5450938 -0.79607236 0.26294783
vn -0.4980353 -0.79607236 0.34384537
vn -0.44313383 -0.80391544 0.3966766
vn -0.47450614 -0.79607236 0.37564975
vn -0.41176152 -0.79607236 0.4435327
vn -0.39607537 -0.80391544 0.4436713
vn -0.39607537 -0.79607236 0.4575949
vn -0.38823223 -0.70195544 0.5971049
vn -0.37254608 -0.7097985 0.59782565
vn -0.39607537 -0.7097985 0.5825035
vn -0.41176152 -0.70195544 0.5811291
vn -0.41960454 -0.70195544 0.5754916
vn -0.41960454 -0.7097985 0.5657898
vn -0.4352907 -0.7097985 0.5538123
vn -0.41176152 -0.70195544 0.5811291
vn -0.41176152 -0.70195544 0.5811291
vn -0.50587845 -0.0039215684 0.86259586
vn -0.50587845 -0.0039215684 0.86259586
vn -0.4901923 -0.0039215684 0.8716055
vn -0.4980353 -0.0039215684 0.86714786
vn -0.466663 0.003921509 0.8844265
vn -0.45882 0.003921509 0.8885206
vn -0.44313383 -0.0039215684 0.8964469
vn -0.4039184 0.003921509 0.91478664
vn -0.39607537 0.019607663 0.9180086
vn 0.4352908 -0.7097985 -0.5538122
vn 0.41960466 -0.70195544 -0.57549155
vn 0.41960466 -0.7097985 -0.5657897
vn 0.41176158 -0.70195544 -0.581129
vn 0.38823235 -0.70195544 -0.59710485
vn 0.39607543 -0.7097985 -0.5825035
vn 0.3725462 -0.7097985 -0.5978256
vn 0.41176158 -0.70195544 -0.581129
vn 0.41176158 -0.70195544 -0.581129
vn -0.56862307 -0.019607723 0.8223645
vn -0.56862307 -0.019607723 0.8223645
vn -0.5764661 -0.0039215684 0.8171117
vn -0.5764661 -0.0039215684 0.8171117
vn -0.5764661 -0.0039215684 0.8171117
vn -0.5764661 -0.0039215684 0.8171117
vn -0.5764661 -0.0039215684 0.8171117
vn -0.5764661 -0.0039215684 0.8171117
vn -0.5764661 -0.0039215684 0.8171117
vn -0.5764661 -0.0039215684 0.8171117
vn -0.56862307 -0.0039215684 0.82258886
vn -0.56862307 -0.0039215684 0.82258886
vn -0.56862307 -0.0039215684 0.82258886
vn -0.56862307 -0.0039215684 0.82258886
vn -0.5764661 -0.0039215684 0.8171117
vn -0.5764661 -0.0039215684 0.8171117
vn -0.5764661 0.003921509 0.8171117
vn -0.5764661 0.003921509 0.8171117
vn -0.5764661 -0.0039215684 0.8171117
vn -0.5764661 -0.0039215684 0.8171117
vn -0.5843092 -0.0039215684 0.81152165
vn -0.5843092 -0.0039215684 0.81152165
vn -0.5764661 -0.0039215684 0.8171117
vn -0.5764661 -0.0039215684 0.8171117
vn -0.5764661 -0.0039215684 0.8171117
vn -0.5764661 -0.0039215684 0.8171117
vn -0.5764661 0.003921509 0.8171117
vn -0.5764661 0.003921509 0.8171117
vn 0.5137216 -0.70195544 -0.49330384
vn 0.5137216 -0.7097985 -0.4819504
vn 0.49019235 -0.7097985 -0.50586313
vn 0.49019235 -0.7097985 -0.50586313
vn 0.4352908 -0.7097985 -0.5538122
vn 0.4352908 -0.7097985 -0.5538122
vn 0.3725462 -0.7097985 -0.5978256
vn 0.3725462 -0.7097985 -0.5978256
vn 0.30980158 -0.7097985 -0.6326208
vn 0.30980158 -0.7097985 -0.6326208
vn 0.28627235 -0.7097985 -0.6436103
vn 0.28627235 -0.7097985 -0.6436103
vn -0.99214923 -0.019607723 0.12351291
vn -0.99214923 -0.0039215684 0.124998085
vn -0.99214923 0.011764526 0.124505006
vn -0.9996234 0.027440555 -0
vn 0.9921493 -0.019607723 -0.123512425
vn 0.9921493 -0.0039215684 -0.12499761
vn 0.9921493 0.011764526 -0.12450453
vn 0.9996234 0.027440554 -0
vn -0.18431222 0.003921509 -0.9828599
vn -0.16078305 -0.011764646 -0.98691964
vn -0.19999838 0.011764526 -0.9797256
vn -0.22352767 0.02745068 -0.974311
vn 0.18431234 0.003921509 0.9828599
vn 0.16078311 -0.011764646 0.98691964
vn 0.1999985 0.011764526 0.97972554
vn 0.22352773 0.02745068 0.97431093
vn -0.36470306 -0.77254313 0.51977766
vn -0.36470306 -0.77254313 0.51977766
vn -0.37254608 -0.77254313 0.51418525
vn -0.36470306 -0.76470006 0.53124905
vn -0.81960154 0.003921509 -0.57292056
vn -0.81960154 -0.0039215684 -0.57292056
vn -0.81960154 0.003921509 -0.57292056
vn -0.81960154 0.003921509 -0.57292056
vn -0.7882292 0.019607663 -0.6150693
vn -0.7882292 0.019607663 -0.6150693
vn -0.81960154 0.011764526 -0.57281315
vn -0.82744455 0.003921509 -0.56153375
vn -0.8431307 -0.019607723 -0.5373511
vn -0.8431307 -0.019607723 -0.5373511
vn -0.81960154 -0.0039215684 -0.57292056
vn -0.81960154 -0.0039215684 -0.57292056
vn -0.81960154 -0.019607723 -0.57259834
vn -0.82744455 -0.05098003 -0.55922854
vn -0.8117584 -0.30980158 -0.49504676
vn -0.8039154 -0.36470312 -0.46979964
vn -0.003921509 -0.9999924 -0
vn -0.003921509 -0.9999924 -0
vn -0.003921509 -0.9999924 -0
vn -0.003921509 -0.9999924 -0
vn -0.003921509 -0.9999924 -0
vn -0.003921509 -0.9999924 -0
vn -0.003921509 -0.9999924 -0
vn -0.003921509 -0.9999924 -0
vn -0.6313677 -0.77254313 0.06746812
vn -0.6078384 -0.7882293 0.09605778
vn -0.670583 -0.73332775 0.112021714
vn -0.58420146 -0.8116088 -0
vn -0.81960154 0.003921509 -0.57292056
vn -0.81960154 -0.0039215684 -0.57292056
vn -0.81960154 0.003921509 -0.57292056
vn -0.81960154 -0.0039215684 -0.57292056
vn -0.81960154 -0.0039215684 -0.57292056
vn -0.81960154 -0.0039215684 -0.57292056
vn -0.81960154 0.003921509 -0.57292056
vn -0.81960154 -0.0039215684 -0.57292056
vn -0.81960154 -0.0039215684 -0.57292056
vn -0.81960154 -0.0039215684 -0.57292056
vn -0.81960154 -0.0039215684 -0.57292056
vn -0.81960154 -0.0039215684 -0.57292056
vn -0.82744455 0.02745068 -0.5608761
vn -0.82744455 0.035293818 -0.5604372
vn -0.81960154 0.003921509 -0.57292056
vn -0.81960154 0.003921509 -0.57292056
vn 0.8196016 0.003921509 0.57292044
vn 0.8196016 -0.0039215684 0.57292044
vn 0.8196016 0.003921509 0.57292044
vn 0.8196016 -0.0039215684 0.57292044
vn 0.80391544 -0.0039215684 0.5947307
vn 0.80391544 -0.0039215684 0.5947307
vn 0.8196016 -0.0039215684 0.57292044
vn 0.8196016 -0.0039215684 0.57292044
vn 0.8196016 -0.0039215684 0.57292044
vn 0.8196016 -0.0039215684 0.57292044
vn 0.8196016 -0.0039215684 0.57292044
vn 0.8196016 0.003921509 0.57292044
vn 0.8117585 -0.05098003 0.5817638
vn 0.8196016 -0.0274508 0.5722759
vn 0.7411708 -0.3019585 0.59957224
vn 0.7176416 -0.34901696 0.60264224
vn 0.34901696 -0.79607236 -0.4944249
vn 0.34901696 -0.79607236 -0.4944249
vn 0.34901696 -0.79607236 -0.4944249
vn 0.34901696 -0.79607236 -0.4944249
vn 0.90587544 -0.3725462 0.2014919
vn 0.9921493 -0.0274508 0.122009166
vn 0.9921493 -0.019607723 0.123512425
vn 0.9294047 -0.25490004 0.2668949
vn 0.7803862 -0.62352467 -0.047056798
vn 0.6705831 -0.7411708 -0.031369932
vn 0.6470539 -0.73332775 -0.2086904
vn 0.552937 -0.7803862 -0.29198983
vn 0.6078385 -0.7490139 -0.2636486
vn 0.41176158 -0.73332775 -0.5410017
vn 0.30980158 -0.7803862 -0.54315776
vn 0.19215542 -0.7882293 -0.5846117
vn 0.035293877 -0.7803862 -0.62430096
vn -0.27058613 -0.6705831 -0.69072527
vn -0.36470306 -0.7882293 -0.49566752
vn -0.56862307 -0.7097985 -0.415757
vn -0.6156815 -0.77254313 -0.15528476
vn -0.7176415 -0.69411236 -0.056557428
vn -0.4039184 -0.90587544 0.12743463
vn -0.23921382 -0.9137185 0.32847404
vn -0.35685992 -0.77254313 0.52519333
vn -0.3803892 -0.63136774 0.6757802
vn -0.5529369 -0.59215236 0.586188
vn -0.44313383 -0.28627235 0.8495178
vn 0.0039215684 -0.6470539 0.7624342
vn -0.011764526 -0.76470006 0.644279
vn 0.07450926 -0.56078005 0.8246054
vn 0.5843093 -0.3333308 0.73991436
vn 0.63136774 -0.20784158 0.7471122
vn 0.6470539 -0.121567726 0.7526902
vn -0.48234916 -0.8117585 -0.32922244
vn -0.466663 -0.8117585 -0.3511036
vn -0.47450614 -0.8117585 -0.34042922
vn -0.4901923 -0.80391544 -0.33679587
vn 0.48234928 -0.8117585 0.32922226
vn 0.46666312 -0.8117585 0.3511035
vn 0.4745062 -0.8117585 0.34042913
vn 0.49019235 -0.80391544 0.33679578
vn -0.4980353 -0.79607236 -0.34384537
vn -0.4980353 -0.79607236 -0.34384537
vn -0.4980353 -0.79607236 -0.34384537
vn -0.4980353 -0.79607236 -0.34384537
vn 0.0039215684 -0.9999924 -0
vn 0.0039215684 -0.9999924 -0
vn -0.003921509 -0.9999924 -0
vn 0.0039215684 -0.9999924 -0
vn 0.0039215684 -0.9999924 -0
vn 0.0039215684 -0.9999924 -0
vn -0.003921509 -0.9999924 -0
vn 0.0039215684 -0.9999924 -0
vn -0.003921509 -0.9999924 -0
vn 0.0039215684 -0.9999924 -0
vn -0.003921509 -0.9999924 -0
vn -0.003921509 -0.9999924 -0
vn 0.0039215684 -0.9999924 -0
vn -0.003921509 -0.9999924 -0
vn -0.003921509 -0.9999924 -0
vn -0.003921509 -0.9999924 -0
vn -0.8431307 -0.16078311 -0.5131076
vn -0.9215615 -0.14509696 -0.360099
vn -0.8352877 -0.16862619 -0.5233161
vn -0.85097384 -0.41960466 -0.3158725
vn -0.88234615 -0.28627235 -0.37351498
vn -0.76469994 -0.63136774 0.12887515
vn -0.6941123 -0.654897 0.29886132
vn -0.82744455 -0.49019235 0.27394703
vn -0.6313677 -0.654897 0.41531292
vn -0.45882 -0.8431308 0.28038293
vn -0.44313383 -0.86666006 0.2292002
vn -0.21568453 -0.7803862 0.5869221
vn -0.12941074 -0.8509739 0.509015
vn 0.08235234 -0.8509739 0.5187114
vn 0.1999985 -0.87450314 0.4418652
vn 0.63136774 -0.59215236 0.5007298
vn 0.6784262 -0.6705831 0.30009356
vn 0.7803862 -0.59999543 0.17607617
vn 0.24705696 -0.9215616 -0.29947805
vn 0.15294003 -0.93724775 -0.3133305
vn 0.38038927 -0.80391544 -0.45719138
vn 0.13725388 -0.8431308 -0.5198959
vn 0.14509696 -0.77254313 -0.61816174
vn -0.003921509 -0.7411708 -0.67130506
vn -0.05882299 -0.756857 -0.6509281
vn 0.0039215684 -0.52156466 -0.85320276
vn -0.6392107 -0.3725462 -0.67276967
vn -0.27058613 -0.7411708 -0.61436874
vn -0.6941123 -0.25490004 -0.67322665
vn -0.7176415 -0.16078311 -0.67759836
vn -0.70979846 -0.13725388 -0.6909034
vn -0.70979846 -0.10588157 -0.6964016
vn -0.5529369 -0.31764466 0.7703003
vn -0.5607799 -0.31764466 0.7646095
vn -0.5607799 -0.31764466 0.7646095
vn -0.5529369 -0.31764466 0.7703003
vn 0.0039215684 0.99999225 -0.00034526698
vn 0.0039215684 0.99999225 -0.00034526698
vn 0.0039215684 0.99999225 -0.00034526698
vn 0.0039215684 0.99999225 -0.00034526698
vn -0.003921509 0.99999225 -0.00034526698
vn -0.003921509 0.99999225 -0.00034526698
vn -0.003921509 0.99999225 -0.00034526698
vn -0.003921509 0.99999225 -0.00034526698
vn -0.003921509 0.99999225 -0.00034526698
vn -0.003921509 0.99999225 -0.00034526698
vn -0.003921509 0.99999225 -0.00034526698
vn -0.003921509 0.99999225 -0.00034526698
vn 0.0039215684 0.99999225 -0.00034526698
vn 0.0039215684 0.99999225 -0.00034526698
vn 0.0039215684 0.99999225 -0.00034526698
vn 0.0039215684 0.99999225 -0.00034526698
vn -0.16078305 0.7490138 -0.6427497
vn -0.098038435 0.7333276 -0.67276967
vn -0.10588145 0.7490138 -0.6540394
vn -0.27842915 0.74117076 -0.6108544
vn -0.4039184 0.7568569 -0.5138264
vn -0.5450938 0.74117076 -0.39184007
vn -0.5764661 0.70979846 -0.40481225
vn -0.62352455 0.7568569 -0.19592023
vn -0.66274 0.74117076 -0.10696536
vn -0.6626585 0.74892175 -0
vn -0.64705384 0.7490138 0.14247712
vn -0.66274 0.7333276 0.15167814
vn 0.5764662 0.70979846 0.4048121
vn 0.62352467 0.7725431 -0.11997593
vn 0.5764662 0.70979846 0.4048121
vn 0.5843093 0.70979846 0.3934067
vn 0.6705831 0.70979846 0.21564874
vn 0.7071068 0.70710677 -0
vn 0.6862693 0.70979846 -0.15881005
vn 0.5686231 0.67842615 -0.46519428
vn 0.5372508 0.65489686 -0.5314806
vn 0.41960466 0.67842615 -0.6030505
vn 0.31764466 0.65489686 -0.68572
vn 0.24705696 0.67842615 -0.69188213
vn -0.10588145 0.7725431 -0.62607217
vn -0.066666126 0.70979846 -0.70124304
vn -0.262743 0.70979846 -0.65356886
vn -0.44313383 0.70979846 -0.5475569
vn -0.56862307 0.70979846 -0.4157571
vn -0.5764661 0.70979846 -0.40481225
vn -0.5764661 0.70979846 -0.40481225
vn 0.10588157 0.7725431 0.6260721
vn 0.5764662 0.70979846 0.4048121
vn 0.5764662 0.70979846 0.4048121
vn 0.5686231 0.70979846 0.415757
vn 0.4352908 0.70979846 0.55381227
vn 0.26274312 0.70979846 0.6535688
vn 0.066666186 0.70979846 0.70124304
vn -0.24705684 0.67842615 0.69188213
vn -0.3176446 0.65489686 0.6857201
vn -0.41960454 0.67842615 0.6030506
vn -0.53725076 0.65489686 0.5314807
vn -0.56862307 0.67842615 0.46519434
vn -0.62352455 0.7725431 0.11997642
vn -0.68626916 0.70979846 0.15881042
vn -0.70710677 0.70710677 -0
vn -0.670583 0.70979846 -0.21564916
vn -0.5843092 0.70979846 -0.39340678
vn -0.5764661 0.70979846 -0.40481225
vn -0.5764661 0.70979846 -0.40481225
vn 0.66274005 0.7333276 -0.15167795
vn 0.6626585 0.74892163 -0
vn 0.6470539 0.7490138 -0.14247671
vn 0.66274005 0.74117076 0.10696508
vn 0.62352467 0.7568569 0.19591992
vn 0.5450939 0.74117076 0.39183992
vn 0.5764662 0.70979846 0.4048121
vn 0.4039185 0.7568569 0.51382625
vn 0.27842927 0.74117076 0.6108543
vn 0.16078311 0.7490138 0.6427497
vn 0.10588157 0.7490138 0.6540393
vn 0.098038495 0.7333276 0.67276967
vn -0.36470306 -0.0274508 -0.9307192
vn -0.4352907 -0.0039215684 -0.9002814
vn -0.42744768 -0.0274508 -0.9036233
vn -0.27842915 -0.0274508 -0.9600644
vn -0.12941074 -0.043136954 -0.9906524
vn 0.011764646 -0.0274508 -0.9995539
vn 0.10588157 -0.0274508 -0.9939998
vn 0.16862619 -0.0274508 -0.98529774
vn 0.18431234 -0.0039215684 -0.9828599
vn -0.003921509 0.99999225 -0.00034526698
vn -0.003921509 0.99999225 -0.00034526698
vn -0.003921509 0.99999225 -0.00034526698
vn -0.003921509 0.99999225 -0.00034526698
vn -0.003921509 0.99999225 -0.00034526698
vn -0.003921509 0.99999225 -0.00034526698
vn -0.003921509 0.99999225 -0.00034526698
vn -0.003921509 0.99999225 -0.00034526698
vn -0.003921509 0.99999225 -0.00034526698
vn -0.56862307 0.0901953 0.81763846
vn -0.56862307 0.0901953 0.81763846
vn -0.56862307 0.0901953 0.81763846
vn -0.56862307 0.0901953 0.81763846
vn 0.8196016 0.003921509 0.57292044
vn 0.8196016 0.003921509 0.57292044
vn 0.8196016 0.003921509 0.57292044
vn 0.8196016 0.003921509 0.57292044
vn -0.003921509 0.99999225 -0.00034526698
vn -0.003921509 0.99999225 -0.00034526698
vn -0.003921509 0.99999225 -0.00034526698
vn -0.003921509 0.99999225 -0.00034526698
vn -0.003921509 0.99999225 -0.00034526698
vn -0.003921509 0.99999225 -0.00034526698
vn -0.003921509 0.99999225 -0.00034526698
vn -0.003921509 0.99999225 -0.00034526698
vn -0.003921509 0.99999225 -0.00034526698
vn 0.5686231 0.0901953 -0.8176384
vn 0.5686231 0.0901953 -0.8176384
vn 0.5686231 0.0901953 -0.8176384
vn 0.5686231 0.0901953 -0.8176384
vn -0.003921509 0.99999225 -0.00034526698
vn -0.003921509 0.99999225 -0.00034526698
vn -0.003921509 0.99999225 -0.00034526698
vn -0.003921509 0.99999225 -0.00034526698
vn -0.003921509 0.99999225 -0.00034526698
vn -0.003921509 0.99999225 -0.00034526698
vn -0.003921509 0.99999225 -0.00034526698
vn -0.003921509 0.99999225 -0.00034526698
vn -0.003921509 0.99999225 -0.00034526698
vn -0.24705684 0.9058753 0.34402445
vn -0.24705684 0.9058753 0.34402445
vn -0.24705684 0.9058753 0.34402445
vn -0.24705684 0.9058753 0.34402445
vn -0.8039154 -0.0039215684 -0.5947308
vn -0.79607224 -0.011764646 -0.6050873
vn -0.82744455 0.011764526 -0.5614242
vn -0.82744455 0.019607663 -0.561205
vn -0.82744455 0.035293818 -0.5604372
vn -0.81960154 0.050979972 -0.5706613
vn -0.003921509 -0.9999924 -0
vn -0.003921509 -0.9999924 -0
vn -0.011763803 -0.99993086 -0
vn -0.003921509 -0.9999924 -0
vn 0.0039215684 -0.9999924 -0
vn 0.0039215684 -0.9999924 -0
vn 0.0039215684 -0.9999924 -0
vn 0.0039215684 -0.9999924 -0
vn 0.0039215684 -0.9999924 -0
vn 0.5764662 0.003921509 -0.81711155
vn 0.48234928 0.003921509 -0.8759702
vn 0.4352908 -0.0039215684 -0.90028137
vn 0.5764662 -0.0039215684 -0.81711155
vn 0.32548773 0.011764526 -0.9454731
vn 0.13725388 0.003921509 -0.9905281
vn 0.08235234 0.003921509 -0.99659556
vn -0.13725376 0.003921509 -0.99052817
vn -0.16862607 0.003921509 -0.9856723
vn -0.39607537 0.003921509 -0.9182096
vn -0.39607537 0.003921509 -0.9182096
vn -0.51372147 0.019607663 -0.85773295
vn -0.62352455 0.011764526 -0.7817153
vn 0.69411236 -0.0039215684 -0.71985596
vn 0.66274005 0.003921509 -0.74883926
vn 0.7803862 0.011764526 -0.62518716
vn 0.8823462 0.003921509 -0.4705845
vn 0.90587544 0.003921509 -0.42352602
vn 0.97646314 0.003921509 -0.21564874
vn 0.9843062 0.003921509 -0.17642535
vn 0.9999924 0.003921509 -0
vn 0.9999924 0.003921509 -0
vn 0.9843062 0.019607663 0.17537622
vn 0.9529339 0.003921509 0.30315277
vn -0.6313677 -0.011764646 -0.7753944
vn -0.3254876 -0.035293877 -0.94488734
vn -0.15293992 0.05882299 -0.9864833
vn -0.7019553 -0.0039215684 -0.71221024
vn -0.7176415 -0.0039215684 -0.6964017
vn -0.670583 0.003921509 -0.74182415
vn -0.76469994 -0.0039215684 -0.6443746
vn -0.7490138 0.019607663 -0.6622642
vn -0.7254846 0.019607663 -0.687959
vn -0.68626916 0.39607537 -0.6100483
vn -0.7803861 0.043136835 -0.62380826
vn -0.74117076 0.38823223 -0.5476693
vn -0.81960154 -0.0039215684 -0.57292056
vn -0.5764661 0.62352455 -0.5281136
vn -0.81960154 0.02745068 -0.57227594
vn -0.85097384 0.074509144 -0.51989603
vn -0.874503 -0.0039215684 -0.4850042
vn -0.874503 0.019607663 -0.48462355
vn -0.9058753 -0.0039215684 -0.4235263
vn -0.8117584 0.38823223 -0.43626145
vn -0.8901892 0.019607663 -0.45516893
vn -0.8980323 -0.0039215684 -0.439912
vn -0.9294046 -0.0039215684 -0.36904156
vn -0.9529338 0.003921509 -0.30315316
vn -0.93724763 0.003921509 -0.34864238
vn -0.9450908 -0.011764646 -0.32659608
vn -0.9843061 0.019607663 -0.1753769
vn -0.9993777 -0.03527219 -0
vn -0.9764631 0.05882299 0.20750839
vn -0.99999225 0.003921509 -0.00034492963
vn -0.99999225 -0.0039215684 -0.00034425134
vn -0.9843061 0.003921509 0.17642602
vn -0.9764631 0.003921509 0.21564901
vn -0.9058753 0.003921509 0.4235263
vn -0.88234615 0.003921509 0.47058466
vn -0.7803861 0.011764526 0.6251873
vn -0.6941123 -0.0039215684 0.7198561
vn -0.5764661 -0.0039215684 0.8171117
vn -0.5764661 0.003921509 0.8171117
vn -0.66274 0.003921509 0.7488393
vn -0.4352907 -0.0039215684 0.9002814
vn -0.48234916 0.003921509 0.87597024
vn -0.3254876 0.011764526 0.94547313
vn -0.13725376 0.003921509 0.99052817
vn -0.08235228 0.003921509 0.99659556
vn 0.13725388 0.003921509 0.9905281
vn 0.16862619 0.003921509 0.98567224
vn 0.39607543 0.003921509 0.9182096
vn 0.39607543 0.003921509 0.9182096
vn 0.5137216 0.019607663 0.8577329
vn 0.6078385 0.003921509 0.794051
vn 0.63136774 -0.011764646 0.7753943
vn 0.32548773 -0.035293877 0.94488734
vn 0.15294003 0.05882299 0.9864832
vn 0.70195544 -0.0039215684 0.71221006
vn 0.6705831 -0.0039215684 0.74182403
vn 0.6470539 0.003921509 0.7624342
vn 0.72548467 -0.0039215684 0.6882271
vn 0.76470006 -0.0039215684 0.6443745
vn 0.7490139 0.019607663 0.6622641
vn 0.72548467 0.019607663 0.68795896
vn 0.69411236 0.38823223 0.6062044
vn 0.7803862 0.074509144 0.62084275
vn 0.76470006 0.38823223 0.51430494
vn 0.8196016 -0.0039215684 0.57292044
vn 0.8196016 0.02745068 0.5722759
vn 0.8509739 0.043136835 0.5234335
vn 0.86666006 -0.0039215684 0.49888372
vn 0.62352467 0.6078384 0.4916803
vn 0.5764662 0.62352455 0.5281135
vn 0.5764662 0.670583 0.46691018
vn 0.5450939 0.67842615 0.49255517
vn 0.66274005 0.6313677 0.40267912
vn 0.34901696 0.9058753 0.23995224
vn 0.32548773 0.8980323 0.2959657
vn 0.13725388 0.9843061 0.11091833
vn 0.08235234 0.99214923 0.09411676
vn 0.63136774 0.67842615 0.37564972
vn 0.6862693 0.62352455 0.37450185
vn 0.66274005 0.66274 0.34864214
vn 0.8117585 0.39607537 0.42915314
vn 0.34901696 0.9215615 0.17003408
vn 0.098038495 0.99214923 0.07764248
vn 0.87450314 0.019607663 0.48462337
vn 0.8901893 0.019607663 0.45516872
vn 0.89803237 -0.0039215684 0.43991193
vn 0.90587544 -0.0039215684 0.42352602
vn 0.9294047 -0.0039215684 0.36904138
vn 0.93724775 0.003921509 0.34864205
vn 0.94509083 -0.011764646 0.3265959
vn 0.9993777 -0.035272185 -0
vn 0.97646314 0.05882299 -0.2075081
vn 0.0039215684 0.99999225 -0.00034526698
vn -0.003921509 0.99999225 -0.00034526698
vn -0.003921509 0.99999225 -0.00034526698
vn -0.003921509 0.99999225 -0.00034526698
vn -0.003921509 0.99999225 -0.00034526698
vn 0.24705696 0.9058753 -0.3440244
vn 0.24705696 0.9058753 -0.3440244
vn 0.24705696 0.9058753 -0.3440244
vn 0.24705696 0.9058753 -0.3440244
vn -0.82744455 -0.011764646 0.5614242
vn -0.7803861 0.003921509 0.6252857
vn -0.7803861 0.003921509 0.6252857
vn -0.85097384 -0.011764646 0.52507627
vn -0.7725431 -0.0039215684 0.6349503
vn -0.9294046 -0.019607723 0.36854115
vn -0.76469994 0.003921509 0.6443746
vn -0.70979846 0.011764526 0.70430654
vn -0.8980323 -0.0039215684 0.439912
vn -0.9529338 -0.0039215684 0.30315316
vn -0.9843061 -0.011764646 0.17607701
vn -0.67842615 0.011764526 0.7345744
vn -0.66274 0.003921509 0.7488393
vn -0.59215224 0.003921509 0.8058166
vn -0.5764661 0.011764526 0.8170364
vn -0.50587845 -0.0039215684 0.86259586
vn -0.45882 0.011764526 0.88845134
vn -0.41960454 0.003921509 0.9076986
vn -0.3490169 0.003921509 0.9371082
vn -0.34117377 -0.0039215684 0.9399921
vn -0.9998079 -0.019604107 -0
vn -0.99999225 -0.0039215684 -0.00034425134
vn -0.99214923 -0.011764646 -0.124505
vn -0.99214923 -0.019607723 -0.12351291
vn -0.9843061 -0.011764646 -0.17607701
vn -0.9607769 0.003921509 -0.27729464
vn -0.9450908 0.011764526 -0.3265961
vn -0.9294046 0.003921509 -0.36904156
vn -0.88234615 0.011764526 -0.47045392
vn -0.874503 0.011764526 -0.48487735
vn -0.20784152 -0.011764646 0.9780918
vn -0.81960154 0.011764526 -0.57281315
vn -0.81960154 0.003921509 -0.57292056
vn -0.7490138 0.011764526 -0.66244996
vn -0.74117076 0.011764526 -0.67121345
vn -0.670583 0.003921509 -0.74182415
vn -0.6313677 0.011764526 -0.7753944
vn -0.5843092 0.003921509 -0.81152165
vn -0.50587845 -0.011764646 -0.8625245
vn -0.466663 -0.019607723 -0.8842178
vn -0.4352907 -0.011764646 -0.9002131
vn -0.3176446 0.003921509 0.9482017
vn -0.30980146 -0.019607723 -0.9505991
vn -0.30195844 -0.0039215684 -0.95331305
vn -0.16078305 -0.011764646 -0.98691964
vn -0.3176446 0.003921509 0.9482017
vn -0.23921382 -0.011764646 0.97089565
vn 0.019607723 -0.019607723 -0.9996155
vn -0.019607663 -0.019607723 0.9996155
vn -0.035293818 -0.0039215684 -0.99936926
vn 0.10588157 -0.0039215684 -0.994371
vn -0.10588145 -0.0039215684 0.99437106
vn 0.035293877 -0.0039215684 0.99936926
vn 0.16078311 -0.011764646 0.98691964
vn 0.20784158 -0.011764646 -0.9780918
vn 0.30980158 -0.019607723 0.950599
vn 0.3019585 -0.0039215684 0.953313
vn 0.4352908 -0.011764646 0.900213
vn 0.46666312 -0.019607723 0.8842178
vn 0.5058785 -0.011764646 0.8625245
vn 0.5843093 0.003921509 0.8115216
vn 0.63136774 0.011764526 0.7753943
vn 0.6705831 0.003921509 0.74182403
vn 0.7411708 0.011764526 0.6712134
vn 0.7490139 0.011764526 0.66244984
vn 0.23921388 -0.011764646 -0.97089565
vn 0.8196016 0.011764526 0.5728131
vn 0.8196016 0.003921509 0.57292044
vn 0.87450314 0.011764526 0.48487717
vn 0.8823462 0.011764526 0.4704538
vn 0.9294047 0.003921509 0.36904138
vn 0.94509083 0.011764526 0.32659593
vn 0.960777 0.003921509 0.27729443
vn 0.9843062 -0.011764646 0.17607632
vn 0.9921493 -0.019607723 0.123512425
vn 0.9921493 -0.011764646 0.12450452
vn 0.31764466 0.003921509 -0.9482017
vn 0.31764466 0.003921509 -0.9482017
vn 0.31764466 -0.0039215684 -0.9482017
vn 0.3725462 -0.0039215684 -0.92800534
vn 0.38823235 -0.0039215684 -0.9215532
vn 0.45882004 0.003921509 -0.88852054
vn 0.4745062 0.003921509 -0.8802434
vn 0.5764662 0.011764526 -0.8170363
vn 0.59215236 0.003921509 -0.8058165
vn 0.6784262 0.003921509 -0.73465806
vn 0.6862693 0.003921509 -0.727337
vn 0.7490139 -0.0039215684 -0.6625427
vn 0.7411708 -0.0039215684 -0.67130506
vn 0.8509739 -0.011764646 -0.5250762
vn 0.7803862 -0.0039215684 -0.6252855
vn 0.7803862 0.003921509 -0.6252855
vn 0.8274447 -0.011764646 -0.561424
vn 0.7803862 0.003921509 -0.6252855
vn 0.9294047 -0.019607723 -0.368541
vn 0.89803237 -0.0039215684 -0.43991193
vn 0.9529339 -0.0039215684 -0.30315277
vn 0.9843062 -0.011764646 -0.17607632
vn 0.9998079 -0.019604106 -0
vn 0.9999924 -0.0039215684 -0
vn 0.80391544 -0.0039215684 0.5947307
vn 0.79607236 -0.011764646 0.6050871
vn 0.8274447 0.019607663 0.56120485
vn 0.8274447 0.019607663 0.56120485
vn 0.8274447 0.043136835 0.55988795
vn 0.8196016 0.050979972 0.57066125
vn 0.0039215684 -0.9999924 -0
vn 0.0039215684 -0.9999924 -0
vn 0.011763922 -0.99993086 -0
vn 0.0039215684 -0.9999924 -0
vn -0.003921509 -0.9999924 -0
vn -0.003921509 -0.9999924 -0
vn -0.003921509 -0.9999924 -0
vn -0.003921509 -0.9999924 -0
vn -0.003921509 -0.9999924 -0
vn -0.81960154 0.003921509 -0.57292056
vn -0.81960154 0.003921509 -0.57292056
vn -0.81960154 0.003921509 -0.57292056
vn -0.81960154 0.003921509 -0.57292056
vn -0.003921509 0.99999225 -0.00034526698
vn -0.003921509 0.99999225 -0.00034526698
vn -0.003921509 0.99999225 -0.00034526698
vn -0.003921509 0.99999225 -0.00034526698
vn -0.003921509 0.99999225 -0.00034526698
vn -0.003921509 0.99999225 -0.00034526698
vn -0.003921509 0.99999225 -0.00034526698
vn -0.003921509 0.99999225 -0.00034526698
vn -0.003921509 0.99999225 -0.00034526698
vn -0.82744455 -0.0039215684 -0.56153375
vn -0.8352877 -0.0039215684 -0.54979914
vn -0.8352877 -0.0039215684 -0.54979914
vn -0.81960154 0.019607663 -0.57259834
vn -0.79607224 0.035293818 -0.60417163
vn -0.8039154 0.043136835 -0.59317726
vn -0.65489686 0.019607663 -0.7554639
vn 0.5764662 -0.0039215684 -0.81711155
vn 0.5764662 -0.0039215684 -0.81711155
vn 0.5764662 -0.0039215684 -0.81711155
vn 0.5764662 0.003921509 -0.81711155
vn 0.5764662 0.003921509 -0.81711155
vn 0.8274447 -0.0039215684 0.5615336
vn 0.83528775 -0.0039215684 0.549799
vn 0.83528775 -0.0039215684 0.549799
vn 0.8196016 0.019607663 0.5725983
vn 0.79607236 0.035293818 0.60417145
vn 0.80391544 0.043136835 0.59317714
vn 0.654897 0.019607663 0.7554638
vn -0.5764661 0.003921509 0.8171117
vn -0.5764661 0.003921509 0.8171117
vn -0.5764661 0.003921509 0.8171117
vn -0.5764661 -0.0039215684 0.8171117
vn 0.36470312 -0.0274508 0.93071914
vn 0.4352908 -0.0039215684 0.90028137
vn 0.42744774 -0.0274508 0.9036232
vn 0.27842927 -0.0274508 0.96006435
vn 0.1294108 -0.043136954 0.9906523
vn -0.011764526 -0.0274508 0.9995539
vn -0.10588145 -0.0274508 0.9939998
vn -0.16862607 -0.0274508 0.9852978
vn -0.18431222 -0.0039215684 0.9828599
vn 0.5764662 0.003921509 -0.81711155
vn 0.5764662 0.003921509 -0.81711155
vn 0.5764662 0.003921509 -0.81711155
vn 0.5764662 0.003921509 -0.81711155
vn 0.9921493 -0.0039215684 0.12499761
vn 0.9996234 -0.027440673 -0
vn 0.9921493 -0.0274508 0.122009166
vn 0.9996234 -0.027440673 -0
vn 0.97646314 -0.043136954 -0.21132666
vn 0.93724775 -0.0274508 -0.3475818
vn 0.89803237 -0.0274508 -0.43907213
vn 0.86666006 -0.0274508 -0.49814335
vn 0.858817 -0.0039215684 -0.51226753
vn 0.5764662 0.003921509 -0.81711155
vn 0.5764662 0.003921509 -0.81711155
vn 0.5764662 0.003921509 -0.81711155
vn 0.5764662 -0.0039215684 -0.81711155
vn -0.81960154 0.003921509 -0.57292056
vn -0.81960154 -0.0039215684 -0.57292056
vn -0.81960154 0.003921509 -0.57292056
vn -0.81960154 0.003921509 -0.57292056
vn -0.99214923 -0.0039215684 -0.124998085
vn -0.9996234 -0.027440675 -0
vn -0.99214923 -0.0274508 -0.12200965
vn -0.9996234 -0.027440675 -0
vn -0.9764631 -0.043136954 0.21132694
vn -0.93724763 -0.0274508 0.34758213
vn -0.8980323 -0.0274508 0.4390722
vn -0.86666 -0.0274508 0.49814346
vn -0.85881686 -0.0039215684 0.5122677
vn -0.5764661 0.003921509 0.8171117
vn -0.5764661 0.003921509 0.8171117
vn -0.5764661 0.003921509 0.8171117
vn -0.5764661 0.003921509 0.8171117
vn 0.8196016 0.003921509 0.57292044
vn 0.8196016 0.003921509 0.57292044
vn 0.8196016 0.003921509 0.57292044
vn 0.8196016 0.003921509 0.57292044
vn -0.08235228 0.99214923 -0.09411708
vn 0.0039215684 0.99999225 -0.00034526698
vn 0.0039215684 0.99999225 -0.00034526698
vn -0.13725376 0.9843061 -0.1109186
vn 0.0039215684 0.99999225 -0.00034526698
vn 0.0039215684 0.99999225 -0.00034526698
vn -0.2941153 0.9215615 -0.25341785
vn -0.098038435 0.99214923 -0.07764248
vn -0.003921509 0.99999225 -0.00034526698
vn -0.3803892 0.8980323 -0.2210023
vn -0.3490169 0.9058753 -0.23995224
vn -0.65489686 0.670583 -0.348466
vn -0.56862307 0.67842615 -0.46519434
vn -0.5450938 0.66274 -0.5134671
vn -0.6392107 0.670583 -0.37646794
vn -0.68626916 0.62352455 -0.374502
vn -0.67842615 0.6078384 -0.4126384
vn -0.6078384 0.6313677 -0.4815676
vn -0.99999225 -0.0039215684 -0.00034425134
vn -0.99999225 0.003921509 -0.00034492963
vn -0.99999225 -0.0039215684 -0.00034425134
vn -0.99999225 -0.0039215684 -0.00034425134
vn -0.62352455 0.64705384 0.43879205
vn -0.62352455 0.7019553 0.34420326
vn -0.62352455 0.65489686 0.42699793
vn -0.65489686 0.7019553 0.27994442
vn -0.6941123 0.7019553 0.15958348
vn -0.6941123 0.70979846 0.11997618
vn -0.7176415 0.6941123 -0.05655822
vn -0.70710677 0.70710677 -0
vn -0.74117076 0.65489686 -0.1475669
vn -0.7490138 0.64705384 -0.14247702
vn 0.49019235 0.70979846 -0.5058632
vn 0.48234928 0.7254846 -0.49092898
vn 0.48234928 0.670583 -0.5636112
vn 0.41176158 0.7019553 -0.5811292
vn 0.36470312 0.670583 -0.6459954
vn 0.31764466 0.70979846 -0.62871933
vn 0.3019585 0.7254846 -0.6184603
vn 0.098038495 0.7019553 -0.7054411
vn 0.19215542 0.64705384 -0.737833
vn 0.19215542 0.65489686 -0.73088056
vn 0.05098003 0.7019553 -0.7103941
vn -0.10588145 0.7019553 -0.70430666
vn -0.098038435 0.70979846 -0.697549
vn -0.24705684 0.6941123 -0.67614424
vn -0.2941153 0.70979846 -0.6400643
vn -0.38823223 0.65489686 -0.64837164
vn -0.39607537 0.64705384 -0.6514949
vn -0.27842915 -0.0039215684 -0.96044874
vn -0.27842915 -0.0039215684 -0.96044874
vn -0.27842915 -0.0039215684 -0.96044874
vn -0.27842915 0.003921509 -0.96044874
vn -0.36470306 0.670583 0.64599544
vn -0.30195844 0.7254846 0.61846036
vn -0.3176446 0.70979846 0.6287194
vn -0.41176152 0.7019553 0.58112925
vn -0.48234916 0.670583 0.5636113
vn -0.4901923 0.70979846 0.50586325
vn -0.48234916 0.7254846 0.4909291
vn -0.5764661 -0.0039215684 0.8171117
vn -0.5764661 -0.0039215684 0.8171117
vn -0.5764661 -0.0039215684 0.8171117
vn -0.5764661 -0.0039215684 0.8171117
vn -0.5764661 0.003921509 0.8171117
vn 0.5764662 -0.0039215684 -0.81711155
vn 0.5764662 -0.0039215684 -0.81711155
vn 0.5764662 -0.0039215684 -0.81711155
vn 0.5764662 -0.0039215684 -0.81711155
vn 0.5764662 0.003921509 -0.81711155
vn -0.5764661 -0.0039215684 0.8171117
vn -0.5764661 -0.0039215684 0.8171117
vn -0.5764661 -0.0039215684 0.8171117
vn -0.5764661 -0.0039215684 0.8171117
vn -0.5764661 0.003921509 0.8171117
vn -0.67842615 0.011764526 0.7345744
vn -0.7333276 0.043136835 0.67850554
vn -0.65489686 0.019607663 0.7554639
vn -0.6156815 0.003921509 0.7879853
vn -0.45882 0.003921509 0.8885206
vn -0.50587845 0.02745068 0.8621679
vn -0.39607537 0.019607663 0.9180086
vn -0.48234916 0.066666126 0.87343854
vn -0.4039184 0.70979846 0.57709277
vn -0.41176152 0.7019553 0.58112925
vn -0.41960454 0.70979846 0.5657899
vn -0.7490138 0.51372147 0.41841203
vn -0.5607799 0.66274 0.49628782
vn -0.82744455 0.4352907 0.35476404
vn -0.9058753 0.2862723 0.31215072
vn -0.85097384 0.41960454 0.31587267
vn -0.9294046 0.25489998 0.26689517
vn -0.96861994 0.019607663 0.24777192
vn -0.96861994 0.003921509 0.2485156
vn -0.96861994 0.003921509 0.2485156
vn -0.96861994 0.003921509 0.2485156
vn 0.654897 0.70979846 0.25941488
vn 0.6470539 0.70979846 0.27840146
vn 0.654897 0.70979846 0.25941488
vn 0.66274005 0.70979846 0.23866665
vn 0.66274005 0.70979846 0.23866665
vn 0.96862006 0.003921509 -0.24851513
vn 0.96862006 0.003921509 -0.24851513
vn 0.96862006 0.019607663 -0.24777144
vn 0.90587544 0.2862723 -0.31215033
vn 0.96862006 0.003921509 -0.24851513
vn 0.9294047 0.25489998 -0.26689497
vn 0.8509739 0.41960454 -0.31587258
vn 0.8274447 0.4352907 -0.35476378
vn 0.7490139 0.51372147 -0.4184118
vn 0.56078005 0.66274 -0.4962877
vn 0.41176158 0.70979846 -0.571523
vn 0.41176158 0.7019553 -0.5811292
vn 0.4039185 0.70979846 -0.57709265
vn 0.5058785 0.02745068 -0.86216784
vn 0.39607543 0.019607663 -0.9180086
vn 0.48234928 0.066666126 -0.8734385
vn 0.45882004 0.003921509 -0.88852054
vn 0.6156816 0.003921509 -0.78798527
vn 0.66274005 0.019607663 -0.7485928
vn 0.7097985 0.019607663 -0.70413184
vn 0.7411708 0.050979972 -0.669378
vn 0.8431308 0.035293818 -0.5365489
vn 0.7071068 0.70710677 -0
vn 0.7490139 0.64705384 0.1424764
vn 0.7411708 0.65489686 0.1475667
vn 0.7176416 0.6941123 0.05655664
vn 0.69411236 0.7019553 -0.1595831
vn 0.69411236 0.70979846 -0.11997568
vn 0.654897 0.7019553 -0.2799441
vn 0.62352467 0.7019553 -0.34420308
vn 0.62352467 0.65489686 -0.4269978
vn 0.62352467 0.64705384 -0.43879193
vn 0.9529339 -0.0039215684 -0.30315277
vn 0.9529339 0.003921509 -0.30315277
vn 0.9529339 -0.0039215684 -0.30315277
vn 0.9529339 -0.0039215684 -0.30315277
vn 0.035293877 0.003921509 0.99936926
vn 0.035293877 0.003921509 0.99936926
vn 0.035293877 0.003921509 0.99936926
vn 0.035293877 0.003921509 0.99936926
vn 0.39607543 0.64705384 0.6514949
vn 0.29411542 0.70979846 0.6400643
vn 0.38823235 0.65489686 0.64837164
vn 0.24705696 0.6941123 0.6761442
vn 0.10588157 0.7019553 0.7043066
vn 0.098038495 0.70979846 0.697549
vn -0.050979972 0.7019553 0.7103941
vn -0.098038435 0.7019553 0.7054411
vn -0.19215536 0.65489686 0.73088056
vn -0.19215536 0.64705384 0.737833
vn -0.035293818 -0.0039215684 -0.99936926
vn -0.035293818 -0.0039215684 -0.99936926
vn -0.035293818 -0.0039215684 -0.99936926
vn -0.035293818 0.003921509 -0.99936926
vn -0.12941074 0.50587845 0.8528422
vn -0.4039184 0.70979846 0.57709277
vn -0.4039184 0.70979846 0.57709277
vn -0.39607537 0.70979846 0.58250356
vn -0.27058613 0.66274 0.69825417
vn -0.043136835 0.4352907 0.89925593
vn 0.011764646 0.2862723 0.9580761
vn -0.019607663 0.41960454 0.90749526
vn 0.05882311 0.25489998 0.9651766
vn 0.09019542 0.019607663 0.99573106
vn 0.09019542 0.003921509 0.99591637
vn 0.09019542 0.003921509 0.99591637
vn 0.09019542 0.003921509 0.99591637
vn -0.9529338 -0.0039215684 0.30315316
vn -0.9529338 0.003921509 0.30315316
vn -0.9529338 -0.0039215684 0.30315316
vn -0.9529338 -0.0039215684 0.30315316
vn 0.46666312 0.70979846 0.5276473
vn 0.49019235 0.70979846 0.5058632
vn 0.46666312 0.70979846 0.5276473
vn 0.45882004 0.70979846 0.53448135
vn 0.45882004 0.70979846 0.53448135
vn -0.47450614 0.7019553 -0.5311334
vn -0.48234916 0.6941123 -0.53436637
vn -0.466663 0.7019553 -0.5380375
vn -0.45097685 0.70979846 -0.5411155
vn -0.0901953 0.003921509 -0.99591637
vn -0.0901953 0.003921509 -0.99591637
vn -0.0901953 0.019607663 -0.99573106
vn -0.011764526 0.2862723 -0.9580761
vn -0.0901953 0.003921509 -0.99591637
vn -0.05882299 0.25489998 -0.9651766
vn 0.019607723 0.41960454 -0.90749526
vn 0.043136954 0.44313383 -0.89541703
vn 0.1294108 0.50587845 -0.8528422
vn 0.2705862 0.66274 -0.6982541
vn 0.39607543 0.70979846 -0.58250356
vn 0.4039185 0.70979846 -0.57709265
vn 0.4039185 0.70979846 -0.57709265
vn 0.27842927 -0.0039215684 0.96044874
vn 0.27842927 -0.0039215684 0.96044874
vn 0.27842927 -0.0039215684 0.96044874
vn 0.27842927 0.003921509 0.96044874
vn 0.9999924 -0.0039215684 -0
vn 0.9999924 -0.0039215684 -0
vn 0.9999924 -0.0039215684 -0
vn 0.9999924 0.003921509 -0
vn -0.003921509 0.99999225 -0.00034526698
vn -0.003921509 0.99999225 -0.00034526698
vn -0.003921509 0.99999225 -0.00034526698
vn -0.003921509 0.99999225 -0.00034526698
vn -0.003921509 0.99999225 -0.00034526698
vn -0.003921509 0.99999225 -0.00034526698
vn -0.003921509 0.99999225 -0.00034526698
vn -0.003921509 0.99999225 -0.00034526698
vn -0.003921509 0.99999225 -0.00034526698
vn -0.003921509 0.99999225 -0.00034526698
vn -0.003921509 0.99999225 -0.00034526698
vn -0.003921509 0.99999225 -0.00034526698
vn -0.003921509 0.99999225 -0.00034526698
vn -0.003921509 0.99999225 -0.00034526698
vn -0.003921509 0.99999225 -0.00034526698
vn -0.003921509 0.99999225 -0.00034526698
vn -0.003921509 0.99999225 -0.00034526698
vn -0.003921509 0.99999225 -0.00034526698
vn -0.003921509 0.99999225 -0.00034526698
vn -0.003921509 0.99999225 -0.00034526698
vn -0.003921509 0.99999225 -0.00034526698
vn -0.003921509 0.99999225 -0.00034526698
vn -0.003921509 0.99999225 -0.00034526698
vn -0.003921509 0.99999225 -0.00034526698
vn -0.003921509 0.99999225 -0.00034526698
vn -0.003921509 0.99999225 -0.00034526698
vn -0.003921509 0.99999225 -0.00034526698
vn -0.003921509 0.99999225 -0.00034526698
vn -0.003921509 0.99999225 -0.00034526698
vn -0.003921509 0.99999225 -0.00034526698
vn -0.003921509 0.99999225 -0.00034526698
vn -0.003921509 0.99999225 -0.00034526698
vn -0.003921509 0.99999225 -0.00034526698
vn -0.003921509 0.99999225 -0.00034526698
vn -0.003921509 0.99999225 -0.00034526698
vn -0.003921509 0.99999225 -0.00034526698
vn -0.003921509 0.99999225 -0.00034526698
vn -0.003921509 0.99999225 -0.00034526698
vn -0.003921509 0.99999225 -0.00034526698
vn -0.003921509 0.99999225 -0.00034526698
vn -0.003921509 0.99999225 -0.00034526698
vn -0.003921509 0.99999225 -0.00034526698
vn -0.003921509 0.99999225 -0.00034526698
vn -0.003921509 0.99999225 -0.00034526698
vn -0.003921509 0.99999225 -0.00034526698
vn -0.003921509 0.99999225 -0.00034526698
vn -0.003921509 0.99999225 -0.00034526698
vn -0.003921509 0.99999225 -0.00034526698
vn -0.003921509 -0.9999924 -0
vn -0.003921509 -0.9999924 -0
vn -0.003921509 -0.9999924 -0
vn -0.003921509 -0.9999924 -0
vn -0.003921509 -0.9999924 -0
vn -0.003921509 -0.9999924 -0
vn -0.003921509 -0.9999924 -0
vn -0.003921509 -0.9999924 -0
vn -0.003921509 -0.9999924 -0
vn -0.003921509 -0.9999924 -0
vn -0.003921509 -0.9999924 -0
vn 0.0039215684 -0.9999924 -0
vn -0.003921509 -0.9999924 -0
vn -0.003921509 -0.9999924 -0
vn -0.003921509 -0.9999924 -0
vn -0.003921509 -0.9999924 -0
vn -0.003921509 -0.9999924 -0
vn -0.003921509 -0.9999924 -0
vn -0.003921509 -0.9999924 -0
vn -0.003921509 -0.9999924 -0
vn -0.003921509 -0.9999924 -0
vn 0.0039215684 -0.9999924 -0
vn -0.003921509 -0.9999924 -0
vn -0.003921509 -0.9999924 -0
vn -0.003921509 -0.9999924 -0
vn -0.003921509 -0.9999924 -0
vn -0.003921509 -0.9999924 -0
vn 0.0039215684 -0.9999924 -0
vn 0.0039215684 -0.9999924 -0
vn 0.0039215684 -0.9999924 -0
vn -0.003921509 -0.9999924 -0
vn -0.003921509 -0.9999924 -0
vn -0.003921509 -0.9999924 -0
vn -0.003921509 -0.9999924 -0
vn -0.003921509 -0.9999924 -0
vn 0.0039215684 -0.9999924 -0
vn 0.0039215684 -0.9999924 -0
vn -0.003921509 -0.9999924 -0
vn -0.66274 0.70979846 -0.23866679
vn -0.65489686 0.70979846 -0.25941524
vn -0.66274 0.70979846 -0.23866679
vn -0.65489686 0.70979846 -0.25941524
vn -0.64705384 0.70979846 -0.27840167
vn 0.49019235 0.4980353 -0.7153127
vn 0.3411739 0.7176415 -0.607117
vn 0.4039185 0.6392107 -0.65441537
vn 0.49803543 0.4980353 -0.7098743
vn 0.52156466 0.64705384 -0.55613995
vn 0.49803543 0.70979846 -0.49814337
vn 0.70195544 0.6941123 -0.15958273
vn 0.6784262 0.7019553 -0.21678704
vn 0.63136774 0.6941123 0.34580755
vn 0.62352467 0.6941123 0.35975707
vn 0.5843093 0.7019553 0.40723634
vn 0.5764662 0.70979846 0.4048121
vn -0.4039184 0.6392107 0.6544155
vn -0.4901923 0.50587845 0.7097876
vn -0.34117377 0.7176415 0.6071171
vn -0.4980353 0.50587845 0.7043066
vn -0.51372147 0.65489686 0.55425656
vn -0.50587845 0.7254846 0.4666466
vn -0.7019553 0.7019553 0.12048865
vn -0.7019553 0.70979846 0.058693357
vn -0.6078384 0.70979846 -0.35597563
vn -0.5999954 0.70979846 -0.36904162
vn -0.5764661 0.70979846 -0.40481225
vn -0.5764661 0.70979846 -0.40481225
vn 0.4352908 -0.8196016 0.3725253
vn 0.5686231 -0.7176416 0.4020675
vn 0.56078005 -0.72548467 0.39899594
vn 0.38823235 -0.858817 0.33422905
vn -0.4352907 -0.8196016 -0.37252548
vn -0.56862307 -0.7176416 -0.4020676
vn -0.5607799 -0.72548467 -0.39899608
vn -0.38823223 -0.8509739 -0.35372186
vn 0.3019585 0.7333276 0.60914004
vn 0.25490004 0.76469994 0.5918277
vn 0.29411542 0.74117076 0.6034584
vn 0.19215542 0.7019553 0.6858098
vn 0.08235234 0.79607224 0.5995724
vn -0.003921509 0.7019553 0.71221024
vn -0.0901953 0.76469994 0.638043
vn -0.12156761 0.7490138 0.65130615
vn -0.12941074 0.7333276 0.6674455
vn -0.4039184 0.70979846 0.57709277
vn -0.4039184 0.70979846 0.57709277
vn -0.4039184 0.70979846 0.57709277
vn -0.4039184 0.70979846 0.57709277
vn -0.63748765 0.77046067 -0
vn -0.67842615 0.7333276 -0.044367816
vn -0.66274 0.74117076 -0.10696536
vn -0.70979846 0.7019553 0.058693103
vn -0.59215224 0.79607224 0.12499905
vn -0.670583 0.7019553 0.23995242
vn -0.56862307 0.76469994 0.30315316
vn -0.5764661 0.74117076 0.3440243
vn -0.5843092 0.7333276 0.3475821
vn -0.4039184 0.70979846 0.57709277
vn -0.4039184 0.70979846 0.57709277
vn -0.4039184 0.70979846 0.57709277
vn -0.4039184 0.70979846 0.57709277
vn -0.30195844 0.7333276 -0.6091401
vn -0.25489998 0.76469994 -0.5918277
vn -0.2941153 0.74117076 -0.60345846
vn -0.19215536 0.7019553 -0.6858098
vn -0.08235228 0.79607224 -0.5995724
vn 0.0039215684 0.7019553 -0.71221024
vn 0.09019542 0.76469994 -0.638043
vn 0.121567726 0.7490138 -0.6513061
vn 0.1294108 0.7333276 -0.6674454
vn 0.4039185 0.70979846 -0.57709265
vn 0.4039185 0.70979846 -0.57709265
vn 0.4039185 0.70979846 -0.57709265
vn 0.4039185 0.70979846 -0.57709265
vn 0.6374877 0.77046055 -0
vn 0.6784262 0.7333276 0.044367142
vn 0.66274005 0.74117076 0.10696508
vn 0.7097985 0.7019553 -0.058692593
vn 0.59215236 0.79607224 -0.12499833
vn 0.6705831 0.7019553 -0.23995204
vn 0.5686231 0.76469994 -0.30315307
vn 0.5764662 0.74117076 -0.34402412
vn 0.5843093 0.7333276 -0.347582
vn 0.4039185 0.70979846 -0.57709265
vn 0.4039185 0.70979846 -0.57709265
vn 0.4039185 0.70979846 -0.57709265
vn 0.4039185 0.70979846 -0.57709265
vn 0.5764662 0.70979846 0.4048121
vn 0.5764662 0.70979846 0.4048121
vn 0.5764662 0.70979846 0.4048121
vn 0.5764662 0.70979846 0.4048121
vn -0.5764661 0.70979846 -0.40481225
vn -0.5764661 0.70979846 -0.40481225
vn -0.5764661 0.70979846 -0.40481225
vn -0.5764661 0.70979846 -0.40481225
vn 0.5764662 0.70979846 0.4048121
vn 0.5764662 0.70979846 0.4048121
vn 0.5764662 0.70979846 0.4048121
vn 0.5764662 0.70979846 0.4048121
vn -0.5764661 0.70979846 -0.40481225
vn -0.5764661 0.70979846 -0.40481225
vn -0.5764661 0.70979846 -0.40481225
vn -0.5764661 0.70979846 -0.40481225
vn 0.5764662 0.70979846 0.4048121
vn 0.5372508 0.70979846 0.455574
vn 0.5764662 0.70979846 0.4048121
vn 0.5686231 0.70979846 0.415757
vn 0.2313708 0.7176415 0.6568548
vn 0.13725388 0.7254846 0.6744134
vn 0.035293877 0.7019553 0.7113459
vn 0.1294108 0.62352455 0.7710188
vn -0.5764661 0.70979846 -0.40481225
vn -0.53725076 0.70979846 -0.45557413
vn -0.5764661 0.70979846 -0.40481225
vn -0.56862307 0.70979846 -0.4157571
vn -0.23137069 0.7176415 -0.65685487
vn -0.13725376 0.7254846 -0.67441344
vn -0.035293818 0.7019553 -0.7113459
vn -0.12941074 0.6156815 -0.77729607
vn -0.7019553 -0.52156466 -0.4850042
vn -0.5999954 -0.70195544 -0.3837501
vn -0.5607799 -0.72548467 -0.39899608
vn -0.5843092 -0.72548467 -0.3636684
vn -0.4039184 -0.86666006 -0.29283148
vn 0.70195544 -0.52156466 0.48500395
vn 0.59999543 -0.70195544 0.38374996
vn 0.56078005 -0.72548467 0.39899594
vn 0.5843093 -0.72548467 0.36366835
vn 0.4039185 -0.86666006 0.2928313
vn 0.0039215684 0.99999225 -0.00034526698
vn -0.003921509 0.99999225 -0.00034526698
vn -0.003921509 0.99999225 -0.00034526698
vn 0.0039215684 0.99999225 -0.00034526698
vn 0.0039215684 0.99999225 -0.00034526698
vn -0.003921509 0.99999225 -0.00034526698
vn -0.003921509 0.99999225 -0.00034526698
vn -0.003921509 0.99999225 -0.00034526698
vn -0.003921509 0.99999225 -0.00034526698
vn 0.0039215684 0.99999225 -0.00034526698
vn 0.0039215684 0.99999225 -0.00034526698
vn 0.0039215684 0.99999225 -0.00034526698
vn 0.0039215684 0.99999225 -0.00034526698
vn -0.003921509 0.99999225 -0.00034526698
vn 0.0039215684 0.99999225 -0.00034526698
vn 0.0039215684 0.99999225 -0.00034526698
vn 0.0039215684 0.99999225 -0.00034526698
vn 0.0039215684 0.99999225 -0.00034526698
vn -0.003921509 0.99999225 -0.00034526698
vn -0.003921509 0.99999225 -0.00034526698
vn -0.003921509 0.99999225 -0.00034526698
vn -0.003921509 0.99999225 -0.00034526698
vn -0.003921509 0.99999225 -0.00034526698
vn -0.003921509 0.99999225 -0.00034526698
vn -0.003921509 0.99999225 -0.00034526698
vn -0.003921509 0.99999225 -0.00034526698
vn -0.003921509 0.99999225 -0.00034526698
vn -0.003921509 0.99999225 -0.00034526698
vn -0.003921509 0.99999225 -0.00034526698
vn -0.003921509 0.99999225 -0.00034526698
vn -0.003921509 0.99999225 -0.00034526698
vn -0.003921509 0.99999225 -0.00034526698
vn -0.003921509 0.99999225 -0.00034526698
vn 0.0039215684 0.99999225 -0.00034526698
vn 0.0039215684 0.99999225 -0.00034526698
vn -0.003921509 0.99999225 -0.00034526698
vn -0.003921509 0.99999225 -0.00034526698
vn -0.003921509 0.99999225 -0.00034526698
vn -0.003921509 0.99999225 -0.00034526698
vn -0.003921509 0.99999225 -0.00034526698
vn -0.003921509 0.99999225 -0.00034526698
vn -0.003921509 0.99999225 -0.00034526698
vn -0.003921509 0.99999225 -0.00034526698
vn -0.003921509 0.99999225 -0.00034526698
vn -0.003921509 0.99999225 -0.00034526698
vn 0.0039215684 0.99999225 -0.00034526698
vn -0.003921509 0.99999225 -0.00034526698
vn -0.003921509 0.99999225 -0.00034526698
vn -0.003921509 0.99999225 -0.00034526698
vn -0.003921509 0.99999225 -0.00034526698
vn 0.0039215684 0.99999225 -0.00034526698
vn 0.0039215684 0.99999225 -0.00034526698
vn 0.0039215684 0.99999225 -0.00034526698
vn 0.0039215684 0.99999225 -0.00034526698
vn 0.0039215684 0.99999225 -0.00034526698
vn -0.003921509 0.99999225 -0.00034526698
vn -0.003921509 0.99999225 -0.00034526698
vn -0.003921509 0.99999225 -0.00034526698
vn -0.003921509 0.99999225 -0.00034526698
vn 0.0039215684 0.99999225 -0.00034526698
vn 0.0039215684 0.99999225 -0.00034526698
vn 0.0039215684 0.99999225 -0.00034526698
vn 0.0039215684 0.99999225 -0.00034526698
vn 0.0039215684 0.99999225 -0.00034526698
vn 0.4039185 -0.6156816 0.67659885
vn 0.38823235 -0.6470539 0.6561988
vn 0.28627235 -0.7411708 0.6072182
vn 0.35686004 -0.70195544 0.616368
vn 0.2313708 -0.6862693 0.6895665
vn 0.121567726 -0.7411708 0.66021746
vn 0.035293877 -0.6784262 0.73382026
vn -0.050979972 -0.7490139 0.66059005
vn -0.15293992 -0.6784262 0.7185731
vn -0.22352767 -0.7490139 0.62370956
vn -0.34117377 -0.6705831 0.6587251
vn -0.3803892 -0.7490139 0.5424779
vn -0.4980353 -0.6705831 0.54979914
vn -0.50587845 -0.7490139 0.42786115
vn -0.62352455 -0.6784262 0.3885293
vn -0.5999954 -0.7490139 0.28104055
vn -0.7019553 -0.6784262 0.21678711
vn -0.66274 -0.7411708 0.10696508
vn -0.7254846 -0.6862693 0.052024584
vn -0.670583 -0.7411708 -0.03137278
vn -0.7019553 -0.70195544 -0.12048791
vn -0.7490138 -0.6470539 -0.14247671
vn -0.7803861 -0.6156816 -0.10924154
vn 0.7490139 -0.6470539 0.14247608
vn 0.7803862 -0.6156816 0.109240726
vn 0.6705831 -0.7411708 0.031369932
vn 0.70195544 -0.70195544 0.12048692
vn 0.72548467 -0.6862693 -0.05202344
vn 0.66274005 -0.7411708 -0.106964804
vn 0.70195544 -0.6784262 -0.21678656
vn 0.59999543 -0.7490139 -0.2810403
vn 0.62352467 -0.6784262 -0.38852915
vn 0.5058785 -0.7490139 -0.4278611
vn 0.49803543 -0.6705831 -0.549799
vn 0.38038927 -0.7490139 -0.54247785
vn 0.3411739 -0.6705831 -0.658725
vn 0.22352773 -0.7490139 -0.6237095
vn 0.15294003 -0.6784262 -0.71857303
vn 0.05098003 -0.7490139 -0.66059005
vn -0.035293818 -0.6784262 -0.73382026
vn -0.12156761 -0.7411708 -0.6602175
vn -0.23137069 -0.6862693 -0.68956655
vn -0.2862723 -0.7411708 -0.60721827
vn -0.35685992 -0.70195544 -0.61636806
vn -0.38823223 -0.6470539 -0.65619886
vn -0.4039184 -0.6156816 -0.6765989
vn -0.5215646 0.70979846 -0.47345167
vn -0.5215646 0.70979846 -0.47345167
vn -0.45882 0.70979846 -0.53448135
vn -0.5764661 0.70979846 -0.40481225
vn -0.45882 0.70979846 -0.53448135
vn -0.5764661 0.70979846 -0.40481225
vn -0.62352455 0.70979846 -0.3277244
vn -0.62352455 0.70979846 -0.3277244
vn -0.3803892 0.70979846 -0.59286606
vn -0.3803892 0.70979846 -0.59286606
vn -0.66274 0.70979846 -0.23866679
vn -0.66274 0.70979846 -0.23866679
vn -0.30195844 0.70979846 -0.6364018
vn -0.30195844 0.70979846 -0.6364018
vn -0.21568453 0.70979846 -0.6705716
vn -0.21568453 0.70979846 -0.6705716
vn -0.12156761 0.70979846 -0.6938353
vn -0.12156761 0.70979846 -0.6938353
vn -0.019607663 0.70979846 -0.70413184
vn -0.019607663 0.70979846 -0.70413184
vn 0.07450926 0.70979846 -0.70045304
vn 0.07450926 0.70979846 -0.70045304
vn 0.16078311 0.70979846 -0.68580973
vn 0.16078311 0.70979846 -0.68580973
vn 0.25490004 0.70979846 -0.6566674
vn 0.25490004 0.70979846 -0.6566674
vn 0.3333308 0.70979846 -0.6205455
vn 0.3333308 0.70979846 -0.6205455
vn 0.4039185 0.70979846 -0.57709265
vn 0.4039185 0.70979846 -0.57709265
vn 0.4745062 0.70979846 -0.52060544
vn 0.4745062 0.70979846 -0.52060544
vn 0.5372508 0.70979846 -0.455574
vn 0.5372508 0.70979846 -0.455574
vn 0.59215236 0.70979846 -0.38149932
vn 0.59215236 0.70979846 -0.38149932
vn 0.6392108 0.70979846 -0.2959657
vn 0.6392108 0.70979846 -0.2959657
vn 0.6705831 0.70979846 -0.21564874
vn 0.6705831 0.70979846 -0.21564874
vn 0.69411236 0.70979846 -0.11997568
vn 0.69411236 0.70979846 -0.11997568
vn 0.7071068 0.70710677 -0
vn 0.7071068 0.70710677 -0
vn 0.70195544 0.70979846 0.058691327
vn 0.70195544 0.70979846 0.058691327
vn 0.6862693 0.70979846 0.15881005
vn 0.6862693 0.70979846 0.15881005
vn 0.66274005 0.70979846 0.23866665
vn 0.66274005 0.70979846 0.23866665
vn 0.62352467 0.70979846 0.32772422
vn 0.62352467 0.70979846 0.32772422
vn 0.5764662 0.70979846 0.4048121
vn 0.5764662 0.70979846 0.4048121
vn 0.52156466 0.70979846 0.4734516
vn 0.52156466 0.70979846 0.4734516
vn 0.45882004 0.70979846 0.53448135
vn 0.45882004 0.70979846 0.53448135
vn 0.38038927 0.70979846 0.59286606
vn 0.38038927 0.70979846 0.59286606
vn 0.3019585 0.70979846 0.6364018
vn 0.3019585 0.70979846 0.6364018
vn 0.21568465 0.70979846 0.67057157
vn 0.21568465 0.70979846 0.67057157
vn 0.121567726 0.70979846 0.69383526
vn 0.121567726 0.70979846 0.69383526
vn 0.0274508 0.70979846 0.70386976
vn 0.0274508 0.70979846 0.70386976
vn -0.074509144 0.70979846 0.70045304
vn -0.074509144 0.70979846 0.70045304
vn -0.16078305 0.70979846 0.68580973
vn -0.16078305 0.70979846 0.68580973
vn -0.24705684 0.70979846 0.6596583
vn -0.24705684 0.70979846 0.6596583
vn -0.33333075 0.70979846 0.6205455
vn -0.33333075 0.70979846 0.6205455
vn -0.4039184 0.70979846 0.57709277
vn -0.4039184 0.70979846 0.57709277
vn -0.47450614 0.70979846 0.5206055
vn -0.47450614 0.70979846 0.5206055
vn -0.53725076 0.70979846 0.45557413
vn -0.53725076 0.70979846 0.45557413
vn -0.59215224 0.70979846 0.38149956
vn -0.59215224 0.70979846 0.38149956
vn -0.6392107 0.70979846 0.2959659
vn -0.6392107 0.70979846 0.2959659
vn -0.670583 0.70979846 0.21564916
vn -0.670583 0.70979846 0.21564916
vn -0.6941123 0.70979846 0.11997618
vn -0.6941123 0.70979846 0.11997618
vn -0.70710677 0.70710677 -0
vn -0.70710677 0.70710677 -0
vn -0.7019553 0.70979846 -0.058693357
vn -0.7019553 0.70979846 -0.058693357
vn -0.68626916 0.70979846 -0.15881042
vn -0.68626916 0.70979846 -0.15881042
vn -0.003921509 0.99999225 -0.00034526698
vn -0.003921509 0.99999225 -0.00034526698
vn -0.003921509 0.99999225 -0.00034526698
vn -0.003921509 0.99999225 -0.00034526698
vn -0.003921509 0.99999225 -0.00034526698
vn -0.003921509 0.99999225 -0.00034526698
vn -0.003921509 0.99999225 -0.00034526698
vn -0.003921509 0.99999225 -0.00034526698
vn -0.003921509 0.99999225 -0.00034526698
vn -0.003921509 0.99999225 -0.00034526698
vn -0.003921509 0.99999225 -0.00034526698
vn -0.003921509 0.99999225 -0.00034526698
vn -0.003921509 0.99999225 -0.00034526698
vn -0.003921509 0.99999225 -0.00034526698
vn -0.003921509 0.99999225 -0.00034526698
vn -0.003921509 0.99999225 -0.00034526698
vn -0.003921509 0.99999225 -0.00034526698
vn -0.003921509 0.99999225 -0.00034526698
vn -0.003921509 0.99999225 -0.00034526698
vn -0.003921509 0.99999225 -0.00034526698
vn -0.003921509 0.99999225 -0.00034526698
vn -0.003921509 0.99999225 -0.00034526698
vn -0.003921509 0.99999225 -0.00034526698
vn -0.003921509 0.99999225 -0.00034526698
vn -0.003921509 0.99999225 -0.00034526698
vn -0.003921509 0.99999225 -0.00034526698
vn -0.003921509 0.99999225 -0.00034526698
vn -0.003921509 0.99999225 -0.00034526698
vn -0.003921509 0.99999225 -0.00034526698
vn -0.003921509 0.99999225 -0.00034526698
vn -0.003921509 0.99999225 -0.00034526698
vn -0.003921509 0.99999225 -0.00034526698
vn -0.003921509 0.99999225 -0.00034526698
vn -0.003921509 0.99999225 -0.00034526698
vn -0.003921509 0.99999225 -0.00034526698
vn -0.003921509 0.99999225 -0.00034526698
vn -0.003921509 0.99999225 -0.00034526698
vn -0.003921509 0.99999225 -0.00034526698
vn -0.003921509 0.99999225 -0.00034526698
vn -0.003921509 0.99999225 -0.00034526698
vn -0.003921509 0.99999225 -0.00034526698
vn -0.003921509 0.99999225 -0.00034526698
vn -0.003921509 0.99999225 -0.00034526698
vn -0.003921509 0.99999225 -0.00034526698
vn -0.003921509 0.99999225 -0.00034526698
vn -0.003921509 0.99999225 -0.00034526698
vn -0.003921509 0.99999225 -0.00034526698
vn -0.003921509 0.99999225 -0.00034526698
vn -0.003921509 0.99999225 -0.00034526698
vn -0.003921509 0.99999225 -0.00034526698
vn -0.003921509 0.99999225 -0.00034526698
vn -0.003921509 0.99999225 -0.00034526698
vn -0.003921509 0.99999225 -0.00034526698
vn -0.003921509 0.99999225 -0.00034526698
vn -0.003921509 0.99999225 -0.00034526698
vn -0.003921509 0.99999225 -0.00034526698
vn -0.003921509 0.99999225 -0.00034526698
vn -0.003921509 0.99999225 -0.00034526698
vn -0.003921509 0.99999225 -0.00034526698
vn -0.003921509 0.99999225 -0.00034526698
vn -0.003921509 0.99999225 -0.00034526698
vn -0.003921509 0.99999225 -0.00034526698
vn -0.003921509 0.99999225 -0.00034526698
vn -0.003921509 0.99999225 -0.00034526698
vn -0.003921509 0.99999225 -0.00034526698
vn -0.003921509 0.99999225 -0.00034526698
vn -0.003921509 0.99999225 -0.00034526698
vn -0.003921509 0.99999225 -0.00034526698
vn -0.003921509 0.99999225 -0.00034526698
vn -0.003921509 0.99999225 -0.00034526698
vn -0.003921509 0.99999225 -0.00034526698
vn -0.003921509 0.99999225 -0.00034526698
vn -0.003921509 0.99999225 -0.00034526698
vn -0.003921509 0.99999225 -0.00034526698
vn -0.003921509 0.99999225 -0.00034526698
vn -0.003921509 0.99999225 -0.00034526698
vn -0.003921509 0.99999225 -0.00034526698
vn -0.003921509 0.99999225 -0.00034526698
vn -0.003921509 0.99999225 -0.00034526698
vn -0.003921509 0.99999225 -0.00034526698
vn -0.003921509 0.99999225 -0.00034526698
vn -0.003921509 0.99999225 -0.00034526698
vn -0.003921509 0.99999225 -0.00034526698
vn -0.003921509 0.99999225 -0.00034526698
vn -0.003921509 0.99999225 -0.00034526698
vn -0.003921509 0.99999225 -0.00034526698
vn -0.003921509 0.99999225 -0.00034526698
vn -0.003921509 0.99999225 -0.00034526698
vn -0.003921509 0.99999225 -0.00034526698
vn -0.003921509 0.99999225 -0.00034526698
vn -0.003921509 0.99999225 -0.00034526698
vn -0.003921509 0.99999225 -0.00034526698
vn -0.003921509 0.99999225 -0.00034526698
vn -0.003921509 0.99999225 -0.00034526698
vn -0.003921509 0.99999225 -0.00034526698
vn -0.003921509 0.99999225 -0.00034526698
vn -0.4039184 0.70979846 0.57709277
vn -0.33333075 0.70979846 0.6205455
vn -0.4039184 0.70979846 0.57709277
vn -0.47450614 0.70979846 0.5206055
vn -0.33333075 0.70979846 0.6205455
vn -0.47450614 0.70979846 0.5206055
vn -0.24705684 0.70979846 0.6596583
vn -0.24705684 0.70979846 0.6596583
vn -0.16078305 0.70979846 0.68580973
vn -0.16078305 0.70979846 0.68580973
vn -0.53725076 0.70979846 0.45557413
vn -0.53725076 0.70979846 0.45557413
vn -0.074509144 0.70979846 0.70045304
vn -0.074509144 0.70979846 0.70045304
vn -0.59215224 0.70979846 0.38149956
vn -0.59215224 0.70979846 0.38149956
vn -0.6392107 0.70979846 0.2959659
vn -0.6392107 0.70979846 0.2959659
vn -0.670583 0.70979846 0.21564916
vn -0.670583 0.70979846 0.21564916
vn -0.6941123 0.70979846 0.11997618
vn -0.6941123 0.70979846 0.11997618
vn -0.70710677 0.70710677 -0
vn -0.70710677 0.70710677 -0
vn 0.0274508 0.70979846 0.70386976
vn 0.0274508 0.70979846 0.70386976
vn 0.121567726 0.70979846 0.69383526
vn 0.121567726 0.70979846 0.69383526
vn -0.7019553 0.70979846 -0.058693357
vn -0.7019553 0.70979846 -0.058693357
vn -0.68626916 0.70979846 -0.15881042
vn -0.68626916 0.70979846 -0.15881042
vn 0.21568465 0.70979846 0.67057157
vn 0.21568465 0.70979846 0.67057157
vn 0.3019585 0.70979846 0.6364018
vn 0.3019585 0.70979846 0.6364018
vn 0.38038927 0.70979846 0.59286606
vn 0.38038927 0.70979846 0.59286606
vn 0.45882004 0.70979846 0.53448135
vn 0.45882004 0.70979846 0.53448135
vn 0.52156466 0.70979846 0.4734516
vn 0.52156466 0.70979846 0.4734516
vn -0.66274 0.70979846 -0.23866679
vn -0.66274 0.70979846 -0.23866679
vn 0.5764662 0.70979846 0.4048121
vn 0.5764662 0.70979846 0.4048121
vn -0.62352455 0.70979846 -0.3277244
vn -0.62352455 0.70979846 -0.3277244
vn 0.62352467 0.70979846 0.32772422
vn 0.62352467 0.70979846 0.32772422
vn -0.5764661 0.70979846 -0.40481225
vn -0.5764661 0.70979846 -0.40481225
vn -0.5215646 0.70979846 -0.47345167
vn -0.5215646 0.70979846 -0.47345167
vn -0.45882 0.70979846 -0.53448135
vn -0.45882 0.70979846 -0.53448135
vn -0.3803892 0.70979846 -0.59286606
vn -0.3803892 0.70979846 -0.59286606
vn -0.30195844 0.70979846 -0.6364018
vn -0.30195844 0.70979846 -0.6364018
vn 0.66274005 0.70979846 0.23866665
vn 0.66274005 0.70979846 0.23866665
vn 0.6862693 0.70979846 0.15881005
vn 0.6862693 0.70979846 0.15881005
vn -0.21568453 0.70979846 -0.6705716
vn -0.21568453 0.70979846 -0.6705716
vn -0.12156761 0.70979846 -0.6938353
vn -0.12156761 0.70979846 -0.6938353
vn 0.70195544 0.70979846 0.058691327
vn 0.70195544 0.70979846 0.058691327
vn 0.7071068 0.70710677 -0
vn 0.7071068 0.70710677 -0
vn 0.69411236 0.70979846 -0.11997568
vn 0.69411236 0.70979846 -0.11997568
vn 0.6705831 0.70979846 -0.21564874
vn 0.6705831 0.70979846 -0.21564874
vn 0.6392108 0.70979846 -0.2959657
vn 0.6392108 0.70979846 -0.2959657
vn 0.59215236 0.70979846 -0.38149932
vn 0.59215236 0.70979846 -0.38149932
vn 0.5372508 0.70979846 -0.455574
vn 0.5372508 0.70979846 -0.455574
vn 0.4745062 0.70979846 -0.52060544
vn 0.4745062 0.70979846 -0.52060544
vn 0.4039185 0.70979846 -0.57709265
vn 0.4039185 0.70979846 -0.57709265
vn 0.3333308 0.70979846 -0.6205455
vn 0.3333308 0.70979846 -0.6205455
vn 0.24705696 0.70979846 -0.65965825
vn 0.24705696 0.70979846 -0.65965825
vn 0.16078311 0.70979846 -0.68580973
vn 0.16078311 0.70979846 -0.68580973
vn 0.07450926 0.70979846 -0.70045304
vn 0.07450926 0.70979846 -0.70045304
vn -0.02745068 0.70979846 -0.70386976
vn -0.02745068 0.70979846 -0.70386976
vn 0.6392108 -0.7176416 0.2764057
vn 0.56078005 -0.72548467 0.39899594
vn 0.6862693 -0.6784262 0.26224488
vn 0.6784262 -0.72548467 0.11580092
vn 0.68329144 -0.7301457 -0
vn 0.6784262 -0.72548467 -0.11580092
vn 0.46666312 -0.73332775 0.4944249
vn 0.46666312 -0.70195544 0.5380373
vn 0.3411739 -0.7490139 0.56795996
vn 0.6078385 -0.7176416 -0.33988664
vn 0.1999985 -0.73332775 0.649793
vn 0.19215542 -0.6705831 0.7165156
vn 0.0274508 -0.7411708 0.670755
vn 0.66274005 -0.72548467 -0.18560067
vn 0.62352467 -0.6705831 -0.40191454
vn 0.4745062 -0.756857 -0.44945678
vn -0.11372459 -0.72548467 0.6787774
vn -0.16078305 -0.70195544 0.69383526
vn -0.30980146 -0.7097985 0.6326209
vn -0.3803892 -0.72548467 0.57356435
vn -0.47450614 -0.7490139 0.46240905
vn 0.38038927 -0.72548467 -0.5735643
vn 0.36470312 -0.6862693 -0.6293061
vn 0.19215542 -0.7176416 -0.6693779
vn 0.10588157 -0.73332775 -0.6715799
vn -0.019607663 -0.7411708 -0.6710301
vn -0.6078384 -0.7176416 0.3398868
vn -0.19999838 -0.73332775 -0.6497931
vn -0.19215536 -0.6705831 -0.7165156
vn -0.34117377 -0.7490139 -0.5679601
vn -0.62352455 -0.6705831 0.4019147
vn -0.66274 -0.72548467 0.18560083
vn -0.67842615 -0.72548467 0.11580118
vn -0.68329144 -0.7301458 -0
vn -0.67842615 -0.72548467 -0.11580118
vn -0.466663 -0.73332775 -0.49442497
vn -0.466663 -0.70195544 -0.53803736
vn -0.5607799 -0.72548467 -0.39899608
vn -0.6392107 -0.7176416 -0.2764059
vn -0.68626916 -0.6784262 -0.26224512
vn -0.003921509 -0.9999924 -0
vn 0.0039215684 -0.9999924 -0
vn 0.0039215684 -0.9999924 -0
vn 0.0039215684 -0.9999924 -0
vn -0.003921509 -0.9999924 -0
vn 0.0039215684 -0.9999924 -0
vn -0.003921509 -0.9999924 -0
vn 0.0039215684 -0.9999924 -0
vn -0.003921509 -0.9999924 -0
vn -0.003921509 -0.9999924 -0
vn 0.0039215684 -0.9999924 -0
vn -0.003921509 -0.9999924 -0
vn -0.003921509 -0.9999924 -0
vn 0.0039215684 -0.9999924 -0
vn -0.003921509 -0.9999924 -0
vn -0.003921509 -0.9999924 -0
vn -0.003921509 -0.9999924 -0
vn -0.003921509 -0.9999924 -0
vn -0.003921509 -0.9999924 -0
vn 0.0039215684 -0.9999924 -0
vn 0.0039215684 -0.9999924 -0
vn 0.0039215684 -0.9999924 -0
vn 0.0039215684 -0.9999924 -0
vn 0.0039215684 -0.9999924 -0
vn 0.0039215684 -0.9999924 -0
vn -0.003921509 -0.9999924 -0
vn -0.003921509 -0.9999924 -0
vn 0.0039215684 -0.9999924 -0
vn -0.003921509 -0.9999924 -0
vn 0.0039215684 -0.9999924 -0
vn 0.0039215684 -0.9999924 -0
vn 0.0039215684 -0.9999924 -0
vn 0.0039215684 -0.9999924 -0
vn -0.043136835 -0.011764646 -0.9989999
vn 0.28627235 0.011764526 -0.95807606
vn -0.11372459 0.011764526 -0.99344265
vn -0.48234916 -0.0039215684 -0.87597024
vn 0.46666312 -0.0274508 -0.88400906
vn -0.48234916 -0.0039215684 -0.87597024
vn 0.66274005 0.011764526 -0.7487571
vn -0.8117584 0.003921509 -0.58398026
vn 0.86666006 -0.0274508 -0.49814335
vn -0.8431307 -0.011764646 -0.53757995
vn 0.9294047 0.011764526 -0.36887467
vn -0.99214923 0.011764526 -0.124505006
vn 0.99993086 -0.011763922 -0
vn -0.99993086 -0.011763923 -0
vn 0.9921493 0.011764526 0.12450453
vn -0.874503 0.011764526 0.48487735
vn 0.79607236 -0.011764646 0.6050871
vn -0.86666 -0.0039215684 0.49888384
vn 0.756857 0.003921509 0.6535688
vn 0.3333308 -0.011764646 0.9427365
vn 0.2313708 0.019607663 0.972668
vn -0.16078305 -0.011764646 0.98691964
vn -0.39607537 0.019607663 0.9180086
vn -0.59215224 -0.0039215684 0.8058166
vn -0.003921509 -0.9999924 -0
vn -0.003921509 -0.9999924 -0
vn -0.003921509 -0.9999924 -0
vn 0.0039215684 -0.9999924 -0
vn -0.003921509 -0.9999924 -0
vn 0.0039215684 -0.9999924 -0
vn -0.003921509 -0.9999924 -0
vn 0.0039215684 -0.9999924 -0
vn 0.0039215684 -0.9999924 -0
vn 0.0039215684 -0.9999924 -0
vn 0.0039215684 -0.9999924 -0
vn -0.003921509 -0.9999924 -0
vn 0.0039215684 -0.9999924 -0
vn -0.003921509 -0.9999924 -0
vn 0.0039215684 -0.9999924 -0
vn -0.003921509 -0.9999924 -0
vn -0.003921509 -0.9999924 -0
vn -0.003921509 -0.9999924 -0
vn -0.003921509 -0.9999924 -0
vn 0.0039215684 -0.9999924 -0
vn 0.0039215684 -0.9999924 -0
vn 0.0039215684 -0.9999924 -0
vn 0.0039215684 -0.9999924 -0
vn -0.003921509 -0.9999924 -0
vn -0.003921509 -0.9999924 -0
vn 0.0039215684 -0.9999924 -0
vn -0.003921509 -0.9999924 -0
vn 0.0039215684 -0.9999924 -0
vn -0.003921509 -0.9999924 -0
vn -0.003921509 -0.9999924 -0
vn -0.003921509 -0.9999924 -0
vn -0.003921509 -0.9999924 -0
vn -0.003921509 -0.9999924 -0
vn 0.0039215684 -0.9999924 -0
vn 0.0039215684 -0.9999924 -0
vn 0.0039215684 -0.9999924 -0
vn -0.003921509 -0.9999924 -0
vn 0.0039215684 -0.9999924 -0
vn 0.0039215684 -0.9999924 -0
vn -0.003921509 -0.9999924 -0
vn 0.0039215684 -0.9999924 -0
vn 0.0039215684 -0.9999924 -0
vn -0.003921509 -0.9999924 -0
vn 0.0039215684 -0.9999924 -0
vn 0.0039215684 -0.9999924 -0
vn -0.003921509 -0.9999924 -0
vn -0.003921509 -0.9999924 -0
vn 0.0039215684 -0.9999924 -0
vn -0.003921509 -0.9999924 -0
vn -0.003921509 -0.9999924 -0
vn -0.003921509 -0.9999924 -0
vn -0.003921509 -0.9999924 -0
vn -0.003921509 -0.9999924 -0
vn 0.0039215684 -0.9999924 -0
vn 0.0039215684 -0.9999924 -0
vn 0.0039215684 -0.9999924 -0
vn 0.0039215684 -0.9999924 -0
vn 0.0039215684 0.99999225 -0.00034526698
vn 0.0039215684 0.99999225 -0.00034526698
vn 0.0039215684 0.99999225 -0.00034526698
vn 0.0039215684 0.99999225 -0.00034526698
vn 0.0039215684 0.99999225 -0.00034526698
vn 0.0039215684 0.99999225 -0.00034526698
vn 0.0039215684 0.99999225 -0.00034526698
vn 0.011763923 0.99993086 -0
vn -0.003921509 0.99999225 -0.00034526698
vn 0.0039215684 0.99999225 -0.00034526698
vn -0.003921509 0.99999225 -0.00034526698
vn -0.003921509 0.99999225 -0.00034526698
vn 0.0039215684 0.99999225 -0.00034526698
vn -0.003921509 0.99999225 -0.00034526698
vn -0.003921509 0.99999225 -0.00034526698
vn 0.0039215684 0.99999225 -0.00034526698
vn -0.003921509 0.99999225 -0.00034526698
vn 0.0039215684 0.99999225 -0.00034526698
vn 0.0039215684 0.99999225 -0.00034526698
vn 0.0039215684 0.99999225 -0.00034526698
vn -0.003921509 0.99999225 -0.00034526698
vn -0.003921509 0.99999225 -0.00034526698
vn -0.003921509 0.99999225 -0.00034526698
vn -0.003921509 0.99999225 -0.00034526698
vn -0.003921509 0.99999225 -0.00034526698
vn -0.003921509 0.99999225 -0.00034526698
vn 0.0039215684 0.99999225 -0.00034526698
vn 0.0039215684 0.99999225 -0.00034526698
vn -0.003921509 0.99999225 -0.00034526698
vn -0.003921509 0.99999225 -0.00034526698
vn -0.003921509 0.99999225 -0.00034526698
vn -0.003921509 0.99999225 -0.00034526698
vn -0.003921509 0.99999225 -0.00034526698
vn -0.003921509 0.99999225 -0.00034526698
vn 0.1294108 0.003921509 -0.9915833
vn -0.27842915 0.003921509 -0.96044874
vn 0.34901696 -0.019607723 -0.9369113
vn 0.56078005 0.011764526 -0.8278813
vn -0.2862723 -0.011764646 -0.9580761
vn 0.83528775 -0.019607723 -0.54946333
vn -0.7254846 0.011764526 -0.6881378
vn 0.8901893 0.011764526 -0.45543894
vn -0.76469994 -0.011764646 -0.6442792
vn 0.99993086 -0.011763922 -0
vn -0.96861994 0.003921509 -0.2485156
vn 0.9921493 0.011764526 0.12450453
vn -0.9843061 -0.011764646 -0.17607701
vn 0.8196016 -0.011764646 0.5728131
vn -0.96861994 0.003921509 0.2485156
vn 0.7882293 0.003921509 0.61536914
vn -0.9607769 -0.0039215684 0.27729464
vn 0.41960466 -0.011764646 0.90763074
vn -0.7882292 0.003921509 0.61536926
vn 0.38038927 0.003921509 0.92481816
vn -0.76469994 -0.011764646 0.6442792
vn -0.02745068 -0.011764646 0.9995539
vn -0.48234916 0.003921509 0.87597024
vn -0.066666126 0.003921509 0.9977676
vn -0.45097685 -0.0039215684 0.89252704
vn -0.7176415 0.67842615 0.15725358
vn -0.7176415 0.67842615 0.15725358
vn -0.6313677 0.67842615 0.37564987
vn -0.6313677 0.67842615 0.37564987
vn -0.7254846 0.67842615 -0.11580182
vn -0.4352907 0.68626916 0.5827149
vn -0.7254846 0.67842615 -0.11580182
vn -0.4352907 0.68626916 0.5827149
vn -0.62352455 0.67842615 -0.38852942
vn -0.16862607 0.67842615 0.7150547
vn -0.62352455 0.67842615 -0.38852942
vn -0.16862607 0.67842615 0.7150547
vn -0.4352907 0.67842615 -0.5918277
vn 0.1294108 0.67842615 0.72318107
vn -0.4352907 0.67842615 -0.5918277
vn 0.1294108 0.67842615 0.72318107
vn -0.18431222 0.67842615 -0.71117294
vn 0.39607543 0.67842615 0.6187586
vn -0.18431222 0.67842615 -0.71117294
vn 0.39607543 0.67842615 0.6187586
vn 0.09019542 0.67842615 -0.7291109
vn 0.59999543 0.67842615 0.4239616
vn 0.09019542 0.67842615 -0.7291109
vn 0.59999543 0.67842615 0.4239616
vn 0.38038927 0.68626916 -0.61995053
vn 0.7097985 0.67842615 0.18953641
vn 0.38038927 0.68626916 -0.61995053
vn 0.7097985 0.67842615 0.18953641
vn 0.59999543 0.67842615 -0.4239616
vn 0.7176416 0.67842615 -0.157253
vn 0.59999543 0.67842615 -0.4239616
vn 0.7176416 0.67842615 -0.157253
vn 0.756857 0.64705384 0.09213503
vn 0.756857 0.64705384 0.09213503
vn 0.756857 0.64705384 0.09213503
vn -0.7568569 0.64705384 -0.092135355
vn -0.7568569 0.64705384 -0.092135355
vn -0.7568569 0.64705384 -0.092135355
vn -0.30980146 0.64705384 -0.6966666
vn -0.30980146 0.64705384 -0.6966666
vn -0.30980146 0.64705384 -0.6966666
vn 0.30980158 0.64705384 0.6966666
vn 0.30980158 0.64705384 0.6966666
vn 0.30980158 0.64705384 0.6966666
vn 0.8901893 0.035293818 0.45422176
vn 0.8196016 -0.0039215684 0.57292044
vn 0.8196016 -0.0039215684 0.57292044
vn 0.73332775 0.035293818 0.6789586
vn 0.8196016 -0.0039215684 0.57292044
vn 0.8196016 0.074509144 0.5680683
vn 0.59999543 0.043136835 0.79883957
vn 0.9529339 0.043136835 0.30009362
vn 0.45882004 0.066666126 0.8860247
vn 0.9921493 0.066666126 0.10580836
vn 0.26274312 0.050979972 0.9635181
vn 0.19215542 0.05882299 0.97959995
vn 0.14509696 0.003921509 0.9894097
vn 0.9921493 0.050979972 -0.11419643
vn 0.9843062 0.05882299 -0.16637649
vn 0.97646314 0.003921509 -0.21564874
vn -0.8901892 0.035293818 -0.45422193
vn -0.8117584 0.019607663 -0.5836642
vn -0.82744455 0.019607663 -0.561205
vn -0.7333276 0.035293818 -0.6789587
vn -0.85097384 0.035293818 -0.52402085
vn -0.81960154 0.074509144 -0.5680684
vn -0.5999954 0.043136835 -0.7988396
vn -0.9529338 0.043136835 -0.30009404
vn -0.45882 0.066666126 -0.8860247
vn -0.99214923 0.066666126 -0.10580893
vn -0.262743 0.050979972 -0.96351814
vn -0.19215536 0.05882299 -0.97959995
vn -0.1450969 0.003921509 -0.9894097
vn -0.99214923 0.050979972 0.11419695
vn -0.9843061 0.05882299 0.1663772
vn -0.9764631 0.003921509 0.21564901
vn 0.0039215684 0.019607663 0.9998001
vn -0.24705684 -0.0039215684 0.96899307
vn -0.16078305 0.0901953 0.9828599
vn -0.035293818 0.41176152 0.91060793
vn 0.10588157 -0.0039215684 0.994371
vn -0.13725376 0.47450614 0.8694857
vn 0.09019542 0.7568569 0.6473271
vn 0.41960466 0.85881686 0.2938801
vn 0.3019585 0.93724763 0.17432137
vn 0.6392108 0.7568569 -0.13629805
vn 0.8509739 0.4039184 -0.33569837
vn 0.7803862 0.45882 -0.4248312
vn 0.87450314 0.098038435 -0.47500816
vn 0.94509083 0.019607663 -0.326219
vn 0.97646314 -0.0039215684 -0.21564874
vn 0.83528775 0.011764526 -0.54968715
vn 0.05098003 0.02745068 -0.99832237
vn 0.24705696 -0.0039215684 -0.968993
vn 0.17646927 0.0901953 -0.980165
vn 0.05098003 0.4039184 -0.9133734
vn -0.02745068 0.011764526 -0.9995539
vn 0.15294003 0.4901923 -0.8580914
vn -0.11372459 0.7568569 -0.6436104
vn -0.42744768 0.85097384 -0.3051754
vn -0.3176446 0.9294046 -0.18790677
vn -0.64705384 0.7490138 0.14247712
vn -0.85097384 0.4039184 0.33569846
vn -0.7725431 0.45882 0.43893212
vn -0.86666 0.0901953 0.49067837
vn -0.9294046 0.035293818 0.36737093
vn -0.9529338 0.019607663 0.30254382
vn -0.8352877 0.011764526 0.54968727
vn 0.0039215684 0.99999225 -0.00034526698
vn 0.0039215684 0.99999225 -0.00034526698
vn -0.003921509 0.99999225 -0.00034526698
vn -0.003921509 0.99999225 -0.00034526698
vn -0.027440555 0.9996234 -0
vn -0.003921509 0.99999225 -0.00034526698
vn -0.003921509 0.99999225 -0.00034526698
vn -0.003921509 0.99999225 -0.00034526698
vn -0.003921509 0.99999225 -0.00034526698
vn -0.003921509 0.99999225 -0.00034526698
vn -0.003921509 0.99999225 -0.00034526698
vn -0.003921509 0.99999225 -0.00034526698
vn -0.003921509 0.99999225 -0.00034526698
vn 0.0039215684 0.99999225 -0.00034526698
vn 0.0039215684 0.99999225 -0.00034526698
vn 0.0039215684 0.99999225 -0.00034526698
vn 0.0039215684 0.99999225 -0.00034526698
vn -0.003921509 0.99999225 -0.00034526698
vn -0.003921509 0.99999225 -0.00034526698
vn -0.003921509 0.99999225 -0.00034526698
vn -0.003921509 0.99999225 -0.00034526698
vn -0.003921509 0.99999225 -0.00034526698
vn -0.003921509 0.99999225 -0.00034526698
vn -0.003921509 0.99999225 -0.00034526698
vn -0.003921509 0.99999225 -0.00034526698
vn -0.003921509 0.99999225 -0.00034526698
vn -0.003921509 0.99999225 -0.00034526698
vn -0.003921509 0.99999225 -0.00034526698
vn -0.003921509 0.99999225 -0.00034526698
vn -0.003921509 0.99999225 -0.00034526698
vn -0.003921509 0.99999225 -0.00034526698
vn -0.24705684 0.003921509 0.96899307
vn -0.3490169 0.10588145 0.9311156
vn -0.2941153 0.050979972 0.95440936
vn -0.47450614 0.043136835 0.8791946
vn -0.45097685 0.003921509 0.89252704
vn -0.59215224 0.019607663 0.8055876
vn -0.76469994 0.003921509 0.6443746
vn -0.7568569 0.003921509 0.6535688
vn -0.81960154 0.003921509 0.57292056
vn -0.81960154 0.003921509 0.57292056
vn 0.24705696 0.003921509 -0.968993
vn 0.34901696 0.10588145 -0.9311156
vn 0.29411542 0.050979972 -0.95440936
vn 0.4745062 0.043136835 -0.87919456
vn 0.45097697 0.003921509 -0.892527
vn 0.59215236 0.019607663 -0.8055875
vn 0.76470006 0.003921509 -0.6443745
vn 0.756857 0.003921509 -0.6535688
vn 0.8196016 0.003921509 -0.57292044
vn 0.8196016 0.003921509 -0.57292044
vn 0.8196016 0.003921509 0.57292044
vn 0.8196016 0.003921509 0.57292044
vn 0.8196016 0.003921509 0.57292044
vn 0.8196016 0.003921509 0.57292044
vn -0.81960154 0.003921509 -0.57292056
vn -0.81960154 0.003921509 -0.57292056
vn -0.81960154 0.003921509 -0.57292056
vn -0.81960154 0.003921509 -0.57292056
vn -0.4039184 0.70979846 -0.57709277
vn -0.47450614 0.70979846 -0.5206055
vn -0.47450614 0.70979846 -0.5206055
vn -0.47450614 0.70979846 -0.5206055
vn -0.37254608 0.70979846 -0.59782565
vn -0.20784152 0.70979846 -0.67304385
vn -0.21568453 0.70979846 -0.6705716
vn -0.098038435 0.7254846 -0.6812199
vn -0.098038435 0.7254846 -0.6812199
vn -0.81960154 0.003921509 -0.57292056
vn -0.81960154 0.003921509 -0.57292056
vn -0.81960154 0.003921509 -0.57292056
vn -0.81960154 0.003921509 -0.57292056
vn 0.4039185 0.70979846 0.57709265
vn 0.4745062 0.7176415 0.5097397
vn 0.4745062 0.7176415 0.5097397
vn 0.4745062 0.70979846 0.52060544
vn 0.3725462 0.70979846 0.59782565
vn 0.20784158 0.70979846 0.67304385
vn 0.21568465 0.70979846 0.67057157
vn 0.098038495 0.7254846 0.6812199
vn 0.098038495 0.7254846 0.6812199
vn 0.8196016 0.003921509 0.57292044
vn 0.8196016 0.003921509 0.57292044
vn 0.8196016 0.003921509 0.57292044
vn 0.8196016 0.003921509 0.57292044
vn -0.81960154 -0.0039215684 -0.57292056
vn -0.81960154 -0.0039215684 -0.57292056
vn -0.81960154 -0.0039215684 -0.57292056
vn -0.81960154 -0.0039215684 -0.57292056
vn -0.81960154 -0.0039215684 -0.57292056
vn 0.8196016 0.011764526 0.5728131
vn 0.8196016 0.011764526 0.5728131
vn 0.8196016 0.011764526 0.5728131
vn 0.8196016 0.003921509 0.57292044
vn 0.8117585 0.003921509 0.5839801
vn 0.5686231 0.1450969 -0.8097003
vn 0.5686231 -0.019607723 -0.82236445
vn 0.5764662 0.003921509 -0.81711155
vn 0.5686231 0.1450969 -0.8097003
vn 0.5058785 0.48234916 -0.7151407
vn 0.49019235 0.51372147 -0.70413184
vn 0.29411542 0.86666 -0.40298462
vn 0.27842927 0.874503 -0.39714175
vn 0.019604107 0.9998079 -0
vn -0.011763804 0.99993086 -0
vn -0.2941153 0.85881686 0.41943985
vn -0.30195844 0.85097384 0.4297262
vn -0.4980353 0.50587845 0.7043066
vn -0.4980353 0.50587845 0.7043066
vn -0.56862307 0.12941074 0.81235504
vn -0.56862307 0.15293992 0.8082557
vn -0.5764661 -0.0039215684 0.8171117
vn -0.5764661 -0.0039215684 0.8171117
vn 0.5764662 0.70979846 0.4048121
vn 0.5764662 0.70979846 0.4048121
vn 0.5764662 0.70979846 0.4048121
vn 0.5764662 0.70979846 0.4048121
vn -0.5764661 0.70979846 -0.40481225
vn -0.5764661 0.70979846 -0.40481225
vn -0.5764661 0.70979846 -0.40481225
vn -0.5764661 0.70979846 -0.40481225
vn 0.5764662 0.70979846 0.4048121
vn 0.5764662 0.70979846 0.4048121
vn 0.5764662 0.70979846 0.4048121
vn 0.5764662 0.70979846 0.4048121
vn 0.5843093 0.7019553 -0.40723634
vn 0.5450939 0.66274 -0.51346695
vn 0.59215236 0.7019553 -0.39574528
vn 0.56078005 0.670583 -0.48563793
vn 0.41960466 0.65489686 -0.6285237
vn 0.41960466 0.65489686 -0.6285237
vn 0.2313708 0.7019553 -0.67359203
vn 0.28627235 0.68626916 -0.6686425
vn 0.16862619 0.70979846 -0.6839235
vn 0.16862619 0.7019553 -0.69197106
vn 0.6705831 0.7254846 -0.15488814
vn 0.6784262 0.7254846 -0.11580143
vn 0.70195544 0.70979846 -0.058691327
vn 0.7071068 0.70710677 -0
vn 0.6862693 0.70979846 0.15881005
vn 0.6862693 0.70979846 0.15881005
vn 0.6470539 0.70979846 0.27840146
vn 0.6470539 0.7176415 0.25751108
vn 0.654897 0.7019553 0.2799441
vn -0.5764661 0.70979846 -0.40481225
vn -0.5764661 0.70979846 -0.40481225
vn -0.5764661 0.70979846 -0.40481225
vn -0.5764661 0.70979846 -0.40481225
vn -0.5843092 0.7019553 0.4072364
vn -0.5450938 0.66274 0.5134671
vn -0.59215224 0.7019553 0.39574552
vn -0.5607799 0.670583 0.48563805
vn -0.41960454 0.65489686 0.62852377
vn -0.41960454 0.65489686 0.62852377
vn -0.23137069 0.7019553 0.6735921
vn -0.2862723 0.68626916 0.6686425
vn -0.16862607 0.70979846 0.68392354
vn -0.16862607 0.7019553 0.69197106
vn -0.670583 0.7254846 0.1548887
vn -0.67842615 0.7254846 0.11580169
vn -0.7019553 0.70979846 0.058693357
vn -0.70710677 0.70710677 -0
vn -0.68626916 0.70979846 -0.15881042
vn -0.68626916 0.70979846 -0.15881042
vn -0.64705384 0.70979846 -0.27840167
vn -0.64705384 0.70979846 -0.27840167
vn -0.66274 0.6941123 -0.28104058
vn -0.5764661 -0.011764646 0.8170364
vn -0.5764661 0.003921509 0.8171117
vn -0.56862307 0.15293992 0.8082557
vn -0.56862307 0.1450969 0.80970037
vn -0.50587845 0.48234916 0.71514076
vn -0.4901923 0.5215646 0.6983422
vn -0.2941153 0.86666 0.4029847
vn -0.2862723 0.86666 0.40859354
vn -0.019604048 0.9998079 -0
vn 0.0039215684 0.99999225 -0.00034526698
vn 0.28627235 0.85881686 -0.42483142
vn 0.29411542 0.85881686 -0.41943976
vn 0.49019235 0.50587845 -0.7097876
vn 0.49803543 0.50587845 -0.70430654
vn 0.5686231 0.1450969 -0.8097003
vn 0.5686231 0.1450969 -0.8097003
vn 0.5764662 -0.0039215684 -0.81711155
vn 0.5764662 -0.011764646 -0.8170363
vn 0.0039215684 0.99999225 -0.00034526698
vn 0.011763923 0.99993086 -0
vn 0.0039215684 0.99999225 -0.00034526698
vn -0.003921509 0.99999225 -0.00034526698
vn -0.003921509 0.99999225 -0.00034526698
vn 0.0039215684 0.99999225 -0.00034526698
vn -0.003921509 0.99999225 -0.00034526698
vn -0.003921509 0.99999225 -0.00034526698
vn -0.003921509 0.99999225 -0.00034526698
vn -0.003921509 0.99999225 -0.00034526698
vn -0.003921509 0.99999225 -0.00034526698
vn -0.003921509 0.99999225 -0.00034526698
vn -0.003921509 0.99999225 -0.00034526698
vn -0.003921509 0.99999225 -0.00034526698
vn -0.003921509 0.99999225 -0.00034526698
vn -0.003921509 0.99999225 -0.00034526698
vn -0.003921509 0.99999225 -0.00034526698
vn -0.003921509 0.99999225 -0.00034526698
vn -0.003921509 0.99999225 -0.00034526698
vn -0.003921509 0.99999225 -0.00034526698
vn -0.003921509 0.99999225 -0.00034526698
vn -0.003921509 0.99999225 -0.00034526698
vn 0.0039215684 0.99999225 -0.00034526698
vn 0.0039215684 0.99999225 -0.00034526698
vn -0.003921509 0.99999225 -0.00034526698
vn -0.003921509 0.99999225 -0.00034526698
vn -0.003921509 0.99999225 -0.00034526698
vn -0.003921509 0.99999225 -0.00034526698
vn -0.003921509 0.99999225 -0.00034526698
vn -0.003921509 0.99999225 -0.00034526698
vn -0.003921509 0.99999225 -0.00034526698
vn 0.0039215684 0.99999225 -0.00034526698
vn 0.0039215684 0.99999225 -0.00034526698
vn -0.003921509 0.99999225 -0.00034526698
vn -0.011763804 0.99993086 -0
vn -0.3176446 -0.1294108 -0.9393374
vn -0.34117377 -0.10588157 -0.93401796
vn -0.27058613 -0.05882311 -0.96089697
vn -0.27058613 0.35685992 -0.8941108
vn -0.11372459 0.466663 -0.87709314
vn -0.3176446 0.65489686 -0.6857201
vn -0.56862307 0.68626916 -0.45354432
vn -0.5764661 0.68626916 -0.44353294
vn -0.76469994 0.62352455 -0.16263816
vn -0.9294046 0.36470306 0.056557298
vn -0.9215615 0.37254608 0.10924209
vn -0.99214923 -0.0274508 0.12200965
vn -0.99214923 -0.05882311 0.110361874
vn -0.9843061 -0.09019542 0.1516783
vn 0.16078311 -0.0039215684 0.986982
vn 0.19215542 -0.05098003 0.9800395
vn 0.1999985 -0.043136954 0.97884613
vn 0.22352773 0.2862723 0.93171
vn 0.11372465 0.41176152 0.90416765
vn 0.3725462 0.59215224 0.71453834
vn 0.59999543 0.68626916 0.41114488
vn 0.48234928 0.81960154 0.30918038
vn 0.80391544 0.59215224 0.055458896
vn 0.94509083 0.30980146 -0.10404978
vn 0.89803237 0.38823223 -0.20691454
vn 0.97646314 0.019607663 -0.21479128
vn 0.97646314 -0.0274508 -0.21393038
vn 0.96862006 -0.07450926 -0.237115
vn -0.18431222 0.70979846 -0.67986405
vn -0.098038435 0.70979846 -0.697549
vn -0.12941074 0.7176415 -0.68428326
vn -0.21568453 0.7176415 -0.66217136
vn -0.035293818 0.70979846 -0.70352006
vn -0.27058613 0.7176415 -0.6416961
vn 0.011764646 0.7176415 -0.6963134
vn -0.3176446 0.7019553 -0.6374642
vn 0.07450926 0.70979846 -0.70045304
vn -0.38823223 0.70979846 -0.58776003
vn -0.39607537 0.7019553 -0.5919316
vn -0.48234916 0.70979846 -0.51334727
vn -0.4980353 0.7019553 -0.5091361
vn -0.5450938 0.70979846 -0.44616017
vn -0.5843092 0.7019553 -0.4072364
vn 0.17646927 0.70979846 -0.68194187
vn 0.19215542 0.70979846 -0.677689
vn -0.5999954 0.7176415 -0.35354817
vn 0.30980158 0.70979846 -0.6326209
vn 0.30980158 0.70979846 -0.6326209
vn 0.4352908 0.70979846 -0.55381227
vn 0.4352908 0.70979846 -0.55381227
vn 0.5372508 0.70979846 -0.455574
vn 0.5372508 0.70979846 -0.455574
vn 0.6156816 0.70979846 -0.34223133
vn 0.6156816 0.70979846 -0.34223133
vn 0.66274005 0.70979846 -0.23866665
vn 0.66274005 0.70979846 -0.23866665
vn 0.69411236 0.70979846 -0.11997568
vn 0.69411236 0.70979846 -0.11997568
vn 0.7071068 0.70710677 -0
vn 0.7071068 0.70710677 -0
vn 0.69411236 0.70979846 0.11997568
vn 0.69411236 0.70979846 0.11997568
vn 0.6705831 0.70979846 0.21564874
vn 0.6784262 0.70979846 0.18953632
vn 0.6392108 0.70979846 0.2959657
vn 0.6470539 0.7019553 0.2976239
vn 0.6156816 0.7019553 0.35804316
vn 0.59999543 0.70979846 0.36904147
vn 0.5764662 0.7019553 0.4182648
vn 0.552937 0.70979846 0.43640217
vn 0.52940774 0.7019553 0.47643068
vn 0.5137216 0.70979846 0.48195046
vn 0.45882004 0.7019553 0.5447411
vn 0.45097697 0.70979846 0.5411154
vn 0.36470312 0.70979846 0.60264236
vn 0.35686004 0.70979846 0.6073196
vn 0.25490004 0.70979846 0.6566674
vn 0.25490004 0.70979846 0.6566674
vn 0.11372465 0.70979846 0.6951639
vn 0.11372465 0.70979846 0.6951639
vn -0.02745068 0.70979846 0.70386976
vn -0.02745068 0.70979846 0.70386976
vn -0.16862607 0.70979846 0.68392354
vn -0.16862607 0.70979846 0.68392354
vn -0.2941153 0.70979846 0.6400643
vn -0.2941153 0.70979846 0.6400643
vn -0.41176152 0.70979846 0.571523
vn -0.41960454 0.7176415 0.5558082
vn -0.48234916 0.7568569 0.44102934
vn -0.4980353 0.70979846 0.4981435
vn -0.5607799 0.74117076 0.3690417
vn -0.5999954 0.7019553 0.38375035
vn -0.5999954 0.74117076 0.30111706
vn -0.66274 0.70979846 0.23866679
vn -0.67842615 0.7254846 0.11580169
vn -0.670583 0.7176415 0.18790725
vn -0.6941123 0.70979846 0.11997618
vn -0.65489686 0.7490138 -0.100441545
vn -0.7019553 0.70979846 -0.058693357
vn -0.68626916 0.7176415 -0.11842859
vn -0.670583 0.7176415 -0.18790725
vn -0.67842615 0.7176415 -0.15725347
vn -0.5999954 0.7568569 -0.2591779
vn -0.64705384 0.7176415 -0.25751132
vn -0.82744455 -0.019607723 -0.561205
vn -0.81960154 0.011764526 -0.57281315
vn -0.8117584 -0.121567726 -0.57120013
vn -0.7019553 -0.52940774 -0.4764307
vn -0.76469994 0.066666126 -0.64092875
vn -0.7882292 -0.07450926 -0.6108544
vn -0.7568569 0.37254608 -0.53700745
vn -0.65489686 -0.59999543 -0.45947316
vn -0.42744768 -0.8509739 -0.3051753
vn -0.51372147 0.7568569 -0.40405178
vn -0.45097685 0.8352877 -0.31450656
vn -0.019604048 0.9998079 -0
vn -0.011763804 0.99993086 -0
vn 0.011763923 0.99993086 -0
vn 0.011763923 0.99993086 -0
vn 0.3725462 0.8901892 0.2622452
vn -0.11372459 0.15293992 -0.9816701
vn 0.45882004 0.10588145 -0.882198
vn 0.2313708 0.8901892 -0.3924675
vn -0.37254608 -0.011764646 -0.9279391
vn 0.56078005 0.7176415 0.41293642
vn 0.7176416 0.50587845 0.47862044
vn 0.8196016 0.011764526 0.5728131
vn 0.27842927 0.86666 -0.41397777
vn 0.17646927 -0.0039215684 -0.98429835
vn 0.8431308 0.10588145 0.52718073
vn 0.8117585 -0.043136954 0.58239794
vn 0.90587544 -0.07450926 0.41693887
vn 0.8117585 -0.13725388 0.567635
vn 0.69411236 -0.52940774 0.48778632
vn 0.5372508 0.82744455 0.16339229
vn 0.4039185 0.81960154 -0.40632886
vn 0.9921493 0.08235228 0.09411633
vn 0.6705831 0.08235228 -0.7372492
vn 0.6078385 0.074509144 -0.79055727
vn 0.6862693 -0.098038495 -0.72071004
vn 0.9137185 0.043136835 -0.40405157
vn 0.96862006 -0.05098003 -0.24326156
vn 0.8117585 -0.5686231 -0.13310099
vn 0.5372508 0.035293818 -0.84268373
vn 0.6078385 -0.05882311 -0.79187894
vn 0.42744774 -0.6705831 -0.6063058
vn 0.5372508 -0.05882311 -0.84136873
vn 0.46666312 -0.15294003 -0.8711113
vn 0.48234928 -0.69411236 -0.5343662
vn 0.20784158 -0.96862006 -0.13629761
vn 0.05882311 -0.098038495 -0.99344265
vn -0.41960454 -0.066666186 -0.9052556
vn -0.24705684 -0.6078385 -0.75464916
vn 0.21568465 -0.8196016 -0.53078556
vn -0.050979972 -0.9843062 -0.16894478
vn -0.41176152 -0.8431308 -0.3458075
vn 0.16862619 -0.9529339 -0.25195667
vn -0.56862307 -0.72548467 -0.38773674
vn -0.9058753 -0.098038495 -0.4120417
vn -0.9764631 -0.043136954 0.21132694
vn -0.5999954 -0.76470006 -0.23503073
vn -0.88234615 -0.34901696 0.31567776
vn -0.33261538 -0.9430625 -0
vn -0.1764692 -0.97646314 0.1240095
vn -0.27058613 -0.94509083 -0.18326604
vn -0.003921509 -0.9999924 -0
vn -0.5843092 -0.28627235 0.75936216
vn -0.05882299 -0.9921493 0.110361286
vn 0.019604106 -0.9998079 -0
vn 0.0039215684 -0.9999924 -0
vn -0.15293992 -0.019607723 0.988041
vn -0.23921382 -0.8274447 0.50804734
vn -0.043136835 -0.9921493 0.11738392
vn 0.066666186 -0.9843062 0.16339192
vn 0.121567726 -0.552937 0.82430696
vn 0.0274508 -0.121567726 0.9922035
vn 0.552937 -0.05882311 0.8311441
vn -0.11372459 -0.3019585 0.9465135
vn -0.035272125 -0.9993777 -0
vn -0.098038435 -0.89803237 0.42886636
vn 0.30980158 -0.858817 0.4079907
vn 0.63136774 -0.45882004 0.6251871
vn -0.45097685 -0.63136774 0.6308682
vn -0.098038435 -0.77254313 0.627348
vn -0.5529369 -0.17646927 0.8143214
vn -0.6156815 -0.6392108 0.46080995
vn -0.7725431 -0.26274312 0.57805127
vn -0.4039184 -0.87450314 0.26850364
vn -0.24705684 -0.960777 -0.12597822
vn -0.12933916 -0.99160045 -0
vn -0.13725376 -0.96862006 0.2072114
vn -0.7254846 -0.6156816 -0.30758458
vn -0.043097086 -0.9990709 -0
vn -0.9294046 -0.11372465 -0.3511036
vn -0.41960454 -0.90587544 -0.057634253
vn -0.7725431 -0.62352467 0.119975805
vn -0.9607769 -0.09019542 0.2622451
vn -0.64705384 -0.4352908 0.6259738
vn -0.043136835 -0.9843062 0.17111541
vn 0.39607543 -0.87450314 0.27994382
vn -0.56862307 -0.05098003 0.82101697
vn 0.42744774 -0.7490139 0.5062278
vn -0.05882299 -0.30980158 0.9489799
vn 0.4431339 -0.1999985 0.87386096
vn 0.07450926 -0.8117585 0.5792206
vn 0.7882293 -0.11372465 0.60478204
vn 0.6392108 -0.56078005 0.5262464
vn 0.5764662 -0.70195544 0.4182646
vn 0.3019585 -0.94509083 0.12499738
vn 0.7490139 -0.5137216 0.41841167
vn 0.8196016 -0.011764646 0.5728131
vn 0.8196016 0.02745068 0.5722759
vn 0.8117585 -0.121567726 0.57119995
vn 0.756857 0.1450969 0.6372711
vn 0.70195544 -0.52156466 0.48500395
vn 0.66274005 0.5999954 0.44808614
vn 0.6705831 -0.5843093 0.4570568
vn 0.42744774 -0.8509739 0.3051751
vn 0.48234928 0.8117584 0.32922253
vn 0.019604107 0.9998079 -0
vn 0.011763923 0.99993086 -0
vn -0.011763804 0.99993086 -0
vn -0.04309709 0.9990709 -0
vn -0.466663 0.81960154 -0.33238372
vn 0.26274312 -0.94509083 0.19434345
vn 0.0039215684 -0.9999924 -0
vn 0.1999985 -0.97646314 -0.080748565
vn 0.99723566 -0.074303865 -0
vn 0.019604106 -0.9998079 -0
vn -0.011763803 -0.99993086 -0
vn -0.027440554 -0.9996234 -0
vn 0.0509143 -0.998703 -0
vn -0.5999954 0.670583 -0.4362614
vn -0.81960154 0.035293818 -0.5718458
vn -0.8431307 0.1764692 -0.5079264
vn -0.8117584 -0.0274508 -0.58334786
vn -0.88234615 -0.066666186 -0.46585503
vn -0.8117584 -0.11372465 -0.5728133
vn -0.6941123 -0.52940774 -0.48778644
vn 0.7490139 -0.098038495 -0.65526074
vn -0.56862307 -0.7097985 -0.415757
vn -0.41960454 -0.858817 -0.29388002
vn -0.20784152 -0.96862006 -0.13629761
vn -0.043136835 -0.16862619 -0.98473567
vn 0.05098003 -0.9921493 -0.1141965
vn -0.1450969 -0.066666186 -0.9871689
vn -0.34117377 -0.121567726 -0.9321061
vn 0.098038495 -0.9843062 -0.14673014
vn -0.76469994 -0.16862619 -0.62193185
vn 0.2313708 -0.16078311 -0.95948756
vn -0.27842915 -0.07450926 -0.95756227
vn 0.6470539 -0.066666186 -0.7595241
vn 0.94509083 -0.098038495 -0.31175593
vn -0.27058613 -0.098038495 -0.9576908
vn 0.4431339 -0.27842927 -0.8521206
vn -0.066666126 -0.5843093 -0.8087882
vn 0.3019585 -0.8431308 -0.44491735
vn 0.6392108 -0.46666312 -0.611257
vn 0.78808385 -0.615568 -0
vn 0.94509083 -0.09019542 0.31411475
vn 0.2705862 -0.9529339 0.13674818
vn -0.38823223 -0.8117585 -0.4362612
vn -0.050979972 -0.97646314 -0.20957294
vn -0.5607799 -0.7490139 -0.35285136
vn -0.1916022 -0.9814727 -0
vn 0.38038927 -0.9137185 0.14290717
vn 0.72548467 -0.62352467 0.2913571
vn 0.11372465 -0.9921493 0.052023727
vn 0.7803862 -0.26274312 -0.56741816
vn 0.4039185 -0.87450314 -0.26850343
vn 0.05872205 -0.9982743 -0
vn -0.003921509 -0.9921493 0.124997616
vn -0.19215536 -0.960777 0.19995967
vn 0.6156816 -0.5764662 -0.53723633
vn 0.45097697 -0.63136774 -0.6308681
vn 0.552937 -0.17646927 -0.8143214
vn 0.09019542 -0.7803862 -0.61875856
vn 0.043136954 -0.31764466 -0.9472281
vn 0.05098003 -0.90587544 -0.42046487
vn -0.7254846 -0.22352773 -0.65092814
vn -0.25489998 -0.66274005 -0.70413184
vn 0.043136954 -0.9921493 -0.11738392
vn 0.035293877 -0.9294047 -0.36737072
vn 0.46666312 -0.62352467 -0.62724996
vn 0.25449333 -0.9670746 -0
vn 0.8901893 -0.4352908 -0.13448027
vn 0.89803237 -0.066666186 0.43484885
vn 0.7097985 -0.59215236 0.38149923
vn 0.552937 -0.72548467 0.4097959
vn 0.76470006 -0.035293877 0.64341915
vn 0.6156816 -0.48234928 0.62311745
vn 0.35686004 -0.9137185 0.19434345
vn -0.050979972 -0.76470006 0.64236665
vn 0.41176158 -0.121567726 0.9031465
vn 0.26274312 -0.011764646 0.9647941
vn -0.27842915 -0.858817 0.43001232
vn -0.12156761 -0.10588157 0.98691964
vn -0.4352907 0.0901953 0.8957605
vn 0.16862619 0.12156761 0.97815466
vn -0.466663 -0.10588157 0.8780744
vn -0.1764692 0.9294046 0.3241383
vn -0.30195844 0.8352877 0.45947316
vn -0.5294076 0.035293818 0.8476331
vn -0.6156815 0.066666126 0.78517
vn -0.5764661 -0.11372465 0.8091684
vn -0.670583 -0.10588157 0.7342394
vn -0.68626916 0.1764692 0.7056155
vn -0.9764631 0.05882299 0.20750839
vn -0.9843061 0.003921509 0.17642602
vn -0.47450614 -0.6705831 0.57022995
vn -0.8117584 -0.5764662 0.09346139
vn -0.9607769 -0.0274508 0.27596042
vn -0.7176415 -0.5764662 -0.39073962
vn 0.9529339 0.003921509 0.30315277
vn 0.90587544 0.003921509 0.42352602
vn 0.90587544 0.003921509 0.42352602
vn 0.9529339 0.003921509 0.30315277
vn 0.86666006 0.003921509 0.49888372
vn 0.9843062 0.003921509 0.17642535
vn 0.86666006 0.003921509 0.49888372
vn 0.9843062 0.003921509 0.17642535
vn 0.8117585 0.003921509 0.5839801
vn 0.9999924 0.003921509 -0
vn 0.8117585 0.003921509 0.5839801
vn 0.9999924 0.003921509 -0
vn 0.7411708 0.003921509 0.67130506
vn 0.9843062 0.003921509 -0.17642535
vn 0.7411708 0.003921509 0.67130506
vn 0.9843062 0.003921509 -0.17642535
vn 0.654897 0.003921509 0.755708
vn 0.93724775 0.003921509 -0.34864205
vn 0.654897 0.003921509 0.755708
vn 0.93724775 0.003921509 -0.34864205
vn 0.5137216 0.003921509 0.857948
vn 0.86666006 0.003921509 -0.49888372
vn 0.5137216 0.003921509 0.857948
vn 0.86666006 0.003921509 -0.49888372
vn 0.36470312 0.003921509 0.9311156
vn 0.756857 0.003921509 -0.6535688
vn 0.36470312 0.003921509 0.9311156
vn 0.756857 0.003921509 -0.6535688
vn 0.15294003 0.003921509 0.98822767
vn 0.6156816 0.003921509 -0.78798527
vn 0.15294003 0.003921509 0.98822767
vn 0.6156816 0.003921509 -0.78798527
vn -0.043136835 0.003921509 0.99906147
vn 0.4352908 0.003921509 -0.90028137
vn -0.043136835 0.003921509 0.99906147
vn 0.4352908 0.003921509 -0.90028137
vn -0.24705684 0.003921509 0.96899307
vn 0.2705862 0.003921509 -0.96268773
vn -0.24705684 0.003921509 0.96899307
vn 0.2705862 0.003921509 -0.96268773
vn -0.41176152 0.003921509 0.9112832
vn 0.098038495 0.003921509 -0.9951749
vn -0.41960454 0.003921509 0.9076986
vn 0.098038495 0.003921509 -0.9951749
vn -0.5764661 0.003921509 0.8171117
vn -0.035293818 0.003921509 -0.99936926
vn -0.5764661 0.003921509 0.8171117
vn -0.035293818 0.003921509 -0.99936926
vn -0.7254846 -0.0039215684 0.68822724
vn -0.1450969 0.003921509 -0.9894097
vn -0.7254846 0.003921509 0.68822724
vn -0.1450969 0.003921509 -0.9894097
vn -0.8431307 0.003921509 0.5376944
vn -0.25489998 0.003921509 -0.9669595
vn -0.8431307 0.003921509 0.5376944
vn -0.25489998 0.003921509 -0.9669595
vn -0.9294046 0.003921509 0.36904156
vn -0.3254876 0.003921509 -0.94553816
vn -0.9294046 0.003921509 0.36904156
vn -0.3254876 0.003921509 -0.94553816
vn -0.9843061 0.003921509 0.17642602
vn -0.45097685 0.003921509 -0.89252704
vn -0.9843061 -0.0039215684 0.17642602
vn -0.45097685 0.003921509 -0.89252704
vn -0.99999225 0.003921509 -0.00034492963
vn -0.5607799 0.003921509 -0.8279556
vn -0.99999225 -0.0039215684 -0.00034425134
vn -0.5607799 0.003921509 -0.8279556
vn -0.9764631 0.003921509 -0.21564901
vn -0.7019553 0.003921509 -0.71221024
vn -0.9764631 0.003921509 -0.21564901
vn -0.7019553 0.003921509 -0.71221024
vn -0.91371846 0.003921509 -0.40632892
vn -0.82744455 -0.0039215684 -0.56153375
vn -0.91371846 -0.0039215684 -0.40632892
vn -0.81960154 -0.0039215684 -0.57292056
g WorldSpryzenS6_UnitedSP_Tip_0
f 3/3/3 2/2/2 1/1/1
f 6/6/6 5/5/5 4/4/4
f 9/9/9 8/8/8 7/7/7
f 12/12/12 11/11/11 10/10/10
f 15/15/15 14/14/14 13/13/13
f 18/18/18 17/17/17 16/16/16
f 21/21/21 20/20/20 19/19/19
f 24/24/24 23/23/23 22/22/22
f 27/27/27 26/26/26 25/25/25
f 30/30/30 29/29/29 28/28/28
f 33/33/33 32/32/32 31/31/31
f 36/36/36 35/35/35 34/34/34
f 39/39/39 38/38/38 37/37/37
f 42/42/42 41/41/41 40/40/40
f 45/45/45 44/44/44 43/43/43
f 48/48/48 47/47/47 46/46/46
f 51/51/51 50/50/50 49/49/49
f 54/54/54 53/53/53 52/52/52
f 57/57/57 56/56/56 55/55/55
f 60/60/60 59/59/59 58/58/58
f 63/63/63 62/62/62 61/61/61
f 66/66/66 65/65/65 64/64/64
f 69/69/69 68/68/68 67/67/67
f 72/72/72 71/71/71 70/70/70
f 75/75/75 74/74/74 73/73/73
f 78/78/78 77/77/77 76/76/76
f 81/81/81 80/80/80 79/79/79
f 84/84/84 83/83/83 82/82/82
f 85/85/85 84/84/84 82/82/82
f 85/85/85 82/82/82 86/86/86
f 87/87/87 85/85/85 86/86/86
f 87/87/87 86/86/86 88/88/88
f 89/89/89 87/87/87 88/88/88
f 89/89/89 88/88/88 90/90/90
f 89/89/89 90/90/90 91/91/91
f 93/93/93 92/92/92 86/86/86
f 94/94/94 93/93/93 86/86/86
f 92/92/92 95/95/95 86/86/86
f 94/94/94 86/86/86 96/96/96
f 92/92/92 97/97/97 95/95/95
f 92/92/92 98/98/98 97/97/97
f 94/94/94 96/96/96 99/99/99
f 94/94/94 99/99/99 100/100/100
f 98/98/98 101/101/101 97/97/97
f 102/102/102 100/100/100 99/99/99
f 103/103/103 102/102/102 99/99/99
f 103/103/103 104/104/104 102/102/102
f 104/104/104 105/105/105 102/102/102
f 104/104/104 106/106/106 105/105/105
f 106/106/106 107/107/107 105/105/105
f 108/108/108 97/97/97 101/101/101
f 108/108/108 101/101/101 109/109/109
f 110/110/110 109/109/109 101/101/101
f 110/110/110 101/101/101 111/111/111
f 112/112/112 110/110/110 111/111/111
f 115/115/115 114/114/114 113/113/113
f 116/116/116 113/113/113 114/114/114
f 117/117/117 116/116/116 114/114/114
f 117/117/117 114/114/114 118/118/118
f 119/119/119 117/117/117 118/118/118
f 119/119/119 118/118/118 120/120/120
f 119/119/119 120/120/120 121/121/121
f 122/122/122 119/119/119 121/121/121
f 120/120/120 123/123/123 121/121/121
f 120/120/120 124/124/124 123/123/123
f 124/124/124 125/125/125 123/123/123
f 124/124/124 126/126/126 125/125/125
f 124/124/124 127/127/127 126/126/126
f 122/122/122 121/121/121 128/128/128
f 122/122/122 128/128/128 129/129/129
f 128/128/128 130/130/130 129/129/129
f 122/122/122 129/129/129 131/131/131
f 134/134/134 133/133/133 132/132/132
f 134/134/134 132/132/132 135/135/135
f 138/138/138 137/137/137 136/136/136
f 138/138/138 136/136/136 139/139/139
f 142/142/142 141/141/141 140/140/140
f 143/143/143 142/142/142 140/140/140
f 143/143/143 140/140/140 144/144/144
f 145/145/145 143/143/143 144/144/144
f 145/145/145 144/144/144 146/146/146
f 147/147/147 145/145/145 146/146/146
f 147/147/147 146/146/146 148/148/148
f 147/147/147 148/148/148 149/149/149
f 151/151/151 150/150/150 144/144/144
f 150/150/150 152/152/152 144/144/144
f 151/151/151 144/144/144 153/153/153
f 152/152/152 154/154/154 144/144/144
f 155/155/155 151/151/151 153/153/153
f 152/152/152 156/156/156 154/154/154
f 152/152/152 157/157/157 156/156/156
f 155/155/155 153/153/153 158/158/158
f 155/155/155 158/158/158 159/159/159
f 157/157/157 160/160/160 156/156/156
f 161/161/161 156/156/156 160/160/160
f 161/161/161 160/160/160 162/162/162
f 162/162/162 160/160/160 163/163/163
f 164/164/164 162/162/162 163/163/163
f 164/164/164 163/163/163 165/165/165
f 166/166/166 164/164/164 165/165/165
f 166/166/166 165/165/165 167/167/167
f 168/168/168 159/159/159 158/158/158
f 169/169/169 168/168/168 158/158/158
f 169/169/169 170/170/170 168/168/168
f 170/170/170 171/171/171 168/168/168
f 170/170/170 172/172/172 171/171/171
f 172/172/172 173/173/173 171/171/171
f 176/176/176 175/175/175 174/174/174
f 176/176/176 177/177/177 175/175/175
f 180/180/180 179/179/179 178/178/178
f 180/180/180 181/181/181 179/179/179
f 184/184/184 183/183/183 182/182/182
f 184/184/184 182/182/182 185/185/185
f 188/188/188 187/187/187 186/186/186
f 188/188/188 186/186/186 189/189/189
f 192/192/192 191/191/191 190/190/190
f 192/192/192 190/190/190 193/193/193
f 196/196/196 195/195/195 194/194/194
f 196/196/196 197/197/197 195/195/195
f 200/200/200 199/199/199 198/198/198
f 200/200/200 198/198/198 201/201/201
f 204/204/204 203/203/203 202/202/202
f 204/204/204 202/202/202 205/205/205
f 204/204/204 205/205/205 206/206/206
f 207/207/207 206/206/206 205/205/205
f 207/207/207 205/205/205 208/208/208
f 209/209/209 206/206/206 207/207/207
f 210/210/210 207/207/207 208/208/208
f 209/209/209 211/211/211 206/206/206
f 211/211/211 212/212/212 206/206/206
f 211/211/211 213/213/213 212/212/212
f 210/210/210 208/208/208 214/214/214
f 210/210/210 214/214/214 215/215/215
f 215/215/215 214/214/214 216/216/216
f 213/213/213 217/217/217 212/212/212
f 213/213/213 218/218/218 217/217/217
f 219/219/219 217/217/217 218/218/218
f 216/216/216 214/214/214 220/220/220
f 216/216/216 220/220/220 221/221/221
f 222/222/222 221/221/221 220/220/220
f 219/219/219 223/223/223 217/217/217
f 222/222/222 220/220/220 224/224/224
f 225/225/225 222/222/222 224/224/224
f 219/219/219 226/226/226 223/223/223
f 225/225/225 224/224/224 227/227/227
f 226/226/226 228/228/228 223/223/223
f 229/229/229 223/223/223 228/228/228
f 229/229/229 228/228/228 230/230/230
f 231/231/231 228/228/228 226/226/226
f 231/231/231 232/232/232 228/228/228
f 231/231/231 227/227/227 232/232/232
f 227/227/227 233/233/233 232/232/232
f 227/227/227 224/224/224 233/233/233
f 224/224/224 234/234/234 233/233/233
f 235/235/235 233/233/233 234/234/234
f 238/238/238 237/237/237 236/236/236
f 238/238/238 236/236/236 239/239/239
f 242/242/242 241/241/241 240/240/240
f 242/242/242 243/243/243 241/241/241
f 246/246/246 245/245/245 244/244/244
f 246/246/246 247/247/247 245/245/245
f 250/250/250 249/249/249 248/248/248
f 250/250/250 248/248/248 251/251/251
f 254/254/254 253/253/253 252/252/252
f 254/254/254 252/252/252 255/255/255
f 258/258/258 257/257/257 256/256/256
f 258/258/258 259/259/259 257/257/257
f 262/262/262 261/261/261 260/260/260
f 262/262/262 263/263/263 261/261/261
f 266/266/266 265/265/265 264/264/264
f 266/266/266 264/264/264 267/267/267
f 270/270/270 269/269/269 268/268/268
f 270/270/270 268/268/268 271/271/271
f 274/274/274 273/273/273 272/272/272
f 274/274/274 275/275/275 273/273/273
f 278/278/278 277/277/277 276/276/276
f 278/278/278 276/276/276 279/279/279
f 276/276/276 280/280/280 279/279/279
f 279/279/279 280/280/280 281/281/281
f 282/282/282 279/279/279 281/281/281
f 281/281/281 283/283/283 282/282/282
f 284/284/284 282/282/282 283/283/283
f 283/283/283 285/285/285 284/284/284
f 285/285/285 286/286/286 284/284/284
f 284/284/284 287/287/287 282/282/282
f 284/284/284 288/288/288 287/287/287
f 291/291/291 290/290/290 289/289/289
f 290/290/290 291/291/291 292/292/292
f 291/291/291 293/293/293 292/292/292
f 295/295/295 293/293/293 294/294/294
f 293/293/293 296/296/296 294/294/294
f 294/294/294 296/296/296 297/297/297
f 297/297/297 298/298/298 294/294/294
f 299/299/299 298/298/298 297/297/297
f 296/296/296 300/300/300 297/297/297
f 297/297/297 300/300/300 301/301/301
f 304/304/304 303/303/303 302/302/302
f 304/304/304 305/305/305 303/303/303
f 308/308/308 307/307/307 306/306/306
f 308/308/308 306/306/306 309/309/309
f 312/312/312 311/311/311 310/310/310
f 312/312/312 310/310/310 313/313/313
f 316/316/316 315/315/315 314/314/314
f 316/316/316 314/314/314 317/317/317
f 318/318/318 316/316/316 317/317/317
f 318/318/318 317/317/317 319/319/319
f 320/320/320 318/318/318 319/319/319
f 320/320/320 319/319/319 321/321/321
f 322/322/322 320/320/320 321/321/321
f 322/322/322 321/321/321 323/323/323
f 322/322/322 323/323/323 324/324/324
f 327/327/327 326/326/326 325/325/325
f 327/327/327 325/325/325 328/328/328
f 329/329/329 327/327/327 328/328/328
f 329/329/329 328/328/328 330/330/330
f 331/331/331 329/329/329 330/330/330
f 331/331/331 330/330/330 332/332/332
f 333/333/333 331/331/331 332/332/332
f 333/333/333 332/332/332 334/334/334
f 333/333/333 334/334/334 335/335/335
f 338/338/338 337/337/337 336/336/336
f 338/338/338 339/339/339 337/337/337
f 338/338/338 340/340/340 339/339/339
f 340/340/340 341/341/341 339/339/339
f 340/340/340 342/342/342 341/341/341
f 342/342/342 343/343/343 341/341/341
f 342/342/342 344/344/344 343/343/343
f 344/344/344 345/345/345 343/343/343
f 344/344/344 346/346/346 345/345/345
f 349/349/349 348/348/348 347/347/347
f 349/349/349 350/350/350 348/348/348
f 350/350/350 351/351/351 348/348/348
f 350/350/350 352/352/352 351/351/351
f 352/352/352 353/353/353 351/351/351
f 352/352/352 354/354/354 353/353/353
f 354/354/354 355/355/355 353/353/353
f 354/354/354 356/356/356 355/355/355
f 356/356/356 357/357/357 355/355/355
f 360/360/360 359/359/359 358/358/358
f 360/360/360 358/358/358 361/361/361
f 362/362/362 360/360/360 361/361/361
f 362/362/362 361/361/361 363/363/363
f 364/364/364 362/362/362 363/363/363
f 364/364/364 363/363/363 365/365/365
f 366/366/366 364/364/364 365/365/365
f 366/366/366 365/365/365 367/367/367
f 366/366/366 367/367/367 368/368/368
f 371/371/371 370/370/370 369/369/369
f 371/371/371 372/372/372 370/370/370
f 371/371/371 373/373/373 372/372/372
f 373/373/373 374/374/374 372/372/372
f 373/373/373 375/375/375 374/374/374
f 375/375/375 376/376/376 374/374/374
f 375/375/375 377/377/377 376/376/376
f 377/377/377 378/378/378 376/376/376
f 377/377/377 379/379/379 378/378/378
f 379/379/379 380/380/380 378/378/378
f 379/379/379 381/381/381 380/380/380
f 381/381/381 382/382/382 380/380/380
f 381/381/381 383/383/383 382/382/382
f 383/383/383 384/384/384 382/382/382
f 383/383/383 385/385/385 384/384/384
f 385/385/385 386/386/386 384/384/384
f 385/385/385 387/387/387 386/386/386
f 387/387/387 388/388/388 386/386/386
f 387/387/387 389/389/389 388/388/388
f 389/389/389 390/390/390 388/388/388
f 389/389/389 391/391/391 390/390/390
f 391/391/391 392/392/392 390/390/390
f 391/391/391 393/393/393 392/392/392
f 393/393/393 394/394/394 392/392/392
f 393/393/393 395/395/395 394/394/394
f 398/398/398 397/397/397 396/396/396
f 396/396/396 399/399/399 398/398/398
f 399/399/399 400/400/400 398/398/398
f 400/400/400 401/401/401 398/398/398
f 400/400/400 402/402/402 401/401/401
f 402/402/402 403/403/403 401/401/401
f 402/402/402 404/404/404 403/403/403
f 402/402/402 405/405/405 404/404/404
f 405/405/405 406/406/406 404/404/404
f 405/405/405 407/407/407 406/406/406
f 407/407/407 408/408/408 406/406/406
f 407/407/407 409/409/409 408/408/408
f 409/409/409 410/410/410 408/408/408
f 409/409/409 411/411/411 410/410/410
f 411/411/411 412/412/412 410/410/410
f 412/412/412 413/413/413 410/410/410
f 412/412/412 414/414/414 413/413/413
f 414/414/414 415/415/415 413/413/413
f 414/414/414 416/416/416 415/415/415
f 416/416/416 417/417/417 415/415/415
f 417/417/417 416/416/416 418/418/418
f 419/419/419 417/417/417 418/418/418
f 420/420/420 419/419/419 418/418/418
f 420/420/420 418/418/418 421/421/421
f 422/422/422 420/420/420 421/421/421
f 422/422/422 421/421/421 423/423/423
f 422/422/422 423/423/423 424/424/424
f 425/425/425 422/422/422 424/424/424
f 426/426/426 425/425/425 424/424/424
f 426/426/426 424/424/424 427/427/427
f 428/428/428 426/426/426 427/427/427
f 429/429/429 428/428/428 427/427/427
f 429/429/429 427/427/427 430/430/430
f 429/429/429 430/430/430 431/431/431
f 432/432/432 429/429/429 431/431/431
f 432/432/432 431/431/431 433/433/433
f 434/434/434 432/432/432 433/433/433
f 434/434/434 433/433/433 435/435/435
f 434/434/434 435/435/435 436/436/436
f 435/435/435 437/437/437 436/436/436
f 436/436/436 437/437/437 438/438/438
f 436/436/436 439/439/439 434/434/434
f 438/438/438 396/396/396 436/436/436
f 438/438/438 399/399/399 396/396/396
f 436/436/436 396/396/396 440/440/440
f 396/396/396 441/441/441 440/440/440
f 436/436/436 442/442/442 439/439/439
f 439/439/439 442/442/442 443/443/443
f 439/439/439 443/443/443 444/444/444
f 445/445/445 439/439/439 444/444/444
f 446/446/446 445/445/445 444/444/444
f 446/446/446 444/444/444 447/447/447
f 448/448/448 446/446/446 447/447/447
f 448/448/448 447/447/447 449/449/449
f 450/450/450 448/448/448 449/449/449
f 450/450/450 449/449/449 451/451/451
f 452/452/452 450/450/450 451/451/451
f 452/452/452 451/451/451 453/453/453
f 452/452/452 453/453/453 454/454/454
f 455/455/455 454/454/454 453/453/453
f 455/455/455 453/453/453 456/456/456
f 457/457/457 455/455/455 456/456/456
f 458/458/458 457/457/457 456/456/456
f 458/458/458 456/456/456 459/459/459
f 458/458/458 459/459/459 460/460/460
f 460/460/460 459/459/459 461/461/461
f 462/462/462 460/460/460 461/461/461
f 463/463/463 462/462/462 461/461/461
f 463/463/463 461/461/461 464/464/464
f 465/465/465 463/463/463 464/464/464
f 466/466/466 465/465/465 464/464/464
f 466/466/466 464/464/464 467/467/467
f 468/468/468 466/466/466 467/467/467
f 468/468/468 467/467/467 469/469/469
f 469/469/469 467/467/467 470/470/470
f 471/471/471 469/469/469 470/470/470
f 471/471/471 470/470/470 472/472/472
f 473/473/473 471/471/471 472/472/472
f 474/474/474 473/473/473 472/472/472
f 475/475/475 474/474/474 472/472/472
f 475/475/475 476/476/476 474/474/474
f 479/479/479 478/478/478 477/477/477
f 480/480/480 479/479/479 477/477/477
f 480/480/480 477/477/477 481/481/481
f 480/480/480 481/481/481 482/482/482
f 483/483/483 480/480/480 482/482/482
f 484/484/484 483/483/483 482/482/482
f 484/484/484 482/482/482 485/485/485
f 486/486/486 484/484/484 485/485/485
f 486/486/486 485/485/485 487/487/487
f 490/490/490 489/489/489 488/488/488
f 489/489/489 491/491/491 488/488/488
f 489/489/489 492/492/492 491/491/491
f 492/492/492 493/493/493 491/491/491
f 492/492/492 494/494/494 493/493/493
f 492/492/492 495/495/495 494/494/494
f 495/495/495 496/496/496 494/494/494
f 495/495/495 497/497/497 496/496/496
f 497/497/497 498/498/498 496/496/496
f 497/497/497 499/499/499 498/498/498
f 502/502/502 501/501/501 500/500/500
f 502/502/502 503/503/503 501/501/501
f 503/503/503 504/504/504 501/501/501
f 503/503/503 505/505/505 504/504/504
f 505/505/505 506/506/506 504/504/504
f 506/506/506 507/507/507 504/504/504
f 507/507/507 508/508/508 504/504/504
f 507/507/507 509/509/509 508/508/508
f 509/509/509 510/510/510 508/508/508
f 509/509/509 511/511/511 510/510/510
f 511/511/511 512/512/512 510/510/510
f 515/515/515 514/514/514 513/513/513
f 515/515/515 516/516/516 514/514/514
f 516/516/516 517/517/517 514/514/514
f 517/517/517 518/518/518 514/514/514
f 517/517/517 519/519/519 518/518/518
f 519/519/519 520/520/520 518/518/518
f 520/520/520 521/521/521 518/518/518
f 520/520/520 522/522/522 521/521/521
f 522/522/522 523/523/523 521/521/521
f 523/523/523 524/524/524 521/521/521
f 524/524/524 525/525/525 521/521/521
f 524/524/524 526/526/526 525/525/525
f 526/526/526 527/527/527 525/525/525
f 527/527/527 528/528/528 525/525/525
f 527/527/527 529/529/529 528/528/528
f 529/529/529 530/530/530 528/528/528
f 530/530/530 531/531/531 528/528/528
f 530/530/530 532/532/532 531/531/531
f 532/532/532 533/533/533 531/531/531
f 533/533/533 534/534/534 531/531/531
f 537/537/537 536/536/536 535/535/535
f 538/538/538 537/537/537 535/535/535
f 538/538/538 535/535/535 539/539/539
f 540/540/540 538/538/538 539/539/539
f 540/540/540 539/539/539 541/541/541
f 542/542/542 540/540/540 541/541/541
f 542/542/542 541/541/541 543/543/543
f 544/544/544 542/542/542 543/543/543
f 544/544/544 543/543/543 545/545/545
f 548/548/548 547/547/547 546/546/546
f 548/548/548 549/549/549 547/547/547
f 549/549/549 550/550/550 547/547/547
f 549/549/549 551/551/551 550/550/550
f 549/549/549 552/552/552 551/551/551
f 552/552/552 553/553/553 551/551/551
f 552/552/552 554/554/554 553/553/553
f 554/554/554 555/555/555 553/553/553
f 558/558/558 557/557/557 556/556/556
f 558/558/558 556/556/556 559/559/559
f 558/558/558 559/559/559 560/560/560
f 561/561/561 558/558/558 560/560/560
f 560/560/560 562/562/562 561/561/561
f 561/561/561 562/562/562 563/563/563
f 563/563/563 562/562/562 564/564/564
f 565/565/565 563/563/563 564/564/564
f 564/564/564 566/566/566 565/565/565
f 566/566/566 567/567/567 565/565/565
f 566/566/566 568/568/568 567/567/567
f 569/569/569 567/567/567 568/568/568
f 569/569/569 568/568/568 570/570/570
f 571/571/571 569/569/569 570/570/570
f 572/572/572 571/571/571 570/570/570
f 572/572/572 570/570/570 573/573/573
f 574/574/574 572/572/572 573/573/573
f 574/574/574 575/575/575 572/572/572
f 575/575/575 576/576/576 572/572/572
f 575/575/575 577/577/577 576/576/576
f 580/580/580 579/579/579 578/578/578
f 580/580/580 578/578/578 581/581/581
f 580/580/580 581/581/581 582/582/582
f 580/580/580 582/582/582 583/583/583
f 584/584/584 580/580/580 583/583/583
f 585/585/585 584/584/584 583/583/583
f 585/585/585 583/583/583 586/586/586
f 587/587/587 585/585/585 586/586/586
f 586/586/586 588/588/588 587/587/587
f 588/588/588 589/589/589 587/587/587
f 589/589/589 588/588/588 590/590/590
f 591/591/591 589/589/589 590/590/590
f 591/591/591 590/590/590 592/592/592
f 593/593/593 591/591/591 592/592/592
f 594/594/594 593/593/593 592/592/592
f 594/594/594 592/592/592 595/595/595
f 596/596/596 594/594/594 595/595/595
f 596/596/596 597/597/597 594/594/594
f 597/597/597 598/598/598 594/594/594
f 601/601/601 600/600/600 599/599/599
f 601/601/601 602/602/602 600/600/600
f 601/601/601 603/603/603 602/602/602
f 603/603/603 604/604/604 602/602/602
f 603/603/603 605/605/605 604/604/604
f 603/603/603 606/606/606 605/605/605
f 606/606/606 607/607/607 605/605/605
f 606/606/606 608/608/608 607/607/607
f 606/606/606 609/609/609 608/608/608
f 606/606/606 610/610/610 609/609/609
f 610/610/610 611/611/611 609/609/609
f 610/610/610 612/612/612 611/611/611
f 610/610/610 613/613/613 612/612/612
f 613/613/613 614/614/614 612/612/612
f 613/613/613 615/615/615 614/614/614
f 613/613/613 616/616/616 615/615/615
f 616/616/616 617/617/617 615/615/615
f 616/616/616 618/618/618 617/617/617
f 616/616/616 619/619/619 618/618/618
f 622/622/622 621/621/621 620/620/620
f 623/623/623 622/622/622 620/620/620
f 624/624/624 623/623/623 620/620/620
f 624/624/624 620/620/620 625/625/625
f 626/626/626 624/624/624 625/625/625
f 627/627/627 626/626/626 625/625/625
f 628/628/628 627/627/627 625/625/625
f 628/628/628 625/625/625 629/629/629
f 630/630/630 628/628/628 629/629/629
f 630/630/630 629/629/629 631/631/631
f 634/634/634 633/633/633 632/632/632
f 634/634/634 632/632/632 635/635/635
f 634/634/634 635/635/635 636/636/636
f 637/637/637 634/634/634 636/636/636
f 637/637/637 636/636/636 638/638/638
f 637/637/637 638/638/638 639/639/639
f 637/637/637 639/639/639 640/640/640
f 641/641/641 637/637/637 640/640/640
f 641/641/641 640/640/640 642/642/642
f 643/643/643 641/641/641 642/642/642
f 646/646/646 645/645/645 644/644/644
f 646/646/646 647/647/647 645/645/645
f 646/646/646 648/648/648 647/647/647
f 646/646/646 649/649/649 648/648/648
f 649/649/649 650/650/650 648/648/648
f 649/649/649 651/651/651 650/650/650
f 649/649/649 652/652/652 651/651/651
f 652/652/652 653/653/653 651/651/651
f 652/652/652 654/654/654 653/653/653
f 652/652/652 655/655/655 654/654/654
f 652/652/652 656/656/656 655/655/655
f 656/656/656 657/657/657 655/655/655
f 656/656/656 658/658/658 657/657/657
f 656/656/656 659/659/659 658/658/658
f 659/659/659 660/660/660 658/658/658
f 659/659/659 661/661/661 660/660/660
f 659/659/659 662/662/662 661/661/661
f 662/662/662 663/663/663 661/661/661
f 662/662/662 664/664/664 663/663/663
f 662/662/662 665/665/665 664/664/664
f 668/668/668 667/667/667 666/666/666
f 668/668/668 669/669/669 667/667/667
f 668/668/668 670/670/670 669/669/669
f 670/670/670 671/671/671 669/669/669
f 670/670/670 672/672/672 671/671/671
f 672/672/672 673/673/673 671/671/671
f 672/672/672 674/674/674 673/673/673
f 672/672/672 675/675/675 674/674/674
f 675/675/675 676/676/676 674/674/674
f 675/675/675 677/677/677 676/676/676
f 680/680/680 679/679/679 678/678/678
f 680/680/680 678/678/678 681/681/681
f 684/684/684 683/683/683 682/682/682
f 684/684/684 682/682/682 685/685/685
f 688/688/688 687/687/687 686/686/686
f 689/689/689 688/688/688 686/686/686
f 689/689/689 686/686/686 690/690/690
f 691/691/691 689/689/689 690/690/690
f 691/691/691 690/690/690 692/692/692
f 693/693/693 691/691/691 692/692/692
f 694/694/694 693/693/693 692/692/692
f 694/694/694 692/692/692 695/695/695
f 696/696/696 694/694/694 695/695/695
f 696/696/696 695/695/695 697/697/697
f 700/700/700 699/699/699 698/698/698
f 700/700/700 698/698/698 701/701/701
f 704/704/704 703/703/703 702/702/702
f 704/704/704 705/705/705 703/703/703
f 708/708/708 707/707/707 706/706/706
f 708/708/708 709/709/709 707/707/707
f 712/712/712 711/711/711 710/710/710
f 712/712/712 713/713/713 711/711/711
f 716/716/716 715/715/715 714/714/714
f 717/717/717 716/716/716 714/714/714
f 717/717/717 714/714/714 718/718/718
f 719/719/719 717/717/717 718/718/718
f 719/719/719 718/718/718 720/720/720
f 721/721/721 719/719/719 720/720/720
f 721/721/721 720/720/720 722/722/722
f 723/723/723 721/721/721 722/722/722
f 723/723/723 722/722/722 724/724/724
f 725/725/725 723/723/723 724/724/724
f 725/725/725 724/724/724 726/726/726
f 727/727/727 725/725/725 726/726/726
f 727/727/727 726/726/726 728/728/728
f 729/729/729 727/727/727 728/728/728
f 729/729/729 728/728/728 730/730/730
f 731/731/731 729/729/729 730/730/730
f 731/731/731 730/730/730 732/732/732
f 733/733/733 731/731/731 732/732/732
f 733/733/733 732/732/732 734/734/734
f 735/735/735 733/733/733 734/734/734
f 735/735/735 734/734/734 736/736/736
f 737/737/737 735/735/735 736/736/736
f 737/737/737 736/736/736 738/738/738
f 738/738/738 739/739/739 737/737/737
f 738/738/738 740/740/740 739/739/739
f 743/743/743 742/742/742 741/741/741
f 743/743/743 741/741/741 744/744/744
f 747/747/747 746/746/746 745/745/745
f 745/745/745 748/748/748 747/747/747
f 745/745/745 749/749/749 748/748/748
f 750/750/750 747/747/747 748/748/748
f 750/750/750 751/751/751 747/747/747
f 751/751/751 752/752/752 747/747/747
f 751/751/751 753/753/753 752/752/752
f 753/753/753 754/754/754 752/752/752
f 754/754/754 755/755/755 752/752/752
f 754/754/754 756/756/756 755/755/755
f 756/756/756 757/757/757 755/755/755
f 757/757/757 758/758/758 755/755/755
f 757/757/757 759/759/759 758/758/758
f 759/759/759 760/760/760 758/758/758
f 760/760/760 761/761/761 758/758/758
f 760/760/760 762/762/762 761/761/761
f 761/761/761 762/762/762 763/763/763
f 761/761/761 763/763/763 764/764/764
f 764/764/764 765/765/765 761/761/761
f 763/763/763 766/766/766 764/764/764
f 766/766/766 767/767/767 764/764/764
f 766/766/766 768/768/768 767/767/767
f 768/768/768 769/769/769 767/767/767
f 772/772/772 771/771/771 770/770/770
f 772/772/772 773/773/773 771/771/771
f 776/776/776 775/775/775 774/774/774
f 777/777/777 774/774/774 775/775/775
f 777/777/777 775/775/775 778/778/778
f 779/779/779 777/777/777 778/778/778
f 779/779/779 778/778/778 780/780/780
f 779/779/779 780/780/780 781/781/781
f 782/782/782 781/781/781 780/780/780
f 782/782/782 780/780/780 783/783/783
f 783/783/783 784/784/784 782/782/782
f 785/785/785 784/784/784 783/783/783
f 784/784/784 785/785/785 786/786/786
f 784/784/784 786/786/786 787/787/787
f 786/786/786 788/788/788 787/787/787
f 791/791/791 790/790/790 789/789/789
f 791/791/791 792/792/792 790/790/790
f 791/791/791 793/793/793 792/792/792
f 791/791/791 794/794/794 793/793/793
f 794/794/794 795/795/795 793/793/793
f 794/794/794 796/796/796 795/795/795
f 796/796/796 797/797/797 795/795/795
f 796/796/796 798/798/798 797/797/797
f 798/798/798 799/799/799 797/797/797
f 798/798/798 800/800/800 799/799/799
f 800/800/800 801/801/801 799/799/799
f 800/800/800 802/802/802 801/801/801
f 802/802/802 803/803/803 801/801/801
f 802/802/802 804/804/804 803/803/803
f 804/804/804 805/805/805 803/803/803
f 804/804/804 806/806/806 805/805/805
f 806/806/806 807/807/807 805/805/805
f 806/806/806 808/808/808 807/807/807
f 808/808/808 809/809/809 807/807/807
f 808/808/808 810/810/810 809/809/809
f 810/810/810 811/811/811 809/809/809
f 810/810/810 812/812/812 811/811/811
f 812/812/812 813/813/813 811/811/811
f 812/812/812 814/814/814 813/813/813
f 817/817/817 816/816/816 815/815/815
f 818/818/818 817/817/817 815/815/815
f 818/818/818 815/815/815 819/819/819
f 820/820/820 818/818/818 819/819/819
f 820/820/820 819/819/819 821/821/821
f 822/822/822 820/820/820 821/821/821
f 822/822/822 821/821/821 823/823/823
f 826/826/826 825/825/825 824/824/824
f 826/826/826 824/824/824 827/827/827
f 828/828/828 826/826/826 827/827/827
f 828/828/828 827/827/827 829/829/829
f 830/830/830 828/828/828 829/829/829
f 830/830/830 829/829/829 831/831/831
f 832/832/832 830/830/830 831/831/831
f 832/832/832 831/831/831 833/833/833
f 834/834/834 832/832/832 833/833/833
f 834/834/834 833/833/833 835/835/835
f 834/834/834 835/835/835 836/836/836
f 837/837/837 836/836/836 835/835/835
f 837/837/837 838/838/838 836/836/836
f 838/838/838 839/839/839 836/836/836
f 838/838/838 840/840/840 839/839/839
f 840/840/840 841/841/841 839/839/839
f 841/841/841 842/842/842 839/839/839
f 843/843/843 842/842/842 841/841/841
f 844/844/844 842/842/842 843/843/843
f 844/844/844 845/845/845 842/842/842
f 844/844/844 846/846/846 845/845/845
f 846/846/846 847/847/847 845/845/845
f 846/846/846 848/848/848 847/847/847
f 848/848/848 849/849/849 847/847/847
f 849/849/849 850/850/850 847/847/847
f 849/849/849 851/851/851 850/850/850
f 851/851/851 852/852/852 850/850/850
f 851/851/851 853/853/853 852/852/852
f 853/853/853 854/854/854 852/852/852
f 854/854/854 855/855/855 852/852/852
f 854/854/854 856/856/856 855/855/855
f 856/856/856 857/857/857 855/855/855
f 857/857/857 858/858/858 855/855/855
f 857/857/857 859/859/859 858/858/858
f 862/862/862 861/861/861 860/860/860
f 860/860/860 863/863/863 862/862/862
f 864/864/864 862/862/862 863/863/863
f 865/865/865 863/863/863 860/860/860
f 866/866/866 865/865/865 860/860/860
f 866/866/866 860/860/860 867/867/867
f 868/868/868 866/866/866 867/867/867
f 869/869/869 868/868/868 867/867/867
f 869/869/869 867/867/867 870/870/870
f 871/871/871 869/869/869 870/870/870
f 872/872/872 871/871/871 870/870/870
f 872/872/872 870/870/870 873/873/873
f 874/874/874 872/872/872 873/873/873
f 875/875/875 874/874/874 873/873/873
f 875/875/875 873/873/873 876/876/876
f 877/877/877 875/875/875 876/876/876
f 878/878/878 877/877/877 876/876/876
f 876/876/876 879/879/879 878/878/878
f 878/878/878 880/880/880 877/877/877
f 881/881/881 880/880/880 878/878/878
f 881/881/881 878/878/878 882/882/882
f 883/883/883 881/881/881 882/882/882
f 886/886/886 885/885/885 884/884/884
f 886/886/886 884/884/884 887/887/887
f 884/884/884 888/888/888 887/887/887
f 888/888/888 889/889/889 887/887/887
f 889/889/889 890/890/890 887/887/887
f 889/889/889 891/891/891 890/890/890
f 891/891/891 892/892/892 890/890/890
f 893/893/893 892/892/892 891/891/891
f 893/893/893 894/894/894 892/892/892
f 894/894/894 895/895/895 892/892/892
f 894/894/894 896/896/896 895/895/895
f 896/896/896 897/897/897 895/895/895
f 897/897/897 898/898/898 895/895/895
f 897/897/897 899/899/899 898/898/898
f 899/899/899 900/900/900 898/898/898
f 900/900/900 901/901/901 898/898/898
f 902/902/902 901/901/901 900/900/900
f 902/902/902 903/903/903 901/901/901
f 902/902/902 904/904/904 903/903/903
f 904/904/904 905/905/905 903/903/903
f 905/905/905 906/906/906 903/903/903
f 905/905/905 907/907/907 906/906/906
f 908/908/908 906/906/906 907/907/907
f 908/908/908 909/909/909 906/906/906
f 908/908/908 910/910/910 909/909/909
f 910/910/910 911/911/911 909/909/909
f 910/910/910 912/912/912 911/911/911
f 912/912/912 913/913/913 911/911/911
f 912/912/912 914/914/914 913/913/913
f 914/914/914 915/915/915 913/913/913
f 914/914/914 916/916/916 915/915/915
f 916/916/916 917/917/917 915/915/915
f 917/917/917 918/918/918 915/915/915
f 917/917/917 919/919/919 918/918/918
f 920/920/920 919/919/919 917/917/917
f 920/920/920 917/917/917 921/921/921
f 921/921/921 922/922/922 920/920/920
f 921/921/921 923/923/923 922/922/922
f 921/921/921 924/924/924 923/923/923
f 921/921/921 925/925/925 924/924/924
f 925/925/925 926/926/926 924/924/924
f 926/926/926 927/927/927 924/924/924
f 926/926/926 928/928/928 927/927/927
f 928/928/928 929/929/929 927/927/927
f 928/928/928 930/930/930 929/929/929
f 930/930/930 931/931/931 929/929/929
f 930/930/930 932/932/932 931/931/931
f 932/932/932 933/933/933 931/931/931
f 932/932/932 934/934/934 933/933/933
f 934/934/934 935/935/935 933/933/933
f 934/934/934 936/936/936 935/935/935
f 936/936/936 937/937/937 935/935/935
f 936/936/936 938/938/938 937/937/937
f 938/938/938 939/939/939 937/937/937
f 938/938/938 940/940/940 939/939/939
f 941/941/941 939/939/939 940/940/940
f 941/941/941 940/940/940 942/942/942
f 943/943/943 941/941/941 942/942/942
f 943/943/943 942/942/942 944/944/944
f 945/945/945 943/943/943 944/944/944
f 945/945/945 944/944/944 946/946/946
f 947/947/947 945/945/945 946/946/946
f 947/947/947 946/946/946 948/948/948
f 947/947/947 948/948/948 949/949/949
f 950/950/950 947/947/947 949/949/949
f 950/950/950 949/949/949 951/951/951
f 952/952/952 950/950/950 951/951/951
f 952/952/952 951/951/951 953/953/953
f 954/954/954 952/952/952 953/953/953
f 954/954/954 953/953/953 955/955/955
f 956/956/956 954/954/954 955/955/955
f 956/956/956 955/955/955 957/957/957
f 958/958/958 956/956/956 957/957/957
f 959/959/959 958/958/958 957/957/957
f 957/957/957 960/960/960 959/959/959
f 961/961/961 958/958/958 959/959/959
f 959/959/959 920/920/920 961/961/961
f 922/922/922 961/961/961 920/920/920
f 962/962/962 920/920/920 959/959/959
f 962/962/962 959/959/959 963/963/963
f 966/966/966 965/965/965 964/964/964
f 964/964/964 967/967/967 966/966/966
f 968/968/968 966/966/966 967/967/967
f 969/969/969 967/967/967 964/964/964
f 970/970/970 969/969/969 964/964/964
f 970/970/970 964/964/964 971/971/971
f 972/972/972 970/970/970 971/971/971
f 973/973/973 972/972/972 971/971/971
f 973/973/973 971/971/971 974/974/974
f 975/975/975 973/973/973 974/974/974
f 976/976/976 975/975/975 974/974/974
f 976/976/976 974/974/974 977/977/977
f 978/978/978 976/976/976 977/977/977
f 979/979/979 978/978/978 977/977/977
f 979/979/979 977/977/977 980/980/980
f 981/981/981 979/979/979 980/980/980
f 982/982/982 981/981/981 980/980/980
f 980/980/980 983/983/983 982/982/982
f 982/982/982 984/984/984 981/981/981
f 985/985/985 984/984/984 982/982/982
f 985/985/985 982/982/982 986/986/986
f 987/987/987 985/985/985 986/986/986
f 988/988/988 987/987/987 986/986/986
f 991/991/991 990/990/990 989/989/989
f 991/991/991 989/989/989 992/992/992
f 993/993/993 991/991/991 992/992/992
f 994/994/994 993/993/993 992/992/992
f 994/994/994 992/992/992 995/995/995
f 996/996/996 994/994/994 995/995/995
f 996/996/996 995/995/995 997/997/997
f 996/996/996 997/997/997 998/998/998
f 999/999/999 998/998/998 997/997/997
f 999/999/999 997/997/997 1000/1000/1000
f 1001/1001/1001 999/999/999 1000/1000/1000
f 1002/1002/1002 1001/1001/1001 1000/1000/1000
f 1002/1002/1002 1000/1000/1000 1003/1003/1003
f 1004/1004/1004 1002/1002/1002 1003/1003/1003
f 1004/1004/1004 1003/1003/1003 1005/1005/1005
f 1004/1004/1004 1005/1005/1005 1006/1006/1006
f 1006/1006/1006 1005/1005/1005 1007/1007/1007
f 1007/1007/1007 1005/1005/1005 1008/1008/1008
f 1009/1009/1009 1007/1007/1007 1008/1008/1008
f 1010/1010/1010 1009/1009/1009 1008/1008/1008
f 1010/1010/1010 1008/1008/1008 1011/1011/1011
f 1012/1012/1012 1010/1010/1010 1011/1011/1011
f 1012/1012/1012 1011/1011/1011 1013/1013/1013
f 1014/1014/1014 1013/1013/1013 1011/1011/1011
f 1014/1014/1014 1015/1015/1015 1013/1013/1013
f 1014/1014/1014 1016/1016/1016 1015/1015/1015
f 1016/1016/1016 1017/1017/1017 1015/1015/1015
f 1016/1016/1016 1018/1018/1018 1017/1017/1017
f 1018/1018/1018 1019/1019/1019 1017/1017/1017
f 1018/1018/1018 1020/1020/1020 1019/1019/1019
f 1020/1020/1020 1021/1021/1021 1019/1019/1019
f 1020/1020/1020 1022/1022/1022 1021/1021/1021
f 1022/1022/1022 1023/1023/1023 1021/1021/1021
f 1026/1026/1026 1025/1025/1025 1024/1024/1024
f 1027/1027/1027 1026/1026/1026 1024/1024/1024
f 1028/1028/1028 1027/1027/1027 1024/1024/1024
f 1028/1028/1028 1024/1024/1024 1029/1029/1029
f 1030/1030/1030 1028/1028/1028 1029/1029/1029
f 1031/1031/1031 1030/1030/1030 1029/1029/1029
f 1031/1031/1031 1029/1029/1029 1032/1032/1032
f 1033/1033/1033 1031/1031/1031 1032/1032/1032
f 1034/1034/1034 1033/1033/1033 1032/1032/1032
f 1034/1034/1034 1032/1032/1032 1035/1035/1035
f 1036/1036/1036 1034/1034/1034 1035/1035/1035
f 1037/1037/1037 1036/1036/1036 1035/1035/1035
f 1038/1038/1038 1037/1037/1037 1035/1035/1035
f 1038/1038/1038 1035/1035/1035 1039/1039/1039
f 1040/1040/1040 1038/1038/1038 1039/1039/1039
f 1041/1041/1041 1040/1040/1040 1039/1039/1039
f 1041/1041/1041 1039/1039/1039 1042/1042/1042
f 1043/1043/1043 1041/1041/1041 1042/1042/1042
f 1044/1044/1044 1043/1043/1043 1042/1042/1042
f 1044/1044/1044 1042/1042/1042 1045/1045/1045
f 1048/1048/1048 1047/1047/1047 1046/1046/1046
f 1049/1049/1049 1048/1048/1048 1046/1046/1046
f 1049/1049/1049 1050/1050/1050 1048/1048/1048
f 1053/1053/1053 1052/1052/1052 1051/1051/1051
f 1054/1054/1054 1051/1051/1051 1052/1052/1052
f 1055/1055/1055 1054/1054/1054 1052/1052/1052
f 1058/1058/1058 1057/1057/1057 1056/1056/1056
f 1059/1059/1059 1056/1056/1056 1057/1057/1057
f 1060/1060/1060 1059/1059/1059 1057/1057/1057
f 1063/1063/1063 1062/1062/1062 1061/1061/1061
f 1061/1061/1061 1064/1064/1064 1063/1063/1063
f 1064/1064/1064 1065/1065/1065 1063/1063/1063
f 1061/1061/1061 1066/1066/1066 1064/1064/1064
f 1065/1065/1065 1067/1067/1067 1063/1063/1063
f 1065/1065/1065 1068/1068/1068 1067/1067/1067
f 1068/1068/1068 1069/1069/1069 1067/1067/1067
f 1070/1070/1070 1066/1066/1066 1061/1061/1061
f 1070/1070/1070 1061/1061/1061 1071/1071/1071
f 1072/1072/1072 1070/1070/1070 1071/1071/1071
f 1073/1073/1073 1072/1072/1072 1071/1071/1071
f 1073/1073/1073 1071/1071/1071 1074/1074/1074
f 1075/1075/1075 1073/1073/1073 1074/1074/1074
f 1076/1076/1076 1075/1075/1075 1074/1074/1074
f 1076/1076/1076 1074/1074/1074 1077/1077/1077
f 1078/1078/1078 1076/1076/1076 1077/1077/1077
f 1079/1079/1079 1078/1078/1078 1077/1077/1077
f 1079/1079/1079 1077/1077/1077 1080/1080/1080
f 1081/1081/1081 1079/1079/1079 1080/1080/1080
f 1081/1081/1081 1080/1080/1080 1082/1082/1082
f 1083/1083/1083 1082/1082/1082 1080/1080/1080
f 1083/1083/1083 1084/1084/1084 1082/1082/1082
f 1084/1084/1084 1085/1085/1085 1082/1082/1082
f 1088/1088/1088 1087/1087/1087 1086/1086/1086
f 1089/1089/1089 1088/1088/1088 1086/1086/1086
f 1088/1088/1088 1089/1089/1089 1090/1090/1090
f 1093/1093/1093 1092/1092/1092 1091/1091/1091
f 1094/1094/1094 1092/1092/1092 1093/1093/1093
f 1097/1097/1097 1096/1096/1096 1095/1095/1095
f 1098/1098/1098 1097/1097/1097 1095/1095/1095
f 1098/1098/1098 1095/1095/1095 1099/1099/1099
f 1098/1098/1098 1099/1099/1099 1100/1100/1100
f 1098/1098/1098 1100/1100/1100 1101/1101/1101
f 1099/1099/1099 1102/1102/1102 1100/1100/1100
f 1103/1103/1103 1100/1100/1100 1102/1102/1102
f 1103/1103/1103 1102/1102/1102 1104/1104/1104
f 1104/1104/1104 1105/1105/1105 1103/1103/1103
f 1105/1105/1105 1106/1106/1106 1103/1103/1103
f 1105/1105/1105 1107/1107/1107 1106/1106/1106
f 1107/1107/1107 1108/1108/1108 1106/1106/1106
f 1109/1109/1109 1103/1103/1103 1106/1106/1106
f 1109/1109/1109 1110/1110/1110 1103/1103/1103
f 1113/1113/1113 1112/1112/1112 1111/1111/1111
f 1112/1112/1112 1114/1114/1114 1111/1111/1111
f 1117/1117/1117 1116/1116/1116 1115/1115/1115
f 1118/1118/1118 1117/1117/1117 1115/1115/1115
f 1118/1118/1118 1115/1115/1115 1119/1119/1119
f 1118/1118/1118 1119/1119/1119 1120/1120/1120
f 1121/1121/1121 1118/1118/1118 1120/1120/1120
f 1121/1121/1121 1120/1120/1120 1122/1122/1122
f 1123/1123/1123 1121/1121/1121 1122/1122/1122
f 1123/1123/1123 1122/1122/1122 1124/1124/1124
f 1125/1125/1125 1123/1123/1123 1124/1124/1124
f 1125/1125/1125 1124/1124/1124 1126/1126/1126
f 1127/1127/1127 1125/1125/1125 1126/1126/1126
f 1127/1127/1127 1126/1126/1126 1128/1128/1128
f 1129/1129/1129 1127/1127/1127 1128/1128/1128
f 1129/1129/1129 1128/1128/1128 1130/1130/1130
f 1131/1131/1131 1129/1129/1129 1130/1130/1130
f 1131/1131/1131 1130/1130/1130 1132/1132/1132
f 1133/1133/1133 1131/1131/1131 1132/1132/1132
f 1133/1133/1133 1132/1132/1132 1134/1134/1134
f 1135/1135/1135 1133/1133/1133 1134/1134/1134
f 1135/1135/1135 1134/1134/1134 1136/1136/1136
f 1137/1137/1137 1135/1135/1135 1136/1136/1136
f 1137/1137/1137 1136/1136/1136 1138/1138/1138
f 1138/1138/1138 1139/1139/1139 1137/1137/1137
f 1138/1138/1138 1140/1140/1140 1139/1139/1139
f 1143/1143/1143 1142/1142/1142 1141/1141/1141
f 1144/1144/1144 1143/1143/1143 1141/1141/1141
f 1144/1144/1144 1141/1141/1141 1145/1145/1145
f 1146/1146/1146 1144/1144/1144 1145/1145/1145
f 1146/1146/1146 1145/1145/1145 1147/1147/1147
f 1146/1146/1146 1147/1147/1147 1148/1148/1148
f 1149/1149/1149 1146/1146/1146 1148/1148/1148
f 1149/1149/1149 1148/1148/1148 1150/1150/1150
f 1149/1149/1149 1150/1150/1150 1151/1151/1151
f 1149/1149/1149 1151/1151/1151 1152/1152/1152
f 1153/1153/1153 1149/1149/1149 1152/1152/1152
f 1153/1153/1153 1152/1152/1152 1154/1154/1154
f 1153/1153/1153 1154/1154/1154 1155/1155/1155
f 1156/1156/1156 1153/1153/1153 1155/1155/1155
f 1156/1156/1156 1155/1155/1155 1157/1157/1157
f 1157/1157/1157 1158/1158/1158 1156/1156/1156
f 1161/1161/1161 1160/1160/1160 1159/1159/1159
f 1159/1159/1159 1162/1162/1162 1161/1161/1161
f 1165/1165/1165 1164/1164/1164 1163/1163/1163
f 1166/1166/1166 1165/1165/1165 1163/1163/1163
f 1169/1169/1169 1168/1168/1168 1167/1167/1167
f 1169/1169/1169 1167/1167/1167 1170/1170/1170
f 1173/1173/1173 1172/1172/1172 1171/1171/1171
f 1174/1174/1174 1171/1171/1171 1172/1172/1172
f 1177/1177/1177 1176/1176/1176 1175/1175/1175
f 1178/1178/1178 1176/1176/1176 1177/1177/1177
f 1178/1178/1178 1179/1179/1179 1176/1176/1176
f 1179/1179/1179 1180/1180/1180 1176/1176/1176
f 1179/1179/1179 1181/1181/1181 1180/1180/1180
f 1179/1179/1179 1182/1182/1182 1181/1181/1181
f 1182/1182/1182 1183/1183/1183 1181/1181/1181
f 1186/1186/1186 1185/1185/1185 1184/1184/1184
f 1187/1187/1187 1186/1186/1186 1184/1184/1184
f 1184/1184/1184 1188/1188/1188 1187/1187/1187
f 1184/1184/1184 1189/1189/1189 1188/1188/1188
f 1189/1189/1189 1190/1190/1190 1188/1188/1188
f 1190/1190/1190 1191/1191/1191 1188/1188/1188
f 1190/1190/1190 1192/1192/1192 1191/1191/1191
f 1195/1195/1195 1194/1194/1194 1193/1193/1193
f 1196/1196/1196 1194/1194/1194 1195/1195/1195
f 1196/1196/1196 1197/1197/1197 1194/1194/1194
f 1197/1197/1197 1198/1198/1198 1194/1194/1194
f 1197/1197/1197 1199/1199/1199 1198/1198/1198
f 1197/1197/1197 1200/1200/1200 1199/1199/1199
f 1200/1200/1200 1201/1201/1201 1199/1199/1199
f 1204/1204/1204 1203/1203/1203 1202/1202/1202
f 1205/1205/1205 1202/1202/1202 1203/1203/1203
f 1206/1206/1206 1202/1202/1202 1205/1205/1205
f 1207/1207/1207 1206/1206/1206 1205/1205/1205
f 1210/1210/1210 1209/1209/1209 1208/1208/1208
f 1210/1210/1210 1208/1208/1208 1211/1211/1211
f 1211/1211/1211 1208/1208/1208 1212/1212/1212
f 1213/1213/1213 1211/1211/1211 1212/1212/1212
f 1216/1216/1216 1215/1215/1215 1214/1214/1214
f 1216/1216/1216 1214/1214/1214 1217/1217/1217
f 1220/1220/1220 1219/1219/1219 1218/1218/1218
f 1219/1219/1219 1221/1221/1221 1218/1218/1218
f 1224/1224/1224 1223/1223/1223 1222/1222/1222
f 1224/1224/1224 1225/1225/1225 1223/1223/1223
f 1228/1228/1228 1227/1227/1227 1226/1226/1226
f 1229/1229/1229 1228/1228/1228 1226/1226/1226
f 1229/1229/1229 1226/1226/1226 1230/1230/1230
f 1229/1229/1229 1230/1230/1230 1231/1231/1231
f 1229/1229/1229 1231/1231/1231 1232/1232/1232
f 1229/1229/1229 1232/1232/1232 1233/1233/1233
f 1234/1234/1234 1229/1229/1229 1233/1233/1233
f 1234/1234/1234 1233/1233/1233 1235/1235/1235
f 1234/1234/1234 1235/1235/1235 1236/1236/1236
f 1234/1234/1234 1236/1236/1236 1237/1237/1237
f 1238/1238/1238 1234/1234/1234 1237/1237/1237
f 1238/1238/1238 1237/1237/1237 1239/1239/1239
f 1238/1238/1238 1239/1239/1239 1240/1240/1240
f 1241/1241/1241 1238/1238/1238 1240/1240/1240
f 1241/1241/1241 1240/1240/1240 1242/1242/1242
f 1242/1242/1242 1243/1243/1243 1241/1241/1241
f 1246/1246/1246 1245/1245/1245 1244/1244/1244
f 1246/1246/1246 1244/1244/1244 1247/1247/1247
f 1250/1250/1250 1249/1249/1249 1248/1248/1248
f 1251/1251/1251 1250/1250/1250 1248/1248/1248
f 1251/1251/1251 1248/1248/1248 1252/1252/1252
f 1251/1251/1251 1252/1252/1252 1253/1253/1253
f 1254/1254/1254 1251/1251/1251 1253/1253/1253
f 1254/1254/1254 1253/1253/1253 1255/1255/1255
f 1254/1254/1254 1255/1255/1255 1256/1256/1256
f 1257/1257/1257 1254/1254/1254 1256/1256/1256
f 1257/1257/1257 1256/1256/1256 1258/1258/1258
f 1257/1257/1257 1258/1258/1258 1259/1259/1259
f 1260/1260/1260 1257/1257/1257 1259/1259/1259
f 1260/1260/1260 1259/1259/1259 1261/1261/1261
f 1262/1262/1262 1260/1260/1260 1261/1261/1261
f 1262/1262/1262 1261/1261/1261 1263/1263/1263
f 1262/1262/1262 1263/1263/1263 1264/1264/1264
f 1265/1265/1265 1262/1262/1262 1264/1264/1264
f 1265/1265/1265 1264/1264/1264 1266/1266/1266
f 1265/1265/1265 1266/1266/1266 1267/1267/1267
f 1268/1268/1268 1265/1265/1265 1267/1267/1267
f 1268/1268/1268 1267/1267/1267 1269/1269/1269
f 1272/1272/1272 1271/1271/1271 1270/1270/1270
f 1272/1272/1272 1273/1273/1273 1271/1271/1271
f 1276/1276/1276 1275/1275/1275 1274/1274/1274
f 1276/1276/1276 1274/1274/1274 1277/1277/1277
f 1278/1278/1278 1276/1276/1276 1277/1277/1277
f 1279/1279/1279 1278/1278/1278 1277/1277/1277
f 1279/1279/1279 1277/1277/1277 1280/1280/1280
f 1281/1281/1281 1279/1279/1279 1280/1280/1280
f 1282/1282/1282 1281/1281/1281 1280/1280/1280
f 1282/1282/1282 1280/1280/1280 1283/1283/1283
f 1284/1284/1284 1282/1282/1282 1283/1283/1283
f 1284/1284/1284 1283/1283/1283 1285/1285/1285
f 1286/1286/1286 1284/1284/1284 1285/1285/1285
f 1287/1287/1287 1286/1286/1286 1285/1285/1285
f 1287/1287/1287 1285/1285/1285 1288/1288/1288
f 1289/1289/1289 1287/1287/1287 1288/1288/1288
f 1290/1290/1290 1289/1289/1289 1288/1288/1288
f 1290/1290/1290 1288/1288/1288 1291/1291/1291
f 1292/1292/1292 1290/1290/1290 1291/1291/1291
f 1293/1293/1293 1292/1292/1292 1291/1291/1291
f 1293/1293/1293 1291/1291/1291 1294/1294/1294
f 1293/1293/1293 1294/1294/1294 1295/1295/1295
f 1298/1298/1298 1297/1297/1297 1296/1296/1296
f 1299/1299/1299 1298/1298/1298 1296/1296/1296
f 1299/1299/1299 1296/1296/1296 1300/1300/1300
f 1299/1299/1299 1300/1300/1300 1301/1301/1301
f 1302/1302/1302 1299/1299/1299 1301/1301/1301
f 1302/1302/1302 1301/1301/1301 1303/1303/1303
f 1302/1302/1302 1303/1303/1303 1304/1304/1304
f 1305/1305/1305 1302/1302/1302 1304/1304/1304
f 1305/1305/1305 1304/1304/1304 1306/1306/1306
f 1305/1305/1305 1306/1306/1306 1307/1307/1307
f 1308/1308/1308 1305/1305/1305 1307/1307/1307
f 1308/1308/1308 1307/1307/1307 1309/1309/1309
f 1310/1310/1310 1308/1308/1308 1309/1309/1309
f 1310/1310/1310 1309/1309/1309 1311/1311/1311
f 1310/1310/1310 1311/1311/1311 1312/1312/1312
f 1313/1313/1313 1310/1310/1310 1312/1312/1312
f 1313/1313/1313 1312/1312/1312 1314/1314/1314
f 1313/1313/1313 1314/1314/1314 1315/1315/1315
f 1316/1316/1316 1313/1313/1313 1315/1315/1315
f 1316/1316/1316 1315/1315/1315 1317/1317/1317
f 1320/1320/1320 1319/1319/1319 1318/1318/1318
f 1318/1318/1318 1321/1321/1321 1320/1320/1320
f 1324/1324/1324 1323/1323/1323 1322/1322/1322
f 1323/1323/1323 1324/1324/1324 1325/1325/1325
f 1328/1328/1328 1327/1327/1327 1326/1326/1326
f 1328/1328/1328 1326/1326/1326 1329/1329/1329
f 1330/1330/1330 1328/1328/1328 1329/1329/1329
f 1331/1331/1331 1330/1330/1330 1329/1329/1329
f 1331/1331/1331 1329/1329/1329 1332/1332/1332
f 1333/1333/1333 1331/1331/1331 1332/1332/1332
f 1334/1334/1334 1333/1333/1333 1332/1332/1332
f 1334/1334/1334 1332/1332/1332 1335/1335/1335
f 1336/1336/1336 1334/1334/1334 1335/1335/1335
f 1337/1337/1337 1336/1336/1336 1335/1335/1335
f 1338/1338/1338 1337/1337/1337 1335/1335/1335
f 1338/1338/1338 1335/1335/1335 1339/1339/1339
f 1340/1340/1340 1338/1338/1338 1339/1339/1339
f 1341/1341/1341 1340/1340/1340 1339/1339/1339
f 1341/1341/1341 1339/1339/1339 1342/1342/1342
f 1343/1343/1343 1341/1341/1341 1342/1342/1342
f 1343/1343/1343 1342/1342/1342 1344/1344/1344
f 1347/1347/1347 1346/1346/1346 1345/1345/1345
f 1347/1347/1347 1345/1345/1345 1348/1348/1348
f 1349/1349/1349 1347/1347/1347 1348/1348/1348
f 1349/1349/1349 1350/1350/1350 1347/1347/1347
f 1349/1349/1349 1351/1351/1351 1350/1350/1350
f 1351/1351/1351 1352/1352/1352 1350/1350/1350
f 1351/1351/1351 1353/1353/1353 1352/1352/1352
f 1353/1353/1353 1354/1354/1354 1352/1352/1352
f 1353/1353/1353 1355/1355/1355 1354/1354/1354
f 1356/1356/1356 1354/1354/1354 1355/1355/1355
f 1355/1355/1355 1357/1357/1357 1356/1356/1356
f 1357/1357/1357 1358/1358/1358 1356/1356/1356
f 1361/1361/1361 1360/1360/1360 1359/1359/1359
f 1361/1361/1361 1359/1359/1359 1362/1362/1362
f 1363/1363/1363 1361/1361/1361 1362/1362/1362
f 1364/1364/1364 1363/1363/1363 1362/1362/1362
f 1365/1365/1365 1364/1364/1364 1362/1362/1362
f 1366/1366/1366 1365/1365/1365 1362/1362/1362
f 1366/1366/1366 1362/1362/1362 1367/1367/1367
f 1368/1368/1368 1366/1366/1366 1367/1367/1367
f 1369/1369/1369 1368/1368/1368 1367/1367/1367
f 1370/1370/1370 1369/1369/1369 1367/1367/1367
f 1370/1370/1370 1367/1367/1367 1371/1371/1371
f 1372/1372/1372 1370/1370/1370 1371/1371/1371
f 1373/1373/1373 1372/1372/1372 1371/1371/1371
f 1373/1373/1373 1371/1371/1371 1374/1374/1374
f 1375/1375/1375 1373/1373/1373 1374/1374/1374
f 1375/1375/1375 1374/1374/1374 1376/1376/1376
f 1379/1379/1379 1378/1378/1378 1377/1377/1377
f 1379/1379/1379 1380/1380/1380 1378/1378/1378
f 1380/1380/1380 1381/1381/1381 1378/1378/1378
f 1380/1380/1380 1382/1382/1382 1381/1381/1381
f 1382/1382/1382 1383/1383/1383 1381/1381/1381
f 1383/1383/1383 1384/1384/1384 1381/1381/1381
f 1383/1383/1383 1385/1385/1385 1384/1384/1384
f 1385/1385/1385 1386/1386/1386 1384/1384/1384
f 1385/1385/1385 1387/1387/1387 1386/1386/1386
f 1387/1387/1387 1388/1388/1388 1386/1386/1386
f 1391/1391/1391 1390/1390/1390 1389/1389/1389
f 1392/1392/1392 1390/1390/1390 1391/1391/1391
f 1390/1390/1390 1392/1392/1392 1393/1393/1393
f 1393/1393/1393 1392/1392/1392 1394/1394/1394
f 1394/1394/1394 1395/1395/1395 1393/1393/1393
f 1398/1398/1398 1397/1397/1397 1396/1396/1396
f 1399/1399/1399 1398/1398/1398 1396/1396/1396
f 1402/1402/1402 1401/1401/1401 1400/1400/1400
f 1402/1402/1402 1403/1403/1403 1401/1401/1401
f 1402/1402/1402 1404/1404/1404 1403/1403/1403
f 1402/1402/1402 1405/1405/1405 1404/1404/1404
f 1405/1405/1405 1406/1406/1406 1404/1404/1404
f 1405/1405/1405 1407/1407/1407 1406/1406/1406
f 1407/1407/1407 1408/1408/1408 1406/1406/1406
f 1407/1407/1407 1409/1409/1409 1408/1408/1408
f 1409/1409/1409 1410/1410/1410 1408/1408/1408
f 1409/1409/1409 1411/1411/1411 1410/1410/1410
f 1411/1411/1411 1412/1412/1412 1410/1410/1410
f 1411/1411/1411 1413/1413/1413 1412/1412/1412
f 1416/1416/1416 1415/1415/1415 1414/1414/1414
f 1417/1417/1417 1416/1416/1416 1414/1414/1414
f 1417/1417/1417 1414/1414/1414 1418/1418/1418
f 1417/1417/1417 1418/1418/1418 1419/1419/1419
f 1420/1420/1420 1417/1417/1417 1419/1419/1419
f 1420/1420/1420 1419/1419/1419 1421/1421/1421
f 1420/1420/1420 1421/1421/1421 1422/1422/1422
f 1423/1423/1423 1422/1422/1422 1421/1421/1421
f 1423/1423/1423 1421/1421/1421 1424/1424/1424
f 1425/1425/1425 1423/1423/1423 1424/1424/1424
f 1425/1425/1425 1426/1426/1426 1423/1423/1423
f 1427/1427/1427 1426/1426/1426 1425/1425/1425
f 1426/1426/1426 1427/1427/1427 1428/1428/1428
f 1427/1427/1427 1429/1429/1429 1428/1428/1428
f 1429/1429/1429 1430/1430/1430 1428/1428/1428
f 1433/1433/1433 1432/1432/1432 1431/1431/1431
f 1433/1433/1433 1434/1434/1434 1432/1432/1432
f 1437/1437/1437 1436/1436/1436 1435/1435/1435
f 1436/1436/1436 1437/1437/1437 1438/1438/1438
f 1438/1438/1438 1439/1439/1439 1436/1436/1436
f 1438/1438/1438 1440/1440/1440 1439/1439/1439
f 1438/1438/1438 1441/1441/1441 1440/1440/1440
f 1441/1441/1441 1442/1442/1442 1440/1440/1440
f 1441/1441/1441 1443/1443/1443 1442/1442/1442
f 1443/1443/1443 1444/1444/1444 1442/1442/1442
f 1436/1436/1436 1439/1439/1439 1445/1445/1445
f 1446/1446/1446 1436/1436/1436 1445/1445/1445
f 1447/1447/1447 1446/1446/1446 1445/1445/1445
f 1447/1447/1447 1445/1445/1445 1448/1448/1448
f 1449/1449/1449 1447/1447/1447 1448/1448/1448
f 1449/1449/1449 1448/1448/1448 1450/1450/1450
f 1451/1451/1451 1449/1449/1449 1450/1450/1450
f 1451/1451/1451 1450/1450/1450 1452/1452/1452
f 1453/1453/1453 1451/1451/1451 1452/1452/1452
f 1453/1453/1453 1452/1452/1452 1454/1454/1454
f 1443/1443/1443 1455/1455/1455 1444/1444/1444
f 1455/1455/1455 1456/1456/1456 1444/1444/1444
f 1455/1455/1455 1457/1457/1457 1456/1456/1456
f 1455/1455/1455 1458/1458/1458 1457/1457/1457
f 1458/1458/1458 1459/1459/1459 1457/1457/1457
f 1458/1458/1458 1460/1460/1460 1459/1459/1459
f 1461/1461/1461 1453/1453/1453 1454/1454/1454
f 1460/1460/1460 1462/1462/1462 1459/1459/1459
f 1460/1460/1460 1463/1463/1463 1462/1462/1462
f 1463/1463/1463 1464/1464/1464 1462/1462/1462
f 1465/1465/1465 1462/1462/1462 1464/1464/1464
f 1465/1465/1465 1466/1466/1466 1462/1462/1462
f 1465/1465/1465 1467/1467/1467 1466/1466/1466
f 1467/1467/1467 1468/1468/1468 1466/1466/1466
f 1467/1467/1467 1469/1469/1469 1468/1468/1468
f 1469/1469/1469 1470/1470/1470 1468/1468/1468
f 1469/1469/1469 1471/1471/1471 1470/1470/1470
f 1471/1471/1471 1472/1472/1472 1470/1470/1470
f 1471/1471/1471 1473/1473/1473 1472/1472/1472
f 1473/1473/1473 1474/1474/1474 1472/1472/1472
f 1473/1473/1473 1475/1475/1475 1474/1474/1474
f 1475/1475/1475 1476/1476/1476 1474/1474/1474
f 1475/1475/1475 1477/1477/1477 1476/1476/1476
f 1477/1477/1477 1478/1478/1478 1476/1476/1476
f 1479/1479/1479 1476/1476/1476 1478/1478/1478
f 1479/1479/1479 1480/1480/1480 1476/1476/1476
f 1479/1479/1479 1481/1481/1481 1480/1480/1480
f 1481/1481/1481 1482/1482/1482 1480/1480/1480
f 1482/1482/1482 1483/1483/1483 1480/1480/1480
f 1482/1482/1482 1484/1484/1484 1483/1483/1483
f 1484/1484/1484 1485/1485/1485 1483/1483/1483
f 1484/1484/1484 1486/1486/1486 1485/1485/1485
f 1486/1486/1486 1487/1487/1487 1485/1485/1485
f 1486/1486/1486 1488/1488/1488 1487/1487/1487
f 1488/1488/1488 1489/1489/1489 1487/1487/1487
f 1488/1488/1488 1490/1490/1490 1489/1489/1489
f 1490/1490/1490 1491/1491/1491 1489/1489/1489
f 1490/1490/1490 1492/1492/1492 1491/1491/1491
f 1492/1492/1492 1493/1493/1493 1491/1491/1491
f 1492/1492/1492 1494/1494/1494 1493/1493/1493
f 1494/1494/1494 1461/1461/1461 1493/1493/1493
f 1461/1461/1461 1454/1454/1454 1493/1493/1493
f 1461/1461/1461 1494/1494/1494 1495/1495/1495
f 1498/1498/1498 1497/1497/1497 1496/1496/1496
f 1497/1497/1497 1498/1498/1498 1499/1499/1499
f 1500/1500/1500 1497/1497/1497 1499/1499/1499
f 1500/1500/1500 1499/1499/1499 1501/1501/1501
f 1502/1502/1502 1500/1500/1500 1501/1501/1501
f 1502/1502/1502 1501/1501/1501 1503/1503/1503
f 1504/1504/1504 1502/1502/1502 1503/1503/1503
f 1504/1504/1504 1503/1503/1503 1505/1505/1505
f 1506/1506/1506 1504/1504/1504 1505/1505/1505
f 1506/1506/1506 1505/1505/1505 1507/1507/1507
f 1508/1508/1508 1506/1506/1506 1507/1507/1507
f 1508/1508/1508 1507/1507/1507 1509/1509/1509
f 1510/1510/1510 1508/1508/1508 1509/1509/1509
f 1510/1510/1510 1509/1509/1509 1511/1511/1511
f 1514/1514/1514 1513/1513/1513 1512/1512/1512
f 1513/1513/1513 1515/1515/1515 1512/1512/1512
f 1518/1518/1518 1517/1517/1517 1516/1516/1516
f 1518/1518/1518 1516/1516/1516 1519/1519/1519
f 1520/1520/1520 1518/1518/1518 1519/1519/1519
f 1521/1521/1521 1520/1520/1520 1519/1519/1519
f 1521/1521/1521 1519/1519/1519 1522/1522/1522
f 1523/1523/1523 1521/1521/1521 1522/1522/1522
f 1524/1524/1524 1523/1523/1523 1522/1522/1522
f 1524/1524/1524 1522/1522/1522 1525/1525/1525
f 1526/1526/1526 1524/1524/1524 1525/1525/1525
f 1526/1526/1526 1525/1525/1525 1527/1527/1527
f 1528/1528/1528 1526/1526/1526 1527/1527/1527
f 1529/1529/1529 1528/1528/1528 1527/1527/1527
f 1529/1529/1529 1527/1527/1527 1530/1530/1530
f 1531/1531/1531 1529/1529/1529 1530/1530/1530
f 1532/1532/1532 1531/1531/1531 1530/1530/1530
f 1532/1532/1532 1530/1530/1530 1533/1533/1533
f 1534/1534/1534 1532/1532/1532 1533/1533/1533
f 1535/1535/1535 1534/1534/1534 1533/1533/1533
f 1535/1535/1535 1533/1533/1533 1536/1536/1536
f 1535/1535/1535 1536/1536/1536 1537/1537/1537
f 1540/1540/1540 1539/1539/1539 1538/1538/1538
f 1540/1540/1540 1538/1538/1538 1541/1541/1541
f 1538/1538/1538 1542/1542/1542 1541/1541/1541
f 1543/1543/1543 1541/1541/1541 1542/1542/1542
f 1540/1540/1540 1541/1541/1541 1543/1543/1543
f 1543/1543/1543 1542/1542/1542 1544/1544/1544
f 1543/1543/1543 1545/1545/1545 1540/1540/1540
f 1545/1545/1545 1546/1546/1546 1540/1540/1540
f 1549/1549/1549 1548/1548/1548 1547/1547/1547
f 1549/1549/1549 1547/1547/1547 1550/1550/1550
f 1551/1551/1551 1549/1549/1549 1550/1550/1550
f 1552/1552/1552 1551/1551/1551 1550/1550/1550
f 1552/1552/1552 1550/1550/1550 1553/1553/1553
f 1553/1553/1553 1554/1554/1554 1552/1552/1552
f 1554/1554/1554 1555/1555/1555 1552/1552/1552
f 1558/1558/1558 1557/1557/1557 1556/1556/1556
f 1558/1558/1558 1559/1559/1559 1557/1557/1557
f 1559/1559/1559 1560/1560/1560 1557/1557/1557
f 1561/1561/1561 1560/1560/1560 1559/1559/1559
f 1561/1561/1561 1559/1559/1559 1558/1558/1558
f 1561/1561/1561 1562/1562/1562 1560/1560/1560
f 1558/1558/1558 1563/1563/1563 1561/1561/1561
f 1558/1558/1558 1564/1564/1564 1563/1563/1563
f 1567/1567/1567 1566/1566/1566 1565/1565/1565
f 1567/1567/1567 1565/1565/1565 1568/1568/1568
f 1569/1569/1569 1567/1567/1567 1568/1568/1568
f 1569/1569/1569 1568/1568/1568 1570/1570/1570
f 1571/1571/1571 1569/1569/1569 1570/1570/1570
f 1571/1571/1571 1570/1570/1570 1572/1572/1572
f 1573/1573/1573 1571/1571/1571 1572/1572/1572
f 1573/1573/1573 1572/1572/1572 1574/1574/1574
f 1575/1575/1575 1573/1573/1573 1574/1574/1574
f 1575/1575/1575 1574/1574/1574 1576/1576/1576
f 1575/1575/1575 1576/1576/1576 1577/1577/1577
f 1575/1575/1575 1577/1577/1577 1578/1578/1578
f 1581/1581/1581 1580/1580/1580 1579/1579/1579
f 1581/1581/1581 1579/1579/1579 1582/1582/1582
f 1583/1583/1583 1581/1581/1581 1582/1582/1582
f 1583/1583/1583 1584/1584/1584 1581/1581/1581
f 1583/1583/1583 1585/1585/1585 1584/1584/1584
f 1585/1585/1585 1586/1586/1586 1584/1584/1584
f 1585/1585/1585 1587/1587/1587 1586/1586/1586
f 1587/1587/1587 1588/1588/1588 1586/1586/1586
f 1587/1587/1587 1589/1589/1589 1588/1588/1588
f 1590/1590/1590 1588/1588/1588 1589/1589/1589
f 1589/1589/1589 1591/1591/1591 1590/1590/1590
f 1590/1590/1590 1591/1591/1591 1592/1592/1592
f 1595/1595/1595 1594/1594/1594 1593/1593/1593
f 1595/1595/1595 1596/1596/1596 1594/1594/1594
f 1595/1595/1595 1597/1597/1597 1596/1596/1596
f 1597/1597/1597 1598/1598/1598 1596/1596/1596
f 1597/1597/1597 1599/1599/1599 1598/1598/1598
f 1599/1599/1599 1600/1600/1600 1598/1598/1598
f 1599/1599/1599 1601/1601/1601 1600/1600/1600
f 1599/1599/1599 1602/1602/1602 1601/1601/1601
f 1602/1602/1602 1603/1603/1603 1601/1601/1601
f 1602/1602/1602 1604/1604/1604 1603/1603/1603
f 1607/1607/1607 1606/1606/1606 1605/1605/1605
f 1607/1607/1607 1608/1608/1608 1606/1606/1606
f 1611/1611/1611 1610/1610/1610 1609/1609/1609
f 1611/1611/1611 1612/1612/1612 1610/1610/1610
f 1615/1615/1615 1614/1614/1614 1613/1613/1613
f 1616/1616/1616 1615/1615/1615 1613/1613/1613
f 1619/1619/1619 1618/1618/1618 1617/1617/1617
f 1620/1620/1620 1619/1619/1619 1617/1617/1617
f 1623/1623/1623 1622/1622/1622 1621/1621/1621
f 1624/1624/1624 1621/1621/1621 1622/1622/1622
f 1627/1627/1627 1626/1626/1626 1625/1625/1625
f 1627/1627/1627 1628/1628/1628 1626/1626/1626
f 1628/1628/1628 1629/1629/1629 1626/1626/1626
f 1629/1629/1629 1628/1628/1628 1630/1630/1630
f 1629/1629/1629 1630/1630/1630 1631/1631/1631
f 1630/1630/1630 1632/1632/1632 1631/1631/1631
f 1632/1632/1632 1633/1633/1633 1631/1631/1631
f 1633/1633/1633 1632/1632/1632 1634/1634/1634
f 1633/1633/1633 1634/1634/1634 1635/1635/1635
f 1633/1633/1633 1635/1635/1635 1636/1636/1636
f 1635/1635/1635 1637/1637/1637 1636/1636/1636
f 1635/1635/1635 1638/1638/1638 1637/1637/1637
f 1638/1638/1638 1639/1639/1639 1637/1637/1637
f 1639/1639/1639 1638/1638/1638 1640/1640/1640
f 1643/1643/1643 1642/1642/1642 1641/1641/1641
f 1644/1644/1644 1643/1643/1643 1641/1641/1641
f 1641/1641/1641 1645/1645/1645 1644/1644/1644
f 1644/1644/1644 1645/1645/1645 1646/1646/1646
f 1645/1645/1645 1647/1647/1647 1646/1646/1646
f 1647/1647/1647 1648/1648/1648 1646/1646/1646
f 1651/1651/1651 1650/1650/1650 1649/1649/1649
f 1650/1650/1650 1652/1652/1652 1649/1649/1649
f 1655/1655/1655 1654/1654/1654 1653/1653/1653
f 1654/1654/1654 1656/1656/1656 1653/1653/1653
f 1654/1654/1654 1657/1657/1657 1656/1656/1656
f 1657/1657/1657 1658/1658/1658 1656/1656/1656
f 1657/1657/1657 1659/1659/1659 1658/1658/1658
f 1659/1659/1659 1660/1660/1660 1658/1658/1658
f 1659/1659/1659 1661/1661/1661 1660/1660/1660
f 1661/1661/1661 1662/1662/1662 1660/1660/1660
f 1661/1661/1661 1663/1663/1663 1662/1662/1662
f 1663/1663/1663 1664/1664/1664 1662/1662/1662
f 1665/1665/1665 1664/1664/1664 1663/1663/1663
f 1663/1663/1663 1666/1666/1666 1665/1665/1665
f 1666/1666/1666 1667/1667/1667 1665/1665/1665
f 1665/1665/1665 1667/1667/1667 1668/1668/1668
f 1671/1671/1671 1670/1670/1670 1669/1669/1669
f 1670/1670/1670 1672/1672/1672 1669/1669/1669
f 1670/1670/1670 1673/1673/1673 1672/1672/1672
f 1673/1673/1673 1674/1674/1674 1672/1672/1672
f 1673/1673/1673 1675/1675/1675 1674/1674/1674
f 1675/1675/1675 1676/1676/1676 1674/1674/1674
f 1675/1675/1675 1677/1677/1677 1676/1676/1676
f 1677/1677/1677 1678/1678/1678 1676/1676/1676
f 1677/1677/1677 1679/1679/1679 1678/1678/1678
f 1679/1679/1679 1680/1680/1680 1678/1678/1678
f 1681/1681/1681 1680/1680/1680 1679/1679/1679
f 1679/1679/1679 1682/1682/1682 1681/1681/1681
f 1682/1682/1682 1683/1683/1683 1681/1681/1681
f 1681/1681/1681 1683/1683/1683 1684/1684/1684
f 1687/1687/1687 1686/1686/1686 1685/1685/1685
f 1687/1687/1687 1685/1685/1685 1688/1688/1688
f 1691/1691/1691 1690/1690/1690 1689/1689/1689
f 1692/1692/1692 1689/1689/1689 1690/1690/1690
f 1689/1689/1689 1692/1692/1692 1693/1693/1693
f 1689/1689/1689 1693/1693/1693 1694/1694/1694
f 1694/1694/1694 1693/1693/1693 1695/1695/1695
f 1694/1694/1694 1695/1695/1695 1696/1696/1696
f 1696/1696/1696 1695/1695/1695 1697/1697/1697
f 1696/1696/1696 1697/1697/1697 1698/1698/1698
f 1699/1699/1699 1696/1696/1696 1698/1698/1698
f 1699/1699/1699 1698/1698/1698 1700/1700/1700
f 1699/1699/1699 1700/1700/1700 1701/1701/1701
f 1701/1701/1701 1700/1700/1700 1702/1702/1702
f 1701/1701/1701 1702/1702/1702 1703/1703/1703
f 1702/1702/1702 1704/1704/1704 1703/1703/1703
f 1703/1703/1703 1704/1704/1704 1705/1705/1705
f 1704/1704/1704 1706/1706/1706 1705/1705/1705
f 1706/1706/1706 1707/1707/1707 1705/1705/1705
f 1705/1705/1705 1707/1707/1707 1708/1708/1708
f 1707/1707/1707 1709/1709/1709 1708/1708/1708
f 1710/1710/1710 1708/1708/1708 1709/1709/1709
f 1711/1711/1711 1710/1710/1710 1709/1709/1709
f 1712/1712/1712 1710/1710/1710 1711/1711/1711
f 1712/1712/1712 1713/1713/1713 1710/1710/1710
f 1713/1713/1713 1714/1714/1714 1710/1710/1710
f 1715/1715/1715 1714/1714/1714 1713/1713/1713
f 1715/1715/1715 1716/1716/1716 1714/1714/1714
f 1716/1716/1716 1715/1715/1715 1717/1717/1717
f 1717/1717/1717 1718/1718/1718 1716/1716/1716
f 1721/1721/1721 1720/1720/1720 1719/1719/1719
f 1719/1719/1719 1722/1722/1722 1721/1721/1721
f 1725/1725/1725 1724/1724/1724 1723/1723/1723
f 1723/1723/1723 1726/1726/1726 1725/1725/1725
f 1729/1729/1729 1728/1728/1728 1727/1727/1727
f 1729/1729/1729 1727/1727/1727 1730/1730/1730
f 1733/1733/1733 1732/1732/1732 1731/1731/1731
f 1733/1733/1733 1731/1731/1731 1734/1734/1734
f 1735/1735/1735 1733/1733/1733 1734/1734/1734
f 1735/1735/1735 1734/1734/1734 1736/1736/1736
f 1737/1737/1737 1736/1736/1736 1734/1734/1734
f 1738/1738/1738 1735/1735/1735 1736/1736/1736
f 1738/1738/1738 1736/1736/1736 1739/1739/1739
f 1740/1740/1740 1738/1738/1738 1739/1739/1739
f 1740/1740/1740 1739/1739/1739 1741/1741/1741
f 1742/1742/1742 1741/1741/1741 1739/1739/1739
f 1742/1742/1742 1743/1743/1743 1741/1741/1741
f 1742/1742/1742 1744/1744/1744 1743/1743/1743
f 1745/1745/1745 1742/1742/1742 1739/1739/1739
f 1745/1745/1745 1739/1739/1739 1746/1746/1746
f 1749/1749/1749 1748/1748/1748 1747/1747/1747
f 1750/1750/1750 1747/1747/1747 1748/1748/1748
f 1748/1748/1748 1751/1751/1751 1750/1750/1750
f 1752/1752/1752 1750/1750/1750 1751/1751/1751
f 1750/1750/1750 1752/1752/1752 1753/1753/1753
f 1754/1754/1754 1753/1753/1753 1752/1752/1752
f 1754/1754/1754 1755/1755/1755 1753/1753/1753
f 1756/1756/1756 1753/1753/1753 1755/1755/1755
f 1756/1756/1756 1755/1755/1755 1757/1757/1757
f 1756/1756/1756 1757/1757/1757 1758/1758/1758
f 1756/1756/1756 1758/1758/1758 1759/1759/1759
f 1759/1759/1759 1758/1758/1758 1760/1760/1760
f 1761/1761/1761 1759/1759/1759 1760/1760/1760
f 1761/1761/1761 1760/1760/1760 1762/1762/1762
f 1763/1763/1763 1761/1761/1761 1762/1762/1762
f 1762/1762/1762 1764/1764/1764 1763/1763/1763
f 1765/1765/1765 1763/1763/1763 1764/1764/1764
f 1764/1764/1764 1766/1766/1766 1765/1765/1765
f 1767/1767/1767 1765/1765/1765 1766/1766/1766
f 1767/1767/1767 1768/1768/1768 1765/1765/1765
f 1769/1769/1769 1768/1768/1768 1767/1767/1767
f 1769/1769/1769 1770/1770/1770 1768/1768/1768
f 1771/1771/1771 1770/1770/1770 1769/1769/1769
f 1770/1770/1770 1771/1771/1771 1772/1772/1772
f 1773/1773/1773 1770/1770/1770 1772/1772/1772
f 1774/1774/1774 1773/1773/1773 1772/1772/1772
f 1773/1773/1773 1774/1774/1774 1775/1775/1775
f 1775/1775/1775 1776/1776/1776 1773/1773/1773
f 1775/1775/1775 1777/1777/1777 1776/1776/1776
f 1776/1776/1776 1777/1777/1777 1778/1778/1778
f 1781/1781/1781 1780/1780/1780 1779/1779/1779
f 1781/1781/1781 1779/1779/1779 1782/1782/1782
f 1785/1785/1785 1784/1784/1784 1783/1783/1783
f 1786/1786/1786 1785/1785/1785 1783/1783/1783
f 1785/1785/1785 1786/1786/1786 1787/1787/1787
f 1786/1786/1786 1788/1788/1788 1787/1787/1787
f 1788/1788/1788 1786/1786/1786 1789/1789/1789
f 1786/1786/1786 1790/1790/1790 1789/1789/1789
f 1793/1793/1793 1792/1792/1792 1791/1791/1791
f 1794/1794/1794 1793/1793/1793 1791/1791/1791
f 1793/1793/1793 1794/1794/1794 1795/1795/1795
f 1794/1794/1794 1796/1796/1796 1795/1795/1795
f 1796/1796/1796 1794/1794/1794 1797/1797/1797
f 1794/1794/1794 1798/1798/1798 1797/1797/1797
f 1801/1801/1801 1800/1800/1800 1799/1799/1799
f 1802/1802/1802 1801/1801/1801 1799/1799/1799
f 1802/1802/1802 1799/1799/1799 1803/1803/1803
f 1804/1804/1804 1802/1802/1802 1803/1803/1803
f 1804/1804/1804 1803/1803/1803 1805/1805/1805
f 1804/1804/1804 1805/1805/1805 1806/1806/1806
f 1807/1807/1807 1804/1804/1804 1806/1806/1806
f 1807/1807/1807 1806/1806/1806 1808/1808/1808
f 1809/1809/1809 1807/1807/1807 1808/1808/1808
f 1809/1809/1809 1808/1808/1808 1810/1810/1810
f 1813/1813/1813 1812/1812/1812 1811/1811/1811
f 1813/1813/1813 1814/1814/1814 1812/1812/1812
f 1812/1812/1812 1814/1814/1814 1815/1815/1815
f 1816/1816/1816 1812/1812/1812 1815/1815/1815
f 1816/1816/1816 1817/1817/1817 1812/1812/1812
f 1817/1817/1817 1818/1818/1818 1812/1812/1812
f 1818/1818/1818 1819/1819/1819 1812/1812/1812
f 1818/1818/1818 1820/1820/1820 1819/1819/1819
f 1820/1820/1820 1821/1821/1821 1819/1819/1819
f 1820/1820/1820 1822/1822/1822 1821/1821/1821
f 1822/1822/1822 1823/1823/1823 1821/1821/1821
f 1824/1824/1824 1823/1823/1823 1822/1822/1822
f 1824/1824/1824 1825/1825/1825 1823/1823/1823
f 1825/1825/1825 1826/1826/1826 1823/1823/1823
f 1823/1823/1823 1826/1826/1826 1827/1827/1827
f 1823/1823/1823 1827/1827/1827 1828/1828/1828
f 1823/1823/1823 1828/1828/1828 1829/1829/1829
f 1832/1832/1832 1831/1831/1831 1830/1830/1830
f 1832/1832/1832 1830/1830/1830 1833/1833/1833
f 1830/1830/1830 1834/1834/1834 1833/1833/1833
f 1830/1830/1830 1835/1835/1835 1834/1834/1834
f 1830/1830/1830 1836/1836/1836 1835/1835/1835
f 1830/1830/1830 1837/1837/1837 1836/1836/1836
f 1837/1837/1837 1830/1830/1830 1838/1838/1838
f 1839/1839/1839 1837/1837/1837 1838/1838/1838
f 1839/1839/1839 1838/1838/1838 1840/1840/1840
f 1841/1841/1841 1839/1839/1839 1840/1840/1840
f 1841/1841/1841 1840/1840/1840 1842/1842/1842
f 1843/1843/1843 1841/1841/1841 1842/1842/1842
f 1844/1844/1844 1843/1843/1843 1842/1842/1842
f 1844/1844/1844 1842/1842/1842 1845/1845/1845
f 1842/1842/1842 1846/1846/1846 1845/1845/1845
f 1842/1842/1842 1847/1847/1847 1846/1846/1846
f 1842/1842/1842 1848/1848/1848 1847/1847/1847
f 1851/1851/1851 1850/1850/1850 1849/1849/1849
f 1851/1851/1851 1852/1852/1852 1850/1850/1850
f 1852/1852/1852 1853/1853/1853 1850/1850/1850
f 1852/1852/1852 1854/1854/1854 1853/1853/1853
f 1854/1854/1854 1855/1855/1855 1853/1853/1853
f 1854/1854/1854 1856/1856/1856 1855/1855/1855
f 1854/1854/1854 1857/1857/1857 1856/1856/1856
f 1857/1857/1857 1858/1858/1858 1856/1856/1856
f 1857/1857/1857 1859/1859/1859 1858/1858/1858
f 1859/1859/1859 1860/1860/1860 1858/1858/1858
f 1863/1863/1863 1862/1862/1862 1861/1861/1861
f 1864/1864/1864 1863/1863/1863 1861/1861/1861
f 1864/1864/1864 1861/1861/1861 1865/1865/1865
f 1866/1866/1866 1864/1864/1864 1865/1865/1865
f 1866/1866/1866 1865/1865/1865 1867/1867/1867
f 1868/1868/1868 1866/1866/1866 1867/1867/1867
f 1868/1868/1868 1867/1867/1867 1869/1869/1869
f 1872/1872/1872 1871/1871/1871 1870/1870/1870
f 1872/1872/1872 1873/1873/1873 1871/1871/1871
f 1873/1873/1873 1874/1874/1874 1871/1871/1871
f 1873/1873/1873 1875/1875/1875 1874/1874/1874
f 1875/1875/1875 1876/1876/1876 1874/1874/1874
f 1875/1875/1875 1877/1877/1877 1876/1876/1876
f 1877/1877/1877 1878/1878/1878 1876/1876/1876
f 1881/1881/1881 1880/1880/1880 1879/1879/1879
f 1882/1882/1882 1880/1880/1880 1881/1881/1881
f 1885/1885/1885 1884/1884/1884 1883/1883/1883
f 1885/1885/1885 1886/1886/1886 1884/1884/1884
f 1889/1889/1889 1888/1888/1888 1887/1887/1887
f 1890/1890/1890 1889/1889/1889 1887/1887/1887
f 1890/1890/1890 1887/1887/1887 1891/1891/1891
f 1892/1892/1892 1890/1890/1890 1891/1891/1891
f 1892/1892/1892 1891/1891/1891 1893/1893/1893
f 1894/1894/1894 1892/1892/1892 1893/1893/1893
f 1894/1894/1894 1893/1893/1893 1895/1895/1895
f 1898/1898/1898 1897/1897/1897 1896/1896/1896
f 1896/1896/1896 1897/1897/1897 1899/1899/1899
f 1902/1902/1902 1901/1901/1901 1900/1900/1900
f 1902/1902/1902 1903/1903/1903 1901/1901/1901
f 1903/1903/1903 1904/1904/1904 1901/1901/1901
f 1903/1903/1903 1905/1905/1905 1904/1904/1904
f 1905/1905/1905 1906/1906/1906 1904/1904/1904
f 1905/1905/1905 1907/1907/1907 1906/1906/1906
f 1907/1907/1907 1908/1908/1908 1906/1906/1906
f 1911/1911/1911 1910/1910/1910 1909/1909/1909
f 1911/1911/1911 1912/1912/1912 1910/1910/1910
f 1915/1915/1915 1914/1914/1914 1913/1913/1913
f 1916/1916/1916 1915/1915/1915 1913/1913/1913
f 1917/1917/1917 1915/1915/1915 1916/1916/1916
f 1918/1918/1918 1917/1917/1917 1916/1916/1916
f 1921/1921/1921 1920/1920/1920 1919/1919/1919
f 1920/1920/1920 1922/1922/1922 1919/1919/1919
f 1919/1919/1919 1922/1922/1922 1923/1923/1923
f 1922/1922/1922 1924/1924/1924 1923/1923/1923
f 1923/1923/1923 1924/1924/1924 1925/1925/1925
f 1924/1924/1924 1926/1926/1926 1925/1925/1925
f 1925/1925/1925 1926/1926/1926 1927/1927/1927
f 1930/1930/1930 1929/1929/1929 1928/1928/1928
f 1928/1928/1928 1931/1931/1931 1930/1930/1930
f 1931/1931/1931 1932/1932/1932 1930/1930/1930
f 1932/1932/1932 1933/1933/1933 1930/1930/1930
f 1932/1932/1932 1934/1934/1934 1933/1933/1933
f 1934/1934/1934 1935/1935/1935 1933/1933/1933
f 1934/1934/1934 1936/1936/1936 1935/1935/1935
f 1936/1936/1936 1937/1937/1937 1935/1935/1935
f 1938/1938/1938 1937/1937/1937 1936/1936/1936
f 1938/1938/1938 1939/1939/1939 1937/1937/1937
f 1939/1939/1939 1940/1940/1940 1937/1937/1937
f 1941/1941/1941 1931/1931/1931 1928/1928/1928
f 1928/1928/1928 1942/1942/1942 1941/1941/1941
f 1941/1941/1941 1943/1943/1943 1931/1931/1931
f 1941/1941/1941 1944/1944/1944 1943/1943/1943
f 1944/1944/1944 1945/1945/1945 1943/1943/1943
f 1944/1944/1944 1946/1946/1946 1945/1945/1945
f 1946/1946/1946 1947/1947/1947 1945/1945/1945
f 1946/1946/1946 1948/1948/1948 1947/1947/1947
f 1949/1949/1949 1947/1947/1947 1948/1948/1948
f 1950/1950/1950 1949/1949/1949 1948/1948/1948
f 1950/1950/1950 1948/1948/1948 1951/1951/1951
f 1939/1939/1939 1952/1952/1952 1940/1940/1940
f 1953/1953/1953 1952/1952/1952 1939/1939/1939
f 1953/1953/1953 1939/1939/1939 1954/1954/1954
f 1952/1952/1952 1955/1955/1955 1940/1940/1940
f 1940/1940/1940 1955/1955/1955 1956/1956/1956
f 1956/1956/1956 1957/1957/1957 1940/1940/1940
f 1956/1956/1956 1955/1955/1955 1958/1958/1958
f 1958/1958/1958 1959/1959/1959 1956/1956/1956
f 1956/1956/1956 1959/1959/1959 1960/1960/1960
f 1960/1960/1960 1959/1959/1959 1961/1961/1961
f 1962/1962/1962 1959/1959/1959 1958/1958/1958
f 1961/1961/1961 1959/1959/1959 1962/1962/1962
f 1961/1961/1961 1962/1962/1962 1963/1963/1963
f 1962/1962/1962 1958/1958/1958 1964/1964/1964
f 1965/1965/1965 1961/1961/1961 1963/1963/1963
f 1966/1966/1966 1962/1962/1962 1964/1964/1964
f 1962/1962/1962 1966/1966/1966 1963/1963/1963
f 1964/1964/1964 1967/1967/1967 1966/1966/1966
f 1967/1967/1967 1963/1963/1963 1966/1966/1966
f 1964/1964/1964 1968/1968/1968 1967/1967/1967
f 1968/1968/1968 1969/1969/1969 1967/1967/1967
f 1968/1968/1968 1970/1970/1970 1969/1969/1969
f 1967/1967/1967 1971/1971/1971 1963/1963/1963
f 1969/1969/1969 1971/1971/1971 1967/1967/1967
f 1969/1969/1969 1972/1972/1972 1971/1971/1971
f 1973/1973/1973 1972/1972/1972 1969/1969/1969
f 1970/1970/1970 1973/1973/1973 1969/1969/1969
f 1970/1970/1970 1974/1974/1974 1973/1973/1973
f 1975/1975/1975 1974/1974/1974 1970/1970/1970
f 1975/1975/1975 1976/1976/1976 1974/1974/1974
f 1970/1970/1970 1977/1977/1977 1975/1975/1975
f 1978/1978/1978 1975/1975/1975 1977/1977/1977
f 1978/1978/1978 1977/1977/1977 1979/1979/1979
f 1980/1980/1980 1978/1978/1978 1979/1979/1979
f 1978/1978/1978 1981/1981/1981 1975/1975/1975
f 1982/1982/1982 1981/1981/1981 1978/1978/1978
f 1982/1982/1982 1983/1983/1983 1981/1981/1981
f 1983/1983/1983 1984/1984/1984 1981/1981/1981
f 1983/1983/1983 1985/1985/1985 1984/1984/1984
f 1985/1985/1985 1986/1986/1986 1984/1984/1984
f 1985/1985/1985 1987/1987/1987 1986/1986/1986
f 1987/1987/1987 1988/1988/1988 1986/1986/1986
f 1987/1987/1987 1989/1989/1989 1988/1988/1988
f 1989/1989/1989 1990/1990/1990 1988/1988/1988
f 1988/1988/1988 1990/1990/1990 1991/1991/1991
f 1990/1990/1990 1989/1989/1989 1992/1992/1992
f 1992/1992/1992 1993/1993/1993 1990/1990/1990
f 1989/1989/1989 1994/1994/1994 1992/1992/1992
f 1994/1994/1994 1995/1995/1995 1992/1992/1992
f 1994/1994/1994 1996/1996/1996 1995/1995/1995
f 1996/1996/1996 1997/1997/1997 1995/1995/1995
f 1996/1996/1996 1998/1998/1998 1997/1997/1997
f 1998/1998/1998 1999/1999/1999 1997/1997/1997
f 2000/2000/2000 1999/1999/1999 1998/1998/1998
f 2000/2000/2000 2001/2001/2001 1999/1999/1999
f 2001/2001/2001 2002/2002/2002 1999/1999/1999
f 2001/2001/2001 2003/2003/2003 2002/2002/2002
f 2004/2004/2004 2003/2003/2003 2001/2001/2001
f 2004/2004/2004 2001/2001/2001 2005/2005/2005
f 2003/2003/2003 2006/2006/2006 2002/2002/2002
f 2002/2002/2002 2006/2006/2006 2007/2007/2007
f 2002/2002/2002 2007/2007/2007 2008/2008/2008
f 2006/2006/2006 2009/2009/2009 2007/2007/2007
f 2010/2010/2010 2009/2009/2009 2006/2006/2006
f 2010/2010/2010 2011/2011/2011 2009/2009/2009
f 2011/2011/2011 2012/2012/2012 2009/2009/2009
f 2011/2011/2011 2013/2013/2013 2012/2012/2012
f 2010/2010/2010 2014/2014/2014 2011/2011/2011
f 2011/2011/2011 2014/2014/2014 2013/2013/2013
f 2014/2014/2014 2015/2015/2015 2013/2013/2013
f 2010/2010/2010 2016/2016/2016 2014/2014/2014
f 2016/2016/2016 2017/2017/2017 2014/2014/2014
f 2014/2014/2014 2017/2017/2017 2015/2015/2015
f 2016/2016/2016 2018/2018/2018 2017/2017/2017
f 2017/2017/2017 2018/2018/2018 2015/2015/2015
f 2016/2016/2016 2019/2019/2019 2018/2018/2018
f 2013/2013/2013 2015/2015/2015 2020/2020/2020
f 2013/2013/2013 2020/2020/2020 2021/2021/2021
f 2020/2020/2020 2022/2022/2022 2021/2021/2021
f 2023/2023/2023 2021/2021/2021 2022/2022/2022
f 2015/2015/2015 2024/2024/2024 2020/2020/2020
f 2020/2020/2020 2024/2024/2024 2022/2022/2022
f 2025/2025/2025 2023/2023/2023 2022/2022/2022
f 2025/2025/2025 2026/2026/2026 2023/2023/2023
f 2026/2026/2026 2025/2025/2025 2027/2027/2027
f 2026/2026/2026 2027/2027/2027 2028/2028/2028
f 2024/2024/2024 2029/2029/2029 2022/2022/2022
f 2025/2025/2025 2022/2022/2022 2029/2029/2029
f 2030/2030/2030 2024/2024/2024 2015/2015/2015
f 2024/2024/2024 2030/2030/2030 2029/2029/2029
f 2030/2030/2030 2031/2031/2031 2029/2029/2029
f 2032/2032/2032 2030/2030/2030 2015/2015/2015
f 2033/2033/2033 2029/2029/2029 2031/2031/2031
f 2033/2033/2033 2025/2025/2025 2029/2029/2029
f 2025/2025/2025 2033/2033/2033 2027/2027/2027
f 2032/2032/2032 2015/2015/2015 2018/2018/2018
f 2033/2033/2033 2034/2034/2034 2027/2027/2027
f 2032/2032/2032 2018/2018/2018 2035/2035/2035
f 2032/2032/2032 2035/2035/2035 2036/2036/2036
f 2035/2035/2035 2018/2018/2018 2019/2019/2019
f 2035/2035/2035 2037/2037/2037 2036/2036/2036
f 2037/2037/2037 2035/2035/2035 2019/2019/2019
f 2037/2037/2037 2019/2019/2019 2038/2038/2038
f 2039/2039/2039 2037/2037/2037 2038/2038/2038
f 1951/1951/1951 2039/2039/2039 2038/2038/2038
f 1951/1951/1951 2040/2040/2040 2039/2039/2039
f 2041/2041/2041 1951/1951/1951 2038/2038/2038
f 2041/2041/2041 1950/1950/1950 1951/1951/1951
f 1950/1950/1950 2041/2041/2041 2042/2042/2042
f 2043/2043/2043 1950/1950/1950 2042/2042/2042
f 2045/2045/2045 2034/2034/2034 2044/2044/2044
f 2045/2045/2045 2027/2027/2027 2034/2034/2034
f 2045/2045/2045 2046/2046/2046 2027/2027/2027
f 2046/2046/2046 2047/2047/2047 2027/2027/2027
f 2047/2047/2047 2028/2028/2028 2027/2027/2027
f 2047/2047/2047 2048/2048/2048 2028/2028/2028
f 2051/2051/2051 2050/2050/2050 2049/2049/2049
f 2051/2051/2051 2052/2052/2052 2050/2050/2050
f 2055/2055/2055 2054/2054/2054 2053/2053/2053
f 2054/2054/2054 2056/2056/2056 2053/2053/2053
f 2054/2054/2054 2057/2057/2057 2056/2056/2056
f 2058/2058/2058 2053/2053/2053 2056/2056/2056
f 2057/2057/2057 2059/2059/2059 2056/2056/2056
f 2059/2059/2059 2057/2057/2057 2060/2060/2060
f 2058/2058/2058 2056/2056/2056 2061/2061/2061
f 2062/2062/2062 2058/2058/2058 2061/2061/2061
f 2062/2062/2062 2063/2063/2063 2058/2058/2058
f 2064/2064/2064 2059/2059/2059 2060/2060/2060
f 2064/2064/2064 2060/2060/2060 2065/2065/2065
f 2064/2064/2064 2065/2065/2065 2066/2066/2066
f 2067/2067/2067 2064/2064/2064 2066/2066/2066
f 2067/2067/2067 2066/2066/2066 2068/2068/2068
f 2069/2069/2069 2067/2067/2067 2068/2068/2068
f 2070/2070/2070 2069/2069/2069 2068/2068/2068
f 2069/2069/2069 2070/2070/2070 2071/2071/2071
f 2070/2070/2070 2072/2072/2072 2071/2071/2071
f 2063/2063/2063 2073/2073/2073 2058/2058/2058
f 2063/2063/2063 2074/2074/2074 2073/2073/2073
f 2074/2074/2074 2075/2075/2075 2073/2073/2073
f 2076/2076/2076 2073/2073/2073 2075/2075/2075
f 2076/2076/2076 2075/2075/2075 2077/2077/2077
f 2078/2078/2078 2076/2076/2076 2077/2077/2077
f 2078/2078/2078 2077/2077/2077 2079/2079/2079
f 2080/2080/2080 2078/2078/2078 2079/2079/2079
f 2080/2080/2080 2079/2079/2079 2081/2081/2081
f 2082/2082/2082 2080/2080/2080 2081/2081/2081
f 2071/2071/2071 2072/2072/2072 2083/2083/2083
f 2082/2082/2082 2081/2081/2081 2084/2084/2084
f 2085/2085/2085 2082/2082/2082 2084/2084/2084
f 2084/2084/2084 2086/2086/2086 2085/2085/2085
f 2084/2084/2084 2087/2087/2087 2086/2086/2086
f 2087/2087/2087 2088/2088/2088 2086/2086/2086
f 2087/2087/2087 2089/2089/2089 2088/2088/2088
f 2089/2089/2089 2090/2090/2090 2088/2088/2088
f 2089/2089/2089 2091/2091/2091 2090/2090/2090
f 2091/2091/2091 2092/2092/2092 2090/2090/2090
f 2091/2091/2091 2093/2093/2093 2092/2092/2092
f 2072/2072/2072 2094/2094/2094 2083/2083/2083
f 2093/2093/2093 2095/2095/2095 2092/2092/2092
f 2093/2093/2093 2096/2096/2096 2095/2095/2095
f 2096/2096/2096 2097/2097/2097 2095/2095/2095
f 2094/2094/2094 2098/2098/2098 2083/2083/2083
f 2098/2098/2098 2099/2099/2099 2083/2083/2083
f 2100/2100/2100 2095/2095/2095 2097/2097/2097
f 2099/2099/2099 2101/2101/2101 2083/2083/2083
f 2100/2100/2100 2097/2097/2097 2102/2102/2102
f 2100/2100/2100 2102/2102/2102 2103/2103/2103
f 2101/2101/2101 2104/2104/2104 2083/2083/2083
f 2101/2101/2101 2105/2105/2105 2104/2104/2104
f 2101/2101/2101 2106/2106/2106 2105/2105/2105
f 2100/2100/2100 2103/2103/2103 2107/2107/2107
f 2101/2101/2101 2108/2108/2108 2106/2106/2106
f 2109/2109/2109 2106/2106/2106 2108/2108/2108
f 2110/2110/2110 2109/2109/2109 2108/2108/2108
f 2110/2110/2110 2108/2108/2108 2111/2111/2111
f 2112/2112/2112 2110/2110/2110 2111/2111/2111
f 2112/2112/2112 2111/2111/2111 2113/2113/2113
f 2114/2114/2114 2112/2112/2112 2113/2113/2113
f 2114/2114/2114 2113/2113/2113 2115/2115/2115
f 2116/2116/2116 2114/2114/2114 2115/2115/2115
f 2116/2116/2116 2115/2115/2115 2117/2117/2117
f 2118/2118/2118 2100/2100/2100 2107/2107/2107
f 2119/2119/2119 2116/2116/2116 2117/2117/2117
f 2119/2119/2119 2117/2117/2117 2120/2120/2120
f 2119/2119/2119 2120/2120/2120 2121/2121/2121
f 2119/2119/2119 2121/2121/2121 2122/2122/2122
f 2122/2122/2122 2121/2121/2121 2123/2123/2123
f 2124/2124/2124 2122/2122/2122 2123/2123/2123
f 2124/2124/2124 2123/2123/2123 2125/2125/2125
f 2126/2126/2126 2124/2124/2124 2125/2125/2125
f 2126/2126/2126 2125/2125/2125 2127/2127/2127
f 2128/2128/2128 2126/2126/2126 2127/2127/2127
f 2129/2129/2129 2118/2118/2118 2107/2107/2107
f 2130/2130/2130 2129/2129/2129 2107/2107/2107
f 2131/2131/2131 2130/2130/2130 2107/2107/2107
f 2107/2107/2107 2132/2132/2132 2131/2131/2131
f 2132/2132/2132 2133/2133/2133 2131/2131/2131
f 2132/2132/2132 2134/2134/2134 2133/2133/2133
f 2134/2134/2134 2135/2135/2135 2133/2133/2133
f 2134/2134/2134 2136/2136/2136 2135/2135/2135
f 2136/2136/2136 2137/2137/2137 2135/2135/2135
f 2136/2136/2136 2138/2138/2138 2137/2137/2137
f 2138/2138/2138 2139/2139/2139 2137/2137/2137
f 2139/2139/2139 2138/2138/2138 2140/2140/2140
f 2141/2141/2141 2139/2139/2139 2140/2140/2140
f 2141/2141/2141 2140/2140/2140 2142/2142/2142
f 2143/2143/2143 2141/2141/2141 2142/2142/2142
f 2142/2142/2142 2144/2144/2144 2143/2143/2143
f 2142/2142/2142 2145/2145/2145 2144/2144/2144
f 2145/2145/2145 2146/2146/2146 2144/2144/2144
f 2145/2145/2145 2142/2142/2142 2147/2147/2147
f 2148/2148/2148 2147/2147/2147 2142/2142/2142
f 2148/2148/2148 2149/2149/2149 2147/2147/2147
f 2149/2149/2149 2150/2150/2150 2147/2147/2147
f 2147/2147/2147 2150/2150/2150 2151/2151/2151
f 2152/2152/2152 2151/2151/2151 2150/2150/2150
f 2152/2152/2152 2128/2128/2128 2151/2151/2151
f 2128/2128/2128 2127/2127/2127 2151/2151/2151
f 2155/2155/2155 2154/2154/2154 2153/2153/2153
f 2156/2156/2156 2155/2155/2155 2153/2153/2153
f 2157/2157/2157 2155/2155/2155 2156/2156/2156
f 2158/2158/2158 2157/2157/2157 2156/2156/2156
f 2161/2161/2161 2160/2160/2160 2159/2159/2159
f 2160/2160/2160 2162/2162/2162 2159/2159/2159
f 2159/2159/2159 2162/2162/2162 2163/2163/2163
f 2162/2162/2162 2164/2164/2164 2163/2163/2163
f 2163/2163/2163 2164/2164/2164 2165/2165/2165
f 2164/2164/2164 2166/2166/2166 2165/2165/2165
f 2165/2165/2165 2166/2166/2166 2167/2167/2167
f 2170/2170/2170 2169/2169/2169 2168/2168/2168
f 2170/2170/2170 2168/2168/2168 2171/2171/2171
f 2174/2174/2174 2173/2173/2173 2172/2172/2172
f 2175/2175/2175 2174/2174/2174 2172/2172/2172
f 2175/2175/2175 2172/2172/2172 2176/2176/2176
f 2177/2177/2177 2175/2175/2175 2176/2176/2176
f 2177/2177/2177 2176/2176/2176 2178/2178/2178
f 2179/2179/2179 2177/2177/2177 2178/2178/2178
f 2179/2179/2179 2178/2178/2178 2180/2180/2180
f 2183/2183/2183 2182/2182/2182 2181/2181/2181
f 2182/2182/2182 2184/2184/2184 2181/2181/2181
f 2181/2181/2181 2184/2184/2184 2185/2185/2185
f 2184/2184/2184 2186/2186/2186 2185/2185/2185
f 2185/2185/2185 2186/2186/2186 2187/2187/2187
f 2190/2190/2190 2189/2189/2189 2188/2188/2188
f 2189/2189/2189 2191/2191/2191 2188/2188/2188
f 2189/2189/2189 2192/2192/2192 2191/2191/2191
f 2195/2195/2195 2194/2194/2194 2193/2193/2193
f 2194/2194/2194 2196/2196/2196 2193/2193/2193
f 2193/2193/2193 2196/2196/2196 2197/2197/2197
f 2196/2196/2196 2198/2198/2198 2197/2197/2197
f 2197/2197/2197 2198/2198/2198 2199/2199/2199
f 2202/2202/2202 2201/2201/2201 2200/2200/2200
f 2202/2202/2202 2200/2200/2200 2203/2203/2203
f 2206/2206/2206 2205/2205/2205 2204/2204/2204
f 2207/2207/2207 2206/2206/2206 2204/2204/2204
f 2207/2207/2207 2204/2204/2204 2208/2208/2208
f 2209/2209/2209 2207/2207/2207 2208/2208/2208
f 2209/2209/2209 2208/2208/2208 2210/2210/2210
f 2211/2211/2211 2209/2209/2209 2210/2210/2210
f 2211/2211/2211 2210/2210/2210 2212/2212/2212
f 2215/2215/2215 2214/2214/2214 2213/2213/2213
f 2215/2215/2215 2216/2216/2216 2214/2214/2214
f 2219/2219/2219 2218/2218/2218 2217/2217/2217
f 2219/2219/2219 2220/2220/2220 2218/2218/2218
f 2220/2220/2220 2221/2221/2221 2218/2218/2218
f 2220/2220/2220 2222/2222/2222 2221/2221/2221
f 2222/2222/2222 2223/2223/2223 2221/2221/2221
f 2222/2222/2222 2224/2224/2224 2223/2223/2223
f 2224/2224/2224 2225/2225/2225 2223/2223/2223
f 2228/2228/2228 2227/2227/2227 2226/2226/2226
f 2228/2228/2228 2229/2229/2229 2227/2227/2227
f 2232/2232/2232 2231/2231/2231 2230/2230/2230
f 2232/2232/2232 2230/2230/2230 2233/2233/2233
f 2236/2236/2236 2235/2235/2235 2234/2234/2234
f 2236/2236/2236 2237/2237/2237 2235/2235/2235
f 2237/2237/2237 2238/2238/2238 2235/2235/2235
f 2237/2237/2237 2239/2239/2239 2238/2238/2238
f 2239/2239/2239 2240/2240/2240 2238/2238/2238
f 2239/2239/2239 2241/2241/2241 2240/2240/2240
f 2241/2241/2241 2242/2242/2242 2240/2240/2240
f 2245/2245/2245 2244/2244/2244 2243/2243/2243
f 2245/2245/2245 2246/2246/2246 2244/2244/2244
f 2249/2249/2249 2248/2248/2248 2247/2247/2247
f 2249/2249/2249 2247/2247/2247 2250/2250/2250
f 2253/2253/2253 2252/2252/2252 2251/2251/2251
f 2253/2253/2253 2251/2251/2251 2254/2254/2254
f 2255/2255/2255 2253/2253/2253 2254/2254/2254
f 2256/2256/2256 2255/2255/2255 2254/2254/2254
f 2257/2257/2257 2254/2254/2254 2251/2251/2251
f 2256/2256/2256 2254/2254/2254 2258/2258/2258
f 2256/2256/2256 2258/2258/2258 2259/2259/2259
f 2260/2260/2260 2258/2258/2258 2254/2254/2254
f 2261/2261/2261 2260/2260/2260 2254/2254/2254
f 2257/2257/2257 2261/2261/2261 2254/2254/2254
f 2261/2261/2261 2262/2262/2262 2260/2260/2260
f 2261/2261/2261 2257/2257/2257 2263/2263/2263
f 2257/2257/2257 2264/2264/2264 2263/2263/2263
f 2264/2264/2264 1965/1965/1965 2263/2263/2263
f 2261/2261/2261 2265/2265/2265 2262/2262/2262
f 2261/2261/2261 2263/2263/2263 2265/2265/2265
f 2266/2266/2266 2262/2262/2262 2265/2265/2265
f 2267/2267/2267 2266/2266/2266 2265/2265/2265
f 2267/2267/2267 2265/2265/2265 2263/2263/2263
f 1971/1971/1971 2266/2266/2266 2267/2267/2267
f 1971/1971/1971 2267/2267/2267 1963/1963/1963
f 2268/2268/2268 2263/2263/2263 1965/1965/1965
f 1965/1965/1965 1963/1963/1963 2268/2268/2268
f 2268/2268/2268 2267/2267/2267 2263/2263/2263
f 1963/1963/1963 2267/2267/2267 2268/2268/2268
f 2271/2271/2271 2270/2270/2270 2269/2269/2269
f 2272/2272/2272 2271/2271/2271 2269/2269/2269
f 2275/2275/2275 2274/2274/2274 2273/2273/2273
f 2275/2275/2275 2276/2276/2276 2274/2274/2274
f 2276/2276/2276 2277/2277/2277 2274/2274/2274
f 2276/2276/2276 2278/2278/2278 2277/2277/2277
f 2278/2278/2278 2279/2279/2279 2277/2277/2277
f 2279/2279/2279 2280/2280/2280 2277/2277/2277
f 2279/2279/2279 2281/2281/2281 2280/2280/2280
f 2281/2281/2281 2282/2282/2282 2280/2280/2280
f 2285/2285/2285 2284/2284/2284 2283/2283/2283
f 2285/2285/2285 2283/2283/2283 2286/2286/2286
f 2286/2286/2286 2287/2287/2287 2285/2285/2285
f 2286/2286/2286 2288/2288/2288 2287/2287/2287
f 2288/2288/2288 2289/2289/2289 2287/2287/2287
f 2292/2292/2292 2291/2291/2291 2290/2290/2290
f 2293/2293/2293 2292/2292/2292 2290/2290/2290
f 2293/2293/2293 2290/2290/2290 2294/2294/2294
f 2295/2295/2295 2293/2293/2293 2294/2294/2294
f 2296/2296/2296 2295/2295/2295 2294/2294/2294
f 2296/2296/2296 2294/2294/2294 2297/2297/2297
f 2298/2298/2298 2296/2296/2296 2297/2297/2297
f 2298/2298/2298 2297/2297/2297 2299/2299/2299
f 2302/2302/2302 2301/2301/2301 2300/2300/2300
f 2302/2302/2302 2300/2300/2300 2303/2303/2303
f 2306/2306/2306 2305/2305/2305 2304/2304/2304
f 2306/2306/2306 2304/2304/2304 2307/2307/2307
f 2308/2308/2308 2307/2307/2307 2304/2304/2304
f 2309/2309/2309 2307/2307/2307 2308/2308/2308
f 2309/2309/2309 2308/2308/2308 2310/2310/2310
f 2313/2313/2313 2312/2312/2312 2311/2311/2311
f 2312/2312/2312 2314/2314/2314 2311/2311/2311
f 2312/2312/2312 2315/2315/2315 2314/2314/2314
f 2318/2318/2318 2317/2317/2317 2316/2316/2316
f 2319/2319/2319 2316/2316/2316 2317/2317/2317
f 2319/2319/2319 2320/2320/2320 2316/2316/2316
f 2323/2323/2323 2322/2322/2322 2321/2321/2321
f 2324/2324/2324 2321/2321/2321 2322/2322/2322
f 2324/2324/2324 2325/2325/2325 2321/2321/2321
f 2328/2328/2328 2327/2327/2327 2326/2326/2326
f 2329/2329/2329 2328/2328/2328 2326/2326/2326
f 2330/2330/2330 2328/2328/2328 2329/2329/2329
f 2331/2331/2331 2330/2330/2330 2329/2329/2329
f 2332/2332/2332 2330/2330/2330 2331/2331/2331
f 2333/2333/2333 2332/2332/2332 2331/2331/2331
f 2336/2336/2336 2335/2335/2335 2334/2334/2334
f 2336/2336/2336 2337/2337/2337 2335/2335/2335
f 2336/2336/2336 2338/2338/2338 2337/2337/2337
f 2337/2337/2337 2338/2338/2338 2339/2339/2339
f 2340/2340/2340 2337/2337/2337 2339/2339/2339
f 2341/2341/2341 2340/2340/2340 2339/2339/2339
f 2340/2340/2340 2341/2341/2341 2342/2342/2342
f 2343/2343/2343 2340/2340/2340 2342/2342/2342
f 2340/2340/2340 2343/2343/2343 2344/2344/2344
f 2343/2343/2343 2345/2345/2345 2344/2344/2344
f 2340/2340/2340 2344/2344/2344 2346/2346/2346
f 2349/2349/2349 2348/2348/2348 2347/2347/2347
f 2350/2350/2350 2349/2349/2349 2347/2347/2347
f 2350/2350/2350 2347/2347/2347 2351/2351/2351
f 2354/2354/2354 2353/2353/2353 2352/2352/2352
f 2355/2355/2355 2354/2354/2354 2352/2352/2352
f 2355/2355/2355 2352/2352/2352 2356/2356/2356
f 2354/2354/2354 2355/2355/2355 2357/2357/2357
f 2355/2355/2355 2358/2358/2358 2357/2357/2357
f 2358/2358/2358 2355/2355/2355 2359/2359/2359
f 2355/2355/2355 2360/2360/2360 2359/2359/2359
f 2359/2359/2359 2360/2360/2360 2361/2361/2361
f 2360/2360/2360 2362/2362/2362 2361/2361/2361
f 2362/2362/2362 2360/2360/2360 2363/2363/2363
f 2362/2362/2362 2363/2363/2363 2364/2364/2364
f 2367/2367/2367 2366/2366/2366 2365/2365/2365
f 2366/2366/2366 2368/2368/2368 2365/2365/2365
f 2365/2365/2365 2368/2368/2368 2369/2369/2369
f 2368/2368/2368 2370/2370/2370 2369/2369/2369
f 2369/2369/2369 2370/2370/2370 2371/2371/2371
f 2370/2370/2370 2372/2372/2372 2371/2371/2371
f 2371/2371/2371 2372/2372/2372 2373/2373/2373
f 2376/2376/2376 2375/2375/2375 2374/2374/2374
f 2377/2377/2377 2376/2376/2376 2374/2374/2374
f 2377/2377/2377 2374/2374/2374 2378/2378/2378
f 2379/2379/2379 2377/2377/2377 2378/2378/2378
f 2380/2380/2380 2379/2379/2379 2378/2378/2378
f 2380/2380/2380 2378/2378/2378 2381/2381/2381
f 2382/2382/2382 2380/2380/2380 2381/2381/2381
f 2382/2382/2382 2381/2381/2381 2383/2383/2383
f 2386/2386/2386 2385/2385/2385 2384/2384/2384
f 2386/2386/2386 2384/2384/2384 2387/2387/2387
f 2390/2390/2390 2389/2389/2389 2388/2388/2388
f 2390/2390/2390 2388/2388/2388 2391/2391/2391
f 2394/2394/2394 2393/2393/2393 2392/2392/2392
f 2394/2394/2394 2395/2395/2395 2393/2393/2393
f 2395/2395/2395 2396/2396/2396 2393/2393/2393
f 2395/2395/2395 2397/2397/2397 2396/2396/2396
f 2397/2397/2397 2398/2398/2398 2396/2396/2396
f 2398/2398/2398 2399/2399/2399 2396/2396/2396
f 2398/2398/2398 2400/2400/2400 2399/2399/2399
f 2400/2400/2400 2401/2401/2401 2399/2399/2399
f 2404/2404/2404 2403/2403/2403 2402/2402/2402
f 2404/2404/2404 2405/2405/2405 2403/2403/2403
f 2408/2408/2408 2407/2407/2407 2406/2406/2406
f 2408/2408/2408 2406/2406/2406 2409/2409/2409
f 2410/2410/2410 2409/2409/2409 2406/2406/2406
f 2411/2411/2411 2410/2410/2410 2406/2406/2406
f 2411/2411/2411 2406/2406/2406 2412/2412/2412
f 2411/2411/2411 2412/2412/2412 2413/2413/2413
f 2413/2413/2413 2412/2412/2412 2414/2414/2414
f 2414/2414/2414 2412/2412/2412 2415/2415/2415
f 2415/2415/2415 2412/2412/2412 2416/2416/2416
f 2415/2415/2415 2416/2416/2416 2417/2417/2417
f 2412/2412/2412 2418/2418/2418 2416/2416/2416
f 2421/2421/2421 2420/2420/2420 2419/2419/2419
f 2421/2421/2421 2419/2419/2419 2422/2422/2422
f 2425/2425/2425 2424/2424/2424 2423/2423/2423
f 2425/2425/2425 2423/2423/2423 2426/2426/2426
f 2427/2427/2427 2425/2425/2425 2426/2426/2426
f 2430/2430/2430 2429/2429/2429 2428/2428/2428
f 2430/2430/2430 2428/2428/2428 2431/2431/2431
f 2434/2434/2434 2433/2433/2433 2432/2432/2432
f 2434/2434/2434 2435/2435/2435 2433/2433/2433
f 2435/2435/2435 2436/2436/2436 2433/2433/2433
f 2434/2434/2434 2437/2437/2437 2435/2435/2435
f 2435/2435/2435 2437/2437/2437 2438/2438/2438
f 2435/2435/2435 2438/2438/2438 2439/2439/2439
f 2440/2440/2440 2435/2435/2435 2439/2439/2439
f 2441/2441/2441 2440/2440/2440 2439/2439/2439
f 2441/2441/2441 2442/2442/2442 2440/2440/2440
f 2443/2443/2443 2440/2440/2440 2442/2442/2442
f 2443/2443/2443 2444/2444/2444 2440/2440/2440
f 2447/2447/2447 2446/2446/2446 2445/2445/2445
f 2447/2447/2447 2445/2445/2445 2448/2448/2448
f 2451/2451/2451 2450/2450/2450 2449/2449/2449
f 2452/2452/2452 2451/2451/2451 2449/2449/2449
f 2455/2455/2455 2454/2454/2454 2453/2453/2453
f 2453/2453/2453 2454/2454/2454 2456/2456/2456
f 2456/2456/2456 2454/2454/2454 2457/2457/2457
f 2457/2457/2457 2454/2454/2454 2458/2458/2458
f 2458/2458/2458 2454/2454/2454 2459/2459/2459
f 2459/2459/2459 2454/2454/2454 2460/2460/2460
f 2460/2460/2460 2454/2454/2454 2461/2461/2461
f 2461/2461/2461 2454/2454/2454 2462/2462/2462
f 2462/2462/2462 2454/2454/2454 2463/2463/2463
f 2463/2463/2463 2454/2454/2454 2464/2464/2464
f 2464/2464/2464 2454/2454/2454 2465/2465/2465
f 2465/2465/2465 2454/2454/2454 2466/2466/2466
f 2466/2466/2466 2454/2454/2454 2467/2467/2467
f 2467/2467/2467 2454/2454/2454 2468/2468/2468
f 2468/2468/2468 2454/2454/2454 2469/2469/2469
f 2469/2469/2469 2454/2454/2454 2470/2470/2470
f 2470/2470/2470 2454/2454/2454 2471/2471/2471
f 2471/2471/2471 2454/2454/2454 2472/2472/2472
f 2472/2472/2472 2454/2454/2454 2473/2473/2473
f 2473/2473/2473 2454/2454/2454 2474/2474/2474
f 2474/2474/2474 2454/2454/2454 2475/2475/2475
f 2475/2475/2475 2454/2454/2454 2476/2476/2476
f 2476/2476/2476 2454/2454/2454 2477/2477/2477
f 2477/2477/2477 2454/2454/2454 2478/2478/2478
f 2478/2478/2478 2454/2454/2454 2479/2479/2479
f 2479/2479/2479 2454/2454/2454 2480/2480/2480
f 2480/2480/2480 2454/2454/2454 2481/2481/2481
f 2481/2481/2481 2454/2454/2454 2482/2482/2482
f 2481/2481/2481 2482/2482/2482 2483/2483/2483
f 2481/2481/2481 2483/2483/2483 2484/2484/2484
f 2481/2481/2481 2484/2484/2484 2485/2485/2485
f 2485/2485/2485 2484/2484/2484 2486/2486/2486
f 2486/2486/2486 2484/2484/2484 2487/2487/2487
f 2487/2487/2487 2484/2484/2484 2488/2488/2488
f 2488/2488/2488 2484/2484/2484 2489/2489/2489
f 2489/2489/2489 2484/2484/2484 2490/2490/2490
f 2490/2490/2490 2484/2484/2484 2491/2491/2491
f 2491/2491/2491 2484/2484/2484 2492/2492/2492
f 2492/2492/2492 2484/2484/2484 2493/2493/2493
f 2493/2493/2493 2484/2484/2484 2494/2494/2494
f 2494/2494/2494 2484/2484/2484 2495/2495/2495
f 2495/2495/2495 2484/2484/2484 2496/2496/2496
f 2496/2496/2496 2484/2484/2484 2497/2497/2497
f 2497/2497/2497 2484/2484/2484 2498/2498/2498
f 2498/2498/2498 2484/2484/2484 2499/2499/2499
f 2499/2499/2499 2484/2484/2484 2500/2500/2500
f 2503/2503/2503 2502/2502/2502 2501/2501/2501
f 2501/2501/2501 2502/2502/2502 2504/2504/2504
f 2504/2504/2504 2502/2502/2502 2505/2505/2505
f 2505/2505/2505 2502/2502/2502 2506/2506/2506
f 2506/2506/2506 2502/2502/2502 2507/2507/2507
f 2507/2507/2507 2502/2502/2502 2508/2508/2508
f 2508/2508/2508 2502/2502/2502 2509/2509/2509
f 2509/2509/2509 2502/2502/2502 2510/2510/2510
f 2510/2510/2510 2511/2511/2511 2509/2509/2509
f 2510/2510/2510 2512/2512/2512 2511/2511/2511
f 2510/2510/2510 2513/2513/2513 2512/2512/2512
f 2510/2510/2510 2514/2514/2514 2513/2513/2513
f 2510/2510/2510 2515/2515/2515 2514/2514/2514
f 2510/2510/2510 2516/2516/2516 2515/2515/2515
f 2510/2510/2510 2517/2517/2517 2516/2516/2516
f 2510/2510/2510 2502/2502/2502 2518/2518/2518
f 2518/2518/2518 2502/2502/2502 2519/2519/2519
f 2519/2519/2519 2502/2502/2502 2520/2520/2520
f 2521/2521/2521 2517/2517/2517 2510/2510/2510
f 2522/2522/2522 2517/2517/2517 2521/2521/2521
f 2520/2520/2520 2502/2502/2502 2523/2523/2523
f 2523/2523/2523 2502/2502/2502 2524/2524/2524
f 2524/2524/2524 2502/2502/2502 2525/2525/2525
f 2525/2525/2525 2502/2502/2502 2526/2526/2526
f 2526/2526/2526 2502/2502/2502 2527/2527/2527
f 2527/2527/2527 2502/2502/2502 2528/2528/2528
f 2528/2528/2528 2502/2502/2502 2529/2529/2529
f 2529/2529/2529 2530/2530/2530 2528/2528/2528
f 2529/2529/2529 2531/2531/2531 2530/2530/2530
f 2529/2529/2529 2532/2532/2532 2531/2531/2531
f 2529/2529/2529 2533/2533/2533 2532/2532/2532
f 2529/2529/2529 2534/2534/2534 2533/2533/2533
f 2529/2529/2529 2535/2535/2535 2534/2534/2534
f 2529/2529/2529 2536/2536/2536 2535/2535/2535
f 2537/2537/2537 2536/2536/2536 2529/2529/2529
f 2538/2538/2538 2536/2536/2536 2537/2537/2537
f 2541/2541/2541 2540/2540/2540 2539/2539/2539
f 2541/2541/2541 2542/2542/2542 2540/2540/2540
f 2542/2542/2542 2543/2543/2543 2540/2540/2540
f 2546/2546/2546 2545/2545/2545 2544/2544/2544
f 2546/2546/2546 2544/2544/2544 2547/2547/2547
f 2548/2548/2548 2546/2546/2546 2547/2547/2547
f 2548/2548/2548 2547/2547/2547 2549/2549/2549
f 2550/2550/2550 2548/2548/2548 2549/2549/2549
f 2550/2550/2550 2549/2549/2549 2551/2551/2551
f 2550/2550/2550 2551/2551/2551 2552/2552/2552
f 2552/2552/2552 2553/2553/2553 2550/2550/2550
f 2554/2554/2554 2553/2553/2553 2552/2552/2552
f 2554/2554/2554 2555/2555/2555 2553/2553/2553
f 2558/2558/2558 2557/2557/2557 2556/2556/2556
f 2556/2556/2556 2557/2557/2557 2559/2559/2559
f 2560/2560/2560 2556/2556/2556 2559/2559/2559
f 2559/2559/2559 2561/2561/2561 2560/2560/2560
f 2561/2561/2561 2562/2562/2562 2560/2560/2560
f 2562/2562/2562 2561/2561/2561 2563/2563/2563
f 2564/2564/2564 2562/2562/2562 2563/2563/2563
f 2564/2564/2564 2563/2563/2563 2565/2565/2565
f 2566/2566/2566 2564/2564/2564 2565/2565/2565
f 2566/2566/2566 2567/2567/2567 2564/2564/2564
f 2570/2570/2570 2569/2569/2569 2568/2568/2568
f 2571/2571/2571 2570/2570/2570 2568/2568/2568
f 2574/2574/2574 2573/2573/2573 2572/2572/2572
f 2575/2575/2575 2574/2574/2574 2572/2572/2572
f 2578/2578/2578 2577/2577/2577 2576/2576/2576
f 2578/2578/2578 2579/2579/2579 2577/2577/2577
f 2579/2579/2579 2580/2580/2580 2577/2577/2577
f 2579/2579/2579 2581/2581/2581 2580/2580/2580
f 2581/2581/2581 2582/2582/2582 2580/2580/2580
f 2581/2581/2581 2583/2583/2583 2582/2582/2582
f 2583/2583/2583 2584/2584/2584 2582/2582/2582
f 2587/2587/2587 2586/2586/2586 2585/2585/2585
f 2587/2587/2587 2588/2588/2588 2586/2586/2586
f 2591/2591/2591 2590/2590/2590 2589/2589/2589
f 2592/2592/2592 2591/2591/2591 2589/2589/2589
f 2592/2592/2592 2589/2589/2589 2593/2593/2593
f 2594/2594/2594 2592/2592/2592 2593/2593/2593
f 2594/2594/2594 2593/2593/2593 2595/2595/2595
f 2596/2596/2596 2594/2594/2594 2595/2595/2595
f 2596/2596/2596 2595/2595/2595 2597/2597/2597
f 2600/2600/2600 2599/2599/2599 2598/2598/2598
f 2600/2600/2600 2601/2601/2601 2599/2599/2599
f 2604/2604/2604 2603/2603/2603 2602/2602/2602
f 2604/2604/2604 2605/2605/2605 2603/2603/2603
f 2605/2605/2605 2606/2606/2606 2603/2603/2603
f 2605/2605/2605 2607/2607/2607 2606/2606/2606
f 2607/2607/2607 2608/2608/2608 2606/2606/2606
f 2607/2607/2607 2609/2609/2609 2608/2608/2608
f 2609/2609/2609 2610/2610/2610 2608/2608/2608
f 2613/2613/2613 2612/2612/2612 2611/2611/2611
f 2614/2614/2614 2613/2613/2613 2611/2611/2611
f 2617/2617/2617 2616/2616/2616 2615/2615/2615
f 2618/2618/2618 2617/2617/2617 2615/2615/2615
f 2618/2618/2618 2615/2615/2615 2619/2619/2619
f 2620/2620/2620 2618/2618/2618 2619/2619/2619
f 2620/2620/2620 2619/2619/2619 2621/2621/2621
f 2622/2622/2622 2620/2620/2620 2621/2621/2621
f 2622/2622/2622 2621/2621/2621 2623/2623/2623
f 2626/2626/2626 2625/2625/2625 2624/2624/2624
f 2626/2626/2626 2627/2627/2627 2625/2625/2625
f 2630/2630/2630 2629/2629/2629 2628/2628/2628
f 2631/2631/2631 2630/2630/2630 2628/2628/2628
f 2634/2634/2634 2633/2633/2633 2632/2632/2632
f 2633/2633/2633 2635/2635/2635 2632/2632/2632
f 2638/2638/2638 2637/2637/2637 2636/2636/2636
f 2638/2638/2638 2639/2639/2639 2637/2637/2637
f 2642/2642/2642 2641/2641/2641 2640/2640/2640
f 2642/2642/2642 2643/2643/2643 2641/2641/2641
f 2646/2646/2646 2645/2645/2645 2644/2644/2644
f 2646/2646/2646 2647/2647/2647 2645/2645/2645
f 2645/2645/2645 2647/2647/2647 2648/2648/2648
f 2645/2645/2645 2648/2648/2648 2649/2649/2649
f 2649/2649/2649 2648/2648/2648 2650/2650/2650
f 2650/2650/2650 2648/2648/2648 2651/2651/2651
f 2654/2654/2654 2653/2653/2653 2652/2652/2652
f 2654/2654/2654 2655/2655/2655 2653/2653/2653
f 2653/2653/2653 2655/2655/2655 2656/2656/2656
f 2653/2653/2653 2656/2656/2656 2657/2657/2657
f 2657/2657/2657 2656/2656/2656 2658/2658/2658
f 2658/2658/2658 2656/2656/2656 2659/2659/2659
f 2662/2662/2662 2661/2661/2661 2660/2660/2660
f 2663/2663/2663 2661/2661/2661 2662/2662/2662
f 2664/2664/2664 2663/2663/2663 2662/2662/2662
f 2667/2667/2667 2666/2666/2666 2665/2665/2665
f 2668/2668/2668 2666/2666/2666 2667/2667/2667
f 2669/2669/2669 2668/2668/2668 2667/2667/2667
f 2672/2672/2672 2671/2671/2671 2670/2670/2670
f 2672/2672/2672 2673/2673/2673 2671/2671/2671
f 2673/2673/2673 2674/2674/2674 2671/2671/2671
f 2673/2673/2673 2675/2675/2675 2674/2674/2674
f 2675/2675/2675 2676/2676/2676 2674/2674/2674
f 2675/2675/2675 2677/2677/2677 2676/2676/2676
f 2677/2677/2677 2678/2678/2678 2676/2676/2676
f 2677/2677/2677 2679/2679/2679 2678/2678/2678
f 2679/2679/2679 2680/2680/2680 2678/2678/2678
f 2679/2679/2679 2681/2681/2681 2680/2680/2680
f 2681/2681/2681 2682/2682/2682 2680/2680/2680
f 2681/2681/2681 2683/2683/2683 2682/2682/2682
f 2684/2684/2684 2682/2682/2682 2683/2683/2683
f 2684/2684/2684 2685/2685/2685 2682/2682/2682
f 2684/2684/2684 2686/2686/2686 2685/2685/2685
f 2686/2686/2686 2687/2687/2687 2685/2685/2685
f 2686/2686/2686 2688/2688/2688 2687/2687/2687
f 2686/2686/2686 2689/2689/2689 2688/2688/2688
f 2688/2688/2688 2689/2689/2689 2690/2690/2690
f 2691/2691/2691 2688/2688/2688 2690/2690/2690
f 2691/2691/2691 2690/2690/2690 2692/2692/2692
f 2693/2693/2693 2691/2691/2691 2692/2692/2692
f 2693/2693/2693 2692/2692/2692 2694/2694/2694
f 2695/2695/2695 2693/2693/2693 2694/2694/2694
f 2695/2695/2695 2694/2694/2694 2696/2696/2696
f 2697/2697/2697 2695/2695/2695 2696/2696/2696
f 2697/2697/2697 2696/2696/2696 2698/2698/2698
f 2699/2699/2699 2697/2697/2697 2698/2698/2698
f 2700/2700/2700 2699/2699/2699 2698/2698/2698
f 2700/2700/2700 2701/2701/2701 2699/2699/2699
f 2704/2704/2704 2703/2703/2703 2702/2702/2702
f 2704/2704/2704 2705/2705/2705 2703/2703/2703
f 2705/2705/2705 2706/2706/2706 2703/2703/2703
f 2706/2706/2706 2705/2705/2705 2707/2707/2707
f 2708/2708/2708 2706/2706/2706 2707/2707/2707
f 2708/2708/2708 2707/2707/2707 2709/2709/2709
f 2710/2710/2710 2708/2708/2708 2709/2709/2709
f 2710/2710/2710 2709/2709/2709 2711/2711/2711
f 2712/2712/2712 2710/2710/2710 2711/2711/2711
f 2712/2712/2712 2711/2711/2711 2713/2713/2713
f 2714/2714/2714 2712/2712/2712 2713/2713/2713
f 2715/2715/2715 2714/2714/2714 2713/2713/2713
f 2715/2715/2715 2716/2716/2716 2714/2714/2714
f 2716/2716/2716 2717/2717/2717 2714/2714/2714
f 2716/2716/2716 2718/2718/2718 2717/2717/2717
f 2719/2719/2719 2718/2718/2718 2716/2716/2716
f 2719/2719/2719 2720/2720/2720 2718/2718/2718
f 2719/2719/2719 2721/2721/2721 2720/2720/2720
f 2720/2720/2720 2721/2721/2721 2722/2722/2722
f 2723/2723/2723 2720/2720/2720 2722/2722/2722
f 2723/2723/2723 2722/2722/2722 2724/2724/2724
f 2725/2725/2725 2723/2723/2723 2724/2724/2724
f 2725/2725/2725 2724/2724/2724 2726/2726/2726
f 2727/2727/2727 2725/2725/2725 2726/2726/2726
f 2727/2727/2727 2726/2726/2726 2728/2728/2728
f 2729/2729/2729 2727/2727/2727 2728/2728/2728
f 2729/2729/2729 2728/2728/2728 2730/2730/2730
f 2731/2731/2731 2729/2729/2729 2730/2730/2730
f 2732/2732/2732 2731/2731/2731 2730/2730/2730
f 2732/2732/2732 2733/2733/2733 2731/2731/2731
f 2736/2736/2736 2735/2735/2735 2734/2734/2734
f 2737/2737/2737 2735/2735/2735 2736/2736/2736
f 2738/2738/2738 2737/2737/2737 2736/2736/2736
f 2738/2738/2738 2736/2736/2736 2739/2739/2739
f 2740/2740/2740 2738/2738/2738 2739/2739/2739
f 2740/2740/2740 2739/2739/2739 2741/2741/2741
f 2742/2742/2742 2740/2740/2740 2741/2741/2741
f 2742/2742/2742 2741/2741/2741 2743/2743/2743
f 2744/2744/2744 2742/2742/2742 2743/2743/2743
f 2744/2744/2744 2743/2743/2743 2745/2745/2745
f 2746/2746/2746 2744/2744/2744 2745/2745/2745
f 2746/2746/2746 2745/2745/2745 2747/2747/2747
f 2748/2748/2748 2746/2746/2746 2747/2747/2747
f 2748/2748/2748 2747/2747/2747 2749/2749/2749
f 2750/2750/2750 2748/2748/2748 2749/2749/2749
f 2750/2750/2750 2749/2749/2749 2751/2751/2751
f 2752/2752/2752 2750/2750/2750 2751/2751/2751
f 2752/2752/2752 2751/2751/2751 2753/2753/2753
f 2754/2754/2754 2752/2752/2752 2753/2753/2753
f 2753/2753/2753 2755/2755/2755 2754/2754/2754
f 2753/2753/2753 2756/2756/2756 2755/2755/2755
f 2759/2759/2759 2758/2758/2758 2757/2757/2757
f 2759/2759/2759 2757/2757/2757 2760/2760/2760
f 2760/2760/2760 2761/2761/2761 2759/2759/2759
f 2761/2761/2761 2762/2762/2762 2759/2759/2759
f 2761/2761/2761 2763/2763/2763 2762/2762/2762
f 2763/2763/2763 2764/2764/2764 2762/2762/2762
f 2763/2763/2763 2765/2765/2765 2764/2764/2764
f 2765/2765/2765 2766/2766/2766 2764/2764/2764
f 2765/2765/2765 2767/2767/2767 2766/2766/2766
f 2767/2767/2767 2768/2768/2768 2766/2766/2766
f 2767/2767/2767 2769/2769/2769 2768/2768/2768
f 2769/2769/2769 2770/2770/2770 2768/2768/2768
f 2769/2769/2769 2771/2771/2771 2770/2770/2770
f 2771/2771/2771 2772/2772/2772 2770/2770/2770
f 2771/2771/2771 2773/2773/2773 2772/2772/2772
f 2773/2773/2773 2774/2774/2774 2772/2772/2772
f 2773/2773/2773 2775/2775/2775 2774/2774/2774
f 2775/2775/2775 2776/2776/2776 2774/2774/2774
f 2775/2775/2775 2777/2777/2777 2776/2776/2776
f 2777/2777/2777 2778/2778/2778 2776/2776/2776
f 2776/2776/2776 2778/2778/2778 2779/2779/2779
f 2782/2782/2782 2781/2781/2781 2780/2780/2780
f 2780/2780/2780 2781/2781/2781 2783/2783/2783
f 2784/2784/2784 2782/2782/2782 2780/2780/2780
f 2785/2785/2785 2780/2780/2780 2783/2783/2783
f 2785/2785/2785 2783/2783/2783 2786/2786/2786
f 2783/2783/2783 2787/2787/2787 2786/2786/2786
f 2788/2788/2788 2782/2782/2782 2784/2784/2784
f 2789/2789/2789 2788/2788/2788 2784/2784/2784
f 2786/2786/2786 2787/2787/2787 2790/2790/2790
f 2787/2787/2787 2791/2791/2791 2790/2790/2790
f 2789/2789/2789 2792/2792/2792 2788/2788/2788
f 2792/2792/2792 2793/2793/2793 2788/2788/2788
f 2794/2794/2794 2793/2793/2793 2792/2792/2792
f 2795/2795/2795 2794/2794/2794 2792/2792/2792
f 2796/2796/2796 2794/2794/2794 2795/2795/2795
f 2797/2797/2797 2796/2796/2796 2795/2795/2795
f 2796/2796/2796 2797/2797/2797 2798/2798/2798
f 2797/2797/2797 2799/2799/2799 2798/2798/2798
f 2798/2798/2798 2799/2799/2799 2800/2800/2800
f 2799/2799/2799 2801/2801/2801 2800/2800/2800
f 2800/2800/2800 2801/2801/2801 2802/2802/2802
f 2801/2801/2801 2803/2803/2803 2802/2802/2802
f 2804/2804/2804 2802/2802/2802 2803/2803/2803
f 2805/2805/2805 2804/2804/2804 2803/2803/2803
f 2806/2806/2806 2804/2804/2804 2805/2805/2805
f 2807/2807/2807 2806/2806/2806 2805/2805/2805
f 2808/2808/2808 2806/2806/2806 2807/2807/2807
f 2809/2809/2809 2808/2808/2808 2807/2807/2807
f 2809/2809/2809 2810/2810/2810 2808/2808/2808
f 2810/2810/2810 2811/2811/2811 2808/2808/2808
f 2812/2812/2812 2811/2811/2811 2810/2810/2810
f 2813/2813/2813 2812/2812/2812 2810/2810/2810
f 2814/2814/2814 2812/2812/2812 2813/2813/2813
f 2815/2815/2815 2814/2814/2814 2813/2813/2813
f 2814/2814/2814 2815/2815/2815 2816/2816/2816
f 2815/2815/2815 2817/2817/2817 2816/2816/2816
f 2816/2816/2816 2817/2817/2817 2818/2818/2818
f 2817/2817/2817 2819/2819/2819 2818/2818/2818
f 2818/2818/2818 2819/2819/2819 2820/2820/2820
f 2819/2819/2819 2821/2821/2821 2820/2820/2820
f 2820/2820/2820 2821/2821/2821 2822/2822/2822
f 2821/2821/2821 2823/2823/2823 2822/2822/2822
f 2822/2822/2822 2823/2823/2823 2824/2824/2824
f 2823/2823/2823 2825/2825/2825 2824/2824/2824
f 2824/2824/2824 2825/2825/2825 2826/2826/2826
f 2827/2827/2827 2824/2824/2824 2826/2826/2826
f 2827/2827/2827 2826/2826/2826 2828/2828/2828
f 2829/2829/2829 2827/2827/2827 2828/2828/2828
f 2830/2830/2830 2829/2829/2829 2828/2828/2828
f 2831/2831/2831 2830/2830/2830 2828/2828/2828
f 2832/2832/2832 2830/2830/2830 2831/2831/2831
f 2833/2833/2833 2832/2832/2832 2831/2831/2831
f 2833/2833/2833 2834/2834/2834 2832/2832/2832
f 2834/2834/2834 2835/2835/2835 2832/2832/2832
f 2836/2836/2836 2835/2835/2835 2834/2834/2834
f 2837/2837/2837 2836/2836/2836 2834/2834/2834
f 2838/2838/2838 2836/2836/2836 2837/2837/2837
f 2839/2839/2839 2838/2838/2838 2837/2837/2837
f 2838/2838/2838 2839/2839/2839 2840/2840/2840
f 2839/2839/2839 2841/2841/2841 2840/2840/2840
f 2840/2840/2840 2841/2841/2841 2842/2842/2842
f 2841/2841/2841 2843/2843/2843 2842/2842/2842
f 2842/2842/2842 2843/2843/2843 2844/2844/2844
f 2845/2845/2845 2842/2842/2842 2844/2844/2844
f 2844/2844/2844 2846/2846/2846 2845/2845/2845
f 2846/2846/2846 2847/2847/2847 2845/2845/2845
f 2847/2847/2847 2846/2846/2846 2848/2848/2848
f 2846/2846/2846 2849/2849/2849 2848/2848/2848
f 2848/2848/2848 2849/2849/2849 2850/2850/2850
f 2851/2851/2851 2848/2848/2848 2850/2850/2850
f 2850/2850/2850 2852/2852/2852 2851/2851/2851
f 2852/2852/2852 2853/2853/2853 2851/2851/2851
f 2854/2854/2854 2853/2853/2853 2852/2852/2852
f 2855/2855/2855 2854/2854/2854 2852/2852/2852
f 2856/2856/2856 2854/2854/2854 2855/2855/2855
f 2857/2857/2857 2856/2856/2856 2855/2855/2855
f 2856/2856/2856 2857/2857/2857 2858/2858/2858
f 2857/2857/2857 2859/2859/2859 2858/2858/2858
f 2858/2858/2858 2859/2859/2859 2860/2860/2860
f 2859/2859/2859 2861/2861/2861 2860/2860/2860
f 2860/2860/2860 2861/2861/2861 2862/2862/2862
f 2863/2863/2863 2860/2860/2860 2862/2862/2862
f 2862/2862/2862 2864/2864/2864 2863/2863/2863
f 2864/2864/2864 2865/2865/2865 2863/2863/2863
f 2865/2865/2865 2864/2864/2864 2866/2866/2866
f 2864/2864/2864 2867/2867/2867 2866/2866/2866
f 2866/2866/2866 2867/2867/2867 2868/2868/2868
f 2869/2869/2869 2866/2866/2866 2868/2868/2868
f 2868/2868/2868 2870/2870/2870 2869/2869/2869
f 2870/2870/2870 2871/2871/2871 2869/2869/2869
f 2872/2872/2872 2871/2871/2871 2870/2870/2870
f 2873/2873/2873 2872/2872/2872 2870/2870/2870
f 2874/2874/2874 2872/2872/2872 2873/2873/2873
f 2875/2875/2875 2874/2874/2874 2873/2873/2873
f 2874/2874/2874 2875/2875/2875 2790/2790/2790
f 2791/2791/2791 2874/2874/2874 2790/2790/2790
f 2878/2878/2878 2877/2877/2877 2876/2876/2876
f 2879/2879/2879 2877/2877/2877 2878/2878/2878
f 2880/2880/2880 2878/2878/2878 2876/2876/2876
f 2881/2881/2881 2879/2879/2879 2878/2878/2878
f 2880/2880/2880 2876/2876/2876 2882/2882/2882
f 2883/2883/2883 2879/2879/2879 2881/2881/2881
f 2884/2884/2884 2880/2880/2880 2882/2882/2882
f 2885/2885/2885 2883/2883/2883 2881/2881/2881
f 2886/2886/2886 2883/2883/2883 2885/2885/2885
f 2887/2887/2887 2886/2886/2886 2885/2885/2885
f 2888/2888/2888 2886/2886/2886 2887/2887/2887
f 2889/2889/2889 2888/2888/2888 2887/2887/2887
f 2890/2890/2890 2888/2888/2888 2889/2889/2889
f 2891/2891/2891 2890/2890/2890 2889/2889/2889
f 2892/2892/2892 2890/2890/2890 2891/2891/2891
f 2893/2893/2893 2892/2892/2892 2891/2891/2891
f 2884/2884/2884 2882/2882/2882 2894/2894/2894
f 2895/2895/2895 2884/2884/2884 2894/2894/2894
f 2896/2896/2896 2895/2895/2895 2894/2894/2894
f 2897/2897/2897 2896/2896/2896 2894/2894/2894
f 2898/2898/2898 2892/2892/2892 2893/2893/2893
f 2899/2899/2899 2898/2898/2898 2893/2893/2893
f 2896/2896/2896 2897/2897/2897 2900/2900/2900
f 2897/2897/2897 2901/2901/2901 2900/2900/2900
f 2898/2898/2898 2899/2899/2899 2902/2902/2902
f 2903/2903/2903 2898/2898/2898 2902/2902/2902
f 2904/2904/2904 2903/2903/2903 2902/2902/2902
f 2905/2905/2905 2904/2904/2904 2902/2902/2902
f 2904/2904/2904 2905/2905/2905 2906/2906/2906
f 2905/2905/2905 2907/2907/2907 2906/2906/2906
f 2900/2900/2900 2901/2901/2901 2908/2908/2908
f 2909/2909/2909 2900/2900/2900 2908/2908/2908
f 2910/2910/2910 2909/2909/2909 2908/2908/2908
f 2911/2911/2911 2910/2910/2910 2908/2908/2908
f 2906/2906/2906 2907/2907/2907 2912/2912/2912
f 2907/2907/2907 2913/2913/2913 2912/2912/2912
f 2912/2912/2912 2913/2913/2913 2914/2914/2914
f 2915/2915/2915 2912/2912/2912 2914/2914/2914
f 2914/2914/2914 2916/2916/2916 2915/2915/2915
f 2916/2916/2916 2917/2917/2917 2915/2915/2915
f 2918/2918/2918 2910/2910/2910 2911/2911/2911
f 2919/2919/2919 2918/2918/2918 2911/2911/2911
f 2918/2918/2918 2919/2919/2919 2920/2920/2920
f 2921/2921/2921 2918/2918/2918 2920/2920/2920
f 2916/2916/2916 2922/2922/2922 2917/2917/2917
f 2922/2922/2922 2923/2923/2923 2917/2917/2917
f 2921/2921/2921 2920/2920/2920 2924/2924/2924
f 2925/2925/2925 2921/2921/2921 2924/2924/2924
f 2926/2926/2926 2923/2923/2923 2922/2922/2922
f 2927/2927/2927 2926/2926/2926 2922/2922/2922
f 2927/2927/2927 2928/2928/2928 2926/2926/2926
f 2928/2928/2928 2929/2929/2929 2926/2926/2926
f 2928/2928/2928 2930/2930/2930 2929/2929/2929
f 2930/2930/2930 2931/2931/2931 2929/2929/2929
f 2930/2930/2930 2932/2932/2932 2931/2931/2931
f 2932/2932/2932 2933/2933/2933 2931/2931/2931
f 2932/2932/2932 2934/2934/2934 2933/2933/2933
f 2934/2934/2934 2935/2935/2935 2933/2933/2933
f 2934/2934/2934 2936/2936/2936 2935/2935/2935
f 2936/2936/2936 2937/2937/2937 2935/2935/2935
f 2936/2936/2936 2938/2938/2938 2937/2937/2937
f 2938/2938/2938 2939/2939/2939 2937/2937/2937
f 2938/2938/2938 2940/2940/2940 2939/2939/2939
f 2940/2940/2940 2941/2941/2941 2939/2939/2939
f 2942/2942/2942 2941/2941/2941 2940/2940/2940
f 2943/2943/2943 2942/2942/2942 2940/2940/2940
f 2942/2942/2942 2943/2943/2943 2944/2944/2944
f 2943/2943/2943 2945/2945/2945 2944/2944/2944
f 2944/2944/2944 2945/2945/2945 2946/2946/2946
f 2945/2945/2945 2947/2947/2947 2946/2946/2946
f 2947/2947/2947 2948/2948/2948 2946/2946/2946
f 2948/2948/2948 2949/2949/2949 2946/2946/2946
f 2948/2948/2948 2950/2950/2950 2949/2949/2949
f 2950/2950/2950 2951/2951/2951 2949/2949/2949
f 2952/2952/2952 2951/2951/2951 2950/2950/2950
f 2953/2953/2953 2952/2952/2952 2950/2950/2950
f 2953/2953/2953 2954/2954/2954 2952/2952/2952
f 2954/2954/2954 2955/2955/2955 2952/2952/2952
f 2954/2954/2954 2956/2956/2956 2955/2955/2955
f 2956/2956/2956 2957/2957/2957 2955/2955/2955
f 2957/2957/2957 2956/2956/2956 2958/2958/2958
f 2956/2956/2956 2959/2959/2959 2958/2958/2958
f 2958/2958/2958 2959/2959/2959 2960/2960/2960
f 2959/2959/2959 2961/2961/2961 2960/2960/2960
f 2960/2960/2960 2961/2961/2961 2962/2962/2962
f 2963/2963/2963 2960/2960/2960 2962/2962/2962
f 2963/2963/2963 2962/2962/2962 2964/2964/2964
f 2962/2962/2962 2965/2965/2965 2964/2964/2964
f 2964/2964/2964 2965/2965/2965 2966/2966/2966
f 2965/2965/2965 2967/2967/2967 2966/2966/2966
f 2966/2966/2966 2967/2967/2967 2968/2968/2968
f 2969/2969/2969 2966/2966/2966 2968/2968/2968
f 2968/2968/2968 2970/2970/2970 2969/2969/2969
f 2970/2970/2970 2971/2971/2971 2969/2969/2969
f 2971/2971/2971 2970/2970/2970 2924/2924/2924
f 2970/2970/2970 2925/2925/2925 2924/2924/2924
f 2974/2974/2974 2973/2973/2973 2972/2972/2972
f 2974/2974/2974 2972/2972/2972 2975/2975/2975
f 2973/2973/2973 2976/2976/2976 2972/2972/2972
f 2972/2972/2972 2977/2977/2977 2975/2975/2975
f 2973/2973/2973 2978/2978/2978 2976/2976/2976
f 2978/2978/2978 2979/2979/2979 2976/2976/2976
f 2978/2978/2978 2980/2980/2980 2979/2979/2979
f 2980/2980/2980 2981/2981/2981 2979/2979/2979
f 2975/2975/2975 2977/2977/2977 2982/2982/2982
f 2977/2977/2977 2983/2983/2983 2982/2982/2982
f 2981/2981/2981 2980/2980/2980 2984/2984/2984
f 2985/2985/2985 2981/2981/2981 2984/2984/2984
f 2982/2982/2982 2983/2983/2983 2986/2986/2986
f 2987/2987/2987 2982/2982/2982 2986/2986/2986
f 2988/2988/2988 2987/2987/2987 2986/2986/2986
f 2989/2989/2989 2988/2988/2988 2986/2986/2986
f 2990/2990/2990 2988/2988/2988 2989/2989/2989
f 2991/2991/2991 2990/2990/2990 2989/2989/2989
f 2992/2992/2992 2990/2990/2990 2991/2991/2991
f 2993/2993/2993 2992/2992/2992 2991/2991/2991
f 2992/2992/2992 2993/2993/2993 2994/2994/2994
f 2993/2993/2993 2995/2995/2995 2994/2994/2994
f 2996/2996/2996 2985/2985/2985 2984/2984/2984
f 2997/2997/2997 2996/2996/2996 2984/2984/2984
f 2997/2997/2997 2998/2998/2998 2996/2996/2996
f 2998/2998/2998 2999/2999/2999 2996/2996/2996
f 2994/2994/2994 2995/2995/2995 3000/3000/3000
f 2995/2995/2995 3001/3001/3001 3000/3000/3000
f 3000/3000/3000 3001/3001/3001 3002/3002/3002
f 3003/3003/3003 3000/3000/3000 3002/3002/3002
f 2998/2998/2998 3004/3004/3004 2999/2999/2999
f 3004/3004/3004 3005/3005/3005 2999/2999/2999
f 3006/3006/3006 3005/3005/3005 3004/3004/3004
f 3007/3007/3007 3006/3006/3006 3004/3004/3004
f 3008/3008/3008 3006/3006/3006 3007/3007/3007
f 3009/3009/3009 3008/3008/3008 3007/3007/3007
f 3008/3008/3008 3009/3009/3009 3010/3010/3010
f 3009/3009/3009 3011/3011/3011 3010/3010/3010
f 3010/3010/3010 3011/3011/3011 3012/3012/3012
f 3011/3011/3011 3013/3013/3013 3012/3012/3012
f 3002/3002/3002 3014/3014/3014 3003/3003/3003
f 3014/3014/3014 3015/3015/3015 3003/3003/3003
f 3012/3012/3012 3013/3013/3013 3016/3016/3016
f 3013/3013/3013 3017/3017/3017 3016/3016/3016
f 3015/3015/3015 3014/3014/3014 3018/3018/3018
f 3014/3014/3014 3019/3019/3019 3018/3018/3018
f 3017/3017/3017 3020/3020/3020 3016/3016/3016
f 3020/3020/3020 3021/3021/3021 3016/3016/3016
f 3018/3018/3018 3019/3019/3019 3022/3022/3022
f 3023/3023/3023 3018/3018/3018 3022/3022/3022
f 3024/3024/3024 3023/3023/3023 3022/3022/3022
f 3025/3025/3025 3024/3024/3024 3022/3022/3022
f 3026/3026/3026 3024/3024/3024 3025/3025/3025
f 3027/3027/3027 3026/3026/3026 3025/3025/3025
f 3028/3028/3028 3026/3026/3026 3027/3027/3027
f 3029/3029/3029 3028/3028/3028 3027/3027/3027
f 3028/3028/3028 3029/3029/3029 3030/3030/3030
f 3029/3029/3029 3031/3031/3031 3030/3030/3030
f 3032/3032/3032 3021/3021/3021 3020/3020/3020
f 3033/3033/3033 3032/3032/3032 3020/3020/3020
f 3032/3032/3032 3033/3033/3033 3034/3034/3034
f 3035/3035/3035 3032/3032/3032 3034/3034/3034
f 3030/3030/3030 3031/3031/3031 3036/3036/3036
f 3031/3031/3031 3037/3037/3037 3036/3036/3036
f 3036/3036/3036 3037/3037/3037 3038/3038/3038
f 3039/3039/3039 3036/3036/3036 3038/3038/3038
f 3035/3035/3035 3034/3034/3034 3040/3040/3040
f 3041/3041/3041 3035/3035/3035 3040/3040/3040
f 3042/3042/3042 3041/3041/3041 3040/3040/3040
f 3043/3043/3043 3042/3042/3042 3040/3040/3040
f 3044/3044/3044 3042/3042/3042 3043/3043/3043
f 3045/3045/3045 3044/3044/3044 3043/3043/3043
f 3044/3044/3044 3045/3045/3045 3046/3046/3046
f 3045/3045/3045 3047/3047/3047 3046/3046/3046
f 3046/3046/3046 3047/3047/3047 3048/3048/3048
f 3047/3047/3047 3049/3049/3049 3048/3048/3048
f 3048/3048/3048 3049/3049/3049 3050/3050/3050
f 3049/3049/3049 3051/3051/3051 3050/3050/3050
f 3050/3050/3050 3051/3051/3051 3052/3052/3052
f 3051/3051/3051 3053/3053/3053 3052/3052/3052
f 3053/3053/3053 3054/3054/3054 3052/3052/3052
f 3054/3054/3054 3055/3055/3055 3052/3052/3052
f 3054/3054/3054 3056/3056/3056 3055/3055/3055
f 3056/3056/3056 3057/3057/3057 3055/3055/3055
f 3057/3057/3057 3056/3056/3056 3058/3058/3058
f 3059/3059/3059 3057/3057/3057 3058/3058/3058
f 3059/3059/3059 3058/3058/3058 3060/3060/3060
f 3061/3061/3061 3059/3059/3059 3060/3060/3060
f 3062/3062/3062 3061/3061/3061 3060/3060/3060
f 3063/3063/3063 3062/3062/3062 3060/3060/3060
f 3062/3062/3062 3063/3063/3063 3064/3064/3064
f 3063/3063/3063 3065/3065/3065 3064/3064/3064
f 3064/3064/3064 3065/3065/3065 3066/3066/3066
f 3065/3065/3065 3067/3067/3067 3066/3066/3066
f 3066/3066/3066 3067/3067/3067 3039/3039/3039
f 3038/3038/3038 3066/3066/3066 3039/3039/3039
f 3070/3070/3070 3069/3069/3069 3068/3068/3068
f 3071/3071/3071 3070/3070/3070 3068/3068/3068
f 3071/3071/3071 3068/3068/3068 3072/3072/3072
f 3073/3073/3073 3071/3071/3071 3072/3072/3072
f 3069/3069/3069 3074/3074/3074 3068/3068/3068
f 3069/3069/3069 3075/3075/3075 3074/3074/3074
f 3075/3075/3075 3076/3076/3076 3074/3074/3074
f 3073/3073/3073 3072/3072/3072 3077/3077/3077
f 3076/3076/3076 3078/3078/3078 3074/3074/3074
f 3076/3076/3076 3079/3079/3079 3078/3078/3078
f 3079/3079/3079 3080/3080/3080 3078/3078/3078
f 3081/3081/3081 3073/3073/3073 3077/3077/3077
f 3082/3082/3082 3081/3081/3081 3077/3077/3077
f 3083/3083/3083 3082/3082/3082 3077/3077/3077
f 3080/3080/3080 3084/3084/3084 3078/3078/3078
f 3080/3080/3080 3085/3085/3085 3084/3084/3084
f 3085/3085/3085 3086/3086/3086 3084/3084/3084
f 3086/3086/3086 3087/3087/3087 3084/3084/3084
f 3088/3088/3088 3087/3087/3087 3086/3086/3086
f 3083/3083/3083 3077/3077/3077 3089/3089/3089
f 3083/3083/3083 3089/3089/3089 3090/3090/3090
f 3091/3091/3091 3090/3090/3090 3089/3089/3089
f 3091/3091/3091 3089/3089/3089 3092/3092/3092
f 3093/3093/3093 3091/3091/3091 3092/3092/3092
f 3088/3088/3088 3094/3094/3094 3087/3087/3087
f 3093/3093/3093 3092/3092/3092 3095/3095/3095
f 3096/3096/3096 3093/3093/3093 3095/3095/3095
f 3097/3097/3097 3096/3096/3096 3095/3095/3095
f 3088/3088/3088 3098/3098/3098 3094/3094/3094
f 3098/3098/3098 3099/3099/3099 3094/3094/3094
f 3099/3099/3099 3100/3100/3100 3094/3094/3094
f 3100/3100/3100 3101/3101/3101 3094/3094/3094
f 3100/3100/3100 3102/3102/3102 3101/3101/3101
f 3097/3097/3097 3095/3095/3095 3103/3103/3103
f 3104/3104/3104 3097/3097/3097 3103/3103/3103
f 3105/3105/3105 3104/3104/3104 3103/3103/3103
f 3102/3102/3102 3106/3106/3106 3101/3101/3101
f 3105/3105/3105 3103/3103/3103 3106/3106/3106
f 3102/3102/3102 3107/3107/3107 3106/3106/3106
f 3107/3107/3107 3105/3105/3105 3106/3106/3106
f 3110/3110/3110 3109/3109/3109 3108/3108/3108
f 3111/3111/3111 3110/3110/3110 3108/3108/3108
f 3109/3109/3109 3112/3112/3112 3108/3108/3108
f 3111/3111/3111 3108/3108/3108 3113/3113/3113
f 3109/3109/3109 3114/3114/3114 3112/3112/3112
f 3115/3115/3115 3111/3111/3111 3113/3113/3113
f 3114/3114/3114 3116/3116/3116 3112/3112/3112
f 3114/3114/3114 3117/3117/3117 3116/3116/3116
f 3117/3117/3117 3118/3118/3118 3116/3116/3116
f 3118/3118/3118 3119/3119/3119 3116/3116/3116
f 3118/3118/3118 3120/3120/3120 3119/3119/3119
f 3115/3115/3115 3113/3113/3113 3121/3121/3121
f 3120/3120/3120 3122/3122/3122 3119/3119/3119
f 3120/3120/3120 3123/3123/3123 3122/3122/3122
f 3123/3123/3123 3124/3124/3124 3122/3122/3122
f 3124/3124/3124 3125/3125/3125 3122/3122/3122
f 3124/3124/3124 3126/3126/3126 3125/3125/3125
f 3126/3126/3126 3127/3127/3127 3125/3125/3125
f 3126/3126/3126 3128/3128/3128 3127/3127/3127
f 3128/3128/3128 3129/3129/3129 3127/3127/3127
f 3128/3128/3128 3130/3130/3130 3129/3129/3129
f 3130/3130/3130 3131/3131/3131 3129/3129/3129
f 3130/3130/3130 3132/3132/3132 3131/3131/3131
f 3133/3133/3133 3115/3115/3115 3121/3121/3121
f 3134/3134/3134 3133/3133/3133 3121/3121/3121
f 3135/3135/3135 3134/3134/3134 3121/3121/3121
f 3132/3132/3132 3136/3136/3136 3131/3131/3131
f 3132/3132/3132 3137/3137/3137 3136/3136/3136
f 3137/3137/3137 3138/3138/3138 3136/3136/3136
f 3135/3135/3135 3121/3121/3121 3139/3139/3139
f 3138/3138/3138 3139/3139/3139 3136/3136/3136
f 3140/3140/3140 3135/3135/3135 3139/3139/3139
f 3138/3138/3138 3140/3140/3140 3139/3139/3139
f 3143/3143/3143 3142/3142/3142 3141/3141/3141
f 3144/3144/3144 3143/3143/3143 3141/3141/3141
f 3142/3142/3142 3145/3145/3145 3141/3141/3141
f 3144/3144/3144 3141/3141/3141 3146/3146/3146
f 3142/3142/3142 3147/3147/3147 3145/3145/3145
f 3148/3148/3148 3144/3144/3144 3146/3146/3146
f 3147/3147/3147 3149/3149/3149 3145/3145/3145
f 3148/3148/3148 3146/3146/3146 3150/3150/3150
f 3147/3147/3147 3151/3151/3151 3149/3149/3149
f 3150/3150/3150 3152/3152/3152 3148/3148/3148
f 3151/3151/3151 3153/3153/3153 3149/3149/3149
f 3150/3150/3150 3154/3154/3154 3152/3152/3152
f 3151/3151/3151 3155/3155/3155 3153/3153/3153
f 3154/3154/3154 3156/3156/3156 3152/3152/3152
f 3155/3155/3155 3157/3157/3157 3153/3153/3153
f 3154/3154/3154 3158/3158/3158 3156/3156/3156
f 3155/3155/3155 3159/3159/3159 3157/3157/3157
f 3160/3160/3160 3157/3157/3157 3159/3159/3159
f 3160/3160/3160 3159/3159/3159 3161/3161/3161
f 3162/3162/3162 3160/3160/3160 3161/3161/3161
f 3158/3158/3158 3163/3163/3163 3156/3156/3156
f 3162/3162/3162 3161/3161/3161 3163/3163/3163
f 3158/3158/3158 3164/3164/3164 3163/3163/3163
f 3164/3164/3164 3162/3162/3162 3163/3163/3163
f 3167/3167/3167 3166/3166/3166 3165/3165/3165
f 3167/3167/3167 3165/3165/3165 3168/3168/3168
f 3167/3167/3167 3169/3169/3169 3166/3166/3166
f 3170/3170/3170 3167/3167/3167 3168/3168/3168
f 3169/3169/3169 3171/3171/3171 3166/3166/3166
f 3170/3170/3170 3168/3168/3168 3172/3172/3172
f 3169/3169/3169 3173/3173/3173 3171/3171/3171
f 3174/3174/3174 3170/3170/3170 3172/3172/3172
f 3173/3173/3173 3175/3175/3175 3171/3171/3171
f 3174/3174/3174 3172/3172/3172 3176/3176/3176
f 3173/3173/3173 3177/3177/3177 3175/3175/3175
f 3178/3178/3178 3174/3174/3174 3176/3176/3176
f 3177/3177/3177 3179/3179/3179 3175/3175/3175
f 3178/3178/3178 3176/3176/3176 3180/3180/3180
f 3177/3177/3177 3181/3181/3181 3179/3179/3179
f 3181/3181/3181 3182/3182/3182 3179/3179/3179
f 3181/3181/3181 3183/3183/3183 3182/3182/3182
f 3181/3181/3181 3184/3184/3184 3183/3183/3183
f 3185/3185/3185 3183/3183/3183 3184/3184/3184
f 3186/3186/3186 3178/3178/3178 3180/3180/3180
f 3184/3184/3184 3186/3186/3186 3185/3185/3185
f 3186/3186/3186 3180/3180/3180 3187/3187/3187
f 3186/3186/3186 3188/3188/3188 3185/3185/3185
f 3186/3186/3186 3187/3187/3187 3188/3188/3188
f 3191/3191/3191 3190/3190/3190 3189/3189/3189
f 3190/3190/3190 3192/3192/3192 3189/3189/3189
f 3192/3192/3192 3193/3193/3193 3189/3189/3189
f 3193/3193/3193 3194/3194/3194 3189/3189/3189
f 3193/3193/3193 3195/3195/3195 3194/3194/3194
f 3191/3191/3191 3189/3189/3189 3196/3196/3196
f 3197/3197/3197 3191/3191/3191 3196/3196/3196
f 3198/3198/3198 3197/3197/3197 3196/3196/3196
f 3195/3195/3195 3199/3199/3199 3194/3194/3194
f 3195/3195/3195 3200/3200/3200 3199/3199/3199
f 3200/3200/3200 3201/3201/3201 3199/3199/3199
f 3201/3201/3201 3202/3202/3202 3199/3199/3199
f 3201/3201/3201 3203/3203/3203 3202/3202/3202
f 3198/3198/3198 3196/3196/3196 3204/3204/3204
f 3203/3203/3203 3205/3205/3205 3202/3202/3202
f 3203/3203/3203 3206/3206/3206 3205/3205/3205
f 3206/3206/3206 3207/3207/3207 3205/3205/3205
f 3208/3208/3208 3198/3198/3198 3204/3204/3204
f 3209/3209/3209 3208/3208/3208 3204/3204/3204
f 3210/3210/3210 3209/3209/3209 3204/3204/3204
f 3210/3210/3210 3204/3204/3204 3211/3211/3211
f 3212/3212/3212 3210/3210/3210 3211/3211/3211
f 3207/3207/3207 3213/3213/3213 3205/3205/3205
f 3207/3207/3207 3214/3214/3214 3213/3213/3213
f 3214/3214/3214 3215/3215/3215 3213/3213/3213
f 3215/3215/3215 3216/3216/3216 3213/3213/3213
f 3215/3215/3215 3217/3217/3217 3216/3216/3216
f 3217/3217/3217 3218/3218/3218 3216/3216/3216
f 3217/3217/3217 3219/3219/3219 3218/3218/3218
f 3212/3212/3212 3211/3211/3211 3220/3220/3220
f 3219/3219/3219 3220/3220/3220 3218/3218/3218
f 3221/3221/3221 3212/3212/3212 3220/3220/3220
f 3219/3219/3219 3221/3221/3221 3220/3220/3220
f 3224/3224/3224 3223/3223/3223 3222/3222/3222
f 3224/3224/3224 3222/3222/3222 3225/3225/3225
f 3223/3223/3223 3226/3226/3226 3222/3222/3222
f 3225/3225/3225 3222/3222/3222 3227/3227/3227
f 3223/3223/3223 3228/3228/3228 3226/3226/3226
f 3229/3229/3229 3225/3225/3225 3227/3227/3227
f 3228/3228/3228 3230/3230/3230 3226/3226/3226
f 3229/3229/3229 3227/3227/3227 3231/3231/3231
f 3228/3228/3228 3232/3232/3232 3230/3230/3230
f 3232/3232/3232 3233/3233/3233 3230/3230/3230
f 3232/3232/3232 3234/3234/3234 3233/3233/3233
f 3234/3234/3234 3232/3232/3232 3235/3235/3235
f 3236/3236/3236 3234/3234/3234 3235/3235/3235
f 3237/3237/3237 3229/3229/3229 3231/3231/3231
f 3237/3237/3237 3231/3231/3231 3238/3238/3238
f 3237/3237/3237 3238/3238/3238 3239/3239/3239
f 3240/3240/3240 3237/3237/3237 3239/3239/3239
f 3240/3240/3240 3239/3239/3239 3241/3241/3241
f 3236/3236/3236 3235/3235/3235 3242/3242/3242
f 3243/3243/3243 3236/3236/3236 3242/3242/3242
f 3243/3243/3243 3242/3242/3242 3244/3244/3244
f 3244/3244/3244 3242/3242/3242 3245/3245/3245
f 3246/3246/3246 3244/3244/3244 3245/3245/3245
f 3246/3246/3246 3245/3245/3245 3247/3247/3247
f 3248/3248/3248 3240/3240/3240 3241/3241/3241
f 3248/3248/3248 3241/3241/3241 3249/3249/3249
f 3250/3250/3250 3248/3248/3248 3249/3249/3249
f 3250/3250/3250 3251/3251/3251 3248/3248/3248
f 3250/3250/3250 3252/3252/3252 3251/3251/3251
f 3252/3252/3252 3253/3253/3253 3251/3251/3251
f 3254/3254/3254 3246/3246/3246 3247/3247/3247
f 3252/3252/3252 3254/3254/3254 3253/3253/3253
f 3254/3254/3254 3247/3247/3247 3255/3255/3255
f 3254/3254/3254 3255/3255/3255 3253/3253/3253
f 3258/3258/3258 3257/3257/3257 3256/3256/3256
f 3258/3258/3258 3256/3256/3256 3259/3259/3259
f 3258/3258/3258 3260/3260/3260 3257/3257/3257
f 3261/3261/3261 3258/3258/3258 3259/3259/3259
f 3260/3260/3260 3262/3262/3262 3257/3257/3257
f 3261/3261/3261 3259/3259/3259 3263/3263/3263
f 3260/3260/3260 3264/3264/3264 3262/3262/3262
f 3265/3265/3265 3261/3261/3261 3263/3263/3263
f 3266/3266/3266 3262/3262/3262 3264/3264/3264
f 3265/3265/3265 3263/3263/3263 3267/3267/3267
f 3266/3266/3266 3264/3264/3264 3268/3268/3268
f 3269/3269/3269 3265/3265/3265 3267/3267/3267
f 3270/3270/3270 3266/3266/3266 3268/3268/3268
f 3269/3269/3269 3267/3267/3267 3271/3271/3271
f 3270/3270/3270 3268/3268/3268 3272/3272/3272
f 3271/3271/3271 3273/3273/3273 3269/3269/3269
f 3274/3274/3274 3270/3270/3270 3272/3272/3272
f 3271/3271/3271 3275/3275/3275 3273/3273/3273
f 3274/3274/3274 3272/3272/3272 3276/3276/3276
f 3275/3275/3275 3277/3277/3277 3273/3273/3273
f 3278/3278/3278 3274/3274/3274 3276/3276/3276
f 3275/3275/3275 3279/3279/3279 3277/3277/3277
f 3278/3278/3278 3276/3276/3276 3280/3280/3280
f 3279/3279/3279 3280/3280/3280 3277/3277/3277
f 3279/3279/3279 3278/3278/3278 3280/3280/3280
f 3283/3283/3283 3282/3282/3282 3281/3281/3281
f 3284/3284/3284 3283/3283/3283 3281/3281/3281
f 3281/3281/3281 3282/3282/3282 3285/3285/3285
f 3286/3286/3286 3283/3283/3283 3284/3284/3284
f 3282/3282/3282 3287/3287/3287 3285/3285/3285
f 3288/3288/3288 3286/3286/3286 3284/3284/3284
f 3285/3285/3285 3287/3287/3287 3289/3289/3289
f 3290/3290/3290 3286/3286/3286 3288/3288/3288
f 3287/3287/3287 3291/3291/3291 3289/3289/3289
f 3292/3292/3292 3290/3290/3290 3288/3288/3288
f 3289/3289/3289 3291/3291/3291 3293/3293/3293
f 3294/3294/3294 3290/3290/3290 3292/3292/3292
f 3291/3291/3291 3295/3295/3295 3293/3293/3293
f 3296/3296/3296 3294/3294/3294 3292/3292/3292
f 3293/3293/3293 3295/3295/3295 3297/3297/3297
f 3298/3298/3298 3294/3294/3294 3296/3296/3296
f 3295/3295/3295 3299/3299/3299 3297/3297/3297
f 3300/3300/3300 3298/3298/3298 3296/3296/3296
f 3297/3297/3297 3299/3299/3299 3301/3301/3301
f 3302/3302/3302 3298/3298/3298 3300/3300/3300
f 3299/3299/3299 3303/3303/3303 3301/3301/3301
f 3304/3304/3304 3302/3302/3302 3300/3300/3300
f 3301/3301/3301 3303/3303/3303 3305/3305/3305
f 3306/3306/3306 3302/3302/3302 3304/3304/3304
f 3303/3303/3303 3307/3307/3307 3305/3305/3305
f 3308/3308/3308 3306/3306/3306 3304/3304/3304
f 3305/3305/3305 3307/3307/3307 3309/3309/3309
f 3310/3310/3310 3306/3306/3306 3308/3308/3308
f 3307/3307/3307 3311/3311/3311 3309/3309/3309
f 3312/3312/3312 3310/3310/3310 3308/3308/3308
f 3309/3309/3309 3311/3311/3311 3312/3312/3312
f 3311/3311/3311 3310/3310/3310 3312/3312/3312
g WorldSpryzenS6_UnitedSP_Tip_1
f 3315/3315/3315 3314/3314/3314 3313/3313/3313
f 3318/3318/3318 3317/3317/3317 3316/3316/3316
f 3321/3321/3321 3320/3320/3320 3319/3319/3319
f 3324/3324/3324 3323/3323/3323 3322/3322/3322
f 3327/3327/3327 3326/3326/3326 3325/3325/3325
f 3328/3328/3328 3327/3327/3327 3325/3325/3325
f 3328/3328/3328 3329/3329/3329 3327/3327/3327
f 3325/3325/3325 3330/3330/3330 3328/3328/3328
f 3330/3330/3330 3331/3331/3331 3328/3328/3328
f 3330/3330/3330 3325/3325/3325 3332/3332/3332
f 3330/3330/3330 3333/3333/3333 3331/3331/3331
f 3334/3334/3334 3330/3330/3330 3332/3332/3332
f 3333/3333/3333 3335/3335/3335 3331/3331/3331
f 3333/3333/3333 3336/3336/3336 3335/3335/3335
f 3336/3336/3336 3337/3337/3337 3335/3335/3335
f 3334/3334/3334 3332/3332/3332 3338/3338/3338
f 3339/3339/3339 3334/3334/3334 3338/3338/3338
f 3339/3339/3339 3338/3338/3338 3340/3340/3340
f 3343/3343/3343 3342/3342/3342 3341/3341/3341
f 3344/3344/3344 3343/3343/3343 3341/3341/3341
f 3344/3344/3344 3345/3345/3345 3343/3343/3343
f 3341/3341/3341 3346/3346/3346 3344/3344/3344
f 3346/3346/3346 3347/3347/3347 3344/3344/3344
f 3346/3346/3346 3341/3341/3341 3348/3348/3348
f 3346/3346/3346 3349/3349/3349 3347/3347/3347
f 3350/3350/3350 3346/3346/3346 3348/3348/3348
f 3349/3349/3349 3351/3351/3351 3347/3347/3347
f 3349/3349/3349 3352/3352/3352 3351/3351/3351
f 3352/3352/3352 3353/3353/3353 3351/3351/3351
f 3350/3350/3350 3348/3348/3348 3354/3354/3354
f 3355/3355/3355 3350/3350/3350 3354/3354/3354
f 3355/3355/3355 3354/3354/3354 3356/3356/3356
f 3359/3359/3359 3358/3358/3358 3357/3357/3357
f 3360/3360/3360 3359/3359/3359 3357/3357/3357
f 3357/3357/3357 3361/3361/3361 3360/3360/3360
f 3359/3359/3359 3360/3360/3360 3362/3362/3362
f 3363/3363/3363 3362/3362/3362 3360/3360/3360
f 3360/3360/3360 3364/3364/3364 3363/3363/3363
f 3364/3364/3364 3365/3365/3365 3363/3363/3363
f 3365/3365/3365 3364/3364/3364 3366/3366/3366
f 3367/3367/3367 3366/3366/3366 3364/3364/3364
f 3368/3368/3368 3366/3366/3366 3367/3367/3367
f 3367/3367/3367 3369/3369/3369 3368/3368/3368
f 3370/3370/3370 3369/3369/3369 3367/3367/3367
f 3371/3371/3371 3370/3370/3370 3367/3367/3367
f 3370/3370/3370 3372/3372/3372 3369/3369/3369
f 3375/3375/3375 3374/3374/3374 3373/3373/3373
f 3373/3373/3373 3376/3376/3376 3375/3375/3375
f 3373/3373/3373 3377/3377/3377 3376/3376/3376
f 3376/3376/3376 3378/3378/3378 3375/3375/3375
f 3379/3379/3379 3378/3378/3378 3376/3376/3376
f 3376/3376/3376 3380/3380/3380 3379/3379/3379
f 3379/3379/3379 3380/3380/3380 3381/3381/3381
f 3381/3381/3381 3380/3380/3380 3382/3382/3382
f 3383/3383/3383 3382/3382/3382 3380/3380/3380
f 3384/3384/3384 3382/3382/3382 3383/3383/3383
f 3383/3383/3383 3385/3385/3385 3384/3384/3384
f 3386/3386/3386 3385/3385/3385 3383/3383/3383
f 3387/3387/3387 3386/3386/3386 3383/3383/3383
f 3386/3386/3386 3388/3388/3388 3385/3385/3385
f 3391/3391/3391 3390/3390/3390 3389/3389/3389
f 3391/3391/3391 3392/3392/3392 3390/3390/3390
f 3391/3391/3391 3393/3393/3393 3392/3392/3392
f 3394/3394/3394 3390/3390/3390 3392/3392/3392
f 3395/3395/3395 3394/3394/3394 3392/3392/3392
f 3395/3395/3395 3392/3392/3392 3396/3396/3396
f 3395/3395/3395 3396/3396/3396 3397/3397/3397
f 3396/3396/3396 3398/3398/3398 3397/3397/3397
f 3396/3396/3396 3399/3399/3399 3398/3398/3398
f 3399/3399/3399 3400/3400/3400 3398/3398/3398
f 3399/3399/3399 3401/3401/3401 3400/3400/3400
f 3401/3401/3401 3402/3402/3402 3400/3400/3400
f 3402/3402/3402 3401/3401/3401 3403/3403/3403
f 3402/3402/3402 3403/3403/3403 3404/3404/3404
f 3404/3404/3404 3403/3403/3403 3405/3405/3405
f 3404/3404/3404 3405/3405/3405 3406/3406/3406
f 3407/3407/3407 3404/3404/3404 3406/3406/3406
f 3407/3407/3407 3406/3406/3406 3408/3408/3408
f 3409/3409/3409 3407/3407/3407 3408/3408/3408
f 3409/3409/3409 3408/3408/3408 3410/3410/3410
f 3411/3411/3411 3409/3409/3409 3410/3410/3410
f 3412/3412/3412 3411/3411/3411 3410/3410/3410
f 3412/3412/3412 3410/3410/3410 3413/3413/3413
f 3414/3414/3414 3412/3412/3412 3413/3413/3413
f 3414/3414/3414 3413/3413/3413 3415/3415/3415
f 3414/3414/3414 3415/3415/3415 3416/3416/3416
f 3417/3417/3417 3414/3414/3414 3416/3416/3416
f 3417/3417/3417 3416/3416/3416 3418/3418/3418
f 3416/3416/3416 3419/3419/3419 3418/3418/3418
f 3422/3422/3422 3421/3421/3421 3420/3420/3420
f 3422/3422/3422 3423/3423/3423 3421/3421/3421
f 3424/3424/3424 3423/3423/3423 3422/3422/3422
f 3423/3423/3423 3425/3425/3425 3421/3421/3421
f 3424/3424/3424 3426/3426/3426 3423/3423/3423
f 3426/3426/3426 3425/3425/3425 3423/3423/3423
f 3426/3426/3426 3427/3427/3427 3425/3425/3425
f 3428/3428/3428 3427/3427/3427 3426/3426/3426
f 3429/3429/3429 3428/3428/3428 3426/3426/3426
f 3432/3432/3432 3431/3431/3431 3430/3430/3430
f 3432/3432/3432 3433/3433/3433 3431/3431/3431
f 3434/3434/3434 3433/3433/3433 3432/3432/3432
f 3433/3433/3433 3435/3435/3435 3431/3431/3431
f 3434/3434/3434 3436/3436/3436 3433/3433/3433
f 3436/3436/3436 3435/3435/3435 3433/3433/3433
f 3436/3436/3436 3437/3437/3437 3435/3435/3435
f 3438/3438/3438 3437/3437/3437 3436/3436/3436
f 3439/3439/3439 3438/3438/3438 3436/3436/3436
f 3442/3442/3442 3441/3441/3441 3440/3440/3440
f 3442/3442/3442 3440/3440/3440 3443/3443/3443
f 3446/3446/3446 3445/3445/3445 3444/3444/3444
f 3446/3446/3446 3444/3444/3444 3447/3447/3447
f 3450/3450/3450 3449/3449/3449 3448/3448/3448
f 3451/3451/3451 3450/3450/3450 3448/3448/3448
f 3452/3452/3452 3451/3451/3451 3448/3448/3448
f 3452/3452/3452 3448/3448/3448 3453/3453/3453
f 3454/3454/3454 3452/3452/3452 3453/3453/3453
f 3454/3454/3454 3453/3453/3453 3455/3455/3455
f 3456/3456/3456 3455/3455/3455 3453/3453/3453
f 3459/3459/3459 3458/3458/3458 3457/3457/3457
f 3459/3459/3459 3457/3457/3457 3460/3460/3460
f 3463/3463/3463 3462/3462/3462 3461/3461/3461
f 3464/3464/3464 3463/3463/3463 3461/3461/3461
f 3465/3465/3465 3464/3464/3464 3461/3461/3461
f 3465/3465/3465 3461/3461/3461 3466/3466/3466
f 3467/3467/3467 3465/3465/3465 3466/3466/3466
f 3467/3467/3467 3466/3466/3466 3468/3468/3468
f 3469/3469/3469 3468/3468/3468 3466/3466/3466
f 3472/3472/3472 3471/3471/3471 3470/3470/3470
f 3472/3472/3472 3470/3470/3470 3473/3473/3473
f 3476/3476/3476 3475/3475/3475 3474/3474/3474
f 3477/3477/3477 3476/3476/3476 3474/3474/3474
f 3477/3477/3477 3474/3474/3474 3478/3478/3478
f 3481/3481/3481 3480/3480/3480 3479/3479/3479
f 3480/3480/3480 3482/3482/3482 3479/3479/3479
f 3483/3483/3483 3479/3479/3479 3482/3482/3482
f 3486/3486/3486 3485/3485/3485 3484/3484/3484
f 3486/3486/3486 3484/3484/3484 3487/3487/3487
f 3488/3488/3488 3487/3487/3487 3484/3484/3484
f 3488/3488/3488 3484/3484/3484 3489/3489/3489
f 3490/3490/3490 3488/3488/3488 3489/3489/3489
f 3490/3490/3490 3489/3489/3489 3491/3491/3491
f 3492/3492/3492 3490/3490/3490 3491/3491/3491
f 3492/3492/3492 3491/3491/3491 3493/3493/3493
f 3494/3494/3494 3492/3492/3492 3493/3493/3493
f 3494/3494/3494 3493/3493/3493 3495/3495/3495
f 3496/3496/3496 3494/3494/3494 3495/3495/3495
f 3496/3496/3496 3495/3495/3495 3497/3497/3497
f 3498/3498/3498 3496/3496/3496 3497/3497/3497
f 3498/3498/3498 3497/3497/3497 3499/3499/3499
f 3499/3499/3499 3500/3500/3500 3498/3498/3498
f 3499/3499/3499 3501/3501/3501 3500/3500/3500
f 3504/3504/3504 3503/3503/3503 3502/3502/3502
f 3504/3504/3504 3502/3502/3502 3505/3505/3505
f 3508/3508/3508 3507/3507/3507 3506/3506/3506
f 3508/3508/3508 3506/3506/3506 3509/3509/3509
f 3512/3512/3512 3511/3511/3511 3510/3510/3510
f 3512/3512/3512 3513/3513/3513 3511/3511/3511
f 3516/3516/3516 3515/3515/3515 3514/3514/3514
f 3516/3516/3516 3517/3517/3517 3515/3515/3515
f 3517/3517/3517 3518/3518/3518 3515/3515/3515
f 3519/3519/3519 3515/3515/3515 3518/3518/3518
f 3519/3519/3519 3518/3518/3518 3520/3520/3520
f 3519/3519/3519 3520/3520/3520 3521/3521/3521
f 3520/3520/3520 3522/3522/3522 3521/3521/3521
f 3523/3523/3523 3522/3522/3522 3520/3520/3520
f 3526/3526/3526 3525/3525/3525 3524/3524/3524
f 3527/3527/3527 3525/3525/3525 3526/3526/3526
f 3528/3528/3528 3527/3527/3527 3526/3526/3526
f 3528/3528/3528 3526/3526/3526 3529/3529/3529
f 3530/3530/3530 3528/3528/3528 3529/3529/3529
f 3530/3530/3530 3529/3529/3529 3531/3531/3531
f 3532/3532/3532 3531/3531/3531 3529/3529/3529
f 3535/3535/3535 3534/3534/3534 3533/3533/3533
f 3535/3535/3535 3536/3536/3536 3534/3534/3534
f 3539/3539/3539 3538/3538/3538 3537/3537/3537
f 3539/3539/3539 3540/3540/3540 3538/3538/3538
f 3540/3540/3540 3541/3541/3541 3538/3538/3538
f 3542/3542/3542 3538/3538/3538 3541/3541/3541
f 3542/3542/3542 3541/3541/3541 3543/3543/3543
f 3542/3542/3542 3543/3543/3543 3544/3544/3544
f 3543/3543/3543 3545/3545/3545 3544/3544/3544
f 3546/3546/3546 3545/3545/3545 3543/3543/3543
f 3549/3549/3549 3548/3548/3548 3547/3547/3547
f 3550/3550/3550 3548/3548/3548 3549/3549/3549
f 3551/3551/3551 3550/3550/3550 3549/3549/3549
f 3551/3551/3551 3549/3549/3549 3552/3552/3552
f 3553/3553/3553 3551/3551/3551 3552/3552/3552
f 3553/3553/3553 3552/3552/3552 3554/3554/3554
f 3555/3555/3555 3554/3554/3554 3552/3552/3552
f 3558/3558/3558 3557/3557/3557 3556/3556/3556
f 3558/3558/3558 3559/3559/3559 3557/3557/3557
f 3560/3560/3560 3559/3559/3559 3558/3558/3558
f 3560/3560/3560 3558/3558/3558 3561/3561/3561
f 3562/3562/3562 3560/3560/3560 3561/3561/3561
f 3562/3562/3562 3561/3561/3561 3563/3563/3563
f 3564/3564/3564 3562/3562/3562 3563/3563/3563
f 3564/3564/3564 3563/3563/3563 3565/3565/3565
f 3566/3566/3566 3564/3564/3564 3565/3565/3565
f 3566/3566/3566 3565/3565/3565 3567/3567/3567
f 3568/3568/3568 3566/3566/3566 3567/3567/3567
f 3568/3568/3568 3567/3567/3567 3569/3569/3569
f 3570/3570/3570 3568/3568/3568 3569/3569/3569
f 3570/3570/3570 3569/3569/3569 3571/3571/3571
f 3571/3571/3571 3572/3572/3572 3570/3570/3570
f 3571/3571/3571 3573/3573/3573 3572/3572/3572
f 3576/3576/3576 3575/3575/3575 3574/3574/3574
f 3576/3576/3576 3574/3574/3574 3577/3577/3577
f 3577/3577/3577 3574/3574/3574 3578/3578/3578
f 3579/3579/3579 3578/3578/3578 3574/3574/3574
f 3579/3579/3579 3580/3580/3580 3578/3578/3578
f 3580/3580/3580 3581/3581/3581 3578/3578/3578
f 3580/3580/3580 3582/3582/3582 3581/3581/3581
f 3582/3582/3582 3583/3583/3583 3581/3581/3581
f 3582/3582/3582 3584/3584/3584 3583/3583/3583
f 3584/3584/3584 3585/3585/3585 3583/3583/3583
f 3584/3584/3584 3586/3586/3586 3585/3585/3585
f 3586/3586/3586 3584/3584/3584 3587/3587/3587
f 3586/3586/3586 3587/3587/3587 3588/3588/3588
f 3589/3589/3589 3586/3586/3586 3588/3588/3588
f 3589/3589/3589 3588/3588/3588 3590/3590/3590
f 3591/3591/3591 3589/3589/3589 3590/3590/3590
f 3591/3591/3591 3590/3590/3590 3592/3592/3592
f 3591/3591/3591 3592/3592/3592 3593/3593/3593
f 3591/3591/3591 3593/3593/3593 3594/3594/3594
f 3594/3594/3594 3593/3593/3593 3595/3595/3595
f 3594/3594/3594 3595/3595/3595 3596/3596/3596
f 3597/3597/3597 3594/3594/3594 3596/3596/3596
f 3597/3597/3597 3596/3596/3596 3598/3598/3598
f 3599/3599/3599 3597/3597/3597 3598/3598/3598
f 3600/3600/3600 3599/3599/3599 3598/3598/3598
f 3600/3600/3600 3598/3598/3598 3601/3601/3601
f 3602/3602/3602 3600/3600/3600 3601/3601/3601
f 3602/3602/3602 3601/3601/3601 3603/3603/3603
f 3604/3604/3604 3602/3602/3602 3603/3603/3603
f 3604/3604/3604 3603/3603/3603 3605/3605/3605
f 3606/3606/3606 3604/3604/3604 3605/3605/3605
f 3606/3606/3606 3605/3605/3605 3607/3607/3607
f 3605/3605/3605 3608/3608/3608 3607/3607/3607
f 3611/3611/3611 3610/3610/3610 3609/3609/3609
f 3609/3609/3609 3612/3612/3612 3611/3611/3611
f 3612/3612/3612 3613/3613/3613 3611/3611/3611
f 3612/3612/3612 3614/3614/3614 3613/3613/3613
f 3614/3614/3614 3612/3612/3612 3615/3615/3615
f 3612/3612/3612 3616/3616/3616 3615/3615/3615
f 3615/3615/3615 3616/3616/3616 3617/3617/3617
f 3616/3616/3616 3618/3618/3618 3617/3617/3617
f 3618/3618/3618 3619/3619/3619 3617/3617/3617
f 3620/3620/3620 3619/3619/3619 3618/3618/3618
f 3618/3618/3618 3621/3621/3621 3620/3620/3620
f 3622/3622/3622 3620/3620/3620 3621/3621/3621
f 3625/3625/3625 3624/3624/3624 3623/3623/3623
f 3624/3624/3624 3626/3626/3626 3623/3623/3623
f 3627/3627/3627 3623/3623/3623 3626/3626/3626
f 3628/3628/3628 3627/3627/3627 3626/3626/3626
f 3626/3626/3626 3629/3629/3629 3628/3628/3628
f 3629/3629/3629 3630/3630/3630 3628/3628/3628
f 3631/3631/3631 3630/3630/3630 3629/3629/3629
f 3631/3631/3631 3629/3629/3629 3632/3632/3632
f 3633/3633/3633 3631/3631/3631 3632/3632/3632
f 3632/3632/3632 3634/3634/3634 3633/3633/3633
f 3632/3632/3632 3635/3635/3635 3634/3634/3634
f 3634/3634/3634 3635/3635/3635 3636/3636/3636
f 3639/3639/3639 3638/3638/3638 3637/3637/3637
f 3639/3639/3639 3637/3637/3637 3640/3640/3640
f 3639/3639/3639 3641/3641/3641 3638/3638/3638
f 3642/3642/3642 3639/3639/3639 3640/3640/3640
f 3639/3639/3639 3643/3643/3643 3641/3641/3641
f 3642/3642/3642 3640/3640/3640 3644/3644/3644
f 3643/3643/3643 3645/3645/3645 3641/3641/3641
f 3644/3644/3644 3646/3646/3646 3642/3642/3642
f 3644/3644/3644 3647/3647/3647 3646/3646/3646
f 3647/3647/3647 3648/3648/3648 3646/3646/3646
f 3647/3647/3647 3649/3649/3649 3648/3648/3648
f 3649/3649/3649 3650/3650/3650 3648/3648/3648
f 3649/3649/3649 3651/3651/3651 3650/3650/3650
f 3643/3643/3643 3652/3652/3652 3645/3645/3645
f 3652/3652/3652 3653/3653/3653 3645/3645/3645
f 3651/3651/3651 3654/3654/3654 3650/3650/3650
f 3652/3652/3652 3655/3655/3655 3653/3653/3653
f 3652/3652/3652 3656/3656/3656 3655/3655/3655
f 3656/3656/3656 3657/3657/3657 3655/3655/3655
f 3658/3658/3658 3655/3655/3655 3657/3657/3657
f 3659/3659/3659 3658/3658/3658 3657/3657/3657
f 3659/3659/3659 3657/3657/3657 3660/3660/3660
f 3660/3660/3660 3661/3661/3661 3659/3659/3659
f 3660/3660/3660 3662/3662/3662 3661/3661/3661
f 3662/3662/3662 3663/3663/3663 3661/3661/3661
f 3662/3662/3662 3664/3664/3664 3663/3663/3663
f 3664/3664/3664 3665/3665/3665 3663/3663/3663
f 3665/3665/3665 3666/3666/3666 3663/3663/3663
f 3666/3666/3666 3665/3665/3665 3667/3667/3667
f 3667/3667/3667 3665/3665/3665 3668/3668/3668
f 3667/3667/3667 3668/3668/3668 3669/3669/3669
f 3670/3670/3670 3669/3669/3669 3668/3668/3668
f 3670/3670/3670 3671/3671/3671 3669/3669/3669
f 3671/3671/3671 3672/3672/3672 3669/3669/3669
f 3672/3672/3672 3671/3671/3671 3673/3673/3673
f 3674/3674/3674 3672/3672/3672 3673/3673/3673
f 3675/3675/3675 3674/3674/3674 3673/3673/3673
f 3675/3675/3675 3673/3673/3673 3676/3676/3676
f 3677/3677/3677 3675/3675/3675 3676/3676/3676
f 3677/3677/3677 3676/3676/3676 3678/3678/3678
f 3679/3679/3679 3677/3677/3677 3678/3678/3678
f 3679/3679/3679 3678/3678/3678 3680/3680/3680
f 3681/3681/3681 3679/3679/3679 3680/3680/3680
f 3681/3681/3681 3680/3680/3680 3682/3682/3682
f 3683/3683/3683 3681/3681/3681 3682/3682/3682
f 3683/3683/3683 3682/3682/3682 3684/3684/3684
f 3684/3684/3684 3685/3685/3685 3683/3683/3683
f 3684/3684/3684 3686/3686/3686 3685/3685/3685
f 3686/3686/3686 3687/3687/3687 3685/3685/3685
f 3687/3687/3687 3688/3688/3688 3685/3685/3685
f 3687/3687/3687 3689/3689/3689 3688/3688/3688
f 3689/3689/3689 3690/3690/3690 3688/3688/3688
f 3691/3691/3691 3690/3690/3690 3689/3689/3689
f 3692/3692/3692 3690/3690/3690 3691/3691/3691
f 3693/3693/3693 3692/3692/3692 3691/3691/3691
f 3693/3693/3693 3691/3691/3691 3694/3694/3694
f 3693/3693/3693 3694/3694/3694 3695/3695/3695
f 3694/3694/3694 3696/3696/3696 3695/3695/3695
f 3695/3695/3695 3696/3696/3696 3697/3697/3697
f 3698/3698/3698 3695/3695/3695 3697/3697/3697
f 3699/3699/3699 3697/3697/3697 3696/3696/3696
f 3697/3697/3697 3700/3700/3700 3698/3698/3698
f 3699/3699/3699 3701/3701/3701 3697/3697/3697
f 3701/3701/3701 3700/3700/3700 3697/3697/3697
f 3702/3702/3702 3700/3700/3700 3701/3701/3701
f 3703/3703/3703 3701/3701/3701 3699/3699/3699
f 3704/3704/3704 3702/3702/3702 3701/3701/3701
f 3704/3704/3704 3701/3701/3701 3703/3703/3703
f 3704/3704/3704 3705/3705/3705 3702/3702/3702
f 3706/3706/3706 3704/3704/3704 3703/3703/3703
f 3704/3704/3704 3706/3706/3706 3705/3705/3705
f 3706/3706/3706 3707/3707/3707 3705/3705/3705
f 3706/3706/3706 3703/3703/3703 3708/3708/3708
f 3706/3706/3706 3709/3709/3709 3707/3707/3707
f 3709/3709/3709 3706/3706/3706 3708/3708/3708
f 3709/3709/3709 3710/3710/3710 3707/3707/3707
f 3709/3709/3709 3708/3708/3708 3711/3711/3711
f 3710/3710/3710 3709/3709/3709 3711/3711/3711
f 3654/3654/3654 3711/3711/3711 3708/3708/3708
f 3710/3710/3710 3711/3711/3711 3712/3712/3712
f 3654/3654/3654 3712/3712/3712 3711/3711/3711
f 3654/3654/3654 3651/3651/3651 3712/3712/3712
f 3715/3715/3715 3714/3714/3714 3713/3713/3713
f 3716/3716/3716 3715/3715/3715 3713/3713/3713
f 3713/3713/3713 3714/3714/3714 3717/3717/3717
f 3718/3718/3718 3713/3713/3713 3717/3717/3717
f 3719/3719/3719 3717/3717/3717 3714/3714/3714
f 3716/3716/3716 3713/3713/3713 3720/3720/3720
f 3721/3721/3721 3716/3716/3716 3720/3720/3720
f 3719/3719/3719 3722/3722/3722 3717/3717/3717
f 3723/3723/3723 3722/3722/3722 3719/3719/3719
f 3723/3723/3723 3724/3724/3724 3722/3722/3722
f 3724/3724/3724 3725/3725/3725 3722/3722/3722
f 3726/3726/3726 3725/3725/3725 3724/3724/3724
f 3727/3727/3727 3725/3725/3725 3726/3726/3726
f 3727/3727/3727 3726/3726/3726 3728/3728/3728
f 3729/3729/3729 3717/3717/3717 3722/3722/3722
f 3729/3729/3729 3722/3722/3722 3725/3725/3725
f 3730/3730/3730 3729/3729/3729 3725/3725/3725
f 3730/3730/3730 3725/3725/3725 3731/3731/3731
f 3725/3725/3725 3727/3727/3727 3731/3731/3731
f 3717/3717/3717 3729/3729/3729 3732/3732/3732
f 3717/3717/3717 3732/3732/3732 3718/3718/3718
f 3733/3733/3733 3727/3727/3727 3728/3728/3728
f 3734/3734/3734 3733/3733/3733 3728/3728/3728
f 3734/3734/3734 3735/3735/3735 3733/3733/3733
f 3736/3736/3736 3730/3730/3730 3731/3731/3731
f 3731/3731/3731 3727/3727/3727 3736/3736/3736
f 3729/3729/3729 3737/3737/3737 3732/3732/3732
f 3730/3730/3730 3737/3737/3737 3729/3729/3729
f 3735/3735/3735 3738/3738/3738 3733/3733/3733
f 3739/3739/3739 3738/3738/3738 3735/3735/3735
f 3739/3739/3739 3740/3740/3740 3738/3738/3738
f 3739/3739/3739 3735/3735/3735 3741/3741/3741
f 3741/3741/3741 3742/3742/3742 3739/3739/3739
f 3743/3743/3743 3727/3727/3727 3733/3733/3733
f 3743/3743/3743 3733/3733/3733 3738/3738/3738
f 3727/3727/3727 3744/3744/3744 3736/3736/3736
f 3744/3744/3744 3727/3727/3727 3743/3743/3743
f 3738/3738/3738 3745/3745/3745 3743/3743/3743
f 3738/3738/3738 3740/3740/3740 3745/3745/3745
f 3746/3746/3746 3744/3744/3744 3743/3743/3743
f 3746/3746/3746 3736/3736/3736 3744/3744/3744
f 3746/3746/3746 3743/3743/3743 3745/3745/3745
f 3747/3747/3747 3730/3730/3730 3736/3736/3736
f 3746/3746/3746 3747/3747/3747 3736/3736/3736
f 3748/3748/3748 3747/3747/3747 3746/3746/3746
f 3749/3749/3749 3746/3746/3746 3745/3745/3745
f 3748/3748/3748 3746/3746/3746 3749/3749/3749
f 3749/3749/3749 3745/3745/3745 3750/3750/3750
f 3745/3745/3745 3740/3740/3740 3750/3750/3750
f 3748/3748/3748 3749/3749/3749 3750/3750/3750
f 3740/3740/3740 3751/3751/3751 3750/3750/3750
f 3748/3748/3748 3750/3750/3750 3751/3751/3751
f 3747/3747/3747 3752/3752/3752 3730/3730/3730
f 3753/3753/3753 3752/3752/3752 3747/3747/3747
f 3748/3748/3748 3753/3753/3753 3747/3747/3747
f 3748/3748/3748 3754/3754/3754 3753/3753/3753
f 3753/3753/3753 3755/3755/3755 3752/3752/3752
f 3755/3755/3755 3730/3730/3730 3752/3752/3752
f 3755/3755/3755 3753/3753/3753 3754/3754/3754
f 3755/3755/3755 3756/3756/3756 3730/3730/3730
f 3756/3756/3756 3755/3755/3755 3754/3754/3754
f 3730/3730/3730 3756/3756/3756 3737/3737/3737
f 3748/3748/3748 3751/3751/3751 3757/3757/3757
f 3748/3748/3748 3757/3757/3757 3754/3754/3754
f 3758/3758/3758 3757/3757/3757 3751/3751/3751
f 3757/3757/3757 3758/3758/3758 3754/3754/3754
f 3756/3756/3756 3759/3759/3759 3737/3737/3737
f 3759/3759/3759 3732/3732/3732 3737/3737/3737
f 3759/3759/3759 3760/3760/3760 3732/3732/3732
f 3760/3760/3760 3718/3718/3718 3732/3732/3732
f 3761/3761/3761 3760/3760/3760 3759/3759/3759
f 3756/3756/3756 3761/3761/3761 3759/3759/3759
f 3718/3718/3718 3760/3760/3760 3761/3761/3761
f 3756/3756/3756 3754/3754/3754 3762/3762/3762
f 3756/3756/3756 3762/3762/3762 3761/3761/3761
f 3762/3762/3762 3763/3763/3763 3761/3761/3761
f 3763/3763/3763 3764/3764/3764 3761/3761/3761
f 3718/3718/3718 3761/3761/3761 3764/3764/3764
f 3754/3754/3754 3765/3765/3765 3762/3762/3762
f 3758/3758/3758 3765/3765/3765 3754/3754/3754
f 3765/3765/3765 3763/3763/3763 3762/3762/3762
f 3758/3758/3758 3763/3763/3763 3765/3765/3765
f 3766/3766/3766 3718/3718/3718 3764/3764/3764
f 3763/3763/3763 3766/3766/3766 3764/3764/3764
f 3767/3767/3767 3718/3718/3718 3766/3766/3766
f 3713/3713/3713 3718/3718/3718 3767/3767/3767
f 3713/3713/3713 3767/3767/3767 3768/3768/3768
f 3768/3768/3768 3720/3720/3720 3713/3713/3713
f 3769/3769/3769 3767/3767/3767 3766/3766/3766
f 3768/3768/3768 3767/3767/3767 3770/3770/3770
f 3767/3767/3767 3769/3769/3769 3770/3770/3770
f 3769/3769/3769 3766/3766/3766 3771/3771/3771
f 3763/3763/3763 3771/3771/3771 3766/3766/3766
f 3770/3770/3770 3769/3769/3769 3771/3771/3771
f 3772/3772/3772 3720/3720/3720 3768/3768/3768
f 3768/3768/3768 3770/3770/3770 3772/3772/3772
f 3772/3772/3772 3773/3773/3773 3720/3720/3720
f 3721/3721/3721 3720/3720/3720 3773/3773/3773
f 3774/3774/3774 3721/3721/3721 3773/3773/3773
f 3774/3774/3774 3773/3773/3773 3772/3772/3772
f 3772/3772/3772 3770/3770/3770 3775/3775/3775
f 3772/3772/3772 3776/3776/3776 3774/3774/3774
f 3772/3772/3772 3775/3775/3775 3776/3776/3776
f 3774/3774/3774 3776/3776/3776 3777/3777/3777
f 3774/3774/3774 3777/3777/3777 3778/3778/3778
f 3776/3776/3776 3779/3779/3779 3777/3777/3777
f 3776/3776/3776 3775/3775/3775 3779/3779/3779
f 3780/3780/3780 3770/3770/3770 3771/3771/3771
f 3770/3770/3770 3780/3780/3780 3775/3775/3775
f 3781/3781/3781 3771/3771/3771 3763/3763/3763
f 3771/3771/3771 3782/3782/3782 3780/3780/3780
f 3781/3781/3781 3782/3782/3782 3771/3771/3771
f 3780/3780/3780 3783/3783/3783 3775/3775/3775
f 3780/3780/3780 3782/3782/3782 3783/3783/3783
f 3775/3775/3775 3784/3784/3784 3779/3779/3779
f 3784/3784/3784 3775/3775/3775 3783/3783/3783
f 3784/3784/3784 3785/3785/3785 3779/3779/3779
f 3785/3785/3785 3777/3777/3777 3779/3779/3779
f 3784/3784/3784 3783/3783/3783 3785/3785/3785
f 3777/3777/3777 3785/3785/3785 3786/3786/3786
f 3787/3787/3787 3781/3781/3781 3763/3763/3763
f 3787/3787/3787 3763/3763/3763 3758/3758/3758
f 3782/3782/3782 3781/3781/3781 3788/3788/3788
f 3787/3787/3787 3788/3788/3788 3781/3781/3781
f 3789/3789/3789 3783/3783/3783 3782/3782/3782
f 3782/3782/3782 3788/3788/3788 3789/3789/3789
f 3788/3788/3788 3786/3786/3786 3789/3789/3789
f 3785/3785/3785 3783/3783/3783 3790/3790/3790
f 3783/3783/3783 3789/3789/3789 3790/3790/3790
f 3786/3786/3786 3785/3785/3785 3790/3790/3790
f 3786/3786/3786 3790/3790/3790 3789/3789/3789
f 3787/3787/3787 3791/3791/3791 3788/3788/3788
f 3791/3791/3791 3786/3786/3786 3788/3788/3788
f 3777/3777/3777 3786/3786/3786 3792/3792/3792
f 3786/3786/3786 3793/3793/3793 3792/3792/3792
f 3791/3791/3791 3793/3793/3793 3786/3786/3786
f 3793/3793/3793 3794/3794/3794 3792/3792/3792
f 3794/3794/3794 3777/3777/3777 3792/3792/3792
f 3793/3793/3793 3791/3791/3791 3795/3795/3795
f 3793/3793/3793 3795/3795/3795 3794/3794/3794
f 3796/3796/3796 3791/3791/3791 3787/3787/3787
f 3791/3791/3791 3796/3796/3796 3795/3795/3795
f 3794/3794/3794 3797/3797/3797 3777/3777/3777
f 3795/3795/3795 3797/3797/3797 3794/3794/3794
f 3787/3787/3787 3798/3798/3798 3796/3796/3796
f 3798/3798/3798 3787/3787/3787 3758/3758/3758
f 3798/3798/3798 3758/3758/3758 3799/3799/3799
f 3800/3800/3800 3795/3795/3795 3796/3796/3796
f 3798/3798/3798 3800/3800/3800 3796/3796/3796
f 3797/3797/3797 3801/3801/3801 3777/3777/3777
f 3801/3801/3801 3778/3778/3778 3777/3777/3777
f 3795/3795/3795 3802/3802/3802 3797/3797/3797
f 3802/3802/3802 3795/3795/3795 3800/3800/3800
f 3798/3798/3798 3803/3803/3803 3800/3800/3800
f 3798/3798/3798 3799/3799/3799 3803/3803/3803
f 3800/3800/3800 3803/3803/3803 3804/3804/3804
f 3802/3802/3802 3800/3800/3800 3804/3804/3804
f 3803/3803/3803 3799/3799/3799 3804/3804/3804
f 3797/3797/3797 3802/3802/3802 3805/3805/3805
f 3805/3805/3805 3802/3802/3802 3804/3804/3804
f 3801/3801/3801 3797/3797/3797 3805/3805/3805
f 3805/3805/3805 3804/3804/3804 3806/3806/3806
f 3804/3804/3804 3799/3799/3799 3806/3806/3806
f 3806/3806/3806 3801/3801/3801 3805/3805/3805
f 3807/3807/3807 3778/3778/3778 3801/3801/3801
f 3807/3807/3807 3808/3808/3808 3778/3778/3778
f 3801/3801/3801 3806/3806/3806 3809/3809/3809
f 3807/3807/3807 3801/3801/3801 3809/3809/3809
f 3807/3807/3807 3810/3810/3810 3808/3808/3808
f 3742/3742/3742 3808/3808/3808 3810/3810/3810
f 3739/3739/3739 3742/3742/3742 3810/3810/3810
f 3807/3807/3807 3809/3809/3809 3811/3811/3811
f 3809/3809/3809 3806/3806/3806 3811/3811/3811
f 3807/3807/3807 3811/3811/3811 3810/3810/3810
f 3810/3810/3810 3812/3812/3812 3739/3739/3739
f 3812/3812/3812 3810/3810/3810 3811/3811/3811
f 3811/3811/3811 3806/3806/3806 3813/3813/3813
f 3806/3806/3806 3799/3799/3799 3813/3813/3813
f 3811/3811/3811 3813/3813/3813 3812/3812/3812
f 3739/3739/3739 3812/3812/3812 3814/3814/3814
f 3739/3739/3739 3814/3814/3814 3740/3740/3740
f 3815/3815/3815 3812/3812/3812 3813/3813/3813
f 3815/3815/3815 3814/3814/3814 3812/3812/3812
f 3815/3815/3815 3813/3813/3813 3816/3816/3816
f 3814/3814/3814 3815/3815/3815 3816/3816/3816
f 3816/3816/3816 3813/3813/3813 3799/3799/3799
f 3740/3740/3740 3814/3814/3814 3816/3816/3816
f 3817/3817/3817 3816/3816/3816 3799/3799/3799
f 3817/3817/3817 3799/3799/3799 3758/3758/3758
f 3758/3758/3758 3751/3751/3751 3817/3817/3817
f 3751/3751/3751 3740/3740/3740 3818/3818/3818
f 3740/3740/3740 3816/3816/3816 3818/3818/3818
f 3818/3818/3818 3817/3817/3817 3751/3751/3751
f 3816/3816/3816 3817/3817/3817 3818/3818/3818
f 3821/3821/3821 3820/3820/3820 3819/3819/3819
f 3819/3819/3819 3820/3820/3820 3822/3822/3822
f 3823/3823/3823 3821/3821/3821 3819/3819/3819
f 3822/3822/3822 3820/3820/3820 3824/3824/3824
f 3823/3823/3823 3819/3819/3819 3825/3825/3825
f 3823/3823/3823 3825/3825/3825 3826/3826/3826
f 3822/3822/3822 3824/3824/3824 3827/3827/3827
f 3827/3827/3827 3828/3828/3828 3822/3822/3822
f 3824/3824/3824 3829/3829/3829 3827/3827/3827
f 3827/3827/3827 3829/3829/3829 3828/3828/3828
f 3829/3829/3829 3830/3830/3830 3828/3828/3828
f 3830/3830/3830 3831/3831/3831 3828/3828/3828
f 3832/3832/3832 3831/3831/3831 3830/3830/3830
f 3833/3833/3833 3826/3826/3826 3825/3825/3825
f 3833/3833/3833 3834/3834/3834 3826/3826/3826
f 3835/3835/3835 3833/3833/3833 3825/3825/3825
f 3833/3833/3833 3835/3835/3835 3834/3834/3834
f 3825/3825/3825 3819/3819/3819 3836/3836/3836
f 3836/3836/3836 3835/3835/3835 3825/3825/3825
f 3834/3834/3834 3835/3835/3835 3837/3837/3837
f 3838/3838/3838 3834/3834/3834 3837/3837/3837
f 3838/3838/3838 3837/3837/3837 3839/3839/3839
f 3840/3840/3840 3838/3838/3838 3839/3839/3839
f 3832/3832/3832 3841/3841/3841 3831/3831/3831
f 3832/3832/3832 3842/3842/3842 3841/3841/3841
f 3841/3841/3841 3842/3842/3842 3843/3843/3843
f 3841/3841/3841 3843/3843/3843 3831/3831/3831
f 3844/3844/3844 3843/3843/3843 3842/3842/3842
f 3844/3844/3844 3845/3845/3845 3843/3843/3843
f 3844/3844/3844 3842/3842/3842 3846/3846/3846
f 3846/3846/3846 3847/3847/3847 3844/3844/3844
f 3835/3835/3835 3836/3836/3836 3848/3848/3848
f 3848/3848/3848 3837/3837/3837 3835/3835/3835
f 3847/3847/3847 3849/3849/3849 3844/3844/3844
f 3847/3847/3847 3850/3850/3850 3849/3849/3849
f 3851/3851/3851 3849/3849/3849 3850/3850/3850
f 3851/3851/3851 3850/3850/3850 3838/3838/3838
f 3851/3851/3851 3852/3852/3852 3849/3849/3849
f 3851/3851/3851 3838/3838/3838 3853/3853/3853
f 3853/3853/3853 3852/3852/3852 3851/3851/3851
f 3852/3852/3852 3853/3853/3853 3854/3854/3854
f 3852/3852/3852 3854/3854/3854 3855/3855/3855
f 3855/3855/3855 3849/3849/3849 3852/3852/3852
f 3849/3849/3849 3855/3855/3855 3844/3844/3844
f 3844/3844/3844 3855/3855/3855 3854/3854/3854
f 3856/3856/3856 3853/3853/3853 3838/3838/3838
f 3853/3853/3853 3856/3856/3856 3854/3854/3854
f 3840/3840/3840 3856/3856/3856 3838/3838/3838
f 3844/3844/3844 3854/3854/3854 3857/3857/3857
f 3844/3844/3844 3857/3857/3857 3845/3845/3845
f 3837/3837/3837 3848/3848/3848 3858/3858/3858
f 3859/3859/3859 3837/3837/3837 3858/3858/3858
f 3859/3859/3859 3839/3839/3839 3837/3837/3837
f 3860/3860/3860 3854/3854/3854 3856/3856/3856
f 3840/3840/3840 3861/3861/3861 3856/3856/3856
f 3856/3856/3856 3861/3861/3861 3860/3860/3860
f 3862/3862/3862 3857/3857/3857 3854/3854/3854
f 3863/3863/3863 3862/3862/3862 3854/3854/3854
f 3860/3860/3860 3863/3863/3863 3854/3854/3854
f 3863/3863/3863 3864/3864/3864 3862/3862/3862
f 3857/3857/3857 3862/3862/3862 3864/3864/3864
f 3865/3865/3865 3863/3863/3863 3860/3860/3860
f 3863/3863/3863 3865/3865/3865 3864/3864/3864
f 3861/3861/3861 3866/3866/3866 3860/3860/3860
f 3865/3865/3865 3860/3860/3860 3866/3866/3866
f 3861/3861/3861 3867/3867/3867 3866/3866/3866
f 3867/3867/3867 3865/3865/3865 3866/3866/3866
f 3840/3840/3840 3868/3868/3868 3861/3861/3861
f 3861/3861/3861 3868/3868/3868 3867/3867/3867
f 3869/3869/3869 3840/3840/3840 3839/3839/3839
f 3869/3869/3869 3868/3868/3868 3840/3840/3840
f 3857/3857/3857 3864/3864/3864 3870/3870/3870
f 3865/3865/3865 3871/3871/3871 3864/3864/3864
f 3870/3870/3870 3864/3864/3864 3871/3871/3871
f 3870/3870/3870 3872/3872/3872 3857/3857/3857
f 3870/3870/3870 3871/3871/3871 3872/3872/3872
f 3872/3872/3872 3871/3871/3871 3873/3873/3873
f 3845/3845/3845 3857/3857/3857 3872/3872/3872
f 3865/3865/3865 3867/3867/3867 3874/3874/3874
f 3865/3865/3865 3874/3874/3874 3871/3871/3871
f 3868/3868/3868 3875/3875/3875 3867/3867/3867
f 3875/3875/3875 3874/3874/3874 3867/3867/3867
f 3871/3871/3871 3874/3874/3874 3876/3876/3876
f 3876/3876/3876 3873/3873/3873 3871/3871/3871
f 3876/3876/3876 3874/3874/3874 3875/3875/3875
f 3877/3877/3877 3868/3868/3868 3869/3869/3869
f 3868/3868/3868 3877/3877/3877 3875/3875/3875
f 3876/3876/3876 3875/3875/3875 3878/3878/3878
f 3875/3875/3875 3877/3877/3877 3878/3878/3878
f 3879/3879/3879 3876/3876/3876 3878/3878/3878
f 3876/3876/3876 3879/3879/3879 3873/3873/3873
f 3879/3879/3879 3880/3880/3880 3873/3873/3873
f 3873/3873/3873 3880/3880/3880 3881/3881/3881
f 3877/3877/3877 3869/3869/3869 3882/3882/3882
f 3882/3882/3882 3869/3869/3869 3839/3839/3839
f 3883/3883/3883 3878/3878/3878 3877/3877/3877
f 3878/3878/3878 3883/3883/3883 3879/3879/3879
f 3884/3884/3884 3877/3877/3877 3882/3882/3882
f 3884/3884/3884 3883/3883/3883 3877/3877/3877
f 3884/3884/3884 3882/3882/3882 3885/3885/3885
f 3882/3882/3882 3839/3839/3839 3885/3885/3885
f 3886/3886/3886 3884/3884/3884 3885/3885/3885
f 3883/3883/3883 3884/3884/3884 3886/3886/3886
f 3839/3839/3839 3886/3886/3886 3885/3885/3885
f 3879/3879/3879 3883/3883/3883 3887/3887/3887
f 3883/3883/3883 3886/3886/3886 3887/3887/3887
f 3839/3839/3839 3888/3888/3888 3886/3886/3886
f 3859/3859/3859 3888/3888/3888 3839/3839/3839
f 3888/3888/3888 3889/3889/3889 3886/3886/3886
f 3859/3859/3859 3889/3889/3889 3888/3888/3888
f 3889/3889/3889 3887/3887/3887 3886/3886/3886
f 3859/3859/3859 3858/3858/3858 3889/3889/3889
f 3879/3879/3879 3887/3887/3887 3890/3890/3890
f 3879/3879/3879 3890/3890/3890 3880/3880/3880
f 3891/3891/3891 3887/3887/3887 3889/3889/3889
f 3891/3891/3891 3889/3889/3889 3858/3858/3858
f 3890/3890/3890 3887/3887/3887 3891/3891/3891
f 3891/3891/3891 3858/3858/3858 3892/3892/3892
f 3858/3858/3858 3848/3848/3848 3892/3892/3892
f 3890/3890/3890 3891/3891/3891 3893/3893/3893
f 3891/3891/3891 3892/3892/3892 3893/3893/3893
f 3890/3890/3890 3893/3893/3893 3880/3880/3880
f 3848/3848/3848 3894/3894/3894 3892/3892/3892
f 3894/3894/3894 3893/3893/3893 3892/3892/3892
f 3894/3894/3894 3848/3848/3848 3836/3836/3836
f 3894/3894/3894 3836/3836/3836 3895/3895/3895
f 3836/3836/3836 3819/3819/3819 3895/3895/3895
f 3893/3893/3893 3894/3894/3894 3896/3896/3896
f 3895/3895/3895 3896/3896/3896 3894/3894/3894
f 3896/3896/3896 3897/3897/3897 3893/3893/3893
f 3880/3880/3880 3893/3893/3893 3897/3897/3897
f 3896/3896/3896 3895/3895/3895 3897/3897/3897
f 3819/3819/3819 3898/3898/3898 3895/3895/3895
f 3819/3819/3819 3822/3822/3822 3898/3898/3898
f 3897/3897/3897 3895/3895/3895 3899/3899/3899
f 3895/3895/3895 3898/3898/3898 3899/3899/3899
f 3900/3900/3900 3880/3880/3880 3897/3897/3897
f 3900/3900/3900 3897/3897/3897 3899/3899/3899
f 3900/3900/3900 3901/3901/3901 3880/3880/3880
f 3900/3900/3900 3899/3899/3899 3901/3901/3901
f 3899/3899/3899 3898/3898/3898 3902/3902/3902
f 3901/3901/3901 3899/3899/3899 3902/3902/3902
f 3903/3903/3903 3898/3898/3898 3822/3822/3822
f 3902/3902/3902 3898/3898/3898 3903/3903/3903
f 3880/3880/3880 3901/3901/3901 3904/3904/3904
f 3880/3880/3880 3904/3904/3904 3881/3881/3881
f 3901/3901/3901 3902/3902/3902 3905/3905/3905
f 3902/3902/3902 3903/3903/3903 3905/3905/3905
f 3905/3905/3905 3903/3903/3903 3906/3906/3906
f 3903/3903/3903 3907/3907/3907 3906/3906/3906
f 3903/3903/3903 3822/3822/3822 3907/3907/3907
f 3828/3828/3828 3907/3907/3907 3822/3822/3822
f 3828/3828/3828 3906/3906/3906 3907/3907/3907
f 3908/3908/3908 3901/3901/3901 3905/3905/3905
f 3904/3904/3904 3901/3901/3901 3908/3908/3908
f 3905/3905/3905 3906/3906/3906 3908/3908/3908
f 3909/3909/3909 3906/3906/3906 3828/3828/3828
f 3828/3828/3828 3831/3831/3831 3909/3909/3909
f 3906/3906/3906 3909/3909/3909 3910/3910/3910
f 3831/3831/3831 3910/3910/3910 3909/3909/3909
f 3908/3908/3908 3906/3906/3906 3911/3911/3911
f 3912/3912/3912 3906/3906/3906 3910/3910/3910
f 3911/3911/3911 3906/3906/3906 3912/3912/3912
f 3913/3913/3913 3908/3908/3908 3911/3911/3911
f 3913/3913/3913 3904/3904/3904 3908/3908/3908
f 3913/3913/3913 3911/3911/3911 3912/3912/3912
f 3913/3913/3913 3914/3914/3914 3904/3904/3904
f 3913/3913/3913 3912/3912/3912 3914/3914/3914
f 3912/3912/3912 3910/3910/3910 3915/3915/3915
f 3831/3831/3831 3915/3915/3915 3910/3910/3910
f 3915/3915/3915 3914/3914/3914 3912/3912/3912
f 3915/3915/3915 3831/3831/3831 3916/3916/3916
f 3831/3831/3831 3843/3843/3843 3916/3916/3916
f 3915/3915/3915 3916/3916/3916 3917/3917/3917
f 3916/3916/3916 3843/3843/3843 3917/3917/3917
f 3914/3914/3914 3915/3915/3915 3917/3917/3917
f 3845/3845/3845 3917/3917/3917 3843/3843/3843
f 3914/3914/3914 3918/3918/3918 3904/3904/3904
f 3881/3881/3881 3904/3904/3904 3918/3918/3918
f 3919/3919/3919 3881/3881/3881 3918/3918/3918
f 3914/3914/3914 3919/3919/3919 3918/3918/3918
f 3873/3873/3873 3881/3881/3881 3919/3919/3919
f 3914/3914/3914 3917/3917/3917 3920/3920/3920
f 3845/3845/3845 3920/3920/3920 3917/3917/3917
f 3914/3914/3914 3920/3920/3920 3919/3919/3919
f 3919/3919/3919 3920/3920/3920 3845/3845/3845
f 3873/3873/3873 3919/3919/3919 3921/3921/3921
f 3921/3921/3921 3919/3919/3919 3845/3845/3845
f 3872/3872/3872 3873/3873/3873 3921/3921/3921
f 3921/3921/3921 3845/3845/3845 3872/3872/3872
f 3924/3924/3924 3923/3923/3923 3922/3922/3922
f 3923/3923/3923 3925/3925/3925 3922/3922/3922
f 3926/3926/3926 3923/3923/3923 3924/3924/3924
f 3922/3922/3922 3925/3925/3925 3927/3927/3927
f 3928/3928/3928 3926/3926/3926 3924/3924/3924
f 3925/3925/3925 3929/3929/3929 3927/3927/3927
f 3930/3930/3930 3926/3926/3926 3928/3928/3928
f 3927/3927/3927 3929/3929/3929 3931/3931/3931
f 3932/3932/3932 3930/3930/3930 3928/3928/3928
f 3929/3929/3929 3933/3933/3933 3931/3931/3931
f 3934/3934/3934 3930/3930/3930 3932/3932/3932
f 3931/3931/3931 3933/3933/3933 3935/3935/3935
f 3936/3936/3936 3934/3934/3934 3932/3932/3932
f 3933/3933/3933 3937/3937/3937 3935/3935/3935
f 3938/3938/3938 3934/3934/3934 3936/3936/3936
f 3935/3935/3935 3937/3937/3937 3939/3939/3939
f 3940/3940/3940 3938/3938/3938 3936/3936/3936
f 3937/3937/3937 3941/3941/3941 3939/3939/3939
f 3942/3942/3942 3938/3938/3938 3940/3940/3940
f 3939/3939/3939 3941/3941/3941 3943/3943/3943
f 3944/3944/3944 3942/3942/3942 3940/3940/3940
f 3941/3941/3941 3945/3945/3945 3943/3943/3943
f 3946/3946/3946 3942/3942/3942 3944/3944/3944
f 3943/3943/3943 3945/3945/3945 3947/3947/3947
f 3948/3948/3948 3946/3946/3946 3944/3944/3944
f 3945/3945/3945 3949/3949/3949 3947/3947/3947
f 3950/3950/3950 3946/3946/3946 3948/3948/3948
f 3947/3947/3947 3949/3949/3949 3951/3951/3951
f 3952/3952/3952 3950/3950/3950 3948/3948/3948
f 3949/3949/3949 3953/3953/3953 3951/3951/3951
f 3954/3954/3954 3950/3950/3950 3952/3952/3952
f 3951/3951/3951 3953/3953/3953 3955/3955/3955
f 3956/3956/3956 3954/3954/3954 3952/3952/3952
f 3953/3953/3953 3957/3957/3957 3955/3955/3955
f 3958/3958/3958 3954/3954/3954 3956/3956/3956
f 3955/3955/3955 3957/3957/3957 3959/3959/3959
f 3960/3960/3960 3958/3958/3958 3956/3956/3956
f 3957/3957/3957 3961/3961/3961 3959/3959/3959
f 3962/3962/3962 3958/3958/3958 3960/3960/3960
f 3959/3959/3959 3961/3961/3961 3963/3963/3963
f 3964/3964/3964 3962/3962/3962 3960/3960/3960
f 3961/3961/3961 3965/3965/3965 3963/3963/3963
f 3966/3966/3966 3962/3962/3962 3964/3964/3964
f 3963/3963/3963 3965/3965/3965 3967/3967/3967
f 3968/3968/3968 3966/3966/3966 3964/3964/3964
f 3965/3965/3965 3969/3969/3969 3967/3967/3967
f 3970/3970/3970 3966/3966/3966 3968/3968/3968
f 3967/3967/3967 3969/3969/3969 3971/3971/3971
f 3972/3972/3972 3970/3970/3970 3968/3968/3968
f 3969/3969/3969 3973/3973/3973 3971/3971/3971
f 3974/3974/3974 3970/3970/3970 3972/3972/3972
f 3971/3971/3971 3973/3973/3973 3975/3975/3975
f 3976/3976/3976 3974/3974/3974 3972/3972/3972
f 3973/3973/3973 3977/3977/3977 3975/3975/3975
f 3978/3978/3978 3974/3974/3974 3976/3976/3976
f 3975/3975/3975 3977/3977/3977 3979/3979/3979
f 3980/3980/3980 3978/3978/3978 3976/3976/3976
f 3977/3977/3977 3981/3981/3981 3979/3979/3979
f 3982/3982/3982 3978/3978/3978 3980/3980/3980
f 3979/3979/3979 3981/3981/3981 3983/3983/3983
f 3984/3984/3984 3982/3982/3982 3980/3980/3980
f 3981/3981/3981 3985/3985/3985 3983/3983/3983
f 3986/3986/3986 3982/3982/3982 3984/3984/3984
f 3983/3983/3983 3985/3985/3985 3987/3987/3987
f 3988/3988/3988 3986/3986/3986 3984/3984/3984
f 3985/3985/3985 3989/3989/3989 3987/3987/3987
f 3990/3990/3990 3986/3986/3986 3988/3988/3988
f 3987/3987/3987 3989/3989/3989 3991/3991/3991
f 3992/3992/3992 3990/3990/3990 3988/3988/3988
f 3989/3989/3989 3993/3993/3993 3991/3991/3991
f 3994/3994/3994 3990/3990/3990 3992/3992/3992
f 3991/3991/3991 3993/3993/3993 3995/3995/3995
f 3996/3996/3996 3994/3994/3994 3992/3992/3992
f 3993/3993/3993 3997/3997/3997 3995/3995/3995
f 3997/3997/3997 3994/3994/3994 3996/3996/3996
f 3995/3995/3995 3997/3997/3997 3996/3996/3996
