g WyvronW6_NeedlingSP_Tip
v -0.117479965 0.16226663 0.0146737695
v -0.11936645 0.17004664 0.012257144
v -0.11889829 0.16806377 0.012890562
v -0.11940776 0.16866277 0.012222722
v -0.11889829 0.16806377 0.012890562
v -0.11936645 0.17004664 0.012257144
v -0.120151356 0.16809131 0.011203751
v -0.117479965 0.16226663 0.0146737695
v -0.122326985 0.1631961 0.008449763
v -0.12207912 0.16665925 0.007706195
v -0.12430297 0.16385017 -0.00060395896
v -0.11799635 0.16897948 0.0123535395
v -0.118705496 0.1695096 0.01203683
v -0.118815675 0.1704735 0.011472255
v 0.118949525 0.169248 0.012842372
v 0.11838496 0.16957848 0.0119817555
v 0.119699985 0.1707489 0.01188536
v -0.11936645 0.17004664 0.012257144
v -0.118705496 0.1695096 0.01203683
v -0.11940776 0.16866277 0.012222722
v 0.118949525 0.169248 0.012842372
v 0.118481345 0.1690139 0.01193355
v 0.11838496 0.16957848 0.0119817555
v -0.11940776 0.16866277 0.012222722
v -0.11855404 0.16803624 0.012140095
v -0.11889829 0.16806377 0.012890562
v -0.11889829 0.16806377 0.012890562
v -0.119084165 0.16794674 0.012215838
v -0.120151356 0.16809131 0.011203751
v -0.11889829 0.16806377 0.012890562
v -0.11855404 0.16803624 0.012140095
v -0.119084165 0.16794674 0.012215838
v -0.119084165 0.16794674 0.012215838
v -0.11855404 0.16803624 0.012140095
v -0.11507024 0.16689332 0.014969826
v -0.119497284 0.1748799 0.0124568045
v -0.118815675 0.1704735 0.011472255
v -0.11936645 0.17004664 0.012257144
v -0.119497284 0.1748799 0.0124568045
v -0.11942841 0.17292456 0.010769993
v -0.118815675 0.1704735 0.011472255
v -0.11936645 0.17004664 0.012257144
v -0.118815675 0.1704735 0.011472255
v -0.120151356 0.16809131 0.011203751
v -0.120151356 0.16809131 0.011203751
v -0.11931138 0.16959913 0.012174532
v -0.11936645 0.17004664 0.012257144
v -0.11931138 0.16959913 0.012174532
v -0.118705496 0.1695096 0.01203683
v -0.11936645 0.17004664 0.012257144
v -0.11931138 0.16959913 0.012174532
v -0.11878811 0.16950272 0.011499807
v -0.118705496 0.1695096 0.01203683
v -0.11931138 0.16959913 0.012174532
v -0.118705496 0.1695096 0.01203683
v -0.11878811 0.16950272 0.011499807
v 0.11874297 0.16930996 0.011603072
v 0.119699985 0.1707489 0.01188536
v 0.11838496 0.16957848 0.0119817555
v -0.120151356 0.16809131 0.011203751
v -0.11940776 0.16866277 0.012222722
v -0.11931138 0.16959913 0.012174532
v -0.11878811 0.16950272 0.011499807
v -0.11799635 0.16897948 0.0123535395
v -0.118560925 0.16578485 0.010818183
v -0.11878811 0.16950272 0.011499807
v -0.118705496 0.1695096 0.01203683
v -0.11799635 0.16897948 0.0123535395
v -0.118705496 0.1695096 0.01203683
v -0.11931138 0.16959913 0.012174532
v -0.11940776 0.16866277 0.012222722
v -0.11940776 0.16866277 0.012222722
v -0.120151356 0.16809131 0.011203751
v -0.119084165 0.16794674 0.012215838
v -0.119084165 0.16794674 0.012215838
v -0.11855404 0.16803624 0.012140095
v -0.11940776 0.16866277 0.012222722
v -0.118560925 0.16578485 0.010818183
v -0.119084165 0.16794674 0.012215838
v -0.11507024 0.16689332 0.014969826
v -0.120151356 0.16809131 0.011203751
v -0.11922188 0.17052172 0.011121124
v -0.119497284 0.1748799 0.0124568045
v -0.11922188 0.17052172 0.011121124
v -0.120151356 0.16809131 0.011203751
v -0.118815675 0.1704735 0.011472255
v 0.119699985 0.1707489 0.01188536
v 0.11966556 0.172718 0.010618523
v 0.12076027 0.1749625 0.010102153
v 0.11966556 0.172718 0.010618523
v 0.12022324 0.17258032 0.010618523
v 0.11935574 0.17189871 0.010866389
v 0.11966556 0.172718 0.010618523
v 0.119699985 0.1707489 0.01188536
v 0.12022324 0.17258032 0.010618523
v -0.12069525 0.17253213 0.010405093
v -0.11942841 0.17292456 0.010769993
v -0.118560925 0.16578485 0.010818183
v -0.12069525 0.17253213 0.010405093
v -0.118560925 0.16578485 0.010818183
v -0.120151356 0.16809131 0.011203751
v -0.118815675 0.1704735 0.011472255
v -0.118560925 0.16578485 0.010818183
v -0.11922188 0.17052172 0.011121124
v 0.12018193 0.16762315 0.011245057
v 0.119899645 0.16780214 0.010205433
v 0.12034717 0.16729955 0.010570332
v 0.12018193 0.16762315 0.011245057
v 0.11925934 0.16656975 0.01074934
v 0.119899645 0.16780214 0.010205433
v 0.11994096 0.16309284 0.012071252
v 0.11925934 0.16656975 0.01074934
v 0.12018193 0.16762315 0.011245057
v 0.11994096 0.16309284 0.012071252
v 0.12034717 0.16729955 0.010570332
v 0.11925934 0.16656975 0.01074934
v 0.11994096 0.16309284 0.012071252
v 0.12077404 0.1676851 0.0101159215
v 0.12034717 0.16729955 0.010570332
v 0.12064322 0.17294522 0.008924827
v 0.12022324 0.17258032 0.010618523
v 0.11966556 0.172718 0.010618523
v 0.11966556 0.172718 0.010618523
v 0.12022324 0.17258032 0.010618523
v 0.12076027 0.1749625 0.010102153
v 0.11935574 0.17189871 0.010866389
v 0.12022324 0.17258032 0.010618523
v 0.12064322 0.17294522 0.008924827
v 0.1203334 0.16799493 0.010714918
v 0.119934075 0.16862147 0.0099093765
v 0.12073961 0.16930307 0.010047078
v 0.1203334 0.16799493 0.010714918
v 0.119899645 0.16780214 0.010205433
v 0.119934075 0.16862147 0.0099093765
v -0.120674595 0.16759561 0.010102153
v -0.118560925 0.16578485 0.010818183
v -0.120530024 0.16858704 0.009227768
v 0.12077404 0.1676851 0.0101159215
v 0.1203334 0.16799493 0.010714918
v 0.12034717 0.16729955 0.010570332
v 0.12077404 0.1676851 0.0101159215
v 0.119899645 0.16780214 0.010205433
v 0.1203334 0.16799493 0.010714918
v 0.119245574 0.16601206 0.009812981
v 0.12034717 0.16729955 0.010570332
v 0.119899645 0.16780214 0.010205433
v -0.12069525 0.17253213 0.010405093
v -0.120351 0.17258032 0.009393007
v -0.11942841 0.17292456 0.010769993
v 0.11935574 0.17189871 0.010866389
v 0.12027144 0.17098989 0.009572014
v 0.12038848 0.17081086 0.010480821
v 0.12027144 0.17098989 0.009572014
v 0.12136614 0.17272489 0.009034991
v 0.12038848 0.17081086 0.010480821
v 0.120533064 0.16848375 0.009275958
v 0.12073961 0.16930307 0.010047078
v 0.119934075 0.16862147 0.0099093765
v 0.120533064 0.16848375 0.009275958
v 0.12077404 0.1676851 0.0101159215
v 0.12073961 0.16930307 0.010047078
v 0.12077404 0.1676851 0.0101159215
v 0.120533064 0.16848375 0.009275958
v 0.119899645 0.16780214 0.010205433
v -0.12148015 0.17470776 0.008876637
v -0.120612636 0.17418452 0.007768154
v -0.12069525 0.17253213 0.010405093
v 0.12109075 0.16875915 0.009599552
v 0.12064322 0.17294522 0.008924827
v 0.12136614 0.17272489 0.009034991
v -0.12069525 0.17253213 0.010405093
v -0.120612636 0.17418452 0.007768154
v -0.120530024 0.16858704 0.009227768
v 0.12109075 0.16875915 0.009599552
v 0.120533064 0.16848375 0.009275958
v 0.12064322 0.17294522 0.008924827
v 0.120533064 0.16848375 0.009275958
v 0.12109075 0.16875915 0.009599552
v 0.12126287 0.1691034 0.008704513
v 0.12126287 0.1691034 0.008704513
v 0.12136614 0.17272489 0.009034991
v 0.12064322 0.17294522 0.008924827
v 0.12126287 0.1691034 0.008704513
v 0.12189628 0.16469015 0.008105516
v 0.12136614 0.17272489 0.009034991
v -0.120530024 0.16858704 0.009227768
v -0.118560925 0.16578485 0.010818183
v -0.120275274 0.16508947 0.0070314556
v -0.12148015 0.17470776 0.008876637
v -0.119497284 0.1748799 0.0124568045
v -0.12366955 0.17508642 0.0011241734
v 0.12064322 0.17294522 0.008924827
v 0.122171685 0.1731311 0.0061364174
v 0.12107698 0.16680382 0.007802576
v 0.12064322 0.17294522 0.008924827
v 0.12107698 0.16680382 0.007802576
v 0.12126287 0.1691034 0.008704513
v 0.12189628 0.16469015 0.008105516
v 0.12107698 0.16680382 0.007802576
v 0.12136614 0.17272489 0.009034991
v -0.12187947 0.1723531 0.00827764
v -0.12148015 0.17470776 0.008876637
v -0.12366955 0.17508642 0.0011241734
v -0.12366955 0.17508642 0.0011241734
v -0.120612636 0.17418452 0.007768154
v -0.121184096 0.17459072 -0.00611192
v -0.12187947 0.1723531 0.00827764
v -0.121184096 0.17459072 -0.00611192
v -0.120612636 0.17418452 0.007768154
v -0.12187947 0.1723531 0.00827764
v -0.12263681 0.17381962 9.830296E-05
v -0.121184096 0.17459072 -0.00611192
v 0.122756906 0.1669553 0.0046217293
v 0.12376211 0.16437344 0.0015441477
v 0.12286018 0.16669367 -0.0052926093
v 0.122171685 0.1731311 0.0061364174
v 0.11899083 0.1749212 0.010363787
v 0.121490076 0.1747766 -0.00445953
v 0.122240536 0.17280062 -0.0067315698
v 0.122171685 0.1731311 0.0061364174
v 0.121490076 0.1747766 -0.00445953
v -0.12366955 0.17508642 0.0011241734
v -0.121184096 0.17459072 -0.00611192
v -0.117941275 0.17480417 -0.010628462
v -0.122485355 0.17269735 -0.006098151
v -0.12147327 0.16723071 -0.0075990707
v -0.121184096 0.17459072 -0.00611192
v 0.12146253 0.16714118 -0.0073443353
v 0.12286018 0.16669367 -0.0052926093
v 0.122240536 0.17280062 -0.0067315698
v -0.12147327 0.16723071 -0.0075990707
v -0.121452615 0.17494185 -0.008852139
v -0.121184096 0.17459072 -0.00611192
v 0.122240536 0.17280062 -0.0067315698
v 0.12168285 0.16678317 -0.008211836
v 0.12146253 0.16714118 -0.0073443353
v -0.121184096 0.17459072 -0.00611192
v -0.1212254 0.16978501 -0.0083426535
v -0.121149674 0.17252524 -0.009223923
v -0.1212254 0.16978501 -0.0083426535
v -0.121184096 0.17459072 -0.00611192
v -0.121452615 0.17494185 -0.008852139
v 0.12124222 0.16931684 -0.008445933
v 0.122240536 0.17280062 -0.0067315698
v 0.12085666 0.172718 -0.0086731315
v 0.12031963 0.16772641 -0.009396054
v 0.12146253 0.16714118 -0.0073443353
v 0.12124222 0.16931684 -0.008445933
v 0.12146253 0.16714118 -0.0073443353
v 0.12168285 0.16678317 -0.008211836
v 0.12124222 0.16931684 -0.008445933
v -0.121149674 0.17252524 -0.009223923
v -0.120468065 0.17220853 -0.009698987
v -0.121184096 0.17459072 -0.00611192
v -0.12147327 0.16723071 -0.0075990707
v -0.12121852 0.16701038 -0.008934751
v -0.12039919 0.16836672 -0.009279005
v 0.12031963 0.16772641 -0.009396054
v 0.12120779 0.16705169 -0.008948535
v 0.12146253 0.16714118 -0.0073443353
v 0.12168285 0.16678317 -0.008211836
v 0.12120779 0.16705169 -0.008948535
v 0.120822236 0.16729267 -0.010001928
v -0.1216798 0.16692089 -0.008425266
v -0.12121852 0.16701038 -0.008934751
v -0.12125982 0.16442163 -0.009513095
v -0.12121852 0.16701038 -0.008934751
v -0.12066771 0.16698973 -0.008907214
v -0.12125982 0.16442163 -0.009513095
v 0.11892198 0.16518585 -0.009044915
v 0.12146253 0.16714118 -0.0073443353
v 0.12066388 0.16699661 -0.0089003295
v 0.11892198 0.16518585 -0.009044915
v 0.12286018 0.16669367 -0.0052926093
v 0.12146253 0.16714118 -0.0073443353
v 0.12146253 0.16714118 -0.0073443353
v 0.12120779 0.16705169 -0.008948535
v 0.12066388 0.16699661 -0.0089003295
v 0.12066388 0.16699661 -0.0089003295
v 0.12120779 0.16705169 -0.008948535
v 0.12251593 0.16414623 -0.0073718727
v -0.121184096 0.16899325 -0.009478673
v -0.120468065 0.17220853 -0.009698987
v -0.121149674 0.17252524 -0.009223923
v -0.121184096 0.16899325 -0.009478673
v -0.12039919 0.16836672 -0.009279005
v -0.120468065 0.17220853 -0.009698987
v 0.12085666 0.172718 -0.0086731315
v 0.12100124 0.16922735 -0.0096163675
v 0.12113205 0.17438416 -0.009685218
v 0.12031963 0.16772641 -0.009396054
v 0.12100124 0.16922735 -0.0096163675
v 0.12085666 0.172718 -0.0086731315
v 0.12100124 0.16922735 -0.0096163675
v 0.12031963 0.16772641 -0.009396054
v 0.12124222 0.16931684 -0.008445933
v -0.12121852 0.16701038 -0.008934751
v -0.12066771 0.16698973 -0.008907214
v -0.12039919 0.16836672 -0.009279005
v -0.12066771 0.16698973 -0.008907214
v -0.11984153 0.16677628 -0.009857342
v -0.12039919 0.16836672 -0.009279005
v 0.12066388 0.16699661 -0.0089003295
v 0.12120779 0.16705169 -0.008948535
v 0.12031963 0.16772641 -0.009396054
v 0.12066388 0.16699661 -0.0089003295
v 0.120822236 0.16729267 -0.010001928
v 0.12120779 0.16705169 -0.008948535
v -0.12125982 0.16442163 -0.009513095
v -0.12066771 0.16698973 -0.008907214
v -0.1208605 0.16719626 -0.009795375
v 0.11892198 0.16518585 -0.009044915
v 0.12066388 0.16699661 -0.0089003295
v 0.12031963 0.16772641 -0.009396054
v 0.120822236 0.16729267 -0.010001928
v 0.12066388 0.16699661 -0.0089003295
v 0.12251593 0.16414623 -0.0073718727
v 0.12085666 0.172718 -0.0086731315
v 0.120718956 0.17206393 -0.009891771
v 0.11996161 0.17196067 -0.009960614
v -0.120468065 0.17220853 -0.009698987
v -0.12074344 0.16927554 -0.010001928
v -0.121452615 0.17494185 -0.008852139
v 0.12100124 0.16922735 -0.0096163675
v 0.120822236 0.16729267 -0.010001928
v 0.120718956 0.17206393 -0.009891771
v 0.12251593 0.16414623 -0.0073718727
v 0.11901149 0.16368495 -0.012866072
v 0.12022324 0.1674992 -0.011131063
v 0.12030586 0.17123087 -0.010965824
v 0.11819218 0.17494874 -0.013809308
v 0.12113205 0.17438416 -0.009685218
v 0.114956245 0.16528915 -0.01671476
v 0.10922796 0.17496939 -0.019516937
v 0.10802309 0.16350593 -0.019943811
v 0.10184728 0.17443235 -0.020522147
v 0.10951713 0.15849368 -0.020680502
v 0.1166706 0.16004281 -0.017892092
v 0.1044498 0.15602197 -0.023317441
v 0.10182663 0.15726127 -0.02062542
v 0.10951713 0.15849368 -0.020680502
v 0.09690388 0.17497627 -0.01957202
v 0.09628424 0.15481023 -0.01942055
v 0.09207752 0.17462514 -0.01745145
v 0.09122379 0.15274476 -0.016976394
v 0.08703774 0.17499004 -0.012996882
v 0.08729936 0.15128513 -0.013224088
v 0.08515814 0.15446599 -0.010201588
v 0.08290676 0.14815937 -0.0086937845
v 0.08350575 0.17494185 -0.0063115954
v 0.08287233 0.14898555 -0.004314944
v 0.082514316 0.17449434 -0.0018294752
v 0.08259006 0.14911638 0.0031758845
v 0.08276218 0.17497627 0.0031965375
v 0.08414605 0.17463891 0.008201912
v 0.08489652 0.15003206 0.009806097
v 0.087320015 0.17495562 0.013289884
v 0.089061916 0.15195985 0.015210792
v 0.0916782 0.1747353 0.017166123
v 0.0953823 0.1541424 0.019245386
v 0.09682815 0.17498316 0.019548312
v 0.1018404 0.17438416 0.020574182
v 0.10133091 0.15745406 0.020457134
v 0.10703166 0.16155748 0.020167962
v 0.109097145 0.1749625 0.019562095
v 0.11376515 0.1614198 0.017620534
v 0.11583064 0.1750107 0.016181573
v 0.11994096 0.16309284 0.012071252
v 0.118949525 0.169248 0.012842372
v 0.12018193 0.16762315 0.011245057
v 0.119699985 0.1707489 0.01188536
v 0.12076027 0.1749625 0.010102153
v 0.11925246 0.16872473 0.0122502595
v 0.119699985 0.1707489 0.01188536
v 0.12038848 0.17081086 0.010480821
v 0.12136614 0.17272489 0.009034991
v 0.12073961 0.16930307 0.010047078
v -0.12039919 0.16836672 -0.009279005
v -0.12074344 0.16927554 -0.010001928
v -0.120468065 0.17220853 -0.009698987
v -0.12074344 0.16927554 -0.010001928
v -0.119910374 0.16846998 -0.010084547
v -0.12054379 0.16875915 -0.010525182
v -0.12074344 0.16927554 -0.010001928
v -0.12039919 0.16836672 -0.009279005
v -0.119910374 0.16846998 -0.010084547
v -0.12039919 0.16836672 -0.009279005
v -0.1208605 0.16719626 -0.009795375
v -0.12054379 0.16875915 -0.010525182
v -0.1208605 0.16719626 -0.009795375
v -0.12039919 0.16836672 -0.009279005
v -0.11984153 0.16677628 -0.009857342
v -0.12054379 0.16875915 -0.010525182
v -0.120468065 0.17220853 -0.009698987
v -0.121452615 0.17494185 -0.008852139
v -0.12054379 0.16875915 -0.010525182
v -0.119910374 0.16846998 -0.010084547
v -0.120468065 0.17220853 -0.009698987
v -0.12017201 0.16751985 -0.010614686
v -0.119910374 0.16846998 -0.010084547
v -0.12039919 0.16836672 -0.009279005
v 0.12018193 0.16753362 -0.010628462
v 0.12029209 0.16806377 -0.010118969
v 0.117228284 0.16690712 -0.0131690055
v -0.1208605 0.16719626 -0.009795375
v -0.12017201 0.16751985 -0.010614686
v -0.12125982 0.16442163 -0.009513095
v -0.1208605 0.16719626 -0.009795375
v -0.11984153 0.16677628 -0.009857342
v -0.12017201 0.16751985 -0.010614686
v 0.12031963 0.16772641 -0.009396054
v 0.12018193 0.16753362 -0.010628462
v 0.11892198 0.16518585 -0.009044915
v -0.1202202 0.1674992 -0.011131063
v -0.11961432 0.1676025 -0.010607801
v -0.12017201 0.16751985 -0.010614686
v -0.1202202 0.1674992 -0.011131063
v -0.12017201 0.16751985 -0.010614686
v -0.11961432 0.1676025 -0.010607801
v -0.12017201 0.16751985 -0.010614686
v -0.11961432 0.1676025 -0.010607801
v -0.119910374 0.16846998 -0.010084547
v -0.11961432 0.1676025 -0.010607801
v -0.11656429 0.16656975 -0.013747342
v -0.119910374 0.16846998 -0.010084547
v 0.119631134 0.1676025 -0.010628462
v 0.12018193 0.16753362 -0.010628462
v 0.117228284 0.16690712 -0.0131690055
v 0.119631134 0.1676025 -0.010628462
v 0.12022324 0.1674992 -0.011131063
v 0.12018193 0.16753362 -0.010628462
v 0.119631134 0.1676025 -0.010628462
v 0.12018193 0.16753362 -0.010628462
v 0.12022324 0.1674992 -0.011131063
v -0.12017201 0.16751985 -0.010614686
v -0.1202202 0.1674992 -0.011131063
v -0.12125982 0.16442163 -0.009513095
v -0.11961432 0.1676025 -0.010607801
v -0.12017201 0.16751985 -0.010614686
v -0.11984153 0.16677628 -0.009857342
v 0.12018193 0.16753362 -0.010628462
v 0.119631134 0.1676025 -0.010628462
v 0.11892198 0.16518585 -0.009044915
v -0.119910374 0.16846998 -0.010084547
v -0.1191117 0.16853882 -0.0115235
v -0.120468065 0.17220853 -0.009698987
v -0.119910374 0.16846998 -0.010084547
v -0.11967628 0.16844244 -0.011530384
v -0.1191117 0.16853882 -0.0115235
v -0.1191117 0.16853882 -0.0115235
v -0.11967628 0.16844244 -0.011530384
v -0.11990349 0.1693375 -0.011599235
v -0.11656429 0.16656975 -0.013747342
v -0.11967628 0.16844244 -0.011530384
v -0.119910374 0.16846998 -0.010084547
v -0.11820291 0.16376756 -0.013733573
v -0.12125982 0.16442163 -0.009513095
v -0.1202202 0.1674992 -0.011131063
v -0.11820291 0.16376756 -0.013733573
v -0.1191117 0.16853882 -0.0115235
v -0.11990349 0.1693375 -0.011599235
v -0.1191117 0.16853882 -0.0115235
v -0.11967628 0.16844244 -0.011530384
v -0.11656429 0.16656975 -0.013747342
v -0.1191117 0.16853882 -0.0115235
v -0.11820291 0.16376756 -0.013733573
v -0.11967628 0.16844244 -0.011530384
v 0.016680337 0.014384598 -0.023771845
v 0.017692424 0.014164284 -0.02446723
v 0.0170177 0.016030103 -0.024240024
v -0.020918429 0.009241536 0.014274433
v -0.020711884 0.0065082014 0.013551518
v -0.020161077 0.00714162 0.012484357
v -0.0187359 0.005709544 0.0121883005
v -0.018343449 0.004449606 0.013785601
v -0.016718596 0.0052482635 0.013241693
v 0.01979234 0.006852448 0.012284681
v 0.020549685 0.0062465817 0.013289884
v 0.020880163 0.008690745 0.013696104
v 0.022208959 0.010811299 -0.013960779
v 0.023730539 0.010625407 -0.0150761455
v 0.02266337 0.011492923 -0.015509896
v 0.023923315 0.011747658 0.016126499
v 0.023854464 0.010549679 0.014928505
v 0.022463702 0.011334568 0.015272751
v 0.022463702 0.011334568 0.015272751
v 0.023854464 0.010549679 0.014928505
v 0.022408627 0.010680497 0.013565287
v 0.11613357 0.1734478 0.014122978
v 0.11899083 0.1749212 0.010363787
v 0.122171685 0.1731311 0.0061364174
v -0.019389957 0.004738778 -0.014965981
v -0.018412307 0.0049590915 -0.015929878
v -0.019913226 0.005530536 -0.01583349
v 0.11819218 0.17494874 -0.013809308
v 0.12400997 0.17498316 0.0001051873
v 0.12113205 0.17438416 -0.009685218
v 0.122240536 0.17280062 -0.0067315698
v 0.12400997 0.17498316 0.0001051873
v 0.122171685 0.1731311 0.0061364174
v -0.02648148 0.012766629 0.008009121
v -0.026536554 0.011940435 0.007499635
v -0.02858138 0.012174532 0.007513404
v -0.01739332 0.013413817 0.023810104
v -0.01622288 0.01317285 0.022563934
v -0.018253952 0.01265648 0.023458973
v -0.030116737 0.013758063 0.007947162
v -0.030722603 0.013165966 0.007513404
v -0.030578017 0.021868557 0.007644221
v 0.024976715 0.0121469945 -0.011544161
v 0.026023224 0.013895765 -0.012239538
v 0.025947496 0.012291566 -0.012349695
v 0.013940126 0.007410139 0.01878409
v 0.014504693 0.0073412806 0.02095285
v 0.0145459995 0.008924827 0.020546645
v 0.018298306 0.012594506 0.020532861
v 0.019840531 0.012663364 0.021909863
v 0.019998886 0.013661683 0.020298779
v -0.030116737 0.013758063 0.007947162
v -0.02858138 0.012174532 0.007513404
v -0.030722603 0.013165966 0.007513404
v 0.12113205 0.17438416 -0.009685218
v 0.11877052 0.1730416 -0.011654317
v 0.12046421 0.1723118 -0.010401256
v 0.012232654 0.0061226487 0.022577703
v 0.011819556 0.0054135025 0.020773843
v 0.010717966 0.0059918314 0.021730855
v 0.0228768 0.012876794 0.016181573
v 0.023923315 0.011747658 0.016126499
v 0.022463702 0.011334568 0.015272751
v -0.013544634 0.0061777234 -0.01995758
v -0.013358742 0.0059161037 -0.021107368
v -0.014246896 0.0068042576 -0.020680502
v -0.020890892 0.014143631 0.021551847
v -0.01998207 0.01364103 0.02043648
v -0.02064991 0.015252098 0.020574182
v 0.02010905 0.0072586685 0.011596188
v 0.016453132 0.0044220686 0.011492923
v 0.018050447 0.0055787414 0.011603072
v -0.01622288 0.01317285 0.022563934
v -0.01729694 0.011974856 0.020718768
v -0.017427757 0.012525663 0.021648228
v -0.028292224 0.012264028 -0.0076403916
v -0.026068375 0.011038512 -0.0074889213
v -0.026722446 0.0121469945 -0.0074889213
v -0.007747501 0.012711555 -0.029142112
v -0.0075891465 0.012160763 -0.028019868
v -0.0076511055 0.013771832 -0.0302919
v -0.025125131 0.012491241 0.010873273
v -0.02445729 0.011176214 0.01198864
v -0.02343832 0.010708034 0.011589304
v -0.02445729 0.011176214 0.01198864
v -0.022901297 0.010694265 0.0125807375
v -0.02343832 0.010708034 0.011589304
v 0.010655999 0.016229764 0.027700111
v 0.011227451 0.014646232 0.02631624
v 0.010442562 0.014315754 0.026846379
v -0.018068045 0.008305177 -0.016907543
v -0.016663522 0.007602915 -0.016639024
v -0.018488035 0.009964451 -0.017609805
v -0.0187359 0.005709544 0.0121883005
v -0.016718596 0.0052482635 0.013241693
v -0.017737567 0.0054341555 0.011678815
v -0.02008535 0.007272437 0.011671931
v -0.0187359 0.005709544 0.0121883005
v -0.017737567 0.0054341555 0.011678815
v 0.0075095743 0.013551518 -0.03060861
v 0.007991523 0.013992161 -0.030174859
v 0.0075164586 0.020897776 -0.0304778
v -0.017090395 0.0069006532 0.016539589
v -0.016250417 0.0061433017 0.015561923
v -0.017317593 0.0057715178 0.016346812
v -0.015768483 0.0052482635 0.013937071
v -0.017737567 0.0054341555 0.011678815
v -0.016718596 0.0052482635 0.013241693
v -0.02008535 0.007272437 0.011671931
v -0.020161077 0.00714162 0.012484357
v -0.0187359 0.005709544 0.0121883005
v -0.02008535 0.007272437 0.011671931
v -0.020918429 0.009241536 0.014274433
v -0.020161077 0.00714162 0.012484357
v 0.018050447 0.0055787414 0.011603072
v 0.01979234 0.006852448 0.012284681
v 0.02010905 0.0072586685 0.011596188
v 0.010022581 0.007988468 -0.022326007
v 0.011110403 0.010143459 -0.023241706
v 0.009175733 0.008215681 -0.022291578
v -0.020760074 0.010171011 0.015320957
v -0.020918429 0.009241536 0.014274433
v -0.02142103 0.0097028315 0.013420701
v -0.009812981 0.0071278512 -0.021568656
v -0.010267392 0.0067147613 -0.022105686
v -0.010776877 0.00585413 -0.021300144
v -0.022398695 0.010769993 0.013847575
v -0.022598356 0.011355221 0.015286535
v -0.021661997 0.011362106 0.015458658
v 0.017265558 0.0126220435 0.022033796
v 0.016838692 0.012085021 0.021152511
v 0.016274124 0.013310552 0.022619009
v 0.018298306 0.012594506 0.020532861
v 0.016838692 0.012085021 0.021152511
v 0.017265558 0.0126220435 0.022033796
v -0.025125131 0.012491241 0.010873273
v -0.025359228 0.012477472 0.011713237
v -0.02445729 0.011176214 0.01198864
v 0.0145459995 0.008924827 0.020546645
v 0.015110567 0.009434313 0.020078465
v 0.013940126 0.007410139 0.01878409
v 0.021630622 0.011251941 -0.015310228
v 0.022208959 0.010811299 -0.013960779
v 0.02266337 0.011492923 -0.015509896
v -0.011121124 0.010501489 0.023445204
v -0.011183098 0.009572014 0.023218006
v -0.01280795 0.011128008 0.023162916
v -0.0065357387 0.0057439804 -0.020701155
v -0.0044633746 0.0041328967 -0.019220889
v -0.005482346 0.00471811 -0.019930035
v -0.022522628 0.011403412 -0.015289575
v -0.022371158 0.010756224 -0.013926357
v -0.021648228 0.011162445 -0.015227608
v -0.021648228 0.011162445 -0.015227608
v -0.022680968 0.012773514 -0.016170852
v -0.022522628 0.011403412 -0.015289575
v 0.021665052 0.0113139 0.015417337
v 0.022463702 0.011334568 0.015272751
v 0.022408627 0.010680497 0.013565287
v -0.016663522 0.007602915 -0.016639024
v -0.016298622 0.0061846077 -0.015709557
v -0.01544489 0.0060951114 -0.01573021
v -0.017104164 0.005420387 -0.012666404
v -0.01585798 0.005200058 -0.013678499
v -0.016319275 0.005344644 -0.014263719
v -0.017179891 0.015823558 0.024243861
v -0.016746134 0.01678057 0.024581224
v -0.016250417 0.0149216205 0.023734376
v -0.013523981 0.007065892 -0.018642552
v -0.014501646 0.008208796 -0.020329364
v -0.014604911 0.008360267 -0.019310392
v -0.014790818 0.009620205 -0.020529032
v -0.014501646 0.008208796 -0.020329364
v -0.014288217 0.010735571 -0.021899134
v -0.009861186 0.013530865 0.026302457
v -0.009028107 0.012814835 0.026770636
v -0.008676961 0.012319118 0.025827408
v -0.007850766 0.012477472 0.026447043
v -0.008676961 0.012319118 0.025827408
v -0.009028107 0.012814835 0.026770636
v -0.013964623 0.0075271726 0.01889424
v -0.0149216205 0.009138256 0.01993388
v -0.014501646 0.008670077 0.02038829
v 0.0170177 0.016030103 -0.024240024
v 0.01581283 0.014191821 -0.023517102
v 0.016680337 0.014384598 -0.023771845
v -0.016236648 0.007286206 0.016553357
v -0.016250417 0.0061433017 0.015561923
v -0.017090395 0.0069006532 0.016539589
v -0.018260837 0.005069256 0.016043872
v -0.01852934 0.006356731 0.01693204
v -0.017317593 0.0057715178 0.016346812
v -0.028292224 0.012264028 -0.0076403916
v -0.026722446 0.0121469945 -0.0074889213
v -0.026412621 0.012849256 -0.007936433
v -0.02008535 0.0073343962 -0.011798903
v -0.01858443 0.0060744584 -0.0117093995
v -0.019988954 0.0068386793 -0.012404777
v -0.019988954 0.0068386793 -0.012404777
v -0.020677447 0.00842911 -0.013237856
v -0.02008535 0.0073343962 -0.011798903
v 0.12085666 0.172718 -0.0086731315
v 0.12113205 0.17438416 -0.009685218
v 0.12124222 0.16931684 -0.008445933
v -0.014790818 0.009620205 -0.020529032
v -0.014604911 0.008360267 -0.019310392
v -0.014501646 0.008208796 -0.020329364
v 0.0101052 0.005778402 0.019073263
v 0.010607801 0.006019369 0.019720435
v 0.011613004 0.006150186 0.018756554
v -0.01632616 0.0054341555 0.014687538
v -0.015768483 0.0052482635 0.013937071
v -0.016718596 0.0052482635 0.013241693
v 0.0159643 0.012931868 -0.022539437
v 0.017389491 0.012566969 -0.021238178
v 0.016673453 0.013090223 -0.022732213
v 0.023923315 0.01126571 0.011534229
v 0.025293425 0.0123741925 0.011685699
v 0.025045566 0.0123741925 0.010914579
v 0.026209123 0.014914736 0.012608275
v 0.025045566 0.0123741925 0.010914579
v 0.025293425 0.0123741925 0.011685699
v 0.018580586 0.0059711784 -0.011413343
v 0.019936927 0.0072449 -0.011902176
v 0.01873894 0.0058954507 -0.012019217
v -0.027548641 0.014894083 0.009551361
v -0.026915222 0.014811471 0.0099713355
v -0.026922107 0.013833806 0.009062529
v -0.022371158 0.010756224 -0.013926357
v -0.022729173 0.010625407 -0.012804106
v -0.021648228 0.011162445 -0.015227608
v 0.010222249 0.005881667 -0.019282855
v 0.011633664 0.0061639547 -0.018794023
v 0.010676652 0.006019369 -0.019812994
v -0.0104877055 0.0146737695 0.027052924
v -0.009861186 0.013530865 0.026302457
v -0.010811299 0.0147150755 0.026502132
v -0.010811299 0.0147150755 0.026502132
v -0.01059787 0.017985433 0.028340414
v -0.0104877055 0.0146737695 0.027052924
v -0.015424222 0.0062190443 0.01594749
v -0.015768483 0.0052482635 0.013937071
v -0.016250417 0.0061433017 0.015561923
v 0.026925154 0.014763266 -0.009884879
v 0.027544804 0.014797702 -0.009513095
v 0.029114574 0.018598199 -0.009361625
v -0.011761427 0.0061364174 -0.018649437
v -0.009792328 0.005737096 -0.01917269
v -0.010604754 0.006040022 -0.019599557
v -0.009599552 0.012842372 -0.025906183
v -0.007768154 0.012498125 -0.026353702
v -0.009000555 0.012828603 -0.02651894
v -0.009709716 0.00672853 0.020491555
v -0.010246739 0.0058954507 0.019286692
v -0.010694265 0.006026253 0.019899458
v -0.011775196 0.0061639547 0.01869458
v -0.010694265 0.006026253 0.019899458
v -0.010246739 0.0058954507 0.019286692
v 0.018050447 0.0055787414 0.011603072
v 0.01670099 0.005323991 0.01302138
v 0.018676974 0.005716428 0.012119442
v 0.026326165 0.013214156 -0.008976072
v 0.026498288 0.012849256 -0.007922664
v 0.027131706 0.013448238 -0.008817717
v 0.009554401 0.01296629 0.0260133
v 0.007819399 0.012443036 0.02636443
v 0.009272121 0.012993842 0.02662605
v -0.02647458 0.01684253 0.013510212
v -0.02612345 0.014336407 0.012484357
v -0.02627492 0.015410453 0.012215838
v 0.007902011 0.012566969 -0.026463866
v 0.008976072 0.012387961 -0.025768481
v 0.0089209825 0.012842372 -0.026546486
v 0.009581946 0.008711398 0.02255705
v 0.010263555 0.008318946 0.022632778
v 0.00967145 0.007726848 0.021772161
v -0.11984153 0.16677628 -0.009857342
v -0.11656429 0.16656975 -0.013747342
v -0.11961432 0.1676025 -0.010607801
v -0.122485355 0.17269735 -0.006098151
v -0.121184096 0.17459072 -0.00611192
v -0.12263681 0.17381962 9.830296E-05
v -0.040079266 0.23505442 0.08944443
v -0.054303586 0.23503377 0.08159557
v -0.04770091 0.23548819 0.08560951
v 0.11925246 0.16872473 0.0122502595
v 0.11874297 0.16930996 0.011603072
v 0.118481345 0.1690139 0.01193355
v 0.11874297 0.16930996 0.011603072
v 0.11925246 0.16872473 0.0122502595
v 0.119699985 0.1707489 0.01188536
v -0.015713394 0.0143432915 -0.023689225
v -0.017882153 0.014260665 -0.024522305
v -0.016353697 0.01322104 -0.022553205
v 0.0074544847 0.17105184 0.092742324
v 0.0074958056 0.18449129 0.110106185
v 0.0075577646 0.18498011 0.0927079
v -0.0025906563 0.16268663 0.0899608
v -0.0042568296 0.15763994 0.089953914
v -0.007472098 0.17105184 0.09271479
v -0.004904017 0.30999035 0.035418153
v -0.0019710213 0.30802125 0.035018817
v 0.007963985 0.3099628 0.034571305
v -0.016195342 0.30800748 0.030908495
v -0.020525977 0.3098526 0.029634789
v -0.030405894 0.30801433 0.017689377
v -0.026385084 0.0123535395 -0.013010651
v -0.026185423 0.015203908 -0.012418546
v -0.025001213 0.012443036 -0.011248104
v -0.12039919 0.16836672 -0.009279005
v -0.121184096 0.16899325 -0.009478673
v -0.1212254 0.16978501 -0.0083426535
v -0.12147327 0.16723071 -0.0075990707
v -0.12039919 0.16836672 -0.009279005
v -0.1212254 0.16978501 -0.0083426535
v -0.12430297 0.16385017 -0.00060395896
v -0.12207912 0.16665925 0.007706195
v -0.122932866 0.16699661 -0.003461212
v -0.122932866 0.16699661 -0.003461212
v -0.12147327 0.16723071 -0.0075990707
v -0.1216798 0.16692089 -0.008425266
v 0.035675943 0.30993527 -0.0031858236
v 0.033555374 0.30801433 0.010714918
v 0.03445042 0.30802125 -0.0051136017
v 0.0075164586 0.18499388 -0.093502715
v 0.0075371116 0.18497322 -0.1106738
v 0.0077230036 0.17183672 -0.09270406
v -0.01694581 0.30795926 -0.030794501
v -0.03121832 0.3079868 -0.015854143
v -0.025207758 0.30979067 -0.025107525
v 0.054678425 0.23552261 0.081327066
v 0.06139815 0.2350613 0.07639055
v 0.047593802 0.23500623 0.08568524
v 0.06049622 0.19999622 -0.07067219
v 0.06048245 0.15633179 -0.07058957
v 0.061088324 0.17255278 -0.06699562
v -0.007788807 0.30999035 -0.034629427
v -0.002253294 0.30815893 -0.034794666
v -0.01694581 0.30795926 -0.030794501
v -0.0074239075 0.17100365 -0.09277979
v -0.0042981356 0.15749536 -0.089894995
v -0.0027352422 0.16258334 -0.08977106
v -0.007954046 0.18499388 -0.09265587
v -0.0074239075 0.17100365 -0.09277979
v -0.0075684935 0.18489061 -0.10867028
v -0.007472098 0.17105184 0.09271479
v -0.0042568296 0.15763994 0.089953914
v -0.0071760416 0.15639378 0.09272167
v 0.057728462 0.15218706 -0.064000666
v 0.061088324 0.17255278 -0.06699562
v 0.057101935 0.14977045 -0.06725725
v -0.0071760416 0.15637313 -0.09271783
v -0.0042981356 0.15749536 -0.089894995
v -0.0074239075 0.17100365 -0.09277979
v -0.07531649 0.2000031 -0.056826532
v -0.08228406 0.19998245 -0.043524794
v -0.077010185 0.1994936 -0.05223427
v 0.0043838024 0.15750913 -0.0899845
v 0.0071790963 0.15638001 -0.09272471
v 0.0077230036 0.17183672 -0.09270406
v -0.054007545 0.08486593 -0.024308875
v -0.05097127 0.08682126 -0.020171009
v -0.04927069 0.08819136 -0.025713407
v 0.057101935 0.14977045 -0.06725725
v 0.061088324 0.17255278 -0.06699562
v 0.06048245 0.15633179 -0.07058957
v -0.12793134 0.1700191 -0.039903305
v -0.12373839 0.16339578 -0.03713555
v -0.12531506 0.17001222 -0.042540245
v 0.057728462 0.15218706 -0.064000666
v 0.06404886 0.1522146 -0.057817966
v 0.061088324 0.17255278 -0.06699562
v 0.008074135 0.30801433 -0.033878967
v 0.013644069 0.30958414 -0.032736063
v 0.021706358 0.30801433 -0.027248748
v -0.007788807 0.30999035 -0.034629427
v 0.002304539 0.30978376 -0.03533858
v -0.002253294 0.30815893 -0.034794666
v -0.018322796 0.306238 0.021076784
v -0.014956057 0.30797994 0.024484828
v -0.021841004 0.3079868 0.017007768
v 0.026670411 0.20006506 -0.085103065
v 0.017857663 0.20058833 -0.0870102
v 0.0086937845 0.20009948 -0.08853866
v 0.019413665 0.02116628 -0.024604924
v 0.018959261 0.014226243 -0.024577387
v 0.020171009 0.014419019 -0.023992166
v 0.12467781 0.1700673 -0.04293269
v 0.123707026 0.16337512 -0.0372044
v 0.12790686 0.17004664 -0.040020347
v -0.0288499 0.22996645 0.13085745
v -0.033999845 0.2319975 0.1244338
v -0.030991122 0.23499934 0.12522556
v -0.02442287 0.30600393 0.012160763
v -0.018322796 0.306238 0.021076784
v -0.021841004 0.3079868 0.017007768
v -0.02322489 0.30771142 -0.020136587
v -0.017386436 0.30603838 -0.027682506
v -0.026694909 0.3060177 -0.009581946
v -0.020525977 0.3098526 0.029634789
v -0.016195342 0.30800748 0.030908495
v -0.004904017 0.30999035 0.035418153
v 0.023117773 0.3059833 -0.014814511
v 0.017981596 0.3079524 -0.022491246
v 0.025169492 0.30795926 -0.010965824
v -0.03973502 0.03013739 0.0072449
v -0.044403017 0.035005048 0.007306859
v -0.034268364 0.024939239 0.0075478405
v -0.02915284 0.018708348 -0.009237699
v -0.029166609 0.013881996 -0.009099998
v -0.027107999 0.014797702 -0.009630136
v -0.12296729 0.23499934 -0.03899449
v -0.12884016 0.2299871 -0.036811955
v -0.1219552 0.2319975 -0.04199633
v 0.030973516 0.23500623 0.12523244
v 0.03399601 0.23199062 0.124426916
v 0.028846063 0.23000775 0.13085057
v -0.027624369 0.3079937 -0.0055267066
v -0.027163088 0.30600393 0.002088055
v -0.02633001 0.30800056 0.007726848
v 0.09682815 0.17498316 0.019548312
v 0.1018404 0.17438416 0.020574182
v 0.109097145 0.1749625 0.019562095
v -0.028836131 0.22999398 -0.13086051
v -0.030894727 0.23500623 -0.12553154
v -0.033999845 0.2319975 -0.12442995
v 0.034009777 0.23198374 -0.124423064
v 0.030987285 0.23499934 -0.12522171
v 0.028846063 0.22995956 -0.13085362
v 0.039882652 0.030481637 0.0071347356
v 0.044399187 0.035005048 0.0073137432
v 0.042085834 0.03596206 0.004594192
v 0.12196513 0.23201127 0.042000175
v 0.12295657 0.23499934 0.038977668
v 0.12900156 0.22996645 0.03661613
v -0.06129183 0.29812068 0.05515045
v -0.055577308 0.29998648 0.060424328
v -0.043886647 0.2982239 0.06993933
v -0.0072793216 0.030151159 0.039576665
v -0.007513404 0.02105613 0.030467868
v -0.0076924115 0.024980545 0.034137547
v -0.02322489 0.30771142 -0.020136587
v -0.026694909 0.3060177 -0.009581946
v -0.027624369 0.3079937 -0.0055267066
v -0.027624369 0.3079937 -0.0055267066
v -0.026694909 0.3060177 -0.009581946
v -0.027163088 0.30600393 0.002088055
v -0.018033624 0.012732208 -0.023537755
v -0.016353697 0.01322104 -0.022553205
v -0.017882153 0.014260665 -0.024522305
v 0.0075164586 0.18499388 -0.093502715
v 0.018243223 0.18478735 -0.091244444
v 0.029995851 0.18499388 -0.08805671
v -0.021992475 0.27113163 -0.08676234
v -0.02198559 0.20500158 -0.08626662
v -0.021035463 0.27294236 -0.086239085
v 0.12195825 0.23200439 -0.04199633
v 0.12878813 0.23003529 -0.03685327
v 0.12295657 0.23499934 -0.03899449
v -0.017882153 0.014260665 -0.024522305
v -0.015713394 0.0143432915 -0.023689225
v -0.017173007 0.01694581 -0.024419032
v -0.12879197 0.23002152 0.03684333
v -0.12295352 0.23499934 0.03900522
v -0.12198962 0.23190112 0.042000175
v 0.10601269 0.17257343 -0.018318959
v 0.11070823 0.17494185 -0.015971184
v 0.09928608 0.17491432 -0.015943646
v 0.021967985 0.27131748 0.08647013
v 0.021981753 0.20500158 0.08620849
v 0.020033315 0.2731489 0.086449474
v 0.06329151 0.29997957 0.058627352
v 0.04365561 0.30000025 0.074593574
v 0.052544087 0.29809314 0.06582901
v 0.011516616 0.20001687 0.123201385
v -0.0039676577 0.2006434 0.12338726
v -0.019720435 0.20001687 0.122278795
v 0.1044498 0.15602197 -0.023317441
v 0.10182663 0.15726127 -0.02062542
v 0.10951713 0.15849368 -0.020680502
v 0.08083439 0.29819638 -0.01688689
v 0.08221827 0.29819638 0.005172521
v 0.08187401 0.30012417 -0.0047624707
v -0.093293115 0.17286949 0.013888881
v -0.09813325 0.17490743 0.015403569
v -0.09078011 0.17494874 0.009110719
v -0.11007865 0.17487301 -0.016102001
v -0.10528672 0.17272489 -0.018181257
v -0.0988424 0.1749212 -0.015771523
v 0.028343461 0.0120643675 0.00765799
v 0.026574023 0.0124154985 0.007575378
v 0.02698712 0.014536068 0.00961332
v 0.0332662 0.30990082 0.0122296065
v 0.033555374 0.30801433 0.010714918
v 0.035675943 0.30993527 -0.0031858236
v 0.025906183 0.30802125 0.023279965
v 0.028419197 0.30994904 0.021255791
v 0.019833647 0.3099559 0.02962102
v 0.030553527 0.3080281 -0.017355062
v 0.021706358 0.30801433 -0.027248748
v 0.023730539 0.30997658 -0.02668418
v 0.0073305666 0.03499128 -0.044399187
v 0.0045559257 0.03603092 -0.04207895
v 0.007275477 0.030268207 -0.039682984
v -0.0046010762 0.03602402 0.04208967
v -0.0072793216 0.030151159 0.039576665
v -0.0073206276 0.034998164 0.044403017
v 0.07844531 0.23502688 -0.058768094
v 0.07312323 0.23544689 -0.06524684
v 0.064461954 0.23504753 -0.07389435
v 0.07788074 0.23501311 0.059529275
v 0.08296184 0.23541243 0.05216925
v 0.08699643 0.23504065 0.045139715
v -0.0076924115 0.024980545 0.034137547
v -0.007513404 0.02105613 0.030467868
v -0.007905856 0.024835974 0.031576335
v 0.11090789 0.15892054 0.020340085
v 0.10703166 0.16155748 0.020167962
v 0.1022948 0.15607019 0.021496758
v 0.034794666 0.21999703 0.103414014
v 0.046912193 0.22074749 0.09743786
v 0.059435934 0.22000392 0.09125517
v 0.034002893 0.2206511 0.1025465
v 0.034002893 0.23200439 0.10251208
v 0.047001697 0.23197685 0.0973759
v 0.061811246 0.22056158 0.08870773
v 0.058857597 0.23197685 0.09062864
v 0.071897715 0.2319975 0.08076249
v 0.07428679 0.2200108 0.07853177
v 0.08327167 0.22048585 0.06902364
v 0.08245236 0.23200439 0.069849834
v 0.089392394 0.23199062 0.060651526
v 0.09233227 0.22002457 0.056238264
v 0.09536165 0.23227291 0.050737187
v 0.099582136 0.22004522 0.042034596
v 0.099492624 0.23201127 0.04199329
v 0.12167597 0.16119947 0.014653116
v 0.11994096 0.16309284 0.012071252
v 0.11376515 0.1614198 0.017620534
v 0.11994096 0.16309284 0.012071252
v 0.12167597 0.16119947 0.014653116
v 0.1261443 0.16256268 0.0012549758
v 0.007296145 0.034970626 0.044368595
v 0.0072204024 0.030392125 0.039755672
v 0.004604116 0.03592764 0.04208967
v 0.009898655 0.30603838 -0.027661845
v 0.017981596 0.3079524 -0.022491246
v 0.023117773 0.3059833 -0.014814511
v -0.004904017 0.30999035 0.035418153
v -0.016195342 0.30800748 0.030908495
v -0.0019710213 0.30802125 0.035018817
v -0.10908033 0.17273177 0.017847732
v -0.11585513 0.17472152 0.013764948
v -0.10631257 0.17492808 0.016622216
v 0.017981596 0.3079524 -0.022491246
v 0.009898655 0.30603838 -0.027661845
v 0.009554401 0.3079937 -0.028219528
v 0.09690388 0.17497627 -0.01957202
v 0.09207752 0.17462514 -0.01745145
v 0.08703774 0.17499004 -0.012996882
v 0.0074544847 0.17105184 0.092742324
v 0.004397571 0.16404296 0.090002105
v 0.0025661737 0.16269352 0.089988336
v -0.067261085 0.29823083 -0.047731504
v -0.05421409 0.29816198 -0.062004022
v -0.060727254 0.3002137 -0.055077754
v -0.030405894 0.30801433 0.017689377
v -0.020525977 0.3098526 0.029634789
v -0.030426547 0.30993527 0.018563762
v -0.04208967 0.035955176 -0.0046110004
v -0.039666176 0.030302629 -0.0072066337
v -0.044396132 0.035011932 -0.007337451
v -0.060727254 0.3002137 -0.055077754
v -0.07044193 0.2999934 -0.042189114
v -0.067261085 0.29823083 -0.047731504
v -0.00729309 0.034956858 -0.044357873
v -0.0072173625 0.030433446 -0.039779373
v -0.0046010762 0.03603092 -0.042092726
v 0.04207895 0.036457777 -0.0046729743
v 0.044399187 0.03506702 -0.0073099136
v 0.039882652 0.03048852 -0.0071584433
v 0.006132573 0.013978392 -0.041066863
v 0.0074682683 0.01534161 -0.038299106
v 0.007275477 0.030268207 -0.039682984
v -0.044403017 0.035005048 0.007306859
v -0.03973502 0.03013739 0.0072449
v -0.042082787 0.035776168 0.0046423823
v 0.12377588 0.1619155 -0.009568177
v 0.1166706 0.16004281 -0.017892092
v 0.114956245 0.16528915 -0.01671476
v -0.018322796 0.306238 0.021076784
v -0.0098887235 0.3060246 0.027906656
v -0.014956057 0.30797994 0.024484828
v -0.0063636154 0.20000999 0.08863889
v 0.0026694387 0.20062964 0.08883166
v 0.013348021 0.20001687 0.08788842
v -0.04591082 0.3061967 -0.0036539882
v -0.04461646 0.30490232 0.008959249
v -0.0460141 0.3071537 0.003726676
v 0.029995851 0.18500076 0.12030281
v 0.032687865 0.1899855 0.1247987
v 0.034994327 0.19000615 0.12146638
v -0.09002964 0.1749212 -0.0077574253
v -0.0988424 0.1749212 -0.015771523
v -0.09288691 0.17289703 -0.013403095
v 0.08110979 0.30013108 0.012319118
v 0.08187401 0.30012417 -0.0047624707
v 0.08221827 0.29819638 0.005172521
v 0.08110979 0.30013108 0.012319118
v 0.08221827 0.29819638 0.005172521
v 0.07942297 0.2981826 0.021992475
v -0.030020341 0.18500076 0.12029593
v -0.034970626 0.19004746 0.12203093
v -0.03220287 0.18999238 0.1249295
v -0.034984395 0.19001304 -0.12206841
v -0.029992804 0.18500076 -0.120298974
v -0.0321891 0.18997861 -0.12489813
v -0.02075319 0.01534161 -0.020467065
v -0.02090466 0.013496444 -0.022732213
v -0.021063015 0.018522456 -0.021947332
v 0.06627958 0.30009663 -0.048454426
v 0.07287538 0.29816198 -0.038746633
v 0.07461038 0.2999934 -0.034340255
v 0.061191596 0.2984649 -0.054878093
v 0.07287538 0.29816198 -0.038746633
v 0.06627958 0.30009663 -0.048454426
v 0.032157727 0.18999238 -0.12493255
v 0.029995851 0.18500076 -0.12031274
v 0.03496679 0.18997861 -0.12206841
v 0.0077436566 0.024966776 -0.034236982
v 0.0075164586 0.020897776 -0.0304778
v 0.008032829 0.024891049 -0.031524308
v 0.09233227 0.22002457 0.056238264
v 0.07428679 0.2200108 0.07853177
v 0.08327167 0.22048585 0.06902364
v 0.028949335 0.018419191 0.009372354
v 0.0294244 0.014425904 0.009062529
v 0.02698712 0.014536068 0.00961332
v -0.040306464 0.3069954 -0.022759758
v -0.042695552 0.30476463 -0.016136423
v -0.044802353 0.30706424 -0.0110346675
v -0.040306464 0.3069954 -0.022759758
v -0.035211608 0.30487478 -0.028825402
v -0.042695552 0.30476463 -0.016136423
v -0.009530708 0.014832124 0.029800028
v -0.007540956 0.013565287 0.030343935
v -0.009475619 0.013331205 0.029090866
v -0.032512695 0.30992836 -0.014814511
v -0.025207758 0.30979067 -0.025107525
v -0.03121832 0.3079868 -0.015854143
v 0.08948878 0.16508259 0.005482346
v 0.08926158 0.16504128 -0.0045077354
v 0.08669349 0.16714118 0.00091072917
v 0.08948878 0.16508259 0.005482346
v 0.08669349 0.16714118 0.00091072917
v 0.0899363 0.16729267 0.010253623
v 0.09801924 0.28501856 -0.0055817813
v 0.0956164 0.28503233 0.021992475
v 0.09744091 0.28539723 0.010866389
v 0.08287233 0.14898555 -0.004314944
v 0.08515814 0.15446599 -0.010201588
v 0.08290676 0.14815937 -0.0086937845
v -0.060727254 0.3002137 -0.055077754
v -0.05421409 0.29816198 -0.062004022
v -0.04881628 0.30013108 -0.06585272
v 0.048619665 0.19998933 0.07930288
v 0.041824207 0.19932838 0.08306207
v 0.035042524 0.19996868 0.08617407
v -0.078201294 0.29821014 -0.026491404
v -0.07572959 0.3000347 -0.03135907
v -0.07968156 0.29994518 -0.019985117
v -0.041779846 0.30523282 0.019555196
v -0.036306307 0.30677503 0.028395489
v -0.043356508 0.30700916 0.016229764
v -0.05183877 0.19999622 -0.077323064
v -0.041862473 0.19936968 -0.08304446
v -0.035053253 0.19992049 -0.086184
v -0.009344816 0.30519152 0.0553983
v 0.0019740611 0.30706424 0.05623138
v -0.014680654 0.30705047 0.05431737
v -0.014680654 0.30705047 0.05431737
v -0.025916904 0.30535674 0.04971133
v -0.009344816 0.30519152 0.0553983
v 0.03156562 0.3099215 -0.016095117
v 0.030553527 0.3080281 -0.017355062
v 0.023730539 0.30997658 -0.02668418
v 0.0019740611 0.30706424 0.05623138
v -0.009344816 0.30519152 0.0553983
v 0.0084872395 0.30530858 0.05546026
v 0.0084872395 0.30530858 0.05546026
v 0.025789142 0.30530167 0.049979836
v 0.017375715 0.30700916 0.053387895
v -0.03293957 0.29807246 0.07740264
v -0.02554512 0.2984236 0.078297675
v -0.010639176 0.29816198 0.08159557
v -0.02322489 0.30771142 -0.020136587
v -0.017186776 0.30789042 -0.028143793
v -0.017386436 0.30603838 -0.027682506
v 0.0019740611 0.30706424 0.05623138
v 0.0084872395 0.30530858 0.05546026
v 0.017375715 0.30700916 0.053387895
v 0.08110979 0.30013108 0.012319118
v 0.07942297 0.2981826 0.021992475
v 0.07726109 0.3000278 0.027679458
v -0.09343082 0.22001769 0.054441288
v -0.08569901 0.22063734 0.06571886
v -0.07742329 0.2200108 0.075564355
v -0.031280294 0.30483347 0.033070385
v -0.036306307 0.30677503 0.028395489
v -0.041779846 0.30523282 0.019555196
v -0.031280294 0.30483347 0.033070385
v -0.026075259 0.3070711 0.03833048
v -0.036306307 0.30677503 0.028395489
v 0.034739584 0.30014485 -0.07425237
v 0.050037965 0.29861635 -0.065150455
v 0.04552143 0.30004847 -0.06814541
v 0.054712854 0.2999727 0.06124364
v 0.063346595 0.3000347 0.05200401
v 0.05959429 0.29819638 0.057071343
v 0.032605246 0.19998933 -0.12482928
v 0.03500121 0.19942476 -0.121434994
v 0.035916917 0.2000031 -0.12398243
v 0.03500121 0.19942476 -0.121434994
v 0.035076946 0.1999136 -0.08625285
v 0.035916917 0.2000031 -0.12398243
v 0.039882652 0.03048852 -0.0071584433
v 0.038347304 0.015561923 -0.0074751526
v 0.040405907 0.01384069 -0.006407976
v 0.025169492 0.30795926 -0.010965824
v 0.027475953 0.30625182 -0.0011134446
v 0.023117773 0.3059833 -0.014814511
v 0.02773758 0.30797994 0.0009933561
v 0.027475953 0.30625182 -0.0011134446
v 0.025169492 0.30795926 -0.010965824
v 0.020095274 0.300076 -0.079491824
v 0.01422929 0.29827213 -0.081130445
v 0.03468451 0.2981482 -0.07513364
v -0.009344816 0.30805564 0.02636443
v -0.014956057 0.30797994 0.024484828
v -0.0098887235 0.3060246 0.027906656
v -0.13194527 0.23004906 0.023417667
v -0.1241584 0.23590817 0.02998592
v -0.13054074 0.22995956 0.030364588
v -0.12531506 0.23499934 0.030633107
v -0.12879197 0.23002152 0.03684333
v -0.12295352 0.23499934 0.03900522
v -0.009654626 0.01477015 -0.029734217
v -0.009227768 0.013351858 -0.029266044
v -0.0076511055 0.013771832 -0.0302919
v -0.041834936 0.19956936 0.08306207
v -0.051494524 0.19996868 0.077526554
v -0.035087675 0.19994114 0.0862498
v 0.079622634 0.29997957 -0.02000577
v 0.08083439 0.29819638 -0.01688689
v 0.08187401 0.30012417 -0.0047624707
v -0.047728464 0.23503377 -0.085605666
v -0.054661617 0.23539867 -0.08133699
v -0.061615422 0.23502 -0.076221466
v -0.034998164 0.19935592 0.12151457
v -0.035087675 0.19994114 0.0862498
v -0.035727978 0.19999622 0.124041334
v -0.032677934 0.19998933 0.12478493
v -0.034998164 0.19935592 0.12151457
v -0.035727978 0.19999622 0.124041334
v -0.025916904 0.30535674 0.04971133
v -0.014680654 0.30705047 0.05431737
v -0.0260133 0.30700916 0.049566746
v 0.019076303 0.30004156 0.07986745
v 0.031317763 0.29985565 0.07583286
v 0.025479317 0.29817575 0.07873143
v 0.035076946 0.1999136 -0.08625285
v 0.041858636 0.19939034 -0.08304446
v 0.051194638 0.19997557 -0.077722386
v -0.014832124 0.20058145 0.087619916
v -0.0063636154 0.20000999 0.08863889
v -0.026708677 0.2000513 0.08508624
v 0.026023224 0.30701602 -0.0496111
v 0.025761597 0.3052948 -0.049955346
v 0.017706193 0.30704355 -0.05326701
v -0.031280294 0.30483347 0.033070385
v -0.025283486 0.30486792 0.037511185
v -0.026075259 0.3070711 0.03833048
v 0.0086937845 0.20009948 -0.08853866
v -0.0027765632 0.20047127 -0.08884849
v -0.010632291 0.2000031 -0.08822195
v 0.054299757 0.23502688 -0.08159862
v 0.047697082 0.23546754 -0.08561255
v 0.040089197 0.2350613 -0.0894337
v 0.025444888 0.3048404 0.0377315
v 0.03597199 0.3054325 0.02900137
v 0.02616781 0.30714685 0.03841999
v -0.0357624 0.19999622 -0.124023736
v -0.035053253 0.19992049 -0.086184
v -0.03497751 0.1994523 -0.12167597
v -0.0357624 0.19999622 -0.124023736
v -0.03497751 0.1994523 -0.12167597
v -0.032540232 0.2000031 -0.12483616
v 0.026525833 0.20048504 -0.11265667
v 0.026670411 0.20006506 -0.085103065
v 0.025169492 0.2000031 -0.11846069
v 0.017375715 0.30700916 0.053387895
v 0.025789142 0.30530167 0.049979836
v 0.02601634 0.30698848 0.04957363
v -0.07571581 0.3000278 0.031411096
v -0.078765854 0.2982239 0.024656951
v -0.07968156 0.30004847 0.019692898
v 0.12531811 0.23499934 0.030626222
v 0.09331682 0.23504065 0.030013457
v 0.12412013 0.23585309 0.029979035
v 0.0428363 0.30700225 0.017572328
v 0.043462828 0.30528104 0.015699625
v 0.04598961 0.30627936 0.0037542284
v -0.025951326 0.30533612 -0.038230263
v -0.03240943 0.30702293 -0.032825567
v -0.026047722 0.30704355 -0.037982404
v -0.07341623 0.23504753 -0.06493702
v -0.07831833 0.23544689 -0.05891268
v -0.08313781 0.23506819 -0.05190379
v 0.0075164586 0.02482909 0.031252757
v 0.008308232 0.021173164 0.030226886
v 0.007750541 0.013709873 0.03024754
v 0.057232745 0.29797608 -0.061405033
v 0.050037965 0.29861635 -0.065150455
v 0.034739584 0.30014485 -0.07425237
v 0.07287538 0.29816198 -0.038746633
v 0.061191596 0.2984649 -0.054878093
v 0.057232745 0.29797608 -0.061405033
v 0.04552143 0.30004847 -0.06814541
v 0.050037965 0.29861635 -0.065150455
v 0.055249877 0.30016547 -0.0605513
v 0.061191596 0.2984649 -0.054878093
v 0.06627958 0.30009663 -0.048454426
v 0.055249877 0.30016547 -0.0605513
v -0.005585626 0.29821706 -0.08219761
v -0.021427915 0.29839605 -0.07939543
v -0.03147307 0.29813445 -0.078238755
v 0.008631825 0.29975927 -0.08171566
v 0.01422929 0.29827213 -0.081130445
v 0.020095274 0.300076 -0.079491824
v -0.1241584 0.23590817 0.02998592
v -0.12531506 0.23499934 0.030633107
v -0.13054074 0.22995956 0.030364588
v 0.08938551 0.16611533 -0.0087144375
v 0.08669349 0.16714118 0.00091072917
v 0.08926158 0.16504128 -0.0045077354
v 0.0075715333 0.012202069 0.02833353
v 0.007819399 0.012443036 0.02636443
v 0.00750269 0.0120437145 0.026619166
v 0.12531811 0.23499934 -0.030622378
v 0.12416144 0.2359357 -0.029988967
v 0.09331682 0.23504753 -0.030030273
v 0.002304539 0.30978376 -0.03533858
v 0.008074135 0.30801433 -0.033878967
v -0.002253294 0.30815893 -0.034794666
v -0.09802997 0.2853697 0.0029831082
v -0.095881864 0.28508055 0.021861658
v -0.097947344 0.28502548 -0.007275477
v -0.08746156 0.16646646 0.0038574934
v -0.089072645 0.16504817 -0.004397571
v -0.09074569 0.16515832 0.007974699
v -0.093713105 0.17469399 0.018274605
v -0.089368686 0.17495562 0.015369147
v -0.098353565 0.17497627 0.02003026
v 0.01581283 0.014191821 -0.023517102
v 0.0170177 0.016030103 -0.024240024
v 0.016707875 0.016918257 -0.024660006
v 0.057232745 0.29797608 -0.061405033
v 0.061191596 0.2984649 -0.054878093
v 0.050037965 0.29861635 -0.065150455
v 0.061191596 0.2984649 -0.054878093
v 0.055249877 0.30016547 -0.0605513
v 0.050037965 0.29861635 -0.065150455
v 0.09331682 0.23504065 0.030013457
v 0.08699643 0.23504065 0.045139715
v 0.09046645 0.23542623 0.037683308
v 0.08414605 0.17463891 0.008201912
v 0.087320015 0.17495562 0.013289884
v 0.08276218 0.17497627 0.0031965375
v 0.010277323 0.3083104 0.033332005
v 0.019833647 0.3099559 0.02962102
v 0.007963985 0.3099628 0.034571305
v 0.007963985 0.3099628 0.034571305
v -0.0019710213 0.30802125 0.035018817
v 0.010277323 0.3083104 0.033332005
v -0.11007865 0.17487301 -0.016102001
v -0.117941275 0.17480417 -0.010628462
v -0.11400996 0.17301406 -0.015771523
v -0.06744698 0.23544689 -0.07109906
v -0.07341623 0.23504753 -0.06493702
v -0.061615422 0.23502 -0.076221466
v 0.08716167 0.23504065 -0.04481917
v 0.09331682 0.23504753 -0.030030273
v 0.090480216 0.23555015 -0.037651926
v -0.087365165 0.17499004 -0.0133342445
v -0.08247684 0.17495562 -0.002387166
v -0.084728226 0.17461137 -0.009299658
v 0.08716167 0.23504065 -0.04481917
v 0.08294119 0.23546754 -0.05219984
v 0.07844531 0.23502688 -0.058768094
v 0.12189628 0.16469015 0.008105516
v 0.12376211 0.16437344 0.0015441477
v 0.122756906 0.1669553 0.0046217293
v 0.12107698 0.16680382 0.007802576
v 0.12189628 0.16469015 0.008105516
v 0.122756906 0.1669553 0.0046217293
v -0.007540956 0.013565287 0.030343935
v -0.007499635 0.012029946 0.028402373
v -0.008016005 0.012319118 0.028154522
v -0.047728464 0.23503377 -0.085605666
v -0.03293957 0.23508196 -0.09230473
v -0.04040286 0.23541935 -0.08928223
v 0.0074958056 0.18449129 0.110106185
v 0.008081019 0.18500076 0.11056748
v 0.0075577646 0.18498011 0.0927079
v 0.008081019 0.18500076 0.11056748
v 0.0074958056 0.18449129 0.110106185
v 0.0025868267 0.18499388 0.11896025
v -0.02633001 0.30800056 0.007726848
v -0.02442287 0.30600393 0.012160763
v -0.021841004 0.3079868 0.017007768
v -0.007492751 0.18450506 0.11012684
v -0.007472098 0.17105184 0.09271479
v -0.007534072 0.18492503 0.0927079
v 0.11901149 0.16368495 -0.012866072
v 0.12377588 0.1619155 -0.009568177
v 0.114956245 0.16528915 -0.01671476
v 0.10922796 0.17496939 -0.019516937
v 0.10184728 0.17443235 -0.020522147
v 0.09690388 0.17497627 -0.01957202
v -0.061250523 0.23542623 0.0765007
v -0.054303586 0.23503377 0.08159557
v -0.06719224 0.23503377 0.07135075
v -0.08702092 0.23540555 -0.04507391
v -0.09049782 0.23501311 -0.037610613
v -0.08313781 0.23506819 -0.05190379
v -0.008077979 0.18500076 0.11059502
v -0.007492751 0.18450506 0.11012684
v -0.007534072 0.18492503 0.0927079
v -0.002563119 0.18498011 0.11896025
v -0.007492751 0.18450506 0.11012684
v -0.008077979 0.18500076 0.11059502
v -0.032801867 0.23541935 0.09234987
v -0.02498743 0.23502 0.0947665
v -0.040079266 0.23505442 0.08944443
v -0.078098014 0.23506819 0.05921945
v -0.073140845 0.23539178 0.06522314
v -0.06719224 0.23503377 0.07135075
v -0.02456057 0.20080175 -0.118350536
v -0.02060172 0.20000999 -0.121951364
v -0.026708677 0.20020278 -0.11371695
v -0.093864575 0.23499934 0.030784577
v -0.087014034 0.23542623 0.045091525
v -0.08322042 0.23504753 0.051769927
v 0.040089197 0.2350613 -0.0894337
v 0.032873765 0.23546754 -0.09232539
v 0.0249836 0.23500623 -0.09477643
v 0.082514316 0.17449434 -0.0018294752
v 0.08276218 0.17497627 0.0031965375
v 0.08350575 0.17494185 -0.0063115954
v -0.041779846 0.30523282 0.019555196
v -0.038716048 0.30532235 0.022625893
v -0.031280294 0.30483347 0.033070385
v -0.04461646 0.30490232 0.008959249
v -0.038716048 0.30532235 0.022625893
v -0.041779846 0.30523282 0.019555196
v 0.120718956 0.17206393 -0.009891771
v 0.12029209 0.17153381 -0.009471782
v 0.12000981 0.17108627 -0.010050118
v -0.027163088 0.30600393 0.002088055
v -0.02442287 0.30600393 0.012160763
v -0.02633001 0.30800056 0.007726848
v -0.09680444 0.17497627 -0.019544482
v -0.10145868 0.17428778 -0.020515263
v -0.10766891 0.1749212 -0.020047083
v 0.12000981 0.17108627 -0.010050118
v 0.12029209 0.16806377 -0.010118969
v 0.12042979 0.17093481 -0.010511413
v -0.08817759 0.17328946 -0.006655842
v -0.09002964 0.1749212 -0.0077574253
v -0.09288691 0.17289703 -0.013403095
v -0.0035614371 0.014515415 0.042468354
v 0.0037090778 0.013310552 0.042330652
v -0.0040089637 0.0120024085 0.040581867
v -0.0035614371 0.014515415 0.042468354
v -0.0040089637 0.0120024085 0.040581867
v -0.0067147613 0.014666885 0.040485486
v -0.018033624 0.012732208 -0.023537755
v -0.017882153 0.014260665 -0.024522305
v -0.019596517 0.014178053 -0.02438461
v 0.12791374 0.17003976 0.039865837
v 0.12374834 0.16339578 0.037153155
v 0.12593776 0.16999845 0.042062134
v 0.008074135 0.30801433 -0.033878967
v 0.002304539 0.30978376 -0.03533858
v 0.013644069 0.30958414 -0.032736063
v 0.12046421 0.1723118 -0.010401256
v 0.12030586 0.17123087 -0.010965824
v 0.12113205 0.17438416 -0.009685218
v -0.0121883005 0.3079868 -0.023709878
v -0.011575535 0.3079868 -0.024708197
v -0.012277797 0.30605215 -0.024790816
v -0.034034267 0.22006588 -0.124608964
v -0.033999845 0.2206098 -0.10254267
v -0.0348949 0.21999703 -0.10350656
v 0.120718956 0.17206393 -0.009891771
v 0.12000981 0.17108627 -0.010050118
v 0.12042979 0.17093481 -0.010511413
v -0.06023842 0.22000392 -0.09081758
v -0.06623523 0.22040324 -0.08532338
v -0.07516502 0.22004522 -0.07770862
v -0.0348949 0.21999703 -0.10350656
v -0.054021314 0.2207406 -0.0936473
v -0.06023842 0.22000392 -0.09081758
v -0.06023842 0.22000392 -0.09081758
v -0.054021314 0.2207406 -0.0936473
v -0.06623523 0.22040324 -0.08532338
v 0.034794666 0.21999703 0.103414014
v 0.03405109 0.22000392 0.12440626
v 0.034002893 0.2206511 0.1025465
v 0.034794666 0.21999703 0.103414014
v 0.034002893 0.2206511 0.1025465
v 0.046912193 0.22074749 0.09743786
v 0.012280852 0.30603838 0.024505496
v 0.012370355 0.3078835 0.024099275
v 0.011330724 0.30797994 0.02431959
v -0.10830921 0.17491432 0.019851252
v -0.10301468 0.174453 0.02049844
v -0.098353565 0.17497627 0.02003026
v 0.040405907 0.01384069 -0.006407976
v 0.04139734 0.012573853 -0.0035920292
v 0.042402543 0.01543799 -0.0042185634
v 0.053446017 0.22000392 -0.09408105
v 0.042436972 0.22069241 -0.0993205
v 0.03403732 0.22007965 -0.10257709
v 0.046912193 0.22074749 0.09743786
v 0.061811246 0.22056158 0.08870773
v 0.059435934 0.22000392 0.09125517
v 0.061811246 0.22056158 0.08870773
v 0.07428679 0.2200108 0.07853177
v 0.059435934 0.22000392 0.09125517
v -0.093864575 0.23499934 0.030784577
v -0.0933 0.23561211 0.030006573
v -0.09048405 0.23557769 0.037635103
v -0.121232286 0.2000031 -0.04403428
v -0.12275387 0.19939034 -0.043497257
v -0.08228406 0.19998245 -0.043524794
v 0.12120779 0.2000031 0.044038117
v 0.12281887 0.19943164 0.04349421
v 0.082294 0.19998933 0.04352863
v 0.06049622 0.19999622 0.07066226
v 0.05458892 0.1993215 0.075295836
v 0.048619665 0.19998933 0.07930288
v -0.11936645 0.17004664 0.012257144
v -0.117479965 0.16226663 0.0146737695
v -0.119497284 0.1748799 0.0124568045
v -0.11368637 0.17492808 0.017537907
v -0.113651946 0.1608621 0.017703146
v -0.10830921 0.17491432 0.019851252
v -0.10828167 0.15956084 0.019961417
v -0.10301468 0.174453 0.02049844
v -0.103248775 0.15812878 0.020546645
v -0.098353565 0.17497627 0.02003026
v -0.09721066 0.15563641 0.01978241
v -0.093713105 0.17469399 0.018274605
v -0.091275826 0.15310965 0.016918257
v -0.089368686 0.17495562 0.015369147
v -0.08770253 0.15140904 0.013716757
v -0.08547869 0.1749625 0.010735571
v -0.08483839 0.15036942 0.009620205
v -0.08310337 0.17459072 0.005234495
v -0.08280732 0.1493298 0.0041122437
v -0.08247684 0.17495562 -0.002387166
v -0.08253881 0.1496465 -0.0016022772
v -0.08265586 0.14806984 -0.00935474
v -0.083605975 0.15001829 -0.0068348497
v -0.084728226 0.17461137 -0.009299658
v -0.08697273 0.15111302 -0.013058849
v -0.087365165 0.17499004 -0.0133342445
v -0.09192301 0.17471464 -0.017361946
v -0.092108905 0.1535847 -0.017478995
v -0.09680444 0.17497627 -0.019544482
v -0.097011 0.15517513 -0.019689068
v -0.10145868 0.17428778 -0.020515263
v -0.10245012 0.15710981 -0.020618536
v -0.10766891 0.1749212 -0.020047083
v -0.10854331 0.15911333 -0.019930035
v -0.11354178 0.17494185 -0.017651118
v -0.11427848 0.1617365 -0.01725179
v -0.11828552 0.17472841 -0.013768002
v -0.11820291 0.16376756 -0.013733573
v -0.11990349 0.1693375 -0.011599235
v -0.12054379 0.16875915 -0.010525182
v -0.121452615 0.17494185 -0.008852139
v -0.11967628 0.16844244 -0.011530384
v -0.11820291 0.16376756 -0.013733573
v -0.1202202 0.1674992 -0.011131063
v 0.11925246 0.16872473 0.0122502595
v 0.118481345 0.1690139 0.01193355
v 0.118949525 0.169248 0.012842372
v 0.12018193 0.16762315 0.011245057
v -0.11507024 0.16689332 0.014969826
v -0.11855404 0.16803624 0.012140095
v -0.11799635 0.16897948 0.0123535395
v -0.11585513 0.17472152 0.013764948
v -0.10908033 0.17273177 0.017847732
v -0.10938327 0.16734774 0.017503485
v -0.11942841 0.17292456 0.010769993
v -0.118815675 0.1704735 0.011472255
v -0.118705496 0.1695096 0.01203683
v -0.11878811 0.16950272 0.011499807
v -0.118815675 0.1704735 0.011472255
v -0.118560925 0.16578485 0.010818183
v -0.119084165 0.16794674 0.012215838
v -0.118560925 0.16578485 0.010818183
v -0.11855404 0.16803624 0.012140095
v -0.11799635 0.16897948 0.0123535395
v -0.120275274 0.16508947 0.0070314556
v -0.118560925 0.16578485 0.010818183
v -0.10916296 0.16501375 0.015672088
v -0.11507024 0.16689332 0.014969826
v -0.10938327 0.16734774 0.017503485
v -0.10335204 0.16617729 0.01781331
v -0.119497284 0.1748799 0.0124568045
v -0.11922188 0.17052172 0.011121124
v -0.11942841 0.17292456 0.010769993
v -0.118560925 0.16578485 0.010818183
v -0.120151356 0.16809131 0.011203751
v -0.119497284 0.1748799 0.0124568045
v -0.12069525 0.17253213 0.010405093
v -0.12148015 0.17470776 0.008876637
v 0.11613357 0.1734478 0.014122978
v 0.11966556 0.172718 0.010618523
v 0.11935574 0.17189871 0.010866389
v 0.11528672 0.1670448 0.014852777
v 0.109882034 0.17301406 0.017386436
v 0.1080644 0.16625993 0.017723799
v 0.10096601 0.17261474 0.017889038
v 0.104890436 0.17484547 0.016918257
v 0.10048406 0.16694154 0.017469063
v 0.11838496 0.16957848 0.0119817555
v 0.118481345 0.1690139 0.01193355
v 0.11925934 0.16656975 0.01074934
v 0.11874297 0.16930996 0.011603072
v 0.119899645 0.16780214 0.010205433
v 0.119934075 0.16862147 0.0099093765
v 0.12009931 0.16948207 0.0098887235
v 0.120533064 0.16848375 0.009275958
v 0.12027144 0.17098989 0.009572014
v 0.12064322 0.17294522 0.008924827
v 0.11935574 0.17189871 0.010866389
v 0.12018193 0.16762315 0.011245057
v 0.1203334 0.16799493 0.010714918
v 0.12073961 0.16930307 0.010047078
v 0.12034717 0.16729955 0.010570332
v -0.12207912 0.16665925 0.007706195
v -0.120151356 0.16809131 0.011203751
v -0.120674595 0.16759561 0.010102153
v -0.118560925 0.16578485 0.010818183
v 0.11613357 0.1734478 0.014122978
v 0.12064322 0.17294522 0.008924827
v 0.11966556 0.172718 0.010618523
v 0.122171685 0.1731311 0.0061364174
v 0.12136614 0.17272489 0.009034991
v 0.12022324 0.17258032 0.010618523
v 0.119699985 0.1707489 0.01188536
v 0.12076027 0.1749625 0.010102153
v 0.12400997 0.17498316 0.0001051873
v 0.122171685 0.1731311 0.0061364174
v 0.12107698 0.16680382 0.007802576
v 0.11935574 0.17189871 0.010866389
v 0.12038848 0.17081086 0.010480821
v 0.12009931 0.16948207 0.0098887235
v 0.12073961 0.16930307 0.010047078
v 0.119245574 0.16601206 0.009812981
v 0.11925934 0.16656975 0.01074934
v 0.12034717 0.16729955 0.010570332
v 0.11351041 0.16499998 0.013744295
v 0.1206983 0.16502063 0.0039401203
v 0.11528672 0.1670448 0.014852777
v 0.1080644 0.16625993 0.017723799
v -0.11585513 0.17472152 0.013764948
v -0.120612636 0.17418452 0.007768154
v -0.12366955 0.17508642 0.0011241734
v -0.11942841 0.17292456 0.010769993
v -0.120351 0.17258032 0.009393007
v 0.12027144 0.17098989 0.009572014
v 0.12073961 0.16930307 0.010047078
v 0.12136614 0.17272489 0.009034991
v 0.12009931 0.16948207 0.0098887235
v 0.12073961 0.16930307 0.010047078
v 0.12109075 0.16875915 0.009599552
v 0.12136614 0.17272489 0.009034991
v 0.12077404 0.1676851 0.0101159215
v 0.12189628 0.16469015 0.008105516
v 0.12126287 0.1691034 0.008704513
v 0.11994096 0.16309284 0.012071252
v 0.1261443 0.16256268 0.0012549758
v -0.121197864 0.16905521 0.009145141
v -0.120674595 0.16759561 0.010102153
v -0.12069525 0.17253213 0.010405093
v -0.12207912 0.16665925 0.007706195
v -0.12148015 0.17470776 0.008876637
v -0.12187947 0.1723531 0.00827764
v -0.120674595 0.16759561 0.010102153
v -0.120351 0.17258032 0.009393007
v -0.12069525 0.17253213 0.010405093
v -0.120530024 0.16858704 0.009227768
v -0.120612636 0.17418452 0.007768154
v 0.119899645 0.16780214 0.010205433
v 0.120533064 0.16848375 0.009275958
v 0.119245574 0.16601206 0.009812981
v 0.12107698 0.16680382 0.007802576
v 0.12126287 0.1691034 0.008704513
v -0.12069525 0.17253213 0.010405093
v -0.120530024 0.16858704 0.009227768
v -0.121197864 0.16905521 0.009145141
v -0.120275274 0.16508947 0.0070314556
v -0.12148015 0.17470776 0.008876637
v -0.121197864 0.16905521 0.009145141
v -0.120612636 0.17418452 0.007768154
v -0.120275274 0.16508947 0.0070314556
v -0.12187947 0.1723531 0.00827764
v -0.120612636 0.17418452 0.007768154
v -0.120275274 0.16508947 0.0070314556
v -0.12207912 0.16665925 0.007706195
v -0.12366955 0.17508642 0.0011241734
v -0.12263681 0.17381962 9.830296E-05
v -0.12187947 0.1723531 0.00827764
v -0.122485355 0.17269735 -0.006098151
v -0.12207912 0.16665925 0.007706195
v -0.120275274 0.16508947 0.0070314556
v -0.12090869 0.16515832 -0.005141139
v -0.122932866 0.16699661 -0.003461212
v 0.11892198 0.16518585 -0.009044915
v 0.1206983 0.16502063 0.0039401203
v 0.12286018 0.16669367 -0.0052926093
v 0.122756906 0.1669553 0.0046217293
v 0.12107698 0.16680382 0.007802576
v 0.119245574 0.16601206 0.009812981
v -0.115001395 0.16499998 -0.012046762
v -0.12090869 0.16515832 -0.005141139
v -0.120275274 0.16508947 0.0070314556
v -0.10916296 0.16501375 0.015672088
v -0.09647396 0.16500686 0.013489559
v -0.09435341 0.16500686 -0.012074299
v -0.107104346 0.16511701 -0.016590834
v -0.089072645 0.16504817 -0.004397571
v -0.09074569 0.16515832 0.007974699
v -0.121452615 0.17494185 -0.008852139
v -0.122485355 0.17269735 -0.006098151
v -0.12366955 0.17508642 0.0011241734
v -0.12147327 0.16723071 -0.0075990707
v 0.12286018 0.16669367 -0.0052926093
v 0.12168285 0.16678317 -0.008211836
v 0.122240536 0.17280062 -0.0067315698
v 0.12251593 0.16414623 -0.0073718727
v 0.12376211 0.16437344 0.0015441477
v 0.12120779 0.16705169 -0.008948535
v -0.1216798 0.16692089 -0.008425266
v -0.12147327 0.16723071 -0.0075990707
v -0.1212254 0.16978501 -0.0083426535
v -0.121184096 0.16899325 -0.009478673
v -0.121452615 0.17494185 -0.008852139
v -0.121149674 0.17252524 -0.009223923
v -0.1212254 0.16978501 -0.0083426535
v -0.12074344 0.16927554 -0.010001928
v 0.12168285 0.16678317 -0.008211836
v 0.120822236 0.16729267 -0.010001928
v 0.12124222 0.16931684 -0.008445933
v 0.12100124 0.16922735 -0.0096163675
v -0.12121852 0.16701038 -0.008934751
v -0.12147327 0.16723071 -0.0075990707
v -0.12066771 0.16698973 -0.008907214
v -0.11984153 0.16677628 -0.009857342
v 0.12029209 0.17153381 -0.009471782
v 0.12031963 0.16772641 -0.009396054
v 0.12085666 0.172718 -0.0086731315
v 0.11996161 0.17196067 -0.009960614
v 0.12000981 0.17108627 -0.010050118
v 0.117228284 0.16690712 -0.0131690055
v 0.12029209 0.16806377 -0.010118969
v 0.11877052 0.1730416 -0.011654317
v 0.11381334 0.17233934 -0.015737101
v 0.11245701 0.16726513 -0.016398057
v 0.10601269 0.17257343 -0.018318959
v 0.11070823 0.17494185 -0.015971184
v 0.1057786 0.16657664 -0.018036671
v -0.1216798 0.16692089 -0.008425266
v -0.121184096 0.16899325 -0.009478673
v -0.1208605 0.16719626 -0.009795375
v -0.12054379 0.16875915 -0.010525182
v -0.12074344 0.16927554 -0.010001928
v -0.121149674 0.17252524 -0.009223923
v -0.1216798 0.16692089 -0.008425266
v -0.1208605 0.16719626 -0.009795375
v -0.12121852 0.16701038 -0.008934751
v -0.12066771 0.16698973 -0.008907214
v -0.120468065 0.17220853 -0.009698987
v -0.117941275 0.17480417 -0.010628462
v -0.121184096 0.17459072 -0.00611192
v -0.11400996 0.17301406 -0.015771523
v 0.120718956 0.17206393 -0.009891771
v 0.11877052 0.1730416 -0.011654317
v 0.12113205 0.17438416 -0.009685218
v 0.12100124 0.16922735 -0.0096163675
v 0.120718956 0.17206393 -0.009891771
v 0.12085666 0.172718 -0.0086731315
v 0.11877052 0.1730416 -0.011654317
v 0.121490076 0.1747766 -0.00445953
v 0.122240536 0.17280062 -0.0067315698
v 0.11724205 0.17485236 -0.011365145
v 0.12029209 0.17153381 -0.009471782
v 0.120718956 0.17206393 -0.009891771
v 0.120822236 0.16729267 -0.010001928
v 0.12031963 0.16772641 -0.009396054
v 0.12046421 0.1723118 -0.010401256
v 0.11996161 0.17196067 -0.009960614
v 0.120718956 0.17206393 -0.009891771
v 0.11877052 0.1730416 -0.011654317
v -0.12017201 0.16751985 -0.010614686
v -0.12039919 0.16836672 -0.009279005
v -0.12054379 0.16875915 -0.010525182
v -0.1202202 0.1674992 -0.011131063
v 0.12031963 0.16772641 -0.009396054
v 0.120822236 0.16729267 -0.010001928
v 0.12018193 0.16753362 -0.010628462
v 0.12022324 0.1674992 -0.011131063
v 0.12018193 0.16753362 -0.010628462
v 0.12022324 0.1674992 -0.011131063
v 0.12030586 0.17123087 -0.010965824
v 0.12029209 0.16806377 -0.010118969
v 0.12042979 0.17093481 -0.010511413
v 0.120718956 0.17206393 -0.009891771
v 0.12046421 0.1723118 -0.010401256
v 0.117228284 0.16690712 -0.0131690055
v 0.11892198 0.16518585 -0.009044915
v 0.119631134 0.1676025 -0.010628462
v 0.113407135 0.16501375 -0.013836846
v 0.11245701 0.16726513 -0.016398057
v 0.1057786 0.16657664 -0.018036671
v 0.09997457 0.16500686 -0.015957415
v -0.11656429 0.16656975 -0.013747342
v -0.120468065 0.17220853 -0.009698987
v -0.1191117 0.16853882 -0.0115235
v -0.11400996 0.17301406 -0.015771523
v -0.11162776 0.16735463 -0.01681804
v -0.10528672 0.17272489 -0.018181257
v -0.11007865 0.17487301 -0.016102001
v -0.10433659 0.16707923 -0.01815372
v 0.1044498 0.15602197 -0.023317441
v 0.12842323 0.16336824 -0.014408298
v 0.1261443 0.16340266 -0.027937248
v 0.123707026 0.16337512 -0.0372044
v 0.0712643 0.14500605 -0.020136587
v 0.09016351 0.15105103 -0.01902122
v 0.06877883 0.1449854 -0.027427755
v 0.07287538 0.14501293 -0.0131690055
v 0.080207855 0.14981176 -0.03743849
v 0.06553601 0.14497851 -0.034443535
v 0.07225573 0.14972912 -0.0506645
v 0.061473884 0.14499228 -0.041273415
v 0.06725725 0.14972912 -0.057067506
v 0.057184555 0.14501293 -0.04698793
v 0.073646486 0.14496474 -0.007172212
v 0.08290676 0.14815937 -0.0086937845
v 0.08097209 0.14732628 -0.0025799423
v 0.07087185 0.14398707 -0.0043218285
v 0.07095447 0.14399396 0.0047318786
v 0.08272775 0.14808361 0.009812981
v 0.07369469 0.14500605 0.007059008
v 0.07239343 0.14499916 0.015610129
v 0.08881406 0.15052779 0.017462179
v 0.09790909 0.15386699 0.023059651
v 0.12374834 0.16339578 0.037153155
v 0.110398404 0.15788092 0.022495076
v 0.07052072 0.14500605 0.022591472
v 0.12613054 0.16340955 0.028058127
v 0.079904914 0.14966027 0.037373483
v 0.12167597 0.16119947 0.014653116
v 0.067119546 0.14501293 0.031397328
v 0.12847142 0.16339578 0.014178053
v 0.07491332 0.14970846 0.046702594
v 0.061281107 0.14499228 0.04158707
v 0.0673261 0.149736 0.05709888
v 0.057170786 0.14499916 0.046991765
v 0.1261443 0.16256268 0.0012549758
v 0.12920812 0.16340955 -3.938377E-05
v 0.12842323 0.16336824 -0.014408298
v 0.12377588 0.1619155 -0.009568177
v 0.1166706 0.16004281 -0.017892092
v 0.1044498 0.15602197 -0.023317441
v 0.023117773 0.3059833 -0.014814511
v 0.011681855 0.3060177 0.0044771433
v 0.009898655 0.30603838 -0.027661845
v 0.017788813 0.3060246 0.028540075
v -0.012277797 0.30605215 -0.024790816
v 0.025878645 0.30603838 0.012236491
v 0.027475953 0.30625182 -0.0011134446
v 0.022739105 0.026646718 0.023128495
v 0.03263279 0.036168605 0.026343778
v 0.026222892 0.024897933 0.018577546
v 0.026422553 0.03623058 0.03285694
v 0.018869758 0.02554512 0.025841177
v -0.026453927 0.07073799 0.032850057
v -0.026398852 0.036237463 0.032726124
v -0.0329258 0.036258116 0.026350662
v -0.032788098 0.07075864 0.026391968
v -0.013930187 0.00071795285 -0.0023320764
v -0.013971508 0.00066287816 0.0009176135
v -0.012911215 0.00066287816 -0.0054234266
v -0.0070521235 0.00016716123 0.00036682189
v -0.013193503 0.0006697625 0.004786968
v -0.0055167675 0.00016027689 -0.004521504
v -0.011293247 0.00068353117 -0.008390844
v -0.008642539 0.00068353117 -0.011131063
v -1.9222498E-06 1.9222498E-06 8.806586E-06
v -0.0053515285 0.00016716123 0.004766315
v -0.010983422 0.0006766468 0.008800894
v -0.008670077 0.0006697625 0.011086702
v -0.004986629 0.00066287816 -0.013120815
v -0.0060056 0.0006766468 0.012684017
v -0.0006009042 0.00016027689 -0.0070620477
v -0.0017506927 0.0006766468 -0.013898812
v 0.0011478662 0.0006766468 -0.013974547
v 0.004356265 0.0006697625 -0.013341129
v -0.0015854537 0.00016716123 0.0068593323
v -0.0026388615 0.0006697625 0.0137925
v 0.0010652542 0.00066287816 0.013957739
v 0.004108399 0.00016027689 -0.0057263672
v 0.008239374 0.0006697625 -0.011433996
v 0.011385806 0.0006697625 -0.008225605
v 0.0025868267 0.00016027689 0.0065770596
v 0.007027626 0.00016027689 -0.0012717992
v 0.005974233 0.00016716123 0.0038230717
v 0.008872792 0.0006766468 0.010914579
v 0.0062289685 0.0006697625 0.0125532
v 0.0110140145 0.0006697625 0.008608118
v 0.013644069 0.0006697625 0.0033411235
v 0.014043398 0.0006766468 -4.9620867E-06
v 0.01371292 0.0006559938 -0.002965495
v 0.012797222 0.0009313822 0.00703834
v 0.016728535 0.0029968768 0.00703834
v 0.019152038 0.0037404448 0.0028178692
v 0.014043398 0.0006766468 -4.9620867E-06
v 0.012735255 0.0020123273 0.010549679
v 0.008872792 0.0006766468 0.010914579
v 0.010442562 0.002521813 0.013861343
v 0.017747506 0.0027765632 9.830296E-05
v 0.019069418 0.0039883107 0.004057154
v 0.01952383 0.0046286136 0.0053928494
v 0.018780246 0.005151868 0.009296611
v 0.020742461 0.0060124844 0.007059008
v 0.016453132 0.0044220686 0.011492923
v 0.020797543 0.0067836046 0.009227768
v 0.022518784 0.007995352 0.008016005
v 0.02010905 0.0072586685 0.011596188
v 0.014208637 0.003891915 0.01311776
v 0.012749024 0.004263714 0.015258983
v 0.01670099 0.005323991 0.01302138
v 0.018050447 0.0055787414 0.011603072
v 0.01595053 0.0055580884 0.0143226385
v 0.016026266 0.0064118207 0.01570651
v 0.022725329 0.009606436 0.011128008
v 0.025004253 0.01090081 0.0080228895
v 0.022918113 0.010687381 0.012573853
v 0.021300144 0.009578899 0.013489559
v 0.023923315 0.01126571 0.011534229
v 0.022408627 0.010680497 0.013565287
v 0.025045566 0.0123741925 0.010914579
v 0.021665052 0.0113139 0.015417337
v 0.02698712 0.014536068 0.00961332
v 0.026574023 0.0124154985 0.007575378
v 0.026298627 0.015045553 0.011823401
v 0.026209123 0.014914736 0.012608275
v 0.02651894 0.017200544 0.013806269
v 0.028949335 0.018419191 0.009372354
v 0.02651894 0.017200544 0.013806269
v 0.027730696 0.020987272 0.014419019
v 0.03067746 0.02183412 0.007520288
v 0.031600043 0.024904817 0.0080022365
v 0.026271082 0.017992318 0.014914736
v 0.026222892 0.024897933 0.018577546
v 0.025314078 0.018605083 0.016897604
v 0.025561936 0.017565444 0.015823558
v 0.024026588 0.01594749 0.016753018
v 0.024570502 0.022192135 0.019789293
v 0.022739105 0.026646718 0.023128495
v 0.022387967 0.015610129 0.018687695
v 0.022422396 0.013620362 0.01678057
v 0.019985117 0.013269231 0.019472584
v 0.022615172 0.017985433 0.019995838
v 0.022622056 0.02086334 0.02146922
v 0.021196872 0.016821876 0.020773843
v 0.021031633 0.019259155 0.0223023
v 0.020818196 0.02049844 0.023128495
v 0.0200402 0.021489874 0.024126813
v 0.018869758 0.02554512 0.025841177
v 0.0152826905 0.021180049 0.027369633
v 0.012928031 0.024939239 0.029559046
v 0.020804428 0.010191664 0.015231445
v 0.020880163 0.008690745 0.013696104
v 0.019978233 0.010274276 0.016381234
v 0.018491082 0.009895608 0.017551675
v 0.017107204 0.010088384 0.01916276
v 0.016694106 0.007596031 0.016608447
v 0.018298306 0.012594506 0.020532861
v 0.019998886 0.013661683 0.020298779
v 0.016838692 0.012085021 0.021152511
v 0.015110567 0.009434313 0.020078465
v 0.014518462 0.011066049 0.02198559
v 0.013940126 0.007410139 0.01878409
v 0.016274124 0.013310552 0.022619009
v 0.013375558 0.011231288 0.022901297
v 0.013244741 0.014797702 0.025483146
v 0.016239703 0.014887199 0.023755029
v 0.011613004 0.006150186 0.018756554
v 0.007543996 0.0044633746 0.01864639
v 0.0101052 0.005778402 0.019073263
v 0.012218885 0.010914579 0.02328685
v 0.017045237 0.016580895 0.024333358
v 0.009024262 0.0075684935 0.021703318
v 0.008198068 0.0030381829 0.01622288
v 0.00559555 0.0030932724 0.017372668
v 0.009554401 0.01296629 0.0260133
v 0.011213683 0.010205433 0.023211122
v 0.011227451 0.014646232 0.02631624
v 0.010174051 0.019128338 0.029056445
v 0.008012176 0.010012656 0.024298936
v 0.007819399 0.012443036 0.02636443
v 0.009581946 0.008711398 0.02255705
v 0.007791862 0.0072793216 0.0219374
v 0.00967145 0.007726848 0.021772161
v 0.009657681 0.0067216456 0.020594835
v 0.006511256 0.0054754615 0.020298779
v 0.004913941 0.0043600947 0.019396856
v 0.0024835467 0.003437519 0.01869458
v 0.0036815405 0.0007661432 0.013709873
v -0.0020949394 0.0028385222 0.017737567
v -0.0026388615 0.0006697625 0.0137925
v -0.0022670776 0.0035889894 0.018825397
v 0.0031376183 0.003767997 0.019527659
v -0.0056200475 0.0031345785 0.017434642
v -0.0060056 0.0006766468 0.012684017
v -0.00832583 0.0030588359 0.016215995
v -0.008670077 0.0006697625 0.011086702
v -0.0048076212 0.0039470047 0.018852934
v -0.0032103062 0.0037611127 0.019410625
v -0.0048076212 0.0039470047 0.018852934
v -0.0077130795 0.0046079606 0.018770322
v -0.006976381 0.0057508647 0.02043648
v -0.010246739 0.0058954507 0.019286692
v -0.010308698 0.0030312985 0.014935389
v -0.004986629 0.0043945163 0.019624054
v -0.0032103062 0.0037611127 0.019410625
v -0.010405093 0.002026096 0.012849256
v -0.010983422 0.0006766468 0.008800894
v 0.0026419014 0.003747344 0.0268808
v -0.0033548921 0.0037817657 0.026867032
v -0.004883349 0.0043738633 0.026694909
v 0.0043218285 0.0040709227 0.02677752
v -0.0057715178 0.004965976 0.026564091
v 0.004913941 0.0043600947 0.019396856
v 0.0024835467 0.003437519 0.01869458
v 0.005891606 0.0050623715 0.026495248
v -0.0060056 0.005200058 0.020704985
v -0.0065082014 0.0057646334 0.026240498
v -0.0068455637 0.006274119 0.021648228
v -0.0068455637 0.006274119 0.021648228
v -0.007492751 0.008036673 0.023341924
v -0.008036673 0.008367151 0.022901297
v -0.007850766 0.012477472 0.026447043
v -0.007499635 0.012112558 0.026853263
v -0.0070039183 0.0065908283 0.026095912
v -0.007492751 0.008036673 0.023341924
v -0.0067147613 0.014666885 0.040485486
v -0.0057715178 0.004965976 0.026564091
v -0.0040089637 0.0120024085 0.040581867
v -0.004883349 0.0043738633 0.026694909
v -0.0033548921 0.0037817657 0.026867032
v -0.007375717 0.0077130795 0.025827408
v -0.0074858665 0.015768483 0.03797935
v -0.0072793216 0.030151159 0.039576665
v -0.007513404 0.02105613 0.030467868
v -0.007540956 0.013565287 0.030343935
v -0.007499635 0.012029946 0.028402373
v -0.007499635 0.012112558 0.026853263
v 0.014160439 0.01012969 0.02204068
v 0.0145459995 0.008924827 0.020546645
v 0.014504693 0.0073412806 0.02095285
v 0.013933241 0.007726848 0.022384927
v 0.013699152 0.00662525 0.022033796
v 0.013375558 0.011231288 0.022901297
v 0.014518462 0.011066049 0.02198559
v 0.01289361 0.0075891465 0.023114726
v 0.013699152 0.00662525 0.022033796
v 0.012232654 0.0061226487 0.022577703
v 0.012218885 0.010914579 0.02328685
v 0.011461541 0.007740617 0.02327308
v 0.012232654 0.0061226487 0.022577703
v 0.011213683 0.010205433 0.023211122
v -0.009028107 0.012814835 0.026770636
v -0.008016005 0.012319118 0.028154522
v -0.007850766 0.012477472 0.026447043
v -0.009055644 0.012539431 0.027837813
v -0.09192301 0.17471464 -0.017361946
v -0.09680444 0.17497627 -0.019544482
v -0.087365165 0.17499004 -0.0133342445
v -0.0988424 0.1749212 -0.015771523
v -0.10766891 0.1749212 -0.020047083
v -0.11354178 0.17494185 -0.017651118
v -0.09002964 0.1749212 -0.0077574253
v -0.11007865 0.17487301 -0.016102001
v -0.08247684 0.17495562 -0.002387166
v -0.117941275 0.17480417 -0.010628462
v -0.08839102 0.17491432 0.00090384483
v -0.121452615 0.17494185 -0.008852139
v -0.11828552 0.17472841 -0.013768002
v -0.12366955 0.17508642 0.0011241734
v -0.08547869 0.1749625 0.010735571
v -0.08310337 0.17459072 0.005234495
v -0.09078011 0.17494874 0.009110719
v -0.089368686 0.17495562 0.015369147
v -0.09813325 0.17490743 0.015403569
v -0.098353565 0.17497627 0.02003026
v -0.10631257 0.17492808 0.016622216
v -0.10830921 0.17491432 0.019851252
v -0.11368637 0.17492808 0.017537907
v -0.11585513 0.17472152 0.013764948
v -0.119497284 0.1748799 0.0124568045
v 0.019978233 0.010274276 0.016381234
v 0.019214004 0.006460011 0.016814992
v 0.01897303 0.009152025 0.016863182
v 0.02047395 0.0064668953 0.015789136
v 0.019537598 0.005585626 0.01611273
v 0.020804428 0.010191664 0.015231445
v 0.020811312 0.0063291937 0.014839008
v 0.020880163 0.008690745 0.013696104
v 0.020549685 0.0062465817 0.013289884
v 0.020122819 0.014370829 0.02400978
v 0.019069418 0.014171168 0.02456057
v 0.01882156 0.019541427 0.024643183
v 0.018332727 0.020525977 0.025063172
v 0.008308232 0.021173164 0.030226886
v 0.0075164586 0.02482909 0.031252757
v 0.009279005 0.0137925 0.02982068
v 0.007750541 0.013709873 0.03024754
v 0.010270439 0.014281318 0.028712198
v 0.02067361 0.014811471 0.023355708
v 0.02094213 0.01430887 0.022639662
v 0.020122819 0.014370829 0.02400978
v 0.021031633 0.019259155 0.0223023
v 0.01979234 0.01302138 0.023245543
v 0.020935245 0.016938925 0.021503642
v 0.019840531 0.012663364 0.021909863
v 0.020900816 0.014164284 0.021689534
v 0.019998886 0.013661683 0.020298779
v 0.020900816 0.014164284 0.021689534
v 0.020639189 0.015327841 0.020574182
v 0.019998886 0.013661683 0.020298779
v 0.011613004 0.006150186 0.018756554
v 0.013527028 0.0062259287 0.019803062
v 0.013940126 0.007410139 0.01878409
v 0.01250805 0.005709544 0.019906342
v -0.014350176 0.009964451 0.02162069
v -0.014501646 0.0074239075 0.020932198
v -0.014501646 0.008670077 0.02038829
v -0.014150515 0.00786455 0.022075102
v -0.0137925 0.010625407 0.022522628
v -0.013696104 0.006687209 0.022061333
v -0.013572171 0.0060951114 0.021242023
v -0.013916418 0.006480664 0.020147309
v -0.013372511 0.0077750385 0.022894412
v -0.01280795 0.011128008 0.023162916
v -0.0147150755 0.01111424 0.021923631
v -0.0122089535 0.007685527 0.023307502
v -0.012236491 0.00652197 0.02285999
v -0.0122296065 0.0057921708 0.022033796
v -0.013572171 0.0060951114 0.021242023
v -0.012828603 0.005633816 0.020519093
v -0.011802733 0.00544104 0.020677447
v 0.009657681 0.0067216456 0.020594835
v 0.010717966 0.0059918314 0.021730855
v 0.010607801 0.006019369 0.019720435
v 0.011819556 0.0054135025 0.020773843
v -0.011183098 0.009572014 0.023218006
v -0.009785444 0.007726848 0.022013128
v -0.010935232 0.007596031 0.023032114
v -0.010405093 0.0064737797 0.022143945
v -0.013964623 0.0075271726 0.01889424
v -0.012938753 0.005984947 0.019589633
v -0.011775196 0.0061639547 0.01869458
v -0.013916418 0.006480664 0.020147309
v -0.012828603 0.005633816 0.020519093
v -0.013572171 0.0060951114 0.021242023
v -0.009785444 0.007726848 0.022013128
v -0.009709716 0.00672853 0.020491555
v -0.010405093 0.0064737797 0.022143945
v -0.009420544 0.008470416 0.022426233
v 0.023992166 0.011010975 -0.012088068
v 0.024976715 0.0121469945 -0.011544161
v 0.025575705 0.010976538 -0.013086386
v 0.025947496 0.012291566 -0.012349695
v -0.011499807 0.010439515 -0.023317441
v -0.011403412 0.0072173625 -0.023193508
v -0.009895608 0.008649424 -0.022484355
v -0.010267392 0.0067147613 -0.022105686
v -0.009812981 0.0071278512 -0.021568656
v -0.014501646 0.008208796 -0.020329364
v -0.014453456 0.007602915 -0.021348342
v -0.014288217 0.010735571 -0.021899134
v -0.014246896 0.0068042576 -0.020680502
v -0.013523981 0.007065892 -0.018642552
v -0.013544634 0.0061777234 -0.01995758
v -0.009379238 0.006811142 -0.020770006
v -0.010776877 0.00585413 -0.021300144
v -0.010604754 0.006040022 -0.019599557
v -0.011974856 0.005427271 -0.020611651
v -0.011761427 0.0061364174 -0.018649437
v -0.013523981 0.007065892 -0.018642552
v -0.011761427 0.0061364174 -0.018649437
v -0.013544634 0.0061777234 -0.01995758
v -0.011974856 0.005427271 -0.020611651
v -0.013358742 0.0059161037 -0.021107368
v -0.012525663 0.005757749 -0.02183029
v 0.017182939 0.005544305 -0.016129538
v 0.016707875 0.0072586685 -0.016487561
v 0.016287893 0.0061433017 -0.015654482
v 0.018215686 0.0062878877 -0.01688689
v 0.018243223 0.008504838 -0.016962618
v 0.01873894 0.0058954507 -0.012019217
v 0.019014336 0.00497286 -0.0129418075
v 0.016756073 0.005138099 -0.013354905
v 0.018243223 0.0044427216 -0.014132902
v 0.026608452 0.012119442 -0.0075095743
v 0.023365632 0.0079609305 -0.0074889213
v 0.031118095 0.011823401 -0.0074958056
v 0.02601634 0.007430792 -0.0073030293
v 0.021348342 0.006150186 -0.006841734
v 0.026271082 0.0059711784 -0.0066420734
v 0.02648452 0.0050554723 -0.0058571845
v 0.020184785 0.0048695803 -0.005664408
v 0.040405907 0.01384069 -0.006407976
v 0.026725493 0.0043600947 -0.0048795193
v 0.026725493 0.0043600947 -0.0048795193
v 0.04139734 0.012573853 -0.0035920292
v 0.026876964 0.003767997 -0.0032064766
v 0.04108063 0.012243375 0.003437519
v 0.026911385 0.003767997 0.0032653958
v 0.038347304 0.015561923 -0.0074751526
v 0.019165806 0.004139781 -0.0044939667
v 0.020508371 0.005922988 -0.0074269474
v 0.026876964 0.003767997 -0.0032064766
v 0.019496284 0.0037542284 -0.002882883
v 0.026911385 0.003767997 0.0032653958
v 0.03427141 0.024911702 -0.0075371116
v 0.039882652 0.03048852 -0.0071584433
v 0.03151054 0.024939239 -0.007523343
v 0.030532874 0.014171168 -0.0076816976
v 0.030408949 0.021565616 -0.007771194
v 0.029789299 0.012924984 -0.007585302
v 0.028481156 0.012291566 -0.0076335073
v 0.019069418 0.0039883107 0.004057154
v 0.026594676 0.0046079606 0.005358413
v 0.01952383 0.0046286136 0.0053928494
v 0.018566817 0.0034306347 -0.0030756593
v 0.019165806 0.004139781 -0.0044939667
v 0.021286376 0.0058059394 0.0065564066
v 0.020742461 0.0060124844 0.007059008
v 0.02620224 0.0062603503 0.0068868846
v 0.022911228 0.007747501 0.0074858665
v 0.022911228 0.007747501 0.0074858665
v 0.022518784 0.007995352 0.008016005
v 0.025004253 0.01090081 0.0080228895
v 0.025534399 0.010370672 0.0075065196
v 0.026574023 0.0124154985 0.007575378
v 0.038884334 0.015018016 0.007410139
v 0.030464023 0.01332432 0.0075065196
v 0.03067746 0.02183412 0.007520288
v 0.03421633 0.024966776 0.007575378
v 0.039882652 0.030481637 0.0071347356
v 0.031600043 0.024904817 0.0080022365
v 0.016673453 0.013090223 -0.022732213
v 0.017389491 0.012566969 -0.021238178
v 0.018463545 0.012387961 -0.02256009
v 0.018050447 0.012780398 -0.023551524
v 0.021072939 0.019410625 -0.02256009
v 0.021004088 0.014728844 -0.02191291
v 0.020646073 0.015314072 -0.020535916
v 0.020522147 0.013455123 -0.02144473
v 0.020067737 0.014184937 -0.020136587
v 0.02059099 0.013530865 -0.02258075
v 0.020845741 0.014866546 -0.023055807
v 0.021072939 0.019410625 -0.02256009
v 0.020171009 0.014419019 -0.023992166
v 0.019530714 0.01302138 -0.02348268
v 0.018959261 0.014226243 -0.024577387
v 0.018050447 0.012780398 -0.023551524
v 0.017692424 0.014164284 -0.02446723
v -0.025001213 0.012443036 -0.011248104
v -0.023727491 0.011066049 -0.011743821
v -0.025297254 0.010893926 -0.012934923
v -0.026385084 0.0123535395 -0.013010651
v -0.025854945 0.011189982 -0.013630301
v -0.023782566 0.01074934 -0.015248269
v -0.022371158 0.010756224 -0.013926357
v -0.022522628 0.011403412 -0.015289575
v -0.0240442 0.010350019 -0.013588987
v -0.022729173 0.010625407 -0.012804106
v -0.02498743 0.010694265 -0.014387645
v -0.024739578 0.011245057 -0.015585631
v -0.025648385 0.011499807 -0.015103683
v -0.025854945 0.011189982 -0.013630301
v -0.025297254 0.010893926 -0.012934923
v -0.0240442 0.010350019 -0.013588987
v -0.026412621 0.0124361515 -0.014484033
v -0.026385084 0.0123535395 -0.013010651
v -0.025868714 0.012649596 -0.015551202
v -0.02657786 0.017792657 -0.014318794
v -0.025434956 0.0174966 -0.016019382
v -0.029008254 0.024932355 -0.014263719
v -0.02915284 0.018708348 -0.009237699
v -0.031238973 0.024732694 -0.007523343
v -0.026185423 0.015203908 -0.012418546
v -0.027107999 0.014797702 -0.009630136
v -0.026536554 0.013379395 -0.008783296
v -0.025001213 0.012443036 -0.011248104
v -0.026412621 0.012849256 -0.007936433
v -0.025125131 0.010997206 -0.007881358
v -0.022715405 0.009627089 -0.011186138
v -0.023727491 0.011066049 -0.011743821
v -0.022467539 0.007905856 -0.007950202
v -0.024113044 0.021242023 -0.019978233
v -0.026219845 0.024939239 -0.01858747
v -0.022701636 0.02662605 -0.023152202
v -0.021400377 0.009337917 -0.012969345
v -0.022729173 0.010625407 -0.012804106
v -0.021648228 0.011162445 -0.015227608
v -0.02008535 0.0073343962 -0.011798903
v -0.020677447 0.00842911 -0.013237856
v -0.020897776 0.009138256 -0.01431191
v -0.020780727 0.01023297 -0.015275806
v -0.020374507 0.006460011 -0.009396054
v -0.021035463 0.0063842833 -0.007337451
v -0.01858443 0.0060744584 -0.0117093995
v -0.01632616 0.004428953 -0.011716284
v -0.017104164 0.005420387 -0.012666404
v -0.01936242 0.0046492666 -0.005864069
v -0.01585798 0.005200058 -0.013678499
v -0.021875441 0.013103992 -0.016997047
v -0.022680968 0.012773514 -0.016170852
v -0.02003026 0.0103018135 -0.016342975
v -0.023713723 0.01497671 -0.016446248
v -0.019445047 0.013379395 -0.020164125
v -0.018488035 0.009964451 -0.017609805
v -0.02075319 0.01534161 -0.020467065
v -0.021063015 0.018522456 -0.021947332
v -0.019968301 0.021248907 -0.024267562
v -0.019011289 0.02571036 -0.025844216
v -0.0145085305 0.024815306 -0.028859831
v -0.017173007 0.01694581 -0.024419032
v -0.01709728 0.010143459 -0.019220889
v -0.018474266 0.012684017 -0.020425752
v -0.016663522 0.007602915 -0.016639024
v -0.017076612 0.012594506 -0.021437846
v -0.014604911 0.008360267 -0.019310392
v -0.01544489 0.0060951114 -0.01573021
v -0.014790818 0.009620205 -0.020529032
v -0.014288217 0.010735571 -0.021899134
v -0.016353697 0.01322104 -0.022553205
v -0.015713394 0.0143432915 -0.023689225
v -0.013523981 0.007065892 -0.018642552
v -0.012897447 0.0043738633 -0.015324004
v -0.013234809 0.011272594 -0.023007616
v -0.011761427 0.0061364174 -0.018649437
v -0.007596031 0.004594192 -0.018794023
v -0.009792328 0.005737096 -0.01917269
v -0.013262346 0.014818355 -0.025493085
v -0.0143019855 0.003829956 -0.012900494
v -0.009599552 0.012842372 -0.025906183
v -0.011499807 0.010439515 -0.023317441
v -0.009895608 0.008649424 -0.022484355
v -0.013455123 0.019630939 -0.027703159
v -0.009620205 0.020959735 -0.02970668
v -0.007602915 0.024815306 -0.031014822
v -0.009654626 0.01477015 -0.029734217
v -0.0076511055 0.013771832 -0.0302919
v -0.010825068 0.016560242 -0.027634308
v -0.010976538 0.014391482 -0.026305512
v -0.010356903 0.014122978 -0.026656643
v -0.009000555 0.012828603 -0.02651894
v -0.007768154 0.012498125 -0.026353702
v -0.008016005 0.009124488 -0.02354464
v -0.009138256 0.008133054 -0.02219519
v -0.009812981 0.0071278512 -0.021568656
v -0.007781923 0.007272437 -0.021906018
v -0.009379238 0.006811142 -0.020770006
v -0.010604754 0.006040022 -0.019599557
v -0.0065357387 0.0057439804 -0.020701155
v -0.0044633746 0.0041328967 -0.019220889
v -0.0044220686 0.0031827688 -0.017905861
v -0.0028316379 0.003747344 -0.019076303
v -0.008112401 0.0030381829 -0.016281009
v -0.010219201 0.0030450672 -0.015027948
v -0.004986629 0.00066287816 -0.013120815
v -0.008642539 0.00068353117 -0.011131063
v -0.0017506927 0.0006766468 -0.013898812
v -7.0765615E-05 0.0028660595 -0.017898977
v 0.0011478662 0.0006766468 -0.013974547
v 0.0028553456 0.0034306347 -0.01858747
v 0.0028553456 0.0037542284 -0.019427434
v 0.004356265 0.0006697625 -0.013341129
v 0.004287407 0.0040502697 -0.01913827
v -0.010453284 0.002026096 -0.012838528
v -0.012690902 0.0022808462 -0.011254989
v -0.011293247 0.00068353117 -0.008390844
v 0.005368352 0.0029968768 -0.017272443
v -0.014425904 0.0019503683 -0.007846937
v -0.012911215 0.00066287816 -0.0054234266
v -0.016808107 0.0031414628 -0.0073305666
v 0.008810833 0.0029968768 -0.015847258
v 0.008239374 0.0006697625 -0.011433996
v 0.007089585 0.004036501 -0.01823634
v 0.006717801 0.0055167675 -0.020267405
v 0.010222249 0.005881667 -0.019282855
v 0.009093113 0.0069006532 -0.020866394
v 0.0078056306 0.007802576 -0.022491246
v 0.009175733 0.008215681 -0.022291578
v 0.007902011 0.012566969 -0.026463866
v 0.008976072 0.012387961 -0.025768481
v 0.011110403 0.010143459 -0.023241706
v 0.012122497 0.0040296167 -0.015310228
v 0.011633664 0.0061639547 -0.018794023
v 0.015337773 0.00585413 -0.015489243
v 0.013609648 0.0071278512 -0.01867009
v 0.010497645 0.013744295 -0.02611962
v 0.012769684 0.011162445 -0.023193508
v 0.010401256 0.002005443 -0.012824759
v 0.009774722 0.013468906 -0.026284859
v 0.0089209825 0.012842372 -0.026546486
v 0.010483876 0.014625579 -0.026897617
v 0.013244741 0.0147770345 -0.025472432
v 0.010594033 0.017641187 -0.028178222
v 0.014119133 0.0039401203 -0.013354905
v 0.012652636 0.0019985586 -0.010607801
v 0.0159643 0.012931868 -0.022539437
v 0.013809308 0.011038512 -0.022539437
v 0.014435843 0.010356903 -0.02152735
v 0.017120972 0.010212317 -0.01927597
v 0.014552884 0.008670077 -0.019757912
v 0.01581283 0.014191821 -0.023517102
v 0.017389491 0.012566969 -0.021238178
v 0.016707875 0.016918257 -0.024660006
v 0.018924832 0.012911215 -0.020198554
v 0.01590234 0.007437676 -0.016997047
v 0.013396211 0.019562095 -0.027710043
v 0.00967145 0.020773843 -0.029651597
v 0.017940283 0.009186462 -0.017334409
v 0.019744143 0.010226086 -0.016625255
v 0.020219207 0.012911215 -0.018869758
v 0.022381082 0.01549308 -0.018601239
v 0.022174537 0.01687695 -0.019785456
v 0.022491246 0.013799384 -0.016873114
v 0.021630622 0.011251941 -0.015310228
v 0.024907865 0.016904488 -0.01626724
v 0.020728692 0.0101159215 -0.015358426
v 0.026222892 0.019575864 -0.016239703
v 0.025782257 0.017723799 -0.015606284
v 0.02631928 0.01801297 -0.014814511
v 0.021313913 0.010019541 -0.014105365
v 0.020887047 0.009090066 -0.014394529
v 0.022208959 0.010811299 -0.013960779
v 0.022924997 0.010659829 -0.012831643
v 0.023200393 0.01038444 -0.011599235
v 0.023992166 0.011010975 -0.012088068
v 0.02075623 0.008408457 -0.012556247
v 0.019936927 0.0072449 -0.011902176
v 0.029114574 0.018598199 -0.009361625
v 0.026512057 0.017166123 -0.013829961
v 0.026925154 0.014763266 -0.009884879
v 0.026105843 0.014797702 -0.01175759
v 0.026326165 0.013214156 -0.008976072
v 0.024852782 0.012105674 -0.01087632
v 0.025148839 0.011024743 -0.007888243
v 0.026498288 0.012849256 -0.007922664
v 0.022443049 0.007768154 -0.007860705
v 0.029231615 0.024932355 -0.013630301
v 0.030408949 0.021565616 -0.007771194
v 0.03151054 0.024939239 -0.007523343
v 0.026305512 0.024904817 -0.018442884
v 0.019227773 0.0052276105 -0.008652478
v 0.018580586 0.0059711784 -0.011413343
v 0.016329207 0.004449606 -0.011764474
v 0.01618462 0.0050623715 -0.013072617
v 0.014167324 0.0018746257 -0.00806725
v 0.016728535 0.0029555708 -0.0068486184
v 0.013155237 0.0009933561 -0.0063529015
v 0.020508371 0.005922988 -0.0074269474
v 0.021348342 0.006150186 -0.006841734
v 0.023365632 0.0079609305 -0.0074889213
v 0.020184785 0.0048695803 -0.005664408
v 0.027131706 0.013448238 -0.008817717
v 0.026498288 0.012849256 -0.007922664
v 0.028185107 0.013214156 -0.008852139
v 0.028481156 0.012291566 -0.0076335073
v -0.019988954 0.0068386793 -0.012404777
v -0.02043648 0.0060331374 -0.013230972
v -0.020677447 0.00842911 -0.013237856
v -0.02086334 0.0064049363 -0.014415182
v -0.020897776 0.009138256 -0.01431191
v -0.016319275 0.005344644 -0.014263719
v -0.016298622 0.0061846077 -0.015709557
v -0.017152354 0.004883349 -0.015117452
v -0.017331362 0.005668238 -0.016260356
v -0.018412307 0.0049590915 -0.015929878
v -0.018219516 0.006191492 -0.01685246
v -0.01858443 0.0060744584 -0.0117093995
v -0.017104164 0.005420387 -0.012666404
v -0.018811628 0.004993513 -0.0129418075
v -0.018074945 0.004428953 -0.0141811
v 0.00750269 0.0120024085 -0.028350346
v 0.0074958056 0.009117603 -0.024542958
v 0.007482037 0.0120643675 -0.026780576
v 0.0074338317 0.007947162 -0.025782257
v 0.0075095743 0.013551518 -0.03060861
v 0.007275477 0.007231131 -0.02274599
v 0.0074682683 0.01534161 -0.038299106
v 0.0075164586 0.020897776 -0.0304778
v 0.007275477 0.030268207 -0.039682984
v 0.007048279 0.006687209 -0.026030116
v 0.006132573 0.013978392 -0.041066863
v 0.006449282 0.005647585 -0.021183103
v 0.0078056306 0.007802576 -0.022491246
v 0.0074958056 0.009117603 -0.024542958
v 0.006717801 0.0055167675 -0.020267405
v 0.0051067173 0.0044771433 -0.019695953
v 0.006463051 0.005709544 -0.026326165
v 0.0056437403 0.004862696 -0.02651894
v 0.0056437403 0.004862696 -0.02651894
v 0.0048244447 0.0043532103 -0.02675303
v 0.0032822043 0.011857823 -0.040467873
v 0.0051067173 0.0044771433 -0.019695953
v 0.0038467795 0.0039263517 -0.026794344
v 0.0048244447 0.0043532103 -0.02675303
v 0.0026625544 0.003747344 -0.02687008
v 0.0038467795 0.0039263517 -0.026794344
v 0.004287407 0.0040502697 -0.01913827
v 0.006717801 0.0055167675 -0.020267405
v 0.0028553456 0.0037542284 -0.019427434
v 0.0026625544 0.003747344 -0.02687008
v -0.002687052 0.003747344 -0.026876964
v -0.0028316379 0.003747344 -0.019076303
v -0.0037748814 0.0039263517 -0.026814997
v -0.0044633746 0.0041328967 -0.019220889
v -0.0047318786 0.0042912513 -0.026739262
v -0.005482346 0.00471811 -0.019930035
v -0.005633816 0.0048558116 -0.026546486
v -0.0065357387 0.0057439804 -0.020701155
v -0.006583944 0.005874783 -0.026298627
v -0.007203594 0.006955728 -0.022566974
v -0.0073619336 0.007520288 -0.025919951
v -0.007513404 0.008890405 -0.024240024
v -0.007499635 0.01229845 -0.031083673
v -0.007492751 0.011499807 -0.026312396
v -0.0073550493 0.015135065 -0.039207928
v -0.0049590915 0.013186619 -0.041789785
v -0.005633816 0.0048558116 -0.026546486
v -0.0047318786 0.0042912513 -0.026739262
v -0.0037748814 0.0039263517 -0.026814997
v -0.0073550493 0.015135065 -0.039207928
v -0.002687052 0.003747344 -0.026876964
v -0.007534072 0.024959892 -0.034195676
v -0.0072173625 0.030433446 -0.039779373
v -0.007602915 0.024815306 -0.031014822
v -0.0076511055 0.013771832 -0.0302919
v -0.0075891465 0.012160763 -0.028019868
v -0.007768154 0.012498125 -0.026353702
v -0.007513404 0.008890405 -0.024240024
v -0.008016005 0.009124488 -0.02354464
v -0.007203594 0.006955728 -0.022566974
v -0.007781923 0.007272437 -0.021906018
v -0.0065357387 0.0057439804 -0.020701155
v -2.257526E-05 0.0039814264 -0.02738645
v 0.0031995922 0.014336407 -0.042471394
v 0.006132573 0.013978392 -0.041066863
v -0.003251627 0.014653116 -0.04247828
v 0.01710032 0.0056613535 0.01616092
v 0.01595053 0.0055580884 0.0143226385
v 0.016026266 0.0064118207 0.01570651
v 0.017568499 0.0046079606 0.0149009675
v 0.01828453 0.0049797446 0.01596126
v 0.018676974 0.005716428 0.012119442
v 0.01670099 0.005323991 0.01302138
v 0.018318959 0.004532218 0.013675451
v 0.01964087 0.0049797446 0.013455123
v 0.010594033 0.017641187 -0.028178222
v 0.010415025 0.01425378 -0.028267726
v 0.010483876 0.014625579 -0.026897617
v 0.010497645 0.013744295 -0.02611962
v 0.0075508803 0.01265648 -0.029217847
v 0.008101672 0.0123741925 -0.027696274
v 0.009058684 0.0125532 -0.0278202
v 0.009292774 0.013296768 -0.02915588
v 0.009877995 0.01322104 -0.027944133
v 0.010415025 0.01425378 -0.028267726
v 0.009898655 0.014687538 -0.029403739
v 0.0089209825 0.012842372 -0.026546486
v 0.009058684 0.0125532 -0.0278202
v 0.007902011 0.012566969 -0.026463866
v 0.008101672 0.0123741925 -0.027696274
v 0.023923315 0.01126571 0.011534229
v 0.022918113 0.010687381 0.012573853
v 0.024976715 0.010673612 0.012993842
v 0.024122976 0.010370672 0.013868228
v 0.025293425 0.0123741925 0.011685699
v 0.025975034 0.012078136 0.0124568045
v 0.026209123 0.014914736 0.012608275
v 0.02647075 0.012628928 0.013400048
v 0.02651894 0.017200544 0.013806269
v 0.02446723 0.015479311 0.016346812
v 0.024350181 0.012759745 0.01636058
v 0.0228768 0.012876794 0.016181573
v 0.023923315 0.011747658 0.016126499
v -0.019341767 0.012470573 -0.02183029
v -0.018474266 0.012684017 -0.020425752
v -0.017076612 0.012594506 -0.021437846
v -0.018618852 0.0123741925 -0.022436164
v -0.022398695 0.010769993 0.013847575
v -0.023493394 0.01059787 0.0147357285
v -0.022598356 0.011355221 0.015286535
v -0.023699954 0.011100471 0.015672088
v -0.022798017 0.013062686 0.016236648
v -0.024278283 0.012091905 0.016298622
v -0.0244091 0.015623897 0.01636058
v -0.025097594 0.013000727 0.016126499
v -0.025827408 0.01790969 0.015623897
v -0.025875598 0.012608275 0.015527502
v -0.024278283 0.012091905 0.016298622
v -0.025200874 0.011286363 0.015327841
v -0.025903136 0.011362106 0.01446034
v -0.026447043 0.012477472 0.014453456
v -0.016319275 0.005344644 -0.014263719
v -0.017152354 0.004883349 -0.015117452
v -0.018074945 0.004428953 -0.0141811
v -0.017104164 0.005420387 -0.012666404
v -0.017179891 0.015823558 0.024243861
v -0.017971665 0.014219359 0.024539918
v -0.0182264 0.019224718 0.024684504
v -0.016250417 0.0149216205 0.023734376
v -0.01739332 0.013413817 0.023810104
v -0.01622288 0.01317285 0.022563934
v -0.018253952 0.01265648 0.023458973
v -0.01622288 0.01317285 0.022563934
v -0.017427757 0.012525663 0.021648228
v -0.018887356 0.0124154985 0.02245377
v -0.018667042 0.01270467 0.020291895
v -0.019988954 0.01280795 0.021964937
v -0.020987272 0.017806426 0.022143945
v -0.020890892 0.014143631 0.021551847
v -0.02064991 0.015252098 0.020574182
v -0.020945966 0.014288217 0.022639662
v -0.020808265 0.020429596 0.023142263
v -0.020464018 0.0143226385 0.023665518
v -0.021310866 0.018185094 0.021503642
v -0.02064991 0.015252098 0.020574182
v -0.019789293 0.021407261 0.024312705
v -0.019376189 0.014370829 0.02451238
v -0.021331519 0.016250417 0.02023682
v -0.019975185 0.013358742 0.019562095
v -0.01998207 0.01364103 0.02043648
v -0.022446886 0.015885517 0.018818513
v -0.019975185 0.013358742 0.019562095
v -0.022591472 0.019630939 0.020932198
v -0.023038998 0.026660487 0.022853106
v -0.019596517 0.026495248 0.02569659
v -0.018605083 0.024953008 0.02633001
v -0.026020184 0.025779203 0.019093916
v -0.0182264 0.019224718 0.024684504
v -0.025359228 0.018157557 0.016567126
v -0.014563605 0.020546645 0.027493566
v -0.007905856 0.024835974 0.031576335
v -0.022722289 0.013999045 0.01678057
v -0.027328327 0.021744624 0.015520617
v -0.029118419 0.024946123 0.013799384
v -0.029028907 0.020264357 0.011038512
v -0.031376675 0.024801537 0.007520288
v -0.030578017 0.021868557 0.007644221
v -0.029276773 0.019245386 0.009138256
v -0.019968301 0.0102811605 0.01642944
v -0.021661997 0.011362106 0.015458658
v -0.020760074 0.010171011 0.015320957
v -0.02142103 0.0097028315 0.013420701
v -0.022398695 0.010769993 0.013847575
v -0.022901297 0.010694265 0.0125807375
v -0.017035306 0.0101572275 0.019286692
v -0.017902806 0.009262189 0.017455295
v -0.01729694 0.011974856 0.020718768
v -0.022591472 0.009468734 0.011155546
v -0.02343832 0.010708034 0.011589304
v -0.0149216205 0.009138256 0.01993388
v -0.016236648 0.007286206 0.016553357
v -0.0147150755 0.01111424 0.021923631
v -0.01622288 0.01317285 0.022563934
v -0.013964623 0.0075271726 0.01889424
v -0.01280795 0.011128008 0.023162916
v -0.01322104 0.014763266 0.025476262
v -0.016250417 0.0149216205 0.023734376
v -0.016746134 0.01678057 0.024581224
v -0.015424222 0.0062190443 0.01594749
v -0.016250417 0.0061433017 0.015561923
v -0.011775196 0.0061639547 0.01869458
v -0.012133211 0.004036501 0.015320957
v -0.014233127 0.0040502697 0.013475791
v -0.015768483 0.0052482635 0.013937071
v -0.016078293 0.004243061 0.011609957
v -0.017737567 0.0054341555 0.011678815
v -0.012677133 0.0022051036 0.011079818
v -0.014061004 0.0018264353 0.008105516
v -0.013193503 0.0006697625 0.004786968
v -0.016395003 0.0029418021 0.007430792
v -0.018274605 0.0044151843 0.008236334
v -0.017503485 0.0029555708 0.004470259
v -0.013971508 0.00066287816 0.0009176135
v -0.020291895 0.0064324737 0.009503156
v -0.02008535 0.007272437 0.011671931
v -0.019307345 0.0045873076 0.0058265924
v -0.021090552 0.0063704997 0.007286206
v -0.0191008 0.0039401203 0.003933236
v -0.01916276 0.003747344 0.002749011
v -0.02275671 0.008126169 0.007823229
v -0.018006086 0.0029693395 -0.0010308176
v -0.013930187 0.00071795285 -0.0023320764
v -0.019169644 0.003747344 -0.0027520657
v -0.020918429 0.009241536 0.014274433
v -0.02648148 0.012766629 0.008009121
v -0.025125131 0.012491241 0.010873273
v -0.02627492 0.015410453 0.012215838
v -0.026915222 0.014811471 0.0099713355
v -0.02647458 0.01684253 0.013510212
v -0.017517254 0.0029418021 -0.0042598695
v -0.019011289 0.0038987994 -0.0037159622
v -0.01854311 0.004904017 -0.009079345
v -0.026453927 0.017772004 0.014405251
v -0.025827408 0.01790969 0.015623897
v -0.026447043 0.012477472 0.014453456
v -0.025875598 0.012608275 0.015527502
v -0.0244091 0.015623897 0.01636058
v -0.028264672 0.017654955 0.010102153
v -0.02853319 0.016870067 0.009386122
v -0.027548641 0.014894083 0.009551361
v -0.019988954 0.01280795 0.021964937
v -0.018667042 0.01270467 0.020291895
v -0.01998207 0.01364103 0.02043648
v -0.020890892 0.014143631 0.021551847
v 0.010022581 0.007988468 -0.022326007
v 0.010917626 0.0076717585 -0.02302827
v 0.011110403 0.010143459 -0.023241706
v 0.010408141 0.006563291 -0.022208959
v 0.0097403005 0.0068042576 -0.021121137
v 0.014435843 0.010356903 -0.02152735
v 0.014484033 0.007637337 -0.021066055
v 0.014552884 0.008670077 -0.019757912
v 0.014160439 0.0078369975 -0.022029951
v 0.013809308 0.011038512 -0.022539437
v 0.013740458 0.0064462423 -0.02183029
v 0.013988316 0.006439358 -0.020336248
v 0.013348021 0.0077130795 -0.022911228
v 0.012198232 0.006542623 -0.022883683
v 0.012769684 0.011162445 -0.023193508
v 0.012122497 0.007678643 -0.02329678
v 0.011110403 0.010143459 -0.023241706
v 0.010917626 0.0076717585 -0.02302827
v 0.012198232 0.006542623 -0.022883683
v 0.010408141 0.006563291 -0.022208959
v 0.011922829 0.0058472455 -0.02211257
v 0.011082865 0.0056613535 -0.0210936
v 0.010676652 0.006019369 -0.019812994
v 0.011082865 0.0056613535 -0.0210936
v 0.0097403005 0.0068042576 -0.021121137
v 0.010408141 0.006563291 -0.022208959
v 0.013609648 0.0071278512 -0.01867009
v 0.012838528 0.0058885664 -0.019751027
v 0.011633664 0.0061639547 -0.018794023
v 0.013988316 0.006439358 -0.020336248
v 0.012583785 0.005523652 -0.020914584
v 0.013740458 0.0064462423 -0.02183029
v 0.026222892 0.024897933 0.018577546
v 0.029396854 0.024994329 0.018963099
v 0.031600043 0.024904817 0.0080022365
v 0.0318961 0.025014982 0.014680654
v 0.03421633 0.024966776 0.007575378
v -0.012938753 0.005984947 0.019589633
v -0.011802733 0.00544104 0.020677447
v -0.011775196 0.0061639547 0.01869458
v -0.012828603 0.005633816 0.020519093
v 0.02651894 0.017200544 0.013806269
v 0.02647075 0.012628928 0.013400048
v 0.026381247 0.0122709125 0.014577374
v 0.026271082 0.017992318 0.014914736
v 0.026023224 0.012684017 0.015348494
v 0.025561936 0.017565444 0.015823558
v 0.025320962 0.012463689 0.01596126
v 0.02446723 0.015479311 0.016346812
v 0.024026588 0.01594749 0.016753018
v 0.022422396 0.013620362 0.01678057
v 0.0228768 0.012876794 0.016181573
v 0.024350181 0.012759745 0.01636058
v 0.023923315 0.011747658 0.016126499
v 0.025128186 0.011279479 0.015382916
v 0.023854464 0.010549679 0.014928505
v -0.018460497 0.00858058 0.017014652
v -0.01852934 0.006356731 0.01693204
v -0.020023376 0.0066183656 0.016333044
v -0.019968301 0.0102811605 0.01642944
v -0.017902806 0.009262189 0.017455295
v 0.025575705 0.010976538 -0.013086386
v 0.024026588 0.010363787 -0.013485715
v 0.023992166 0.011010975 -0.012088068
v 0.022924997 0.010659829 -0.012831643
v -0.020780727 0.0059298724 0.014522299
v -0.019272923 0.0048489273 0.015348494
v -0.019589633 0.004786968 0.014191821
v -0.019686013 0.005544305 0.016002566
v -0.017400205 0.004738778 0.015176371
v -0.016718596 0.0052482635 0.013241693
v -0.018343449 0.004449606 0.013785601
v -0.01632616 0.0054341555 0.014687538
v 0.010676652 0.006019369 -0.019812994
v 0.011723168 0.005551189 -0.020288058
v 0.011082865 0.0056613535 -0.0210936
v 0.011633664 0.0061639547 -0.018794023
v 0.012838528 0.0058885664 -0.019751027
v 0.012583785 0.005523652 -0.020914584
v -0.018068045 0.008305177 -0.016907543
v -0.018219516 0.006191492 -0.01685246
v -0.016663522 0.007602915 -0.016639024
v -0.01904571 0.0067216456 -0.016859345
v -0.019114569 0.009255305 -0.016831808
v 0.017410144 0.013826922 0.024140581
v 0.018098637 0.012759745 0.0235416
v 0.016274124 0.013310552 0.022619009
v 0.016239703 0.014887199 0.023755029
v 0.013699152 0.00662525 0.022033796
v 0.013444409 0.005922988 0.02095285
v 0.012232654 0.0061226487 0.022577703
v 0.011819556 0.0054135025 0.020773843
v 0.013527028 0.0062259287 0.019803062
v 0.014504693 0.0073412806 0.02095285
v 0.013940126 0.007410139 0.01878409
v 0.013444409 0.005922988 0.02095285
v 0.013699152 0.00662525 0.022033796
v -0.02534546 0.010818183 0.01332432
v -0.02445729 0.011176214 0.01198864
v -0.026102796 0.011967972 0.012697786
v -0.025359228 0.012477472 0.011713237
v -0.014501646 0.0074239075 0.020932198
v -0.013916418 0.006480664 0.020147309
v -0.013964623 0.0075271726 0.01889424
v -0.014501646 0.008670077 0.02038829
v 0.011922829 0.0058472455 -0.02211257
v 0.012583785 0.005523652 -0.020914584
v 0.013740458 0.0064462423 -0.02183029
v 0.012198232 0.006542623 -0.022883683
v 0.01964087 0.0049797446 0.013455123
v 0.020549685 0.0062465817 0.013289884
v 0.018676974 0.005716428 0.012119442
v 0.01979234 0.006852448 0.012284681
v 0.018050447 0.0055787414 0.011603072
v -0.023699954 0.011100471 0.015672088
v -0.024278283 0.012091905 0.016298622
v -0.022798017 0.013062686 0.016236648
v -0.022598356 0.011355221 0.015286535
v -0.024278283 0.012091905 0.016298622
v -0.023699954 0.011100471 0.015672088
v -0.025200874 0.011286363 0.015327841
v -0.024712041 0.010563448 0.014432788
v -0.025903136 0.011362106 0.01446034
v -0.02534546 0.010818183 0.01332432
v -0.024071738 0.010377556 0.013510212
v -0.023493394 0.01059787 0.0147357285
v -0.024071738 0.010377556 0.013510212
v -0.022398695 0.010769993 0.013847575
v -0.022901297 0.010694265 0.0125807375
v -0.012690902 0.0067009777 -0.022780411
v -0.012525663 0.005757749 -0.02183029
v -0.011568651 0.0059298724 -0.022153877
v -0.011403412 0.0072173625 -0.023193508
v 0.01942055 0.005069256 -0.015805945
v 0.019861192 0.0049384385 -0.014470264
v 0.020852625 0.0063429624 -0.014766321
v 0.020384446 0.0066390187 -0.01591611
v 0.019454978 0.0066183656 -0.01670099
v -0.013234809 0.011272594 -0.023007616
v -0.01280795 0.0077750385 -0.023165971
v -0.011499807 0.010439515 -0.023317441
v -0.011403412 0.0072173625 -0.023193508
v -0.012690902 0.0067009777 -0.022780411
v -0.013785601 0.0071760416 -0.022484355
v -0.028739735 0.014474109 0.009289727
v -0.02853319 0.016870067 0.009386122
v -0.027548641 0.014894083 0.009551361
v -0.029710516 0.0145291835 0.008780241
v -0.029276773 0.019245386 0.009138256
v 0.01813995 0.0048351586 -0.015723325
v 0.018243223 0.0044427216 -0.014132902
v 0.01942055 0.005069256 -0.015805945
v 0.019861192 0.0049384385 -0.014470264
v 0.01979234 0.01302138 0.023245543
v 0.019069418 0.014171168 0.02456057
v 0.020122819 0.014370829 0.02400978
v 0.018098637 0.012759745 0.0235416
v 0.018594354 0.0123948455 0.022577703
v 0.019840531 0.012663364 0.021909863
v -0.018219516 0.006191492 -0.01685246
v -0.017331362 0.005668238 -0.016260356
v -0.016663522 0.007602915 -0.016639024
v -0.016298622 0.0061846077 -0.015709557
v -0.019686013 0.005544305 0.016002566
v -0.020780727 0.0059298724 0.014522299
v -0.020023376 0.0066183656 0.016333044
v -0.020711884 0.0071760416 0.015403569
v -0.020760074 0.010171011 0.015320957
v -0.019968301 0.0102811605 0.01642944
v 0.018243223 0.008504838 -0.016962618
v 0.019454978 0.0066183656 -0.01670099
v 0.019744143 0.010226086 -0.016625255
v 0.018215686 0.0062878877 -0.01688689
v -0.025903136 0.011362106 0.01446034
v -0.02534546 0.010818183 0.01332432
v -0.026102796 0.011967972 0.012697786
v -0.026447043 0.012477472 0.014453456
v -0.026488364 0.012938753 0.013427585
v -0.026453927 0.017772004 0.014405251
v -0.02647458 0.01684253 0.013510212
v 0.016756073 0.005138099 -0.013354905
v 0.017079666 0.0049177855 -0.014952213
v 0.016356744 0.0054548085 -0.014656156
v 0.018243223 0.0044427216 -0.014132902
v 0.01813995 0.0048351586 -0.015723325
v 0.017182939 0.005544305 -0.016129538
v 0.016356744 0.0054548085 -0.014656156
v 0.016287893 0.0061433017 -0.015654482
v 0.02266337 0.011492923 -0.015509896
v 0.023730539 0.010625407 -0.0150761455
v 0.02436395 0.0120024085 -0.016239703
v 0.022573866 0.0127872825 -0.016122654
v 0.021630622 0.011251941 -0.015310228
v -0.019988954 0.01280795 0.021964937
v -0.019747987 0.013035148 0.02327308
v -0.018887356 0.0124154985 0.02245377
v -0.018253952 0.01265648 0.023458973
v -0.0182264 0.019224718 0.024684504
v -0.017971665 0.014219359 0.024539918
v -0.019376189 0.014370829 0.02451238
v -0.019789293 0.021407261 0.024312705
v -0.014288217 0.010735571 -0.021899134
v -0.014453456 0.007602915 -0.021348342
v -0.013785601 0.0071760416 -0.022484355
v -0.013234809 0.011272594 -0.023007616
v -0.01280795 0.0077750385 -0.023165971
v -0.020760074 0.010171011 0.015320957
v -0.020711884 0.0071760416 0.015403569
v -0.020918429 0.009241536 0.014274433
v -0.020780727 0.0059298724 0.014522299
v -0.020711884 0.0065082014 0.013551518
v -0.022680968 0.012773514 -0.016170852
v -0.02363798 0.012140095 -0.016260356
v -0.022522628 0.011403412 -0.015289575
v -0.023782566 0.01074934 -0.015248269
v -0.024739578 0.011245057 -0.015585631
v -0.02472581 0.012429267 -0.016253471
v 0.017692424 0.014164284 -0.02446723
v 0.016673453 0.013090223 -0.022732213
v 0.018050447 0.012780398 -0.023551524
v 0.016680337 0.014384598 -0.023771845
v -0.011775196 0.0061639547 0.01869458
v -0.011802733 0.00544104 0.020677447
v -0.010694265 0.006026253 0.019899458
v -0.010928348 0.0057233274 0.021063015
v -0.009709716 0.00672853 0.020491555
v -0.010405093 0.0064737797 0.022143945
v 0.020136587 0.005220711 0.0147563815
v 0.020811312 0.0063291937 0.014839008
v 0.020549685 0.0062465817 0.013289884
v 0.01964087 0.0049797446 0.013455123
v -0.009227768 0.013351858 -0.029266044
v -0.007747501 0.012711555 -0.029142112
v -0.0076511055 0.013771832 -0.0302919
v -0.008979902 0.0125807375 -0.028061174
v -0.0099713355 0.013317436 -0.028088719
v -0.0075891465 0.012160763 -0.028019868
v -0.027548641 0.014894083 0.009551361
v -0.028457463 0.013227925 0.008814663
v -0.028739735 0.014474109 0.009289727
v -0.026922107 0.013833806 0.009062529
v -0.02648148 0.012766629 0.008009121
v -0.026915222 0.014811471 0.0099713355
v -0.02858138 0.012174532 0.007513404
v 0.02436395 0.0120024085 -0.016239703
v 0.023730539 0.010625407 -0.0150761455
v 0.025141954 0.011210635 -0.015268922
v 0.024728857 0.010604754 -0.01446338
v 0.025864877 0.011341453 -0.014497802
v 0.025575705 0.010976538 -0.013086386
v 0.024026588 0.010363787 -0.013485715
v 0.023730539 0.010625407 -0.0150761455
v 0.01873894 0.0058954507 -0.012019217
v 0.019936927 0.0072449 -0.011902176
v 0.019014336 0.00497286 -0.0129418075
v 0.02032248 0.0056820065 -0.01356145
v 0.009877995 0.01322104 -0.027944133
v 0.010483876 0.014625579 -0.026897617
v 0.010415025 0.01425378 -0.028267726
v 0.009774722 0.013468906 -0.026284859
v 0.0075508803 0.01265648 -0.029217847
v 0.009292774 0.013296768 -0.02915588
v 0.007991523 0.013992161 -0.030174859
v 0.008893445 0.014542952 -0.030037157
v 0.009898655 0.014687538 -0.029403739
v -0.020161077 0.00714162 0.012484357
v -0.01976864 0.00548923 0.012959406
v -0.0187359 0.005709544 0.0121883005
v -0.020711884 0.0065082014 0.013551518
v -0.020780727 0.0059298724 0.014522299
v -0.019589633 0.004786968 0.014191821
v -0.019913226 0.005530536 -0.01583349
v -0.018412307 0.0049590915 -0.015929878
v -0.018219516 0.006191492 -0.01685246
v -0.01904571 0.0067216456 -0.016859345
v -0.020092234 0.006707862 -0.01626724
v -0.02003026 0.0103018135 -0.016342975
v -0.020092234 0.006707862 -0.01626724
v -0.01904571 0.0067216456 -0.016859345
v -0.019114569 0.009255305 -0.016831808
v -0.018488035 0.009964451 -0.017609805
v -0.018068045 0.008305177 -0.016907543
v -0.017090395 0.0069006532 0.016539589
v -0.017317593 0.0057715178 0.016346812
v -0.01852934 0.006356731 0.01693204
v -0.018460497 0.00858058 0.017014652
v -0.016236648 0.007286206 0.016553357
v -0.017902806 0.009262189 0.017455295
v -0.01852934 0.006356731 0.01693204
v -0.019686013 0.005544305 0.016002566
v -0.020023376 0.0066183656 0.016333044
v -0.018260837 0.005069256 0.016043872
v -0.019272923 0.0048489273 0.015348494
v 0.011922829 0.0058472455 -0.02211257
v 0.011082865 0.0056613535 -0.0210936
v 0.012583785 0.005523652 -0.020914584
v 0.011723168 0.005551189 -0.020288058
v 0.009657681 0.0067216456 0.020594835
v 0.00967145 0.007726848 0.021772161
v 0.010415025 0.0068042576 0.022391811
v 0.010717966 0.0059918314 0.021730855
v 0.014552884 0.008670077 -0.019757912
v 0.013988316 0.006439358 -0.020336248
v 0.013609648 0.0071278512 -0.01867009
v 0.014484033 0.007637337 -0.021066055
v 0.018298306 0.012594506 0.020532861
v 0.018594354 0.0123948455 0.022577703
v 0.019840531 0.012663364 0.021909863
v 0.017265558 0.0126220435 0.022033796
v 0.018098637 0.012759745 0.0235416
v 0.016274124 0.013310552 0.022619009
v 0.018215686 0.0062878877 -0.01688689
v 0.01942055 0.005069256 -0.015805945
v 0.019454978 0.0066183656 -0.01670099
v 0.01813995 0.0048351586 -0.015723325
v 0.017182939 0.005544305 -0.016129538
v 0.009272121 0.012993842 0.02662605
v 0.009981275 0.013317436 0.02766569
v 0.010442562 0.014315754 0.026846379
v 0.00907246 0.012566969 0.027700111
v 0.007819399 0.012443036 0.02636443
v 0.0075715333 0.012202069 0.02833353
v 0.026023224 0.013895765 -0.012239538
v 0.026532717 0.0126013905 -0.013637185
v 0.025947496 0.012291566 -0.012349695
v 0.026512057 0.017166123 -0.013829961
v 0.026105843 0.014797702 -0.01175759
v -0.010776877 0.00585413 -0.021300144
v -0.009379238 0.006811142 -0.020770006
v -0.009812981 0.0071278512 -0.021568656
v -0.009138256 0.008133054 -0.02219519
v -0.022729173 0.010625407 -0.012804106
v -0.0240442 0.010350019 -0.013588987
v -0.023727491 0.011066049 -0.011743821
v -0.025297254 0.010893926 -0.012934923
v -0.02858138 0.012174532 0.007513404
v -0.030116737 0.013758063 0.007947162
v -0.028457463 0.013227925 0.008814663
v -0.029710516 0.0145291835 0.008780241
v -0.028739735 0.014474109 0.009289727
v -0.02647458 0.01684253 0.013510212
v -0.026488364 0.012938753 0.013427585
v -0.02612345 0.014336407 0.012484357
v -0.026102796 0.011967972 0.012697786
v -0.025359228 0.012477472 0.011713237
v -0.02627492 0.015410453 0.012215838
v -0.025125131 0.012491241 0.010873273
v -0.009861186 0.013530865 0.026302457
v -0.0104877055 0.0146737695 0.027052924
v -0.0100815 0.013468906 0.027686343
v -0.010432631 0.014584258 0.028319761
v -0.01059787 0.017985433 0.028340414
v -0.009475619 0.013331205 0.029090866
v -0.009055644 0.012539431 0.027837813
v -0.009530708 0.014832124 0.029800028
v -0.01059787 0.017985433 0.028340414
v -0.009448081 0.020945966 0.029786259
v -0.02445729 0.011176214 0.01198864
v -0.024071738 0.010377556 0.013510212
v -0.022901297 0.010694265 0.0125807375
v -0.02534546 0.010818183 0.01332432
v 0.011461541 0.007740617 0.02327308
v 0.012232654 0.0061226487 0.022577703
v 0.010415025 0.0068042576 0.022391811
v 0.010717966 0.0059918314 0.021730855
v -0.01993388 0.0050348192 -0.013967663
v -0.02086334 0.0064049363 -0.014415182
v -0.02043648 0.0060331374 -0.013230972
v -0.019913226 0.005530536 -0.01583349
v -0.020711884 0.0065288544 -0.015324004
v -0.019389957 0.004738778 -0.014965981
v -0.011183098 0.009572014 0.023218006
v -0.0122089535 0.007685527 0.023307502
v -0.01280795 0.011128008 0.023162916
v -0.010935232 0.007596031 0.023032114
v -0.012236491 0.00652197 0.02285999
v -0.010405093 0.0064737797 0.022143945
v -0.0122296065 0.0057921708 0.022033796
v -0.010928348 0.0057233274 0.021063015
v -0.011802733 0.00544104 0.020677447
v 0.011613004 0.006150186 0.018756554
v 0.011819556 0.0054135025 0.020773843
v 0.01250805 0.005709544 0.019906342
v 0.010607801 0.006019369 0.019720435
v -0.009000555 0.012828603 -0.02651894
v -0.007768154 0.012498125 -0.026353702
v -0.0075891465 0.012160763 -0.028019868
v -0.008979902 0.0125807375 -0.028061174
v -0.0099713355 0.013317436 -0.028088719
v -0.010356903 0.014122978 -0.026656643
v 0.017410144 0.013826922 0.024140581
v 0.019069418 0.014171168 0.02456057
v 0.018098637 0.012759745 0.0235416
v 0.017940283 0.014680654 0.024567455
v 0.01882156 0.019541427 0.024643183
v 0.019069418 0.014171168 0.02456057
v 0.017940283 0.014680654 0.024567455
v 0.017045237 0.016580895 0.024333358
v 0.016239703 0.014887199 0.023755029
v 0.017410144 0.013826922 0.024140581
v 0.017568499 0.0046079606 0.0149009675
v 0.018318959 0.004532218 0.013675451
v 0.01670099 0.005323991 0.01302138
v 0.01595053 0.0055580884 0.0143226385
v 0.019234657 0.004738778 0.0151075125
v 0.017568499 0.0046079606 0.0149009675
v 0.01828453 0.0049797446 0.01596126
v 0.018318959 0.004532218 0.013675451
v 0.01964087 0.0049797446 0.013455123
v 0.020136587 0.005220711 0.0147563815
v -0.029710516 0.0145291835 0.008780241
v -0.030116737 0.013758063 0.007947162
v -0.030578017 0.021868557 0.007644221
v -0.029276773 0.019245386 0.009138256
v 0.0057676733 0.004986629 0.020870224
v 0.006463051 0.005695775 0.022068217
v 0.007791862 0.0072793216 0.0219374
v 0.006511256 0.0054754615 0.020298779
v 0.007791862 0.0072793216 0.0219374
v 0.006944999 0.006542623 0.026192307
v 0.0073512197 0.0073412806 0.022701636
v 0.007358104 0.007623568 0.02591002
v 0.0075302273 0.009179562 0.024354026
v 0.0074958056 0.011795849 0.030977353
v 0.00750269 0.0120437145 0.026619166
v 0.0075715333 0.012202069 0.02833353
v 0.007750541 0.013709873 0.03024754
v 0.0075164586 0.02482909 0.031252757
v 0.007420063 0.015162602 0.038943246
v 0.0075715333 0.024918586 0.034240827
v 0.0072204024 0.030392125 0.039755672
v 0.0064561665 0.0067629516 0.028120086
v 0.005685061 0.013785601 0.041318566
v 0.0043218285 0.0040709227 0.02677752
v 0.0037090778 0.013310552 0.042330652
v 0.0026419014 0.003747344 0.0268808
v -0.0040089637 0.0120024085 0.040581867
v -0.0033548921 0.0037817657 0.026867032
v 0.006463051 0.005695775 0.022068217
v 0.0073512197 0.0073412806 0.022701636
v 0.007791862 0.0072793216 0.0219374
v 0.008012176 0.010012656 0.024298936
v 0.0075302273 0.009179562 0.024354026
v 0.007819399 0.012443036 0.02636443
v 0.00750269 0.0120437145 0.026619166
v 0.023923315 0.01126571 0.011534229
v 0.025975034 0.012078136 0.0124568045
v 0.025293425 0.0123741925 0.011685699
v 0.024976715 0.010673612 0.012993842
v 0.026030116 0.01152046 0.013462007
v 0.025438003 0.010907695 0.0143639445
v 0.026381247 0.0122709125 0.014577374
v 0.025128186 0.011279479 0.015382916
v 0.025320962 0.012463689 0.01596126
v 0.026023224 0.012684017 0.015348494
v 0.02647075 0.012628928 0.013400048
v 0.025975034 0.012078136 0.0124568045
v -0.018811628 0.004993513 -0.0129418075
v -0.01993388 0.0050348192 -0.013967663
v -0.02043648 0.0060331374 -0.013230972
v -0.01858443 0.0060744584 -0.0117093995
v -0.019988954 0.0068386793 -0.012404777
v -0.018412307 0.0049590915 -0.015929878
v -0.019389957 0.004738778 -0.014965981
v -0.018074945 0.004428953 -0.0141811
v -0.017152354 0.004883349 -0.015117452
v -0.019272923 0.0048489273 0.015348494
v -0.018343449 0.004449606 0.013785601
v -0.019589633 0.004786968 0.014191821
v -0.017400205 0.004738778 0.015176371
v -0.018260837 0.005069256 0.016043872
v -0.01976864 0.00548923 0.012959406
v -0.018343449 0.004449606 0.013785601
v -0.0187359 0.005709544 0.0121883005
v -0.019589633 0.004786968 0.014191821
v 0.023730539 0.010625407 -0.0150761455
v 0.022924997 0.010659829 -0.012831643
v 0.024026588 0.010363787 -0.013485715
v 0.022208959 0.010811299 -0.013960779
v -0.009861186 0.013530865 0.026302457
v -0.0100815 0.013468906 0.027686343
v -0.009055644 0.012539431 0.027837813
v -0.009028107 0.012814835 0.026770636
v 0.019861192 0.0049384385 -0.014470264
v 0.018243223 0.0044427216 -0.014132902
v 0.019014336 0.00497286 -0.0129418075
v 0.02032248 0.0056820065 -0.01356145
v 0.018463545 0.012387961 -0.02256009
v 0.017389491 0.012566969 -0.021238178
v 0.019269079 0.012429267 -0.021947332
v 0.018924832 0.012911215 -0.020198554
v 0.018924832 0.012911215 -0.020198554
v 0.020522147 0.013455123 -0.02144473
v 0.019269079 0.012429267 -0.021947332
v 0.020067737 0.014184937 -0.020136587
v 0.022174537 0.01687695 -0.019785456
v 0.024122976 0.010370672 0.013868228
v 0.025438003 0.010907695 0.0143639445
v 0.024976715 0.010673612 0.012993842
v 0.023854464 0.010549679 0.014928505
v 0.025128186 0.011279479 0.015382916
v -0.01993388 0.0050348192 -0.013967663
v -0.018811628 0.004993513 -0.0129418075
v -0.018074945 0.004428953 -0.0141811
v -0.019389957 0.004738778 -0.014965981
v -0.017427757 0.012525663 0.021648228
v -0.01729694 0.011974856 0.020718768
v -0.018667042 0.01270467 0.020291895
v -0.019975185 0.013358742 0.019562095
v -0.01998207 0.01364103 0.02043648
v -0.028292224 0.012264028 -0.0076403916
v -0.029868871 0.013014495 -0.0075990707
v -0.026068375 0.011038512 -0.0074889213
v -0.029166609 0.013881996 -0.009099998
v 0.027544804 0.014797702 -0.009513095
v 0.027131706 0.013448238 -0.008817717
v 0.028185107 0.013214156 -0.008852139
v 0.029087037 0.014226243 -0.009141304
v 0.029114574 0.018598199 -0.009361625
v -0.020780727 0.01023297 -0.015275806
v -0.020092234 0.006707862 -0.01626724
v -0.02003026 0.0103018135 -0.016342975
v -0.020711884 0.0065288544 -0.015324004
v -0.019913226 0.005530536 -0.01583349
v 0.025947496 0.012291566 -0.012349695
v 0.026532717 0.0126013905 -0.013637185
v 0.025575705 0.010976538 -0.013086386
v 0.025864877 0.011341453 -0.014497802
v 0.026264198 0.012828603 -0.014959097
v 0.02631928 0.01801297 -0.014814511
v 0.026512057 0.017166123 -0.013829961
v 0.02580291 0.012408614 -0.015558086
v 0.025141954 0.011210635 -0.015268922
v 0.02436395 0.0120024085 -0.016239703
v 0.025086872 0.013042033 -0.016129538
v 0.025782257 0.017723799 -0.015606284
v 0.024907865 0.016904488 -0.01626724
v 0.026264198 0.012828603 -0.014959097
v 0.02631928 0.01801297 -0.014814511
v -0.008676961 0.012319118 0.025827408
v -0.007850766 0.012477472 0.026447043
v -0.008036673 0.008367151 0.022901297
v -0.011121124 0.010501489 0.023445204
v -0.009861186 0.013530865 0.026302457
v -0.009420544 0.008470416 0.022426233
v -0.009709716 0.00672853 0.020491555
v -0.010811299 0.0147150755 0.026502132
v -0.01059787 0.017985433 0.028340414
v -0.009448081 0.020945966 0.029786259
v -0.017179891 0.015823558 0.024243861
v -0.007513404 0.02105613 0.030467868
v -0.009530708 0.014832124 0.029800028
v -0.007540956 0.013565287 0.030343935
v -0.012525663 0.005757749 -0.02183029
v -0.011974856 0.005427271 -0.020611651
v -0.011568651 0.0059298724 -0.022153877
v -0.010776877 0.00585413 -0.021300144
v -0.022722289 0.013999045 0.01678057
v -0.0244091 0.015623897 0.01636058
v -0.025359228 0.018157557 0.016567126
v -0.022798017 0.013062686 0.016236648
v -0.012525663 0.005757749 -0.02183029
v -0.012690902 0.0067009777 -0.022780411
v -0.013785601 0.0071760416 -0.022484355
v -0.013358742 0.0059161037 -0.021107368
v -0.014246896 0.0068042576 -0.020680502
v -0.014453456 0.007602915 -0.021348342
v 0.019744143 0.010226086 -0.016625255
v 0.017940283 0.009186462 -0.017334409
v 0.018243223 0.008504838 -0.016962618
v 0.016707875 0.0072586685 -0.016487561
v 0.016287893 0.0061433017 -0.015654482
v 0.016356744 0.0054548085 -0.014656156
v 0.017954051 0.006294772 0.016821876
v 0.01710032 0.0056613535 0.01616092
v 0.016694106 0.007596031 0.016608447
v 0.016026266 0.0064118207 0.01570651
v 0.011227451 0.014646232 0.02631624
v 0.009554401 0.01296629 0.0260133
v 0.010442562 0.014315754 0.026846379
v 0.009272121 0.012993842 0.02662605
v -0.020464018 0.0143226385 0.023665518
v -0.019747987 0.013035148 0.02327308
v -0.020945966 0.014288217 0.022639662
v -0.019988954 0.01280795 0.021964937
v -0.020890892 0.014143631 0.021551847
v -0.020464018 0.0143226385 0.023665518
v -0.019376189 0.014370829 0.02451238
v -0.019747987 0.013035148 0.02327308
v -0.018253952 0.01265648 0.023458973
v -0.017971665 0.014219359 0.024539918
v -0.01739332 0.013413817 0.023810104
v 0.018491082 0.009895608 0.017551675
v 0.01798848 0.008098632 0.016897604
v 0.016694106 0.007596031 0.016608447
v 0.017954051 0.006294772 0.016821876
v 0.019214004 0.006460011 0.016814992
v 0.01897303 0.009152025 0.016863182
v 0.01897303 0.009152025 0.016863182
v 0.018491082 0.009895608 0.017551675
v 0.019978233 0.010274276 0.016381234
v 0.01798848 0.008098632 0.016897604
v 0.0078056306 0.007802576 -0.022491246
v 0.007902011 0.012566969 -0.026463866
v 0.007482037 0.0120643675 -0.026780576
v 0.0074958056 0.009117603 -0.024542958
v 0.0075508803 0.01265648 -0.029217847
v 0.007991523 0.013992161 -0.030174859
v 0.0075095743 0.013551518 -0.03060861
v 0.00750269 0.0120024085 -0.028350346
v 0.008101672 0.0123741925 -0.027696274
v 0.022443049 0.007768154 -0.007860705
v 0.023365632 0.0079609305 -0.0074889213
v 0.025148839 0.011024743 -0.007888243
v 0.026608452 0.012119442 -0.0075095743
v 0.026498288 0.012849256 -0.007922664
v -0.028292224 0.012264028 -0.0076403916
v -0.026412621 0.012849256 -0.007936433
v -0.026536554 0.013379395 -0.008783296
v -0.029166609 0.013881996 -0.009099998
v -0.027107999 0.014797702 -0.009630136
v 0.12400997 0.17498316 0.0001051873
v 0.122240536 0.17280062 -0.0067315698
v 0.12113205 0.17438416 -0.009685218
v 0.12124222 0.16931684 -0.008445933
v 0.019454978 0.0066183656 -0.01670099
v 0.020384446 0.0066390187 -0.01591611
v 0.019744143 0.010226086 -0.016625255
v 0.020728692 0.0101159215 -0.015358426
v 0.020852625 0.0063429624 -0.014766321
v 0.020887047 0.009090066 -0.014394529
v 0.020721808 0.0068868846 -0.013520144
v 0.020494603 0.007892087 -0.012989998
v 0.019936927 0.0072449 -0.011902176
v 0.02032248 0.0056820065 -0.01356145
v 0.019861192 0.0049384385 -0.014470264
v 0.026498288 0.012849256 -0.007922664
v 0.026608452 0.012119442 -0.0075095743
v 0.028481156 0.012291566 -0.0076335073
v 0.031118095 0.011823401 -0.0074958056
v -0.026536554 0.011940435 0.007499635
v -0.02648148 0.012766629 0.008009121
v -0.02275671 0.008126169 0.007823229
v -0.023679301 0.00827764 0.0075065196
v -0.021090552 0.0063704997 0.007286206
v -0.02240558 0.0067767203 0.007100314
v -0.021496758 0.005695775 0.0064668953
v -0.020174846 0.0046836883 0.00544104
v -0.019307345 0.0045873076 0.0058265924
v -0.0191008 0.0039401203 0.003933236
v -0.02672933 0.0042705983 0.0047043413
v -0.026543438 0.004904017 0.005695775
v -0.026825726 0.003933236 0.0037817657
v -0.01916276 0.003747344 0.002749011
v -0.0268808 0.0037542284 0.002707705
v -0.026935875 0.003747344 -0.0024147034
v -0.026805073 0.0039676577 -0.0039293915
v -0.026350662 0.0056200475 0.006377384
v -0.019541427 0.0043532103 -0.0049208254
v -0.026694909 0.0043532103 -0.0048588663
v -0.026543438 0.00492467 -0.0057332516
v -0.01936242 0.0046492666 -0.005864069
v -0.020656794 0.0052895695 -0.0061050355
v -0.020656794 0.0052895695 -0.0061050355
v -0.021799698 0.0062672347 -0.006841734
v -0.021035463 0.0063842833 -0.007337451
v -0.022949487 0.007582262 -0.0074062943
v -0.022467539 0.007905856 -0.007950202
v -0.026068375 0.011038512 -0.0074889213
v -0.025125131 0.010997206 -0.007881358
v -0.026722446 0.0121469945 -0.0074889213
v -0.026412621 0.012849256 -0.007936433
v -0.02631624 0.005757749 -0.0064837188
v -0.021799698 0.0062672347 -0.006841734
v -0.026082143 0.0067422986 -0.0070551634
v -0.022949487 0.007582262 -0.0074062943
v -0.04108447 0.014095426 -0.006070614
v -0.026543438 0.00492467 -0.0057332516
v -0.041456252 0.012711555 -0.00404644
v -0.026694909 0.0043532103 -0.0048588663
v -0.026805073 0.0039676577 -0.0039293915
v -0.026935875 0.003747344 -0.0024147034
v -0.04050614 0.011844054 0.0029693395
v -0.0268808 0.0037542284 0.002707705
v -0.026825726 0.003933236 0.0037817657
v -0.038791776 0.015300304 -0.007420063
v -0.02672933 0.0042705983 0.0047043413
v -0.025476262 0.0079815835 -0.007461384
v -0.026068375 0.011038512 -0.0074889213
v -0.03162454 0.012821719 -0.0074958056
v -0.029868871 0.013014495 -0.0075990707
v -0.030543596 0.014687538 -0.007605955
v -0.031238973 0.024732694 -0.007523343
v -0.034495562 0.024932355 -0.0075577646
v -0.039666176 0.030302629 -0.0072066337
v -0.040079266 0.012608275 0.0053102225
v -0.026543438 0.004904017 0.005695775
v -0.04242015 0.0147770345 0.0042568296
v -0.040017307 0.01446034 0.006769836
v -0.041456252 0.012711555 -0.00404644
v -0.042482123 0.01549308 -0.0033648312
v -0.040017307 0.01446034 0.006769836
v -0.04108447 0.014095426 -0.006070614
v -0.026082143 0.00662525 0.0070245713
v -0.02240558 0.0067767203 0.007100314
v -0.03835115 0.015252098 0.007451445
v -0.025682822 0.007830113 0.007417023
v -0.023679301 0.00827764 0.0075065196
v -0.030722603 0.013165966 0.007513404
v -0.02858138 0.012174532 0.007513404
v -0.026536554 0.011940435 0.007499635
v -0.031376675 0.024801537 0.007520288
v -0.030578017 0.021868557 0.007644221
v -0.034268364 0.024939239 0.0075478405
v -0.03973502 0.03013739 0.0072449
v -0.040017307 0.01446034 0.006769836
v 0.024907865 0.016904488 -0.01626724
v 0.022491246 0.013799384 -0.016873114
v 0.023654804 0.014412135 -0.016432479
v 0.025086872 0.013042033 -0.016129538
v 0.02436395 0.0120024085 -0.016239703
v 0.022573866 0.0127872825 -0.016122654
v 0.022491246 0.013799384 -0.016873114
v 0.021630622 0.011251941 -0.015310228
v 0.022573866 0.0127872825 -0.016122654
v 0.023654804 0.014412135 -0.016432479
v -0.017076612 0.012594506 -0.021437846
v -0.016353697 0.01322104 -0.022553205
v -0.018033624 0.012732208 -0.023537755
v -0.018618852 0.0123741925 -0.022436164
v 0.015337773 0.00585413 -0.015489243
v 0.01618462 0.0050623715 -0.013072617
v 0.016356744 0.0054548085 -0.014656156
v 0.016756073 0.005138099 -0.013354905
v 0.01979234 0.006852448 0.012284681
v 0.020880163 0.008690745 0.013696104
v 0.02010905 0.0072586685 0.011596188
v 0.021300144 0.009578899 0.013489559
v 0.022422396 0.013620362 0.01678057
v 0.0228768 0.012876794 0.016181573
v 0.021665052 0.0113139 0.015417337
v 0.022463702 0.011334568 0.015272751
v 0.009175733 0.008215681 -0.022291578
v 0.009093113 0.0069006532 -0.020866394
v 0.010022581 0.007988468 -0.022326007
v 0.0097403005 0.0068042576 -0.021121137
v -0.019445047 0.013379395 -0.020164125
v -0.018474266 0.012684017 -0.020425752
v -0.019341767 0.012470573 -0.02183029
v -0.02090466 0.013496444 -0.022732213
v -0.02075319 0.01534161 -0.020467065
v -0.022798017 0.013062686 0.016236648
v -0.022722289 0.013999045 0.01678057
v -0.021661997 0.011362106 0.015458658
v -0.022598356 0.011355221 0.015286535
v 0.01710032 0.0056613535 0.01616092
v 0.017954051 0.006294772 0.016821876
v 0.01828453 0.0049797446 0.01596126
v 0.019214004 0.006460011 0.016814992
v 0.019537598 0.005585626 0.01611273
v 0.019234657 0.004738778 0.0151075125
v 0.020136587 0.005220711 0.0147563815
v 0.02047395 0.0064668953 0.015789136
v 0.020811312 0.0063291937 0.014839008
v -0.011568651 0.0059298724 -0.022153877
v -0.010267392 0.0067147613 -0.022105686
v -0.011403412 0.0072173625 -0.023193508
v -0.010776877 0.00585413 -0.021300144
v 0.024976715 0.0121469945 -0.011544161
v 0.023992166 0.011010975 -0.012088068
v 0.023200393 0.01038444 -0.011599235
v 0.024852782 0.012105674 -0.01087632
v 0.02075623 0.008408457 -0.012556247
v 0.021313913 0.010019541 -0.014105365
v 0.020887047 0.009090066 -0.014394529
v 0.020494603 0.007892087 -0.012989998
v 0.019936927 0.0072449 -0.011902176
v 0.022408627 0.010680497 0.013565287
v 0.023854464 0.010549679 0.014928505
v 0.022918113 0.010687381 0.012573853
v 0.024122976 0.010370672 0.013868228
v 0.019269079 0.012429267 -0.021947332
v 0.020522147 0.013455123 -0.02144473
v 0.02059099 0.013530865 -0.02258075
v 0.019530714 0.01302138 -0.02348268
v 0.018463545 0.012387961 -0.02256009
v 0.018050447 0.012780398 -0.023551524
v -0.020780727 0.01023297 -0.015275806
v -0.021400377 0.009337917 -0.012969345
v -0.020897776 0.009138256 -0.01431191
v -0.020711884 0.0065288544 -0.015324004
v -0.02086334 0.0064049363 -0.014415182
v 0.014518462 0.011066049 0.02198559
v 0.015110567 0.009434313 0.020078465
v 0.0145459995 0.008924827 0.020546645
v 0.014160439 0.01012969 0.02204068
v -0.009420544 0.008470416 0.022426233
v -0.009785444 0.007726848 0.022013128
v -0.011183098 0.009572014 0.023218006
v -0.011121124 0.010501489 0.023445204
v -0.016298622 0.0061846077 -0.015709557
v -0.016319275 0.005344644 -0.014263719
v -0.01544489 0.0060951114 -0.01573021
v -0.01585798 0.005200058 -0.013678499
v 0.020639189 0.015327841 0.020574182
v 0.019985117 0.013269231 0.019472584
v 0.019998886 0.013661683 0.020298779
v 0.021196872 0.016821876 0.020773843
v 0.020935245 0.016938925 0.021503642
v 0.021031633 0.019259155 0.0223023
v -0.0149216205 0.009138256 0.01993388
v -0.014350176 0.009964451 0.02162069
v -0.014501646 0.008670077 0.02038829
v -0.0147150755 0.01111424 0.021923631
v -0.0137925 0.010625407 0.022522628
v 0.026105843 0.014797702 -0.01175759
v 0.026023224 0.013895765 -0.012239538
v 0.024976715 0.0121469945 -0.011544161
v 0.024852782 0.012105674 -0.01087632
v 0.01618462 0.0050623715 -0.013072617
v 0.018580586 0.0059711784 -0.011413343
v 0.016756073 0.005138099 -0.013354905
v 0.01873894 0.0058954507 -0.012019217
v 0.011819556 0.0054135025 0.020773843
v 0.013444409 0.005922988 0.02095285
v 0.01250805 0.005709544 0.019906342
v 0.013527028 0.0062259287 0.019803062
v 0.020067737 0.014184937 -0.020136587
v 0.020646073 0.015314072 -0.020535916
v 0.021072939 0.019410625 -0.02256009
v 0.024570502 0.02213706 -0.019757912
v 0.022966303 0.026653603 -0.022918113
v 0.025761597 0.026543438 -0.019565135
v 0.019413665 0.02116628 -0.024604924
v 0.019448094 0.02648148 -0.025816679
v 0.018559933 0.024884164 -0.0264019
v 0.020171009 0.014419019 -0.023992166
v 0.020845741 0.014866546 -0.023055807
v 0.0170177 0.016030103 -0.024240024
v 0.008032829 0.024891049 -0.031524308
v 0.0075164586 0.020897776 -0.0304778
v 0.008893445 0.014542952 -0.030037157
v 0.007991523 0.013992161 -0.030174859
v 0.009898655 0.014687538 -0.029403739
v 0.016680337 0.014384598 -0.023771845
v 0.01581283 0.014191821 -0.023517102
v 0.016673453 0.013090223 -0.022732213
v 0.0159643 0.012931868 -0.022539437
v -0.017317593 0.0057715178 0.016346812
v -0.017400205 0.004738778 0.015176371
v -0.018260837 0.005069256 0.016043872
v -0.016250417 0.0061433017 0.015561923
v -0.01632616 0.0054341555 0.014687538
v -0.015768483 0.0052482635 0.013937071
v 0.009657681 0.0067216456 0.020594835
v 0.010607801 0.006019369 0.019720435
v 0.0101052 0.005778402 0.019073263
v 0.009024262 0.0075684935 0.021703318
v 0.007482037 0.0120643675 -0.026780576
v 0.008101672 0.0123741925 -0.027696274
v 0.00750269 0.0120024085 -0.028350346
v 0.007902011 0.012566969 -0.026463866
v 0.0097403005 0.0068042576 -0.021121137
v 0.009093113 0.0069006532 -0.020866394
v 0.010222249 0.005881667 -0.019282855
v 0.010676652 0.006019369 -0.019812994
v 0.027544804 0.014797702 -0.009513095
v 0.026925154 0.014763266 -0.009884879
v 0.026326165 0.013214156 -0.008976072
v 0.027131706 0.013448238 -0.008817717
v 0.0089209825 0.012842372 -0.026546486
v 0.009877995 0.01322104 -0.027944133
v 0.009058684 0.0125532 -0.0278202
v 0.009774722 0.013468906 -0.026284859
v -0.023038998 0.026660487 0.022853106
v -0.026020184 0.025779203 0.019093916
v -0.0329258 0.036258116 0.026350662
v -0.026398852 0.036237463 0.032726124
v -0.019596517 0.026495248 0.02569659
v 0.00967145 0.007726848 0.021772161
v 0.010263555 0.008318946 0.022632778
v 0.010415025 0.0068042576 0.022391811
v 0.011461541 0.007740617 0.02327308
v 0.011213683 0.010205433 0.023211122
v 0.009581946 0.008711398 0.02255705
v -0.008016005 0.012319118 0.028154522
v -0.007499635 0.012112558 0.026853263
v -0.007850766 0.012477472 0.026447043
v -0.007499635 0.012029946 0.028402373
v 0.09331682 0.23504753 -0.030030273
v 0.12416144 0.2359357 -0.029988967
v 0.093303055 0.2770527 -0.030002736
v 0.124044396 0.25207406 -0.029995851
v 0.10292822 0.27696317 -0.029995851
v 0.07369469 0.14500605 0.007059008
v 0.073646486 0.11999987 0.007182926
v 0.07239343 0.14499916 0.015610129
v 0.07258621 0.120006755 0.014391482
v 0.07052072 0.14500605 0.022591472
v 0.070809886 0.11999987 0.02148299
v 0.067119546 0.14501293 0.031397328
v 0.06836573 0.11999987 0.028319761
v 0.06524684 0.11999987 0.034908667
v 0.061281107 0.14499228 0.04158707
v 0.061522074 0.11999987 0.041125774
v 0.05715701 0.11999299 0.04699865
v 0.057170786 0.14499916 0.046991765
v 0.035916917 0.2000031 -0.12398243
v 0.035076946 0.1999136 -0.08625285
v 0.051194638 0.19997557 -0.077722386
v 0.06049622 0.19999622 -0.07067219
v 0.07051384 0.2000031 -0.10818833
v 0.05310177 0.20005818 -0.11773777
v 0.07063088 0.19999622 -0.06049622
v 0.06681661 0.19989984 -0.060454912
v 0.08692069 0.19999622 -0.095471814
v 0.12179301 0.19999622 -0.043524794
v 0.10050472 0.2000031 -0.081040934
v 0.11126591 0.20001687 -0.06548093
v 0.07653129 0.19999622 -0.052964076
v 0.08222515 0.1999136 -0.043511026
v 0.08222515 0.1999136 -0.043511026
v 0.082383506 0.1576537 -0.043497257
v 0.121868744 0.17011549 -0.043497257
v 0.12179301 0.19999622 -0.043524794
v 0.12467781 0.1700673 -0.04293269
v 0.12555909 0.2034869 -0.042443857
v 0.09958902 0.22001769 -0.042037643
v 0.11229177 0.21999703 -0.06367707
v 0.12194448 0.22002457 -0.042023875
v 0.10419506 0.21999703 -0.07604934
v 0.09317224 0.22002457 -0.054898746
v 0.09465939 0.21999703 -0.08780885
v 0.083512634 0.22001769 -0.06873063
v 0.08102028 0.21999703 -0.10049783
v 0.06977026 0.22001769 -0.08272087
v 0.06513668 0.21999703 -0.11150688
v 0.053446017 0.22000392 -0.09408105
v 0.047800355 0.21999703 -0.11990653
v 0.03403732 0.22003834 -0.12440241
v 0.03403732 0.22007965 -0.10257709
v -0.08227718 0.15785338 0.04350798
v -0.12281583 0.17039777 0.04349421
v -0.08223587 0.19994803 0.04350798
v -0.12148015 0.19999622 0.04352863
v -0.12574883 0.2035764 0.04235819
v -0.1263478 0.16999845 0.041862473
v -0.034034267 0.22006588 -0.124608964
v -0.0348949 0.21999703 -0.10350656
v -0.05698873 0.21999703 -0.11585129
v -0.06023842 0.22000392 -0.09081758
v -0.07516502 0.22004522 -0.07770862
v -0.08450103 0.22007276 -0.0673743
v -0.09272167 0.2200108 -0.05564232
v -0.08462496 0.21999703 -0.09736517
v -0.07327855 0.21997638 -0.10629497
v -0.095158935 0.21999703 -0.08723052
v -0.11221987 0.21999703 -0.06379411
v -0.12115656 0.21993507 -0.042092726
v -0.09951712 0.22067864 -0.042010106
v -0.09953089 0.22002457 0.04213099
v -0.11232315 0.21999703 0.06361206
v -0.122086 0.22004522 0.042013943
v -0.10422644 0.21999703 0.0759981
v -0.09343082 0.22001769 0.054441288
v -0.09513828 0.21999703 0.08724812
v -0.07742329 0.2200108 0.075564355
v -0.081602454 0.21999703 0.100054145
v -0.06257932 0.22001769 0.08821201
v -0.0692233 0.21999703 0.10884625
v -0.047074392 0.2200108 0.097382784
v -0.05638285 0.21999703 0.11612363
v -0.034048036 0.22003834 0.12461279
v -0.0340205 0.22008653 0.10255338
v -0.122932866 0.16699661 -0.003461212
v -0.12090869 0.16515832 -0.005141139
v -0.12147327 0.16723071 -0.0075990707
v -0.11984153 0.16677628 -0.009857342
v -0.11656429 0.16656975 -0.013747342
v -0.115001395 0.16499998 -0.012046762
v -0.107104346 0.16511701 -0.016590834
v -0.11162776 0.16735463 -0.01681804
v -0.10433659 0.16707923 -0.01815372
v 0.020033315 0.2731489 0.086449474
v 0.021981753 0.20500158 0.08620849
v 0.019992001 0.26211232 0.086532086
v 0.013348021 0.20001687 0.08788842
v 0.0267668 0.20009948 0.08507936
v 0.017857663 0.2600124 0.08707599
v 0.008927867 0.25977832 0.088439226
v 0.0026694387 0.20062964 0.08883166
v -1.9222498E-06 0.2596957 0.08884543
v -0.0063636154 0.20000999 0.08863889
v -0.008525506 0.25966817 0.08847365
v -0.014832124 0.20058145 0.087619916
v -0.017971665 0.26000553 0.08704157
v -0.019975185 0.2620228 0.08653897
v -0.021978706 0.20502223 0.08620161
v -0.026708677 0.2000513 0.08508624
v -0.020009607 0.27316958 0.086483896
v -0.021958053 0.27167553 0.08645636
v 0.04443361 0.06996688 0.0073343962
v 0.044399187 0.035005048 0.0073137432
v 0.043029077 0.070001304 0.013296768
v 0.04327005 0.034998164 0.012346655
v 0.04041279 0.07007703 0.020078465
v 0.040385254 0.034984395 0.01998207
v 0.036529675 0.069987535 0.026268035
v 0.036577873 0.035005048 0.026206076
v 0.0267668 0.20009948 0.08507936
v 0.026642874 0.2000513 0.11547646
v 0.013348021 0.20001687 0.08788842
v 0.011516616 0.20001687 0.123201385
v 0.021410301 0.20047127 0.121562764
v -0.0063636154 0.20000999 0.08863889
v -0.019720435 0.20001687 0.122278795
v -0.024491712 0.20001687 0.11919434
v -0.026708677 0.2000513 0.08508624
v -0.026391968 0.2005608 0.11455387
v 0.0219611 0.20501535 0.114546984
v 0.021981753 0.20500158 0.08620849
v 0.021988638 0.23197685 0.11396177
v 0.022002414 0.23200439 0.09549631
v 0.021967985 0.27131748 0.08647013
v 0.021988638 0.27072543 0.09548941
v 0.012928031 0.024939239 0.029559046
v 0.018924832 0.025001213 0.02946955
v 0.018869758 0.02554512 0.025841177
v 0.0075715333 0.024918586 0.034240827
v 0.0075164586 0.02482909 0.031252757
v 0.014132902 0.025145784 0.032209754
v 0.12281887 0.19943164 0.04349421
v 0.1231287 0.17046662 0.043487325
v 0.082232036 0.1577157 0.043501094
v 0.082294 0.19998933 0.04352863
v -0.12275387 0.19939034 -0.043497257
v -0.08222899 0.15781896 -0.04350414
v -0.08228406 0.19998245 -0.043524794
v -0.1224647 0.17026009 -0.043490373
v -0.12531506 0.17001222 -0.042540245
v -0.12581079 0.20364524 -0.042202882
v -0.121232286 0.2000031 -0.04403428
v 0.082294 0.19998933 0.04352863
v 0.082232036 0.1577157 0.043501094
v 0.076703414 0.19998245 0.052733824
v 0.077006355 0.15636624 0.05224499
v 0.08287233 0.15639378 0.04224114
v 0.07063776 0.1563869 0.060479403
v 0.07064465 0.19998245 0.060486287
v -0.10293895 0.27694255 0.029999688
v -0.1241584 0.23590817 0.02998592
v -0.124041334 0.25206715 0.029999688
v -0.09332065 0.27703893 0.030006573
v -0.0933 0.23561211 0.030006573
v 0.019448094 0.02648148 -0.025816679
v 0.022966303 0.026653603 -0.022918113
v 0.026415668 0.036223695 -0.032853104
v 0.032722294 0.03621681 -0.026415668
v 0.025761597 0.026543438 -0.019565135
v 0.03405109 0.22000392 0.12440626
v 0.034794666 0.21999703 0.103414014
v 0.059435934 0.22000392 0.09125517
v 0.07428679 0.2200108 0.07853177
v 0.10414686 0.21999703 0.07611515
v 0.112319306 0.21999703 0.06362583
v 0.12192383 0.2200108 0.042048365
v 0.09233227 0.22002457 0.056238264
v 0.099582136 0.22004522 0.042034596
v 0.0778119 0.22000392 0.103207454
v 0.09516887 0.21998326 0.08724123
v 0.047717735 0.21995573 0.11999299
v 0.060943738 0.21981801 0.1138998
v -0.029992804 0.18500076 -0.120298974
v -0.030013457 0.18499388 -0.08807737
v -0.018563762 0.184987 -0.09118937
v -0.007954046 0.18499388 -0.09265587
v -0.0075684935 0.18489061 -0.10867028
v -0.018260837 0.18500076 -0.12271559
v -0.0025975555 0.18499388 -0.11894264
v -0.0044564903 0.18500076 -0.12392046
v 0.012948692 0.18500076 -0.12345228
v 0.0025592893 0.184987 -0.11898395
v 0.0075371116 0.18497322 -0.1106738
v 0.0075164586 0.18499388 -0.093502715
v 0.029995851 0.18499388 -0.08805671
v 0.029995851 0.18500076 -0.12031274
v -0.07087569 0.14400084 0.0043325573
v -0.07093765 0.12075032 0.0043738633
v -0.07095143 0.14399396 -0.0043493807
v -0.07086192 0.12080543 -0.0043011755
v -0.0073550493 0.015135065 -0.039207928
v -0.0049590915 0.013186619 -0.041789785
v -0.0072173625 0.030433446 -0.039779373
v -0.0046010762 0.03603092 -0.042092726
v -0.003251627 0.014653116 -0.04247828
v -0.004552871 0.071323216 -0.042306155
v 0.0029310733 0.07182582 -0.04249893
v 0.0031995922 0.014336407 -0.042471394
v 0.0045559257 0.03603092 -0.04207895
v 0.0045283884 0.07098585 -0.042092726
v 0.006132573 0.013978392 -0.041066863
v 0.007275477 0.030268207 -0.039682984
v -0.036526635 0.06991868 0.026240498
v -0.036574826 0.034998164 0.026219845
v -0.03952159 0.06999442 0.021613806
v -0.040774643 0.03472966 0.019073263
v -0.041917548 0.070035726 0.01646386
v -0.0435424 0.07002196 0.01152046
v -0.043266997 0.034998164 0.012360424
v -0.044396132 0.06997377 0.007272437
v -0.044403017 0.035005048 0.007306859
v -0.008917943 0.20500158 -0.11866724
v -0.01868081 0.20501535 -0.11753811
v -0.018253952 0.23205946 -0.11762761
v -0.008835316 0.23198374 -0.11867412
v -2.257526E-05 0.20500158 -0.118997715
v -8.806586E-06 0.2319975 -0.118997715
v 0.008907214 0.20500158 -0.11866724
v 0.009230815 0.23198374 -0.1186397
v 0.019282855 0.20497404 -0.11743483
v 0.018663205 0.23199062 -0.11751745
v -0.02198559 0.20498781 -0.11377892
v -0.02198559 0.20500158 -0.08626662
v -0.02199936 0.23196997 -0.11337959
v -0.02199936 0.23201127 -0.095471814
v -0.021992475 0.27113163 -0.08676234
v -0.022006243 0.27092505 -0.095506236
v 0.022002414 0.23201127 -0.095506236
v 0.021981753 0.20500158 -0.11403366
v 0.02191291 0.23194931 -0.114756584
v 0.021981753 0.2049947 -0.086239085
v 0.0219611 0.27152407 -0.086390555
v 0.022009298 0.27082866 -0.09549247
v -0.051494524 0.19996868 0.077526554
v -0.035727978 0.19999622 0.124041334
v -0.035087675 0.19994114 0.0862498
v -0.060513824 0.19998933 0.07062784
v -0.07064849 0.19999622 0.060500056
v -0.060548246 0.2000031 0.06769484
v -0.06675848 0.19974147 0.060486287
v -0.06289603 0.19999622 0.112743124
v -0.048396304 0.20023032 0.11982776
v -0.08944443 0.2000031 0.092941985
v -0.078855366 0.20002376 0.10222979
v -0.0764112 0.19998933 0.05312626
v -0.099992186 0.2000031 0.081636876
v -0.12148015 0.19999622 0.04352863
v -0.08223587 0.19994803 0.04350798
v -0.10844003 0.19999622 0.069836065
v -0.115972176 0.20006506 0.056844145
v -0.05726412 0.14499228 0.046991765
v -0.07478635 0.14972912 0.046929806
v -0.06731616 0.14972912 0.05708511
v -0.062303916 0.14500605 0.040031075
v -0.065822124 0.14499228 0.03389658
v -0.07992941 0.1496947 0.037407905
v -0.070366204 0.14499916 0.023183584
v -0.12375219 0.16339578 0.037118733
v -0.092411846 0.15185659 0.01981683
v -0.07286544 0.14501293 0.013193503
v -0.10586505 0.15646262 0.022846207
v -0.08470757 0.14889605 0.01270467
v -0.12610684 0.16340266 0.02813387
v -0.073657215 0.14497162 0.0071553886
v -0.11662625 0.15976052 0.01926604
v -0.12839265 0.16340955 0.015135065
v -0.08096215 0.14734004 0.0032240748
v -0.07087569 0.14400084 0.0043325573
v -0.07095143 0.14399396 -0.0043493807
v -0.12631337 0.16248696 0.0071071982
v -0.12922572 0.16342331 0.00019469857
v -0.08265586 0.14806984 -0.00935474
v -0.07362968 0.14494409 -0.007234171
v -0.12861295 0.16339578 -0.013100162
v -0.12521867 0.16248007 -0.0053821206
v -0.12153523 0.16115816 -0.015585631
v -0.07252808 0.14499228 -0.015034832
v -0.1261275 0.16340266 -0.028061174
v -0.113665715 0.15889989 -0.020535916
v -0.103558585 0.15571217 -0.023214161
v -0.12373839 0.16339578 -0.03713555
v -0.09225349 0.1518084 -0.019785456
v -0.07052456 0.14501293 -0.02256009
v -0.08004646 0.1496947 -0.037362754
v -0.06795646 0.14500605 -0.0294244
v -0.06408712 0.14501981 -0.037163094
v -0.07318215 0.14975666 -0.049473397
v -0.057298556 0.14496474 -0.046981044
v -0.06723355 0.14974289 -0.057081282
v -0.004346326 0.1471404 0.07094453
v -0.0043119043 0.15225591 0.0861603
v 0.0043631494 0.15222837 0.08614653
v 0.0043424964 0.1471266 0.07088257
v -0.02198559 0.23201127 0.11414078
v -0.021978706 0.20502223 0.08620161
v -0.02198559 0.20501535 0.11385161
v -0.02199936 0.23201816 0.095516965
v -0.021958053 0.27167553 0.08645636
v -0.022006243 0.27091128 0.09549631
v 0.03500121 0.19942476 -0.121434994
v 0.03496679 0.18997861 -0.12206841
v 0.03500121 0.18999238 -0.08616334
v 0.035076946 0.1999136 -0.08625285
v -0.034998164 0.19935592 0.12151457
v -0.034970626 0.19004746 0.12203093
v -0.034998164 0.18999238 0.08617407
v -0.035087675 0.19994114 0.0862498
v 0.03399601 0.23199062 0.124426916
v 0.034002893 0.2206511 0.1025465
v 0.03405109 0.22000392 0.12440626
v 0.034002893 0.23200439 0.10251208
v 0.04207895 0.036457777 -0.0046729743
v 0.042402543 0.01543799 -0.0042185634
v 0.04239566 0.071688116 -0.0044113398
v 0.039882652 0.03048852 -0.0071584433
v 0.040405907 0.01384069 -0.006407976
v -0.019968301 0.021248907 -0.024267562
v -0.017882153 0.014260665 -0.024522305
v -0.017173007 0.01694581 -0.024419032
v -0.019596517 0.014178053 -0.02438461
v -0.021427915 0.29839605 -0.07939543
v -0.039597318 0.2982446 -0.07231769
v -0.03147307 0.29813445 -0.078238755
v -0.0447817 0.29811376 -0.071291834
v -0.05421409 0.29816198 -0.062004022
v -0.05652055 0.29819638 -0.06254794
v -0.07077241 0.2981069 -0.04612042
v -0.067261085 0.29823083 -0.047731504
v -0.078201294 0.29821014 -0.026491404
v -0.08079691 0.2981069 -0.024267562
v -0.0821808 0.29819638 -0.0053821206
v -0.08408104 0.29813445 -0.0038605481
v -0.083495826 0.29808623 0.010776877
v -0.08169885 0.29823083 0.009572014
v -0.078765854 0.2982239 0.024656951
v -0.07927534 0.29812068 0.028973833
v -0.07099274 0.2981482 0.04184182
v -0.06869316 0.29818952 0.049077913
v -0.06129183 0.29812068 0.05515045
v -0.052265644 0.29812068 0.06641424
v -0.043886647 0.2982239 0.06993933
v -0.03293957 0.29807246 0.07740264
v -0.02554512 0.2984236 0.078297675
v 0.035042524 0.19996868 0.08617407
v 0.034994327 0.19000615 0.12146638
v 0.035042524 0.19990672 0.121865705
v 0.03500121 0.18999927 0.08615342
v 0.034009777 0.23198374 -0.124423064
v 0.03403732 0.22007965 -0.10257709
v 0.033989124 0.23198374 -0.102632165
v 0.03403732 0.22003834 -0.12440241
v -0.05715397 0.120006755 0.04699865
v -0.062303916 0.14500605 0.040031075
v -0.05726412 0.14499228 0.046991765
v -0.061512142 0.11999987 0.04113266
v -0.065822124 0.14499228 0.03389658
v -0.065257564 0.11999987 0.034888014
v -0.06836268 0.11999987 0.028319761
v -0.070366204 0.14499916 0.023183584
v -0.07081373 0.11999987 0.02146922
v -0.07286544 0.14501293 0.013193503
v -0.07259004 0.11999987 0.014391482
v -0.073657215 0.14497162 0.0071553886
v -0.07365033 0.11999299 0.0071898103
v -0.034268364 0.024939239 0.0075478405
v -0.029118419 0.024946123 0.013799384
v -0.031376675 0.024801537 0.007520288
v -0.029490203 0.02498743 0.01884605
v -0.026020184 0.025779203 0.019093916
v 0.09949951 0.23199062 -0.042003214
v 0.09958902 0.22001769 -0.042037643
v 0.12194448 0.22002457 -0.042023875
v 0.12195825 0.23200439 -0.04199633
v -0.033999845 0.2206098 -0.10254267
v -0.033999845 0.2319975 -0.12442995
v -0.033999845 0.23199062 -0.102515124
v -0.034034267 0.22006588 -0.124608964
v -0.033999845 0.23198374 0.1025465
v -0.033999845 0.2319975 0.1244338
v -0.0340205 0.22008653 0.10255338
v -0.034048036 0.22003834 0.12461279
v -0.042082787 0.035776168 0.0046423823
v -0.04242015 0.0147770345 0.0042568296
v -0.04225491 0.07139894 0.0045459867
v -0.03973502 0.03013739 0.0072449
v -0.040017307 0.01446034 0.006769836
v -0.007492751 0.18450506 0.11012684
v -0.002563119 0.18498011 0.11896025
v -0.007472098 0.17105184 0.09271479
v -0.0025906563 0.16268663 0.0899608
v -0.007534072 0.18492503 0.0927079
v -0.007472098 0.17105184 0.09271479
v -0.01813002 0.18497322 0.09130336
v -0.0071760416 0.15639378 0.09272167
v -0.01549308 0.1563869 0.091702685
v -0.023686185 0.15638001 0.08993326
v -0.029999688 0.18499388 0.08803989
v -0.031679615 0.15638001 0.08744091
v -0.034998164 0.18999238 0.08617407
v -0.039425194 0.15638001 0.084225625
v -0.041834936 0.19956936 0.08306207
v -0.035087675 0.19994114 0.0862498
v -0.046840295 0.1563869 0.08034252
v -0.051494524 0.19996868 0.077526554
v -0.053890496 0.1563869 0.07579155
v -0.060513824 0.19998933 0.07062784
v -0.06044498 0.15635936 0.070669144
v -0.035053253 0.19992049 -0.086184
v -0.034984395 0.19001304 -0.12206841
v -0.03497751 0.1994523 -0.12167597
v -0.035011932 0.19000615 -0.086184
v 0.12192383 0.2200108 0.042048365
v 0.099582136 0.22004522 0.042034596
v 0.12196513 0.23201127 0.042000175
v 0.099492624 0.23201127 0.04199329
v -0.097947344 0.28502548 -0.007275477
v -0.095881864 0.28508055 0.021861658
v -0.10491493 0.28491533 0.022157714
v -0.10399234 0.28499103 -0.022057489
v -0.09557204 0.28502548 -0.022009298
v -0.10993406 0.28357273 -0.006552562
v -0.1083643 0.28276718 -0.023269244
v -0.10996848 0.28276718 0.013833806
v -0.109087214 0.2820443 0.023197353
v -0.13066469 0.25654238 0.023094073
v -0.11035405 0.28205115 -0.015709557
v -0.13217248 0.25696236 -0.008556083
v -0.1304306 0.25681776 -0.023124658
v -0.1319315 0.25318938 -0.0233794
v -0.13308819 0.25325137 -0.015523665
v -0.13378356 0.253334 -0.007337451
v -0.111648425 0.28181708 0.0037955344
v -0.1322069 0.25685912 0.008911058
v -0.1330813 0.25300354 0.015603229
v -0.13186954 0.25287962 0.023445204
v -0.13194527 0.23004906 0.023417667
v -0.13376291 0.25309992 0.007719964
v -0.13250296 0.17003976 0.019940764
v -0.13054074 0.22995956 0.030364588
v -0.13361831 0.17003976 0.010143459
v -0.13081615 0.17004664 0.02904956
v -0.12816544 0.17003976 0.03914979
v -0.13399701 0.25134426 1.9222498E-06
v -0.13401766 0.17006041 0.00024977326
v -0.13360454 0.17003976 -0.010222249
v -0.13308819 0.25325137 -0.015523665
v -0.13250984 0.17004664 -0.019936927
v -0.1319315 0.25318938 -0.0233794
v -0.13193838 0.23001464 -0.023393176
v -0.13055451 0.22996645 -0.030271247
v -0.13080238 0.17004664 -0.029093921
v -0.12814479 0.20508419 0.039191112
v -0.1263478 0.16999845 0.041862473
v -0.12574883 0.2035764 0.04235819
v -0.12884705 0.2150674 0.03682956
v -0.12879197 0.23002152 0.03684333
v -0.12375219 0.21498476 0.05167353
v -0.12281583 0.20507042 0.053800985
v -0.11475353 0.2149641 0.069533125
v -0.1140375 0.20498092 0.07058652
v -0.1029596 0.21491592 0.08598818
v -0.10234684 0.20498781 0.08668356
v -0.09179908 0.21499856 0.097616866
v -0.09159942 0.20500158 0.09780277
v -0.08008088 0.2149228 0.107620716
v -0.079936296 0.20493273 0.10761383
v -0.06434874 0.20496716 0.11767276
v -0.062496692 0.21497099 0.11873303
v -0.049243152 0.20500158 0.12461968
v -0.04374206 0.21504675 0.12669893
v -0.035363063 0.20497404 0.12934278
v -0.028856784 0.21501921 0.13085745
v -0.020057812 0.20500846 0.13248919
v -0.0288499 0.22996645 0.13085745
v -0.02090466 0.22998022 0.13239281
v -0.010033309 0.20500158 0.13362522
v -0.011355221 0.22999398 0.13356324
v 3.2499433E-05 0.20500158 0.13399701
v 0.0036333352 0.23069625 0.13390748
v 0.010112084 0.20500846 0.13361831
v 0.019090071 0.22998022 0.13270263
v 0.020115934 0.20500158 0.1324823
v 0.028866716 0.2150674 0.13085057
v 0.028846063 0.23000775 0.13085057
v 0.03540054 0.20498092 0.12932898
v 0.03878794 0.21499856 0.12826182
v 0.052723102 0.21494345 0.123345956
v 0.0536388 0.20504977 0.122932866
v 0.06706447 0.21499856 0.1160066
v 0.06739495 0.20500158 0.115820706
v 0.08001508 0.21495722 0.107634485
v 0.07993934 0.20445769 0.10739352
v 0.09157492 0.20500158 0.097823426
v 0.0917677 0.21499856 0.0976513
v 0.102267265 0.20496716 0.08677307
v 0.09902445 0.21499856 0.09027062
v 0.10868405 0.21508805 0.07844226
v 0.11401989 0.20497404 0.070614055
v 0.11698731 0.21499856 0.06534706
v 0.12281199 0.20506354 0.053814754
v 0.12393423 0.21530835 0.050943732
v 0.1280721 0.20495339 0.03937012
v 0.1288432 0.21504675 0.036815792
v 0.13048182 0.17004664 0.030467868
v 0.12791374 0.17003976 0.039865837
v 0.12900156 0.22996645 0.03661613
v 0.1319552 0.22999398 0.02337636
v 0.13250601 0.17004664 0.019892573
v 0.13307057 0.25309992 0.015672088
v 0.13190013 0.25323075 0.023403898
v 0.1336076 0.17003976 0.010164112
v 0.1337866 0.253334 0.0073550493
v 0.13401382 0.1700673 -0.00024594367
v 0.13400005 0.25131673 1.9222498E-06
v 0.13361448 0.17003976 -0.0101052
v 0.13377284 0.2531343 -0.007482037
v 0.13307057 0.2530586 -0.01568202
v 0.13249913 0.17003976 -0.019971348
v 0.13194144 0.23003529 -0.023406945
v 0.13190013 0.25322384 -0.02341383
v 0.13053003 0.22995956 -0.03039518
v 0.13080542 0.17004664 -0.029066376
v 0.12790686 0.17004664 -0.040020347
v 0.12814783 0.20507042 -0.039235465
v 0.12882943 0.2150674 -0.036846384
v 0.12878813 0.23003529 -0.03685327
v 0.12384473 0.21525328 -0.05124972
v 0.12288083 0.20500846 -0.05365257
v 0.11700108 0.21499856 -0.06532258
v 0.11410251 0.20498092 -0.07047941
v 0.10867028 0.21509494 -0.07845908
v 0.105220914 0.20500846 -0.08296873
v 0.09903822 0.21499856 -0.09026678
v 0.098693974 0.20500158 -0.09063857
v 0.088042945 0.21493657 -0.10121387
v 0.08780885 0.20493273 -0.101296484
v 0.07592541 0.20500158 -0.11041217
v 0.07580837 0.21499856 -0.11049479
v 0.06365641 0.20505665 -0.11802694
v 0.067016274 0.21499856 -0.11603719
v 0.052289344 0.21501233 -0.12348671
v 0.04917735 0.20500158 -0.12465027
v 0.035228416 0.20496027 -0.12938024
v 0.038801715 0.21499856 -0.12825799
v 0.028859831 0.21503298 -0.13085362
v 0.020081505 0.20500846 -0.13248536
v 0.028846063 0.22995956 -0.13085362
v 0.021148674 0.23002152 -0.13236143
v 0.010070778 0.2049947 -0.13362136
v 0.011433996 0.22999398 -0.1335594
v -8.806586E-06 0.20500158 -0.13400005
v -0.0030794889 0.23018678 -0.13404135
v -0.0100952685 0.20500158 -0.13362136
v -0.018990636 0.2299458 -0.13271256
v -0.02013354 0.20500158 -0.13247848
v -0.028863668 0.2150674 -0.13085362
v -0.028836131 0.22999398 -0.13086051
v -0.03532864 0.20496716 -0.1293527
v -0.038778007 0.21500544 -0.12826487
v -0.05244465 0.21497788 -0.123438515
v -0.049194947 0.20500846 -0.124643385
v -0.06428678 0.20496027 -0.11770335
v -0.06710273 0.21499856 -0.11598899
v -0.08006023 0.21492968 -0.10763754
v -0.0798468 0.20491897 -0.107678846
v -0.094794035 0.20500158 -0.0949279
v -0.091805965 0.21499856 -0.09760615
v -0.099021405 0.21499856 -0.09028055
v -0.107937425 0.20498092 -0.07955378
v -0.10914917 0.21545984 -0.077639766
v -0.116495445 0.20500846 -0.06622451
v -0.117004916 0.21499856 -0.06531569
v -0.12271942 0.20506354 -0.054010585
v -0.12389676 0.2156113 -0.050740235
v -0.12805529 0.20486389 -0.03952463
v -0.12886082 0.2150261 -0.036763765
v -0.12884016 0.2299871 -0.036811955
v -0.12793134 0.1700191 -0.039903305
v 0.103472136 0.28497726 0.022130176
v 0.0956164 0.28503233 0.021992475
v 0.09801924 0.28501856 -0.0055817813
v 0.1040367 0.28493595 -0.022181422
v 0.095520005 0.28503233 -0.022002414
v 0.10743787 0.28461236 -0.008294463
v 0.10853258 0.28404093 0.0079609305
v 0.10818833 0.28298062 0.023245543
v 0.11105936 0.2820236 0.010721803
v 0.13043363 0.25682467 0.023094073
v 0.11150688 0.28197545 -0.0040946305
v 0.10743787 0.28461236 -0.008294463
v 0.13162473 0.2569486 0.014005929
v 0.13190013 0.25323075 0.023403898
v 0.13307057 0.25309992 0.015672088
v 0.1322788 0.25714135 -8.7589025E-05
v 0.13165227 0.25693482 -0.013878159
v 0.13307057 0.2530586 -0.01568202
v 0.13190013 0.25322384 -0.02341383
v 0.13046806 0.25678337 -0.023090236
v 0.11043972 0.2819479 -0.01575087
v 0.108511925 0.28261572 -0.023234822
v 0.1040367 0.28493595 -0.022181422
v 0.124037504 0.25211537 0.029999688
v 0.10292822 0.27696317 0.029999688
v 0.10818833 0.28298062 0.023245543
v 0.13043363 0.25682467 0.023094073
v 0.13190013 0.25323075 0.023403898
v 0.12412013 0.23585309 0.029979035
v 0.1319552 0.22999398 0.02337636
v 0.0074958056 0.18449129 0.110106185
v 0.0025661737 0.16269352 0.089988336
v 0.0025868267 0.18499388 0.11896025
v 0.0074544847 0.17105184 0.092742324
v -0.09949647 0.23203881 0.04199329
v -0.09953089 0.22002457 0.04213099
v -0.122086 0.22004522 0.042013943
v -0.12198962 0.23190112 0.042000175
v 0.12531811 0.23499934 0.030626222
v 0.12295657 0.23499934 0.038977668
v 0.09331682 0.23504065 0.030013457
v 0.09750287 0.23499246 0.03900522
v 0.08699643 0.23504065 0.045139715
v 0.087258056 0.23499934 0.05856538
v 0.07788074 0.23501311 0.059529275
v 0.065501586 0.23499934 0.08218768
v 0.07763288 0.23493738 0.07088946
v 0.06139815 0.2350613 0.07639055
v 0.047593802 0.23500623 0.08568524
v 0.030987285 0.23499934 0.10032955
v 0.04744234 0.23497869 0.09395407
v 0.02505245 0.23503377 0.09475273
v 0.030973516 0.23500623 0.12523244
v 0.024962947 0.23495804 0.11429913
v 0.021045402 0.23497869 0.12028904
v 0.017843895 0.23499934 0.12783496
v 5.3167343E-05 0.23499246 0.12198962
v -0.019431278 0.23499246 0.12066083
v -0.016229764 0.23499934 0.12808283
v -0.030991122 0.23499934 0.12522556
v -0.024891049 0.23498558 0.1157794
v -0.030998006 0.23499246 0.1003502
v -0.02498743 0.23502 0.0947665
v -0.048726782 0.23499934 0.09323116
v -0.040079266 0.23505442 0.08944443
v -0.054303586 0.23503377 0.08159557
v -0.06719224 0.23503377 0.07135075
v -0.065973595 0.23498558 0.081809
v -0.08177458 0.23499934 0.066063106
v -0.078098014 0.23506819 0.05921945
v -0.08322042 0.23504753 0.051769927
v -0.09194367 0.23498558 0.050916195
v -0.093864575 0.23499934 0.030784577
v -0.097417206 0.23499934 0.039012104
v -0.12295352 0.23499934 0.03900522
v -0.12531506 0.23499934 0.030633107
v -0.0075684935 0.18489061 -0.10867028
v -0.0074239075 0.17100365 -0.09277979
v -0.0025975555 0.18499388 -0.11894264
v -0.0027352422 0.16258334 -0.08977106
v 0.0025799423 0.16267286 -0.08995007
v 0.0077230036 0.17183672 -0.09270406
v 0.0025592893 0.184987 -0.11898395
v 0.0075371116 0.18497322 -0.1106738
v -0.1219552 0.2319975 -0.04199633
v -0.12115656 0.21993507 -0.042092726
v -0.09951712 0.23199062 -0.042003214
v -0.09951712 0.22067864 -0.042010106
v -0.05183877 0.19999622 -0.077323064
v -0.035053253 0.19992049 -0.086184
v -0.0357624 0.19999622 -0.124023736
v -0.04819663 0.2000031 -0.11965179
v -0.062269494 0.2000031 -0.113069765
v -0.06049317 0.19999622 -0.070658416
v -0.07880716 0.19999622 -0.10230857
v -0.07531649 0.2000031 -0.056826532
v -0.09400916 0.2000031 -0.08848358
v -0.08228406 0.19998245 -0.043524794
v -0.10594767 0.2000031 -0.07374288
v -0.11552465 0.2000031 -0.05765962
v -0.121232286 0.2000031 -0.04403428
v -0.07063472 0.19990672 -0.06049622
v -0.077010185 0.1994936 -0.05223427
v -0.066792905 0.19989295 -0.060489334
v -0.060362354 0.1995969 -0.0668235
v -0.010356903 0.014122978 -0.026656643
v -0.0099713355 0.013317436 -0.028088719
v -0.010825068 0.016560242 -0.027634308
v -0.009654626 0.01477015 -0.029734217
v -0.009227768 0.013351858 -0.029266044
v -0.009620205 0.020959735 -0.02970668
v 0.10292822 0.27696317 -0.029995851
v 0.124044396 0.25207406 -0.029995851
v 0.108511925 0.28261572 -0.023234822
v 0.13046806 0.25678337 -0.023090236
v 0.13190013 0.25322384 -0.02341383
v 0.12416144 0.2359357 -0.029988967
v 0.13194144 0.23003529 -0.023406945
v 0.031620696 0.02498743 -0.015034832
v 0.03151054 0.024939239 -0.007523343
v 0.03427141 0.024911702 -0.0075371116
v 0.029231615 0.024932355 -0.013630301
v 0.0294244 0.025008097 -0.018945485
v 0.026305512 0.024904817 -0.018442884
v -0.034998164 0.18999238 0.08617407
v -0.030020341 0.18500076 0.12029593
v -0.029999688 0.18499388 0.08803989
v -0.034970626 0.19004746 0.12203093
v -0.12404822 0.25208092 -0.030002736
v -0.10289763 0.2769701 -0.029995851
v -0.1083643 0.28276718 -0.023269244
v -0.1304306 0.25681776 -0.023124658
v -0.1319315 0.25318938 -0.0233794
v -0.13193838 0.23001464 -0.023393176
v -0.12581767 0.23504753 -0.028550006
v -0.1240551 0.23504753 -0.030037157
v 0.0074544847 0.17105184 0.092742324
v 0.0071997494 0.15641443 0.09273544
v 0.004397571 0.16404296 0.090002105
v 0.004294291 0.15740587 0.08987817
v -0.025648385 0.011499807 -0.015103683
v -0.024739578 0.011245057 -0.015585631
v -0.02472581 0.012429267 -0.016253471
v -0.025868714 0.012649596 -0.015551202
v -0.060816765 0.2999727 -0.06664449
v -0.04693669 0.2999934 -0.0769375
v -0.073085755 0.30000716 -0.052757524
v -0.061601654 0.2999658 -0.060269013
v -0.045993447 0.2999934 -0.07286849
v -0.031858623 0.2999934 -0.08437326
v -0.03195502 0.2999934 -0.07996
v -0.07281037 0.29997957 -0.045748636
v -0.015617013 0.30000716 -0.08876586
v -0.017228082 0.29998648 -0.08444211
v -0.08084512 0.29998648 -0.030099124
v 0.003647104 0.30000025 -0.08619777
v -0.08544427 0.30000025 -0.028467387
v -0.080934614 0.29998648 -0.03955906
v -0.08608456 0.30000025 -0.0071446747
v -0.08893494 0.30000025 -0.014669932
v -0.08919656 0.30000025 0.01270467
v -0.090091616 0.2999658 -0.0005901903
v -0.085161984 0.29998648 0.013014495
v -0.08680749 0.2999934 0.023968458
v -0.08105166 0.29998648 0.03965929
v -0.08147164 0.2999658 0.027706996
v -0.07492405 0.29998648 0.042482123
v -0.07171565 0.29998648 0.054523915
v -0.06547788 0.29998648 0.056024835
v -0.062069833 0.29997957 0.065395266
v -0.053787217 0.29998648 0.06726797
v -0.050344735 0.30000025 0.07469684
v -0.039136022 0.2999934 0.07678987
v -0.04050614 0.2999934 0.080418244
v -0.024650067 0.2999934 0.08249751
v -0.016684175 0.30000025 0.08854249
v -0.02998592 0.2998488 0.08508624
v -0.008470416 0.2999934 0.08578852
v 0.008094788 0.30000025 0.08577475
v 0.011902176 0.2999934 0.089368686
v -0.0031552315 0.29993826 0.09008473
v 0.023826927 0.30000025 0.08277978
v 0.0280061 0.2999934 0.08568524
v 0.04365561 0.30000025 0.074593574
v 0.042319924 0.2999934 0.07956451
v 0.06329151 0.29997957 0.058627352
v 0.074651696 0.30000025 0.050682098
v 0.07497529 0.2999934 0.042330652
v 0.06412459 0.2999934 0.06323339
v 0.054878093 0.29991072 0.0715573
v 0.08407032 0.30000025 0.032712355
v 0.08146092 0.29997957 0.028051242
v 0.08529584 0.30000025 0.012016177
v 0.08855243 0.29998648 0.016663522
v 0.09008777 0.2999934 0.0025700033
v 0.0859568 0.2999934 -0.005161807
v 0.08946124 0.30000025 -0.010001928
v 0.083698526 0.29998648 -0.020219207
v 0.08219761 0.2999934 -0.03708736
v 0.08744395 0.2999245 -0.021933563
v 0.0790443 0.29998648 -0.03414748
v 0.07392189 0.2999934 -0.051490694
v 0.0683313 0.29997957 -0.052743755
v 0.0647167 0.2999727 -0.06278203
v 0.051704124 0.30000716 -0.07388747
v 0.05370076 0.29998648 -0.06731233
v 0.039015144 0.29998648 -0.07686177
v 0.02309712 0.29998648 -0.08304446
v 0.026594676 0.2999934 -0.086122036
v 0.038664013 0.29979372 -0.081543535
v 0.012391008 0.30000025 -0.08922027
v -0.00079369545 0.2997868 -0.09030121
v -0.0035614371 0.014515415 0.042468354
v -0.0046010762 0.03602402 0.04208967
v -0.0045253336 0.07136452 0.042275563
v -0.0067147613 0.014666885 0.040485486
v -0.0072793216 0.030151159 0.039576665
v 0.042319924 0.071474686 0.004614845
v 0.070961356 0.12079166 -0.00445953
v 0.04239566 0.071688116 -0.0044113398
v 0.07083743 0.120722786 0.004284367
v 0.042085834 0.03596206 0.004594192
v 0.044399187 0.035005048 0.0073137432
v 0.042319924 0.071474686 0.004614845
v 0.04443361 0.06996688 0.0073343962
v 0.019413665 0.02116628 -0.024604924
v 0.017692424 0.014164284 -0.02446723
v 0.018959261 0.014226243 -0.024577387
v 0.0170177 0.016030103 -0.024240024
v 0.025169492 0.2000031 -0.11846069
v 0.026670411 0.20006506 -0.085103065
v 0.0086937845 0.20009948 -0.08853866
v -0.010632291 0.2000031 -0.08822195
v -0.02060172 0.20000999 -0.121951364
v 0.018718287 0.2002372 -0.12265363
v -0.006418705 0.2005126 -0.123390324
v -0.026667371 0.20005818 -0.08515814
v -0.026708677 0.20020278 -0.11371695
v -0.0044014007 0.14711972 -0.07093382
v 0.004266754 0.15225591 -0.08614269
v -0.0043600947 0.15224902 -0.086184
v 0.004356265 0.14713351 -0.07087185
v 0.0025799423 0.16267286 -0.08995007
v 0.0043838024 0.15750913 -0.0899845
v 0.0077230036 0.17183672 -0.09270406
v -0.0027352422 0.16258334 -0.08977106
v -0.0042981356 0.15749536 -0.089894995
v 0.12295657 0.23499934 -0.03899449
v 0.12531811 0.23499934 -0.030622378
v 0.09331682 0.23504753 -0.030030273
v 0.097475335 0.23499934 -0.039001375
v 0.08716167 0.23504065 -0.04481917
v 0.08972287 0.23499934 -0.054526962
v 0.07844531 0.23502688 -0.058768094
v 0.079175115 0.23499246 -0.06928143
v 0.064461954 0.23504753 -0.07389435
v 0.064978324 0.23499246 -0.08256251
v 0.054299757 0.23502688 -0.08159862
v 0.05138053 0.23499246 -0.09170574
v 0.031021707 0.23499246 -0.10069061
v 0.040089197 0.2350613 -0.0894337
v 0.0249836 0.23500623 -0.09477643
v 0.030987285 0.23499934 -0.12522171
v 0.024894096 0.23498558 -0.115507044
v 0.020177893 0.23499246 -0.12035406
v 0.015675135 0.23499246 -0.12812717
v 0.00013577938 0.23499246 -0.12215792
v -0.007513404 0.23499934 -0.12890518
v -0.02045025 0.23499934 -0.12054683
v -0.030894727 0.23500623 -0.12553154
v -0.025001213 0.23499246 -0.115637854
v -0.03100489 0.23499246 -0.100628644
v -0.025049403 0.23502 -0.09474889
v -0.03293957 0.23508196 -0.09230473
v -0.047728464 0.23503377 -0.085605666
v -0.050950617 0.23500623 -0.09193983
v -0.061615422 0.23502 -0.076221466
v -0.0899608 0.23499934 -0.054409914
v -0.068149254 0.23497869 -0.08017343
v -0.080053344 0.2349718 -0.06798017
v -0.07341623 0.23504753 -0.06493702
v -0.08313781 0.23506819 -0.05190379
v -0.09049782 0.23501311 -0.037610613
v -0.09749983 0.23499934 -0.039015144
v -0.12296729 0.23499934 -0.03899449
v -0.1240551 0.23504753 -0.030037157
v -0.09332065 0.23506819 -0.030016504
v -0.12581767 0.23504753 -0.028550006
v 0.090480216 0.23555015 -0.037651926
v 0.09331682 0.23504753 -0.030030273
v 0.093303055 0.2770527 -0.030002736
v 0.091747046 0.29199994 -0.03445042
v 0.088290796 0.29199994 -0.04253336
v 0.094473496 0.29199994 -0.026043884
v 0.08716167 0.23504065 -0.04481917
v 0.095520005 0.28503233 -0.022002414
v 0.084118515 0.29199994 -0.05027894
v 0.09735829 0.2920137 -0.01219134
v 0.08294119 0.23546754 -0.05219984
v 0.09801924 0.28501856 -0.0055817813
v 0.079292156 0.29199994 -0.057590768
v 0.09802613 0.29202056 0.0041673183
v 0.07844531 0.23502688 -0.058768094
v 0.09744091 0.28539723 0.010866389
v 0.073797956 0.29199994 -0.06448261
v 0.09601572 0.29202056 0.019988954
v 0.07312323 0.23544689 -0.06524684
v 0.0956164 0.28503233 0.021992475
v 0.06771854 0.29199994 -0.07083743
v 0.064461954 0.23504753 -0.07389435
v 0.061060786 0.29199994 -0.07664833
v 0.054299757 0.23502688 -0.08159862
v 0.053962395 0.29199994 -0.08180517
v 0.047697082 0.23546754 -0.08561255
v 0.046430245 0.29199994 -0.08630104
v 0.040089197 0.2350613 -0.0894337
v 0.03849189 0.29199994 -0.09012219
v 0.032873765 0.23546754 -0.09232539
v 0.09284176 0.29199994 0.03136979
v 0.030278131 0.29199994 -0.09320666
v 0.09339255 0.27703893 0.030040994
v 0.09331682 0.23504065 0.030013457
v 0.09046645 0.23542623 0.037683308
v 0.09001893 0.29199994 0.0387367
v 0.08699643 0.23504065 0.045139715
v 0.0865971 0.29199994 0.045869514
v 0.08296184 0.23541243 0.05216925
v 0.08258317 0.29199302 0.05276136
v 0.07788074 0.23501311 0.059529275
v 0.07799779 0.29199302 0.059329614
v 0.07334355 0.2354813 0.06498216
v 0.072882265 0.29199994 0.0655123
v 0.06764281 0.23541243 0.070916995
v 0.06724348 0.29199994 0.071288794
v 0.06139815 0.2350613 0.07639055
v 0.061102092 0.29199994 0.07661775
v 0.054678425 0.23552261 0.081327066
v 0.054533847 0.29199994 0.08142345
v 0.047593802 0.23500623 0.08568524
v 0.047586918 0.29199302 0.08567147
v 0.040385254 0.23547442 0.08929296
v 0.0402269 0.29199994 0.0893618
v 0.032825567 0.23543312 0.0923361
v 0.03264656 0.29199994 0.09240496
v 0.02505245 0.23503377 0.09475273
v 0.024570502 0.29199994 0.09486978
v 0.022002414 0.23200439 0.09549631
v 0.021988638 0.27072543 0.09548941
v 0.016095117 0.29199994 0.09666675
v 0.020205438 0.2734381 0.095916286
v 0.017540954 0.27501476 0.09651528
v 0.0085078925 0.27559996 0.097630635
v 0.0077780783 0.29199994 0.097685724
v -0.004098475 0.27505606 0.09807128
v -0.0043394417 0.292055 0.09795423
v -0.01622288 0.29199994 0.0966461
v -0.01802674 0.275001 0.09636381
v -0.024243861 0.29199994 0.09495239
v -0.020532861 0.27363086 0.09584056
v -0.022006243 0.27091128 0.09549631
v -0.02498743 0.23502 0.0947665
v -0.02199936 0.23201816 0.095516965
v -0.031906813 0.29199994 0.0926597
v -0.032801867 0.23541935 0.09234987
v -0.039108485 0.29199994 0.08985752
v -0.040079266 0.23505442 0.08944443
v -0.046172455 0.29199994 0.08644259
v -0.04770091 0.23548819 0.08560951
v -0.052947253 0.29199994 0.08246307
v -0.054303586 0.23503377 0.08159557
v -0.059481084 0.29199302 0.077884585
v -0.061250523 0.23542623 0.0765007
v -0.06567754 0.29199994 0.072734624
v -0.06719224 0.23503377 0.07135075
v -0.071433365 0.29199994 0.06708896
v -0.073140845 0.23539178 0.06522314
v -0.076707244 0.29199994 0.06098889
v -0.078098014 0.23506819 0.05921945
v -0.081492305 0.29199994 0.054434404
v -0.08322042 0.23504753 0.051769927
v -0.08573343 0.29199302 0.04746683
v -0.087014034 0.23542623 0.045091525
v -0.08938934 0.29199994 0.040161893
v -0.09048405 0.23557769 0.037635103
v -0.093864575 0.23499934 0.030784577
v -0.09246004 0.29199994 0.032478273
v -0.09332065 0.27703893 0.030006573
v -0.0933 0.23561211 0.030006573
v -0.09604022 0.29191732 0.020257473
v -0.095881864 0.28508055 0.021861658
v -0.09802309 0.29195863 0.0040089637
v -0.09802997 0.2853697 0.0029831082
v -0.0976031 0.29199994 -0.008776411
v -0.097947344 0.28502548 -0.007275477
v -0.09562023 0.2919311 -0.022064373
v -0.09557204 0.28502548 -0.022009298
v -0.09332065 0.27702516 -0.030037157
v -0.09175089 0.29199994 -0.034429766
v -0.09332065 0.23506819 -0.030016504
v -0.09049782 0.23501311 -0.037610613
v -0.08829464 0.29199994 -0.042512707
v -0.08702092 0.23540555 -0.04507391
v -0.08413613 0.29199994 -0.050251402
v -0.08313781 0.23506819 -0.05190379
v -0.07929599 0.29199994 -0.057583883
v -0.07831833 0.23544689 -0.05891268
v -0.07381557 0.29199994 -0.064461954
v -0.07341623 0.23504753 -0.06493702
v -0.06770861 0.29199994 -0.070844315
v -0.06744698 0.23544689 -0.07109906
v -0.061092168 0.29199302 -0.07662768
v -0.061615422 0.23502 -0.076221466
v -0.054661617 0.23539867 -0.08133699
v -0.053966224 0.29199994 -0.081798285
v -0.047728464 0.23503377 -0.085605666
v -0.046427205 0.29199302 -0.08630104
v -0.04040286 0.23541935 -0.08928223
v -0.03852327 0.29199994 -0.090108424
v -0.03293957 0.23508196 -0.09230473
v -0.03028886 0.29199994 -0.093199775
v -0.025049403 0.23502 -0.09474889
v -0.022006243 0.27092505 -0.095506236
v -0.02199936 0.23201127 -0.095471814
v -0.021813467 0.29199994 -0.09554066
v -0.020395175 0.27331418 -0.095822945
v -0.013145313 0.29199994 -0.097110435
v -0.017675608 0.27501476 -0.09647013
v -0.0036509484 0.2750216 -0.09805367
v -0.0043738633 0.29199994 -0.0979022
v 0.008597389 0.29129767 -0.09792286
v 0.017775044 0.27500784 -0.09643571
v 0.021788977 0.29199994 -0.09554066
v 0.020150356 0.27334172 -0.09591245
v 0.022009298 0.27082866 -0.09549247
v 0.022002414 0.23201127 -0.095506236
v 0.0249836 0.23500623 -0.09477643
v -0.09951712 0.23199062 -0.042003214
v -0.09749983 0.23499934 -0.039015144
v -0.12296729 0.23499934 -0.03899449
v -0.1219552 0.2319975 -0.04199633
v 0.026229776 0.07000819 0.036623016
v 0.046994813 0.11995168 0.057160854
v 0.026498288 0.070930764 0.032877594
v 0.046981044 0.12079166 0.053263962
v 0.026498288 0.070930764 0.032877594
v 0.026422553 0.03623058 0.03285694
v 0.026229776 0.07000819 0.036623016
v 0.02620224 0.034998164 0.03658171
v 0.026498288 0.070930764 0.032877594
v 0.03263279 0.036168605 0.026343778
v 0.026422553 0.03623058 0.03285694
v 0.03279803 0.070820615 0.026412621
v -0.042516544 0.07178451 -0.0026901066
v -0.07093765 0.12075032 0.0043738633
v -0.04225491 0.07139894 0.0045459867
v -0.07086192 0.12080543 -0.0043011755
v -0.042110324 0.07113044 -0.0044664145
v -0.04225491 0.07139894 0.0045459867
v -0.04242015 0.0147770345 0.0042568296
v -0.042516544 0.07178451 -0.0026901066
v -0.04208967 0.035955176 -0.0046110004
v -0.042110324 0.07113044 -0.0044664145
v -0.039666176 0.030302629 -0.0072066337
v -0.038791776 0.015300304 -0.007420063
v 0.036529675 0.069987535 0.026268035
v 0.03279803 0.070820615 0.026412621
v 0.05332209 0.120770976 0.047074392
v 0.05715701 0.11999299 0.04699865
v 0.036529675 0.069987535 0.026268035
v 0.036577873 0.035005048 0.026206076
v 0.03279803 0.070820615 0.026412621
v 0.03263279 0.036168605 0.026343778
v -0.09953089 0.22002457 0.04213099
v -0.09949647 0.23203881 0.04199329
v -0.09343082 0.22001769 0.054441288
v -0.093699336 0.23190112 0.054041967
v -0.08569901 0.22063734 0.06571886
v -0.08666979 0.23200439 0.064527765
v -0.07742329 0.2200108 0.075564355
v -0.08074184 0.23200439 0.071791396
v -0.071536645 0.2321903 0.08099659
v -0.06257932 0.22001769 0.08821201
v -0.057794273 0.23197685 0.09140664
v -0.047074392 0.2200108 0.097382784
v -0.043108642 0.23201127 0.09910402
v -0.0340205 0.22008653 0.10255338
v -0.033999845 0.23198374 0.1025465
v -0.1216798 0.16692089 -0.008425266
v -0.12125982 0.16442163 -0.009513095
v -0.12430297 0.16385017 -0.00060395896
v -0.122932866 0.16699661 -0.003461212
v -0.10528672 0.17272489 -0.018181257
v -0.10433659 0.16707923 -0.01815372
v -0.09811947 0.17282127 -0.016721644
v -0.096350044 0.1664458 -0.015826605
v -0.09288691 0.17289703 -0.013403095
v -0.09049094 0.16687267 -0.010697305
v -0.08817759 0.17328946 -0.006655842
v -0.08719993 0.16754739 -0.003915623
v -0.087014034 0.1728626 0.0011448264
v -0.08746156 0.16646646 0.0038574934
v -0.08852872 0.17306913 0.0073206276
v -0.08985752 0.16684513 0.009771675
v -0.093293115 0.17286949 0.013888881
v -0.09078011 0.17494874 0.009110719
v -0.09559269 0.16675563 0.015534386
v -0.061512142 0.11999987 -0.041135713
v -0.0571402 0.11997922 -0.047015466
v -0.057298556 0.14496474 -0.046981044
v -0.06408712 0.14501981 -0.037163094
v -0.06525068 0.11999987 -0.034911707
v -0.06836268 0.11999987 -0.028322801
v -0.06795646 0.14500605 -0.0294244
v -0.07081373 0.11999987 -0.021472268
v -0.07052456 0.14501293 -0.02256009
v -0.072583154 0.11999987 -0.0144014135
v -0.07252808 0.14499228 -0.015034832
v -0.073657215 0.11997233 -0.0071859807
v -0.07362968 0.14494409 -0.007234171
v 0.0042392164 0.12079166 -0.070844315
v 0.0072479397 0.14500605 -0.073715344
v 0.004356265 0.14713351 -0.07087185
v 0.007192865 0.11997233 -0.073646486
v 0.004266754 0.15225591 -0.08614269
v 0.004356265 0.14713351 -0.07087185
v 0.0072479397 0.14500605 -0.073715344
v 0.0072066337 0.14974289 -0.08791901
v -0.008016005 0.012319118 0.028154522
v -0.009055644 0.012539431 0.027837813
v -0.009475619 0.013331205 0.029090866
v -0.007540956 0.013565287 0.030343935
v 0.0075164586 0.18499388 -0.093502715
v 0.0077230036 0.17183672 -0.09270406
v 0.018243223 0.18478735 -0.091244444
v 0.0071790963 0.15638001 -0.09272471
v 0.015509896 0.1563869 -0.091698855
v 0.023709878 0.15638001 -0.08992942
v 0.029995851 0.18499388 -0.08805671
v 0.031682663 0.15638001 -0.08743706
v 0.03500121 0.18999238 -0.08616334
v 0.039414473 0.15638001 -0.084235564
v 0.041858636 0.19939034 -0.08304446
v 0.035076946 0.1999136 -0.08625285
v 0.046850227 0.15638001 -0.08033867
v 0.051194638 0.19997557 -0.077722386
v 0.053893544 0.1563869 -0.0757946
v 0.06049622 0.19999622 -0.07067219
v 0.06048245 0.15633179 -0.07058957
v -0.0045253336 0.07136452 0.042275563
v -0.0046010762 0.03602402 0.04208967
v -0.0073206276 0.034998164 0.044403017
v -0.0072999746 0.06995998 0.044382364
v -0.012718439 0.29817575 -0.08358149
v -0.017228082 0.29998648 -0.08444211
v 0.003647104 0.30000025 -0.08619777
v -0.03195502 0.2999934 -0.07996
v -0.03147307 0.29813445 -0.078238755
v -0.045993447 0.2999934 -0.07286849
v -0.0447817 0.29811376 -0.071291834
v -0.05652055 0.29819638 -0.06254794
v -0.061601654 0.2999658 -0.060269013
v -0.07077241 0.2981069 -0.04612042
v -0.07281037 0.29997957 -0.045748636
v -0.08084512 0.29998648 -0.030099124
v -0.08079691 0.2981069 -0.024267562
v -0.08608456 0.30000025 -0.0071446747
v -0.08408104 0.29813445 -0.0038605481
v -0.083495826 0.29808623 0.010776877
v -0.085161984 0.29998648 0.013014495
v -0.07927534 0.29812068 0.028973833
v -0.08147164 0.2999658 0.027706996
v -0.07492405 0.29998648 0.042482123
v -0.06869316 0.29818952 0.049077913
v -0.06547788 0.29998648 0.056024835
v -0.052265644 0.29812068 0.06641424
v -0.053787217 0.29998648 0.06726797
v -0.039136022 0.2999934 0.07678987
v -0.03293957 0.29807246 0.07740264
v -0.024650067 0.2999934 0.08249751
v -0.019445047 0.29812753 0.08187786
v -0.008470416 0.2999934 0.08578852
v 0.00078985095 0.2981069 0.08435644
v 0.008094788 0.30000025 0.08577475
v 0.023365632 0.2982033 0.08116871
v 0.023826927 0.30000025 0.08277978
v 0.04365561 0.30000025 0.074593574
v 0.039001375 0.29812068 0.0746693
v 0.052544087 0.29809314 0.06582901
v 0.12882943 0.2150674 -0.036846384
v 0.12194448 0.22002457 -0.042023875
v 0.12384473 0.21525328 -0.05124972
v 0.11229177 0.21999703 -0.06367707
v 0.11700108 0.21499856 -0.06532258
v 0.10867028 0.21509494 -0.07845908
v 0.10419506 0.21999703 -0.07604934
v 0.09465939 0.21999703 -0.08780885
v 0.09903822 0.21499856 -0.09026678
v 0.088042945 0.21493657 -0.10121387
v 0.08102028 0.21999703 -0.10049783
v 0.07580837 0.21499856 -0.11049479
v 0.06513668 0.21999703 -0.11150688
v 0.067016274 0.21499856 -0.11603719
v 0.052289344 0.21501233 -0.12348671
v 0.047800355 0.21999703 -0.11990653
v 0.038801715 0.21499856 -0.12825799
v 0.03403732 0.22003834 -0.12440241
v 0.028859831 0.21503298 -0.13085362
v 0.12882943 0.2150674 -0.036846384
v 0.12878813 0.23003529 -0.03685327
v 0.12194448 0.22002457 -0.042023875
v 0.12195825 0.23200439 -0.04199633
v 0.123707026 0.16337512 -0.0372044
v 0.13080542 0.17004664 -0.029066376
v 0.12790686 0.17004664 -0.040020347
v 0.1261443 0.16340266 -0.027937248
v 0.13249913 0.17003976 -0.019971348
v 0.12842323 0.16336824 -0.014408298
v 0.13361448 0.17003976 -0.0101052
v 0.12920812 0.16340955 -3.938377E-05
v 0.13401382 0.1700673 -0.00024594367
v 0.1336076 0.17003976 0.010164112
v 0.12847142 0.16339578 0.014178053
v 0.13250601 0.17004664 0.019892573
v 0.12613054 0.16340955 0.028058127
v 0.13048182 0.17004664 0.030467868
v 0.12374834 0.16339578 0.037153155
v 0.12791374 0.17003976 0.039865837
v -0.032698587 0.07075176 -0.02647075
v -0.026419505 0.03634073 -0.03298392
v -0.026447043 0.07075176 -0.03284622
v -0.03238876 0.036154836 -0.026422553
v -0.032698587 0.07075176 -0.02647075
v -0.026447043 0.07075176 -0.03284622
v -0.05334659 0.12085362 -0.047036126
v -0.04699865 0.12080543 -0.053232588
v 0.0027658343 0.07186712 0.042530313
v -0.0035614371 0.014515415 0.042468354
v -0.0045253336 0.07136452 0.042275563
v 0.0037090778 0.013310552 0.042330652
v 0.004604116 0.03592764 0.04208967
v 0.004521504 0.07102716 0.042096555
v 0.005685061 0.013785601 0.041318566
v 0.0072204024 0.030392125 0.039755672
v 0.007420063 0.015162602 0.038943246
v 0.009898655 0.014687538 -0.029403739
v 0.010415025 0.01425378 -0.028267726
v 0.010594033 0.017641187 -0.028178222
v 0.00967145 0.020773843 -0.029651597
v 0.082383506 0.1576537 -0.043497257
v 0.080207855 0.14981176 -0.03743849
v 0.123707026 0.16337512 -0.0372044
v 0.121868744 0.17011549 -0.043497257
v 0.12467781 0.1700673 -0.04293269
v -0.007203594 0.14499916 -0.073646486
v -0.004366979 0.12087427 -0.07098889
v -0.0044014007 0.14711972 -0.07093382
v -0.0071898103 0.1199861 -0.073646486
v -0.007203594 0.14499916 -0.073646486
v -0.0044014007 0.14711972 -0.07093382
v -0.0074239075 0.1496947 -0.0882013
v -0.0043600947 0.15224902 -0.086184
v 0.124037504 0.25211537 0.029999688
v 0.12412013 0.23585309 0.029979035
v 0.09331682 0.23504065 0.030013457
v 0.10292822 0.27696317 0.029999688
v 0.09339255 0.27703893 0.030040994
v -0.12404822 0.25208092 -0.030002736
v -0.1240551 0.23504753 -0.030037157
v -0.09332065 0.23506819 -0.030016504
v -0.10289763 0.2769701 -0.029995851
v -0.09332065 0.27702516 -0.030037157
v 0.032605246 0.19998933 -0.12482928
v 0.017299987 0.19004057 -0.12798947
v 0.032157727 0.18999238 -0.12493255
v 0.016232818 0.19994114 -0.12805833
v 0.0009275526 0.2000513 -0.12907042
v -0.00028419495 0.19005434 -0.12909107
v -0.016436324 0.20000999 -0.12807898
v -0.018054277 0.1899855 -0.12784488
v -0.032540232 0.2000031 -0.12483616
v -0.0321891 0.18997861 -0.12489813
v -0.04699865 0.119958565 -0.0571639
v -0.040106803 0.14500605 -0.062244996
v -0.046991765 0.14500605 -0.05726029
v -0.041139558 0.11999987 -0.061508305
v -0.034054935 0.14499916 -0.065749444
v -0.0348949 0.11999987 -0.06525373
v -0.02729389 0.14499228 -0.0688339
v -0.028326645 0.11999987 -0.06836573
v -0.020271242 0.14499228 -0.07122298
v -0.021462336 0.11999987 -0.07081677
v -0.013248578 0.14499228 -0.072847836
v -0.014398366 0.11999987 -0.07258621
v -0.0071898103 0.1199861 -0.073646486
v -0.007203594 0.14499916 -0.073646486
v -0.046991765 0.14500605 -0.05726029
v -0.040106803 0.14500605 -0.062244996
v -0.05709888 0.149736 -0.06765658
v -0.040898576 0.14971535 -0.078190565
v -0.034054935 0.14499916 -0.065749444
v -0.02729389 0.14499228 -0.0688339
v -0.02750045 0.14974977 -0.08392574
v -0.020271242 0.14499228 -0.07122298
v -0.0074239075 0.1496947 -0.0882013
v -0.013248578 0.14499228 -0.072847836
v -0.007203594 0.14499916 -0.073646486
v 0.026450098 0.070717335 -0.03270164
v 0.032901302 0.07075864 -0.026408784
v 0.04704301 0.120894924 -0.05334963
v 0.05310177 0.120722786 -0.047070548
v 0.026450098 0.070717335 -0.03270164
v 0.026415668 0.036223695 -0.032853104
v 0.032901302 0.07075864 -0.026408784
v 0.032722294 0.03621681 -0.026415668
v 0.029396854 0.024994329 0.018963099
v 0.026222892 0.024897933 0.018577546
v 0.03263279 0.036168605 0.026343778
v 0.036577873 0.035005048 0.026206076
v -0.012718439 0.29817575 -0.08358149
v 0.003647104 0.30000025 -0.08619777
v 0.010600917 0.29808623 -0.0835264
v 0.02309712 0.29998648 -0.08304446
v 0.030167975 0.2981413 -0.07870005
v 0.039015144 0.29998648 -0.07686177
v 0.045514546 0.29815507 -0.070844315
v 0.05370076 0.29998648 -0.06731233
v 0.057232745 0.29797608 -0.061405033
v 0.0683313 0.29997957 -0.052743755
v 0.07021778 0.29817575 -0.046898425
v 0.0790443 0.29998648 -0.03414748
v 0.0782181 0.29816884 -0.031186946
v 0.08288611 0.29812753 -0.016163968
v 0.083698526 0.29998648 -0.020219207
v 0.0859568 0.2999934 -0.005161807
v 0.084035896 0.29811376 0.005200058
v 0.08529584 0.30000025 0.012016177
v 0.08108225 0.29812068 0.022928834
v 0.08146092 0.29997957 0.028051242
v 0.07476185 0.2981413 0.038674742
v 0.07497529 0.2999934 0.042330652
v 0.06624516 0.29812753 0.05221057
v 0.06329151 0.29997957 0.058627352
v 0.052544087 0.29809314 0.06582901
v 0.0025868267 0.18499388 0.11896025
v 0.0025661737 0.16269352 0.089988336
v -0.002563119 0.18498011 0.11896025
v -0.0025906563 0.16268663 0.0899608
v -0.025434956 0.0174966 -0.016019382
v -0.025868714 0.012649596 -0.015551202
v -0.02472581 0.012429267 -0.016253471
v -0.023713723 0.01497671 -0.016446248
v -0.02363798 0.012140095 -0.016260356
v -0.022680968 0.012773514 -0.016170852
v -0.017331362 0.20003064 0.12797265
v -0.03220287 0.18999238 0.1249295
v -0.032677934 0.19998933 0.12478493
v -0.016271085 0.19005434 0.12808971
v -0.00016027689 0.2000926 0.12909491
v -5.699694E-05 0.18900783 0.12855788
v 0.016404942 0.19004746 0.12808283
v 0.01693508 0.19998245 0.12804152
v 0.032687865 0.1899855 0.1247987
v 0.032378048 0.19997557 0.12484689
v 0.03659164 0.069987535 -0.02625043
v 0.057150126 0.120006755 -0.04700858
v 0.05310177 0.120722786 -0.047070548
v 0.032901302 0.07075864 -0.026408784
v 0.057184555 0.14501293 -0.04698793
v 0.05310177 0.120722786 -0.047070548
v 0.057150126 0.120006755 -0.04700858
v 0.05321882 0.14709906 -0.047015466
v 0.046994813 0.14500605 -0.057184555
v 0.04704301 0.120894924 -0.05334963
v 0.047098085 0.1471817 -0.053260125
v 0.047001697 0.1199861 -0.057150126
v 0.047098085 0.1471817 -0.053260125
v 0.057101935 0.14977045 -0.06725725
v 0.046994813 0.14500605 -0.057184555
v 0.057728462 0.15218706 -0.064000666
v -0.04792124 0.31376326 -0.004790008
v -0.048726782 0.31001788 -0.0052168816
v -0.04591082 0.3061967 -0.0036539882
v -0.046055406 0.31378394 -0.003481865
v 0.05321882 0.14709906 -0.047015466
v 0.057184555 0.14501293 -0.04698793
v 0.06725725 0.14972912 -0.057067506
v 0.06404886 0.1522146 -0.057817966
v -0.03656794 0.06998065 -0.026222892
v -0.03238876 0.036154836 -0.026422553
v -0.032698587 0.07075176 -0.02647075
v -0.03658171 0.035011932 -0.026216008
v -0.0571402 0.11997922 -0.047015466
v -0.03656794 0.06998065 -0.026222892
v -0.032698587 0.07075176 -0.02647075
v -0.05334659 0.12085362 -0.047036126
v -0.053098723 0.12070902 0.047067508
v -0.026453927 0.07073799 0.032850057
v -0.032788098 0.07075864 0.026391968
v -0.047074392 0.120819196 0.053298384
v -0.060252205 0.16049032 0.06687553
v -0.06677225 0.1573508 0.06041056
v -0.06675848 0.19974147 0.060486287
v -0.060548246 0.2000031 0.06769484
v -0.06393565 0.1522146 0.057794273
v -0.057842463 0.1522146 0.06402515
v -0.04703307 0.1471404 0.053284615
v -0.05319512 0.14709906 0.047026187
v -0.060513824 0.19998933 0.07062784
v -0.06044498 0.15635936 0.070669144
v -0.06059645 0.15704097 0.06787385
v -0.060548246 0.2000031 0.06769484
v -0.060252205 0.16049032 0.06687553
v -0.057842463 0.1522146 0.06402515
v 0.09468004 0.1662186 0.014611796
v 0.08948878 0.16508259 0.005482346
v 0.0899363 0.16729267 0.010253623
v 0.09925854 0.16499998 0.015038669
v -0.026240498 0.069946215 0.036540404
v -0.026398852 0.036237463 0.032726124
v -0.026453927 0.07073799 0.032850057
v -0.026206076 0.03499128 0.036574826
v -0.047074392 0.120819196 0.053298384
v -0.026240498 0.069946215 0.036540404
v -0.026453927 0.07073799 0.032850057
v -0.047005534 0.11997922 0.057147086
v -0.047074392 0.120819196 0.053298384
v -0.053098723 0.12070902 0.047067508
v -0.05319512 0.14709906 0.047026187
v -0.04703307 0.1471404 0.053284615
v -0.046991765 0.14500605 0.057181507
v -0.04703307 0.1471404 0.053284615
v -0.057842463 0.1522146 0.06402515
v -0.05708511 0.14970158 0.06766042
v -0.046991765 0.14500605 0.057181507
v -0.047074392 0.120819196 0.053298384
v -0.04703307 0.1471404 0.053284615
v -0.047005534 0.11997922 0.057147086
v 0.06662383 0.1574334 -0.06049622
v 0.06681661 0.19989984 -0.060454912
v 0.061088324 0.17255278 -0.06699562
v 0.06049622 0.19999622 -0.07067219
v 0.09958902 0.22001769 -0.042037643
v 0.09949951 0.23199062 -0.042003214
v 0.09317224 0.22002457 -0.054898746
v 0.093516484 0.23207323 -0.05435483
v 0.083512634 0.22001769 -0.06873063
v 0.08602565 0.23202504 -0.06539142
v 0.075168066 0.23199062 -0.07770862
v 0.06977026 0.22001769 -0.08272087
v 0.06314004 0.23201127 -0.087691806
v 0.053446017 0.22000392 -0.09408105
v 0.049452744 0.2320457 -0.09615342
v 0.042436972 0.22069241 -0.0993205
v 0.033989124 0.23198374 -0.102632165
v 0.03403732 0.22007965 -0.10257709
v -0.05319512 0.14709906 0.047026187
v -0.05726412 0.14499228 0.046991765
v -0.06393565 0.1522146 0.057794273
v -0.06731616 0.14972912 0.05708511
v -0.05319512 0.14709906 0.047026187
v -0.053098723 0.12070902 0.047067508
v -0.05726412 0.14499228 0.046991765
v -0.05715397 0.120006755 0.04699865
v 0.046981044 0.12079166 0.053263962
v 0.05332209 0.120770976 0.047074392
v 0.026498288 0.070930764 0.032877594
v 0.03279803 0.070820615 0.026412621
v 0.046994813 0.14709906 0.053236425
v 0.05332209 0.120770976 0.047074392
v 0.046981044 0.12079166 0.053263962
v 0.053315207 0.1471404 0.047005534
v -0.07093765 0.12075032 0.0043738633
v -0.044396132 0.06997377 0.007272437
v -0.04225491 0.07139894 0.0045459867
v -0.07365033 0.11999299 0.0071898103
v -0.044396132 0.06997377 0.007272437
v -0.044403017 0.035005048 0.007306859
v -0.04225491 0.07139894 0.0045459867
v -0.042082787 0.035776168 0.0046423823
v 0.03971053 0.14497162 0.06255178
v 0.057088166 0.14974289 0.0672542
v 0.046994813 0.14501981 0.0571402
v 0.047180705 0.14974289 0.07463488
v 0.037293904 0.149736 0.07994318
v 0.02994077 0.1449854 0.067681074
v 0.026381247 0.14971535 0.08420497
v 0.021430962 0.14499228 0.07089634
v 0.007420063 0.1496947 0.08819136
v 0.013348021 0.14499228 0.07283102
v 0.007192865 0.14501981 0.073657215
v 0.046994813 0.14501981 0.0571402
v 0.046994813 0.11995168 0.057160854
v 0.03971053 0.14497162 0.06255178
v 0.041142598 0.11999987 0.061505258
v 0.03489794 0.11999987 0.06525068
v 0.02994077 0.1449854 0.067681074
v 0.028315917 0.11999987 0.06836957
v 0.021430962 0.14499228 0.07089634
v 0.021472268 0.11999987 0.07081373
v 0.013348021 0.14499228 0.07283102
v 0.014394529 0.11999987 0.072583154
v 0.0071859807 0.11999299 0.07365033
v 0.007192865 0.14501981 0.073657215
v 0.07087185 0.14398707 -0.0043218285
v 0.073646486 0.1199861 -0.007172212
v 0.070961356 0.12079166 -0.00445953
v 0.073646486 0.14496474 -0.007172212
v 0.070961356 0.12079166 -0.00445953
v 0.073646486 0.1199861 -0.007172212
v 0.04239566 0.071688116 -0.0044113398
v 0.044392295 0.06997377 -0.0072823614
v -0.07690692 0.15629737 -0.05242016
v -0.08285552 0.15641443 -0.042278618
v -0.08004646 0.1496947 -0.037362754
v -0.07318215 0.14975666 -0.049473397
v -0.07064849 0.1563869 -0.060475565
v -0.06723355 0.14974289 -0.057081282
v -0.004366979 0.12087427 -0.07098889
v 0.0042392164 0.12079166 -0.070844315
v 0.004356265 0.14713351 -0.07087185
v -0.0044014007 0.14711972 -0.07093382
v -0.004366979 0.12087427 -0.07098889
v -0.004552871 0.071323216 -0.042306155
v 0.0042392164 0.12079166 -0.070844315
v 0.0029310733 0.07182582 -0.04249893
v 0.0045283884 0.07098585 -0.042092726
v 0.029114574 0.018598199 -0.009361625
v 0.029087037 0.014226243 -0.009141304
v 0.030532874 0.014171168 -0.0076816976
v 0.030408949 0.021565616 -0.007771194
v 0.066837266 0.19998245 0.06047252
v 0.06675465 0.15736456 0.060396776
v 0.060503103 0.15742652 0.066696525
v 0.060427368 0.19974147 0.06677225
v 0.053315207 0.1471404 0.047005534
v 0.057804197 0.1522146 0.063956305
v 0.06400755 0.15220772 0.057828695
v 0.046994813 0.14709906 0.053236425
v -0.06668964 0.1574334 -0.060441136
v -0.060513824 0.15744029 -0.066699564
v -0.066792905 0.19989295 -0.060489334
v -0.060362354 0.1995969 -0.0668235
v -0.05787 0.15219395 -0.06392493
v -0.06394254 0.15228345 -0.05791436
v -0.053202003 0.1471266 -0.04702235
v -0.04703307 0.1471404 -0.05328078
v -0.024767116 0.3052053 -0.04737349
v -0.019995838 0.3099972 -0.045817487
v -0.020016491 0.30998343 -0.0347327
v -0.025008097 0.3050263 -0.03742472
v 0.046994813 0.14501981 0.0571402
v 0.057088166 0.14974289 0.0672542
v 0.057804197 0.1522146 0.063956305
v 0.046994813 0.14709906 0.053236425
v 0.060503103 0.15742652 0.066696525
v 0.06048245 0.1563869 0.07064161
v 0.06049622 0.19999622 0.07066226
v 0.060427368 0.19974147 0.06677225
v -0.05787 0.15219395 -0.06392493
v -0.046991765 0.14500605 -0.05726029
v -0.05709888 0.149736 -0.06765658
v -0.04703307 0.1471404 -0.05328078
v -0.060513824 0.15744029 -0.066699564
v -0.060486287 0.1563869 -0.07064465
v -0.06049317 0.19999622 -0.070658416
v -0.060362354 0.1995969 -0.0668235
v 0.009554401 0.3079937 -0.028219528
v 0.011303186 0.30797994 0.0035958737
v -0.011575535 0.3079868 -0.024708197
v 0.008074135 0.30801433 -0.033878967
v 0.021706358 0.30801433 -0.027248748
v 0.017981596 0.3079524 -0.022491246
v 0.030553527 0.3080281 -0.017355062
v 0.025169492 0.30795926 -0.010965824
v 0.02773758 0.30797994 0.0009933561
v 0.03445042 0.30802125 -0.0051136017
v 0.02565144 0.30797994 0.014432788
v 0.033555374 0.30801433 0.010714918
v 0.025906183 0.30802125 0.023279965
v 0.017658003 0.3079524 0.029276773
v -0.01694581 0.30795926 -0.030794501
v -0.002253294 0.30815893 -0.034794666
v -0.017186776 0.30789042 -0.028143793
v -0.0121883005 0.3079868 -0.023709878
v -0.02322489 0.30771142 -0.020136587
v 0.012370355 0.3078835 0.024099275
v -0.03121832 0.3079868 -0.015854143
v -0.027624369 0.3079937 -0.0055267066
v 0.011330724 0.30797994 0.02431959
v -0.03447491 0.30801433 0.0047318786
v -0.03441295 0.30818647 -0.0053752363
v -0.02633001 0.30800056 0.007726848
v -0.030405894 0.30801433 0.017689377
v -0.021841004 0.3079868 0.017007768
v -0.016195342 0.30800748 0.030908495
v -0.014956057 0.30797994 0.024484828
v -0.009344816 0.30805564 0.02636443
v -0.01141718 0.3078422 -0.0036884248
v -0.0019710213 0.30802125 0.035018817
v 0.010277323 0.3083104 0.033332005
v 0.029995851 0.18500076 0.12030281
v 0.034994327 0.19000615 0.12146638
v 0.03500121 0.18999927 0.08615342
v 0.030002736 0.18499388 0.08803989
v -0.10491493 0.28491533 0.022157714
v -0.095881864 0.28508055 0.021861658
v -0.09332065 0.27703893 0.030006573
v -0.10293895 0.27694255 0.029999688
v -0.109087214 0.2820443 0.023197353
v -0.124041334 0.25206715 0.029999688
v -0.13066469 0.25654238 0.023094073
v -0.13186954 0.25287962 0.023445204
v -0.1241584 0.23590817 0.02998592
v -0.13194527 0.23004906 0.023417667
v 0.032901302 0.07075864 -0.026408784
v 0.032722294 0.03621681 -0.026415668
v 0.03659164 0.069987535 -0.02625043
v 0.03659164 0.034998164 -0.026195355
v 0.03399601 0.23199062 0.124426916
v 0.03405109 0.22000392 0.12440626
v 0.028846063 0.23000775 0.13085057
v 0.028866716 0.2150674 0.13085057
v 0.07095447 0.14399396 0.0047318786
v 0.070961356 0.12079166 -0.00445953
v 0.07083743 0.120722786 0.004284367
v 0.07087185 0.14398707 -0.0043218285
v 0.06049622 0.19999622 0.07066226
v 0.066837266 0.19998245 0.06047252
v 0.060427368 0.19974147 0.06677225
v 0.08632858 0.19999622 0.09597136
v 0.07064465 0.19998245 0.060486287
v 0.076703414 0.19998245 0.052733824
v 0.082294 0.19998933 0.04352863
v 0.061880097 0.19999622 0.1133077
v 0.099478856 0.2000031 0.08229095
v 0.048619665 0.19998933 0.07930288
v 0.12120779 0.2000031 0.044038117
v 0.10851881 0.2000031 0.06973967
v 0.11605096 0.20011325 0.05678217
v 0.045349307 0.2000031 0.120819196
v 0.035042524 0.19996868 0.08617407
v 0.035042524 0.19990672 0.121865705
v 0.032378048 0.19997557 0.12484689
v 0.017658003 0.3079524 0.029276773
v 0.025906183 0.30802125 0.023279965
v 0.019833647 0.3099559 0.02962102
v 0.010277323 0.3083104 0.033332005
v 0.04704301 0.120894924 -0.05334963
v 0.05310177 0.120722786 -0.047070548
v 0.047098085 0.1471817 -0.053260125
v 0.05321882 0.14709906 -0.047015466
v -0.0072586685 0.069946215 -0.044399187
v -0.004552871 0.071323216 -0.042306155
v -0.004366979 0.12087427 -0.07098889
v -0.0071898103 0.1199861 -0.073646486
v -0.0072586685 0.069946215 -0.044399187
v -0.0046010762 0.03603092 -0.042092726
v -0.004552871 0.071323216 -0.042306155
v -0.00729309 0.034956858 -0.044357873
v 0.025444888 0.3048404 0.0377315
v 0.02000577 0.3099972 0.045807555
v 0.02000577 0.3099972 0.034722775
v 0.02431576 0.30521214 0.04916741
v 0.02000577 0.3099972 0.034722775
v 0.02662222 0.3099146 0.030075416
v 0.025444888 0.3048404 0.0377315
v 0.035992645 0.30512953 0.027059808
v 0.032970153 0.31001097 0.02281867
v 0.041521274 0.30530167 0.016994
v 0.037562422 0.31000412 0.01405412
v 0.04471589 0.30508822 0.005709544
v 0.040405907 0.31001097 -0.002676323
v 0.044846706 0.30489546 -0.007482037
v 0.041769132 0.3048197 -0.01838781
v 0.034725815 0.3099972 -0.020329364
v 0.03562086 0.30481285 -0.028309032
v 0.026546486 0.3099972 -0.030044042
v 0.025520623 0.30476463 -0.037913553
v 0.02000577 0.3099972 -0.034746468
v 0.0219611 0.20501535 0.114546984
v 0.026642874 0.2000513 0.11547646
v 0.0267668 0.20009948 0.08507936
v 0.021981753 0.20500158 0.08620849
v 0.019282855 0.20497404 -0.11743483
v 0.018718287 0.2002372 -0.12265363
v 0.008907214 0.20500158 -0.11866724
v -2.257526E-05 0.20500158 -0.118997715
v -0.006418705 0.2005126 -0.123390324
v -0.008917943 0.20500158 -0.11866724
v -0.01868081 0.20501535 -0.11753811
v -0.02060172 0.20000999 -0.121951364
v -0.02456057 0.20080175 -0.118350536
v -0.020760074 0.20501535 -0.11606473
v -0.02198559 0.20498781 -0.11377892
v -0.026708677 0.20020278 -0.11371695
v -0.02198559 0.20500158 -0.08626662
v -0.026667371 0.20005818 -0.08515814
v 0.0025661737 0.16269352 0.089988336
v -0.0042568296 0.15763994 0.089953914
v -0.0025906563 0.16268663 0.0899608
v 0.004294291 0.15740587 0.08987817
v 0.004397571 0.16404296 0.090002105
v -0.019637823 0.20495339 0.11731474
v -0.008890405 0.2049947 0.118671075
v -0.01921095 0.23200439 0.11745931
v -0.008966133 0.2319975 0.11866419
v 4.9620867E-06 0.23199062 0.11900155
v 2.5615096E-05 0.20500158 0.11900155
v 0.00883837 0.2319975 0.118671075
v 0.0089003295 0.20500158 0.11866419
v 0.019351698 0.23202504 0.11742489
v 0.01889041 0.2049947 0.11748688
v 0.07064465 0.19998245 0.060486287
v 0.07063776 0.1563869 0.060479403
v 0.066837266 0.19998245 0.06047252
v 0.06675465 0.15736456 0.060396776
v 0.004438877 0.12080543 0.0709652
v -0.0045253336 0.07136452 0.042275563
v -0.004325673 0.120770976 0.07083438
v 0.0027658343 0.07186712 0.042530313
v 0.004521504 0.07102716 0.042096555
v -0.004346326 0.1471404 0.07094453
v 0.004438877 0.12080543 0.0709652
v -0.004325673 0.120770976 0.07083438
v 0.0043424964 0.1471266 0.07088257
v 0.004521504 0.07102716 0.042096555
v 0.004438877 0.12080543 0.0709652
v 0.0071859807 0.11999299 0.07365033
v 0.007254824 0.069898024 0.044354826
v 0.0071859807 0.11999299 0.07365033
v 0.004438877 0.12080543 0.0709652
v 0.0043424964 0.1471266 0.07088257
v 0.007192865 0.14501981 0.073657215
v -0.07365033 0.11999299 0.0071898103
v -0.07093765 0.12075032 0.0043738633
v -0.07087569 0.14400084 0.0043325573
v -0.073657215 0.14497162 0.0071553886
v 0.12196513 0.23201127 0.042000175
v 0.1288432 0.21504675 0.036815792
v 0.12192383 0.2200108 0.042048365
v 0.12900156 0.22996645 0.03661613
v 0.06681661 0.19989984 -0.060454912
v 0.06662383 0.1574334 -0.06049622
v 0.07063088 0.19999622 -0.06049622
v 0.07065153 0.15640067 -0.06048245
v 0.020012654 0.30998343 -0.045831256
v 0.011330724 0.3099972 -0.04884687
v 0.02438461 0.30517083 -0.049259968
v 0.009292774 0.30488855 -0.054761045
v -0.00082811713 0.31000412 -0.050072387
v -0.0061846077 0.30526036 -0.054451227
v -0.011658162 0.30990082 -0.04876425
v -0.0212076 0.30505383 -0.051008746
v -0.019995838 0.3099972 -0.045817487
v -0.024767116 0.3052053 -0.04737349
v 0.093303055 0.2770527 -0.030002736
v 0.10292822 0.27696317 -0.029995851
v 0.095520005 0.28503233 -0.022002414
v 0.1040367 0.28493595 -0.022181422
v 0.108511925 0.28261572 -0.023234822
v 0.057170786 0.14499916 0.046991765
v 0.05715701 0.11999299 0.04699865
v 0.05332209 0.120770976 0.047074392
v 0.053315207 0.1471404 0.047005534
v 0.007192865 0.11997233 -0.073646486
v 0.015558086 0.14499916 -0.07239343
v 0.0072479397 0.14500605 -0.073715344
v 0.014387645 0.120006755 -0.07258621
v 0.022491246 0.14500605 -0.070541374
v 0.021465383 0.11999987 -0.07081677
v 0.029431283 0.14499228 -0.06795263
v 0.028329685 0.11999987 -0.06835884
v 0.036109693 0.14499916 -0.06465474
v 0.034904823 0.11999987 -0.06525373
v 0.042058297 0.14499228 -0.06092997
v 0.041135713 0.11999987 -0.061508305
v 0.047001697 0.1199861 -0.057150126
v 0.046994813 0.14500605 -0.057184555
v 0.06404886 0.1522146 -0.057817966
v 0.06662383 0.1574334 -0.06049622
v 0.061088324 0.17255278 -0.06699562
v 0.06725725 0.14972912 -0.057067506
v 0.07065153 0.15640067 -0.06048245
v -0.036574826 0.034998164 0.026219845
v -0.0329258 0.036258116 0.026350662
v -0.026020184 0.025779203 0.019093916
v -0.029490203 0.02498743 0.01884605
v -0.032788098 0.07075864 0.026391968
v -0.0329258 0.036258116 0.026350662
v -0.036574826 0.034998164 0.026219845
v -0.036526635 0.06991868 0.026240498
v -0.028856784 0.21501921 0.13085745
v -0.034048036 0.22003834 0.12461279
v -0.033999845 0.2319975 0.1244338
v -0.0288499 0.22996645 0.13085745
v -0.04374206 0.21504675 0.12669893
v -0.034048036 0.22003834 0.12461279
v -0.028856784 0.21501921 0.13085745
v -0.05638285 0.21999703 0.11612363
v -0.062496692 0.21497099 0.11873303
v -0.0692233 0.21999703 0.10884625
v -0.08008088 0.2149228 0.107620716
v -0.081602454 0.21999703 0.100054145
v -0.09179908 0.21499856 0.097616866
v -0.09513828 0.21999703 0.08724812
v -0.1029596 0.21491592 0.08598818
v -0.10422644 0.21999703 0.0759981
v -0.11475353 0.2149641 0.069533125
v -0.11232315 0.21999703 0.06361206
v -0.12375219 0.21498476 0.05167353
v -0.122086 0.22004522 0.042013943
v -0.12884705 0.2150674 0.03682956
v -0.05334659 0.12085362 -0.047036126
v -0.04703307 0.1471404 -0.05328078
v -0.053202003 0.1471266 -0.04702235
v -0.04699865 0.12080543 -0.053232588
v 0.007192865 0.11997233 -0.073646486
v 0.0042392164 0.12079166 -0.070844315
v 0.0045283884 0.07098585 -0.042092726
v 0.007296145 0.0699531 -0.04438541
v 0.04239566 0.071688116 -0.0044113398
v 0.044392295 0.06997377 -0.0072823614
v 0.04207895 0.036457777 -0.0046729743
v 0.044399187 0.03506702 -0.0073099136
v -0.05715397 0.120006755 0.04699865
v -0.053098723 0.12070902 0.047067508
v -0.036526635 0.06991868 0.026240498
v -0.032788098 0.07075864 0.026391968
v 0.0072066337 0.14974289 -0.08791901
v 0.0072479397 0.14500605 -0.073715344
v 0.019840531 0.14972223 -0.08603942
v 0.015558086 0.14499916 -0.07239343
v 0.022491246 0.14500605 -0.070541374
v 0.033706844 0.14972223 -0.0815573
v 0.029431283 0.14499228 -0.06795263
v 0.04700858 0.14971535 -0.074734315
v 0.036109693 0.14499916 -0.06465474
v 0.042058297 0.14499228 -0.06092997
v 0.046994813 0.14500605 -0.057184555
v 0.057101935 0.14977045 -0.06725725
v -0.09332065 0.27702516 -0.030037157
v -0.09557204 0.28502548 -0.022009298
v -0.10289763 0.2769701 -0.029995851
v -0.10399234 0.28499103 -0.022057489
v -0.1083643 0.28276718 -0.023269244
v -0.06675848 0.19974147 0.060486287
v -0.07063472 0.1563869 0.060486287
v -0.07064849 0.19999622 0.060500056
v -0.06677225 0.1573508 0.06041056
v -0.042110324 0.07113044 -0.0044664145
v -0.04208967 0.035955176 -0.0046110004
v -0.044389248 0.06996688 -0.0073099136
v -0.044396132 0.035011932 -0.007337451
v -0.073657215 0.11997233 -0.0071859807
v -0.042110324 0.07113044 -0.0044664145
v -0.044389248 0.06996688 -0.0073099136
v -0.07086192 0.12080543 -0.0043011755
v 0.04732529 0.3135361 -0.0047968924
v 0.046079114 0.30714685 -0.0039500445
v 0.049032763 0.31000412 -0.005099833
v 0.07036237 0.31368065 -0.0048244447
v 0.071794435 0.31003165 -0.0049827844
v -0.12886082 0.2150261 -0.036763765
v -0.12389676 0.2156113 -0.050740235
v -0.12115656 0.21993507 -0.042092726
v -0.11221987 0.21999703 -0.06379411
v -0.117004916 0.21499856 -0.06531569
v -0.10914917 0.21545984 -0.077639766
v -0.095158935 0.21999703 -0.08723052
v -0.099021405 0.21499856 -0.09028055
v -0.091805965 0.21499856 -0.09760615
v -0.08462496 0.21999703 -0.09736517
v -0.08006023 0.21492968 -0.10763754
v -0.07327855 0.21997638 -0.10629497
v -0.06710273 0.21499856 -0.11598899
v -0.05698873 0.21999703 -0.11585129
v -0.05244465 0.21497788 -0.123438515
v -0.034034267 0.22006588 -0.124608964
v -0.038778007 0.21500544 -0.12826487
v -0.028863668 0.2150674 -0.13085362
v -0.12886082 0.2150261 -0.036763765
v -0.12115656 0.21993507 -0.042092726
v -0.12884016 0.2299871 -0.036811955
v -0.1219552 0.2319975 -0.04199633
v -0.035011932 0.19000615 -0.086184
v -0.029992804 0.18500076 -0.120298974
v -0.034984395 0.19001304 -0.12206841
v -0.030013457 0.18499388 -0.08807737
v 0.026450098 0.070717335 -0.03270164
v 0.047001697 0.1199861 -0.057150126
v 0.02623666 0.06995998 -0.036543444
v 0.04704301 0.120894924 -0.05334963
v 0.02623666 0.06995998 -0.036543444
v 0.026415668 0.036223695 -0.032853104
v 0.026450098 0.070717335 -0.03270164
v 0.02620224 0.034998164 -0.03657099
v -0.0071898103 0.11996545 0.07365033
v -0.0045253336 0.07136452 0.042275563
v -0.0072999746 0.06995998 0.044382364
v -0.004325673 0.120770976 0.07083438
v -0.0571402 0.11997922 -0.047015466
v -0.05334659 0.12085362 -0.047036126
v -0.057298556 0.14496474 -0.046981044
v -0.053202003 0.1471266 -0.04702235
v 0.12295657 0.23499934 0.038977668
v 0.12531811 0.23499934 0.030626222
v 0.12900156 0.22996645 0.03661613
v 0.1319552 0.22999398 0.02337636
v 0.12412013 0.23585309 0.029979035
v -0.04699865 0.119958565 -0.0571639
v -0.026447043 0.07075176 -0.03284622
v -0.02621296 0.06995998 -0.036543444
v -0.04699865 0.12080543 -0.053232588
v -0.026447043 0.07075176 -0.03284622
v -0.026419505 0.03634073 -0.03298392
v -0.02621296 0.06995998 -0.036543444
v -0.026206076 0.035011932 -0.036577873
v 0.029995851 0.18499388 -0.08805671
v 0.03500121 0.18999238 -0.08616334
v 0.03496679 0.18997861 -0.12206841
v 0.029995851 0.18500076 -0.12031274
v -0.033999845 0.2319975 -0.12442995
v -0.028863668 0.2150674 -0.13085362
v -0.028836131 0.22999398 -0.13086051
v -0.034034267 0.22006588 -0.124608964
v -0.030405894 0.30801433 0.017689377
v -0.030426547 0.30993527 0.018563762
v -0.034750313 0.30993527 0.007182926
v -0.03447491 0.30801433 0.0047318786
v -0.03538373 0.30994904 -0.0026074797
v -0.03441295 0.30818647 -0.0053752363
v -0.032512695 0.30992836 -0.014814511
v -0.03441295 0.30818647 -0.0053752363
v -0.03538373 0.30994904 -0.0026074797
v -0.03121832 0.3079868 -0.015854143
v -0.07095143 0.14399396 -0.0043493807
v -0.07086192 0.12080543 -0.0043011755
v -0.073657215 0.11997233 -0.0071859807
v -0.07362968 0.14494409 -0.007234171
v 0.017299987 0.19004057 -0.12798947
v 0.029995851 0.18500076 -0.12031274
v 0.032157727 0.18999238 -0.12493255
v 0.012948692 0.18500076 -0.12345228
v -0.00028419495 0.19005434 -0.12909107
v -0.0044564903 0.18500076 -0.12392046
v -0.018054277 0.1899855 -0.12784488
v -0.018260837 0.18500076 -0.12271559
v -0.0321891 0.18997861 -0.12489813
v -0.029992804 0.18500076 -0.120298974
v 0.10292822 0.27696317 0.029999688
v 0.09339255 0.27703893 0.030040994
v 0.0956164 0.28503233 0.021992475
v 0.103472136 0.28497726 0.022130176
v 0.10818833 0.28298062 0.023245543
v 0.11351041 0.16499998 0.013744295
v 0.09925854 0.16499998 0.015038669
v 0.1080644 0.16625993 0.017723799
v 0.09997457 0.16500686 -0.015957415
v 0.08926158 0.16504128 -0.0045077354
v 0.08948878 0.16508259 0.005482346
v 0.113407135 0.16501375 -0.013836846
v 0.1206983 0.16502063 0.0039401203
v 0.11892198 0.16518585 -0.009044915
v 0.046981044 0.12079166 0.053263962
v 0.046994813 0.11995168 0.057160854
v 0.046994813 0.14501981 0.0571402
v 0.046994813 0.14709906 0.053236425
v -0.010632291 0.2000031 -0.08822195
v -0.02198559 0.20500158 -0.08626662
v -0.026667371 0.20005818 -0.08515814
v -0.017317593 0.25995046 -0.087154776
v -0.019968301 0.26143068 -0.08656268
v -0.021035463 0.27294236 -0.086239085
v -0.005874783 0.25997108 -0.08873144
v -0.0027765632 0.20047127 -0.08884849
v 0.005636856 0.25998485 -0.08866947
v 0.0086937845 0.20009948 -0.08853866
v 0.01800225 0.2600193 -0.08704463
v 0.017857663 0.20058833 -0.0870102
v 0.02000577 0.26209164 -0.08651448
v 0.021981753 0.2049947 -0.086239085
v 0.0219611 0.27152407 -0.086390555
v 0.026670411 0.20006506 -0.085103065
v -0.07064849 0.1563869 -0.060475565
v -0.06668964 0.1574334 -0.060441136
v -0.066792905 0.19989295 -0.060489334
v -0.07063472 0.19990672 -0.06049622
v 0.018897295 0.024959892 -0.029686026
v 0.026415668 0.036223695 -0.032853104
v 0.02620224 0.034998164 -0.03657099
v 0.018559933 0.024884164 -0.0264019
v 0.019448094 0.02648148 -0.025816679
v 0.042319924 0.071474686 0.004614845
v 0.04443361 0.06996688 0.0073343962
v 0.07083743 0.120722786 0.004284367
v 0.073646486 0.11999987 0.007182926
v 0.030987285 0.23499934 -0.12522171
v 0.021148674 0.23002152 -0.13236143
v 0.028846063 0.22995956 -0.13085362
v 0.015675135 0.23499246 -0.12812717
v 0.011433996 0.22999398 -0.1335594
v -0.0030794889 0.23018678 -0.13404135
v -0.007513404 0.23499934 -0.12890518
v -0.018990636 0.2299458 -0.13271256
v -0.030894727 0.23500623 -0.12553154
v -0.028836131 0.22999398 -0.13086051
v 0.028859831 0.21503298 -0.13085362
v 0.034009777 0.23198374 -0.124423064
v 0.028846063 0.22995956 -0.13085362
v 0.03403732 0.22003834 -0.12440241
v 0.0045283884 0.07098585 -0.042092726
v 0.0073305666 0.03499128 -0.044399187
v 0.007296145 0.0699531 -0.04438541
v 0.0045559257 0.03603092 -0.04207895
v -0.122086 0.22004522 0.042013943
v -0.12884705 0.2150674 0.03682956
v -0.12879197 0.23002152 0.03684333
v -0.12198962 0.23190112 0.042000175
v 0.007254824 0.069898024 0.044354826
v 0.004604116 0.03592764 0.04208967
v 0.004521504 0.07102716 0.042096555
v 0.007296145 0.034970626 0.044368595
v -0.021063015 0.018522456 -0.021947332
v -0.02090466 0.013496444 -0.022732213
v -0.019968301 0.021248907 -0.024267562
v -0.019596517 0.014178053 -0.02438461
v -0.0071898103 0.11996545 0.07365033
v -0.004346326 0.1471404 0.07094453
v -0.004325673 0.120770976 0.07083438
v -0.007210478 0.14500605 0.073657215
v -0.026219845 0.024939239 -0.01858747
v -0.022701636 0.02662605 -0.023152202
v -0.03238876 0.036154836 -0.026422553
v -0.026419505 0.03634073 -0.03298392
v -0.019011289 0.02571036 -0.025844216
v -0.03238876 0.036154836 -0.026422553
v -0.03658171 0.035011932 -0.026216008
v -0.029490203 0.025014982 -0.018966146
v -0.026219845 0.024939239 -0.01858747
v -0.007389486 0.149736 0.08822578
v -0.004346326 0.1471404 0.07094453
v -0.007210478 0.14500605 0.073657215
v -0.0043119043 0.15225591 0.0861603
v -0.026419505 0.03634073 -0.03298392
v -0.019011289 0.02571036 -0.025844216
v -0.026206076 0.035011932 -0.036577873
v -0.01890114 0.024994329 -0.029445052
v -0.017386436 0.30603838 -0.027682506
v 0.012280852 0.30603838 0.024505496
v -0.011768311 0.30601084 -0.0046316534
v -0.026694909 0.3060177 -0.009581946
v -0.027163088 0.30600393 0.002088055
v -0.02442287 0.30600393 0.012160763
v -0.0098887235 0.3060246 0.027906656
v -0.018322796 0.306238 0.021076784
v 0.073646486 0.11999987 0.007182926
v 0.07369469 0.14500605 0.007059008
v 0.07083743 0.120722786 0.004284367
v 0.07095447 0.14399396 0.0047318786
v -0.04699865 0.12080543 -0.053232588
v -0.04699865 0.119958565 -0.0571639
v -0.046991765 0.14500605 -0.05726029
v -0.04703307 0.1471404 -0.05328078
v 0.0043424964 0.1471266 0.07088257
v 0.007420063 0.1496947 0.08819136
v 0.007192865 0.14501981 0.073657215
v 0.0043631494 0.15222837 0.08614653
v -0.107104346 0.16511701 -0.016590834
v -0.09435341 0.16500686 -0.012074299
v -0.096350044 0.1664458 -0.015826605
v -0.10433659 0.16707923 -0.01815372
v 0.035675943 0.30993527 -0.0031858236
v 0.030553527 0.3080281 -0.017355062
v 0.03156562 0.3099215 -0.016095117
v 0.03445042 0.30802125 -0.0051136017
v 0.06400755 0.15220772 0.057828695
v 0.057170786 0.14499916 0.046991765
v 0.053315207 0.1471404 0.047005534
v 0.0673261 0.149736 0.05709888
v -0.024347141 0.3052466 0.04901594
v -0.019961417 0.31000412 0.046055406
v -0.01193355 0.30521214 0.053566903
v -0.007162273 0.3099972 0.04953921
v 0.00011512637 0.30536366 0.054709807
v 0.009079345 0.30994213 0.04953921
v 0.012439199 0.30507445 0.05364263
v 0.02431576 0.30521214 0.04916741
v 0.02000577 0.3099972 0.045807555
v -0.020009607 0.3099972 0.03481227
v -0.019961417 0.31000412 0.046055406
v -0.025283486 0.30486792 0.037511185
v -0.024347141 0.3052466 0.04901594
v -0.026385084 0.0123535395 -0.013010651
v -0.026412621 0.0124361515 -0.014484033
v -0.02657786 0.017792657 -0.014318794
v -0.026185423 0.015203908 -0.012418546
v 0.032722294 0.03621681 -0.026415668
v 0.0294244 0.025008097 -0.018945485
v 0.03659164 0.034998164 -0.026195355
v 0.025761597 0.026543438 -0.019565135
v 0.026305512 0.024904817 -0.018442884
v -0.025207758 0.30979067 -0.025107525
v -0.016911373 0.30997658 -0.031242028
v -0.01694581 0.30795926 -0.030794501
v -0.007788807 0.30999035 -0.034629427
v -0.020016491 0.30998343 -0.0347327
v -0.028085664 0.3099972 -0.028756559
v -0.025008097 0.3050263 -0.03742472
v -0.035211608 0.30487478 -0.028825402
v -0.0337933 0.31000412 -0.021486036
v -0.042695552 0.30476463 -0.016136423
v -0.037690192 0.3099972 -0.013644069
v -0.044699073 0.30513644 -0.005719483
v -0.04017566 0.3099972 -0.0018776804
v -0.04461646 0.30490232 0.008959249
v -0.038674742 0.3099972 0.01079753
v -0.038716048 0.30532235 0.022625893
v -0.034089357 0.31000412 0.02131775
v -0.031280294 0.30483347 0.033070385
v -0.026935875 0.3098182 0.029944614
v -0.025283486 0.30486792 0.037511185
v -0.020009607 0.3099972 0.03481227
v -0.08228406 0.19998245 -0.043524794
v -0.08222899 0.15781896 -0.04350414
v -0.077010185 0.1994936 -0.05223427
v -0.07690692 0.15629737 -0.05242016
v -0.08285552 0.15641443 -0.042278618
v -0.07063472 0.19990672 -0.06049622
v -0.07064849 0.1563869 -0.060475565
v 0.028185107 0.013214156 -0.008852139
v 0.028481156 0.012291566 -0.0076335073
v 0.029789299 0.012924984 -0.007585302
v 0.029087037 0.014226243 -0.009141304
v 0.030532874 0.014171168 -0.0076816976
v -0.06723355 0.14974289 -0.057081282
v -0.057298556 0.14496474 -0.046981044
v -0.053202003 0.1471266 -0.04702235
v -0.06394254 0.15228345 -0.05791436
v -0.06044498 0.15635936 0.070669144
v -0.05708511 0.14970158 0.06766042
v -0.057842463 0.1522146 0.06402515
v -0.06059645 0.15704097 0.06787385
v 0.053893544 0.1563869 -0.0757946
v 0.057101935 0.14977045 -0.06725725
v 0.06048245 0.15633179 -0.07058957
v 0.04700858 0.14971535 -0.074734315
v 0.046850227 0.15638001 -0.08033867
v 0.039414473 0.15638001 -0.084235564
v 0.033706844 0.14972223 -0.0815573
v 0.031682663 0.15638001 -0.08743706
v 0.019840531 0.14972223 -0.08603942
v 0.023709878 0.15638001 -0.08992942
v 0.015509896 0.1563869 -0.091698855
v 0.0072066337 0.14974289 -0.08791901
v 0.0071790963 0.15638001 -0.09272471
v -0.0071760416 0.15639378 0.09272167
v -0.0043119043 0.15225591 0.0861603
v -0.007389486 0.149736 0.08822578
v -0.0042568296 0.15763994 0.089953914
v -0.039597318 0.2982446 -0.07231769
v -0.021427915 0.29839605 -0.07939543
v -0.027486682 0.3001517 -0.0772129
v -0.038619652 0.30004156 -0.07228327
v -0.04881628 0.30013108 -0.06585272
v -0.05421409 0.29816198 -0.062004022
v 0.047098085 0.1471817 -0.053260125
v 0.05321882 0.14709906 -0.047015466
v 0.06404886 0.1522146 -0.057817966
v 0.057728462 0.15218706 -0.064000666
v 0.06048245 0.1563869 0.07064161
v 0.057088166 0.14974289 0.0672542
v 0.05387289 0.15638001 0.07580532
v 0.047180705 0.14974289 0.07463488
v 0.046850227 0.1563869 0.08033562
v 0.039421357 0.15638001 0.08423251
v 0.037293904 0.149736 0.07994318
v 0.03166201 0.15638001 0.08744091
v 0.026381247 0.14971535 0.08420497
v 0.023702994 0.15638001 0.08992638
v 0.007420063 0.1496947 0.08819136
v 0.015475467 0.1563869 0.091702685
v 0.0071997494 0.15641443 0.09273544
v 0.06048245 0.1563869 0.07064161
v 0.060503103 0.15742652 0.066696525
v 0.057088166 0.14974289 0.0672542
v 0.057804197 0.1522146 0.063956305
v -0.12793134 0.1700191 -0.039903305
v -0.12531506 0.17001222 -0.042540245
v -0.12581079 0.20364524 -0.042202882
v -0.12805529 0.20486389 -0.03952463
v -0.026398852 0.036237463 0.032726124
v -0.026206076 0.03499128 0.036574826
v -0.01894933 0.02498743 0.029483318
v -0.018605083 0.024953008 0.02633001
v -0.019596517 0.026495248 0.02569659
v -0.05709888 0.149736 -0.06765658
v -0.053890496 0.1563869 -0.0757946
v -0.060486287 0.1563869 -0.07064465
v -0.046854064 0.15638001 -0.08033179
v -0.040898576 0.14971535 -0.078190565
v -0.039411426 0.15638001 -0.084235564
v -0.02750045 0.14974977 -0.08392574
v -0.031658962 0.15638001 -0.08744395
v -0.023679301 0.1563869 -0.0899363
v -0.0074239075 0.1496947 -0.0882013
v -0.015486196 0.1563869 -0.091698855
v -0.0071760416 0.15637313 -0.09271783
v -0.05787 0.15219395 -0.06392493
v -0.05709888 0.149736 -0.06765658
v -0.060486287 0.1563869 -0.07064465
v -0.060513824 0.15744029 -0.066699564
v -0.06677225 0.1573508 0.06041056
v -0.06731616 0.14972912 0.05708511
v -0.07063472 0.1563869 0.060486287
v -0.06393565 0.1522146 0.057794273
v -0.0121883005 0.3079868 -0.023709878
v 0.017788813 0.3060246 0.028540075
v 0.017658003 0.3079524 0.029276773
v -0.012277797 0.30605215 -0.024790816
v 0.017788813 0.3060246 0.028540075
v 0.02565144 0.30797994 0.014432788
v 0.017658003 0.3079524 0.029276773
v 0.025878645 0.30603838 0.012236491
v 0.007420063 0.1496947 0.08819136
v 0.004294291 0.15740587 0.08987817
v 0.0071997494 0.15641443 0.09273544
v 0.0043631494 0.15222837 0.08614653
v 0.020012654 0.30998343 -0.045831256
v 0.02000577 0.3099972 -0.034746468
v 0.011330724 0.3099972 -0.04884687
v 0.023730539 0.30997658 -0.02668418
v 0.026546486 0.3099972 -0.030044042
v 0.034725815 0.3099972 -0.020329364
v 0.03156562 0.3099215 -0.016095117
v 0.0077161193 0.3099972 -0.03648837
v 0.035675943 0.30993527 -0.0031858236
v 0.040405907 0.31001097 -0.002676323
v 0.037562422 0.31000412 0.01405412
v 0.0332662 0.30990082 0.0122296065
v -0.007788807 0.30999035 -0.034629427
v 0.028419197 0.30994904 0.021255791
v -0.019995838 0.3099972 -0.045817487
v -0.00082811713 0.31000412 -0.050072387
v -0.011658162 0.30990082 -0.04876425
v -0.016911373 0.30997658 -0.031242028
v -0.020016491 0.30998343 -0.0347327
v -0.028085664 0.3099972 -0.028756559
v -0.0337933 0.31000412 -0.021486036
v -0.025207758 0.30979067 -0.025107525
v -0.032512695 0.30992836 -0.014814511
v -0.037690192 0.3099972 -0.013644069
v -0.03538373 0.30994904 -0.0026074797
v -0.04017566 0.3099972 -0.0018776804
v -0.038674742 0.3099972 0.01079753
v -0.034750313 0.30993527 0.007182926
v -0.034089357 0.31000412 0.02131775
v -0.030426547 0.30993527 0.018563762
v -0.020009607 0.3099972 0.03481227
v -0.026935875 0.3098182 0.029944614
v -0.020525977 0.3098526 0.029634789
v -0.004904017 0.30999035 0.035418153
v -0.019961417 0.31000412 0.046055406
v -0.007162273 0.3099972 0.04953921
v 0.007963985 0.3099628 0.034571305
v 0.019833647 0.3099559 0.02962102
v 0.02000577 0.3099972 0.034722775
v 0.032970153 0.31001097 0.02281867
v 0.02662222 0.3099146 0.030075416
v 0.02000577 0.3099972 0.045807555
v 0.009079345 0.30994213 0.04953921
v 0.025520623 0.30476463 -0.037913553
v 0.020012654 0.30998343 -0.045831256
v 0.02438461 0.30517083 -0.049259968
v 0.02000577 0.3099972 -0.034746468
v 0.12531811 0.23499934 -0.030622378
v 0.12295657 0.23499934 -0.03899449
v 0.12878813 0.23003529 -0.03685327
v 0.13053003 0.22995956 -0.03039518
v 0.13194144 0.23003529 -0.023406945
v 0.12416144 0.2359357 -0.029988967
v 0.12531811 0.23499934 -0.030622378
v 0.009981275 0.013317436 0.02766569
v 0.010270439 0.014281318 0.028712198
v 0.010442562 0.014315754 0.026846379
v 0.010655999 0.016229764 0.027700111
v 0.010174051 0.019128338 0.029056445
v 0.011227451 0.014646232 0.02631624
v 0.010270439 0.014281318 0.028712198
v 0.009981275 0.013317436 0.02766569
v 0.009279005 0.0137925 0.02982068
v 0.00907246 0.012566969 0.027700111
v 0.0075715333 0.012202069 0.02833353
v 0.007750541 0.013709873 0.03024754
v -0.02198559 0.23201127 0.11414078
v -0.024891049 0.23498558 0.1157794
v -0.02199936 0.23201816 0.095516965
v -0.02498743 0.23502 0.0947665
v -0.008966133 0.2319975 0.11866419
v -0.019431278 0.23499246 0.12066083
v -0.01921095 0.23200439 0.11745931
v 5.3167343E-05 0.23499246 0.12198962
v 4.9620867E-06 0.23199062 0.11900155
v 0.00883837 0.2319975 0.118671075
v 0.021045402 0.23497869 0.12028904
v 0.019351698 0.23202504 0.11742489
v -0.053890496 0.1563869 0.07579155
v -0.05708511 0.14970158 0.06766042
v -0.06044498 0.15635936 0.070669144
v -0.046840295 0.1563869 0.08034252
v -0.039879605 0.14974977 0.078800276
v -0.039425194 0.15638001 0.084225625
v -0.031679615 0.15638001 0.08744091
v -0.02633001 0.14970846 0.08421874
v -0.023686185 0.15638001 0.08993326
v -0.007389486 0.149736 0.08822578
v -0.01549308 0.1563869 0.091702685
v -0.0071760416 0.15639378 0.09272167
v -0.07064849 0.1563869 -0.060475565
v -0.06723355 0.14974289 -0.057081282
v -0.06394254 0.15228345 -0.05791436
v -0.06668964 0.1574334 -0.060441136
v -0.0074239075 0.1496947 -0.0882013
v -0.0043600947 0.15224902 -0.086184
v -0.0071760416 0.15637313 -0.09271783
v -0.0042981356 0.15749536 -0.089894995
v 0.018869758 0.02554512 0.025841177
v 0.018924832 0.025001213 0.02946955
v 0.026422553 0.03623058 0.03285694
v 0.02620224 0.034998164 0.03658171
v -0.12884016 0.2299871 -0.036811955
v -0.12296729 0.23499934 -0.03899449
v -0.12581767 0.23504753 -0.028550006
v -0.13055451 0.22996645 -0.030271247
v -0.13193838 0.23001464 -0.023393176
v -0.033999845 0.2319975 -0.12442995
v -0.03100489 0.23499246 -0.100628644
v -0.033999845 0.23199062 -0.102515124
v -0.030894727 0.23500623 -0.12553154
v -0.12281583 0.17039777 0.04349421
v -0.12375219 0.16339578 0.037118733
v -0.1263478 0.16999845 0.041862473
v -0.07992941 0.1496947 0.037407905
v -0.082889944 0.15659343 0.042447686
v -0.08227718 0.15785338 0.04350798
v 0.0071790963 0.15638001 -0.09272471
v 0.004266754 0.15225591 -0.08614269
v 0.0072066337 0.14974289 -0.08791901
v 0.0043838024 0.15750913 -0.0899845
v -0.009344816 0.30805564 0.02636443
v -0.0098887235 0.3060246 0.027906656
v -0.01141718 0.3078422 -0.0036884248
v -0.011768311 0.30601084 -0.0046316534
v -0.011768311 0.30601084 -0.0046316534
v 0.011330724 0.30797994 0.02431959
v -0.01141718 0.3078422 -0.0036884248
v 0.012280852 0.30603838 0.024505496
v -0.026391968 0.2005608 0.11455387
v -0.02198559 0.20501535 0.11385161
v -0.021978706 0.20502223 0.08620161
v -0.026708677 0.2000513 0.08508624
v -0.033999845 0.23198374 0.1025465
v -0.030998006 0.23499246 0.1003502
v -0.030991122 0.23499934 0.12522556
v -0.033999845 0.2319975 0.1244338
v -0.026391968 0.2005608 0.11455387
v -0.024491712 0.20001687 0.11919434
v -0.02198559 0.20501535 0.11385161
v -0.019637823 0.20495339 0.11731474
v -0.019720435 0.20001687 0.122278795
v -0.008890405 0.2049947 0.118671075
v -0.0039676577 0.2006434 0.12338726
v 2.5615096E-05 0.20500158 0.11900155
v 0.0089003295 0.20500158 0.11866419
v 0.011516616 0.20001687 0.123201385
v 0.021410301 0.20047127 0.121562764
v 0.01889041 0.2049947 0.11748688
v 0.022002414 0.23200439 0.09549631
v 0.024962947 0.23495804 0.11429913
v 0.021988638 0.23197685 0.11396177
v 0.02505245 0.23503377 0.09475273
v 0.021981753 0.2049947 -0.086239085
v 0.026670411 0.20006506 -0.085103065
v 0.026525833 0.20048504 -0.11265667
v 0.021981753 0.20500158 -0.11403366
v 0.025169492 0.2000031 -0.11846069
v 0.019282855 0.20497404 -0.11743483
v 0.018718287 0.2002372 -0.12265363
v 0.109882034 0.17301406 0.017386436
v 0.104890436 0.17484547 0.016918257
v 0.11899083 0.1749212 0.010363787
v 0.11613357 0.1734478 0.014122978
v 0.12467781 0.1700673 -0.04293269
v 0.12790686 0.17004664 -0.040020347
v 0.12555909 0.2034869 -0.042443857
v 0.12814783 0.20507042 -0.039235465
v 0.07063776 0.1563869 0.060479403
v 0.0673261 0.149736 0.05709888
v 0.06400755 0.15220772 0.057828695
v 0.06675465 0.15736456 0.060396776
v 0.012280852 0.30603838 0.024505496
v -0.017386436 0.30603838 -0.027682506
v -0.017186776 0.30789042 -0.028143793
v 0.012370355 0.3078835 0.024099275
v 0.02191291 0.23194931 -0.114756584
v 0.024894096 0.23498558 -0.115507044
v 0.022002414 0.23201127 -0.095506236
v 0.0249836 0.23500623 -0.09477643
v -0.0025975555 0.18499388 -0.11894264
v -0.0027352422 0.16258334 -0.08977106
v 0.0025592893 0.184987 -0.11898395
v 0.0025799423 0.16267286 -0.08995007
v 0.011681855 0.3060177 0.0044771433
v -0.012277797 0.30605215 -0.024790816
v 0.011303186 0.30797994 0.0035958737
v -0.011575535 0.3079868 -0.024708197
v 0.009554401 0.3079937 -0.028219528
v 0.011681855 0.3060177 0.0044771433
v 0.011303186 0.30797994 0.0035958737
v 0.009898655 0.30603838 -0.027661845
v 0.01889041 0.2049947 0.11748688
v 0.021410301 0.20047127 0.121562764
v 0.0219611 0.20501535 0.114546984
v 0.026642874 0.2000513 0.11547646
v 0.019351698 0.23202504 0.11742489
v 0.01889041 0.2049947 0.11748688
v 0.0219611 0.20501535 0.114546984
v 0.021988638 0.23197685 0.11396177
v 0.03659164 0.069987535 -0.02625043
v 0.03659164 0.034998164 -0.026195355
v 0.04082589 0.070049495 -0.01925531
v 0.04079835 0.034963742 -0.019131385
v 0.04355233 0.07001507 -0.01147531
v 0.043263167 0.034998164 -0.012370355
v 0.044392295 0.06997377 -0.0072823614
v 0.044399187 0.03506702 -0.0073099136
v 0.06725725 0.14972912 -0.057067506
v 0.07733683 0.15625606 -0.05175232
v 0.07065153 0.15640067 -0.06048245
v 0.07225573 0.14972912 -0.0506645
v 0.080207855 0.14981176 -0.03743849
v 0.082383506 0.1576537 -0.043497257
v 0.03399601 0.23199062 0.124426916
v 0.030973516 0.23500623 0.12523244
v 0.030987285 0.23499934 0.10032955
v 0.034002893 0.23200439 0.10251208
v 0.0899363 0.16729267 0.010253623
v 0.08669349 0.16714118 0.00091072917
v 0.08692069 0.17269047 0.0024736226
v 0.08959894 0.17301406 0.009241536
v 0.09388138 0.17305537 0.014171168
v 0.09468004 0.1662186 0.014611796
v 0.10096601 0.17261474 0.017889038
v 0.10048406 0.16694154 0.017469063
v 0.08833211 0.17493497 -0.0017399788
v 0.08932354 0.1748799 0.0059711784
v 0.08692069 0.17269047 0.0024736226
v 0.08959894 0.17301406 0.009241536
v -0.026206076 0.035011932 -0.036577873
v -0.01890114 0.024994329 -0.029445052
v -0.019107684 0.034984395 -0.04081212
v -0.013943955 0.025166452 -0.032357387
v -0.012346655 0.035005048 -0.043276936
v -0.007534072 0.024959892 -0.034195676
v -0.0072173625 0.030433446 -0.039779373
v -0.00729309 0.034956858 -0.044357873
v -0.026206076 0.035011932 -0.036577873
v -0.021730855 0.06999442 -0.039455786
v -0.02621296 0.06995998 -0.036543444
v -0.019107684 0.034984395 -0.04081212
v -0.016470745 0.07002884 -0.04191371
v -0.011437833 0.070001304 -0.043559216
v -0.012346655 0.035005048 -0.043276936
v -0.0072586685 0.069946215 -0.044399187
v -0.00729309 0.034956858 -0.044357873
v -0.02199936 0.23201127 -0.095471814
v -0.025001213 0.23499246 -0.115637854
v -0.02199936 0.23196997 -0.11337959
v -0.025049403 0.23502 -0.09474889
v -0.018253952 0.23205946 -0.11762761
v -0.02045025 0.23499934 -0.12054683
v 0.00013577938 0.23499246 -0.12215792
v -0.008835316 0.23198374 -0.11867412
v -8.806586E-06 0.2319975 -0.118997715
v 0.009230815 0.23198374 -0.1186397
v 0.020177893 0.23499246 -0.12035406
v 0.018663205 0.23199062 -0.11751745
v 0.1231287 0.17046662 0.043487325
v 0.12593776 0.16999845 0.042062134
v 0.12374834 0.16339578 0.037153155
v 0.079904914 0.14966027 0.037373483
v 0.08287233 0.15639378 0.04224114
v 0.082232036 0.1577157 0.043501094
v 0.12604791 0.20376916 0.04204148
v 0.12593776 0.16999845 0.042062134
v 0.1231287 0.17046662 0.043487325
v 0.12281887 0.19943164 0.04349421
v 0.12120779 0.2000031 0.044038117
v -0.09949647 0.23203881 0.04199329
v -0.12295352 0.23499934 0.03900522
v -0.097417206 0.23499934 0.039012104
v -0.12198962 0.23190112 0.042000175
v -0.097417206 0.23499934 0.039012104
v -0.09194367 0.23498558 0.050916195
v -0.09949647 0.23203881 0.04199329
v -0.093699336 0.23190112 0.054041967
v -0.08666979 0.23200439 0.064527765
v -0.08177458 0.23499934 0.066063106
v -0.08074184 0.23200439 0.071791396
v -0.071536645 0.2321903 0.08099659
v -0.065973595 0.23498558 0.081809
v -0.057794273 0.23197685 0.09140664
v -0.048726782 0.23499934 0.09323116
v -0.043108642 0.23201127 0.09910402
v -0.030998006 0.23499246 0.1003502
v -0.033999845 0.23198374 0.1025465
v 0.09949951 0.23199062 -0.042003214
v 0.097475335 0.23499934 -0.039001375
v 0.093516484 0.23207323 -0.05435483
v 0.08972287 0.23499934 -0.054526962
v 0.08602565 0.23202504 -0.06539142
v 0.079175115 0.23499246 -0.06928143
v 0.075168066 0.23199062 -0.07770862
v 0.064978324 0.23499246 -0.08256251
v 0.06314004 0.23201127 -0.087691806
v 0.05138053 0.23499246 -0.09170574
v 0.049452744 0.2320457 -0.09615342
v 0.031021707 0.23499246 -0.10069061
v 0.033989124 0.23198374 -0.102632165
v 0.12195825 0.23200439 -0.04199633
v 0.097475335 0.23499934 -0.039001375
v 0.09949951 0.23199062 -0.042003214
v 0.12295657 0.23499934 -0.03899449
v 0.030987285 0.23499934 0.10032955
v 0.04744234 0.23497869 0.09395407
v 0.034002893 0.23200439 0.10251208
v 0.047001697 0.23197685 0.0973759
v 0.058857597 0.23197685 0.09062864
v 0.065501586 0.23499934 0.08218768
v 0.071897715 0.2319975 0.08076249
v 0.07763288 0.23493738 0.07088946
v 0.08245236 0.23200439 0.069849834
v 0.087258056 0.23499934 0.05856538
v 0.089392394 0.23199062 0.060651526
v 0.09536165 0.23227291 0.050737187
v 0.09750287 0.23499246 0.03900522
v 0.099492624 0.23201127 0.04199329
v 0.018663205 0.23199062 -0.11751745
v 0.020177893 0.23499246 -0.12035406
v 0.02191291 0.23194931 -0.114756584
v 0.024894096 0.23498558 -0.115507044
v 0.02191291 0.23194931 -0.114756584
v 0.019282855 0.20497404 -0.11743483
v 0.018663205 0.23199062 -0.11751745
v 0.021981753 0.20500158 -0.11403366
v 0.019331045 0.07000819 0.04075399
v 0.026229776 0.07000819 0.036623016
v 0.02620224 0.034998164 0.03658171
v 0.021850944 0.034998164 0.039342582
v 0.014766321 0.034998164 0.04254408
v 0.011427112 0.07002196 0.043563053
v 0.007296145 0.034970626 0.044368595
v 0.007254824 0.069898024 0.044354826
v 0.033989124 0.23198374 -0.102632165
v 0.031021707 0.23499246 -0.10069061
v 0.030987285 0.23499934 -0.12522171
v 0.034009777 0.23198374 -0.124423064
v 0.05458892 0.1993215 0.075295836
v 0.06049622 0.19999622 0.07066226
v 0.06048245 0.1563869 0.07064161
v 0.05387289 0.15638001 0.07580532
v 0.048619665 0.19998933 0.07930288
v 0.046850227 0.1563869 0.08033562
v 0.041824207 0.19932838 0.08306207
v 0.039421357 0.15638001 0.08423251
v 0.035042524 0.19996868 0.08617407
v 0.03500121 0.18999927 0.08615342
v 0.03166201 0.15638001 0.08744091
v 0.030002736 0.18499388 0.08803989
v 0.023702994 0.15638001 0.08992638
v 0.018642552 0.184987 0.09117943
v 0.015475467 0.1563869 0.091702685
v 0.0075577646 0.18498011 0.0927079
v 0.0074544847 0.17105184 0.092742324
v 0.0071997494 0.15641443 0.09273544
v -0.060252205 0.16049032 0.06687553
v -0.057842463 0.1522146 0.06402515
v -0.06393565 0.1522146 0.057794273
v -0.06677225 0.1573508 0.06041056
v -0.060486287 0.1563869 -0.07064465
v -0.05183877 0.19999622 -0.077323064
v -0.06049317 0.19999622 -0.070658416
v -0.053890496 0.1563869 -0.0757946
v -0.046854064 0.15638001 -0.08033179
v -0.041862473 0.19936968 -0.08304446
v -0.039411426 0.15638001 -0.084235564
v -0.035053253 0.19992049 -0.086184
v -0.035011932 0.19000615 -0.086184
v -0.030013457 0.18499388 -0.08807737
v -0.031658962 0.15638001 -0.08744395
v -0.023679301 0.1563869 -0.0899363
v -0.018563762 0.184987 -0.09118937
v -0.015486196 0.1563869 -0.091698855
v -0.007954046 0.18499388 -0.09265587
v -0.0074239075 0.17100365 -0.09277979
v -0.0071760416 0.15637313 -0.09271783
v -0.036574826 0.034998164 0.026219845
v -0.029490203 0.02498743 0.01884605
v -0.040774643 0.03472966 0.019073263
v -0.034268364 0.024939239 0.0075478405
v -0.043266997 0.034998164 0.012360424
v -0.044403017 0.035005048 0.007306859
v -0.0073206276 0.034998164 0.044403017
v -0.0072793216 0.030151159 0.039576665
v -0.01534161 0.034998164 0.04237196
v -0.0076924115 0.024980545 0.034137547
v -0.0124568045 0.025014982 0.032767445
v -0.021854773 0.034998164 0.039335698
v -0.01894933 0.02498743 0.029483318
v -0.026206076 0.03499128 0.036574826
v 0.099492624 0.23201127 0.04199329
v 0.09750287 0.23499246 0.03900522
v 0.12295657 0.23499934 0.038977668
v 0.12196513 0.23201127 0.042000175
v -0.019431278 0.23499246 0.12066083
v -0.024891049 0.23498558 0.1157794
v -0.01921095 0.23200439 0.11745931
v -0.02198559 0.23201127 0.11414078
v 0.021988638 0.23197685 0.11396177
v 0.021045402 0.23497869 0.12028904
v 0.019351698 0.23202504 0.11742489
v 0.024962947 0.23495804 0.11429913
v -0.018605083 0.024953008 0.02633001
v -0.0076924115 0.024980545 0.034137547
v -0.007905856 0.024835974 0.031576335
v -0.01894933 0.02498743 0.029483318
v -0.0124568045 0.025014982 0.032767445
v 0.025534399 0.010370672 0.0075065196
v 0.028343461 0.0120643675 0.00765799
v 0.022911228 0.007747501 0.0074858665
v 0.026574023 0.0124154985 0.007575378
v 0.030464023 0.01332432 0.0075065196
v 0.0294244 0.014425904 0.009062529
v 0.03067746 0.02183412 0.007520288
v 0.028949335 0.018419191 0.009372354
v 0.063346595 0.3000347 0.05200401
v 0.07198033 0.2981413 0.040265158
v 0.05959429 0.29819638 0.057071343
v 0.07086497 0.29994518 0.041545764
v 0.07726109 0.3000278 0.027679458
v 0.07942297 0.2981826 0.021992475
v 0.05959429 0.29819638 0.057071343
v 0.042856954 0.29818952 0.07034555
v 0.054712854 0.2999727 0.06124364
v 0.042671062 0.29993826 0.07018031
v 0.031317763 0.29985565 0.07583286
v 0.025479317 0.29817575 0.07873143
v -0.033999845 0.23199062 -0.102515124
v -0.03100489 0.23499246 -0.100628644
v -0.041408062 0.23196308 -0.09978868
v -0.050950617 0.23500623 -0.09193983
v -0.04983525 0.23198374 -0.09586425
v -0.0629511 0.23196308 -0.08790524
v -0.068149254 0.23497869 -0.08017343
v -0.072369725 0.23201816 -0.08023539
v -0.08099659 0.23199062 -0.071512155
v -0.080053344 0.2349718 -0.06798017
v -0.08718616 0.23201816 -0.06377346
v -0.0899608 0.23499934 -0.054409914
v -0.09431897 0.23201127 -0.052853912
v -0.09749983 0.23499934 -0.039015144
v -0.09951712 0.23199062 -0.042003214
v 0.12377588 0.1619155 -0.009568177
v 0.11901149 0.16368495 -0.012866072
v 0.12251593 0.16414623 -0.0073718727
v 0.1261443 0.16256268 0.0012549758
v 0.12376211 0.16437344 0.0015441477
v 0.12189628 0.16469015 0.008105516
v 0.0294244 0.025008097 -0.018945485
v 0.04079835 0.034963742 -0.019131385
v 0.03659164 0.034998164 -0.026195355
v 0.031620696 0.02498743 -0.015034832
v 0.03427141 0.024911702 -0.0075371116
v 0.043263167 0.034998164 -0.012370355
v 0.039882652 0.03048852 -0.0071584433
v 0.044399187 0.03506702 -0.0073099136
v 0.060503103 0.15742652 0.066696525
v 0.06400755 0.15220772 0.057828695
v 0.057804197 0.1522146 0.063956305
v 0.06675465 0.15736456 0.060396776
v -0.020959735 0.23229356 -0.11603719
v -0.02045025 0.23499934 -0.12054683
v -0.018253952 0.23205946 -0.11762761
v -0.025001213 0.23499246 -0.115637854
v -0.02199936 0.23196997 -0.11337959
v -0.020959735 0.23229356 -0.11603719
v -0.018253952 0.23205946 -0.11762761
v -0.01868081 0.20501535 -0.11753811
v -0.020760074 0.20501535 -0.11606473
v -0.02198559 0.23201127 0.11414078
v -0.019637823 0.20495339 0.11731474
v -0.01921095 0.23200439 0.11745931
v -0.02198559 0.20501535 0.11385161
v -0.020760074 0.20501535 -0.11606473
v -0.02198559 0.20498781 -0.11377892
v -0.020959735 0.23229356 -0.11603719
v -0.02199936 0.23196997 -0.11337959
v -0.04038909 0.035011932 -0.019971348
v -0.029490203 0.025014982 -0.018966146
v -0.03658171 0.035011932 -0.026216008
v -0.034495562 0.024932355 -0.0075577646
v -0.04327388 0.035005048 -0.012342811
v -0.039666176 0.030302629 -0.0072066337
v -0.044396132 0.035011932 -0.007337451
v -0.04038909 0.035011932 -0.019971348
v -0.03658171 0.035011932 -0.026216008
v -0.03656794 0.06998065 -0.026222892
v -0.040478602 0.07007703 -0.019950695
v -0.04327388 0.035005048 -0.012342811
v -0.04327388 0.06999442 -0.012487397
v -0.044396132 0.035011932 -0.007337451
v -0.044389248 0.06996688 -0.0073099136
v 0.09016351 0.15105103 -0.01902122
v 0.09628424 0.15481023 -0.01942055
v 0.1044498 0.15602197 -0.023317441
v 0.10182663 0.15726127 -0.02062542
v -0.060513824 0.15744029 -0.066699564
v -0.06394254 0.15228345 -0.05791436
v -0.05787 0.15219395 -0.06392493
v -0.06668964 0.1574334 -0.060441136
v -0.030991122 0.23499934 0.12522556
v -0.016229764 0.23499934 0.12808283
v -0.0288499 0.22996645 0.13085745
v -0.02090466 0.22998022 0.13239281
v -0.011355221 0.22999398 0.13356324
v 0.0036333352 0.23069625 0.13390748
v 0.017843895 0.23499934 0.12783496
v 0.019090071 0.22998022 0.13270263
v 0.028846063 0.23000775 0.13085057
v 0.030973516 0.23500623 0.12523244
v 0.02565144 0.30797994 0.014432788
v 0.025878645 0.30603838 0.012236491
v 0.02773758 0.30797994 0.0009933561
v 0.027475953 0.30625182 -0.0011134446
v 0.1288432 0.21504675 0.036815792
v 0.12393423 0.21530835 0.050943732
v 0.12192383 0.2200108 0.042048365
v 0.112319306 0.21999703 0.06362583
v 0.11698731 0.21499856 0.06534706
v 0.10868405 0.21508805 0.07844226
v 0.10414686 0.21999703 0.07611515
v 0.09516887 0.21998326 0.08724123
v 0.09902445 0.21499856 0.09027062
v 0.0917677 0.21499856 0.0976513
v 0.0778119 0.22000392 0.103207454
v 0.08001508 0.21495722 0.107634485
v 0.06706447 0.21499856 0.1160066
v 0.060943738 0.21981801 0.1138998
v 0.052723102 0.21494345 0.123345956
v 0.047717735 0.21995573 0.11999299
v 0.03878794 0.21499856 0.12826182
v 0.03405109 0.22000392 0.12440626
v 0.028866716 0.2150674 0.13085057
v -0.0042568296 0.15763994 0.089953914
v 0.0043631494 0.15222837 0.08614653
v -0.0043119043 0.15225591 0.0861603
v 0.004294291 0.15740587 0.08987817
v 0.10601269 0.17257343 -0.018318959
v 0.098094985 0.16738905 -0.01673542
v 0.1057786 0.16657664 -0.018036671
v 0.09713797 0.1729934 -0.01626724
v 0.09928608 0.17491432 -0.015943646
v 0.08222515 0.1999136 -0.043511026
v 0.07733683 0.15625606 -0.05175232
v 0.082383506 0.1576537 -0.043497257
v 0.07653129 0.19999622 -0.052964076
v 0.07065153 0.15640067 -0.06048245
v 0.07063088 0.19999622 -0.06049622
v -0.04461646 0.30490232 0.008959249
v -0.04591082 0.3061967 -0.0036539882
v -0.044699073 0.30513644 -0.005719483
v -0.042695552 0.30476463 -0.016136423
v -0.044802353 0.30706424 -0.0110346675
v -0.019596517 0.014178053 -0.02438461
v -0.02090466 0.013496444 -0.022732213
v -0.018033624 0.012732208 -0.023537755
v -0.018618852 0.0123741925 -0.022436164
v -0.019341767 0.012470573 -0.02183029
v 0.057184555 0.14501293 -0.04698793
v 0.057150126 0.120006755 -0.04700858
v 0.061473884 0.14499228 -0.041273415
v 0.061508305 0.11999987 -0.041142598
v 0.06553601 0.14497851 -0.034443535
v 0.06526061 0.11999987 -0.03488417
v 0.06877883 0.1449854 -0.027427755
v 0.06836573 0.11999987 -0.028315917
v 0.0712643 0.14500605 -0.020136587
v 0.07081677 0.11999987 -0.021472268
v 0.07287538 0.14501293 -0.0131690055
v 0.07258621 0.11999987 -0.014387645
v 0.073646486 0.14496474 -0.007172212
v 0.073646486 0.1199861 -0.007172212
v 0.018642552 0.184987 0.09117943
v 0.029995851 0.18500076 0.12030281
v 0.030002736 0.18499388 0.08803989
v 0.016790494 0.18500076 0.12297417
v 0.0075577646 0.18498011 0.0927079
v 0.008081019 0.18500076 0.11056748
v 0.0025868267 0.18499388 0.11896025
v -0.01693204 0.18500076 0.12295352
v -0.002563119 0.18498011 0.11896025
v -0.008077979 0.18500076 0.11059502
v -0.030020341 0.18500076 0.12029593
v -0.029999688 0.18499388 0.08803989
v -0.01813002 0.18497322 0.09130336
v -0.007534072 0.18492503 0.0927079
v 0.07063776 0.1563869 0.060479403
v 0.077006355 0.15636624 0.05224499
v 0.0673261 0.149736 0.05709888
v 0.07491332 0.14970846 0.046702594
v 0.08287233 0.15639378 0.04224114
v 0.079904914 0.14966027 0.037373483
v -0.07063472 0.1563869 0.060486287
v -0.06731616 0.14972912 0.05708511
v -0.07707904 0.15637313 0.052148595
v -0.07478635 0.14972912 0.046929806
v -0.082889944 0.15659343 0.042447686
v -0.07992941 0.1496947 0.037407905
v 0.021706358 0.30801433 -0.027248748
v 0.013644069 0.30958414 -0.032736063
v 0.023730539 0.30997658 -0.02668418
v 0.0077161193 0.3099972 -0.03648837
v 0.018897295 0.024959892 -0.029686026
v 0.008032829 0.024891049 -0.031524308
v 0.018559933 0.024884164 -0.0264019
v 0.0077436566 0.024966776 -0.034236982
v -0.09951712 0.22067864 -0.042010106
v -0.09431897 0.23201127 -0.052853912
v -0.09951712 0.23199062 -0.042003214
v -0.09272167 0.2200108 -0.05564232
v -0.08718616 0.23201816 -0.06377346
v -0.08450103 0.22007276 -0.0673743
v -0.08099659 0.23199062 -0.071512155
v -0.07516502 0.22004522 -0.07770862
v -0.072369725 0.23201816 -0.08023539
v -0.0629511 0.23196308 -0.08790524
v -0.06623523 0.22040324 -0.08532338
v -0.054021314 0.2207406 -0.0936473
v -0.04983525 0.23198374 -0.09586425
v -0.041408062 0.23196308 -0.09978868
v -0.042482123 0.22057535 -0.099292964
v -0.033999845 0.23199062 -0.102515124
v -0.033999845 0.2206098 -0.10254267
v 0.0043838024 0.15750913 -0.0899845
v -0.0043600947 0.15224902 -0.086184
v 0.004266754 0.15225591 -0.08614269
v -0.0042981356 0.15749536 -0.089894995
v 0.032825567 0.23543312 0.0923361
v 0.047593802 0.23500623 0.08568524
v 0.02505245 0.23503377 0.09475273
v 0.040385254 0.23547442 0.08929296
v 0.07461038 0.2999934 -0.034340255
v 0.07287538 0.29816198 -0.038746633
v 0.08083439 0.29819638 -0.01688689
v 0.079622634 0.29997957 -0.02000577
v -0.10586505 0.15646262 0.022846207
v -0.092411846 0.15185659 0.01981683
v -0.09721066 0.15563641 0.01978241
v -0.103248775 0.15812878 0.020546645
v -0.10828167 0.15956084 0.019961417
v -0.113651946 0.1608621 0.017703146
v -0.10586505 0.15646262 0.022846207
v -0.10828167 0.15956084 0.019961417
v -0.11662625 0.15976052 0.01926604
v -0.117479965 0.16226663 0.0146737695
v 0.019985117 0.034970626 -0.040385254
v 0.02620224 0.034998164 -0.03657099
v 0.02623666 0.06995998 -0.036543444
v 0.020060852 0.07007015 -0.04042656
v 0.012342811 0.035005048 -0.043276936
v 0.012790337 0.06996688 -0.043194316
v 0.0073305666 0.03499128 -0.044399187
v 0.007296145 0.0699531 -0.04438541
v 0.02620224 0.034998164 -0.03657099
v 0.019985117 0.034970626 -0.040385254
v 0.018897295 0.024959892 -0.029686026
v 0.0077436566 0.024966776 -0.034236982
v 0.012342811 0.035005048 -0.043276936
v 0.007275477 0.030268207 -0.039682984
v 0.0075164586 0.020897776 -0.0304778
v 0.0073305666 0.03499128 -0.044399187
v -0.10335204 0.16617729 0.01781331
v -0.10938327 0.16734774 0.017503485
v -0.10908033 0.17273177 0.017847732
v -0.10039151 0.1729521 0.017434642
v -0.09559269 0.16675563 0.015534386
v -0.093293115 0.17286949 0.013888881
v -0.09813325 0.17490743 0.015403569
v 0.12167597 0.16119947 0.014653116
v 0.11376515 0.1614198 0.017620534
v 0.11090789 0.15892054 0.020340085
v 0.10703166 0.16155748 0.020167962
v -0.113665715 0.15889989 -0.020535916
v -0.11427848 0.1617365 -0.01725179
v -0.10854331 0.15911333 -0.019930035
v -0.103558585 0.15571217 -0.023214161
v -0.10245012 0.15710981 -0.020618536
v -0.097011 0.15517513 -0.019689068
v -0.09225349 0.1518084 -0.019785456
v -0.092108905 0.1535847 -0.017478995
v -0.08697273 0.15111302 -0.013058849
v -0.08265586 0.14806984 -0.00935474
v 0.029995851 0.18500076 0.12030281
v 0.016790494 0.18500076 0.12297417
v 0.032687865 0.1899855 0.1247987
v 0.016404942 0.19004746 0.12808283
v -5.699694E-05 0.18900783 0.12855788
v -0.01693204 0.18500076 0.12295352
v -0.016271085 0.19005434 0.12808971
v -0.03220287 0.18999238 0.1249295
v -0.030020341 0.18500076 0.12029593
v -0.12521867 0.16248007 -0.0053821206
v -0.12125982 0.16442163 -0.009513095
v -0.1198553 0.16161944 -0.013850622
v -0.11820291 0.16376756 -0.013733573
v -0.11427848 0.1617365 -0.01725179
v -0.113665715 0.15889989 -0.020535916
v -0.034495562 0.024932355 -0.0075577646
v -0.031238973 0.024732694 -0.007523343
v -0.029008254 0.024932355 -0.014263719
v -0.029490203 0.025014982 -0.018966146
v -0.026219845 0.024939239 -0.01858747
v -0.08746156 0.16646646 0.0038574934
v -0.08719993 0.16754739 -0.003915623
v -0.089072645 0.16504817 -0.004397571
v -0.09049094 0.16687267 -0.010697305
v 0.014766321 0.034998164 0.04254408
v 0.0072204024 0.030392125 0.039755672
v 0.007296145 0.034970626 0.044368595
v 0.0075715333 0.024918586 0.034240827
v 0.014132902 0.025145784 0.032209754
v 0.021850944 0.034998164 0.039342582
v 0.018924832 0.025001213 0.02946955
v 0.02620224 0.034998164 0.03658171
v -0.07064849 0.19999622 0.060500056
v -0.07063472 0.1563869 0.060486287
v -0.0764112 0.19998933 0.05312626
v -0.07707904 0.15637313 0.052148595
v -0.08223587 0.19994803 0.04350798
v -0.08227718 0.15785338 0.04350798
v -0.082889944 0.15659343 0.042447686
v -0.07044193 0.2999934 -0.042189114
v -0.078201294 0.29821014 -0.026491404
v -0.067261085 0.29823083 -0.047731504
v -0.07572959 0.3000347 -0.03135907
v -0.12631337 0.16248696 0.0071071982
v -0.11662625 0.15976052 0.01926604
v -0.117479965 0.16226663 0.0146737695
v -0.122326985 0.1631961 0.008449763
v -0.12430297 0.16385017 -0.00060395896
v 0.09016351 0.15105103 -0.01902122
v 0.08290676 0.14815937 -0.0086937845
v 0.08729936 0.15128513 -0.013224088
v 0.09122379 0.15274476 -0.016976394
v 0.09628424 0.15481023 -0.01942055
v 0.09928608 0.17491432 -0.015943646
v 0.09107232 0.1748799 -0.009237699
v 0.091760814 0.17284884 -0.012308389
v 0.09713797 0.1729934 -0.01626724
v -0.092411846 0.15185659 0.01981683
v -0.091275826 0.15310965 0.016918257
v -0.09721066 0.15563641 0.01978241
v -0.08770253 0.15140904 0.013716757
v -0.08470757 0.14889605 0.01270467
v -0.08483839 0.15036942 0.009620205
v -0.08280732 0.1493298 0.0041122437
v -0.08096215 0.14734004 0.0032240748
v -0.08265586 0.14806984 -0.00935474
v -0.04461646 0.30490232 0.008959249
v -0.043356508 0.30700916 0.016229764
v -0.0460141 0.3071537 0.003726676
v -0.041779846 0.30523282 0.019555196
v 0.10096601 0.17261474 0.017889038
v 0.094335794 0.1749212 0.013097107
v 0.104890436 0.17484547 0.016918257
v 0.09388138 0.17305537 0.014171168
v 0.035042524 0.19990672 0.121865705
v 0.034994327 0.19000615 0.12146638
v 0.032687865 0.1899855 0.1247987
v 0.032378048 0.19997557 0.12484689
v 0.073646486 0.1199861 -0.007172212
v 0.07258621 0.11999987 -0.014387645
v 0.044392295 0.06997377 -0.0072823614
v 0.059353314 0.09684576 -0.012205116
v 0.04355233 0.07001507 -0.01147531
v 0.06314004 0.10410939 -0.014601082
v 0.055353157 0.09087649 -0.014112249
v 0.06443442 0.10835053 -0.019372359
v 0.052757524 0.087984815 -0.01710032
v 0.07081677 0.11999987 -0.021472268
v 0.06364953 0.11006488 -0.024563618
v 0.06836573 0.11999987 -0.028315917
v 0.060744077 0.109390154 -0.030285016
v 0.04082589 0.070049495 -0.01925531
v 0.06526061 0.11999987 -0.03488417
v 0.056461632 0.105734244 -0.033727497
v 0.050650723 0.08687633 -0.021004088
v 0.049342588 0.08805366 -0.025424235
v 0.04915669 0.091606304 -0.02994077
v 0.05161462 0.09901452 -0.03413371
v 0.03659164 0.069987535 -0.02625043
v 0.061508305 0.11999987 -0.041142598
v 0.057150126 0.120006755 -0.04700858
v -0.03220287 0.18999238 0.1249295
v -0.034970626 0.19004746 0.12203093
v -0.032677934 0.19998933 0.12478493
v -0.034998164 0.19935592 0.12151457
v 0.057232745 0.29797608 -0.061405033
v 0.034739584 0.30014485 -0.07425237
v 0.03468451 0.2981482 -0.07513364
v 0.020095274 0.300076 -0.079491824
v 0.098094985 0.16738905 -0.01673542
v 0.09997457 0.16500686 -0.015957415
v 0.1057786 0.16657664 -0.018036671
v 0.09277979 0.16726513 -0.013306707
v 0.08938551 0.16611533 -0.0087144375
v 0.08926158 0.16504128 -0.0045077354
v 0.033555374 0.30801433 0.010714918
v 0.028419197 0.30994904 0.021255791
v 0.025906183 0.30802125 0.023279965
v 0.0332662 0.30990082 0.0122296065
v 0.007254824 0.069898024 0.044354826
v 0.0071859807 0.11999299 0.07365033
v 0.014394529 0.11999987 0.072583154
v 0.012583785 0.09902829 0.060548246
v 0.011427112 0.07002196 0.043563053
v 0.015007295 0.10472904 0.063439935
v 0.0127765685 0.09372687 0.057408705
v 0.020639189 0.1088669 0.06435563
v 0.015943646 0.088563144 0.05349806
v 0.021472268 0.11999987 0.07081373
v 0.027090393 0.110209465 0.06277898
v 0.028315917 0.11999987 0.06836957
v 0.03269475 0.10751745 0.058296874
v 0.03489794 0.11999987 0.06525068
v 0.019331045 0.07000819 0.04075399
v 0.020921469 0.08692452 0.050702766
v 0.026890732 0.08870773 0.049022824
v 0.026229776 0.07000819 0.036623016
v 0.032261 0.09491797 0.04997295
v 0.046994813 0.11995168 0.057160854
v 0.03448484 0.10151376 0.053098723
v 0.041142598 0.11999987 0.061505258
v -0.034984395 0.19001304 -0.12206841
v -0.0321891 0.18997861 -0.12489813
v -0.032540232 0.2000031 -0.12483616
v -0.03497751 0.1994523 -0.12167597
v -0.12430297 0.16385017 -0.00060395896
v -0.12125982 0.16442163 -0.009513095
v -0.12521867 0.16248007 -0.0053821206
v -0.12631337 0.16248696 0.0071071982
v -0.12574883 0.2035764 0.04235819
v -0.12814479 0.20508419 0.039191112
v -0.12281583 0.20507042 0.053800985
v -0.12148015 0.19999622 0.04352863
v -0.115972176 0.20006506 0.056844145
v -0.1140375 0.20498092 0.07058652
v -0.10844003 0.19999622 0.069836065
v -0.099992186 0.2000031 0.081636876
v -0.10234684 0.20498781 0.08668356
v -0.08944443 0.2000031 0.092941985
v -0.09159942 0.20500158 0.09780277
v -0.078855366 0.20002376 0.10222979
v -0.079936296 0.20493273 0.10761383
v -0.06289603 0.19999622 0.112743124
v -0.06434874 0.20496716 0.11767276
v -0.048396304 0.20023032 0.11982776
v -0.049243152 0.20500158 0.12461968
v -0.035727978 0.19999622 0.124041334
v -0.035363063 0.20497404 0.12934278
v -0.032677934 0.19998933 0.12478493
v -0.017331362 0.20003064 0.12797265
v -0.020057812 0.20500846 0.13248919
v -0.010033309 0.20500158 0.13362522
v -0.00016027689 0.2000926 0.12909491
v 3.2499433E-05 0.20500158 0.13399701
v 0.01693508 0.19998245 0.12804152
v 0.010112084 0.20500846 0.13361831
v 0.020115934 0.20500158 0.1324823
v 0.03540054 0.20498092 0.12932898
v 0.032378048 0.19997557 0.12484689
v 0.045349307 0.2000031 0.120819196
v 0.0536388 0.20504977 0.122932866
v 0.061880097 0.19999622 0.1133077
v 0.06739495 0.20500158 0.115820706
v 0.07993934 0.20445769 0.10739352
v 0.08632858 0.19999622 0.09597136
v 0.09157492 0.20500158 0.097823426
v 0.102267265 0.20496716 0.08677307
v 0.099478856 0.2000031 0.08229095
v 0.11401989 0.20497404 0.070614055
v 0.10851881 0.2000031 0.06973967
v 0.11605096 0.20011325 0.05678217
v 0.12281199 0.20506354 0.053814754
v 0.12120779 0.2000031 0.044038117
v 0.12604791 0.20376916 0.04204148
v 0.1280721 0.20495339 0.03937012
v -0.070620954 0.29995203 0.04200706
v -0.078765854 0.2982239 0.024656951
v -0.07571581 0.3000278 0.031411096
v -0.07099274 0.2981482 0.04184182
v -0.06129183 0.29812068 0.05515045
v -0.06336419 0.3000347 0.05199024
v -0.055577308 0.29998648 0.060424328
v -0.07968156 0.30004847 0.019692898
v -0.078765854 0.2982239 0.024656951
v -0.08157492 0.3000278 0.008043557
v -0.08169885 0.29823083 0.009572014
v -0.08202244 0.29995894 -0.0049277097
v -0.0821808 0.29819638 -0.0053821206
v -0.07968156 0.29994518 -0.019985117
v -0.078201294 0.29821014 -0.026491404
v 0.032157727 0.18999238 -0.12493255
v 0.03496679 0.18997861 -0.12206841
v 0.032605246 0.19998933 -0.12482928
v 0.03500121 0.19942476 -0.121434994
v -0.083605975 0.15001829 -0.0068348497
v -0.08265586 0.14806984 -0.00935474
v -0.08697273 0.15111302 -0.013058849
v -0.08253881 0.1496465 -0.0016022772
v 0.036577873 0.035005048 0.026206076
v 0.0318961 0.025014982 0.014680654
v 0.029396854 0.024994329 0.018963099
v 0.040385254 0.034984395 0.01998207
v 0.04327005 0.034998164 0.012346655
v 0.03421633 0.024966776 0.007575378
v 0.039882652 0.030481637 0.0071347356
v 0.044399187 0.035005048 0.0073137432
v 0.026911385 0.003767997 0.0032653958
v 0.026594676 0.0046079606 0.005358413
v 0.04108063 0.012243375 0.003437519
v 0.041335374 0.013875112 0.0057026595
v 0.02620224 0.0062603503 0.0068868846
v 0.038884334 0.015018016 0.007410139
v 0.12288083 0.20500846 -0.05365257
v 0.12555909 0.2034869 -0.042443857
v 0.12814783 0.20507042 -0.039235465
v 0.12179301 0.19999622 -0.043524794
v 0.11126591 0.20001687 -0.06548093
v 0.11410251 0.20498092 -0.07047941
v 0.10050472 0.2000031 -0.081040934
v 0.105220914 0.20500846 -0.08296873
v 0.098693974 0.20500158 -0.09063857
v 0.08692069 0.19999622 -0.095471814
v 0.08780885 0.20493273 -0.101296484
v 0.07051384 0.2000031 -0.10818833
v 0.07592541 0.20500158 -0.11041217
v 0.06365641 0.20505665 -0.11802694
v 0.05310177 0.20005818 -0.11773777
v 0.04917735 0.20500158 -0.12465027
v 0.035916917 0.2000031 -0.12398243
v 0.035228416 0.20496027 -0.12938024
v 0.032605246 0.19998933 -0.12482928
v 0.016232818 0.19994114 -0.12805833
v 0.020081505 0.20500846 -0.13248536
v 0.010070778 0.2049947 -0.13362136
v -8.806586E-06 0.20500158 -0.13400005
v 0.0009275526 0.2000513 -0.12907042
v -0.0100952685 0.20500158 -0.13362136
v -0.016436324 0.20000999 -0.12807898
v -0.02013354 0.20500158 -0.13247848
v -0.03532864 0.20496716 -0.1293527
v -0.032540232 0.2000031 -0.12483616
v -0.0357624 0.19999622 -0.124023736
v -0.049194947 0.20500846 -0.124643385
v -0.04819663 0.2000031 -0.11965179
v -0.06428678 0.20496027 -0.11770335
v -0.062269494 0.2000031 -0.113069765
v -0.0798468 0.20491897 -0.107678846
v -0.07880716 0.19999622 -0.10230857
v -0.094794035 0.20500158 -0.0949279
v -0.09400916 0.2000031 -0.08848358
v -0.107937425 0.20498092 -0.07955378
v -0.10594767 0.2000031 -0.07374288
v -0.116495445 0.20500846 -0.06622451
v -0.11552465 0.2000031 -0.05765962
v -0.12271942 0.20506354 -0.054010585
v -0.121232286 0.2000031 -0.04403428
v -0.12581079 0.20364524 -0.042202882
v -0.12805529 0.20486389 -0.03952463
v -0.05715397 0.120006755 0.04699865
v -0.036526635 0.06991868 0.026240498
v -0.061512142 0.11999987 0.04113266
v -0.053202003 0.1015826 0.03435786
v -0.065257564 0.11999987 0.034888014
v -0.049380854 0.09290068 0.03097047
v -0.056713328 0.10595456 0.03360741
v -0.06054136 0.109273106 0.03050229
v -0.06836268 0.11999987 0.028319761
v -0.06344682 0.11017504 0.025338575
v -0.07081373 0.11999987 0.02146922
v -0.06435563 0.10830921 0.019527659
v -0.03952159 0.06999442 0.021613806
v -0.04920183 0.08827399 0.025978863
v -0.050551295 0.08693142 0.021338403
v -0.041917548 0.070035726 0.01646386
v -0.052671865 0.08787465 0.017200544
v -0.07259004 0.11999987 0.014391482
v -0.0435424 0.07002196 0.01152046
v -0.05571501 0.09132402 0.013806269
v -0.062937334 0.10362056 0.014226243
v -0.059350267 0.096900836 0.012312233
v -0.044396132 0.06997377 0.007272437
v -0.07365033 0.11999299 0.0071898103
v 0.0294244 0.014425904 0.009062529
v 0.028343461 0.0120643675 0.00765799
v 0.02698712 0.014536068 0.00961332
v 0.030464023 0.01332432 0.0075065196
v 0.022911228 0.007747501 0.0074858665
v -0.0072999746 0.06995998 0.044382364
v -0.0073206276 0.034998164 0.044403017
v -0.0126013905 0.06998065 0.04323946
v -0.01534161 0.034998164 0.04237196
v -0.020353854 0.06995998 0.04018943
v -0.021854773 0.034998164 0.039335698
v -0.026240498 0.069946215 0.036540404
v -0.026206076 0.03499128 0.036574826
v -0.01890114 0.024994329 -0.029445052
v -0.019011289 0.02571036 -0.025844216
v -0.0145085305 0.024815306 -0.028859831
v -0.007602915 0.024815306 -0.031014822
v -0.007534072 0.024959892 -0.034195676
v -0.013943955 0.025166452 -0.032357387
v -0.030543596 0.014687538 -0.007605955
v -0.02915284 0.018708348 -0.009237699
v -0.031238973 0.024732694 -0.007523343
v -0.029166609 0.013881996 -0.009099998
v -0.029868871 0.013014495 -0.0075990707
v 0.05715701 0.11999299 0.04699865
v 0.061522074 0.11999987 0.041125774
v 0.036529675 0.069987535 0.026268035
v 0.053122424 0.101444915 0.03435786
v 0.0565236 0.10585128 0.033717558
v 0.049418323 0.09320362 0.031300947
v 0.059821494 0.10863969 0.031149477
v 0.06524684 0.11999987 0.034908667
v 0.06349117 0.11027831 0.025503814
v 0.06836573 0.11999987 0.028319761
v 0.064365566 0.10791677 0.018701464
v 0.070809886 0.11999987 0.02148299
v 0.06272006 0.103159264 0.013895765
v 0.04041279 0.07007703 0.020078465
v 0.049246192 0.08830841 0.025889367
v 0.05049926 0.086896986 0.021393493
v 0.043029077 0.070001304 0.013296768
v 0.05301915 0.08815694 0.016656637
v 0.07258621 0.120006755 0.014391482
v 0.04443361 0.06996688 0.0073343962
v 0.056069188 0.09184039 0.01358594
v 0.059222504 0.096701175 0.0123535395
v 0.073646486 0.11999987 0.007182926
v 0.020219207 0.08503117 0.056727096
v 0.020921469 0.08692452 0.050702766
v 0.015943646 0.088563144 0.05349806
v 0.025376044 0.084480375 0.05494389
v 0.026890732 0.08870773 0.049022824
v 0.029534556 0.08775762 0.056286454
v 0.032261 0.09491797 0.04997295
v 0.03448484 0.10151376 0.053098723
v 0.02932112 0.08894871 0.059763372
v 0.03269475 0.10751745 0.058296874
v 0.027145475 0.08589867 0.05909553
v 0.026629105 0.089320496 0.062889144
v 0.027090393 0.110209465 0.06277898
v 0.020639189 0.1088669 0.06435563
v 0.022890568 0.08555442 0.06067218
v 0.0225119 0.08943066 0.063391745
v 0.015007295 0.10472904 0.063439935
v 0.019317277 0.08732386 0.06098889
v 0.015943646 0.088563144 0.05349806
v 0.012583785 0.09902829 0.060548246
v 0.0127765685 0.09372687 0.057408705
v -0.012718439 0.29817575 -0.08358149
v -0.005585626 0.29821706 -0.08219761
v -0.03147307 0.29813445 -0.078238755
v 0.010600917 0.29808623 -0.0835264
v 0.01422929 0.29827213 -0.081130445
v 0.03468451 0.2981482 -0.07513364
v 0.030167975 0.2981413 -0.07870005
v 0.045514546 0.29815507 -0.070844315
v 0.057232745 0.29797608 -0.061405033
v 0.07021778 0.29817575 -0.046898425
v 0.07287538 0.29816198 -0.038746633
v 0.0782181 0.29816884 -0.031186946
v 0.08083439 0.29819638 -0.01688689
v 0.08288611 0.29812753 -0.016163968
v 0.08221827 0.29819638 0.005172521
v 0.084035896 0.29811376 0.005200058
v 0.08108225 0.29812068 0.022928834
v 0.07942297 0.2981826 0.021992475
v 0.07198033 0.2981413 0.040265158
v 0.07476185 0.2981413 0.038674742
v 0.06624516 0.29812753 0.05221057
v 0.05959429 0.29819638 0.057071343
v 0.052544087 0.29809314 0.06582901
v 0.042856954 0.29818952 0.07034555
v 0.039001375 0.29812068 0.0746693
v 0.025479317 0.29817575 0.07873143
v 0.023365632 0.2982033 0.08116871
v 0.00078985095 0.2981069 0.08435644
v 0.003936276 0.29825836 0.08223587
v -0.010639176 0.29816198 0.08159557
v -0.019445047 0.29812753 0.08187786
v -0.03293957 0.29807246 0.07740264
v -0.043886647 0.2982239 0.06993933
v -0.055577308 0.29998648 0.060424328
v -0.041986406 0.30000025 0.0705934
v -0.02554512 0.2984236 0.078297675
v -0.026853263 0.2999245 0.077629834
v -0.012140095 0.30001402 0.081189364
v -0.010639176 0.29816198 0.08159557
v 0.003192708 0.30000025 0.08206375
v 0.003936276 0.29825836 0.08223587
v 0.019076303 0.30004156 0.07986745
v 0.025479317 0.29817575 0.07873143
v -0.10335204 0.16617729 0.01781331
v -0.09647396 0.16500686 0.013489559
v -0.10916296 0.16501375 0.015672088
v -0.09559269 0.16675563 0.015534386
v -0.09074569 0.16515832 0.007974699
v -0.08985752 0.16684513 0.009771675
v -0.08746156 0.16646646 0.0038574934
v -0.09435341 0.16500686 -0.012074299
v -0.09049094 0.16687267 -0.010697305
v -0.096350044 0.1664458 -0.015826605
v -0.089072645 0.16504817 -0.004397571
v -0.12816544 0.17003976 0.03914979
v -0.1263478 0.16999845 0.041862473
v -0.12375219 0.16339578 0.037118733
v -0.13081615 0.17004664 0.02904956
v -0.12610684 0.16340266 0.02813387
v -0.12839265 0.16340955 0.015135065
v -0.13250296 0.17003976 0.019940764
v -0.13361831 0.17003976 0.010143459
v -0.12922572 0.16342331 0.00019469857
v -0.13401766 0.17006041 0.00024977326
v -0.12861295 0.16339578 -0.013100162
v -0.13360454 0.17003976 -0.010222249
v -0.13250984 0.17004664 -0.019936927
v -0.1261275 0.16340266 -0.028061174
v -0.13080238 0.17004664 -0.029093921
v -0.12793134 0.1700191 -0.039903305
v -0.12373839 0.16339578 -0.03713555
v 0.014387645 0.120006755 -0.07258621
v 0.007192865 0.11997233 -0.073646486
v 0.007296145 0.0699531 -0.04438541
v 0.012322158 0.0955445 -0.058554657
v 0.012790337 0.06996688 -0.043194316
v 0.014298141 0.10407497 -0.063181356
v 0.021465383 0.11999987 -0.07081677
v 0.020618536 0.108908206 -0.06435868
v 0.028329685 0.11999987 -0.06835884
v 0.027448416 0.11021635 -0.06261679
v 0.034904823 0.11999987 -0.06525373
v 0.03279803 0.10744171 -0.05809337
v 0.041135713 0.11999987 -0.061508305
v 0.015048601 0.089547694 -0.05432041
v 0.018917948 0.08720681 -0.051669702
v 0.023641035 0.08719304 -0.04971437
v 0.034574345 0.10165146 -0.053163737
v 0.047001697 0.1199861 -0.057150126
v 0.02623666 0.06995998 -0.036543444
v 0.031868555 0.094126195 -0.04967995
v 0.020060852 0.07007015 -0.04042656
v 0.028116256 0.08991949 -0.04909473
v 0.044846706 0.30489546 -0.007482037
v 0.046079114 0.30714685 -0.0039500445
v 0.04598961 0.30627936 0.0037542284
v 0.04485359 0.30702293 -0.010738619
v 0.041769132 0.3048197 -0.01838781
v 0.04104621 0.3070711 -0.021196872
v 0.03562086 0.30481285 -0.028309032
v 0.033947818 0.30705732 -0.0313935
v 0.025520623 0.30476463 -0.037913553
v 0.02601634 0.30692655 -0.037899785
v 0.12604791 0.20376916 0.04204148
v 0.1280721 0.20495339 0.03937012
v 0.12791374 0.17003976 0.039865837
v 0.12593776 0.16999845 0.042062134
v -0.0260133 0.30700916 0.049566746
v -0.026075259 0.3070711 0.03833048
v -0.025916904 0.30535674 0.04971133
v -0.025283486 0.30486792 0.037511185
v 0.1080644 0.16625993 0.017723799
v 0.09925854 0.16499998 0.015038669
v 0.10048406 0.16694154 0.017469063
v 0.09468004 0.1662186 0.014611796
v 0.0060430765 0.3070367 -0.05582133
v 0.009292774 0.30488855 -0.054761045
v -0.0038643777 0.30527413 -0.055786908
v 0.017706193 0.30704355 -0.05326701
v 0.025761597 0.3052948 -0.049955346
v 0.026023224 0.30701602 -0.0496111
v 0.025520623 0.30476463 -0.037913553
v 0.025761597 0.3052948 -0.049955346
v 0.02601634 0.30692655 -0.037899785
v 0.03597199 0.3054325 0.02900137
v 0.03648837 0.3069954 0.028188944
v 0.02616781 0.30714685 0.03841999
v 0.0428363 0.30700225 0.017572328
v 0.043462828 0.30528104 0.015699625
v 0.02616781 0.30714685 0.03841999
v 0.02601634 0.30698848 0.04957363
v 0.025444888 0.3048404 0.0377315
v 0.025789142 0.30530167 0.049979836
v 0.06139815 0.2350613 0.07639055
v 0.06764281 0.23541243 0.070916995
v 0.07788074 0.23501311 0.059529275
v 0.07334355 0.2354813 0.06498216
v -0.042482123 0.22057535 -0.099292964
v -0.054021314 0.2207406 -0.0936473
v -0.0348949 0.21999703 -0.10350656
v -0.033999845 0.2206098 -0.10254267
v -0.12373839 0.16339578 -0.03713555
v -0.1224647 0.17026009 -0.043490373
v -0.12531506 0.17001222 -0.042540245
v -0.08004646 0.1496947 -0.037362754
v -0.08285552 0.15641443 -0.042278618
v -0.08222899 0.15781896 -0.04350414
v 0.0060430765 0.3070367 -0.05582133
v -0.0038643777 0.30527413 -0.055786908
v -0.0057646334 0.3069954 -0.05580756
v -0.016181573 0.3055495 -0.053831577
v -0.017214313 0.30700916 -0.053425364
v -0.026033953 0.3069954 -0.049569786
v -0.025854945 0.30530167 -0.04948028
v -0.03240943 0.30702293 -0.032825567
v -0.025951326 0.30533612 -0.038230263
v -0.035211608 0.30487478 -0.028825402
v -0.040306464 0.3069954 -0.022759758
v -0.026033953 0.3069954 -0.049569786
v -0.025951326 0.30533612 -0.038230263
v -0.026047722 0.30704355 -0.037982404
v -0.025854945 0.30530167 -0.04948028
v 0.04471589 0.30508822 0.005709544
v 0.04598961 0.30627936 0.0037542284
v 0.043462828 0.30528104 0.015699625
v 0.044846706 0.30489546 -0.007482037
v 0.09277979 0.16726513 -0.013306707
v 0.098094985 0.16738905 -0.01673542
v 0.09713797 0.1729934 -0.01626724
v 0.091760814 0.17284884 -0.012308389
v 0.08938551 0.16611533 -0.0087144375
v 0.08804983 0.17273866 -0.0064561665
v 0.08669349 0.16714118 0.00091072917
v 0.08692069 0.17269047 0.0024736226
v 0.08833211 0.17493497 -0.0017399788
v 0.039882652 0.030481637 0.0071347356
v 0.041335374 0.013875112 0.0057026595
v 0.038884334 0.015018016 0.007410139
v 0.042085834 0.03596206 0.004594192
v 0.042492047 0.01512818 0.003086388
v 0.042319924 0.071474686 0.004614845
v 0.04239566 0.071688116 -0.0044113398
v 0.042402543 0.01543799 -0.0042185634
v 0.04139734 0.012573853 -0.0035920292
v 0.04108063 0.012243375 0.003437519
v 0.041335374 0.013875112 0.0057026595
v -0.05708511 0.14970158 0.06766042
v -0.04197952 0.14499228 0.060995772
v -0.046991765 0.14500605 0.057181507
v -0.03596206 0.14499228 0.064727426
v -0.039879605 0.14974977 0.078800276
v -0.029655442 0.14499916 0.06786008
v -0.02633001 0.14970846 0.08421874
v -0.021627575 0.14499916 0.07083438
v -0.013455123 0.14499228 0.072775945
v -0.007389486 0.149736 0.08822578
v -0.007210478 0.14500605 0.073657215
v -0.046991765 0.14500605 0.057181507
v -0.04197952 0.14499228 0.060995772
v -0.047005534 0.11997922 0.057147086
v -0.04118775 0.11999987 0.06147772
v -0.034901783 0.11999987 0.06525068
v -0.03596206 0.14499228 0.064727426
v -0.028319761 0.11999987 0.06836268
v -0.029655442 0.14499916 0.06786008
v -0.02146922 0.11999987 0.07081373
v -0.021627575 0.14499916 0.07083438
v -0.014391482 0.120006755 0.072583154
v -0.013455123 0.14499228 0.072775945
v -0.0071898103 0.11996545 0.07365033
v -0.007210478 0.14500605 0.073657215
v -0.021427915 0.29839605 -0.07939543
v -0.015954375 0.3000347 -0.08039375
v -0.027486682 0.3001517 -0.0772129
v -0.005585626 0.29821706 -0.08219761
v -0.003623411 0.30008286 -0.08195664
v 0.008631825 0.29975927 -0.08171566
v 0.01422929 0.29827213 -0.081130445
v -0.12531506 0.23499934 0.030633107
v -0.1241584 0.23590817 0.02998592
v -0.093864575 0.23499934 0.030784577
v -0.0933 0.23561211 0.030006573
v 0.087320015 0.17495562 0.013289884
v 0.0916782 0.1747353 0.017166123
v 0.09682815 0.17498316 0.019548312
v 0.08276218 0.17497627 0.0031965375
v 0.094335794 0.1749212 0.013097107
v 0.08932354 0.1748799 0.0059711784
v 0.104890436 0.17484547 0.016918257
v 0.109097145 0.1749625 0.019562095
v 0.11583064 0.1750107 0.016181573
v 0.08833211 0.17493497 -0.0017399788
v 0.08350575 0.17494185 -0.0063115954
v 0.11899083 0.1749212 0.010363787
v 0.12076027 0.1749625 0.010102153
v 0.12400997 0.17498316 0.0001051873
v 0.121490076 0.1747766 -0.00445953
v 0.08703774 0.17499004 -0.012996882
v 0.09107232 0.1748799 -0.009237699
v 0.11819218 0.17494874 -0.013809308
v 0.11724205 0.17485236 -0.011365145
v 0.11070823 0.17494185 -0.015971184
v 0.10922796 0.17496939 -0.019516937
v 0.09928608 0.17491432 -0.015943646
v 0.09690388 0.17497627 -0.01957202
v -0.10039151 0.1729521 0.017434642
v -0.10908033 0.17273177 0.017847732
v -0.10631257 0.17492808 0.016622216
v -0.09813325 0.17490743 0.015403569
v 0.09107232 0.1748799 -0.009237699
v 0.08804983 0.17273866 -0.0064561665
v 0.091760814 0.17284884 -0.012308389
v 0.08833211 0.17493497 -0.0017399788
v -0.09811947 0.17282127 -0.016721644
v -0.0988424 0.1749212 -0.015771523
v -0.10528672 0.17272489 -0.018181257
v -0.09288691 0.17289703 -0.013403095
v -0.025283486 0.30486792 0.037511185
v -0.024347141 0.3052466 0.04901594
v -0.025916904 0.30535674 0.04971133
v -0.009344816 0.30519152 0.0553983
v -0.01193355 0.30521214 0.053566903
v 0.00011512637 0.30536366 0.054709807
v 0.0084872395 0.30530858 0.05546026
v 0.012439199 0.30507445 0.05364263
v 0.025789142 0.30530167 0.049979836
v 0.02431576 0.30521214 0.04916741
v 0.025444888 0.3048404 0.0377315
v 0.11090789 0.15892054 0.020340085
v 0.110398404 0.15788092 0.022495076
v 0.12167597 0.16119947 0.014653116
v 0.1022948 0.15607019 0.021496758
v 0.09790909 0.15386699 0.023059651
v 0.0953823 0.1541424 0.019245386
v 0.08881406 0.15052779 0.017462179
v 0.089061916 0.15195985 0.015210792
v 0.08489652 0.15003206 0.009806097
v 0.08272775 0.14808361 0.009812981
v 0.08259006 0.14911638 0.0031758845
v 0.08097209 0.14732628 -0.0025799423
v 0.08287233 0.14898555 -0.004314944
v 0.08290676 0.14815937 -0.0086937845
v 0.11381334 0.17233934 -0.015737101
v 0.11877052 0.1730416 -0.011654317
v 0.11070823 0.17494185 -0.015971184
v 0.11724205 0.17485236 -0.011365145
v -0.025854945 0.30530167 -0.04948028
v -0.016181573 0.3055495 -0.053831577
v -0.0212076 0.30505383 -0.051008746
v -0.0038643777 0.30527413 -0.055786908
v -0.0061846077 0.30526036 -0.054451227
v 0.009292774 0.30488855 -0.054761045
v -0.0212076 0.30505383 -0.051008746
v -0.024767116 0.3052053 -0.04737349
v -0.025854945 0.30530167 -0.04948028
v -0.025008097 0.3050263 -0.03742472
v -0.025951326 0.30533612 -0.038230263
v -0.035211608 0.30487478 -0.028825402
v 0.025444888 0.3048404 0.0377315
v 0.035992645 0.30512953 0.027059808
v 0.03597199 0.3054325 0.02900137
v 0.043462828 0.30528104 0.015699625
v 0.041521274 0.30530167 0.016994
v 0.04471589 0.30508822 0.005709544
v -0.08839102 0.17491432 0.00090384483
v -0.08852872 0.17306913 0.0073206276
v -0.09078011 0.17494874 0.009110719
v -0.087014034 0.1728626 0.0011448264
v -0.08817759 0.17328946 -0.006655842
v -0.09002964 0.1749212 -0.0077574253
v 0.0077161193 0.3099972 -0.03648837
v 0.013644069 0.30958414 -0.032736063
v 0.002304539 0.30978376 -0.03533858
v -0.007788807 0.30999035 -0.034629427
v 0.09388138 0.17305537 0.014171168
v 0.08959894 0.17301406 0.009241536
v 0.094335794 0.1749212 0.013097107
v 0.08932354 0.1748799 0.0059711784
v -0.12153523 0.16115816 -0.015585631
v -0.12521867 0.16248007 -0.0053821206
v -0.1198553 0.16161944 -0.013850622
v -0.113665715 0.15889989 -0.020535916
v 0.009292774 0.30488855 -0.054761045
v 0.025761597 0.3052948 -0.049955346
v 0.02438461 0.30517083 -0.049259968
v 0.025520623 0.30476463 -0.037913553
v 0.10703166 0.16155748 0.020167962
v 0.10133091 0.15745406 0.020457134
v 0.1022948 0.15607019 0.021496758
v 0.0953823 0.1541424 0.019245386
v 0.08407032 0.30000025 0.032712355
v 0.09284176 0.29199994 0.03136979
v 0.09001893 0.29199994 0.0387367
v 0.09601572 0.29202056 0.019988954
v 0.0865971 0.29199994 0.045869514
v 0.08855243 0.29998648 0.016663522
v 0.09802613 0.29202056 0.0041673183
v 0.09008777 0.2999934 0.0025700033
v 0.074651696 0.30000025 0.050682098
v 0.09735829 0.2920137 -0.01219134
v 0.08946124 0.30000025 -0.010001928
v 0.08258317 0.29199302 0.05276136
v 0.07799779 0.29199302 0.059329614
v 0.072882265 0.29199994 0.0655123
v 0.06412459 0.2999934 0.06323339
v 0.06724348 0.29199994 0.071288794
v 0.08744395 0.2999245 -0.021933563
v 0.094473496 0.29199994 -0.026043884
v 0.091747046 0.29199994 -0.03445042
v 0.054878093 0.29991072 0.0715573
v 0.061102092 0.29199994 0.07661775
v 0.054533847 0.29199994 0.08142345
v 0.08219761 0.2999934 -0.03708736
v 0.088290796 0.29199994 -0.04253336
v 0.084118515 0.29199994 -0.05027894
v 0.042319924 0.2999934 0.07956451
v 0.047586918 0.29199302 0.08567147
v 0.0402269 0.29199994 0.0893618
v 0.07392189 0.2999934 -0.051490694
v 0.079292156 0.29199994 -0.057590768
v 0.073797956 0.29199994 -0.06448261
v 0.0280061 0.2999934 0.08568524
v 0.03264656 0.29199994 0.09240496
v 0.024570502 0.29199994 0.09486978
v 0.0647167 0.2999727 -0.06278203
v 0.06771854 0.29199994 -0.07083743
v 0.061060786 0.29199994 -0.07664833
v 0.011902176 0.2999934 0.089368686
v 0.016095117 0.29199994 0.09666675
v 0.0077780783 0.29199994 0.097685724
v -0.0031552315 0.29993826 0.09008473
v -0.0043394417 0.292055 0.09795423
v 0.051704124 0.30000716 -0.07388747
v 0.053962395 0.29199994 -0.08180517
v 0.046430245 0.29199994 -0.08630104
v 0.038664013 0.29979372 -0.081543535
v 0.03849189 0.29199994 -0.09012219
v -0.016684175 0.30000025 0.08854249
v -0.01622288 0.29199994 0.0966461
v -0.024243861 0.29199994 0.09495239
v 0.026594676 0.2999934 -0.086122036
v 0.030278131 0.29199994 -0.09320666
v 0.021788977 0.29199994 -0.09554066
v 0.012391008 0.30000025 -0.08922027
v 0.008597389 0.29129767 -0.09792286
v -0.02998592 0.2998488 0.08508624
v -0.031906813 0.29199994 0.0926597
v -0.039108485 0.29199994 0.08985752
v -0.04050614 0.2999934 0.080418244
v -0.046172455 0.29199994 0.08644259
v -0.00079369545 0.2997868 -0.09030121
v -0.0043738633 0.29199994 -0.0979022
v -0.013145313 0.29199994 -0.097110435
v -0.050344735 0.30000025 0.07469684
v -0.052947253 0.29199994 0.08246307
v -0.059481084 0.29199302 0.077884585
v -0.015617013 0.30000716 -0.08876586
v -0.021813467 0.29199994 -0.09554066
v -0.03028886 0.29199994 -0.093199775
v -0.062069833 0.29997957 0.065395266
v -0.06567754 0.29199994 0.072734624
v -0.071433365 0.29199994 0.06708896
v -0.031858623 0.2999934 -0.08437326
v -0.03852327 0.29199994 -0.090108424
v -0.046427205 0.29199302 -0.08630104
v -0.07171565 0.29998648 0.054523915
v -0.076707244 0.29199994 0.06098889
v -0.081492305 0.29199994 0.054434404
v -0.04693669 0.2999934 -0.0769375
v -0.053966224 0.29199994 -0.081798285
v -0.061092168 0.29199302 -0.07662768
v -0.08105166 0.29998648 0.03965929
v -0.060816765 0.2999727 -0.06664449
v -0.06770861 0.29199994 -0.070844315
v -0.07381557 0.29199994 -0.064461954
v -0.08573343 0.29199302 0.04746683
v -0.08938934 0.29199994 0.040161893
v -0.09246004 0.29199994 0.032478273
v -0.08680749 0.2999934 0.023968458
v -0.09604022 0.29191732 0.020257473
v -0.08919656 0.30000025 0.01270467
v -0.09802309 0.29195863 0.0040089637
v -0.090091616 0.2999658 -0.0005901903
v -0.0976031 0.29199994 -0.008776411
v -0.08893494 0.30000025 -0.014669932
v -0.09562023 0.2919311 -0.022064373
v -0.08544427 0.30000025 -0.028467387
v -0.09175089 0.29199994 -0.034429766
v -0.080934614 0.29998648 -0.03955906
v -0.08829464 0.29199994 -0.042512707
v -0.08413613 0.29199994 -0.050251402
v -0.073085755 0.30000716 -0.052757524
v -0.07929599 0.29199994 -0.057583883
v 0.049342588 0.08805366 -0.025424235
v 0.05365257 0.08543049 -0.02595438
v 0.04915669 0.091606304 -0.02994077
v 0.050650723 0.08687633 -0.021004088
v 0.056737028 0.086394385 -0.028653279
v 0.05161462 0.09901452 -0.03413371
v 0.055979684 0.084163666 -0.02294565
v 0.052757524 0.087984815 -0.01710032
v 0.05904349 0.08560951 -0.01972349
v 0.055353157 0.09087649 -0.014112249
v 0.059353314 0.09684576 -0.012205116
v 0.060117543 0.085451156 -0.024880327
v 0.0629335 0.08822578 -0.021472268
v 0.06314004 0.10410939 -0.014601082
v 0.06443442 0.10835053 -0.019372359
v 0.058354996 0.08900379 -0.029823728
v 0.056461632 0.105734244 -0.033727497
v 0.061721742 0.08876282 -0.027999207
v 0.060744077 0.109390154 -0.030285016
v 0.06328463 0.09038077 -0.025486201
v 0.06364953 0.11006488 -0.024563618
v -0.058358833 0.10767579 -0.032625906
v -0.053890496 0.10258782 -0.034422874
v -0.061512142 0.11999987 -0.041135713
v -0.051219136 0.097899154 -0.033541605
v -0.06525068 0.11999987 -0.034911707
v -0.0571402 0.11997922 -0.047015466
v -0.062620625 0.11016816 -0.027317598
v -0.03656794 0.06998065 -0.026222892
v -0.06836268 0.11999987 -0.028322801
v -0.04927069 0.092322335 -0.030553527
v -0.064321205 0.109190494 -0.021189988
v -0.07081373 0.11999987 -0.021472268
v -0.063818604 0.10582374 -0.015929878
v -0.040478602 0.07007703 -0.019950695
v -0.04927069 0.08819136 -0.025713407
v -0.05097127 0.08682126 -0.020171009
v -0.072583154 0.11999987 -0.0144014135
v -0.061498374 0.100777075 -0.013058849
v -0.04327388 0.06999442 -0.012487397
v -0.054303586 0.08951327 -0.015062369
v -0.058262438 0.09507632 -0.012459859
v -0.073657215 0.11997233 -0.0071859807
v -0.044389248 0.06996688 -0.0073099136
v -0.055522233 0.08647013 -0.028625742
v -0.054007545 0.08486593 -0.024308875
v -0.04927069 0.08819136 -0.025713407
v -0.04927069 0.092322335 -0.030553527
v -0.051219136 0.097899154 -0.033541605
v -0.059935495 0.08764745 -0.02895622
v -0.053890496 0.10258782 -0.034422874
v -0.058358833 0.10767579 -0.032625906
v -0.057925075 0.08458364 -0.024673775
v -0.06299929 0.08958213 -0.026512057
v -0.062620625 0.11016816 -0.027317598
v -0.064321205 0.109190494 -0.021189988
v -0.056795955 0.08485904 -0.020522147
v -0.05097127 0.08682126 -0.020171009
v -0.054303586 0.08951327 -0.015062369
v -0.061298713 0.08598818 -0.022835493
v -0.06334354 0.089905724 -0.021906018
v -0.063818604 0.10582374 -0.015929878
v -0.061498374 0.100777075 -0.013058849
v -0.060637757 0.08768876 -0.018835329
v -0.058262438 0.09507632 -0.012459859
v -0.019906342 0.086800605 -0.05108448
v -0.026157886 0.08549246 -0.053797156
v -0.025063172 0.08784711 -0.04941143
v -0.029923946 0.091565 -0.049136035
v -0.021806583 0.084163666 -0.056365244
v -0.014653116 0.08991949 -0.054657772
v -0.028891206 0.08645636 -0.057370447
v -0.034185737 0.09917976 -0.051676586
v -0.01921095 0.087117314 -0.060434252
v -0.012649596 0.09436029 -0.05779043
v -0.012718439 0.099641055 -0.0609162
v -0.028753504 0.08898313 -0.060971282
v -0.033511013 0.10647093 -0.05709505
v -0.028085664 0.11017504 -0.06232073
v -0.024099275 0.085258365 -0.060289674
v -0.021434799 0.08879036 -0.062961034
v -0.015596345 0.10544507 -0.063697726
v -0.025063172 0.08940312 -0.06341544
v -0.020973504 0.108983934 -0.064331144
v 0.0634361 0.08912772 0.022639662
v 0.06349117 0.11027831 0.025503814
v 0.064365566 0.10791677 0.018701464
v 0.06272006 0.103159264 0.013895765
v 0.06286465 0.08962344 0.026550323
v 0.059821494 0.10863969 0.031149477
v 0.061040133 0.08861135 0.028478116
v 0.0565236 0.10585128 0.033717558
v 0.053122424 0.101444915 0.03435786
v 0.06084735 0.08790219 0.018969983
v 0.059222504 0.096701175 0.0123535395
v 0.056069188 0.09184039 0.01358594
v 0.05866482 0.08532722 0.020106003
v 0.05301915 0.08815694 0.016656637
v 0.06070277 0.08563016 0.024340257
v 0.055146605 0.08430825 0.02285999
v 0.05049926 0.086896986 0.021393493
v 0.049246192 0.08830841 0.025889367
v 0.056048535 0.08543737 0.027734533
v 0.049418323 0.09320362 0.031300947
v 0.05523611 0.09135844 0.031149477
v -0.019534543 0.08552 0.05817294
v -0.012222722 0.09599203 0.05885455
v -0.014990479 0.08967163 0.05441375
v -0.019789293 0.08683503 0.051102087
v -0.020360738 0.08750287 0.06185639
v -0.01410231 0.103296965 0.06274456
v -0.02383764 0.08430825 0.055040285
v -0.025483146 0.08806743 0.04933265
v -0.023596674 0.08905886 0.063543215
v -0.019424394 0.10846068 0.06451398
v -0.026736215 0.11018193 0.06288226
v -0.025772318 0.08501051 0.05946043
v -0.028870553 0.087103546 0.05484751
v -0.030261308 0.0919712 0.04920873
v -0.03347659 0.097616866 0.051053897
v -0.027018502 0.0898644 0.06259309
v -0.031466186 0.108467564 0.059529275
v -0.029503971 0.0888592 0.05963944
v -0.03439918 0.10413693 0.05498521
v -0.063336655 0.09008473 0.025414303
v -0.06435563 0.10830921 0.019527659
v -0.06344682 0.11017504 0.025338575
v -0.06054136 0.109273106 0.03050229
v -0.063033715 0.090318814 0.020415828
v -0.062937334 0.10362056 0.014226243
v -0.059350267 0.096900836 0.012312233
v -0.06079611 0.08889362 0.028808594
v -0.056713328 0.10595456 0.03360741
v -0.053202003 0.1015826 0.03435786
v -0.05948797 0.085967526 0.019582748
v -0.05571501 0.09132402 0.013806269
v -0.052671865 0.08787465 0.017200544
v -0.062021628 0.08669044 0.024071738
v -0.052589238 0.09153056 0.031397328
v -0.049380854 0.09290068 0.03097047
v -0.058000818 0.08487281 0.026536554
v -0.056073025 0.084680036 0.021007925
v -0.050551295 0.08693142 0.021338403
v -0.05407639 0.08512756 0.026068375
v -0.04920183 0.08827399 0.025978863
v 0.028116256 0.08991949 -0.04909473
v 0.031868555 0.094126195 -0.04967995
v 0.027393334 0.0851551 -0.05604165
v 0.023641035 0.08719304 -0.04971437
v 0.029520787 0.08819136 -0.058671705
v 0.034574345 0.10165146 -0.053163737
v 0.021816514 0.0840535 -0.05719144
v 0.018917948 0.08720681 -0.051669702
v 0.015048601 0.089547694 -0.05432041
v 0.02872213 0.090456516 -0.061143406
v 0.03279803 0.10744171 -0.05809337
v 0.027448416 0.11021635 -0.06261679
v 0.02506622 0.08693831 -0.062114187
v 0.019165806 0.087482214 -0.060909316
v 0.012322158 0.0955445 -0.058554657
v 0.014298141 0.10407497 -0.063181356
v 0.025672093 0.090422094 -0.06327086
v 0.020618536 0.108908206 -0.06435868
v 0.021906018 0.09007096 -0.063325934
v -0.04699865 0.119958565 -0.0571639
v -0.034185737 0.09917976 -0.051676586
v -0.041139558 0.11999987 -0.061508305
v -0.02621296 0.06995998 -0.036543444
v -0.0348949 0.11999987 -0.06525373
v -0.021730855 0.06999442 -0.039455786
v -0.033511013 0.10647093 -0.05709505
v -0.029923946 0.091565 -0.049136035
v -0.025063172 0.08784711 -0.04941143
v -0.028085664 0.11017504 -0.06232073
v -0.028326645 0.11999987 -0.06836573
v -0.021462336 0.11999987 -0.07081677
v -0.020973504 0.108983934 -0.064331144
v -0.019906342 0.086800605 -0.05108448
v -0.016470745 0.07002884 -0.04191371
v -0.014398366 0.11999987 -0.07258621
v -0.015596345 0.10544507 -0.063697726
v -0.011437833 0.070001304 -0.043559216
v -0.012718439 0.099641055 -0.0609162
v -0.014653116 0.08991949 -0.054657772
v -0.012649596 0.09436029 -0.05779043
v -0.0071898103 0.1199861 -0.073646486
v -0.0072586685 0.069946215 -0.044399187
v -0.019789293 0.08683503 0.051102087
v -0.020353854 0.06995998 0.04018943
v -0.025483146 0.08806743 0.04933265
v -0.030261308 0.0919712 0.04920873
v -0.026240498 0.069946215 0.036540404
v -0.0126013905 0.06998065 0.04323946
v -0.014990479 0.08967163 0.05441375
v -0.03347659 0.097616866 0.051053897
v -0.047005534 0.11997922 0.057147086
v -0.012222722 0.09599203 0.05885455
v -0.04118775 0.11999987 0.06147772
v -0.03439918 0.10413693 0.05498521
v -0.031466186 0.108467564 0.059529275
v -0.034901783 0.11999987 0.06525068
v -0.026736215 0.11018193 0.06288226
v -0.028319761 0.11999987 0.06836268
v -0.019424394 0.10846068 0.06451398
v -0.02146922 0.11999987 0.07081373
v -0.01410231 0.103296965 0.06274456
v -0.014391482 0.120006755 0.072583154
v -0.0072999746 0.06995998 0.044382364
v -0.0071898103 0.11996545 0.07365033
v 0.020205438 0.2734381 0.095916286
v 0.020033315 0.2731489 0.086449474
v 0.019978233 0.27363086 0.10787547
v 0.008927867 0.25977832 0.088439226
v -0.0048351586 0.25999862 0.089437544
v 0.017857663 0.2600124 0.08707599
v -0.01998207 0.27292168 -0.08736133
v -0.019961417 0.2731076 -0.10852569
v -0.020395175 0.27331418 -0.095822945
v -0.019844368 0.27305943 0.09645331
v -0.01993388 0.27309382 0.10893574
v -0.020009607 0.27316958 0.086483896
v -0.019954532 0.25434607 0.09725885
v -0.019858137 0.25302416 0.10804759
v -0.01874967 0.25144064 0.09831226
v 0.047366604 0.31392163 0.0047525465
v 0.048936374 0.31001097 0.0052482635
v 0.04598961 0.30627936 0.0037542284
v -0.0460141 0.3071537 0.003726676
v -0.04895398 0.31001097 0.005151868
v -0.04737732 0.31317806 0.004842043
v -0.007919624 0.259916 0.09807816
v -0.008553043 0.2525009 0.09738967
v -0.008181244 0.25275564 0.10201636
v 0.011296302 0.2599573 0.094229475
v 0.013864391 0.25314808 0.09390588
v 0.016618371 0.25996423 0.09385769
v 0.016618371 0.25996423 0.09385769
v 0.013864391 0.25314808 0.09390588
v 0.018195026 0.25436676 0.094945505
v 0.0085078925 0.27559996 0.097630635
v 0.017540954 0.27501476 0.09651528
v -0.004098475 0.27505606 0.09807128
v -0.07186712 0.3100592 0.0048902333
v -0.07159172 0.3161937 0.00239788
v -0.06945738 0.31424522 0.0047525465
v -0.020532861 0.27363086 0.09584056
v -0.019844368 0.27305943 0.09645331
v -0.020009607 0.27316958 0.086483896
v -0.020532861 0.27363086 0.09584056
v -0.020009607 0.27316958 0.086483896
v -0.021958053 0.27167553 0.08645636
v 0.020033315 0.2731076 -0.086755455
v -0.018357217 0.2536438 0.11130418
v -0.016188458 0.25015312 0.109755054
v -0.019858137 0.25302416 0.10804759
v -0.019796178 0.25354743 -0.1093932
v -0.016835645 0.25014627 -0.10998531
v -0.015851095 0.25381595 -0.11288387
v 0.01800225 0.2600193 -0.08704463
v 0.019936927 0.26155466 -0.09686257
v 0.01671476 0.25992978 -0.09383319
v 0.013864391 0.25314808 0.09390588
v 0.011413343 0.2502082 0.097169355
v 0.017396376 0.25038725 0.097017884
v 0.07036237 0.31368065 -0.0048244447
v 0.071794435 0.31003165 -0.0049827844
v 0.07118168 0.31678575 -0.0018914491
v 0.013864391 0.25314808 0.09390588
v 0.017396376 0.25038725 0.097017884
v 0.018195026 0.25436676 0.094945505
v 0.047366604 0.31392163 0.0047525465
v 0.04598961 0.30627936 0.0037542284
v 0.04598961 0.3145895 0.0023634583
v 0.017857663 0.2600124 0.08707599
v 0.016618371 0.25996423 0.09385769
v 0.01987496 0.26141006 0.09703165
v -0.017475948 0.275001 0.10962424
v -0.002211988 0.27466363 0.112777546
v -0.016381234 0.27338988 0.11278443
v -0.01993388 0.27309382 0.10893574
v -0.017475948 0.275001 0.10962424
v -0.016381234 0.27338988 0.11278443
v 0.016811155 0.25327206 -0.09404662
v 0.019861192 0.25355434 -0.09728944
v 0.017059013 0.2502082 -0.097578615
v -0.0033824295 0.2741679 -0.113235004
v -0.01739332 0.275001 -0.110529214
v -0.015410453 0.27283907 -0.112938955
v -0.019926995 0.25335467 -0.09711732
v -0.016126499 0.25270057 -0.09397778
v -0.01672548 0.25018066 -0.09775762
v 0.046079114 0.30714685 -0.0039500445
v 0.04732529 0.3135361 -0.0047968924
v 0.04620304 0.31580126 -0.003192708
v -0.045986563 0.3141833 0.0029762238
v -0.047797307 0.3165173 0.0024667382
v -0.04696423 0.3166756 -0.0020222664
v -0.007919624 0.259916 0.09807816
v -0.008181244 0.25275564 0.10201636
v -0.0061364174 0.25994354 0.10189931
v 0.013864391 0.25314808 0.09390588
v 0.008748859 0.25308615 0.09646019
v 0.011413343 0.2502082 0.097169355
v -0.0048351586 0.25999862 0.089437544
v -0.008525506 0.25966817 0.08847365
v -0.017971665 0.26000553 0.08704157
v -0.0048351586 0.25999862 0.089437544
v -1.9222498E-06 0.2596957 0.08884543
v -0.008525506 0.25966817 0.08847365
v -0.0048351586 0.25999862 0.089437544
v 0.008927867 0.25977832 0.088439226
v -1.9222498E-06 0.2596957 0.08884543
v 0.01987496 0.26141006 0.09703165
v 0.019992001 0.26211232 0.086532086
v 0.017857663 0.2600124 0.08707599
v 0.01800225 0.2600193 -0.08704463
v 0.02000577 0.26209164 -0.08651448
v 0.019936927 0.26155466 -0.09686257
v -0.011768311 0.25022197 0.09734148
v -0.008553043 0.2525009 0.09738967
v -0.01090081 0.2532376 0.09460126
v 0.017396376 0.25038725 0.097017884
v 0.019971348 0.25385034 0.097933576
v 0.018195026 0.25436676 0.094945505
v 0.020150356 0.27334172 -0.09591245
v 0.017775044 0.27500784 -0.09643571
v 0.018256992 0.2749803 -0.108876824
v -0.019844368 0.27305943 0.09645331
v -0.020532861 0.27363086 0.09584056
v -0.01802674 0.275001 0.09636381
v -0.020532861 0.27363086 0.09584056
v -0.021958053 0.27167553 0.08645636
v -0.022006243 0.27091128 0.09549631
v -0.010666728 0.253155 -0.094790205
v -0.008346483 0.25329268 -0.09722059
v -0.011286363 0.25018758 -0.09760615
v -0.021035463 0.27294236 -0.086239085
v -0.019968301 0.26143068 -0.08656268
v -0.01998207 0.27292168 -0.08736133
v -0.021035463 0.27294236 -0.086239085
v -0.01998207 0.27292168 -0.08736133
v -0.020395175 0.27331418 -0.095822945
v 0.07202164 0.31496817 0.0018539727
v 0.07013516 0.31653106 0.0025080442
v 0.07118168 0.31678575 -0.0018914491
v -0.046055406 0.31378394 -0.003481865
v -0.04696423 0.3166756 -0.0020222664
v -0.04792124 0.31376326 -0.004790008
v 0.047366604 0.31392163 0.0047525465
v 0.04598961 0.3145895 0.0023634583
v 0.04771085 0.31678575 0.001902163
v -0.07190843 0.31372887 -0.0031031966
v -0.071791396 0.31002474 -0.0051273704
v -0.07018031 0.31496125 -0.0041979104
v 0.04620304 0.31580126 -0.003192708
v 0.07118168 0.31678575 -0.0018914491
v 0.04718759 0.31685466 -0.0010514855
v -0.04737732 0.31317806 0.004842043
v -0.045986563 0.3141833 0.0029762238
v -0.0460141 0.3071537 0.003726676
v -0.04737732 0.31317806 0.004842043
v -0.047797307 0.3165173 0.0024667382
v -0.045986563 0.3141833 0.0029762238
v 0.052578516 0.30994213 0.04933265
v 0.04327005 0.31000412 0.057677224
v 0.061955832 0.30998343 0.037277088
v 0.06923323 0.3099972 0.02045025
v 0.029087037 0.3099972 0.0399691
v 0.040701963 0.3099972 0.027638152
v 0.046161734 0.3099972 0.01642254
v 0.048936374 0.31001097 0.0052482635
v 0.07176001 0.31006604 0.0050141662
v 0.028976873 0.30998343 0.05136372
v 0.019262195 0.30996966 0.055894017
v 0.0020222664 0.3099972 0.059453547
v 0.018112406 0.3099972 0.069836065
v 0.03135907 0.3099972 0.06494774
v -0.0080228895 0.3099972 0.07168123
v 0.005017221 0.3099972 0.071887776
v -0.019644707 0.31000412 0.06929903
v -0.017062843 0.30999035 0.056692675
v -0.028980717 0.31000412 0.05139126
v -0.030261308 0.30999035 0.06549165
v -0.04222049 0.3099972 0.05847588
v -0.053325936 0.3099972 0.04855466
v -0.06147772 0.3099972 0.037669525
v -0.044230893 0.3099972 0.021758392
v -0.06698568 0.3099972 0.026598513
v -0.035542086 0.3099628 0.033820838
v -0.02900137 0.3099972 0.039500937
v -0.04895398 0.31001097 0.005151868
v -0.07005638 0.3099972 0.01678057
v -0.07186712 0.3100592 0.0048902333
v 0.007791862 0.25988162 -0.10188171
v -0.007940277 0.25334775 -0.10189548
v -0.007781923 0.259978 -0.10163385
v 0.007998407 0.25303108 -0.10193679
v 0.020205438 0.2734381 0.095916286
v 0.019978233 0.27363086 0.10787547
v 0.017540954 0.27501476 0.09651528
v 0.016769841 0.275001 0.11028519
v 0.020033315 0.2731489 0.086449474
v 0.019992001 0.26211232 0.086532086
v 0.019978233 0.27363086 0.10787547
v 0.01987496 0.26141006 0.09703165
v 0.019971348 0.25385034 0.097933576
v 0.01987496 0.25338906 0.10863969
v -0.0061364174 0.25994354 0.10189931
v 0.00791578 0.25320315 0.10197505
v 0.007791862 0.25995046 0.10161704
v -0.008181244 0.25275564 0.10201636
v -0.0043807477 0.25440806 0.11398931
v -0.015520617 0.2534992 0.11288771
v -0.016381234 0.27338988 0.11278443
v -0.0031001568 0.27265322 0.11400996
v 0.0074682683 0.25407755 0.11374833
v 0.0076128393 0.27294922 0.113727674
v 0.016060688 0.27335548 0.112846404
v 0.016921312 0.2539261 0.112591654
v -0.002191335 0.2519226 0.11311491
v -0.015520617 0.2534992 0.11288771
v 0.015138105 0.2516334 0.11188939
v 0.016921312 0.2539261 0.112591654
v 0.00037676096 0.2503115 0.1111045
v 0.016680337 0.25006366 0.10893574
v -0.016188458 0.25015312 0.109755054
v -0.015520617 0.2534992 0.11288771
v -0.018357217 0.2536438 0.11130418
v -0.01993388 0.27309382 0.10893574
v -0.019858137 0.25302416 0.10804759
v -0.019954532 0.25434607 0.09725885
v -0.019988954 0.26240146 0.0980162
v -0.020009607 0.27316958 0.086483896
v -0.019975185 0.2620228 0.08653897
v 0.020150356 0.27334172 -0.09591245
v 0.019985117 0.27248794 -0.107995555
v 0.020033315 0.2731076 -0.086755455
v 0.02000577 0.26209164 -0.08651448
v 0.019936927 0.26155466 -0.09686257
v 0.019881845 0.25298977 -0.10868405
v 0.019861192 0.25355434 -0.09728944
v 0.018256992 0.2749803 -0.108876824
v 0.017775044 0.27500784 -0.09643571
v -0.0036509484 0.2750216 -0.09805367
v -0.01739332 0.275001 -0.110529214
v -0.017675608 0.27501476 -0.09647013
v 0.015379079 0.2747531 -0.111754745
v -0.0033824295 0.2741679 -0.113235004
v -0.019961417 0.2731076 -0.10852569
v -0.019926995 0.25335467 -0.09711732
v -0.019796178 0.25354743 -0.1093932
v -0.019913226 0.26154774 -0.09719993
v -0.019968301 0.26143068 -0.08656268
v -0.01998207 0.27292168 -0.08736133
v -0.012546316 0.25999177 0.09373376
v -0.01090081 0.2532376 0.09460126
v -0.007919624 0.259916 0.09807816
v -0.008553043 0.2525009 0.09738967
v 0.01671476 0.25992978 -0.09383319
v 0.0111999065 0.2537471 -0.09443907
v 0.010566495 0.2599367 -0.094487265
v 0.016811155 0.25327206 -0.09404662
v -0.004098475 0.27505606 0.09807128
v -0.017475948 0.275001 0.10962424
v -0.01802674 0.275001 0.09636381
v 0.017540954 0.27501476 0.09651528
v 0.016769841 0.275001 0.11028519
v -0.002211988 0.27466363 0.112777546
v 0.04598961 0.30627936 0.0037542284
v 0.048936374 0.31001097 0.0052482635
v 0.0428363 0.30700225 0.017572328
v 0.046161734 0.3099972 0.01642254
v 0.040701963 0.3099972 0.027638152
v 0.03648837 0.3069954 0.028188944
v 0.029087037 0.3099972 0.0399691
v 0.02616781 0.30714685 0.03841999
v -0.07186712 0.3100592 0.0048902333
v -0.071791396 0.31002474 -0.0051273704
v -0.07190843 0.31372887 -0.0031031966
v -0.07159172 0.3161937 0.00239788
v -0.04737732 0.31317806 0.004842043
v -0.04895398 0.31001097 0.005151868
v -0.06945738 0.31424522 0.0047525465
v -0.07186712 0.3100592 0.0048902333
v -0.04792124 0.31376326 -0.004790008
v -0.071791396 0.31002474 -0.0051273704
v -0.048726782 0.31001788 -0.0052168816
v -0.07018031 0.31496125 -0.0041979104
v 0.04718759 0.31685466 -0.0010514855
v 0.07118168 0.31678575 -0.0018914491
v 0.04771085 0.31678575 0.001902163
v 0.07013516 0.31653106 0.0025080442
v 0.04598961 0.3145895 0.0023634583
v 0.04598961 0.30627936 0.0037542284
v 0.04620304 0.31580126 -0.003192708
v 0.046079114 0.30714685 -0.0039500445
v 0.047366604 0.31392163 0.0047525465
v 0.07176001 0.31006604 0.0050141662
v 0.048936374 0.31001097 0.0052482635
v 0.07060334 0.31361872 0.004766315
v 0.07036237 0.31368065 -0.0048244447
v 0.07118168 0.31678575 -0.0018914491
v 0.04620304 0.31580126 -0.003192708
v 0.04732529 0.3135361 -0.0047968924
v 0.07202164 0.31496817 0.0018539727
v 0.071794435 0.31003165 -0.0049827844
v 0.07176001 0.31006604 0.0050141662
v 0.07118168 0.31678575 -0.0018914491
v -0.017124817 0.25992978 -0.09399155
v -0.017317593 0.25995046 -0.087154776
v -0.005874783 0.25997108 -0.08873144
v -0.010590985 0.25994354 -0.094473496
v -0.00806421 0.25998485 -0.09765434
v 0.005636856 0.25998485 -0.08866947
v -0.007781923 0.259978 -0.10163385
v 0.008115441 0.25998485 -0.097544186
v 0.007791862 0.25988162 -0.10188171
v 0.010566495 0.2599367 -0.094487265
v 0.01671476 0.25992978 -0.09383319
v 0.01800225 0.2600193 -0.08704463
v 0.017857663 0.2600124 0.08707599
v -0.0048351586 0.25999862 0.089437544
v 0.016618371 0.25996423 0.09385769
v 0.011296302 0.2599573 0.094229475
v 0.00817053 0.259978 0.09699035
v -0.017971665 0.26000553 0.08704157
v -0.012546316 0.25999177 0.09373376
v -0.018288374 0.2600606 0.09487666
v 0.007791862 0.25995046 0.10161704
v -0.007919624 0.259916 0.09807816
v -0.0061364174 0.25994354 0.10189931
v -0.028987601 0.3099972 -0.05134611
v -0.01940374 0.3099972 -0.055862643
v -0.026033953 0.3069954 -0.049569786
v -0.017214313 0.30700916 -0.053425364
v -0.0069694966 0.3099972 -0.058706127
v -0.0057646334 0.3069954 -0.05580756
v 0.0066489577 0.30994213 -0.05879563
v 0.0060430765 0.3070367 -0.05582133
v 0.017706193 0.30704355 -0.05326701
v 0.020060852 0.3099972 -0.055601016
v 0.026023224 0.30701602 -0.0496111
v 0.029004417 0.3099972 -0.051387414
v 0.026023224 0.30701602 -0.0496111
v 0.029004417 0.3099972 -0.051387414
v 0.028976873 0.3099972 -0.03952463
v 0.02601634 0.30692655 -0.037899785
v 0.016053803 0.25004297 -0.10895256
v 0.017059013 0.2502082 -0.097578615
v 0.019881845 0.25298977 -0.10868405
v 0.019861192 0.25355434 -0.09728944
v 0.007791862 0.25988162 -0.10188171
v 0.008452818 0.2524252 -0.09721371
v 0.007998407 0.25303108 -0.10193679
v 0.008115441 0.25998485 -0.097544186
v -0.043356508 0.30700916 0.016229764
v -0.04895398 0.31001097 0.005151868
v -0.0460141 0.3071537 0.003726676
v -0.044230893 0.3099972 0.021758392
v -0.036306307 0.30677503 0.028395489
v -0.035542086 0.3099628 0.033820838
v -0.026075259 0.3070711 0.03833048
v -0.02900137 0.3099972 0.039500937
v -0.06945738 0.31424522 0.0047525465
v -0.07159172 0.3161937 0.00239788
v -0.047797307 0.3165173 0.0024667382
v -0.04737732 0.31317806 0.004842043
v -0.04696423 0.3166756 -0.0020222664
v -0.047797307 0.3165173 0.0024667382
v -0.0704626 0.31716448 -0.0006521493
v -0.07159172 0.3161937 0.00239788
v 0.011502847 0.25009805 -0.10496617
v 0.012308389 0.25023574 -0.09682126
v 0.017059013 0.2502082 -0.097578615
v 0.016053803 0.25004297 -0.10895256
v -0.010763109 0.2501738 -0.104738966
v -0.016835645 0.25014627 -0.10998531
v -0.011286363 0.25018758 -0.09760615
v -0.01672548 0.25018066 -0.09775762
v 0.0007210076 0.25074524 -0.11182359
v 0.015537433 0.25247335 -0.11276683
v 0.00817053 0.259978 0.09699035
v 0.00791578 0.25320315 0.10197505
v 0.008748859 0.25308615 0.09646019
v 0.007791862 0.25995046 0.10161704
v 0.02616781 0.30714685 0.03841999
v 0.028976873 0.30998343 0.05136372
v 0.02601634 0.30698848 0.04957363
v 0.029087037 0.3099972 0.0399691
v 0.017396376 0.25038725 0.097017884
v 0.011413343 0.2502082 0.097169355
v 0.016680337 0.25006366 0.10893574
v 0.010979593 0.25026333 0.10430905
v -0.01121752 0.25010496 0.1055208
v -0.016188458 0.25015312 0.109755054
v 0.00037676096 0.2503115 0.1111045
v -0.015926823 0.25009805 0.097320825
v -0.011768311 0.25022197 0.09734148
v -0.016732365 0.25276256 0.094181284
v -0.012546316 0.25999177 0.09373376
v -0.018288374 0.2600606 0.09487666
v -0.01090081 0.2532376 0.09460126
v -0.026033953 0.3069954 -0.049569786
v -0.026047722 0.30704355 -0.037982404
v -0.028987601 0.3099972 -0.05134611
v -0.028987601 0.30999035 -0.03951086
v -0.04591082 0.3061967 -0.0036539882
v -0.0460141 0.3071537 0.003726676
v -0.045986563 0.3141833 0.0029762238
v -0.046055406 0.31378394 -0.003481865
v -0.04696423 0.3166756 -0.0020222664
v -0.028980717 0.31000412 0.05139126
v -0.02900137 0.3099972 0.039500937
v -0.0260133 0.30700916 0.049566746
v -0.026075259 0.3070711 0.03833048
v -0.01802674 0.275001 0.09636381
v -0.017475948 0.275001 0.10962424
v -0.01993388 0.27309382 0.10893574
v -0.019844368 0.27305943 0.09645331
v -0.010590985 0.25994354 -0.094473496
v -0.010666728 0.253155 -0.094790205
v -0.016126499 0.25270057 -0.09397778
v -0.017124817 0.25992978 -0.09399155
v 0.07003877 0.31000412 -0.017699309
v 0.071794435 0.31003165 -0.0049827844
v 0.049032763 0.31000412 -0.005099833
v 0.04515653 0.3099972 -0.019296624
v 0.03832665 0.3099972 -0.030884005
v 0.057604536 0.3099972 -0.043476596
v 0.0648062 0.3099628 -0.03166201
v 0.04788986 0.3099972 -0.053927965
v 0.028976873 0.3099972 -0.03952463
v 0.029004417 0.3099972 -0.051387414
v 0.035827406 0.3099972 -0.06260302
v 0.020060852 0.3099972 -0.055601016
v 0.022167653 0.31001788 -0.06857916
v 0.0066489577 0.30994213 -0.05879563
v -0.0069694966 0.3099972 -0.058706127
v 0.0086869 0.3099972 -0.0716292
v -0.014536068 0.31000412 -0.07055514
v -0.005096793 0.30994904 -0.07193902
v -0.01940374 0.3099972 -0.055862643
v -0.02621296 0.3099972 -0.06717463
v -0.028987601 0.3099972 -0.05134611
v -0.035576507 0.31000412 -0.06261679
v -0.035831243 0.3099972 -0.033576027
v -0.028987601 0.30999035 -0.03951086
v -0.042688668 0.30999035 -0.0242951
v -0.047308475 0.3099972 -0.01317589
v -0.07033178 0.3099972 -0.015771523
v -0.071791396 0.31002474 -0.0051273704
v -0.048726782 0.31001788 -0.0052168816
v -0.062923566 0.31000412 -0.035193995
v -0.067350596 0.3098113 -0.02608519
v -0.054875046 0.30999035 -0.04689154
v -0.044719726 0.30993527 -0.056619987
v -0.007781923 0.259978 -0.10163385
v -0.007940277 0.25334775 -0.10189548
v -0.00806421 0.25998485 -0.09765434
v -0.008346483 0.25329268 -0.09722059
v 0.033947818 0.30705732 -0.0313935
v 0.02601634 0.30692655 -0.037899785
v 0.028976873 0.3099972 -0.03952463
v 0.03832665 0.3099972 -0.030884005
v 0.04104621 0.3070711 -0.021196872
v 0.04515653 0.3099972 -0.019296624
v 0.04485359 0.30702293 -0.010738619
v 0.049032763 0.31000412 -0.005099833
v 0.046079114 0.30714685 -0.0039500445
v -0.03240943 0.30702293 -0.032825567
v -0.028987601 0.30999035 -0.03951086
v -0.026047722 0.30704355 -0.037982404
v -0.035831243 0.3099972 -0.033576027
v -0.040306464 0.3069954 -0.022759758
v -0.042688668 0.30999035 -0.0242951
v -0.047308475 0.3099972 -0.01317589
v -0.044802353 0.30706424 -0.0110346675
v -0.04591082 0.3061967 -0.0036539882
v -0.048726782 0.31001788 -0.0052168816
v 0.007998407 0.25303108 -0.10193679
v 0.011502847 0.25009805 -0.10496617
v -0.010763109 0.2501738 -0.104738966
v -0.007940277 0.25334775 -0.10189548
v 0.008452818 0.2524252 -0.09721371
v 0.011502847 0.25009805 -0.10496617
v 0.007998407 0.25303108 -0.10193679
v 0.012308389 0.25023574 -0.09682126
v 0.017885208 0.25377464 -0.1117272
v 0.018615007 0.27246732 -0.11104559
v 0.015626937 0.27243286 -0.11293207
v 0.015537433 0.25247335 -0.11276683
v 0.0074338317 0.25404316 -0.11375138
v 0.0075095743 0.27269453 -0.1137445
v -0.003953889 0.27206796 -0.11402678
v -0.004077822 0.2534992 -0.11394416
v -0.015851095 0.25381595 -0.11288387
v -0.015410453 0.27283907 -0.112938955
v -0.017971665 0.27137947 -0.1117754
v -0.019796178 0.25354743 -0.1093932
v -0.019961417 0.2731076 -0.10852569
v -0.01739332 0.275001 -0.110529214
v -0.015410453 0.27283907 -0.112938955
v 0.016060688 0.27335548 0.112846404
v 0.019000567 0.2726876 0.11049175
v 0.016921312 0.2539261 0.112591654
v 0.01987496 0.25338906 0.10863969
v 0.019978233 0.27363086 0.10787547
v -0.015851095 0.25381595 -0.11288387
v -0.016835645 0.25014627 -0.10998531
v -0.004077822 0.2534992 -0.11394416
v 0.0007210076 0.25074524 -0.11182359
v 0.015537433 0.25247335 -0.11276683
v 0.0074338317 0.25404316 -0.11375138
v 0.017885208 0.25377464 -0.1117272
v 0.019881845 0.25298977 -0.10868405
v 0.018615007 0.27246732 -0.11104559
v 0.019985117 0.27248794 -0.107995555
v 0.015537433 0.25247335 -0.11276683
v 0.016053803 0.25004297 -0.10895256
v 0.019881845 0.25298977 -0.10868405
v 0.017885208 0.25377464 -0.1117272
v -0.0704626 0.31716448 -0.0006521493
v -0.07018031 0.31496125 -0.0041979104
v -0.04696423 0.3166756 -0.0020222664
v -0.04792124 0.31376326 -0.004790008
v -0.01739332 0.275001 -0.110529214
v -0.020395175 0.27331418 -0.095822945
v -0.019961417 0.2731076 -0.10852569
v -0.017675608 0.27501476 -0.09647013
v -0.020395175 0.27331418 -0.095822945
v -0.021992475 0.27113163 -0.08676234
v -0.021035463 0.27294236 -0.086239085
v -0.022006243 0.27092505 -0.095506236
v 0.0219611 0.27152407 -0.086390555
v 0.022009298 0.27082866 -0.09549247
v 0.020150356 0.27334172 -0.09591245
v 0.020033315 0.2731076 -0.086755455
v -0.016835645 0.25014627 -0.10998531
v -0.019926995 0.25335467 -0.09711732
v -0.01672548 0.25018066 -0.09775762
v -0.019796178 0.25354743 -0.1093932
v -0.019926995 0.25335467 -0.09711732
v -0.017124817 0.25992978 -0.09399155
v -0.016126499 0.25270057 -0.09397778
v -0.019913226 0.26154774 -0.09719993
v 0.020205438 0.2734381 0.095916286
v 0.021967985 0.27131748 0.08647013
v 0.020033315 0.2731489 0.086449474
v 0.021988638 0.27072543 0.09548941
v -0.019858137 0.25302416 0.10804759
v -0.016188458 0.25015312 0.109755054
v -0.01874967 0.25144064 0.09831226
v -0.015926823 0.25009805 0.097320825
v -0.018357217 0.2536438 0.11130418
v -0.019858137 0.25302416 0.10804759
v -0.01993388 0.27309382 0.10893574
v -0.016381234 0.27338988 0.11278443
v -0.015520617 0.2534992 0.11288771
v -0.010763109 0.2501738 -0.104738966
v -0.008346483 0.25329268 -0.09722059
v -0.007940277 0.25334775 -0.10189548
v -0.011286363 0.25018758 -0.09760615
v -0.019954532 0.25434607 0.09725885
v -0.016732365 0.25276256 0.094181284
v -0.018288374 0.2600606 0.09487666
v -0.019988954 0.26240146 0.0980162
v 0.016680337 0.25006366 0.10893574
v 0.01987496 0.25338906 0.10863969
v 0.017396376 0.25038725 0.097017884
v 0.019971348 0.25385034 0.097933576
v 0.016921312 0.2539261 0.112591654
v 0.01987496 0.25338906 0.10863969
v 0.016680337 0.25006366 0.10893574
v 0.015138105 0.2516334 0.11188939
v -0.017062843 0.30999035 0.056692675
v -0.028980717 0.31000412 0.05139126
v -0.0260133 0.30700916 0.049566746
v -0.014680654 0.30705047 0.05431737
v 0.0020222664 0.3099972 0.059453547
v 0.0019740611 0.30706424 0.05623138
v 0.017375715 0.30700916 0.053387895
v 0.019262195 0.30996966 0.055894017
v 0.02601634 0.30698848 0.04957363
v 0.028976873 0.30998343 0.05136372
v -0.008553043 0.2525009 0.09738967
v -0.01121752 0.25010496 0.1055208
v -0.008181244 0.25275564 0.10201636
v -0.011768311 0.25022197 0.09734148
v -0.008181244 0.25275564 0.10201636
v -0.01121752 0.25010496 0.1055208
v 0.010979593 0.25026333 0.10430905
v 0.00791578 0.25320315 0.10197505
v 0.01671476 0.25992978 -0.09383319
v 0.019936927 0.26155466 -0.09686257
v 0.016811155 0.25327206 -0.09404662
v 0.019861192 0.25355434 -0.09728944
v 0.008748859 0.25308615 0.09646019
v 0.013864391 0.25314808 0.09390588
v 0.011296302 0.2599573 0.094229475
v 0.00817053 0.259978 0.09699035
v 0.018256992 0.2749803 -0.108876824
v 0.019985117 0.27248794 -0.107995555
v 0.020150356 0.27334172 -0.09591245
v 0.018615007 0.27246732 -0.11104559
v 0.00791578 0.25320315 0.10197505
v 0.010979593 0.25026333 0.10430905
v 0.011413343 0.2502082 0.097169355
v 0.008748859 0.25308615 0.09646019
v 0.047366604 0.31392163 0.0047525465
v 0.04771085 0.31678575 0.001902163
v 0.07013516 0.31653106 0.0025080442
v 0.07060334 0.31361872 0.004766315
v 0.016618371 0.25996423 0.09385769
v 0.018195026 0.25436676 0.094945505
v 0.01987496 0.26141006 0.09703165
v 0.019971348 0.25385034 0.097933576
v -0.019968301 0.26143068 -0.08656268
v -0.017124817 0.25992978 -0.09399155
v -0.019913226 0.26154774 -0.09719993
v -0.017317593 0.25995046 -0.087154776
v 0.016811155 0.25327206 -0.09404662
v 0.017059013 0.2502082 -0.097578615
v 0.012308389 0.25023574 -0.09682126
v 0.0111999065 0.2537471 -0.09443907
v 0.008452818 0.2524252 -0.09721371
v -0.01672548 0.25018066 -0.09775762
v -0.016126499 0.25270057 -0.09397778
v -0.011286363 0.25018758 -0.09760615
v -0.010666728 0.253155 -0.094790205
v 0.016060688 0.27335548 0.112846404
v 0.016769841 0.275001 0.11028519
v 0.019978233 0.27363086 0.10787547
v 0.019000567 0.2726876 0.11049175
v -0.002211988 0.27466363 0.112777546
v 0.016769841 0.275001 0.11028519
v 0.016060688 0.27335548 0.112846404
v 0.0076128393 0.27294922 0.113727674
v -0.0031001568 0.27265322 0.11400996
v -0.016381234 0.27338988 0.11278443
v -0.015926823 0.25009805 0.097320825
v -0.011768311 0.25022197 0.09734148
v -0.016732365 0.25276256 0.094181284
v -0.01090081 0.2532376 0.09460126
v -0.019954532 0.25434607 0.09725885
v -0.01874967 0.25144064 0.09831226
v -0.016732365 0.25276256 0.094181284
v -0.015926823 0.25009805 0.097320825
v -0.019988954 0.26240146 0.0980162
v -0.018288374 0.2600606 0.09487666
v -0.019975185 0.2620228 0.08653897
v -0.017971665 0.26000553 0.08704157
v 0.0111999065 0.2537471 -0.09443907
v 0.008452818 0.2524252 -0.09721371
v 0.010566495 0.2599367 -0.094487265
v 0.008115441 0.25998485 -0.097544186
v -0.07159172 0.3161937 0.00239788
v -0.07190843 0.31372887 -0.0031031966
v -0.0704626 0.31716448 -0.0006521493
v -0.07018031 0.31496125 -0.0041979104
v -0.010590985 0.25994354 -0.094473496
v -0.00806421 0.25998485 -0.09765434
v -0.008346483 0.25329268 -0.09722059
v -0.010666728 0.253155 -0.094790205
v 0.015379079 0.2747531 -0.111754745
v 0.0075095743 0.27269453 -0.1137445
v 0.015626937 0.27243286 -0.11293207
v -0.0033824295 0.2741679 -0.113235004
v -0.003953889 0.27206796 -0.11402678
v -0.015410453 0.27283907 -0.112938955
v 0.018615007 0.27246732 -0.11104559
v 0.015379079 0.2747531 -0.111754745
v 0.015626937 0.27243286 -0.11293207
v 0.018256992 0.2749803 -0.108876824
v 0.07060334 0.31361872 0.004766315
v 0.07202164 0.31496817 0.0018539727
v 0.07176001 0.31006604 0.0050141662
v 0.07013516 0.31653106 0.0025080442
v 0.04771085 0.31678575 0.001902163
v 0.04598961 0.3145895 0.0023634583
v 0.04718759 0.31685466 -0.0010514855
v 0.04620304 0.31580126 -0.003192708
v 0.063346595 0.3000347 0.05200401
v 0.061955832 0.30998343 0.037277088
v 0.07086497 0.29994518 0.041545764
v 0.07726109 0.3000278 0.027679458
v 0.052578516 0.30994213 0.04933265
v 0.06923323 0.3099972 0.02045025
v 0.054712854 0.2999727 0.06124364
v 0.08110979 0.30013108 0.012319118
v 0.04327005 0.31000412 0.057677224
v 0.07176001 0.31006604 0.0050141662
v 0.042671062 0.29993826 0.07018031
v 0.03135907 0.3099972 0.06494774
v 0.018112406 0.3099972 0.069836065
v 0.005017221 0.3099972 0.071887776
v 0.003192708 0.30000025 0.08206375
v -0.0080228895 0.3099972 0.07168123
v -0.012140095 0.30001402 0.081189364
v -0.019644707 0.31000412 0.06929903
v -0.026853263 0.2999245 0.077629834
v -0.030261308 0.30999035 0.06549165
v -0.041986406 0.30000025 0.0705934
v -0.04222049 0.3099972 0.05847588
v -0.055577308 0.29998648 0.060424328
v -0.053325936 0.3099972 0.04855466
v -0.06336419 0.3000347 0.05199024
v -0.06147772 0.3099972 0.037669525
v -0.070620954 0.29995203 0.04200706
v -0.06698568 0.3099972 0.026598513
v -0.07571581 0.3000278 0.031411096
v -0.07968156 0.30004847 0.019692898
v -0.07005638 0.3099972 0.01678057
v -0.07186712 0.3100592 0.0048902333
v -0.08157492 0.3000278 0.008043557
v -0.08202244 0.29995894 -0.0049277097
v -0.071791396 0.31002474 -0.0051273704
v -0.07033178 0.3099972 -0.015771523
v -0.07968156 0.29994518 -0.019985117
v -0.067350596 0.3098113 -0.02608519
v -0.07572959 0.3000347 -0.03135907
v -0.062923566 0.31000412 -0.035193995
v -0.07044193 0.2999934 -0.042189114
v -0.054875046 0.30999035 -0.04689154
v -0.060727254 0.3002137 -0.055077754
v -0.044719726 0.30993527 -0.056619987
v -0.04881628 0.30013108 -0.06585272
v -0.035576507 0.31000412 -0.06261679
v -0.038619652 0.30004156 -0.07228327
v -0.02621296 0.3099972 -0.06717463
v -0.027486682 0.3001517 -0.0772129
v -0.014536068 0.31000412 -0.07055514
v -0.015954375 0.3000347 -0.08039375
v -0.005096793 0.30994904 -0.07193902
v -0.003623411 0.30008286 -0.08195664
v 0.0086869 0.3099972 -0.0716292
v 0.008631825 0.29975927 -0.08171566
v 0.020095274 0.300076 -0.079491824
v 0.022167653 0.31001788 -0.06857916
v 0.034739584 0.30014485 -0.07425237
v 0.035827406 0.3099972 -0.06260302
v 0.04552143 0.30004847 -0.06814541
v 0.04788986 0.3099972 -0.053927965
v 0.055249877 0.30016547 -0.0605513
v 0.057604536 0.3099972 -0.043476596
v 0.06627958 0.30009663 -0.048454426
v 0.0648062 0.3099628 -0.03166201
v 0.07461038 0.2999934 -0.034340255
v 0.07003877 0.31000412 -0.017699309
v 0.079622634 0.29997957 -0.02000577
v 0.08187401 0.30012417 -0.0047624707
v 0.071794435 0.31003165 -0.0049827844
vn -0.6392107 -0.36470312 -0.6770534
vn -0.6392107 -0.36470312 -0.6770534
vn -0.6392107 -0.36470312 -0.6770534
vn 0.7882293 -0.011764646 -0.6152692
vn 0.7882293 -0.011764646 -0.6152692
vn 0.7882293 -0.011764646 -0.6152692
vn 0.80391544 -0.019607723 -0.5944203
vn 0.7882293 -0.0039215684 -0.61536914
vn 0.89803237 -0.07450926 -0.4335738
vn 0.94509083 -0.1294108 -0.30009356
vn 0.96862006 -0.11372465 -0.22100192
vn -0.003921509 0.50587845 0.86259586
vn -0.003921509 0.50587845 0.86259586
vn -0.003921509 0.50587845 0.86259586
vn -0.51372147 0.6313677 0.5809174
vn -0.51372147 0.6313677 0.5809174
vn -0.51372147 0.6313677 0.5809174
vn 0.28627235 -0.035293877 0.957498
vn 0.28627235 -0.035293877 0.957498
vn 0.28627235 -0.035293877 0.957498
vn -0.85097384 -0.19215542 0.48879424
vn -0.85097384 -0.19215542 0.48879424
vn -0.85097384 -0.19215542 0.48879424
vn 0.59215236 0.7725431 0.22920033
vn 0.59215236 0.7725431 0.22920033
vn 0.59215236 0.7725431 0.22920033
vn -0.36470306 -0.8901893 0.27304715
vn -0.36470306 -0.8901893 0.27304715
vn -0.36470306 -0.8901893 0.27304715
vn 0.18431234 -0.97646314 0.11202092
vn 0.18431234 -0.97646314 0.11202092
vn 0.18431234 -0.97646314 0.11202092
vn -0.08235228 0.88234615 0.46333942
vn -0.08235228 0.88234615 0.46333942
vn -0.08235228 0.88234615 0.46333942
vn 0.8196016 -0.0039215684 0.57292044
vn 0.8196016 -0.0039215684 0.57292044
vn 0.8196016 -0.0039215684 0.57292044
vn 0.96862006 0.19215536 -0.15764347
vn 0.96862006 0.19215536 -0.15764347
vn 0.96862006 0.19215536 -0.15764347
vn 0.8196016 -0.49019235 0.2965884
vn 0.8196016 -0.49019235 0.2965884
vn 0.8196016 -0.49019235 0.2965884
vn 0.56078005 0.20784152 -0.8014535
vn 0.56078005 0.20784152 -0.8014535
vn 0.56078005 0.20784152 -0.8014535
vn -0.19999838 0.1450969 -0.968993
vn -0.19999838 0.1450969 -0.968993
vn -0.19999838 0.1450969 -0.968993
vn 0.13703488 0.9905662 -0
vn 0.13703488 0.9905662 -0
vn 0.13703488 0.9905662 -0
vn -0.13703476 -0.99056625 -0
vn -0.13703476 -0.99056625 -0
vn -0.13703476 -0.99056625 -0
vn -0.466663 0.45882 -0.75611496
vn -0.466663 0.45882 -0.75611496
vn -0.466663 0.45882 -0.75611496
vn 0.83528775 -0.11372465 -0.5379229
vn 0.83528775 -0.11372465 -0.5379229
vn 0.83528775 -0.11372465 -0.5379229
vn -0.76469994 -0.16078311 0.62400544
vn -0.76469994 -0.16078311 0.62400544
vn -0.76469994 -0.16078311 0.62400544
vn -0.62352455 -0.77254313 0.11997593
vn -0.62352455 -0.77254313 0.11997593
vn -0.62352455 -0.77254313 0.11997593
vn -0.23137069 -0.019607723 -0.97266805
vn -0.23137069 -0.019607723 -0.97266805
vn -0.23137069 -0.019607723 -0.97266805
vn 0.6784262 0.30980146 -0.66615385
vn 0.6784262 0.30980146 -0.66615385
vn 0.6784262 0.30980146 -0.66615385
vn -0.12941074 -0.05098003 -0.99027973
vn -0.12941074 -0.05098003 -0.99027973
vn -0.12941074 -0.05098003 -0.99027973
vn -0.56862307 -0.5372508 0.62292004
vn -0.56862307 -0.5372508 0.62292004
vn -0.56862307 -0.5372508 0.62292004
vn -0.59215224 0.19999838 -0.7806128
vn -0.59215224 0.19999838 -0.7806128
vn -0.59215224 0.19999838 -0.7806128
vn 0.6078385 -0.25490004 -0.75203615
vn 0.6078385 -0.25490004 -0.75203615
vn 0.6078385 -0.25490004 -0.75203615
vn -0.5607799 0.4352907 0.70430666
vn -0.5607799 0.4352907 0.70430666
vn -0.5607799 0.4352907 0.70430666
vn 0.05882311 0.262743 0.9630711
vn 0.05882311 0.262743 0.9630711
vn 0.05882311 0.262743 0.9630711
vn -0.12941074 -0.5372508 -0.8334353
vn -0.12941074 -0.5372508 -0.8334353
vn -0.12941074 -0.5372508 -0.8334353
vn -0.27058613 -0.0274508 0.96230435
vn -0.27058613 -0.0274508 0.96230435
vn -0.27058613 -0.0274508 0.96230435
vn 0.5058785 0.21568453 0.83520484
vn 0.5058785 0.21568453 0.83520484
vn 0.5058785 0.21568453 0.83520484
vn -0.64705384 -0.13725388 0.7499885
vn -0.64705384 -0.13725388 0.7499885
vn -0.64705384 -0.13725388 0.7499885
vn 0.7803862 0.6156815 -0.109240994
vn 0.7803862 0.6156815 -0.109240994
vn 0.7803862 0.6156815 -0.109240994
vn -0.7803861 0.5450938 0.30638263
vn -0.7803861 0.5450938 0.30638263
vn -0.7803861 0.5450938 0.30638263
vn -0.6156815 0.1764692 0.76798105
vn -0.6156815 0.1764692 0.76798105
vn -0.6156815 0.1764692 0.76798105
vn 0.07450926 -0.3411739 -0.93704253
vn 0.07450926 -0.3411739 -0.93704253
vn 0.07450926 -0.3411739 -0.93704253
vn -0.6156815 -0.21568465 -0.7579026
vn -0.6156815 -0.21568465 -0.7579026
vn -0.6156815 -0.21568465 -0.7579026
vn 0.2313708 0.93724763 0.26083407
vn 0.2313708 0.93724763 0.26083407
vn 0.2313708 0.93724763 0.26083407
vn -0.043136835 -0.1999985 -0.97884613
vn -0.043136835 -0.1999985 -0.97884613
vn -0.043136835 -0.1999985 -0.97884613
vn 0.615568 -0.78808385 -0
vn 0.615568 -0.78808385 -0
vn 0.615568 -0.78808385 -0
vn -0.5450938 0.51372147 0.6625428
vn -0.5450938 0.51372147 0.6625428
vn -0.5450938 0.51372147 0.6625428
vn -0.7803861 0.23921382 0.577732
vn -0.7803861 0.23921382 0.577732
vn -0.7803861 0.23921382 0.577732
vn -0.27058613 -0.6156816 -0.74008065
vn -0.27058613 -0.6156816 -0.74008065
vn -0.27058613 -0.6156816 -0.74008065
vn -0.76469994 0.11372459 -0.6342718
vn -0.76469994 0.11372459 -0.6342718
vn -0.76469994 0.11372459 -0.6342718
vn -0.08235228 -0.90587544 0.4154609
vn -0.08235228 -0.90587544 0.4154609
vn -0.08235228 -0.90587544 0.4154609
vn 0.59999543 -0.043136954 -0.79883957
vn 0.59999543 -0.043136954 -0.79883957
vn 0.59999543 -0.043136954 -0.79883957
vn -0.27834356 0.9604815 -0
vn -0.27834356 0.9604815 -0
vn -0.27834356 0.9604815 -0
vn 0.73332775 0.67842615 0.044366807
vn 0.73332775 0.67842615 0.044366807
vn 0.73332775 0.67842615 0.044366807
vn -0.79607224 0.56862307 0.20721197
vn -0.79607224 0.56862307 0.20721197
vn -0.79607224 0.56862307 0.20721197
vn -0.45882 0.670583 -0.5829259
vn -0.45882 0.670583 -0.5829259
vn -0.45882 0.670583 -0.5829259
vn 0.960777 0.011764526 -0.27707252
vn 0.960777 0.011764526 -0.27707252
vn 0.960777 0.011764526 -0.27707252
vn -0.16862607 -0.7411708 -0.6497931
vn -0.16862607 -0.7411708 -0.6497931
vn -0.16862607 -0.7411708 -0.6497931
vn 0.77254313 0.5294076 0.3505776
vn 0.77254313 0.5294076 0.3505776
vn 0.77254313 0.5294076 0.3505776
vn -0.10588145 0.1450969 0.98373574
vn -0.10588145 0.1450969 0.98373574
vn -0.10588145 0.1450969 0.98373574
vn 0.9996234 0.027440554 -0
vn 0.9996234 0.027440554 -0
vn 0.9996234 0.027440554 -0
vn -0.53725076 0.074509144 0.840125
vn -0.53725076 0.074509144 0.840125
vn -0.53725076 0.074509144 0.840125
vn 0.5372508 -0.8196016 -0.19903451
vn 0.5372508 -0.8196016 -0.19903451
vn 0.5372508 -0.8196016 -0.19903451
vn 0.17646927 0.08235228 -0.9808551
vn 0.17646927 0.08235228 -0.9808551
vn 0.17646927 0.08235228 -0.9808551
vn -0.25489998 0.098038435 -0.96198463
vn -0.25489998 0.098038435 -0.96198463
vn -0.25489998 0.098038435 -0.96198463
vn -0.8352877 -0.3333308 0.43724713
vn -0.8352877 -0.3333308 0.43724713
vn -0.8352877 -0.3333308 0.43724713
vn 0.3333308 -0.9294047 -0.15842187
vn 0.3333308 -0.9294047 -0.15842187
vn 0.3333308 -0.9294047 -0.15842187
vn 0.87450314 -0.0274508 0.4842424
vn 0.87450314 -0.0274508 0.4842424
vn 0.87450314 -0.0274508 0.4842424
vn 0.79607236 0.16078305 -0.5834532
vn 0.79607236 0.16078305 -0.5834532
vn 0.79607236 0.16078305 -0.5834532
vn -0.6156815 -0.1294108 0.777296
vn -0.6156815 -0.1294108 0.777296
vn -0.6156815 -0.1294108 0.777296
vn 0.960777 -0.09019542 -0.26224485
vn 0.960777 -0.09019542 -0.26224485
vn 0.960777 -0.09019542 -0.26224485
vn -0.24705684 -0.96862006 -0.027167708
vn -0.24705684 -0.96862006 -0.027167708
vn -0.24705684 -0.96862006 -0.027167708
vn -0.8117584 0.5764661 0.09346203
vn -0.8117584 0.5764661 0.09346203
vn -0.8117584 0.5764661 0.09346203
vn 0.16862619 0.9764631 0.13448071
vn 0.16862619 0.9764631 0.13448071
vn 0.16862619 0.9764631 0.13448071
vn -0.9294046 -0.36470312 -0.056556903
vn -0.9294046 -0.36470312 -0.056556903
vn -0.9294046 -0.36470312 -0.056556903
vn 0.5764662 0.8117584 0.09346123
vn 0.5764662 0.8117584 0.09346123
vn 0.5764662 0.8117584 0.09346123
vn 0.9345497 0.3558326 -0
vn 0.9345497 0.3558326 -0
vn 0.9345497 0.3558326 -0
vn -0.2941153 0.9450908 -0.14247671
vn -0.2941153 0.9450908 -0.14247671
vn -0.2941153 0.9450908 -0.14247671
vn -0.30195844 0.19999838 -0.9321061
vn -0.30195844 0.19999838 -0.9321061
vn -0.30195844 0.19999838 -0.9321061
vn 0.8196016 -0.05098003 -0.57066125
vn 0.8196016 -0.05098003 -0.57066125
vn 0.8196016 -0.05098003 -0.57066125
vn -0.99214923 0.019607663 0.123512916
vn -0.99214923 0.019607663 0.123512916
vn -0.99214923 0.019607663 0.123512916
vn 0.93724775 -0.16078311 0.30937913
vn 0.93724775 -0.16078311 0.30937913
vn 0.93724775 -0.16078311 0.30937913
vn -0.9998079 0.019604048 -0
vn -0.9998079 0.019604048 -0
vn -0.9998079 0.019604048 -0
vn 0.9921493 0.035293818 -0.11997554
vn 0.9921493 0.035293818 -0.11997554
vn 0.9921493 0.035293818 -0.11997554
vn 0.8117585 0.05882299 -0.5810232
vn 0.8117585 0.05882299 -0.5810232
vn 0.8117585 0.05882299 -0.5810232
vn 0.83528775 -0.17646927 -0.5207235
vn 0.83528775 -0.17646927 -0.5207235
vn 0.83528775 -0.17646927 -0.5207235
vn -0.96861994 -0.18431234 -0.16674635
vn -0.96861994 -0.18431234 -0.16674635
vn -0.96861994 -0.18431234 -0.16674635
vn 0.0039215684 0.8352877 -0.54979914
vn 0.0039215684 0.8352877 -0.54979914
vn 0.0039215684 0.8352877 -0.54979914
vn -0.85881686 0.45882 -0.22785479
vn -0.85881686 0.45882 -0.22785479
vn -0.85881686 0.45882 -0.22785479
vn 0.6392108 0.7568569 -0.13629805
vn 0.6392108 0.7568569 -0.13629805
vn 0.6392108 0.7568569 -0.13629805
vn 0.42744774 0.8980323 0.10404974
vn 0.42744774 0.8980323 0.10404974
vn 0.42744774 0.8980323 0.10404974
vn 0.7490139 -0.15294003 0.6446608
vn 0.7490139 -0.15294003 0.6446608
vn 0.7490139 -0.15294003 0.6446608
vn -0.05882299 -0.21568465 0.97468966
vn -0.05882299 -0.21568465 0.97468966
vn -0.05882299 -0.21568465 0.97468966
vn 0.70195544 -0.6470539 -0.29762354
vn 0.70195544 -0.6470539 -0.29762354
vn 0.70195544 -0.6470539 -0.29762354
vn 0.70195544 -0.41960466 -0.5754915
vn 0.70195544 -0.41960466 -0.5754915
vn 0.70195544 -0.41960466 -0.5754915
vn 0.10588157 -0.9921493 0.0665497
vn 0.10588157 -0.9921493 0.0665497
vn 0.10588157 -0.9921493 0.0665497
vn 0.0274508 0.4901923 0.87118196
vn 0.0274508 0.4901923 0.87118196
vn 0.0274508 0.4901923 0.87118196
vn -0.5450938 0.066666126 -0.8357203
vn -0.5450938 0.066666126 -0.8357203
vn -0.5450938 0.066666126 -0.8357203
vn 0.16862619 -0.10588157 -0.97997665
vn 0.16862619 -0.10588157 -0.97997665
vn 0.16862619 -0.10588157 -0.97997665
vn -0.96861994 0.019607663 -0.24777192
vn -0.96861994 0.019607663 -0.24777192
vn -0.96861994 0.019607663 -0.24777192
vn -0.6313677 0.1764692 -0.75513804
vn -0.6313677 0.1764692 -0.75513804
vn -0.6313677 0.1764692 -0.75513804
vn 0.8901893 -0.42744774 -0.1576435
vn 0.8901893 -0.42744774 -0.1576435
vn 0.8901893 -0.42744774 -0.1576435
vn 0.043136954 -0.2705862 -0.9617288
vn 0.043136954 -0.2705862 -0.9617288
vn 0.043136954 -0.2705862 -0.9617288
vn -0.7568569 -0.0274508 -0.6530039
vn -0.7568569 -0.0274508 -0.6530039
vn -0.7568569 -0.0274508 -0.6530039
vn -0.019607663 -0.5686231 -0.82236445
vn -0.019607663 -0.5686231 -0.82236445
vn -0.019607663 -0.5686231 -0.82236445
vn -0.074509144 0.96861994 0.23711547
vn -0.074509144 0.96861994 0.23711547
vn -0.074509144 0.96861994 0.23711547
vn 0.9529339 -0.16078311 -0.25703263
vn 0.9529339 -0.16078311 -0.25703263
vn 0.9529339 -0.16078311 -0.25703263
vn 0.4352908 -0.35686004 -0.8265427
vn 0.4352908 -0.35686004 -0.8265427
vn 0.4352908 -0.35686004 -0.8265427
vn -0.7333276 -0.62352467 -0.2710121
vn -0.7333276 -0.62352467 -0.2710121
vn -0.7333276 -0.62352467 -0.2710121
vn 0.07450926 -0.8823462 0.46466497
vn 0.07450926 -0.8823462 0.46466497
vn 0.07450926 -0.8823462 0.46466497
vn 0.41176158 -0.1294108 0.9020561
vn 0.41176158 -0.1294108 0.9020561
vn 0.41176158 -0.1294108 0.9020561
vn -0.8431307 -0.0274508 0.5370075
vn -0.8431307 -0.0274508 0.5370075
vn -0.8431307 -0.0274508 0.5370075
vn -0.8431307 -0.0039215684 0.5376944
vn -0.7333276 0.003921509 0.6798641
vn -0.8352877 0.019607663 0.5494634
vn -0.8117584 -0.011764646 0.5838749
vn -0.62352455 -0.05098003 0.78013986
vn -0.8117584 -0.019607723 0.5836642
vn -0.50587845 -0.066666186 0.86002475
vn -0.3490169 -0.035293877 0.93645155
vn -0.20784152 -0.05098003 0.9768331
vn 0.0274508 -0.011764646 0.9995539
vn -0.30195844 -0.31764466 0.8988454
vn -0.2862723 -0.3019585 0.9093235
vn -0.24705684 -0.41960466 0.87343854
vn 0.11372465 -0.011764646 0.99344265
vn 0.0274508 -0.13725388 0.99015546
vn 0.30980158 -0.0039215684 0.95079315
vn 0.35686004 0.003921509 0.9341496
vn 0.552937 -0.0039215684 0.83321387
vn 0.59999543 0.003921509 0.7999938
vn 0.7882293 -0.011764646 0.6152692
vn 0.73332775 -0.011764646 0.6797735
vn 0.8901893 -0.0039215684 0.455574
vn 0.7490139 -0.11372465 0.65272117
vn 0.9294047 -0.011764646 0.36887467
vn 0.9921493 0.011764526 0.12450453
vn 0.9999924 -0.0039215684 -0
vn 0.9921493 0.003921509 -0.124997616
vn 0.9843062 -0.0039215684 -0.17642535
vn 0.9137185 -0.0039215684 -0.40632877
vn 0.8901893 0.003921509 -0.455574
vn 0.77254313 -0.011764646 -0.6348533
vn 0.69411236 0.011764526 -0.71977055
vn 0.552937 -0.011764646 -0.83314
vn 0.4431339 0.003921509 -0.8964469
vn 0.31764466 -0.011764646 -0.9481368
vn 0.05098003 -0.0039215684 -0.998692
vn 0.1294108 0.003921509 -0.9915833
vn -0.18431222 0.003921509 -0.9828599
vn -0.30195844 -0.019607723 -0.95311946
vn -0.51372147 0.011764526 -0.85787636
vn -0.5607799 -0.019607723 -0.82773274
vn -0.67842615 0.019607663 -0.7344069
vn -0.7725431 -0.043136954 -0.6334954
vn -0.81960154 -0.05882311 -0.5699063
vn -0.7725431 -0.05882311 -0.6322318
vn -0.7725431 -0.07450926 -0.6305756
vn -0.7176415 0.035293818 -0.69551784
vn -0.874503 -0.0039215684 -0.4850042
vn -0.8980323 0.035293818 -0.43851146
vn -0.8901892 0.12941074 -0.436825
vn -0.86666 -0.05882311 -0.49541932
vn -0.88234615 0.035293818 0.46927565
vn -0.88234615 0.035293818 0.46927565
vn -0.88234615 0.035293818 0.46927565
vn -0.6078384 -0.6705831 0.42526552
vn -0.6078384 -0.6705831 0.42526552
vn -0.6078384 -0.6705831 0.42526552
vn -0.6392107 -0.6078385 -0.47110724
vn -0.6392107 -0.6078385 -0.47110724
vn -0.6392107 -0.6078385 -0.47110724
vn -0.93724763 0.27842915 0.20986687
vn -0.93724763 0.27842915 0.20986687
vn -0.93724763 0.27842915 0.20986687
vn -0.098038435 -0.3725462 0.92282057
vn -0.098038435 -0.3725462 0.92282057
vn -0.098038435 -0.3725462 0.92282057
vn -0.1764692 0.23137069 -0.9567268
vn -0.1764692 0.23137069 -0.9567268
vn -0.1764692 0.23137069 -0.9567268
vn 0.6156816 0.16862607 -0.7697411
vn 0.6156816 0.16862607 -0.7697411
vn 0.6156816 0.16862607 -0.7697411
vn -0.7882292 0.45097685 -0.41870585
vn -0.7882292 0.45097685 -0.41870585
vn -0.7882292 0.45097685 -0.41870585
vn 0.4745062 0.5529369 -0.68491215
vn 0.4745062 0.5529369 -0.68491215
vn 0.4745062 0.5529369 -0.68491215
vn 0.77254313 -0.043136954 0.6334953
vn 0.77254313 -0.043136954 0.6334953
vn 0.77254313 -0.043136954 0.6334953
vn -0.34117377 -0.7411708 -0.57815766
vn -0.34117377 -0.7411708 -0.57815766
vn -0.34117377 -0.7411708 -0.57815766
vn 0.87450314 -0.48234928 -0.050827593
vn 0.87450314 -0.48234928 -0.050827593
vn 0.87450314 -0.48234928 -0.050827593
vn -0.15235065 0.9883265 -0
vn -0.15235065 0.9883265 -0
vn -0.15235065 0.9883265 -0
vn 0.15235074 -0.9883265 -0
vn 0.15235074 -0.9883265 -0
vn 0.15235074 -0.9883265 -0
vn -0.066666126 0.4980353 -0.86459035
vn -0.066666126 0.4980353 -0.86459035
vn -0.066666126 0.4980353 -0.86459035
vn -0.670583 0.19999838 -0.7143662
vn -0.670583 0.19999838 -0.7143662
vn -0.670583 0.19999838 -0.7143662
vn -0.12156761 -0.9215616 0.36870795
vn -0.12156761 -0.9215616 0.36870795
vn -0.12156761 -0.9215616 0.36870795
vn 0.12933922 0.9916004 -0
vn 0.12933922 0.9916004 -0
vn 0.12933922 0.9916004 -0
vn -0.12933916 -0.99160045 -0
vn -0.12933916 -0.99160045 -0
vn -0.12933916 -0.99160045 -0
vn 0.9294047 -0.35686004 -0.094116054
vn 0.9294047 -0.35686004 -0.094116054
vn 0.9294047 -0.35686004 -0.094116054
vn 0.11372465 -0.6862693 -0.7184018
vn 0.11372465 -0.6862693 -0.7184018
vn 0.11372465 -0.6862693 -0.7184018
vn -0.066666126 -0.5372508 -0.84078366
vn -0.066666126 -0.5372508 -0.84078366
vn -0.066666126 -0.5372508 -0.84078366
vn -0.86666 -0.08235234 -0.49205545
vn -0.86666 -0.08235234 -0.49205545
vn -0.86666 -0.08235234 -0.49205545
vn -0.16862607 0.9843061 -0.052026592
vn -0.16862607 0.9843061 -0.052026592
vn -0.16862607 0.9843061 -0.052026592
vn -0.019607663 0.074509144 0.9970275
vn -0.019607663 0.074509144 0.9970275
vn -0.019607663 0.074509144 0.9970275
vn -0.5529369 -0.8274447 -0.097959734
vn -0.5529369 -0.8274447 -0.097959734
vn -0.5529369 -0.8274447 -0.097959734
vn 0.8117585 0.035293818 0.5829258
vn 0.8117585 0.035293818 0.5829258
vn 0.8117585 0.035293818 0.5829258
vn 0.5137216 0.4352907 -0.7393322
vn 0.5137216 0.4352907 -0.7393322
vn 0.5137216 0.4352907 -0.7393322
vn -0.11372459 0.67842615 -0.7258131
vn -0.11372459 0.67842615 -0.7258131
vn -0.11372459 0.67842615 -0.7258131
vn 0.066666186 -0.41176158 0.90884984
vn 0.066666186 -0.41176158 0.90884984
vn 0.066666186 -0.41176158 0.90884984
vn -0.5764661 -0.11372465 -0.8091684
vn -0.5764661 -0.11372465 -0.8091684
vn -0.5764661 -0.11372465 -0.8091684
vn -0.8980323 0.050979972 -0.43696567
vn -0.8980323 0.050979972 -0.43696567
vn -0.8980323 0.050979972 -0.43696567
vn 0.16078311 -0.756857 -0.63349533
vn 0.16078311 -0.756857 -0.63349533
vn 0.16078311 -0.756857 -0.63349533
vn 0.79607236 -0.0039215684 -0.6051888
vn 0.79607236 -0.0039215684 -0.6051888
vn 0.79607236 -0.0039215684 -0.6051888
vn -0.4352907 -0.77254313 -0.462276
vn -0.4352907 -0.77254313 -0.462276
vn -0.4352907 -0.77254313 -0.462276
vn -0.21568453 -0.6862693 0.69463277
vn -0.21568453 -0.6862693 0.69463277
vn -0.21568453 -0.6862693 0.69463277
vn -0.39607537 -0.8509739 0.34491697
vn -0.39607537 -0.8509739 0.34491697
vn -0.39607537 -0.8509739 0.34491697
vn 0.79607236 -0.0039215684 0.6051888
vn 0.79607236 -0.0039215684 0.6051888
vn 0.79607236 -0.0039215684 0.6051888
vn -0.33333075 -0.7882293 -0.5172864
vn -0.33333075 -0.7882293 -0.5172864
vn -0.33333075 -0.7882293 -0.5172864
vn -0.41960454 -0.8901893 0.17746857
vn -0.41960454 -0.8901893 0.17746857
vn -0.41960454 -0.8901893 0.17746857
vn -0.74117076 0.670583 -0.03137373
vn -0.74117076 0.670583 -0.03137373
vn -0.74117076 0.670583 -0.03137373
vn -0.050979972 -0.52156466 0.8516874
vn -0.050979972 -0.52156466 0.8516874
vn -0.050979972 -0.52156466 0.8516874
vn 0.41960466 -0.73332775 0.5349415
vn 0.41960466 -0.73332775 0.5349415
vn 0.41960466 -0.73332775 0.5349415
vn -0.5843092 -0.0039215684 0.81152165
vn -0.5843092 -0.0039215684 0.81152165
vn -0.5843092 -0.0039215684 0.81152165
vn 0.6392108 -0.08235234 0.76460946
vn 0.6392108 -0.08235234 0.76460946
vn 0.6392108 -0.08235234 0.76460946
vn 0.960777 -0.09019542 -0.26224485
vn 0.960777 -0.09019542 -0.26224485
vn 0.960777 -0.09019542 -0.26224485
vn 0.42744774 -0.7882293 -0.44269967
vn 0.42744774 -0.7882293 -0.44269967
vn 0.42744774 -0.7882293 -0.44269967
vn -0.19999838 -0.4352908 0.87779415
vn -0.19999838 -0.4352908 0.87779415
vn -0.19999838 -0.4352908 0.87779415
vn 0.6156816 0.074509144 -0.7844645
vn 0.6156816 0.074509144 -0.7844645
vn 0.6156816 0.074509144 -0.7844645
vn -0.13725376 -0.9137185 0.3824655
vn -0.13725376 -0.9137185 0.3824655
vn -0.13725376 -0.9137185 0.3824655
vn -0.3803892 -0.38823235 0.8393925
vn -0.3803892 -0.38823235 0.8393925
vn -0.3803892 -0.38823235 0.8393925
vn -0.6941123 -0.7176416 0.056556903
vn -0.6941123 -0.7176416 0.056556903
vn -0.6941123 -0.7176416 0.056556903
vn -0.8039154 -0.28627235 -0.5213139
vn -0.8039154 -0.28627235 -0.5213139
vn -0.8039154 -0.28627235 -0.5213139
vn 0.45882004 -0.5686231 -0.68275315
vn 0.45882004 -0.5686231 -0.68275315
vn 0.45882004 -0.5686231 -0.68275315
vn 0.05882311 -0.8509739 0.5219035
vn 0.05882311 -0.8509739 0.5219035
vn 0.05882311 -0.8509739 0.5219035
vn 0.098038495 0.050979972 -0.993876
vn 0.098038495 0.050979972 -0.993876
vn 0.098038495 0.050979972 -0.993876
vn 0.83528775 -0.4352908 -0.33588135
vn 0.83528775 -0.4352908 -0.33588135
vn 0.83528775 -0.4352908 -0.33588135
vn -0.51372147 -0.69411236 -0.50428
vn -0.51372147 -0.69411236 -0.50428
vn -0.51372147 -0.69411236 -0.50428
vn -0.35685992 -0.9215616 0.15288955
vn -0.35685992 -0.9215616 0.15288955
vn -0.35685992 -0.9215616 0.15288955
vn 0.6156816 -0.38038927 0.69010156
vn 0.6156816 -0.38038927 0.69010156
vn 0.6156816 -0.38038927 0.69010156
vn -0.019607663 -0.39607543 -0.9180086
vn -0.019607663 -0.39607543 -0.9180086
vn -0.019607663 -0.39607543 -0.9180086
vn -0.24705684 -0.96862006 0.027167708
vn -0.24705684 -0.96862006 0.027167708
vn -0.24705684 -0.96862006 0.027167708
vn -0.4901923 -0.62352467 -0.609039
vn -0.4901923 -0.62352467 -0.609039
vn -0.4901923 -0.62352467 -0.609039
vn 0.66274005 0.011764526 -0.7487571
vn 0.66274005 0.011764526 -0.7487571
vn 0.66274005 0.011764526 -0.7487571
vn 0.63136774 -0.25490004 0.73239386
vn 0.63136774 -0.25490004 0.73239386
vn 0.63136774 -0.25490004 0.73239386
vn 0.16862619 -0.960777 -0.22016531
vn 0.16862619 -0.960777 -0.22016531
vn 0.16862619 -0.960777 -0.22016531
vn -0.7176415 -0.6784262 -0.15725328
vn -0.7176415 -0.6784262 -0.15725328
vn -0.7176415 -0.6784262 -0.15725328
vn -0.9607769 -0.23921388 -0.14030115
vn -0.9607769 -0.23921388 -0.14030115
vn -0.9607769 -0.23921388 -0.14030115
vn 0.62352467 -0.76470006 -0.16263725
vn 0.62352467 -0.76470006 -0.16263725
vn 0.62352467 -0.76470006 -0.16263725
vn -0.12941074 -0.32548773 -0.9366486
vn -0.12941074 -0.32548773 -0.9366486
vn -0.12941074 -0.32548773 -0.9366486
vn -0.88234615 -0.2705862 0.3850304
vn -0.88234615 -0.2705862 0.3850304
vn -0.88234615 -0.2705862 0.3850304
vn 0.76470006 -0.6156816 -0.19018422
vn 0.76470006 -0.6156816 -0.19018422
vn 0.76470006 -0.6156816 -0.19018422
vn -0.05882299 -0.9294047 0.36434427
vn -0.05882299 -0.9294047 0.36434427
vn -0.05882299 -0.9294047 0.36434427
vn -0.20784152 -0.7882293 0.5792206
vn -0.20784152 -0.7882293 0.5792206
vn -0.20784152 -0.7882293 0.5792206
vn 0.42744774 -0.8509739 0.3051751
vn 0.42744774 -0.8509739 0.3051751
vn 0.42744774 -0.8509739 0.3051751
vn -0.7803861 -0.5843093 -0.22266608
vn -0.7803861 -0.5843093 -0.22266608
vn -0.7803861 -0.5843093 -0.22266608
vn 0.756857 -0.59999543 0.25917757
vn 0.756857 -0.59999543 0.25917757
vn 0.756857 -0.59999543 0.25917757
vn 0.13725388 -0.9215616 -0.36316055
vn 0.13725388 -0.9215616 -0.36316055
vn 0.13725388 -0.9215616 -0.36316055
vn -0.23921382 -0.21568465 0.94670844
vn -0.23921382 -0.21568465 0.94670844
vn -0.23921382 -0.21568465 0.94670844
vn -0.5529369 0.050979972 0.8316621
vn -0.5529369 0.050979972 0.8316621
vn -0.5529369 0.050979972 0.8316621
vn -0.21568453 -0.8901893 -0.40130192
vn -0.21568453 -0.8901893 -0.40130192
vn -0.21568453 -0.8901893 -0.40130192
vn -0.08235228 -0.5450939 -0.83432055
vn -0.08235228 -0.5450939 -0.83432055
vn -0.08235228 -0.5450939 -0.83432055
vn 0.08235234 -0.9294047 0.35975686
vn 0.08235234 -0.9294047 0.35975686
vn 0.08235234 -0.9294047 0.35975686
vn -0.074509144 -0.56078005 -0.8246054
vn -0.074509144 -0.56078005 -0.8246054
vn -0.074509144 -0.56078005 -0.8246054
vn -0.22352767 -0.96862006 -0.108676314
vn -0.22352767 -0.96862006 -0.108676314
vn -0.22352767 -0.96862006 -0.108676314
vn 0.1294108 -0.38038927 0.9157275
vn 0.1294108 -0.38038927 0.9157275
vn 0.1294108 -0.38038927 0.9157275
vn -0.77046055 -0.6374877 -0
vn -0.77046055 -0.6374877 -0
vn -0.77046055 -0.6374877 -0
vn -0.8352877 -0.23921388 -0.49504668
vn -0.8352877 -0.23921388 -0.49504668
vn -0.8352877 -0.23921388 -0.49504668
vn -0.68626916 -0.7176416 0.118427835
vn -0.68626916 -0.7176416 0.118427835
vn -0.68626916 -0.7176416 0.118427835
vn -0.13725376 -0.89803237 0.41797045
vn -0.13725376 -0.89803237 0.41797045
vn -0.13725376 -0.89803237 0.41797045
vn -0.8039154 -0.5764662 0.14631063
vn -0.8039154 -0.5764662 0.14631063
vn -0.8039154 -0.5764662 0.14631063
vn -0.22352767 -0.22352773 -0.9487206
vn -0.22352767 -0.22352773 -0.9487206
vn -0.22352767 -0.22352773 -0.9487206
vn 0.27842927 -0.63136774 0.7237761
vn 0.27842927 -0.63136774 0.7237761
vn 0.27842927 -0.63136774 0.7237761
vn 0.13725388 -0.5450939 0.8270635
vn 0.13725388 -0.5450939 0.8270635
vn 0.13725388 -0.5450939 0.8270635
vn 0.043136954 -0.552937 -0.8321057
vn 0.043136954 -0.552937 -0.8321057
vn 0.043136954 -0.552937 -0.8321057
vn -0.5843092 -0.6705831 0.4570569
vn -0.5843092 -0.6705831 0.4570569
vn -0.5843092 -0.6705831 0.4570569
vn -0.9294046 -0.3411739 0.14073884
vn -0.9294046 -0.3411739 0.14073884
vn -0.9294046 -0.3411739 0.14073884
vn 0.8823462 0.12941074 0.45245776
vn 0.8823462 0.12941074 0.45245776
vn 0.8823462 0.12941074 0.45245776
vn -0.9764631 -0.20784158 -0.057634674
vn -0.9764631 -0.20784158 -0.057634674
vn -0.9764631 -0.20784158 -0.057634674
vn 0.26274312 -0.9529339 0.15127146
vn 0.26274312 -0.9529339 0.15127146
vn 0.26274312 -0.9529339 0.15127146
vn -0.11372459 -0.9843062 0.13493712
vn -0.11372459 -0.9843062 0.13493712
vn -0.11372459 -0.9843062 0.13493712
vn 0.10588157 -0.9215616 -0.3735148
vn 0.10588157 -0.9215616 -0.3735148
vn 0.10588157 -0.9215616 -0.3735148
vn 0.63136774 -0.7490139 -0.20088041
vn 0.63136774 -0.7490139 -0.20088041
vn 0.63136774 -0.7490139 -0.20088041
vn 0.9294047 -0.22352773 -0.29367036
vn 0.9294047 -0.22352773 -0.29367036
vn 0.9294047 -0.22352773 -0.29367036
vn 0.7097985 -0.654897 0.2594148
vn 0.7097985 -0.654897 0.2594148
vn 0.7097985 -0.654897 0.2594148
vn -0.4980353 -0.5843093 0.64073664
vn -0.4980353 -0.5843093 0.64073664
vn -0.4980353 -0.5843093 0.64073664
vn 0.6392108 -0.76470006 0.08150715
vn 0.6392108 -0.76470006 0.08150715
vn 0.6392108 -0.76470006 0.08150715
vn 0.21568465 -0.97646314 -0
vn 0.21568465 -0.97646314 -0
vn 0.21568465 -0.97646314 -0
vn -0.6941123 -0.62352467 0.35975707
vn -0.6941123 -0.62352467 0.35975707
vn -0.6941123 -0.62352467 0.35975707
vn -0.85097384 -0.21568465 0.47887745
vn -0.85097384 -0.21568465 0.47887745
vn -0.85097384 -0.21568465 0.47887745
vn -0.12941074 -0.8823462 0.4524578
vn -0.12941074 -0.8823462 0.4524578
vn -0.12941074 -0.8823462 0.4524578
vn 0.5137216 -0.17646927 -0.83961225
vn 0.5137216 -0.17646927 -0.83961225
vn 0.5137216 -0.17646927 -0.83961225
vn -0.24705684 -0.94509083 -0.21393044
vn -0.24705684 -0.94509083 -0.21393044
vn -0.24705684 -0.94509083 -0.21393044
vn -0.23137069 -0.9529339 -0.19591977
vn -0.23137069 -0.9529339 -0.19591977
vn -0.23137069 -0.9529339 -0.19591977
vn 0.3333308 -0.8431308 0.4219253
vn 0.3333308 -0.8431308 0.4219253
vn 0.3333308 -0.8431308 0.4219253
vn -0.19999838 -0.97646314 0.08074894
vn -0.19999838 -0.97646314 0.08074894
vn -0.19999838 -0.97646314 0.08074894
vn 0.1999985 -0.97646314 0.080748565
vn 0.1999985 -0.97646314 0.080748565
vn 0.1999985 -0.97646314 0.080748565
vn 0.32548773 -0.87450314 -0.3595859
vn 0.32548773 -0.87450314 -0.3595859
vn 0.32548773 -0.87450314 -0.3595859
vn 0.31764466 -0.9294047 0.1879063
vn 0.31764466 -0.9294047 0.1879063
vn 0.31764466 -0.9294047 0.1879063
vn -0.9905662 -0.13703488 -0
vn -0.9905662 -0.13703488 -0
vn -0.9905662 -0.13703488 -0
vn 0.18431234 -0.8431308 -0.505133
vn 0.18431234 -0.8431308 -0.505133
vn 0.18431234 -0.8431308 -0.505133
vn -0.41176152 -0.59215236 0.6926818
vn -0.41176152 -0.59215236 0.6926818
vn -0.41176152 -0.59215236 0.6926818
vn -0.7254846 -0.3411739 -0.59772277
vn -0.7254846 -0.3411739 -0.59772277
vn -0.7254846 -0.3411739 -0.59772277
vn -0.81960154 0.5607799 -0.11738481
vn -0.81960154 0.5607799 -0.11738481
vn -0.81960154 0.5607799 -0.11738481
vn -0.38823223 -0.59215236 0.7061383
vn -0.38823223 -0.59215236 0.7061383
vn -0.38823223 -0.59215236 0.7061383
vn -0.003921509 -0.7411708 -0.67130506
vn -0.003921509 -0.7411708 -0.67130506
vn -0.003921509 -0.7411708 -0.67130506
vn 0.62352467 -0.2705862 -0.7334849
vn 0.62352467 -0.2705862 -0.7334849
vn 0.62352467 -0.2705862 -0.7334849
vn 0.26274312 -0.756857 -0.5984427
vn 0.26274312 -0.756857 -0.5984427
vn 0.26274312 -0.756857 -0.5984427
vn 0.9999924 -0.0039215684 -0
vn 0.9999924 -0.0039215684 -0
vn 0.9999924 -0.0039215684 -0
vn 0.3333308 -0.11372465 0.9359259
vn 0.3333308 -0.11372465 0.9359259
vn 0.3333308 -0.11372465 0.9359259
vn -0.066666126 0.10588145 -0.9921415
vn -0.066666126 0.10588145 -0.9921415
vn -0.066666126 0.10588145 -0.9921415
vn 0.45882004 0.74117076 -0.49005106
vn 0.45882004 0.74117076 -0.49005106
vn 0.45882004 0.74117076 -0.49005106
vn -0.7803861 -0.07450926 0.6208429
vn -0.7803861 -0.07450926 0.6208429
vn -0.7803861 -0.07450926 0.6208429
vn -0.6313677 -0.6470539 0.42742965
vn -0.6313677 -0.6470539 0.42742965
vn -0.6313677 -0.6470539 0.42742965
vn -0.8117584 -0.09019542 -0.5769862
vn -0.8117584 -0.09019542 -0.5769862
vn -0.8117584 -0.09019542 -0.5769862
vn 0.8823462 -0.45882004 -0.10463911
vn 0.8823462 -0.45882004 -0.10463911
vn 0.8823462 -0.45882004 -0.10463911
vn 0.5764662 -0.80391544 0.14631012
vn 0.5764662 -0.80391544 0.14631012
vn 0.5764662 -0.80391544 0.14631012
vn -0.81960154 0.56862307 -0.07015082
vn -0.81960154 0.56862307 -0.07015082
vn -0.81960154 0.56862307 -0.07015082
vn 0.99993086 0.011763803 -0
vn 0.99993086 0.011763803 -0
vn 0.99993086 0.011763803 -0
vn 0.48234928 0.7490138 0.4542219
vn 0.48234928 0.7490138 0.4542219
vn 0.48234928 0.7490138 0.4542219
vn 0.45882004 -0.5686231 0.68275315
vn 0.45882004 -0.5686231 0.68275315
vn 0.45882004 -0.5686231 0.68275315
vn 0.9843062 -0.0039215684 -0.17642535
vn 0.9843062 -0.0039215684 -0.17642535
vn 0.9843062 -0.0039215684 -0.17642535
vn 0.20784158 0.5607799 0.80145353
vn 0.20784158 0.5607799 0.80145353
vn 0.20784158 0.5607799 0.80145353
vn 0.4039185 -0.098038495 -0.9095264
vn 0.4039185 -0.098038495 -0.9095264
vn 0.4039185 -0.098038495 -0.9095264
vn -0.9993777 -0.03527219 -0
vn -0.9993777 -0.03527219 -0
vn -0.9993777 -0.03527219 -0
vn 0.6862693 0.011764526 0.7272524
vn 0.6862693 0.011764526 0.7272524
vn 0.6862693 0.011764526 0.7272524
vn 0.9843062 -0.16862619 -0.052023925
vn 0.9843062 -0.16862619 -0.052023925
vn 0.9843062 -0.16862619 -0.052023925
vn 0.69411236 0.011764526 -0.71977055
vn 0.69411236 0.011764526 -0.71977055
vn 0.69411236 0.011764526 -0.71977055
vn -0.5529369 -0.7803862 -0.29198995
vn -0.5529369 -0.7803862 -0.29198995
vn -0.5529369 -0.7803862 -0.29198995
vn -0.6941123 0.02745068 -0.7193432
vn -0.6941123 0.02745068 -0.7193432
vn -0.6941123 0.02745068 -0.7193432
vn 0.5686231 -0.8196016 -0.07014955
vn 0.5686231 -0.8196016 -0.07014955
vn 0.5686231 -0.8196016 -0.07014955
vn 0.8274447 -0.15294003 0.5403191
vn 0.8274447 -0.15294003 0.5403191
vn 0.8274447 -0.15294003 0.5403191
vn -0.56862307 -0.59999543 -0.5627373
vn -0.56862307 -0.59999543 -0.5627373
vn -0.56862307 -0.59999543 -0.5627373
vn 0.6862693 -0.21568465 -0.6946327
vn 0.6862693 -0.21568465 -0.6946327
vn 0.6862693 -0.21568465 -0.6946327
vn -0.3254876 0.670583 0.6666155
vn -0.3254876 0.670583 0.6666155
vn -0.3254876 0.670583 0.6666155
vn 0.07450926 0.12941074 0.9887878
vn 0.07450926 0.12941074 0.9887878
vn 0.07450926 0.12941074 0.9887878
vn 0.73332775 -0.098038495 -0.67276955
vn 0.73332775 -0.098038495 -0.67276955
vn 0.73332775 -0.098038495 -0.67276955
vn 0.16862619 -0.39607543 -0.9026015
vn 0.16862619 -0.39607543 -0.9026015
vn 0.16862619 -0.39607543 -0.9026015
vn 0.4352908 -0.035293877 -0.8995978
vn 0.4352908 -0.035293877 -0.8995978
vn 0.4352908 -0.035293877 -0.8995978
vn 0.5372508 -0.59215236 -0.6005973
vn 0.5372508 -0.59215236 -0.6005973
vn 0.5372508 -0.59215236 -0.6005973
vn -0.62352455 0.45097685 0.6386212
vn -0.62352455 0.45097685 0.6386212
vn -0.62352455 0.45097685 0.6386212
vn 0.7803862 0.30980146 -0.5431578
vn 0.7803862 0.30980146 -0.5431578
vn 0.7803862 0.30980146 -0.5431578
vn 0.6156816 0.7176415 0.3254641
vn 0.6156816 0.7176415 0.3254641
vn 0.6156816 0.7176415 0.3254641
vn 0.3411739 0.16078305 -0.92614746
vn 0.3411739 0.16078305 -0.92614746
vn 0.3411739 0.16078305 -0.92614746
vn -0.8352877 -0.14509696 0.53032196
vn -0.8352877 -0.14509696 0.53032196
vn -0.8352877 -0.14509696 0.53032196
vn -0.5294076 -0.5137216 0.6751427
vn -0.5294076 -0.5137216 0.6751427
vn -0.5294076 -0.5137216 0.6751427
vn -0.23921382 -0.0274508 -0.9705788
vn -0.23921382 -0.0274508 -0.9705788
vn -0.23921382 -0.0274508 -0.9705788
vn -0.6156815 0.44313383 -0.65158933
vn -0.6156815 0.44313383 -0.65158933
vn -0.6156815 0.44313383 -0.65158933
vn 0.62352467 0.45097685 0.6386211
vn 0.62352467 0.45097685 0.6386211
vn 0.62352467 0.45097685 0.6386211
vn 0.9843062 -0.13725388 -0.11091733
vn 0.9843062 -0.13725388 -0.11091733
vn 0.9843062 -0.13725388 -0.11091733
vn -0.003921509 -0.86666006 -0.49888372
vn -0.003921509 -0.86666006 -0.49888372
vn -0.003921509 -0.86666006 -0.49888372
vn -0.6392107 0.41960454 -0.6444701
vn -0.6392107 0.41960454 -0.6444701
vn -0.6392107 0.41960454 -0.6444701
vn 0.62352467 0.45097685 -0.6386211
vn 0.62352467 0.45097685 -0.6386211
vn 0.62352467 0.45097685 -0.6386211
vn 0.5450939 -0.52156466 -0.65638626
vn 0.5450939 -0.52156466 -0.65638626
vn 0.5450939 -0.52156466 -0.65638626
vn 0.62352467 0.44313383 0.6440881
vn 0.62352467 0.44313383 0.6440881
vn 0.62352467 0.44313383 0.6440881
vn -0.6392107 -0.16862619 0.7503165
vn -0.6392107 -0.16862619 0.7503165
vn -0.6392107 -0.16862619 0.7503165
vn -0.5607799 -0.5764662 0.59431696
vn -0.5607799 -0.5764662 0.59431696
vn -0.5607799 -0.5764662 0.59431696
vn 0.94509083 -0.14509696 0.2928313
vn 0.94509083 -0.14509696 0.2928313
vn 0.94509083 -0.14509696 0.2928313
vn 0.9294047 0.36470306 0.056556243
vn 0.9294047 0.36470306 0.056556243
vn 0.9294047 0.36470306 0.056556243
vn 0.5450939 -0.49019235 -0.6801353
vn 0.5450939 -0.49019235 -0.6801353
vn 0.5450939 -0.49019235 -0.6801353
vn 0.1294108 0.8431307 -0.5219037
vn 0.1294108 0.8431307 -0.5219037
vn 0.1294108 0.8431307 -0.5219037
vn 0.48234928 -0.0039215684 -0.8759702
vn 0.48234928 -0.0039215684 -0.8759702
vn 0.48234928 -0.0039215684 -0.8759702
vn 0.6156816 0.44313383 -0.6515893
vn 0.6156816 0.44313383 -0.6515893
vn 0.6156816 0.44313383 -0.6515893
vn 0.36470312 -0.05882311 -0.92926395
vn 0.36470312 -0.05882311 -0.92926395
vn 0.36470312 -0.05882311 -0.92926395
vn -0.6156815 0.44313383 0.65158933
vn -0.6156815 0.44313383 0.65158933
vn -0.6156815 0.44313383 0.65158933
vn -0.003921509 0.70979846 -0.7043939
vn -0.003921509 0.70979846 -0.7043939
vn -0.003921509 0.70979846 -0.7043939
vn -0.019607663 -0.0039215684 0.9998001
vn -0.019607663 -0.0039215684 0.9998001
vn -0.019607663 -0.0039215684 0.9998001
vn -0.53725076 0.5294076 -0.65657383
vn -0.53725076 0.5294076 -0.65657383
vn -0.53725076 0.5294076 -0.65657383
vn 0.019607723 0.70979846 -0.70413184
vn 0.019607723 0.70979846 -0.70413184
vn 0.019607723 0.70979846 -0.70413184
vn 0.13725388 -0.8431308 0.5198959
vn 0.13725388 -0.8431308 0.5198959
vn 0.13725388 -0.8431308 0.5198959
vn 0.9843062 -0.14509696 -0.1004398
vn 0.9843062 -0.14509696 -0.1004398
vn 0.9843062 -0.14509696 -0.1004398
vn 0.46666312 0.6941123 0.5481183
vn 0.46666312 0.6941123 0.5481183
vn 0.46666312 0.6941123 0.5481183
vn 0.019607723 0.7176415 -0.69613665
vn 0.019607723 0.7176415 -0.69613665
vn 0.019607723 0.7176415 -0.69613665
vn -0.16862607 -0.66274005 0.72961694
vn -0.16862607 -0.66274005 0.72961694
vn -0.16862607 -0.66274005 0.72961694
vn -0.9843061 -0.0274508 -0.17432147
vn -0.9843061 -0.0274508 -0.17432147
vn -0.9843061 -0.0274508 -0.17432147
vn -0.68626916 0.15293992 -0.7110865
vn -0.68626916 0.15293992 -0.7110865
vn -0.68626916 0.15293992 -0.7110865
vn -0.64705384 0.4980353 0.577306
vn -0.64705384 0.4980353 0.577306
vn -0.64705384 0.4980353 0.577306
vn -0.64705384 -0.52940774 -0.5486792
vn -0.64705384 -0.52940774 -0.5486792
vn -0.64705384 -0.52940774 -0.5486792
vn 0.654897 -0.52940774 0.5392934
vn 0.654897 -0.52940774 0.5392934
vn 0.654897 -0.52940774 0.5392934
vn 0.4745062 -0.76470006 -0.43597904
vn 0.4745062 -0.76470006 -0.43597904
vn 0.4745062 -0.76470006 -0.43597904
vn 0.62352467 -0.6705831 0.40191454
vn 0.62352467 -0.6705831 0.40191454
vn 0.62352467 -0.6705831 0.40191454
vn -0.9843061 -0.1294108 0.11997651
vn -0.9843061 -0.1294108 0.11997651
vn -0.9843061 -0.1294108 0.11997651
vn -0.074509144 -0.17646927 -0.981482
vn -0.074509144 -0.17646927 -0.981482
vn -0.074509144 -0.17646927 -0.981482
vn 0.4431339 -0.0039215684 0.8964469
vn 0.4431339 0.003921509 0.8964469
vn 0.4431339 -0.0039215684 0.8964469
vn 0.36470312 0.003921509 0.9311156
vn 0.36470312 0.003921509 0.9311156
vn 0.4431339 -0.0039215684 0.8964469
vn 0.5764662 0.003921509 0.81711155
vn 0.5450939 0.003921509 0.83836585
vn 0.66274005 0.003921509 0.74883926
vn 0.6862693 0.003921509 0.727337
vn 0.76470006 0.003921509 0.6443745
vn 0.7490139 0.003921509 0.6625427
vn 0.8274447 0.003921509 0.5615336
vn 0.858817 -0.0039215684 0.51226753
vn 0.8823462 0.003921509 0.4705845
vn 0.89803237 -0.011764646 0.4397721
vn 0.90587544 0.011764526 0.42338073
vn -0.20784152 -0.8509739 -0.4823332
vn -0.20784152 -0.8509739 -0.4823332
vn -0.20784152 -0.8509739 -0.4823332
vn -0.51372147 -0.8196016 -0.2536601
vn -0.51372147 -0.8196016 -0.2536601
vn -0.51372147 -0.8196016 -0.2536601
vn -0.64705384 -0.5372508 0.5410018
vn -0.64705384 -0.5372508 0.5410018
vn -0.64705384 -0.5372508 0.5410018
vn -0.4901923 0.7019553 0.5166916
vn -0.4901923 0.7019553 0.5166916
vn -0.4901923 0.7019553 0.5166916
vn 0.23921388 0.5215646 -0.81899154
vn 0.23921388 0.5215646 -0.81899154
vn 0.23921388 0.5215646 -0.81899154
vn -0.22352767 0.67842615 0.6998381
vn -0.22352767 0.67842615 0.6998381
vn -0.22352767 0.67842615 0.6998381
vn -0.5529369 0.13725376 0.82184076
vn -0.5529369 0.13725376 0.82184076
vn -0.5529369 0.13725376 0.82184076
vn 0.1999985 -0.9294047 0.31017333
vn 0.1999985 -0.9294047 0.31017333
vn 0.1999985 -0.9294047 0.31017333
vn 0.3411739 -0.46666312 0.81598157
vn 0.3411739 -0.46666312 0.81598157
vn 0.3411739 -0.46666312 0.81598157
vn -0.7333276 -0.066666186 -0.67659897
vn -0.7333276 -0.066666186 -0.67659897
vn -0.7333276 -0.066666186 -0.67659897
vn 0.7097985 0.30195844 -0.6364018
vn 0.7097985 0.30195844 -0.6364018
vn 0.7097985 0.30195844 -0.6364018
vn -0.5450938 -0.52940774 0.6500771
vn -0.5450938 -0.52940774 0.6500771
vn -0.5450938 -0.52940774 0.6500771
vn -0.7333276 0.39607537 -0.55258924
vn -0.7333276 0.39607537 -0.55258924
vn -0.7333276 0.39607537 -0.55258924
vn 0.66274005 -0.52940774 -0.5296254
vn 0.66274005 -0.52940774 -0.5296254
vn 0.66274005 -0.52940774 -0.5296254
vn 0.5137216 -0.48234928 0.7095275
vn 0.5137216 -0.48234928 0.7095275
vn 0.5137216 -0.48234928 0.7095275
vn 0.90587544 -0.0274508 -0.42265365
vn 0.90587544 -0.0274508 -0.42265365
vn 0.90587544 -0.0274508 -0.42265365
vn -0.5607799 -0.52940774 -0.63659513
vn -0.5607799 -0.52940774 -0.63659513
vn -0.5607799 -0.52940774 -0.63659513
vn -0.66274 -0.36470312 0.65403926
vn -0.66274 -0.36470312 0.65403926
vn -0.66274 -0.36470312 0.65403926
vn 0.6078385 0.27842915 -0.74364614
vn 0.6078385 0.27842915 -0.74364614
vn 0.6078385 0.27842915 -0.74364614
vn 0.0274508 -0.654897 0.75521946
vn 0.0274508 -0.654897 0.75521946
vn 0.0274508 -0.654897 0.75521946
vn 0.8901893 0.45097685 -0.064675495
vn 0.8901893 0.45097685 -0.064675495
vn 0.8901893 0.45097685 -0.064675495
vn 0.59999543 -0.69411236 0.3977606
vn 0.59999543 -0.69411236 0.3977606
vn 0.59999543 -0.69411236 0.3977606
vn 0.45097697 0.74117076 -0.49727824
vn 0.45097697 0.74117076 -0.49727824
vn 0.45097697 0.74117076 -0.49727824
vn 0.9282063 0.37206572 -0
vn 0.9282063 0.37206572 -0
vn 0.9282063 0.37206572 -0
vn 0.9843062 -0.043136954 0.17111541
vn 0.9843062 -0.043136954 0.17111541
vn 0.9843062 -0.043136954 0.17111541
vn -0.5294076 -0.6862693 0.4987605
vn -0.5294076 -0.6862693 0.4987605
vn -0.5294076 -0.6862693 0.4987605
vn -0.5215646 -0.69411236 -0.49616367
vn -0.5215646 -0.69411236 -0.49616367
vn -0.5215646 -0.69411236 -0.49616367
vn -0.99214923 -0.05098003 0.11419693
vn -0.99214923 -0.05098003 0.11419693
vn -0.99214923 -0.05098003 0.11419693
vn 0.79607236 0.37254608 -0.47694677
vn 0.79607236 0.37254608 -0.47694677
vn 0.79607236 0.37254608 -0.47694677
vn 0.79607236 -0.1999985 -0.57119995
vn 0.79607236 -0.1999985 -0.57119995
vn 0.79607236 -0.1999985 -0.57119995
vn 0.5137216 -0.69411236 -0.50427985
vn 0.5137216 -0.69411236 -0.50427985
vn 0.5137216 -0.69411236 -0.50427985
vn 0.9843062 -0.15294003 -0.08803764
vn 0.9843062 -0.15294003 -0.08803764
vn 0.9843062 -0.15294003 -0.08803764
vn 0.3333308 -0.90587544 0.26130486
vn 0.3333308 -0.90587544 0.26130486
vn 0.3333308 -0.90587544 0.26130486
vn 0.21568465 -0.05098003 0.9751314
vn 0.21568465 -0.05098003 0.9751314
vn 0.21568465 -0.05098003 0.9751314
vn 0.9294047 0.066666126 0.36299112
vn 0.9294047 0.066666126 0.36299112
vn 0.9294047 0.066666126 0.36299112
vn 0.7411708 0.51372147 0.43215284
vn 0.7411708 0.51372147 0.43215284
vn 0.7411708 0.51372147 0.43215284
vn -0.466663 -0.38823235 0.7946705
vn -0.466663 -0.38823235 0.7946705
vn -0.466663 -0.38823235 0.7946705
vn 0.79607236 0.23137069 0.5592284
vn 0.79607236 0.23137069 0.5592284
vn 0.79607236 0.23137069 0.5592284
vn -0.6078384 -0.7882293 0.09605778
vn -0.6078384 -0.7882293 0.09605778
vn -0.6078384 -0.7882293 0.09605778
vn -0.8352877 -0.46666312 0.2907233
vn -0.8352877 -0.46666312 0.2907233
vn -0.8352877 -0.46666312 0.2907233
vn 0.39486277 -0.9187401 -0
vn 0.39486277 -0.9187401 -0
vn 0.39486277 -0.9187401 -0
vn 0.94509083 -0.31764466 0.07684513
vn 0.94509083 -0.31764466 0.07684513
vn 0.94509083 -0.31764466 0.07684513
vn -0.62352455 0.35685992 -0.6956063
vn -0.62352455 0.35685992 -0.6956063
vn -0.62352455 0.35685992 -0.6956063
vn 0.41176158 0.4039184 0.8168857
vn 0.41176158 0.4039184 0.8168857
vn 0.41176158 0.4039184 0.8168857
vn -0.874503 0.3803892 -0.30091277
vn -0.874503 0.3803892 -0.30091277
vn -0.874503 0.3803892 -0.30091277
vn 0.8509739 -0.17646927 -0.49467367
vn 0.8509739 -0.17646927 -0.49467367
vn 0.8509739 -0.17646927 -0.49467367
vn -0.3803892 0.5764661 -0.7231811
vn -0.3803892 0.5764661 -0.7231811
vn -0.3803892 0.5764661 -0.7231811
vn 0.11372465 -0.23921388 -0.9642839
vn 0.11372465 -0.23921388 -0.9642839
vn 0.11372465 -0.23921388 -0.9642839
vn 0.3019585 0.36470306 -0.88080233
vn 0.3019585 0.36470306 -0.88080233
vn 0.3019585 0.36470306 -0.88080233
vn -0.8039154 0.035293818 0.5936956
vn -0.8039154 0.035293818 0.5936956
vn -0.8039154 0.035293818 0.5936956
vn 0.0039215684 0.4039184 -0.91478664
vn 0.0039215684 0.4039184 -0.91478664
vn 0.0039215684 0.4039184 -0.91478664
vn -0.27842915 0.3803892 -0.8819191
vn -0.27842915 0.3803892 -0.8819191
vn -0.27842915 0.3803892 -0.8819191
vn -0.10588145 0.8352877 0.5395217
vn -0.10588145 0.8352877 0.5395217
vn -0.10588145 0.8352877 0.5395217
vn 0.79607236 0.066666126 0.60151845
vn 0.79607236 0.066666126 0.60151845
vn 0.79607236 0.066666126 0.60151845
vn -0.1764692 -0.23921388 -0.95479596
vn -0.1764692 -0.23921388 -0.95479596
vn -0.1764692 -0.23921388 -0.95479596
vn 0.90587544 0.35685992 0.2281242
vn 0.90587544 0.35685992 0.2281242
vn 0.90587544 0.35685992 0.2281242
vn -0.5529369 -0.72548467 0.40979597
vn -0.5529369 -0.72548467 0.40979597
vn -0.5529369 -0.72548467 0.40979597
vn 0.6784262 0.5215646 -0.5174053
vn 0.6784262 0.5215646 -0.5174053
vn 0.6784262 0.5215646 -0.5174053
vn 0.69411236 0.074509144 -0.71600026
vn 0.69411236 0.074509144 -0.71600026
vn 0.69411236 0.074509144 -0.71600026
vn 0.4745062 -0.26274312 -0.84012496
vn 0.4745062 -0.26274312 -0.84012496
vn 0.4745062 -0.26274312 -0.84012496
vn 0.6784262 0.36470306 0.63775355
vn 0.6784262 0.36470306 0.63775355
vn 0.6784262 0.36470306 0.63775355
vn 0.05882311 -0.97646314 -0.20750804
vn 0.05882311 -0.97646314 -0.20750804
vn 0.05882311 -0.97646314 -0.20750804
vn 0.551987 -0.8338527 -0
vn 0.551987 -0.8338527 -0
vn 0.551987 -0.8338527 -0
vn 0.4431339 -0.0274508 -0.8960351
vn 0.4431339 -0.0274508 -0.8960351
vn 0.4431339 -0.0274508 -0.8960351
vn -0.88234615 0.3803892 0.2770728
vn -0.88234615 0.3803892 0.2770728
vn -0.88234615 0.3803892 0.2770728
vn -0.96861994 -0.10588157 0.22486547
vn -0.96861994 -0.10588157 0.22486547
vn -0.96861994 -0.10588157 0.22486547
vn 0.27842927 -0.043136954 -0.95948756
vn 0.27842927 -0.043136954 -0.95948756
vn 0.27842927 -0.043136954 -0.95948756
vn 0.25490004 -0.63136774 -0.73239386
vn 0.25490004 -0.63136774 -0.73239386
vn 0.25490004 -0.63136774 -0.73239386
vn -0.670583 0.7254846 0.1548887
vn -0.670583 0.7254846 0.1548887
vn -0.68626916 0.7019553 0.19050816
vn -0.67842615 0.70979846 0.18953648
vn -0.67842615 0.70979846 0.18953648
vn -0.67842615 0.70979846 0.18953648
vn -0.42744768 -0.39607543 -0.81265783
vn -0.42744768 -0.39607543 -0.81265783
vn -0.42744768 -0.39607543 -0.81265783
vn -0.34117377 0.67842615 0.65064466
vn -0.34117377 0.67842615 0.65064466
vn -0.34117377 0.67842615 0.65064466
vn 0.9137185 0.3803892 -0.14290732
vn 0.9137185 0.3803892 -0.14290732
vn 0.9137185 0.3803892 -0.14290732
vn -0.41176152 -0.6784262 -0.60843265
vn -0.41176152 -0.6784262 -0.60843265
vn -0.41176152 -0.6784262 -0.60843265
vn -0.67842615 -0.73332775 -0.04436647
vn -0.67842615 -0.73332775 -0.04436647
vn -0.67842615 -0.73332775 -0.04436647
vn -0.05882299 -0.96862006 0.24148494
vn -0.05882299 -0.96862006 0.24148494
vn -0.05882299 -0.96862006 0.24148494
vn 0.38823235 -0.05882311 -0.91968226
vn 0.38823235 -0.05882311 -0.91968226
vn 0.38823235 -0.05882311 -0.91968226
vn 0.16078311 0.7019553 0.6938354
vn 0.2705862 0.7019553 0.6588185
vn 0.28627235 0.45882 0.84114945
vn 0.39607543 0.5294076 -0.75023454
vn 0.39607543 0.5294076 -0.75023454
vn 0.39607543 0.5294076 -0.75023454
vn -0.13725376 -0.63136774 0.7632406
vn -0.13725376 -0.63136774 0.7632406
vn -0.13725376 -0.63136774 0.7632406
vn -0.4039184 -0.121567726 0.9066814
vn -0.4039184 -0.121567726 0.9066814
vn -0.4039184 -0.121567726 0.9066814
vn 0.52940774 0.45882 -0.7135907
vn 0.52940774 0.45882 -0.7135907
vn 0.52940774 0.45882 -0.7135907
vn -0.003921509 -0.756857 -0.6535688
vn -0.003921509 -0.756857 -0.6535688
vn -0.003921509 -0.756857 -0.6535688
vn 0.38038927 -0.6078385 -0.69701964
vn 0.38038927 -0.6078385 -0.69701964
vn 0.38038927 -0.6078385 -0.69701964
vn -0.5999954 0.39607537 -0.69507545
vn -0.5999954 0.39607537 -0.69507545
vn -0.5999954 0.39607537 -0.69507545
vn -0.59215224 -0.80391544 0.055459164
vn -0.59215224 -0.80391544 0.055459164
vn -0.59215224 -0.80391544 0.055459164
vn -0.050979972 -0.97646314 -0.20957294
vn -0.050979972 -0.97646314 -0.20957294
vn -0.050979972 -0.97646314 -0.20957294
vn -0.39486277 0.9187401 -0
vn -0.39486277 0.9187401 -0
vn -0.39486277 0.9187401 -0
vn -0.39607537 -0.16862619 -0.9026015
vn -0.39607537 -0.16862619 -0.9026015
vn -0.39607537 -0.16862619 -0.9026015
vn -0.88234615 0.37254608 0.2875321
vn -0.88234615 0.37254608 0.2875321
vn -0.88234615 0.37254608 0.2875321
vn -0.011764526 0.5843092 0.81144583
vn -0.011764526 0.5843092 0.81144583
vn -0.011764526 0.5843092 0.81144583
vn -0.96861994 -0.11372465 -0.22100247
vn -0.96861994 -0.11372465 -0.22100247
vn -0.96861994 -0.11372465 -0.22100247
vn 0.63136774 -0.07450926 0.77189577
vn 0.63136774 -0.07450926 0.77189577
vn 0.63136774 -0.07450926 0.77189577
vn -0.6156815 -0.6392108 -0.46080995
vn -0.6156815 -0.6392108 -0.46080995
vn -0.6156815 -0.6392108 -0.46080995
vn 0.69411236 -0.05098003 0.71805924
vn 0.69411236 -0.05098003 0.71805924
vn 0.69411236 -0.05098003 0.71805924
vn 0.0039215684 0.9843061 0.17642602
vn 0.0039215684 0.9843061 0.17642602
vn 0.0039215684 0.9843061 0.17642602
vn 0.5686231 0.7176415 -0.40206775
vn 0.5686231 0.7176415 -0.40206775
vn 0.5686231 0.7176415 -0.40206775
vn 0.59215236 0.27058613 -0.75903803
vn 0.59215236 0.27058613 -0.75903803
vn 0.59215236 0.27058613 -0.75903803
vn 0.70195544 0.3254876 -0.63349533
vn 0.70195544 0.3254876 -0.63349533
vn 0.70195544 0.3254876 -0.63349533
vn -0.08235228 0.85881686 -0.5056201
vn -0.08235228 0.85881686 -0.5056201
vn -0.08235228 0.85881686 -0.5056201
vn 0.17646927 0.2862723 -0.9417573
vn 0.17646927 0.2862723 -0.9417573
vn 0.17646927 0.2862723 -0.9417573
vn -0.670583 0.70979846 -0.21564916
vn -0.670583 0.70979846 -0.21564916
vn -0.670583 0.70979846 -0.21564916
vn -0.8117584 -0.56078005 -0.16301547
vn -0.8117584 -0.56078005 -0.16301547
vn -0.8117584 -0.56078005 -0.16301547
vn 0.7882293 -0.6078385 0.096057005
vn 0.7882293 -0.6078385 0.096057005
vn 0.7882293 -0.6078385 0.096057005
vn -0.011764526 0.5529369 -0.8331401
vn -0.011764526 0.5529369 -0.8331401
vn -0.011764526 0.5529369 -0.8331401
vn -0.066666126 0.4901923 0.86906105
vn -0.066666126 0.4901923 0.86906105
vn -0.066666126 0.4901923 0.86906105
vn -0.37206572 -0.9282063 -0
vn -0.37206572 -0.9282063 -0
vn -0.37206572 -0.9282063 -0
vn 0.4425082 -0.8967644 -0
vn 0.4425082 -0.8967644 -0
vn 0.4425082 -0.8967644 -0
vn -0.19999838 -0.90587544 -0.37335008
vn -0.19999838 -0.90587544 -0.37335008
vn -0.19999838 -0.90587544 -0.37335008
vn 0.07450926 -0.4039185 -0.91175556
vn 0.07450926 -0.4039185 -0.91175556
vn 0.07450926 -0.4039185 -0.91175556
vn 0.17646927 0.96861994 -0.17502567
vn 0.17646927 0.96861994 -0.17502567
vn 0.17646927 0.96861994 -0.17502567
vn 0.6705831 -0.09019542 -0.7363308
vn 0.6705831 -0.09019542 -0.7363308
vn 0.6705831 -0.09019542 -0.7363308
vn 0.70195544 -0.6470539 0.29762354
vn 0.70195544 -0.6470539 0.29762354
vn 0.70195544 -0.6470539 0.29762354
vn 0.34901696 -0.9215616 -0.17003356
vn 0.34901696 -0.9215616 -0.17003356
vn 0.34901696 -0.9215616 -0.17003356
vn -0.3803892 0.15293992 -0.9120929
vn -0.3803892 0.15293992 -0.9120929
vn -0.3803892 0.15293992 -0.9120929
vn -0.12941074 0.466663 -0.87491626
vn -0.12941074 0.466663 -0.87491626
vn -0.12941074 0.466663 -0.87491626
vn -0.39607537 0.7333276 -0.55258924
vn -0.39607537 0.7333276 -0.55258924
vn -0.39607537 0.7333276 -0.55258924
vn -0.5450938 -0.62352467 -0.5604371
vn -0.5450938 -0.62352467 -0.5604371
vn -0.5450938 -0.62352467 -0.5604371
vn 0.7882293 -0.52156466 -0.32659593
vn 0.7882293 -0.52156466 -0.32659593
vn 0.7882293 -0.52156466 -0.32659593
vn -0.39607537 -0.89803237 0.19147366
vn -0.39607537 -0.89803237 0.19147366
vn -0.39607537 -0.89803237 0.19147366
vn 0.6705831 -0.6078385 -0.4252653
vn 0.6705831 -0.6078385 -0.4252653
vn 0.6705831 -0.6078385 -0.4252653
vn -0.9607769 -0.05098003 -0.27259627
vn -0.9607769 -0.05098003 -0.27259627
vn -0.9607769 -0.05098003 -0.27259627
vn -0.8117584 -0.38038927 -0.44311658
vn -0.8117584 -0.38038927 -0.44311658
vn -0.8117584 -0.38038927 -0.44311658
vn -0.59215224 -0.6392108 0.4906784
vn -0.59215224 -0.6392108 0.4906784
vn -0.59215224 -0.6392108 0.4906784
vn -0.30195844 -0.6784262 -0.66974545
vn -0.30195844 -0.6784262 -0.66974545
vn -0.30195844 -0.6784262 -0.66974545
vn 0.6626585 -0.74892175 -0
vn 0.6626585 -0.74892175 -0
vn 0.6626585 -0.74892175 -0
vn 0.4745062 -0.8196016 0.32108733
vn 0.4745062 -0.8196016 0.32108733
vn 0.4745062 -0.8196016 0.32108733
vn 0.89803237 -0.10588157 -0.42699763
vn 0.89803237 -0.10588157 -0.42699763
vn 0.89803237 -0.10588157 -0.42699763
vn -0.99999225 -0.0039215684 -0.00034425134
vn -0.99999225 -0.0039215684 -0.00034425134
vn -0.99999225 -0.0039215684 -0.00034425134
vn -0.2941153 -0.9529339 -0.07357428
vn -0.2941153 -0.9529339 -0.07357428
vn -0.2941153 -0.9529339 -0.07357428
vn -0.003921509 -0.87450314 0.485004
vn -0.003921509 -0.87450314 0.485004
vn -0.003921509 -0.87450314 0.485004
vn -0.47450614 -0.6470539 0.59679574
vn -0.47450614 -0.6470539 0.59679574
vn -0.47450614 -0.6470539 0.59679574
vn -0.66274 -0.66274005 -0.34864214
vn -0.66274 -0.66274005 -0.34864214
vn -0.66274 -0.66274005 -0.34864214
vn -0.6543336 -0.75620604 -0
vn -0.6543336 -0.75620604 -0
vn -0.6543336 -0.75620604 -0
vn -0.45882 -0.83528775 0.3029498
vn -0.45882 -0.83528775 0.3029498
vn -0.45882 -0.83528775 0.3029498
vn -0.25489998 -0.6392108 0.72555876
vn -0.25489998 -0.6392108 0.72555876
vn -0.25489998 -0.6392108 0.72555876
vn -0.53725076 -0.69411236 0.4791343
vn -0.53725076 -0.69411236 0.4791343
vn -0.53725076 -0.69411236 0.4791343
vn 0.45882004 0.82744455 0.32375863
vn 0.45882004 0.82744455 0.32375863
vn 0.45882004 0.82744455 0.32375863
vn -0.66274 -0.6705831 0.33330762
vn -0.66274 -0.6705831 0.33330762
vn -0.66274 -0.6705831 0.33330762
vn 0.2705862 -0.59215236 -0.759038
vn 0.2705862 -0.59215236 -0.759038
vn 0.2705862 -0.59215236 -0.759038
vn 0.5843093 -0.80391544 0.110917255
vn 0.5843093 -0.80391544 0.110917255
vn 0.5843093 -0.80391544 0.110917255
vn -0.24705684 0.9450908 0.21393073
vn -0.24705684 0.9450908 0.21393073
vn -0.24705684 0.9450908 0.21393073
vn 0.0039215684 0.99999225 -0.00034526698
vn 0.0039215684 0.99999225 -0.00034526698
vn 0.0039215684 0.99999225 -0.00034526698
vn -0.79607224 0.5999954 -0.07921206
vn -0.79607224 0.5999954 -0.07921206
vn -0.79607224 0.5999954 -0.07921206
vn 0.9137185 0.3176446 -0.25341737
vn 0.9137185 0.3176446 -0.25341737
vn 0.9137185 0.3176446 -0.25341737
vn -0.02745068 -0.7490139 0.6619854
vn -0.02745068 -0.7490139 0.6619854
vn -0.02745068 -0.7490139 0.6619854
vn -0.7490138 -0.05098003 -0.6605902
vn -0.7490138 -0.05098003 -0.6605902
vn -0.7490138 -0.05098003 -0.6605902
vn 0.7176416 0.45882 -0.52390337
vn 0.7176416 0.45882 -0.52390337
vn 0.7176416 0.45882 -0.52390337
vn -0.08235228 -0.59215236 0.80160695
vn -0.08235228 -0.59215236 0.80160695
vn -0.08235228 -0.59215236 0.80160695
vn -0.4901923 -0.46666312 0.73616374
vn -0.4901923 -0.46666312 0.73616374
vn -0.4901923 -0.46666312 0.73616374
vn -0.043136835 -0.5372508 -0.8423187
vn -0.043136835 -0.5372508 -0.8423187
vn -0.043136835 -0.5372508 -0.8423187
vn 0.59999543 -0.59215236 0.5379229
vn 0.59999543 -0.59215236 0.5379229
vn 0.59999543 -0.59215236 0.5379229
vn -0.22352767 0.08235228 0.9712124
vn -0.22352767 0.08235228 0.9712124
vn -0.22352767 0.08235228 0.9712124
vn -0.66274 0.42744768 -0.61486924
vn -0.66274 0.42744768 -0.61486924
vn -0.66274 0.42744768 -0.61486924
vn 0.8117585 -0.31764466 0.49005103
vn 0.8117585 -0.31764466 0.49005103
vn 0.8117585 -0.31764466 0.49005103
vn -0.551987 0.8338527 -0
vn -0.551987 0.8338527 -0
vn -0.551987 0.8338527 -0
vn -0.5529369 0.51372147 -0.65601146
vn -0.5529369 0.51372147 -0.65601146
vn -0.5529369 0.51372147 -0.65601146
vn -0.5999954 0.4039184 -0.6905473
vn -0.5999954 0.4039184 -0.6905473
vn -0.5999954 0.4039184 -0.6905473
vn -0.41960454 0.3254876 -0.84734285
vn -0.41960454 0.3254876 -0.84734285
vn -0.41960454 0.3254876 -0.84734285
vn -0.27058613 0.8901892 -0.3665329
vn -0.27058613 0.8901892 -0.3665329
vn -0.27058613 0.8901892 -0.3665329
vn 0.62352467 0.7803861 0.047059014
vn 0.62352467 0.7803861 0.047059014
vn 0.62352467 0.7803861 0.047059014
vn 0.18431234 0.85881686 0.4779775
vn 0.18431234 0.85881686 0.4779775
vn 0.18431234 0.85881686 0.4779775
vn -0.21568453 -0.1999985 -0.95576185
vn -0.21568453 -0.1999985 -0.95576185
vn -0.21568453 -0.1999985 -0.95576185
vn 0.019607723 -0.7490139 -0.6622641
vn 0.019607723 -0.7490139 -0.6622641
vn 0.019607723 -0.7490139 -0.6622641
vn 0.80391544 -0.38038927 -0.45719138
vn 0.80391544 -0.38038927 -0.45719138
vn 0.80391544 -0.38038927 -0.45719138
vn 0.3411739 -0.5137216 -0.7872042
vn 0.3411739 -0.5137216 -0.7872042
vn 0.3411739 -0.5137216 -0.7872042
vn 0.2705862 0.85881686 0.43499044
vn 0.2705862 0.85881686 0.43499044
vn 0.2705862 0.85881686 0.43499044
vn 0.5372508 0.5607799 0.62999
vn 0.5372508 0.5607799 0.62999
vn 0.5372508 0.5607799 0.62999
vn -0.56862307 0.79607224 0.20721197
vn -0.56862307 0.79607224 0.20721197
vn -0.56862307 0.79607224 0.20721197
vn 0.011764646 -0.6705831 -0.74174106
vn 0.011764646 -0.6705831 -0.74174106
vn 0.011764646 -0.6705831 -0.74174106
vn -0.011764526 -0.70195544 0.7121237
vn -0.011764526 -0.70195544 0.7121237
vn -0.011764526 -0.70195544 0.7121237
vn 0.5450939 0.37254608 0.7510539
vn 0.5450939 0.37254608 0.7510539
vn 0.5450939 0.37254608 0.7510539
vn 0.8509739 0.043136835 -0.5234335
vn 0.6392108 -0.011764646 -0.7689416
vn 0.66274005 -0.0274508 -0.74834627
vn 0.5372508 -0.019607723 -0.84319454
vn 0.4745062 -0.0039215684 -0.8802434
vn 0.26274312 -0.011764646 -0.9647941
vn 0.23921388 -0.0039215684 -0.970959
vn 0.011764646 -0.0039215684 -0.9999231
vn -0.043136835 0.003921509 -0.99906147
vn -0.23921382 -0.0039215684 -0.970959
vn -0.3254876 0.003921509 -0.94553816
vn -0.466663 -0.0039215684 -0.8844265
vn -0.56862307 0.003921509 -0.82258886
vn -0.67842615 -0.011764646 -0.7345744
vn -0.76469994 0.003921509 -0.6443746
vn -0.85097384 -0.0039215684 -0.5251934
vn -0.8980323 0.003921509 -0.439912
vn -0.9764631 -0.0039215684 -0.21564901
vn -0.9843061 0.003921509 -0.17642602
vn -0.99214923 -0.011764646 0.124505
vn -0.9998079 0.019604048 -0
vn -0.97305727 0.2305637 -0
vn -0.93724763 0.003921509 0.34864238
vn -0.91371846 -0.011764646 0.40617752
vn -0.8039154 0.003921509 0.5947308
vn -0.74117076 -0.0039215684 0.67130506
vn -0.5529369 -0.0039215684 0.8332139
vn -0.5764661 0.003921509 0.8171117
vn -0.3176446 -0.0039215684 0.9482017
vn -0.3254876 -0.0039215684 0.94553816
vn -0.05882299 -0.0039215684 0.99826074
vn -0.050979972 0.003921509 0.998692
vn 0.2313708 -0.011764646 0.9727945
vn 0.2313708 -0.0039215684 0.9728577
vn 0.49803543 -0.011764646 0.8670769
vn 0.5058785 0.003921509 0.8625958
vn 0.70195544 -0.011764646 0.7121237
vn 0.6862693 0.003921509 0.727337
vn 0.80391544 0.003921509 0.5947307
vn 0.83528775 -0.0274508 0.54912734
vn 0.8431308 -0.019607723 0.53735083
vn 0.7490139 -0.05098003 0.66059005
vn 0.72548467 -0.098038495 0.6812198
vn 0.5843093 -0.22352773 0.78013974
vn -0.4352907 -0.77254313 0.462276
vn -0.466663 -0.76470006 0.4443641
vn -0.466663 -0.77254313 0.43058413
vn -0.4039184 -0.7803862 0.47733352
vn -0.51372147 0.050979972 0.8564411
vn -0.5843092 0.16862607 0.7938186
vn -0.64705384 0.066666126 0.75952417
vn -0.5529369 0.074509144 0.829885
vn -0.466663 0.043136835 0.8833826
vn -0.4039184 -0.035293877 0.91411394
vn -0.66274 0.05882299 0.74653566
vn -0.7176415 0.019607663 0.69613665
vn -0.9843061 -0.019607723 0.17537689
vn -0.99214923 -0.0274508 -0.12200965
vn -0.9998079 -0.019604107 -0
vn -0.9843061 -0.0274508 -0.17432147
vn -0.19999838 0.4980353 -0.8437781
vn -0.33333075 0.47450614 -0.81469905
vn -0.3803892 0.466663 -0.7984546
vn -0.466663 0.45097685 -0.76081896
vn -0.21568453 -0.93724775 0.2739468
vn -0.23137069 -0.9215616 0.311756
vn -0.24705684 -0.69411236 0.6761442
vn -0.3176446 -0.79607236 0.5151415
vn -0.22352767 -0.6156816 0.7556266
vn -0.16078305 -0.6156816 0.77141756
vn -0.99214923 -0.07450926 0.10044038
vn -0.9764631 -0.11372465 -0.18326642
vn -0.99214923 -0.08235234 0.09411691
vn -0.9607769 -0.121567726 -0.24925686
vn 0.858817 0.011764526 -0.5121474
vn 0.86666006 -0.0039215684 -0.49888372
vn 0.86666006 0.003921509 -0.49888372
vn 0.87450314 -0.0274508 -0.4842424
vn 0.5764662 0.019607663 0.8168857
vn 0.70195544 -0.05098003 0.71039397
vn 0.7097985 -0.011764646 0.70430654
vn 0.49803543 -0.011764646 0.8670769
vn 0.24705696 0.02745068 0.9686121
vn 0.16862619 -0.019607723 0.985485
vn 0.011764646 0.019607663 0.9997385
vn 0.035293877 0.34117377 0.93933743
vn -0.043136835 -0.066666186 0.99684244
vn 0.6470539 0.0901953 0.7570905
vn 0.7097985 -0.08235234 0.6995743
vn 0.7097985 -0.10588157 0.6964016
vn 0.79607236 -0.019607723 0.6048838
vn 0.76470006 -0.011764646 0.644279
vn 0.80391544 0.011764526 0.59462726
vn 0.7411708 -0.05098003 0.669378
vn 0.79607236 -0.019607723 0.6048838
vn 0.83528775 0.02745068 0.54912734
vn 0.8274447 0.02745068 0.5608759
vn 0.8274447 0.02745068 0.5608759
vn -0.96861994 0.0901953 -0.23160353
vn -0.96861994 0.18431222 -0.16674648
vn -0.9607769 0.24705684 -0.12597862
vn -0.96861994 0.02745068 -0.247026
vn -0.41176152 -0.7411708 0.5302059
vn -0.6392107 -0.5372508 0.55024654
vn -0.5999954 -0.5764662 0.5547002
vn -0.6392107 -0.5372508 0.55024654
vn 0.49803543 0.7882292 0.36146286
vn 0.4431339 0.8431307 0.3045702
vn 0.56078005 0.70979846 0.4262768
vn 0.4352908 0.85097384 0.2938799
vn -0.9450908 -0.0274508 -0.325653
vn -0.8039154 -0.08235234 -0.5890146
vn -0.7882292 -0.17646927 -0.58953655
vn -0.93724763 -0.09019542 -0.3367962
vn -0.9450908 -0.10588157 -0.30918038
vn -0.9607769 0.11372459 -0.25293162
vn -0.9607769 0.098038435 -0.25941503
vn -0.074509144 -0.39607543 0.9151899
vn -0.098038435 -0.38823235 0.9163319
vn -0.23137069 -0.35686004 0.90505165
vn -0.30980146 -0.3333308 0.890457
vn 0.3411739 -0.90587544 0.2509781
vn 0.46666312 -0.7411708 0.4825882
vn 0.552937 -0.7176416 0.42338073
vn 0.38038927 -0.73332775 0.56350195
vn 0.32548773 -0.9137185 0.2432616
vn 0.41176158 -0.6862693 0.59957224
vn 0.3411739 -0.66274005 0.6666153
vn -0.6392107 0.62352455 0.4501409
vn -0.5607799 0.74117076 0.3690417
vn -0.5294076 0.7803861 0.3327538
vn -0.6941123 0.5215646 0.4961638
vn -0.81960154 0.34117377 0.46027577
vn -0.019607663 -0.27842927 -0.9602566
vn 0.066666186 -0.25490004 -0.9646666
vn -0.035293818 -0.27842927 -0.95980805
vn 0.17646927 -0.21568465 -0.96038467
vn -0.8039154 -0.035293877 -0.5936956
vn -0.91371846 -0.05882311 -0.4020677
vn -0.8039154 -0.0274508 -0.59410983
vn -0.88234615 -0.019607723 -0.4701923
vn -0.874503 -0.121567726 -0.4695378
vn -0.96861994 -0.10588157 -0.22486547
vn -0.88234615 -0.08235234 -0.4633394
vn -0.85881686 -0.15294003 -0.48892018
vn 0.858817 0.011764526 -0.5121474
vn 0.87450314 0.003921509 -0.485004
vn 0.89803237 0.02745068 -0.43907216
vn 0.8509739 0.003921509 -0.52519333
vn 0.8274447 0.019607663 -0.56120485
vn 0.756857 0.035293818 -0.65262693
vn -0.9843061 0.035293818 -0.17290421
vn -0.9996234 0.027440555 -0
vn -0.9450908 0.011764526 -0.3265961
vn -0.9990709 0.04309709 -0
vn -0.9843061 0.035293818 0.17290421
vn 0.86666006 -0.38823235 0.3133305
vn 0.77254313 -0.29411542 0.5627372
vn 0.7803862 -0.28627235 0.5559186
vn 0.756857 -0.2705862 0.5949375
vn 0.73332775 -0.3019585 0.60914
vn -0.30980146 -0.28627235 0.9066814
vn -0.4039184 -0.4352908 0.8045942
vn -0.35685992 -0.35686004 0.86330867
vn -0.44313383 -0.49803543 0.7453812
vn -0.8039154 -0.066666186 -0.5909955
vn -0.91371846 -0.0039215684 -0.40632892
vn -0.8431307 -0.043136954 -0.5359756
vn -0.91371846 -0.0039215684 -0.40632892
vn 0.42744774 -0.05882311 0.9021243
vn 0.4431339 -0.05882311 0.89452344
vn 0.31764466 -0.09019542 0.9439103
vn 0.26274312 -0.10588157 0.9590387
vn 0.7803862 0.62352455 0.04705838
vn 0.756857 0.64705384 -0.09213503
vn 0.78808385 0.6155679 -0
vn 0.72548467 0.67842615 -0.115801305
vn -0.64705384 -0.756857 0.09213519
vn -0.64705384 -0.756857 0.09213519
vn -0.65489686 -0.7490139 0.10044065
vn -0.66265845 -0.74892175 -0
vn 0.41176158 -0.90587544 -0.09920704
vn 0.6068687 -0.7948022 -0
vn 0.4352908 -0.89803237 -0.06371649
vn 0.66274005 -0.7411708 0.106964804
vn 0.6156816 -0.73332775 0.2883862
vn 0.62352467 -0.73332775 0.27101192
vn -0.003921509 -0.9999924 -0
vn -0.035272125 -0.9993777 -0
vn -0.011763803 -0.99993086 -0
vn -0.003921509 -0.9999924 -0
vn 0.0039215684 -0.9999924 -0
vn 0.0039215684 -0.9999924 -0
vn 0.0039215684 -0.9999924 -0
vn 0.011763922 -0.99993086 -0
vn 0.043097205 -0.9990709 -0
vn 0.9529339 -0.05882311 0.2974169
vn 0.9529339 -0.07450926 0.2938798
vn 0.960777 -0.17646927 0.21393031
vn 0.9137185 0.05882299 0.40206754
vn -0.96861994 -0.0039215684 0.2485156
vn -0.9215615 -0.05882311 0.38375026
vn -0.9294046 -0.0039215684 0.36904156
vn -0.9764631 -0.043136954 0.21132694
vn -0.99214923 0.019607663 0.123512916
vn -0.85097384 -0.10588157 0.5144245
vn 0.9843062 -0.15294003 -0.08803764
vn 0.96862006 -0.15294003 -0.1959196
vn 0.9843062 -0.16078311 0.07273288
vn 0.97646314 -0.16078311 0.1437656
vn 0.9529339 0.074509144 0.29387984
vn 0.96862006 0.08235228 0.2345064
vn 0.9529339 0.074509144 0.29387984
vn 0.99160045 0.12933916 -0
vn -0.9058753 -0.121567726 0.40572304
vn -0.9215615 -0.09019542 0.37760985
vn -0.93724763 -0.066666186 0.34223166
vn -0.9764631 0.050979972 0.20957318
vn -0.043136835 -0.9843062 0.17111541
vn -0.050979972 -0.9843062 0.16894478
vn -0.098038435 -0.9843062 0.14673014
vn -0.1450969 -0.9843062 0.100439765
vn 0.8274447 -0.0039215684 -0.5615336
vn 0.8196016 -0.0039215684 -0.57292044
vn 0.8196016 -0.0039215684 -0.57292044
vn 0.79607236 -0.035293877 -0.60417145
vn 0.6784262 0.0901953 -0.7291109
vn 0.63136774 0.003921509 -0.77547365
vn 0.6862693 0.08235228 -0.7226705
vn 0.69411236 0.003921509 -0.71985596
vn 0.45882004 0.050979972 -0.88706553
vn 0.38038927 -0.011764646 -0.92475164
vn 0.27842927 0.02745068 -0.96006435
vn 0.30980158 0.2862723 -0.9066814
vn 0.23921388 -0.05882311 -0.96918344
vn 0.8509739 0.05882299 0.5219035
vn 0.8274447 0.003921509 0.5615336
vn 0.8509739 0.05882299 0.5219035
vn 0.858817 0.035293818 0.5110653
vn 0.7882293 -0.09019542 0.6087359
vn 0.7803862 -0.05098003 0.62321615
vn 0.098038495 0.9607769 0.259415
vn 0.0274508 0.9764631 0.21393073
vn 0.05882311 0.96861994 0.24148545
vn 0.019607723 0.9764631 0.21479158
vn -0.68626916 0.47450614 -0.5512518
vn -0.670583 0.4352907 -0.60069996
vn -0.70979846 0.51372147 -0.4819506
vn -0.65489686 0.4039184 -0.63871753
vn -0.6156815 0.043136835 0.7868135
vn -0.65489686 0.050979972 0.7539968
vn -0.64705384 0.050979972 0.7607381
vn -0.5529369 0.02745068 0.8327708
vn 0.6784262 0.6156815 -0.40084177
vn 0.66274005 0.6313677 -0.40267912
vn 0.6705831 0.62352455 -0.40191466
vn 0.6392108 0.64705384 -0.41560906
vn 0.56078005 0.70979846 -0.4262768
vn 0.66274005 0.6313677 -0.40267912
vn 0.70195544 -0.0039215684 0.71221006
vn 0.69411236 -0.0039215684 0.71985596
vn 0.76470006 0.011764526 0.644279
vn 0.77254313 0.019607663 0.63465947
vn 0.08235234 -0.8274447 -0.55547583
vn 0.08235234 -0.8274447 -0.55547583
vn 0.16078311 -0.8509739 -0.49999225
vn 0.066666186 -0.8196016 -0.569042
vn 0.9529339 0.2941153 -0.07357423
vn 0.95836294 0.285553 -0
vn 0.9529339 0.2941153 -0.07357423
vn 0.9529339 0.2941153 -0.07357423
vn -0.4980353 -0.8509739 0.16674608
vn -0.48234916 -0.858817 0.17254767
vn -0.42744768 -0.89803237 0.10405003
vn -0.37206572 -0.9282063 -0
vn -0.9993777 0.03527213 -0
vn -0.99214923 0.02745068 -0.12200968
vn -0.9607769 0.050979972 0.2725963
vn -0.9843061 0.050979972 0.16894545
vn -0.9450908 0.08235228 0.3162618
vn -0.9215615 -0.043136954 0.38582847
vn -0.9058753 -0.08235234 0.41546118
vn 0.48234928 -0.69411236 -0.5343662
vn 0.56078005 -0.654897 -0.5065923
vn 0.6862693 -0.52940774 -0.4987604
vn 0.3019585 -0.72548467 -0.6184602
vn 0.27842927 -0.66274005 -0.69516385
vn 0.09019542 -0.87450314 -0.4765596
vn 0.07450926 -0.8823462 -0.46466497
vn -0.6313677 0.011764526 -0.7753944
vn -0.68626916 0.050979972 -0.7255589
vn -0.5529369 0.19999838 -0.8088643
vn -0.48234916 0.050979972 -0.8744943
vn -0.33333075 0.003921509 -0.94280183
vn -0.22352767 0.043136835 -0.97374254
vn -0.23921382 0.3490169 -0.9060706
vn -0.18431222 -0.035293877 -0.9822338
vn 0.30980158 -0.94509083 -0.10404946
vn 0.30980158 -0.94509083 -0.10404946
vn 0.30980158 -0.94509083 -0.10404946
vn 0.3019585 -0.94509083 -0.12499738
vn 0.3019585 -0.94509083 -0.12499738
vn 0.30980158 -0.94509083 -0.10404946
vn 0.29411542 -0.94509083 -0.14247608
vn 0.30980158 -0.94509083 -0.10404946
vn 0.29411542 -0.94509083 -0.14247608
vn 0.27842927 -0.94509083 -0.17111523
vn 0.26274312 -0.94509083 -0.19434345
vn 0.26274312 -0.94509083 -0.19434345
vn 0.24705696 -0.94509083 -0.21393031
vn 0.25490004 -0.94509083 -0.2045221
vn 0.31764466 -0.94509083 -0.07684498
vn 0.31764466 -0.94509083 -0.07684498
vn 0.31764466 -0.94509083 -0.07684498
vn 0.31764466 -0.94509083 -0.07684498
vn 0.31764466 -0.94509083 0.07684498
vn 0.31764466 -0.94509083 0.07684498
vn 0.30917457 -0.9510053 -0
vn 0.30980158 -0.94509083 0.10404946
vn 0.30980158 -0.94509083 0.10404946
vn 0.30980158 -0.94509083 0.10404946
vn 0.3019585 -0.94509083 0.12499738
vn 0.30980158 -0.94509083 0.10404946
vn 0.3019585 -0.94509083 0.12499738
vn 0.30980158 -0.94509083 0.10404946
vn 0.29411542 -0.94509083 0.14247608
vn 0.30917457 -0.9510053 -0
vn 0.27842927 -0.9529339 0.11997543
vn 0.30917457 -0.9510053 -0
vn 0.26274312 -0.94509083 0.19434345
vn 0.26274312 -0.9529339 0.15127146
vn 0.25490004 -0.94509083 0.2045221
vn 0.25490004 -0.94509083 0.2045221
vn 0.27834368 -0.9604816 -0
vn 0.26274312 -0.960777 -0.08873361
vn 0.27834368 -0.9604816 -0
vn 0.28555307 -0.95836294 -0
vn 0.22352773 -0.960777 0.16414295
vn 0.18431234 -0.93724775 0.29596552
vn 0.0039215684 0.99999225 -0.00034526698
vn 0.0039215684 0.99999225 -0.00034526698
vn 0.0039215684 0.99999225 -0.00034526698
vn 0.0039215684 0.99999225 -0.00034526698
vn 0.0039215684 0.99999225 -0.00034526698
vn -0.003921509 0.99999225 -0.00034526698
vn -0.08207507 0.9966261 -0
vn 0.49803543 -0.6862693 0.5300898
vn 0.49803543 -0.69411236 0.5197776
vn 0.4431339 -0.66274005 0.6036622
vn 0.5137216 -0.70195544 0.49330384
vn 0.5372508 -0.69411236 0.47913417
vn -0.70979846 0.003921509 0.7043939
vn -0.7019553 -0.0039215684 0.71221024
vn -0.7019553 -0.0039215684 0.71221024
vn -0.7176415 0.003921509 0.6964017
vn -0.11372459 -0.9921493 -0.052024297
vn -0.074303746 -0.99723566 -0
vn -0.066518985 -0.9977852 -0
vn -0.05091424 -0.998703 -0
vn -0.066518985 -0.9977852 -0
vn -0.035272125 -0.9993777 -0
vn -0.05872193 -0.9982743 -0
vn -0.043097086 -0.9990709 -0
vn 0.0039215684 -0.9999924 -0
vn -0.035272125 -0.9993777 -0
vn -0.05872193 -0.9982743 -0
vn -0.043097086 -0.9990709 -0
vn -0.027440554 -0.9996234 -0
vn -0.027440554 -0.9996234 -0
vn -0.003921509 -0.9999924 -0
vn -0.011763803 -0.99993086 -0
vn 0.0039215684 -0.9999924 -0
vn 0.019604106 -0.9998079 -0
vn -0.011763803 -0.99993086 -0
vn -0.011763803 -0.99993086 -0
vn 0.011764646 -0.96862006 0.24826749
vn 0.027440673 -0.9996234 -0
vn 0.043097205 -0.9990709 -0
vn 0.1294108 -0.9843062 -0.11997543
vn 0.019604106 -0.9998079 -0
vn 0.0509143 -0.998703 -0
vn 0.043097205 -0.9990709 -0
vn 0.043097205 -0.9990709 -0
vn 0.098038495 -0.97646314 0.1921151
vn 0.1294108 -0.9843062 0.11997543
vn 0.24705696 -0.96862006 0.02716661
vn 0.074303865 -0.99723566 -0
vn 0.2313708 -0.96862006 -0.09078913
vn 0.4039185 -0.8901893 0.21074356
vn 0.49803543 -0.8431308 0.20270936
vn 0.19215542 -0.97646314 0.09795943
vn 0.49019235 -0.86666006 0.092799775
vn 0.4039185 -0.8509739 0.33569816
vn 0.3019585 -0.87450314 0.37955937
vn 0.31764466 -0.8509739 0.41826463
vn 0.52156466 -0.8509739 -0.061755516
vn 0.5764662 -0.79607236 0.18427022
vn 0.5843093 -0.7882293 0.19307326
vn 0.5686231 -0.77254313 0.28256828
vn 0.6156816 -0.756857 0.21932553
vn 0.49019235 -0.8117585 0.31742647
vn 0.6470539 -0.7097985 0.27840135
vn 0.69411236 -0.654897 0.29886115
vn 0.63136774 -0.70195544 0.32959569
vn 0.41960466 -0.8196016 0.39010915
vn 0.3725462 -0.7882293 0.4897999
vn 0.48234928 -0.7803862 0.3979152
vn 0.52940774 -0.76470006 0.3673708
vn 0.45097697 -0.7803862 0.43314794
vn 0.4352908 -0.7411708 0.5110653
vn 0.69411236 -0.6470539 0.3154826
vn 0.7490139 -0.59215236 0.29721
vn 0.6705831 -0.6392108 0.3764675
vn 0.69411236 -0.6078385 0.38566875
vn 0.7411708 -0.59999543 0.30111676
vn 0.62352467 -0.654897 0.42699763
vn 0.7803862 -0.552937 0.29198983
vn 0.6470539 -0.5686231 0.50792617
vn 0.8117585 -0.4745062 0.34042913
vn 0.6862693 -0.5686231 0.45354408
vn 0.8509739 -0.41960466 0.3158724
vn 0.9529339 -0.29411542 0.07357372
vn 0.97646314 -0.17646927 0.12400949
vn 0.8823462 -0.30980158 0.35424307
vn 0.8509739 -0.36470312 0.3779353
vn 0.87450314 -0.20784158 0.4382307
vn 0.8901893 -0.3019585 0.34115115
vn 0.8901893 -0.23921388 0.3877367
vn 0.8196016 -0.32548773 0.4714986
vn 0.8274447 -0.18431234 0.5304378
vn 0.7803862 -0.30980158 0.54315776
vn 0.76470006 -0.36470312 0.531249
vn 0.72548467 -0.41176158 0.5514747
vn 0.76470006 -0.23921388 0.59833986
vn 0.6705831 -0.18431234 0.71857303
vn 0.69411236 -0.4431339 0.5673098
vn 0.6705831 -0.5137216 0.53517133
vn 0.63136774 -0.5450939 0.5515862
vn 0.7176416 -0.34901696 0.60264224
vn 0.70195544 -0.25490004 0.6650447
vn 0.654897 -0.4039185 0.6387173
vn 0.6862693 -0.34901696 0.6381392
vn 0.7411708 -0.14509696 0.6554485
vn 0.6078385 -0.15294003 0.779193
vn 0.5686231 -0.16078311 0.806732
vn 0.46666312 -0.2705862 0.84202653
vn 0.41176158 -0.2313708 0.8814306
vn 0.6705831 -0.56078005 0.48563772
vn 0.86666006 -0.3333308 0.371202
vn 0.63136774 -0.56078005 0.53563094
vn 0.5686231 -0.59999543 0.5627372
vn 0.52156466 -0.6156816 0.59068304
vn 0.49803543 -0.66274005 0.55922836
vn 0.552937 -0.59999543 0.5781576
vn 0.52940774 -0.76470006 0.3673708
vn 0.49019235 -0.5764662 0.653757
vn 0.49019235 -0.62352467 0.60903895
vn 0.48234928 -0.5686231 0.66633844
vn 0.4431339 -0.7097985 0.5475568
vn 0.45097697 -0.52940774 0.71857303
vn 0.4352908 -0.52940774 0.72818226
vn 0.41176158 -0.4352908 0.8006087
vn 0.4431339 -0.49803543 0.7453812
vn 0.3411739 -0.77254313 0.535516
vn 0.2705862 -0.7803862 0.56372017
vn 0.28627235 -0.7490139 0.59751683
vn 0.3725462 -0.5372508 0.7566842
vn 0.45097697 -0.3725462 0.8110666
vn 0.26274312 -0.70195544 0.6619854
vn 0.26274312 -0.83528775 0.48297045
vn 0.16078311 -0.8509739 0.49999225
vn 0.3411739 -0.56078005 0.7544045
vn 0.3019585 -0.59215236 0.7471122
vn 0.3725462 -0.4431339 0.81537825
vn 0.45882004 -0.20784158 0.8638785
vn 0.29411542 -0.59999543 0.7439769
vn 0.3333308 -0.59999543 0.72725236
vn 0.26274312 -0.6392108 0.72275555
vn 0.28627235 -0.69411236 0.6604969
vn 0.09019542 -0.6862693 0.7217335
vn 0.11372465 -0.756857 0.6436103
vn 0.24705696 -0.7490139 0.6147691
vn 0.17646927 -0.80391544 0.56795996
vn 0.05098003 -0.87450314 0.4823332
vn 0.121567726 -0.8901893 0.4390721
vn -0.043136835 -0.858817 0.5104631
vn -0.0901953 -0.87450314 0.4765596
vn -0.043136835 -0.8901893 0.45354408
vn 0.08207512 -0.9966261 -0
vn -0.16078305 -0.8509739 0.49999225
vn -0.19999838 -0.87450314 0.44186527
vn -0.25489998 -0.83528775 0.48715538
vn -0.2862723 -0.87450314 0.39152583
vn -0.1764692 -0.8196016 0.54507965
vn -0.074303746 -0.99723566 -0
vn -0.13703476 -0.99056625 -0
vn -0.24705684 -0.7803862 0.5744217
vn -0.2862723 -0.7490139 0.59751683
vn -0.30195844 -0.77254313 0.558568
vn -0.3176446 -0.8274447 0.4630737
vn -0.4039184 -0.9137185 0.04436647
vn -0.25489998 -0.858817 0.44436404
vn -0.33333075 -0.858817 0.3890039
vn -0.37254608 -0.8823462 0.28753185
vn 0.035272185 -0.9993777 -0
vn -0.074303746 -0.99723566 -0
vn -0.4352907 -0.89803237 0.06371743
vn 0.36470312 -0.9294047 0.05655585
vn -0.6313677 -0.77254313 0.06746812
vn 0.38038927 -0.9215616 -0.07764171
vn 0.32548773 -0.93724775 0.124997616
vn 0.6078385 -0.7411708 0.284953
vn -0.6543336 -0.75620604 -0
vn -0.79607224 -0.552937 0.24602786
vn -0.6941123 -0.63136774 0.34580764
vn -0.8431307 -0.52940774 -0.094117396
vn -0.70979846 -0.52156466 0.4734516
vn -0.7019553 -0.52156466 0.4850042
vn -0.82744455 -0.36470312 0.42699784
vn -0.8431307 -0.34901696 0.40904495
vn -0.9058753 -0.38823235 0.16930902
vn -0.9843061 -0.17646927 -0.00034255895
vn -0.85881686 -0.38823235 0.33422932
vn -0.65489686 -0.6470539 0.3904246
vn -0.6392107 -0.6470539 0.4156091
vn -0.4352907 -0.7803862 0.44890907
vn -0.36470306 -0.80391544 0.46979958
vn -0.9843061 -0.16078311 0.07273452
vn -0.99214923 -0.05882311 0.110361874
vn -0.99993086 0.011763804 -0
vn -0.99993086 0.011763804 -0
vn -0.99993086 -0.011763923 -0
vn -0.99993086 -0.011763923 -0
vn -0.99999225 0.003921509 -0.00034492963
vn 0.8117585 -0.011764646 0.58387476
vn 0.97646314 0.02745068 0.2139304
vn 0.93724775 -0.07450926 0.3406098
vn 0.77254313 -0.098038495 0.627348
vn 0.8509739 -0.31764466 0.41826466
vn 0.49019235 -0.011764646 0.8715349
vn 0.59999543 -0.17646927 0.7802974
vn 0.3411739 -0.16078311 0.92614746
vn 0.49019235 -0.4431339 0.7505623
vn 0.4431339 -0.4745062 0.76057625
vn 0.20784158 0.003921509 0.97815466
vn 0.07450926 -0.10588157 0.9915833
vn 0.05882311 -0.36470312 0.92926395
vn -0.0901953 0.011764526 0.9958546
vn -0.262743 -0.9529339 -0.15127167
vn -0.24705684 -0.9529339 -0.17572682
vn -0.30195844 -0.94509083 -0.124997616
vn -0.12941074 -0.960777 -0.24527629
vn -0.16078305 -0.9529339 0.25703266
vn 0.0039215684 -0.9999924 -0
vn 0.0039215684 -0.9999924 -0
vn 0.0039215684 -0.9999924 -0
vn -0.003921509 -0.9999924 -0
vn -0.003921509 -0.9999924 -0
vn 0.011763922 -0.99993086 -0
vn 0.0039215684 -0.9999924 -0
vn 0.0039215684 -0.9999924 -0
vn -0.05091424 -0.998703 -0
vn 0.0039215684 -0.9999924 -0
vn -0.035272125 -0.9993777 -0
vn 0.16078311 -0.97646314 0.14376566
vn -0.043097086 -0.9990709 -0
vn -0.003921509 -0.9999924 -0
vn -0.3176446 -0.94509083 -0.07684537
vn 0.0039215684 -0.9999924 -0
vn 0.0039215684 -0.9999924 -0
vn 0.0039215684 -0.9999924 -0
vn 0.0039215684 -0.9999924 -0
vn 0.0039215684 -0.9999924 -0
vn 0.0039215684 -0.9999924 -0
vn 0.0039215684 -0.9999924 -0
vn -0.043097086 -0.9990709 -0
vn -0.043097086 -0.9990709 -0
vn 0.72548467 0.003921509 0.6882271
vn 0.6078385 -0.07450926 0.79055727
vn 0.41176158 0.019607663 0.91108066
vn 0.7803862 -0.05098003 0.62321615
vn 0.59215236 -0.35686004 0.7225002
vn 0.90587544 0.003921509 0.42352602
vn 0.9921493 -0.05098003 0.114196405
vn 0.9998079 -0.019604106 -0
vn 0.9843062 -0.10588157 -0.14117497
vn 0.45882004 -0.011764646 0.88845134
vn 0.45097697 -0.0039215684 0.892527
vn 0.3725462 -0.07450926 0.92501765
vn 0.52156466 -0.2705862 0.80916834
vn 0.36470312 -0.18431234 0.9126996
vn 0.29411542 -0.1999985 0.9346105
vn 0.45097697 -0.011764646 0.892458
vn 0.2705862 -0.019607723 0.96249604
vn 0.7490139 -0.035293877 0.6616136
vn 0.8509739 -0.019607723 0.52484185
vn 0.9529339 -0.22352773 0.20482269
vn 0.7882293 -0.14509696 0.59803134
vn 0.97646314 -0.0039215684 0.21564874
vn 0.7803862 -0.552937 0.29198983
vn 0.9998079 -0.019604106 -0
vn 0.79607236 -0.59999543 -0.07921037
vn 0.80391544 -0.5843093 -0.11091712
vn 0.76470006 -0.5843093 -0.27169195
vn 0.96862006 -0.098038495 -0.22839352
vn 0.93724775 -0.10588157 -0.33219835
vn 0.8509739 -0.24705696 -0.463472
vn 0.36470312 -0.70195544 -0.6117599
vn 0.36470312 -0.69411236 -0.62064457
vn 0.3725462 -0.6784262 -0.6332039
vn 0.3333308 -0.76470006 -0.55147475
vn -0.91371846 0.019607663 0.4058745
vn -0.9450908 -0.2313708 0.23080504
vn -0.99214923 0.035293818 0.11997603
vn -0.85097384 -0.098038495 0.5159767
vn -0.6313677 0.019607663 0.7752357
vn -0.64705384 -0.5372508 0.5410018
vn -0.82744455 -0.5372508 0.16339238
vn -0.82744455 -0.56078005 0.029347185
vn -0.5215646 -0.1294108 0.8433405
vn -0.4980353 0.011764526 0.86707693
vn -0.5450938 -0.0039215684 0.8383659
vn -0.33333075 -0.11372465 0.9359259
vn -0.41960454 -0.52940774 0.7373327
vn -0.37254608 -0.8274447 0.42017224
vn -0.39607537 -0.8431308 0.36366835
vn -0.2862723 -0.93724775 0.19903481
vn -0.21568453 -0.960777 0.17432085
vn -0.58420146 -0.8116088 -0
vn -0.5133427 -0.85818374 -0
vn -0.5215646 -0.8509739 0.061755996
vn -0.45097685 -0.8901893 0.064675614
vn 0.66274005 0.011764526 0.7487571
vn 0.6705831 -0.10588157 0.7342393
vn 0.66274005 -0.05882311 0.74653566
vn 0.654897 -0.24705696 0.7141938
vn -0.50587845 -0.6078385 -0.61206156
vn -0.50587845 -0.654897 -0.561424
vn -0.4352907 -0.59215236 -0.6781428
vn -0.5999954 -0.7097985 -0.36904156
vn -0.56862307 -0.80391544 -0.17432085
vn -0.59215224 -0.80391544 -0.055459164
vn 0.79607236 -0.49019235 0.354937
vn 0.8509739 -0.41176158 0.32603043
vn 0.86666006 -0.39607543 0.30335557
vn 0.70195544 -0.5764662 0.4182646
vn 0.39607543 -0.654897 0.6436103
vn 0.46666312 -0.6078385 0.6424624
vn 0.46666312 -0.6078385 0.6424624
vn 0.59215236 -0.5137216 0.62084275
vn 0.4431339 -0.019607723 -0.896241
vn 0.5137216 -0.121567726 -0.8493005
vn 0.5058785 -0.09019542 -0.8578763
vn 0.6705831 -0.26274312 -0.69374657
vn 0.8274447 -0.25490004 -0.50036114
vn -0.99214923 -0.09019542 0.0866296
vn -0.9996234 -0.027440675 -0
vn -0.9990709 0.04309709 -0
vn -0.9058753 -0.3019585 0.2970033
vn -0.874503 -0.3333308 0.352328
vn -0.79607224 -0.49019235 0.35493726
vn 0.56078005 -0.8274447 0.029344646
vn 0.4736329 -0.88072234 -0
vn 0.36470312 -0.9137185 0.1791929
vn 0.28627235 -0.93724775 0.19903466
vn 0.18431234 -0.9294047 0.31974342
vn -0.39607537 -0.756857 0.519896
vn -0.33333075 -0.8431308 0.42192537
vn -0.3490169 -0.858817 0.37499413
vn -0.30195844 -0.9215616 0.24401914
vn -0.34897396 -0.9371325 -0
vn -0.2941153 -0.94509083 -0.14247629
vn -0.4901923 -0.30980158 -0.814699
vn -0.37254608 -0.15294003 -0.9153244
vn -0.5999954 -0.31764466 -0.73423934
vn -0.34117377 -0.15294003 -0.927475
vn -0.27058613 -0.0274508 -0.96230435
vn -0.1764692 -0.7176416 0.6736833
vn -0.16862607 -0.77254313 0.612162
vn -0.16078305 -0.80391544 0.5725983
vn -0.15293992 -0.858817 0.48892006
vn 0.0039215684 -0.0039215684 -0.9999846
vn 0.011764646 -0.17646927 -0.9842358
vn 0.0274508 -0.035293877 -0.9989999
vn 0.13725388 -0.28627235 -0.94826657
vn -0.003921509 -0.6156816 -0.78798527
vn 0.21568465 -0.49803543 -0.83990526
vn 0.27842927 -0.6862693 -0.6719461
vn 0.0039215684 -0.80391544 -0.5947307
vn 0.38038927 -0.6156816 -0.69010156
vn 0.011764646 -0.90587544 -0.42338073
vn 0.45882004 -0.77254313 -0.4389319
vn 0.5137216 -0.8431308 -0.15880968
vn 0.51334274 -0.8581836 -0
vn 0.51334274 -0.8581836 -0
vn 0.51334274 -0.8581836 -0
vn 0.07450926 -0.098038495 -0.99238944
vn -0.003921509 -0.93724775 -0.34864205
vn 0.043136954 -0.858817 -0.5104631
vn 0.0039215684 -0.9999924 -0
vn 0.035272185 -0.9993777 -0
vn 0.0039215684 -0.9921493 0.124997616
vn 0.0274508 0.011764526 -0.9995539
vn 0.05098003 0.019607663 -0.9985072
vn 0.0039215684 -0.0039215684 -0.9999846
vn 0.25490004 -0.011764646 -0.9668959
vn 0.23921388 -0.0039215684 -0.970959
vn 0.0274508 -0.05098003 -0.99832237
vn 0.05098003 -0.019607723 -0.9985072
vn -0.003921509 -0.94509083 0.32678422
vn 0.011764646 -0.858817 0.5121474
vn 0.0039215684 -0.8509739 0.52519333
vn 0.48234928 -0.87450314 -0.050827593
vn 0.5686231 -0.80391544 -0.17432068
vn 0.043136954 -0.66274005 0.7476061
vn 0.3019585 -0.72548467 0.6184602
vn 0.07450926 -0.27842927 0.95756227
vn 0.05098003 -0.2313708 0.971529
vn 0.49019235 -0.56078005 0.66726094
vn 0.5137216 -0.5686231 0.6424624
vn 0.45097697 -0.36470312 0.8146235
vn 0.4352908 -0.36470312 0.82311213
vn 0.5058785 -0.27842927 0.8164337
vn 0.0274508 -0.011764646 0.9995539
vn 0.011764646 -0.011764646 0.9998616
vn 0.011764646 -0.019607723 0.9997385
vn 0.05098003 -0.0039215684 0.998692
vn 0.066666186 0.011764526 0.997706
vn 0.16078311 -0.1999985 0.96651405
vn -0.34117377 -0.9215616 -0.18526928
vn -0.3490169 -0.9215616 -0.17003356
vn -0.34117377 -0.9215616 -0.18526928
vn -0.33333075 -0.9137185 -0.23239854
vn 0.96862006 0.019607663 0.24777144
vn 0.9921493 -0.07450926 0.10043979
vn 0.960777 -0.05098003 0.27259606
vn 0.9215616 -0.28627235 0.26224488
vn 0.8509739 -0.27842927 0.445332
vn 0.86666006 -0.38823235 -0.3133305
vn 0.96862006 -0.121567726 -0.21678662
vn 0.9921493 -0.035293877 -0.119975515
vn 0.6470539 -0.45097697 -0.6147691
vn 0.41176158 -0.5764662 -0.7057897
vn 0.18431234 -0.5686231 -0.80168366
vn 0.066666186 -0.6078385 -0.79125726
vn -0.043136835 -0.56078005 -0.82684034
vn -0.5529369 -0.56078005 0.6162682
vn -0.42744768 -0.62352467 0.6546033
vn -0.5999954 -0.552937 0.57815766
vn -0.6941123 -0.48234928 0.53436625
vn -0.7568569 -0.5372508 0.37219504
vn 0.09019542 -0.93724775 -0.33679587
vn 0.2705862 -0.93724775 -0.21988574
vn 0.4039185 -0.8117585 -0.42177948
vn 0.10588157 -0.97646314 -0.18790646
vn 0.2313708 -0.96862006 -0.09078913
vn -0.38823223 -0.89803237 -0.20691447
vn -0.35685992 -0.8196016 -0.44822338
vn -0.7176415 -0.6078385 -0.33988684
vn -0.7490138 -0.6470539 -0.14247671
vn -0.42673948 -0.9043746 -0
vn -0.3803892 -0.9215616 0.07764209
vn -0.9058753 -0.16862619 -0.3885294
vn -0.91170174 -0.41085276 -0
vn -0.874503 -0.043136954 -0.48309797
vn -0.85881686 -0.27842927 -0.43001246
vn -0.7882292 -0.2705862 -0.55270046
vn -0.874503 -0.26274312 -0.4076892
vn -0.8901892 -0.28627235 -0.35441694
vn -0.9215615 -0.2313708 -0.31175625
vn -0.8352877 -0.41960466 -0.3552836
vn -0.82744455 -0.4431339 -0.34491718
vn -0.79607224 -0.52940774 -0.2932515
vn -0.7803861 -0.552937 -0.29199016
vn -0.7803861 -0.56078005 -0.2766284
vn -0.7490138 -0.59999543 -0.28104064
vn -0.7019553 -0.6392108 -0.3141151
vn -0.7254846 -0.62352467 -0.2913573
vn -0.6941123 -0.654897 -0.29886132
vn -0.7568569 -0.2705862 -0.59493756
vn -0.7803861 -0.2313708 -0.5809174
vn -0.68626916 -0.18431234 -0.70360756
vn -0.67842615 -0.63136774 -0.37564972
vn -0.66274 -0.63136774 -0.40267912
vn -0.6392107 -0.59215236 -0.49067837
vn -0.65489686 -0.6862693 -0.31645632
vn -0.79607224 -0.5843093 -0.15764406
vn -0.79607224 -0.5686231 -0.20721182
vn -0.66274 -0.5764662 -0.47797742
vn -0.6313677 -0.72548467 -0.2739468
vn -0.62352455 -0.7490139 -0.22404316
vn -0.56862307 -0.756857 -0.32223493
vn -0.48234916 -0.8117585 -0.32922244
vn -0.5215646 -0.76470006 -0.37842333
vn -0.5843092 -0.7803862 -0.22266589
vn -0.466663 -0.77254313 -0.43058413
vn -0.6392107 -0.52156466 -0.56513715
vn -0.50587845 -0.5137216 -0.6929481
vn -0.6313677 -0.56078005 -0.53563106
vn -0.7019553 -0.42744774 -0.56969047
vn -0.6313677 -0.5450939 -0.55158633
vn -0.5764661 -0.59999543 -0.5547002
vn -0.70979846 -0.41176158 -0.571523
vn -0.7019553 -0.32548773 -0.6334955
vn -0.59215224 -0.23921388 -0.76950145
vn -0.5843092 -0.15294003 -0.7969894
vn -0.45097685 -0.23921388 -0.85988176
vn -0.48234916 -0.3333308 -0.8100802
vn -0.5294076 -0.6156816 -0.58366406
vn -0.53725076 -0.5764662 -0.6156691
vn -0.48234916 -0.6784262 -0.55414546
vn -0.4980353 -0.5764662 -0.6478021
vn -0.48234916 -0.6705831 -0.56361115
vn -0.44313383 -0.7411708 -0.5042799
vn -0.4901923 -0.59999543 -0.6322317
vn -0.47450614 -0.56078005 -0.6785055
vn -0.44313383 -0.552937 -0.7056154
vn -0.45097685 -0.49803543 -0.7406623
vn -0.4352907 -0.72548467 -0.53309846
vn -0.37254608 -0.7882293 -0.48979995
vn -0.41176152 -0.52940774 -0.7417411
vn -0.33333075 -0.7803862 -0.5290444
vn -0.27058613 -0.7803862 -0.5637202
vn -0.25489998 -0.76470006 -0.5918276
vn -0.41960454 -0.45882004 -0.7832089
vn -0.42744768 -0.8117585 -0.39791536
vn -0.3490169 -0.5686231 -0.74488586
vn -0.3254876 -0.5686231 -0.7554638
vn -0.25489998 -0.6078385 -0.7520361
vn -0.4352907 -0.30980158 -0.84530765
vn -0.4039184 -0.15294003 -0.9019198
vn -0.3254876 -0.1294108 -0.9366486
vn -0.3176446 -0.05882311 -0.94638354
vn -0.2941153 -0.05882311 -0.9539581
vn -0.39607537 -0.3725462 -0.83924586
vn -0.41176152 -0.49019235 -0.76822126
vn -0.56862307 -0.5372508 -0.62292004
vn -0.5529369 -0.6392108 -0.53448135
vn -0.2862723 -0.59215236 -0.7532621
vn -0.27058613 -0.6156816 -0.74008065
vn -0.22352767 -0.654897 -0.721904
vn -0.02745068 -0.5137216 -0.8575177
vn -0.27842915 -0.7097985 -0.6470419
vn -0.19215536 -0.77254313 -0.6051887
vn -0.011764526 -0.8274447 -0.561424
vn -0.25489998 -0.756857 -0.6018252
vn -0.18431222 -0.79607236 -0.5764528
vn -0.12941074 -0.8509739 -0.509015
vn -0.05882299 -0.8509739 -0.5219035
vn -0.24705684 -0.83528775 -0.4911795
vn -0.30980146 -0.83528775 -0.45422179
vn -0.1764692 -0.87450314 -0.45177746
vn -0.27842915 -0.87450314 -0.3971416
vn -0.066666126 -0.87450314 -0.4804164
vn -0.011764526 -0.8509739 -0.5250762
vn 0.05098003 -0.87450314 -0.4823332
vn 0.07450926 -0.87450314 -0.4792626
vn 0.035293877 -0.93724775 -0.34687313
vn 0.16078311 -0.87450314 -0.4575949
vn 0.17646927 -0.8117585 -0.55669266
vn -0.33333075 -0.8509739 -0.40587443
vn -0.4039184 -0.8509739 -0.33569834
vn -0.37254608 -0.8823462 -0.28753185
vn 0.16078311 -0.858817 -0.48639718
vn -0.45097685 -0.858817 -0.24300885
vn -0.45097685 -0.87450314 -0.17850536
vn -0.50587845 -0.83528775 -0.21536331
vn 0.26274312 -0.83528775 -0.48297045
vn 0.25490004 -0.8823462 -0.39558965
vn 0.23921388 -0.79607236 -0.55591863
vn 0.23921388 -0.756857 -0.6082305
vn 0.29411542 -0.77254313 -0.5627372
vn 0.2705862 -0.72548467 -0.6328152
vn 0.28627235 -0.66274005 -0.69197094
vn 0.27842927 -0.63136774 -0.7237761
vn 0.34901696 -0.59215236 -0.7263214
vn 0.3333308 -0.5843093 -0.7399143
vn 0.28627235 -0.5843093 -0.7593621
vn 0.36470312 -0.79607236 -0.48297045
vn 0.38038927 -0.76470006 -0.52013254
vn 0.41176158 -0.756857 -0.5075627
vn 0.4431339 -0.72548467 -0.52659696
vn 0.35686004 -0.5058785 -0.7853266
vn 0.39607543 -0.52940774 -0.7502344
vn 0.32548773 -0.858817 -0.39558965
vn 0.4431339 -0.63136774 -0.6364017
vn 0.6156816 -0.66274005 -0.42627665
vn 0.38823235 -0.6078385 -0.6926817
vn 0.41176158 -0.45882004 -0.7873605
vn 0.38038927 -0.3725462 -0.84647113
vn 0.41960466 -0.8117585 -0.40617737
vn 0.39607543 -0.858817 -0.32489643
vn 0.46666312 -0.5372508 -0.70255756
vn 0.45882004 -0.52156466 -0.71934307
vn 0.5058785 -0.5764662 -0.6416959
vn 0.52940774 -0.6078385 -0.5918275
vn 0.49803543 -0.654897 -0.56839305
vn 0.45882004 -0.49019235 -0.7410773
vn 0.49019235 -0.59215236 -0.63958347
vn 0.4745062 -0.3333308 -0.814699
vn 0.5843093 -0.5450939 -0.60121155
vn 0.45882004 -0.6784262 -0.57377875
vn 0.4431339 -0.26274312 -0.8570872
vn 0.3725462 -0.18431234 -0.9095264
vn 0.52156466 -0.6392108 -0.565137
vn 0.6156816 -0.5686231 -0.54553086
vn 0.63136774 -0.5372508 -0.5592283
vn 0.69411236 -0.4352908 -0.5733497
vn 0.7176416 -0.35686004 -0.59803134
vn 0.6862693 -0.5137216 -0.51490253
vn 0.66274005 -0.5450939 -0.5134669
vn 0.73332775 -0.38038927 -0.56350195
vn 0.7176416 -0.49803543 -0.48677638
vn 0.8274447 -0.28627235 -0.4830978
vn 0.7803862 -0.36470312 -0.50792617
vn 0.858817 -0.31764466 -0.40191454
vn 0.6862693 -0.59215236 -0.4223625
vn 0.86666006 -0.26274312 -0.4241066
vn 0.62352467 -0.6156816 -0.4818228
vn 0.5450939 -0.77254313 -0.32565275
vn 0.69411236 -0.6470539 -0.3154826
vn 0.4745062 -0.8274447 -0.3002985
vn 0.6705831 -0.6470539 -0.36282155
vn 0.6470539 -0.69411236 -0.3154826
vn 0.8823462 -0.3019585 -0.36095184
vn 0.8431308 -0.38038927 -0.38004526
vn 0.8196016 -0.4431339 -0.36316052
vn 0.80391544 -0.4745062 -0.35855797
vn 0.7882293 -0.52940774 -0.31372288
vn 0.77254313 -0.552937 -0.31215027
vn 0.7490139 -0.59999543 -0.2810403
vn 0.756857 -0.5686231 -0.32223484
vn 0.66274005 -0.6705831 -0.33330753
vn 0.86666006 -0.26274312 -0.4241066
vn 0.9137185 -0.24705696 -0.32261637
vn 0.90587544 -0.2705862 -0.32584164
vn 0.80391544 -0.20784158 -0.55724484
vn 0.5843093 -0.76470006 -0.27169198
vn 0.5686231 -0.7490139 -0.34006757
vn 0.49803543 -0.80391544 -0.3250856
vn 0.49803543 -0.76470006 -0.4088943
vn 0.45097697 -0.8509739 -0.26918992
vn 0.5058785 -0.83528775 -0.21536317
vn 0.41176158 -0.89803237 -0.15488794
vn 0.59999543 -0.756857 -0.25917757
vn 0.5058785 -0.7176416 -0.47862038
vn 0.39607543 -0.66274005 -0.6355312
vn 0.48234928 -0.7882293 -0.38214365
vn -0.19215536 -0.7490139 -0.63407767
vn -0.15293992 -0.79607236 -0.58555806
vn -0.15293992 -0.79607236 -0.58555806
vn -0.1450969 -0.80391544 -0.57677275
vn -0.8352877 -0.08235234 0.5436107
vn -0.91371846 -0.09019542 0.39621127
vn -0.9607769 -0.043136954 0.27394688
vn -0.9607769 -0.07450926 0.26712555
vn -0.9843061 -0.019607723 0.17537689
vn 0.70195544 -0.6156816 -0.3580429
vn 0.6470539 -0.62352467 -0.43879178
vn 0.5686231 -0.6705831 -0.4764305
vn 0.38038927 -0.6784262 -0.6285236
vn 0.25490004 -0.70195544 -0.6650448
vn 0.16078311 -0.6078385 -0.77761245
vn 0.09019542 -0.756857 0.64732707
vn 0.11372465 -0.8117585 0.5728131
vn 0.11372465 -0.8196016 0.5615335
vn 0.14509696 -0.86666006 0.47733346
vn 0.9998079 -0.019604106 -0
vn 0.9990709 -0.043097205 -0
vn 0.99993086 0.011763803 -0
vn 0.9843062 -0.17646927 -0
vn 0.99993086 -0.011763922 -0
vn 0.8967644 -0.4425082 -0
vn 0.9843062 -0.121567726 -0.12791626
vn 0.99993086 0.011763803 -0
vn 0.99993086 0.011763803 -0
vn 0.90587544 -0.38823235 -0.1693083
vn 0.6862693 -0.6156816 -0.38726047
vn 0.7097985 -0.70195544 -0.05869107
vn 0.756857 -0.552937 -0.34846556
vn 0.7490139 -0.49803543 -0.43696555
vn 0.5686231 -0.77254313 -0.28256828
vn 0.45882004 -0.8509739 -0.2555926
vn 0.7882293 -0.56078005 -0.2534173
vn 0.615568 -0.78808385 -0
vn 0.6392108 -0.66274005 -0.3901092
vn 0.45882004 -0.756857 -0.46545857
vn 0.11372465 -0.8196016 -0.5615335
vn 0.5372508 -0.8431308 0.022179205
vn 0.25490004 -0.83528775 -0.48715538
vn 0.45097697 -0.8901893 -0.06467469
vn 0.066666186 -0.858817 -0.5079262
vn 0.2617947 -0.9651236 -0
vn 0.29411542 -0.9529339 -0.07357387
vn 0.5843093 -0.76470006 0.27169198
vn 0.043097205 -0.9990709 -0
vn 0.027440673 -0.9996234 -0
vn -0.027440554 -0.9996234 -0
vn -0.05091424 -0.998703 -0
vn -0.24705684 -0.96862006 -0.027167708
vn -0.3176446 -0.94509083 -0.07684537
vn -0.4352907 -0.89803237 -0.06371743
vn -0.57529944 -0.8179429 -0
vn -0.6313677 -0.77254313 -0.06746812
vn -0.74117076 -0.6705831 -0.03137136
vn -0.8117584 -0.52940774 -0.24652739
vn -0.9058753 -0.41960466 -0.05763529
vn -0.9529338 -0.2705862 -0.13674915
vn -0.99723566 -0.07430387 -0
vn -0.9993777 -0.03527219 -0
vn -0.998703 -0.050914306 -0
vn -0.7882292 -0.52156466 -0.3265961
vn -0.27058613 -0.80391544 -0.5296254
vn -0.64705384 -0.654897 -0.39042452
vn -0.44313383 -0.77254313 -0.45476308
vn -0.24705684 -0.83528775 -0.4911795
vn -0.99999225 -0.0039215684 -0.00034425134
vn -0.066666126 -0.8509739 -0.5209598
vn -0.99999225 0.003921509 -0.00034492963
vn -0.99999225 0.003921509 -0.00034492963
vn -0.99993086 -0.011763923 -0
vn -0.99214923 -0.0274508 -0.12200965
vn -0.9764631 -0.20784158 -0.057634674
vn -0.93724763 -0.28627235 -0.19903526
vn -0.8117584 -0.38038927 -0.44311658
vn -0.79607224 -0.4039185 -0.45068705
vn -0.7254846 -0.59215236 -0.350753
vn -0.7176415 -0.59999543 -0.353548
vn -0.65489686 -0.7176416 -0.23685579
vn -0.003921509 -0.858817 -0.51226753
vn 0.08235234 -0.6156816 -0.7836799
vn 0.28627235 -0.59215236 -0.75326204
vn -0.019607663 -0.41176158 -0.91108066
vn -0.5450938 -0.7176416 0.43343198
vn -0.59215224 -0.69411236 0.40934557
vn -0.6313677 -0.6392108 0.4390722
vn -0.50587845 -0.7411708 0.44130808
vn -0.36470306 -0.77254313 0.51977766
vn -0.019607663 -0.7882293 -0.6150692
vn -0.12941074 -0.77254313 -0.6216349
vn -0.011764526 -0.79607236 -0.6050871
vn 0.17646927 -0.80391544 -0.56795996
vn 0.998703 -0.0509143 -0
vn 0.998703 -0.0509143 -0
vn 0.9921493 -0.066666186 -0.105808325
vn 0.9921493 -0.09019542 -0.086628914
vn 0.27842927 -0.8823462 -0.37939727
vn 0.14509696 -0.960777 -0.23633544
vn 0.34901696 -0.86666006 -0.35649338
vn 0.5450939 -0.7176416 -0.43343186
vn 0.6862693 -0.63136774 -0.36112225
vn 0.756857 -0.45882004 -0.4654586
vn 0.756857 -0.41960466 -0.5010983
vn 0.2705862 -0.9294047 0.2509781
vn 0.2313708 -0.9529339 0.19591962
vn 0.24705696 -0.94509083 0.21393031
vn 0.1999985 -0.960777 0.19211493
vn 0.08235234 -0.89803237 -0.4321527
vn 0.07450926 -0.9215616 -0.3810152
vn 0.066666186 -0.9294047 -0.36299112
vn 0.05098003 -0.960777 -0.2725961
vn 0.7490139 -0.0274508 -0.6619854
vn 0.8117585 -0.035293877 -0.5829258
vn 0.94509083 0.003921509 -0.32678422
vn 0.9215616 -0.0274508 -0.38726047
vn 0.960777 0.011764526 -0.27707252
vn -0.12156761 0.011764526 0.9925134
vn -0.12156761 -0.035293877 0.99195546
vn -0.12156761 -0.0274508 0.99220353
vn -0.12941074 -0.16862619 0.97714794
vn 0.0274508 -0.9843062 0.17432085
vn 0.0274508 -0.9921493 0.12200926
vn 0.0274508 -0.9921493 0.12200926
vn 0.019607723 -0.9843062 0.17537625
vn 0.4431339 -0.80391544 0.3966766
vn 0.41176158 -0.80391544 0.42915305
vn 0.41176158 -0.80391544 0.42915305
vn 0.35686004 -0.7882293 0.5013437
vn 0.05882311 -0.011764646 0.9981991
vn -0.019607663 -0.019607723 0.9996155
vn -0.34117377 0.019607663 0.93979573
vn -0.466663 -0.043136954 0.8833826
vn -0.47450614 0.019607663 0.8800338
vn -0.6313677 -0.19215542 0.7512996
vn -0.4980353 -0.34901696 0.7938186
vn -0.5999954 -0.41176158 0.6858994
vn -0.7490138 -0.41960466 0.5127478
vn -0.79607224 -0.38038927 0.4707154
vn 0.45882004 -0.86666006 0.19591962
vn 0.46666312 -0.8823462 0.060751293
vn 0.45882004 -0.86666006 0.19591962
vn 0.45882004 -0.8509739 0.2555926
vn 0.38038927 -0.019607723 0.9246186
vn 0.45097697 -0.14509696 0.8806626
vn 0.36470312 -0.0039215684 0.9311156
vn 0.5372508 -0.2705862 0.79883957
vn 0.5686231 -0.39607543 0.72096604
vn 0.6156816 -0.4352908 0.6568547
vn 0.25490004 -0.9529339 0.16414313
vn 0.32548773 -0.9215616 0.21161754
vn 0.17646927 -0.9843062 -0
vn -0.043097086 -0.9990709 -0
vn -0.10588145 -0.9843062 -0.14117515
vn -0.27058613 -0.9529339 -0.13674839
vn -0.9843061 -0.05882311 0.16637717
vn -0.99214923 -0.0039215684 -0.124998085
vn -0.9764631 0.011764526 -0.21536358
vn -0.96861994 -0.011764646 0.24826796
vn -0.7333276 -0.15294003 0.66244996
vn -0.76469994 -0.011764646 0.6442792
vn -0.7490138 -0.32548773 0.5770928
vn -0.8352877 -0.41960466 0.3552836
vn -0.6392107 -0.18431234 0.7466181
vn -0.6156815 -0.011764646 0.7879073
vn -0.6941123 -0.41176158 0.59047484
vn -0.8901892 -0.41176158 0.19497594
vn -0.91371846 -0.38823235 0.11997593
vn -0.70979846 -0.41960466 0.56578976
vn -0.6313677 -0.5450939 0.55158633
vn -0.74117076 -0.2705862 0.6143688
vn -0.7019553 -0.20784158 0.68122
vn -0.6392107 -0.17646927 0.7485107
vn -0.51372147 -0.1999985 0.83432055
vn -0.7725431 -0.2313708 0.59130764
vn -0.51372147 -0.28627235 0.80878824
vn -0.7725431 -0.3019585 0.55856806
vn -0.44313383 -0.24705696 0.8617397
vn -0.41176152 -0.20784158 0.88727355
vn -0.68626916 -0.49803543 0.5300899
vn -0.82744455 -0.25490004 0.5003613
vn -0.88234615 -0.22352773 0.41412637
vn -0.8901892 -0.27842927 0.36061108
vn -0.9215615 -0.21568465 0.32280728
vn -0.9215615 -0.24705696 0.29947832
vn -0.8980323 -0.31764466 0.3043679
vn -0.6156815 -0.56078005 0.5535901
vn -0.65489686 -0.552937 0.5151416
vn -0.6941123 -0.5686231 0.4414475
vn -0.68626916 -0.63136774 0.3611224
vn -0.5764661 -0.70195544 0.41826472
vn -0.66274 -0.6470539 0.37695748
vn -0.53725076 -0.59999543 0.5927623
vn -0.5215646 -0.6392108 0.5651371
vn -0.5215646 -0.5686231 0.63611174
vn -0.68626916 -0.6470539 0.33219853
vn -0.74117076 -0.6078385 0.28495306
vn -0.4901923 -0.6392108 0.5925547
vn -0.4901923 -0.6705831 0.55680317
vn -0.47450614 -0.5686231 0.67194617
vn -0.45882 -0.52940774 0.7135907
vn -0.45882 -0.70195544 0.54474103
vn -0.4039184 -0.5372508 0.740413
vn -0.41176152 -0.45097697 0.79187894
vn -0.45882 -0.48234928 0.746206
vn -0.4352907 -0.36470312 0.8231122
vn -0.41960454 -0.7411708 0.5240209
vn -0.2862723 -0.62352467 0.7275061
vn -0.3803892 -0.756857 0.53148055
vn -0.37254608 -0.7803862 0.5022019
vn -0.41960454 -0.80391544 0.42148784
vn -0.48234916 -0.76470006 0.4272858
vn -0.4901923 -0.80391544 0.33679587
vn -0.5529369 -0.76470006 0.33089972
vn -0.39607537 -0.8509739 0.34491697
vn -0.4352907 -0.86666006 0.24376705
vn -0.45097685 -0.8823462 0.13448071
vn -0.4980353 -0.83528775 0.23292743
vn -0.5607799 -0.7882293 0.2534176
vn -0.4980353 -0.858817 0.11997593
vn -0.48896065 -0.87230587 -0
vn -0.62352455 -0.72548467 0.29135737
vn -0.6392107 -0.6862693 0.34705064
vn -0.5843092 -0.7882293 0.1930734
vn -0.6313677 -0.7411708 0.2281243
vn -0.5607799 -0.80391544 0.19810563
vn -0.50587845 -0.858817 0.08074894
vn -0.70979846 -0.6392108 0.29596567
vn -0.5133427 -0.85818374 -0
vn -0.48234916 -0.87450314 -0.050828766
vn -0.05091424 -0.998703 -0
vn -0.8039154 -0.5686231 0.17432103
vn -0.76469994 -0.5686231 0.30315307
vn -0.7882292 -0.52940774 0.3137231
vn -0.81960154 -0.45882004 0.34312898
vn -0.81960154 -0.42744774 0.38149935
vn -0.85097384 -0.38823235 0.35372186
vn -0.50587845 -0.8509739 -0.14117515
vn -0.23137069 -0.94509083 -0.23080485
vn -0.56862307 -0.77254313 -0.2825684
vn -0.86666 -0.24705696 0.43343204
vn -0.85097384 -0.20784158 0.48233327
vn -0.88234615 -0.0039215684 0.47058466
vn -0.88234615 -0.0039215684 0.47058466
vn -0.8039154 -0.3411739 0.48715547
vn -0.8039154 -0.34901696 0.48156747
vn -0.7254846 -0.3019585 0.6184603
vn -0.5607799 -0.21568465 0.7993785
vn -0.64705384 -0.6705831 -0.36282176
vn -0.5607799 -0.72548467 -0.39899608
vn -0.6313677 -0.6784262 -0.37564975
vn -0.7333276 -0.59215236 -0.33404514
vn -0.6941123 -0.1294108 -0.70813906
vn -0.6313677 -0.09019542 -0.7702205
vn -0.62352455 -0.019607723 -0.78155786
vn -0.7882292 -0.25490004 -0.5601077
vn -0.8431307 -0.26274312 -0.4691446
vn 0.9215616 0.003921509 -0.38821238
vn 0.96862006 -0.14509696 -0.20179698
vn 0.9999924 0.003921509 -0
vn 0.83528775 -0.10588157 -0.5395215
vn 0.66274005 0.011764526 -0.7487571
vn 0.7411708 -0.4352908 -0.5110653
vn 0.87450314 -0.45097697 -0.17850503
vn 0.52940774 -0.14509696 -0.8358674
vn 0.41960466 -0.42744774 -0.80076236
vn 0.30980158 0.019607663 -0.950599
vn 0.07450926 -0.10588157 -0.9915833
vn -0.019607663 0.011764526 -0.9997385
vn -0.25489998 -0.24705696 -0.9348737
vn -0.27842915 -0.52156466 -0.80650324
vn -0.3254876 -0.6392108 -0.6967549
vn -0.30980146 -0.7411708 -0.59555763
vn -0.35685992 -0.8196016 -0.44822338
vn -0.6459423 -0.76338637 -0
vn -0.6459423 -0.76338637 -0
vn -0.6392107 -0.756857 -0.13629827
vn -0.62352455 -0.7490139 -0.22404316
vn 0.4352908 -0.72548467 0.5330984
vn 0.45097697 -0.77254313 0.4469864
vn 0.31764466 -0.72548467 0.6105521
vn 0.5686231 -0.80391544 0.17432068
vn 0.5429273 -0.8397797 -0
vn 0.5686231 -0.8117585 -0.13310099
vn 0.027440673 -0.9996234 -0
vn 0.027440673 -0.9996234 -0
vn 0.027440673 -0.9996234 -0
vn 0.027440673 -0.9996234 -0
vn 0.027440673 -0.9996234 -0
vn -0.12156761 -0.9294047 -0.34846556
vn -0.12156761 -0.9294047 -0.34846556
vn -0.12156761 -0.9294047 -0.34846556
vn -0.12156761 -0.9294047 -0.34846556
vn 0.9843062 0.003921509 0.17642535
vn 0.9998079 -0.019604106 -0
vn 0.97646314 -0.011764646 0.2153633
vn 0.89803237 0.011764526 0.4397721
vn 0.80391544 -0.011764646 0.59462726
vn 0.7176416 0.003921509 0.6964016
vn 0.5058785 -0.098038495 0.8570154
vn 0.45882004 -0.07450926 0.88539964
vn 0.52156466 -0.21568465 0.82550013
vn 0.48234928 -0.3411739 0.80680823
vn 0.48234928 -0.34901696 0.80344653
vn 0.34901696 -0.098038495 0.93197405
vn 0.24705696 -0.552937 0.7957535
vn 0.23921388 -0.59999543 0.76340175
vn 0.16078311 -0.70195544 0.69383526
vn -0.4039184 -0.043136954 0.9137774
vn -0.37254608 -0.019607723 0.9278065
vn -0.3803892 -0.019607723 0.9246186
vn -0.4039184 -0.035293877 0.91411394
vn -0.4980353 -0.14509696 0.8549314
vn 0.23921388 -0.8823462 0.40526772
vn 0.16078311 -0.89803237 0.40949565
vn 0.15294003 -0.89803237 0.4124891
vn 0.011764646 -0.90587544 0.42338073
vn -0.65489686 -0.7097985 0.25941512
vn -0.65489686 -0.7097985 0.25941512
vn -0.64705384 -0.73332775 0.20869069
vn -0.66274 -0.6862693 0.29968345
vn 0.45097697 -0.8901893 -0.06467469
vn 0.45814413 -0.88887787 -0
vn 0.41176158 -0.90587544 -0.09920704
vn 0.52823925 -0.84909564 -0
vn -0.27842915 -0.9137185 0.2959656
vn -0.08235228 -0.94509083 0.31626165
vn -0.3490169 -0.9215616 0.17003356
vn -0.066666126 -0.9215616 0.3824655
vn 0.11372465 -0.9294047 0.35110343
vn 0.16078311 -0.9529339 0.25703266
vn 0.035293877 -0.011764646 -0.9993077
vn 0.09019542 -0.035293877 -0.9952985
vn 0.16862619 -0.035293877 -0.985048
vn -0.02745068 -0.011764646 -0.9995539
vn -0.066666126 0.011764526 -0.997706
vn -0.5607799 -0.56078005 0.6091401
vn -0.4901923 -0.6392108 0.5925547
vn -0.5764661 -0.5450939 0.6087359
vn -0.62352455 -0.46666312 0.6272501
vn 0.42744774 -0.80391544 0.41353157
vn 0.32548773 -0.8823462 0.33988664
vn 0.31764466 -0.8823462 0.34722763
vn 0.25490004 -0.9215616 0.2928314
vn 0.8274447 -0.52940774 -0.18725061
vn 0.8274447 -0.56078005 -0.02934414
vn 0.83528775 -0.49803543 -0.2329272
vn 0.80140513 -0.5981219 -0
vn 0.7882293 -0.5843093 0.19307318
vn -0.5450938 -0.6470539 -0.53309846
vn -0.5450938 -0.59215236 -0.5934883
vn -0.5450938 -0.59215236 -0.5934883
vn -0.53725076 -0.5137216 -0.6689184
vn -0.9450908 -0.20784158 -0.2522009
vn -0.9058753 -0.34901696 -0.23995219
vn -0.93724763 -0.22352773 -0.26758596
vn -0.9607769 -0.11372465 -0.2529316
vn 0.3411739 -0.80391544 -0.48715532
vn 0.3411739 -0.8431308 -0.41560888
vn 0.3411739 -0.8117585 -0.47397098
vn 0.3333308 -0.756857 -0.5621905
vn 0.552937 -0.49019235 -0.67377454
vn 0.56078005 -0.4745062 -0.6785055
vn 0.5764662 -0.49019235 -0.653757
vn 0.56078005 -0.45882004 -0.68920964
vn 0.6078385 -0.5137216 -0.6054936
vn 0.3411739 -0.4039185 0.8487933
vn 0.29411542 -0.38823235 0.8733681
vn 0.3333308 -0.4039185 0.851904
vn 0.38038927 -0.41176158 0.8281041
vn -0.24705684 -0.6156816 0.7482641
vn -0.20784152 -0.756857 0.6196527
vn -0.3254876 -0.76470006 0.55613995
vn -0.30195844 -0.9137185 0.2719183
vn -0.53725076 -0.8117585 0.2289318
vn -0.466663 -0.8823462 0.060751785
vn -0.3254876 -0.94509083 -0.029344646
vn 0.05882311 -0.96862006 0.24148494
vn 0.16078311 -0.9843062 0.072733015
vn 0.23056379 -0.9730572 -0
vn 0.23921388 -0.96862006 -0.067467675
vn -0.02745068 -0.654897 -0.75521946
vn -0.098038435 -0.7176416 -0.6894773
vn -0.043136835 -0.6705831 -0.7405792
vn 0.0039215684 -0.63136774 -0.77547365
vn 0.7176416 -0.52156466 -0.4614768
vn 0.7490139 -0.59215236 -0.29721
vn 0.756857 -0.5372508 -0.37219498
vn 0.69411236 -0.46666312 -0.54811823
vn 0.59215236 -0.41176158 -0.6926817
vn -0.16078305 0.02745068 -0.98660797
vn -0.12156761 -0.098038495 -0.9877296
vn -0.13725376 0.011764526 -0.99046606
vn -0.05882299 -0.098038495 -0.99344265
vn -0.262743 -0.34901696 -0.8995295
vn -0.3803892 -0.34901696 -0.856441
vn -0.35685992 -0.011764646 0.9340838
vn -0.38823223 -0.0274508 0.92115265
vn -0.20784152 -0.019607723 0.97796595
vn -0.44313383 -0.011764646 0.8963783
vn -0.4039184 -0.035293877 0.91411394
vn 0.16078311 -0.9529339 -0.25703266
vn 0.21568465 -0.9529339 -0.21306595
vn 0.21568465 -0.9529339 -0.21306595
vn 0.25490004 -0.9529339 -0.16414313
vn 0.3019585 -0.756857 0.5796452
vn 0.32548773 -0.6156816 0.71763074
vn 0.46666312 -0.52156466 0.71427995
vn 0.22352773 -0.7490139 0.6237095
vn 0.26274312 -0.8901893 0.372195
vn 0.3333308 -0.90587544 0.26130486
vn 0.39607543 -0.30980158 -0.8643768
vn 0.46666312 -0.32548773 -0.82236445
vn 0.49019235 -0.32548773 -0.80855995
vn 0.5686231 -0.3411739 -0.7485106
vn -0.7803861 -0.39607543 0.48386133
vn -0.8117584 -0.3411739 0.4739712
vn -0.81960154 -0.16862619 0.5475569
vn -0.82744455 -0.09019542 0.55425656
vn -0.8117584 -0.0039215684 0.58398026
vn -0.8117584 -0.0039215684 0.58398026
vn 0.20784158 -0.0039215684 -0.97815466
vn 0.18431234 -0.019607723 -0.9826721
vn 0.21568465 0.003921509 -0.9764552
vn 0.16078311 -0.035293877 -0.9863585
vn -0.85881686 -0.49803543 -0.11997624
vn -0.8039154 -0.5843093 -0.11091766
vn -0.874503 -0.4745062 -0.10044065
vn -0.9843061 -0.15294003 0.088038996
vn -0.9982743 -0.058722056 -0
vn -0.99999225 0.003921509 -0.00034492963
vn -0.99999225 0.003921509 -0.00034492963
vn -0.466663 -0.8823462 0.060751785
vn -0.45882 -0.86666006 -0.19591977
vn -0.5999954 -0.79607236 -0.07921112
vn -0.34117377 -0.93724775 -0.07188273
vn -0.30980146 -0.8901893 -0.33404505
vn -0.53725076 -0.72548467 -0.43015534
vn -0.64705384 -0.6470539 -0.4032897
vn -0.64705384 -0.654897 -0.39042452
vn -0.16862607 -0.49019235 -0.8551472
vn -0.16078305 -0.59215236 -0.78962296
vn -0.20784152 -0.5137216 -0.83240134
vn -0.20784152 -0.42744774 -0.879824
vn -0.074509144 -0.42744774 -0.9009644
vn -0.41176152 -0.8823462 0.22785437
vn -0.3490169 -0.8901893 0.2928314
vn -0.33333075 -0.8901893 0.3105699
vn -0.27058613 -0.8823462 0.38503027
vn -0.19215536 0.011764526 0.981294
vn -0.019607663 -0.0274508 0.99943084
vn -0.066666126 -0.019607723 0.9975827
vn -0.20784152 0.011764526 0.9780918
vn -0.7490138 0.003921509 -0.6625428
vn -0.86666 -0.043136954 -0.49703085
vn -0.74117076 -0.0274508 -0.670755
vn -0.6941123 0.003921509 -0.7198561
vn -0.5607799 -0.0274508 -0.82750976
vn -0.9843061 -0.011764646 0.17607701
vn -0.99214923 -0.0274508 0.12200965
vn -0.99214923 -0.019607723 0.12351291
vn -0.9990709 -0.04309721 -0
vn -0.99214923 -0.05098003 -0.11419693
vn 0.38823235 -0.46666312 -0.7946705
vn 0.16862619 -0.5372508 -0.82639384
vn 0.30980158 -0.5450939 -0.77903503
vn 0.14509696 -0.59215236 -0.79265535
vn -0.05882299 -0.552937 -0.8311441
vn -0.13725376 -0.48234928 -0.8651593
vn -0.5294076 -0.5450939 -0.6500771
vn -0.5294076 -0.5450939 -0.6500771
vn -0.51372147 -0.56078005 -0.64931965
vn -0.5607799 -0.5137216 -0.64931965
vn 0.25490004 -0.9137185 -0.31645608
vn 0.29411542 -0.9137185 -0.28038293
vn 0.39607543 -0.8901893 -0.22513843
vn 0.5842015 -0.8116088 -0
vn 0.65433365 -0.7562059 -0
vn 0.6705831 -0.7176416 0.1879063
vn 0.8196016 -0.552937 -0.15004641
vn 0.8509739 -0.5137216 -0.10924086
vn 0.8196016 -0.552937 -0.15004641
vn 0.7882293 -0.59215236 -0.1674819
vn -0.35685992 -0.77254313 -0.52519333
vn -0.27842915 -0.7882293 -0.54879117
vn -0.25489998 -0.70195544 -0.6650448
vn -0.3803892 -0.8274447 -0.41308522
vn -0.5450938 -0.756857 -0.360611
vn -0.25489998 -0.8823462 -0.39558965
vn -0.019607663 -0.39607543 0.9180086
vn 0.05882311 -0.6470539 0.7601717
vn -0.074509144 -0.36470312 0.9281379
vn 0.09019542 -0.5843093 0.80650324
vn 0.10588157 -0.72548467 0.6800449
vn 0.098038495 -0.6784262 0.72809774
vn 0.07450926 -0.7803862 0.62084275
vn 0.18431234 -0.6862693 -0.70360744
vn 0.22352773 -0.7411708 -0.6330096
vn 0.29411542 -0.756857 -0.583664
vn 0.3411739 -0.9215616 -0.18526895
vn 0.52940774 -0.8274447 -0.18725061
vn 0.45814413 -0.88887787 -0
vn 0.2705862 -0.960777 -0.0607508
vn 0.09019542 -0.97646314 -0.19591977
vn 0.52156466 -0.52156466 0.6752337
vn 0.56078005 -0.52156466 0.6430366
vn 0.56078005 -0.52156466 0.6430366
vn 0.5764662 -0.52156466 0.6290127
vn 0.8823462 -0.45882004 0.10463911
vn 0.8823462 -0.45882004 0.10463911
vn 0.8901893 -0.4431339 0.10580828
vn 0.87450314 -0.46666312 0.1321734
vn 0.25490004 -0.6156816 -0.7456287
vn 0.35686004 -0.52156466 -0.7749976
vn 0.3019585 -0.552937 -0.7765834
vn 0.45882004 -0.41176158 -0.7873605
vn 0.52940774 -0.36470312 -0.7659759
vn -0.6392107 -0.34901696 -0.6852714
vn -0.670583 -0.4745062 -0.57023
vn -0.51372147 -0.34901696 -0.7837585
vn -0.76469994 -0.4352908 -0.4751378
vn -0.74117076 -0.59215236 -0.31626174
vn -0.70979846 -0.654897 -0.25941488
vn -0.3254876 -0.49019235 -0.80856
vn -0.262743 -0.552937 -0.7907129
vn -0.27842915 -0.52156466 -0.80650324
vn -0.3490169 -0.45097697 -0.8214663
vn -0.45882 -0.36470312 -0.810232
vn -0.53725076 -0.07450926 -0.840125
vn -0.4980353 -0.011764646 -0.86707693
vn -0.4901923 -0.011764646 -0.8715349
vn -0.5215646 -0.16078311 -0.8379255
vn -0.5607799 -0.3411739 -0.75440454
vn -0.45882 -0.4431339 -0.7701406
vn 0.21568465 -0.14509696 0.9656226
vn 0.3333308 -0.22352773 0.91592896
vn 0.29411542 -0.09019542 0.9515046
vn 0.05098003 -0.31764466 0.9468384
vn 0.019607723 -0.3019585 0.9531194
vn -0.098038435 -0.48234928 0.87047553
vn -0.2941153 -0.5137216 0.8059692
vn -0.30195844 -0.552937 0.77658343
vn -0.4039184 -0.38038927 0.8319579
vn -0.23137069 -0.63136774 0.74016374
vn -0.262743 -0.7411708 0.6177637
vn -0.05882299 -0.96862006 -0.24148494
vn -0.066666126 -0.9843062 -0.16339192
vn -0.066666126 -0.9843062 -0.16339192
vn -0.08235228 -0.9921493 -0.09411645
vn -0.8039154 -0.4745062 0.35855815
vn -0.82744455 -0.41960466 0.37318555
vn -0.79607224 -0.49019235 0.35493726
vn -0.7568569 -0.552937 0.34846565
vn 0.9137185 -0.3019585 0.2719182
vn 0.9137185 -0.3019585 0.2719182
vn 0.8901893 -0.30980158 0.33404493
vn 0.94509083 -0.28627235 0.1576434
vn 0.0039215684 -0.9921493 -0.124997616
vn -0.05872193 -0.9982743 -0
vn 0.14509696 -0.9843062 -0.100439765
vn -0.27842915 -0.9529339 0.11997568
vn -0.33333075 -0.90587544 0.26130494
vn -0.41176152 -0.858817 0.3047718
vn 0.10588157 -0.5686231 -0.81575537
vn 0.13725388 -0.5764662 -0.80551106
vn 0.25490004 -0.49019235 -0.8335091
vn -0.003921509 -0.62352467 -0.7817939
vn -0.12941074 -0.6156816 -0.777296
vn 0.552937 -0.7882293 -0.2701024
vn 0.70195544 -0.654897 -0.2799437
vn 0.73332775 -0.59999543 -0.3197435
vn 0.34901696 -0.9215616 -0.17003356
vn 0.26274312 -0.9529339 -0.15127146
vn 0.1999985 -0.97646314 -0.080748565
vn 0.9529339 -0.011764646 0.3029498
vn 0.93724775 -0.0039215684 0.34864205
vn 0.9137185 -0.07450926 0.39945817
vn 0.960777 -0.011764646 0.2770725
vn 0.9921493 -0.121567726 0.029343996
vn 0.6078385 -0.5764662 -0.5460944
vn 0.5764662 -0.6078385 -0.54609436
vn 0.552937 -0.63136774 -0.5437237
vn 0.5058785 -0.6705831 -0.54259115
vn -0.019607663 -0.9294047 0.368541
vn -0.12941074 -0.9137185 0.38519
vn -0.10588145 -0.9215616 0.3735149
vn -0.19215536 -0.90587544 0.37744662
vn -0.50587845 -0.6470539 0.57044566
vn -0.51372147 -0.5686231 0.64246243
vn -0.50587845 -0.5843093 0.63456255
vn -0.4980353 -0.45882004 0.7358295
vn -0.44313383 -0.4039185 0.8003013
vn -0.93724763 0.011764526 -0.34846592
vn -0.9215615 -0.019607723 -0.38773695
vn -0.9215615 -0.05882311 -0.38375026
vn -0.82744455 -0.05882311 -0.55845803
vn -0.88234615 -0.16862619 -0.43935236
vn -0.9215615 -0.2313708 -0.31175625
vn -0.9294046 -0.24705696 -0.27417132
vn -0.9058753 -0.38823235 -0.16930902
vn -0.9843061 -0.16862619 -0.052026216
vn -0.85881686 -0.49019235 0.14881212
vn -0.9294046 -0.13725388 0.34259075
vn -0.998703 -0.050914306 -0
vn -0.79607224 -0.45882004 0.39465576
vn -0.670583 -0.7097985 0.21564901
vn -0.82744455 -0.066666186 0.5575761
vn -0.8039154 0.003921509 0.5947308
vn -0.79607224 0.011764526 0.6050873
vn -0.16862607 -0.8901893 -0.4232355
vn -0.1764692 -0.8901893 -0.42002577
vn -0.10588145 -0.8901893 -0.44311646
vn -0.24705684 -0.8823462 -0.40053478
vn -0.27058613 -0.48234928 0.83314
vn -0.2862723 -0.5450939 0.7879853
vn -0.2862723 -0.56078005 0.7769002
vn -0.3176446 -0.66274005 0.6781427
vn -0.79607224 -0.59215236 -0.12499833
vn -0.81960154 -0.5686231 -0.0701504
vn -0.8431307 -0.52156466 0.13077052
vn -0.7803861 -0.59999543 -0.17607668
vn -0.8117584 -0.5450939 -0.20957322
vn -0.70979846 -0.6784262 -0.18953632
vn 0.043136954 0.02745068 0.998692
vn 0.121567726 -0.10588157 0.98691964
vn 0.011764646 0.043136835 0.9989999
vn 0.24705696 -0.29411542 0.9232871
vn 0.24705696 -0.5764662 0.77887714
vn 0.29411542 -0.69411236 0.65704197
vn 0.23921388 -0.8117585 0.53275216
vn 0.24705696 -0.8823462 0.4005347
vn 0.17646927 -0.93724775 0.3007079
vn -0.13725376 -0.93724775 -0.3205122
vn -0.12156761 -0.93724775 -0.3267843
vn -0.019607663 -0.93724775 -0.34811234
vn -0.19215536 -0.9294047 -0.31509238
vn -0.4901923 -0.8509739 0.18856019
vn -0.27842915 -0.94509083 0.17111541
vn -0.2862723 -0.94509083 0.15764359
vn -0.42744768 -0.8901893 0.15764378
vn -0.65489686 -0.73332775 0.18259402
vn -0.68626916 -0.69411236 0.21735373
vn -0.11372459 -0.49803543 0.85966706
vn -0.12156761 -0.48234928 0.86750245
vn -0.10588145 -0.5372508 0.8367501
vn -0.15293992 -0.36470312 0.9184776
vn -0.12941074 0.011764526 0.9915213
vn 0.0039215684 -0.011764646 0.9999231
vn -0.16078305 -0.035293877 0.9863585
vn -0.25489998 -0.0039215684 0.9669595
vn -0.44313383 -0.11372465 0.8892126
vn -0.44313383 -0.16862619 0.88045305
vn -0.41960454 -0.89803237 -0.13217391
vn -0.3803892 -0.90587544 -0.1862625
vn -0.4352907 -0.8901893 -0.13448071
vn -0.466663 -0.87450314 -0.13217369
vn 0.22352773 -0.96862006 0.10867604
vn 0.05882311 -0.9843062 0.16637641
vn 0.035293877 -0.9529339 0.30111676
vn 0.19160226 -0.9814727 -0
vn 0.35686004 -0.9294047 -0.09411613
vn 0.46666312 -0.8823462 -0.060751293
vn -0.86666 -0.0274508 0.49814346
vn -0.88234615 -0.035293877 0.46927565
vn -0.76469994 0.011764526 0.6442792
vn -0.74117076 0.019607663 0.67103016
vn 0.6289734 -0.7774268 -0
vn 0.78808385 -0.615568 -0
vn 0.76470006 -0.6392108 -0.08150696
vn 0.6392108 -0.7411708 0.20512287
vn 0.66274005 -0.70195544 0.26083368
vn 0.8901893 -0.42744774 0.1576435
vn 0.92548466 -0.3787849 -0
vn 0.96862006 -0.21568465 0.12351227
vn 0.9977852 -0.066519044 -0
vn 0.9996234 -0.027440673 -0
vn 0.9999924 0.003921509 -0
vn 0.97646314 -0.1999985 -0.08074873
vn 0.96862006 -0.0274508 0.2470255
vn 0.99993086 -0.011763922 -0
vn 0.9843062 -0.16078311 0.07273288
vn 0.9999924 0.003921509 -0
vn 0.99993086 0.011763803 -0
vn 0.80391544 -0.5137216 0.2996833
vn 0.59999543 -0.6784262 0.4239615
vn 0.35686004 -0.79607236 0.48879418
vn 0.121567726 -0.8431308 0.5237859
vn 0.043136954 -0.8509739 0.5234335
vn 0.019607723 -0.8509739 0.52484185
vn -0.003921509 -0.858817 0.51226753
vn 0.70195544 -0.552937 0.44890895
vn 0.7411708 -0.49019235 0.45866904
vn 0.73332775 -0.5058785 0.45422173
vn 0.756857 -0.41176158 0.5075627
vn 0.7882293 -0.41960466 0.45014057
vn 0.80391544 -0.36470312 0.46979952
vn 0.8196016 -0.35686004 0.4482233
vn 0.5137216 -0.5843093 -0.62822986
vn 0.56078005 -0.59999543 -0.5705535
vn 0.5137216 -0.5450939 -0.66254264
vn 0.5843093 -0.6470539 -0.4897999
vn 0.79607236 -0.5843093 -0.1576435
vn 0.7411708 -0.6470539 0.1788493
vn 0.8117585 -0.49803543 0.30497348
vn 0.7097985 -0.4745062 0.5206054
vn 0.69411236 -0.41176158 0.5904747
vn 0.6470539 -0.49803543 0.57730573
vn 0.9215616 -0.3725462 -0.10924086
vn 0.8901893 -0.3725462 -0.26224488
vn -0.50587845 -0.6156816 0.60417145
vn -0.5215646 -0.654897 0.54688233
vn -0.5294076 -0.5686231 0.62959933
vn -0.5215646 -0.552937 0.6497931
vn -0.5764661 -0.41176158 0.70578974
vn 0.035293877 -0.9529339 -0.30111676
vn -0.066666126 -0.960777 -0.26918992
vn 0.043136954 -0.9529339 -0.30009362
vn 0.14509696 -0.93724775 -0.31703866
vn -0.08235228 -0.96862006 0.23450644
vn -0.0901953 -0.97646314 0.19591977
vn -0.22352767 -0.96862006 0.108676314
vn -0.035293818 -0.96862006 0.24602738
vn -0.02745068 -0.94509083 0.32565284
vn -0.2862723 -0.80391544 -0.52131385
vn -0.30195844 -0.8117585 -0.4998692
vn -0.24705684 -0.7882293 -0.56361115
vn -0.35685992 -0.83528775 -0.4182647
vn -0.22314364 -0.9747855 -0
vn -0.21568453 -0.97646314 -0
vn -0.30980146 -0.94509083 -0.10404974
vn -0.15293992 -0.9843062 -0.088038005
vn -0.6313677 -0.76470006 -0.12887481
vn -0.65489686 -0.7490139 -0.10044065
vn -0.62352455 -0.76470006 -0.1626376
vn -0.5607799 -0.79607236 -0.22758451
vn 0.45097697 -0.8509739 0.26918992
vn 0.32548773 -0.9215616 0.21161754
vn 0.41960466 -0.87450314 0.2432616
vn 0.56078005 -0.756857 0.33569825
vn -0.035293818 -0.9921493 0.11997543
vn 0.019607723 -0.96862006 0.24777146
vn 0.011764646 -0.97646314 0.21536331
vn 0.035293877 -0.960777 0.2750671
vn 0.5686231 -0.70195544 0.42886633
vn 0.5686231 -0.70195544 0.42886633
vn 0.52156466 -0.79607236 0.3069839
vn 0.5764662 -0.552937 0.6016207
vn 0.49019235 -0.4745062 0.7311329
vn 0.32548773 -0.93724775 0.124997616
vn 0.3411739 -0.90587544 0.2509781
vn 0.36470312 -0.9294047 0.05655585
vn 0.31764466 -0.89803237 0.30436778
vn 0.3411739 -0.8431308 0.41560888
vn -0.2862723 -0.93724775 0.19903481
vn -0.27058613 -0.9294047 0.25097823
vn -0.2862723 -0.93724775 0.19903481
vn -0.2941153 -0.94509083 0.14247629
vn -0.5215646 -0.76470006 0.37842333
vn -0.5215646 -0.76470006 0.37842333
vn -0.5215646 -0.8274447 0.2081002
vn -0.5450938 -0.80391544 0.23789221
vn -0.5450938 -0.79607236 0.26294783
vn -0.36470306 -0.72548467 -0.583664
vn -0.35685992 -0.72548467 -0.5884921
vn -0.36470306 -0.72548467 -0.583664
vn -0.35685992 -0.72548467 -0.5884921
vn 0.17646927 -0.121567726 -0.9767701
vn -0.12941074 -0.42744774 -0.89472973
vn 0.0039215684 -0.38038927 -0.92481816
vn 0.19215542 -0.1294108 -0.9727945
vn 0.21568465 -0.05098003 -0.9751314
vn -0.81960154 0.003921509 -0.57292056
vn -0.82744455 -0.066666186 -0.5575761
vn -0.81960154 0.003921509 -0.57292056
vn -0.82744455 -0.066666186 -0.5575761
vn -0.76469994 -0.32548773 -0.55614007
vn 0.86666006 -0.41176158 0.2816962
vn 0.97646314 -0.17646927 -0.12400949
vn 0.87450314 -0.45882004 0.15725282
vn 0.86666006 -0.45882004 -0.19591969
vn 0.96862006 -0.09019542 -0.23160297
vn 0.9843062 -0.0039215684 -0.17642535
vn 0.9843062 -0.0039215684 -0.17642535
vn 0.69411236 -0.16078311 -0.70168144
vn 0.5686231 -0.4745062 -0.67194617
vn 0.48234928 -0.3725462 -0.7928105
vn 0.59999543 -0.043136954 -0.79883957
vn 0.76470006 0.003921509 -0.6443745
vn 0.59999543 0.003921509 -0.7999938
vn 0.79607236 -0.0039215684 -0.6051888
vn 0.8274447 0.003921509 -0.5615336
vn -0.3254876 -0.59215236 0.7371658
vn -0.41176152 -0.5843093 0.6993104
vn -0.27842915 -0.6470539 0.7097876
vn -0.30195844 -0.5843093 0.7532621
vn -0.3490169 -0.5372508 0.7678208
vn -0.2941153 -0.654897 0.6961366
vn -0.24705684 -0.72548467 0.64236665
vn -0.35685992 -0.4352908 0.82654274
vn -0.39607537 -0.34901696 0.84930056
vn -0.36470306 -0.20784158 0.90763074
vn -0.27842915 -0.20784158 0.93769884
vn -0.3176446 -0.121567726 0.94038457
vn -0.27842915 -0.011764646 0.9603847
vn -0.27058613 -0.011764646 0.9626239
vn 0.07450926 -0.9529339 -0.2938798
vn 0.13725388 -0.9529339 -0.27033004
vn 0.13725388 -0.9529339 -0.27033004
vn 0.19215542 -0.94509083 -0.2643475
vn -0.53725076 -0.36470312 0.7604954
vn -0.45097685 -0.24705696 0.85766125
vn -0.44313383 -0.2313708 0.8660831
vn -0.5529369 -0.38038927 0.7413264
vn -0.51372147 -0.69411236 -0.50428
vn -0.45097685 -0.6705831 -0.5890146
vn -0.64705384 -0.63136774 -0.42742968
vn -0.64705384 -0.654897 -0.39042452
vn -0.76469994 -0.56078005 -0.3174268
vn -0.82744455 -0.46666312 -0.31234765
vn 0.4745062 -0.24705696 -0.84487087
vn 0.3411739 -0.32548773 -0.8818492
vn 0.31764466 -0.3725462 -0.87195826
vn 0.2705862 -0.6705831 -0.69072527
vn 0.09019542 -0.69411236 -0.7141938
vn 0.14509696 -0.8117585 -0.565681
vn -0.44313383 -0.29411542 0.8468344
vn -0.4901923 -0.29411542 0.8204923
vn -0.4980353 -0.29411542 0.8157554
vn -0.53725076 -0.29411542 0.7904795
vn 0.5843093 -0.6705831 0.45705685
vn 0.654897 -0.66274005 0.36316055
vn 0.59999543 -0.6705831 0.4362611
vn 0.6784262 -0.654897 0.33293816
vn -0.7568569 -0.52940774 0.3832689
vn -0.76469994 -0.5843093 0.27169228
vn -0.79607224 -0.5686231 0.20721182
vn -0.7882292 -0.59215236 0.16748224
vn -0.8338527 -0.55198705 -0
vn -0.5215646 -0.49803543 0.69277054
vn -0.262743 -0.5686231 0.77950877
vn -0.3254876 -0.59215236 0.7371658
vn -0.11372459 -0.59999543 0.79187894
vn -0.02745068 -0.5686231 0.82214004
vn 0.18431234 -0.5843093 0.79032373
vn -0.08235228 -0.31764466 0.9446269
vn -0.050979972 -0.1294108 0.9902797
vn -0.16862607 -0.121567726 0.97815466
vn -0.066666126 -0.035293877 0.9971509
vn 0.0274508 -0.0274508 0.9992462
vn 0.05098003 -0.011764646 0.9986304
vn 0.552937 -0.3411739 0.7601717
vn 0.5686231 -0.32548773 0.7554638
vn 0.6392108 -0.26274312 0.7227556
vn 0.46666312 -0.41960466 0.7785612
vn 0.89803237 -0.27842927 -0.3406098
vn 0.80391544 -0.39607543 -0.4436713
vn 0.8117585 -0.38038927 -0.44311637
vn 0.94509083 -0.1999985 -0.25846452
vn 0.756857 -0.5372508 -0.37219498
vn 0.7882293 -0.5058785 -0.35040194
vn 0.7882293 -0.5058785 -0.35040194
vn 0.7490139 -0.552937 -0.36501905
vn 0.7490139 -0.552937 -0.36501905
vn 0.41176158 -0.34901696 -0.8418073
vn 0.41960466 -0.34901696 -0.8379255
vn 0.49019235 -0.38823235 -0.78037626
vn 0.49019235 -0.38038927 -0.7842292
vn 0.48234928 -0.3725462 -0.7928105
vn -0.019607663 -0.70195544 -0.7119509
vn 0.17646927 -0.8274447 -0.5330984
vn 0.011764646 -0.654897 -0.7556266
vn -0.02745068 -0.62352467 -0.78132164
vn 0.0039215684 -0.5137216 -0.857948
vn -0.9529338 -0.1294108 0.2741716
vn -0.9450908 -0.05882311 0.32147047
vn -0.93724763 -0.011764646 0.3484659
vn -0.9215615 0.074509144 0.38101548
vn 0.6470539 -0.035293877 -0.7616269
vn 0.8196016 -0.0274508 -0.5722759
vn 0.77254313 0.011764526 -0.6348533
vn 0.858817 0.011764526 -0.5121474
vn 0.9843062 -0.1294108 -0.119975515
vn 0.9999924 0.003921509 -0
vn 0.94509083 -0.1294108 0.30009356
vn 0.9294047 0.019607663 0.368541
vn 0.86666006 -0.17646927 0.4666465
vn 0.87450314 -0.41960466 0.2432616
vn 0.8196016 -0.5686231 0.07014955
vn -0.011764526 -0.49019235 -0.8715349
vn -0.011764526 -0.48234928 -0.8759
vn -0.019607663 -0.41960466 -0.90749514
vn -0.019607663 -0.4039185 -0.9145848
vn -0.4901923 -0.42744774 0.7596051
vn -0.4980353 -0.42744774 0.7544861
vn -0.37254608 -0.46666312 0.802144
vn -0.3490169 -0.31764466 0.88163996
vn -0.24705684 -0.6784262 0.6918821
vn -0.27058613 -0.49803543 0.8238591
vn -0.02745068 -0.6862693 0.7268294
vn -0.050979972 -0.858817 0.50973964
vn -0.2862723 -0.8509739 0.44033128
vn -0.003921509 -0.9529339 0.30315277
vn -0.003921509 -0.89803237 0.43991193
vn -0.003921509 -0.7882293 0.61536914
vn -0.003921509 -0.96862006 0.24851513
vn -0.003921509 -0.9999924 -0
vn -0.003921509 -0.9999924 -0
vn -0.003921509 -0.9999924 -0
vn -0.003921509 -0.96862006 -0.24851513
vn -0.25489998 -0.56078005 0.787751
vn -0.019607663 -0.89803237 -0.43949226
vn -0.003921509 -0.8823462 -0.4705845
vn -0.003921509 -0.77254313 -0.63495016
vn -0.3254876 -0.8509739 -0.4121908
vn 0.0039215684 -0.7490139 -0.6625427
vn -0.2941153 -0.79607236 -0.52892816
vn -0.3176446 -0.69411236 -0.6459953
vn -0.30195844 -0.7176416 -0.62754416
vn -0.45882 -0.52156466 -0.7193431
vn -0.45097685 -0.5137216 -0.72986984
vn -0.4039184 -0.29411542 -0.8662252
vn -0.38823223 -0.30980158 -0.86792785
vn -0.44313383 -0.31764466 -0.8382925
vn -0.45097685 -0.3333308 -0.8279556
vn -0.24705684 -0.5450939 -0.8011464
vn 0.0039215684 -0.5450939 -0.83836585
vn -0.18431222 -0.3725462 -0.9095264
vn 0.0039215684 -0.27842927 -0.96044874
vn -0.37254608 -0.6078385 -0.701243
vn -0.4039184 -0.66274005 -0.6305756
vn -0.51372147 -0.83528775 -0.19591992
vn -0.45882 -0.756857 -0.46545863
vn -0.4980353 -0.83528775 -0.23292743
vn -0.5133427 -0.85818374 -0
vn -0.5764661 -0.8117585 0.09346091
vn -0.50587845 -0.858817 0.08074894
vn -0.4980353 -0.8274447 0.259415
vn -0.11372459 -0.16078311 -0.980416
vn -0.45882 -0.77254313 0.43893197
vn -0.066666126 -0.15294003 -0.98598427
vn 0.0039215684 -0.011764646 -0.9999231
vn -0.019607663 -0.019607723 -0.9996155
vn -0.043136835 -0.10588157 -0.99344265
vn -0.098038435 -0.0039215684 -0.9951749
vn 0.0039215684 -0.0039215684 -0.9999846
vn -0.035293818 0.003921509 -0.99936926
vn -0.05882299 0.011764526 -0.9981991
vn -0.466663 -0.6862693 0.55790687
vn -0.4039184 -0.6705831 0.6222284
vn -0.8352877 -0.52940774 0.14839794
vn -0.67842615 -0.4431339 0.5859781
vn -0.9215615 -0.38823235 -0.00024414062
vn -0.9998079 -0.019604107 -0
vn -0.2941153 -0.49019235 0.8204923
vn -0.7803861 -0.0274508 -0.6246951
vn -0.18431222 -0.39607543 0.89952946
vn 0.0039215684 -0.45097697 0.892527
vn -0.12941074 -0.07450926 0.9887878
vn -0.08235228 -0.16862619 0.9822338
vn -0.011764526 -0.121567726 0.9925134
vn -0.011764526 -0.011764646 0.9998616
vn -0.003921509 -0.0039215684 0.9999846
vn 0.011764646 0.011764526 0.9998616
vn -0.003921509 -0.0039215684 0.9999846
vn -0.19999838 -0.011764646 0.9797256
vn -0.02745068 0.003921509 0.9996155
vn -0.066666126 0.011764526 0.997706
vn -0.36470306 -0.019607723 0.93091744
vn 0.21568465 -0.043136954 -0.97550976
vn 0.41960466 -0.15294003 -0.89472973
vn 0.20784158 -0.07450926 -0.9753206
vn 0.17646927 -0.0274508 -0.9839233
vn 0.0039215684 -0.07450926 -0.9972126
vn -0.11372459 -0.11372465 -0.986982
vn 0.48234928 -0.49803543 -0.7206246
vn 0.23921388 -0.5686231 -0.787048
vn 0.32548773 -0.5450939 -0.7726127
vn 0.52156466 -0.48234928 -0.70378226
vn 0.34901696 -0.90587544 -0.23995173
vn 0.4039185 -0.8823462 -0.24148494
vn 0.31764466 -0.9215616 -0.22321758
vn 0.24705696 -0.9529339 -0.17572665
vn -0.16078305 -0.9529339 -0.25703266
vn -0.074509144 -0.96862006 -0.23711498
vn -0.1450969 -0.9529339 -0.26620263
vn 0.011764646 -0.96862006 -0.24826749
vn 0.83528775 -0.5372508 0.116858594
vn 0.8901893 -0.45097697 -0.06467469
vn 0.8509739 -0.52156466 0.061755516
vn 0.89803237 -0.4352908 -0.06371649
vn 0.18431234 -0.5450939 0.817864
vn 0.18431234 -0.5450939 0.817864
vn 0.16862619 -0.5372508 0.82639384
vn 0.16078311 -0.52940774 0.8329924
vn -0.22352767 -0.7097985 -0.66799814
vn -0.30980146 -0.654897 -0.6892989
vn -0.24705684 -0.69411236 -0.6761442
vn -0.37254608 -0.6156816 -0.69436705
vn -0.7019553 -0.5764662 0.41826487
vn -0.45882 -0.7882293 0.41009608
vn -0.6156815 -0.7097985 0.34223142
vn -0.74117076 -0.5372508 0.40252632
vn -0.7803861 -0.45882004 0.4248314
vn -0.1450969 -0.49019235 0.8594523
vn -0.1450969 -0.49019235 0.8594523
vn -0.15293992 -0.49019235 0.8580914
vn -0.15293992 -0.49019235 0.8580914
vn -0.19999838 -0.5686231 0.79791504
vn -0.019607663 -0.552937 0.8329924
vn 0.098038495 -0.6392108 0.7627568
vn 0.11372465 -0.552937 0.82542557
vn 0.42744774 -0.654897 0.62321615
vn 0.4352908 -0.7490139 0.49949986
vn 0.66274005 -0.6078385 0.4373877
vn 0.72548467 -0.5450939 0.42017213
vn 0.7882293 -0.5058785 0.35040194
vn 0.41960466 -0.66274005 -0.620248
vn 0.41176158 -0.654897 -0.63368946
vn 0.38823235 -0.6078385 -0.6926817
vn 0.45882004 -0.7411708 -0.490051
vn 0.70195544 -0.7097985 0.058690816
vn 0.6862693 -0.69411236 0.21735345
vn 0.69411236 -0.70195544 0.15958256
vn 0.70195544 -0.7097985 0.058690816
vn 0.89803237 -0.4352908 -0.06371649
vn 0.9137185 -0.39607543 -0.09078938
vn 0.9137185 -0.39607543 -0.09078938
vn 0.88887787 -0.45814413 -0
vn 0.8431308 -0.52940774 0.09411613
vn -0.05872193 -0.9982743 -0
vn -0.20784152 -0.97646314 0.057633735
vn -0.12933916 -0.99160045 -0
vn -0.33333075 -0.93724775 0.10226083
vn 0.49019235 -0.8509739 -0.18856004
vn 0.63748765 -0.7704605 -0
vn 0.59999543 -0.7882293 -0.13674818
vn 0.41960466 -0.858817 -0.2938798
vn 0.22352773 -0.90587544 -0.35975686
vn 0.16862619 -0.8901893 -0.42323542
vn -0.9843061 -0.05882311 -0.16637717
vn -0.9294046 -0.18431234 -0.31974366
vn -0.9764631 -0.066666186 -0.20512313
vn -0.9843061 -0.011764646 -0.17607701
vn -0.9843061 -0.0039215684 -0.17642602
vn 0.8117585 -0.31764466 0.49005103
vn 0.76470006 -0.34901696 0.5416835
vn 0.7803862 -0.3411739 0.52402073
vn 0.8431308 -0.29411542 0.45014054
vn 0.098038495 -0.4745062 0.8747756
vn 0.066666186 -0.5058785 0.86002475
vn 0.23921388 -0.28627235 0.9278065
vn 0.26274312 -0.24705696 0.9326998
vn -0.098038435 -0.858817 -0.50281394
vn 0.11372465 -0.9137185 -0.39010915
vn -0.043136835 -0.87450314 -0.4830978
vn 0.17646927 -0.9137185 -0.36602876
vn 0.9215616 -0.36470312 0.13310099
vn 0.9137185 -0.3725462 0.1622584
vn 0.9137185 -0.38038927 0.14290717
vn 0.8901893 -0.28627235 0.3544167
vn 0.9137185 -0.21568465 0.34438145
vn 0.9215616 -0.16078311 0.35337377
vn -0.82744455 -0.3411739 0.4460223
vn -0.7803861 -0.3725462 0.50220203
vn -0.8352877 -0.32548773 0.4431165
vn -0.7254846 -0.38038927 0.57356435
vn -0.6392107 -0.38038927 0.66836643
vn 0.86666006 -0.3411739 0.36400652
vn 0.8274447 -0.31764466 0.46307367
vn 0.90587544 -0.3725462 0.2014919
vn 0.9137185 -0.38038927 0.14290717
vn 0.22352773 -0.9529339 0.20482263
vn 0.23921388 -0.9529339 0.1862625
vn 0.22352773 -0.9529339 0.20482263
vn 0.24705696 -0.9529339 0.17572665
vn 0.3019585 -0.94509083 -0.12499738
vn 0.36470312 -0.9215616 -0.13310099
vn 0.34901696 -0.9294047 -0.11997543
vn 0.42744774 -0.8823462 -0.19685926
vn 0.7411708 -0.52940774 -0.41278723
vn 0.7176416 -0.4352908 -0.5436106
vn 0.73332775 -0.19215542 -0.65215546
vn 0.7411708 -0.25490004 -0.6210409
vn 0.6862693 -0.19215542 -0.7015061
vn 0.7490139 -0.18431234 -0.6364017
vn 0.6156816 -0.1999985 -0.7621921
vn 0.6470539 -0.17646927 -0.74174106
vn 0.49803543 -0.22352773 -0.83785206
vn 0.79607236 0.02745068 -0.60457855
vn 0.80391544 0.02745068 -0.5941098
vn 0.42744774 -0.26274312 -0.86501706
vn 0.41176158 -0.21568465 -0.88539964
vn 0.34901696 -0.11372465 -0.9301902
vn 0.3411739 -0.019607723 -0.9397957
vn 0.16862619 -0.035293877 -0.985048
vn 0.5372508 -0.011764646 -0.84334046
vn -0.0901953 -0.62352467 -0.77658343
vn -0.0901953 -0.62352467 -0.77658343
vn -0.08235228 -0.6156816 -0.78368
vn -0.08235228 -0.6156816 -0.78368
vn 0.5137216 -0.66274005 0.54485387
vn 0.52156466 -0.66274005 0.53735083
vn 0.3411739 -0.7176416 0.6071169
vn 0.59215236 -0.6392108 0.49067822
vn 0.56078005 -0.66274005 0.49628764
vn 0.48234928 -0.70195544 0.52402073
vn -0.36470306 -0.83528775 0.4114439
vn -0.19215536 -0.858817 0.4748786
vn -0.20784152 -0.858817 0.4682257
vn -0.41960454 -0.8196016 0.3901093
vn 0.6078385 -0.77254313 0.18360138
vn 0.5372508 -0.8431308 0.022179205
vn 0.49803543 -0.86666006 0.029343631
vn 0.6705831 -0.7097985 0.2156486
vn -0.27058613 -0.8901893 -0.36653265
vn -0.2862723 -0.8823462 -0.3735149
vn -0.21568453 -0.89803237 -0.38342935
vn -0.19215536 -0.89803237 -0.3957451
vn 0.41176158 -0.56078005 -0.71831614
vn 0.4431339 -0.5764662 -0.68652683
vn 0.35686004 -0.5372508 -0.7642071
vn 0.30980158 -0.5137216 -0.8000707
vn 0.5843093 -0.79607236 0.15764359
vn 0.59999543 -0.7803862 0.17607617
vn 0.6392108 -0.73332775 0.23160313
vn 0.552937 -0.8196016 0.15004641
vn -0.48234916 -0.70195544 0.52402085
vn -0.48234916 -0.69411236 0.53436625
vn -0.4980353 -0.70195544 0.5091359
vn -0.4980353 -0.70195544 0.5091359
vn -0.466663 -0.7097985 0.5276473
vn -0.7490138 -0.17646927 0.63862115
vn -0.47450614 -0.121567726 0.8718172
vn -0.62352455 -0.18431234 0.7597671
vn -0.50587845 -0.09019542 0.8578763
vn -0.42744768 -0.066666186 0.9015787
vn -0.20784152 -0.19215542 0.9591028
vn -0.50587845 -0.858817 -0.08074894
vn -0.6078384 -0.7803862 -0.14673054
vn -0.6392107 -0.756857 -0.13629827
vn -0.47363284 -0.88072234 -0
vn 0.0039215684 0.003921509 -0.9999846
vn 0.0039215684 0.003921509 -0.9999846
vn 0.0039215684 0.003921509 -0.9999846
vn -0.003921509 -0.0039215684 -0.9999846
vn 0.0039215684 0.003921509 -0.9999846
vn 0.9921493 -0.0039215684 0.12499761
vn 0.9921493 0.003921509 0.124997616
vn 0.97646314 -0.0039215684 0.21564874
vn 0.9843062 0.003921509 0.17642535
vn 0.94509083 -0.0039215684 0.32678422
vn 0.9529339 0.003921509 0.30315277
vn 0.89803237 0.003921509 0.43991193
vn 0.9215616 -0.0039215684 0.38821238
vn 0.8823462 -0.0039215684 0.4705845
vn 0.8431308 0.003921509 0.53769416
vn 0.83528775 -0.0039215684 0.549799
vn 0.80391544 -0.0039215684 0.5947307
vn 0.79607236 -0.0039215684 0.6051888
vn 0.0039215684 -0.9999924 -0
vn 0.0039215684 -0.9999924 -0
vn 0.0039215684 -0.9999924 -0
vn 0.0039215684 -0.9999924 -0
vn 0.0039215684 -0.9999924 -0
vn 0.019604106 -0.9998079 -0
vn 0.0039215684 -0.9999924 -0
vn 0.027440673 -0.9996234 -0
vn -0.003921509 -0.9999924 -0
vn 0.0039215684 -0.9999924 -0
vn 0.0039215684 -0.9999924 -0
vn 0.011763922 -0.99993086 -0
vn 0.0039215684 -0.9999924 -0
vn 0.0039215684 -0.9999924 -0
vn -0.003921509 -0.0039215684 -0.9999846
vn -0.003921509 -0.0039215684 -0.9999846
vn 0.011764646 -0.0039215684 -0.9999231
vn 0.035293877 0.003921509 -0.99936926
vn 0.20784158 0.003921509 -0.97815466
vn 0.2705862 0.003921509 -0.96268773
vn 0.0039215684 0.99999225 -0.00034526698
vn 0.0039215684 0.99999225 -0.00034526698
vn -0.003921509 0.99999225 -0.00034526698
vn 0.0039215684 0.99999225 -0.00034526698
vn 0.0039215684 0.99999225 -0.00034526698
vn 0.0039215684 0.99999225 -0.00034526698
vn 0.0039215684 0.99999225 -0.00034526698
vn 0.0039215684 0.99999225 -0.00034526698
vn 0.0039215684 0.99999225 -0.00034526698
vn 0.0039215684 0.99999225 -0.00034526698
vn 0.0039215684 0.99999225 -0.00034526698
vn 0.0039215684 0.99999225 -0.00034526698
vn 0.0039215684 0.99999225 -0.00034526698
vn 0.0039215684 0.99999225 -0.00034526698
vn -0.003921509 -0.0039215684 0.9999846
vn -0.035293818 -0.0039215684 0.99936926
vn -0.003921509 -0.0039215684 0.9999846
vn -0.035293818 0.003921509 0.99936926
vn -0.27842915 0.011764526 0.9603847
vn -0.41960454 -0.0039215684 0.9076986
vn -0.003921509 0.99999225 -0.00034526698
vn -0.003921509 0.99999225 -0.00034526698
vn -0.003921509 0.99999225 -0.00034526698
vn 0.0039215684 0.99999225 -0.00034526698
vn 0.0039215684 0.99999225 -0.00034526698
vn -0.04309709 0.9990709 -0
vn -0.003921509 0.99999225 -0.00034526698
vn -0.003921509 0.99999225 -0.00034526698
vn -0.011763804 0.99993086 -0
vn -0.003921509 0.99999225 -0.00034526698
vn -0.003921509 0.99999225 -0.00034526698
vn -0.011763804 0.99993086 -0
vn -0.03527213 0.9993777 -0
vn 0.0039215684 0.99999225 -0.00034526698
vn -0.003921509 0.99999225 -0.00034526698
vn 0.0039215684 0.99999225 -0.00034526698
vn -0.003921509 0.99999225 -0.00034526698
vn -0.003921509 0.99999225 -0.00034526698
vn -0.003921509 0.99999225 -0.00034526698
vn -0.003921509 0.99999225 -0.00034526698
vn -0.003921509 0.99999225 -0.00034526698
vn -0.003921509 0.99999225 -0.00034526698
vn -0.003921509 0.99999225 -0.00034526698
vn -0.003921509 0.99999225 -0.00034526698
vn -0.003921509 0.99999225 -0.00034526698
vn -0.003921509 0.99999225 -0.00034526698
vn -0.003921509 0.99999225 -0.00034526698
vn -0.76469994 -0.5686231 -0.30315307
vn -0.65489686 -0.6784262 -0.33293843
vn -0.7176415 -0.6078385 -0.33988684
vn -0.5294076 -0.756857 -0.38326898
vn -0.36470306 -0.8117585 -0.45611382
vn -0.35685992 -0.8274447 -0.43357387
vn -0.22352767 -0.552937 -0.80268055
vn -0.2862723 -0.654897 -0.6993984
vn -0.1764692 -0.45097697 -0.8749162
vn 0.3333308 0.003921509 0.9428018
vn 0.19215542 -0.0039215684 0.9813567
vn 0.26274312 0.003921509 0.9648579
vn 0.1294108 -0.0039215684 0.9915833
vn 0.20784158 -0.0274508 0.97777724
vn 0.17646927 -0.0039215684 0.98429835
vn 0.098038495 0.003921509 0.9951749
vn 0.035293877 -0.0039215684 0.99936926
vn 0.0039215684 0.003921509 0.9999846
vn -0.066666126 -0.0039215684 0.9977676
vn -0.098038435 0.003921509 0.9951749
vn -0.1450969 -0.0039215684 0.9894097
vn -0.1764692 0.003921509 0.98429835
vn -0.24705684 0.003921509 0.96899307
vn -0.19215536 -0.0039215684 0.9813567
vn -0.20784152 -0.019607723 0.97796595
vn -0.011764526 -0.0039215684 0.9999231
vn -0.011764526 -0.0039215684 0.9999231
vn 0.97646314 -0.0039215684 0.21564874
vn 0.97646314 0.003921509 0.21564874
vn 0.9529339 -0.0039215684 0.30315277
vn 0.9529339 -0.0039215684 0.30315277
vn 0.89803237 -0.0039215684 0.43991193
vn 0.89803237 -0.0039215684 0.43991193
vn 0.8509739 -0.0039215684 0.52519333
vn 0.8509739 0.003921509 0.52519333
vn -0.003921509 0.99999225 -0.00034526698
vn -0.003921509 0.99999225 -0.00034526698
vn -0.003921509 0.99999225 -0.00034526698
vn -0.003921509 0.99999225 -0.00034526698
vn -0.066666126 0.99214923 -0.10580898
vn 0.0039215684 0.99999225 -0.00034526698
vn 0.0039215684 0.99999225 -0.00034526698
vn 0.011763923 0.99993086 -0
vn 0.0039215684 0.99999225 -0.00034526698
vn 0.31764466 0.9450908 -0.07684576
vn -0.99999225 0.003921509 -0.00034492963
vn -0.99999225 0.003921509 -0.00034492963
vn -0.99999225 0.003921509 -0.00034492963
vn -0.99999225 0.003921509 -0.00034492963
vn -0.99999225 -0.0039215684 -0.00034425134
vn -0.99999225 -0.0039215684 -0.00034425134
vn 0.011763922 -0.99993086 -0
vn 0.011764646 -0.9921493 -0.12450454
vn 0.0039215684 -0.9921493 -0.124997616
vn 0.027440673 -0.9996234 -0
vn 0.027440673 -0.9996234 -0
vn 0.10588157 -0.960777 0.2563136
vn 0.0039215684 -0.0039215684 0.9999846
vn 0.0039215684 -0.0039215684 0.9999846
vn 0.0039215684 -0.0039215684 0.9999846
vn 0.0039215684 -0.0039215684 0.9999846
vn -0.043136835 0.003921509 -0.99906147
vn -0.003921509 -0.0039215684 -0.9999846
vn -0.003921509 -0.0039215684 -0.9999846
vn -0.019607663 -0.0039215684 -0.9998001
vn -0.3254876 -0.0039215684 -0.94553816
vn -0.38823223 0.003921509 -0.9215532
vn -0.3490169 0.035293818 -0.93645155
vn 0.8509739 -0.0039215684 0.52519333
vn 0.858817 -0.0039215684 0.51226753
vn 0.8274447 -0.0039215684 0.5615336
vn 0.8274447 -0.0039215684 0.5615336
vn 0.858817 -0.066666186 0.50792617
vn 0.7882293 -0.0039215684 0.61536914
vn 0.7882293 -0.0039215684 0.61536914
vn -0.003921509 0.003921509 0.9999846
vn -0.003921509 -0.0039215684 0.9999846
vn 0.0039215684 -0.0039215684 0.9999846
vn -0.003921509 0.003921509 0.9999846
vn -0.003921509 0.003921509 0.9999846
vn 0.46666312 -0.7097985 -0.52764726
vn 0.49803543 -0.7097985 -0.49814332
vn 0.5058785 -0.70195544 -0.50134367
vn 0.5137216 -0.70195544 -0.49330384
vn 0.52940774 -0.7097985 -0.46466497
vn 0.0039215684 0.99999225 -0.00034526698
vn -0.003921509 0.99999225 -0.00034526698
vn -0.003921509 0.99999225 -0.00034526698
vn 0.0039215684 0.99999225 -0.00034526698
vn 0.0039215684 0.99999225 -0.00034526698
vn 0.0039215684 0.99999225 -0.00034526698
vn 0.0039215684 0.99999225 -0.00034526698
vn 0.0039215684 0.99999225 -0.00034526698
vn 0.0039215684 0.99999225 -0.00034526698
vn 0.0039215684 0.99999225 -0.00034526698
vn 0.011763923 0.99993086 -0
vn 0.011763923 0.99993086 -0
vn 0.066666186 0.99214923 0.10580898
vn -0.003921509 -0.9999924 -0
vn -0.003921509 -0.9999924 -0
vn 0.0039215684 -0.9999924 -0
vn -0.003921509 -0.9999924 -0
vn -0.003921509 -0.9999924 -0
vn -0.003921509 -0.9999924 -0
vn 0.0039215684 -0.9999924 -0
vn -0.003921509 -0.9999924 -0
vn 0.0039215684 -0.9999924 -0
vn -0.003921509 -0.9999924 -0
vn 0.0039215684 -0.9999924 -0
vn 0.0039215684 -0.9999924 -0
vn 0.0039215684 -0.9999924 -0
vn 0.0039215684 -0.9999924 -0
vn -0.99999225 0.003921509 -0.00034492963
vn -0.99999225 -0.0039215684 -0.00034425134
vn -0.99999225 0.003921509 -0.00034492963
vn -0.99999225 -0.0039215684 -0.00034425134
vn -0.74117076 -0.019607723 -0.67103016
vn -0.6078384 -0.011764646 -0.7939736
vn -0.670583 -0.0039215684 -0.74182415
vn -0.41960454 -0.0039215684 -0.9076986
vn -0.050979972 -0.0039215684 -0.998692
vn -0.02745068 0.003921509 -0.9996155
vn 0.0039215684 0.003921509 -0.9999846
vn 0.07450926 -0.0039215684 -0.9972126
vn 0.31764466 0.003921509 -0.9482017
vn 0.24705696 -0.0039215684 -0.968993
vn 0.45882004 -0.0039215684 -0.88852054
vn 0.6784262 0.011764526 -0.7345744
vn -0.8431307 0.003921509 0.5376944
vn -0.85881686 -0.0039215684 0.5122677
vn -0.874503 0.003921509 0.4850042
vn -0.8980323 -0.0039215684 0.439912
vn -0.9294046 -0.0039215684 0.36904156
vn -0.9607769 -0.0039215684 0.27729464
vn -0.9529338 0.003921509 0.30315316
vn -0.9764631 -0.0039215684 0.21564901
vn -0.9764631 0.003921509 0.21564901
vn 0.07450926 0.003921509 0.9972126
vn 0.11372465 0.003921509 0.9935046
vn 0.11372465 0.003921509 0.9935046
vn 0.07450926 -0.0039215684 0.9972126
vn 0.0039215684 0.003921509 0.9999846
vn -0.003921509 -0.0039215684 0.9999846
vn -0.08235228 0.003921509 0.99659556
vn -0.08235228 0.003921509 0.99659556
vn -0.12156761 0.003921509 0.9925754
vn -0.12156761 0.003921509 0.9925754
vn 0.9999924 0.003921509 -0
vn 0.9999924 0.003921509 -0
vn 0.9999924 0.003921509 -0
vn 0.9999924 0.003921509 -0
vn 0.9999924 0.003921509 -0
vn 0.9999924 0.003921509 -0
vn -0.99999225 -0.0039215684 -0.00034425134
vn -0.99999225 -0.0039215684 -0.00034425134
vn -0.99999225 -0.0039215684 -0.00034425134
vn -0.99999225 0.003921509 -0.00034492963
vn -0.99999225 0.003921509 -0.00034492963
vn -0.99999225 0.003921509 -0.00034492963
vn -0.003921509 -0.9999924 -0
vn -0.003921509 -0.9999924 -0
vn -0.003921509 -0.9999924 -0
vn -0.003921509 -0.9999924 -0
vn -0.003921509 -0.9999924 -0
vn -0.003921509 -0.9999924 -0
vn -0.066666126 -0.9921493 0.105808415
vn -0.003921509 -0.9999924 -0
vn -0.0901953 -0.96862006 0.231603
vn -0.003921509 -0.9999924 -0
vn -0.011763803 -0.99993086 -0
vn -0.003921509 -0.9999924 -0
vn -0.003921509 -0.9999924 -0
vn -0.003921509 -0.9999924 -0
vn -0.003921509 -0.9999924 -0
vn 0.0039215684 -0.9999924 -0
vn -0.066518985 -0.9977852 -0
vn -0.25489998 -0.94509083 0.2045221
vn -0.262743 -0.94509083 0.19434361
vn -0.25489998 -0.94509083 0.2045221
vn -0.262743 -0.94509083 0.19434361
vn -0.27842915 -0.9529339 0.11997568
vn -0.2941153 -0.94509083 0.14247629
vn -0.30195844 -0.94509083 0.124997616
vn -0.30195844 -0.94509083 0.124997616
vn -0.30980146 -0.94509083 0.10404974
vn -0.30980146 -0.94509083 0.10404974
vn -0.30980146 -0.94509083 0.10404974
vn -0.3176446 -0.94509083 0.07684537
vn -0.30980146 -0.94509083 0.10404974
vn -0.3176446 -0.94509083 0.07684537
vn -0.3091745 -0.9510054 -0
vn -0.3091745 -0.9510054 -0
vn -0.3176446 -0.94509083 0.07684537
vn -0.3176446 -0.94509083 -0.07684537
vn -0.3176446 -0.94509083 -0.07684537
vn -0.3176446 -0.94509083 0.07684537
vn -0.285553 -0.95836294 -0
vn -0.3176446 -0.94509083 -0.07684537
vn -0.3176446 -0.94509083 -0.07684537
vn -0.30195844 -0.9529339 -0.027167708
vn -0.23921382 -0.96862006 -0.067467675
vn -0.3091745 -0.9510054 -0
vn -0.30980146 -0.94509083 -0.10404974
vn -0.30980146 -0.94509083 -0.10404974
vn -0.30980146 -0.94509083 -0.10404974
vn -0.30195844 -0.9529339 -0.027167708
vn -0.30195844 -0.94509083 -0.124997616
vn -0.30980146 -0.94509083 -0.10404974
vn -0.30195844 -0.94509083 -0.124997616
vn -0.2941153 -0.94509083 -0.14247629
vn -0.2862723 -0.9529339 -0.099825755
vn -0.27058613 -0.9529339 -0.13674839
vn -0.262743 -0.94509083 -0.19434361
vn -0.25489998 -0.9529339 -0.16414313
vn -0.25489998 -0.94509083 -0.2045221
vn -0.003921509 -0.94509083 0.32678422
vn -0.003921509 -0.94509083 0.32678422
vn -0.003921509 -0.94509083 0.32678422
vn 0.0039215684 -0.94509083 0.32678422
vn 0.9999924 0.003921509 -0
vn 0.9999924 0.003921509 -0
vn 0.9999924 0.003921509 -0
vn 0.9999924 0.003921509 -0
vn 0.9999924 -0.0039215684 -0
vn 0.9999924 0.003921509 -0
vn 0.9999924 -0.0039215684 -0
vn 0.9999924 -0.0039215684 -0
vn 0.9999924 -0.0039215684 -0
vn 0.9999924 -0.0039215684 -0
vn -0.99999225 -0.0039215684 -0.00034425134
vn -0.99999225 -0.0039215684 -0.00034425134
vn -0.99999225 -0.0039215684 -0.00034425134
vn -0.99993086 -0.011763923 -0
vn 0.9999924 0.003921509 -0
vn 0.9999924 0.003921509 -0
vn 0.9999924 0.003921509 -0
vn 0.9999924 0.003921509 -0
vn 0.76470006 -0.0039215684 -0.6443745
vn 0.7411708 -0.0039215684 -0.67130506
vn 0.76470006 -0.0039215684 -0.6443745
vn 0.7490139 -0.0039215684 -0.6625427
vn 0.7411708 -0.0039215684 -0.67130506
vn -0.035293818 0.02745068 -0.9989999
vn -0.05882299 0.019607663 -0.99807584
vn 0.0039215684 0.035293818 -0.99936926
vn -0.08235228 0.011764526 -0.9965339
vn -0.03527213 0.9993777 -0
vn -0.03527213 0.9993777 -0
vn -0.03527213 0.9993777 -0
vn -0.03527213 0.9993777 -0
vn 0.011763923 0.99993086 -0
vn 0.011763923 0.99993086 -0
vn -0.050914247 0.998703 -0
vn -0.058721937 0.9982743 -0
vn -0.058721937 0.9982743 -0
vn -0.050914247 0.998703 -0
vn -0.04309709 0.9990709 -0
vn -0.03527213 0.9993777 -0
vn -0.07430375 0.99723566 -0
vn -0.07430375 0.99723566 -0
vn -0.06651899 0.9977852 -0
vn -0.03527213 0.9993777 -0
vn 0.0039215684 0.99999225 -0.00034526698
vn 0.019604107 0.9998079 -0
vn 0.019604107 0.9998079 -0
vn -0.019604048 0.9998079 -0
vn -0.043136835 0.99214923 0.11738443
vn -0.05882299 0.99214923 0.11036182
vn -0.05882299 0.99214923 0.11036182
vn 0.9999924 -0.0039215684 -0
vn 0.9999924 -0.0039215684 -0
vn 0.9999924 -0.0039215684 -0
vn 0.9999924 -0.0039215684 -0
vn 0.9999924 0.003921509 -0
vn 0.9999924 0.003921509 -0
vn 0.9999924 0.003921509 -0
vn 0.9999924 0.003921509 -0
vn -0.8039154 -0.0039215684 0.5947308
vn -0.8352877 -0.0039215684 0.54979914
vn -0.8117584 -0.0039215684 0.58398026
vn -0.82744455 0.003921509 0.56153375
vn -0.8980323 0.003921509 0.439912
vn -0.88234615 -0.0039215684 0.47058466
vn -0.9215615 -0.0039215684 0.38821262
vn -0.9450908 0.003921509 0.3267844
vn -0.9607769 -0.0039215684 0.27729464
vn -0.9764631 -0.0039215684 0.21564901
vn -0.9843061 0.003921509 0.17642602
vn -0.99214923 -0.0039215684 0.124998085
vn -0.99214923 -0.0039215684 0.124998085
vn -0.035272125 -0.9993777 -0
vn 0.019604106 -0.9998079 -0
vn -0.043097086 -0.9990709 -0
vn 0.14470582 -0.9894748 -0
vn 0.2231437 -0.9747855 -0
vn 0.0039215684 0.003921509 -0.9999846
vn 0.0039215684 0.003921509 -0.9999846
vn 0.0039215684 0.003921509 -0.9999846
vn 0.0039215684 0.003921509 -0.9999846
vn -0.99999225 0.003921509 -0.00034492963
vn -0.99999225 0.003921509 -0.00034492963
vn -0.99999225 0.003921509 -0.00034492963
vn -0.99999225 0.003921509 -0.00034492963
vn -0.99999225 0.003921509 -0.00034492963
vn -0.99999225 0.003921509 -0.00034492963
vn -0.99999225 0.003921509 -0.00034492963
vn -0.99999225 0.003921509 -0.00034492963
vn -0.7254846 -0.0039215684 0.68822724
vn -0.7254846 -0.0039215684 0.68822724
vn -0.70979846 -0.0039215684 0.7043939
vn -0.74117076 -0.0039215684 0.67130506
vn -0.7254846 -0.0039215684 0.68822724
vn -0.70979846 -0.552937 0.43640217
vn -0.70979846 -0.552937 0.43640217
vn -0.70979846 -0.552937 0.43640217
vn -0.70979846 -0.56078005 0.42627677
vn -0.12941074 -0.0039215684 0.99158335
vn -0.13725376 -0.0039215684 0.99052817
vn -0.21568453 0.003921509 0.9764552
vn -0.12156761 0.003921509 0.9925754
vn -0.16078305 -0.0039215684 0.986982
vn -0.25489998 -0.0039215684 0.9669595
vn -0.30195844 0.003921509 0.95331305
vn -0.34117377 -0.0039215684 0.9399921
vn -0.4039184 0.003921509 0.91478664
vn -0.42744768 -0.0039215684 0.9040316
vn -0.47450614 0.003921509 0.8802435
vn -0.42744768 -0.011764646 0.90396357
vn -0.50587845 -0.0039215684 0.86259586
vn -0.5529369 0.003921509 0.8332139
vn -0.5843092 -0.0039215684 0.81152165
vn -0.6078384 0.003921509 0.7940511
vn -0.6156815 -0.0039215684 0.7879853
vn -0.99999225 -0.0039215684 -0.00034425134
vn -0.99999225 -0.0039215684 -0.00034425134
vn -0.99999225 0.003921509 -0.00034492963
vn -0.99999225 -0.0039215684 -0.00034425134
vn -0.003921509 0.003921509 0.9999846
vn -0.003921509 0.003921509 0.9999846
vn -0.003921509 0.003921509 0.9999846
vn -0.003921509 0.003921509 0.9999846
vn -0.011763804 0.99993086 -0
vn -0.019604048 0.9998079 -0
vn -0.12933916 0.9916004 -0
vn -0.16078305 0.9843061 -0.072734654
vn -0.003921509 0.99999225 -0.00034526698
vn -0.56862307 0.81960154 -0.07015082
vn -0.68626916 0.7176415 -0.11842859
vn -0.6941123 0.70979846 0.11997618
vn -0.7333276 0.670583 0.11202224
vn -0.7803861 0.6156815 0.10924181
vn -0.7568569 0.64705384 -0.092135355
vn -0.7880838 0.6155679 -0
vn -0.7803861 0.6156815 -0.10924181
vn -0.91371846 0.39607537 -0.09079028
vn -0.88234615 0.45097685 -0.1344811
vn -0.9993777 0.03527213 -0
vn -0.756206 0.6543336 -0
vn -0.7880838 0.6155679 -0
vn -0.99214923 0.035293818 0.11997603
vn -0.9843061 0.050979972 0.16894545
vn -0.9843061 -0.0039215684 0.17642602
vn -0.9996234 0.027440555 -0
vn -0.99214923 -0.0039215684 0.124998085
vn -0.9764631 -0.0039215684 0.21564901
vn -0.99999225 -0.0039215684 -0.00034425134
vn -0.9764631 -0.0039215684 0.21564901
vn -0.9529338 -0.0039215684 0.30315316
vn -0.99999225 0.003921509 -0.00034492963
vn -0.99999225 -0.0039215684 -0.00034425134
vn -0.99999225 -0.0039215684 -0.00034425134
vn -0.99214923 0.003921509 -0.12499809
vn -0.99214923 -0.0039215684 -0.124998085
vn -0.99214923 0.003921509 -0.12499809
vn -0.9843061 -0.0039215684 -0.17642602
vn -0.9764631 -0.0039215684 -0.21564901
vn -0.9764631 -0.0039215684 -0.21564901
vn -0.9450908 0.003921509 0.3267844
vn -0.82744455 0.003921509 0.56153375
vn -0.79607224 0.003921509 0.6051889
vn -0.9607769 0.003921509 0.27729464
vn -0.96861994 0.003921509 0.2485156
vn -0.9215615 0.003921509 0.38821262
vn -0.91371846 -0.0039215684 0.40632892
vn -0.85881686 -0.0039215684 0.5122677
vn -0.8431307 -0.0039215684 0.5376944
vn -0.7725431 -0.0039215684 0.6349503
vn -0.7725431 -0.0039215684 0.6349503
vn -0.68626916 0.003921509 0.72733706
vn -0.68626916 -0.0039215684 0.72733706
vn -0.5843092 -0.0039215684 0.81152165
vn -0.59215224 -0.011764646 0.80574024
vn -0.4901923 -0.0039215684 0.8716055
vn -0.466663 0.003921509 0.8844265
vn -0.3803892 0.003921509 0.9248182
vn -0.33333075 0.011764526 0.94273657
vn -0.262743 0.003921509 0.9648579
vn -0.20784152 0.003921509 0.97815466
vn -0.1450969 -0.0039215684 0.9894097
vn -0.19215536 -0.0039215684 0.9813567
vn -0.15293992 -0.0039215684 0.9882277
vn -0.074509144 -0.0039215684 0.9972126
vn -0.066666126 0.003921509 0.9977676
vn -0.003921509 0.003921509 0.9999846
vn 0.0274508 0.003921509 0.9996155
vn 0.07450926 0.003921509 0.9972126
vn 0.11372465 0.003921509 0.9935046
vn 0.14509696 -0.0039215684 0.9894097
vn 0.1999985 -0.0039215684 0.97978836
vn 0.18431234 0.003921509 0.9828599
vn 0.2705862 -0.0039215684 0.96268773
vn 0.30980158 -0.0039215684 0.95079315
vn 0.38823235 -0.0039215684 0.9215532
vn 0.39607543 -0.0039215684 0.9182096
vn 0.49803543 0.003921509 0.8671478
vn 0.5058785 -0.0039215684 0.8625958
vn 0.59999543 -0.011764646 0.7999169
vn 0.59999543 -0.019607723 0.7997631
vn 0.6784262 -0.0039215684 0.73465806
vn 0.6784262 -0.0039215684 0.73465806
vn 0.77254313 0.003921509 0.63495016
vn 0.7411708 0.003921509 0.67130506
vn 0.8117585 -0.0039215684 0.5839801
vn 0.8509739 -0.0039215684 0.52519333
vn 0.87450314 0.003921509 0.485004
vn 0.9137185 0.003921509 0.40632877
vn 0.9294047 0.011764526 0.36887467
vn 0.9529339 -0.0039215684 0.30315277
vn 0.9529339 -0.0039215684 0.30315277
vn 0.97646314 -0.0039215684 0.21564874
vn 0.960777 -0.0039215684 0.27729443
vn 0.97646314 0.003921509 0.21564874
vn 0.9843062 0.003921509 0.17642535
vn 0.9921493 -0.0039215684 0.12499761
vn 0.9921493 0.003921509 0.124997616
vn 0.9921493 0.003921509 0.124997616
vn 0.9999924 -0.0039215684 -0
vn 0.9993777 0.035272125 -0
vn 0.9999924 -0.0039215684 -0
vn 0.9999924 0.003921509 -0
vn 0.9999924 -0.0039215684 -0
vn 0.9993777 0.035272125 -0
vn 0.9921493 0.003921509 -0.124997616
vn 0.9921493 -0.0039215684 -0.12499761
vn 0.9843062 -0.0039215684 -0.17642535
vn 0.9921493 0.003921509 -0.124997616
vn 0.97646314 -0.0039215684 -0.21564874
vn 0.97646314 -0.0039215684 -0.21564874
vn 0.96862006 -0.0039215684 -0.24851513
vn 0.960777 0.003921509 -0.27729443
vn 0.9529339 0.003921509 -0.30315277
vn 0.96862006 0.003921509 -0.24851513
vn 0.9215616 0.003921509 -0.38821238
vn 0.9137185 -0.0039215684 -0.40632877
vn 0.87450314 0.003921509 -0.485004
vn 0.8509739 0.003921509 -0.52519333
vn 0.8117585 0.003921509 -0.5839801
vn 0.7882293 0.003921509 -0.61536914
vn 0.73332775 0.003921509 -0.679864
vn 0.72548467 -0.0039215684 -0.6882271
vn 0.654897 -0.0039215684 -0.755708
vn 0.654897 -0.011764646 -0.7556266
vn 0.5686231 -0.0039215684 -0.8225888
vn 0.5686231 -0.0039215684 -0.8225888
vn 0.46666312 0.003921509 -0.8844265
vn 0.49019235 0.003921509 -0.87160546
vn 0.38823235 -0.0039215684 -0.9215532
vn 0.36470312 -0.0039215684 -0.9311156
vn 0.26274312 -0.0039215684 -0.9648579
vn 0.30980158 -0.0039215684 -0.95079315
vn 0.1999985 -0.0039215684 -0.97978836
vn 0.14509696 -0.0039215684 -0.9894097
vn 0.19215542 -0.0039215684 -0.9813567
vn 0.15294003 -0.0039215684 -0.98822767
vn 0.07450926 -0.0039215684 -0.9972126
vn 0.07450926 -0.0039215684 -0.9972126
vn 0.0039215684 -0.0039215684 -0.9999846
vn -0.02745068 0.003921509 -0.9996155
vn -0.074509144 -0.0039215684 -0.9972126
vn -0.12156761 0.003921509 -0.9925754
vn -0.1450969 -0.0039215684 -0.9894097
vn -0.19999838 -0.0039215684 -0.97978836
vn -0.18431222 -0.0039215684 -0.9828599
vn -0.262743 -0.0039215684 -0.9648579
vn -0.30980146 -0.0039215684 -0.9507932
vn -0.39607537 -0.0039215684 -0.9182096
vn -0.36470306 -0.0039215684 -0.9311156
vn -0.48234916 0.003921509 -0.87597024
vn -0.50587845 0.003921509 -0.86259586
vn -0.5999954 -0.011764646 -0.799917
vn -0.5999954 -0.011764646 -0.799917
vn -0.70979846 -0.0039215684 -0.7043939
vn -0.670583 0.003921509 -0.74182415
vn -0.7568569 -0.0039215684 -0.6535688
vn -0.8039154 0.003921509 -0.5947308
vn -0.8117584 0.011764526 -0.5838749
vn -0.86666 0.003921509 -0.49888384
vn -0.874503 0.011764526 -0.48487735
vn -0.91371846 0.011764526 -0.40617752
vn -0.9294046 0.019607663 -0.36854115
vn -0.9607769 0.003921509 -0.27729464
vn -0.9529338 0.003921509 -0.30315316
vn -0.96861994 0.003921509 -0.2485156
vn -0.96861994 -0.0039215684 -0.2485156
vn 0.10588157 0.99214923 0.066550605
vn 0.0039215684 0.99999225 -0.00034526698
vn 0.011763923 0.99993086 -0
vn 0.019604107 0.9998079 -0
vn 0.011763923 0.99993086 -0
vn 0.098038495 0.99214923 0.07764248
vn 0.37206584 0.92820626 -0
vn 0.7097985 0.6941123 0.119975805
vn 0.74892175 0.66265845 -0
vn 0.7803862 0.6156815 0.109240994
vn 0.7411708 0.670583 -0.03137278
vn 0.55198705 0.8338527 -0
vn 0.7803862 0.6156815 0.109240994
vn 0.9137185 0.38823223 0.119975805
vn 0.9137185 0.39607537 0.09078962
vn 0.7882293 0.6078384 0.09605778
vn 0.7803862 0.6156815 -0.109240994
vn 0.9137185 0.38823223 -0.119975805
vn 0.9137185 0.3803892 -0.14290732
vn 0.7803862 0.6156815 -0.109240994
vn 0.7411708 0.66274 -0.10696508
vn 0.69411236 0.70979846 -0.11997568
vn 0.4431339 0.8901892 -0.105809264
vn 0.56078005 0.2941153 0.7739651
vn 0.49803543 0.41960454 0.75887597
vn 0.49803543 0.41960454 0.75887597
vn 0.5137216 0.41176152 0.7526902
vn 0.6392108 0.050979972 0.76733994
vn 0.6470539 0.003921509 0.7624342
vn 0.6470539 0.003921509 0.7624342
vn 0.7097985 -0.552937 0.4364021
vn 0.7097985 -0.552937 0.4364021
vn 0.7097985 -0.552937 0.4364021
vn 0.7097985 -0.56078005 0.42627668
vn -0.003921509 0.011764526 0.9999231
vn -0.003921509 0.011764526 0.9999231
vn -0.003921509 0.003921509 0.9999846
vn 0.0039215684 0.003921509 0.9999846
vn 0.0039215684 0.99999225 -0.00034526698
vn 0.0039215684 0.99999225 -0.00034526698
vn 0.0039215684 0.99999225 -0.00034526698
vn 0.0039215684 0.99999225 -0.00034526698
vn 0.0039215684 0.99999225 -0.00034526698
vn 0.0039215684 0.99999225 -0.00034526698
vn 0.0039215684 0.99999225 -0.00034526698
vn 0.0039215684 0.99999225 -0.00034526698
vn 0.03527219 0.9993777 -0
vn 0.0039215684 0.99999225 -0.00034526698
vn 0.0039215684 0.99999225 -0.00034526698
vn 0.0039215684 0.99999225 -0.00034526698
vn 0.0039215684 0.99999225 -0.00034526698
vn 0.0039215684 0.99999225 -0.00034526698
vn -0.003921509 0.99999225 -0.00034526698
vn -0.011763804 0.99993086 -0
vn -0.003921509 0.99999225 -0.00034526698
vn -0.003921509 0.99999225 -0.00034526698
vn 0.0039215684 0.99999225 -0.00034526698
vn -0.003921509 0.99999225 -0.00034526698
vn 0.0039215684 0.99999225 -0.00034526698
vn 0.0039215684 0.99999225 -0.00034526698
vn 0.0039215684 0.99999225 -0.00034526698
vn -0.003921509 0.99999225 -0.00034526698
vn -0.003921509 0.99999225 -0.00034526698
vn -0.003921509 0.99999225 -0.00034526698
vn -0.003921509 0.99999225 -0.00034526698
vn -0.003921509 0.99999225 -0.00034526698
vn -0.003921509 0.99999225 -0.00034526698
vn -0.003921509 0.99999225 -0.00034526698
vn -0.003921509 0.99999225 -0.00034526698
vn -0.003921509 0.99999225 -0.00034526698
vn -0.003921509 0.99999225 -0.00034526698
vn -0.003921509 0.99999225 -0.00034526698
vn -0.003921509 0.99999225 -0.00034526698
vn 0.0039215684 0.99999225 -0.00034526698
vn 0.0039215684 0.99999225 -0.00034526698
vn 0.0039215684 0.99999225 -0.00034526698
vn -0.79607224 -0.45882004 -0.39465576
vn -0.7254846 -0.5450939 -0.42017224
vn -0.7725431 -0.49019235 -0.40359467
vn -0.7176415 -0.552937 -0.42338094
vn 0.73332775 -0.5372508 -0.41664374
vn 0.73332775 -0.5372508 -0.41664374
vn 0.7176416 -0.552937 -0.42338073
vn 0.70195544 -0.5686231 -0.42886627
vn -0.003921509 0.011764526 -0.9999231
vn 0.0039215684 0.003921509 -0.9999846
vn 0.0039215684 0.003921509 -0.9999846
vn 0.0039215684 0.003921509 -0.9999846
vn -0.003921509 -0.9999924 -0
vn -0.003921509 -0.9999924 -0
vn -0.003921509 -0.9999924 -0
vn -0.003921509 -0.9999924 -0
vn -0.003921509 -0.9999924 -0
vn -0.003921509 -0.9999924 -0
vn -0.003921509 -0.9999924 -0
vn -0.003921509 -0.9999924 -0
vn -0.003921509 -0.9999924 -0
vn 0.0039215684 -0.9999924 -0
vn -0.003921509 -0.9999924 -0
vn -0.003921509 -0.9999924 -0
vn -0.003921509 -0.9999924 -0
vn -0.066666126 -0.9921493 -0.105808415
vn -0.1450969 -0.97646314 -0.15958264
vn -0.011763803 -0.99993086 -0
vn -0.1450969 -0.9843062 -0.100439765
vn -0.9607769 -0.23921388 -0.14030115
vn -0.9215615 -0.23921388 -0.30577955
vn -0.8901892 -0.035293877 -0.45422193
vn -0.8901892 -0.09019542 -0.44657364
vn -0.76469994 -0.39607543 -0.5082896
vn -0.86666 0.003921509 -0.49888384
vn 0.49803543 0.41960454 -0.75887597
vn 0.56078005 0.2941153 -0.7739651
vn 0.49803543 0.41960454 -0.75887597
vn 0.5137216 0.41176152 -0.7526902
vn 0.6392108 0.050979972 -0.76733994
vn 0.6470539 0.003921509 -0.7624342
vn 0.6470539 0.003921509 -0.7624342
vn 0.011763922 -0.99993086 -0
vn -0.003921509 -0.9999924 -0
vn -0.011763803 -0.99993086 -0
vn 0.019604106 -0.9998079 -0
vn 0.027440673 -0.9996234 -0
vn 0.035272185 -0.9993777 -0
vn -0.70710677 -0.7071068 -0
vn -0.70979846 -0.70195544 0.05869158
vn -0.70710677 -0.7071068 -0
vn -0.7148764 -0.6992508 -0
vn -0.56862307 0.27058613 -0.7768211
vn -0.4901923 0.41960454 -0.76396567
vn -0.4980353 0.41960454 -0.758876
vn -0.50587845 0.41176152 -0.7579838
vn -0.6392107 0.043136835 -0.7678209
vn -0.64705384 0.003921509 -0.76243424
vn -0.64705384 0.003921509 -0.76243424
vn -0.64705384 0.003921509 -0.76243424
vn -0.67842615 0.011764526 0.7345744
vn -0.6941123 0.003921509 0.7198561
vn -0.68626916 0.011764526 0.7272525
vn -0.7019553 -0.0039215684 0.71221024
vn -0.5294076 -0.4039185 -0.7460412
vn -0.51372147 -0.41960466 -0.74834627
vn -0.5294076 -0.4039185 -0.7460412
vn -0.53725076 -0.39607543 -0.7446381
vn -0.011763804 0.99993086 -0
vn 0.0039215684 0.99999225 -0.00034526698
vn 0.0039215684 0.99999225 -0.00034526698
vn 0.011763923 0.99993086 -0
vn -0.003921509 0.99999225 -0.00034526698
vn -0.003921509 0.99999225 -0.00034526698
vn -0.003921509 0.99999225 -0.00034526698
vn 0.0039215684 0.99999225 -0.00034526698
vn 0.0039215684 0.99999225 -0.00034526698
vn 0.0039215684 0.99999225 -0.00034526698
vn 0.0039215684 0.99999225 -0.00034526698
vn 0.0039215684 0.99999225 -0.00034526698
vn 0.0039215684 0.99999225 -0.00034526698
vn -0.011763804 0.99993086 -0
vn -0.003921509 0.99999225 -0.00034526698
vn -0.003921509 0.99999225 -0.00034526698
vn 0.0039215684 0.99999225 -0.00034526698
vn -0.03527213 0.9993777 -0
vn 0.0039215684 0.99999225 -0.00034526698
vn 0.0039215684 0.99999225 -0.00034526698
vn 0.0039215684 0.99999225 -0.00034526698
vn 0.011763923 0.99993086 -0
vn 0.0039215684 0.99999225 -0.00034526698
vn 0.0039215684 0.99999225 -0.00034526698
vn 0.0039215684 0.99999225 -0.00034526698
vn -0.003921509 0.99999225 -0.00034526698
vn -0.003921509 0.99999225 -0.00034526698
vn 0.0039215684 0.99999225 -0.00034526698
vn 0.0039215684 0.99999225 -0.00034526698
vn -0.003921509 0.99999225 -0.00034526698
vn 0.0039215684 0.99999225 -0.00034526698
vn -0.003921509 0.99999225 -0.00034526698
vn -0.043136835 0.99214923 0.11738443
vn -0.003921509 0.99999225 -0.00034526698
vn 0.0039215684 0.99999225 -0.00034526698
vn 0.0039215684 0.99999225 -0.00034526698
vn -0.003921509 0.99999225 -0.00034526698
vn 0.0039215684 0.99999225 -0.00034526698
vn 0.0039215684 0.99999225 -0.00034526698
vn 0.0039215684 0.99999225 -0.00034526698
vn 0.0039215684 0.99999225 -0.00034526698
vn -0.003921509 0.99999225 -0.00034526698
vn -0.003921509 0.99999225 -0.00034526698
vn -0.003921509 0.99999225 -0.00034526698
vn 0.0039215684 0.99999225 -0.00034526698
vn 0.04309721 0.9990709 -0
vn -0.003921509 0.99999225 -0.00034526698
vn -0.003921509 0.99999225 -0.00034526698
vn 0.0039215684 0.99999225 -0.00034526698
vn 0.0039215684 0.99999225 -0.00034526698
vn 0.0039215684 0.99999225 -0.00034526698
vn -0.003921509 0.99999225 -0.00034526698
vn -0.003921509 0.99999225 -0.00034526698
vn -0.003921509 0.99999225 -0.00034526698
vn -0.003921509 0.99999225 -0.00034526698
vn 0.06651905 0.9977852 -0
vn -0.003921509 0.99999225 -0.00034526698
vn -0.003921509 0.99999225 -0.00034526698
vn -0.003921509 0.99999225 -0.00034526698
vn 0.0039215684 0.99999225 -0.00034526698
vn -0.003921509 0.99999225 -0.00034526698
vn -0.003921509 0.99999225 -0.00034526698
vn -0.003921509 0.99999225 -0.00034526698
vn -0.003921509 0.99999225 -0.00034526698
vn 0.0039215684 0.99999225 -0.00034526698
vn 0.07450926 0.9843061 -0.15996838
vn 0.0039215684 0.99999225 -0.00034526698
vn -0.003921509 0.9843061 -0.17642602
vn -0.5294076 -0.011764646 0.84828603
vn -0.47450614 -0.0039215684 0.8802435
vn -0.41176152 -0.0039215684 0.9112832
vn -0.5529369 -0.011764646 0.8331401
vn -0.7019553 0.019607663 0.7119511
vn 0.86363715 -0.504114 -0
vn 0.86666006 -0.49803543 0.029343884
vn 0.86363715 -0.504114 -0
vn 0.86666006 -0.49803543 0.029343884
vn 0.756857 -0.0039215684 -0.6535688
vn 0.76470006 -0.0039215684 -0.6443745
vn 0.7882293 -0.0039215684 -0.61536914
vn 0.7882293 -0.0039215684 -0.61536914
vn -0.16078305 0.019607663 -0.986795
vn -0.12941074 0.011764526 -0.9915213
vn -0.0901953 0.003921509 -0.99591637
vn -0.22352767 0.035293818 -0.9740584
vn -0.003921509 0.99999225 -0.00034526698
vn 0.0039215684 0.99999225 -0.00034526698
vn -0.003921509 0.99999225 -0.00034526698
vn 0.0039215684 0.99999225 -0.00034526698
vn 0.0039215684 0.99999225 -0.00034526698
vn -0.003921509 0.99999225 -0.00034526698
vn 0.0039215684 0.9450908 0.3267844
vn 0.0039215684 0.99999225 -0.00034526698
vn 0.03527219 0.9993777 -0
vn 0.0039215684 -0.94509083 -0.32678422
vn 0.0039215684 -0.94509083 -0.32678422
vn 0.0039215684 -0.94509083 -0.32678422
vn 0.0039215684 -0.94509083 -0.32678422
vn -0.22352767 -0.07450926 -0.97184557
vn -0.13725376 -0.0274508 -0.9901555
vn -0.3176446 -0.10588157 -0.9422797
vn -0.019607663 0.019607663 -0.9996155
vn -0.011764526 0.02745068 -0.9995539
vn 0.0039215684 0.99999225 -0.00034526698
vn 0.0039215684 0.99999225 -0.00034526698
vn 0.0039215684 0.99999225 -0.00034526698
vn 0.0039215684 0.99999225 -0.00034526698
vn 0.0039215684 0.99999225 -0.00034526698
vn 0.0039215684 0.99999225 -0.00034526698
vn 0.0039215684 0.99999225 -0.00034526698
vn 0.0039215684 0.99999225 -0.00034526698
vn 0.0039215684 0.99999225 -0.00034526698
vn 0.0039215684 0.99999225 -0.00034526698
vn 0.0039215684 0.99999225 -0.00034526698
vn 0.0039215684 0.99999225 -0.00034526698
vn 0.0039215684 0.99999225 -0.00034526698
vn 0.0039215684 0.99999225 -0.00034526698
vn -0.003921509 0.99999225 -0.00034526698
vn -0.003921509 0.99999225 -0.00034526698
vn -0.003921509 0.99999225 -0.00034526698
vn -0.003921509 0.99999225 -0.00034526698
vn -0.003921509 0.99999225 -0.00034526698
vn 0.0039215684 0.99999225 -0.00034526698
vn 0.0039215684 0.99999225 -0.00034526698
vn 0.0039215684 0.99999225 -0.00034526698
vn 0.0039215684 0.99999225 -0.00034526698
vn 0.0039215684 0.99999225 -0.00034526698
vn -0.003921509 0.99999225 -0.00034526698
vn -0.003921509 0.99999225 -0.00034526698
vn -0.003921509 0.99999225 -0.00034526698
vn -0.003921509 0.99999225 -0.00034526698
vn -0.003921509 0.99999225 -0.00034526698
vn -0.003921509 0.99999225 -0.00034526698
vn -0.003921509 0.99999225 -0.00034526698
vn -0.003921509 0.99999225 -0.00034526698
vn -0.011763804 0.99993086 -0
vn -0.011763804 0.99993086 -0
vn -0.011763804 0.99993086 -0
vn -0.003921509 0.99999225 -0.00034526698
vn -0.003921509 0.99999225 -0.00034526698
vn -0.003921509 0.99999225 -0.00034526698
vn -0.003921509 0.99999225 -0.00034526698
vn -0.003921509 0.99999225 -0.00034526698
vn -0.003921509 0.99999225 -0.00034526698
vn 0.9215616 -0.0039215684 -0.38821238
vn 0.93724775 0.003921509 -0.34864205
vn 0.94509083 -0.0039215684 -0.32678422
vn 0.9294047 0.003921509 -0.36904138
vn 0.89803237 0.003921509 -0.43991193
vn 0.960777 0.011764526 -0.27707252
vn 0.8901893 -0.0039215684 -0.455574
vn 0.97646314 -0.0039215684 -0.21564874
vn 0.858817 0.003921509 -0.51226753
vn 0.9921493 -0.0039215684 -0.12499761
vn 0.8509739 -0.0039215684 -0.52519333
vn 0.99993086 0.011763803 -0
vn 0.8117585 0.003921509 -0.5839801
vn 0.99993086 -0.011763922 -0
vn 0.79607236 -0.0039215684 -0.6051888
vn 0.9921493 0.003921509 0.124997616
vn 0.756857 0.003921509 -0.6535688
vn 0.9843062 0.011764526 0.17607634
vn 0.73332775 -0.0039215684 -0.679864
vn 0.96862006 0.011764526 0.24826749
vn 0.69411236 0.003921509 -0.71985596
vn 0.654897 -0.0039215684 -0.755708
vn 0.62352467 0.003921509 -0.7817939
vn 0.5686231 -0.0039215684 -0.8225888
vn 0.552937 0.003921509 -0.83321387
vn 0.48234928 -0.0039215684 -0.8759702
vn 0.4745062 0.003921509 -0.8802434
vn 0.41176158 -0.0039215684 -0.91128314
vn 0.39607543 0.003921509 -0.9182096
vn 0.3333308 -0.0039215684 -0.9428018
vn 0.93724775 0.003921509 0.34864205
vn 0.32548773 0.003921509 -0.94553816
vn 0.93724775 0.003921509 0.34864205
vn 0.93724775 -0.0039215684 0.34864205
vn 0.9215616 -0.0039215684 0.38821238
vn 0.9215616 0.003921509 0.38821238
vn 0.8901893 -0.0039215684 0.455574
vn 0.8823462 0.003921509 0.4705845
vn 0.8431308 -0.0039215684 0.53769416
vn 0.8431308 0.003921509 0.53769416
vn 0.79607236 0.003921509 0.6051888
vn 0.79607236 0.003921509 0.6051888
vn 0.7411708 -0.0039215684 0.67130506
vn 0.7411708 0.003921509 0.67130506
vn 0.69411236 -0.0039215684 0.71985596
vn 0.6862693 0.003921509 0.727337
vn 0.62352467 -0.0039215684 0.7817939
vn 0.62352467 0.003921509 0.7817939
vn 0.56078005 -0.0039215684 0.82795554
vn 0.552937 0.003921509 0.83321387
vn 0.49019235 0.003921509 0.87160546
vn 0.48234928 0.003921509 0.8759702
vn 0.41176158 0.003921509 0.91128314
vn 0.41176158 0.003921509 0.91128314
vn 0.3333308 -0.0039215684 0.9428018
vn 0.3333308 0.003921509 0.9428018
vn 0.2705862 -0.0039215684 0.96268773
vn 0.2705862 0.003921509 0.96268773
vn 0.23921388 0.003921509 0.970959
vn 0.2313708 0.003921509 0.9728577
vn 0.16862619 0.003921509 0.98567224
vn 0.24705696 0.011764526 0.9689295
vn 0.15294003 0.003921509 0.98822767
vn 0.07450926 -0.0039215684 0.9972126
vn 0.066666186 0.003921509 0.9977676
vn -0.050979972 0.003921509 0.998692
vn -0.043136835 0.003921509 0.99906147
vn -0.1450969 0.003921509 0.9894097
vn -0.1450969 -0.0039215684 0.9894097
vn -0.27058613 0.003921509 0.9626878
vn -0.21568453 0.003921509 0.9764552
vn -0.23921382 0.003921509 0.970959
vn -0.27842915 -0.0039215684 0.96044874
vn -0.23921382 0.003921509 0.970959
vn -0.3254876 0.003921509 0.94553816
vn -0.33333075 -0.0039215684 0.94280183
vn -0.39607537 0.003921509 0.9182096
vn -0.41176152 -0.0039215684 0.9112832
vn -0.47450614 0.003921509 0.8802435
vn -0.48234916 -0.0039215684 0.87597024
vn -0.53725076 0.003921509 0.8434135
vn -0.5607799 -0.0039215684 0.8279556
vn -0.6078384 0.003921509 0.7940511
vn -0.62352455 -0.0039215684 0.78179395
vn -0.670583 0.003921509 0.74182415
vn -0.68626916 -0.0039215684 0.72733706
vn -0.7254846 0.003921509 0.68822724
vn -0.74117076 -0.0039215684 0.67130506
vn -0.7803861 0.003921509 0.6252857
vn -0.8039154 -0.0039215684 0.5947308
vn -0.8352877 0.003921509 0.54979914
vn -0.8431307 -0.0039215684 0.5376944
vn -0.874503 0.003921509 0.4850042
vn -0.8901892 -0.0039215684 0.45557418
vn -0.91371846 0.003921509 0.40632892
vn -0.9215615 0.003921509 0.38821262
vn -0.88234615 0.23137069 0.40979618
vn -0.93724763 0.003921509 0.34864238
vn -0.9450908 0.003921509 0.3267844
vn -0.93724763 -0.0039215684 0.34864238
vn -0.9764631 0.011764526 0.21536358
vn -0.9764631 0.02745068 0.21393068
vn -0.99999225 -0.0039215684 -0.00034425134
vn -0.99999225 -0.0039215684 -0.00034425134
vn -0.99214923 0.019607663 -0.123512916
vn -0.9996234 0.027440555 -0
vn -0.96861994 0.003921509 -0.2485156
vn -0.9764631 -0.011764646 -0.21536358
vn -0.9450908 0.003921509 -0.3267844
vn -0.9294046 0.003921509 -0.36904156
vn -0.93724763 -0.0039215684 -0.34864238
vn -0.9215615 -0.0039215684 -0.38821262
vn -0.8980323 0.003921509 -0.439912
vn -0.8901892 -0.0039215684 -0.45557418
vn -0.85881686 0.003921509 -0.5122677
vn -0.8431307 -0.0039215684 -0.5376944
vn -0.8117584 0.003921509 -0.58398026
vn -0.8039154 -0.0039215684 -0.5947308
vn -0.7490138 0.003921509 -0.6625428
vn -0.7490138 -0.0039215684 -0.6625428
vn -0.6941123 0.003921509 -0.7198561
vn -0.6941123 0.003921509 -0.7198561
vn -0.62352455 0.003921509 -0.78179395
vn -0.62352455 0.003921509 -0.78179395
vn -0.5607799 -0.0039215684 -0.8279556
vn -0.5529369 0.003921509 -0.8332139
vn -0.4901923 -0.0039215684 -0.8716055
vn -0.47450614 0.003921509 -0.8802435
vn -0.41176152 -0.0039215684 -0.9112832
vn -0.39607537 0.003921509 -0.9182096
vn -0.33333075 -0.0039215684 -0.94280183
vn -0.3254876 0.003921509 -0.94553816
vn -0.27842915 -0.0039215684 -0.96044874
vn -0.262743 0.003921509 -0.9648579
vn -0.23137069 -0.0039215684 -0.9728578
vn -0.22352767 0.003921509 -0.9746897
vn -0.19215536 0.003921509 -0.9813567
vn -0.12941074 -0.0039215684 -0.99158335
vn -0.1450969 0.003921509 -0.9894097
vn -0.011764526 -0.019607723 -0.9997385
vn -0.035293818 0.003921509 -0.99936926
vn 0.08235234 -0.019607723 -0.99641037
vn 0.121567726 -0.0274508 -0.9922035
vn 0.22352773 0.003921509 -0.97468966
vn 0.21568465 0.003921509 -0.9764552
vn 0.26274312 0.003921509 -0.9648579
vn 0.24705696 0.003921509 -0.968993
vn 0.2705862 0.003921509 -0.96268773
vn -0.003921509 0.7019553 -0.71221024
vn -0.003921509 0.7019553 -0.71221024
vn -0.003921509 0.70979846 -0.7043939
vn -0.003921509 0.70979846 -0.7043939
vn 0.9282063 -0.37206584 -0
vn 0.9294047 -0.34901696 -0.11997534
vn 0.9282063 -0.37206584 -0
vn 0.9294047 -0.34901696 -0.11997534
vn 0.9999924 -0.0039215684 -0
vn 0.9999924 -0.0039215684 -0
vn 0.9999924 -0.0039215684 -0
vn 0.9999924 -0.0039215684 -0
vn 0.7176416 -0.0039215684 0.6964016
vn 0.72548467 -0.0039215684 0.6882271
vn 0.72548467 -0.0039215684 0.6882271
vn 0.7176416 -0.0039215684 0.6964016
vn -0.8636371 -0.504114 -0
vn -0.86666 -0.49803543 -0.029345917
vn -0.8636371 -0.504114 -0
vn -0.86666 -0.49803543 -0.029345917
vn -0.86666 -0.49803543 -0.029345917
vn -0.99999225 0.003921509 -0.00034492963
vn -0.99999225 -0.0039215684 -0.00034425134
vn -0.99999225 0.003921509 -0.00034492963
vn -0.9450908 0.003921509 -0.3267844
vn -0.9764631 0.003921509 -0.21564901
vn -0.70979846 0.011764526 -0.70430654
vn -0.4980353 -0.019607723 -0.866935
vn -0.050979972 -0.36470312 0.9297272
vn -0.043136835 -0.36470312 0.9301241
vn -0.05882299 -0.36470312 0.92926395
vn -0.05882299 -0.36470312 0.92926395
vn 0.035293877 -0.0039215684 0.99936926
vn 0.035293877 -0.0039215684 0.99936926
vn 0.035293877 -0.0039215684 0.99936926
vn 0.035293877 -0.0039215684 0.99936926
vn -0.8980323 0.003921509 0.439912
vn -0.8980323 0.003921509 0.439912
vn -0.86666 0.003921509 0.49888384
vn -0.86666 -0.0039215684 0.49888384
vn -0.79607224 -0.0039215684 0.6051889
vn -0.8039154 -0.011764646 0.5946273
vn -0.7019553 -0.0039215684 0.71221024
vn -0.74117076 0.003921509 0.67130506
vn -0.65489686 0.003921509 0.7557081
vn -0.5843092 -0.0039215684 0.81152165
vn -0.53725076 0.003921509 0.8434135
vn -0.44313383 -0.0039215684 0.8964469
vn -0.41176152 0.011764526 0.9112157
vn -0.36470306 -0.0039215684 0.9311156
vn -0.35685992 0.003921509 0.9341497
vn 0.9529339 -0.011764646 0.3029498
vn 0.94509083 0.019607663 0.326219
vn 0.9529339 -0.09019542 0.2894508
vn 0.9529339 -0.19215542 0.23450644
vn 0.1999985 0.02745068 -0.9794116
vn 0.23921388 -0.011764646 -0.97089565
vn 0.35686004 -0.0039215684 -0.9341496
vn 0.4745062 -0.043136954 -0.87919456
vn 0.69411236 0.003921509 -0.71985596
vn 0.79607236 -0.011764646 -0.6050871
vn 0.9215616 0.035293818 -0.3866246
vn 0.97646314 -0.0039215684 -0.21564874
vn 0.9998079 0.019604046 -0
vn 0.97646314 -0.0274508 0.21393038
vn 0.89803237 0.050979972 0.43696558
vn 0.8274447 -0.011764646 0.561424
vn 0.756857 0.003921509 0.6535688
vn 0.7490139 0.36470306 0.55314547
vn 0.7097985 -0.07450926 0.70045304
vn -0.82744455 -0.0039215684 -0.56153375
vn -0.8039154 -0.0039215684 -0.5947308
vn -0.81960154 0.003921509 -0.57292056
vn -0.85881686 0.003921509 -0.5122677
vn -0.88234615 -0.0039215684 -0.47058466
vn -0.9215615 0.003921509 -0.38821262
vn -0.91371846 -0.0039215684 -0.40632892
vn -0.9607769 0.003921509 -0.27729464
vn -0.9529338 -0.0039215684 -0.30315316
vn -0.9843061 -0.0039215684 -0.17642602
vn -0.9764631 -0.0039215684 -0.21564901
vn -0.99214923 -0.0039215684 -0.124998085
vn -0.99214923 0.003921509 -0.12499809
vn -0.68626916 -0.0039215684 -0.72733706
vn -0.7019553 0.003921509 -0.71221024
vn -0.7019553 0.003921509 -0.71221024
vn -0.68626916 -0.0039215684 -0.72733706
vn -0.70979846 -0.6705831 -0.2156488
vn -0.70979846 -0.6705831 -0.2156488
vn -0.70979846 -0.6705831 -0.2156488
vn -0.70979846 -0.6705831 -0.2156488
vn -0.25489998 -0.8274447 0.5003612
vn -0.30980146 -0.8509739 0.4241067
vn -0.24705684 -0.8274447 0.50428
vn -0.23921382 -0.8196016 0.5206054
vn 0.20784158 -0.05882311 -0.9763922
vn 0.15294003 -0.011764646 -0.98816544
vn 0.2313708 -0.0039215684 -0.9728577
vn 0.1294108 0.003921509 -0.9915833
vn 0.16078311 0.003921509 -0.986982
vn 0.25490004 -0.0039215684 -0.9669595
vn 0.3019585 0.003921509 -0.953313
vn 0.3411739 -0.0039215684 -0.939992
vn 0.4039185 0.003921509 -0.9147866
vn 0.42744774 -0.0039215684 -0.9040315
vn 0.4745062 0.003921509 -0.8802434
vn 0.42744774 -0.011764646 -0.9039635
vn 0.5058785 -0.0039215684 -0.8625958
vn 0.552937 0.003921509 -0.83321387
vn 0.5843093 -0.0039215684 -0.8115216
vn 0.6078385 0.003921509 -0.794051
vn 0.62352467 -0.0039215684 -0.7817939
vn 0.6078385 -0.0039215684 0.794051
vn 0.6470539 -0.0039215684 0.7624342
vn 0.6470539 -0.0039215684 0.7624342
vn 0.6078385 0.003921509 0.794051
vn 0.09019542 0.5999954 0.79490274
vn 0.16862619 0.7333276 0.65863174
vn 0.066666186 0.5607799 0.8252766
vn 0.25490004 0.6941123 0.67322665
vn 0.25490004 0.6941123 0.67322665
vn 0.3725462 0.7176415 0.58838767
vn 0.36470312 0.7254846 0.58366406
vn 0.48234928 0.670583 0.5636112
vn 0.46666312 0.7725431 0.4305842
vn 0.63136774 0.64705384 0.42742962
vn 0.66274005 0.6392107 0.39010936
vn 0.5843093 0.7725431 0.24851537
vn 0.7411708 0.64705384 0.17884955
vn 0.62352467 0.7803861 0.047059014
vn 0.6705831 0.74117076 0.031370882
vn 0.70195544 0.7019553 -0.12048767
vn 0.6784262 0.7254846 -0.11580143
vn 0.6862693 0.67842615 -0.26224506
vn 0.69411236 0.68626916 -0.21735379
vn 0.5450939 0.7882292 -0.28559998
vn 0.59999543 0.67842615 -0.4239616
vn 0.45097697 0.7882292 -0.41870573
vn 0.4431339 0.67842615 -0.5859781
vn 0.4745062 0.65489686 -0.5881785
vn 0.3019585 0.7882292 -0.53620493
vn 0.27842927 0.70979846 -0.6470419
vn 0.1999985 0.74117076 -0.64083266
vn 0.14509696 0.7019553 -0.69728446
vn 0.07450926 0.7882292 -0.6108544
vn -0.003921509 0.670583 -0.74182415
vn -0.08235228 0.7803861 -0.6198513
vn -0.20784152 0.6941123 -0.6892097
vn -0.21568453 0.68626916 -0.6946329
vn -0.3254876 0.7725431 -0.54519266
vn -0.2941153 0.7019553 -0.64865625
vn -0.33333075 0.79607224 -0.5051333
vn 0.6784262 0.7019553 -0.21678704
vn 0.6392108 0.7254846 -0.25511107
vn 0.6156816 0.74117076 -0.26758558
vn 0.6078385 0.7176415 -0.3398869
vn 0.62352467 0.7019553 -0.34420308
vn 0.5686231 0.70979846 -0.415757
vn 0.56078005 0.7176415 -0.41293642
vn 0.5137216 0.7019553 -0.49330404
vn 0.52940774 0.7019553 -0.47643068
vn 0.46666312 0.70979846 -0.5276473
vn 0.4431339 0.70979846 -0.5475569
vn 0.39607543 0.7176415 -0.5728132
vn 0.34901696 0.70979846 -0.6118605
vn 0.3411739 0.7019553 -0.6251873
vn 0.28627235 0.70979846 -0.64361036
vn 0.26274312 0.70979846 -0.6535688
vn 0.21568465 0.70979846 -0.67057157
vn 0.1999985 0.70979846 -0.67541593
vn 0.18431234 0.7019553 -0.6879591
vn 0.59999543 0.003921509 -0.7999938
vn 0.59999543 0.003921509 -0.7999938
vn 0.59999543 0.003921509 -0.7999938
vn 0.59999543 0.003921509 -0.7999938
vn 0.7882293 -0.5843093 -0.19307318
vn 0.7882293 -0.5843093 -0.19307318
vn 0.7882293 -0.5843093 -0.19307318
vn 0.7882293 -0.59215236 -0.1674819
vn 0.79607236 -0.5843093 -0.1576435
vn 0.80391544 -0.59215236 -0.05545755
vn 0.80391544 -0.59215236 -0.05545755
vn 0.80391544 -0.59215236 -0.05545755
vn 0.8116088 -0.5842015 -0
vn 0.80391544 -0.5843093 0.11091712
vn 0.80391544 -0.59215236 0.05545755
vn 0.79607236 -0.5843093 0.1576435
vn 0.7882293 -0.5843093 0.19307318
vn 0.7882293 -0.5843093 0.19307318
vn 0.7882293 -0.5843093 0.19307318
vn 0.7882293 -0.5843093 0.19307318
vn -0.7176415 0.003921509 -0.6964017
vn -0.7333276 -0.0039215684 -0.6798641
vn -0.7176415 0.003921509 -0.6964017
vn -0.74117076 -0.0039215684 -0.67130506
vn -0.6156815 -0.5058785 -0.6041715
vn -0.6156815 -0.5058785 -0.6041715
vn -0.6078384 -0.49803543 -0.61846036
vn -0.6078384 -0.49803543 -0.61846036
vn -0.003921509 0.003921509 0.9999846
vn 0.011764646 -0.0039215684 0.9999231
vn -0.035293818 0.003921509 0.99936926
vn 0.066666186 -0.0039215684 0.9977676
vn 0.30980158 0.003921509 0.95079315
vn 0.23921388 0.003921509 0.970959
vn 0.59999543 -0.011764646 0.7999169
vn 0.6784262 0.003921509 0.73465806
vn 0.8117585 -0.019607723 0.583664
vn 0.8901893 -0.019607723 -0.45516872
vn 0.90587544 -0.035293877 -0.42207107
vn 0.86666006 0.003921509 -0.49888372
vn 0.858817 0.011764526 -0.5121474
vn 0.1999985 -0.63136774 -0.7492499
vn 0.1999985 -0.63136774 -0.7492499
vn 0.1999985 -0.6392108 -0.7425699
vn 0.1999985 -0.6392108 -0.7425699
vn 0.13725388 -0.654897 -0.7431496
vn 0.69411236 0.003921509 -0.71985596
vn 0.6862693 0.003921509 -0.727337
vn 0.69411236 0.003921509 -0.71985596
vn 0.6862693 0.003921509 -0.727337
vn 0.7176416 -0.66274005 -0.21393031
vn 0.7176416 -0.66274005 -0.21393031
vn 0.7097985 -0.6705831 -0.21564867
vn 0.7097985 -0.6705831 -0.21564867
vn 0.0039215684 -0.0039215684 0.9999846
vn 0.0039215684 -0.0039215684 0.9999846
vn 0.0039215684 -0.0039215684 0.9999846
vn 0.0039215684 -0.0039215684 0.9999846
vn 0.0039215684 -0.0039215684 0.9999846
vn -0.003921509 0.003921509 -0.9999846
vn 0.0039215684 0.003921509 -0.9999846
vn -0.003921509 0.003921509 -0.9999846
vn -0.003921509 0.003921509 -0.9999846
vn -0.003921509 -0.0039215684 -0.9999846
vn 0.1999985 0.003921509 -0.97978836
vn 0.13725388 0.003921509 -0.9905281
vn 0.1999985 0.003921509 -0.97978836
vn 0.1294108 0.003921509 -0.9915833
vn 0.0039215684 0.003921509 -0.9999846
vn -0.003921509 -0.0039215684 -0.9999846
vn -0.12156761 0.003921509 -0.9925754
vn -0.13725376 -0.0039215684 -0.99052817
vn -0.19999838 0.003921509 -0.97978836
vn -0.20784152 -0.0039215684 -0.97815466
vn -0.59215224 0.003921509 -0.8058166
vn -0.5450938 -0.0039215684 -0.8383659
vn -0.5843092 -0.0039215684 -0.81152165
vn -0.5529369 0.003921509 -0.8332139
vn -0.45882 -0.0039215684 -0.8885206
vn -0.47450614 0.003921509 -0.8802435
vn -0.37254608 -0.0039215684 -0.9280054
vn -0.3803892 0.003921509 -0.9248182
vn -0.27058613 -0.0039215684 -0.9626878
vn -0.2941153 0.003921509 -0.9557619
vn -0.18431222 -0.0039215684 -0.9828599
vn -0.19215536 -0.0039215684 -0.9813567
vn -0.1450969 -0.0039215684 -0.9894097
vn -0.12941074 -0.0039215684 -0.99158335
vn -0.18431222 -0.9529339 -0.24071969
vn -0.1764692 -0.94509083 -0.2750671
vn -0.1764692 -0.94509083 -0.2750671
vn -0.15293992 -0.94509083 -0.28881258
vn -0.1450969 -0.94509083 -0.2928313
vn -0.12156761 -0.94509083 -0.3033556
vn -0.0901953 -0.94509083 -0.31411478
vn -0.08235228 -0.94509083 -0.31626165
vn -0.066666126 -0.94509083 -0.31993583
vn -0.066666126 -0.94509083 -0.31993583
vn -0.035293818 -0.9529339 -0.30111676
vn 0.6078385 -0.5058785 -0.6120615
vn 0.6078385 -0.5058785 -0.6120615
vn 0.6156816 -0.49803543 -0.6106528
vn 0.6156816 -0.49803543 -0.6106528
vn 0.70195544 0.003921509 -0.71221006
vn 0.7097985 -0.0039215684 -0.70439386
vn 0.70195544 0.003921509 -0.71221006
vn 0.7176416 -0.0039215684 -0.6964016
vn -0.0901953 -0.52940774 0.84355927
vn -0.0901953 -0.52940774 0.84355927
vn -0.12156761 -0.52156466 0.84450674
vn -0.12941074 -0.52156466 0.8433405
vn 0.0039215684 0.8117584 0.58398026
vn -0.003921509 0.8039154 0.5947308
vn -0.10588145 0.67842615 0.72699875
vn -0.15293992 0.7882292 0.5960739
vn -0.262743 0.67842615 0.6860788
vn -0.2862723 0.7725431 0.5667675
vn -0.4039184 0.670583 0.62222856
vn -0.41176152 0.7490138 0.5190672
vn -0.51372147 0.67842615 0.5251935
vn -0.48234916 0.7725431 0.41293642
vn -0.66274 0.6313677 0.4026792
vn -0.6156815 0.7333276 0.2883866
vn -0.670583 0.7019553 0.23995242
vn -0.74117076 0.66274 0.10696536
vn -0.66274 0.7254846 0.18560116
vn -0.62352455 0.7803861 0.04706028
vn -0.7333276 0.67842615 -0.04436815
vn -0.6392107 0.76469994 -0.08150897
vn -0.7019553 0.68626916 -0.1905083
vn -0.6156815 0.7568569 -0.21932594
vn -0.6392107 0.7019553 -0.31411532
vn -0.5843092 0.7254846 -0.3636686
vn -0.62352455 0.6313677 -0.46107697
vn -0.45097685 0.7803861 -0.43314826
vn -0.42744768 0.79607224 -0.42843613
vn 0.0039215684 -0.79607236 0.6051888
vn -0.003921509 -0.79607236 0.6051888
vn 0.0039215684 -0.79607236 0.6051888
vn -0.003921509 -0.79607236 0.6051888
vn -0.33333075 -0.0039215684 -0.94280183
vn -0.5294076 -0.035293877 -0.8476331
vn -0.33333075 -0.035293877 -0.9421491
vn -0.18431222 0.003921509 -0.9828599
vn 0.043136954 -0.066666186 -0.99684244
vn 0.13725388 -0.05882311 -0.9887877
vn -0.13725376 0.003921509 0.99052817
vn -0.19999838 -0.0039215684 0.97978836
vn -0.19999838 0.003921509 0.97978836
vn -0.11372459 -0.011764646 0.99344265
vn -0.003921509 -0.0274508 0.9996155
vn 0.0039215684 -0.05098003 0.998692
vn 0.121567726 -0.011764646 0.9925134
vn 0.1294108 -0.0039215684 0.9915833
vn 0.1999985 -0.0039215684 0.97978836
vn 0.1999985 0.003921509 0.97978836
vn -0.035293818 -0.3725462 -0.92734224
vn -0.050979972 -0.36470312 -0.9297272
vn -0.050979972 -0.36470312 -0.9297272
vn -0.035293818 -0.3725462 -0.92734224
vn 0.011764646 0.003921509 -0.9999231
vn 0.019607723 0.003921509 -0.9998001
vn 0.019607723 0.003921509 -0.9998001
vn 0.011764646 0.003921509 -0.9999231
vn 0.9999924 -0.0039215684 -0
vn 0.9999924 0.003921509 -0
vn 0.9999924 -0.0039215684 -0
vn 0.9999924 0.003921509 -0
vn 0.66274005 -0.66274005 0.34864205
vn 0.66274005 -0.654897 0.36316055
vn 0.66274005 -0.66274005 0.34864205
vn 0.6705831 -0.654897 0.34846547
vn 0.552937 0.019607663 -0.8329924
vn 0.48234928 -0.0039215684 -0.8759702
vn 0.52156466 0.011764526 -0.85313064
vn 0.5764662 0.02745068 -0.81665975
vn -0.3490169 -0.66274005 -0.6625427
vn -0.3490169 -0.6705831 -0.6546033
vn -0.3490169 -0.66274005 -0.6625427
vn -0.35685992 -0.654897 -0.66615385
vn -0.05882299 -0.0039215684 -0.99826074
vn -0.050979972 -0.0039215684 -0.998692
vn -0.066666126 -0.0039215684 -0.9977676
vn -0.050979972 -0.0039215684 -0.998692
vn 0.07450926 -0.34901696 -0.9341496
vn 0.019607723 -0.38038927 -0.9246186
vn 0.019607723 -0.38038927 -0.9246186
vn 0.07450926 -0.34901696 -0.9341496
vn -0.6156815 -0.49803543 0.6106529
vn -0.6156815 -0.49803543 0.6106529
vn -0.6156815 -0.49803543 0.6106529
vn -0.6156815 -0.49803543 0.6106529
vn -0.70979846 -0.0039215684 0.7043939
vn -0.7019553 -0.0039215684 0.71221024
vn -0.7490138 -0.019607723 0.6622642
vn -0.7568569 -0.019607723 0.6532864
vn -0.22352767 -0.94509083 0.23840867
vn -0.22352767 -0.94509083 0.23840867
vn -0.22352767 -0.94509083 0.23840867
vn -0.22352767 -0.94509083 0.23840867
vn -0.99999225 0.003921509 -0.00034492963
vn -0.99999225 -0.0039215684 -0.00034425134
vn -0.99993086 -0.011763923 -0
vn -0.99999225 0.003921509 -0.00034492963
vn -0.93724763 -0.0039215684 -0.34864238
vn -0.85097384 -0.066666186 -0.5209598
vn -0.30195844 -0.90587544 0.29700297
vn -0.41176152 -0.8431308 0.3458075
vn -0.53725076 -0.7490139 0.38773683
vn -0.27058613 -0.9215616 0.27840146
vn -0.99999225 -0.0039215684 -0.00034425134
vn -0.99999225 -0.0039215684 -0.00034425134
vn -0.99999225 -0.0039215684 -0.00034425134
vn -0.99999225 -0.0039215684 -0.00034425134
vn -0.9294046 -0.36470312 -0.056556903
vn -0.92820626 -0.37206584 -0
vn -0.92820626 -0.37206584 -0
vn -0.9294046 -0.36470312 -0.056556903
vn -0.7176415 -0.0039215684 0.6964017
vn -0.7176415 -0.0039215684 0.6964017
vn -0.7176415 0.003921509 0.6964017
vn -0.70979846 0.003921509 0.7043939
vn -0.66274 -0.66274005 -0.34864214
vn -0.66274 -0.66274005 -0.34864214
vn -0.65489686 -0.6705831 -0.34846577
vn -0.65489686 -0.6784262 -0.33293843
vn -0.99999225 0.003921509 -0.00034492963
vn -0.99999225 0.003921509 -0.00034492963
vn -0.99999225 0.003921509 -0.00034492963
vn -0.99999225 0.003921509 -0.00034492963
vn 0.756857 -0.0039215684 -0.6535688
vn 0.83528775 -0.043136954 -0.54811823
vn 0.77254313 -0.011764646 -0.6348533
vn 0.8509739 -0.05098003 -0.5227279
vn 0.89803237 0.011764526 -0.4397721
vn 0.89803237 0.003921509 -0.43991193
vn 0.858817 0.003921509 -0.51226753
vn 0.86666006 -0.0039215684 -0.49888372
vn 0.76470006 -0.0039215684 -0.6443745
vn 0.79607236 0.003921509 -0.6051888
vn 0.70195544 0.003921509 -0.71221006
vn 0.6470539 -0.0039215684 -0.7624342
vn 0.5764662 0.003921509 -0.81711155
vn 0.5137216 -0.0039215684 -0.857948
vn 0.45882004 0.011764526 -0.88845134
vn 0.39607543 0.003921509 -0.9182096
vn 0.38038927 0.011764526 -0.92475164
vn 0.36470312 -0.0039215684 -0.9311156
vn 0.3411739 -0.6705831 0.658725
vn 0.3411739 -0.6705831 0.658725
vn 0.34901696 -0.66274005 0.6625427
vn 0.34901696 -0.66274005 0.6625427
vn -0.011764526 0.003921509 0.9999231
vn -0.011764526 0.003921509 0.9999231
vn -0.011764526 0.003921509 0.9999231
vn -0.019607663 0.003921509 0.9998001
vn 0.59999543 -0.49803543 0.626072
vn 0.6078385 -0.49803543 0.61846024
vn 0.6156816 -0.5058785 0.6041714
vn 0.6156816 -0.5058785 0.6041714
vn 0.70195544 0.003921509 0.71221006
vn 0.70195544 0.003921509 0.71221006
vn 0.70195544 0.003921509 0.71221006
vn 0.70195544 0.003921509 0.71221006
vn -0.62352455 -0.36470312 -0.6915264
vn -0.6313677 -0.36470312 -0.6843731
vn -0.6313677 -0.36470312 -0.6843731
vn -0.62352455 -0.36470312 -0.6915264
vn -0.7882292 -0.0039215684 -0.61536926
vn -0.7568569 -0.0039215684 -0.6535688
vn -0.7803861 -0.0039215684 -0.6252857
vn -0.7568569 -0.0039215684 -0.6535688
vn 0.16862619 -0.94509083 0.2799437
vn 0.19215542 -0.94509083 0.2643475
vn 0.19215542 -0.94509083 0.2643475
vn 0.16862619 -0.94509083 0.2799437
vn 0.13725388 -0.94509083 0.29658836
vn 0.1294108 -0.94509083 0.30009353
vn 0.08235234 -0.94509083 0.31626153
vn 0.08235234 -0.94509083 0.31626153
vn 0.066666186 -0.94509083 0.31993583
vn 0.066666186 -0.94509083 0.31993583
vn 0.035293877 -0.9529339 0.30111676
vn 0.59215236 0.003921509 0.8058165
vn 0.59999543 0.003921509 0.7999938
vn 0.52940774 0.003921509 0.84835845
vn 0.56078005 -0.0039215684 0.82795554
vn 0.46666312 -0.0039215684 0.8844265
vn 0.41176158 0.003921509 0.91128314
vn 0.38038927 -0.0039215684 0.92481816
vn 0.29411542 -0.0039215684 0.95576185
vn 0.28627235 -0.0039215684 0.95814025
vn 0.19215542 -0.0039215684 0.9813567
vn 0.19215542 -0.0039215684 0.9813567
vn 0.14509696 -0.0039215684 0.9894097
vn 0.1294108 -0.0039215684 0.9915833
vn 0.7176416 -0.0039215684 0.6964016
vn 0.7097985 -0.0039215684 0.70439386
vn 0.7097985 -0.0039215684 0.70439386
vn 0.7176416 0.003921509 0.6964016
vn 0.6078385 -0.35686004 0.70935416
vn 0.6078385 -0.35686004 0.70935416
vn 0.6392108 -0.3725462 0.67276955
vn 0.6392108 -0.38038927 0.6683663
vn -0.67842615 -0.5843093 -0.44533202
vn -0.7019553 -0.59215236 -0.39574534
vn -0.7019553 -0.5843093 -0.40723634
vn -0.67842615 -0.5843093 -0.44533202
vn -0.6392107 -0.5843093 -0.49999234
vn -0.6392107 -0.5843093 -0.49999234
vn 0.011764646 -0.0039215684 -0.9999231
vn 0.019607723 -0.0039215684 -0.9998001
vn 0.011764646 0.003921509 -0.9999231
vn 0.0039215684 0.003921509 -0.9999846
vn 0.011764646 -0.49803543 -0.8670769
vn 0.011764646 -0.49803543 -0.8670769
vn 0.011764646 -0.49803543 -0.8670769
vn 0.0039215684 -0.49803543 -0.8671478
vn -0.043136835 -0.49803543 -0.8660831
vn 0.76470006 0.003921509 -0.6443745
vn 0.7097985 -0.043136954 -0.7030827
vn 0.73332775 -0.019607723 -0.67959255
vn 0.77254313 0.003921509 -0.63495016
vn 0.70195544 -0.0039215684 0.71221006
vn 0.7097985 -0.0039215684 0.70439386
vn 0.7097985 -0.0039215684 0.70439386
vn 0.70195544 0.003921509 0.71221006
vn 0.22352773 -0.94509083 0.23840854
vn 0.22352773 -0.94509083 0.23840854
vn 0.22352773 -0.94509083 0.23840854
vn 0.22352773 -0.94509083 0.23840854
vn -0.70979846 -0.0039215684 -0.7043939
vn -0.70979846 -0.0039215684 -0.7043939
vn -0.7019553 -0.0039215684 -0.71221024
vn -0.7019553 0.003921509 -0.71221024
vn -0.23137069 -0.94509083 -0.23080485
vn -0.23137069 -0.94509083 -0.23080485
vn -0.22352767 -0.94509083 -0.23840867
vn -0.22352767 -0.94509083 -0.23840867
vn -0.70710677 0.70710677 -0
vn -0.70979846 0.7019553 -0.058693103
vn -0.70710677 0.70710677 -0
vn -0.7019553 0.70979846 -0.058693357
vn 0.66274005 -0.66274005 -0.34864205
vn 0.66274005 -0.66274005 -0.34864205
vn 0.66274005 -0.66274005 -0.34864205
vn 0.66274005 -0.66274005 -0.34864205
vn 0.9999924 -0.0039215684 -0
vn 0.9999924 -0.0039215684 -0
vn 0.9999924 0.003921509 -0
vn 0.9999924 0.003921509 -0
vn -0.65489686 -0.6862693 0.31645632
vn -0.65489686 -0.6705831 0.34846577
vn -0.65489686 -0.6862693 0.31645632
vn -0.65489686 -0.6705831 0.34846577
vn -0.99999225 0.003921509 -0.00034492963
vn -0.99999225 -0.0039215684 -0.00034425134
vn -0.99999225 0.003921509 -0.00034492963
vn -0.99999225 0.003921509 -0.00034492963
vn -0.003921509 0.99999225 -0.00034526698
vn -0.003921509 0.99999225 -0.00034526698
vn -0.003921509 0.99999225 -0.00034526698
vn -0.003921509 0.99999225 -0.00034526698
vn -0.003921509 0.99999225 -0.00034526698
vn -0.003921509 0.99999225 -0.00034526698
vn -0.011763804 0.99993086 -0
vn -0.011763804 0.99993086 -0
vn -0.003921509 0.99999225 -0.00034526698
vn -0.003921509 0.99999225 -0.00034526698
vn -0.003921509 0.99999225 -0.00034526698
vn -0.003921509 0.99999225 -0.00034526698
vn -0.011763804 0.99993086 -0
vn -0.011763804 0.99993086 -0
vn 0.0039215684 0.99999225 -0.00034526698
vn 0.0039215684 0.99999225 -0.00034526698
vn -0.019604048 0.9998079 -0
vn -0.03527213 0.9993777 -0
vn 0.058722056 0.9982743 -0
vn -0.027440555 0.9996234 -0
vn 0.027440675 0.9996234 -0
vn 0.0039215684 0.99999225 -0.00034526698
vn 0.0039215684 0.99999225 -0.00034526698
vn 0.0039215684 0.99999225 -0.00034526698
vn 0.121567726 0.99214923 0.029345663
vn 0.0039215684 0.99999225 -0.00034526698
vn 0.0039215684 0.99999225 -0.00034526698
vn 0.0039215684 0.99999225 -0.00034526698
vn -0.003921509 0.99999225 -0.00034526698
vn -0.003921509 0.99999225 -0.00034526698
vn 0.0039215684 0.99999225 -0.00034526698
vn 0.0039215684 0.99999225 -0.00034526698
vn 0.0039215684 0.99999225 -0.00034526698
vn -0.050979972 0.9843061 -0.16894549
vn 0.70710677 -0.70710677 -0
vn 0.70710677 -0.70710677 -0
vn 0.70710677 -0.70710677 -0
vn 0.70710677 -0.70710677 -0
vn -0.074509144 0.6941123 0.7160003
vn 0.011764646 0.70979846 0.70430654
vn 0.0039215684 0.7019553 0.71221024
vn -0.37254608 0.51372147 0.77285165
vn -0.466663 0.45097685 0.76081896
vn -0.5607799 0.2941153 0.7739652
vn -0.51372147 0.41176152 0.7526903
vn -0.6392107 0.050979972 0.76734006
vn -0.64705384 0.003921509 0.76243424
vn -0.64705384 0.003921509 0.76243424
vn 0.043136954 -0.0039215684 -0.99906147
vn 0.05882311 -0.0039215684 -0.99826074
vn 0.043136954 -0.0039215684 -0.99906147
vn 0.05882311 -0.0039215684 -0.99826074
vn 0.7803862 0.003921509 0.6252855
vn 0.7803862 0.003921509 0.6252855
vn 0.7803862 0.003921509 0.6252855
vn 0.7803862 0.003921509 0.6252855
vn 0.9999924 0.003921509 -0
vn 0.9999924 -0.0039215684 -0
vn 0.9999924 -0.0039215684 -0
vn 0.9999924 0.003921509 -0
vn 0.0039215684 -0.9999924 -0
vn 0.0039215684 -0.9999924 -0
vn 0.098038495 -0.9921493 0.07764171
vn 0.0039215684 -0.9999924 -0
vn 0.0039215684 -0.9999924 -0
vn 0.0039215684 -0.9999924 -0
vn 0.0039215684 -0.9999924 -0
vn 0.0039215684 -0.9999924 -0
vn 0.0039215684 -0.9999924 -0
vn 0.0039215684 -0.9999924 -0
vn 0.0039215684 -0.9999924 -0
vn 0.0039215684 -0.9999924 -0
vn 0.098038495 -0.9921493 0.07764171
vn 0.0039215684 -0.9999924 -0
vn 0.0039215684 -0.9999924 -0
vn 0.011763922 -0.99993086 -0
vn 0.011763922 -0.99993086 -0
vn -0.41176152 0.56862307 -0.71212375
vn -0.466663 0.6156815 -0.6349503
vn -0.45097685 0.5999954 -0.6607764
vn -0.3803892 0.5450938 -0.74711233
vn 0.7176416 0.003921509 -0.6964016
vn 0.7176416 0.003921509 -0.6964016
vn 0.7176416 -0.0039215684 -0.6964016
vn 0.7176416 -0.0039215684 -0.6964016
vn 0.6784262 -0.3725462 -0.6332039
vn 0.6784262 -0.3725462 -0.6332039
vn 0.69411236 -0.36470312 -0.62064457
vn 0.69411236 -0.36470312 -0.62064457
vn 0.6156816 -0.0039215684 -0.78798527
vn 0.6392108 -0.0039215684 -0.7690216
vn 0.6156816 -0.0039215684 -0.78798527
vn 0.6470539 -0.0039215684 -0.7624342
vn 0.70195544 0.70979846 0.058691327
vn 0.7097985 0.7019553 0.058692593
vn 0.6862693 0.7254846 -0.05202487
vn 0.72548467 0.68626916 0.052025158
vn 0.39607543 0.7333276 0.55258924
vn 0.49019235 0.6941123 0.5271808
vn 0.46666312 0.7019553 0.5380374
vn 0.56078005 0.7019553 0.43907234
vn 0.5843093 0.70979846 0.3934067
vn 0.654897 0.70979846 0.25941488
vn 0.654897 0.7254846 0.21161768
vn 0.6784262 0.7333276 0.044367142
vn 0.6862693 0.7254846 -0.05202487
vn 0.6862693 0.7176415 -0.11842809
vn 0.62352467 0.7490138 -0.2240433
vn 0.59215236 0.74117076 -0.31626174
vn 0.5372508 0.7176415 -0.44311652
vn 0.48234928 0.7176415 -0.50232446
vn 0.45097697 0.70979846 -0.5411154
vn 0.38823235 0.74117076 -0.5476692
vn -0.7254846 -0.6862693 -0.052024584
vn -0.7254846 -0.6862693 -0.052024584
vn -0.7176415 -0.69411236 -0.056557428
vn -0.7148764 -0.6992508 -0
vn -0.08235228 -0.73332775 0.6748693
vn -0.05882299 -0.7097985 0.70194435
vn -0.043136835 -0.6862693 0.72606725
vn -0.019607663 -0.6862693 0.72708327
vn 0.019607723 -0.69411236 0.7195996
vn 0.05882311 -0.7097985 0.70194435
vn 0.16078311 -0.69411236 0.70168144
vn 0.17646927 -0.6862693 0.7056154
vn 0.56078005 -0.70195544 0.43907213
vn 0.5137216 -0.7176416 0.47019216
vn 0.7097985 -0.70195544 0.05869107
vn 0.7148765 -0.69925076 -0
vn 0.722557 -0.6913113 -0
vn 0.72548467 -0.6862693 -0.05202344
vn 0.0039215684 -0.011764646 0.9999231
vn 0.0039215684 -0.011764646 0.9999231
vn -0.003921509 0.003921509 0.9999846
vn 0.011764646 -0.019607723 0.9997385
vn 0.0039215684 -0.019607723 0.9998001
vn 0.121567726 0.003921509 -0.9925754
vn 0.08235234 0.003921509 -0.99659556
vn 0.121567726 0.003921509 -0.9925754
vn 0.08235234 0.003921509 -0.99659556
vn 0.0039215684 -0.0039215684 -0.9999846
vn -0.003921509 0.003921509 -0.9999846
vn -0.08235228 -0.0039215684 -0.99659556
vn -0.08235228 -0.0039215684 -0.99659556
vn -0.11372459 -0.0039215684 -0.9935046
vn -0.11372459 -0.0039215684 -0.9935046
vn -0.003921509 -0.0039215684 0.9999846
vn -0.019607663 -0.0039215684 0.9998001
vn -0.003921509 -0.0039215684 0.9999846
vn -0.019607663 -0.0039215684 0.9998001
vn -0.011764526 -0.49803543 0.8670769
vn 0.0039215684 -0.5058785 0.8625958
vn -0.011764526 -0.49803543 0.8670769
vn -0.003921509 -0.5058785 0.8625958
vn -0.02745068 -0.49803543 0.8667221
vn 0.0039215684 0.003921509 0.9999846
vn -0.011764526 -0.0039215684 0.9999231
vn -0.011764526 -0.0039215684 0.9999231
vn 0.0039215684 0.003921509 0.9999846
vn -0.67842615 -0.3725462 0.633204
vn -0.7019553 -0.35686004 0.6163682
vn -0.7019553 -0.35686004 0.6163682
vn -0.67842615 -0.3725462 0.633204
vn -0.7019553 -0.0039215684 0.71221024
vn -0.7019553 -0.0039215684 0.71221024
vn -0.6941123 -0.0039215684 0.7198561
vn -0.6941123 0.003921509 0.7198561
vn -0.7176415 0.003921509 -0.6964017
vn -0.7176415 0.003921509 -0.6964017
vn -0.70979846 -0.0039215684 -0.7043939
vn -0.70979846 -0.0039215684 -0.7043939
vn 0.6078385 0.003921509 0.794051
vn 0.6078385 0.003921509 0.794051
vn 0.59999543 0.003921509 0.7999938
vn 0.6078385 0.003921509 0.794051
vn -0.011764526 0.003921509 -0.9999231
vn 0.0039215684 -0.0039215684 -0.9999846
vn -0.011764526 0.003921509 -0.9999231
vn 0.0039215684 -0.0039215684 -0.9999846
vn 0.23921388 0.6941123 -0.67895865
vn 0.17646927 0.7176415 -0.6736834
vn 0.23921388 0.6941123 -0.67895865
vn 0.121567726 0.70979846 -0.69383526
vn -0.003921509 0.7019553 -0.71221024
vn -0.08235228 0.6941123 -0.7151407
vn -0.16078305 0.6941123 -0.7016815
vn -0.27842915 0.7019553 -0.6555425
vn -0.27842915 0.7254846 -0.6294039
vn -0.51372147 0.67842615 -0.5251935
vn 0.0039215684 0.70979846 -0.7043939
vn 0.0274508 0.7019553 -0.7116918
vn -0.003921509 0.7019553 -0.71221024
vn 0.05098003 0.6941123 -0.7180593
vn 0.18431234 0.67842615 -0.7111729
vn 0.0039215684 0.003921509 0.9999846
vn 0.019607723 0.003921509 0.9998001
vn 0.019607723 0.003921509 0.9998001
vn 0.0039215684 0.003921509 0.9999846
vn 0.14509696 0.003921509 -0.9894097
vn 0.20784158 -0.0039215684 -0.97815466
vn 0.16078311 -0.0039215684 -0.986982
vn 0.19215542 0.003921509 -0.9813567
vn 0.3019585 -0.0039215684 -0.953313
vn 0.28627235 0.003921509 -0.95814025
vn 0.39607543 -0.0039215684 -0.9182096
vn 0.38038927 0.003921509 -0.92481816
vn 0.48234928 -0.0039215684 -0.8759702
vn 0.4745062 0.003921509 -0.8802434
vn 0.5686231 -0.0039215684 -0.8225888
vn 0.552937 -0.0039215684 -0.83321387
vn 0.59999543 -0.0039215684 -0.7999938
vn 0.6078385 -0.0039215684 -0.794051
vn -0.098038435 -0.41960466 -0.90239704
vn -0.0901953 -0.41960466 -0.9032147
vn -0.0901953 -0.41960466 -0.9032147
vn -0.10588145 -0.41176158 -0.9051196
vn -0.098038435 -0.41176158 -0.90600264
vn 0.1294108 -0.5058785 0.85284215
vn 0.14509696 -0.49803543 0.8549313
vn 0.08235234 -0.5450939 0.8343205
vn 0.066666186 -0.56078005 0.82527655
vn -0.043136835 -0.0039215684 0.99906147
vn -0.035293818 -0.0039215684 0.99936926
vn -0.035293818 -0.0039215684 0.99936926
vn -0.043136835 -0.0039215684 0.99906147
vn -0.7725431 0.003921509 0.6349503
vn -0.76469994 0.011764526 0.6442792
vn -0.7725431 0.003921509 0.6349503
vn -0.7803861 0.003921509 0.6252857
vn -0.23921382 0.7254846 0.64532846
vn -0.21568453 0.7019553 0.6787775
vn -0.19999838 0.67842615 0.70692194
vn -0.2941153 0.70979846 0.6400643
vn -0.33333075 0.7019553 0.62940395
vn -0.38823223 0.7019553 0.5971051
vn -0.41960454 0.7019553 0.5754918
vn -0.45097685 0.70979846 0.5411155
vn -0.48234916 0.70979846 0.51334727
vn -0.5215646 0.7019553 0.48500425
vn -0.5529369 0.7019553 0.44890925
vn -0.5764661 0.7019553 0.41826496
vn -0.6078384 0.7019553 0.37120244
vn -0.62352455 0.70979846 0.3277244
vn -0.6313677 0.7254846 0.273947
vn -0.65489686 0.70979846 0.25941524
vn -0.68626916 0.68626916 0.24097563
vn -0.7019553 -0.0039215684 -0.71221024
vn -0.70979846 0.003921509 -0.7043939
vn -0.70979846 0.003921509 -0.7043939
vn -0.7019553 -0.0039215684 -0.71221024
vn -0.6941123 -0.36470312 -0.6206446
vn -0.6941123 -0.36470312 -0.6206446
vn -0.670583 -0.3725462 -0.6415043
vn -0.670583 -0.3725462 -0.6415043
vn 0.8196016 -0.011764646 0.5728131
vn 0.8117585 -0.011764646 0.58387476
vn 0.756857 -0.0039215684 0.6535688
vn 0.7490139 -0.0039215684 0.6625427
vn 0.05098003 -0.36470312 0.9297272
vn 0.05098003 -0.36470312 0.9297272
vn 0.043136954 -0.36470312 0.9301241
vn 0.043136954 -0.36470312 0.9301241
vn 0.043136954 -0.94509083 -0.3239483
vn 0.05098003 -0.94509083 -0.32280698
vn 0.07450926 -0.94509083 -0.31820068
vn 0.066666186 -0.9529339 -0.2957577
vn 0.098038495 -0.94509083 -0.31175593
vn 0.121567726 -0.94509083 -0.30335552
vn 0.1294108 -0.94509083 -0.30009353
vn 0.16862619 -0.94509083 -0.2799437
vn 0.15294003 -0.94509083 -0.2888125
vn 0.18431234 -0.94509083 -0.26987445
vn 0.19215542 -0.94509083 -0.2643475
vn 0.19215542 -0.94509083 -0.2643475
vn -0.003921509 0.70979846 -0.7043939
vn -0.003921509 0.7019553 -0.71221024
vn -0.019607663 0.7019553 -0.7119511
vn -0.043136835 0.7019553 -0.7109134
vn -0.15293992 0.68626916 -0.7110866
vn 0.0039215684 -0.0039215684 0.9999846
vn 0.019607723 -0.0039215684 0.9998001
vn 0.0039215684 -0.0039215684 0.9999846
vn 0.019607723 -0.0039215684 0.9998001
vn -0.7803861 -0.0039215684 0.6252857
vn -0.76469994 -0.0039215684 0.6443746
vn -0.7803861 -0.0039215684 0.6252857
vn -0.76469994 -0.0039215684 0.6443746
vn -0.6156815 -0.35686004 0.7025576
vn -0.6392107 -0.3725462 0.67276967
vn -0.6392107 -0.38038927 0.66836643
vn -0.6156815 -0.35686004 0.7025576
vn -0.035293818 0.066666126 -0.9971509
vn -0.30195844 -0.066666186 -0.9509872
vn -0.050979972 0.05882299 -0.9969658
vn 0.0039215684 0.050979972 -0.998692
vn 0.0039215684 0.043136835 -0.99906147
vn -0.6156815 0.76469994 -0.19018492
vn -0.5764661 0.7882292 -0.21536373
vn -0.59215224 0.7803861 -0.2008813
vn -0.5843092 0.74117076 -0.3305278
vn -0.62352455 0.7019553 -0.34420326
vn -0.5215646 0.76469994 -0.37842357
vn -0.51372147 0.7254846 -0.4579982
vn -0.5294076 0.7019553 -0.4764308
vn -0.48234916 0.70979846 -0.51334727
vn -0.466663 0.70979846 -0.5276474
vn -0.42744768 0.70979846 -0.55988806
vn -0.39607537 0.70979846 -0.58250356
vn -0.35685992 0.70979846 -0.6073196
vn -0.30195844 0.70979846 -0.6364018
vn -0.25489998 0.7254846 -0.639295
vn -0.22352767 0.70979846 -0.66799814
vn -0.22352767 0.7019553 -0.67623526
vn -0.18431222 0.68626916 -0.70360756
vn -0.56862307 -0.0039215684 -0.82258886
vn -0.5764661 -0.011764646 -0.8170364
vn -0.5843092 -0.019607723 -0.8112942
vn -0.59215224 -0.035293877 -0.8050529
vn -0.70979846 -0.70195544 -0.05869158
vn -0.70979846 -0.70195544 -0.05869158
vn -0.70979846 -0.70195544 -0.05869158
vn -0.70979846 -0.70195544 -0.05869158
vn 0.9282063 -0.37206584 -0
vn 0.9294047 -0.35686004 0.094116054
vn 0.9282063 -0.37206584 -0
vn 0.9294047 -0.34901696 0.11997534
vn 0.9999924 -0.0039215684 -0
vn 0.9999924 -0.0039215684 -0
vn 0.9999924 -0.0039215684 -0
vn 0.9999924 -0.0039215684 -0
vn 0.70195544 -0.35686004 0.61636794
vn 0.6784262 -0.3725462 0.6332039
vn 0.6705831 -0.3725462 0.64150417
vn 0.70195544 -0.35686004 0.61636794
vn -0.003921509 0.003921509 -0.9999846
vn -0.003921509 0.003921509 -0.9999846
vn -0.011764526 0.003921509 -0.9999231
vn -0.011764526 0.003921509 -0.9999231
vn 0.6705831 0.7176415 0.18790677
vn 0.6784262 0.7176415 0.15725328
vn 0.6862693 0.70979846 0.15881005
vn 0.69411236 0.7019553 0.1595831
vn 0.5842015 0.8116087 -0
vn -0.9294046 -0.35686004 0.09411669
vn -0.92820626 -0.37206584 -0
vn -0.92820626 -0.37206584 -0
vn -0.9294046 -0.34901696 0.119975835
vn -0.99999225 -0.0039215684 -0.00034425134
vn -0.99999225 -0.0039215684 -0.00034425134
vn -0.99999225 -0.0039215684 -0.00034425134
vn -0.99999225 -0.0039215684 -0.00034425134
vn 0.70710677 -0.70710677 -0
vn 0.70710677 -0.70710677 -0
vn 0.70710677 -0.70710677 -0
vn 0.70710677 -0.70710677 -0
vn -0.7725431 0.003921509 -0.6349503
vn -0.7725431 0.003921509 -0.6349503
vn -0.7803861 0.003921509 -0.6252857
vn -0.76469994 0.011764526 -0.6442792
vn 0.9137185 0.20784152 -0.34917095
vn 0.9215616 0.16862607 -0.34969914
vn 0.8823462 0.41176152 -0.22785437
vn 0.93724775 0.3176446 -0.14376566
vn 0.89676446 0.4425082 -0
vn 0.8823462 0.466663 0.06075203
vn 0.87450314 0.41960454 0.24326181
vn 0.9529339 0.19215536 0.23450649
vn 0.960777 0.16862607 0.22016545
vn 0.858817 0.4352907 0.2701026
vn -0.7333276 0.003921509 0.6798641
vn -0.7176415 -0.0039215684 0.6964017
vn -0.7176415 -0.0039215684 0.6964017
vn -0.7333276 0.003921509 0.6798641
vn 0.098038495 -0.7097985 -0.6975489
vn 0.13725388 -0.7097985 -0.69090337
vn 0.13725388 -0.70195544 -0.6988705
vn 0.066666186 -0.7097985 -0.701243
vn 0.0039215684 -0.7097985 -0.70439386
vn -0.02745068 -0.7097985 -0.7038697
vn -0.098038435 -0.7097985 -0.6975489
vn -0.10588145 -0.7097985 -0.6964016
vn -0.1450969 -0.70195544 -0.69728434
vn -0.1450969 -0.70195544 -0.69728434
vn 0.019607723 0.7019553 0.7119511
vn 0.011764646 0.70979846 0.70430654
vn 0.0039215684 0.7019553 0.71221024
vn 0.035293877 0.7019553 0.7113459
vn 0.121567726 0.6941123 0.7095276
vn 0.0039215684 -0.9999924 -0
vn -0.003921509 -0.9999924 -0
vn 0.0274508 -0.93724775 0.34758183
vn -0.003921509 -0.9999924 -0
vn -0.003921509 -0.9999924 -0
vn -0.011763803 -0.99993086 -0
vn 0.0039215684 -0.9999924 -0
vn 0.0039215684 -0.9999924 -0
vn 0.0509143 -0.998703 -0
vn 0.9999924 -0.0039215684 -0
vn 0.9999924 -0.0039215684 -0
vn 0.9999924 -0.0039215684 -0
vn 0.9999924 -0.0039215684 -0
vn -0.12941074 -0.0039215684 -0.99158335
vn -0.1764692 -0.0039215684 -0.98429835
vn -0.18431222 -0.043136954 -0.98192066
vn -0.16078305 0.003921509 -0.986982
vn -0.23921382 0.003921509 -0.970959
vn -0.24705684 0.003921509 -0.96899307
vn -0.066666126 0.003921509 -0.9977676
vn -0.019607663 -0.0039215684 -0.9998001
vn 0.066666186 0.003921509 -0.9977676
vn 0.09019542 -0.0039215684 -0.99591637
vn 0.16078311 0.003921509 -0.986982
vn 0.16862619 -0.0039215684 -0.98567224
vn 0.11372465 -0.0039215684 -0.9935046
vn 0.18431234 -0.0039215684 -0.9828599
vn 0.1294108 -0.011764646 -0.99152124
vn 0.20784158 -0.0274508 -0.97777724
vn 0.011764646 -0.0039215684 -0.9999231
vn 0.011764646 -0.0039215684 -0.9999231
vn 0.0039215684 -0.0039215684 -0.9999846
vn 0.0039215684 -0.0039215684 -0.9999846
vn 0.8431308 -0.5372508 0.022179877
vn 0.8431308 -0.52940774 0.09411613
vn 0.8431308 -0.52940774 0.09411613
vn 0.8431308 -0.5372508 0.022179877
vn 0.8509739 -0.5137216 0.10924086
vn 0.62352467 -0.36470312 -0.69152635
vn 0.62352467 -0.36470312 -0.69152635
vn 0.62352467 -0.36470312 -0.69152635
vn 0.62352467 -0.36470312 -0.69152635
vn 0.1294108 0.7176415 -0.68428326
vn 0.121567726 0.7176415 -0.68572
vn 0.13725388 0.70979846 -0.69090337
vn 0.07450926 0.7176415 -0.6924154
vn 0.043136954 0.7176415 -0.69507545
vn 0.0039215684 0.7254846 -0.68822724
vn -0.043136835 0.7254846 -0.68688524
vn -0.098038435 0.7254846 -0.6812199
vn -0.10588145 0.7176415 -0.6883167
vn -0.12941074 0.6941123 -0.7081391
vn 0.7803862 0.003921509 -0.6252855
vn 0.7803862 0.003921509 -0.6252855
vn 0.7803862 0.003921509 -0.6252855
vn 0.7803862 0.003921509 -0.6252855
vn -0.6392107 -0.0039215684 -0.76902163
vn -0.6392107 -0.0039215684 -0.76902163
vn -0.6392107 -0.0039215684 -0.76902163
vn -0.6392107 -0.0039215684 -0.76902163
vn -0.6078384 0.003921509 0.7940511
vn -0.6078384 0.003921509 0.7940511
vn -0.6078384 0.003921509 0.7940511
vn -0.6078384 0.003921509 0.7940511
vn -0.6392107 -0.0039215684 0.76902163
vn -0.64705384 -0.0039215684 0.76243424
vn -0.6392107 -0.0039215684 0.76902163
vn -0.64705384 -0.0039215684 0.76243424
vn -0.9215615 0.035293818 -0.38662484
vn -0.81960154 -0.011764646 -0.57281315
vn -0.874503 0.011764526 -0.48487735
vn -0.7725431 -0.0274508 -0.6343687
vn 0.70195544 -0.0039215684 0.71221006
vn 0.6862693 -0.0039215684 0.727337
vn 0.70195544 -0.0039215684 0.71221006
vn 0.6862693 0.003921509 0.727337
vn -0.45097685 -0.66274005 -0.59782565
vn -0.4980353 -0.6862693 -0.53008986
vn -0.50587845 -0.69411236 -0.5121474
vn -0.5215646 -0.69411236 -0.49616367
vn -0.5294076 -0.69411236 -0.48778644
vn 0.10588157 -0.5372508 -0.83675003
vn 0.10588157 -0.5372508 -0.83675003
vn 0.09019542 -0.5372508 -0.8385859
vn 0.08235234 -0.5372508 -0.8393924
vn 0.70195544 -0.6705831 0.23995167
vn 0.7097985 -0.6705831 0.21564867
vn 0.7097985 -0.6705831 0.21564867
vn 0.70195544 -0.6784262 0.21678656
vn -0.85097384 -0.5058785 0.14117515
vn -0.8352877 -0.5372508 0.1168591
vn -0.85097384 -0.5137216 0.10924113
vn -0.8352877 -0.5450939 0.07188273
vn -0.003921509 0.99999225 -0.00034526698
vn -0.003921509 0.99999225 -0.00034526698
vn -0.003921509 0.99999225 -0.00034526698
vn -0.003921509 0.99999225 -0.00034526698
vn -0.003921509 0.99999225 -0.00034526698
vn -0.003921509 0.99999225 -0.00034526698
vn 0.0039215684 0.99999225 -0.00034526698
vn 0.10588157 0.99214923 -0.066550605
vn 0.7176416 -0.0039215684 -0.6964016
vn 0.654897 0.011764526 -0.7556266
vn 0.7097985 -0.0039215684 -0.70439386
vn 0.6470539 0.011764526 -0.7623535
vn -0.99999225 -0.0039215684 -0.00034425134
vn -0.99999225 0.003921509 -0.00034492963
vn -0.99999225 -0.0039215684 -0.00034425134
vn -0.99999225 -0.0039215684 -0.00034425134
vn -0.70979846 -0.6705831 0.2156488
vn -0.70979846 -0.6705831 0.2156488
vn -0.70979846 -0.66274005 0.23866665
vn -0.70979846 -0.6705831 0.2156488
vn 0.13725388 -0.80391544 -0.5786893
vn 0.13725388 -0.89803237 -0.4179704
vn 0.13725388 -0.8901893 -0.43442422
vn 0.13725388 -0.72548467 -0.6744133
vn -0.91371846 0.2941153 0.28038326
vn -0.91371846 0.2941153 0.28038326
vn -0.91371846 0.2941153 0.28038326
vn -0.91371846 0.2941153 0.28038326
vn -0.3490169 -0.66274005 0.6625427
vn -0.35685992 -0.654897 0.66615385
vn -0.36470306 -0.654897 0.6618925
vn -0.3490169 -0.66274005 0.6625427
vn -0.25489998 0.670583 0.69666666
vn -0.23137069 0.68626916 0.6895667
vn -0.16078305 0.70979846 0.68580973
vn -0.0901953 0.7176415 0.6905473
vn 0.0039215684 0.7254846 0.68822724
vn 0.121567726 0.70979846 0.69383526
vn 0.18431234 0.7019553 0.6879591
vn 0.2313708 0.7019553 0.67359203
vn 0.2313708 0.68626916 0.6895667
vn -0.6941123 0.7176415 0.056558482
vn -0.70979846 0.7019553 0.058693103
vn -0.7019553 0.70979846 0.058693357
vn -0.7254846 0.68626916 0.052026305
vn -0.9998079 -0.019604107 -0
vn -0.9993777 -0.03527219 -0
vn -0.99214923 -0.0039215684 0.124998085
vn -0.9764631 0.019607663 0.21479157
vn -0.11372459 -0.52940774 -0.8407105
vn -0.0901953 -0.5372508 -0.8385859
vn -0.11372459 -0.52940774 -0.8407105
vn -0.08235228 -0.5372508 -0.8393925
vn -0.10588145 -0.5843093 -0.80459416
vn 0.5843093 0.16862607 0.7938186
vn 0.45882004 0.18431222 0.86920255
vn 0.48234928 0.18431222 0.8563692
vn 0.3411739 0.19999838 0.91847754
vn -0.41176152 0.7176415 -0.56164324
vn -0.48234916 0.7019553 -0.524021
vn -0.44313383 0.7019553 -0.5575761
vn -0.5529369 0.7019553 -0.44890925
vn -0.5999954 0.70979846 -0.36904162
vn -0.64705384 0.7176415 -0.25751132
vn -0.64705384 0.7333276 -0.20869097
vn -0.7019553 0.70979846 -0.058693357
vn -0.7019553 0.70979846 -0.058693357
vn -0.68626916 0.7176415 0.11842859
vn -0.670583 0.7176415 0.18790725
vn -0.62352455 0.7019553 0.34420326
vn -0.59215224 0.70979846 0.38149956
vn -0.4980353 0.7176415 0.48677668
vn -0.47450614 0.7254846 0.49851382
vn -0.41176152 0.7176415 0.56164324
vn -0.41176152 0.7176415 0.56164324
vn -0.85881686 -0.0039215684 -0.5122677
vn -0.85881686 -0.0039215684 -0.5122677
vn -0.82744455 -0.0039215684 -0.56153375
vn -0.82744455 -0.0039215684 -0.56153375
vn -0.85881686 -0.05882311 -0.5088943
vn -0.7882292 0.003921509 -0.61536926
vn -0.7882292 -0.0039215684 -0.61536926
vn 0.41176158 -0.62352467 -0.66458213
vn 0.35686004 -0.70195544 -0.616368
vn 0.5137216 -0.552937 -0.6560113
vn 0.5137216 -0.52940774 -0.67514265
vn 0.63136774 -0.42744774 -0.64704186
vn 0.34901696 -0.6705831 -0.6546033
vn 0.34901696 -0.6705831 -0.6546033
vn 0.34901696 -0.6705831 -0.6546033
vn 0.34901696 -0.6705831 -0.6546033
vn -0.8980323 -0.4352908 -0.06371696
vn -0.9058753 -0.41176158 -0.099208325
vn -0.9058753 -0.41960466 -0.05763529
vn -0.8901892 -0.45097697 -0.064676076
vn 0.4745062 -0.5843093 -0.65835136
vn 0.49019235 -0.59215236 -0.63958347
vn 0.49803543 -0.5843093 -0.6407366
vn 0.42744774 -0.59215236 -0.68311346
vn 0.4039185 -0.5843093 -0.70386964
vn 0.35686004 -0.59215236 -0.7225002
vn 0.30980158 -0.59215236 -0.7438942
vn 0.26274312 -0.59215236 -0.7617885
vn 0.18431234 -0.59215236 -0.7844645
vn 0.21568465 -0.5843093 -0.78234446
vn 0.1294108 -0.5843093 -0.8011463
vn 0.11372465 -0.59215236 -0.7977608
vn 0.098038495 -0.5843093 -0.8055874
vn 0.7176416 -0.41176158 0.56164306
vn 0.7176416 -0.41176158 0.56164306
vn 0.7176416 -0.41176158 0.56164306
vn 0.7176416 -0.41176158 0.56164306
vn -0.47450614 0.22352767 -0.85139847
vn -0.36470306 -0.09019542 -0.9267451
vn -0.36470306 -0.08235234 -0.9274749
vn -0.4352907 0.25489998 -0.86345124
vn -0.5764661 -0.0039215684 -0.8171117
vn -0.5764661 -0.019607723 -0.81688577
vn 0.22352773 -0.94509083 -0.23840854
vn 0.22352773 -0.94509083 -0.23840854
vn 0.22352773 -0.9529339 -0.20482263
vn 0.22352773 -0.9529339 -0.20482263
vn 0.49803543 -0.5843093 0.6407366
vn 0.49019235 -0.59215236 0.63958347
vn 0.4745062 -0.5843093 0.65835136
vn 0.4352908 -0.59215236 0.67814267
vn 0.4039185 -0.5843093 0.70386964
vn 0.34901696 -0.5843093 0.7326458
vn 0.3411739 -0.5843093 0.7363308
vn 0.27842927 -0.5843093 0.7622728
vn 0.21568465 -0.59999543 0.77038014
vn 0.18431234 -0.59999543 0.77848214
vn 0.14509696 -0.5843093 0.79845446
vn 0.15294003 -0.59215236 0.7911795
vn 0.098038495 -0.552937 0.8274353
vn 0.90587544 -0.41176158 -0.099207126
vn 0.90587544 -0.41176158 -0.099207126
vn 0.90587544 -0.41176158 -0.099207126
vn 0.90587544 -0.41176158 -0.099207126
vn -0.70979846 -0.0039215684 -0.7043939
vn -0.70979846 -0.0039215684 -0.7043939
vn -0.76469994 0.003921509 -0.6443746
vn -0.76469994 0.003921509 -0.6443746
vn -0.8431307 -0.52156466 -0.13077052
vn -0.8431307 -0.52156466 -0.13077052
vn -0.8431307 -0.52940774 -0.094117396
vn -0.8431307 -0.5372508 -0.022185251
vn -0.8338527 -0.55198705 -0
vn -0.45882 -0.5843093 -0.669378
vn -0.45097685 -0.59215236 -0.66781396
vn -0.51372147 -0.552937 -0.6560114
vn -0.41960454 -0.59999543 -0.6811296
vn -0.3803892 -0.59999543 -0.7037823
vn -0.33333075 -0.59215236 -0.73365265
vn -0.23137069 -0.59999543 -0.76581526
vn -0.2862723 -0.5843093 -0.7593621
vn -0.18431222 -0.59999543 -0.77848214
vn -0.1450969 -0.59215236 -0.79265535
vn -0.15293992 -0.59215236 -0.7911795
vn -0.10588145 -0.552937 -0.8264683
vn -0.9058753 -0.41960466 0.05763529
vn -0.9058753 -0.41960466 0.05763529
vn -0.9058753 -0.41176158 0.099208325
vn -0.9058753 -0.4039185 0.1274352
vn 0.11372465 -0.4039185 0.9076985
vn 0.11372465 -0.4039185 0.9076985
vn 0.121567726 -0.4039185 0.90668136
vn 0.10588157 -0.4039185 0.90864676
vn 0.8509739 0.23137069 -0.47149873
vn 0.8431308 0.23921382 -0.48156735
vn 0.8431308 0.23921382 -0.48156735
vn 0.8509739 0.23137069 -0.47149873
vn -0.874503 0.13725376 -0.46519443
vn -0.8352877 0.35685992 -0.41826487
vn -0.874503 0.12156761 -0.46953782
vn -0.8352877 0.37254608 -0.40435618
vn -0.70979846 -0.41176158 0.571523
vn -0.70979846 -0.41176158 0.571523
vn -0.70979846 -0.41176158 0.571523
vn -0.7176415 -0.41176158 0.5616432
vn 0.0039215684 0.99999225 -0.00034526698
vn -0.003921509 0.99999225 -0.00034526698
vn 0.0039215684 0.99999225 -0.00034526698
vn -0.003921509 0.99999225 -0.00034526698
vn -0.003921509 0.99999225 -0.00034526698
vn -0.011763804 0.99993086 -0
vn -0.011763804 0.99993086 -0
vn 0.0039215684 0.99999225 -0.00034526698
vn -0.019604048 0.9998079 -0
vn -0.019604048 0.9998079 -0
vn -0.019604048 0.9998079 -0
vn -0.019604048 0.9998079 -0
vn -0.003921509 0.99999225 -0.00034526698
vn -0.019604048 0.9998079 -0
vn -0.003921509 0.99999225 -0.00034526698
vn -0.003921509 0.99999225 -0.00034526698
vn -0.019607663 0.99214923 -0.12351296
vn 0.0039215684 0.99999225 -0.00034526698
vn 0.0039215684 0.99999225 -0.00034526698
vn 0.0039215684 0.99999225 -0.00034526698
vn 0.019604107 0.9998079 -0
vn 0.066666186 0.99214923 0.10580898
vn 0.019604107 0.9998079 -0
vn 0.011763923 0.99993086 -0
vn 0.011763923 0.99993086 -0
vn 0.011763923 0.99993086 -0
vn 0.011763923 0.99993086 -0
vn 0.011763923 0.99993086 -0
vn 0.011763923 0.99993086 -0
vn 0.011763923 0.99993086 -0
vn 0.0039215684 0.99999225 -0.00034526698
vn -0.098038435 0.99214923 0.07764248
vn 0.027440675 0.9996234 -0
vn 0.0039215684 0.99999225 -0.00034526698
vn 0.0039215684 0.99999225 -0.00034526698
vn 0.0039215684 0.99999225 -0.00034526698
vn 0.0039215684 0.99999225 -0.00034526698
vn -0.003921509 0.99999225 -0.00034526698
vn -0.003921509 0.99999225 -0.00034526698
vn -0.003921509 0.99999225 -0.00034526698
vn 0.058722056 0.9982743 -0
vn 0.0039215684 0.99999225 -0.00034526698
vn 0.0039215684 0.99999225 -0.00034526698
vn 0.6992508 0.7148764 -0
vn 0.7097985 0.7019553 -0.058692593
vn 0.722557 0.69131124 -0
vn 0.6862693 0.7254846 -0.05202487
vn 0.6784262 0.70979846 -0.18953632
vn 0.6784262 0.70979846 -0.18953632
vn 0.6784262 0.70979846 -0.18953632
vn 0.6862693 0.7019553 -0.19050784
vn 0.6705831 0.7254846 -0.15488814
vn 0.6705831 0.7254846 -0.15488814
vn 0.6784262 0.70979846 0.18953632
vn 0.9294047 -0.36470312 0.05655585
vn 0.97646314 -0.13725388 0.16637647
vn 0.97646314 -0.20784158 0.05763364
vn 0.94509083 -0.043136954 0.3239483
vn 0.93724775 -0.011764646 0.34846556
vn 0.89803237 -0.05882311 0.43597907
vn 0.7097985 -0.6078385 0.35597533
vn 0.6392108 -0.6862693 0.34705046
vn 0.39607543 -0.77254313 0.49628758
vn 0.46666312 -0.7882293 0.40114853
vn 0.32548773 -0.8117585 0.48487717
vn 0.20784158 -0.7803862 0.58974504
vn 0.71487653 0.6992507 -0
vn 0.71487653 0.6992507 -0
vn 0.7097985 0.7019553 -0.058692593
vn 0.7097985 0.7019553 -0.058692593
vn 0.05098003 0.67842615 -0.7328977
vn 0.066666186 0.70979846 -0.70124304
vn 0.08235234 0.7333276 -0.67486936
vn -0.003921509 0.68626916 -0.72733706
vn 0.0039215684 0.70979846 -0.7043939
vn -0.05882299 0.66274 -0.74653566
vn -0.074509144 0.6941123 -0.7160003
vn -0.08235228 0.7176415 -0.6915265
vn -0.45097685 -0.59215236 0.66781396
vn -0.45882 -0.59215236 0.66244984
vn -0.51372147 -0.552937 0.6560114
vn -0.41960454 -0.59999543 0.6811296
vn -0.3803892 -0.59999543 0.7037823
vn -0.34117377 -0.5843093 0.73633087
vn -0.2862723 -0.59215236 0.7532621
vn -0.22352767 -0.59999543 0.76814115
vn -0.18431222 -0.59999543 0.77848214
vn -0.1450969 -0.5843093 0.79845446
vn -0.15293992 -0.59215236 0.7911795
vn -0.098038435 -0.552937 0.8274353
vn 0.10588157 -0.4039185 -0.90864676
vn 0.09019542 -0.41960466 -0.9032147
vn 0.098038495 -0.41176158 -0.90600264
vn 0.11372465 -0.38823235 -0.9145175
vn 0.7176416 -0.41176158 -0.56164306
vn 0.7176416 -0.41176158 -0.56164306
vn 0.7176416 -0.41176158 -0.56164306
vn 0.7176416 -0.41176158 -0.56164306
vn 0.8431308 -0.5372508 -0.022179877
vn 0.8431308 -0.52940774 -0.09411613
vn 0.8431308 -0.52940774 -0.09411613
vn 0.8431308 -0.52156466 -0.13076961
vn -0.67842615 0.70979846 -0.18953648
vn -0.67842615 0.70979846 -0.18953648
vn -0.68626916 0.70979846 -0.15881042
vn -0.6941123 0.7019553 -0.15958348
vn -0.7019553 0.7019553 -0.12048865
vn -0.6941123 0.7176415 -0.056558482
vn -0.70710677 0.70710677 -0
vn -0.70710677 0.70710677 -0
vn -0.6941123 0.7176415 -0.056558482
vn -0.20784152 -0.6392108 0.740413
vn -0.20784152 -0.6470539 0.7335688
vn -0.27058613 -0.63136774 0.7267448
vn -0.19999838 -0.6392108 0.74257
vn -0.19999838 -0.62352467 0.7557894
vn -0.1764692 -0.5843093 0.79211193
vn -0.70979846 -0.41176158 -0.571523
vn -0.70979846 -0.41176158 -0.571523
vn -0.7019553 -0.41960466 -0.5754917
vn -0.7176415 -0.4039185 -0.5673099
vn -0.9529338 0.30195844 0.027171958
vn -0.9529338 0.2941153 0.07357585
vn -0.9843061 0.16862607 0.052026607
vn -0.9843061 0.16078305 0.072734654
vn 0.76470006 0.1764692 -0.61975193
vn 0.73332775 0.30195844 -0.60914
vn 0.76470006 0.16862607 -0.62193173
vn 0.73332775 0.30195844 -0.60914
vn 0.7097985 -0.70195544 0.05869107
vn 0.7097985 -0.70195544 -0.05869107
vn 0.722557 -0.6913113 -0
vn 0.72548467 -0.6862693 0.05202344
vn -0.70710677 0.70710677 -0
vn -0.70710677 0.70710677 -0
vn -0.70710677 0.70710677 -0
vn -0.70710677 0.70710677 -0
vn 0.6392108 -0.6862693 -0.34705046
vn 0.52940774 -0.6862693 -0.49876037
vn 0.59999543 -0.70195544 -0.38374996
vn 0.26274312 -0.7176416 -0.644947
vn 0.16862619 -0.69411236 -0.699838
vn 0.066666186 -0.70195544 -0.7090939
vn 0.0274508 -0.70195544 -0.7116917
vn -0.011764526 -0.70195544 -0.7121237
vn -0.050979972 -0.6862693 -0.72555876
vn -0.05882299 -0.6862693 -0.72496504
vn -0.08235228 -0.69411236 -0.71514064
vn -0.08235228 -0.69411236 -0.71514064
vn -0.7019553 0.70979846 -0.058693357
vn -0.70710677 0.70710677 -0
vn -0.70710677 0.70710677 -0
vn -0.7019553 0.70979846 -0.058693357
vn -0.7176415 -0.69411236 -0.056557428
vn -0.722557 -0.69131136 -0
vn -0.70979846 -0.70195544 0.05869158
vn -0.6941123 -0.7176416 0.056556903
vn -0.56862307 -0.6784262 0.46519426
vn -0.48234916 -0.6784262 0.55414546
vn -0.4352907 -0.6470539 0.6259738
vn 0.24705696 0.8117584 0.5291608
vn 0.24705696 0.8039154 0.5410018
vn 0.2313708 0.81960154 0.5241382
vn 0.19215542 0.85881686 0.47487882
vn 0.6705831 -0.0039215684 -0.74182403
vn 0.6784262 -0.0039215684 -0.73465806
vn 0.77254313 0.003921509 -0.63495016
vn 0.77254313 0.011764526 -0.6348533
vn -0.11372459 -0.39607543 0.9111482
vn -0.10588145 -0.41176158 0.9051196
vn -0.10588145 -0.4039185 0.9086468
vn -0.12156761 -0.39607543 0.9101349
vn -0.85881686 0.15293992 0.4889202
vn -0.85097384 0.21568453 0.4788775
vn -0.85097384 0.20784152 0.4823333
vn -0.85881686 0.1450969 0.49130487
vn -0.70979846 0.7019553 0.058693103
vn -0.70979846 0.7019553 0.058693103
vn -0.70979846 0.7019553 0.058693103
vn -0.70979846 0.7019553 0.058693103
vn -0.003921509 -0.79607236 -0.6051888
vn -0.003921509 -0.79607236 -0.6051888
vn -0.003921509 -0.79607236 -0.6051888
vn -0.003921509 -0.79607236 -0.6051888
vn -0.76469994 0.13725376 0.62959945
vn -0.7568569 0.24705684 0.60508716
vn -0.76469994 0.13725376 0.62959945
vn -0.7568569 0.24705684 0.60508716
vn 0.9843062 0.15293992 -0.088037856
vn 0.9843062 0.16078305 -0.072733015
vn 0.9843062 0.16862607 -0.052024316
vn 0.9843062 0.15293992 -0.088037856
vn -0.47450614 -0.7176416 -0.50973964
vn -0.56862307 -0.6705831 -0.47643057
vn -0.5607799 -0.6705831 -0.4856379
vn -0.5999954 -0.654897 -0.4594731
vn -0.7882292 -0.011764646 -0.6152693
vn -0.6941123 0.011764526 -0.7197706
vn -0.7019553 0.003921509 -0.71221024
vn -0.79607224 -0.011764646 -0.6050873
vn 0.858817 -0.0039215684 -0.51226753
vn 0.858817 -0.0039215684 -0.51226753
vn 0.90587544 -0.0039215684 -0.42352602
vn 0.89803237 -0.0039215684 -0.43991193
vn 0.960777 -0.0039215684 -0.27729443
vn 0.9529339 0.003921509 -0.30315277
vn 0.97646314 -0.0039215684 -0.21564874
vn 0.97646314 0.003921509 -0.21564874
vn 0.6392108 -0.5843093 -0.49999222
vn 0.6862693 -0.5764662 -0.44353268
vn 0.6392108 -0.5843093 -0.49999222
vn 0.6705831 -0.59215236 -0.44684878
vn 0.72548467 -0.56078005 -0.39899588
vn 0.77254313 -0.5137216 -0.37318522
vn 0.70195544 0.70979846 0.058691327
vn 0.7071068 0.70710677 -0
vn 0.70195544 0.70979846 0.058691327
vn 0.70195544 0.70979846 0.058691327
vn -0.8352877 -0.0039215684 0.54979914
vn -0.9450908 -0.05098003 0.32280713
vn -0.93724763 -0.035293877 0.34687352
vn -0.86666 0.035293818 0.4976493
vn -0.59215224 0.011764526 0.80574024
vn -0.5529369 -0.019607723 0.8329924
vn -0.45097685 -0.011764646 0.89245814
vn -0.4352907 -0.0274508 0.89987135
vn -0.7490138 0.65489686 0.100441396
vn -0.82744455 0.50587845 0.24376729
vn -0.76469994 0.62352455 0.16263816
vn -0.85097384 0.42744768 0.30517533
vn -0.36470306 -0.70195544 -0.61175996
vn -0.3490169 -0.7097985 -0.6118605
vn -0.30980146 -0.70195544 -0.6413124
vn -0.27058613 -0.7097985 -0.6503608
vn -0.21568453 -0.70195544 -0.6787774
vn -0.20784152 -0.7097985 -0.6730438
vn -0.15293992 -0.70195544 -0.6956062
vn -0.15293992 -0.70195544 -0.6956062
vn -0.51372147 -0.0039215684 -0.85794806
vn -0.48234916 0.003921509 -0.87597024
vn -0.5450938 0.003921509 -0.8383659
vn -0.4352907 -0.0039215684 -0.9002814
vn -0.36470306 -0.0039215684 -0.9311156
vn -0.262743 -0.0039215684 -0.9648579
vn -0.2862723 0.003921509 -0.9581403
vn -0.19999838 -0.0039215684 -0.97978836
vn -0.20784152 -0.0039215684 -0.97815466
vn 0.70195544 0.70979846 0.058691327
vn 0.7097985 0.7019553 -0.058692593
vn 0.7097985 0.7019553 -0.058692593
vn 0.70195544 0.70979846 0.058691327
vn 0.05882311 0.7176415 0.693924
vn 0.05098003 0.7254846 0.68634766
vn -0.003921509 0.70979846 0.7043939
vn 0.08235234 0.6392107 0.7646095
vn -0.003921509 0.7254846 0.68822724
vn -0.066666126 0.670583 0.7388329
vn -0.074509144 0.68626916 0.7235213
vn -0.08235228 0.70979846 0.69957435
vn 0.20784158 -0.6392108 0.740413
vn 0.26274312 -0.63136774 0.72961694
vn 0.20784158 -0.6470539 0.7335688
vn 0.1999985 -0.63136774 0.7492499
vn 0.1999985 -0.63136774 0.7492499
vn 0.19215542 -0.62352467 0.7578214
vn 0.41176158 0.003921509 0.91128314
vn 0.45097697 -0.0039215684 0.892527
vn 0.45097697 -0.0039215684 0.892527
vn 0.4039185 0.011764526 0.9147193
vn 0.3411739 0.066666126 0.9376332
vn -0.003921509 0.70979846 0.7043939
vn -0.003921509 0.6941123 0.7198561
vn -0.003921509 0.70979846 0.7043939
vn -0.003921509 0.6941123 0.7198561
vn -0.62352455 0.7254846 0.29135758
vn -0.6156815 0.70979846 0.3422315
vn -0.6313677 0.7176415 0.29388022
vn -0.6078384 0.70979846 0.35597563
vn -0.56862307 0.7254846 0.3877369
vn -0.53725076 0.7176415 0.44311664
vn -0.4980353 0.7254846 0.4750083
vn -0.45097685 0.7568569 0.47306183
vn -0.42744768 0.7254846 0.5394077
vn -0.36470306 0.74117076 0.5636112
vn -0.33333075 0.6941123 0.6380429
vn -0.262743 0.7333276 0.627054
vn -0.24705684 0.7333276 0.63339835
vn -0.24705684 0.7176415 0.6511172
vn 0.62352467 0.7176415 -0.31017372
vn 0.6156816 0.7254846 -0.30758452
vn 0.59215236 0.74117076 -0.31626174
vn 0.5764662 0.7333276 -0.36044037
vn 0.552937 0.7333276 -0.3955898
vn 0.5450939 0.6941123 -0.47019225
vn 0.46666312 0.7333276 -0.49442503
vn 0.4431339 0.70979846 -0.5475569
vn 0.39607543 0.7176415 -0.5728132
vn 0.3411739 0.70979846 -0.6162682
vn 0.29411542 0.7333276 -0.6129655
vn 0.2705862 0.70979846 -0.6503608
vn 0.27842927 0.6941123 -0.6638413
vn 0.0039215684 0.70979846 -0.7043939
vn -0.003921509 0.70979846 -0.7043939
vn -0.003921509 0.70979846 -0.7043939
vn 0.0039215684 0.70979846 -0.7043939
vn 0.24705696 0.7254846 0.6423667
vn 0.32548773 0.7019553 0.63349545
vn 0.25490004 0.7176415 0.64808697
vn 0.29411542 0.7019553 0.6486562
vn 0.36470312 0.74117076 0.56361115
vn 0.4352908 0.7019553 0.56372035
vn 0.46666312 0.7254846 0.50586325
vn 0.52156466 0.7019553 0.48500416
vn 0.5372508 0.7176415 0.44311652
vn 0.5764662 0.7254846 0.37597713
vn 0.5843093 0.7019553 0.40723634
vn 0.552937 0.7803861 0.29199016
vn 0.59215236 0.7568569 0.27662826
vn 0.6392108 0.70979846 0.2959657
vn -0.44313383 0.7254846 0.5265971
vn -0.4980353 0.68626916 0.53009003
vn -0.51372147 0.67842615 0.5251935
vn -0.53725076 0.66274 0.52166784
vn -0.66274 -0.011764646 0.7487572
vn -0.7725431 0.011764526 0.63485336
vn -0.64705384 -0.011764646 0.76235354
vn -0.7803861 0.011764526 0.6251873
vn 0.42744774 0.003921509 0.9040315
vn 0.5137216 -0.0039215684 0.857948
vn 0.52940774 0.003921509 0.84835845
vn 0.46666312 -0.0039215684 0.8844265
vn 0.32548773 -0.0039215684 0.94553816
vn 0.28627235 0.003921509 0.95814025
vn 0.2313708 -0.0039215684 0.9728577
vn 0.18431234 0.003921509 0.9828599
vn 0.7097985 0.7019553 -0.058692593
vn 0.7097985 0.7019553 -0.058692593
vn 0.7071068 0.70710677 -0
vn 0.7071068 0.70710677 -0
vn 0.59215236 0.003921509 0.8058165
vn 0.6156816 -0.0039215684 0.78798527
vn 0.6156816 -0.0039215684 0.78798527
vn 0.5764662 -0.0039215684 0.81711155
vn 0.52156466 0.003921509 0.85320276
vn 0.5058785 -0.0039215684 0.8625958
vn 0.45097697 0.003921509 0.892527
vn 0.42744774 -0.0039215684 0.9040315
vn 0.41960466 0.003921509 0.9076985
vn 0.3725462 -0.0039215684 0.92800534
vn 0.3411739 -0.0039215684 0.939992
vn 0.3019585 0.003921509 0.953313
vn 0.25490004 -0.0039215684 0.9669595
vn 0.1999985 0.003921509 0.97978836
vn 0.17646927 -0.0039215684 0.98429835
vn 0.13725388 0.003921509 0.9905281
vn 0.1294108 0.003921509 0.9915833
vn 0.121567726 -0.0039215684 0.9925754
vn -0.5764661 -0.4745062 0.6652298
vn -0.65489686 -0.41176158 0.6336896
vn -0.5529369 -0.49019235 0.6737746
vn -0.41176152 -0.5843093 0.6993104
vn -0.6156815 0.003921509 -0.7879853
vn -0.5529369 0.003921509 -0.8332139
vn -0.6078384 -0.0039215684 -0.7940511
vn -0.5843092 -0.0039215684 -0.81152165
vn -0.50587845 -0.0039215684 -0.86259586
vn -0.466663 0.003921509 -0.8844265
vn -0.4352907 -0.0039215684 -0.9002814
vn -0.41960454 0.003921509 -0.9076986
vn -0.37254608 -0.0039215684 -0.9280054
vn -0.30980146 -0.0039215684 -0.9507932
vn -0.34117377 -0.0039215684 -0.9399921
vn -0.25489998 -0.0039215684 -0.9669595
vn -0.19999838 0.003921509 -0.97978836
vn -0.1764692 -0.0039215684 -0.98429835
vn -0.13725376 0.003921509 -0.99052817
vn -0.13725376 0.003921509 -0.99052817
vn -0.12156761 -0.0039215684 -0.9925754
vn -0.5999954 -0.70195544 0.3837501
vn -0.62352455 -0.72548467 0.29135737
vn -0.6313677 -0.7176416 0.2938799
vn -0.6392107 -0.72548467 0.25511107
vn -0.67842615 -0.70195544 0.21678677
vn -0.6941123 -0.70195544 0.15958293
vn -0.1764692 -0.69411236 0.6979016
vn -0.18431222 -0.70195544 0.68795896
vn -0.25489998 -0.70195544 0.6650448
vn -0.19215536 -0.7097985 0.677689
vn -0.27058613 -0.7097985 0.6503608
vn -0.33333075 -0.70195544 0.6294038
vn -0.3254876 -0.7097985 0.62469506
vn -0.3803892 -0.70195544 0.6021317
vn 0.0039215684 0.70979846 0.7043939
vn 0.0039215684 0.70979846 0.7043939
vn 0.0039215684 0.70979846 0.7043939
vn -0.003921509 0.70979846 0.7043939
vn 0.5058785 0.64705384 -0.57044566
vn 0.5137216 0.68626916 -0.51490265
vn 0.5137216 0.670583 -0.5351715
vn 0.5137216 0.74117076 -0.43215278
vn -0.5999954 0.67842615 -0.42396173
vn -0.59215224 0.6941123 -0.4093457
vn -0.5450938 0.7254846 -0.4201724
vn -0.62352455 0.670583 -0.40191486
vn -0.011763803 -0.99993086 -0
vn -0.027440554 -0.9996234 -0
vn -0.043097086 -0.9990709 -0
vn -0.003921509 -0.9999924 -0
vn -0.019604046 -0.9998079 -0
vn -0.10588145 0.08235228 0.9909628
vn -0.05882299 0.003921509 0.99826074
vn -0.12156761 0.10588145 0.9869197
vn -0.050979972 -0.011764646 0.9986304
vn 0.8196016 -0.019607723 0.5725983
vn 0.8117585 -0.011764646 0.58387476
vn 0.76470006 0.003921509 0.6443745
vn 0.70195544 0.02745068 0.7116917
vn 0.80391544 -0.011764646 0.59462726
vn 0.87450314 0.19215536 0.44533202
vn 0.80391544 -0.011764646 0.59462726
vn 0.83528775 0.1450969 0.53032184
vn 0.9215616 -0.066666186 0.3824655
vn 0.9215616 -0.08235234 0.37939733
vn 0.6156816 -0.1294108 0.77729595
vn 0.52940774 0.11372459 0.8407105
vn 0.6156816 -0.121567726 0.7785611
vn 0.52156466 0.13725376 0.8420996
vn 0.4352908 0.043136835 0.8992559
vn 0.4352908 0.043136835 0.8992559
vn -0.25489998 0.68626916 -0.68121994
vn -0.262743 0.7254846 -0.6361118
vn -0.27058613 0.74117076 -0.6143688
vn -0.3490169 0.70979846 -0.6118605
vn -0.33333075 0.7019553 -0.62940395
vn -0.3803892 0.74117076 -0.5531455
vn -0.45097685 0.70979846 -0.5411155
vn -0.4901923 0.70979846 -0.50586325
vn -0.50587845 0.7176415 -0.47862062
vn -0.5215646 0.7254846 -0.44904616
vn -0.5529369 0.7333276 -0.39558986
vn -0.5999954 0.70979846 -0.36904162
vn -0.6156815 0.7254846 -0.30758473
vn -0.62352455 0.7254846 -0.29135758
vn -0.62352455 0.7176415 -0.31017393
vn -0.66274 -0.6862693 0.29968345
vn -0.5529369 -0.72548467 0.40979597
vn -0.6941123 -0.6784262 0.24071981
vn -0.62897336 -0.7774268 -0
vn -0.6068686 -0.7948023 -0
vn -0.6078384 -0.7803862 -0.14673054
vn 0.6156816 -0.70195544 -0.3580429
vn 0.6392108 -0.7097985 -0.2959656
vn 0.6078385 -0.70195544 -0.37120202
vn 0.6470539 -0.7097985 -0.27840135
vn 0.6705831 -0.7097985 -0.2156486
vn 0.6705831 -0.70195544 -0.23995167
vn 0.70195544 -0.69411236 -0.15958247
vn 0.70195544 -0.69411236 -0.15958247
vn 0.5686231 -0.59215236 0.57098454
vn 0.5686231 -0.59215236 0.57098454
vn 0.5686231 -0.59215236 0.57098454
vn 0.5686231 -0.59215236 0.57098454
vn 0.49803543 0.74117076 0.45014063
vn 0.4745062 0.7333276 0.4869029
vn 0.36470312 0.7803861 0.50792634
vn 0.52940774 0.7254846 0.43977216
vn 0.552937 0.7725431 0.31215048
vn 0.5137216 -0.0039215684 0.857948
vn 0.5058785 -0.0039215684 0.8625958
vn 0.5686231 0.003921509 0.8225888
vn 0.5764662 0.003921509 0.81711155
vn 0.77254313 -0.0039215684 -0.63495016
vn 0.8196016 0.003921509 -0.57292044
vn 0.76470006 -0.011764646 -0.644279
vn 0.8274447 0.003921509 -0.5615336
vn 0.8823462 0.003921509 0.4705845
vn 0.8823462 0.003921509 0.4705845
vn 0.9294047 -0.0039215684 0.36904138
vn 0.9294047 -0.0039215684 0.36904138
vn -0.6392107 -0.7097985 -0.29596582
vn -0.6313677 -0.7176416 -0.2938799
vn -0.6078384 -0.70195544 -0.3712022
vn -0.64705384 -0.7176416 -0.25751096
vn -0.670583 -0.70195544 -0.23995204
vn -0.7176415 -0.6862693 -0.11842796
vn -0.6941123 -0.70195544 -0.15958293
vn -0.8980323 -0.0039215684 -0.439912
vn -0.85097384 0.003921509 -0.5251934
vn -0.85097384 -0.0039215684 -0.5251934
vn -0.8980323 -0.0039215684 -0.439912
vn -0.9529338 -0.0039215684 -0.30315316
vn -0.9529338 -0.0039215684 -0.30315316
vn -0.9764631 -0.0039215684 -0.21564901
vn -0.9764631 0.003921509 -0.21564901
vn 0.41176158 -0.59999543 0.6858993
vn 0.41176158 -0.59999543 0.6858993
vn 0.41176158 -0.59999543 0.6858993
vn 0.41176158 -0.59999543 0.6858993
vn -0.5764661 -0.59215236 -0.5630652
vn -0.5764661 -0.5843093 -0.5712
vn -0.56862307 -0.59215236 -0.5709846
vn -0.5764661 -0.5843093 -0.5712
vn -0.12941074 0.70979846 0.69241536
vn -0.066666126 0.74117076 0.66799814
vn -0.12941074 0.7176415 0.68428326
vn -0.11372459 0.70979846 0.6951639
vn -0.05882299 0.70979846 0.7019444
vn 0.0039215684 0.79607224 0.6051889
vn 0.07450926 0.74117076 0.66716886
vn 0.10588157 0.7019553 0.7043066
vn 0.13725388 0.70979846 0.69090337
vn 0.13725388 0.7176415 0.6827533
vn -0.9843061 0.05882299 -0.1663772
vn -0.9843061 0.074509144 -0.15996845
vn -0.9607769 0.262743 -0.08873449
vn -0.9529338 0.27842915 -0.11997677
vn 0.6705831 0.7019553 0.23995204
vn 0.6156816 0.74117076 0.26758558
vn 0.6392108 0.7254846 0.25511107
vn 0.6156816 0.7176415 0.3254641
vn 0.62352467 0.7019553 0.34420308
vn 0.5686231 0.70979846 0.415757
vn 0.56078005 0.7176415 0.41293642
vn 0.5137216 0.70979846 0.48195046
vn 0.5372508 0.7019553 0.46756846
vn 0.46666312 0.7254846 0.50586325
vn 0.42744774 0.70979846 0.55988795
vn 0.42744774 0.6941123 0.5792206
vn 0.35686004 0.70979846 0.6073196
vn 0.3333308 0.70979846 0.6205455
vn 0.28627235 0.70979846 0.64361036
vn 0.25490004 0.70979846 0.6566674
vn 0.21568465 0.70979846 0.67057157
vn 0.1999985 0.70979846 0.67541593
vn 0.18431234 0.7019553 0.6879591
vn -0.003921509 -0.5764662 0.81711155
vn -0.003921509 -0.5843093 0.8115216
vn -0.003921509 -0.5764662 0.81711155
vn -0.011764526 -0.5843093 0.8114458
vn -0.19215536 0.019607663 -0.9811686
vn -0.20784152 0.011764526 -0.9780918
vn -0.16862607 -0.043136954 -0.9847357
vn -0.21568453 0.10588145 -0.97070557
vn -0.19215536 0.36470306 -0.91108066
vn 0.858817 0.003921509 -0.51226753
vn 0.8196016 0.003921509 -0.57292044
vn 0.8509739 0.003921509 -0.52519333
vn 0.8274447 0.003921509 -0.5615336
vn 0.79607236 -0.0039215684 -0.6051888
vn 0.7882293 0.003921509 -0.61536914
vn 0.6705831 0.74117076 0.031370882
vn 0.70195544 0.70979846 0.058691327
vn 0.7411708 0.670583 0.03137278
vn 0.87450314 0.45097685 0.17850533
vn 0.8901893 0.41176152 0.1949756
vn -0.35685992 -0.72548467 -0.5884921
vn -0.35685992 -0.76470006 -0.536549
vn -0.35685992 -0.77254313 -0.52519333
vn -0.35685992 -0.83528775 -0.4182647
vn -0.3803892 -0.86666006 -0.32280707
vn 0.79607236 -0.0039215684 -0.6051888
vn 0.80391544 -0.0039215684 -0.5947307
vn 0.83528775 -0.0039215684 -0.549799
vn 0.83528775 -0.0039215684 -0.549799
vn 0.8823462 -0.0039215684 -0.4705845
vn 0.8823462 -0.0039215684 -0.4705845
vn 0.9294047 -0.0039215684 -0.36904138
vn 0.9215616 0.003921509 -0.38821238
vn 0.960777 -0.0039215684 -0.27729443
vn 0.960777 0.003921509 -0.27729443
vn 0.9843062 -0.0039215684 -0.17642535
vn 0.9843062 0.003921509 -0.17642535
vn 0.9921493 -0.0039215684 -0.12499761
vn 0.9921493 -0.0039215684 -0.12499761
vn 0.0039215684 -0.9999924 -0
vn 0.0039215684 -0.9999924 -0
vn 0.0039215684 -0.9999924 -0
vn 0.0039215684 -0.9999924 -0
vn 0.0039215684 -0.9999924 -0
vn -0.003921509 -0.9999924 -0
vn 0.0039215684 -0.9999924 -0
vn -0.003921509 -0.9999924 -0
vn -0.003921509 -0.9999924 -0
vn -0.003921509 -0.9999924 -0
vn 0.0039215684 -0.9999924 -0
vn -0.003921509 -0.9999924 -0
vn -0.003921509 -0.9999924 -0
vn -0.003921509 -0.9999924 -0
vn 0.6470539 -0.5764662 0.499007
vn 0.6705831 -0.5843093 0.4570568
vn 0.6470539 -0.5843093 0.48979986
vn 0.6862693 -0.5843093 0.43314797
vn 0.7097985 -0.5843093 0.39340657
vn 0.7097985 -0.59215236 0.38149923
vn -0.64705384 -0.5764662 0.4990071
vn -0.64705384 -0.5843093 0.48979998
vn -0.670583 -0.5843093 0.45705697
vn -0.68626916 -0.5843093 0.4331481
vn -0.70979846 -0.5764662 0.40481213
vn -0.70979846 -0.5843093 0.39340666
vn -0.4980353 0.2862723 0.8185408
vn -0.50587845 0.25489998 0.8240831
vn -0.4980353 0.27842915 0.82124174
vn -0.50587845 0.25489998 0.8240831
vn 0.011763922 -0.99993086 -0
vn 0.011763922 -0.99993086 -0
vn 0.011763922 -0.99993086 -0
vn 0.011763922 -0.99993086 -0
vn -0.8980323 -0.011764646 -0.43977216
vn -0.874503 0.003921509 -0.4850042
vn -0.8980323 -0.0039215684 -0.439912
vn -0.85881686 -0.0039215684 -0.5122677
vn -0.8117584 0.003921509 -0.58398026
vn -0.7803861 -0.011764646 -0.6251873
vn -0.74117076 0.003921509 -0.67130506
vn -0.6941123 -0.0039215684 -0.7198561
vn -0.66274 -0.0039215684 -0.7488393
vn -0.5764661 -0.0039215684 -0.8171117
vn -0.6156815 -0.0039215684 -0.7879853
vn -0.50587845 0.003921509 -0.86259586
vn -0.47450614 0.003921509 -0.8802435
vn -0.39607537 -0.0039215684 -0.9182096
vn -0.41176152 0.003921509 -0.9112832
vn -0.3490169 -0.0039215684 -0.9371082
vn -0.35685992 0.003921509 -0.9341497
vn -0.003921509 -0.5843093 -0.8115216
vn -0.003921509 -0.5843093 -0.8115216
vn 0.0039215684 -0.59215236 -0.8058165
vn -0.003921509 -0.5764662 -0.81711155
vn 0.19215542 -0.8509739 0.48879418
vn 0.20784158 -0.83528775 0.509015
vn 0.19215542 -0.8509739 0.48879418
vn 0.2313708 -0.7882293 0.5702299
vn 0.93724775 -0.066666186 -0.3422313
vn 0.93724775 -0.066666186 -0.3422313
vn 0.94509083 0.02745068 -0.32565284
vn 0.94509083 0.05882299 -0.3214703
vn -0.23137069 -0.62352467 -0.7467828
vn -0.33333075 -0.4352908 -0.8363089
vn -0.33333075 -0.4431339 -0.83217967
vn -0.27058613 -0.6078385 -0.74653566
vn -0.12941074 -0.72548467 -0.67596215
vn 0.0039215684 -0.79607236 -0.6051888
vn 0.05098003 -0.7176416 -0.69454414
vn 0.19215542 -0.5843093 -0.7884535
vn 0.0039215684 -0.8196016 -0.57292044
vn 0.066666186 -0.87450314 -0.4804164
vn 0.4352908 -0.0039215684 -0.90028137
vn 0.52156466 0.003921509 -0.85320276
vn 0.52940774 -0.0039215684 -0.84835845
vn 0.4431339 -0.0039215684 -0.8964469
vn 0.3019585 -0.0039215684 -0.953313
vn 0.29411542 -0.0039215684 -0.95576185
vn 0.21568465 -0.0039215684 -0.9764552
vn 0.21568465 0.003921509 -0.9764552
vn 0.38038927 -0.69411236 -0.6111563
vn 0.29411542 -0.7097985 -0.64006424
vn 0.28627235 -0.7176416 -0.6348533
vn 0.26274312 -0.7097985 -0.6535688
vn 0.2313708 -0.7097985 -0.6653222
vn 0.16078311 -0.70195544 -0.69383526
vn 0.45097697 -0.6156816 -0.6461857
vn 0.16078311 -0.70195544 -0.69383526
vn 0.1294108 -0.019607723 0.9913972
vn -0.05882299 -0.05882311 0.9965338
vn 0.011764646 0.003921509 0.9999231
vn 0.24705696 0.02745068 0.9686121
vn 0.3725462 0.003921509 0.92800534
vn 0.4431339 0.10588145 0.8901806
vn 0.41960466 0.37254608 0.8277326
vn -0.3176446 -0.5137216 -0.7969894
vn -0.3176446 -0.5137216 -0.7969894
vn -0.30980146 -0.5137216 -0.8000707
vn -0.30980146 -0.5137216 -0.8000707
vn -0.043136835 -0.7490139 0.66114855
vn -0.043136835 -0.756857 0.65215546
vn -0.066666126 -0.7490139 0.6591918
vn -0.25489998 -0.76470006 0.5918276
vn -0.2941153 -0.7882293 0.5405468
vn -0.41960454 -0.62352467 0.65965825
vn -0.5607799 -0.6078385 0.5621906
vn -0.6078384 -0.6078385 0.5109451
vn -0.74117076 -0.41176158 0.5302059
vn -0.74117076 -0.39607543 0.54202414
vn 0.13725388 -0.70195544 0.6988705
vn 0.08235234 -0.73332775 0.67486924
vn 0.13725388 -0.70195544 0.6988705
vn 0.098038495 -0.70195544 0.705441
vn -0.003921509 -0.79607236 0.6051888
vn -0.08235228 -0.72548467 0.6832936
vn -0.098038435 -0.70195544 0.705441
vn -0.13725376 -0.70195544 0.6988705
vn -0.13725376 -0.7097985 0.69090337
vn 0.7411708 -0.42744774 0.517643
vn 0.73332775 -0.4352908 0.522257
vn 0.59215236 -0.5058785 0.62724996
vn 0.56078005 -0.46666312 0.6839235
vn 0.41176158 -0.63136774 0.65713555
vn 0.4039185 -0.654897 0.6387173
vn -0.05091424 -0.998703 -0
vn -0.05872193 -0.9982743 -0
vn -0.027440554 -0.9996234 -0
vn -0.019604046 -0.9998079 -0
vn -0.019604046 -0.9998079 -0
vn 0.80391544 -0.59215236 -0.05545755
vn 0.80391544 -0.5764662 -0.14631023
vn 0.80391544 -0.56078005 -0.19810526
vn 0.7882293 -0.52156466 -0.32659593
vn 0.24705696 -0.70195544 0.6679981
vn 0.16862619 -0.69411236 0.699838
vn 0.16862619 -0.70195544 0.69197094
vn 0.21568465 -0.7097985 0.67057157
vn 0.27842927 -0.7097985 0.6470419
vn 0.3333308 -0.70195544 0.62940377
vn 0.3411739 -0.7097985 0.61626816
vn 0.38038927 -0.70195544 0.60213166
vn -0.7882292 -0.0039215684 0.61536926
vn -0.7882292 -0.0039215684 0.61536926
vn -0.82744455 0.003921509 0.56153375
vn -0.82744455 -0.0039215684 0.56153375
vn -0.85881686 0.003921509 0.5122677
vn -0.85881686 0.003921509 0.5122677
vn -0.85881686 -0.019607723 0.51190734
vn -0.874503 -0.15294003 -0.4602758
vn -0.8901892 -0.05098003 -0.45272976
vn -0.874503 -0.16078311 -0.45759508
vn -0.8980323 0.050979972 -0.43696567
vn 0.25490004 -0.94509083 -0.2045221
vn 0.4039185 -0.76470006 -0.5020793
vn 0.4039185 -0.77254313 -0.48992538
vn 0.25490004 -0.93724775 -0.23789208
vn 0.21568465 -0.96862006 -0.12351224
vn 0.59215236 -0.7176416 0.36653256
vn 0.76470006 -0.49803543 0.4088943
vn 0.7490139 -0.52940774 0.3983788
vn 0.5372508 -0.76470006 0.35580245
vn 0.49803543 -0.77254313 0.39387533
vn -0.466663 0.65489686 -0.5944205
vn -0.45882 0.68626916 -0.56437474
vn -0.45882 0.68626916 -0.56437474
vn -0.47450614 0.6313677 -0.6133667
vn -0.5764661 -0.6470539 -0.49900708
vn -0.6313677 -0.59215236 -0.5007299
vn -0.5294076 -0.6784262 -0.50937754
vn -0.66274 -0.59999543 -0.4480861
vn -0.70979846 -0.63136774 -0.3123474
vn -0.79607224 -0.56078005 -0.22758457
vn -0.756206 -0.6543337 -0
vn -0.7333276 -0.6784262 -0.044367142
vn -0.7176415 -0.69411236 0.056557428
vn 0.96862006 0.1450969 -0.20179702
vn 0.9215616 0.30195844 -0.24401912
vn 0.96862006 0.12941074 -0.21219803
vn 0.90587544 0.33333075 -0.26130491
vn -0.24705684 0.6941123 0.67614424
vn -0.3176446 0.5999954 0.73423934
vn -0.23921382 0.70979846 0.66254276
vn -0.36470306 0.5294076 0.765976
vn 0.76470006 0.011764526 0.644279
vn 0.8196016 -0.0274508 0.5722759
vn 0.80391544 -0.011764646 0.59462726
vn 0.7490139 0.019607663 0.6622641
vn 0.858817 -0.49803543 -0.11997549
vn 0.8509739 -0.49803543 -0.16674577
vn 0.8509739 -0.5058785 -0.14117494
vn 0.8509739 -0.49803543 -0.16674577
vn 0.8274447 -0.5058785 -0.2437668
vn 0.8431308 -0.49803543 -0.20270939
vn 0.8431308 -0.49803543 -0.20270939
vn 0.83528775 -0.49803543 -0.2329272
vn 0.8274447 -0.5058785 -0.2437668
vn 0.8274447 -0.49803543 -0.25941482
vn 0.80391544 -0.49803543 -0.3250856
vn 0.80391544 -0.49803543 -0.3250856
vn 0.77254313 -0.5058785 -0.38374993
vn 0.77254313 -0.5058785 -0.38374993
vn 0.756857 -0.49803543 -0.42323545
vn 0.73332775 -0.49019235 -0.4711071
vn 0.79607236 -0.49803543 -0.3438452
vn 0.76470006 -0.49803543 -0.4088943
vn 0.73332775 -0.5058785 -0.45422173
vn 0.7097985 -0.49803543 -0.49814335
vn 0.73332775 -0.5058785 -0.45422173
vn 0.7097985 -0.49803543 -0.49814335
vn 0.69411236 -0.49803543 -0.5197776
vn -0.7254846 -0.0274508 0.68769073
vn -0.7490138 -0.011764646 0.66244996
vn -0.79607224 0.011764526 0.6050873
vn -0.81960154 0.02745068 0.57227594
vn 0.49019235 0.34117377 -0.8020673
vn 0.4352908 0.35685992 -0.82654274
vn 0.41960466 0.35685992 -0.8346154
vn 0.30980158 0.3803892 -0.87139374
vn -0.36470306 -0.5372508 -0.7604954
vn -0.30195844 -0.6156816 -0.72784424
vn -0.19215536 -0.4431339 -0.875619
vn -0.42744768 -0.7411708 -0.5176431
vn -0.2862723 -0.9137185 -0.28838632
vn -0.262743 -0.9294047 -0.25917765
vn -0.82744455 0.30980146 -0.4683573
vn -0.7490138 0.48234916 -0.45422205
vn -0.74117076 0.4901923 -0.4586692
vn -0.85881686 0.23921382 -0.45300147
vn 0.16862619 -0.5058785 0.8459622
vn 0.1294108 -0.49803543 0.85744596
vn 0.14509696 -0.49803543 0.8549313
vn 0.16078311 -0.49803543 0.8521206
vn 0.23921388 -0.5058785 0.82877237
vn 0.19215542 -0.49803543 0.8455986
vn 0.14509696 -0.5058785 0.85031396
vn 0.24705696 -0.49803543 0.8312181
vn 0.24705696 -0.5058785 0.8264683
vn 0.24705696 -0.49803543 0.8312181
vn 0.3411739 -0.49803543 0.7972208
vn 0.3333308 -0.49803543 0.80053186
vn 0.4352908 -0.49803543 0.7499884
vn 0.41176158 -0.49803543 0.76315993
vn 0.36470312 -0.5058785 0.78171515
vn 0.3333308 -0.49803543 0.80053186
vn 0.42744774 -0.5058785 0.7492498
vn 0.45882004 -0.5058785 0.7304595
vn 0.49803543 -0.49803543 0.7098742
vn 0.5137216 -0.49803543 0.6986063
vn 0.49803543 -0.49803543 0.7098742
vn 0.48234928 -0.49803543 0.7206246
vn -0.7333276 -0.011764646 -0.6797736
vn -0.70979846 -0.019607723 -0.70413184
vn -0.7725431 0.011764526 -0.63485336
vn -0.79607224 0.02745068 -0.60457873
vn 0.6784262 -0.72548467 0.11580092
vn 0.5450939 -0.8274447 0.1349369
vn 0.5686231 -0.8117585 0.13310099
vn 0.7176416 -0.69411236 0.05655585
vn -0.7019553 -0.66274005 0.26083407
vn -0.74117076 -0.6156816 0.26758564
vn -0.64705384 -0.70195544 0.29762378
vn -0.65489686 -0.7097985 0.25941512
vn -0.6392107 -0.69411236 0.33108565
vn -0.5999954 -0.7097985 0.36904156
vn -0.5843092 -0.7176416 0.37891066
vn -0.5529369 -0.7097985 0.43640217
vn -0.53725076 -0.7097985 0.45557407
vn -0.4901923 -0.7097985 0.5058632
vn -0.48234916 -0.7097985 0.5133472
vn -0.42744768 -0.7097985 0.559888
vn -0.41176152 -0.7097985 0.571523
vn -0.3490169 -0.7097985 0.6118605
vn -0.34117377 -0.7097985 0.6162682
vn -0.27058613 -0.7097985 0.6503608
vn -0.262743 -0.70195544 0.6619854
vn -0.22352767 -0.70195544 0.67623514
vn -0.18431222 -0.7097985 0.679864
vn -0.1450969 -0.7097985 0.68929887
vn -0.098038435 -0.7097985 0.6975489
vn -0.12156761 -0.70195544 0.7017691
vn -0.043136835 -0.7176416 0.69507533
vn 0.0039215684 -0.7097985 0.70439386
vn 0.011764646 -0.7097985 0.70430654
vn 0.098038495 -0.70195544 0.705441
vn 0.043136954 -0.7176416 0.69507533
vn 0.121567726 -0.70195544 0.70176905
vn 0.18431234 -0.7097985 0.679864
vn 0.16862619 -0.7097985 0.6839234
vn 0.24705696 -0.70195544 0.6679981
vn 0.27842927 -0.7097985 0.6470419
vn 0.3411739 -0.7176416 0.6071169
vn 0.35686004 -0.70195544 0.616368
vn 0.3725462 -0.77254313 0.5141852
vn 0.45097697 -0.72548467 0.5198959
vn 0.49019235 -0.70195544 0.5166914
vn 0.5372508 -0.7097985 0.45557392
vn 0.5450939 -0.7097985 0.44615996
vn 0.59999543 -0.7097985 0.36904138
vn 0.5843093 -0.7176416 0.37891057
vn 0.6392108 -0.70195544 0.31411484
vn 0.6470539 -0.70195544 0.2976236
vn 0.654897 -0.7097985 0.2594148
vn 0.6862693 -0.6784262 0.26224488
vn 0.72548467 -0.63136774 0.2739466
vn -0.85097384 0.12156761 0.510945
vn -0.9058753 0.02745068 0.42265394
vn -0.8980323 -0.09019542 0.4305842
vn -0.86666 0.13725376 0.47964767
vn -0.7176415 0.27058613 0.6416961
vn -0.79607224 0.12156761 0.5928662
vn -0.6941123 0.30980146 0.6497932
vn -0.9843061 -0.05882311 0.16637717
vn -0.9843061 0.043136835 0.17111614
vn -0.9843061 0.12941074 0.11997657
vn -0.96861994 0.19215536 0.15764423
vn -0.99214923 0.098038435 -0.07764255
vn -0.99214923 0.0901953 -0.086629726
vn -0.9764631 -0.13725388 -0.16637683
vn -0.9764631 -0.14509696 -0.15958305
vn 0.7097985 -0.0274508 -0.7038697
vn 0.7411708 -0.011764646 -0.6712134
vn 0.79607236 0.019607663 -0.6048838
vn 0.8196016 0.035293818 -0.57184577
vn -0.76469994 -0.6156816 0.19018468
vn -0.7176415 -0.654897 0.23685579
vn -0.6941123 -0.6705831 0.26177552
vn -0.81960154 -0.56078005 0.1173843
vn 0.59999543 -0.7097985 0.36904138
vn 0.6470539 -0.7097985 0.27840135
vn 0.6156816 -0.70195544 0.3580429
vn 0.6392108 -0.7097985 0.2959656
vn 0.6705831 -0.70195544 0.23995167
vn 0.6705831 -0.7097985 0.2156486
vn 0.69411236 -0.70195544 0.15958256
vn 0.69411236 -0.70195544 0.15958256
vn 0.46666312 -0.7882293 0.40114853
vn 0.42744774 -0.7176416 0.549799
vn 0.45882004 -0.7490139 0.47797734
vn 0.39607543 -0.6470539 0.6514948
vn 0.34901696 -0.5843093 0.7326458
vn 0.31764466 -0.5137216 0.7969893
vn 0.62352467 -0.72548467 -0.29135716
vn 0.7097985 -0.654897 -0.2594148
vn 0.7176416 -0.6470539 -0.25751072
vn 0.6470539 -0.7097985 -0.27840135
vn 0.6078385 -0.7097985 -0.35597536
vn 0.59999543 -0.7097985 -0.36904138
vn 0.5450939 -0.7097985 -0.44615996
vn 0.5686231 -0.70195544 -0.42886633
vn 0.5058785 -0.7176416 -0.47862038
vn 0.4745062 -0.7097985 -0.5206054
vn 0.45097697 -0.7097985 -0.5411154
vn 0.38823235 -0.7097985 -0.5877599
vn 0.41176158 -0.70195544 -0.581129
vn 0.3333308 -0.7176416 -0.6114582
vn 0.29411542 -0.7097985 -0.64006424
vn 0.25490004 -0.7097985 -0.6566674
vn 0.22352773 -0.7097985 -0.6679981
vn 0.18431234 -0.70195544 -0.68795896
vn 0.14509696 -0.7097985 -0.68929887
vn 0.098038495 -0.70195544 -0.705441
vn 0.121567726 -0.70195544 -0.70176905
vn 0.043136954 -0.7176416 -0.69507533
vn 0.011764646 -0.7097985 -0.70430654
vn 0.011764646 -0.7097985 -0.70430654
vn -0.043136835 -0.7176416 -0.69507533
vn -0.0901953 -0.7097985 -0.6986064
vn -0.12156761 -0.7097985 -0.69383526
vn -0.18431222 -0.7097985 -0.679864
vn -0.1450969 -0.7097985 -0.68929887
vn -0.22352767 -0.70195544 -0.67623514
vn -0.262743 -0.70195544 -0.6619854
vn -0.27058613 -0.7097985 -0.6503608
vn -0.34117377 -0.7097985 -0.6162682
vn -0.34117377 -0.7097985 -0.6162682
vn -0.41176152 -0.7097985 -0.571523
vn -0.4352907 -0.7097985 -0.5538123
vn -0.4901923 -0.7097985 -0.5058632
vn -0.51372147 -0.7097985 -0.48195055
vn -0.5607799 -0.7097985 -0.42627686
vn -0.5764661 -0.7097985 -0.4048122
vn -0.6078384 -0.7097985 -0.35597554
vn -0.6313677 -0.7097985 -0.31234747
vn -0.64705384 -0.7097985 -0.27840158
vn -0.65489686 -0.7097985 -0.25941512
vn -0.670583 -0.69411236 -0.26177555
vn -0.67842615 -0.6862693 -0.26224494
vn -0.6941123 -0.49803543 0.51977766
vn -0.7254846 -0.5058785 0.46664655
vn -0.70979846 -0.49803543 0.4981434
vn -0.7176415 -0.49803543 0.48677656
vn -0.7568569 -0.49803543 0.4232355
vn -0.7333276 -0.5058785 0.45422184
vn -0.7333276 -0.49019235 0.47110724
vn -0.7725431 -0.49803543 0.3938755
vn -0.8039154 -0.49803543 0.3250858
vn -0.8039154 -0.49803543 0.3250858
vn -0.82744455 -0.49803543 0.25941515
vn -0.8352877 -0.49803543 0.23292746
vn -0.7568569 -0.5058785 0.4138291
vn -0.7568569 -0.49803543 0.4232355
vn -0.79607224 -0.5058785 0.33219862
vn -0.8039154 -0.5058785 0.3127411
vn -0.82744455 -0.49803543 0.25941515
vn -0.85097384 -0.49803543 0.16674595
vn -0.8352877 -0.5058785 0.21536344
vn -0.8431307 -0.5058785 0.18225682
vn -0.8431307 -0.49803543 0.20270999
vn -0.85097384 -0.49803543 0.16674595
vn -0.85097384 -0.5058785 0.14117515
vn -0.85881686 -0.49803543 0.11997624
vn 0.24705696 -0.5764662 0.77887714
vn 0.28627235 -0.5137216 0.8087881
vn 0.16078311 -0.56078005 0.8122035
vn 0.4039185 -0.59215236 0.6972843
vn 0.31764466 -0.4352908 0.84239167
vn -0.20784152 0.003921509 0.97815466
vn -0.24705684 -0.0039215684 0.96899307
vn -0.30195844 0.003921509 0.95331305
vn -0.33333075 -0.0039215684 0.94280183
vn -0.44313383 0.003921509 0.8964469
vn -0.47450614 -0.0039215684 0.8802435
vn -0.5294076 0.003921509 0.8483585
vn -0.53725076 0.003921509 0.8434135
vn -0.050979972 -0.9921493 0.1141965
vn -0.066666126 -0.97646314 0.20512287
vn -0.035272125 -0.9993777 -0
vn -0.019604046 -0.9998079 -0
vn -0.027440554 -0.9996234 -0
vn -0.0901953 -0.96862006 -0.231603
vn -0.7333276 -0.05882311 -0.6773259
vn -0.70979846 -0.043136954 -0.70308274
vn -0.7019553 -0.043136954 -0.7109135
vn -0.7568569 -0.07450926 -0.6493196
vn -0.7725431 -0.31764466 -0.54979914
vn 0.69411236 -0.49803543 0.5197776
vn 0.70195544 -0.49803543 0.5091358
vn 0.72548467 -0.5058785 0.46664643
vn 0.7176416 -0.49803543 0.48677638
vn 0.7411708 -0.49803543 0.45014057
vn 0.72548467 -0.5058785 0.46664643
vn 0.76470006 -0.49803543 0.4088943
vn 0.76470006 -0.49803543 0.4088943
vn 0.80391544 -0.49803543 0.3250856
vn 0.80391544 -0.49803543 0.3250856
vn 0.83528775 -0.49803543 0.2329272
vn 0.8274447 -0.49803543 0.25941482
vn 0.8431308 -0.49803543 0.20270939
vn 0.76470006 -0.5058785 0.39915007
vn 0.76470006 -0.49803543 0.4088943
vn 0.79607236 -0.49803543 0.3438452
vn 0.8274447 -0.5058785 0.2437668
vn 0.8274447 -0.5058785 0.2437668
vn 0.8509739 -0.49803543 0.16674577
vn 0.8431308 -0.49803543 0.20270939
vn 0.8431308 -0.5058785 0.18225616
vn 0.8509739 -0.49803543 0.16674577
vn 0.858817 -0.49803543 0.11997549
vn -0.41960454 -0.90587544 -0.057634253
vn -0.16862607 -0.8823462 -0.43935227
vn -0.45097685 -0.83528775 -0.31450638
vn 0.24705696 -0.9294047 -0.2741711
vn 0.5764662 -0.70195544 -0.4182646
vn 0.8509739 -0.52156466 -0.061755516
vn 0.90587544 -0.41176158 -0.099207126
vn 0.9137185 -0.16862619 0.36970752
vn 0.8509739 -0.21568465 0.4788774
vn 0.7176416 -0.05098003 0.69454414
vn 0.45097697 -0.8117585 0.37103623
vn 0.45097697 -0.1294108 0.88310397
vn 0.4431339 -0.0039215684 0.8964469
vn 0.10588157 -0.0274508 0.9939998
vn -0.019607663 -0.8509739 0.52484185
vn -0.15293992 -0.18431234 0.97089565
vn -0.21568453 -0.10588157 0.97070557
vn -0.59215224 -0.4745062 0.6513061
vn -0.7333276 -0.6392108 0.23160332
vn -0.51372147 -0.26274312 0.81673515
vn -0.7333276 -0.4745062 0.4869029
vn -0.003921509 0.99999225 -0.00034526698
vn 0.0039215684 0.99999225 -0.00034526698
vn -0.003921509 0.99999225 -0.00034526698
vn 0.0039215684 0.99999225 -0.00034526698
vn 0.043136954 0.99214923 -0.11738443
vn -0.003921509 0.99999225 -0.00034526698
vn -0.003921509 0.99999225 -0.00034526698
vn -0.019604048 0.9998079 -0
vn -0.027440555 0.9996234 -0
vn -0.027440555 0.9996234 -0
vn -0.011763804 0.99993086 -0
vn 0.0039215684 0.99999225 -0.00034526698
vn 0.03527219 0.9993777 -0
vn 0.03527219 0.9993777 -0
vn 0.04309721 0.9990709 -0
vn 0.04309721 0.9990709 -0
vn 0.03527219 0.9993777 -0
vn 0.03527219 0.9993777 -0
vn 0.0039215684 0.99999225 -0.00034526698
vn 0.0039215684 0.99999225 -0.00034526698
vn 0.019604107 0.9998079 -0
vn 0.04309721 0.9990709 -0
vn 0.027440675 0.9996234 -0
vn 0.027440675 0.9996234 -0
vn 0.011763923 0.99993086 -0
vn 0.0039215684 0.99999225 -0.00034526698
vn -0.003921509 0.99999225 -0.00034526698
vn -0.003921509 0.99999225 -0.00034526698
vn 0.011764646 0.99214923 0.12450501
vn -0.003921509 0.99999225 -0.00034526698
vn -0.003921509 0.99999225 -0.00034526698
vn -0.003921509 0.99999225 -0.00034526698
vn -0.5294076 0.27058613 0.8040589
vn -0.56862307 0.3254876 0.75546384
vn -0.45097685 0.16078305 0.87793434
vn -0.2862723 0.16862607 0.9431932
vn -0.37254608 0.08235228 0.92435247
vn -0.16862607 0.08235228 0.9822339
vn -0.098038435 0.13725376 0.9856723
vn 0.0274508 0.11372459 0.993133
vn 0.07450926 0.12156761 0.98978263
vn 0.16078311 -0.043136954 0.9860467
vn 0.16078311 -0.05098003 0.9856723
vn 0.07450926 -0.9294047 0.3614627
vn 0.3019585 -0.8196016 0.4869027
vn 0.05882311 -0.93724775 0.34366623
vn 0.3411739 -0.7803862 0.52402073
vn 0.5686231 -0.72548467 0.38773668
vn 0.52940774 -0.73332775 0.42656523
vn 0.66274005 -0.6784262 0.31703866
vn 0.5137216 -0.7176416 -0.47019216
vn 0.5058785 -0.7803862 -0.36753812
vn 0.5137216 -0.6705831 -0.5351714
vn 0.5058785 -0.7882293 -0.35040194
vn -0.76469994 -0.59215236 0.25414488
vn -0.67842615 -0.5843093 0.44533202
vn -0.7803861 -0.5843093 0.22266608
vn -0.7882292 -0.5843093 0.19307348
vn -0.79607224 -0.5843093 0.15764406
vn -0.8039154 -0.59215236 0.055458628
vn -0.79607224 -0.5843093 0.15764406
vn -0.8039154 -0.59215236 0.055458628
vn -0.80789137 -0.58933145 -0
vn -0.8116087 -0.5842015 -0
vn -0.8039154 -0.59215236 -0.055458628
vn -0.8116087 -0.5842015 -0
vn -0.79607224 -0.59215236 -0.12499833
vn -0.7882292 -0.59215236 -0.16748224
vn -0.7882292 -0.5843093 -0.19307348
vn -0.7882292 -0.5843093 -0.19307348
vn -0.7882292 -0.5843093 -0.19307348
vn 0.14509696 -0.49803543 -0.8549313
vn 0.1294108 -0.49803543 -0.85744596
vn 0.17646927 -0.5058785 -0.844361
vn 0.16078311 -0.49803543 -0.8521206
vn 0.24705696 -0.5058785 -0.8264683
vn 0.1999985 -0.49803543 -0.84377795
vn 0.24705696 -0.49803543 -0.8312181
vn 0.25490004 -0.5058785 -0.8240831
vn 0.32548773 -0.49803543 -0.8037527
vn 0.34901696 -0.5058785 -0.7888435
vn 0.41176158 -0.49803543 -0.76315993
vn 0.42744774 -0.49803543 -0.75448596
vn 0.49019235 -0.49803543 -0.7153126
vn 0.22352773 -0.49803543 -0.83785206
vn 0.29411542 -0.5058785 -0.81091493
vn 0.36470312 -0.5058785 -0.78171515
vn 0.5137216 -0.49803543 -0.6986063
vn 0.5137216 -0.49803543 -0.6986063
vn 0.46666312 -0.5058785 -0.72547394
vn 0.45882004 -0.5058785 -0.7304595
vn 0.38823235 -0.5058785 -0.7703003
vn 0.4352908 -0.5058785 -0.74472064
vn -0.9294046 0.3254876 0.17396797
vn -0.91170174 0.4108527 -0
vn -0.8980323 0.4352907 0.06371778
vn -0.9058753 0.3490169 0.23995228
vn -0.9058753 0.20784152 0.36904174
vn -0.82744455 0.30195844 0.47345182
vn -0.7725431 0.24705684 0.58492744
vn -0.66274 0.3803892 0.6450424
vn -0.6313677 0.20784152 0.7471123
vn -0.6313677 0.13725376 0.76324064
vn 0.79607236 0.003921509 0.6051888
vn 0.79607236 0.003921509 0.6051888
vn 0.7490139 -0.0039215684 0.6625427
vn 0.7411708 -0.0039215684 0.67130506
vn 0.9982743 0.05872193 -0
vn 0.94509083 0.3176446 0.07684537
vn 0.9921493 0.10588145 0.06654998
vn 0.94509083 0.3254876 0.029344646
vn -0.0901953 -0.756857 0.64732707
vn -0.18431222 -0.72548467 0.6630995
vn -0.12156761 -0.7411708 0.6602175
vn -0.24705684 -0.69411236 0.6761442
vn -0.0901953 0.3254876 0.94123465
vn -0.19215536 0.23137069 0.95370007
vn -0.05882299 0.36470306 0.92926395
vn -0.262743 0.41176152 0.87259305
vn -0.262743 0.42744768 0.8650171
vn -0.9843061 0.16078305 -0.072734654
vn -0.9764631 0.21568453 -0.00023638815
vn -0.9883265 0.15235065 -0
vn -0.97478557 0.22314367 -0
vn -0.7568569 -0.07450926 -0.6493196
vn -0.8039154 -0.043136954 -0.59317726
vn -0.7019553 -0.13725388 -0.69887066
vn -0.85097384 0.20784152 -0.4823333
vn -0.85097384 0.21568453 -0.4788775
vn -0.9529338 0.30195844 -0.027171958
vn -0.9843061 0.16078305 0.072734654
vn -0.9583629 0.285553 -0
vn -0.9905662 0.13703476 -0
vn 0.35686004 -0.86666006 0.34864205
vn 0.35686004 -0.86666006 0.34864205
vn 0.4039185 -0.8274447 0.39010915
vn 0.52156466 -0.69411236 0.4961636
vn -0.30195844 0.70979846 -0.6364018
vn -0.30980146 0.6941123 -0.64979315
vn -0.16862607 0.8901892 -0.4232357
vn -0.16078305 0.8980323 -0.40949574
vn -0.20784152 -0.6470539 -0.7335688
vn -0.20784152 -0.6392108 -0.740413
vn -0.19215536 -0.6470539 -0.737833
vn -0.19999838 -0.63136774 -0.7492499
vn -0.19215536 -0.62352467 -0.7578214
vn -0.18431222 -0.59999543 -0.77848214
vn 0.0039215684 0.011764526 0.9999231
vn 0.043136954 0.05882299 0.997336
vn 0.121567726 0.13725376 0.98304766
vn 0.25490004 -0.066666186 0.9646666
vn 0.3333308 -0.0274508 0.94241023
vn 0.4039185 0.08235228 0.91108066
vn 0.4039185 0.0901953 0.9103376
vn 0.6705831 0.34117377 0.6587251
vn 0.6470539 0.3803892 0.66077626
vn 0.76470006 0.16078305 0.6240053
vn 0.7803862 0.12156761 0.61336666
vn 0.9921493 0.098038435 0.077641785
vn 0.9982743 0.05872193 -0
vn 0.998703 0.05091424 -0
vn 0.9921493 0.10588145 0.06654998
vn -0.74117076 0.66274 -0.10696536
vn -0.7019553 0.70979846 -0.058693357
vn -0.76469994 0.6392107 -0.08150897
vn -0.6941123 0.7176415 -0.056558482
vn -0.67842615 -0.011764646 -0.7345744
vn -0.53725076 -0.019607723 -0.84319466
vn -0.56862307 0.003921509 -0.82258886
vn -0.74117076 0.011764526 -0.67121345
vn -0.9058753 -0.05882311 -0.4194398
vn -0.9450908 -0.011764646 -0.32659608
vn -0.9843061 -0.0039215684 -0.17642602
vn -0.9843061 0.11372459 -0.1349379
vn -0.9215615 0.36470306 -0.13310182
vn 0.7411708 0.003921509 0.67130506
vn 0.7882293 -0.011764646 0.6152692
vn 0.5686231 -0.019607723 0.82236445
vn 0.9137185 -0.0039215684 0.40632877
vn 0.9996234 -0.027440673 -0
vn 0.9999924 0.003921509 -0
vn 0.9999924 0.003921509 -0
vn 0.99993086 -0.011763922 -0
vn 0.9294047 -0.36470312 -0.05655585
vn 0.89803237 -0.4352908 0.06371649
vn 0.8901893 -0.41176158 0.19497548
vn -0.1764692 -0.94509083 0.2750671
vn -0.1764692 -0.94509083 0.2750671
vn -0.19215536 -0.9529339 0.23450644
vn -0.16078305 -0.94509083 0.28452083
vn -0.15293992 -0.94509083 0.28881258
vn -0.12156761 -0.94509083 0.3033556
vn -0.0901953 -0.94509083 0.31411478
vn -0.0901953 -0.94509083 0.31411478
vn -0.066666126 -0.94509083 0.31993583
vn -0.066666126 -0.94509083 0.31993583
vn -0.043136835 -0.9529339 0.30009362
vn -0.6078384 -0.0039215684 0.7940511
vn -0.5607799 -0.0039215684 0.8279556
vn -0.5999954 -0.0039215684 0.7999939
vn -0.5529369 -0.0039215684 0.8332139
vn -0.47450614 0.003921509 0.8802435
vn -0.48234916 -0.0039215684 0.87597024
vn -0.3803892 0.003921509 0.9248182
vn -0.39607537 -0.0039215684 0.9182096
vn -0.2941153 -0.0039215684 0.9557619
vn -0.2941153 -0.0039215684 0.9557619
vn -0.19215536 -0.0039215684 0.9813567
vn -0.19215536 0.003921509 0.9813567
vn -0.1450969 -0.0039215684 0.9894097
vn -0.13725376 -0.0039215684 0.99052817
vn -0.24705684 0.23921382 -0.93900996
vn -0.1764692 0.019607663 -0.98411083
vn -0.25489998 0.27842915 -0.92601466
vn -0.0901953 0.19215536 -0.9772109
vn -0.011764526 0.1450969 -0.9893475
vn 0.05098003 -0.16862619 -0.9843608
vn 0.05098003 -0.18431234 -0.98154473
vn -0.003921509 0.5843092 0.81152165
vn -0.003921509 0.5843092 0.81152165
vn 0.0039215684 0.7803861 0.6252857
vn 0.0039215684 0.7803861 0.6252857
vn 0.0039215684 -0.9999924 -0
vn 0.14509696 -0.960777 -0.23633544
vn -0.011763803 -0.99993086 -0
vn -0.011763803 -0.99993086 -0
vn -0.019604046 -0.9998079 -0
vn -0.019604046 -0.9998079 -0
vn 0.0039215684 -0.9999924 -0
vn 0.011763922 -0.99993086 -0
vn 0.019604106 -0.9998079 -0
vn -0.003921509 -0.9999924 -0
vn 0.0039215684 -0.9999924 -0
vn 0.027440673 -0.9996234 -0
vn 0.019604106 -0.9998079 -0
vn 0.0509143 -0.998703 -0
vn 0.16078311 -0.9843062 -0.072733015
vn -0.011763803 -0.99993086 -0
vn -0.019604046 -0.9998079 -0
vn 0.019604106 -0.9998079 -0
vn 0.019604106 -0.9998079 -0
vn 0.0039215684 -0.9999924 -0
vn 0.0039215684 -0.9999924 -0
vn -0.003921509 -0.9999924 -0
vn -0.003921509 -0.9999924 -0
vn 0.098038495 0.62352455 0.7756324
vn 0.0274508 0.45882 0.8881051
vn 0.043136954 0.4901923 0.8705462
vn 0.11372465 0.64705384 0.75391513
vn -0.7490138 0.5294076 -0.39837915
vn -0.7176415 0.62352455 -0.31017393
vn -0.7568569 0.45097685 -0.4730618
vn -0.70979846 0.65489686 -0.25941518
vn 0.32548773 0.48234916 -0.8132632
vn 0.29411542 0.47450614 -0.8296626
vn 0.16862619 0.45097685 -0.8764617
vn 0.45882004 0.4901923 -0.74107736
vn 0.050914306 0.998703 -0
vn 0.04309721 0.9990709 -0
vn 0.04309721 0.9990709 -0
vn -0.011763804 0.99993086 -0
vn -0.003921509 0.99999225 -0.00034526698
vn -0.003921509 0.99214923 0.12499809
vn 0.011764646 0.99214923 -0.12450501
vn -0.098038435 0.9450908 -0.3117561
vn -0.04309709 0.9990709 -0
vn -0.03527213 0.9993777 -0
vn -0.04309709 0.9990709 -0
vn 0.043136954 -0.90587544 -0.42134175
vn 0.16078311 -0.89803237 -0.40949565
vn -0.043136835 -0.89803237 -0.43780944
vn 0.2705862 -0.858817 -0.43499023
vn 0.38038927 -0.858817 -0.34312886
vn 0.49019235 -0.7803862 -0.3882123
vn 0.5843093 -0.7176416 -0.37891057
vn 0.63136774 -0.6862693 -0.36112216
vn 0.654897 -0.7176416 -0.23685542
vn 0.6784262 -0.7097985 -0.18953617
vn 0.83528775 -0.5450939 -0.0718819
vn 0.7097985 -0.70195544 0.05869107
vn 0.70195544 -0.70195544 0.12048692
vn 0.7176416 -0.6862693 0.1184272
vn 0.49019235 0.5294076 -0.69241536
vn 0.49019235 0.5294076 -0.69241536
vn 0.49019235 0.5294076 -0.69241536
vn 0.49019235 0.5294076 -0.69241536
vn 0.21568465 0.81960154 0.5307857
vn 0.066666186 0.9529338 0.2957581
vn 0.17646927 0.86666 0.4666466
vn 0.027440675 0.9996234 -0
vn -0.011763804 0.99993086 -0
vn 0.027440675 0.9996234 -0
vn 0.058722056 0.9982743 -0
vn 0.050914306 0.998703 -0
vn 0.06651905 0.9977852 -0
vn 0.19215542 0.96861994 0.15764415
vn 0.2313708 0.96861994 0.09079044
vn 0.15294003 0.96861994 0.19592023
vn -0.18431222 0.96861994 -0.16674644
vn -0.22352767 0.9607769 -0.1641435
vn -0.19215536 0.96861994 -0.15764415
vn -0.003921509 0.99999225 -0.00034526698
vn 0.019604107 0.9998079 -0
vn -0.003921509 0.99999225 -0.00034526698
vn 0.80391544 0.59215224 0.055458896
vn 0.73332775 0.65489686 0.18259393
vn 0.7176416 0.66274 0.21393044
vn 0.8274447 0.5607799 0.02934617
vn 0.7176416 0.68626916 -0.11842796
vn 0.70195544 0.7019553 -0.12048767
vn -0.011764526 0.99214923 0.12450501
vn -0.011764526 0.99214923 0.12450501
vn 0.0274508 0.9529338 0.30193326
vn 0.043136954 0.9215615 0.38582847
vn -0.66274 0.4901923 0.5661159
vn -0.62352455 0.64705384 0.43879205
vn -0.64705384 0.5450938 0.53309864
vn -0.6156815 0.66274 0.42627686
vn 0.0039215684 -0.96862006 0.24851513
vn 0.098038495 -0.9843062 0.14673014
vn 0.019607723 -0.96862006 0.24777146
vn -0.074509144 -0.94509083 0.31820068
vn -0.050979972 0.99214923 0.11419702
vn -0.058721937 0.9982743 -0
vn -0.058721937 0.9982743 -0
vn -0.06651899 0.9977852 -0
vn 0.27842927 -0.4431339 -0.8521206
vn 0.3333308 -0.41176158 -0.8481409
vn 0.32548773 -0.41176158 -0.8511816
vn 0.38038927 -0.3725462 -0.84647113
vn 0.6470539 0.7176415 0.25751108
vn 0.6784262 0.7019553 0.21678704
vn 0.654897 0.7019553 0.2799441
vn 0.69411236 0.70979846 0.11997568
vn 0.6156816 0.7176415 0.3254641
vn 0.69411236 0.70979846 0.11997568
vn 0.7097985 0.7019553 0.058692593
vn 0.70195544 0.70979846 0.058691327
vn 0.5843093 0.7176415 0.3789108
vn 0.70195544 0.70979846 -0.058691327
vn 0.70195544 0.70979846 -0.058691327
vn 0.6078385 0.7019553 0.37120226
vn 0.56078005 0.7019553 0.43907234
vn 0.52940774 0.70979846 0.46466503
vn 0.5058785 0.70979846 0.49017656
vn 0.48234928 0.70979846 0.51334715
vn 0.6862693 0.70979846 -0.15881005
vn 0.6862693 0.7019553 -0.19050784
vn 0.66274005 0.70979846 -0.23866665
vn 0.41960466 0.70979846 0.56578976
vn 0.4431339 0.7019553 0.5575761
vn 0.38823235 0.70979846 0.58776
vn 0.6392108 0.70979846 -0.2959657
vn 0.6392108 0.7019553 -0.3141151
vn 0.6078385 0.70979846 -0.35597545
vn 0.32548773 0.70979846 0.62469506
vn 0.34901696 0.7019553 0.62084293
vn 0.28627235 0.70979846 0.64361036
vn 0.5764662 0.70979846 -0.4048121
vn 0.5686231 0.7019553 -0.42886654
vn 0.5372508 0.70979846 -0.455574
vn 0.21568465 0.70979846 0.67057157
vn 0.23921388 0.7019553 0.6708468
vn 0.16862619 0.70979846 0.6839235
vn 0.5058785 0.70979846 -0.49017656
vn 0.48234928 0.7019553 -0.5240209
vn 0.45097697 0.70979846 -0.5411154
vn 0.09019542 0.70979846 0.69860643
vn 0.121567726 0.7019553 0.7017692
vn 0.043136954 0.70979846 0.70308274
vn -0.019607663 0.70979846 0.70413184
vn -0.035293818 0.70979846 0.70352006
vn 0.41176158 0.70979846 -0.571523
vn 0.38823235 0.7019553 -0.597105
vn 0.3411739 0.70979846 -0.6162682
vn 0.3019585 0.70979846 -0.6364018
vn 0.2705862 0.70979846 -0.6503608
vn -0.12941074 0.70979846 0.69241536
vn -0.10588145 0.7019553 0.70430666
vn -0.1764692 0.70979846 0.68194187
vn 0.1999985 0.70979846 -0.67541593
vn 0.22352773 0.7019553 -0.6762352
vn 0.13725388 0.7019553 -0.6988706
vn 0.098038495 0.7019553 -0.7054411
vn 0.05882311 0.68626916 -0.72496516
vn -0.23137069 0.70979846 0.66532224
vn -0.23137069 0.7019553 0.6735921
vn -0.27842915 0.70979846 0.647042
vn -0.3176446 0.70979846 0.6287194
vn -0.34117377 0.70979846 0.6162683
vn 0.0039215684 0.7019553 -0.71221024
vn -0.011764526 0.7019553 -0.7121239
vn -0.08235228 0.70979846 -0.69957435
vn -0.4039184 0.70979846 0.57709277
vn -0.3803892 0.7019553 0.6021319
vn -0.4352907 0.70979846 0.5538124
vn -0.12156761 0.70979846 -0.6938353
vn -0.16078305 0.70979846 -0.68580973
vn -0.19999838 0.70979846 -0.675416
vn -0.48234916 0.70979846 0.51334727
vn -0.47450614 0.7019553 0.5311334
vn -0.5215646 0.70979846 0.47345167
vn -0.23921382 0.70979846 -0.66254276
vn -0.2862723 0.7019553 -0.65215564
vn -0.3254876 0.70979846 -0.62469506
vn -0.5607799 0.7176415 0.41293657
vn -0.5529369 0.7019553 0.44890925
vn -0.59215224 0.70979846 0.38149956
vn -0.36470306 0.70979846 -0.60264236
vn -0.39607537 0.7019553 -0.5919316
vn -0.42744768 0.70979846 -0.55988806
vn -0.6313677 0.70979846 0.31234756
vn -0.47450614 0.7176415 -0.50973976
vn -0.4980353 0.7019553 -0.5091361
vn -0.5294076 0.70979846 -0.46466517
vn -0.6156815 0.7019553 0.3580433
vn -0.65489686 0.7019553 0.27994442
vn -0.66274 0.70979846 0.23866679
vn -0.670583 0.70979846 0.21564916
vn -0.7019553 0.7019553 0.12048865
vn -0.7019553 0.7019553 0.12048865
vn -0.70979846 0.7019553 0.058693103
vn -0.7019553 0.70979846 -0.058693357
vn -0.70979846 0.7019553 -0.058693103
vn -0.6941123 0.70979846 -0.11997618
vn -0.6941123 0.7019553 -0.15958348
vn -0.670583 0.70979846 -0.21564916
vn -0.670583 0.7019553 -0.23995242
vn -0.6313677 0.70979846 -0.31234756
vn -0.6392107 0.7019553 -0.31411532
vn -0.6078384 0.70979846 -0.35597563
vn -0.5607799 0.7176415 -0.41293657
vn -0.5764661 0.7019553 -0.41826496
vn -0.51372147 -0.77254313 -0.37318537
vn -0.37254608 -0.83528775 -0.404356
vn -0.20784152 -0.49803543 -0.8418804
vn -0.4039184 -0.8901893 0.21074384
vn -0.050979972 -0.654897 -0.7539967
vn 0.22352773 -0.24705696 -0.94286704
vn -0.0901953 -0.9921493 0.086628996
vn -0.098038435 -0.80391544 0.5866075
vn 0.38823235 -0.7097985 0.5877599
vn 0.32548773 -0.5764662 0.7494961
vn 0.7490139 -0.30980158 0.585663
vn 0.5058785 -0.83528775 -0.21536317
vn 0.8823462 -0.3333308 0.33219835
vn 0.94509083 -0.14509696 0.2928313
vn 0.9990709 -0.043097205 -0
vn 0.3019585 -0.2705862 -0.9141139
vn 0.5686231 -0.09019542 -0.8176384
vn 0.70195544 -0.2313708 -0.6735919
vn 0.80391544 -0.019607723 -0.5944203
vn 0.96862006 -0.08235234 -0.23450638
vn 0.94509083 -0.0039215684 -0.32678422
vn -0.7568569 -0.49803543 -0.4232355
vn -0.7333276 -0.49803543 -0.46280804
vn -0.70979846 -0.49803543 -0.4981434
vn -0.6941123 -0.49803543 -0.51977766
vn -0.76469994 -0.49803543 -0.40889454
vn -0.6941123 -0.49803543 -0.51977766
vn -0.7882292 -0.5058785 -0.35040212
vn -0.7333276 -0.5058785 -0.45422184
vn -0.8039154 -0.49803543 -0.3250858
vn -0.7333276 -0.5058785 -0.45422184
vn -0.81960154 -0.5058785 -0.26896143
vn -0.82744455 -0.49803543 -0.25941515
vn -0.8431307 -0.49803543 -0.20270999
vn -0.7725431 -0.5058785 -0.38375008
vn -0.76469994 -0.49803543 -0.40889454
vn -0.8039154 -0.49803543 -0.3250858
vn -0.85097384 -0.49803543 -0.16674595
vn -0.8431307 -0.49803543 -0.20270999
vn -0.82744455 -0.5058785 -0.24376717
vn -0.8352877 -0.49803543 -0.23292746
vn -0.85097384 -0.49803543 -0.16674595
vn -0.85881686 -0.49803543 -0.11997624
vn -0.8431307 -0.5058785 -0.18225682
vn 0.11372465 -0.6156816 -0.7797454
vn 0.28627235 -0.93724775 -0.19903466
vn 0.45097697 -0.7097985 -0.5411154
vn 0.2313708 -0.5137216 -0.82617044
vn -0.10588145 -0.31764466 -0.9422797
vn -0.45097685 -0.3411739 -0.82475466
vn -0.41960454 -0.16078311 -0.8933537
vn -0.6941123 -0.05098003 -0.71805936
vn -0.22352767 -0.94509083 -0.23840867
vn -0.874503 -0.1294108 -0.46743694
vn -0.8901892 -0.0039215684 -0.45557418
vn -0.99214923 -0.019607723 -0.12351291
vn -0.02745068 -0.8823462 0.46979958
vn 0.25490004 -0.8431308 0.47345155
vn -0.15293992 -0.6705831 0.72589785
vn -0.6543336 -0.75620604 -0
vn -0.96861994 -0.18431234 0.16674635
vn -0.9843061 -0.09019542 0.1516783
vn -0.85881686 -0.21568465 0.46466517
vn -0.59215224 -0.5137216 0.6208429
vn -0.5999954 -0.4039185 0.69054717
vn 0.36470312 -0.87450314 0.3197435
vn -0.38823223 -0.858817 0.33422914
vn -0.30980146 -0.80391544 0.50768393
vn -0.8431307 -0.49803543 0.20270999
vn 0.28555307 -0.95836294 -0
vn 0.7176416 -0.6784262 -0.15725271
vn -0.8117584 -0.5764662 -0.09346139
vn -0.93724763 -0.23921388 -0.2536604
vn 0.6156816 -0.59999543 -0.51082444
vn 0.70195544 -0.42744774 -0.5696902
vn 0.49803543 -0.2313708 -0.83572024
vn -0.76469994 -0.20784158 -0.6099475
vn -0.7803861 -0.07450926 -0.6208429
vn -0.48234916 -0.0039215684 -0.87597024
vn -0.13725376 -0.87450314 -0.46519426
vn 0.30980158 -0.27842927 -0.9091205
vn 0.18431234 -0.10588157 -0.9771479
vn -0.27058613 -0.1294108 -0.95395803
vn -0.13725376 -0.019607723 -0.99034184
vn 0.96862006 -0.1999985 -0.14756608
vn 0.93724775 -0.011764646 0.34846556
vn 0.9990709 -0.043097205 -0
vn 0.93724775 -0.14509696 -0.31703869
vn 0.9137185 -0.098038495 0.39434364
vn 0.7803862 -0.019607723 0.62499034
vn 0.5372508 -0.3019585 0.7875167
vn 0.56078005 -0.098038495 0.82214004
vn 0.31764466 -0.1999985 0.9268778
vn 0.69411236 -0.42744774 -0.57922053
vn 0.7176416 -0.32548773 -0.61566895
vn 0.34901696 -0.552937 -0.7566029
vn 0.2313708 -0.8431308 -0.4853843
vn -0.043136835 -0.77254313 -0.6334953
vn 0.52156466 -0.8431308 0.13076961
vn -0.20784152 -0.97646314 -0.057633735
vn -0.44313383 -0.8823462 -0.15842205
vn -0.466663 -0.7411708 0.48258826
vn -0.10588145 -0.7882293 0.6062044
vn -0.19999838 -0.45882004 0.8657279
vn 0.10588157 -0.35686004 0.9281379
vn 0.5686231 -0.7882293 0.23529203
vn 0.62352467 -0.3333308 0.7071828
vn 0.7411708 -0.6470539 0.1788493
vn 0.3333308 -0.8823462 -0.33219832
vn 0.48234928 -0.45882004 0.746206
vn 0.31764466 -0.14509696 0.93704253
vn -0.05882299 -0.96862006 -0.24148494
vn -0.37254608 -0.7882293 -0.48979995
vn 0.011764646 -0.19215542 0.981294
vn -0.066666126 -0.035293877 0.9971509
vn -0.3803892 -0.0039215684 0.9248182
vn -0.30195844 -0.8823462 0.3609519
vn -0.76469994 -0.63136774 -0.12887515
vn -0.8039154 -0.52940774 -0.27101204
vn -0.9450908 -0.29411542 0.14247642
vn -0.5294076 -0.121567726 0.8396123
vn -0.670583 -0.035293877 0.74099445
vn -0.85881686 -0.29411542 0.41943973
vn -0.85881686 -0.1294108 0.49566767
vn -0.9450908 -0.098038495 0.3117561
vn -0.9993777 -0.03527219 -0
vn -0.93724763 -0.0039215684 0.34864238
vn -0.79607224 -0.0274508 0.60457873
vn -0.9058753 -0.24705696 -0.34402436
vn -0.9450908 -0.1294108 -0.30009377
vn -0.7176415 -0.31764466 -0.61975205
vn -0.5450938 -0.27842927 0.7907907
vn -0.5843092 -0.09019542 0.8065033
vn -0.3176446 -0.1999985 0.9268778
vn -0.466663 -0.6862693 -0.55790687
vn -0.34117377 -0.5686231 -0.74851066
vn 0.08235234 -0.7803862 -0.6198511
vn -0.7019553 -0.7097985 0.05869285
vn -0.019607663 -0.4039185 0.9145848
vn 0.31764466 -0.45097697 0.8340993
vn -0.1764692 -0.8196016 0.54507965
vn 0.066666186 -0.960777 -0.26918992
vn 0.4431339 -0.8901893 -0.105808415
vn 0.3019585 -0.858817 0.41382903
vn 0.48234928 -0.7411708 0.46691006
vn 0.63136774 -0.6705831 0.38947788
vn 0.9137185 -0.4039185 0.044365466
vn 0.52940774 -0.8431308 0.09411613
vn 0.16078311 -0.87450314 0.4575949
vn 0.87450314 -0.4352908 -0.21393031
vn 0.9137185 -0.19215542 -0.35804296
vn -0.21568453 -0.97646314 -0
vn -0.4039184 -0.86666006 0.29283148
vn -0.7254846 -0.654897 -0.21161768
vn 0.73332775 -0.121567726 -0.6689183
vn 0.73332775 -0.05098003 -0.6779613
vn 0.4431339 -0.0039215684 -0.8964469
vn 0.18431234 -0.73332775 -0.6544153
vn -0.5843092 -0.5372508 -0.6082305
vn -0.64705384 -0.34901696 -0.6778706
vn -0.25489998 -0.121567726 -0.9592952
vn 0.30980158 -0.07450926 -0.9478773
vn 0.098038495 -0.019607723 -0.99498945
vn -0.22352767 -0.19215542 -0.9555688
vn -0.51372147 -0.49803543 -0.69860643
vn -0.50587845 -0.49803543 -0.70430654
vn -0.48234916 -0.49803543 -0.72062474
vn -0.47450614 -0.5058785 -0.72036856
vn -0.41960454 -0.49803543 -0.75887597
vn -0.42744768 -0.5058785 -0.74924994
vn -0.45097685 -0.49019235 -0.7458762
vn -0.45097685 -0.5058785 -0.7353277
vn -0.39607537 -0.5058785 -0.76629704
vn -0.35685992 -0.49803543 -0.7903238
vn -0.3254876 -0.49803543 -0.8037528
vn -0.24705684 -0.5058785 -0.8264683
vn -0.262743 -0.49803543 -0.8263939
vn -0.30195844 -0.5058785 -0.80802727
vn -0.3176446 -0.5058785 -0.80199057
vn -0.15293992 -0.49803543 -0.8535632
vn -0.20784152 -0.49803543 -0.8418804
vn -0.21568453 -0.5058785 -0.83520484
vn -0.12941074 -0.49803543 -0.85744596
vn -0.23137069 -0.49803543 -0.83572024
vn -0.19215536 -0.5058785 -0.84093
vn -0.12941074 -0.49803543 -0.85744596
vn -0.16862607 -0.5058785 -0.8459623
vn -0.30980146 -0.49803543 0.80992824
vn -0.38823223 -0.5058785 0.7703003
vn -0.39607537 -0.49803543 0.7714175
vn -0.45882 -0.5058785 0.7304595
vn -0.466663 -0.5058785 0.725474
vn -0.24705684 -0.5058785 0.8264683
vn -0.23137069 -0.49803543 0.83572024
vn -0.51372147 -0.49803543 0.69860643
vn -0.51372147 -0.49803543 0.69860643
vn -0.13725376 -0.49803543 0.8562255
vn -0.4901923 -0.49803543 0.71531266
vn -0.466663 -0.49803543 0.7308805
vn -0.41960454 -0.49803543 0.75887597
vn -0.41176152 -0.49803543 0.76316
vn -0.33333075 -0.49803543 0.8005319
vn -0.3254876 -0.49803543 0.8037528
vn -0.24705684 -0.49803543 0.8312182
vn -0.24705684 -0.49803543 0.8312182
vn -0.19999838 -0.49803543 0.843778
vn -0.16078305 -0.49803543 0.8521206
vn -0.1764692 -0.5058785 0.844361
vn -0.12941074 -0.49803543 0.85744596
vn 0.36470312 -0.9294047 0.05655585
vn 0.36470312 -0.9294047 0.05655585
vn 0.36470312 -0.9294047 0.05655585
vn 0.05098003 0.8901892 0.45272982
vn 0.05098003 0.8901892 0.45272982
vn 0.05098003 0.8901892 0.45272982
vn -0.6068686 -0.7948023 -0
vn -0.6068686 -0.7948023 -0
vn -0.6068686 -0.7948023 -0
vn 0.5133428 0.8581836 -0
vn 0.5133428 0.8581836 -0
vn 0.5133428 0.8581836 -0
vn -0.9187401 -0.39486283 -0
vn -0.9187401 -0.39486283 -0
vn -0.9187401 -0.39486283 -0
vn -0.4039184 -0.043136954 0.9137774
vn -0.4039184 -0.043136954 0.9137774
vn -0.4039184 -0.043136954 0.9137774
vn 0.36470312 -0.09019542 0.92674506
vn 0.36470312 -0.09019542 0.92674506
vn 0.36470312 -0.09019542 0.92674506
vn 0.9921493 -0.07450926 -0.10043979
vn 0.9921493 -0.07450926 -0.10043979
vn 0.9921493 -0.07450926 -0.10043979
vn -0.066666126 0.019607663 -0.9975827
vn -0.066666126 0.019607663 -0.9975827
vn -0.066666126 0.019607663 -0.9975827
vn 0.26274312 -0.11372465 -0.95814025
vn 0.26274312 -0.11372465 -0.95814025
vn 0.26274312 -0.11372465 -0.95814025
vn 0.05098003 -0.63136774 0.7738061
vn 0.05098003 -0.63136774 0.7738061
vn 0.05098003 -0.63136774 0.7738061
vn -0.5450938 0.33333075 0.7692616
vn -0.5450938 0.33333075 0.7692616
vn -0.5450938 0.33333075 0.7692616
vn -0.6459423 -0.76338637 -0
vn -0.6459423 -0.76338637 -0
vn -0.6459423 -0.76338637 -0
vn 0.6078385 -0.7882293 0.09605716
vn 0.6078385 -0.7882293 0.09605716
vn 0.6078385 -0.7882293 0.09605716
vn 0.16862619 -0.019607723 -0.985485
vn -0.670583 -0.6078385 0.42526552
vn -0.670583 -0.6078385 0.42526552
vn -0.670583 -0.6078385 0.42526552
vn -0.59215224 -0.39607543 -0.70176923
vn -0.59215224 -0.39607543 -0.70176923
vn -0.59215224 -0.39607543 -0.70176923
vn 0.4039185 -0.9137185 -0.044365127
vn 0.4039185 -0.9137185 -0.044365127
vn 0.4039185 -0.9137185 -0.044365127
vn 0.0039215684 -0.7411708 -0.67130506
vn 0.0039215684 -0.7411708 -0.67130506
vn 0.0039215684 -0.7411708 -0.67130506
vn 0.76470006 0.3254876 -0.55613995
vn 0.76470006 0.3254876 -0.55613995
vn 0.76470006 0.3254876 -0.55613995
vn 0.3333308 -0.49019235 -0.8053583
vn 0.3333308 -0.49019235 -0.8053583
vn 0.3333308 -0.49019235 -0.8053583
vn -0.85097384 0.08235228 0.51871145
vn -0.85097384 0.08235228 0.51871145
vn -0.85097384 0.08235228 0.51871145
vn 0.35686004 -0.9294047 0.09411613
vn 0.35686004 -0.9294047 0.09411613
vn 0.35686004 -0.9294047 0.09411613
vn -0.08235228 0.874503 0.4779776
vn -0.08235228 0.874503 0.4779776
vn -0.08235228 0.874503 0.4779776
vn -0.6078384 0.5999954 0.5201327
vn -0.6078384 0.5999954 0.5201327
vn -0.6078384 0.5999954 0.5201327
vn 0.62352467 -0.5686231 0.536549
vn 0.62352467 -0.5686231 0.536549
vn 0.62352467 -0.5686231 0.536549
vn -0.098038435 0.7019553 -0.7054411
vn -0.098038435 0.7019553 -0.7054411
vn -0.098038435 0.7019553 -0.7054411
vn -0.5450938 -0.654897 0.52343357
vn -0.5450938 -0.654897 0.52343357
vn -0.5450938 -0.654897 0.52343357
vn -0.7725431 0.066666126 -0.631453
vn -0.7725431 0.066666126 -0.631453
vn -0.7725431 0.066666126 -0.631453
vn 0.76470006 0.62352455 0.1626376
vn 0.76470006 0.62352455 0.1626376
vn 0.76470006 0.62352455 0.1626376
vn 0.87450314 -0.25490004 -0.41263813
vn 0.87450314 -0.25490004 -0.41263813
vn 0.87450314 -0.25490004 -0.41263813
vn -0.37254608 -0.52940774 -0.76219213
vn -0.37254608 -0.52940774 -0.76219213
vn -0.37254608 -0.52940774 -0.76219213
vn -0.13725376 -0.654897 0.74314964
vn -0.13725376 -0.654897 0.74314964
vn -0.13725376 -0.654897 0.74314964
vn -0.011764526 -0.9294047 0.36887467
vn -0.011764526 -0.9294047 0.36887467
vn -0.011764526 -0.9294047 0.36887467
vn 0.035293877 -0.72548467 0.68733275
vn 0.035293877 -0.72548467 0.68733275
vn 0.035293877 -0.72548467 0.68733275
vn 0.69411236 -0.7176416 -0.05655585
vn 0.69411236 -0.7176416 -0.05655585
vn 0.69411236 -0.7176416 -0.05655585
vn 0.7148765 -0.69925076 -0
vn 0.7148765 -0.69925076 -0
vn 0.7148765 -0.69925076 -0
vn 0.4745062 -0.66274005 -0.57932675
vn 0.4745062 -0.66274005 -0.57932675
vn 0.4745062 -0.66274005 -0.57932675
vn 0.7490139 -0.41960466 -0.51274765
vn 0.7490139 -0.41960466 -0.51274765
vn 0.7490139 -0.41960466 -0.51274765
vn 0.5686231 0.81960154 0.0701504
vn 0.5686231 0.81960154 0.0701504
vn 0.5686231 0.81960154 0.0701504
vn -0.39607537 0.41176152 0.8207172
vn -0.39607537 0.41176152 0.8207172
vn -0.39607537 0.41176152 0.8207172
vn 0.88072234 -0.4736329 -0
vn 0.88072234 -0.4736329 -0
vn 0.88072234 -0.4736329 -0
vn 0.5843093 -0.6156816 0.52869546
vn 0.5843093 -0.6156816 0.52869546
vn 0.5843093 -0.6156816 0.52869546
vn -0.7254846 -0.05098003 -0.68634766
vn -0.7254846 -0.05098003 -0.68634766
vn -0.7254846 -0.05098003 -0.68634766
vn -0.066518985 -0.9977852 -0
vn -0.066518985 -0.9977852 -0
vn -0.066518985 -0.9977852 -0
vn 0.66274005 0.7176415 0.21393073
vn 0.66274005 0.7176415 0.21393073
vn 0.66274005 0.7176415 0.21393073
vn 0.49019235 0.51372147 -0.70413184
vn 0.49019235 0.51372147 -0.70413184
vn 0.49019235 0.51372147 -0.70413184
vn -0.6156815 0.59215224 0.51989615
vn -0.6156815 0.59215224 0.51989615
vn -0.6156815 0.59215224 0.51989615
vn -0.66274 0.34117377 -0.6666155
vn -0.66274 0.34117377 -0.6666155
vn -0.66274 0.34117377 -0.6666155
vn -0.011764526 0.8980323 -0.43977216
vn -0.011764526 0.8980323 -0.43977216
vn -0.011764526 0.8980323 -0.43977216
vn 0.7803862 0.05882299 0.62252486
vn 0.7803862 0.05882299 0.62252486
vn 0.7803862 0.05882299 0.62252486
vn 0.5058785 0.53725076 0.6748693
vn 0.5058785 0.53725076 0.6748693
vn 0.5058785 0.53725076 0.6748693
vn 0.03527219 0.9993777 -0
vn -0.003921509 0.99999225 -0.00034526698
vn 0.0039215684 0.99999225 -0.00034526698
vn -0.003921509 0.99999225 -0.00034526698
vn -0.003921509 0.99999225 -0.00034526698
vn 0.0039215684 0.99999225 -0.00034526698
vn -0.003921509 0.99999225 -0.00034526698
vn -0.003921509 0.99999225 -0.00034526698
vn -0.003921509 0.99999225 -0.00034526698
vn -0.003921509 0.99999225 -0.00034526698
vn -0.003921509 0.99999225 -0.00034526698
vn -0.003921509 0.99999225 -0.00034526698
vn -0.003921509 0.99999225 -0.00034526698
vn -0.003921509 0.99999225 -0.00034526698
vn 0.0039215684 0.99999225 -0.00034526698
vn 0.0039215684 0.99999225 -0.00034526698
vn 0.0039215684 0.99999225 -0.00034526698
vn 0.0039215684 0.99999225 -0.00034526698
vn -0.003921509 0.99999225 -0.00034526698
vn -0.003921509 0.99999225 -0.00034526698
vn -0.003921509 0.99999225 -0.00034526698
vn -0.003921509 0.99999225 -0.00034526698
vn -0.003921509 0.99999225 -0.00034526698
vn 0.0039215684 0.99999225 -0.00034526698
vn -0.003921509 0.99999225 -0.00034526698
vn 0.011763923 0.99993086 -0
vn -0.003921509 0.99999225 -0.00034526698
vn 0.0039215684 0.99999225 -0.00034526698
vn 0.0039215684 0.99999225 -0.00034526698
vn 0.0039215684 0.99999225 -0.00034526698
vn 0.0039215684 -0.011764646 0.9999231
vn 0.011764646 -0.0274508 0.9995539
vn 0.011764646 -0.043136954 0.9989999
vn 0.0039215684 -0.0039215684 0.9999846
vn 0.5058785 0.85881686 -0.080749676
vn 0.41960466 0.9058753 0.05763529
vn 0.4889607 0.87230575 -0
vn 0.41085276 0.91170174 -0
vn 0.9999924 -0.0039215684 -0
vn 0.9999924 -0.0039215684 -0
vn 0.9999924 -0.0039215684 -0
vn 0.9999924 -0.0039215684 -0
vn 0.9999924 -0.0039215684 -0
vn 0.9999924 -0.0039215684 -0
vn -0.003921509 -0.0274508 -0.9996155
vn -0.011764526 -0.043136954 -0.9989999
vn -0.019607663 -0.05098003 -0.9985072
vn -0.003921509 -0.019607723 -0.9998001
vn -0.043136835 -0.043136954 0.9981375
vn -0.098038435 0.003921509 0.9951749
vn -0.0901953 0.003921509 0.99591637
vn -0.035293818 0.003921509 0.99936926
vn 0.066666186 -0.09019542 0.9936903
vn 0.05882311 0.003921509 0.99826074
vn 0.10588157 -0.0039215684 0.994371
vn 0.121567726 -0.0039215684 0.9925754
vn -0.019607663 -0.63136774 0.77523565
vn -0.05882299 -0.38038927 0.92295384
vn 0.066666186 -0.73332775 0.6765989
vn 0.10588157 -0.36470312 0.9250842
vn 0.011764646 -0.7803862 0.62518716
vn 0.05098003 -0.86666006 0.49628764
vn -0.12156761 -0.6784262 0.7245407
vn -0.13725376 -0.66274005 0.73616374
vn -0.41960454 -0.5764662 0.7011553
vn -0.99999225 -0.0039215684 -0.00034425134
vn -0.99999225 -0.0039215684 -0.00034425134
vn -0.99999225 -0.0039215684 -0.00034425134
vn -0.99999225 -0.0039215684 -0.00034425134
vn -0.99999225 -0.0039215684 -0.00034425134
vn -0.99999225 -0.0039215684 -0.00034425134
vn 0.9651236 -0.2617947 -0
vn 0.9999924 -0.0039215684 -0
vn 0.9999924 -0.0039215684 -0
vn 0.9999924 -0.0039215684 -0
vn 0.99993086 -0.011763922 -0
vn 0.9999924 -0.0039215684 -0
vn 0.99993086 -0.011763922 -0
vn 0.0039215684 0.99999225 -0.00034526698
vn 0.0039215684 0.99999225 -0.00034526698
vn 0.0039215684 0.99999225 -0.00034526698
vn 0.0039215684 0.99999225 -0.00034526698
vn -0.003921509 0.99999225 -0.00034526698
vn 0.0039215684 0.99214923 -0.12499809
vn -0.003921509 0.9450908 -0.3267844
vn -0.99999225 -0.0039215684 -0.00034425134
vn -0.99999225 -0.0039215684 -0.00034425134
vn -0.99999225 -0.0039215684 -0.00034425134
vn -0.99999225 -0.0039215684 -0.00034425134
vn -0.99999225 -0.0039215684 -0.00034425134
vn -0.99999225 -0.0039215684 -0.00034425134
vn 0.6862693 0.074509144 -0.7235212
vn 0.72548467 0.035293818 -0.68733275
vn 0.70195544 0.050979972 -0.71039397
vn 0.76470006 -0.0039215684 -0.6443745
vn -0.0901953 -0.019607723 0.99573106
vn -0.0901953 -0.019607723 0.99573106
vn -0.10588145 -0.0039215684 0.99437106
vn -0.074509144 -0.035293877 0.99659556
vn 0.0039215684 0.99999225 -0.00034526698
vn -0.003921509 0.99999225 -0.00034526698
vn -0.003921509 0.99999225 -0.00034526698
vn 0.0039215684 0.99999225 -0.00034526698
vn -0.003921509 0.99999225 -0.00034526698
vn -0.003921509 0.99214923 0.12499809
vn -0.7254846 0.65489686 -0.21161804
vn -0.7254846 0.66274 -0.18560116
vn -0.68626916 0.670583 -0.2816967
vn -0.6941123 0.68626916 -0.21735407
vn -0.5764661 0.70979846 -0.40481225
vn -0.5450938 0.6941123 -0.47019237
vn -0.48234916 0.7254846 -0.4909291
vn -0.466663 0.74117076 -0.48258832
vn -0.9996234 0.027440555 -0
vn -0.9996234 -0.027440675 -0
vn -0.99999225 0.003921509 -0.00034492963
vn -0.9982743 0.058721937 -0
vn 0.0039215684 0.098038435 0.9951749
vn -0.003921509 0.0901953 0.99591637
vn -0.011764526 0.043136835 0.9989999
vn -0.011764526 0.035293818 0.9993077
vn -0.003921509 0.12941074 -0.99158335
vn -0.011764526 0.18431222 -0.9827973
vn -0.003921509 0.11372459 -0.9935046
vn -0.019607663 0.19215536 -0.9811686
vn 0.0039215684 0.99999225 -0.00034526698
vn 0.011763923 0.99993086 -0
vn 0.0039215684 0.99999225 -0.00034526698
vn 0.011763923 0.99993086 -0
vn -0.99999225 -0.0039215684 -0.00034425134
vn -0.99993086 0.011763804 -0
vn -0.99999225 0.003921509 -0.00034492963
vn -0.99993086 0.011763804 -0
vn 0.011764646 0.12156761 0.9925134
vn 0.0039215684 0.074509144 0.9972126
vn 0.011764646 0.12941074 0.9915213
vn 0.0039215684 0.066666126 0.9977676
vn 0.011764646 0.67842615 -0.7345744
vn 0.011764646 0.68626916 -0.7272525
vn -0.003921509 0.5999954 -0.7999939
vn -0.003921509 0.5764661 -0.8171117
vn 0.99993086 0.011763803 -0
vn 0.9998079 0.019604046 -0
vn 0.998703 -0.0509143 -0
vn 0.97646314 0.15293992 -0.15208267
vn 0.0039215684 -0.9999924 -0
vn 0.0039215684 -0.9999924 -0
vn 0.0039215684 -0.9999924 -0
vn 0.0039215684 -0.9999924 -0
vn 0.0039215684 -0.9999924 -0
vn -0.003921509 -0.9999924 -0
vn -0.003921509 -0.9999924 -0
vn -0.003921509 -0.9999924 -0
vn -0.003921509 -0.9999924 -0
vn -0.003921509 -0.9999924 -0
vn 0.0039215684 -0.9999924 -0
vn 0.0039215684 -0.9999924 -0
vn -0.003921509 -0.9999924 -0
vn -0.003921509 -0.9999924 -0
vn -0.003921509 -0.9999924 -0
vn -0.003921509 -0.9999924 -0
vn -0.003921509 -0.9999924 -0
vn -0.003921509 -0.9999924 -0
vn -0.003921509 -0.9999924 -0
vn -0.011763803 -0.99993086 -0
vn 0.0039215684 -0.9999924 -0
vn 0.0039215684 -0.9999924 -0
vn 0.0039215684 -0.9999924 -0
vn 0.30980158 0.6941123 0.64979315
vn 0.2313708 0.7019553 0.67359203
vn 0.3019585 0.6941123 0.6534747
vn 0.1999985 0.70979846 0.67541593
vn 0.08235234 0.70979846 0.6995743
vn 0.05882311 0.70979846 0.7019444
vn -0.08235228 0.7176415 0.6915265
vn -0.074509144 0.7176415 0.6924154
vn -0.19999838 0.7019553 0.6835637
vn -0.23137069 0.7019553 0.6735921
vn -0.30195844 0.7019553 0.64504254
vn -0.30980146 0.6941123 0.64979315
vn -0.70979846 0.7019553 -0.058693103
vn -0.70710677 0.70710677 -0
vn -0.7176415 0.6941123 0.05655822
vn -0.7176415 0.6941123 0.05655822
vn 0.6078385 -0.7882293 -0.09605716
vn 0.72548467 -0.6862693 0.05202344
vn 0.6459422 -0.76338625 -0
vn 0.76470006 -0.6392108 0.08150696
vn -0.99214923 -0.035293877 0.119976014
vn -0.99214923 -0.035293877 0.119976014
vn -0.99214923 -0.0274508 0.12200965
vn -0.9990709 -0.04309721 -0
vn 0.7097985 0.670583 -0.21564901
vn 0.6784262 0.7176415 -0.15725328
vn 0.654897 0.74117076 -0.1475664
vn 0.62352467 0.70979846 -0.32772422
vn 0.5843093 0.670583 -0.457057
vn 0.5058785 0.70979846 -0.49017656
vn 0.46666312 0.70979846 -0.5276473
vn 0.4745062 0.6941123 -0.54134274
vn -0.011764526 0.7490138 0.66244996
vn -0.011764526 0.76469994 0.6442792
vn 0.019607723 0.59215224 0.8055876
vn 0.0274508 0.5843092 0.81106675
vn 0.019604107 0.9998079 -0
vn 0.019604107 0.9998079 -0
vn -0.011764526 0.9607769 0.27707273
vn -0.011764526 0.9529338 0.30295017
vn -0.003921509 -0.9999924 -0
vn -0.003921509 -0.9999924 -0
vn -0.003921509 -0.9999924 -0
vn 0.0274508 -0.97646314 -0.21393044
vn -0.003921509 -0.9999924 -0
vn -0.003921509 -0.9999924 -0
vn 0.0039215684 -0.9999924 -0
vn 0.0039215684 -0.9999924 -0
vn 0.011764646 -0.960777 -0.27707252
vn 0.066666186 -0.83528775 -0.54575634
vn -0.99214923 -0.043136954 -0.117384434
vn -0.99214923 -0.05882311 -0.110361874
vn -0.9843061 -0.07450926 -0.1599684
vn -0.9998079 -0.019604107 -0
vn -0.7019553 0.70979846 -0.058693357
vn -0.70710677 0.70710677 -0
vn -0.70979846 0.7019553 0.058693103
vn -0.6941123 0.7176415 -0.056558482
vn 0.027440673 -0.9996234 -0
vn 0.019604106 -0.9998079 -0
vn 0.0039215684 -0.9999924 -0
vn -0.003921509 -0.9999924 -0
vn -0.003921509 -0.9999924 -0
vn -0.003921509 -0.9999924 -0
vn 0.0039215684 -0.9921493 0.124997616
vn 0.011763922 -0.99993086 -0
vn 0.027440673 -0.9996234 -0
vn -0.043136835 -0.035293877 -0.9984456
vn -0.08235228 -0.011764646 -0.9965339
vn -0.19215536 0.050979972 -0.9800395
vn 0.08235234 -0.10588157 -0.99096274
vn 0.7097985 0.7019553 -0.058692593
vn 0.7097985 0.7019553 -0.058692593
vn 0.7097985 0.7019553 -0.058692593
vn 0.7071068 0.70710677 -0
vn 0.9999924 0.003921509 -0
vn 0.9999924 -0.0039215684 -0
vn 0.9990709 0.043097086 -0
vn 0.9966261 0.08207506 -0
vn 0.9510054 0.3091745 -0
vn 0.7097985 0.7019553 -0.058692593
vn 0.7071068 0.70710677 -0
vn 0.7097985 0.7019553 -0.058692593
vn 0.7071068 0.70710677 -0
vn -0.70979846 0.7019553 -0.058693103
vn -0.6155679 0.7880838 -0
vn -0.6289734 0.7774267 -0
vn -0.7301457 0.68329144 -0
vn 0.098038495 -0.011764646 0.9951131
vn 0.15294003 -0.05098003 0.98691964
vn 0.10588157 -0.011764646 0.9943091
vn 0.07450926 0.011764526 0.9971509
vn -0.003921509 0.99999225 -0.00034526698
vn -0.003921509 0.99999225 -0.00034526698
vn -0.003921509 0.99999225 -0.00034526698
vn -0.003921509 0.99999225 -0.00034526698
vn -0.003921509 0.99999225 -0.00034526698
vn 0.0039215684 0.99999225 -0.00034526698
vn 0.027440675 0.9996234 -0
vn 0.0039215684 0.99999225 -0.00034526698
vn -0.003921509 0.99999225 -0.00034526698
vn -0.003921509 0.99999225 -0.00034526698
vn 0.0039215684 0.99999225 -0.00034526698
vn -0.003921509 0.99999225 -0.00034526698
vn -0.003921509 0.99999225 -0.00034526698
vn 0.0039215684 0.99999225 -0.00034526698
vn 0.0039215684 0.99999225 -0.00034526698
vn -0.003921509 0.99999225 -0.00034526698
vn 0.0039215684 0.99999225 -0.00034526698
vn -0.003921509 0.99999225 -0.00034526698
vn -0.003921509 0.99999225 -0.00034526698
vn 0.0039215684 0.99999225 -0.00034526698
vn 0.0039215684 0.99999225 -0.00034526698
vn 0.0039215684 0.99999225 -0.00034526698
vn -0.003921509 0.99999225 -0.00034526698
vn 0.0039215684 0.99999225 -0.00034526698
vn 0.0039215684 0.99999225 -0.00034526698
vn 0.0039215684 0.99999225 -0.00034526698
vn -0.003921509 0.99999225 -0.00034526698
vn 0.0039215684 0.99999225 -0.00034526698
vn 0.0039215684 0.99999225 -0.00034526698
vn 0.0039215684 0.99999225 -0.00034526698
vn -0.19999838 0.9764631 -0.080749676
vn -0.003921509 0.99999225 -0.00034526698
vn -0.03527213 0.9993777 -0
vn 0.9996234 -0.027440673 -0
vn 0.9993777 -0.035272185 -0
vn 0.9996234 -0.027440673 -0
vn 0.9921493 -0.035293877 0.119975515
vn -0.51372147 0.7019553 0.49330416
vn -0.45097685 0.7176415 0.53067
vn -0.466663 0.7019553 0.5380375
vn -0.5529369 0.7176415 0.42338103
vn -0.6313677 0.6941123 0.34580773
vn -0.65489686 0.7019553 0.27994442
vn -0.70979846 0.670583 0.21564916
vn -0.7019553 0.6941123 0.15958348
vn -0.670583 0.7333276 0.11202224
vn 0.5058785 0.70979846 0.49017656
vn 0.45097697 0.70979846 0.5411154
vn 0.4352908 0.7176415 0.5436107
vn 0.52940774 0.70979846 0.46466503
vn 0.62352467 0.6941123 0.35975707
vn 0.63136774 0.68626916 0.3611224
vn 0.6705831 0.7019553 0.23995204
vn 0.66274005 0.7176415 0.21393073
vn 0.7490139 0.64705384 0.1424764
vn 0.77254313 0.62352455 0.11997593
vn 0.0039215684 -0.7097985 0.70439386
vn 0.0039215684 -0.7176416 0.6964016
vn -0.003921509 -0.6784262 0.73465806
vn -0.011764526 -0.66274005 0.7487571
vn -0.53725076 -0.8431308 0.022181893
vn -0.5607799 -0.8274447 0.029346678
vn -0.65489686 -0.7490139 -0.10044065
vn -0.4980353 -0.86666006 0.029345663
vn 0.42744774 -0.0039215684 -0.9040315
vn 0.5372508 0.011764526 -0.84334046
vn 0.2313708 0.003921509 -0.9728577
vn 0.17646927 -0.011764646 -0.9842358
vn 0.05882311 -0.0039215684 -0.99826074
vn 0.05882311 0.003921509 -0.99826074
vn -0.035293818 -0.0039215684 -0.99936926
vn -0.035293818 -0.0039215684 -0.99936926
vn -0.27058613 -0.011764646 -0.9626239
vn -0.1450969 0.003921509 -0.9894097
vn -0.68626916 0.035293818 -0.72649086
vn -0.68626916 -0.0274508 -0.72682947
vn -0.8352877 0.05882299 -0.54665744
vn -0.65489686 0.33333075 -0.67823356
vn -0.5450938 0.3490169 -0.7622729
vn 0.63136774 0.019607663 0.77523565
vn 0.79607236 0.011764526 0.6050871
vn 0.7882293 -0.019607723 0.6150692
vn 0.8117585 -0.019607723 0.583664
vn 0.93724775 0.011764526 0.34846556
vn -0.0901953 -0.59999543 -0.7949027
vn -0.08235228 -0.62352467 -0.77745426
vn -0.043136835 -0.6470539 -0.761223
vn -0.003921509 -0.6078385 -0.794051
vn 0.019607723 -0.552937 -0.8329924
vn 0.035293877 -0.39607543 -0.9175394
vn 0.83528775 -0.011764646 -0.54968715
vn 0.8431308 -0.011764646 -0.5375798
vn 0.90587544 0.003921509 -0.42352602
vn 0.9137185 0.011764526 -0.40617737
vn 0.552937 -0.66274005 -0.50501126
vn 0.552937 -0.6705831 -0.49454927
vn 0.552937 -0.66274005 -0.50501126
vn 0.5764662 -0.6156816 -0.53723633
vn -0.011764526 0.85097384 -0.52507627
vn -0.011764526 0.8352877 -0.54968727
vn 0.011764646 0.70979846 -0.70430654
vn 0.019607723 0.68626916 -0.7270833
vn -0.59215224 0.8039154 -0.055460237
vn -0.5429273 0.83977973 -0
vn -0.6078384 0.7882292 -0.0960584
vn -0.5294076 0.8431307 -0.09411803
vn 0.83528775 -0.5450939 0.0718819
vn 0.86666006 -0.49019235 0.09279986
vn 0.88072234 -0.4736329 -0
vn 0.8274447 -0.552937 0.09795943
vn -0.67842615 -0.73332775 -0.04436647
vn -0.8039154 -0.59215236 0.055458628
vn -0.7880838 -0.615568 -0
vn -0.6313677 -0.77254313 -0.06746812
vn -0.74117076 -0.6705831 -0.03137136
vn -0.7148764 -0.6992508 -0
vn -0.7019553 -0.7097985 0.05869285
vn -0.756206 -0.6543337 -0
vn -0.67842615 -0.05882311 0.7323099
vn -0.7176415 -0.0274508 0.69587153
vn -0.64705384 -0.09019542 0.75709057
vn -0.7490138 0.011764526 0.66244996
vn -0.81794286 -0.57529956 -0
vn -0.7254846 -0.6862693 0.052024584
vn -0.68626916 -0.72548467 0.05202487
vn -0.8352877 -0.5450939 -0.07188273
vn -0.6313677 -0.77254313 0.06746812
vn -0.5981218 -0.80140513 -0
vn -0.48234916 -0.87450314 0.050828766
vn -0.42673948 -0.9043746 -0
vn -0.7490138 -0.011764646 0.66244996
vn -0.9058753 -0.019607723 0.42309034
vn -0.7490138 0.019607663 0.6622642
vn -0.7176415 0.019607663 0.69613665
vn -0.4901923 -0.019607723 0.87139374
vn 0.7176416 -0.69411236 0.05655585
vn 0.72548467 -0.6862693 0.05202344
vn 0.7176416 -0.69411236 0.05655585
vn 0.72548467 -0.6862693 0.05202344
vn -0.7568569 -0.05098003 -0.65158933
vn -0.70979846 -0.08235234 -0.6995743
vn -0.82744455 0.003921509 -0.56153375
vn -0.86666 0.043136835 -0.49703088
vn 0.722557 -0.6913113 -0
vn 0.7411708 -0.6705831 0.03137041
vn 0.7803862 -0.62352467 -0.047056798
vn 0.80391544 -0.59215236 -0.05545755
vn 0.59999543 -0.5686231 0.5627372
vn 0.63136774 -0.552937 0.5437237
vn 0.6078385 -0.5686231 0.5542564
vn 0.5372508 -0.59999543 0.5927622
vn 0.19215542 0.7019553 -0.6858098
vn 0.29411542 0.6941123 -0.657042
vn 0.28627235 0.7019553 -0.6521556
vn 0.15294003 0.7019553 -0.6956063
vn -0.019607663 0.7333276 -0.6795926
vn -0.019607663 0.74117076 -0.67103016
vn -0.18431222 0.7019553 -0.68795913
vn -0.20784152 0.7019553 -0.68121994
vn -0.30195844 0.6941123 -0.65347475
vn -0.30195844 0.6941123 -0.65347475
vn 0.59215236 -0.80391544 -0.05545755
vn 0.6068687 -0.7948022 -0
vn 0.6470539 -0.756857 -0.09213454
vn 0.5764662 -0.8117585 -0.09346027
vn -0.02745068 -0.77254313 -0.63436866
vn -0.02745068 -0.7882293 -0.6147691
vn 0.0039215684 -0.6705831 -0.74182403
vn 0.011764646 -0.6078385 -0.79397357
vn 0.6862693 -0.011764646 0.7272524
vn 0.7097985 -0.0274508 0.7038697
vn 0.7176416 -0.035293877 0.6955177
vn 0.73332775 -0.043136954 0.6785055
vn -0.50587845 -0.09019542 -0.8578763
vn -0.44313383 -0.121567726 -0.88817436
vn -0.5607799 -0.05882311 -0.8258727
vn -0.66274 0.003921509 -0.7488393
vn 0.83528775 0.53725076 -0.11685885
vn 0.83528775 0.5450938 -0.07188293
vn 0.8274447 0.5607799 -0.02934617
vn 0.8196016 0.4352907 -0.37252545
vn -0.68626916 -0.72548467 -0.05202487
vn -0.67842615 -0.73332775 -0.04436647
vn -0.7019553 -0.7097985 -0.05869285
vn -0.7176415 -0.6862693 -0.11842796
vn -0.011764526 0.6941123 0.7197706
vn -0.011764526 0.70979846 0.70430654
vn 0.0039215684 0.62352455 0.78179395
vn 0.0039215684 0.6156815 0.7879853
vn 0.6862693 0.050979972 -0.72555876
vn 0.80391544 -0.011764646 -0.59462726
vn 0.7490139 0.019607663 -0.6622641
vn 0.8509739 -0.05098003 -0.5227279
vn -0.48896065 -0.87230587 -0
vn -0.48896065 -0.87230587 -0
vn -0.48896065 -0.87230587 -0
vn -0.48896065 -0.87230587 -0
vn 0.0039215684 -0.6784262 0.73465806
vn 0.098038495 -0.7490139 0.65526074
vn -0.12156761 -0.654897 0.7458762
vn -0.22352767 -0.59215236 0.7742035
vn -0.41176152 -0.59999543 0.6858993
vn -0.011764526 -0.8274447 0.561424
vn 0.05882311 -0.7882293 0.6125638
vn 0.08235234 -0.76470006 0.6391024
vn 0.16078311 -0.69411236 0.70168144
vn 0.6156816 0.5999954 0.51082456
vn 0.6392108 0.5529369 0.53448135
vn 0.59999543 0.6156815 0.51082456
vn 0.52940774 0.7176415 0.45245793
vn -0.011764526 0.56862307 0.82251406
vn 0.05882311 0.8352877 0.5466574
vn 0.05882311 0.82744455 0.55845803
vn 0.043136954 0.65489686 0.7544861
vn -0.02745068 0.5294076 0.8479234
vn -0.050979972 0.53725076 0.84188044
vn 0.0274508 -0.756857 -0.6530038
vn 0.08235234 -0.7097985 -0.69957423
vn 0.07450926 -0.7176416 -0.69241524
vn 0.10588157 -0.6862693 -0.7195996
vn -0.7176415 -0.48234928 -0.50232446
vn -0.6313677 -0.59215236 -0.5007299
vn -0.62352455 -0.59999543 -0.5012211
vn -0.50587845 -0.7176416 -0.47862044
vn -0.7948022 -0.60686874 -0
vn -0.7880838 -0.615568 -0
vn -0.7333276 -0.6784262 -0.044367142
vn -0.7019553 -0.7097985 -0.05869285
vn -0.6941123 -0.066666186 0.71677315
vn -0.7333276 -0.043136954 0.67850554
vn -0.7568569 -0.0274508 0.6530039
vn -0.7803861 -0.011764646 0.6251873
vn -0.85881686 0.48234916 -0.17254819
vn -0.7725431 0.5529369 -0.31215057
vn -0.8352877 0.50587845 -0.21536359
vn -0.68626916 0.59215224 -0.42236283
vn 0.76470006 -0.0039215684 0.6443745
vn 0.7803862 0.003921509 0.6252855
vn 0.7490139 -0.019607723 0.6622641
vn 0.72548467 -0.043136954 0.6868851
vn 0.08235234 0.50587845 -0.8586647
vn 0.043136954 0.5843092 -0.81038386
vn 0.10588157 0.45882 -0.882198
vn -0.019607663 0.38823223 -0.9213529
vn -0.035293818 0.35685992 -0.93349093
vn -0.066666126 0.36470306 -0.92873424
vn 0.52940774 0.5450938 -0.6500771
vn 0.5137216 0.5215646 -0.6812199
vn 0.4745062 0.4352907 -0.7650921
vn 0.5450939 0.59215224 -0.59348834
vn 0.77254313 0.3490169 0.5304378
vn 0.7176416 0.4352907 0.5436107
vn 0.79607236 0.2941153 0.52892816
vn 0.6392108 0.53725076 0.5502465
vn -0.76469994 0.6313677 0.12887537
vn -0.7882292 0.6078384 0.0960584
vn -0.8039154 0.5843092 0.11091806
vn -0.81960154 0.56862307 0.07015082
vn 0.552937 0.7019553 0.4489092
vn 0.6078385 0.70979846 0.35597545
vn 0.62352467 0.7019553 0.34420308
vn 0.66274005 0.7019553 0.260834
vn 0.5137216 0.70979846 0.48195046
vn 0.6705831 0.7176415 0.18790677
vn 0.46666312 0.7019553 0.5380374
vn 0.70195544 0.70979846 0.058691327
vn 0.41960466 0.70979846 0.56578976
vn 0.70195544 0.70979846 0.058691327
vn 0.3725462 0.7019553 0.6070157
vn 0.3019585 0.70979846 0.6364018
vn 0.17646927 0.70979846 0.68194187
vn 0.05098003 0.70979846 0.7025576
vn 0.0274508 0.7019553 0.7116918
vn -0.074509144 0.70979846 0.70045304
vn -0.10588145 0.7019553 0.70430666
vn -0.18431222 0.70979846 0.67986405
vn -0.23921382 0.7019553 0.6708468
vn -0.30195844 0.70979846 0.6364018
vn -0.36470306 0.7019553 0.61176014
vn -0.41960454 0.70979846 0.5657899
vn -0.466663 0.7019553 0.5380375
vn -0.51372147 0.70979846 0.4819506
vn -0.5529369 0.7019553 0.44890925
vn -0.5999954 0.70979846 0.36904162
vn -0.6078384 0.70979846 0.35597563
vn -0.65489686 0.70979846 0.25941524
vn -0.65489686 0.7019553 0.27994442
vn -0.68626916 0.70979846 0.15881042
vn -0.68626916 0.70979846 0.15881042
vn -0.7019553 0.70979846 0.058693357
vn -0.7019553 0.7019553 0.12048865
vn -0.70979846 0.7019553 -0.058693103
vn -0.7019553 0.70979846 -0.058693357
vn -0.6941123 0.70979846 -0.11997618
vn -0.6941123 0.7019553 -0.15958348
vn -0.66274 0.70979846 -0.23866679
vn -0.65489686 0.7019553 -0.27994442
vn -0.6078384 0.70979846 -0.35597563
vn -0.5999954 0.7019553 -0.38375035
vn -0.53725076 0.70979846 -0.45557413
vn -0.5294076 0.7019553 -0.4764308
vn -0.44313383 0.70979846 -0.5475569
vn -0.42744768 0.7019553 -0.5696905
vn -0.3490169 0.70979846 -0.6118605
vn -0.33333075 0.7019553 -0.62940395
vn -0.25489998 0.70979846 -0.6566674
vn -0.23921382 0.7019553 -0.6708468
vn -0.15293992 0.70979846 -0.6876013
vn -0.13725376 0.7019553 -0.69887066
vn -0.043136835 0.70979846 -0.70308274
vn -0.02745068 0.70979846 -0.70386976
vn 0.08235234 0.70979846 -0.6995743
vn 0.07450926 0.7019553 -0.7083128
vn 0.18431234 0.7019553 -0.6879591
vn 0.22352773 0.70979846 -0.66799814
vn 0.29411542 0.7019553 -0.6486562
vn 0.34901696 0.7176415 -0.6026424
vn 0.39607543 0.7019553 -0.5919316
vn 0.46666312 0.70979846 -0.5276473
vn 0.48234928 0.70979846 -0.51334715
vn 0.56078005 0.70979846 -0.4262768
vn 0.5686231 0.70979846 -0.415757
vn 0.63136774 0.70979846 -0.31234738
vn 0.6392108 0.7019553 -0.3141151
vn 0.6862693 0.70979846 -0.15881005
vn 0.69411236 0.7019553 -0.1595831
vn 0.7097985 0.7019553 -0.058692593
vn 0.70195544 0.70979846 -0.058691327
g WyvronW6_NeedlingSP_Tip_0
f 3/3/3 2/2/2 1/1/1
f 6/6/6 5/5/5 4/4/4
f 5/5/5 8/8/8 7/7/7
f 7/7/7 8/8/8 9/9/9
f 10/10/10 7/7/7 9/9/9
f 10/10/10 9/9/9 11/11/11
f 14/14/14 13/13/13 12/12/12
f 17/17/17 16/16/16 15/15/15
f 20/20/20 19/19/19 18/18/18
f 23/23/23 22/22/22 21/21/21
f 26/26/26 25/25/25 24/24/24
f 29/29/29 28/28/28 27/27/27
f 32/32/32 31/31/31 30/30/30
f 35/35/35 34/34/34 33/33/33
f 38/38/38 37/37/37 36/36/36
f 41/41/41 40/40/40 39/39/39
f 44/44/44 43/43/43 42/42/42
f 47/47/47 46/46/46 45/45/45
f 50/50/50 49/49/49 48/48/48
f 53/53/53 52/52/52 51/51/51
f 56/56/56 55/55/55 54/54/54
f 59/59/59 58/58/58 57/57/57
f 62/62/62 61/61/61 60/60/60
f 65/65/65 64/64/64 63/63/63
f 68/68/68 67/67/67 66/66/66
f 71/71/71 70/70/70 69/69/69
f 74/74/74 73/73/73 72/72/72
f 77/77/77 76/76/76 75/75/75
f 80/80/80 79/79/79 78/78/78
f 83/83/83 82/82/82 81/81/81
f 86/86/86 85/85/85 84/84/84
f 89/89/89 88/88/88 87/87/87
f 92/92/92 91/91/91 90/90/90
f 95/95/95 94/94/94 93/93/93
f 98/98/98 97/97/97 96/96/96
f 101/101/101 100/100/100 99/99/99
f 104/104/104 103/103/103 102/102/102
f 107/107/107 106/106/106 105/105/105
f 110/110/110 109/109/109 108/108/108
f 113/113/113 112/112/112 111/111/111
f 116/116/116 115/115/115 114/114/114
f 119/119/119 118/118/118 117/117/117
f 122/122/122 121/121/121 120/120/120
f 125/125/125 124/124/124 123/123/123
f 128/128/128 127/127/127 126/126/126
f 131/131/131 130/130/130 129/129/129
f 134/134/134 133/133/133 132/132/132
f 137/137/137 136/136/136 135/135/135
f 140/140/140 139/139/139 138/138/138
f 143/143/143 142/142/142 141/141/141
f 146/146/146 145/145/145 144/144/144
f 149/149/149 148/148/148 147/147/147
f 152/152/152 151/151/151 150/150/150
f 155/155/155 154/154/154 153/153/153
f 158/158/158 157/157/157 156/156/156
f 161/161/161 160/160/160 159/159/159
f 164/164/164 163/163/163 162/162/162
f 167/167/167 166/166/166 165/165/165
f 170/170/170 169/169/169 168/168/168
f 173/173/173 172/172/172 171/171/171
f 176/176/176 175/175/175 174/174/174
f 179/179/179 178/178/178 177/177/177
f 182/182/182 181/181/181 180/180/180
f 185/185/185 184/184/184 183/183/183
f 188/188/188 187/187/187 186/186/186
f 191/191/191 190/190/190 189/189/189
f 194/194/194 193/193/193 192/192/192
f 197/197/197 196/196/196 195/195/195
f 200/200/200 199/199/199 198/198/198
f 203/203/203 202/202/202 201/201/201
f 206/206/206 205/205/205 204/204/204
f 209/209/209 208/208/208 207/207/207
f 212/212/212 211/211/211 210/210/210
f 215/215/215 214/214/214 213/213/213
f 218/218/218 217/217/217 216/216/216
f 221/221/221 220/220/220 219/219/219
f 224/224/224 223/223/223 222/222/222
f 227/227/227 226/226/226 225/225/225
f 230/230/230 229/229/229 228/228/228
f 233/233/233 232/232/232 231/231/231
f 236/236/236 235/235/235 234/234/234
f 239/239/239 238/238/238 237/237/237
f 242/242/242 241/241/241 240/240/240
f 245/245/245 244/244/244 243/243/243
f 248/248/248 247/247/247 246/246/246
f 251/251/251 250/250/250 249/249/249
f 254/254/254 253/253/253 252/252/252
f 257/257/257 256/256/256 255/255/255
f 260/260/260 259/259/259 258/258/258
f 263/263/263 262/262/262 261/261/261
f 266/266/266 265/265/265 264/264/264
f 269/269/269 268/268/268 267/267/267
f 272/272/272 271/271/271 270/270/270
f 275/275/275 274/274/274 273/273/273
f 278/278/278 277/277/277 276/276/276
f 281/281/281 280/280/280 279/279/279
f 284/284/284 283/283/283 282/282/282
f 287/287/287 286/286/286 285/285/285
f 290/290/290 289/289/289 288/288/288
f 293/293/293 292/292/292 291/291/291
f 296/296/296 295/295/295 294/294/294
f 299/299/299 298/298/298 297/297/297
f 302/302/302 301/301/301 300/300/300
f 305/305/305 304/304/304 303/303/303
f 308/308/308 307/307/307 306/306/306
f 311/311/311 310/310/310 309/309/309
f 314/314/314 313/313/313 312/312/312
f 317/317/317 316/316/316 315/315/315
f 320/320/320 319/319/319 318/318/318
f 323/323/323 322/322/322 321/321/321
f 326/326/326 325/325/325 324/324/324
f 328/328/328 327/327/327 325/325/325
f 328/328/328 325/325/325 329/329/329
f 330/330/330 328/328/328 329/329/329
f 330/330/330 331/331/331 328/328/328
f 331/331/331 330/330/330 332/332/332
f 331/331/331 333/333/333 328/328/328
f 334/334/334 333/333/333 331/331/331
f 335/335/335 333/333/333 334/334/334
f 336/336/336 335/335/335 334/334/334
f 337/337/337 333/333/333 335/335/335
f 337/337/337 338/338/338 333/333/333
f 337/337/337 339/339/339 338/338/338
f 336/336/336 340/340/340 335/335/335
f 340/340/340 341/341/341 335/335/335
f 342/342/342 340/340/340 336/336/336
f 342/342/342 343/343/343 340/340/340
f 343/343/343 342/342/342 344/344/344
f 344/344/344 345/345/345 343/343/343
f 345/345/345 344/344/344 346/346/346
f 345/345/345 346/346/346 347/347/347
f 348/348/348 347/347/347 346/346/346
f 349/349/349 347/347/347 348/348/348
f 348/348/348 346/346/346 350/350/350
f 348/348/348 350/350/350 351/351/351
f 352/352/352 351/351/351 350/350/350
f 353/353/353 351/351/351 352/352/352
f 354/354/354 353/353/353 352/352/352
f 355/355/355 353/353/353 354/354/354
f 356/356/356 353/353/353 355/355/355
f 357/357/357 356/356/356 355/355/355
f 357/357/357 358/358/358 356/356/356
f 357/357/357 359/359/359 358/358/358
f 359/359/359 360/360/360 358/358/358
f 361/361/361 360/360/360 359/359/359
f 362/362/362 360/360/360 361/361/361
f 362/362/362 363/363/363 360/360/360
f 364/364/364 363/363/363 362/362/362
f 364/364/364 362/362/362 365/365/365
f 365/365/365 366/366/366 364/364/364
f 365/365/365 367/367/367 366/366/366
f 367/367/367 368/368/368 366/366/366
f 367/367/367 369/369/369 368/368/368
f 370/370/370 368/368/368 369/369/369
f 367/367/367 371/371/371 369/369/369
f 372/372/372 371/371/371 367/367/367
f 374/374/374 370/370/370 373/373/373
f 375/375/375 370/370/370 374/374/374
f 374/374/374 376/376/376 375/375/375
f 375/375/375 377/377/377 370/370/370
f 380/380/380 379/379/379 378/378/378
f 383/383/383 382/382/382 381/381/381
f 386/386/386 385/385/385 384/384/384
f 389/389/389 388/388/388 387/387/387
f 392/392/392 391/391/391 390/390/390
f 395/395/395 394/394/394 393/393/393
f 398/398/398 397/397/397 396/396/396
f 401/401/401 400/400/400 399/399/399
f 404/404/404 403/403/403 402/402/402
f 407/407/407 406/406/406 405/405/405
f 410/410/410 409/409/409 408/408/408
f 413/413/413 412/412/412 411/411/411
f 416/416/416 415/415/415 414/414/414
f 419/419/419 418/418/418 417/417/417
f 422/422/422 421/421/421 420/420/420
f 425/425/425 424/424/424 423/423/423
f 428/428/428 427/427/427 426/426/426
f 431/431/431 430/430/430 429/429/429
f 434/434/434 433/433/433 432/432/432
f 437/437/437 436/436/436 435/435/435
f 440/440/440 439/439/439 438/438/438
f 443/443/443 442/442/442 441/441/441
f 446/446/446 445/445/445 444/444/444
f 449/449/449 448/448/448 447/447/447
f 452/452/452 451/451/451 450/450/450
f 455/455/455 454/454/454 453/453/453
f 458/458/458 457/457/457 456/456/456
f 461/461/461 460/460/460 459/459/459
f 464/464/464 463/463/463 462/462/462
f 467/467/467 466/466/466 465/465/465
f 470/470/470 469/469/469 468/468/468
f 473/473/473 472/472/472 471/471/471
f 476/476/476 475/475/475 474/474/474
f 479/479/479 478/478/478 477/477/477
f 482/482/482 481/481/481 480/480/480
f 485/485/485 484/484/484 483/483/483
f 488/488/488 487/487/487 486/486/486
f 491/491/491 490/490/490 489/489/489
f 494/494/494 493/493/493 492/492/492
f 497/497/497 496/496/496 495/495/495
f 500/500/500 499/499/499 498/498/498
f 503/503/503 502/502/502 501/501/501
f 506/506/506 505/505/505 504/504/504
f 509/509/509 508/508/508 507/507/507
f 512/512/512 511/511/511 510/510/510
f 515/515/515 514/514/514 513/513/513
f 518/518/518 517/517/517 516/516/516
f 521/521/521 520/520/520 519/519/519
f 524/524/524 523/523/523 522/522/522
f 527/527/527 526/526/526 525/525/525
f 530/530/530 529/529/529 528/528/528
f 533/533/533 532/532/532 531/531/531
f 536/536/536 535/535/535 534/534/534
f 539/539/539 538/538/538 537/537/537
f 542/542/542 541/541/541 540/540/540
f 545/545/545 544/544/544 543/543/543
f 548/548/548 547/547/547 546/546/546
f 551/551/551 550/550/550 549/549/549
f 554/554/554 553/553/553 552/552/552
f 557/557/557 556/556/556 555/555/555
f 560/560/560 559/559/559 558/558/558
f 563/563/563 562/562/562 561/561/561
f 566/566/566 565/565/565 564/564/564
f 569/569/569 568/568/568 567/567/567
f 572/572/572 571/571/571 570/570/570
f 575/575/575 574/574/574 573/573/573
f 578/578/578 577/577/577 576/576/576
f 581/581/581 580/580/580 579/579/579
f 584/584/584 583/583/583 582/582/582
f 587/587/587 586/586/586 585/585/585
f 590/590/590 589/589/589 588/588/588
f 593/593/593 592/592/592 591/591/591
f 596/596/596 595/595/595 594/594/594
f 599/599/599 598/598/598 597/597/597
f 602/602/602 601/601/601 600/600/600
f 605/605/605 604/604/604 603/603/603
f 608/608/608 607/607/607 606/606/606
f 611/611/611 610/610/610 609/609/609
f 614/614/614 613/613/613 612/612/612
f 617/617/617 616/616/616 615/615/615
f 620/620/620 619/619/619 618/618/618
f 623/623/623 622/622/622 621/621/621
f 626/626/626 625/625/625 624/624/624
f 629/629/629 628/628/628 627/627/627
f 632/632/632 631/631/631 630/630/630
f 635/635/635 634/634/634 633/633/633
f 638/638/638 637/637/637 636/636/636
f 641/641/641 640/640/640 639/639/639
f 644/644/644 643/643/643 642/642/642
f 647/647/647 646/646/646 645/645/645
f 650/650/650 649/649/649 648/648/648
f 653/653/653 652/652/652 651/651/651
f 656/656/656 655/655/655 654/654/654
f 659/659/659 658/658/658 657/657/657
f 662/662/662 661/661/661 660/660/660
f 665/665/665 664/664/664 663/663/663
f 668/668/668 667/667/667 666/666/666
f 671/671/671 670/670/670 669/669/669
f 674/674/674 673/673/673 672/672/672
f 677/677/677 676/676/676 675/675/675
f 680/680/680 679/679/679 678/678/678
f 683/683/683 682/682/682 681/681/681
f 686/686/686 685/685/685 684/684/684
f 689/689/689 688/688/688 687/687/687
f 692/692/692 691/691/691 690/690/690
f 695/695/695 694/694/694 693/693/693
f 698/698/698 697/697/697 696/696/696
f 701/701/701 700/700/700 699/699/699
f 704/704/704 703/703/703 702/702/702
f 707/707/707 706/706/706 705/705/705
f 710/710/710 709/709/709 708/708/708
f 713/713/713 712/712/712 711/711/711
f 716/716/716 715/715/715 714/714/714
f 719/719/719 718/718/718 717/717/717
f 722/722/722 721/721/721 720/720/720
f 725/725/725 724/724/724 723/723/723
f 728/728/728 727/727/727 726/726/726
f 731/731/731 730/730/730 729/729/729
f 734/734/734 733/733/733 732/732/732
f 737/737/737 736/736/736 735/735/735
f 740/740/740 739/739/739 738/738/738
f 743/743/743 742/742/742 741/741/741
f 746/746/746 745/745/745 744/744/744
f 749/749/749 748/748/748 747/747/747
f 752/752/752 751/751/751 750/750/750
f 755/755/755 754/754/754 753/753/753
f 758/758/758 757/757/757 756/756/756
f 761/761/761 760/760/760 759/759/759
f 764/764/764 763/763/763 762/762/762
f 767/767/767 766/766/766 765/765/765
f 770/770/770 769/769/769 768/768/768
f 773/773/773 772/772/772 771/771/771
f 776/776/776 775/775/775 774/774/774
f 779/779/779 778/778/778 777/777/777
f 782/782/782 781/781/781 780/780/780
f 785/785/785 784/784/784 783/783/783
f 788/788/788 787/787/787 786/786/786
f 791/791/791 790/790/790 789/789/789
f 794/794/794 793/793/793 792/792/792
f 797/797/797 796/796/796 795/795/795
f 800/800/800 799/799/799 798/798/798
f 803/803/803 802/802/802 801/801/801
f 806/806/806 805/805/805 804/804/804
f 809/809/809 808/808/808 807/807/807
f 812/812/812 811/811/811 810/810/810
f 815/815/815 814/814/814 813/813/813
f 818/818/818 817/817/817 816/816/816
f 821/821/821 820/820/820 819/819/819
f 824/824/824 823/823/823 822/822/822
f 827/827/827 826/826/826 825/825/825
f 830/830/830 829/829/829 828/828/828
f 833/833/833 832/832/832 831/831/831
f 836/836/836 835/835/835 834/834/834
f 839/839/839 838/838/838 837/837/837
f 842/842/842 841/841/841 840/840/840
f 845/845/845 844/844/844 843/843/843
f 848/848/848 847/847/847 846/846/846
f 851/851/851 850/850/850 849/849/849
f 854/854/854 853/853/853 852/852/852
f 857/857/857 856/856/856 855/855/855
f 860/860/860 859/859/859 858/858/858
f 863/863/863 862/862/862 861/861/861
f 866/866/866 865/865/865 864/864/864
f 869/869/869 868/868/868 867/867/867
f 872/872/872 871/871/871 870/870/870
f 875/875/875 874/874/874 873/873/873
f 878/878/878 877/877/877 876/876/876
f 881/881/881 880/880/880 879/879/879
f 884/884/884 883/883/883 882/882/882
f 887/887/887 886/886/886 885/885/885
f 890/890/890 889/889/889 888/888/888
f 893/893/893 892/892/892 891/891/891
f 896/896/896 895/895/895 894/894/894
f 899/899/899 898/898/898 897/897/897
f 902/902/902 901/901/901 900/900/900
f 905/905/905 904/904/904 903/903/903
f 908/908/908 907/907/907 906/906/906
f 911/911/911 910/910/910 909/909/909
f 914/914/914 913/913/913 912/912/912
f 917/917/917 916/916/916 915/915/915
f 920/920/920 919/919/919 918/918/918
f 923/923/923 922/922/922 921/921/921
f 926/926/926 925/925/925 924/924/924
f 929/929/929 928/928/928 927/927/927
f 932/932/932 931/931/931 930/930/930
f 935/935/935 934/934/934 933/933/933
f 938/938/938 937/937/937 936/936/936
f 941/941/941 940/940/940 939/939/939
f 944/944/944 943/943/943 942/942/942
f 947/947/947 946/946/946 945/945/945
f 950/950/950 949/949/949 948/948/948
f 953/953/953 952/952/952 951/951/951
f 956/956/956 955/955/955 954/954/954
f 959/959/959 958/958/958 957/957/957
f 962/962/962 961/961/961 960/960/960
f 965/965/965 964/964/964 963/963/963
f 968/968/968 967/967/967 966/966/966
f 971/971/971 970/970/970 969/969/969
f 974/974/974 973/973/973 972/972/972
f 977/977/977 976/976/976 975/975/975
f 980/980/980 979/979/979 978/978/978
f 983/983/983 982/982/982 981/981/981
f 986/986/986 985/985/985 984/984/984
f 989/989/989 988/988/988 987/987/987
f 988/988/988 991/991/991 990/990/990
f 988/988/988 992/992/992 991/991/991
f 993/993/993 992/992/992 988/988/988
f 993/993/993 994/994/994 992/992/992
f 993/993/993 995/995/995 994/994/994
f 993/993/993 996/996/996 995/995/995
f 995/995/995 996/996/996 997/997/997
f 997/997/997 998/998/998 995/995/995
f 997/997/997 999/999/999 998/998/998
f 997/997/997 1000/1000/1000 999/999/999
f 1000/1000/1000 1001/1001/1001 999/999/999
f 1000/1000/1000 1002/1002/1002 1001/1001/1001
f 1002/1002/1002 1003/1003/1003 1001/1001/1001
f 1006/1006/1006 1005/1005/1005 1004/1004/1004
f 1009/1009/1009 1008/1008/1008 1007/1007/1007
f 1012/1012/1012 1011/1011/1011 1010/1010/1010
f 1015/1015/1015 1014/1014/1014 1013/1013/1013
f 1018/1018/1018 1017/1017/1017 1016/1016/1016
f 1021/1021/1021 1020/1020/1020 1019/1019/1019
f 1024/1024/1024 1023/1023/1023 1022/1022/1022
f 1027/1027/1027 1026/1026/1026 1025/1025/1025
f 1030/1030/1030 1029/1029/1029 1028/1028/1028
f 1033/1033/1033 1032/1032/1032 1031/1031/1031
f 1036/1036/1036 1035/1035/1035 1034/1034/1034
f 1039/1039/1039 1038/1038/1038 1037/1037/1037
f 1042/1042/1042 1041/1041/1041 1040/1040/1040
f 1045/1045/1045 1044/1044/1044 1043/1043/1043
f 1048/1048/1048 1047/1047/1047 1046/1046/1046
f 1051/1051/1051 1050/1050/1050 1049/1049/1049
f 1054/1054/1054 1053/1053/1053 1052/1052/1052
f 1057/1057/1057 1056/1056/1056 1055/1055/1055
f 1060/1060/1060 1059/1059/1059 1058/1058/1058
f 1063/1063/1063 1062/1062/1062 1061/1061/1061
f 1066/1066/1066 1065/1065/1065 1064/1064/1064
f 1069/1069/1069 1068/1068/1068 1067/1067/1067
f 1072/1072/1072 1071/1071/1071 1070/1070/1070
f 1075/1075/1075 1074/1074/1074 1073/1073/1073
f 1078/1078/1078 1077/1077/1077 1076/1076/1076
f 1081/1081/1081 1080/1080/1080 1079/1079/1079
f 1084/1084/1084 1083/1083/1083 1082/1082/1082
f 1087/1087/1087 1086/1086/1086 1085/1085/1085
f 1090/1090/1090 1089/1089/1089 1088/1088/1088
f 1093/1093/1093 1092/1092/1092 1091/1091/1091
f 1096/1096/1096 1095/1095/1095 1094/1094/1094
f 1099/1099/1099 1098/1098/1098 1097/1097/1097
f 1102/1102/1102 1101/1101/1101 1100/1100/1100
f 1105/1105/1105 1104/1104/1104 1103/1103/1103
f 1108/1108/1108 1107/1107/1107 1106/1106/1106
f 1111/1111/1111 1110/1110/1110 1109/1109/1109
f 1114/1114/1114 1113/1113/1113 1112/1112/1112
f 1117/1117/1117 1116/1116/1116 1115/1115/1115
f 1120/1120/1120 1119/1119/1119 1118/1118/1118
f 1123/1123/1123 1122/1122/1122 1121/1121/1121
f 1126/1126/1126 1125/1125/1125 1124/1124/1124
f 1129/1129/1129 1128/1128/1128 1127/1127/1127
f 1132/1132/1132 1131/1131/1131 1130/1130/1130
f 1135/1135/1135 1134/1134/1134 1133/1133/1133
f 1138/1138/1138 1137/1137/1137 1136/1136/1136
f 1141/1141/1141 1140/1140/1140 1139/1139/1139
f 1144/1144/1144 1143/1143/1143 1142/1142/1142
f 1147/1147/1147 1146/1146/1146 1145/1145/1145
f 1150/1150/1150 1149/1149/1149 1148/1148/1148
f 1153/1153/1153 1152/1152/1152 1151/1151/1151
f 1156/1156/1156 1155/1155/1155 1154/1154/1154
f 1159/1159/1159 1158/1158/1158 1157/1157/1157
f 1162/1162/1162 1161/1161/1161 1160/1160/1160
f 1165/1165/1165 1164/1164/1164 1163/1163/1163
f 1168/1168/1168 1167/1167/1167 1166/1166/1166
f 1171/1171/1171 1170/1170/1170 1169/1169/1169
f 1174/1174/1174 1173/1173/1173 1172/1172/1172
f 1177/1177/1177 1176/1176/1176 1175/1175/1175
f 1180/1180/1180 1179/1179/1179 1178/1178/1178
f 1183/1183/1183 1182/1182/1182 1181/1181/1181
f 1186/1186/1186 1185/1185/1185 1184/1184/1184
f 1189/1189/1189 1188/1188/1188 1187/1187/1187
f 1192/1192/1192 1191/1191/1191 1190/1190/1190
f 1195/1195/1195 1194/1194/1194 1193/1193/1193
f 1198/1198/1198 1197/1197/1197 1196/1196/1196
f 1201/1201/1201 1200/1200/1200 1199/1199/1199
f 1204/1204/1204 1203/1203/1203 1202/1202/1202
f 1207/1207/1207 1206/1206/1206 1205/1205/1205
f 1210/1210/1210 1209/1209/1209 1208/1208/1208
f 1210/1210/1210 1212/1212/1212 1211/1211/1211
f 1212/1212/1212 1213/1213/1213 1211/1211/1211
f 1216/1216/1216 1215/1215/1215 1214/1214/1214
f 1219/1219/1219 1218/1218/1218 1217/1217/1217
f 1222/1222/1222 1221/1221/1221 1220/1220/1220
f 1225/1225/1225 1224/1224/1224 1223/1223/1223
f 1228/1228/1228 1227/1227/1227 1226/1226/1226
f 1231/1231/1231 1230/1230/1230 1229/1229/1229
f 1234/1234/1234 1233/1233/1233 1232/1232/1232
f 1237/1237/1237 1236/1236/1236 1235/1235/1235
f 1240/1240/1240 1239/1239/1239 1238/1238/1238
f 1243/1243/1243 1242/1242/1242 1241/1241/1241
f 1246/1246/1246 1245/1245/1245 1244/1244/1244
f 1249/1249/1249 1248/1248/1248 1247/1247/1247
f 1252/1252/1252 1251/1251/1251 1250/1250/1250
f 1255/1255/1255 1254/1254/1254 1253/1253/1253
f 1258/1258/1258 1257/1257/1257 1256/1256/1256
f 1261/1261/1261 1260/1260/1260 1259/1259/1259
f 1264/1264/1264 1263/1263/1263 1262/1262/1262
f 1267/1267/1267 1266/1266/1266 1265/1265/1265
f 1270/1270/1270 1269/1269/1269 1268/1268/1268
f 1273/1273/1273 1272/1272/1272 1271/1271/1271
f 1276/1276/1276 1275/1275/1275 1274/1274/1274
f 1279/1279/1279 1278/1278/1278 1277/1277/1277
f 1282/1282/1282 1281/1281/1281 1280/1280/1280
f 1285/1285/1285 1284/1284/1284 1283/1283/1283
f 1288/1288/1288 1287/1287/1287 1286/1286/1286
f 1291/1291/1291 1290/1290/1290 1289/1289/1289
f 1294/1294/1294 1293/1293/1293 1292/1292/1292
f 1297/1297/1297 1296/1296/1296 1295/1295/1295
f 1300/1300/1300 1299/1299/1299 1298/1298/1298
f 1303/1303/1303 1302/1302/1302 1301/1301/1301
f 1306/1306/1306 1305/1305/1305 1304/1304/1304
f 1309/1309/1309 1308/1308/1308 1307/1307/1307
f 1312/1312/1312 1311/1311/1311 1310/1310/1310
f 1315/1315/1315 1314/1314/1314 1313/1313/1313
f 1318/1318/1318 1317/1317/1317 1316/1316/1316
f 1321/1321/1321 1320/1320/1320 1319/1319/1319
f 1324/1324/1324 1323/1323/1323 1322/1322/1322
f 1327/1327/1327 1326/1326/1326 1325/1325/1325
f 1330/1330/1330 1329/1329/1329 1328/1328/1328
f 1333/1333/1333 1332/1332/1332 1331/1331/1331
f 1336/1336/1336 1335/1335/1335 1334/1334/1334
f 1339/1339/1339 1338/1338/1338 1337/1337/1337
f 1342/1342/1342 1341/1341/1341 1340/1340/1340
f 1345/1345/1345 1344/1344/1344 1343/1343/1343
f 1348/1348/1348 1347/1347/1347 1346/1346/1346
f 1351/1351/1351 1350/1350/1350 1349/1349/1349
f 1354/1354/1354 1353/1353/1353 1352/1352/1352
f 1357/1357/1357 1356/1356/1356 1355/1355/1355
f 1360/1360/1360 1359/1359/1359 1358/1358/1358
f 1363/1363/1363 1362/1362/1362 1361/1361/1361
f 1366/1366/1366 1365/1365/1365 1364/1364/1364
f 1369/1369/1369 1368/1368/1368 1367/1367/1367
f 1372/1372/1372 1371/1371/1371 1370/1370/1370
f 1375/1375/1375 1374/1374/1374 1373/1373/1373
f 1378/1378/1378 1377/1377/1377 1376/1376/1376
f 1381/1381/1381 1380/1380/1380 1379/1379/1379
f 1384/1384/1384 1383/1383/1383 1382/1382/1382
f 1387/1387/1387 1386/1386/1386 1385/1385/1385
f 1390/1390/1390 1389/1389/1389 1388/1388/1388
f 1393/1393/1393 1392/1392/1392 1391/1391/1391
f 1396/1396/1396 1395/1395/1395 1394/1394/1394
f 1399/1399/1399 1398/1398/1398 1397/1397/1397
f 1402/1402/1402 1401/1401/1401 1400/1400/1400
f 1405/1405/1405 1404/1404/1404 1403/1403/1403
f 1408/1408/1408 1407/1407/1407 1406/1406/1406
f 1411/1411/1411 1410/1410/1410 1409/1409/1409
f 1414/1414/1414 1413/1413/1413 1412/1412/1412
f 1417/1417/1417 1416/1416/1416 1415/1415/1415
f 1420/1420/1420 1419/1419/1419 1418/1418/1418
f 1423/1423/1423 1422/1422/1422 1421/1421/1421
f 1426/1426/1426 1425/1425/1425 1424/1424/1424
f 1429/1429/1429 1428/1428/1428 1427/1427/1427
f 1432/1432/1432 1431/1431/1431 1430/1430/1430
f 1435/1435/1435 1434/1434/1434 1433/1433/1433
f 1438/1438/1438 1437/1437/1437 1436/1436/1436
f 1441/1441/1441 1440/1440/1440 1439/1439/1439
f 1444/1444/1444 1443/1443/1443 1442/1442/1442
f 1447/1447/1447 1446/1446/1446 1445/1445/1445
f 1450/1450/1450 1449/1449/1449 1448/1448/1448
f 1453/1453/1453 1452/1452/1452 1451/1451/1451
f 1456/1456/1456 1455/1455/1455 1454/1454/1454
f 1459/1459/1459 1458/1458/1458 1457/1457/1457
f 1462/1462/1462 1461/1461/1461 1460/1460/1460
f 1465/1465/1465 1464/1464/1464 1463/1463/1463
f 1468/1468/1468 1467/1467/1467 1466/1466/1466
f 1471/1471/1471 1470/1470/1470 1469/1469/1469
f 1474/1474/1474 1473/1473/1473 1472/1472/1472
f 1477/1477/1477 1476/1476/1476 1475/1475/1475
f 1480/1480/1480 1479/1479/1479 1478/1478/1478
f 1483/1483/1483 1482/1482/1482 1481/1481/1481
f 1486/1486/1486 1485/1485/1485 1484/1484/1484
f 1489/1489/1489 1488/1488/1488 1487/1487/1487
f 1492/1492/1492 1491/1491/1491 1490/1490/1490
f 1495/1495/1495 1494/1494/1494 1493/1493/1493
f 1498/1498/1498 1497/1497/1497 1496/1496/1496
f 1501/1501/1501 1500/1500/1500 1499/1499/1499
f 1504/1504/1504 1503/1503/1503 1502/1502/1502
f 1507/1507/1507 1506/1506/1506 1505/1505/1505
f 1510/1510/1510 1509/1509/1509 1508/1508/1508
f 1513/1513/1513 1512/1512/1512 1511/1511/1511
f 1516/1516/1516 1515/1515/1515 1514/1514/1514
f 1519/1519/1519 1518/1518/1518 1517/1517/1517
f 1522/1522/1522 1521/1521/1521 1520/1520/1520
f 1522/1522/1522 1523/1523/1523 1521/1521/1521
f 1523/1523/1523 1524/1524/1524 1521/1521/1521
f 1525/1525/1525 1524/1524/1524 1523/1523/1523
f 1526/1526/1526 1524/1524/1524 1525/1525/1525
f 1527/1527/1527 1526/1526/1526 1525/1525/1525
f 1527/1527/1527 1528/1528/1528 1526/1526/1526
f 1529/1529/1529 1528/1528/1528 1527/1527/1527
f 1529/1529/1529 1530/1530/1530 1528/1528/1528
f 1529/1529/1529 1531/1531/1531 1530/1530/1530
f 1531/1531/1531 1532/1532/1532 1530/1530/1530
f 1533/1533/1533 1532/1532/1532 1531/1531/1531
f 1533/1533/1533 1534/1534/1534 1532/1532/1532
f 1535/1535/1535 1534/1534/1534 1533/1533/1533
f 1536/1536/1536 1534/1534/1534 1535/1535/1535
f 1537/1537/1537 1536/1536/1536 1535/1535/1535
f 1537/1537/1537 1538/1538/1538 1536/1536/1536
f 1539/1539/1539 1538/1538/1538 1537/1537/1537
f 1540/1540/1540 1538/1538/1538 1539/1539/1539
f 1541/1541/1541 1538/1538/1538 1540/1540/1540
f 1542/1542/1542 1540/1540/1540 1539/1539/1539
f 1543/1543/1543 1542/1542/1542 1539/1539/1539
f 1544/1544/1544 1542/1542/1542 1543/1543/1543
f 1545/1545/1545 1544/1544/1544 1543/1543/1543
f 1545/1545/1545 1546/1546/1546 1544/1544/1544
f 1546/1546/1546 1547/1547/1547 1544/1544/1544
f 1548/1548/1548 1547/1547/1547 1546/1546/1546
f 1548/1548/1548 1549/1549/1549 1547/1547/1547
f 1550/1550/1550 1549/1549/1549 1548/1548/1548
f 1550/1550/1550 1551/1551/1551 1549/1549/1549
f 1552/1552/1552 1551/1551/1551 1550/1550/1550
f 1553/1553/1553 1551/1551/1551 1552/1552/1552
f 1554/1554/1554 1553/1553/1553 1552/1552/1552
f 1554/1554/1554 1555/1555/1555 1553/1553/1553
f 1555/1555/1555 1554/1554/1554 1556/1556/1556
f 1556/1556/1556 1557/1557/1557 1555/1555/1555
f 1558/1558/1558 1557/1557/1557 1556/1556/1556
f 1559/1559/1559 1558/1558/1558 1556/1556/1556
f 1560/1560/1560 1559/1559/1559 1556/1556/1556
f 1561/1561/1561 1558/1558/1558 1559/1559/1559
f 1562/1562/1562 1561/1561/1561 1559/1559/1559
f 1559/1559/1559 1563/1563/1563 1562/1562/1562
f 1566/1566/1566 1565/1565/1565 1564/1564/1564
f 1566/1566/1566 1564/1564/1564 1567/1567/1567
f 1570/1570/1570 1569/1569/1569 1568/1568/1568
f 1571/1571/1571 1570/1570/1570 1568/1568/1568
f 1571/1571/1571 1568/1568/1568 1572/1572/1572
f 1572/1572/1572 1568/1568/1568 1573/1573/1573
f 1571/1571/1571 1574/1574/1574 1570/1570/1570
f 1574/1574/1574 1575/1575/1575 1570/1570/1570
f 1578/1578/1578 1577/1577/1577 1576/1576/1576
f 1578/1578/1578 1579/1579/1579 1577/1577/1577
f 1582/1582/1582 1581/1581/1581 1580/1580/1580
f 1583/1583/1583 1581/1581/1581 1582/1582/1582
f 1586/1586/1586 1585/1585/1585 1584/1584/1584
f 1585/1585/1585 1586/1586/1586 1587/1587/1587
f 1586/1586/1586 1588/1588/1588 1587/1587/1587
f 1586/1586/1586 1589/1589/1589 1588/1588/1588
f 1592/1592/1592 1591/1591/1591 1590/1590/1590
f 1592/1592/1592 1593/1593/1593 1591/1591/1591
f 1596/1596/1596 1595/1595/1595 1594/1594/1594
f 1595/1595/1595 1596/1596/1596 1597/1597/1597
f 1600/1600/1600 1599/1599/1599 1598/1598/1598
f 1598/1598/1598 1601/1601/1601 1600/1600/1600
f 1601/1601/1601 1598/1598/1598 1602/1602/1602
f 1603/1603/1603 1601/1601/1601 1602/1602/1602
f 1604/1604/1604 1603/1603/1603 1602/1602/1602
f 1602/1602/1602 1605/1605/1605 1604/1604/1604
f 1606/1606/1606 1603/1603/1603 1604/1604/1604
f 1607/1607/1607 1600/1600/1600 1601/1601/1601
f 1601/1601/1601 1608/1608/1608 1607/1607/1607
f 1609/1609/1609 1608/1608/1608 1601/1601/1601
f 1609/1609/1609 1610/1610/1610 1608/1608/1608
f 1607/1607/1607 1610/1610/1610 1600/1600/1600
f 1609/1609/1609 1611/1611/1611 1610/1610/1610
f 1611/1611/1611 1612/1612/1612 1610/1610/1610
f 1610/1610/1610 1612/1612/1612 1600/1600/1600
f 1612/1612/1612 1613/1613/1613 1600/1600/1600
f 1612/1612/1612 1614/1614/1614 1613/1613/1613
f 1613/1613/1613 1614/1614/1614 1615/1615/1615
f 1614/1614/1614 1616/1616/1616 1615/1615/1615
f 1615/1615/1615 1616/1616/1616 1617/1617/1617
f 1620/1620/1620 1619/1619/1619 1618/1618/1618
f 1619/1619/1619 1621/1621/1621 1618/1618/1618
f 1624/1624/1624 1623/1623/1623 1622/1622/1622
f 1623/1623/1623 1624/1624/1624 1625/1625/1625
f 1628/1628/1628 1627/1627/1627 1626/1626/1626
f 1627/1627/1627 1629/1629/1629 1626/1626/1626
f 1632/1632/1632 1631/1631/1631 1630/1630/1630
f 1633/1633/1633 1630/1630/1630 1631/1631/1631
f 1634/1634/1634 1630/1630/1630 1633/1633/1633
f 1634/1634/1634 1635/1635/1635 1630/1630/1630
f 1635/1635/1635 1636/1636/1636 1630/1630/1630
f 1639/1639/1639 1638/1638/1638 1637/1637/1637
f 1638/1638/1638 1639/1639/1639 1640/1640/1640
f 1643/1643/1643 1642/1642/1642 1641/1641/1641
f 1644/1644/1644 1641/1641/1641 1642/1642/1642
f 1641/1641/1641 1644/1644/1644 1645/1645/1645
f 1646/1646/1646 1644/1644/1644 1642/1642/1642
f 1647/1647/1647 1644/1644/1644 1646/1646/1646
f 1650/1650/1650 1649/1649/1649 1648/1648/1648
f 1651/1651/1651 1648/1648/1648 1649/1649/1649
f 1649/1649/1649 1652/1652/1652 1651/1651/1651
f 1655/1655/1655 1654/1654/1654 1653/1653/1653
f 1653/1653/1653 1654/1654/1654 1656/1656/1656
f 1659/1659/1659 1658/1658/1658 1657/1657/1657
f 1657/1657/1657 1658/1658/1658 1660/1660/1660
f 1658/1658/1658 1661/1661/1661 1660/1660/1660
f 1658/1658/1658 1662/1662/1662 1661/1661/1661
f 1661/1661/1661 1663/1663/1663 1660/1660/1660
f 1661/1661/1661 1664/1664/1664 1663/1663/1663
f 1667/1667/1667 1666/1666/1666 1665/1665/1665
f 1665/1665/1665 1666/1666/1666 1668/1668/1668
f 1669/1669/1669 1665/1665/1665 1668/1668/1668
f 1670/1670/1670 1669/1669/1669 1668/1668/1668
f 1673/1673/1673 1672/1672/1672 1671/1671/1671
f 1672/1672/1672 1674/1674/1674 1671/1671/1671
f 1675/1675/1675 1674/1674/1674 1672/1672/1672
f 1678/1678/1678 1677/1677/1677 1676/1676/1676
f 1678/1678/1678 1679/1679/1679 1677/1677/1677
f 1679/1679/1679 1680/1680/1680 1677/1677/1677
f 1683/1683/1683 1682/1682/1682 1681/1681/1681
f 1683/1683/1683 1684/1684/1684 1682/1682/1682
f 1687/1687/1687 1686/1686/1686 1685/1685/1685
f 1687/1687/1687 1688/1688/1688 1686/1686/1686
f 1691/1691/1691 1690/1690/1690 1689/1689/1689
f 1692/1692/1692 1691/1691/1691 1689/1689/1689
f 1695/1695/1695 1694/1694/1694 1693/1693/1693
f 1693/1693/1693 1694/1694/1694 1696/1696/1696
f 1699/1699/1699 1698/1698/1698 1697/1697/1697
f 1700/1700/1700 1699/1699/1699 1697/1697/1697
f 1703/1703/1703 1702/1702/1702 1701/1701/1701
f 1702/1702/1702 1703/1703/1703 1704/1704/1704
f 1702/1702/1702 1704/1704/1704 1705/1705/1705
f 1705/1705/1705 1706/1706/1706 1702/1702/1702
f 1709/1709/1709 1708/1708/1708 1707/1707/1707
f 1709/1709/1709 1707/1707/1707 1710/1710/1710
f 1711/1711/1711 1710/1710/1710 1707/1707/1707
f 1712/1712/1712 1711/1711/1711 1707/1707/1707
f 1712/1712/1712 1707/1707/1707 1713/1713/1713
f 1714/1714/1714 1711/1711/1711 1712/1712/1712
f 1714/1714/1714 1715/1715/1715 1711/1711/1711
f 1718/1718/1718 1717/1717/1717 1716/1716/1716
f 1719/1719/1719 1716/1716/1716 1717/1717/1717
f 1722/1722/1722 1721/1721/1721 1720/1720/1720
f 1721/1721/1721 1723/1723/1723 1720/1720/1720
f 1720/1720/1720 1723/1723/1723 1724/1724/1724
f 1721/1721/1721 1725/1725/1725 1723/1723/1723
f 1728/1728/1728 1727/1727/1727 1726/1726/1726
f 1728/1728/1728 1726/1726/1726 1729/1729/1729
f 1732/1732/1732 1731/1731/1731 1730/1730/1730
f 1733/1733/1733 1730/1730/1730 1731/1731/1731
f 1736/1736/1736 1735/1735/1735 1734/1734/1734
f 1737/1737/1737 1735/1735/1735 1736/1736/1736
f 1740/1740/1740 1739/1739/1739 1738/1738/1738
f 1739/1739/1739 1740/1740/1740 1741/1741/1741
f 1744/1744/1744 1743/1743/1743 1742/1742/1742
f 1742/1742/1742 1745/1745/1745 1744/1744/1744
f 1742/1742/1742 1746/1746/1746 1745/1745/1745
f 1745/1745/1745 1746/1746/1746 1747/1747/1747
f 1746/1746/1746 1748/1748/1748 1747/1747/1747
f 1745/1745/1745 1747/1747/1747 1749/1749/1749
f 1749/1749/1749 1747/1747/1747 1750/1750/1750
f 1747/1747/1747 1751/1751/1751 1750/1750/1750
f 1751/1751/1751 1752/1752/1752 1750/1750/1750
f 1750/1750/1750 1752/1752/1752 1753/1753/1753
f 1751/1751/1751 1754/1754/1754 1752/1752/1752
f 1757/1757/1757 1756/1756/1756 1755/1755/1755
f 1757/1757/1757 1758/1758/1758 1756/1756/1756
f 1758/1758/1758 1759/1759/1759 1756/1756/1756
f 1756/1756/1756 1759/1759/1759 1760/1760/1760
f 1763/1763/1763 1762/1762/1762 1761/1761/1761
f 1763/1763/1763 1764/1764/1764 1762/1762/1762
f 1767/1767/1767 1766/1766/1766 1765/1765/1765
f 1768/1768/1768 1765/1765/1765 1766/1766/1766
f 1771/1771/1771 1770/1770/1770 1769/1769/1769
f 1771/1771/1771 1769/1769/1769 1772/1772/1772
f 1775/1775/1775 1774/1774/1774 1773/1773/1773
f 1775/1775/1775 1776/1776/1776 1774/1774/1774
f 1774/1774/1774 1776/1776/1776 1777/1777/1777
f 1775/1775/1775 1778/1778/1778 1776/1776/1776
f 1781/1781/1781 1780/1780/1780 1779/1779/1779
f 1782/1782/1782 1781/1781/1781 1779/1779/1779
f 1785/1785/1785 1784/1784/1784 1783/1783/1783
f 1786/1786/1786 1783/1783/1783 1784/1784/1784
f 1789/1789/1789 1788/1788/1788 1787/1787/1787
f 1787/1787/1787 1790/1790/1790 1789/1789/1789
f 1793/1793/1793 1792/1792/1792 1791/1791/1791
f 1792/1792/1792 1793/1793/1793 1794/1794/1794
f 1797/1797/1797 1796/1796/1796 1795/1795/1795
f 1798/1798/1798 1797/1797/1797 1795/1795/1795
f 1799/1799/1799 1797/1797/1797 1798/1798/1798
f 1800/1800/1800 1797/1797/1797 1799/1799/1799
f 1801/1801/1801 1797/1797/1797 1800/1800/1800
f 1804/1804/1804 1803/1803/1803 1802/1802/1802
f 1802/1802/1802 1803/1803/1803 1805/1805/1805
f 1806/1806/1806 1802/1802/1802 1805/1805/1805
f 1806/1806/1806 1805/1805/1805 1807/1807/1807
f 1807/1807/1807 1805/1805/1805 1808/1808/1808
f 1811/1811/1811 1810/1810/1810 1809/1809/1809
f 1810/1810/1810 1812/1812/1812 1809/1809/1809
f 1812/1812/1812 1813/1813/1813 1809/1809/1809
f 1814/1814/1814 1813/1813/1813 1812/1812/1812
f 1812/1812/1812 1815/1815/1815 1814/1814/1814
f 1816/1816/1816 1813/1813/1813 1814/1814/1814
f 1819/1819/1819 1818/1818/1818 1817/1817/1817
f 1819/1819/1819 1817/1817/1817 1820/1820/1820
f 1817/1817/1817 1821/1821/1821 1820/1820/1820
f 1822/1822/1822 1821/1821/1821 1817/1817/1817
f 1820/1820/1820 1821/1821/1821 1823/1823/1823
f 1821/1821/1821 1822/1822/1822 1824/1824/1824
f 1825/1825/1825 1820/1820/1820 1823/1823/1823
f 1825/1825/1825 1823/1823/1823 1826/1826/1826
f 1825/1825/1825 1826/1826/1826 1827/1827/1827
f 1828/1828/1828 1827/1827/1827 1826/1826/1826
f 1827/1827/1827 1828/1828/1828 1829/1829/1829
f 1828/1828/1828 1830/1830/1830 1829/1829/1829
f 1822/1822/1822 1831/1831/1831 1824/1824/1824
f 1822/1822/1822 1832/1832/1832 1831/1831/1831
f 1833/1833/1833 1831/1831/1831 1832/1832/1832
f 1833/1833/1833 1834/1834/1834 1831/1831/1831
f 1834/1834/1834 1833/1833/1833 1835/1835/1835
f 1836/1836/1836 1835/1835/1835 1833/1833/1833
f 1836/1836/1836 1837/1837/1837 1835/1835/1835
f 1838/1838/1838 1837/1837/1837 1836/1836/1836
f 1839/1839/1839 1838/1838/1838 1836/1836/1836
f 1838/1838/1838 1839/1839/1839 1840/1840/1840
f 1841/1841/1841 1838/1838/1838 1840/1840/1840
f 1841/1841/1841 1840/1840/1840 1842/1842/1842
f 1843/1843/1843 1838/1838/1838 1841/1841/1841
f 1844/1844/1844 1841/1841/1841 1842/1842/1842
f 1841/1841/1841 1845/1845/1845 1843/1843/1843
f 1846/1846/1846 1844/1844/1844 1842/1842/1842
f 1845/1845/1845 1847/1847/1847 1843/1843/1843
f 1844/1844/1844 1846/1846/1846 1848/1848/1848
f 1849/1849/1849 1847/1847/1847 1845/1845/1845
f 1849/1849/1849 1850/1850/1850 1847/1847/1847
f 1851/1851/1851 1850/1850/1850 1849/1849/1849
f 1850/1850/1850 1851/1851/1851 1852/1852/1852
f 1853/1853/1853 1848/1848/1848 1846/1846/1846
f 1853/1853/1853 1854/1854/1854 1848/1848/1848
f 1854/1854/1854 1853/1853/1853 1855/1855/1855
f 1855/1855/1855 1853/1853/1853 1856/1856/1856
f 1855/1855/1855 1856/1856/1856 1857/1857/1857
f 1855/1855/1855 1857/1857/1857 1858/1858/1858
f 1861/1861/1861 1860/1860/1860 1859/1859/1859
f 1860/1860/1860 1862/1862/1862 1859/1859/1859
f 1863/1863/1863 1862/1862/1862 1860/1860/1860
f 1859/1859/1859 1862/1862/1862 1864/1864/1864
f 1859/1859/1859 1864/1864/1864 1865/1865/1865
f 1868/1868/1868 1867/1867/1867 1866/1866/1866
f 1866/1866/1866 1867/1867/1867 1869/1869/1869
f 1870/1870/1870 1866/1866/1866 1869/1869/1869
f 1873/1873/1873 1872/1872/1872 1871/1871/1871
f 1874/1874/1874 1873/1873/1873 1871/1871/1871
f 1877/1877/1877 1876/1876/1876 1875/1875/1875
f 1878/1878/1878 1876/1876/1876 1877/1877/1877
f 1878/1878/1878 1879/1879/1879 1876/1876/1876
f 1880/1880/1880 1878/1878/1878 1877/1877/1877
f 1880/1880/1880 1877/1877/1877 1881/1881/1881
f 1880/1880/1880 1881/1881/1881 1882/1882/1882
f 1883/1883/1883 1878/1878/1878 1880/1880/1880
f 1883/1883/1883 1884/1884/1884 1878/1878/1878
f 1884/1884/1884 1879/1879/1879 1878/1878/1878
f 1885/1885/1885 1879/1879/1879 1884/1884/1884
f 1885/1885/1885 1884/1884/1884 1886/1886/1886
f 1880/1880/1880 1882/1882/1882 1887/1887/1887
f 1888/1888/1888 1886/1886/1886 1884/1884/1884
f 1889/1889/1889 1880/1880/1880 1887/1887/1887
f 1889/1889/1889 1883/1883/1883 1880/1880/1880
f 1890/1890/1890 1889/1889/1889 1887/1887/1887
f 1891/1891/1891 1889/1889/1889 1890/1890/1890
f 1892/1892/1892 1889/1889/1889 1891/1891/1891
f 1893/1893/1893 1888/1888/1888 1884/1884/1884
f 1883/1883/1883 1893/1893/1893 1884/1884/1884
f 1894/1894/1894 1888/1888/1888 1893/1893/1893
f 1895/1895/1895 1894/1894/1894 1893/1893/1893
f 1892/1892/1892 1896/1896/1896 1889/1889/1889
f 1896/1896/1896 1883/1883/1883 1889/1889/1889
f 1897/1897/1897 1896/1896/1896 1892/1892/1892
f 1898/1898/1898 1896/1896/1896 1897/1897/1897
f 1883/1883/1883 1899/1899/1899 1893/1893/1893
f 1899/1899/1899 1895/1895/1895 1893/1893/1893
f 1900/1900/1900 1883/1883/1883 1896/1896/1896
f 1898/1898/1898 1900/1900/1900 1896/1896/1896
f 1901/1901/1901 1899/1899/1899 1883/1883/1883
f 1900/1900/1900 1901/1901/1901 1883/1883/1883
f 1902/1902/1902 1899/1899/1899 1901/1901/1901
f 1903/1903/1903 1899/1899/1899 1902/1902/1902
f 1899/1899/1899 1903/1903/1903 1895/1895/1895
f 1904/1904/1904 1902/1902/1902 1901/1901/1901
f 1905/1905/1905 1901/1901/1901 1900/1900/1900
f 1905/1905/1905 1904/1904/1904 1901/1901/1901
f 1906/1906/1906 1905/1905/1905 1900/1900/1900
f 1906/1906/1906 1900/1900/1900 1907/1907/1907
f 1907/1907/1907 1900/1900/1900 1898/1898/1898
f 1908/1908/1908 1904/1904/1904 1905/1905/1905
f 1905/1905/1905 1909/1909/1909 1908/1908/1908
f 1909/1909/1909 1905/1905/1905 1910/1910/1910
f 1911/1911/1911 1910/1910/1910 1905/1905/1905
f 1904/1904/1904 1908/1908/1908 1912/1912/1912
f 1909/1909/1909 1912/1912/1912 1908/1908/1908
f 1912/1912/1912 1913/1913/1913 1904/1904/1904
f 1914/1914/1914 1903/1903/1903 1913/1913/1913
f 1914/1914/1914 1913/1913/1913 1912/1912/1912
f 1915/1915/1915 1911/1911/1911 1907/1907/1907
f 1911/1911/1911 1915/1915/1915 1910/1910/1910
f 1909/1909/1909 1910/1910/1910 1916/1916/1916
f 1909/1909/1909 1916/1916/1916 1917/1917/1917
f 1918/1918/1918 1909/1909/1909 1917/1917/1917
f 1918/1918/1918 1917/1917/1917 1919/1919/1919
f 1912/1912/1912 1909/1909/1909 1920/1920/1920
f 1909/1909/1909 1918/1918/1918 1920/1920/1920
f 1921/1921/1921 1918/1918/1918 1919/1919/1919
f 1921/1921/1921 1919/1919/1919 1922/1922/1922
f 1918/1918/1918 1921/1921/1921 1923/1923/1923
f 1922/1922/1922 1923/1923/1923 1921/1921/1921
f 1920/1920/1920 1918/1918/1918 1923/1923/1923
f 1912/1912/1912 1920/1920/1920 1924/1924/1924
f 1914/1914/1914 1912/1912/1912 1924/1924/1924
f 1914/1914/1914 1924/1924/1924 1925/1925/1925
f 1926/1926/1926 1924/1924/1924 1920/1920/1920
f 1920/1920/1920 1927/1927/1927 1926/1926/1926
f 1924/1924/1924 1926/1926/1926 1928/1928/1928
f 1925/1925/1925 1924/1924/1924 1928/1928/1928
f 1925/1925/1925 1928/1928/1928 1929/1929/1929
f 1922/1922/1922 1930/1930/1930 1923/1923/1923
f 1922/1922/1922 1931/1931/1931 1930/1930/1930
f 1930/1930/1930 1932/1932/1932 1923/1923/1923
f 1933/1933/1933 1923/1923/1923 1932/1932/1932
f 1930/1930/1930 1934/1934/1934 1932/1932/1932
f 1930/1930/1930 1931/1931/1931 1934/1934/1934
f 1932/1932/1932 1935/1935/1935 1933/1933/1933
f 1934/1934/1934 1931/1931/1931 1936/1936/1936
f 1933/1933/1933 1935/1935/1935 1937/1937/1937
f 1931/1931/1931 1938/1938/1938 1936/1936/1936
f 1939/1939/1939 1938/1938/1938 1931/1931/1931
f 1936/1936/1936 1938/1938/1938 1940/1940/1940
f 1936/1936/1936 1940/1940/1940 1941/1941/1941
f 1941/1941/1941 1940/1940/1940 1942/1942/1942
f 1940/1940/1940 1938/1938/1938 1943/1943/1943
f 1940/1940/1940 1943/1943/1943 1944/1944/1944
f 1943/1943/1943 1945/1945/1945 1944/1944/1944
f 1945/1945/1945 1943/1943/1943 1946/1946/1946
f 1945/1945/1945 1946/1946/1946 1947/1947/1947
f 1944/1944/1944 1945/1945/1945 1948/1948/1948
f 1945/1945/1945 1947/1947/1947 1949/1949/1949
f 1948/1948/1948 1945/1945/1945 1950/1950/1950
f 1951/1951/1951 1948/1948/1948 1950/1950/1950
f 1952/1952/1952 1951/1951/1951 1950/1950/1950
f 1953/1953/1953 1945/1945/1945 1949/1949/1949
f 1950/1950/1950 1945/1945/1945 1953/1953/1953
f 1954/1954/1954 1953/1953/1953 1949/1949/1949
f 1955/1955/1955 1952/1952/1952 1950/1950/1950
f 1952/1952/1952 1955/1955/1955 1956/1956/1956
f 1957/1957/1957 1956/1956/1956 1955/1955/1955
f 1957/1957/1957 1937/1937/1937 1956/1956/1956
f 1950/1950/1950 1953/1953/1953 1958/1958/1958
f 1955/1955/1955 1950/1950/1950 1958/1958/1958
f 1958/1958/1958 1953/1953/1953 1959/1959/1959
f 1959/1959/1959 1953/1953/1953 1954/1954/1954
f 1955/1955/1955 1958/1958/1958 1960/1960/1960
f 1957/1957/1957 1955/1955/1955 1960/1960/1960
f 1960/1960/1960 1958/1958/1958 1959/1959/1959
f 1961/1961/1961 1960/1960/1960 1959/1959/1959
f 1961/1961/1961 1959/1959/1959 1962/1962/1962
f 1962/1962/1962 1959/1959/1959 1954/1954/1954
f 1962/1962/1962 1954/1954/1954 1963/1963/1963
f 1963/1963/1963 1954/1954/1954 1964/1964/1964
f 1965/1965/1965 1963/1963/1963 1964/1964/1964
f 1965/1965/1965 1964/1964/1964 1966/1966/1966
f 1957/1957/1957 1967/1967/1967 1937/1937/1937
f 1967/1967/1967 1933/1933/1933 1937/1937/1937
f 1968/1968/1968 1933/1933/1933 1967/1967/1967
f 1969/1969/1969 1967/1967/1967 1957/1957/1957
f 1970/1970/1970 1969/1969/1969 1957/1957/1957
f 1970/1970/1970 1957/1957/1957 1971/1971/1971
f 1971/1971/1971 1972/1972/1972 1970/1970/1970
f 1971/1971/1971 1957/1957/1957 1973/1973/1973
f 1973/1973/1973 1957/1957/1957 1974/1974/1974
f 1971/1971/1971 1973/1973/1973 1975/1975/1975
f 1976/1976/1976 1972/1972/1972 1971/1971/1971
f 1976/1976/1976 1971/1971/1971 1975/1975/1975
f 1976/1976/1976 1975/1975/1975 1977/1977/1977
f 1976/1976/1976 1978/1978/1978 1972/1972/1972
f 1978/1978/1978 1929/1929/1929 1972/1972/1972
f 1977/1977/1977 1975/1975/1975 1979/1979/1979
f 1929/1929/1929 1978/1978/1978 1925/1925/1925
f 1977/1977/1977 1979/1979/1979 1980/1980/1980
f 1979/1979/1979 1981/1981/1981 1980/1980/1980
f 1981/1981/1981 1979/1979/1979 1982/1982/1982
f 1983/1983/1983 1925/1925/1925 1978/1978/1978
f 1984/1984/1984 1925/1925/1925 1983/1983/1983
f 1985/1985/1985 1984/1984/1984 1983/1983/1983
f 1980/1980/1980 1981/1981/1981 1986/1986/1986
f 1982/1982/1982 1987/1987/1987 1981/1981/1981
f 1988/1988/1988 1984/1984/1984 1985/1985/1985
f 1984/1984/1984 1989/1989/1989 1925/1925/1925
f 1925/1925/1925 1989/1989/1989 1914/1914/1914
f 1989/1989/1989 1903/1903/1903 1914/1914/1914
f 1990/1990/1990 1903/1903/1903 1989/1989/1989
f 1990/1990/1990 1989/1989/1989 1984/1984/1984
f 1986/1986/1986 1981/1981/1981 1991/1991/1991
f 1991/1991/1991 1992/1992/1992 1986/1986/1986
f 1991/1991/1991 1981/1981/1981 1993/1993/1993
f 1994/1994/1994 1993/1993/1993 1981/1981/1981
f 1991/1991/1991 1995/1995/1995 1992/1992/1992
f 1995/1995/1995 1991/1991/1991 1996/1996/1996
f 1995/1995/1995 1997/1997/1997 1992/1992/1992
f 1988/1988/1988 1997/1997/1997 1995/1995/1995
f 1998/1998/1998 1988/1988/1988 1995/1995/1995
f 1999/1999/1999 1997/1997/1997 1988/1988/1988
f 2000/2000/2000 1999/1999/1999 1988/1988/1988
f 2001/2001/2001 1988/1988/1988 1998/1998/1998
f 2001/2001/2001 1984/1984/1984 1988/1988/1988
f 2002/2002/2002 1984/1984/1984 2001/2001/2001
f 2002/2002/2002 1990/1990/1990 1984/1984/1984
f 2003/2003/2003 1990/1990/1990 2002/2002/2002
f 1990/1990/1990 2003/2003/2003 2004/2004/2004
f 2004/2004/2004 1903/1903/1903 1990/1990/1990
f 1903/1903/1903 2004/2004/2004 1895/1895/1895
f 1895/1895/1895 2004/2004/2004 2003/2003/2003
f 2005/2005/2005 1895/1895/1895 2003/2003/2003
f 2006/2006/2006 1895/1895/1895 2005/2005/2005
f 2007/2007/2007 2005/2005/2005 2003/2003/2003
f 2007/2007/2007 2003/2003/2003 2008/2008/2008
f 2009/2009/2009 2006/2006/2006 2005/2005/2005
f 2009/2009/2009 2005/2005/2005 2007/2007/2007
f 2006/2006/2006 2009/2009/2009 2010/2010/2010
f 2010/2010/2010 2009/2009/2009 2011/2011/2011
f 2011/2011/2011 2012/2012/2012 2010/2010/2010
f 2009/2009/2009 2007/2007/2007 2013/2013/2013
f 2008/2008/2008 2014/2014/2014 2007/2007/2007
f 2015/2015/2015 2007/2007/2007 2014/2014/2014
f 2011/2011/2011 2009/2009/2009 2016/2016/2016
f 2016/2016/2016 2009/2009/2009 2013/2013/2013
f 2016/2016/2016 2013/2013/2013 2017/2017/2017
f 2018/2018/2018 2016/2016/2016 2017/2017/2017
f 2018/2018/2018 2011/2011/2011 2016/2016/2016
f 2019/2019/2019 2012/2012/2012 2011/2011/2011
f 2018/2018/2018 2019/2019/2019 2011/2011/2011
f 2017/2017/2017 2013/2013/2013 2020/2020/2020
f 2020/2020/2020 2013/2013/2013 2021/2021/2021
f 2019/2019/2019 2022/2022/2022 2012/2012/2012
f 2023/2023/2023 2012/2012/2012 2022/2022/2022
f 2008/2008/2008 2024/2024/2024 2014/2014/2014
f 2014/2014/2014 2024/2024/2024 2025/2025/2025
f 2014/2014/2014 2025/2025/2025 2020/2020/2020
f 2020/2020/2020 2025/2025/2025 2026/2026/2026
f 2027/2027/2027 2024/2024/2024 2008/2008/2008
f 2028/2028/2028 2020/2020/2020 2026/2026/2026
f 2029/2029/2029 2027/2027/2027 2008/2008/2008
f 2029/2029/2029 2008/2008/2008 2030/2030/2030
f 2029/2029/2029 2031/2031/2031 2027/2027/2027
f 2020/2020/2020 2028/2028/2028 2032/2032/2032
f 2028/2028/2028 2033/2033/2033 2032/2032/2032
f 2017/2017/2017 2020/2020/2020 2032/2032/2032
f 2034/2034/2034 2017/2017/2017 2032/2032/2032
f 2033/2033/2033 2035/2035/2035 2032/2032/2032
f 2036/2036/2036 2017/2017/2017 2034/2034/2034
f 2037/2037/2037 2017/2017/2017 2036/2036/2036
f 2038/2038/2038 2037/2037/2037 2036/2036/2036
f 2039/2039/2039 2038/2038/2038 2036/2036/2036
f 2035/2035/2035 2033/2033/2033 2040/2040/2040
f 2040/2040/2040 2041/2041/2041 2035/2035/2035
f 2033/2033/2033 2042/2042/2042 2040/2040/2040
f 2033/2033/2033 2043/2043/2043 2042/2042/2042
f 2044/2044/2044 2042/2042/2042 2043/2043/2043
f 2043/2043/2043 2045/2045/2045 2044/2044/2044
f 2044/2044/2044 2045/2045/2045 2046/2046/2046
f 2047/2047/2047 2040/2040/2040 2042/2042/2042
f 2041/2041/2041 2040/2040/2040 2047/2047/2047
f 2047/2047/2047 2042/2042/2042 2048/2048/2048
f 2041/2041/2041 2047/2047/2047 2048/2048/2048
f 2049/2049/2049 2048/2048/2048 2042/2042/2042
f 2050/2050/2050 2048/2048/2048 2049/2049/2049
f 2050/2050/2050 2051/2051/2051 2048/2048/2048
f 2052/2052/2052 2048/2048/2048 2051/2051/2051
f 2041/2041/2041 2048/2048/2048 2052/2052/2052
f 2053/2053/2053 2041/2041/2041 2052/2052/2052
f 2056/2056/2056 2055/2055/2055 2054/2054/2054
f 2057/2057/2057 2056/2056/2056 2054/2054/2054
f 2058/2058/2058 2056/2056/2056 2057/2057/2057
f 2057/2057/2057 2054/2054/2054 2059/2059/2059
f 2054/2054/2054 2060/2060/2060 2059/2059/2059
f 2061/2061/2061 2057/2057/2057 2059/2059/2059
f 2062/2062/2062 2057/2057/2057 2061/2061/2061
f 2063/2063/2063 2062/2062/2062 2061/2061/2061
f 2061/2061/2061 2059/2059/2059 2064/2064/2064
f 2064/2064/2064 2065/2065/2065 2061/2061/2061
f 2061/2061/2061 2065/2065/2065 2066/2066/2066
f 2067/2067/2067 2065/2065/2065 2064/2064/2064
f 2070/2070/2070 2069/2069/2069 2068/2068/2068
f 2069/2069/2069 2071/2071/2071 2068/2068/2068
f 2074/2074/2074 2073/2073/2073 2072/2072/2072
f 2074/2074/2074 2075/2075/2075 2073/2073/2073
f 2073/2073/2073 2075/2075/2075 2076/2076/2076
f 2075/2075/2075 2077/2077/2077 2076/2076/2076
f 2074/2074/2074 2078/2078/2078 2075/2075/2075
f 2075/2075/2075 2079/2079/2079 2077/2077/2077
f 2074/2074/2074 2080/2080/2080 2078/2078/2078
f 2079/2079/2079 2081/2081/2081 2077/2077/2077
f 2080/2080/2080 2082/2082/2082 2078/2078/2078
f 2081/2081/2081 2083/2083/2083 2077/2077/2077
f 2077/2077/2077 2083/2083/2083 2084/2084/2084
f 2081/2081/2081 2085/2085/2085 2083/2083/2083
f 2080/2080/2080 2086/2086/2086 2082/2082/2082
f 2080/2080/2080 2087/2087/2087 2086/2086/2086
f 2086/2086/2086 2088/2088/2088 2082/2082/2082
f 2086/2086/2086 2089/2089/2089 2088/2088/2088
f 2088/2088/2088 2089/2089/2089 2090/2090/2090
f 2089/2089/2089 2091/2091/2091 2090/2090/2090
f 2091/2091/2091 2092/2092/2092 2090/2090/2090
f 2091/2091/2091 2093/2093/2093 2092/2092/2092
f 2093/2093/2093 2094/2094/2094 2092/2092/2092
f 2092/2092/2092 2094/2094/2094 2095/2095/2095
f 2095/2095/2095 2096/2096/2096 2085/2085/2085
f 2095/2095/2095 2094/2094/2094 2096/2096/2096
f 2099/2099/2099 2098/2098/2098 2097/2097/2097
f 2098/2098/2098 2100/2100/2100 2097/2097/2097
f 2100/2100/2100 2098/2098/2098 2101/2101/2101
f 2100/2100/2100 2102/2102/2102 2097/2097/2097
f 2100/2100/2100 2103/2103/2103 2102/2102/2102
f 2102/2102/2102 2103/2103/2103 2104/2104/2104
f 2104/2104/2104 2103/2103/2103 2105/2105/2105
f 2107/2107/2107 2106/2106/2106 1963/1963/1963
f 2108/2108/2108 2107/2107/2107 1963/1963/1963
f 1963/1963/1963 2109/2109/2109 2108/2108/2108
f 1987/1987/1987 2108/2108/2108 2109/2109/2109
f 2109/2109/2109 1965/1965/1965 1987/1987/1987
f 1963/1963/1963 1965/1965/1965 2109/2109/2109
f 1987/1987/1987 1965/1965/1965 1981/1981/1981
f 1994/1994/1994 1981/1981/1981 1965/1965/1965
f 1994/1994/1994 1965/1965/1965 2110/2110/2110
f 2110/2110/2110 1965/1965/1965 1966/1966/1966
f 1966/1966/1966 2111/2111/2111 2110/2110/2110
f 2112/2112/2112 1994/1994/1994 2110/2110/2110
f 2110/2110/2110 2113/2113/2113 2112/2112/2112
f 2112/2112/2112 2114/2114/2114 1994/1994/1994
f 2115/2115/2115 1962/1962/1962 1963/1963/1963
f 2115/2115/2115 2116/2116/2116 1962/1962/1962
f 2117/2117/2117 2115/2115/2115 1963/1963/1963
f 2117/2117/2117 2116/2116/2116 2115/2115/2115
f 1962/1962/1962 2116/2116/2116 2118/2118/2118
f 2119/2119/2119 2116/2116/2116 2117/2117/2117
f 2118/2118/2118 2116/2116/2116 2120/2120/2120
f 2121/2121/2121 2116/2116/2116 2119/2119/2119
f 2122/2122/2122 2116/2116/2116 2121/2121/2121
f 2122/2122/2122 2121/2121/2121 2123/2123/2123
f 2116/2116/2116 2124/2124/2124 2120/2120/2120
f 2120/2120/2120 2124/2124/2124 2125/2125/2125
f 2125/2125/2125 2124/2124/2124 2126/2126/2126
f 2129/2129/2129 2128/2128/2128 2127/2127/2127
f 2128/2128/2128 2130/2130/2130 2127/2127/2127
f 2133/2133/2133 2132/2132/2132 2131/2131/2131
f 2131/2131/2131 2132/2132/2132 2134/2134/2134
f 2131/2131/2131 2134/2134/2134 2135/2135/2135
f 2132/2132/2132 2136/2136/2136 2134/2134/2134
f 2136/2136/2136 2132/2132/2132 2137/2137/2137
f 2138/2138/2138 2137/2137/2137 2132/2132/2132
f 2135/2135/2135 2134/2134/2134 2139/2139/2139
f 2139/2139/2139 2134/2134/2134 2136/2136/2136
f 2135/2135/2135 2139/2139/2139 2140/2140/2140
f 2140/2140/2140 2141/2141/2141 2135/2135/2135
f 2140/2140/2140 2139/2139/2139 2142/2142/2142
f 2139/2139/2139 2143/2143/2143 2142/2142/2142
f 2139/2139/2139 2136/2136/2136 2143/2143/2143
f 2136/2136/2136 2144/2144/2144 2143/2143/2143
f 2144/2144/2144 2136/2136/2136 2145/2145/2145
f 2145/2145/2145 2146/2146/2146 2144/2144/2144
f 2144/2144/2144 2146/2146/2146 2147/2147/2147
f 2150/2150/2150 2149/2149/2149 2148/2148/2148
f 2150/2150/2150 2151/2151/2151 2149/2149/2149
f 2154/2154/2154 2153/2153/2153 2152/2152/2152
f 2155/2155/2155 2153/2153/2153 2154/2154/2154
f 2158/2158/2158 2157/2157/2157 2156/2156/2156
f 2156/2156/2156 2157/2157/2157 2159/2159/2159
f 2157/2157/2157 2160/2160/2160 2159/2159/2159
f 2159/2159/2159 2160/2160/2160 2161/2161/2161
f 2164/2164/2164 2163/2163/2163 2162/2162/2162
f 2162/2162/2162 2163/2163/2163 2165/2165/2165
f 2168/2168/2168 2167/2167/2167 2166/2166/2166
f 2169/2169/2169 2167/2167/2167 2168/2168/2168
f 2172/2172/2172 2171/2171/2171 2170/2170/2170
f 2172/2172/2172 2173/2173/2173 2171/2171/2171
f 2173/2173/2173 2172/2172/2172 2174/2174/2174
f 2177/2177/2177 2176/2176/2176 2175/2175/2175
f 2176/2176/2176 2178/2178/2178 2175/2175/2175
f 2175/2175/2175 2178/2178/2178 2179/2179/2179
f 2178/2178/2178 2180/2180/2180 2179/2179/2179
f 2183/2183/2183 2182/2182/2182 2181/2181/2181
f 2182/2182/2182 2183/2183/2183 2184/2184/2184
f 2185/2185/2185 2184/2184/2184 2183/2183/2183
f 2188/2188/2188 2187/2187/2187 2186/2186/2186
f 2188/2188/2188 2189/2189/2189 2187/2187/2187
f 2190/2190/2190 2189/2189/2189 2188/2188/2188
f 2191/2191/2191 2189/2189/2189 2190/2190/2190
f 2194/2194/2194 2193/2193/2193 2192/2192/2192
f 2193/2193/2193 2195/2195/2195 2192/2192/2192
f 2195/2195/2195 2193/2193/2193 2196/2196/2196
f 2199/2199/2199 2198/2198/2198 2197/2197/2197
f 2199/2199/2199 2200/2200/2200 2198/2198/2198
f 2203/2203/2203 2202/2202/2202 2201/2201/2201
f 2203/2203/2203 2204/2204/2204 2202/2202/2202
f 2202/2202/2202 2204/2204/2204 2205/2205/2205
f 2205/2205/2205 2204/2204/2204 2206/2206/2206
f 2206/2206/2206 2207/2207/2207 2205/2205/2205
f 2207/2207/2207 2208/2208/2208 2205/2205/2205
f 2206/2206/2206 2204/2204/2204 2209/2209/2209
f 2209/2209/2209 2207/2207/2207 2206/2206/2206
f 2207/2207/2207 2210/2210/2210 2208/2208/2208
f 2209/2209/2209 2211/2211/2211 2207/2207/2207
f 2209/2209/2209 2212/2212/2212 2211/2211/2211
f 2212/2212/2212 2213/2213/2213 2211/2211/2211
f 2213/2213/2213 2212/2212/2212 2214/2214/2214
f 2214/2214/2214 2215/2215/2215 2213/2213/2213
f 2216/2216/2216 2209/2209/2209 2204/2204/2204
f 2216/2216/2216 2204/2204/2204 2203/2203/2203
f 2208/2208/2208 2210/2210/2210 2217/2217/2217
f 2208/2208/2208 2217/2217/2217 2218/2218/2218
f 2210/2210/2210 2219/2219/2219 2217/2217/2217
f 2219/2219/2219 2220/2220/2220 2217/2217/2217
f 2221/2221/2221 2220/2220/2220 2219/2219/2219
f 2216/2216/2216 2203/2203/2203 2222/2222/2222
f 2223/2223/2223 2216/2216/2216 2222/2222/2222
f 2203/2203/2203 2224/2224/2224 2222/2222/2222
f 2203/2203/2203 2225/2225/2225 2224/2224/2224
f 2226/2226/2226 2224/2224/2224 2225/2225/2225
f 2225/2225/2225 2203/2203/2203 2227/2227/2227
f 2227/2227/2227 2203/2203/2203 2228/2228/2228
f 2221/2221/2221 1910/1910/1910 2220/2220/2220
f 2221/2221/2221 2229/2229/2229 1910/1910/1910
f 2230/2230/2230 2229/2229/2229 2221/2221/2221
f 2230/2230/2230 2231/2231/2231 2229/2229/2229
f 2220/2220/2220 1910/1910/1910 2232/2232/2232
f 1910/1910/1910 1915/1915/1915 2232/2232/2232
f 2233/2233/2233 2220/2220/2220 2232/2232/2232
f 2232/2232/2232 1915/1915/1915 1907/1907/1907
f 2231/2231/2231 2230/2230/2230 2234/2234/2234
f 2231/2231/2231 2234/2234/2234 2235/2235/2235
f 2234/2234/2234 2230/2230/2230 2236/2236/2236
f 2234/2234/2234 2236/2236/2236 2237/2237/2237
f 2235/2235/2235 2234/2234/2234 2238/2238/2238
f 2238/2238/2238 2239/2239/2239 2235/2235/2235
f 2239/2239/2239 2238/2238/2238 2240/2240/2240
f 2241/2241/2241 2240/2240/2240 2238/2238/2238
f 2242/2242/2242 2240/2240/2240 2241/2241/2241
f 2237/2237/2237 2236/2236/2236 2243/2243/2243
f 2244/2244/2244 2237/2237/2237 2243/2243/2243
f 2244/2244/2244 2243/2243/2243 2245/2245/2245
f 2246/2246/2246 2245/2245/2245 2243/2243/2243
f 2246/2246/2246 2243/2243/2243 2247/2247/2247
f 2248/2248/2248 2245/2245/2245 2246/2246/2246
f 2251/2251/2251 2250/2250/2250 2249/2249/2249
f 2251/2251/2251 2249/2249/2249 2252/2252/2252
f 2255/2255/2255 2254/2254/2254 2253/2253/2253
f 2256/2256/2256 2254/2254/2254 2255/2255/2255
f 2257/2257/2257 2256/2256/2256 2255/2255/2255
f 2256/2256/2256 2258/2258/2258 2254/2254/2254
f 2254/2254/2254 2258/2258/2258 2259/2259/2259
f 2260/2260/2260 2254/2254/2254 2259/2259/2259
f 2258/2258/2258 2261/2261/2261 2259/2259/2259
f 2261/2261/2261 2258/2258/2258 2262/2262/2262
f 2261/2261/2261 2262/2262/2262 2263/2263/2263
f 2264/2264/2264 2263/2263/2263 2262/2262/2262
f 2263/2263/2263 2264/2264/2264 2265/2265/2265
f 2268/2268/2268 2267/2267/2267 2266/2266/2266
f 2268/2268/2268 2266/2266/2266 2269/2269/2269
f 2270/2270/2270 2268/2268/2268 2269/2269/2269
f 2273/2273/2273 2272/2272/2272 2271/2271/2271
f 2272/2272/2272 2274/2274/2274 2271/2271/2271
f 2272/2272/2272 2275/2275/2275 2274/2274/2274
f 2271/2271/2271 2274/2274/2274 2276/2276/2276
f 2277/2277/2277 2271/2271/2271 2276/2276/2276
f 2277/2277/2277 2276/2276/2276 2278/2278/2278
f 2278/2278/2278 2276/2276/2276 2279/2279/2279
f 2279/2279/2279 2276/2276/2276 2280/2280/2280
f 2281/2281/2281 2280/2280/2280 2276/2276/2276
f 2278/2278/2278 2279/2279/2279 2282/2282/2282
f 2282/2282/2282 2279/2279/2279 2283/2283/2283
f 2278/2278/2278 2282/2282/2282 2284/2284/2284
f 2285/2285/2285 2284/2284/2284 2282/2282/2282
f 2286/2286/2286 2284/2284/2284 2285/2285/2285
f 2287/2287/2287 2286/2286/2286 2285/2285/2285
f 2285/2285/2285 2288/2288/2288 2287/2287/2287
f 2287/2287/2287 2288/2288/2288 2289/2289/2289
f 2290/2290/2290 2288/2288/2288 2285/2285/2285
f 2291/2291/2291 2288/2288/2288 2290/2290/2290
f 2292/2292/2292 2291/2291/2291 2290/2290/2290
f 2293/2293/2293 2292/2292/2292 2290/2290/2290
f 2293/2293/2293 2294/2294/2294 2292/2292/2292
f 2295/2295/2295 2294/2294/2294 2293/2293/2293
f 2295/2295/2295 2293/2293/2293 2296/2296/2296
f 2297/2297/2297 2296/2296/2296 2293/2293/2293
f 2298/2298/2298 2295/2295/2295 2296/2296/2296
f 2286/2286/2286 2287/2287/2287 2299/2299/2299
f 2300/2300/2300 2299/2299/2299 2287/2287/2287
f 2299/2299/2299 2300/2300/2300 2301/2301/2301
f 2297/2297/2297 2302/2302/2302 2296/2296/2296
f 2302/2302/2302 2297/2297/2297 2303/2303/2303
f 2304/2304/2304 2302/2302/2302 2303/2303/2303
f 2305/2305/2305 2298/2298/2298 2296/2296/2296
f 2302/2302/2302 2305/2305/2305 2296/2296/2296
f 2306/2306/2306 2305/2305/2305 2302/2302/2302
f 2306/2306/2306 2302/2302/2302 2307/2307/2307
f 2308/2308/2308 2302/2302/2302 2304/2304/2304
f 2298/2298/2298 2305/2305/2305 2309/2309/2309
f 2309/2309/2309 2310/2310/2310 2298/2298/2298
f 2311/2311/2311 2309/2309/2309 2305/2305/2305
f 2311/2311/2311 2312/2312/2312 2309/2309/2309
f 2313/2313/2313 2312/2312/2312 2311/2311/2311
f 2309/2309/2309 2314/2314/2314 2310/2310/2310
f 2315/2315/2315 2312/2312/2312 2313/2313/2313
f 2308/2308/2308 2304/2304/2304 2316/2316/2316
f 2316/2316/2316 2304/2304/2304 2317/2317/2317
f 2316/2316/2316 2318/2318/2318 2308/2308/2308
f 2319/2319/2319 2316/2316/2316 2317/2317/2317
f 2318/2318/2318 2316/2316/2316 2320/2320/2320
f 2321/2321/2321 2318/2318/2318 2320/2320/2320
f 2316/2316/2316 2319/2319/2319 2322/2322/2322
f 2322/2322/2322 2320/2320/2320 2316/2316/2316
f 2319/2319/2319 2286/2286/2286 2322/2322/2322
f 2322/2322/2322 2286/2286/2286 2299/2299/2299
f 2322/2322/2322 2299/2299/2299 2323/2323/2323
f 2299/2299/2299 2324/2324/2324 2323/2323/2323
f 2299/2299/2299 2301/2301/2301 2324/2324/2324
f 2325/2325/2325 2324/2324/2324 2301/2301/2301
f 2324/2324/2324 2325/2325/2325 2326/2326/2326
f 2326/2326/2326 2327/2327/2327 2324/2324/2324
f 2328/2328/2328 2321/2321/2321 2320/2320/2320
f 2328/2328/2328 2320/2320/2320 2329/2329/2329
f 2328/2328/2328 2330/2330/2330 2321/2321/2321
f 2331/2331/2331 2328/2328/2328 2329/2329/2329
f 2328/2328/2328 2332/2332/2332 2330/2330/2330
f 2332/2332/2332 2333/2333/2333 2330/2330/2330
f 2334/2334/2334 2332/2332/2332 2328/2328/2328
f 2331/2331/2331 2334/2334/2334 2328/2328/2328
f 2335/2335/2335 2334/2334/2334 2331/2331/2331
f 2336/2336/2336 2335/2335/2335 2331/2331/2331
f 2336/2336/2336 2337/2337/2337 2335/2335/2335
f 2332/2332/2332 2338/2338/2338 2333/2333/2333
f 2338/2338/2338 2339/2339/2339 2333/2333/2333
f 2337/2337/2337 2340/2340/2340 2335/2335/2335
f 2333/2333/2333 2339/2339/2339 2315/2315/2315
f 2338/2338/2338 2341/2341/2341 2339/2339/2339
f 2341/2341/2341 2342/2342/2342 2339/2339/2339
f 2343/2343/2343 2342/2342/2342 2341/2341/2341
f 2337/2337/2337 2344/2344/2344 2340/2340/2340
f 2327/2327/2327 2344/2344/2344 2337/2337/2337
f 2339/2339/2339 2345/2345/2345 2315/2315/2315
f 2315/2315/2315 2345/2345/2345 2312/2312/2312
f 2344/2344/2344 2346/2346/2346 2340/2340/2340
f 2346/2346/2346 2347/2347/2347 2340/2340/2340
f 2346/2346/2346 2348/2348/2348 2347/2347/2347
f 2327/2327/2327 2349/2349/2349 2344/2344/2344
f 2326/2326/2326 2349/2349/2349 2327/2327/2327
f 2326/2326/2326 2350/2350/2350 2349/2349/2349
f 2351/2351/2351 2350/2350/2350 2326/2326/2326
f 2351/2351/2351 2352/2352/2352 2350/2350/2350
f 2351/2351/2351 2353/2353/2353 2352/2352/2352
f 2350/2350/2350 2354/2354/2354 2349/2349/2349
f 2354/2354/2354 2344/2344/2344 2349/2349/2349
f 2354/2354/2354 2355/2355/2355 2344/2344/2344
f 2355/2355/2355 2346/2346/2346 2344/2344/2344
f 2354/2354/2354 2356/2356/2356 2355/2355/2355
f 2356/2356/2356 2346/2346/2346 2355/2355/2355
f 2356/2356/2356 2357/2357/2357 2346/2346/2346
f 2346/2346/2346 2358/2358/2358 2348/2348/2348
f 2348/2348/2348 2358/2358/2358 2359/2359/2359
f 2359/2359/2359 2360/2360/2360 2348/2348/2348
f 2348/2348/2348 2360/2360/2360 2361/2361/2361
f 2359/2359/2359 2362/2362/2362 2360/2360/2360
f 2362/2362/2362 2363/2363/2363 2360/2360/2360
f 2363/2363/2363 2362/2362/2362 2343/2343/2343
f 2363/2363/2363 2343/2343/2343 2364/2364/2364
f 2362/2362/2362 2342/2342/2342 2343/2343/2343
f 2362/2362/2362 2365/2365/2365 2342/2342/2342
f 2366/2366/2366 2342/2342/2342 2365/2365/2365
f 2342/2342/2342 2366/2366/2366 2367/2367/2367
f 2368/2368/2368 2367/2367/2367 2366/2366/2366
f 2367/2367/2367 2369/2369/2369 2342/2342/2342
f 2342/2342/2342 2369/2369/2369 2339/2339/2339
f 2369/2369/2369 2370/2370/2370 2339/2339/2339
f 2370/2370/2370 2345/2345/2345 2339/2339/2339
f 2367/2367/2367 2371/2371/2371 2369/2369/2369
f 2371/2371/2371 2372/2372/2372 2369/2369/2369
f 2370/2370/2370 2369/2369/2369 2372/2372/2372
f 2373/2373/2373 2371/2371/2371 2367/2367/2367
f 2374/2374/2374 2373/2373/2373 2367/2367/2367
f 2374/2374/2374 2367/2367/2367 2368/2368/2368
f 2375/2375/2375 2373/2373/2373 2374/2374/2374
f 2376/2376/2376 2374/2374/2374 2368/2368/2368
f 2375/2375/2375 2374/2374/2374 2376/2376/2376
f 2377/2377/2377 2376/2376/2376 2368/2368/2368
f 2378/2378/2378 2375/2375/2375 2376/2376/2376
f 2379/2379/2379 2376/2376/2376 2377/2377/2377
f 2370/2370/2370 2380/2380/2380 2345/2345/2345
f 2370/2370/2370 2372/2372/2372 2380/2380/2380
f 2345/2345/2345 2380/2380/2380 2381/2381/2381
f 2380/2380/2380 2372/2372/2372 2381/2381/2381
f 2381/2381/2381 2372/2372/2372 2382/2382/2382
f 2345/2345/2345 2381/2381/2381 2312/2312/2312
f 2383/2383/2383 2378/2378/2378 2376/2376/2376
f 2383/2383/2383 2376/2376/2376 2379/2379/2379
f 2381/2381/2381 2382/2382/2382 2384/2384/2384
f 2382/2382/2382 2385/2385/2385 2384/2384/2384
f 2381/2381/2381 2384/2384/2384 2386/2386/2386
f 2312/2312/2312 2381/2381/2381 2386/2386/2386
f 2384/2384/2384 2385/2385/2385 2386/2386/2386
f 2387/2387/2387 2378/2378/2378 2383/2383/2383
f 2387/2387/2387 2388/2388/2388 2378/2378/2378
f 2389/2389/2389 2383/2383/2383 2379/2379/2379
f 2387/2387/2387 2383/2383/2383 2389/2389/2389
f 2390/2390/2390 2389/2389/2389 2379/2379/2379
f 2391/2391/2391 2389/2389/2389 2390/2390/2390
f 2391/2391/2391 2387/2387/2387 2389/2389/2389
f 2392/2392/2392 2391/2391/2391 2390/2390/2390
f 2392/2392/2392 2390/2390/2390 2393/2393/2393
f 2394/2394/2394 2392/2392/2392 2393/2393/2393
f 2394/2394/2394 2393/2393/2393 2395/2395/2395
f 2396/2396/2396 2394/2394/2394 2395/2395/2395
f 2397/2397/2397 2394/2394/2394 2396/2396/2396
f 2398/2398/2398 2387/2387/2387 2391/2391/2391
f 2399/2399/2399 2398/2398/2398 2391/2391/2391
f 2399/2399/2399 2400/2400/2400 2398/2398/2398
f 2401/2401/2401 2400/2400/2400 2399/2399/2399
f 2396/2396/2396 2402/2402/2402 2397/2397/2397
f 2397/2397/2397 2402/2402/2402 2403/2403/2403
f 2398/2398/2398 2404/2404/2404 2387/2387/2387
f 2387/2387/2387 2404/2404/2404 2388/2388/2388
f 2405/2405/2405 2402/2402/2402 2396/2396/2396
f 2405/2405/2405 2396/2396/2396 2406/2406/2406
f 2407/2407/2407 2402/2402/2402 2405/2405/2405
f 2408/2408/2408 2403/2403/2403 2402/2402/2402
f 2408/2408/2408 2402/2402/2402 2409/2409/2409
f 2398/2398/2398 2410/2410/2410 2404/2404/2404
f 2400/2400/2400 2410/2410/2410 2398/2398/2398
f 2411/2411/2411 2388/2388/2388 2404/2404/2404
f 2404/2404/2404 2410/2410/2410 2411/2411/2411
f 2411/2411/2411 1898/1898/1898 2388/2388/2388
f 2408/2408/2408 2412/2412/2412 2403/2403/2403
f 2403/2403/2403 2412/2412/2412 2413/2413/2413
f 2413/2413/2413 2412/2412/2412 2414/2414/2414
f 2412/2412/2412 2415/2415/2415 2414/2414/2414
f 2415/2415/2415 2416/2416/2416 2414/2414/2414
f 2417/2417/2417 2412/2412/2412 2408/2408/2408
f 2418/2418/2418 2415/2415/2415 2412/2412/2412
f 2419/2419/2419 2417/2417/2417 2408/2408/2408
f 2415/2415/2415 2418/2418/2418 2420/2420/2420
f 2415/2415/2415 2421/2421/2421 2416/2416/2416
f 2421/2421/2421 2401/2401/2401 2416/2416/2416
f 2421/2421/2421 2400/2400/2400 2401/2401/2401
f 2419/2419/2419 2408/2408/2408 2422/2422/2422
f 2422/2422/2422 2408/2408/2408 2409/2409/2409
f 2423/2423/2423 2422/2422/2422 2409/2409/2409
f 2424/2424/2424 2421/2421/2421 2415/2415/2415
f 2415/2415/2415 2425/2425/2425 2424/2424/2424
f 2420/2420/2420 2426/2426/2426 2415/2415/2415
f 2426/2426/2426 2425/2425/2425 2415/2415/2415
f 2427/2427/2427 2426/2426/2426 2420/2420/2420
f 2428/2428/2428 2427/2427/2427 2420/2420/2420
f 2425/2425/2425 2426/2426/2426 2429/2429/2429
f 2427/2427/2427 2429/2429/2429 2426/2426/2426
f 2429/2429/2429 2430/2430/2430 2425/2425/2425
f 2427/2427/2427 2431/2431/2431 2429/2429/2429
f 2425/2425/2425 2430/2430/2430 2432/2432/2432
f 2433/2433/2433 2431/2431/2431 2427/2427/2427
f 2433/2433/2433 2427/2427/2427 2428/2428/2428
f 2431/2431/2431 2433/2433/2433 2434/2434/2434
f 2433/2433/2433 2435/2435/2435 2434/2434/2434
f 2430/2430/2430 2436/2436/2436 2432/2432/2432
f 2432/2432/2432 2436/2436/2436 2437/2437/2437
f 2430/2430/2430 2438/2438/2438 2436/2436/2436
f 2438/2438/2438 2439/2439/2439 2436/2436/2436
f 2439/2439/2439 2440/2440/2440 2436/2436/2436
f 2439/2439/2439 2441/2441/2441 2440/2440/2440
f 2436/2436/2436 2440/2440/2440 2442/2442/2442
f 2442/2442/2442 2440/2440/2440 2443/2443/2443
f 2433/2433/2433 2444/2444/2444 2435/2435/2435
f 2435/2435/2435 2444/2444/2444 2445/2445/2445
f 2444/2444/2444 2446/2446/2446 2445/2445/2445
f 2445/2445/2445 2446/2446/2446 2447/2447/2447
f 2447/2447/2447 2446/2446/2446 2448/2448/2448
f 2447/2447/2447 2448/2448/2448 2449/2449/2449
f 2449/2449/2449 2448/2448/2448 2450/2450/2450
f 2449/2449/2449 2450/2450/2450 2440/2440/2440
f 2448/2448/2448 2451/2451/2451 2450/2450/2450
f 2440/2440/2440 2450/2450/2450 2452/2452/2452
f 2440/2440/2440 2452/2452/2452 2443/2443/2443
f 2453/2453/2453 2444/2444/2444 2433/2433/2433
f 2453/2453/2453 2454/2454/2454 2444/2444/2444
f 2453/2453/2453 2455/2455/2455 2454/2454/2454
f 2453/2453/2453 2433/2433/2433 2456/2456/2456
f 2452/2452/2452 2457/2457/2457 2443/2443/2443
f 2458/2458/2458 2443/2443/2443 2457/2457/2457
f 2458/2458/2458 2457/2457/2457 2459/2459/2459
f 2458/2458/2458 2459/2459/2459 2460/2460/2460
f 2460/2460/2460 2459/2459/2459 2410/2410/2410
f 2400/2400/2400 2460/2460/2460 2410/2410/2410
f 2459/2459/2459 2411/2411/2411 2410/2410/2410
f 2459/2459/2459 2461/2461/2461 2411/2411/2411
f 2411/2411/2411 2461/2461/2461 1898/1898/1898
f 2459/2459/2459 2462/2462/2462 2461/2461/2461
f 2457/2457/2457 2462/2462/2462 2459/2459/2459
f 2463/2463/2463 1898/1898/1898 2461/2461/2461
f 2461/2461/2461 2462/2462/2462 2463/2463/2463
f 2463/2463/2463 1907/1907/1907 1898/1898/1898
f 2462/2462/2462 1907/1907/1907 2463/2463/2463
f 2462/2462/2462 2232/2232/2232 1907/1907/1907
f 2233/2233/2233 2232/2232/2232 2462/2462/2462
f 2233/2233/2233 2462/2462/2462 2457/2457/2457
f 2457/2457/2457 2464/2464/2464 2233/2233/2233
f 2457/2457/2457 2452/2452/2452 2464/2464/2464
f 2464/2464/2464 2452/2452/2452 2465/2465/2465
f 2465/2465/2465 2452/2452/2452 2466/2466/2466
f 2465/2465/2465 2467/2467/2467 2464/2464/2464
f 2470/2470/2470 2469/2469/2469 2468/2468/2468
f 2470/2470/2470 2471/2471/2471 2469/2469/2469
f 2474/2474/2474 2473/2473/2473 2472/2472/2472
f 2475/2475/2475 2473/2473/2473 2474/2474/2474
f 2475/2475/2475 2474/2474/2474 2476/2476/2476
f 2479/2479/2479 2478/2478/2478 2477/2477/2477
f 2478/2478/2478 2479/2479/2479 2480/2480/2480
f 2480/2480/2480 2479/2479/2479 2481/2481/2481
f 2481/2481/2481 2482/2482/2482 2480/2480/2480
f 2485/2485/2485 2484/2484/2484 2483/2483/2483
f 2484/2484/2484 2485/2485/2485 2486/2486/2486
f 2489/2489/2489 2488/2488/2488 2487/2487/2487
f 2490/2490/2490 2487/2487/2487 2488/2488/2488
f 2487/2487/2487 2490/2490/2490 2491/2491/2491
f 2488/2488/2488 2492/2492/2492 2490/2490/2490
f 2490/2490/2490 2493/2493/2493 2491/2491/2491
f 2491/2491/2491 2493/2493/2493 2494/2494/2494
f 2494/2494/2494 2493/2493/2493 2495/2495/2495
f 2493/2493/2493 2490/2490/2490 2496/2496/2496
f 2490/2490/2490 2492/2492/2492 2496/2496/2496
f 2496/2496/2496 2497/2497/2497 2493/2493/2493
f 2496/2496/2496 2492/2492/2492 2498/2498/2498
f 2492/2492/2492 2499/2499/2499 2498/2498/2498
f 2499/2499/2499 2492/2492/2492 2500/2500/2500
f 2499/2499/2499 2501/2501/2501 2498/2498/2498
f 2501/2501/2501 2502/2502/2502 2498/2498/2498
f 2503/2503/2503 2496/2496/2496 2498/2498/2498
f 2497/2497/2497 2496/2496/2496 2503/2503/2503
f 2503/2503/2503 2498/2498/2498 2504/2504/2504
f 2505/2505/2505 2497/2497/2497 2503/2503/2503
f 2505/2505/2505 2506/2506/2506 2497/2497/2497
f 2497/2497/2497 2506/2506/2506 2507/2507/2507
f 2504/2504/2504 2498/2498/2498 2508/2508/2508
f 2507/2507/2507 2506/2506/2506 2509/2509/2509
f 2504/2504/2504 2508/2508/2508 2510/2510/2510
f 2507/2507/2507 2509/2509/2509 2511/2511/2511
f 2510/2510/2510 2508/2508/2508 2512/2512/2512
f 2512/2512/2512 2508/2508/2508 2513/2513/2513
f 2514/2514/2514 2513/2513/2513 2508/2508/2508
f 2513/2513/2513 2515/2515/2515 2512/2512/2512
f 2512/2512/2512 2515/2515/2515 2516/2516/2516
f 2516/2516/2516 2515/2515/2515 2517/2517/2517
f 2515/2515/2515 2518/2518/2518 2517/2517/2517
f 2517/2517/2517 2518/2518/2518 2519/2519/2519
f 2519/2519/2519 2518/2518/2518 2520/2520/2520
f 2519/2519/2519 2520/2520/2520 2521/2521/2521
f 2521/2521/2521 2520/2520/2520 2522/2522/2522
f 2523/2523/2523 2521/2521/2521 2522/2522/2522
f 2523/2523/2523 2522/2522/2522 2524/2524/2524
f 2525/2525/2525 2523/2523/2523 2524/2524/2524
f 2525/2525/2525 2524/2524/2524 2526/2526/2526
f 2526/2526/2526 2527/2527/2527 2525/2525/2525
f 2527/2527/2527 2526/2526/2526 2528/2528/2528
f 2527/2527/2527 2528/2528/2528 2529/2529/2529
f 2529/2529/2529 2528/2528/2528 2530/2530/2530
f 2525/2525/2525 2527/2527/2527 2531/2531/2531
f 2532/2532/2532 2525/2525/2525 2531/2531/2531
f 2533/2533/2533 2525/2525/2525 2532/2532/2532
f 2534/2534/2534 2533/2533/2533 2532/2532/2532
f 2532/2532/2532 2535/2535/2535 2534/2534/2534
f 2536/2536/2536 2527/2527/2527 2529/2529/2529
f 2537/2537/2537 2535/2535/2535 2532/2532/2532
f 2538/2538/2538 2536/2536/2536 2529/2529/2529
f 2539/2539/2539 2536/2536/2536 2538/2538/2538
f 2538/2538/2538 2529/2529/2529 2540/2540/2540
f 2540/2540/2540 2529/2529/2529 2541/2541/2541
f 2541/2541/2541 2529/2529/2529 2542/2542/2542
f 2542/2542/2542 2529/2529/2529 2530/2530/2530
f 2542/2542/2542 2530/2530/2530 2543/2543/2543
f 2544/2544/2544 2543/2543/2543 2530/2530/2530
f 2543/2543/2543 2544/2544/2544 2545/2545/2545
f 2546/2546/2546 2545/2545/2545 2544/2544/2544
f 2545/2545/2545 2546/2546/2546 2547/2547/2547
f 2546/2546/2546 2548/2548/2548 2547/2547/2547
f 2511/2511/2511 2537/2537/2537 2549/2549/2549
f 2511/2511/2511 2549/2549/2549 2507/2507/2507
f 2507/2507/2507 2549/2549/2549 2537/2537/2537
f 2507/2507/2507 2537/2537/2537 2532/2532/2532
f 2507/2507/2507 2532/2532/2532 2550/2550/2550
f 2551/2551/2551 2507/2507/2507 2550/2550/2550
f 2550/2550/2550 2532/2532/2532 2552/2552/2552
f 2555/2555/2555 2554/2554/2554 2553/2553/2553
f 2553/2553/2553 2554/2554/2554 2556/2556/2556
f 2557/2557/2557 2553/2553/2553 2556/2556/2556
f 2560/2560/2560 2559/2559/2559 2558/2558/2558
f 2561/2561/2561 2560/2560/2560 2558/2558/2558
f 2564/2564/2564 2563/2563/2563 2562/2562/2562
f 2562/2562/2562 2565/2565/2565 2564/2564/2564
f 2568/2568/2568 2567/2567/2567 2566/2566/2566
f 2569/2569/2569 2568/2568/2568 2566/2566/2566
f 2570/2570/2570 2568/2568/2568 2569/2569/2569
f 2569/2569/2569 2571/2571/2571 2570/2570/2570
f 2572/2572/2572 2571/2571/2571 2569/2569/2569
f 2575/2575/2575 2574/2574/2574 2573/2573/2573
f 2574/2574/2574 2575/2575/2575 2576/2576/2576
f 2579/2579/2579 2578/2578/2578 2577/2577/2577
f 2579/2579/2579 2580/2580/2580 2578/2578/2578
f 2583/2583/2583 2582/2582/2582 2581/2581/2581
f 2583/2583/2583 2584/2584/2584 2582/2582/2582
f 2585/2585/2585 2584/2584/2584 2583/2583/2583
f 2588/2588/2588 2587/2587/2587 2586/2586/2586
f 2589/2589/2589 2587/2587/2587 2588/2588/2588
f 2592/2592/2592 2591/2591/2591 2590/2590/2590
f 2593/2593/2593 2592/2592/2592 2590/2590/2590
f 2596/2596/2596 2595/2595/2595 2594/2594/2594
f 2597/2597/2597 2595/2595/2595 2596/2596/2596
f 2600/2600/2600 2599/2599/2599 2598/2598/2598
f 2601/2601/2601 2599/2599/2599 2600/2600/2600
f 2602/2602/2602 2601/2601/2601 2600/2600/2600
f 2602/2602/2602 2603/2603/2603 2601/2601/2601
f 2601/2601/2601 2603/2603/2603 2604/2604/2604
f 2603/2603/2603 2605/2605/2605 2604/2604/2604
f 2606/2606/2606 2605/2605/2605 2603/2603/2603
f 2603/2603/2603 2607/2607/2607 2606/2606/2606
f 2610/2610/2610 2609/2609/2609 2608/2608/2608
f 2608/2608/2608 2611/2611/2611 2610/2610/2610
f 2614/2614/2614 2613/2613/2613 2612/2612/2612
f 2613/2613/2613 2615/2615/2615 2612/2612/2612
f 2616/2616/2616 2615/2615/2615 2613/2613/2613
f 2617/2617/2617 2615/2615/2615 2616/2616/2616
f 2620/2620/2620 2619/2619/2619 2618/2618/2618
f 2620/2620/2620 2618/2618/2618 2621/2621/2621
f 2620/2620/2620 2621/2621/2621 2622/2622/2622
f 2621/2621/2621 2623/2623/2623 2622/2622/2622
f 2626/2626/2626 2625/2625/2625 2624/2624/2624
f 2624/2624/2624 2625/2625/2625 2627/2627/2627
f 2624/2624/2624 2627/2627/2627 2628/2628/2628
f 2628/2628/2628 2627/2627/2627 2629/2629/2629
f 2630/2630/2630 2624/2624/2624 2628/2628/2628
f 2624/2624/2624 2630/2630/2630 2631/2631/2631
f 2628/2628/2628 2629/2629/2629 2632/2632/2632
f 2632/2632/2632 2629/2629/2629 2633/2633/2633
f 2631/2631/2631 2630/2630/2630 2634/2634/2634
f 2631/2631/2631 2634/2634/2634 2635/2635/2635
f 2636/2636/2636 2631/2631/2631 2635/2635/2635
f 2630/2630/2630 2637/2637/2637 2634/2634/2634
f 2637/2637/2637 2638/2638/2638 2634/2634/2634
f 2628/2628/2628 2639/2639/2639 2630/2630/2630
f 2637/2637/2637 2630/2630/2630 2639/2639/2639
f 2628/2628/2628 2632/2632/2632 2640/2640/2640
f 2639/2639/2639 2628/2628/2628 2640/2640/2640
f 2640/2640/2640 2632/2632/2632 2641/2641/2641
f 2641/2641/2641 2632/2632/2632 2642/2642/2642
f 2643/2643/2643 2639/2639/2639 2640/2640/2640
f 2632/2632/2632 2644/2644/2644 2642/2642/2642
f 2645/2645/2645 2637/2637/2637 2639/2639/2639
f 2645/2645/2645 2639/2639/2639 2643/2643/2643
f 2644/2644/2644 2646/2646/2646 2642/2642/2642
f 2646/2646/2646 2647/2647/2647 2642/2642/2642
f 2648/2648/2648 2638/2638/2638 2637/2637/2637
f 2637/2637/2637 2645/2645/2645 2648/2648/2648
f 2645/2645/2645 2643/2643/2643 2649/2649/2649
f 2650/2650/2650 2649/2649/2649 2643/2643/2643
f 2651/2651/2651 2649/2649/2649 2650/2650/2650
f 2652/2652/2652 2651/2651/2651 2650/2650/2650
f 2653/2653/2653 2651/2651/2651 2652/2652/2652
f 2654/2654/2654 2651/2651/2651 2653/2653/2653
f 2638/2638/2638 2648/2648/2648 2655/2655/2655
f 2656/2656/2656 2655/2655/2655 2648/2648/2648
f 2656/2656/2656 2657/2657/2657 2655/2655/2655
f 2658/2658/2658 2657/2657/2657 2656/2656/2656
f 2659/2659/2659 2658/2658/2658 2656/2656/2656
f 2660/2660/2660 2658/2658/2658 2659/2659/2659
f 2638/2638/2638 2655/2655/2655 2661/2661/2661
f 2655/2655/2655 2662/2662/2662 2661/2661/2661
f 2638/2638/2638 2661/2661/2661 2663/2663/2663
f 2660/2660/2660 2664/2664/2664 2658/2658/2658
f 2665/2665/2665 2664/2664/2664 2660/2660/2660
f 2661/2661/2661 2662/2662/2662 2666/2666/2666
f 2662/2662/2662 2667/2667/2667 2666/2666/2666
f 2663/2663/2663 2661/2661/2661 2668/2668/2668
f 2668/2668/2668 2661/2661/2661 2666/2666/2666
f 2663/2663/2663 2668/2668/2668 2669/2669/2669
f 2666/2666/2666 2667/2667/2667 2670/2670/2670
f 2668/2668/2668 2671/2671/2671 2669/2669/2669
f 2669/2669/2669 2671/2671/2671 2672/2672/2672
f 2669/2669/2669 2672/2672/2672 2673/2673/2673
f 2674/2674/2674 2673/2673/2673 2672/2672/2672
f 2667/2667/2667 2675/2675/2675 2670/2670/2670
f 2676/2676/2676 2675/2675/2675 2667/2667/2667
f 2670/2670/2670 2675/2675/2675 2677/2677/2677
f 2677/2677/2677 2675/2675/2675 2678/2678/2678
f 2677/2677/2677 2678/2678/2678 2018/2018/2018
f 2678/2678/2678 2019/2019/2019 2018/2018/2018
f 2679/2679/2679 2678/2678/2678 2675/2675/2675
f 2679/2679/2679 2019/2019/2019 2678/2678/2678
f 2680/2680/2680 2679/2679/2679 2675/2675/2675
f 2679/2679/2679 2022/2022/2022 2019/2019/2019
f 2680/2680/2680 2681/2681/2681 2679/2679/2679
f 2682/2682/2682 2681/2681/2681 2680/2680/2680
f 2679/2679/2679 2683/2683/2683 2022/2022/2022
f 2681/2681/2681 2683/2683/2683 2679/2679/2679
f 2683/2683/2683 2023/2023/2023 2022/2022/2022
f 2684/2684/2684 2023/2023/2023 2683/2683/2683
f 2681/2681/2681 2684/2684/2684 2683/2683/2683
f 2684/2684/2684 2685/2685/2685 2023/2023/2023
f 2686/2686/2686 2684/2684/2684 2681/2681/2681
f 2686/2686/2686 2685/2685/2685 2684/2684/2684
f 2682/2682/2682 2687/2687/2687 2681/2681/2681
f 2687/2687/2687 2686/2686/2686 2681/2681/2681
f 2685/2685/2685 2686/2686/2686 2688/2688/2688
f 2687/2687/2687 2688/2688/2688 2686/2686/2686
f 2689/2689/2689 2685/2685/2685 2688/2688/2688
f 2690/2690/2690 2687/2687/2687 2682/2682/2682
f 2690/2690/2690 2682/2682/2682 2691/2691/2691
f 2688/2688/2688 2687/2687/2687 2692/2692/2692
f 2693/2693/2693 2692/2692/2692 2687/2687/2687
f 2693/2693/2693 2687/2687/2687 2690/2690/2690
f 2692/2692/2692 2694/2694/2694 2688/2688/2688
f 2694/2694/2694 2695/2695/2695 2688/2688/2688
f 2695/2695/2695 2689/2689/2689 2688/2688/2688
f 2696/2696/2696 2693/2693/2693 2690/2690/2690
f 2697/2697/2697 2689/2689/2689 2695/2695/2695
f 2697/2697/2697 2698/2698/2698 2689/2689/2689
f 2697/2697/2697 2695/2695/2695 2699/2699/2699
f 2664/2664/2664 2690/2690/2690 2691/2691/2691
f 2696/2696/2696 2690/2690/2690 2664/2664/2664
f 2658/2658/2658 2664/2664/2664 2691/2691/2691
f 2691/2691/2691 2700/2700/2700 2658/2658/2658
f 2696/2696/2696 2664/2664/2664 2665/2665/2665
f 2701/2701/2701 2696/2696/2696 2665/2665/2665
f 2701/2701/2701 2665/2665/2665 2702/2702/2702
f 2702/2702/2702 2703/2703/2703 2701/2701/2701
f 2701/2701/2701 2703/2703/2703 2704/2704/2704
f 2704/2704/2704 2703/2703/2703 2705/2705/2705
f 2706/2706/2706 2698/2698/2698 2697/2697/2697
f 2706/2706/2706 2385/2385/2385 2698/2698/2698
f 2386/2386/2386 2385/2385/2385 2706/2706/2706
f 2707/2707/2707 2706/2706/2706 2697/2697/2697
f 2707/2707/2707 2697/2697/2697 2699/2699/2699
f 2386/2386/2386 2706/2706/2706 2314/2314/2314
f 2314/2314/2314 2706/2706/2706 2707/2707/2707
f 2708/2708/2708 2386/2386/2386 2314/2314/2314
f 2708/2708/2708 2314/2314/2314 2309/2309/2309
f 2312/2312/2312 2386/2386/2386 2708/2708/2708
f 2312/2312/2312 2708/2708/2708 2309/2309/2309
f 2705/2705/2705 2651/2651/2651 2704/2704/2704
f 2705/2705/2705 2709/2709/2709 2651/2651/2651
f 2651/2651/2651 2709/2709/2709 2649/2649/2649
f 2649/2649/2649 2709/2709/2709 2710/2710/2710
f 2709/2709/2709 2711/2711/2711 2710/2710/2710
f 2710/2710/2710 2711/2711/2711 2712/2712/2712
f 2645/2645/2645 2649/2649/2649 2710/2710/2710
f 2645/2645/2645 2710/2710/2710 2713/2713/2713
f 2651/2651/2651 2714/2714/2714 2704/2704/2704
f 2651/2651/2651 2654/2654/2654 2714/2714/2714
f 2714/2714/2714 2654/2654/2654 2715/2715/2715
f 2704/2704/2704 2714/2714/2714 2715/2715/2715
f 2715/2715/2715 2716/2716/2716 2704/2704/2704
f 2719/2719/2719 2718/2718/2718 2717/2717/2717
f 2719/2719/2719 2717/2717/2717 2720/2720/2720
f 2723/2723/2723 2722/2722/2722 2721/2721/2721
f 2721/2721/2721 2722/2722/2722 2724/2724/2724
f 2724/2724/2724 2725/2725/2725 2721/2721/2721
f 2728/2728/2728 2727/2727/2727 2726/2726/2726
f 2726/2726/2726 2727/2727/2727 2729/2729/2729
f 2726/2726/2726 2729/2729/2729 2730/2730/2730
f 2729/2729/2729 2727/2727/2727 2731/2731/2731
f 2732/2732/2732 2731/2731/2731 2727/2727/2727
f 2730/2730/2730 2729/2729/2729 2733/2733/2733
f 2733/2733/2733 2729/2729/2729 2731/2731/2731
f 2733/2733/2733 2731/2731/2731 2734/2734/2734
f 2730/2730/2730 2733/2733/2733 2735/2735/2735
f 2734/2734/2734 2736/2736/2736 2733/2733/2733
f 2735/2735/2735 2733/2733/2733 2736/2736/2736
f 2736/2736/2736 2737/2737/2737 2735/2735/2735
f 2737/2737/2737 2736/2736/2736 2738/2738/2738
f 2738/2738/2738 2736/2736/2736 2739/2739/2739
f 2740/2740/2740 2738/2738/2738 2739/2739/2739
f 2739/2739/2739 2741/2741/2741 2740/2740/2740
f 2740/2740/2740 2741/2741/2741 2742/2742/2742
f 2745/2745/2745 2744/2744/2744 2743/2743/2743
f 2744/2744/2744 2745/2745/2745 2746/2746/2746
f 2749/2749/2749 2748/2748/2748 2747/2747/2747
f 2748/2748/2748 2750/2750/2750 2747/2747/2747
f 2748/2748/2748 2751/2751/2751 2750/2750/2750
f 2750/2750/2750 2751/2751/2751 2752/2752/2752
f 2755/2755/2755 2754/2754/2754 2753/2753/2753
f 2756/2756/2756 2754/2754/2754 2755/2755/2755
f 2756/2756/2756 2755/2755/2755 2757/2757/2757
f 2760/2760/2760 2759/2759/2759 2758/2758/2758
f 2759/2759/2759 2761/2761/2761 2758/2758/2758
f 2764/2764/2764 2763/2763/2763 2762/2762/2762
f 2765/2765/2765 2764/2764/2764 2762/2762/2762
f 2764/2764/2764 2765/2765/2765 2766/2766/2766
f 2767/2767/2767 2766/2766/2766 2765/2765/2765
f 2768/2768/2768 2766/2766/2766 2767/2767/2767
f 2769/2769/2769 2768/2768/2768 2767/2767/2767
f 2769/2769/2769 2767/2767/2767 2770/2770/2770
f 2771/2771/2771 2769/2769/2769 2770/2770/2770
f 2772/2772/2772 2769/2769/2769 2771/2771/2771
f 2769/2769/2769 2773/2773/2773 2768/2768/2768
f 2773/2773/2773 2774/2774/2774 2768/2768/2768
f 2775/2775/2775 2768/2768/2768 2774/2774/2774
f 2775/2775/2775 2774/2774/2774 2776/2776/2776
f 2779/2779/2779 2778/2778/2778 2777/2777/2777
f 2780/2780/2780 2779/2779/2779 2777/2777/2777
f 2777/2777/2777 2781/2781/2781 2780/2780/2780
f 2784/2784/2784 2783/2783/2783 2782/2782/2782
f 2785/2785/2785 2783/2783/2783 2784/2784/2784
f 2788/2788/2788 2787/2787/2787 2786/2786/2786
f 2786/2786/2786 2787/2787/2787 2789/2789/2789
f 2792/2792/2792 2791/2791/2791 2790/2790/2790
f 2793/2793/2793 2790/2790/2790 2791/2791/2791
f 2796/2796/2796 2795/2795/2795 2794/2794/2794
f 2794/2794/2794 2795/2795/2795 2797/2797/2797
f 2797/2797/2797 2795/2795/2795 2798/2798/2798
f 2795/2795/2795 2799/2799/2799 2798/2798/2798
f 2802/2802/2802 2801/2801/2801 2800/2800/2800
f 2800/2800/2800 2801/2801/2801 2803/2803/2803
f 2800/2800/2800 2803/2803/2803 2804/2804/2804
f 2807/2807/2807 2806/2806/2806 2805/2805/2805
f 2807/2807/2807 2805/2805/2805 2808/2808/2808
f 2811/2811/2811 2810/2810/2810 2809/2809/2809
f 2810/2810/2810 2811/2811/2811 2812/2812/2812
f 2815/2815/2815 2814/2814/2814 2813/2813/2813
f 2816/2816/2816 2813/2813/2813 2814/2814/2814
f 2817/2817/2817 2816/2816/2816 2814/2814/2814
f 2820/2820/2820 2819/2819/2819 2818/2818/2818
f 2819/2819/2819 2820/2820/2820 2821/2821/2821
f 2824/2824/2824 2823/2823/2823 2822/2822/2822
f 2824/2824/2824 2822/2822/2822 2825/2825/2825
f 2828/2828/2828 2827/2827/2827 2826/2826/2826
f 2829/2829/2829 2828/2828/2828 2826/2826/2826
f 2832/2832/2832 2831/2831/2831 2830/2830/2830
f 2833/2833/2833 2831/2831/2831 2832/2832/2832
f 2833/2833/2833 2832/2832/2832 2834/2834/2834
f 2837/2837/2837 2836/2836/2836 2835/2835/2835
f 2835/2835/2835 2838/2838/2838 2837/2837/2837
f 2841/2841/2841 2840/2840/2840 2839/2839/2839
f 2841/2841/2841 2842/2842/2842 2840/2840/2840
f 2843/2843/2843 2842/2842/2842 2841/2841/2841
f 2843/2843/2843 2844/2844/2844 2842/2842/2842
f 2845/2845/2845 2842/2842/2842 2844/2844/2844
f 2840/2840/2840 2842/2842/2842 2846/2846/2846
f 2847/2847/2847 2846/2846/2846 2842/2842/2842
f 2848/2848/2848 2846/2846/2846 2847/2847/2847
f 2848/2848/2848 2847/2847/2847 2849/2849/2849
f 2852/2852/2852 2851/2851/2851 2850/2850/2850
f 2853/2853/2853 2852/2852/2852 2850/2850/2850
f 2856/2856/2856 2855/2855/2855 2854/2854/2854
f 2857/2857/2857 2856/2856/2856 2854/2854/2854
f 2857/2857/2857 2854/2854/2854 2858/2858/2858
f 2861/2861/2861 2860/2860/2860 2859/2859/2859
f 2861/2861/2861 2862/2862/2862 2860/2860/2860
f 2863/2863/2863 2860/2860/2860 2862/2862/2862
f 2860/2860/2860 2863/2863/2863 2864/2864/2864
f 2867/2867/2867 2866/2866/2866 2865/2865/2865
f 2868/2868/2868 2865/2865/2865 2866/2866/2866
f 2869/2869/2869 2868/2868/2868 2866/2866/2866
f 2872/2872/2872 2871/2871/2871 2870/2870/2870
f 2873/2873/2873 2871/2871/2871 2872/2872/2872
f 2876/2876/2876 2875/2875/2875 2874/2874/2874
f 2874/2874/2874 2875/2875/2875 2877/2877/2877
f 2874/2874/2874 2877/2877/2877 2878/2878/2878
f 2879/2879/2879 2874/2874/2874 2878/2878/2878
f 2882/2882/2882 2881/2881/2881 2880/2880/2880
f 2881/2881/2881 2882/2882/2882 2883/2883/2883
f 2886/2886/2886 2885/2885/2885 2884/2884/2884
f 2886/2886/2886 2887/2887/2887 2885/2885/2885
f 2888/2888/2888 2887/2887/2887 2886/2886/2886
f 2889/2889/2889 2888/2888/2888 2886/2886/2886
f 2892/2892/2892 2891/2891/2891 2890/2890/2890
f 2891/2891/2891 2893/2893/2893 2890/2890/2890
f 2896/2896/2896 2895/2895/2895 2894/2894/2894
f 2896/2896/2896 2894/2894/2894 2897/2897/2897
f 2896/2896/2896 2897/2897/2897 2898/2898/2898
f 2898/2898/2898 2897/2897/2897 2899/2899/2899
f 2900/2900/2900 2898/2898/2898 2899/2899/2899
f 2903/2903/2903 2902/2902/2902 2901/2901/2901
f 2902/2902/2902 2904/2904/2904 2901/2901/2901
f 2905/2905/2905 2904/2904/2904 2902/2902/2902
f 2905/2905/2905 2902/2902/2902 2906/2906/2906
f 2902/2902/2902 2907/2907/2907 2906/2906/2906
f 2908/2908/2908 2906/2906/2906 2907/2907/2907
f 2911/2911/2911 2910/2910/2910 2909/2909/2909
f 2912/2912/2912 2911/2911/2911 2909/2909/2909
f 2909/2909/2909 2913/2913/2913 2912/2912/2912
f 2916/2916/2916 2915/2915/2915 2914/2914/2914
f 2916/2916/2916 2917/2917/2917 2915/2915/2915
f 2920/2920/2920 2919/2919/2919 2918/2918/2918
f 2921/2921/2921 2920/2920/2920 2918/2918/2918
f 2924/2924/2924 2923/2923/2923 2922/2922/2922
f 2922/2922/2922 2925/2925/2925 2924/2924/2924
f 2926/2926/2926 2924/2924/2924 2925/2925/2925
f 2929/2929/2929 2928/2928/2928 2927/2927/2927
f 2929/2929/2929 2930/2930/2930 2928/2928/2928
f 2931/2931/2931 2930/2930/2930 2929/2929/2929
f 2934/2934/2934 2933/2933/2933 2932/2932/2932
f 2935/2935/2935 2933/2933/2933 2934/2934/2934
f 2933/2933/2933 2935/2935/2935 2936/2936/2936
f 2933/2933/2933 2936/2936/2936 2937/2937/2937
f 2940/2940/2940 2939/2939/2939 2938/2938/2938
f 2938/2938/2938 2939/2939/2939 2941/2941/2941
f 2944/2944/2944 2943/2943/2943 2942/2942/2942
f 2944/2944/2944 2945/2945/2945 2943/2943/2943
f 2945/2945/2945 2944/2944/2944 2946/2946/2946
f 2945/2945/2945 2946/2946/2946 2947/2947/2947
f 2950/2950/2950 2949/2949/2949 2948/2948/2948
f 2951/2951/2951 2950/2950/2950 2948/2948/2948
f 2954/2954/2954 2953/2953/2953 2952/2952/2952
f 2953/2953/2953 2955/2955/2955 2952/2952/2952
f 2952/2952/2952 2955/2955/2955 2956/2956/2956
f 2953/2953/2953 2957/2957/2957 2955/2955/2955
f 2960/2960/2960 2959/2959/2959 2958/2958/2958
f 2958/2958/2958 2959/2959/2959 2961/2961/2961
f 2959/2959/2959 2962/2962/2962 2961/2961/2961
f 2963/2963/2963 2961/2961/2961 2962/2962/2962
f 2964/2964/2964 2962/2962/2962 2959/2959/2959
f 2967/2967/2967 2966/2966/2966 2965/2965/2965
f 2967/2967/2967 2968/2968/2968 2966/2966/2966
f 2969/2969/2969 2968/2968/2968 2967/2967/2967
f 2968/2968/2968 2969/2969/2969 2970/2970/2970
f 2970/2970/2970 2971/2971/2971 2968/2968/2968
f 2968/2968/2968 2971/2971/2971 2972/2972/2972
f 2975/2975/2975 2974/2974/2974 2973/2973/2973
f 2975/2975/2975 2976/2976/2976 2974/2974/2974
f 2979/2979/2979 2978/2978/2978 2977/2977/2977
f 2977/2977/2977 2978/2978/2978 2980/2980/2980
f 2983/2983/2983 2982/2982/2982 2981/2981/2981
f 2984/2984/2984 2982/2982/2982 2983/2983/2983
f 2985/2985/2985 2982/2982/2982 2984/2984/2984
f 2988/2988/2988 2987/2987/2987 2986/2986/2986
f 2987/2987/2987 2989/2989/2989 2986/2986/2986
f 2990/2990/2990 2989/2989/2989 2987/2987/2987
f 2991/2991/2991 2990/2990/2990 2987/2987/2987
f 2994/2994/2994 2993/2993/2993 2992/2992/2992
f 2994/2994/2994 2992/2992/2992 2995/2995/2995
f 2996/2996/2996 2995/2995/2995 2992/2992/2992
f 2999/2999/2999 2998/2998/2998 2997/2997/2997
f 3000/3000/3000 2999/2999/2999 2997/2997/2997
f 2997/2997/2997 3001/3001/3001 3000/3000/3000
f 3000/3000/3000 3001/3001/3001 3002/3002/3002
f 3005/3005/3005 3004/3004/3004 3003/3003/3003
f 3005/3005/3005 3003/3003/3003 3006/3006/3006
f 3007/3007/3007 3006/3006/3006 3003/3003/3003
f 3007/3007/3007 3008/3008/3008 3006/3006/3006
f 3011/3011/3011 3010/3010/3010 3009/3009/3009
f 3010/3010/3010 3012/3012/3012 3009/3009/3009
f 3010/3010/3010 3013/3013/3013 3012/3012/3012
f 3016/3016/3016 3015/3015/3015 3014/3014/3014
f 3016/3016/3016 3017/3017/3017 3015/3015/3015
f 3020/3020/3020 3019/3019/3019 3018/3018/3018
f 3020/3020/3020 3018/3018/3018 3021/3021/3021
f 3024/3024/3024 3023/3023/3023 3022/3022/3022
f 3025/3025/3025 3022/3022/3022 3023/3023/3023
f 3028/3028/3028 3027/3027/3027 3026/3026/3026
f 3027/3027/3027 3029/3029/3029 3026/3026/3026
f 3027/3027/3027 3030/3030/3030 3029/3029/3029
f 3029/3029/3029 3030/3030/3030 3031/3031/3031
f 3034/3034/3034 3033/3033/3033 3032/3032/3032
f 3035/3035/3035 3032/3032/3032 3033/3033/3033
f 3036/3036/3036 3032/3032/3032 3035/3035/3035
f 3039/3039/3039 3038/3038/3038 3037/3037/3037
f 3038/3038/3038 3040/3040/3040 3037/3037/3037
f 3037/3037/3037 3040/3040/3040 3041/3041/3041
f 3040/3040/3040 3042/3042/3042 3041/3041/3041
f 3045/3045/3045 3044/3044/3044 3043/3043/3043
f 3043/3043/3043 3044/3044/3044 3046/3046/3046
f 3047/3047/3047 3043/3043/3043 3046/3046/3046
f 3050/3050/3050 3049/3049/3049 3048/3048/3048
f 3051/3051/3051 3049/3049/3049 3050/3050/3050
f 3054/3054/3054 3053/3053/3053 3052/3052/3052
f 3055/3055/3055 3053/3053/3053 3054/3054/3054
f 3058/3058/3058 3057/3057/3057 3056/3056/3056
f 3057/3057/3057 3058/3058/3058 3059/3059/3059
f 3059/3059/3059 3058/3058/3058 3060/3060/3060
f 3063/3063/3063 3062/3062/3062 3061/3061/3061
f 3064/3064/3064 3062/3062/3062 3063/3063/3063
f 3063/3063/3063 3065/3065/3065 3064/3064/3064
f 3066/3066/3066 3065/3065/3065 3063/3063/3063
f 3065/3065/3065 3066/3066/3066 3067/3067/3067
f 3070/3070/3070 3069/3069/3069 3068/3068/3068
f 3069/3069/3069 3070/3070/3070 3071/3071/3071
f 3069/3069/3069 3071/3071/3071 3072/3072/3072
f 3070/3070/3070 3073/3073/3073 3071/3071/3071
f 3070/3070/3070 3074/3074/3074 3073/3073/3073
f 3071/3071/3071 3073/3073/3073 3075/3075/3075
f 3076/3076/3076 3071/3071/3071 3075/3075/3075
f 3076/3076/3076 3075/3075/3075 3077/3077/3077
f 3080/3080/3080 3079/3079/3079 3078/3078/3078
f 3078/3078/3078 3079/3079/3079 3081/3081/3081
f 3084/3084/3084 3083/3083/3083 3082/3082/3082
f 3084/3084/3084 3085/3085/3085 3083/3083/3083
f 3088/3088/3088 3087/3087/3087 3086/3086/3086
f 3089/3089/3089 3086/3086/3086 3087/3087/3087
f 3090/3090/3090 3089/3089/3089 3087/3087/3087
f 3089/3089/3089 3091/3091/3091 3086/3086/3086
f 3094/3094/3094 3093/3093/3093 3092/3092/3092
f 3093/3093/3093 3095/3095/3095 3092/3092/3092
f 3095/3095/3095 3093/3093/3093 3096/3096/3096
f 3097/3097/3097 3095/3095/3095 3096/3096/3096
f 3096/3096/3096 3098/3098/3098 3097/3097/3097
f 3097/3097/3097 3098/3098/3098 3099/3099/3099
f 3098/3098/3098 3100/3100/3100 3099/3099/3099
f 3103/3103/3103 3102/3102/3102 3101/3101/3101
f 3101/3101/3101 3102/3102/3102 3104/3104/3104
f 3107/3107/3107 3106/3106/3106 3105/3105/3105
f 3107/3107/3107 3105/3105/3105 3108/3108/3108
f 3108/3108/3108 3105/3105/3105 3109/3109/3109
f 3109/3109/3109 3105/3105/3105 3110/3110/3110
f 3113/3113/3113 3112/3112/3112 3111/3111/3111
f 3111/3111/3111 3112/3112/3112 3114/3114/3114
f 3117/3117/3117 3116/3116/3116 3115/3115/3115
f 3118/3118/3118 3117/3117/3117 3115/3115/3115
f 3118/3118/3118 3119/3119/3119 3117/3117/3117
f 3120/3120/3120 3117/3117/3117 3119/3119/3119
f 3123/3123/3123 3122/3122/3122 3121/3121/3121
f 3123/3123/3123 3121/3121/3121 3124/3124/3124
f 3127/3127/3127 3126/3126/3126 3125/3125/3125
f 3126/3126/3126 3128/3128/3128 3125/3125/3125
f 3125/3125/3125 3128/3128/3128 3129/3129/3129
f 3130/3130/3130 3125/3125/3125 3129/3129/3129
f 3133/3133/3133 3132/3132/3132 3131/3131/3131
f 3134/3134/3134 3133/3133/3133 3131/3131/3131
f 3137/3137/3137 3136/3136/3136 3135/3135/3135
f 3135/3135/3135 3136/3136/3136 2031/2031/2031
f 3135/3135/3135 2031/2031/2031 2029/2029/2029
f 2029/2029/2029 3138/3138/3138 3135/3135/3135
f 3138/3138/3138 3139/3139/3139 3135/3135/3135
f 2031/2031/2031 3136/3136/3136 3140/3140/3140
f 3136/3136/3136 3141/3141/3141 3140/3140/3140
f 3142/3142/3142 3140/3140/3140 3141/3141/3141
f 3143/3143/3143 3142/3142/3142 3141/3141/3141
f 3144/3144/3144 3142/3142/3142 3143/3143/3143
f 3144/3144/3144 3143/3143/3143 3145/3145/3145
f 3144/3144/3144 3145/3145/3145 3146/3146/3146
f 3147/3147/3147 3144/3144/3144 3146/3146/3146
f 3148/3148/3148 3144/3144/3144 3147/3147/3147
f 3149/3149/3149 3142/3142/3142 3144/3144/3144
f 3149/3149/3149 3144/3144/3144 3148/3148/3148
f 3149/3149/3149 3140/3140/3140 3142/3142/3142
f 3150/3150/3150 3149/3149/3149 3148/3148/3148
f 3151/3151/3151 3149/3149/3149 3150/3150/3150
f 3152/3152/3152 3140/3140/3140 3149/3149/3149
f 2031/2031/2031 3140/3140/3140 3152/3152/3152
f 3152/3152/3152 3149/3149/3149 3153/3153/3153
f 2031/2031/2031 3152/3152/3152 3153/3153/3153
f 3154/3154/3154 2031/2031/2031 3153/3153/3153
f 3155/3155/3155 3154/3154/3154 3153/3153/3153
f 3156/3156/3156 3154/3154/3154 3155/3155/3155
f 3155/3155/3155 3157/3157/3157 3156/3156/3156
f 3158/3158/3158 3156/3156/3156 3157/3157/3157
f 3161/3161/3161 3160/3160/3160 3159/3159/3159
f 3160/3160/3160 3161/3161/3161 3162/3162/3162
f 3160/3160/3160 3162/3162/3162 3163/3163/3163
f 3163/3163/3163 3162/3162/3162 3164/3164/3164
f 3163/3163/3163 3164/3164/3164 3165/3165/3165
f 3168/3168/3168 3167/3167/3167 3166/3166/3166
f 3166/3166/3166 3167/3167/3167 3169/3169/3169
f 3167/3167/3167 3170/3170/3170 3169/3169/3169
f 3171/3171/3171 3169/3169/3169 3170/3170/3170
f 3172/3172/3172 3171/3171/3171 3170/3170/3170
f 3171/3171/3171 3172/3172/3172 3173/3173/3173
f 3173/3173/3173 3172/3172/3172 3174/3174/3174
f 3172/3172/3172 3175/3175/3175 3174/3174/3174
f 3170/3170/3170 3176/3176/3176 3172/3172/3172
f 3177/3177/3177 3176/3176/3176 3170/3170/3170
f 3180/3180/3180 3179/3179/3179 3178/3178/3178
f 3180/3180/3180 3178/3178/3178 3181/3181/3181
f 3182/3182/3182 3180/3180/3180 3181/3181/3181
f 3185/3185/3185 3184/3184/3184 3183/3183/3183
f 3186/3186/3186 3185/3185/3185 3183/3183/3183
f 3189/3189/3189 3188/3188/3188 3187/3187/3187
f 3187/3187/3187 3188/3188/3188 3190/3190/3190
f 3190/3190/3190 3191/3191/3191 3187/3187/3187
f 3194/3194/3194 3193/3193/3193 3192/3192/3192
f 3192/3192/3192 3193/3193/3193 3195/3195/3195
f 3198/3198/3198 3197/3197/3197 3196/3196/3196
f 3196/3196/3196 3197/3197/3197 3199/3199/3199
f 3202/3202/3202 3201/3201/3201 3200/3200/3200
f 3203/3203/3203 3202/3202/3202 3200/3200/3200
f 3206/3206/3206 3205/3205/3205 3204/3204/3204
f 3204/3204/3204 3207/3207/3207 3206/3206/3206
f 3210/3210/3210 3209/3209/3209 3208/3208/3208
f 3210/3210/3210 3211/3211/3211 3209/3209/3209
f 3214/3214/3214 3213/3213/3213 3212/3212/3212
f 3212/3212/3212 3213/3213/3213 3215/3215/3215
f 3216/3216/3216 3212/3212/3212 3215/3215/3215
f 3219/3219/3219 3218/3218/3218 3217/3217/3217
f 3218/3218/3218 3220/3220/3220 3217/3217/3217
f 3220/3220/3220 3218/3218/3218 3221/3221/3221
f 3224/3224/3224 3223/3223/3223 3222/3222/3222
f 3222/3222/3222 3225/3225/3225 3224/3224/3224
f 3228/3228/3228 3227/3227/3227 3226/3226/3226
f 3229/3229/3229 3227/3227/3227 3228/3228/3228
f 3230/3230/3230 3229/3229/3229 3228/3228/3228
f 3233/3233/3233 3232/3232/3232 3231/3231/3231
f 3231/3231/3231 3232/3232/3232 3234/3234/3234
f 3237/3237/3237 3236/3236/3236 3235/3235/3235
f 3238/3238/3238 3237/3237/3237 3235/3235/3235
f 3239/3239/3239 3238/3238/3238 3235/3235/3235
f 3242/3242/3242 3241/3241/3241 3240/3240/3240
f 3240/3240/3240 3241/3241/3241 3243/3243/3243
f 3244/3244/3244 3243/3243/3243 3241/3241/3241
f 3247/3247/3247 3246/3246/3246 3245/3245/3245
f 3248/3248/3248 3246/3246/3246 3247/3247/3247
f 3249/3249/3249 3246/3246/3246 3248/3248/3248
f 3246/3246/3246 3249/3249/3249 3250/3250/3250
f 3251/3251/3251 3246/3246/3246 3250/3250/3250
f 3252/3252/3252 3249/3249/3249 3248/3248/3248
f 3248/3248/3248 3253/3253/3253 3252/3252/3252
f 3252/3252/3252 3253/3253/3253 3254/3254/3254
f 3255/3255/3255 3252/3252/3252 3254/3254/3254
f 3256/3256/3256 3252/3252/3252 3255/3255/3255
f 3257/3257/3257 3256/3256/3256 3255/3255/3255
f 3258/3258/3258 3252/3252/3252 3256/3256/3256
f 3259/3259/3259 3258/3258/3258 3256/3256/3256
f 3262/3262/3262 3261/3261/3261 3260/3260/3260
f 3262/3262/3262 3260/3260/3260 3263/3263/3263
f 3264/3264/3264 3263/3263/3263 3260/3260/3260
f 3263/3263/3263 3265/3265/3265 3262/3262/3262
f 3263/3263/3263 3264/3264/3264 2671/2671/2671
f 3265/3265/3265 3266/3266/3266 3262/3262/3262
f 3266/3266/3266 2017/2017/2017 3262/3262/3262
f 2018/2018/2018 2017/2017/2017 3266/3266/3266
f 2672/2672/2672 2671/2671/2671 3264/3264/3264
f 2672/2672/2672 3264/3264/3264 3267/3267/3267
f 3267/3267/3267 3268/3268/3268 2672/2672/2672
f 2672/2672/2672 3268/3268/3268 2646/2646/2646
f 2674/2674/2674 2672/2672/2672 2646/2646/2646
f 2646/2646/2646 3268/3268/3268 3269/3269/3269
f 2674/2674/2674 2646/2646/2646 2644/2644/2644
f 3270/3270/3270 2674/2674/2674 2644/2644/2644
f 3269/3269/3269 2647/2647/2647 2646/2646/2646
f 3269/3269/3269 3271/3271/3271 2647/2647/2647
f 3269/3269/3269 3272/3272/3272 3271/3271/3271
f 3272/3272/3272 3273/3273/3273 3271/3271/3271
f 3276/3276/3276 3275/3275/3275 3274/3274/3274
f 3277/3277/3277 3275/3275/3275 3276/3276/3276
f 3280/3280/3280 3279/3279/3279 3278/3278/3278
f 3279/3279/3279 3281/3281/3281 3278/3278/3278
f 3284/3284/3284 3283/3283/3283 3282/3282/3282
f 3282/3282/3282 3285/3285/3285 3284/3284/3284
f 3285/3285/3285 3286/3286/3286 3284/3284/3284
f 3287/3287/3287 3284/3284/3284 3286/3286/3286
f 3290/3290/3290 3289/3289/3289 3288/3288/3288
f 3289/3289/3289 3290/3290/3290 2421/2421/2421
f 3290/3290/3290 3291/3291/3291 2421/2421/2421
f 3291/3291/3291 2400/2400/2400 2421/2421/2421
f 3291/3291/3291 3292/3292/3292 2400/2400/2400
f 3292/3292/3292 3293/3293/3293 2400/2400/2400
f 3296/3296/3296 3295/3295/3295 3294/3294/3294
f 3296/3296/3296 3297/3297/3297 3295/3295/3295
f 3300/3300/3300 3299/3299/3299 3298/3298/3298
f 3301/3301/3301 3299/3299/3299 3300/3300/3300
f 3304/3304/3304 3303/3303/3303 3302/3302/3302
f 3305/3305/3305 3303/3303/3303 3304/3304/3304
f 3306/3306/3306 3305/3305/3305 3304/3304/3304
f 3309/3309/3309 3308/3308/3308 3307/3307/3307
f 3309/3309/3309 3310/3310/3310 3308/3308/3308
f 3308/3308/3308 3310/3310/3310 3311/3311/3311
f 3312/3312/3312 3311/3311/3311 3310/3310/3310
f 3315/3315/3315 3314/3314/3314 3313/3313/3313
f 3315/3315/3315 3316/3316/3316 3314/3314/3314
f 3314/3314/3314 3316/3316/3316 3317/3317/3317
f 3314/3314/3314 3317/3317/3317 3318/3318/3318
f 3321/3321/3321 3320/3320/3320 3319/3319/3319
f 3319/3319/3319 3320/3320/3320 3322/3322/3322
f 3325/3325/3325 3324/3324/3324 3323/3323/3323
f 3326/3326/3326 3325/3325/3325 3323/3323/3323
f 3329/3329/3329 3328/3328/3328 3327/3327/3327
f 3330/3330/3330 3329/3329/3329 3327/3327/3327
f 3327/3327/3327 3331/3331/3331 3330/3330/3330
f 3334/3334/3334 3333/3333/3333 3332/3332/3332
f 3333/3333/3333 3334/3334/3334 3335/3335/3335
f 3334/3334/3334 3336/3336/3336 3335/3335/3335
f 3339/3339/3339 3338/3338/3338 3337/3337/3337
f 3339/3339/3339 3337/3337/3337 3340/3340/3340
f 3339/3339/3339 3340/3340/3340 3341/3341/3341
f 3344/3344/3344 3343/3343/3343 3342/3342/3342
f 3344/3344/3344 3345/3345/3345 3343/3343/3343
f 3348/3348/3348 3347/3347/3347 3346/3346/3346
f 3348/3348/3348 3349/3349/3349 3347/3347/3347
f 3350/3350/3350 3347/3347/3347 3349/3349/3349
f 3351/3351/3351 3350/3350/3350 3349/3349/3349
f 3352/3352/3352 3350/3350/3350 3351/3351/3351
f 3353/3353/3353 3352/3352/3352 3351/3351/3351
f 3354/3354/3354 3352/3352/3352 3353/3353/3353
f 3355/3355/3355 3352/3352/3352 3354/3354/3354
f 3355/3355/3355 3350/3350/3350 3352/3352/3352
f 3356/3356/3356 3350/3350/3350 3355/3355/3355
f 3359/3359/3359 3358/3358/3358 3357/3357/3357
f 3359/3359/3359 3360/3360/3360 3358/3358/3358
f 3363/3363/3363 3362/3362/3362 3361/3361/3361
f 3364/3364/3364 3363/3363/3363 3361/3361/3361
f 3364/3364/3364 3365/3365/3365 3363/3363/3363
f 3364/3364/3364 3366/3366/3366 3365/3365/3365
f 3367/3367/3367 3365/3365/3365 3366/3366/3366
f 3367/3367/3367 3368/3368/3368 3365/3365/3365
f 3365/3365/3365 3368/3368/3368 3369/3369/3369
f 3370/3370/3370 3369/3369/3369 3368/3368/3368
f 3371/3371/3371 3370/3370/3370 3368/3368/3368
f 3368/3368/3368 3372/3372/3372 3371/3371/3371
f 3372/3372/3372 3368/3368/3368 3367/3367/3367
f 3371/3371/3371 3373/3373/3373 3370/3370/3370
f 3374/3374/3374 3370/3370/3370 3373/3373/3373
f 3374/3374/3374 3373/3373/3373 3375/3375/3375
f 3374/3374/3374 3375/3375/3375 3376/3376/3376
f 2699/2699/2699 3374/3374/3374 3376/3376/3376
f 2699/2699/2699 3376/3376/3376 3377/3377/3377
f 2707/2707/2707 2699/2699/2699 3377/3377/3377
f 3378/3378/3378 3372/3372/3372 3367/3367/3367
f 3377/3377/3377 3379/3379/3379 2707/2707/2707
f 3380/3380/3380 3379/3379/3379 3377/3377/3377
f 3379/3379/3379 3380/3380/3380 3381/3381/3381
f 3382/3382/3382 2707/2707/2707 3379/3379/3379
f 3383/3383/3383 3379/3379/3379 3381/3381/3381
f 3382/3382/3382 3379/3379/3379 3384/3384/3384
f 3382/3382/3382 3384/3384/3384 3385/3385/3385
f 3386/3386/3386 3382/3382/3382 3385/3385/3385
f 3386/3386/3386 3385/3385/3385 3387/3387/3387
f 3388/3388/3388 3386/3386/3386 3387/3387/3387
f 3389/3389/3389 3388/3388/3388 3387/3387/3387
f 3390/3390/3390 3388/3388/3388 3389/3389/3389
f 3391/3391/3391 3390/3390/3390 3389/3389/3389
f 3392/3392/3392 3390/3390/3390 3391/3391/3391
f 3383/3383/3383 3381/3381/3381 3393/3393/3393
f 3383/3383/3383 3393/3393/3393 3394/3394/3394
f 3395/3395/3395 3394/3394/3394 3393/3393/3393
f 3396/3396/3396 3394/3394/3394 3395/3395/3395
f 3395/3395/3395 3393/3393/3393 3397/3397/3397
f 3397/3397/3397 3393/3393/3393 3398/3398/3398
f 3397/3397/3397 3398/3398/3398 3399/3399/3399
f 3398/3398/3398 3400/3400/3400 3399/3399/3399
f 3400/3400/3400 3401/3401/3401 3399/3399/3399
f 3401/3401/3401 3402/3402/3402 3399/3399/3399
f 3399/3399/3399 3402/3402/3402 3403/3403/3403
f 3402/3402/3402 3404/3404/3404 3403/3403/3403
f 3403/3403/3403 3404/3404/3404 3405/3405/3405
f 3397/3397/3397 3406/3406/3406 3395/3395/3395
f 3403/3403/3403 3405/3405/3405 3407/3407/3407
f 3396/3396/3396 3395/3395/3395 3408/3408/3408
f 3406/3406/3406 3408/3408/3408 3395/3395/3395
f 3396/3396/3396 3408/3408/3408 3409/3409/3409
f 3409/3409/3409 3408/3408/3408 3410/3410/3410
f 3408/3408/3408 3406/3406/3406 3410/3410/3410
f 3409/3409/3409 3410/3410/3410 3411/3411/3411
f 3412/3412/3412 3411/3411/3411 3410/3410/3410
f 3413/3413/3413 3412/3412/3412 3410/3410/3410
f 3413/3413/3413 3410/3410/3410 3414/3414/3414
f 3414/3414/3414 3410/3410/3410 3406/3406/3406
f 3414/3414/3414 3406/3406/3406 3415/3415/3415
f 3416/3416/3416 3403/3403/3403 3407/3407/3407
f 3416/3416/3416 3407/3407/3407 3417/3417/3417
f 3417/3417/3417 3378/3378/3378 3416/3416/3416
f 3418/3418/3418 3403/3403/3403 3416/3416/3416
f 3416/3416/3416 3419/3419/3419 3418/3418/3418
f 3420/3420/3420 3403/3403/3403 3418/3418/3418
f 3418/3418/3418 3421/3421/3421 3420/3420/3420
f 3416/3416/3416 3378/3378/3378 3422/3422/3422
f 3423/3423/3423 3420/3420/3420 3421/3421/3421
f 3378/3378/3378 3424/3424/3424 3422/3422/3422
f 3378/3378/3378 3367/3367/3367 3424/3424/3424
f 3424/3424/3424 3367/3367/3367 3425/3425/3425
f 3422/3422/3422 3424/3424/3424 3426/3426/3426
f 3424/3424/3424 3425/3425/3425 3427/3427/3427
f 3424/3424/3424 3427/3427/3427 3426/3426/3426
f 3427/3427/3427 3425/3425/3425 3428/3428/3428
f 3427/3427/3427 3428/3428/3428 3429/3429/3429
f 3426/3426/3426 3427/3427/3427 3429/3429/3429
f 3429/3429/3429 3428/3428/3428 3430/3430/3430
f 3428/3428/3428 3431/3431/3431 3430/3430/3430
f 3426/3426/3426 3429/3429/3429 3432/3432/3432
f 3432/3432/3432 3429/3429/3429 3433/3433/3433
f 3434/3434/3434 3426/3426/3426 3432/3432/3432
f 3435/3435/3435 3426/3426/3426 3434/3434/3434
f 3436/3436/3436 3426/3426/3426 3435/3435/3435
f 3439/3439/3439 3438/3438/3438 3437/3437/3437
f 3437/3437/3437 3440/3440/3440 3439/3439/3439
f 3440/3440/3440 3441/3441/3441 3439/3439/3439
f 3441/3441/3441 3442/3442/3442 3439/3439/3439
f 3445/3445/3445 3444/3444/3444 3443/3443/3443
f 3445/3445/3445 3443/3443/3443 3446/3446/3446
f 3449/3449/3449 3448/3448/3448 3447/3447/3447
f 3449/3449/3449 3447/3447/3447 3450/3450/3450
f 3453/3453/3453 3452/3452/3452 3451/3451/3451
f 3453/3453/3453 3454/3454/3454 3452/3452/3452
f 3457/3457/3457 3456/3456/3456 3455/3455/3455
f 3457/3457/3457 3458/3458/3458 3456/3456/3456
f 3461/3461/3461 3460/3460/3460 3459/3459/3459
f 3461/3461/3461 3462/3462/3462 3460/3460/3460
f 3465/3465/3465 3464/3464/3464 3463/3463/3463
f 3466/3466/3466 3464/3464/3464 3465/3465/3465
f 3469/3469/3469 3468/3468/3468 3467/3467/3467
f 3470/3470/3470 3469/3469/3469 3467/3467/3467
f 3467/3467/3467 3471/3471/3471 3470/3470/3470
f 3474/3474/3474 3473/3473/3473 3472/3472/3472
f 3475/3475/3475 3474/3474/3474 3472/3472/3472
f 3478/3478/3478 3477/3477/3477 3476/3476/3476
f 3477/3477/3477 3478/3478/3478 3479/3479/3479
f 3478/3478/3478 3480/3480/3480 3479/3479/3479
f 3478/3478/3478 3481/3481/3481 3480/3480/3480
f 3480/3480/3480 3481/3481/3481 3482/3482/3482
f 3482/3482/3482 3483/3483/3483 3480/3480/3480
f 3482/3482/3482 3484/3484/3484 3483/3483/3483
f 3487/3487/3487 3486/3486/3486 3485/3485/3485
f 3486/3486/3486 3488/3488/3488 3485/3485/3485
f 3491/3491/3491 3490/3490/3490 3489/3489/3489
f 3489/3489/3489 3492/3492/3492 3491/3491/3491
f 3495/3495/3495 3494/3494/3494 3493/3493/3493
f 3493/3493/3493 3496/3496/3496 3495/3495/3495
f 3493/3493/3493 3497/3497/3497 3496/3496/3496
f 3500/3500/3500 3499/3499/3499 3498/3498/3498
f 3501/3501/3501 3499/3499/3499 3500/3500/3500
f 3504/3504/3504 3503/3503/3503 3502/3502/3502
f 3505/3505/3505 3504/3504/3504 3502/3502/3502
f 3505/3505/3505 3502/3502/3502 3506/3506/3506
f 3505/3505/3505 3506/3506/3506 3507/3507/3507
f 3510/3510/3510 3509/3509/3509 3508/3508/3508
f 3508/3508/3508 3511/3511/3511 3510/3510/3510
f 3511/3511/3511 3512/3512/3512 3510/3510/3510
f 3515/3515/3515 3514/3514/3514 3513/3513/3513
f 3516/3516/3516 3515/3515/3515 3513/3513/3513
f 3519/3519/3519 3518/3518/3518 3517/3517/3517
f 3519/3519/3519 3517/3517/3517 3520/3520/3520
f 3523/3523/3523 3522/3522/3522 3521/3521/3521
f 3523/3523/3523 3524/3524/3524 3522/3522/3522
f 3527/3527/3527 3526/3526/3526 3525/3525/3525
f 3526/3526/3526 3528/3528/3528 3525/3525/3525
f 3525/3525/3525 3528/3528/3528 3529/3529/3529
f 3528/3528/3528 3530/3530/3530 3529/3529/3529
f 3533/3533/3533 3532/3532/3532 3531/3531/3531
f 3531/3531/3531 3532/3532/3532 3534/3534/3534
f 3534/3534/3534 3532/3532/3532 3535/3535/3535
f 3538/3538/3538 3537/3537/3537 3536/3536/3536
f 3538/3538/3538 3536/3536/3536 3539/3539/3539
f 3542/3542/3542 3541/3541/3541 3540/3540/3540
f 3541/3541/3541 3542/3542/3542 3543/3543/3543
f 3546/3546/3546 3545/3545/3545 3544/3544/3544
f 3547/3547/3547 3545/3545/3545 3546/3546/3546
f 3549/3549/3549 2428/2428/2428 3548/3548/3548
f 3549/3549/3549 3550/3550/3550 2428/2428/2428
f 2428/2428/2428 3550/3550/3550 2433/2433/2433
f 3551/3551/3551 2433/2433/2433 3550/3550/3550
f 2456/2456/2456 2433/2433/2433 3551/3551/3551
f 3552/3552/3552 2456/2456/2456 3551/3551/3551
f 3552/3552/3552 3551/3551/3551 3550/3550/3550
f 3552/3552/3552 3553/3553/3553 2456/2456/2456
f 3552/3552/3552 3550/3550/3550 3554/3554/3554
f 3555/3555/3555 3552/3552/3552 3554/3554/3554
f 3555/3555/3555 3554/3554/3554 3556/3556/3556
f 3554/3554/3554 3550/3550/3550 3557/3557/3557
f 3550/3550/3550 3558/3558/3558 3557/3557/3557
f 3556/3556/3556 3554/3554/3554 2419/2419/2419
f 3559/3559/3559 2419/2419/2419 3554/3554/3554
f 3556/3556/3556 2419/2419/2419 2422/2422/2422
f 3556/3556/3556 2422/2422/2422 3560/3560/3560
f 2422/2422/2422 2423/2423/2423 3560/3560/3560
f 3560/3560/3560 2423/2423/2423 3561/3561/3561
f 2423/2423/2423 3562/3562/3562 3561/3561/3561
f 3562/3562/3562 3563/3563/3563 3561/3561/3561
f 2423/2423/2423 3564/3564/3564 3562/3562/3562
f 3567/3567/3567 3566/3566/3566 3565/3565/3565
f 3568/3568/3568 3566/3566/3566 3567/3567/3567
f 3571/3571/3571 3570/3570/3570 3569/3569/3569
f 3570/3570/3570 3572/3572/3572 3569/3569/3569
f 3570/3570/3570 3573/3573/3573 3572/3572/3572
f 3572/3572/3572 3573/3573/3573 3574/3574/3574
f 3577/3577/3577 3576/3576/3576 3575/3575/3575
f 3578/3578/3578 3577/3577/3577 3575/3575/3575
f 3581/3581/3581 3580/3580/3580 3579/3579/3579
f 3580/3580/3580 3582/3582/3582 3579/3579/3579
f 3585/3585/3585 3584/3584/3584 3583/3583/3583
f 3586/3586/3586 3585/3585/3585 3583/3583/3583
f 3589/3589/3589 3588/3588/3588 3587/3587/3587
f 3587/3587/3587 3590/3590/3590 3589/3589/3589
f 3593/3593/3593 3592/3592/3592 3591/3591/3591
f 3592/3592/3592 3594/3594/3594 3591/3591/3591
f 3597/3597/3597 3596/3596/3596 3595/3595/3595
f 3597/3597/3597 3595/3595/3595 3598/3598/3598
f 3595/3595/3595 3599/3599/3599 3598/3598/3598
f 3602/3602/3602 3601/3601/3601 3600/3600/3600
f 3601/3601/3601 3602/3602/3602 3603/3603/3603
f 3601/3601/3601 3603/3603/3603 3604/3604/3604
f 3601/3601/3601 3604/3604/3604 3605/3605/3605
f 3608/3608/3608 3607/3607/3607 3606/3606/3606
f 3607/3607/3607 3609/3609/3609 3606/3606/3606
f 3612/3612/3612 3611/3611/3611 3610/3610/3610
f 3611/3611/3611 3612/3612/3612 3613/3613/3613
f 3613/3613/3613 3612/3612/3612 3614/3614/3614
f 3617/3617/3617 3616/3616/3616 3615/3615/3615
f 3618/3618/3618 3616/3616/3616 3617/3617/3617
f 3618/3618/3618 3617/3617/3617 3619/3619/3619
f 3619/3619/3619 3620/3620/3620 3618/3618/3618
f 3621/3621/3621 3620/3620/3620 3619/3619/3619
f 3622/3622/3622 3620/3620/3620 3621/3621/3621
f 3621/3621/3621 3623/3623/3623 3622/3622/3622
f 3623/3623/3623 3621/3621/3621 3624/3624/3624
f 3623/3623/3623 3624/3624/3624 3625/3625/3625
f 3625/3625/3625 3624/3624/3624 3626/3626/3626
f 3626/3626/3626 3624/3624/3624 3627/3627/3627
f 3630/3630/3630 3629/3629/3629 3628/3628/3628
f 3631/3631/3631 3630/3630/3630 3628/3628/3628
f 3632/3632/3632 3631/3631/3631 3628/3628/3628
f 3632/3632/3632 3628/3628/3628 3633/3633/3633
f 3632/3632/3632 3634/3634/3634 3631/3631/3631
f 3634/3634/3634 3635/3635/3635 3631/3631/3631
f 3636/3636/3636 3634/3634/3634 3632/3632/3632
f 3637/3637/3637 3634/3634/3634 3636/3636/3636
f 3638/3638/3638 3637/3637/3637 3636/3636/3636
f 3638/3638/3638 3639/3639/3639 3637/3637/3637
f 3637/3637/3637 3640/3640/3640 3634/3634/3634
f 3641/3641/3641 3640/3640/3640 3637/3637/3637
f 3644/3644/3644 3643/3643/3643 3642/3642/3642
f 3645/3645/3645 3644/3644/3644 3642/3642/3642
f 3646/3646/3646 3644/3644/3644 3645/3645/3645
f 3645/3645/3645 3647/3647/3647 3646/3646/3646
f 3650/3650/3650 3649/3649/3649 3648/3648/3648
f 3648/3648/3648 3649/3649/3649 3651/3651/3651
f 3652/3652/3652 3648/3648/3648 3651/3651/3651
f 3653/3653/3653 3652/3652/3652 3651/3651/3651
f 3654/3654/3654 3652/3652/3652 3653/3653/3653
f 3654/3654/3654 3653/3653/3653 3655/3655/3655
f 3655/3655/3655 3656/3656/3656 3654/3654/3654
f 3656/3656/3656 3655/3655/3655 3657/3657/3657
f 3658/3658/3658 3656/3656/3656 3657/3657/3657
f 3658/3658/3658 3657/3657/3657 3659/3659/3659
f 3660/3660/3660 3658/3658/3658 3659/3659/3659
f 3661/3661/3661 3658/3658/3658 3660/3660/3660
f 3664/3664/3664 3663/3663/3663 3662/3662/3662
f 3665/3665/3665 3663/3663/3663 3664/3664/3664
f 3665/3665/3665 3666/3666/3666 3663/3663/3663
f 3666/3666/3666 3667/3667/3667 3663/3663/3663
f 3670/3670/3670 3669/3669/3669 3668/3668/3668
f 3669/3669/3669 3670/3670/3670 3671/3671/3671
f 3670/3670/3670 3672/3672/3672 3671/3671/3671
f 3670/3670/3670 3673/3673/3673 3672/3672/3672
f 3674/3674/3674 3673/3673/3673 3670/3670/3670
f 3674/3674/3674 3670/3670/3670 3675/3675/3675
f 3675/3675/3675 3670/3670/3670 3676/3676/3676
f 3674/3674/3674 3675/3675/3675 3677/3677/3677
f 3678/3678/3678 3674/3674/3674 3677/3677/3677
f 3679/3679/3679 3674/3674/3674 3678/3678/3678
f 3674/3674/3674 3679/3679/3679 3680/3680/3680
f 3683/3683/3683 3682/3682/3682 3681/3681/3681
f 3682/3682/3682 3684/3684/3684 3681/3681/3681
f 3681/3681/3681 3684/3684/3684 3685/3685/3685
f 3684/3684/3684 3686/3686/3686 3685/3685/3685
f 3685/3685/3685 3686/3686/3686 3687/3687/3687
f 3686/3686/3686 3688/3688/3688 3687/3687/3687
f 3688/3688/3688 3689/3689/3689 3687/3687/3687
f 3688/3688/3688 3690/3690/3690 3689/3689/3689
f 3690/3690/3690 3691/3691/3691 3689/3689/3689
f 3690/3690/3690 3692/3692/3692 3691/3691/3691
f 3692/3692/3692 3693/3693/3693 3691/3691/3691
f 3691/3691/3691 3693/3693/3693 3694/3694/3694
f 3697/3697/3697 3696/3696/3696 3695/3695/3695
f 3697/3697/3697 3698/3698/3698 3696/3696/3696
f 3699/3699/3699 3696/3696/3696 3698/3698/3698
f 3700/3700/3700 3696/3696/3696 3699/3699/3699
f 3701/3701/3701 3700/3700/3700 3699/3699/3699
f 3699/3699/3699 3702/3702/3702 3701/3701/3701
f 3703/3703/3703 3701/3701/3701 3702/3702/3702
f 3706/3706/3706 3705/3705/3705 3704/3704/3704
f 3706/3706/3706 3707/3707/3707 3705/3705/3705
f 3705/3705/3705 3707/3707/3707 3708/3708/3708
f 3709/3709/3709 3707/3707/3707 3706/3706/3706
f 3710/3710/3710 3707/3707/3707 3709/3709/3709
f 3710/3710/3710 3711/3711/3711 3707/3707/3707
f 3712/3712/3712 3711/3711/3711 3710/3710/3710
f 3713/3713/3713 3711/3711/3711 3712/3712/3712
f 3714/3714/3714 3713/3713/3713 3712/3712/3712
f 3715/3715/3715 3713/3713/3713 3714/3714/3714
f 3716/3716/3716 3715/3715/3715 3714/3714/3714
f 3717/3717/3717 3715/3715/3715 3716/3716/3716
f 3717/3717/3717 3718/3718/3718 3715/3715/3715
f 3718/3718/3718 3719/3719/3719 3715/3715/3715
f 3720/3720/3720 3718/3718/3718 3717/3717/3717
f 3721/3721/3721 3718/3718/3718 3720/3720/3720
f 3724/3724/3724 3723/3723/3723 3722/3722/3722
f 3725/3725/3725 3723/3723/3723 3724/3724/3724
f 3726/3726/3726 3725/3725/3725 3724/3724/3724
f 3725/3725/3725 3726/3726/3726 3727/3727/3727
f 3727/3727/3727 3726/3726/3726 3728/3728/3728
f 3729/3729/3729 3727/3727/3727 3728/3728/3728
f 3732/3732/3732 3731/3731/3731 3730/3730/3730
f 3732/3732/3732 3733/3733/3733 3731/3731/3731
f 3731/3731/3731 3733/3733/3733 3734/3734/3734
f 3735/3735/3735 3733/3733/3733 3732/3732/3732
f 3735/3735/3735 3736/3736/3736 3733/3733/3733
f 3737/3737/3737 3736/3736/3736 3735/3735/3735
f 3737/3737/3737 3735/3735/3735 3738/3738/3738
f 3738/3738/3738 3739/3739/3739 3737/3737/3737
f 3742/3742/3742 3741/3741/3741 3740/3740/3740
f 3743/3743/3743 3741/3741/3741 3742/3742/3742
f 3744/3744/3744 3741/3741/3741 3743/3743/3743
f 3744/3744/3744 3743/3743/3743 3745/3745/3745
f 3748/3748/3748 3747/3747/3747 3746/3746/3746
f 3747/3747/3747 3749/3749/3749 3746/3746/3746
f 3746/3746/3746 3749/3749/3749 3750/3750/3750
f 3747/3747/3747 3751/3751/3751 3749/3749/3749
f 3754/3754/3754 3753/3753/3753 3752/3752/3752
f 3754/3754/3754 3752/3752/3752 3755/3755/3755
f 3758/3758/3758 3757/3757/3757 3756/3756/3756
f 3757/3757/3757 3759/3759/3759 3756/3756/3756
f 3756/3756/3756 3759/3759/3759 3760/3760/3760
f 3756/3756/3756 3760/3760/3760 3761/3761/3761
f 3762/3762/3762 3756/3756/3756 3761/3761/3761
f 3765/3765/3765 3764/3764/3764 3763/3763/3763
f 3765/3765/3765 3766/3766/3766 3764/3764/3764
f 3766/3766/3766 3767/3767/3767 3764/3764/3764
f 3766/3766/3766 3765/3765/3765 3768/3768/3768
f 3768/3768/3768 3765/3765/3765 3769/3769/3769
f 3772/3772/3772 3771/3771/3771 3770/3770/3770
f 3770/3770/3770 3771/3771/3771 3773/3773/3773
f 3771/3771/3771 3774/3774/3774 3773/3773/3773
f 3777/3777/3777 3776/3776/3776 3775/3775/3775
f 3778/3778/3778 3776/3776/3776 3777/3777/3777
f 3778/3778/3778 3779/3779/3779 3776/3776/3776
f 3782/3782/3782 3781/3781/3781 3780/3780/3780
f 3782/3782/3782 3780/3780/3780 3783/3783/3783
f 3783/3783/3783 3780/3780/3780 3784/3784/3784
f 3783/3783/3783 3784/3784/3784 3785/3785/3785
f 3783/3783/3783 3785/3785/3785 3786/3786/3786
f 3787/3787/3787 3783/3783/3783 3786/3786/3786
f 3788/3788/3788 3787/3787/3787 3786/3786/3786
f 3780/3780/3780 3789/3789/3789 3784/3784/3784
f 3789/3789/3789 3790/3790/3790 3784/3784/3784
f 3780/3780/3780 3791/3791/3791 3789/3789/3789
f 3791/3791/3791 3792/3792/3792 3789/3789/3789
f 3795/3795/3795 3794/3794/3794 3793/3793/3793
f 3796/3796/3796 3795/3795/3795 3793/3793/3793
f 3797/3797/3797 3796/3796/3796 3793/3793/3793
f 3797/3797/3797 3793/3793/3793 3798/3798/3798
f 3799/3799/3799 3797/3797/3797 3798/3798/3798
f 3799/3799/3799 3798/3798/3798 3800/3800/3800
f 3801/3801/3801 3799/3799/3799 3800/3800/3800
f 3802/3802/3802 3799/3799/3799 3801/3801/3801
f 3801/3801/3801 3803/3803/3803 3802/3802/3802
f 3804/3804/3804 3803/3803/3803 3801/3801/3801
f 3805/3805/3805 3804/3804/3804 3801/3801/3801
f 3805/3805/3805 3801/3801/3801 3806/3806/3806
f 3809/3809/3809 3808/3808/3808 3807/3807/3807
f 3809/3809/3809 3810/3810/3810 3808/3808/3808
f 3813/3813/3813 3812/3812/3812 3811/3811/3811
f 3814/3814/3814 3812/3812/3812 3813/3813/3813
f 3815/3815/3815 3812/3812/3812 3814/3814/3814
f 3816/3816/3816 3815/3815/3815 3814/3814/3814
f 3817/3817/3817 3815/3815/3815 3816/3816/3816
f 3817/3817/3817 3818/3818/3818 3815/3815/3815
f 3819/3819/3819 3818/3818/3818 3817/3817/3817
f 3820/3820/3820 3819/3819/3819 3817/3817/3817
f 3819/3819/3819 3821/3821/3821 3818/3818/3818
f 3822/3822/3822 3821/3821/3821 3819/3819/3819
f 3825/3825/3825 3824/3824/3824 3823/3823/3823
f 3825/3825/3825 3826/3826/3826 3824/3824/3824
f 3827/3827/3827 3826/3826/3826 3825/3825/3825
f 3828/3828/3828 3826/3826/3826 3827/3827/3827
f 3828/3828/3828 3829/3829/3829 3826/3826/3826
f 3830/3830/3830 3829/3829/3829 3828/3828/3828
f 3831/3831/3831 3829/3829/3829 3830/3830/3830
f 3834/3834/3834 3833/3833/3833 3832/3832/3832
f 3834/3834/3834 3832/3832/3832 3835/3835/3835
f 3832/3832/3832 3836/3836/3836 3835/3835/3835
f 3836/3836/3836 3837/3837/3837 3835/3835/3835
f 3837/3837/3837 3836/3836/3836 3838/3838/3838
f 3838/3838/3838 3839/3839/3839 3837/3837/3837
f 3838/3838/3838 3840/3840/3840 3839/3839/3839
f 3839/3839/3839 3840/3840/3840 3841/3841/3841
f 3844/3844/3844 3843/3843/3843 3842/3842/3842
f 3845/3845/3845 3843/3843/3843 3844/3844/3844
f 3843/3843/3843 3845/3845/3845 3846/3846/3846
f 3846/3846/3846 3845/3845/3845 3847/3847/3847
f 3850/3850/3850 3849/3849/3849 3848/3848/3848
f 3848/3848/3848 3849/3849/3849 3851/3851/3851
f 3848/3848/3848 3851/3851/3851 3852/3852/3852
f 3853/3853/3853 3848/3848/3848 3852/3852/3852
f 3856/3856/3856 3855/3855/3855 3854/3854/3854
f 3854/3854/3854 3855/3855/3855 3857/3857/3857
f 3858/3858/3858 3857/3857/3857 3855/3855/3855
f 3859/3859/3859 3857/3857/3857 3858/3858/3858
f 3860/3860/3860 3859/3859/3859 3858/3858/3858
f 3858/3858/3858 3855/3855/3855 3861/3861/3861
f 3861/3861/3861 3855/3855/3855 3862/3862/3862
f 3858/3858/3858 3861/3861/3861 3863/3863/3863
f 3861/3861/3861 3864/3864/3864 3863/3863/3863
f 3858/3858/3858 3863/3863/3863 3865/3865/3865
f 3865/3865/3865 3863/3863/3863 3866/3866/3866
f 3865/3865/3865 3866/3866/3866 3867/3867/3867
f 3868/3868/3868 3865/3865/3865 3867/3867/3867
f 3866/3866/3866 3869/3869/3869 3867/3867/3867
f 3867/3867/3867 3869/3869/3869 3870/3870/3870
f 3873/3873/3873 3872/3872/3872 3871/3871/3871
f 3872/3872/3872 3874/3874/3874 3871/3871/3871
f 3874/3874/3874 3872/3872/3872 3875/3875/3875
f 3876/3876/3876 3875/3875/3875 3872/3872/3872
f 3877/3877/3877 3875/3875/3875 3876/3876/3876
f 3877/3877/3877 3876/3876/3876 3878/3878/3878
f 3878/3878/3878 3879/3879/3879 3877/3877/3877
f 3879/3879/3879 3880/3880/3880 3877/3877/3877
f 3881/3881/3881 3879/3879/3879 3878/3878/3878
f 3882/3882/3882 3880/3880/3880 3879/3879/3879
f 3881/3881/3881 3878/3878/3878 3883/3883/3883
f 3880/3880/3880 3882/3882/3882 3884/3884/3884
f 3881/3881/3881 3883/3883/3883 3885/3885/3885
f 3886/3886/3886 3885/3885/3885 3883/3883/3883
f 3884/3884/3884 3882/3882/3882 3887/3887/3887
f 3888/3888/3888 3884/3884/3884 3887/3887/3887
f 3887/3887/3887 3889/3889/3889 3888/3888/3888
f 3890/3890/3890 3885/3885/3885 3886/3886/3886
f 3890/3890/3890 3886/3886/3886 3891/3891/3891
f 3889/3889/3889 3887/3887/3887 3892/3892/3892
f 3893/3893/3893 3889/3889/3889 3892/3892/3892
f 3894/3894/3894 3890/3890/3890 3891/3891/3891
f 3895/3895/3895 3890/3890/3890 3894/3894/3894
f 3896/3896/3896 3895/3895/3895 3894/3894/3894
f 3893/3893/3893 3892/3892/3892 3897/3897/3897
f 3894/3894/3894 3898/3898/3898 3896/3896/3896
f 3899/3899/3899 3896/3896/3896 3898/3898/3898
f 3898/3898/3898 3900/3900/3900 3899/3899/3899
f 3901/3901/3901 3900/3900/3900 3898/3898/3898
f 3897/3897/3897 3892/3892/3892 3902/3902/3902
f 3900/3900/3900 3901/3901/3901 3902/3902/3902
f 3897/3897/3897 3902/3902/3902 3901/3901/3901
f 3903/3903/3903 3897/3897/3897 3901/3901/3901
f 3903/3903/3903 3901/3901/3901 3904/3904/3904
f 3905/3905/3905 3903/3903/3903 3904/3904/3904
f 3904/3904/3904 3906/3906/3906 3905/3905/3905
f 3906/3906/3906 3904/3904/3904 3907/3907/3907
f 3908/3908/3908 3906/3906/3906 3907/3907/3907
f 3908/3908/3908 3907/3907/3907 3909/3909/3909
f 3912/3912/3912 3911/3911/3911 3910/3910/3910
f 3913/3913/3913 3912/3912/3912 3910/3910/3910
f 3916/3916/3916 3915/3915/3915 3914/3914/3914
f 3917/3917/3917 3914/3914/3914 3915/3915/3915
f 3917/3917/3917 3915/3915/3915 3918/3918/3918
f 3919/3919/3919 3917/3917/3917 3918/3918/3918
f 3922/3922/3922 3921/3921/3921 3920/3920/3920
f 3923/3923/3923 3922/3922/3922 3920/3920/3920
f 3926/3926/3926 3925/3925/3925 3924/3924/3924
f 3926/3926/3926 3924/3924/3924 3927/3927/3927
f 3930/3930/3930 3929/3929/3929 3928/3928/3928
f 3931/3931/3931 3928/3928/3928 3929/3929/3929
f 3934/3934/3934 3933/3933/3933 3932/3932/3932
f 3932/3932/3932 3933/3933/3933 3935/3935/3935
f 3935/3935/3935 3933/3933/3933 3936/3936/3936
f 3939/3939/3939 3938/3938/3938 3937/3937/3937
f 3938/3938/3938 3940/3940/3940 3937/3937/3937
f 3943/3943/3943 3942/3942/3942 3941/3941/3941
f 3942/3942/3942 3943/3943/3943 3944/3944/3944
f 3945/3945/3945 3942/3942/3942 3944/3944/3944
f 3946/3946/3946 3945/3945/3945 3944/3944/3944
f 3947/3947/3947 3945/3945/3945 3946/3946/3946
f 3947/3947/3947 3948/3948/3948 3945/3945/3945
f 3947/3947/3947 3949/3949/3949 3948/3948/3948
f 3950/3950/3950 3949/3949/3949 3947/3947/3947
f 3950/3950/3950 3951/3951/3951 3949/3949/3949
f 3950/3950/3950 3952/3952/3952 3951/3951/3951
f 3952/3952/3952 3953/3953/3953 3951/3951/3951
f 3953/3953/3953 3954/3954/3954 3951/3951/3951
f 3953/3953/3953 3955/3955/3955 3954/3954/3954
f 3953/3953/3953 3956/3956/3956 3955/3955/3955
f 3956/3956/3956 3957/3957/3957 3955/3955/3955
f 3956/3956/3956 3958/3958/3958 3957/3957/3957
f 3957/3957/3957 3958/3958/3958 3959/3959/3959
f 3959/3959/3959 3958/3958/3958 3960/3960/3960
f 3959/3959/3959 3960/3960/3960 3961/3961/3961
f 3961/3961/3961 3960/3960/3960 3962/3962/3962
f 3962/3962/3962 3963/3963/3963 3961/3961/3961
f 3966/3966/3966 3965/3965/3965 3964/3964/3964
f 3965/3965/3965 3967/3967/3967 3964/3964/3964
f 3970/3970/3970 3969/3969/3969 3968/3968/3968
f 3969/3969/3969 3971/3971/3971 3968/3968/3968
f 3974/3974/3974 3973/3973/3973 3972/3972/3972
f 3973/3973/3973 3975/3975/3975 3972/3972/3972
f 3973/3973/3973 3976/3976/3976 3975/3975/3975
f 3976/3976/3976 3977/3977/3977 3975/3975/3975
f 3976/3976/3976 3978/3978/3978 3977/3977/3977
f 3979/3979/3979 3978/3978/3978 3976/3976/3976
f 3979/3979/3979 3980/3980/3980 3978/3978/3978
f 3980/3980/3980 3979/3979/3979 3981/3981/3981
f 3982/3982/3982 3980/3980/3980 3981/3981/3981
f 3983/3983/3983 3982/3982/3982 3981/3981/3981
f 3983/3983/3983 3984/3984/3984 3982/3982/3982
f 3987/3987/3987 3986/3986/3986 3985/3985/3985
f 3986/3986/3986 3988/3988/3988 3985/3985/3985
f 3989/3989/3989 3988/3988/3988 3986/3986/3986
f 3992/3992/3992 3991/3991/3991 3990/3990/3990
f 3993/3993/3993 3992/3992/3992 3990/3990/3990
f 3996/3996/3996 3995/3995/3995 3994/3994/3994
f 3997/3997/3997 3994/3994/3994 3995/3995/3995
f 4000/4000/4000 3999/3999/3999 3998/3998/3998
f 4000/4000/4000 4001/4001/4001 3999/3999/3999
f 4004/4004/4004 4003/4003/4003 4002/4002/4002
f 4003/4003/4003 4005/4005/4005 4002/4002/4002
f 4003/4003/4003 4006/4006/4006 4005/4005/4005
f 4009/4009/4009 4008/4008/4008 4007/4007/4007
f 4009/4009/4009 4010/4010/4010 4008/4008/4008
f 4013/4013/4013 4012/4012/4012 4011/4011/4011
f 4013/4013/4013 4014/4014/4014 4012/4012/4012
f 4015/4015/4015 4014/4014/4014 4013/4013/4013
f 4013/4013/4013 4016/4016/4016 4015/4015/4015
f 4017/4017/4017 4016/4016/4016 4013/4013/4013
f 4016/4016/4016 4017/4017/4017 4018/4018/4018
f 4017/4017/4017 4019/4019/4019 4018/4018/4018
f 4020/4020/4020 4018/4018/4018 4019/4019/4019
f 4019/4019/4019 4021/4021/4021 4020/4020/4020
f 4022/4022/4022 4021/4021/4021 4019/4019/4019
f 4023/4023/4023 4020/4020/4020 4021/4021/4021
f 4021/4021/4021 4024/4024/4024 4023/4023/4023
f 4025/4025/4025 4023/4023/4023 4024/4024/4024
f 4025/4025/4025 4024/4024/4024 4026/4026/4026
f 4026/4026/4026 4027/4027/4027 4025/4025/4025
f 4030/4030/4030 4029/4029/4029 4028/4028/4028
f 4029/4029/4029 4031/4031/4031 4028/4028/4028
f 4034/4034/4034 4033/4033/4033 4032/4032/4032
f 4035/4035/4035 4033/4033/4033 4034/4034/4034
f 4038/4038/4038 4037/4037/4037 4036/4036/4036
f 4039/4039/4039 4038/4038/4038 4036/4036/4036
f 4036/4036/4036 4040/4040/4040 4039/4039/4039
f 4038/4038/4038 4039/4039/4039 4041/4041/4041
f 4042/4042/4042 4041/4041/4041 4039/4039/4039
f 4038/4038/4038 4041/4041/4041 4043/4043/4043
f 4044/4044/4044 4038/4038/4038 4043/4043/4043
f 4045/4045/4045 4044/4044/4044 4043/4043/4043
f 4042/4042/4042 4046/4046/4046 4041/4041/4041
f 4047/4047/4047 4041/4041/4041 4046/4046/4046
f 4046/4046/4046 4042/4042/4042 4048/4048/4048
f 4047/4047/4047 4046/4046/4046 4048/4048/4048
f 4047/4047/4047 4048/4048/4048 4049/4049/4049
f 4050/4050/4050 4047/4047/4047 4049/4049/4049
f 4051/4051/4051 4047/4047/4047 4050/4050/4050
f 4043/4043/4043 4041/4041/4041 4052/4052/4052
f 4047/4047/4047 4052/4052/4052 4041/4041/4041
f 4052/4052/4052 4053/4053/4053 4043/4043/4043
f 4047/4047/4047 4053/4053/4053 4052/4052/4052
f 4045/4045/4045 4043/4043/4043 4053/4053/4053
f 4053/4053/4053 4047/4047/4047 4051/4051/4051
f 4045/4045/4045 4053/4053/4053 4054/4054/4054
f 4054/4054/4054 4055/4055/4055 4045/4045/4045
f 4054/4054/4054 4056/4056/4056 4055/4055/4055
f 4057/4057/4057 4053/4053/4053 4051/4051/4051
f 4057/4057/4057 4054/4054/4054 4053/4053/4053
f 4054/4054/4054 4058/4058/4058 4056/4056/4056
f 4058/4058/4058 4059/4059/4059 4056/4056/4056
f 4054/4054/4054 4060/4060/4060 4058/4058/4058
f 4057/4057/4057 4060/4060/4060 4054/4054/4054
f 4058/4058/4058 4061/4061/4061 4059/4059/4059
f 4059/4059/4059 4061/4061/4061 4062/4062/4062
f 4063/4063/4063 4060/4060/4060 4057/4057/4057
f 4051/4051/4051 4063/4063/4063 4057/4057/4057
f 4064/4064/4064 4060/4060/4060 4063/4063/4063
f 4051/4051/4051 4064/4064/4064 4063/4063/4063
f 4065/4065/4065 4064/4064/4064 4051/4051/4051
f 4066/4066/4066 4065/4065/4065 4051/4051/4051
f 4067/4067/4067 4065/4065/4065 4066/4066/4066
f 4068/4068/4068 4067/4067/4067 4066/4066/4066
f 4069/4069/4069 4067/4067/4067 4068/4068/4068
f 4069/4069/4069 4070/4070/4070 4067/4067/4067
f 4070/4070/4070 4071/4071/4071 4067/4067/4067
f 4072/4072/4072 4059/4059/4059 4062/4062/4062
f 4072/4072/4072 4062/4062/4062 4073/4073/4073
f 4074/4074/4074 4072/4072/4072 4073/4073/4073
f 4059/4059/4059 4072/4072/4072 4075/4075/4075
f 4076/4076/4076 4059/4059/4059 4075/4075/4075
f 4075/4075/4075 4072/4072/4072 4077/4077/4077
f 4072/4072/4072 4078/4078/4078 4077/4077/4077
f 4077/4077/4077 4078/4078/4078 4079/4079/4079
f 4079/4079/4079 4078/4078/4078 4080/4080/4080
f 4081/4081/4081 4079/4079/4079 4080/4080/4080
f 4082/4082/4082 4081/4081/4081 4080/4080/4080
f 4081/4081/4081 4082/4082/4082 4083/4083/4083
f 4083/4083/4083 4082/4082/4082 4084/4084/4084
f 4083/4083/4083 4084/4084/4084 4085/4085/4085
f 4085/4085/4085 4084/4084/4084 4086/4086/4086
f 4087/4087/4087 4085/4085/4085 4086/4086/4086
f 4088/4088/4088 4085/4085/4085 4087/4087/4087
f 4087/4087/4087 4089/4089/4089 4088/4088/4088
f 4090/4090/4090 4088/4088/4088 4089/4089/4089
f 4090/4090/4090 4089/4089/4089 4091/4091/4091
f 4092/4092/4092 4090/4090/4090 4091/4091/4091
f 4091/4091/4091 4093/4093/4093 4092/4092/4092
f 4094/4094/4094 4092/4092/4092 4093/4093/4093
f 4095/4095/4095 4094/4094/4094 4093/4093/4093
f 4093/4093/4093 4096/4096/4096 4095/4095/4095
f 4095/4095/4095 4096/4096/4096 4097/4097/4097
f 4097/4097/4097 4096/4096/4096 4098/4098/4098
f 4097/4097/4097 4098/4098/4098 4099/4099/4099
f 4099/4099/4099 4098/4098/4098 4100/4100/4100
f 4099/4099/4099 4100/4100/4100 4101/4101/4101
f 4100/4100/4100 4102/4102/4102 4101/4101/4101
f 4101/4101/4101 4102/4102/4102 4103/4103/4103
f 4101/4101/4101 4103/4103/4103 4104/4104/4104
f 4102/4102/4102 4105/4105/4105 4103/4103/4103
f 4103/4103/4103 4105/4105/4105 4106/4106/4106
f 4105/4105/4105 4107/4107/4107 4106/4106/4106
f 4105/4105/4105 4108/4108/4108 4107/4107/4107
f 4107/4107/4107 4108/4108/4108 4109/4109/4109
f 4110/4110/4110 4109/4109/4109 4108/4108/4108
f 4110/4110/4110 4111/4111/4111 4109/4109/4109
f 4110/4110/4110 4112/4112/4112 4111/4111/4111
f 4112/4112/4112 4113/4113/4113 4111/4111/4111
f 4111/4111/4111 4113/4113/4113 4114/4114/4114
f 4115/4115/4115 4114/4114/4114 4113/4113/4113
f 4115/4115/4115 4116/4116/4116 4114/4114/4114
f 4115/4115/4115 4117/4117/4117 4116/4116/4116
f 4115/4115/4115 4118/4118/4118 4117/4117/4117
f 4117/4117/4117 4118/4118/4118 4119/4119/4119
f 4118/4118/4118 4120/4120/4120 4119/4119/4119
f 4120/4120/4120 4121/4121/4121 4119/4119/4119
f 4120/4120/4120 4122/4122/4122 4121/4121/4121
f 4121/4121/4121 4122/4122/4122 4123/4123/4123
f 4123/4123/4123 4122/4122/4122 4124/4124/4124
f 4125/4125/4125 4124/4124/4124 4122/4122/4122
f 4124/4124/4124 4126/4126/4126 4123/4123/4123
f 4124/4124/4124 4127/4127/4127 4126/4126/4126
f 4124/4124/4124 4128/4128/4128 4127/4127/4127
f 4128/4128/4128 4129/4129/4129 4127/4127/4127
f 4130/4130/4130 4127/4127/4127 4129/4129/4129
f 4128/4128/4128 4131/4131/4131 4129/4129/4129
f 4129/4129/4129 4131/4131/4131 4132/4132/4132
f 4131/4131/4131 4133/4133/4133 4132/4132/4132
f 4132/4132/4132 4133/4133/4133 4134/4134/4134
f 4134/4134/4134 4133/4133/4133 4135/4135/4135
f 4134/4134/4134 4135/4135/4135 4136/4136/4136
f 4132/4132/4132 4134/4134/4134 4136/4136/4136
f 4136/4136/4136 4135/4135/4135 4137/4137/4137
f 4135/4135/4135 4138/4138/4138 4137/4137/4137
f 4137/4137/4137 4138/4138/4138 4139/4139/4139
f 4137/4137/4137 4139/4139/4139 4140/4140/4140
f 4138/4138/4138 4141/4141/4141 4139/4139/4139
f 4138/4138/4138 4142/4142/4142 4141/4141/4141
f 4141/4141/4141 4142/4142/4142 4143/4143/4143
f 4144/4144/4144 4141/4141/4141 4143/4143/4143
f 4141/4141/4141 4144/4144/4144 4145/4145/4145
f 4141/4141/4141 4145/4145/4145 4146/4146/4146
f 4145/4145/4145 4144/4144/4144 4147/4147/4147
f 4147/4147/4147 4144/4144/4144 4148/4148/4148
f 4149/4149/4149 4147/4147/4147 4148/4148/4148
f 4149/4149/4149 4148/4148/4148 4150/4150/4150
f 4151/4151/4151 4149/4149/4149 4150/4150/4150
f 4151/4151/4151 4150/4150/4150 4152/4152/4152
f 4152/4152/4152 4153/4153/4153 4151/4151/4151
f 4153/4153/4153 4152/4152/4152 4154/4154/4154
f 4153/4153/4153 4154/4154/4154 4155/4155/4155
f 4155/4155/4155 4154/4154/4154 4156/4156/4156
f 4155/4155/4155 4156/4156/4156 4157/4157/4157
f 4158/4158/4158 4155/4155/4155 4157/4157/4157
f 4158/4158/4158 4157/4157/4157 4159/4159/4159
f 4160/4160/4160 4158/4158/4158 4159/4159/4159
f 4159/4159/4159 4161/4161/4161 4160/4160/4160
f 4161/4161/4161 4159/4159/4159 4162/4162/4162
f 4161/4161/4161 4162/4162/4162 4163/4163/4163
f 4161/4161/4161 4163/4163/4163 4164/4164/4164
f 4164/4164/4164 4163/4163/4163 4165/4165/4165
f 4163/4163/4163 4166/4166/4166 4165/4165/4165
f 4167/4167/4167 4165/4165/4165 4166/4166/4166
f 4167/4167/4167 4166/4166/4166 4168/4168/4168
f 4168/4168/4168 4166/4166/4166 4169/4169/4169
f 4169/4169/4169 4170/4170/4170 4168/4168/4168
f 4170/4170/4170 4169/4169/4169 4171/4171/4171
f 4170/4170/4170 4171/4171/4171 4172/4172/4172
f 4171/4171/4171 4173/4173/4173 4172/4172/4172
f 4172/4172/4172 4173/4173/4173 4174/4174/4174
f 4174/4174/4174 4173/4173/4173 4175/4175/4175
f 4174/4174/4174 4175/4175/4175 4176/4176/4176
f 4174/4174/4174 4176/4176/4176 4177/4177/4177
f 4176/4176/4176 4175/4175/4175 4178/4178/4178
f 4176/4176/4176 4178/4178/4178 4179/4179/4179
f 4179/4179/4179 4178/4178/4178 4180/4180/4180
f 4181/4181/4181 4180/4180/4180 4178/4178/4178
f 4180/4180/4180 4181/4181/4181 4182/4182/4182
f 4180/4180/4180 4182/4182/4182 4183/4183/4183
f 4184/4184/4184 4183/4183/4183 4182/4182/4182
f 4184/4184/4184 4182/4182/4182 4185/4185/4185
f 4184/4184/4184 4185/4185/4185 4186/4186/4186
f 4184/4184/4184 4186/4186/4186 4187/4187/4187
f 4187/4187/4187 4186/4186/4186 4188/4188/4188
f 4188/4188/4188 4186/4186/4186 4189/4189/4189
f 4188/4188/4188 4189/4189/4189 4190/4190/4190
f 4191/4191/4191 4190/4190/4190 4189/4189/4189
f 4191/4191/4191 4192/4192/4192 4190/4190/4190
f 4192/4192/4192 4191/4191/4191 4193/4193/4193
f 4193/4193/4193 4194/4194/4194 4192/4192/4192
f 4194/4194/4194 4193/4193/4193 4195/4195/4195
f 4196/4196/4196 4194/4194/4194 4195/4195/4195
f 4196/4196/4196 4195/4195/4195 4070/4070/4070
f 4196/4196/4196 4070/4070/4070 4197/4197/4197
f 4070/4070/4070 4195/4195/4195 4071/4071/4071
f 4195/4195/4195 4198/4198/4198 4071/4071/4071
f 4201/4201/4201 4200/4200/4200 4199/4199/4199
f 4201/4201/4201 4199/4199/4199 4202/4202/4202
f 4203/4203/4203 4201/4201/4201 4202/4202/4202
f 4202/4202/4202 4199/4199/4199 4204/4204/4204
f 4205/4205/4205 4204/4204/4204 4199/4199/4199
f 4205/4205/4205 4199/4199/4199 4206/4206/4206
f 4207/4207/4207 4205/4205/4205 4206/4206/4206
f 4207/4207/4207 4206/4206/4206 4208/4208/4208
f 4209/4209/4209 4205/4205/4205 4207/4207/4207
f 4210/4210/4210 4205/4205/4205 4209/4209/4209
f 4211/4211/4211 4207/4207/4207 4208/4208/4208
f 4212/4212/4212 4211/4211/4211 4208/4208/4208
f 4213/4213/4213 4211/4211/4211 4212/4212/4212
f 4132/4132/4132 4211/4211/4211 4213/4213/4213
f 4214/4214/4214 4207/4207/4207 4211/4211/4211
f 4214/4214/4214 4211/4211/4211 4132/4132/4132
f 4209/4209/4209 4207/4207/4207 4214/4214/4214
f 4136/4136/4136 4214/4214/4214 4132/4132/4132
f 4214/4214/4214 4136/4136/4136 4215/4215/4215
f 4215/4215/4215 4209/4209/4209 4214/4214/4214
f 4136/4136/4136 4216/4216/4216 4215/4215/4215
f 4217/4217/4217 4215/4215/4215 4216/4216/4216
f 4215/4215/4215 4217/4217/4217 4218/4218/4218
f 4209/4209/4209 4215/4215/4215 4219/4219/4219
f 4215/4215/4215 4218/4218/4218 4219/4219/4219
f 4210/4210/4210 4209/4209/4209 4219/4219/4219
f 4218/4218/4218 4220/4220/4220 4219/4219/4219
f 4210/4210/4210 4219/4219/4219 4220/4220/4220
f 4220/4220/4220 4221/4221/4221 4210/4210/4210
f 4224/4224/4224 4223/4223/4223 4222/4222/4222
f 4222/4222/4222 4225/4225/4225 4224/4224/4224
f 4226/4226/4226 4225/4225/4225 4222/4222/4222
f 4227/4227/4227 4226/4226/4226 4222/4222/4222
f 4228/4228/4228 4226/4226/4226 4227/4227/4227
f 4231/4231/4231 4230/4230/4230 4229/4229/4229
f 4230/4230/4230 4232/4232/4232 4229/4229/4229
f 4235/4235/4235 4234/4234/4234 4233/4233/4233
f 4235/4235/4235 4233/4233/4233 4236/4236/4236
f 4239/4239/4239 4238/4238/4238 4237/4237/4237
f 4240/4240/4240 4238/4238/4238 4239/4239/4239
f 4239/4239/4239 4241/4241/4241 4240/4240/4240
f 4241/4241/4241 4242/4242/4242 4240/4240/4240
f 4243/4243/4243 4242/4242/4242 4241/4241/4241
f 4243/4243/4243 4244/4244/4244 4242/4242/4242
f 4244/4244/4244 4245/4245/4245 4242/4242/4242
f 4246/4246/4246 4244/4244/4244 4243/4243/4243
f 4247/4247/4247 4244/4244/4244 4246/4246/4246
f 4247/4247/4247 4248/4248/4248 4244/4244/4244
f 4248/4248/4248 4249/4249/4249 4244/4244/4244
f 4250/4250/4250 4248/4248/4248 4247/4247/4247
f 4250/4250/4250 4251/4251/4251 4248/4248/4248
f 4252/4252/4252 4251/4251/4251 4250/4250/4250
f 4253/4253/4253 4251/4251/4251 4252/4252/4252
f 4253/4253/4253 4254/4254/4254 4251/4251/4251
f 4253/4253/4253 4255/4255/4255 4254/4254/4254
f 4256/4256/4256 4254/4254/4254 4255/4255/4255
f 4257/4257/4257 4254/4254/4254 4256/4256/4256
f 4258/4258/4258 4257/4257/4257 4256/4256/4256
f 4259/4259/4259 4258/4258/4258 4256/4256/4256
f 4260/4260/4260 4258/4258/4258 4259/4259/4259
f 4261/4261/4261 4260/4260/4260 4259/4259/4259
f 4262/4262/4262 4260/4260/4260 4261/4261/4261
f 4262/4262/4262 4261/4261/4261 4263/4263/4263
f 4264/4264/4264 4262/4262/4262 4263/4263/4263
f 4265/4265/4265 4262/4262/4262 4264/4264/4264
f 4266/4266/4266 4262/4262/4262 4265/4265/4265
f 4267/4267/4267 4266/4266/4266 4265/4265/4265
f 4267/4267/4267 4265/4265/4265 4268/4268/4268
f 4269/4269/4269 4267/4267/4267 4268/4268/4268
f 4270/4270/4270 4267/4267/4267 4269/4269/4269
f 4271/4271/4271 4270/4270/4270 4269/4269/4269
f 4272/4272/4272 4270/4270/4270 4271/4271/4271
f 4273/4273/4273 4272/4272/4272 4271/4271/4271
f 4274/4274/4274 4273/4273/4273 4271/4271/4271
f 4277/4277/4277 4276/4276/4276 4275/4275/4275
f 4277/4277/4277 4278/4278/4278 4276/4276/4276
f 4281/4281/4281 4280/4280/4280 4279/4279/4279
f 4282/4282/4282 4280/4280/4280 4281/4281/4281
f 4285/4285/4285 4284/4284/4284 4283/4283/4283
f 4285/4285/4285 4286/4286/4286 4284/4284/4284
f 4289/4289/4289 4288/4288/4288 4287/4287/4287
f 4289/4289/4289 4287/4287/4287 4290/4290/4290
f 4287/4287/4287 4291/4291/4291 4290/4290/4290
f 4291/4291/4291 4287/4287/4287 4292/4292/4292
f 4291/4291/4291 4292/4292/4292 4293/4293/4293
f 4292/4292/4292 4294/4294/4294 4293/4293/4293
f 4294/4294/4294 4295/4295/4295 4293/4293/4293
f 4294/4294/4294 4296/4296/4296 4295/4295/4295
f 4295/4295/4295 4296/4296/4296 4297/4297/4297
f 4297/4297/4297 4296/4296/4296 4298/4298/4298
f 4296/4296/4296 4299/4299/4299 4298/4298/4298
f 4292/4292/4292 4300/4300/4300 4294/4294/4294
f 4300/4300/4300 4301/4301/4301 4294/4294/4294
f 4292/4292/4292 4302/4302/4302 4300/4300/4300
f 4292/4292/4292 4303/4303/4303 4302/4302/4302
f 4306/4306/4306 4305/4305/4305 4304/4304/4304
f 4305/4305/4305 4306/4306/4306 4307/4307/4307
f 4308/4308/4308 4305/4305/4305 4307/4307/4307
f 4309/4309/4309 4307/4307/4307 4306/4306/4306
f 4312/4312/4312 4311/4311/4311 4310/4310/4310
f 4312/4312/4312 4313/4313/4313 4311/4311/4311
f 4313/4313/4313 4314/4314/4314 4311/4311/4311
f 4311/4311/4311 4314/4314/4314 4315/4315/4315
f 4314/4314/4314 4316/4316/4316 4315/4315/4315
f 4319/4319/4319 4318/4318/4318 4317/4317/4317
f 4317/4317/4317 4318/4318/4318 4320/4320/4320
f 4321/4321/4321 4317/4317/4317 4320/4320/4320
f 4321/4321/4321 4320/4320/4320 4322/4322/4322
f 4325/4325/4325 4324/4324/4324 4323/4323/4323
f 4323/4323/4323 4324/4324/4324 4326/4326/4326
f 4329/4329/4329 4328/4328/4328 4327/4327/4327
f 4329/4329/4329 4327/4327/4327 4330/4330/4330
f 4330/4330/4330 4327/4327/4327 4331/4331/4331
f 4331/4331/4331 4327/4327/4327 4332/4332/4332
f 4327/4327/4327 4333/4333/4333 4332/4332/4332
f 4327/4327/4327 4334/4334/4334 4333/4333/4333
f 4337/4337/4337 4336/4336/4336 4335/4335/4335
f 4338/4338/4338 4336/4336/4336 4337/4337/4337
f 4341/4341/4341 4340/4340/4340 4339/4339/4339
f 4342/4342/4342 4341/4341/4341 4339/4339/4339
f 4345/4345/4345 4344/4344/4344 4343/4343/4343
f 4345/4345/4345 4346/4346/4346 4344/4344/4344
f 4344/4344/4344 4346/4346/4346 4347/4347/4347
f 4344/4344/4344 4347/4347/4347 4348/4348/4348
f 4348/4348/4348 4347/4347/4347 4349/4349/4349
f 4345/4345/4345 4350/4350/4350 4346/4346/4346
f 4348/4348/4348 4349/4349/4349 4351/4351/4351
f 4349/4349/4349 4352/4352/4352 4351/4351/4351
f 4345/4345/4345 4353/4353/4353 4350/4350/4350
f 4351/4351/4351 4352/4352/4352 4354/4354/4354
f 4355/4355/4355 4353/4353/4353 4345/4345/4345
f 4356/4356/4356 4355/4355/4355 4345/4345/4345
f 4355/4355/4355 4357/4357/4357 4353/4353/4353
f 4355/4355/4355 4358/4358/4358 4357/4357/4357
f 4358/4358/4358 4359/4359/4359 4357/4357/4357
f 4360/4360/4360 4359/4359/4359 4358/4358/4358
f 4357/4357/4357 4359/4359/4359 4361/4361/4361
f 4359/4359/4359 4362/4362/4362 4361/4361/4361
f 4362/4362/4362 4363/4363/4363 4361/4361/4361
f 4361/4361/4361 4363/4363/4363 4364/4364/4364
f 4364/4364/4364 4363/4363/4363 4365/4365/4365
f 4363/4363/4363 4366/4366/4366 4365/4365/4365
f 4366/4366/4366 4367/4367/4367 4365/4365/4365
f 4367/4367/4367 4366/4366/4366 4368/4368/4368
f 4368/4368/4368 4369/4369/4369 4367/4367/4367
f 4368/4368/4368 4370/4370/4370 4369/4369/4369
f 4370/4370/4370 4371/4371/4371 4369/4369/4369
f 4370/4370/4370 4372/4372/4372 4371/4371/4371
f 4371/4371/4371 4372/4372/4372 4373/4373/4373
f 4372/4372/4372 4374/4374/4374 4373/4373/4373
f 4375/4375/4375 4374/4374/4374 4372/4372/4372
f 4373/4373/4373 4374/4374/4374 4376/4376/4376
f 4376/4376/4376 4374/4374/4374 4377/4377/4377
f 4374/4374/4374 4378/4378/4378 4377/4377/4377
f 4374/4374/4374 4379/4379/4379 4378/4378/4378
f 4377/4377/4377 4378/4378/4378 4380/4380/4380
f 4380/4380/4380 4378/4378/4378 4381/4381/4381
f 4380/4380/4380 4381/4381/4381 4382/4382/4382
f 4382/4382/4382 4381/4381/4381 4383/4383/4383
f 4382/4382/4382 4383/4383/4383 4384/4384/4384
f 4384/4384/4384 4383/4383/4383 4385/4385/4385
f 4384/4384/4384 4385/4385/4385 4386/4386/4386
f 4383/4383/4383 4387/4387/4387 4385/4385/4385
f 4383/4383/4383 4388/4388/4388 4387/4387/4387
f 4386/4386/4386 4385/4385/4385 4389/4389/4389
f 4386/4386/4386 4389/4389/4389 4390/4390/4390
f 4391/4391/4391 4390/4390/4390 4389/4389/4389
f 4389/4389/4389 4392/4392/4392 4391/4391/4391
f 4391/4391/4391 4392/4392/4392 4393/4393/4393
f 4394/4394/4394 4391/4391/4391 4393/4393/4393
f 4394/4394/4394 4393/4393/4393 4395/4395/4395
f 4396/4396/4396 4394/4394/4394 4395/4395/4395
f 4396/4396/4396 4395/4395/4395 4397/4397/4397
f 4397/4397/4397 4395/4395/4395 4398/4398/4398
f 4399/4399/4399 4396/4396/4396 4397/4397/4397
f 4399/4399/4399 4397/4397/4397 4400/4400/4400
f 4401/4401/4401 4399/4399/4399 4400/4400/4400
f 4402/4402/4402 4401/4401/4401 4400/4400/4400
f 4401/4401/4401 4402/4402/4402 4403/4403/4403
f 4404/4404/4404 4401/4401/4401 4403/4403/4403
f 4405/4405/4405 4404/4404/4404 4403/4403/4403
f 4406/4406/4406 4405/4405/4405 4403/4403/4403
f 4406/4406/4406 4403/4403/4403 4407/4407/4407
f 4407/4407/4407 4403/4403/4403 4408/4408/4408
f 4354/4354/4354 4406/4406/4406 4407/4407/4407
f 4354/4354/4354 4407/4407/4407 4409/4409/4409
f 4351/4351/4351 4354/4354/4354 4409/4409/4409
f 4410/4410/4410 4351/4351/4351 4409/4409/4409
f 4413/4413/4413 4412/4412/4412 4411/4411/4411
f 4412/4412/4412 4414/4414/4414 4411/4411/4411
f 4415/4415/4415 4414/4414/4414 4412/4412/4412
f 4418/4418/4418 4417/4417/4417 4416/4416/4416
f 4417/4417/4417 4419/4419/4419 4416/4416/4416
f 4422/4422/4422 4421/4421/4421 4420/4420/4420
f 4423/4423/4423 4421/4421/4421 4422/4422/4422
f 4426/4426/4426 4425/4425/4425 4424/4424/4424
f 4424/4424/4424 4425/4425/4425 4427/4427/4427
f 4430/4430/4430 4429/4429/4429 4428/4428/4428
f 4431/4431/4431 4430/4430/4430 4428/4428/4428
f 4432/4432/4432 4431/4431/4431 4428/4428/4428
f 4432/4432/4432 4428/4428/4428 4433/4433/4433
f 4434/4434/4434 4432/4432/4432 4433/4433/4433
f 4435/4435/4435 4431/4431/4431 4432/4432/4432
f 4436/4436/4436 4435/4435/4435 4432/4432/4432
f 4439/4439/4439 4438/4438/4438 4437/4437/4437
f 4440/4440/4440 4437/4437/4437 4438/4438/4438
f 4443/4443/4443 4442/4442/4442 4441/4441/4441
f 4441/4441/4441 4442/4442/4442 4444/4444/4444
f 4442/4442/4442 4445/4445/4445 4444/4444/4444
f 4448/4448/4448 4447/4447/4447 4446/4446/4446
f 4449/4449/4449 4448/4448/4448 4446/4446/4446
f 4450/4450/4450 4448/4448/4448 4449/4449/4449
f 4450/4450/4450 4449/4449/4449 4451/4451/4451
f 4452/4452/4452 4450/4450/4450 4451/4451/4451
f 4453/4453/4453 4452/4452/4452 4451/4451/4451
f 4454/4454/4454 4452/4452/4452 4453/4453/4453
f 4454/4454/4454 4453/4453/4453 4455/4455/4455
f 4456/4456/4456 4454/4454/4454 4455/4455/4455
f 4457/4457/4457 4456/4456/4456 4455/4455/4455
f 4458/4458/4458 4456/4456/4456 4457/4457/4457
f 4459/4459/4459 4456/4456/4456 4458/4458/4458
f 4460/4460/4460 4459/4459/4459 4458/4458/4458
f 4460/4460/4460 4458/4458/4458 4461/4461/4461
f 4461/4461/4461 4462/4462/4462 4460/4460/4460
f 4463/4463/4463 4462/4462/4462 4461/4461/4461
f 4464/4464/4464 4463/4463/4463 4461/4461/4461
f 4465/4465/4465 4463/4463/4463 4464/4464/4464
f 4466/4466/4466 4465/4465/4465 4464/4464/4464
f 4467/4467/4467 4465/4465/4465 4466/4466/4466
f 4468/4468/4468 4467/4467/4467 4466/4466/4466
f 4468/4468/4468 4469/4469/4469 4467/4467/4467
f 4468/4468/4468 4470/4470/4470 4469/4469/4469
f 4470/4470/4470 4471/4471/4471 4469/4469/4469
f 4470/4470/4470 4472/4472/4472 4471/4471/4471
f 4470/4470/4470 4473/4473/4473 4472/4472/4472
f 4474/4474/4474 4473/4473/4473 4470/4470/4470
f 4475/4475/4475 4473/4473/4473 4474/4474/4474
f 4476/4476/4476 4475/4475/4475 4474/4474/4474
f 4476/4476/4476 4474/4474/4474 4477/4477/4477
f 4478/4478/4478 4476/4476/4476 4477/4477/4477
f 4476/4476/4476 4479/4479/4479 4475/4475/4475
f 4476/4476/4476 4480/4480/4480 4479/4479/4479
f 4481/4481/4481 4480/4480/4480 4476/4476/4476
f 4482/4482/4482 4481/4481/4481 4476/4476/4476
f 4483/4483/4483 4481/4481/4481 4482/4482/4482
f 4483/4483/4483 4484/4484/4484 4481/4481/4481
f 4484/4484/4484 4485/4485/4485 4481/4481/4481
f 4486/4486/4486 4484/4484/4484 4483/4483/4483
f 4489/4489/4489 4488/4488/4488 4487/4487/4487
f 4489/4489/4489 4487/4487/4487 4490/4490/4490
f 4490/4490/4490 4487/4487/4487 4491/4491/4491
f 4492/4492/4492 4489/4489/4489 4490/4490/4490
f 4491/4491/4491 4487/4487/4487 4493/4493/4493
f 4492/4492/4492 4494/4494/4494 4489/4489/4489
f 4491/4491/4491 4493/4493/4493 4495/4495/4495
f 4496/4496/4496 4494/4494/4494 4492/4492/4492
f 4495/4495/4495 4493/4493/4493 4497/4497/4497
f 4496/4496/4496 4498/4498/4498 4494/4494/4494
f 4499/4499/4499 4495/4495/4495 4497/4497/4497
f 4500/4500/4500 4498/4498/4498 4496/4496/4496
f 4499/4499/4499 4497/4497/4497 4501/4501/4501
f 4502/4502/4502 4498/4498/4498 4500/4500/4500
f 4503/4503/4503 4499/4499/4499 4501/4501/4501
f 4504/4504/4504 4502/4502/4502 4500/4500/4500
f 4503/4503/4503 4501/4501/4501 4505/4505/4505
f 4504/4504/4504 4506/4506/4506 4502/4502/4502
f 4503/4503/4503 4505/4505/4505 4507/4507/4507
f 4507/4507/4507 4505/4505/4505 4508/4508/4508
f 4507/4507/4507 4508/4508/4508 4509/4509/4509
f 4509/4509/4509 4508/4508/4508 4510/4510/4510
f 4509/4509/4509 4510/4510/4510 4511/4511/4511
f 4511/4511/4511 4510/4510/4510 4512/4512/4512
f 4511/4511/4511 4512/4512/4512 4513/4513/4513
f 4512/4512/4512 4514/4514/4514 4513/4513/4513
f 4515/4515/4515 4513/4513/4513 4514/4514/4514
f 4514/4514/4514 4516/4516/4516 4515/4515/4515
f 4517/4517/4517 4506/4506/4506 4504/4504/4504
f 4515/4515/4515 4516/4516/4516 4518/4518/4518
f 4517/4517/4517 4519/4519/4519 4506/4506/4506
f 4520/4520/4520 4519/4519/4519 4517/4517/4517
f 4517/4517/4517 4521/4521/4521 4520/4520/4520
f 4521/4521/4521 4517/4517/4517 4522/4522/4522
f 4521/4521/4521 4522/4522/4522 4523/4523/4523
f 4523/4523/4523 4522/4522/4522 4524/4524/4524
f 4523/4523/4523 4524/4524/4524 4525/4525/4525
f 4525/4525/4525 4524/4524/4524 4526/4526/4526
f 4527/4527/4527 4525/4525/4525 4526/4526/4526
f 4527/4527/4527 4526/4526/4526 4528/4528/4528
f 4527/4527/4527 4528/4528/4528 4529/4529/4529
f 4529/4529/4529 4528/4528/4528 4530/4530/4530
f 4531/4531/4531 4529/4529/4529 4530/4530/4530
f 4531/4531/4531 4530/4530/4530 4532/4532/4532
f 4532/4532/4532 4533/4533/4533 4531/4531/4531
f 4533/4533/4533 4532/4532/4532 4534/4534/4534
f 4533/4533/4533 4534/4534/4534 4535/4535/4535
f 4534/4534/4534 4536/4536/4536 4535/4535/4535
f 4536/4536/4536 4537/4537/4537 4535/4535/4535
f 4537/4537/4537 4536/4536/4536 4538/4538/4538
f 4539/4539/4539 4537/4537/4537 4538/4538/4538
f 4540/4540/4540 4539/4539/4539 4538/4538/4538
f 4539/4539/4539 4540/4540/4540 4541/4541/4541
f 4540/4540/4540 4542/4542/4542 4541/4541/4541
f 4543/4543/4543 4541/4541/4541 4542/4542/4542
f 4544/4544/4544 4543/4543/4543 4542/4542/4542
f 4544/4544/4544 4545/4545/4545 4543/4543/4543
f 4546/4546/4546 4545/4545/4545 4544/4544/4544
f 4547/4547/4547 4546/4546/4546 4544/4544/4544
f 4547/4547/4547 4548/4548/4548 4546/4546/4546
f 4549/4549/4549 4548/4548/4548 4547/4547/4547
f 4550/4550/4550 4549/4549/4549 4547/4547/4547
f 4551/4551/4551 4550/4550/4550 4547/4547/4547
f 4552/4552/4552 4550/4550/4550 4551/4551/4551
f 4553/4553/4553 4552/4552/4552 4551/4551/4551
f 4554/4554/4554 4552/4552/4552 4553/4553/4553
f 4552/4552/4552 4554/4554/4554 4555/4555/4555
f 4556/4556/4556 4555/4555/4555 4554/4554/4554
f 4556/4556/4556 4557/4557/4557 4555/4555/4555
f 4556/4556/4556 4558/4558/4558 4557/4557/4557
f 4559/4559/4559 4558/4558/4558 4556/4556/4556
f 4558/4558/4558 4559/4559/4559 4560/4560/4560
f 4556/4556/4556 4561/4561/4561 4559/4559/4559
f 4561/4561/4561 4562/4562/4562 4559/4559/4559
f 4563/4563/4563 4562/4562/4562 4561/4561/4561
f 4562/4562/4562 4563/4563/4563 4564/4564/4564
f 4563/4563/4563 4565/4565/4565 4564/4564/4564
f 4565/4565/4565 4566/4566/4566 4564/4564/4564
f 4567/4567/4567 4566/4566/4566 4565/4565/4565
f 4567/4567/4567 4568/4568/4568 4566/4566/4566
f 4567/4567/4567 4569/4569/4569 4568/4568/4568
f 4569/4569/4569 4570/4570/4570 4568/4568/4568
f 4569/4569/4569 4571/4571/4571 4570/4570/4570
f 4571/4571/4571 4572/4572/4572 4570/4570/4570
f 4571/4571/4571 4573/4573/4573 4572/4572/4572
f 4572/4572/4572 4573/4573/4573 4574/4574/4574
f 4575/4575/4575 4574/4574/4574 4573/4573/4573
f 4575/4575/4575 4576/4576/4576 4574/4574/4574
f 4575/4575/4575 4577/4577/4577 4576/4576/4576
f 4578/4578/4578 4576/4576/4576 4577/4577/4577
f 4579/4579/4579 4578/4578/4578 4577/4577/4577
f 4579/4579/4579 4580/4580/4580 4578/4578/4578
f 4581/4581/4581 4580/4580/4580 4579/4579/4579
f 4581/4581/4581 4582/4582/4582 4580/4580/4580
f 4580/4580/4580 4582/4582/4582 4583/4583/4583
f 4581/4581/4581 4584/4584/4584 4582/4582/4582
f 4584/4584/4584 4585/4585/4585 4582/4582/4582
f 4586/4586/4586 4582/4582/4582 4585/4585/4585
f 4587/4587/4587 4585/4585/4585 4584/4584/4584
f 4588/4588/4588 4585/4585/4585 4587/4587/4587
f 4589/4589/4589 4588/4588/4588 4587/4587/4587
f 4590/4590/4590 4588/4588/4588 4589/4589/4589
f 4590/4590/4590 4589/4589/4589 4591/4591/4591
f 4592/4592/4592 4590/4590/4590 4591/4591/4591
f 4593/4593/4593 4592/4592/4592 4591/4591/4591
f 4594/4594/4594 4592/4592/4592 4593/4593/4593
f 4593/4593/4593 4595/4595/4595 4594/4594/4594
f 4596/4596/4596 4595/4595/4595 4593/4593/4593
f 4595/4595/4595 4596/4596/4596 4597/4597/4597
f 4596/4596/4596 4598/4598/4598 4597/4597/4597
f 4599/4599/4599 4598/4598/4598 4596/4596/4596
f 4599/4599/4599 4600/4600/4600 4598/4598/4598
f 4601/4601/4601 4600/4600/4600 4599/4599/4599
f 4601/4601/4601 4602/4602/4602 4600/4600/4600
f 4603/4603/4603 4602/4602/4602 4601/4601/4601
f 4603/4603/4603 4604/4604/4604 4602/4602/4602
f 4605/4605/4605 4604/4604/4604 4603/4603/4603
f 4606/4606/4606 4604/4604/4604 4605/4605/4605
f 4605/4605/4605 4607/4607/4607 4606/4606/4606
f 4607/4607/4607 4608/4608/4608 4606/4606/4606
f 4607/4607/4607 4609/4609/4609 4608/4608/4608
f 4609/4609/4609 4610/4610/4610 4608/4608/4608
f 4609/4609/4609 4611/4611/4611 4610/4610/4610
f 4609/4609/4609 4612/4612/4612 4611/4611/4611
f 4613/4613/4613 4611/4611/4611 4612/4612/4612
f 4614/4614/4614 4613/4613/4613 4612/4612/4612
f 4614/4614/4614 4615/4615/4615 4613/4613/4613
f 4616/4616/4616 4615/4615/4615 4614/4614/4614
f 4616/4616/4616 4617/4617/4617 4615/4615/4615
f 4618/4618/4618 4617/4617/4617 4616/4616/4616
f 4618/4618/4618 4619/4619/4619 4617/4617/4617
f 4620/4620/4620 4619/4619/4619 4618/4618/4618
f 4620/4620/4620 4621/4621/4621 4619/4619/4619
f 4622/4622/4622 4620/4620/4620 4618/4618/4618
f 4623/4623/4623 4620/4620/4620 4622/4622/4622
f 4624/4624/4624 4623/4623/4623 4622/4622/4622
f 4624/4624/4624 4625/4625/4625 4623/4623/4623
f 4626/4626/4626 4625/4625/4625 4624/4624/4624
f 4627/4627/4627 4626/4626/4626 4624/4624/4624
f 4626/4626/4626 4627/4627/4627 4628/4628/4628
f 4629/4629/4629 4626/4626/4626 4628/4628/4628
f 4630/4630/4630 4629/4629/4629 4628/4628/4628
f 4630/4630/4630 4631/4631/4631 4629/4629/4629
f 4632/4632/4632 4631/4631/4631 4630/4630/4630
f 4518/4518/4518 4632/4632/4632 4630/4630/4630
f 4518/4518/4518 4633/4633/4633 4632/4632/4632
f 4634/4634/4634 4633/4633/4633 4518/4518/4518
f 4518/4518/4518 4516/4516/4516 4634/4634/4634
f 4637/4637/4637 4636/4636/4636 4635/4635/4635
f 4635/4635/4635 4638/4638/4638 4637/4637/4637
f 4641/4641/4641 4640/4640/4640 4639/4639/4639
f 4641/4641/4641 4642/4642/4642 4640/4640/4640
f 4645/4645/4645 4644/4644/4644 4643/4643/4643
f 4646/4646/4646 4644/4644/4644 4645/4645/4645
f 4649/4649/4649 4648/4648/4648 4647/4647/4647
f 4648/4648/4648 4650/4650/4650 4647/4647/4647
f 4653/4653/4653 4652/4652/4652 4651/4651/4651
f 4654/4654/4654 4651/4651/4651 4652/4652/4652
f 4651/4651/4651 4654/4654/4654 4655/4655/4655
f 4658/4658/4658 4657/4657/4657 4656/4656/4656
f 4658/4658/4658 3421/3421/3421 4657/4657/4657
f 4658/4658/4658 4659/4659/4659 3421/3421/3421
f 4660/4660/4660 4659/4659/4659 4658/4658/4658
f 4659/4659/4659 3423/3423/3423 3421/3421/3421
f 4661/4661/4661 3423/3423/3423 4659/4659/4659
f 4661/4661/4661 4662/4662/4662 3423/3423/3423
f 4665/4665/4665 4664/4664/4664 4663/4663/4663
f 4665/4665/4665 4663/4663/4663 4666/4666/4666
f 4669/4669/4669 4668/4668/4668 4667/4667/4667
f 4669/4669/4669 4670/4670/4670 4668/4668/4668
f 4673/4673/4673 4672/4672/4672 4671/4671/4671
f 4674/4674/4674 4672/4672/4672 4673/4673/4673
f 4674/4674/4674 4673/4673/4673 4675/4675/4675
f 4674/4674/4674 4675/4675/4675 4676/4676/4676
f 4677/4677/4677 4676/4676/4676 4675/4675/4675
f 4678/4678/4678 4676/4676/4676 4677/4677/4677
f 4678/4678/4678 4677/4677/4677 4679/4679/4679
f 4680/4680/4680 4679/4679/4679 4677/4677/4677
f 4681/4681/4681 4679/4679/4679 4680/4680/4680
f 4681/4681/4681 4680/4680/4680 4682/4682/4682
f 4681/4681/4681 4682/4682/4682 4683/4683/4683
f 4683/4683/4683 4682/4682/4682 4684/4684/4684
f 4683/4683/4683 4684/4684/4684 4685/4685/4685
f 4688/4688/4688 4687/4687/4687 4686/4686/4686
f 4689/4689/4689 4688/4688/4688 4686/4686/4686
f 4692/4692/4692 4691/4691/4691 4690/4690/4690
f 4693/4693/4693 4691/4691/4691 4692/4692/4692
f 4692/4692/4692 4694/4694/4694 4693/4693/4693
f 4694/4694/4694 4695/4695/4695 4693/4693/4693
f 4694/4694/4694 4696/4696/4696 4695/4695/4695
f 4696/4696/4696 4697/4697/4697 4695/4695/4695
f 4698/4698/4698 4697/4697/4697 4696/4696/4696
f 4699/4699/4699 4697/4697/4697 4698/4698/4698
f 4699/4699/4699 4698/4698/4698 4700/4700/4700
f 4700/4700/4700 4701/4701/4701 4699/4699/4699
f 4702/4702/4702 4701/4701/4701 4700/4700/4700
f 4700/4700/4700 4703/4703/4703 4702/4702/4702
f 4704/4704/4704 4701/4701/4701 4702/4702/4702
f 4707/4707/4707 4706/4706/4706 4705/4705/4705
f 4707/4707/4707 4705/4705/4705 4708/4708/4708
f 4705/4705/4705 4709/4709/4709 4708/4708/4708
f 4708/4708/4708 4709/4709/4709 4710/4710/4710
f 4711/4711/4711 4708/4708/4708 4710/4710/4710
f 4711/4711/4711 4710/4710/4710 4712/4712/4712
f 4711/4711/4711 4712/4712/4712 4713/4713/4713
f 4712/4712/4712 4714/4714/4714 4713/4713/4713
f 4713/4713/4713 4714/4714/4714 4715/4715/4715
f 4714/4714/4714 4716/4716/4716 4715/4715/4715
f 4717/4717/4717 4715/4715/4715 4716/4716/4716
f 4720/4720/4720 4719/4719/4719 4718/4718/4718
f 4719/4719/4719 4721/4721/4721 4718/4718/4718
f 4724/4724/4724 4723/4723/4723 4722/4722/4722
f 4725/4725/4725 4724/4724/4724 4722/4722/4722
f 4728/4728/4728 4727/4727/4727 4726/4726/4726
f 4728/4728/4728 4726/4726/4726 4729/4729/4729
f 4732/4732/4732 4731/4731/4731 4730/4730/4730
f 4732/4732/4732 4733/4733/4733 4731/4731/4731
f 4732/4732/4732 4734/4734/4734 4733/4733/4733
f 4732/4732/4732 4735/4735/4735 4734/4734/4734
f 4736/4736/4736 4735/4735/4735 4732/4732/4732
f 4736/4736/4736 4737/4737/4737 4735/4735/4735
f 4737/4737/4737 4736/4736/4736 4738/4738/4738
f 4739/4739/4739 4737/4737/4737 4738/4738/4738
f 4740/4740/4740 4739/4739/4739 4738/4738/4738
f 4740/4740/4740 4738/4738/4738 4741/4741/4741
f 4740/4740/4740 4742/4742/4742 4739/4739/4739
f 4743/4743/4743 4742/4742/4742 4740/4740/4740
f 4743/4743/4743 4744/4744/4744 4742/4742/4742
f 4743/4743/4743 4745/4745/4745 4744/4744/4744
f 4745/4745/4745 4746/4746/4746 4744/4744/4744
f 4749/4749/4749 4748/4748/4748 4747/4747/4747
f 4747/4747/4747 4750/4750/4750 4749/4749/4749
f 4753/4753/4753 4752/4752/4752 4751/4751/4751
f 4752/4752/4752 4754/4754/4754 4751/4751/4751
f 4751/4751/4751 4754/4754/4754 4755/4755/4755
f 4755/4755/4755 4754/4754/4754 4756/4756/4756
f 4755/4755/4755 4756/4756/4756 4757/4757/4757
f 4757/4757/4757 4756/4756/4756 4758/4758/4758
f 4758/4758/4758 4756/4756/4756 4759/4759/4759
f 4760/4760/4760 4758/4758/4758 4759/4759/4759
f 4760/4760/4760 4759/4759/4759 4761/4761/4761
f 4761/4761/4761 4762/4762/4762 4760/4760/4760
f 4760/4760/4760 4762/4762/4762 4763/4763/4763
f 4762/4762/4762 4764/4764/4764 4763/4763/4763
f 4765/4765/4765 4763/4763/4763 4764/4764/4764
f 4765/4765/4765 4764/4764/4764 4766/4766/4766
f 4764/4764/4764 4767/4767/4767 4766/4766/4766
f 4767/4767/4767 4768/4768/4768 4766/4766/4766
f 4767/4767/4767 4769/4769/4769 4768/4768/4768
f 4769/4769/4769 4770/4770/4770 4768/4768/4768
f 4768/4768/4768 4770/4770/4770 4771/4771/4771
f 4771/4771/4771 4770/4770/4770 4772/4772/4772
f 4771/4771/4771 4772/4772/4772 4773/4773/4773
f 4773/4773/4773 4772/4772/4772 4774/4774/4774
f 4773/4773/4773 4774/4774/4774 4775/4775/4775
f 4773/4773/4773 4775/4775/4775 4776/4776/4776
f 4776/4776/4776 4775/4775/4775 4777/4777/4777
f 4776/4776/4776 4777/4777/4777 4778/4778/4778
f 4777/4777/4777 4779/4779/4779 4778/4778/4778
f 4778/4778/4778 4779/4779/4779 4780/4780/4780
f 4779/4779/4779 4781/4781/4781 4780/4780/4780
f 4780/4780/4780 4781/4781/4781 4782/4782/4782
f 4782/4782/4782 4781/4781/4781 4783/4783/4783
f 4782/4782/4782 4783/4783/4783 4784/4784/4784
f 4785/4785/4785 4782/4782/4782 4784/4784/4784
f 4785/4785/4785 4784/4784/4784 4786/4786/4786
f 4789/4789/4789 4788/4788/4788 4787/4787/4787
f 4790/4790/4790 4788/4788/4788 4789/4789/4789
f 4789/4789/4789 4791/4791/4791 4790/4790/4790
f 4792/4792/4792 4790/4790/4790 4791/4791/4791
f 4792/4792/4792 4793/4793/4793 4790/4790/4790
f 4792/4792/4792 4794/4794/4794 4793/4793/4793
f 4792/4792/4792 4795/4795/4795 4794/4794/4794
f 4795/4795/4795 4796/4796/4796 4794/4794/4794
f 4796/4796/4796 4797/4797/4797 4794/4794/4794
f 4798/4798/4798 4797/4797/4797 4796/4796/4796
f 4798/4798/4798 4799/4799/4799 4797/4797/4797
f 4800/4800/4800 4799/4799/4799 4798/4798/4798
f 4800/4800/4800 4801/4801/4801 4799/4799/4799
f 4801/4801/4801 4802/4802/4802 4799/4799/4799
f 4801/4801/4801 4803/4803/4803 4802/4802/4802
f 4803/4803/4803 4804/4804/4804 4802/4802/4802
f 4805/4805/4805 4804/4804/4804 4803/4803/4803
f 4808/4808/4808 4807/4807/4807 4806/4806/4806
f 4809/4809/4809 4807/4807/4807 4808/4808/4808
f 4812/4812/4812 4811/4811/4811 4810/4810/4810
f 4811/4811/4811 4813/4813/4813 4810/4810/4810
f 4811/4811/4811 4814/4814/4814 4813/4813/4813
f 4813/4813/4813 4814/4814/4814 4815/4815/4815
f 4816/4816/4816 4815/4815/4815 4814/4814/4814
f 4816/4816/4816 4817/4817/4817 4815/4815/4815
f 4816/4816/4816 4818/4818/4818 4817/4817/4817
f 4817/4817/4817 4818/4818/4818 4819/4819/4819
f 4817/4817/4817 4819/4819/4819 4820/4820/4820
f 4819/4819/4819 4821/4821/4821 4820/4820/4820
f 4822/4822/4822 4820/4820/4820 4821/4821/4821
f 4822/4822/4822 4821/4821/4821 4823/4823/4823
f 4824/4824/4824 4822/4822/4822 4823/4823/4823
f 4825/4825/4825 4824/4824/4824 4823/4823/4823
f 4828/4828/4828 4827/4827/4827 4826/4826/4826
f 4827/4827/4827 4829/4829/4829 4826/4826/4826
f 4832/4832/4832 4831/4831/4831 4830/4830/4830
f 4832/4832/4832 4833/4833/4833 4831/4831/4831
f 4836/4836/4836 4835/4835/4835 4834/4834/4834
f 4835/4835/4835 4837/4837/4837 4834/4834/4834
f 4834/4834/4834 4837/4837/4837 4838/4838/4838
f 4838/4838/4838 4839/4839/4839 4834/4834/4834
f 4840/4840/4840 4838/4838/4838 4837/4837/4837
f 4840/4840/4840 4841/4841/4841 4838/4838/4838
f 4840/4840/4840 4842/4842/4842 4841/4841/4841
f 4845/4845/4845 4844/4844/4844 4843/4843/4843
f 4846/4846/4846 4845/4845/4845 4843/4843/4843
f 4849/4849/4849 4848/4848/4848 4847/4847/4847
f 4850/4850/4850 4849/4849/4849 4847/4847/4847
f 4851/4851/4851 4849/4849/4849 4850/4850/4850
f 4854/4854/4854 4853/4853/4853 4852/4852/4852
f 4852/4852/4852 4853/4853/4853 4855/4855/4855
f 4858/4858/4858 4857/4857/4857 4856/4856/4856
f 4859/4859/4859 4857/4857/4857 4858/4858/4858
f 4862/4862/4862 4861/4861/4861 4860/4860/4860
f 4863/4863/4863 4862/4862/4862 4860/4860/4860
f 4862/4862/4862 4863/4863/4863 4864/4864/4864
f 4867/4867/4867 4866/4866/4866 4865/4865/4865
f 4868/4868/4868 4867/4867/4867 4865/4865/4865
f 4869/4869/4869 4867/4867/4867 4868/4868/4868
f 4872/4872/4872 4871/4871/4871 4870/4870/4870
f 4870/4870/4870 4871/4871/4871 4873/4873/4873
f 4873/4873/4873 4871/4871/4871 4874/4874/4874
f 4874/4874/4874 4871/4871/4871 4875/4875/4875
f 4874/4874/4874 4875/4875/4875 4876/4876/4876
f 4875/4875/4875 4877/4877/4877 4876/4876/4876
f 4878/4878/4878 4876/4876/4876 4877/4877/4877
f 4877/4877/4877 4879/4879/4879 4878/4878/4878
f 4882/4882/4882 4881/4881/4881 4880/4880/4880
f 4881/4881/4881 4883/4883/4883 4880/4880/4880
f 4881/4881/4881 4884/4884/4884 4883/4883/4883
f 4885/4885/4885 4883/4883/4883 4884/4884/4884
f 4886/4886/4886 4885/4885/4885 4884/4884/4884
f 4886/4886/4886 4887/4887/4887 4885/4885/4885
f 4886/4886/4886 4888/4888/4888 4887/4887/4887
f 4889/4889/4889 4887/4887/4887 4888/4888/4888
f 4890/4890/4890 4889/4889/4889 4888/4888/4888
f 4890/4890/4890 4891/4891/4891 4889/4889/4889
f 4890/4890/4890 4892/4892/4892 4891/4891/4891
f 4893/4893/4893 4892/4892/4892 4890/4890/4890
f 4896/4896/4896 4895/4895/4895 4894/4894/4894
f 4896/4896/4896 4897/4897/4897 4895/4895/4895
f 4898/4898/4898 4895/4895/4895 4897/4897/4897
f 4897/4897/4897 4899/4899/4899 4898/4898/4898
f 4897/4897/4897 4900/4900/4900 4899/4899/4899
f 4900/4900/4900 4901/4901/4901 4899/4899/4899
f 4902/4902/4902 4901/4901/4901 4900/4900/4900
f 4903/4903/4903 4901/4901/4901 4902/4902/4902
f 4902/4902/4902 4904/4904/4904 4903/4903/4903
f 4907/4907/4907 4906/4906/4906 4905/4905/4905
f 4906/4906/4906 4907/4907/4907 4908/4908/4908
f 4911/4911/4911 4910/4910/4910 4909/4909/4909
f 4911/4911/4911 4912/4912/4912 4910/4910/4910
f 4915/4915/4915 4914/4914/4914 4913/4913/4913
f 4915/4915/4915 4913/4913/4913 4916/4916/4916
f 4919/4919/4919 4918/4918/4918 4917/4917/4917
f 4919/4919/4919 4920/4920/4920 4918/4918/4918
f 4921/4921/4921 4920/4920/4920 4919/4919/4919
f 4921/4921/4921 4922/4922/4922 4920/4920/4920
f 4922/4922/4922 4921/4921/4921 4923/4923/4923
f 4922/4922/4922 4923/4923/4923 4924/4924/4924
f 4924/4924/4924 4923/4923/4923 4925/4925/4925
f 4926/4926/4926 4924/4924/4924 4925/4925/4925
f 4927/4927/4927 4926/4926/4926 4925/4925/4925
f 4928/4928/4928 4926/4926/4926 4927/4927/4927
f 4929/4929/4929 4928/4928/4928 4927/4927/4927
f 4930/4930/4930 4928/4928/4928 4929/4929/4929
f 4931/4931/4931 4928/4928/4928 4930/4930/4930
f 4932/4932/4932 4931/4931/4931 4930/4930/4930
f 4933/4933/4933 4932/4932/4932 4930/4930/4930
f 4933/4933/4933 4934/4934/4934 4932/4932/4932
f 4934/4934/4934 4933/4933/4933 4935/4935/4935
f 4935/4935/4935 4936/4936/4936 4934/4934/4934
f 4937/4937/4937 4936/4936/4936 4935/4935/4935
f 4937/4937/4937 4938/4938/4938 4936/4936/4936
f 4937/4937/4937 4939/4939/4939 4938/4938/4938
f 4940/4940/4940 4938/4938/4938 4939/4939/4939
f 4940/4940/4940 4939/4939/4939 4941/4941/4941
f 4944/4944/4944 4943/4943/4943 4942/4942/4942
f 4945/4945/4945 4943/4943/4943 4944/4944/4944
f 4948/4948/4948 4947/4947/4947 4946/4946/4946
f 4949/4949/4949 4948/4948/4948 4946/4946/4946
f 4950/4950/4950 4948/4948/4948 4949/4949/4949
f 4951/4951/4951 4950/4950/4950 4949/4949/4949
f 4954/4954/4954 4953/4953/4953 4952/4952/4952
f 4953/4953/4953 4955/4955/4955 4952/4952/4952
f 4955/4955/4955 4956/4956/4956 4952/4952/4952
f 4955/4955/4955 4957/4957/4957 4956/4956/4956
f 4957/4957/4957 4958/4958/4958 4956/4956/4956
f 4956/4956/4956 4958/4958/4958 4959/4959/4959
f 4958/4958/4958 4960/4960/4960 4959/4959/4959
f 4960/4960/4960 4961/4961/4961 4959/4959/4959
f 4964/4964/4964 4963/4963/4963 4962/4962/4962
f 4965/4965/4965 4964/4964/4964 4962/4962/4962
f 4968/4968/4968 4967/4967/4967 4966/4966/4966
f 4966/4966/4966 4967/4967/4967 4969/4969/4969
f 4972/4972/4972 4971/4971/4971 4970/4970/4970
f 4971/4971/4971 4973/4973/4973 4970/4970/4970
f 4976/4976/4976 4975/4975/4975 4974/4974/4974
f 4974/4974/4974 4975/4975/4975 4977/4977/4977
f 4980/4980/4980 4979/4979/4979 4978/4978/4978
f 4981/4981/4981 4980/4980/4980 4978/4978/4978
f 4984/4984/4984 4983/4983/4983 4982/4982/4982
f 4985/4985/4985 4984/4984/4984 4982/4982/4982
f 4988/4988/4988 4987/4987/4987 4986/4986/4986
f 4987/4987/4987 4989/4989/4989 4986/4986/4986
f 4992/4992/4992 4991/4991/4991 4990/4990/4990
f 4992/4992/4992 4990/4990/4990 4993/4993/4993
f 4996/4996/4996 4995/4995/4995 4994/4994/4994
f 4994/4994/4994 4995/4995/4995 4997/4997/4997
f 5000/5000/5000 4999/4999/4999 4998/4998/4998
f 5001/5001/5001 5000/5000/5000 4998/4998/4998
f 5004/5004/5004 5003/5003/5003 5002/5002/5002
f 5005/5005/5005 5004/5004/5004 5002/5002/5002
f 5008/5008/5008 5007/5007/5007 5006/5006/5006
f 5009/5009/5009 5008/5008/5008 5006/5006/5006
f 5010/5010/5010 5008/5008/5008 5009/5009/5009
f 5010/5010/5010 5011/5011/5011 5008/5008/5008
f 5014/5014/5014 5013/5013/5013 5012/5012/5012
f 5013/5013/5013 5015/5015/5015 5012/5012/5012
f 5018/5018/5018 5017/5017/5017 5016/5016/5016
f 5017/5017/5017 5019/5019/5019 5016/5016/5016
f 5022/5022/5022 5021/5021/5021 5020/5020/5020
f 5020/5020/5020 5021/5021/5021 5023/5023/5023
f 5026/5026/5026 5025/5025/5025 5024/5024/5024
f 5027/5027/5027 5026/5026/5026 5024/5024/5024
f 5030/5030/5030 5029/5029/5029 5028/5028/5028
f 5030/5030/5030 5028/5028/5028 5031/5031/5031
f 5034/5034/5034 5033/5033/5033 5032/5032/5032
f 5032/5032/5032 5033/5033/5033 5035/5035/5035
f 5038/5038/5038 5037/5037/5037 5036/5036/5036
f 5037/5037/5037 5038/5038/5038 5039/5039/5039
f 5042/5042/5042 5041/5041/5041 5040/5040/5040
f 5043/5043/5043 5041/5041/5041 5042/5042/5042
f 5044/5044/5044 5043/5043/5043 5042/5042/5042
f 5045/5045/5045 5043/5043/5043 5044/5044/5044
f 5046/5046/5046 5045/5045/5045 5044/5044/5044
f 5046/5046/5046 5044/5044/5044 5047/5047/5047
f 5046/5046/5046 5047/5047/5047 5048/5048/5048
f 5047/5047/5047 5049/5049/5049 5048/5048/5048
f 5048/5048/5048 5049/5049/5049 5050/5050/5050
f 5050/5050/5050 5049/5049/5049 5051/5051/5051
f 5050/5050/5050 5051/5051/5051 5052/5052/5052
f 5052/5052/5052 5051/5051/5051 5053/5053/5053
f 5056/5056/5056 5055/5055/5055 5054/5054/5054
f 5055/5055/5055 5056/5056/5056 5057/5057/5057
f 5060/5060/5060 5059/5059/5059 5058/5058/5058
f 5060/5060/5060 5061/5061/5061 5059/5059/5059
f 5064/5064/5064 5063/5063/5063 5062/5062/5062
f 5064/5064/5064 5065/5065/5065 5063/5063/5063
f 5068/5068/5068 5067/5067/5067 5066/5066/5066
f 5067/5067/5067 5069/5069/5069 5066/5066/5066
f 5072/5072/5072 5071/5071/5071 5070/5070/5070
f 5073/5073/5073 5070/5070/5070 5071/5071/5071
f 5076/5076/5076 5075/5075/5075 5074/5074/5074
f 5076/5076/5076 5077/5077/5077 5075/5075/5075
f 5080/5080/5080 5079/5079/5079 5078/5078/5078
f 5078/5078/5078 5079/5079/5079 5081/5081/5081
f 5081/5081/5081 5082/5082/5082 5078/5078/5078
f 5083/5083/5083 5078/5078/5078 5082/5082/5082
f 5084/5084/5084 5083/5083/5083 5082/5082/5082
f 5085/5085/5085 5083/5083/5083 5084/5084/5084
f 5086/5086/5086 5085/5085/5085 5084/5084/5084
f 5085/5085/5085 5086/5086/5086 5087/5087/5087
f 5086/5086/5086 5088/5088/5088 5087/5087/5087
f 5091/5091/5091 5090/5090/5090 5089/5089/5089
f 5092/5092/5092 5090/5090/5090 5091/5091/5091
f 5092/5092/5092 5091/5091/5091 5093/5093/5093
f 5094/5094/5094 5093/5093/5093 5091/5091/5091
f 5095/5095/5095 5093/5093/5093 5094/5094/5094
f 5095/5095/5095 5094/5094/5094 5096/5096/5096
f 5097/5097/5097 5095/5095/5095 5096/5096/5096
f 5098/5098/5098 5097/5097/5097 5096/5096/5096
f 5099/5099/5099 5097/5097/5097 5098/5098/5098
f 5098/5098/5098 5100/5100/5100 5099/5099/5099
f 5101/5101/5101 5100/5100/5100 5098/5098/5098
f 5104/5104/5104 5103/5103/5103 5102/5102/5102
f 5102/5102/5102 5103/5103/5103 5105/5105/5105
f 5108/5108/5108 5107/5107/5107 5106/5106/5106
f 5109/5109/5109 5107/5107/5107 5108/5108/5108
f 5112/5112/5112 5111/5111/5111 5110/5110/5110
f 5110/5110/5110 5113/5113/5113 5112/5112/5112
f 5114/5114/5114 5113/5113/5113 5110/5110/5110
f 5114/5114/5114 5115/5115/5115 5113/5113/5113
f 5118/5118/5118 5117/5117/5117 5116/5116/5116
f 5118/5118/5118 5116/5116/5116 5119/5119/5119
f 5122/5122/5122 5121/5121/5121 5120/5120/5120
f 5122/5122/5122 5123/5123/5123 5121/5121/5121
f 5122/5122/5122 5124/5124/5124 5123/5123/5123
f 5127/5127/5127 5126/5126/5126 5125/5125/5125
f 5128/5128/5128 5127/5127/5127 5125/5125/5125
f 5131/5131/5131 5130/5130/5130 5129/5129/5129
f 5131/5131/5131 5129/5129/5129 5132/5132/5132
f 5135/5135/5135 5134/5134/5134 5133/5133/5133
f 5136/5136/5136 5133/5133/5133 5134/5134/5134
f 5139/5139/5139 5138/5138/5138 5137/5137/5137
f 5140/5140/5140 5138/5138/5138 5139/5139/5139
f 5143/5143/5143 5142/5142/5142 5141/5141/5141
f 5141/5141/5141 5144/5144/5144 5143/5143/5143
f 5147/5147/5147 5146/5146/5146 5145/5145/5145
f 5145/5145/5145 5148/5148/5148 5147/5147/5147
f 5151/5151/5151 5150/5150/5150 5149/5149/5149
f 5152/5152/5152 5151/5151/5151 5149/5149/5149
f 5155/5155/5155 5154/5154/5154 5153/5153/5153
f 5155/5155/5155 5153/5153/5153 5156/5156/5156
f 5159/5159/5159 5158/5158/5158 5157/5157/5157
f 5157/5157/5157 5158/5158/5158 5160/5160/5160
f 5163/5163/5163 5162/5162/5162 5161/5161/5161
f 5163/5163/5163 5161/5161/5161 5164/5164/5164
f 5167/5167/5167 5166/5166/5166 5165/5165/5165
f 5167/5167/5167 5165/5165/5165 5168/5168/5168
f 5165/5165/5165 5169/5169/5169 5168/5168/5168
f 5165/5165/5165 5170/5170/5170 5169/5169/5169
f 5170/5170/5170 5171/5171/5171 5169/5169/5169
f 5170/5170/5170 5172/5172/5172 5171/5171/5171
f 5172/5172/5172 5173/5173/5173 5171/5171/5171
f 5173/5173/5173 5174/5174/5174 5171/5171/5171
f 5173/5173/5173 5175/5175/5175 5174/5174/5174
f 5175/5175/5175 5176/5176/5176 5174/5174/5174
f 5175/5175/5175 5177/5177/5177 5176/5176/5176
f 5178/5178/5178 5177/5177/5177 5175/5175/5175
f 5179/5179/5179 5167/5167/5167 5168/5168/5168
f 5179/5179/5179 5168/5168/5168 5180/5180/5180
f 5181/5181/5181 5167/5167/5167 5179/5179/5179
f 5182/5182/5182 5167/5167/5167 5181/5181/5181
f 5179/5179/5179 5183/5183/5183 5181/5181/5181
f 5181/5181/5181 5184/5184/5184 5182/5182/5182
f 5184/5184/5184 5178/5178/5178 5182/5182/5182
f 5179/5179/5179 5185/5185/5185 5183/5183/5183
f 5185/5185/5185 5186/5186/5186 5183/5183/5183
f 5187/5187/5187 5178/5178/5178 5184/5184/5184
f 5188/5188/5188 5186/5186/5186 5185/5185/5185
f 5189/5189/5189 5188/5188/5188 5185/5185/5185
f 5188/5188/5188 5190/5190/5190 5186/5186/5186
f 5188/5188/5188 5191/5191/5191 5190/5190/5190
f 5190/5190/5190 5191/5191/5191 5192/5192/5192
f 5191/5191/5191 5193/5193/5193 5192/5192/5192
f 5192/5192/5192 5193/5193/5193 5194/5194/5194
f 5193/5193/5193 5195/5195/5195 5194/5194/5194
f 5195/5195/5195 5187/5187/5187 5196/5196/5196
f 5193/5193/5193 5197/5197/5197 5195/5195/5195
f 5195/5195/5195 5197/5197/5197 5187/5187/5187
f 5197/5197/5197 5178/5178/5178 5187/5187/5187
f 5197/5197/5197 5198/5198/5198 5178/5178/5178
f 5201/5201/5201 5200/5200/5200 5199/5199/5199
f 5202/5202/5202 5201/5201/5201 5199/5199/5199
f 5205/5205/5205 5204/5204/5204 5203/5203/5203
f 5205/5205/5205 5203/5203/5203 5206/5206/5206
f 5206/5206/5206 5203/5203/5203 5207/5207/5207
f 5208/5208/5208 5206/5206/5206 5207/5207/5207
f 5209/5209/5209 5208/5208/5208 5207/5207/5207
f 5209/5209/5209 5210/5210/5210 5208/5208/5208
f 5208/5208/5208 5210/5210/5210 5211/5211/5211
f 5210/5210/5210 5212/5212/5212 5211/5211/5211
f 5215/5215/5215 5214/5214/5214 5213/5213/5213
f 5216/5216/5216 5214/5214/5214 5215/5215/5215
f 5219/5219/5219 5218/5218/5218 5217/5217/5217
f 5220/5220/5220 5218/5218/5218 5219/5219/5219
f 5223/5223/5223 5222/5222/5222 5221/5221/5221
f 5221/5221/5221 5222/5222/5222 5224/5224/5224
f 5227/5227/5227 5226/5226/5226 5225/5225/5225
f 5228/5228/5228 5225/5225/5225 5226/5226/5226
f 5228/5228/5228 5226/5226/5226 5229/5229/5229
f 5228/5228/5228 5229/5229/5229 5230/5230/5230
f 5231/5231/5231 5228/5228/5228 5230/5230/5230
f 5225/5225/5225 5228/5228/5228 5232/5232/5232
f 5231/5231/5231 5233/5233/5233 5228/5228/5228
f 5225/5225/5225 5232/5232/5232 5234/5234/5234
f 5235/5235/5235 5233/5233/5233 5231/5231/5231
f 5235/5235/5235 5236/5236/5236 5233/5233/5233
f 5237/5237/5237 5236/5236/5236 5235/5235/5235
f 5232/5232/5232 5238/5238/5238 5234/5234/5234
f 5238/5238/5238 5239/5239/5239 5234/5234/5234
f 5238/5238/5238 5240/5240/5240 5239/5239/5239
f 5238/5238/5238 5241/5241/5241 5240/5240/5240
f 5244/5244/5244 5243/5243/5243 5242/5242/5242
f 5244/5244/5244 5242/5242/5242 5245/5245/5245
f 5248/5248/5248 5247/5247/5247 5246/5246/5246
f 5249/5249/5249 5247/5247/5247 5248/5248/5248
f 5252/5252/5252 5251/5251/5251 5250/5250/5250
f 5253/5253/5253 5252/5252/5252 5250/5250/5250
f 5256/5256/5256 5255/5255/5255 5254/5254/5254
f 5255/5255/5255 5257/5257/5257 5254/5254/5254
f 5260/5260/5260 5259/5259/5259 5258/5258/5258
f 5259/5259/5259 5261/5261/5261 5258/5258/5258
f 5264/5264/5264 5263/5263/5263 5262/5262/5262
f 5265/5265/5265 5263/5263/5263 5264/5264/5264
f 5265/5265/5265 5266/5266/5266 5263/5263/5263
f 5267/5267/5267 5266/5266/5266 5265/5265/5265
f 5267/5267/5267 5268/5268/5268 5266/5266/5266
f 5269/5269/5269 5268/5268/5268 5267/5267/5267
f 5270/5270/5270 5268/5268/5268 5269/5269/5269
f 5271/5271/5271 5270/5270/5270 5269/5269/5269
f 5270/5270/5270 5271/5271/5271 5272/5272/5272
f 5273/5273/5273 5270/5270/5270 5272/5272/5272
f 5274/5274/5274 5273/5273/5273 5272/5272/5272
f 5274/5274/5274 5275/5275/5275 5273/5273/5273
f 5276/5276/5276 5275/5275/5275 5274/5274/5274
f 5276/5276/5276 5277/5277/5277 5275/5275/5275
f 5280/5280/5280 5279/5279/5279 5278/5278/5278
f 5280/5280/5280 5278/5278/5278 5281/5281/5281
f 5284/5284/5284 5283/5283/5283 5282/5282/5282
f 5285/5285/5285 5283/5283/5283 5284/5284/5284
f 5286/5286/5286 5283/5283/5283 5285/5285/5285
f 5287/5287/5287 5286/5286/5286 5285/5285/5285
f 5288/5288/5288 5286/5286/5286 5287/5287/5287
f 5289/5289/5289 5286/5286/5286 5288/5288/5288
f 5290/5290/5290 5289/5289/5289 5288/5288/5288
f 5290/5290/5290 5288/5288/5288 5291/5291/5291
f 5290/5290/5290 5291/5291/5291 5292/5292/5292
f 5292/5292/5292 5293/5293/5293 5290/5290/5290
f 5292/5292/5292 5294/5294/5294 5293/5293/5293
f 5293/5293/5293 5294/5294/5294 5295/5295/5295
f 5298/5298/5298 5297/5297/5297 5296/5296/5296
f 5297/5297/5297 5299/5299/5299 5296/5296/5296
f 5296/5296/5296 5299/5299/5299 5300/5300/5300
f 5303/5303/5303 5302/5302/5302 5301/5301/5301
f 5302/5302/5302 5303/5303/5303 5304/5304/5304
f 5305/5305/5305 5302/5302/5302 5304/5304/5304
f 5306/5306/5306 5302/5302/5302 5305/5305/5305
f 5306/5306/5306 5305/5305/5305 5307/5307/5307
f 5308/5308/5308 5306/5306/5306 5307/5307/5307
f 5309/5309/5309 5308/5308/5308 5307/5307/5307
f 5310/5310/5310 5308/5308/5308 5309/5309/5309
f 5313/5313/5313 5312/5312/5312 5311/5311/5311
f 5313/5313/5313 5314/5314/5314 5312/5312/5312
f 5317/5317/5317 5316/5316/5316 5315/5315/5315
f 5315/5315/5315 5316/5316/5316 5318/5318/5318
f 5318/5318/5318 5319/5319/5319 5315/5315/5315
f 5322/5322/5322 5321/5321/5321 5320/5320/5320
f 5320/5320/5320 5321/5321/5321 5323/5323/5323
f 5326/5326/5326 5325/5325/5325 5324/5324/5324
f 5324/5324/5324 5327/5327/5327 5326/5326/5326
f 5330/5330/5330 5329/5329/5329 5328/5328/5328
f 5331/5331/5331 5330/5330/5330 5328/5328/5328
f 5334/5334/5334 5333/5333/5333 5332/5332/5332
f 5335/5335/5335 5334/5334/5334 5332/5332/5332
f 5338/5338/5338 5337/5337/5337 5336/5336/5336
f 5337/5337/5337 5339/5339/5339 5336/5336/5336
f 5342/5342/5342 5341/5341/5341 5340/5340/5340
f 5342/5342/5342 5343/5343/5343 5341/5341/5341
f 5346/5346/5346 5345/5345/5345 5344/5344/5344
f 5347/5347/5347 5345/5345/5345 5346/5346/5346
f 5347/5347/5347 5348/5348/5348 5345/5345/5345
f 5349/5349/5349 5348/5348/5348 5347/5347/5347
f 5350/5350/5350 5348/5348/5348 5349/5349/5349
f 5351/5351/5351 5350/5350/5350 5349/5349/5349
f 5351/5351/5351 5352/5352/5352 5350/5350/5350
f 5351/5351/5351 5353/5353/5353 5352/5352/5352
f 5356/5356/5356 5355/5355/5355 5354/5354/5354
f 5356/5356/5356 5357/5357/5357 5355/5355/5355
f 5355/5355/5355 5357/5357/5357 5358/5358/5358
f 5361/5361/5361 5360/5360/5360 5359/5359/5359
f 5362/5362/5362 5361/5361/5361 5359/5359/5359
f 5365/5365/5365 5364/5364/5364 5363/5363/5363
f 5364/5364/5364 5366/5366/5366 5363/5363/5363
f 5367/5367/5367 5366/5366/5366 5364/5364/5364
f 5367/5367/5367 5368/5368/5368 5366/5366/5366
f 5369/5369/5369 5368/5368/5368 5367/5367/5367
f 5370/5370/5370 5368/5368/5368 5369/5369/5369
f 5369/5369/5369 5371/5371/5371 5370/5370/5370
f 5372/5372/5372 5370/5370/5370 5371/5371/5371
f 5373/5373/5373 5372/5372/5372 5371/5371/5371
f 5374/5374/5374 5372/5372/5372 5373/5373/5373
f 5373/5373/5373 5375/5375/5375 5374/5374/5374
f 5373/5373/5373 5376/5376/5376 5375/5375/5375
f 5379/5379/5379 5378/5378/5378 5377/5377/5377
f 5380/5380/5380 5377/5377/5377 5378/5378/5378
f 5378/5378/5378 5381/5381/5381 5380/5380/5380
f 5384/5384/5384 5383/5383/5383 5382/5382/5382
f 5382/5382/5382 5385/5385/5385 5384/5384/5384
f 5388/5388/5388 5387/5387/5387 5386/5386/5386
f 5389/5389/5389 5388/5388/5388 5386/5386/5386
f 5392/5392/5392 5391/5391/5391 5390/5390/5390
f 5393/5393/5393 5392/5392/5392 5390/5390/5390
f 5396/5396/5396 5395/5395/5395 5394/5394/5394
f 5395/5395/5395 5397/5397/5397 5394/5394/5394
f 5394/5394/5394 5397/5397/5397 5398/5398/5398
f 5397/5397/5397 5399/5399/5399 5398/5398/5398
f 5400/5400/5400 5398/5398/5398 5399/5399/5399
f 5400/5400/5400 5399/5399/5399 5401/5401/5401
f 5400/5400/5400 5401/5401/5401 5402/5402/5402
f 5403/5403/5403 5402/5402/5402 5401/5401/5401
f 5402/5402/5402 5403/5403/5403 5404/5404/5404
f 5404/5404/5404 5403/5403/5403 5405/5405/5405
f 5404/5404/5404 5405/5405/5405 5406/5406/5406
f 5407/5407/5407 5406/5406/5406 5405/5405/5405
f 5406/5406/5406 5407/5407/5407 5408/5408/5408
f 5407/5407/5407 5409/5409/5409 5408/5408/5408
f 5408/5408/5408 5409/5409/5409 5410/5410/5410
f 5413/5413/5413 5412/5412/5412 5411/5411/5411
f 5412/5412/5412 5414/5414/5414 5411/5411/5411
f 5417/5417/5417 5416/5416/5416 5415/5415/5415
f 5418/5418/5418 5417/5417/5417 5415/5415/5415
f 5421/5421/5421 5420/5420/5420 5419/5419/5419
f 5421/5421/5421 5422/5422/5422 5420/5420/5420
f 5425/5425/5425 5424/5424/5424 5423/5423/5423
f 5425/5425/5425 5426/5426/5426 5424/5424/5424
f 5429/5429/5429 5428/5428/5428 5427/5427/5427
f 5429/5429/5429 5430/5430/5430 5428/5428/5428
f 5429/5429/5429 5431/5431/5431 5430/5430/5430
f 5429/5429/5429 5432/5432/5432 5431/5431/5431
f 5433/5433/5433 5431/5431/5431 5432/5432/5432
f 5434/5434/5434 5433/5433/5433 5432/5432/5432
f 5434/5434/5434 5435/5435/5435 5433/5433/5433
f 5436/5436/5436 5435/5435/5435 5434/5434/5434
f 5437/5437/5437 5436/5436/5436 5434/5434/5434
f 5438/5438/5438 5437/5437/5437 5434/5434/5434
f 5441/5441/5441 5440/5440/5440 5439/5439/5439
f 5442/5442/5442 5440/5440/5440 5441/5441/5441
f 5441/5441/5441 5443/5443/5443 5442/5442/5442
f 5446/5446/5446 5445/5445/5445 5444/5444/5444
f 5445/5445/5445 5447/5447/5447 5444/5444/5444
f 5450/5450/5450 5449/5449/5449 5448/5448/5448
f 5450/5450/5450 5451/5451/5451 5449/5449/5449
f 5454/5454/5454 5453/5453/5453 5452/5452/5452
f 5452/5452/5452 5453/5453/5453 5455/5455/5455
f 5458/5458/5458 5457/5457/5457 5456/5456/5456
f 5459/5459/5459 5458/5458/5458 5456/5456/5456
f 5460/5460/5460 5458/5458/5458 5459/5459/5459
f 5463/5463/5463 5462/5462/5462 5461/5461/5461
f 5464/5464/5464 5462/5462/5462 5463/5463/5463
f 5462/5462/5462 5464/5464/5464 5465/5465/5465
f 5466/5466/5466 5465/5465/5465 5464/5464/5464
f 5466/5466/5466 5464/5464/5464 5467/5467/5467
f 5468/5468/5468 5466/5466/5466 5467/5467/5467
f 5468/5468/5468 5467/5467/5467 5469/5469/5469
f 5467/5467/5467 5470/5470/5470 5469/5469/5469
f 5469/5469/5469 5470/5470/5470 5471/5471/5471
f 5471/5471/5471 5470/5470/5470 5472/5472/5472
f 5471/5471/5471 5472/5472/5472 5473/5473/5473
f 5473/5473/5473 5472/5472/5472 5474/5474/5474
f 5475/5475/5475 5473/5473/5473 5474/5474/5474
f 5474/5474/5474 5476/5476/5476 5475/5475/5475
f 5475/5475/5475 5476/5476/5476 5477/5477/5477
f 5477/5477/5477 5476/5476/5476 5478/5478/5478
f 5481/5481/5481 5480/5480/5480 5479/5479/5479
f 5481/5481/5481 5482/5482/5482 5480/5480/5480
f 5485/5485/5485 5484/5484/5484 5483/5483/5483
f 5484/5484/5484 5486/5486/5486 5483/5483/5483
f 5489/5489/5489 5488/5488/5488 5487/5487/5487
f 5487/5487/5487 5488/5488/5488 5490/5490/5490
f 5493/5493/5493 5492/5492/5492 5491/5491/5491
f 5492/5492/5492 5494/5494/5494 5491/5491/5491
f 5497/5497/5497 5496/5496/5496 5495/5495/5495
f 5496/5496/5496 5498/5498/5498 5495/5495/5495
f 5501/5501/5501 5500/5500/5500 5499/5499/5499
f 5502/5502/5502 5500/5500/5500 5501/5501/5501
f 5505/5505/5505 5504/5504/5504 5503/5503/5503
f 5506/5506/5506 5504/5504/5504 5505/5505/5505
f 5506/5506/5506 5507/5507/5507 5504/5504/5504
f 5510/5510/5510 5509/5509/5509 5508/5508/5508
f 5509/5509/5509 5511/5511/5511 5508/5508/5508
f 5514/5514/5514 5513/5513/5513 5512/5512/5512
f 5514/5514/5514 5515/5515/5515 5513/5513/5513
f 5518/5518/5518 5517/5517/5517 5516/5516/5516
f 5519/5519/5519 5518/5518/5518 5516/5516/5516
f 5522/5522/5522 5521/5521/5521 5520/5520/5520
f 5523/5523/5523 5520/5520/5520 5521/5521/5521
f 5526/5526/5526 5525/5525/5525 5524/5524/5524
f 5524/5524/5524 5527/5527/5527 5526/5526/5526
f 5526/5526/5526 5527/5527/5527 5528/5528/5528
f 5527/5527/5527 5529/5529/5529 5528/5528/5528
f 5532/5532/5532 5531/5531/5531 5530/5530/5530
f 5531/5531/5531 5533/5533/5533 5530/5530/5530
f 5536/5536/5536 5535/5535/5535 5534/5534/5534
f 5534/5534/5534 5537/5537/5537 5536/5536/5536
f 5540/5540/5540 5539/5539/5539 5538/5538/5538
f 5538/5538/5538 5539/5539/5539 5541/5541/5541
f 5538/5538/5538 5541/5541/5541 5542/5542/5542
f 5543/5543/5543 5542/5542/5542 5541/5541/5541
f 5542/5542/5542 5543/5543/5543 5544/5544/5544
f 5543/5543/5543 5545/5545/5545 5544/5544/5544
f 5544/5544/5544 5545/5545/5545 5546/5546/5546
f 5546/5546/5546 5545/5545/5545 5547/5547/5547
f 5550/5550/5550 5549/5549/5549 5548/5548/5548
f 5548/5548/5548 5551/5551/5551 5550/5550/5550
f 5551/5551/5551 5548/5548/5548 5552/5552/5552
f 5555/5555/5555 5554/5554/5554 5553/5553/5553
f 5553/5553/5553 5554/5554/5554 5556/5556/5556
f 5556/5556/5556 5554/5554/5554 5557/5557/5557
f 5558/5558/5558 5557/5557/5557 5554/5554/5554
f 5559/5559/5559 5553/5553/5553 5556/5556/5556
f 5560/5560/5560 5553/5553/5553 5559/5559/5559
f 5561/5561/5561 5560/5560/5560 5559/5559/5559
f 5564/5564/5564 5563/5563/5563 5562/5562/5562
f 5564/5564/5564 5562/5562/5562 5565/5565/5565
f 5568/5568/5568 5567/5567/5567 5566/5566/5566
f 5569/5569/5569 5566/5566/5566 5567/5567/5567
f 5569/5569/5569 5567/5567/5567 5570/5570/5570
f 5570/5570/5570 5567/5567/5567 5571/5571/5571
f 5572/5572/5572 5566/5566/5566 5569/5569/5569
f 5572/5572/5572 5573/5573/5573 5566/5566/5566
f 5574/5574/5574 5573/5573/5573 5572/5572/5572
f 5574/5574/5574 5575/5575/5575 5573/5573/5573
f 5575/5575/5575 5574/5574/5574 5576/5576/5576
f 5576/5576/5576 5577/5577/5577 5575/5575/5575
f 5576/5576/5576 5578/5578/5578 5577/5577/5577
f 5579/5579/5579 5577/5577/5577 5578/5578/5578
f 5580/5580/5580 5579/5579/5579 5578/5578/5578
f 5581/5581/5581 5577/5577/5577 5579/5579/5579
f 5584/5584/5584 5583/5583/5583 5582/5582/5582
f 5584/5584/5584 5582/5582/5582 5585/5585/5585
f 5588/5588/5588 5587/5587/5587 5586/5586/5586
f 5586/5586/5586 5587/5587/5587 5589/5589/5589
f 5587/5587/5587 5590/5590/5590 5589/5589/5589
f 5593/5593/5593 5592/5592/5592 5591/5591/5591
f 5593/5593/5593 5594/5594/5594 5592/5592/5592
f 5597/5597/5597 5596/5596/5596 5595/5595/5595
f 5598/5598/5598 5595/5595/5595 5596/5596/5596
f 5599/5599/5599 5598/5598/5598 5596/5596/5596
f 5600/5600/5600 5598/5598/5598 5599/5599/5599
f 5600/5600/5600 5601/5601/5601 5598/5598/5598
f 5602/5602/5602 5601/5601/5601 5600/5600/5600
f 5603/5603/5603 5601/5601/5601 5602/5602/5602
f 5604/5604/5604 5603/5603/5603 5602/5602/5602
f 5607/5607/5607 5606/5606/5606 5605/5605/5605
f 5608/5608/5608 5605/5605/5605 5606/5606/5606
f 5611/5611/5611 5610/5610/5610 5609/5609/5609
f 5609/5609/5609 5610/5610/5610 5612/5612/5612
f 5615/5615/5615 5614/5614/5614 5613/5613/5613
f 5613/5613/5613 5616/5616/5616 5615/5615/5615
f 5619/5619/5619 5618/5618/5618 5617/5617/5617
f 5617/5617/5617 5618/5618/5618 5620/5620/5620
f 5623/5623/5623 5622/5622/5622 5621/5621/5621
f 5623/5623/5623 5624/5624/5624 5622/5622/5622
f 5627/5627/5627 5626/5626/5626 5625/5625/5625
f 5625/5625/5625 5626/5626/5626 5628/5628/5628
f 5631/5631/5631 5630/5630/5630 5629/5629/5629
f 5632/5632/5632 5630/5630/5630 5631/5631/5631
f 5633/5633/5633 5630/5630/5630 5632/5632/5632
f 5636/5636/5636 5635/5635/5635 5634/5634/5634
f 5637/5637/5637 5636/5636/5636 5634/5634/5634
f 5640/5640/5640 5639/5639/5639 5638/5638/5638
f 5638/5638/5638 5639/5639/5639 5641/5641/5641
f 5644/5644/5644 5643/5643/5643 5642/5642/5642
f 5644/5644/5644 5645/5645/5645 5643/5643/5643
f 5648/5648/5648 5647/5647/5647 5646/5646/5646
f 5649/5649/5649 5648/5648/5648 5646/5646/5646
f 5649/5649/5649 5650/5650/5650 5648/5648/5648
f 5650/5650/5650 5651/5651/5651 5648/5648/5648
f 5651/5651/5651 5652/5652/5652 5648/5648/5648
f 5653/5653/5653 5652/5652/5652 5651/5651/5651
f 5656/5656/5656 5655/5655/5655 5654/5654/5654
f 5655/5655/5655 5656/5656/5656 5657/5657/5657
f 5660/5660/5660 5659/5659/5659 5658/5658/5658
f 5660/5660/5660 5658/5658/5658 5661/5661/5661
f 5664/5664/5664 5663/5663/5663 5662/5662/5662
f 5662/5662/5662 5663/5663/5663 5665/5665/5665
f 5668/5668/5668 5667/5667/5667 5666/5666/5666
f 5666/5666/5666 5669/5669/5669 5668/5668/5668
f 5672/5672/5672 5671/5671/5671 5670/5670/5670
f 5671/5671/5671 5673/5673/5673 5670/5670/5670
f 5676/5676/5676 5675/5675/5675 5674/5674/5674
f 5675/5675/5675 5677/5677/5677 5674/5674/5674
f 5680/5680/5680 5679/5679/5679 5678/5678/5678
f 5679/5679/5679 5680/5680/5680 5681/5681/5681
f 5682/5682/5682 5681/5681/5681 5680/5680/5680
f 5681/5681/5681 5682/5682/5682 5683/5683/5683
f 5684/5684/5684 5683/5683/5683 5682/5682/5682
f 5685/5685/5685 5683/5683/5683 5684/5684/5684
f 5686/5686/5686 5683/5683/5683 5685/5685/5685
f 5689/5689/5689 5688/5688/5688 5687/5687/5687
f 5688/5688/5688 5689/5689/5689 5690/5690/5690
f 5693/5693/5693 5692/5692/5692 5691/5691/5691
f 5693/5693/5693 5691/5691/5691 5694/5694/5694
f 5697/5697/5697 5696/5696/5696 5695/5695/5695
f 5696/5696/5696 5698/5698/5698 5695/5695/5695
f 5696/5696/5696 5699/5699/5699 5698/5698/5698
f 5702/5702/5702 5701/5701/5701 5700/5700/5700
f 5701/5701/5701 5702/5702/5702 5703/5703/5703
f 5706/5706/5706 5705/5705/5705 5704/5704/5704
f 5707/5707/5707 5705/5705/5705 5706/5706/5706
f 5705/5705/5705 5707/5707/5707 5708/5708/5708
f 5709/5709/5709 5708/5708/5708 5707/5707/5707
f 5709/5709/5709 5710/5710/5710 5708/5708/5708
f 5709/5709/5709 5711/5711/5711 5710/5710/5710
f 5711/5711/5711 5712/5712/5712 5710/5710/5710
f 5713/5713/5713 5712/5712/5712 5711/5711/5711
f 5714/5714/5714 5712/5712/5712 5713/5713/5713
f 5714/5714/5714 5713/5713/5713 5715/5715/5715
f 5714/5714/5714 5715/5715/5715 5716/5716/5716
f 5716/5716/5716 5715/5715/5715 5717/5717/5717
f 5718/5718/5718 5716/5716/5716 5717/5717/5717
f 5718/5718/5718 5717/5717/5717 5719/5719/5719
f 5719/5719/5719 5720/5720/5720 5718/5718/5718
f 5723/5723/5723 5722/5722/5722 5721/5721/5721
f 5723/5723/5723 5724/5724/5724 5722/5722/5722
f 5724/5724/5724 5725/5725/5725 5722/5722/5722
f 5723/5723/5723 5726/5726/5726 5724/5724/5724
f 5726/5726/5726 5727/5727/5727 5724/5724/5724
f 5730/5730/5730 5729/5729/5729 5728/5728/5728
f 5731/5731/5731 5730/5730/5730 5728/5728/5728
f 5731/5731/5731 5732/5732/5732 5730/5730/5730
f 5735/5735/5735 5734/5734/5734 5733/5733/5733
f 5736/5736/5736 5735/5735/5735 5733/5733/5733
f 5739/5739/5739 5738/5738/5738 5737/5737/5737
f 5739/5739/5739 5737/5737/5737 5740/5740/5740
f 5743/5743/5743 5742/5742/5742 5741/5741/5741
f 5742/5742/5742 5744/5744/5744 5741/5741/5741
f 5745/5745/5745 5741/5741/5741 5744/5744/5744
f 5744/5744/5744 5746/5746/5746 5745/5745/5745
f 5746/5746/5746 5744/5744/5744 5747/5747/5747
f 5746/5746/5746 5747/5747/5747 5748/5748/5748
f 5747/5747/5747 5749/5749/5749 5748/5748/5748
f 5748/5748/5748 5749/5749/5749 5750/5750/5750
f 5749/5749/5749 5751/5751/5751 5750/5750/5750
f 5749/5749/5749 5752/5752/5752 5751/5751/5751
f 5751/5751/5751 5752/5752/5752 5753/5753/5753
f 5756/5756/5756 5755/5755/5755 5754/5754/5754
f 5754/5754/5754 5755/5755/5755 5757/5757/5757
f 5760/5760/5760 5759/5759/5759 5758/5758/5758
f 5761/5761/5761 5760/5760/5760 5758/5758/5758
f 5761/5761/5761 5758/5758/5758 5762/5762/5762
f 5762/5762/5762 5758/5758/5758 5763/5763/5763
f 5766/5766/5766 5765/5765/5765 5764/5764/5764
f 5766/5766/5766 5764/5764/5764 5767/5767/5767
f 5770/5770/5770 5769/5769/5769 5768/5768/5768
f 5771/5771/5771 5769/5769/5769 5770/5770/5770
f 5772/5772/5772 5771/5771/5771 5770/5770/5770
f 5772/5772/5772 5773/5773/5773 5771/5771/5771
f 5771/5771/5771 5773/5773/5773 5774/5774/5774
f 5774/5774/5774 5773/5773/5773 5775/5775/5775
f 5776/5776/5776 5774/5774/5774 5775/5775/5775
f 5777/5777/5777 5776/5776/5776 5775/5775/5775
f 5776/5776/5776 5777/5777/5777 5778/5778/5778
f 5779/5779/5779 5778/5778/5778 5777/5777/5777
f 5780/5780/5780 5778/5778/5778 5779/5779/5779
f 5783/5783/5783 5782/5782/5782 5781/5781/5781
f 5783/5783/5783 5784/5784/5784 5782/5782/5782
f 5787/5787/5787 5786/5786/5786 5785/5785/5785
f 5788/5788/5788 5787/5787/5787 5785/5785/5785
f 5791/5791/5791 5790/5790/5790 5789/5789/5789
f 5792/5792/5792 5791/5791/5791 5789/5789/5789
f 5792/5792/5792 5789/5789/5789 5793/5793/5793
f 5796/5796/5796 5795/5795/5795 5794/5794/5794
f 5795/5795/5795 5797/5797/5797 5794/5794/5794
f 5797/5797/5797 5798/5798/5798 5794/5794/5794
f 5799/5799/5799 5798/5798/5798 5797/5797/5797
f 5799/5799/5799 5800/5800/5800 5798/5798/5798
f 5801/5801/5801 5800/5800/5800 5799/5799/5799
f 5802/5802/5802 5800/5800/5800 5801/5801/5801
f 5803/5803/5803 5800/5800/5800 5802/5802/5802
f 5804/5804/5804 5803/5803/5803 5802/5802/5802
f 5805/5805/5805 5803/5803/5803 5804/5804/5804
f 5808/5808/5808 5807/5807/5807 5806/5806/5806
f 5806/5806/5806 5809/5809/5809 5808/5808/5808
f 5812/5812/5812 5811/5811/5811 5810/5810/5810
f 5810/5810/5810 5811/5811/5811 5813/5813/5813
f 5816/5816/5816 5815/5815/5815 5814/5814/5814
f 5814/5814/5814 5815/5815/5815 5817/5817/5817
f 5820/5820/5820 5819/5819/5819 5818/5818/5818
f 5821/5821/5821 5818/5818/5818 5819/5819/5819
f 5824/5824/5824 5823/5823/5823 5822/5822/5822
f 5823/5823/5823 5825/5825/5825 5822/5822/5822
f 5828/5828/5828 5827/5827/5827 5826/5826/5826
f 5828/5828/5828 5829/5829/5829 5827/5827/5827
f 5827/5827/5827 5829/5829/5829 5830/5830/5830
f 5830/5830/5830 5829/5829/5829 5831/5831/5831
f 5831/5831/5831 5829/5829/5829 5832/5832/5832
f 5833/5833/5833 5829/5829/5829 5828/5828/5828
f 5832/5832/5832 5834/5834/5834 5831/5831/5831
f 5834/5834/5834 5835/5835/5835 5831/5831/5831
f 5834/5834/5834 5836/5836/5836 5835/5835/5835
f 5837/5837/5837 5836/5836/5836 5834/5834/5834
f 5838/5838/5838 5833/5833/5833 5828/5828/5828
f 5837/5837/5837 5839/5839/5839 5836/5836/5836
f 5840/5840/5840 5838/5838/5838 5828/5828/5828
f 5841/5841/5841 5840/5840/5840 5828/5828/5828
f 5840/5840/5840 5841/5841/5841 5842/5842/5842
f 5843/5843/5843 5838/5838/5838 5840/5840/5840
f 5840/5840/5840 5844/5844/5844 5843/5843/5843
f 5844/5844/5844 5845/5845/5845 5843/5843/5843
f 5845/5845/5845 5846/5846/5846 5843/5843/5843
f 5846/5846/5846 5847/5847/5847 5843/5843/5843
f 5846/5846/5846 5848/5848/5848 5847/5847/5847
f 5846/5846/5846 5849/5849/5849 5848/5848/5848
f 5849/5849/5849 5850/5850/5850 5848/5848/5848
f 5851/5851/5851 5850/5850/5850 5849/5849/5849
f 5851/5851/5851 5852/5852/5852 5850/5850/5850
f 5852/5852/5852 5853/5853/5853 5850/5850/5850
f 5852/5852/5852 5854/5854/5854 5853/5853/5853
f 5854/5854/5854 5855/5855/5855 5853/5853/5853
f 5854/5854/5854 5856/5856/5856 5855/5855/5855
f 5857/5857/5857 5856/5856/5856 5854/5854/5854
f 5855/5855/5855 5856/5856/5856 5858/5858/5858
f 5856/5856/5856 5859/5859/5859 5858/5858/5858
f 5860/5860/5860 5859/5859/5859 5856/5856/5856
f 5860/5860/5860 5861/5861/5861 5859/5859/5859
f 5859/5859/5859 5861/5861/5861 5862/5862/5862
f 5862/5862/5862 5861/5861/5861 5863/5863/5863
f 5861/5861/5861 5864/5864/5864 5863/5863/5863
f 5863/5863/5863 5864/5864/5864 5839/5839/5839
f 5864/5864/5864 5836/5836/5836 5839/5839/5839
f 5836/5836/5836 5864/5864/5864 5865/5865/5865
f 5864/5864/5864 5866/5866/5866 5865/5865/5865
f 5861/5861/5861 5867/5867/5867 5864/5864/5864
f 5868/5868/5868 5867/5867/5867 5861/5861/5861
f 5871/5871/5871 5870/5870/5870 5869/5869/5869
f 5870/5870/5870 5872/5872/5872 5869/5869/5869
f 5875/5875/5875 5874/5874/5874 5873/5873/5873
f 5873/5873/5873 5876/5876/5876 5875/5875/5875
f 5876/5876/5876 5878/5878/5878 5877/5877/5877
f 5879/5879/5879 5878/5878/5878 5876/5876/5876
f 5882/5882/5882 5881/5881/5881 5880/5880/5880
f 5883/5883/5883 5881/5881/5881 5882/5882/5882
f 5881/5881/5881 5883/5883/5883 5884/5884/5884
f 5883/5883/5883 5885/5885/5885 5884/5884/5884
f 5888/5888/5888 5887/5887/5887 5886/5886/5886
f 5889/5889/5889 5887/5887/5887 5888/5888/5888
f 5888/5888/5888 5890/5890/5890 5889/5889/5889
f 5891/5891/5891 5890/5890/5890 5888/5888/5888
f 5894/5894/5894 5893/5893/5893 5892/5892/5892
f 5895/5895/5895 5893/5893/5893 5894/5894/5894
f 5898/5898/5898 5897/5897/5897 5896/5896/5896
f 5897/5897/5897 5899/5899/5899 5896/5896/5896
f 5896/5896/5896 5899/5899/5899 5900/5900/5900
f 5900/5900/5900 5899/5899/5899 5901/5901/5901
f 5899/5899/5899 5902/5902/5902 5901/5901/5901
f 5901/5901/5901 5902/5902/5902 5903/5903/5903
f 5906/5906/5906 5905/5905/5905 5904/5904/5904
f 5904/5904/5904 5905/5905/5905 5907/5907/5907
f 5905/5905/5905 5908/5908/5908 5907/5907/5907
f 5907/5907/5907 5908/5908/5908 5909/5909/5909
f 5908/5908/5908 5910/5910/5910 5909/5909/5909
f 5908/5908/5908 5911/5911/5911 5910/5910/5910
f 5910/5910/5910 5911/5911/5911 5912/5912/5912
f 5911/5911/5911 5913/5913/5913 5912/5912/5912
f 5912/5912/5912 5913/5913/5913 5914/5914/5914
f 5914/5914/5914 5913/5913/5913 5915/5915/5915
f 5918/5918/5918 5917/5917/5917 5916/5916/5916
f 5919/5919/5919 5918/5918/5918 5916/5916/5916
f 5922/5922/5922 5921/5921/5921 5920/5920/5920
f 5922/5922/5922 5923/5923/5923 5921/5921/5921
f 5926/5926/5926 5925/5925/5925 5924/5924/5924
f 5927/5927/5927 5925/5925/5925 5926/5926/5926
f 5930/5930/5930 5929/5929/5929 5928/5928/5928
f 5928/5928/5928 5931/5931/5931 5930/5930/5930
f 5930/5930/5930 5931/5931/5931 5932/5932/5932
f 5935/5935/5935 5934/5934/5934 5933/5933/5933
f 5934/5934/5934 5936/5936/5936 5933/5933/5933
f 5939/5939/5939 5938/5938/5938 5937/5937/5937
f 5940/5940/5940 5937/5937/5937 5938/5938/5938
f 5940/5940/5940 5941/5941/5941 5937/5937/5937
f 5941/5941/5941 5942/5942/5942 5937/5937/5937
f 5945/5945/5945 5944/5944/5944 5943/5943/5943
f 5943/5943/5943 5944/5944/5944 5946/5946/5946
f 5949/5949/5949 5948/5948/5948 5947/5947/5947
f 5950/5950/5950 5948/5948/5948 5949/5949/5949
f 5953/5953/5953 5952/5952/5952 5951/5951/5951
f 5954/5954/5954 5951/5951/5951 5952/5952/5952
f 5957/5957/5957 5956/5956/5956 5955/5955/5955
f 5957/5957/5957 5955/5955/5955 5958/5958/5958
f 5961/5961/5961 5960/5960/5960 5959/5959/5959
f 5962/5962/5962 5961/5961/5961 5959/5959/5959
f 5965/5965/5965 5964/5964/5964 5963/5963/5963
f 5966/5966/5966 5964/5964/5964 5965/5965/5965
f 5964/5964/5964 5966/5966/5966 5967/5967/5967
f 5968/5968/5968 5967/5967/5967 5966/5966/5966
f 5968/5968/5968 5969/5969/5969 5967/5967/5967
f 5970/5970/5970 5969/5969/5969 5968/5968/5968
f 5971/5971/5971 5969/5969/5969 5970/5970/5970
f 5972/5972/5972 5969/5969/5969 5971/5971/5971
f 5973/5973/5973 5972/5972/5972 5971/5971/5971
f 5973/5973/5973 5971/5971/5971 5974/5974/5974
f 5977/5977/5977 5976/5976/5976 5975/5975/5975
f 5976/5976/5976 5978/5978/5978 5975/5975/5975
f 5981/5981/5981 5980/5980/5980 5979/5979/5979
f 5981/5981/5981 5979/5979/5979 5982/5982/5982
f 5981/5981/5981 5982/5982/5982 5983/5983/5983
f 5984/5984/5984 5983/5983/5983 5982/5982/5982
f 5984/5984/5984 5985/5985/5985 5983/5983/5983
f 5988/5988/5988 5987/5987/5987 5986/5986/5986
f 5989/5989/5989 5988/5988/5988 5986/5986/5986
f 5992/5992/5992 5991/5991/5991 5990/5990/5990
f 5993/5993/5993 5991/5991/5991 5992/5992/5992
f 5996/5996/5996 5995/5995/5995 5994/5994/5994
f 5997/5997/5997 5996/5996/5996 5994/5994/5994
f 6000/6000/6000 5999/5999/5999 5998/5998/5998
f 6000/6000/6000 5998/5998/5998 6001/6001/6001
f 6004/6004/6004 6003/6003/6003 6002/6002/6002
f 6005/6005/6005 6003/6003/6003 6004/6004/6004
f 6008/6008/6008 6007/6007/6007 6006/6006/6006
f 6009/6009/6009 6007/6007/6007 6008/6008/6008
f 6012/6012/6012 6011/6011/6011 6010/6010/6010
f 6012/6012/6012 6013/6013/6013 6011/6011/6011
f 6016/6016/6016 6015/6015/6015 6014/6014/6014
f 6015/6015/6015 6017/6017/6017 6014/6014/6014
f 6020/6020/6020 6019/6019/6019 6018/6018/6018
f 6020/6020/6020 6021/6021/6021 6019/6019/6019
f 6024/6024/6024 6023/6023/6023 6022/6022/6022
f 6022/6022/6022 6025/6025/6025 6024/6024/6024
f 6028/6028/6028 6027/6027/6027 6026/6026/6026
f 6028/6028/6028 6029/6029/6029 6027/6027/6027
f 6030/6030/6030 6029/6029/6029 6028/6028/6028
f 6031/6031/6031 6029/6029/6029 6030/6030/6030
f 6032/6032/6032 6031/6031/6031 6030/6030/6030
f 6032/6032/6032 6033/6033/6033 6031/6031/6031
f 6036/6036/6036 6035/6035/6035 6034/6034/6034
f 6035/6035/6035 6037/6037/6037 6034/6034/6034
f 6035/6035/6035 6038/6038/6038 6037/6037/6037
f 6039/6039/6039 6038/6038/6038 6035/6035/6035
f 6042/6042/6042 6041/6041/6041 6040/6040/6040
f 6042/6042/6042 6040/6040/6040 6043/6043/6043
f 6046/6046/6046 6045/6045/6045 6044/6044/6044
f 6047/6047/6047 6046/6046/6046 6044/6044/6044
f 6048/6048/6048 6047/6047/6047 6044/6044/6044
f 6048/6048/6048 6044/6044/6044 6049/6049/6049
f 6048/6048/6048 6049/6049/6049 6050/6050/6050
f 6050/6050/6050 6049/6049/6049 6051/6051/6051
f 6054/6054/6054 6053/6053/6053 6052/6052/6052
f 6054/6054/6054 6055/6055/6055 6053/6053/6053
f 6058/6058/6058 6057/6057/6057 6056/6056/6056
f 6059/6059/6059 6057/6057/6057 6058/6058/6058
f 6060/6060/6060 6059/6059/6059 6058/6058/6058
f 6059/6059/6059 6060/6060/6060 6061/6061/6061
f 6062/6062/6062 6061/6061/6061 6060/6060/6060
f 6063/6063/6063 6062/6062/6062 6060/6060/6060
f 6066/6066/6066 6065/6065/6065 6064/6064/6064
f 6064/6064/6064 6065/6065/6065 6067/6067/6067
f 6067/6067/6067 6065/6065/6065 6068/6068/6068
f 6069/6069/6069 6067/6067/6067 6068/6068/6068
f 6069/6069/6069 6070/6070/6070 6067/6067/6067
f 6071/6071/6071 6070/6070/6070 6069/6069/6069
f 6071/6071/6071 6072/6072/6072 6070/6070/6070
f 6075/6075/6075 6074/6074/6074 6073/6073/6073
f 6074/6074/6074 6076/6076/6076 6073/6073/6073
f 6079/6079/6079 6078/6078/6078 6077/6077/6077
f 6079/6079/6079 6077/6077/6077 6080/6080/6080
f 6081/6081/6081 6079/6079/6079 6080/6080/6080
f 6082/6082/6082 6079/6079/6079 6081/6081/6081
f 6079/6079/6079 6082/6082/6082 6083/6083/6083
f 6084/6084/6084 6083/6083/6083 6082/6082/6082
f 6087/6087/6087 6086/6086/6086 6085/6085/6085
f 6088/6088/6088 6087/6087/6087 6085/6085/6085
f 6085/6085/6085 6089/6089/6089 6088/6088/6088
f 6090/6090/6090 6089/6089/6089 6085/6085/6085
f 6093/6093/6093 6092/6092/6092 6091/6091/6091
f 6093/6093/6093 6091/6091/6091 6094/6094/6094
f 6095/6095/6095 6094/6094/6094 6091/6091/6091
f 6098/6098/6098 6097/6097/6097 6096/6096/6096
f 6097/6097/6097 6099/6099/6099 6096/6096/6096
f 6102/6102/6102 6101/6101/6101 6100/6100/6100
f 6103/6103/6103 6101/6101/6101 6102/6102/6102
f 6101/6101/6101 6103/6103/6103 6104/6104/6104
f 6105/6105/6105 6101/6101/6101 6104/6104/6104
f 6106/6106/6106 6105/6105/6105 6104/6104/6104
f 6106/6106/6106 6107/6107/6107 6105/6105/6105
f 6107/6107/6107 6108/6108/6108 6105/6105/6105
f 6107/6107/6107 6109/6109/6109 6108/6108/6108
f 6108/6108/6108 6109/6109/6109 6110/6110/6110
f 6110/6110/6110 6109/6109/6109 6111/6111/6111
f 6110/6110/6110 6111/6111/6111 6112/6112/6112
f 6112/6112/6112 6111/6111/6111 6113/6113/6113
f 6116/6116/6116 6115/6115/6115 6114/6114/6114
f 6117/6117/6117 6115/6115/6115 6116/6116/6116
f 6118/6118/6118 6117/6117/6117 6116/6116/6116
f 6119/6119/6119 6117/6117/6117 6118/6118/6118
f 6120/6120/6120 6119/6119/6119 6118/6118/6118
f 6120/6120/6120 6121/6121/6121 6119/6119/6119
f 6122/6122/6122 6121/6121/6121 6120/6120/6120
f 6122/6122/6122 6123/6123/6123 6121/6121/6121
f 6124/6124/6124 6123/6123/6123 6122/6122/6122
f 6124/6124/6124 6125/6125/6125 6123/6123/6123
f 6126/6126/6126 6125/6125/6125 6124/6124/6124
f 6129/6129/6129 6128/6128/6128 6127/6127/6127
f 6128/6128/6128 6130/6130/6130 6127/6127/6127
f 6133/6133/6133 6132/6132/6132 6131/6131/6131
f 6132/6132/6132 6133/6133/6133 6134/6134/6134
f 6135/6135/6135 6132/6132/6132 6134/6134/6134
f 6135/6135/6135 6136/6136/6136 6132/6132/6132
f 6136/6136/6136 6135/6135/6135 6137/6137/6137
f 6137/6137/6137 6138/6138/6138 6136/6136/6136
f 6138/6138/6138 6137/6137/6137 6139/6139/6139
f 6139/6139/6139 6140/6140/6140 6138/6138/6138
f 6141/6141/6141 6140/6140/6140 6139/6139/6139
f 6142/6142/6142 6140/6140/6140 6141/6141/6141
f 6143/6143/6143 6140/6140/6140 6142/6142/6142
f 6144/6144/6144 6143/6143/6143 6142/6142/6142
f 6147/6147/6147 6146/6146/6146 6145/6145/6145
f 6146/6146/6146 6147/6147/6147 6148/6148/6148
f 6151/6151/6151 6150/6150/6150 6149/6149/6149
f 6149/6149/6149 6150/6150/6150 6152/6152/6152
f 6155/6155/6155 6154/6154/6154 6153/6153/6153
f 6153/6153/6153 6156/6156/6156 6155/6155/6155
f 6156/6156/6156 6153/6153/6153 6157/6157/6157
f 6158/6158/6158 6157/6157/6157 6153/6153/6153
f 6159/6159/6159 6157/6157/6157 6158/6158/6158
f 6159/6159/6159 6158/6158/6158 6160/6160/6160
f 6163/6163/6163 6162/6162/6162 6161/6161/6161
f 6163/6163/6163 6161/6161/6161 6164/6164/6164
f 6167/6167/6167 6166/6166/6166 6165/6165/6165
f 6168/6168/6168 6167/6167/6167 6165/6165/6165
f 6168/6168/6168 6165/6165/6165 6169/6169/6169
f 6169/6169/6169 6170/6170/6170 6168/6168/6168
f 6170/6170/6170 6169/6169/6169 6171/6171/6171
f 6170/6170/6170 6171/6171/6171 6172/6172/6172
f 6172/6172/6172 6171/6171/6171 6173/6173/6173
f 6174/6174/6174 6172/6172/6172 6173/6173/6173
f 6175/6175/6175 6172/6172/6172 6174/6174/6174
f 6175/6175/6175 6174/6174/6174 6176/6176/6176
f 6175/6175/6175 6176/6176/6176 6177/6177/6177
f 6178/6178/6178 6177/6177/6177 6176/6176/6176
f 6179/6179/6179 6177/6177/6177 6178/6178/6178
f 6180/6180/6180 6179/6179/6179 6178/6178/6178
f 6180/6180/6180 6181/6181/6181 6179/6179/6179
f 6182/6182/6182 6179/6179/6179 6181/6181/6181
f 6185/6185/6185 6184/6184/6184 6183/6183/6183
f 6186/6186/6186 6185/6185/6185 6183/6183/6183
f 6189/6189/6189 6188/6188/6188 6187/6187/6187
f 6188/6188/6188 6190/6190/6190 6187/6187/6187
f 6188/6188/6188 6191/6191/6191 6190/6190/6190
f 6188/6188/6188 6192/6192/6192 6191/6191/6191
f 6192/6192/6192 6193/6193/6193 6191/6191/6191
f 6192/6192/6192 6194/6194/6194 6193/6193/6193
f 6194/6194/6194 6195/6195/6195 6193/6193/6193
f 6195/6195/6195 6196/6196/6196 6193/6193/6193
f 6196/6196/6196 6197/6197/6197 6193/6193/6193
f 6198/6198/6198 6197/6197/6197 6196/6196/6196
f 6199/6199/6199 6198/6198/6198 6196/6196/6196
f 6200/6200/6200 6198/6198/6198 6199/6199/6199
f 6199/6199/6199 6201/6201/6201 6200/6200/6200
f 6201/6201/6201 6202/6202/6202 6200/6200/6200
f 6202/6202/6202 6203/6203/6203 6200/6200/6200
f 6206/6206/6206 6205/6205/6205 6204/6204/6204
f 6205/6205/6205 6206/6206/6206 6207/6207/6207
f 6208/6208/6208 6207/6207/6207 6206/6206/6206
f 6208/6208/6208 6209/6209/6209 6207/6207/6207
f 6212/6212/6212 6211/6211/6211 6210/6210/6210
f 6212/6212/6212 6213/6213/6213 6211/6211/6211
f 6212/6212/6212 6214/6214/6214 6213/6213/6213
f 6212/6212/6212 6215/6215/6215 6214/6214/6214
f 6215/6215/6215 6216/6216/6216 6214/6214/6214
f 6217/6217/6217 6216/6216/6216 6215/6215/6215
f 6220/6220/6220 6219/6219/6219 6218/6218/6218
f 6220/6220/6220 6218/6218/6218 6221/6221/6221
f 6224/6224/6224 6223/6223/6223 6222/6222/6222
f 6225/6225/6225 6223/6223/6223 6224/6224/6224
f 6228/6228/6228 6227/6227/6227 6226/6226/6226
f 6226/6226/6226 6227/6227/6227 6229/6229/6229
f 6232/6232/6232 6231/6231/6231 6230/6230/6230
f 6231/6231/6231 6233/6233/6233 6230/6230/6230
f 6231/6231/6231 6234/6234/6234 6233/6233/6233
f 6237/6237/6237 6236/6236/6236 6235/6235/6235
f 6238/6238/6238 6235/6235/6235 6236/6236/6236
f 6241/6241/6241 6240/6240/6240 6239/6239/6239
f 6240/6240/6240 6241/6241/6241 6242/6242/6242
f 6245/6245/6245 6244/6244/6244 6243/6243/6243
f 6243/6243/6243 6244/6244/6244 6246/6246/6246
f 6246/6246/6246 6244/6244/6244 6247/6247/6247
f 6248/6248/6248 6247/6247/6247 6244/6244/6244
f 6251/6251/6251 6250/6250/6250 6249/6249/6249
f 6251/6251/6251 6252/6252/6252 6250/6250/6250
f 6252/6252/6252 6253/6253/6253 6250/6250/6250
f 6253/6253/6253 6254/6254/6254 6250/6250/6250
f 6257/6257/6257 6256/6256/6256 6255/6255/6255
f 6257/6257/6257 6258/6258/6258 6256/6256/6256
f 6259/6259/6259 6258/6258/6258 6257/6257/6257
f 6259/6259/6259 6260/6260/6260 6258/6258/6258
f 6260/6260/6260 6261/6261/6261 6258/6258/6258
f 6262/6262/6262 6261/6261/6261 6260/6260/6260
f 6262/6262/6262 6263/6263/6263 6261/6261/6261
f 6263/6263/6263 6264/6264/6264 6261/6261/6261
f 6265/6265/6265 6264/6264/6264 6263/6263/6263
f 6265/6265/6265 6266/6266/6266 6264/6264/6264
f 6266/6266/6266 6265/6265/6265 6267/6267/6267
f 6267/6267/6267 6268/6268/6268 6266/6266/6266
f 6267/6267/6267 6269/6269/6269 6268/6268/6268
f 6272/6272/6272 6271/6271/6271 6270/6270/6270
f 6270/6270/6270 6273/6273/6273 6272/6272/6272
f 6273/6273/6273 6274/6274/6274 6272/6272/6272
f 6273/6273/6273 6275/6275/6275 6274/6274/6274
f 6278/6278/6278 6277/6277/6277 6276/6276/6276
f 6277/6277/6277 6279/6279/6279 6276/6276/6276
f 6279/6279/6279 6277/6277/6277 6280/6280/6280
f 6281/6281/6281 6280/6280/6280 6277/6277/6277
f 6282/6282/6282 6280/6280/6280 6281/6281/6281
f 6281/6281/6281 6283/6283/6283 6282/6282/6282
f 6286/6286/6286 6285/6285/6285 6284/6284/6284
f 6285/6285/6285 6287/6287/6287 6284/6284/6284
f 6290/6290/6290 6289/6289/6289 6288/6288/6288
f 6289/6289/6289 6291/6291/6291 6288/6288/6288
f 6291/6291/6291 6292/6292/6292 6288/6288/6288
f 6295/6295/6295 6294/6294/6294 6293/6293/6293
f 6295/6295/6295 6293/6293/6293 6296/6296/6296
f 6299/6299/6299 6298/6298/6298 6297/6297/6297
f 6297/6297/6297 6298/6298/6298 6300/6300/6300
f 6303/6303/6303 6302/6302/6302 6301/6301/6301
f 6304/6304/6304 6302/6302/6302 6303/6303/6303
f 6307/6307/6307 6306/6306/6306 6305/6305/6305
f 6306/6306/6306 6308/6308/6308 6305/6305/6305
f 6305/6305/6305 6308/6308/6308 6309/6309/6309
f 6309/6309/6309 6308/6308/6308 6310/6310/6310
f 6309/6309/6309 6310/6310/6310 6311/6311/6311
f 6314/6314/6314 6313/6313/6313 6312/6312/6312
f 6315/6315/6315 6314/6314/6314 6312/6312/6312
f 6312/6312/6312 6316/6316/6316 6315/6315/6315
f 6315/6315/6315 6316/6316/6316 6317/6317/6317
f 6317/6317/6317 6316/6316/6316 6318/6318/6318
f 6319/6319/6319 6317/6317/6317 6318/6318/6318
f 6322/6322/6322 6321/6321/6321 6320/6320/6320
f 6322/6322/6322 6323/6323/6323 6321/6321/6321
f 6326/6326/6326 6325/6325/6325 6324/6324/6324
f 6325/6325/6325 6327/6327/6327 6324/6324/6324
f 6330/6330/6330 6329/6329/6329 6328/6328/6328
f 6331/6331/6331 6329/6329/6329 6330/6330/6330
f 6332/6332/6332 6329/6329/6329 6331/6331/6331
f 6332/6332/6332 6333/6333/6333 6329/6329/6329
f 6329/6329/6329 6333/6333/6333 6334/6334/6334
f 6335/6335/6335 6334/6334/6334 6333/6333/6333
f 6335/6335/6335 6336/6336/6336 6334/6334/6334
f 6337/6337/6337 6334/6334/6334 6336/6336/6336
f 6340/6340/6340 6339/6339/6339 6338/6338/6338
f 6341/6341/6341 6339/6339/6339 6340/6340/6340
f 6344/6344/6344 6343/6343/6343 6342/6342/6342
f 6345/6345/6345 6343/6343/6343 6344/6344/6344
f 6343/6343/6343 6345/6345/6345 6346/6346/6346
f 6346/6346/6346 6345/6345/6345 6347/6347/6347
f 6347/6347/6347 6345/6345/6345 6348/6348/6348
f 6348/6348/6348 6349/6349/6349 6347/6347/6347
f 6350/6350/6350 6347/6347/6347 6349/6349/6349
f 6350/6350/6350 6349/6349/6349 6351/6351/6351
f 6349/6349/6349 6352/6352/6352 6351/6351/6351
f 6351/6351/6351 6352/6352/6352 6353/6353/6353
f 6354/6354/6354 6353/6353/6353 6352/6352/6352
f 6354/6354/6354 6352/6352/6352 6355/6355/6355
f 6354/6354/6354 6355/6355/6355 6356/6356/6356
f 6355/6355/6355 6357/6357/6357 6356/6356/6356
f 6356/6356/6356 6357/6357/6357 6358/6358/6358
f 6358/6358/6358 6357/6357/6357 6359/6359/6359
f 6358/6358/6358 6359/6359/6359 6360/6360/6360
f 6363/6363/6363 6362/6362/6362 6361/6361/6361
f 6361/6361/6361 6362/6362/6362 6364/6364/6364
f 6367/6367/6367 6366/6366/6366 6365/6365/6365
f 6365/6365/6365 6366/6366/6366 6368/6368/6368
f 6368/6368/6368 6369/6369/6369 6365/6365/6365
f 6372/6372/6372 6371/6371/6371 6370/6370/6370
f 6373/6373/6373 6370/6370/6370 6371/6371/6371
f 6373/6373/6373 6371/6371/6371 6374/6374/6374
f 6375/6375/6375 6373/6373/6373 6374/6374/6374
f 6378/6378/6378 6377/6377/6377 6376/6376/6376
f 6379/6379/6379 6377/6377/6377 6378/6378/6378
f 6377/6377/6377 6379/6379/6379 6380/6380/6380
f 6383/6383/6383 6382/6382/6382 6381/6381/6381
f 6383/6383/6383 6384/6384/6384 6382/6382/6382
f 6384/6384/6384 6385/6385/6385 6382/6382/6382
f 6388/6388/6388 6387/6387/6387 6386/6386/6386
f 6389/6389/6389 6387/6387/6387 6388/6388/6388
f 6390/6390/6390 6389/6389/6389 6388/6388/6388
f 6390/6390/6390 6391/6391/6391 6389/6389/6389
f 6392/6392/6392 6391/6391/6391 6390/6390/6390
f 6392/6392/6392 6393/6393/6393 6391/6391/6391
f 6393/6393/6393 6392/6392/6392 6394/6394/6394
f 6394/6394/6394 6395/6395/6395 6393/6393/6393
f 6394/6394/6394 6396/6396/6396 6395/6395/6395
f 6395/6395/6395 6396/6396/6396 6397/6397/6397
f 6397/6397/6397 6396/6396/6396 6398/6398/6398
f 6398/6398/6398 6399/6399/6399 6397/6397/6397
f 6402/6402/6402 6401/6401/6401 6400/6400/6400
f 6400/6400/6400 6401/6401/6401 6403/6403/6403
f 6403/6403/6403 6404/6404/6404 6400/6400/6400
f 6403/6403/6403 6405/6405/6405 6404/6404/6404
f 6405/6405/6405 6403/6403/6403 6406/6406/6406
f 6403/6403/6403 6407/6407/6407 6406/6406/6406
f 6406/6406/6406 6407/6407/6407 6408/6408/6408
f 6408/6408/6408 6407/6407/6407 6409/6409/6409
f 6407/6407/6407 6410/6410/6410 6409/6409/6409
f 6409/6409/6409 6410/6410/6410 6411/6411/6411
f 6412/6412/6412 6409/6409/6409 6411/6411/6411
f 6413/6413/6413 6409/6409/6409 6412/6412/6412
f 6416/6416/6416 6415/6415/6415 6414/6414/6414
f 6416/6416/6416 6417/6417/6417 6415/6415/6415
f 6417/6417/6417 6418/6418/6418 6415/6415/6415
f 6419/6419/6419 6418/6418/6418 6417/6417/6417
f 6422/6422/6422 6421/6421/6421 6420/6420/6420
f 6422/6422/6422 6423/6423/6423 6421/6421/6421
f 6422/6422/6422 6424/6424/6424 6423/6423/6423
f 6425/6425/6425 6423/6423/6423 6424/6424/6424
f 6428/6428/6428 6427/6427/6427 6426/6426/6426
f 6429/6429/6429 6427/6427/6427 6428/6428/6428
f 6432/6432/6432 6431/6431/6431 6430/6430/6430
f 6430/6430/6430 6431/6431/6431 6433/6433/6433
f 6436/6436/6436 6435/6435/6435 6434/6434/6434
f 6437/6437/6437 6434/6434/6434 6435/6435/6435
f 6435/6435/6435 6438/6438/6438 6437/6437/6437
f 6438/6438/6438 6439/6439/6439 6437/6437/6437
f 6438/6438/6438 6440/6440/6440 6439/6439/6439
f 6439/6439/6439 6440/6440/6440 6441/6441/6441
f 6440/6440/6440 6442/6442/6442 6441/6441/6441
f 6442/6442/6442 6443/6443/6443 6441/6441/6441
f 6443/6443/6443 6444/6444/6444 6441/6441/6441
f 6443/6443/6443 6445/6445/6445 6444/6444/6444
f 6443/6443/6443 6446/6446/6446 6445/6445/6445
f 6446/6446/6446 6447/6447/6447 6445/6445/6445
f 6445/6445/6445 6447/6447/6447 6448/6448/6448
f 6449/6449/6449 6448/6448/6448 6447/6447/6447
f 6449/6449/6449 6450/6450/6450 6448/6448/6448
f 6453/6453/6453 6452/6452/6452 6451/6451/6451
f 6451/6451/6451 6452/6452/6452 6454/6454/6454
f 6457/6457/6457 6456/6456/6456 6455/6455/6455
f 6456/6456/6456 6458/6458/6458 6455/6455/6455
f 6461/6461/6461 6460/6460/6460 6459/6459/6459
f 6462/6462/6462 6461/6461/6461 6459/6459/6459
f 6465/6465/6465 6464/6464/6464 6463/6463/6463
f 6465/6465/6465 6463/6463/6463 6466/6466/6466
f 6466/6466/6466 6463/6463/6463 6467/6467/6467
f 6470/6470/6470 6469/6469/6469 6468/6468/6468
f 6469/6469/6469 6471/6471/6471 6468/6468/6468
f 6468/6468/6468 6471/6471/6471 6472/6472/6472
f 6475/6475/6475 6474/6474/6474 6473/6473/6473
f 6476/6476/6476 6475/6475/6475 6473/6473/6473
f 6473/6473/6473 6477/6477/6477 6476/6476/6476
f 6476/6476/6476 6477/6477/6477 6478/6478/6478
f 6478/6478/6478 6477/6477/6477 6479/6479/6479
f 6478/6478/6478 6479/6479/6479 6480/6480/6480
f 6483/6483/6483 6482/6482/6482 6481/6481/6481
f 6482/6482/6482 6483/6483/6483 6484/6484/6484
f 6482/6482/6482 6484/6484/6484 6485/6485/6485
f 6485/6485/6485 6484/6484/6484 6486/6486/6486
f 6484/6484/6484 6487/6487/6487 6486/6486/6486
f 6485/6485/6485 6486/6486/6486 6488/6488/6488
f 6491/6491/6491 6490/6490/6490 6489/6489/6489
f 6491/6491/6491 6489/6489/6489 6492/6492/6492
f 6493/6493/6493 6492/6492/6492 6489/6489/6489
f 6493/6493/6493 6494/6494/6494 6492/6492/6492
f 6494/6494/6494 6495/6495/6495 6492/6492/6492
f 6498/6498/6498 6497/6497/6497 6496/6496/6496
f 6498/6498/6498 6499/6499/6499 6497/6497/6497
f 6502/6502/6502 6501/6501/6501 6500/6500/6500
f 6500/6500/6500 6503/6503/6503 6502/6502/6502
f 6504/6504/6504 6502/6502/6502 6503/6503/6503
f 6504/6504/6504 6503/6503/6503 6505/6505/6505
f 6503/6503/6503 6506/6506/6506 6505/6505/6505
f 6505/6505/6505 6506/6506/6506 6507/6507/6507
f 6507/6507/6507 6506/6506/6506 6508/6508/6508
f 6506/6506/6506 6509/6509/6509 6508/6508/6508
f 6512/6512/6512 6511/6511/6511 6510/6510/6510
f 6511/6511/6511 6512/6512/6512 6513/6513/6513
f 6514/6514/6514 6511/6511/6511 6513/6513/6513
f 6511/6511/6511 6514/6514/6514 6515/6515/6515
f 6515/6515/6515 6514/6514/6514 6516/6516/6516
f 6517/6517/6517 6515/6515/6515 6516/6516/6516
f 6518/6518/6518 6515/6515/6515 6517/6517/6517
f 6521/6521/6521 6520/6520/6520 6519/6519/6519
f 6522/6522/6522 6520/6520/6520 6521/6521/6521
f 6521/6521/6521 6523/6523/6523 6522/6522/6522
f 6523/6523/6523 6521/6521/6521 6524/6524/6524
f 6527/6527/6527 6526/6526/6526 6525/6525/6525
f 6528/6528/6528 6527/6527/6527 6525/6525/6525
f 6529/6529/6529 6527/6527/6527 6528/6528/6528
f 6532/6532/6532 6531/6531/6531 6530/6530/6530
f 6532/6532/6532 6533/6533/6533 6531/6531/6531
f 6536/6536/6536 6535/6535/6535 6534/6534/6534
f 6535/6535/6535 6537/6537/6537 6534/6534/6534
f 6537/6537/6537 6538/6538/6538 6534/6534/6534
f 6534/6534/6534 6538/6538/6538 6539/6539/6539
f 6538/6538/6538 6540/6540/6540 6539/6539/6539
f 6540/6540/6540 6541/6541/6541 6539/6539/6539
f 6544/6544/6544 6543/6543/6543 6542/6542/6542
f 6544/6544/6544 6545/6545/6545 6543/6543/6543
f 6546/6546/6546 6545/6545/6545 6544/6544/6544
f 6547/6547/6547 6545/6545/6545 6546/6546/6546
f 6547/6547/6547 6548/6548/6548 6545/6545/6545
f 6551/6551/6551 6550/6550/6550 6549/6549/6549
f 6549/6549/6549 6550/6550/6550 6552/6552/6552
f 6555/6555/6555 6554/6554/6554 6553/6553/6553
f 6556/6556/6556 6555/6555/6555 6553/6553/6553
f 6556/6556/6556 6553/6553/6553 6557/6557/6557
f 6560/6560/6560 6559/6559/6559 6558/6558/6558
f 6558/6558/6558 6561/6561/6561 6560/6560/6560
f 6561/6561/6561 6558/6558/6558 6562/6562/6562
f 6565/6565/6565 6564/6564/6564 6563/6563/6563
f 6566/6566/6566 6565/6565/6565 6563/6563/6563
f 6569/6569/6569 6568/6568/6568 6567/6567/6567
f 6570/6570/6570 6567/6567/6567 6568/6568/6568
f 6570/6570/6570 6571/6571/6571 6567/6567/6567
f 6572/6572/6572 6571/6571/6571 6570/6570/6570
f 6571/6571/6571 6572/6572/6572 6573/6573/6573
f 6573/6573/6573 6574/6574/6574 6571/6571/6571
f 6575/6575/6575 6574/6574/6574 6573/6573/6573
f 6578/6578/6578 6577/6577/6577 6576/6576/6576
f 6579/6579/6579 6576/6576/6576 6577/6577/6577
f 6582/6582/6582 6581/6581/6581 6580/6580/6580
f 6581/6581/6581 6583/6583/6583 6580/6580/6580
f 6586/6586/6586 6585/6585/6585 6584/6584/6584
f 6587/6587/6587 6586/6586/6586 6584/6584/6584
f 6590/6590/6590 6589/6589/6589 6588/6588/6588
f 6591/6591/6591 6589/6589/6589 6590/6590/6590
f 6590/6590/6590 6592/6592/6592 6591/6591/6591
f 6589/6589/6589 6591/6591/6591 6593/6593/6593
f 6592/6592/6592 6594/6594/6594 6591/6591/6591
f 6595/6595/6595 6589/6589/6589 6593/6593/6593
f 6596/6596/6596 6594/6594/6594 6592/6592/6592
f 6595/6595/6595 6597/6597/6597 6589/6589/6589
f 6597/6597/6597 6595/6595/6595 6598/6598/6598
f 6599/6599/6599 6597/6597/6597 6598/6598/6598
f 6600/6600/6600 6599/6599/6599 6598/6598/6598
f 6601/6601/6601 6596/6596/6596 6592/6592/6592
f 6602/6602/6602 6599/6599/6599 6600/6600/6600
f 6603/6603/6603 6602/6602/6602 6600/6600/6600
f 6596/6596/6596 6601/6601/6601 6604/6604/6604
f 6605/6605/6605 6604/6604/6604 6601/6601/6601
f 6606/6606/6606 6605/6605/6605 6601/6601/6601
f 6602/6602/6602 6603/6603/6603 6607/6607/6607
f 6606/6606/6606 6601/6601/6601 6608/6608/6608
f 6606/6606/6606 6608/6608/6608 6607/6607/6607
f 6609/6609/6609 6602/6602/6602 6607/6607/6607
f 6608/6608/6608 6609/6609/6609 6607/6607/6607
f 6610/6610/6610 6609/6609/6609 6608/6608/6608
f 6613/6613/6613 6612/6612/6612 6611/6611/6611
f 6613/6613/6613 6614/6614/6614 6612/6612/6612
f 6617/6617/6617 6616/6616/6616 6615/6615/6615
f 6618/6618/6618 6616/6616/6616 6617/6617/6617
f 6621/6621/6621 6620/6620/6620 6619/6619/6619
f 6619/6619/6619 6620/6620/6620 6622/6622/6622
f 6622/6622/6622 6620/6620/6620 6623/6623/6623
f 6620/6620/6620 6624/6624/6624 6623/6623/6623
f 6627/6627/6627 6626/6626/6626 6625/6625/6625
f 6626/6626/6626 6628/6628/6628 6625/6625/6625
f 6631/6631/6631 6630/6630/6630 6629/6629/6629
f 6631/6631/6631 6629/6629/6629 6632/6632/6632
f 6633/6633/6633 6632/6632/6632 6629/6629/6629
f 6632/6632/6632 6634/6634/6634 6631/6631/6631
f 6632/6632/6632 6633/6633/6633 6635/6635/6635
f 6631/6631/6631 6634/6634/6634 6636/6636/6636
f 6633/6633/6633 6637/6637/6637 6635/6635/6635
f 6636/6636/6636 6638/6638/6638 6631/6631/6631
f 6639/6639/6639 6638/6638/6638 6636/6636/6636
f 6638/6638/6638 6639/6639/6639 6640/6640/6640
f 6641/6641/6641 6640/6640/6640 6639/6639/6639
f 6642/6642/6642 6640/6640/6640 6641/6641/6641
f 6633/6633/6633 6643/6643/6643 6637/6637/6637
f 6643/6643/6643 6644/6644/6644 6637/6637/6637
f 6645/6645/6645 6644/6644/6644 6643/6643/6643
f 6643/6643/6643 6646/6646/6646 6645/6645/6645
f 6646/6646/6646 6647/6647/6647 6645/6645/6645
f 6648/6648/6648 6647/6647/6647 6646/6646/6646
f 6649/6649/6649 6642/6642/6642 6641/6641/6641
f 6648/6648/6648 6649/6649/6649 6647/6647/6647
f 6642/6642/6642 6649/6649/6649 6650/6650/6650
f 6648/6648/6648 6650/6650/6650 6649/6649/6649
f 6653/6653/6653 6652/6652/6652 6651/6651/6651
f 6653/6653/6653 6651/6651/6651 6654/6654/6654
f 6657/6657/6657 6656/6656/6656 6655/6655/6655
f 6657/6657/6657 6655/6655/6655 6658/6658/6658
f 6661/6661/6661 6660/6660/6660 6659/6659/6659
f 6659/6659/6659 6662/6662/6662 6661/6661/6661
f 6662/6662/6662 6663/6663/6663 6661/6661/6661
f 6661/6661/6661 6663/6663/6663 6664/6664/6664
f 6664/6664/6664 6663/6663/6663 6665/6665/6665
f 6664/6664/6664 6665/6665/6665 6666/6666/6666
f 6667/6667/6667 6664/6664/6664 6666/6666/6666
f 6667/6667/6667 6666/6666/6666 6668/6668/6668
f 6669/6669/6669 6667/6667/6667 6668/6668/6668
f 6669/6669/6669 6668/6668/6668 6670/6670/6670
f 6670/6670/6670 6671/6671/6671 6669/6669/6669
f 6671/6671/6671 6670/6670/6670 6672/6672/6672
f 6672/6672/6672 6673/6673/6673 6671/6671/6671
f 6673/6673/6673 6672/6672/6672 6674/6674/6674
f 6674/6674/6674 6675/6675/6675 6673/6673/6673
f 6675/6675/6675 6674/6674/6674 6676/6676/6676
f 6676/6676/6676 6677/6677/6677 6675/6675/6675
f 6676/6676/6676 6678/6678/6678 6677/6677/6677
f 6678/6678/6678 6679/6679/6679 6677/6677/6677
f 6677/6677/6677 6679/6679/6679 6680/6680/6680
f 6680/6680/6680 6679/6679/6679 6681/6681/6681
f 6681/6681/6681 6679/6679/6679 6682/6682/6682
f 6681/6681/6681 6682/6682/6682 6683/6683/6683
f 6683/6683/6683 6682/6682/6682 6684/6684/6684
f 6683/6683/6683 6684/6684/6684 6685/6685/6685
f 6686/6686/6686 6685/6685/6685 6684/6684/6684
f 6686/6686/6686 6684/6684/6684 6687/6687/6687
f 6684/6684/6684 6688/6688/6688 6687/6687/6687
f 6688/6688/6688 6689/6689/6689 6687/6687/6687
f 6689/6689/6689 6690/6690/6690 6687/6687/6687
f 6690/6690/6690 6689/6689/6689 6691/6691/6691
f 6690/6690/6690 6691/6691/6691 6692/6692/6692
f 6692/6692/6692 6691/6691/6691 6693/6693/6693
f 6694/6694/6694 6693/6693/6693 6691/6691/6691
f 6694/6694/6694 6695/6695/6695 6693/6693/6693
f 6694/6694/6694 6696/6696/6696 6695/6695/6695
f 6697/6697/6697 6696/6696/6696 6694/6694/6694
f 6697/6697/6697 6698/6698/6698 6696/6696/6696
f 6697/6697/6697 6699/6699/6699 6698/6698/6698
f 6700/6700/6700 6698/6698/6698 6699/6699/6699
f 6698/6698/6698 6700/6700/6700 6701/6701/6701
f 6700/6700/6700 6702/6702/6702 6701/6701/6701
f 6703/6703/6703 6701/6701/6701 6702/6702/6702
f 6701/6701/6701 6703/6703/6703 6704/6704/6704
f 6707/6707/6707 6706/6706/6706 6705/6705/6705
f 6705/6705/6705 6706/6706/6706 6708/6708/6708
f 6705/6705/6705 6708/6708/6708 6709/6709/6709
f 6705/6705/6705 6709/6709/6709 6710/6710/6710
f 6710/6710/6710 6709/6709/6709 6711/6711/6711
f 6714/6714/6714 6713/6713/6713 6712/6712/6712
f 6714/6714/6714 6715/6715/6715 6713/6713/6713
f 6716/6716/6716 6715/6715/6715 6714/6714/6714
f 6716/6716/6716 6717/6717/6717 6715/6715/6715
f 6718/6718/6718 6717/6717/6717 6716/6716/6716
f 6719/6719/6719 6717/6717/6717 6718/6718/6718
f 6722/6722/6722 6721/6721/6721 6720/6720/6720
f 6722/6722/6722 6723/6723/6723 6721/6721/6721
f 6726/6726/6726 6725/6725/6725 6724/6724/6724
f 6727/6727/6727 6724/6724/6724 6725/6725/6725
f 6730/6730/6730 6729/6729/6729 6728/6728/6728
f 6729/6729/6729 6731/6731/6731 6728/6728/6728
f 6732/6732/6732 6731/6731/6731 6729/6729/6729
f 6729/6729/6729 6733/6733/6733 6732/6732/6732
f 6734/6734/6734 6732/6732/6732 6733/6733/6733
f 6734/6734/6734 6735/6735/6735 6732/6732/6732
f 6738/6738/6738 6737/6737/6737 6736/6736/6736
f 6737/6737/6737 6738/6738/6738 6739/6739/6739
f 6737/6737/6737 6739/6739/6739 6740/6740/6740
f 6741/6741/6741 6740/6740/6740 6739/6739/6739
f 6744/6744/6744 6743/6743/6743 6742/6742/6742
f 6742/6742/6742 6743/6743/6743 6745/6745/6745
f 6746/6746/6746 6742/6742/6742 6745/6745/6745
f 6746/6746/6746 6747/6747/6747 6742/6742/6742
f 6746/6746/6746 6748/6748/6748 6747/6747/6747
f 6747/6747/6747 6748/6748/6748 6749/6749/6749
f 6750/6750/6750 6749/6749/6749 6748/6748/6748
f 6750/6750/6750 6748/6748/6748 6751/6751/6751
f 6750/6750/6750 6751/6751/6751 6752/6752/6752
f 6752/6752/6752 6751/6751/6751 6753/6753/6753
f 6752/6752/6752 6753/6753/6753 6754/6754/6754
f 6754/6754/6754 6753/6753/6753 6755/6755/6755
f 6755/6755/6755 6753/6753/6753 6756/6756/6756
f 6755/6755/6755 6756/6756/6756 6757/6757/6757
f 6756/6756/6756 6758/6758/6758 6757/6757/6757
f 6757/6757/6757 6758/6758/6758 6759/6759/6759
f 6758/6758/6758 6760/6760/6760 6759/6759/6759
f 6761/6761/6761 6759/6759/6759 6760/6760/6760
f 6759/6759/6759 6761/6761/6761 6762/6762/6762
f 6762/6762/6762 6761/6761/6761 6763/6763/6763
f 6763/6763/6763 6761/6761/6761 6764/6764/6764
f 6761/6761/6761 6765/6765/6765 6764/6764/6764
f 6764/6764/6764 6765/6765/6765 6766/6766/6766
f 6766/6766/6766 6765/6765/6765 6767/6767/6767
f 6766/6766/6766 6767/6767/6767 6768/6768/6768
f 6767/6767/6767 6769/6769/6769 6768/6768/6768
f 6767/6767/6767 6770/6770/6770 6769/6769/6769
f 6770/6770/6770 6771/6771/6771 6769/6769/6769
f 6769/6769/6769 6771/6771/6771 6772/6772/6772
f 6772/6772/6772 6771/6771/6771 6773/6773/6773
f 6774/6774/6774 6772/6772/6772 6773/6773/6773
f 6774/6774/6774 6773/6773/6773 6775/6775/6775
f 6774/6774/6774 6775/6775/6775 6776/6776/6776
f 6776/6776/6776 6775/6775/6775 6777/6777/6777
f 6776/6776/6776 6777/6777/6777 6778/6778/6778
f 6778/6778/6778 6777/6777/6777 6779/6779/6779
f 6778/6778/6778 6779/6779/6779 6780/6780/6780
f 6780/6780/6780 6779/6779/6779 6781/6781/6781
f 6780/6780/6780 6781/6781/6781 6782/6782/6782
f 6782/6782/6782 6781/6781/6781 6783/6783/6783
f 6782/6782/6782 6783/6783/6783 6784/6784/6784
f 6784/6784/6784 6783/6783/6783 6785/6785/6785
f 6785/6785/6785 6786/6786/6786 6784/6784/6784
f 6784/6784/6784 6786/6786/6786 6787/6787/6787
f 6790/6790/6790 6789/6789/6789 6788/6788/6788
f 6789/6789/6789 6790/6790/6790 6791/6791/6791
f 6790/6790/6790 6792/6792/6792 6791/6791/6791
f 6791/6791/6791 6793/6793/6793 6789/6789/6789
f 6792/6792/6792 6794/6794/6794 6791/6791/6791
f 6795/6795/6795 6794/6794/6794 6792/6792/6792
f 6795/6795/6795 6792/6792/6792 6796/6796/6796
f 6796/6796/6796 6797/6797/6797 6795/6795/6795
f 6797/6797/6797 6796/6796/6796 6798/6798/6798
f 6797/6797/6797 6798/6798/6798 6799/6799/6799
f 6789/6789/6789 6793/6793/6793 6800/6800/6800
f 6801/6801/6801 6800/6800/6800 6793/6793/6793
f 6800/6800/6800 6801/6801/6801 6802/6802/6802
f 6800/6800/6800 6802/6802/6802 6803/6803/6803
f 6802/6802/6802 6804/6804/6804 6803/6803/6803
f 6798/6798/6798 6805/6805/6805 6799/6799/6799
f 6804/6804/6804 6806/6806/6806 6803/6803/6803
f 6807/6807/6807 6806/6806/6806 6804/6804/6804
f 6808/6808/6808 6799/6799/6799 6805/6805/6805
f 6809/6809/6809 6806/6806/6806 6807/6807/6807
f 6809/6809/6809 6808/6808/6808 6805/6805/6805
f 6806/6806/6806 6809/6809/6809 6810/6810/6810
f 6805/6805/6805 6810/6810/6810 6809/6809/6809
f 6805/6805/6805 6811/6811/6811 6810/6810/6810
f 6814/6814/6814 6813/6813/6813 6812/6812/6812
f 6815/6815/6815 6812/6812/6812 6813/6813/6813
f 6813/6813/6813 6816/6816/6816 6815/6815/6815
f 6819/6819/6819 6818/6818/6818 6817/6817/6817
f 6820/6820/6820 6818/6818/6818 6819/6819/6819
f 6821/6821/6821 6820/6820/6820 6819/6819/6819
f 6822/6822/6822 6820/6820/6820 6821/6821/6821
f 6821/6821/6821 6823/6823/6823 6822/6822/6822
f 6823/6823/6823 6824/6824/6824 6822/6822/6822
f 6827/6827/6827 6826/6826/6826 6825/6825/6825
f 6828/6828/6828 6827/6827/6827 6825/6825/6825
f 6828/6828/6828 6825/6825/6825 6829/6829/6829
f 6830/6830/6830 6829/6829/6829 6825/6825/6825
f 6833/6833/6833 6832/6832/6832 6831/6831/6831
f 6832/6832/6832 6834/6834/6834 6831/6831/6831
f 6835/6835/6835 6831/6831/6831 6834/6834/6834
f 6838/6838/6838 6837/6837/6837 6836/6836/6836
f 6838/6838/6838 6839/6839/6839 6837/6837/6837
f 6839/6839/6839 6840/6840/6840 6837/6837/6837
f 6841/6841/6841 6839/6839/6839 6838/6838/6838
f 6840/6840/6840 6842/6842/6842 6837/6837/6837
f 6843/6843/6843 6837/6837/6837 6842/6842/6842
f 6842/6842/6842 6844/6844/6844 6843/6843/6843
f 6843/6843/6843 6844/6844/6844 6845/6845/6845
f 6844/6844/6844 6846/6846/6846 6845/6845/6845
f 6845/6845/6845 6846/6846/6846 6847/6847/6847
f 6848/6848/6848 6847/6847/6847 6846/6846/6846
f 6849/6849/6849 6841/6841/6841 6838/6838/6838
f 6849/6849/6849 6850/6850/6850 6841/6841/6841
f 6849/6849/6849 6851/6851/6851 6850/6850/6850
f 6852/6852/6852 6851/6851/6851 6849/6849/6849
f 6852/6852/6852 6853/6853/6853 6851/6851/6851
f 6854/6854/6854 6847/6847/6847 6848/6848/6848
f 6855/6855/6855 6853/6853/6853 6852/6852/6852
f 6855/6855/6855 6856/6856/6856 6853/6853/6853
f 6857/6857/6857 6854/6854/6854 6848/6848/6848
f 6855/6855/6855 6857/6857/6857 6856/6856/6856
f 6855/6855/6855 6854/6854/6854 6857/6857/6857
f 6858/6858/6858 6854/6854/6854 6855/6855/6855
f 6861/6861/6861 6860/6860/6860 6859/6859/6859
f 6862/6862/6862 6859/6859/6859 6860/6860/6860
f 6863/6863/6863 6862/6862/6862 6860/6860/6860
f 6863/6863/6863 6864/6864/6864 6862/6862/6862
f 6863/6863/6863 6865/6865/6865 6864/6864/6864
f 6865/6865/6865 6866/6866/6866 6864/6864/6864
f 6867/6867/6867 6864/6864/6864 6866/6866/6866
f 6867/6867/6867 6866/6866/6866 6868/6868/6868
f 6862/6862/6862 6864/6864/6864 6869/6869/6869
f 6864/6864/6864 6867/6867/6867 6869/6869/6869
f 6867/6867/6867 6868/6868/6868 6870/6870/6870
f 6869/6869/6869 6867/6867/6867 6870/6870/6870
f 6870/6870/6870 6868/6868/6868 6871/6871/6871
f 6872/6872/6872 6870/6870/6870 6871/6871/6871
f 6862/6862/6862 6869/6869/6869 6873/6873/6873
f 6862/6862/6862 6873/6873/6873 6859/6859/6859
f 6870/6870/6870 6873/6873/6873 6869/6869/6869
f 6872/6872/6872 6874/6874/6874 6870/6870/6870
f 6874/6874/6874 6873/6873/6873 6870/6870/6870
f 6875/6875/6875 6874/6874/6874 6872/6872/6872
f 6876/6876/6876 6859/6859/6859 6873/6873/6873
f 6873/6873/6873 6874/6874/6874 6876/6876/6876
f 6876/6876/6876 6874/6874/6874 6875/6875/6875
f 6877/6877/6877 6859/6859/6859 6876/6876/6876
f 6875/6875/6875 6878/6878/6878 6876/6876/6876
f 6876/6876/6876 6879/6879/6879 6877/6877/6877
f 6879/6879/6879 6876/6876/6876 6878/6878/6878
f 6882/6882/6882 6881/6881/6881 6880/6880/6880
f 6880/6880/6880 6881/6881/6881 6883/6883/6883
f 6881/6881/6881 6884/6884/6884 6883/6883/6883
f 6884/6884/6884 6885/6885/6885 6883/6883/6883
f 6883/6883/6883 6885/6885/6885 6886/6886/6886
f 6885/6885/6885 6887/6887/6887 6886/6886/6886
f 6885/6885/6885 6888/6888/6888 6887/6887/6887
f 6888/6888/6888 6890/6890/6890 6889/6889/6889
f 6889/6889/6889 6890/6890/6890 6891/6891/6891
f 6890/6890/6890 6892/6892/6892 6891/6891/6891
f 6892/6892/6892 6893/6893/6893 6891/6891/6891
f 6892/6892/6892 6894/6894/6894 6893/6893/6893
f 6894/6894/6894 6895/6895/6895 6893/6893/6893
f 6894/6894/6894 6896/6896/6896 6895/6895/6895
f 6894/6894/6894 6897/6897/6897 6896/6896/6896
f 6898/6898/6898 6896/6896/6896 6897/6897/6897
f 6898/6898/6898 6899/6899/6899 6896/6896/6896
f 6898/6898/6898 6900/6900/6900 6899/6899/6899
f 6901/6901/6901 6900/6900/6900 6898/6898/6898
f 6901/6901/6901 6902/6902/6902 6900/6900/6900
f 6903/6903/6903 6902/6902/6902 6901/6901/6901
f 6904/6904/6904 6902/6902/6902 6903/6903/6903
f 6905/6905/6905 6904/6904/6904 6903/6903/6903
f 6905/6905/6905 6906/6906/6906 6904/6904/6904
f 6907/6907/6907 6906/6906/6906 6905/6905/6905
f 6908/6908/6908 6907/6907/6907 6905/6905/6905
f 6909/6909/6909 6907/6907/6907 6908/6908/6908
f 6910/6910/6910 6907/6907/6907 6909/6909/6909
f 6911/6911/6911 6910/6910/6910 6909/6909/6909
f 6914/6914/6914 6913/6913/6913 6912/6912/6912
f 6914/6914/6914 6912/6912/6912 6915/6915/6915
f 6914/6914/6914 6915/6915/6915 6916/6916/6916
f 6916/6916/6916 6915/6915/6915 6917/6917/6917
f 6915/6915/6915 6918/6918/6918 6917/6917/6917
f 6918/6918/6918 6919/6919/6919 6917/6917/6917
f 6918/6918/6918 6920/6920/6920 6919/6919/6919
f 6920/6920/6920 6921/6921/6921 6919/6919/6919
f 6920/6920/6920 6922/6922/6922 6921/6921/6921
f 6925/6925/6925 6924/6924/6924 6923/6923/6923
f 6923/6923/6923 6924/6924/6924 6926/6926/6926
f 6927/6927/6927 6926/6926/6926 6924/6924/6924
f 6927/6927/6927 6928/6928/6928 6926/6926/6926
f 6927/6927/6927 6929/6929/6929 6928/6928/6928
f 6932/6932/6932 6931/6931/6931 6930/6930/6930
f 6930/6930/6930 6931/6931/6931 6933/6933/6933
f 6936/6936/6936 6935/6935/6935 6934/6934/6934
f 6937/6937/6937 6936/6936/6936 6934/6934/6934
f 6936/6936/6936 6937/6937/6937 6938/6938/6938
f 6939/6939/6939 6938/6938/6938 6937/6937/6937
f 6940/6940/6940 6939/6939/6939 6937/6937/6937
f 6940/6940/6940 6941/6941/6941 6939/6939/6939
f 6942/6942/6942 6939/6939/6939 6941/6941/6941
f 6942/6942/6942 6941/6941/6941 6943/6943/6943
f 6944/6944/6944 6942/6942/6942 6943/6943/6943
f 6945/6945/6945 6944/6944/6944 6943/6943/6943
f 6944/6944/6944 6945/6945/6945 6946/6946/6946
f 6947/6947/6947 6944/6944/6944 6946/6946/6946
f 6948/6948/6948 6947/6947/6947 6946/6946/6946
f 6949/6949/6949 6947/6947/6947 6948/6948/6948
f 6950/6950/6950 6947/6947/6947 6949/6949/6949
f 6953/6953/6953 6952/6952/6952 6951/6951/6951
f 6951/6951/6951 6954/6954/6954 6953/6953/6953
f 6954/6954/6954 6955/6955/6955 6953/6953/6953
f 6951/6951/6951 6956/6956/6956 6954/6954/6954
f 6957/6957/6957 6956/6956/6956 6951/6951/6951
f 6958/6958/6958 6956/6956/6956 6957/6957/6957
f 6957/6957/6957 6959/6959/6959 6958/6958/6958
f 6959/6959/6959 6960/6960/6960 6958/6958/6958
f 6959/6959/6959 6961/6961/6961 6960/6960/6960
f 6961/6961/6961 6962/6962/6962 6960/6960/6960
f 6963/6963/6963 6962/6962/6962 6961/6961/6961
f 6964/6964/6964 6955/6955/6955 6954/6954/6954
f 6965/6965/6965 6955/6955/6955 6964/6964/6964
f 6966/6966/6966 6955/6955/6955 6965/6965/6965
f 6962/6962/6962 6963/6963/6963 6967/6967/6967
f 6963/6963/6963 6968/6968/6968 6967/6967/6967
f 6968/6968/6968 6969/6969/6969 6967/6967/6967
f 6970/6970/6970 6967/6967/6967 6969/6969/6969
f 6966/6966/6966 6971/6971/6971 6955/6955/6955
f 6969/6969/6969 6971/6971/6971 6970/6970/6970
f 6971/6971/6971 6966/6966/6966 6972/6972/6972
f 6970/6970/6970 6971/6971/6971 6972/6972/6972
f 6975/6975/6975 6974/6974/6974 6973/6973/6973
f 6973/6973/6973 6974/6974/6974 6976/6976/6976
f 6976/6976/6976 6977/6977/6977 6973/6973/6973
f 6978/6978/6978 6977/6977/6977 6976/6976/6976
f 6979/6979/6979 6977/6977/6977 6978/6978/6978
f 6978/6978/6978 6980/6980/6980 6979/6979/6979
f 6980/6980/6980 6981/6981/6981 6979/6979/6979
f 6980/6980/6980 6982/6982/6982 6981/6981/6981
f 6985/6985/6985 6984/6984/6984 6983/6983/6983
f 6983/6983/6983 6986/6986/6986 6985/6985/6985
f 6989/6989/6989 6988/6988/6988 6987/6987/6987
f 6989/6989/6989 6990/6990/6990 6988/6988/6988
f 6993/6993/6993 6992/6992/6992 6991/6991/6991
f 6994/6994/6994 6992/6992/6992 6993/6993/6993
f 6997/6997/6997 6996/6996/6996 6995/6995/6995
f 6995/6995/6995 6996/6996/6996 6998/6998/6998
f 6998/6998/6998 6996/6996/6996 6999/6999/6999
f 7002/7002/7002 7001/7001/7001 7000/7000/7000
f 7000/7000/7000 7001/7001/7001 7003/7003/7003
f 7006/7006/7006 7005/7005/7005 7004/7004/7004
f 7005/7005/7005 7007/7007/7007 7004/7004/7004
f 7007/7007/7007 7008/7008/7008 7004/7004/7004
f 7011/7011/7011 7010/7010/7010 7009/7009/7009
f 7011/7011/7011 7012/7012/7012 7010/7010/7010
f 7015/7015/7015 7014/7014/7014 7013/7013/7013
f 7015/7015/7015 7016/7016/7016 7014/7014/7014
f 7019/7019/7019 7018/7018/7018 7017/7017/7017
f 7017/7017/7017 7020/7020/7020 7019/7019/7019
f 7023/7023/7023 7022/7022/7022 7021/7021/7021
f 7022/7022/7022 7024/7024/7024 7021/7021/7021
f 7025/7025/7025 7024/7024/7024 7022/7022/7022
f 7026/7026/7026 7025/7025/7025 7022/7022/7022
f 7029/7029/7029 7028/7028/7028 7027/7027/7027
f 7029/7029/7029 7030/7030/7030 7028/7028/7028
f 7030/7030/7030 7029/7029/7029 7031/7031/7031
f 7032/7032/7032 7030/7030/7030 7031/7031/7031
f 7033/7033/7033 7030/7030/7030 7032/7032/7032
f 7036/7036/7036 7035/7035/7035 7034/7034/7034
f 7036/7036/7036 7034/7034/7034 7037/7037/7037
f 7040/7040/7040 7039/7039/7039 7038/7038/7038
f 7039/7039/7039 7041/7041/7041 7038/7038/7038
f 7044/7044/7044 7043/7043/7043 7042/7042/7042
f 7042/7042/7042 7043/7043/7043 7045/7045/7045
f 7048/7048/7048 7047/7047/7047 7046/7046/7046
f 7049/7049/7049 7048/7048/7048 7046/7046/7046
f 7049/7049/7049 7046/7046/7046 7050/7050/7050
f 7051/7051/7051 7049/7049/7049 7050/7050/7050
f 7051/7051/7051 7050/7050/7050 7052/7052/7052
f 7052/7052/7052 7053/7053/7053 7051/7051/7051
f 7051/7051/7051 7053/7053/7053 7054/7054/7054
f 7057/7057/7057 7056/7056/7056 7055/7055/7055
f 7056/7056/7056 7058/7058/7058 7055/7055/7055
f 7056/7056/7056 7059/7059/7059 7058/7058/7058
f 7058/7058/7058 7059/7059/7059 7060/7060/7060
f 7060/7060/7060 7059/7059/7059 7061/7061/7061
f 7059/7059/7059 7062/7062/7062 7061/7061/7061
f 7062/7062/7062 7059/7059/7059 7063/7063/7063
f 7064/7064/7064 7063/7063/7063 7059/7059/7059
f 7065/7065/7065 7064/7064/7064 7059/7059/7059
f 7068/7068/7068 7067/7067/7067 7066/7066/7066
f 7069/7069/7069 7066/7066/7066 7067/7067/7067
f 7066/7066/7066 7069/7069/7069 7070/7070/7070
f 7071/7071/7071 7070/7070/7070 7069/7069/7069
f 7071/7071/7071 7072/7072/7072 7070/7070/7070
f 7072/7072/7072 7071/7071/7071 7073/7073/7073
f 7073/7073/7073 7074/7074/7074 7072/7072/7072
f 7075/7075/7075 7072/7072/7072 7074/7074/7074
f 7075/7075/7075 7074/7074/7074 7076/7076/7076
f 7079/7079/7079 7078/7078/7078 7077/7077/7077
f 7078/7078/7078 7079/7079/7079 7080/7080/7080
f 7081/7081/7081 7078/7078/7078 7080/7080/7080
f 7078/7078/7078 7081/7081/7081 7082/7082/7082
f 7082/7082/7082 7081/7081/7081 7083/7083/7083
f 7082/7082/7082 7083/7083/7083 7084/7084/7084
f 7083/7083/7083 7085/7085/7085 7084/7084/7084
f 7085/7085/7085 7086/7086/7086 7084/7084/7084
f 7086/7086/7086 7085/7085/7085 7087/7087/7087
f 7086/7086/7086 7087/7087/7087 7088/7088/7088
f 7087/7087/7087 7089/7089/7089 7088/7088/7088
f 7088/7088/7088 7089/7089/7089 7090/7090/7090
f 7093/7093/7093 7092/7092/7092 7091/7091/7091
f 7094/7094/7094 7091/7091/7091 7092/7092/7092
f 7095/7095/7095 7094/7094/7094 7092/7092/7092
f 7096/7096/7096 7094/7094/7094 7095/7095/7095
f 7094/7094/7094 7096/7096/7096 7097/7097/7097
f 7100/7100/7100 7099/7099/7099 7098/7098/7098
f 7101/7101/7101 7099/7099/7099 7100/7100/7100
f 7104/7104/7104 7103/7103/7103 7102/7102/7102
f 7104/7104/7104 7102/7102/7102 7105/7105/7105
f 7106/7106/7106 7104/7104/7104 7105/7105/7105
f 7107/7107/7107 7106/7106/7106 7105/7105/7105
f 7106/7106/7106 7108/7108/7108 7104/7104/7104
f 7109/7109/7109 7104/7104/7104 7108/7108/7108
f 7110/7110/7110 7109/7109/7109 7108/7108/7108
f 7111/7111/7111 7107/7107/7107 7105/7105/7105
f 7112/7112/7112 7111/7111/7111 7105/7105/7105
f 7110/7110/7110 7108/7108/7108 7113/7113/7113
f 7114/7114/7114 7110/7110/7110 7113/7113/7113
f 7115/7115/7115 7114/7114/7114 7113/7113/7113
f 7116/7116/7116 7115/7115/7115 7113/7113/7113
f 7111/7111/7111 7112/7112/7112 7117/7117/7117
f 7118/7118/7118 7111/7111/7111 7117/7117/7117
f 7115/7115/7115 7116/7116/7116 7119/7119/7119
f 7119/7119/7119 7116/7116/7116 7120/7120/7120
f 7119/7119/7119 7120/7120/7120 7121/7121/7121
f 7119/7119/7119 7121/7121/7121 7122/7122/7122
f 7123/7123/7123 7118/7118/7118 7117/7117/7117
f 7121/7121/7121 7123/7123/7123 7122/7122/7122
f 7123/7123/7123 7117/7117/7117 7124/7124/7124
f 7122/7122/7122 7123/7123/7123 7124/7124/7124
f 7127/7127/7127 7126/7126/7126 7125/7125/7125
f 7128/7128/7128 7127/7127/7127 7125/7125/7125
f 7131/7131/7131 7130/7130/7130 7129/7129/7129
f 7132/7132/7132 7129/7129/7129 7130/7130/7130
f 7135/7135/7135 7134/7134/7134 7133/7133/7133
f 7136/7136/7136 7133/7133/7133 7134/7134/7134
f 7139/7139/7139 7138/7138/7138 7137/7137/7137
f 7138/7138/7138 7139/7139/7139 7140/7140/7140
f 7140/7140/7140 7141/7141/7141 7138/7138/7138
f 7142/7142/7142 7141/7141/7141 7140/7140/7140
f 7143/7143/7143 7142/7142/7142 7140/7140/7140
f 7143/7143/7143 7144/7144/7144 7142/7142/7142
f 7143/7143/7143 7145/7145/7145 7144/7144/7144
f 7144/7144/7144 7145/7145/7145 7146/7146/7146
f 7146/7146/7146 7145/7145/7145 7147/7147/7147
f 7150/7150/7150 7149/7149/7149 7148/7148/7148
f 7148/7148/7148 7149/7149/7149 7151/7151/7151
f 7151/7151/7151 7149/7149/7149 7152/7152/7152
f 7153/7153/7153 7151/7151/7151 7152/7152/7152
f 7152/7152/7152 7154/7154/7154 7153/7153/7153
f 7155/7155/7155 7153/7153/7153 7154/7154/7154
f 7156/7156/7156 7155/7155/7155 7154/7154/7154
f 7156/7156/7156 7154/7154/7154 7157/7157/7157
f 7158/7158/7158 7156/7156/7156 7157/7157/7157
f 7159/7159/7159 7158/7158/7158 7157/7157/7157
f 7160/7160/7160 7158/7158/7158 7159/7159/7159
f 7161/7161/7161 7160/7160/7160 7159/7159/7159
f 7164/7164/7164 7163/7163/7163 7162/7162/7162
f 7163/7163/7163 7164/7164/7164 7165/7165/7165
f 7168/7168/7168 7167/7167/7167 7166/7166/7166
f 7167/7167/7167 7168/7168/7168 7169/7169/7169
f 7168/7168/7168 7170/7170/7170 7169/7169/7169
f 7170/7170/7170 7171/7171/7171 7169/7169/7169
f 7174/7174/7174 7173/7173/7173 7172/7172/7172
f 7174/7174/7174 7175/7175/7175 7173/7173/7173
f 7174/7174/7174 7176/7176/7176 7175/7175/7175
f 7176/7176/7176 7177/7177/7177 7175/7175/7175
f 7180/7180/7180 7179/7179/7179 7178/7178/7178
f 7179/7179/7179 7180/7180/7180 7181/7181/7181
f 7182/7182/7182 7179/7179/7179 7181/7181/7181
f 7181/7181/7181 7183/7183/7183 7182/7182/7182
f 7186/7186/7186 7185/7185/7185 7184/7184/7184
f 7187/7187/7187 7184/7184/7184 7185/7185/7185
f 7184/7184/7184 7187/7187/7187 7188/7188/7188
f 7189/7189/7189 7184/7184/7184 7188/7188/7188
f 7192/7192/7192 7191/7191/7191 7190/7190/7190
f 7193/7193/7193 7192/7192/7192 7190/7190/7190
f 7196/7196/7196 7195/7195/7195 7194/7194/7194
f 7196/7196/7196 7197/7197/7197 7195/7195/7195
f 7200/7200/7200 7199/7199/7199 7198/7198/7198
f 7200/7200/7200 7198/7198/7198 7201/7201/7201
f 7204/7204/7204 7203/7203/7203 7202/7202/7202
f 7204/7204/7204 7205/7205/7205 7203/7203/7203
f 7208/7208/7208 7207/7207/7207 7206/7206/7206
f 7207/7207/7207 7208/7208/7208 7209/7209/7209
f 7212/7212/7212 7211/7211/7211 7210/7210/7210
f 7211/7211/7211 7213/7213/7213 7210/7210/7210
f 7212/7212/7212 7210/7210/7210 7214/7214/7214
f 7213/7213/7213 7215/7215/7215 7210/7210/7210
f 7216/7216/7216 7215/7215/7215 7213/7213/7213
f 7216/7216/7216 7217/7217/7217 7215/7215/7215
f 7214/7214/7214 7210/7210/7210 7218/7218/7218
f 7216/7216/7216 7219/7219/7219 7217/7217/7217
f 7220/7220/7220 7217/7217/7217 7219/7219/7219
f 7214/7214/7214 7218/7218/7218 7221/7221/7221
f 7222/7222/7222 7221/7221/7221 7218/7218/7218
f 7222/7222/7222 7218/7218/7218 7223/7223/7223
f 7218/7218/7218 7224/7224/7224 7223/7223/7223
f 7223/7223/7223 7224/7224/7224 7225/7225/7225
f 7226/7226/7226 7220/7220/7220 7219/7219/7219
f 7227/7227/7227 7226/7226/7226 7219/7219/7219
f 7228/7228/7228 7226/7226/7226 7227/7227/7227
f 7225/7225/7225 7224/7224/7224 7229/7229/7229
f 7225/7225/7225 7229/7229/7229 7230/7230/7230
f 7230/7230/7230 7229/7229/7229 7231/7231/7231
f 7232/7232/7232 7226/7226/7226 7228/7228/7228
f 7233/7233/7233 7232/7232/7232 7228/7228/7228
f 7234/7234/7234 7232/7232/7232 7233/7233/7233
f 7229/7229/7229 7235/7235/7235 7231/7231/7231
f 7231/7231/7231 7235/7235/7235 7236/7236/7236
f 7236/7236/7236 7235/7235/7235 7237/7237/7237
f 7238/7238/7238 7232/7232/7232 7234/7234/7234
f 7239/7239/7239 7238/7238/7238 7234/7234/7234
f 7240/7240/7240 7238/7238/7238 7239/7239/7239
f 7235/7235/7235 7241/7241/7241 7237/7237/7237
f 7241/7241/7241 7242/7242/7242 7237/7237/7237
f 7242/7242/7242 7241/7241/7241 7243/7243/7243
f 7244/7244/7244 7238/7238/7238 7240/7240/7240
f 7245/7245/7245 7244/7244/7244 7240/7240/7240
f 7246/7246/7246 7244/7244/7244 7245/7245/7245
f 7243/7243/7243 7241/7241/7241 7247/7247/7247
f 7243/7243/7243 7247/7247/7247 7248/7248/7248
f 7248/7248/7248 7247/7247/7247 7249/7249/7249
f 7249/7249/7249 7247/7247/7247 7250/7250/7250
f 7251/7251/7251 7249/7249/7249 7250/7250/7250
f 7252/7252/7252 7244/7244/7244 7246/7246/7246
f 7253/7253/7253 7252/7252/7252 7246/7246/7246
f 7254/7254/7254 7252/7252/7252 7253/7253/7253
f 7254/7254/7254 7255/7255/7255 7252/7252/7252
f 7254/7254/7254 7256/7256/7256 7255/7255/7255
f 7251/7251/7251 7250/7250/7250 7257/7257/7257
f 7251/7251/7251 7257/7257/7257 7258/7258/7258
f 7257/7257/7257 7259/7259/7259 7258/7258/7258
f 7256/7256/7256 7260/7260/7260 7255/7255/7255
f 7261/7261/7261 7260/7260/7260 7256/7256/7256
f 7262/7262/7262 7260/7260/7260 7261/7261/7261
f 7262/7262/7262 7263/7263/7263 7260/7260/7260
f 7263/7263/7263 7262/7262/7262 7264/7264/7264
f 7265/7265/7265 7259/7259/7259 7257/7257/7257
f 7265/7265/7265 7266/7266/7266 7259/7259/7259
f 7266/7266/7266 7265/7265/7265 7267/7267/7267
f 7265/7265/7265 7268/7268/7268 7267/7267/7267
f 7268/7268/7268 7269/7269/7269 7267/7267/7267
f 7264/7264/7264 7270/7270/7270 7263/7263/7263
f 7271/7271/7271 7270/7270/7270 7264/7264/7264
f 7272/7272/7272 7270/7270/7270 7271/7271/7271
f 7273/7273/7273 7269/7269/7269 7268/7268/7268
f 7269/7269/7269 7273/7273/7273 7274/7274/7274
f 7274/7274/7274 7273/7273/7273 7275/7275/7275
f 7272/7272/7272 7276/7276/7276 7270/7270/7270
f 7277/7277/7277 7276/7276/7276 7272/7272/7272
f 7277/7277/7277 7278/7278/7278 7276/7276/7276
f 7275/7275/7275 7273/7273/7273 7279/7279/7279
f 7279/7279/7279 7280/7280/7280 7275/7275/7275
f 7281/7281/7281 7280/7280/7280 7279/7279/7279
f 7282/7282/7282 7276/7276/7276 7278/7278/7278
f 7283/7283/7283 7282/7282/7282 7278/7278/7278
f 7284/7284/7284 7282/7282/7282 7283/7283/7283
f 7281/7281/7281 7279/7279/7279 7285/7285/7285
f 7281/7281/7281 7285/7285/7285 7286/7286/7286
f 7285/7285/7285 7287/7287/7287 7286/7286/7286
f 7288/7288/7288 7282/7282/7282 7284/7284/7284
f 7284/7284/7284 7289/7289/7289 7288/7288/7288
f 7289/7289/7289 7290/7290/7290 7288/7288/7288
f 7287/7287/7287 7285/7285/7285 7291/7291/7291
f 7288/7288/7288 7290/7290/7290 7292/7292/7292
f 7293/7293/7293 7292/7292/7292 7290/7290/7290
f 7294/7294/7294 7292/7292/7292 7293/7293/7293
f 7287/7287/7287 7291/7291/7291 7295/7295/7295
f 7291/7291/7291 7296/7296/7296 7295/7295/7295
f 7296/7296/7296 7291/7291/7291 7297/7297/7297
f 7298/7298/7298 7297/7297/7297 7291/7291/7291
f 7297/7297/7297 7298/7298/7298 7299/7299/7299
f 7298/7298/7298 7300/7300/7300 7299/7299/7299
f 7299/7299/7299 7300/7300/7300 7301/7301/7301
f 7301/7301/7301 7300/7300/7300 7302/7302/7302
f 7301/7301/7301 7302/7302/7302 7303/7303/7303
f 7302/7302/7302 7304/7304/7304 7303/7303/7303
f 7303/7303/7303 7304/7304/7304 7305/7305/7305
f 7304/7304/7304 7306/7306/7306 7305/7305/7305
f 7305/7305/7305 7306/7306/7306 7307/7307/7307
f 7307/7307/7307 7306/7306/7306 7308/7308/7308
f 7307/7307/7307 7308/7308/7308 7309/7309/7309
f 7310/7310/7310 7309/7309/7309 7308/7308/7308
f 7311/7311/7311 7310/7310/7310 7308/7308/7308
f 7312/7312/7312 7310/7310/7310 7311/7311/7311
f 7312/7312/7312 7311/7311/7311 7294/7294/7294
f 7292/7292/7292 7294/7294/7294 7311/7311/7311
f 7315/7315/7315 7314/7314/7314 7313/7313/7313
f 7313/7313/7313 7314/7314/7314 7316/7316/7316
f 7315/7315/7315 7317/7317/7317 7314/7314/7314
f 7315/7315/7315 7318/7318/7318 7317/7317/7317
f 7319/7319/7319 7316/7316/7316 7314/7314/7314
f 7317/7317/7317 7319/7319/7319 7314/7314/7314
f 7320/7320/7320 7316/7316/7316 7319/7319/7319
f 7320/7320/7320 7319/7319/7319 7321/7321/7321
f 7320/7320/7320 7321/7321/7321 7322/7322/7322
f 7321/7321/7321 7323/7323/7323 7322/7322/7322
f 7324/7324/7324 7321/7321/7321 7319/7319/7319
f 7324/7324/7324 7319/7319/7319 7317/7317/7317
f 7325/7325/7325 7323/7323/7323 7321/7321/7321
f 7324/7324/7324 7325/7325/7325 7321/7321/7321
f 7325/7325/7325 7326/7326/7326 7323/7323/7323
f 7326/7326/7326 7325/7325/7325 7327/7327/7327
f 7328/7328/7328 7317/7317/7317 7318/7318/7318
f 7328/7328/7328 7318/7318/7318 7329/7329/7329
f 7330/7330/7330 7324/7324/7324 7317/7317/7317
f 7328/7328/7328 7330/7330/7330 7317/7317/7317
f 7329/7329/7329 7330/7330/7330 7328/7328/7328
f 7330/7330/7330 7325/7325/7325 7324/7324/7324
f 7331/7331/7331 7330/7330/7330 7329/7329/7329
f 7332/7332/7332 7327/7327/7327 7325/7325/7325
f 7325/7325/7325 7330/7330/7330 7332/7332/7332
f 7332/7332/7332 7330/7330/7330 7331/7331/7331
f 7327/7327/7327 7332/7332/7332 7333/7333/7333
f 7333/7333/7333 7332/7332/7332 7331/7331/7331
f 7336/7336/7336 7335/7335/7335 7334/7334/7334
f 7337/7337/7337 7335/7335/7335 7336/7336/7336
f 7338/7338/7338 7336/7336/7336 7334/7334/7334
f 7339/7339/7339 7337/7337/7337 7336/7336/7336
f 7334/7334/7334 7340/7340/7340 7338/7338/7338
f 7341/7341/7341 7337/7337/7337 7339/7339/7339
f 7340/7340/7340 7342/7342/7342 7338/7338/7338
f 7341/7341/7341 7343/7343/7343 7337/7337/7337
f 7340/7340/7340 7344/7344/7344 7342/7342/7342
f 7344/7344/7344 7345/7345/7345 7342/7342/7342
f 7345/7345/7345 7344/7344/7344 7346/7346/7346
f 7341/7341/7341 7347/7347/7347 7343/7343/7343
f 7347/7347/7347 7348/7348/7348 7343/7343/7343
f 7348/7348/7348 7347/7347/7347 7349/7349/7349
f 7346/7346/7346 7350/7350/7350 7345/7345/7345
f 7346/7346/7346 7351/7351/7351 7350/7350/7350
f 7347/7347/7347 7352/7352/7352 7349/7349/7349
f 7352/7352/7352 7353/7353/7353 7349/7349/7349
f 7351/7351/7351 7354/7354/7354 7350/7350/7350
f 7353/7353/7353 7352/7352/7352 7354/7354/7354
f 7350/7350/7350 7354/7354/7354 7355/7355/7355
f 7354/7354/7354 7352/7352/7352 7356/7356/7356
f 7354/7354/7354 7356/7356/7356 7355/7355/7355
f 7359/7359/7359 7358/7358/7358 7357/7357/7357
f 7359/7359/7359 7357/7357/7357 7360/7360/7360
f 7360/7360/7360 7357/7357/7357 7361/7361/7361
f 7361/7361/7361 7357/7357/7357 7362/7362/7362
f 7362/7362/7362 7363/7363/7363 7361/7361/7361
f 7363/7363/7363 7362/7362/7362 7364/7364/7364
f 7357/7357/7357 7358/7358/7358 7365/7365/7365
f 7357/7357/7357 7365/7365/7365 7362/7362/7362
f 7364/7364/7364 7362/7362/7362 7366/7366/7366
f 7364/7364/7364 7366/7366/7366 7367/7367/7367
f 7366/7366/7366 7368/7368/7368 7367/7367/7367
f 7358/7358/7358 7369/7369/7369 7365/7365/7365
f 7358/7358/7358 7370/7370/7370 7369/7369/7369
f 7371/7371/7371 7369/7369/7369 7370/7370/7370
f 7362/7362/7362 7365/7365/7365 7372/7372/7372
f 7372/7372/7372 7366/7366/7366 7362/7362/7362
f 7372/7372/7372 7365/7365/7365 7369/7369/7369
f 7366/7366/7366 7373/7373/7373 7368/7368/7368
f 7366/7366/7366 7372/7372/7372 7373/7373/7373
f 7368/7368/7368 7373/7373/7373 7374/7374/7374
f 7375/7375/7375 7374/7374/7374 7373/7373/7373
f 7376/7376/7376 7369/7369/7369 7371/7371/7371
f 7376/7376/7376 7372/7372/7372 7369/7369/7369
f 7373/7373/7373 7372/7372/7372 7376/7376/7376
f 7376/7376/7376 7375/7375/7375 7373/7373/7373
f 7376/7376/7376 7371/7371/7371 7377/7377/7377
f 7375/7375/7375 7376/7376/7376 7377/7377/7377
f 7380/7380/7380 7379/7379/7379 7378/7378/7378
f 7381/7381/7381 7379/7379/7379 7380/7380/7380
f 7379/7379/7379 7382/7382/7382 7378/7378/7378
f 7383/7383/7383 7378/7378/7378 7382/7382/7382
f 7384/7384/7384 7379/7379/7379 7381/7381/7381
f 7384/7384/7384 7382/7382/7382 7379/7379/7379
f 7384/7384/7384 7381/7381/7381 7385/7385/7385
f 7383/7383/7383 7382/7382/7382 7386/7386/7386
f 7386/7386/7386 7387/7387/7387 7383/7383/7383
f 7386/7386/7386 7388/7388/7388 7387/7387/7387
f 7384/7384/7384 7385/7385/7385 7389/7389/7389
f 7390/7390/7390 7389/7389/7389 7385/7385/7385
f 7391/7391/7391 7389/7389/7389 7390/7390/7390
f 7392/7392/7392 7382/7382/7382 7384/7384/7384
f 7386/7386/7386 7382/7382/7382 7392/7392/7392
f 7389/7389/7389 7392/7392/7392 7384/7384/7384
f 7388/7388/7388 7386/7386/7386 7393/7393/7393
f 7386/7386/7386 7392/7392/7392 7393/7393/7393
f 7394/7394/7394 7388/7388/7388 7393/7393/7393
f 7391/7391/7391 7395/7395/7395 7389/7389/7389
f 7389/7389/7389 7395/7395/7395 7392/7392/7392
f 7393/7393/7393 7392/7392/7392 7395/7395/7395
f 7393/7393/7393 7395/7395/7395 7394/7394/7394
f 7396/7396/7396 7395/7395/7395 7391/7391/7391
f 7394/7394/7394 7395/7395/7395 7396/7396/7396
f 7399/7399/7399 7398/7398/7398 7397/7397/7397
f 7399/7399/7399 7397/7397/7397 7400/7400/7400
f 7401/7401/7401 7397/7397/7397 7398/7398/7398
f 7401/7401/7401 7398/7398/7398 7402/7402/7402
f 7403/7403/7403 7401/7401/7401 7402/7402/7402
f 7403/7403/7403 7402/7402/7402 7404/7404/7404
f 7403/7403/7403 7404/7404/7404 7405/7405/7405
f 7400/7400/7400 7397/7397/7397 7406/7406/7406
f 7400/7400/7400 7406/7406/7406 7407/7407/7407
f 7407/7407/7407 7406/7406/7406 7408/7408/7408
f 7409/7409/7409 7408/7408/7408 7406/7406/7406
f 7406/7406/7406 7397/7397/7397 7409/7409/7409
f 7408/7408/7408 7409/7409/7409 7410/7410/7410
f 7397/7397/7397 7401/7401/7401 7411/7411/7411
f 7409/7409/7409 7397/7397/7397 7411/7411/7411
f 7403/7403/7403 7411/7411/7411 7401/7401/7401
f 7410/7410/7410 7409/7409/7409 7412/7412/7412
f 7409/7409/7409 7411/7411/7411 7412/7412/7412
f 7412/7412/7412 7413/7413/7413 7410/7410/7410
f 7414/7414/7414 7413/7413/7413 7412/7412/7412
f 7415/7415/7415 7412/7412/7412 7411/7411/7411
f 7414/7414/7414 7412/7412/7412 7415/7415/7415
f 7415/7415/7415 7411/7411/7411 7403/7403/7403
f 7416/7416/7416 7414/7414/7414 7415/7415/7415
f 7415/7415/7415 7403/7403/7403 7417/7417/7417
f 7416/7416/7416 7415/7415/7415 7417/7417/7417
f 7405/7405/7405 7417/7417/7417 7403/7403/7403
f 7416/7416/7416 7417/7417/7417 7405/7405/7405
f 7420/7420/7420 7419/7419/7419 7418/7418/7418
f 7421/7421/7421 7420/7420/7420 7418/7418/7418
f 7418/7418/7418 7419/7419/7419 7422/7422/7422
f 7419/7419/7419 7423/7423/7423 7422/7422/7422
f 7421/7421/7421 7418/7418/7418 7424/7424/7424
f 7421/7421/7421 7424/7424/7424 7425/7425/7425
f 7423/7423/7423 7426/7426/7426 7422/7422/7422
f 7427/7427/7427 7426/7426/7426 7423/7423/7423
f 7428/7428/7428 7426/7426/7426 7427/7427/7427
f 7429/7429/7429 7418/7418/7418 7422/7422/7422
f 7418/7418/7418 7429/7429/7429 7424/7424/7424
f 7426/7426/7426 7429/7429/7429 7422/7422/7422
f 7425/7425/7425 7424/7424/7424 7430/7430/7430
f 7430/7430/7430 7424/7424/7424 7429/7429/7429
f 7425/7425/7425 7430/7430/7430 7431/7431/7431
f 7431/7431/7431 7430/7430/7430 7432/7432/7432
f 7433/7433/7433 7426/7426/7426 7428/7428/7428
f 7433/7433/7433 7429/7429/7429 7426/7426/7426
f 7433/7433/7433 7428/7428/7428 7434/7434/7434
f 7430/7430/7430 7435/7435/7435 7432/7432/7432
f 7430/7430/7430 7429/7429/7429 7435/7435/7435
f 7435/7435/7435 7429/7429/7429 7433/7433/7433
f 7433/7433/7433 7434/7434/7434 7435/7435/7435
f 7432/7432/7432 7435/7435/7435 7436/7436/7436
f 7434/7434/7434 7436/7436/7436 7435/7435/7435
f 7439/7439/7439 7438/7438/7438 7437/7437/7437
f 7437/7437/7437 7440/7440/7440 7439/7439/7439
f 7438/7438/7438 7441/7441/7441 7437/7437/7437
f 7441/7441/7441 7438/7438/7438 7442/7442/7442
f 7441/7441/7441 7442/7442/7442 7443/7443/7443
f 7440/7440/7440 7437/7437/7437 7444/7444/7444
f 7440/7440/7440 7444/7444/7444 7445/7445/7445
f 7444/7444/7444 7446/7446/7446 7445/7445/7445
f 7443/7443/7443 7447/7447/7447 7441/7441/7441
f 7443/7443/7443 7448/7448/7448 7447/7447/7447
f 7449/7449/7449 7447/7447/7447 7448/7448/7448
f 7441/7441/7441 7450/7450/7450 7437/7437/7437
f 7450/7450/7450 7444/7444/7444 7437/7437/7437
f 7447/7447/7447 7450/7450/7450 7441/7441/7441
f 7444/7444/7444 7451/7451/7451 7446/7446/7446
f 7451/7451/7451 7452/7452/7452 7446/7446/7446
f 7450/7450/7450 7453/7453/7453 7444/7444/7444
f 7450/7450/7450 7447/7447/7447 7453/7453/7453
f 7444/7444/7444 7453/7453/7453 7451/7451/7451
f 7449/7449/7449 7454/7454/7454 7447/7447/7447
f 7454/7454/7454 7453/7453/7453 7447/7447/7447
f 7455/7455/7455 7454/7454/7454 7449/7449/7449
f 7456/7456/7456 7452/7452/7452 7451/7451/7451
f 7453/7453/7453 7456/7456/7456 7451/7451/7451
f 7456/7456/7456 7453/7453/7453 7454/7454/7454
f 7455/7455/7455 7456/7456/7456 7454/7454/7454
f 7456/7456/7456 7457/7457/7457 7452/7452/7452
f 7457/7457/7457 7456/7456/7456 7455/7455/7455
f 7460/7460/7460 7459/7459/7459 7458/7458/7458
f 7461/7461/7461 7460/7460/7460 7458/7458/7458
f 7459/7459/7459 7460/7460/7460 7462/7462/7462
f 7459/7459/7459 7462/7462/7462 7463/7463/7463
f 7461/7461/7461 7464/7464/7464 7460/7460/7460
f 7465/7465/7465 7464/7464/7464 7461/7461/7461
f 7466/7466/7466 7464/7464/7464 7465/7465/7465
f 7463/7463/7463 7462/7462/7462 7467/7467/7467
f 7463/7463/7463 7467/7467/7467 7468/7468/7468
f 7469/7469/7469 7468/7468/7468 7467/7467/7467
f 7462/7462/7462 7460/7460/7460 7470/7470/7470
f 7470/7470/7470 7460/7460/7460 7464/7464/7464
f 7467/7467/7467 7462/7462/7462 7470/7470/7470
f 7471/7471/7471 7464/7464/7464 7466/7466/7466
f 7470/7470/7470 7464/7464/7464 7471/7471/7471
f 7471/7471/7471 7466/7466/7466 7472/7472/7472
f 7473/7473/7473 7471/7471/7471 7472/7472/7472
f 7469/7469/7469 7467/7467/7467 7474/7474/7474
f 7474/7474/7474 7467/7467/7467 7470/7470/7470
f 7469/7469/7469 7474/7474/7474 7475/7475/7475
f 7473/7473/7473 7476/7476/7476 7471/7471/7471
f 7476/7476/7476 7470/7470/7470 7471/7471/7471
f 7473/7473/7473 7475/7475/7475 7476/7476/7476
f 7474/7474/7474 7476/7476/7476 7475/7475/7475
f 7474/7474/7474 7470/7470/7470 7476/7476/7476
f 7479/7479/7479 7478/7478/7478 7477/7477/7477
f 7477/7477/7477 7478/7478/7478 7480/7480/7480
f 7481/7481/7481 7478/7478/7478 7479/7479/7479
f 7478/7478/7478 7482/7482/7482 7480/7480/7480
f 7481/7481/7481 7483/7483/7483 7478/7478/7478
f 7484/7484/7484 7482/7482/7482 7478/7478/7478
f 7485/7485/7485 7482/7482/7482 7484/7484/7484
f 7481/7481/7481 7486/7486/7486 7483/7483/7483
f 7487/7487/7487 7486/7486/7486 7481/7481/7481
f 7487/7487/7487 7488/7488/7488 7486/7486/7486
f 7488/7488/7488 7489/7489/7489 7486/7486/7486
f 7485/7485/7485 7490/7490/7490 7482/7482/7482
f 7491/7491/7491 7482/7482/7482 7490/7490/7490
f 7492/7492/7492 7489/7489/7489 7488/7488/7488
f 7492/7492/7492 7493/7493/7493 7489/7489/7489
f 7490/7490/7490 7494/7494/7494 7491/7491/7491
f 7492/7492/7492 7495/7495/7495 7493/7493/7493
f 7496/7496/7496 7494/7494/7494 7490/7490/7490
f 7494/7494/7494 7496/7496/7496 7497/7497/7497
f 7495/7495/7495 7494/7494/7494 7497/7497/7497
f 7498/7498/7498 7495/7495/7495 7492/7492/7492
f 7494/7494/7494 7495/7495/7495 7499/7499/7499
f 7498/7498/7498 7499/7499/7499 7495/7495/7495
f 7502/7502/7502 7501/7501/7501 7500/7500/7500
f 7501/7501/7501 7502/7502/7502 7503/7503/7503
f 7503/7503/7503 7504/7504/7504 7501/7501/7501
f 7505/7505/7505 7500/7500/7500 7501/7501/7501
f 7505/7505/7505 7506/7506/7506 7500/7500/7500
f 7504/7504/7504 7503/7503/7503 7507/7507/7507
f 7508/7508/7508 7504/7504/7504 7507/7507/7507
f 7505/7505/7505 7509/7509/7509 7506/7506/7506
f 7510/7510/7510 7508/7508/7508 7507/7507/7507
f 7511/7511/7511 7510/7510/7510 7507/7507/7507
f 7510/7510/7510 7511/7511/7511 7512/7512/7512
f 7512/7512/7512 7513/7513/7513 7510/7510/7510
f 7512/7512/7512 7514/7514/7514 7513/7513/7513
f 7514/7514/7514 7515/7515/7515 7513/7513/7513
f 7515/7515/7515 7514/7514/7514 7516/7516/7516
f 7515/7515/7515 7516/7516/7516 7517/7517/7517
f 7516/7516/7516 7518/7518/7518 7517/7517/7517
f 7517/7517/7517 7518/7518/7518 7519/7519/7519
f 7518/7518/7518 7509/7509/7509 7519/7519/7519
f 7509/7509/7509 7505/7505/7505 7520/7520/7520
f 7509/7509/7509 7521/7521/7521 7519/7519/7519
f 7509/7509/7509 7520/7520/7520 7521/7521/7521
g WyvronW6_NeedlingSP_Tip_1
f 7524/7524/7524 7523/7523/7523 7522/7522/7522
f 7527/7527/7527 7526/7526/7526 7525/7525/7525
f 7530/7530/7530 7529/7529/7529 7528/7528/7528
f 7533/7533/7533 7532/7532/7532 7531/7531/7531
f 7536/7536/7536 7535/7535/7535 7534/7534/7534
f 7539/7539/7539 7538/7538/7538 7537/7537/7537
f 7542/7542/7542 7541/7541/7541 7540/7540/7540
f 7545/7545/7545 7544/7544/7544 7543/7543/7543
f 7548/7548/7548 7547/7547/7547 7546/7546/7546
f 7551/7551/7551 7550/7550/7550 7549/7549/7549
f 7554/7554/7554 7553/7553/7553 7552/7552/7552
f 7557/7557/7557 7556/7556/7556 7555/7555/7555
f 7560/7560/7560 7559/7559/7559 7558/7558/7558
f 7563/7563/7563 7562/7562/7562 7561/7561/7561
f 5580/5580/5580 5578/5578/5578 7564/7564/7564
f 7567/7567/7567 7566/7566/7566 7565/7565/7565
f 7570/7570/7570 7569/7569/7569 7568/7568/7568
f 7573/7573/7573 7572/7572/7572 7571/7571/7571
f 7576/7576/7576 7575/7575/7575 7574/7574/7574
f 7579/7579/7579 7578/7578/7578 7577/7577/7577
f 7582/7582/7582 7581/7581/7581 7580/7580/7580
f 7585/7585/7585 7584/7584/7584 7583/7583/7583
f 7588/7588/7588 7587/7587/7587 7586/7586/7586
f 7591/7591/7591 7590/7590/7590 7589/7589/7589
f 7594/7594/7594 7593/7593/7593 7592/7592/7592
f 7597/7597/7597 7596/7596/7596 7595/7595/7595
f 7600/7600/7600 7599/7599/7599 7598/7598/7598
f 7603/7603/7603 7602/7602/7602 7601/7601/7601
f 7606/7606/7606 7605/7605/7605 7604/7604/7604
f 7609/7609/7609 7608/7608/7608 7607/7607/7607
f 7612/7612/7612 7611/7611/7611 7610/7610/7610
f 7615/7615/7615 7614/7614/7614 7613/7613/7613
f 7618/7618/7618 7617/7617/7617 7616/7616/7616
f 7621/7621/7621 7620/7620/7620 7619/7619/7619
f 7624/7624/7624 7623/7623/7623 7622/7622/7622
f 7627/7627/7627 7626/7626/7626 7625/7625/7625
f 7630/7630/7630 7629/7629/7629 7628/7628/7628
f 7633/7633/7633 7632/7632/7632 7631/7631/7631
f 7636/7636/7636 7635/7635/7635 7634/7634/7634
f 7639/7639/7639 7638/7638/7638 7637/7637/7637
f 7642/7642/7642 7641/7641/7641 7640/7640/7640
f 7645/7645/7645 7644/7644/7644 7643/7643/7643
f 7648/7648/7648 7647/7647/7647 7646/7646/7646
f 7651/7651/7651 7650/7650/7650 7649/7649/7649
f 7654/7654/7654 7653/7653/7653 7652/7652/7652
f 7657/7657/7657 7656/7656/7656 7655/7655/7655
f 7660/7660/7660 7659/7659/7659 7658/7658/7658
f 7663/7663/7663 7662/7662/7662 7661/7661/7661
f 7666/7666/7666 7665/7665/7665 7664/7664/7664
f 7669/7669/7669 7668/7668/7668 7667/7667/7667
f 7672/7672/7672 7671/7671/7671 7670/7670/7670
f 7675/7675/7675 7674/7674/7674 7673/7673/7673
f 7678/7678/7678 7677/7677/7677 7676/7676/7676
f 7677/7677/7677 7678/7678/7678 7679/7679/7679
f 7680/7680/7680 7677/7677/7677 7679/7679/7679
f 7681/7681/7681 7680/7680/7680 7679/7679/7679
f 7682/7682/7682 7681/7681/7681 7679/7679/7679
f 7682/7682/7682 7679/7679/7679 7683/7683/7683
f 7683/7683/7683 7679/7679/7679 7684/7684/7684
f 7685/7685/7685 7677/7677/7677 7680/7680/7680
f 7686/7686/7686 7677/7677/7677 7685/7685/7685
f 7687/7687/7687 7677/7677/7677 7686/7686/7686
f 7687/7687/7687 7688/7688/7688 7677/7677/7677
f 7688/7688/7688 7689/7689/7689 7677/7677/7677
f 7687/7687/7687 7690/7690/7690 7688/7688/7688
f 7690/7690/7690 7691/7691/7691 7688/7688/7688
f 7692/7692/7692 7690/7690/7690 7687/7687/7687
f 7693/7693/7693 7692/7692/7692 7687/7687/7687
f 7692/7692/7692 7693/7693/7693 7694/7694/7694
f 7694/7694/7694 7695/7695/7695 7692/7692/7692
f 7696/7696/7696 7695/7695/7695 7694/7694/7694
f 7696/7696/7696 7694/7694/7694 7697/7697/7697
f 7698/7698/7698 7697/7697/7697 7694/7694/7694
f 7698/7698/7698 7694/7694/7694 7699/7699/7699
f 7700/7700/7700 7698/7698/7698 7699/7699/7699
f 7699/7699/7699 7694/7694/7694 7701/7701/7701
f 7694/7694/7694 7702/7702/7702 7701/7701/7701
f 7700/7700/7700 7699/7699/7699 7703/7703/7703
f 7704/7704/7704 7700/7700/7700 7703/7703/7703
f 7705/7705/7705 7704/7704/7704 7703/7703/7703
f 7708/7708/7708 7707/7707/7707 7706/7706/7706
f 7707/7707/7707 7709/7709/7709 7706/7706/7706
f 7712/7712/7712 7711/7711/7711 7710/7710/7710
f 7712/7712/7712 7713/7713/7713 7711/7711/7711
f 7716/7716/7716 7715/7715/7715 7714/7714/7714
f 7717/7717/7717 7715/7715/7715 7716/7716/7716
f 7716/7716/7716 7718/7718/7718 7717/7717/7717
f 7716/7716/7716 7719/7719/7719 7718/7718/7718
f 7722/7722/7722 7721/7721/7721 7720/7720/7720
f 7721/7721/7721 7723/7723/7723 7720/7720/7720
f 7726/7726/7726 7725/7725/7725 7724/7724/7724
f 7726/7726/7726 7724/7724/7724 7727/7727/7727
f 7724/7724/7724 7728/7728/7728 7727/7727/7727
f 7727/7727/7727 7728/7728/7728 7729/7729/7729
f 7729/7729/7729 7728/7728/7728 7730/7730/7730
f 7728/7728/7728 7731/7731/7731 7730/7730/7730
f 7732/7732/7732 7728/7728/7728 7724/7724/7724
f 7733/7733/7733 7732/7732/7732 7724/7724/7724
f 7728/7728/7728 7732/7732/7732 7734/7734/7734
f 7728/7728/7728 7734/7734/7734 7735/7735/7735
f 7732/7732/7732 7736/7736/7736 7734/7734/7734
f 7736/7736/7736 7737/7737/7737 7734/7734/7734
f 7738/7738/7738 7736/7736/7736 7732/7732/7732
f 7738/7738/7738 7732/7732/7732 7739/7739/7739
f 7740/7740/7740 7738/7738/7738 7739/7739/7739
f 7743/7743/7743 7742/7742/7742 7741/7741/7741
f 7743/7743/7743 7741/7741/7741 7744/7744/7744
f 7745/7745/7745 7744/7744/7744 7741/7741/7741
f 7746/7746/7746 7744/7744/7744 7745/7745/7745
f 7749/7749/7749 7748/7748/7748 7747/7747/7747
f 7749/7749/7749 7750/7750/7750 7748/7748/7748
f 7750/7750/7750 7751/7751/7751 7748/7748/7748
f 7751/7751/7751 7752/7752/7752 7748/7748/7748
f 7751/7751/7751 7753/7753/7753 7752/7752/7752
f 7756/7756/7756 7755/7755/7755 7754/7754/7754
f 7757/7757/7757 7756/7756/7756 7754/7754/7754
f 7758/7758/7758 7756/7756/7756 7757/7757/7757
f 7757/7757/7757 7754/7754/7754 7759/7759/7759
f 7757/7757/7757 7759/7759/7759 7760/7760/7760
f 7763/7763/7763 7762/7762/7762 7761/7761/7761
f 7761/7761/7761 7762/7762/7762 7764/7764/7764
f 7761/7761/7761 7764/7764/7764 7765/7765/7765
f 7761/7761/7761 7765/7765/7765 7766/7766/7766
f 7769/7769/7769 7768/7768/7768 7767/7767/7767
f 7769/7769/7769 7770/7770/7770 7768/7768/7768
f 7773/7773/7773 7772/7772/7772 7771/7771/7771
f 7772/7772/7772 7774/7774/7774 7771/7771/7771
f 7777/7777/7777 7776/7776/7776 7775/7775/7775
f 7775/7775/7775 7776/7776/7776 7778/7778/7778
f 7776/7776/7776 7779/7779/7779 7778/7778/7778
f 7780/7780/7780 7779/7779/7779 7776/7776/7776
f 7783/7783/7783 7782/7782/7782 7781/7781/7781
f 7783/7783/7783 7784/7784/7784 7782/7782/7782
f 7784/7784/7784 7783/7783/7783 7785/7785/7785
f 7786/7786/7786 7785/7785/7785 7783/7783/7783
f 7786/7786/7786 7787/7787/7787 7785/7785/7785
f 7788/7788/7788 7787/7787/7787 7786/7786/7786
f 7791/7791/7791 7790/7790/7790 7789/7789/7789
f 7791/7791/7791 7789/7789/7789 7792/7792/7792
f 7795/7795/7795 7794/7794/7794 7793/7793/7793
f 7796/7796/7796 7794/7794/7794 7795/7795/7795
f 7799/7799/7799 7798/7798/7798 7797/7797/7797
f 7797/7797/7797 7798/7798/7798 7800/7800/7800
f 7803/7803/7803 7802/7802/7802 7801/7801/7801
f 7803/7803/7803 7804/7804/7804 7802/7802/7802
f 7807/7807/7807 7806/7806/7806 7805/7805/7805
f 7808/7808/7808 7806/7806/7806 7807/7807/7807
f 7811/7811/7811 7810/7810/7810 7809/7809/7809
f 7809/7809/7809 7810/7810/7810 7812/7812/7812
f 7815/7815/7815 7814/7814/7814 7813/7813/7813
f 7815/7815/7815 7813/7813/7813 7816/7816/7816
f 7819/7819/7819 7818/7818/7818 7817/7817/7817
f 7817/7817/7817 7818/7818/7818 7820/7820/7820
f 7823/7823/7823 7822/7822/7822 7821/7821/7821
f 7823/7823/7823 7821/7821/7821 7824/7824/7824
f 7825/7825/7825 7823/7823/7823 7824/7824/7824
f 7826/7826/7826 7823/7823/7823 7825/7825/7825
f 7827/7827/7827 7826/7826/7826 7825/7825/7825
f 7828/7828/7828 7826/7826/7826 7827/7827/7827
f 7829/7829/7829 7828/7828/7828 7827/7827/7827
f 7828/7828/7828 7830/7830/7830 7826/7826/7826
f 7831/7831/7831 7826/7826/7826 7830/7830/7830
f 7831/7831/7831 7832/7832/7832 7826/7826/7826
f 7835/7835/7835 7834/7834/7834 7833/7833/7833
f 7835/7835/7835 7836/7836/7836 7834/7834/7834
f 7836/7836/7836 7837/7837/7837 7834/7834/7834
f 7837/7837/7837 7838/7838/7838 7834/7834/7834
f 7839/7839/7839 7838/7838/7838 7837/7837/7837
f 7839/7839/7839 7840/7840/7840 7838/7838/7838
f 7837/7837/7837 7841/7841/7841 7839/7839/7839
f 7841/7841/7841 7842/7842/7842 7839/7839/7839
f 7841/7841/7841 7843/7843/7843 7842/7842/7842
f 7846/7846/7846 7845/7845/7845 7844/7844/7844
f 7847/7847/7847 7845/7845/7845 7846/7846/7846
f 7848/7848/7848 7845/7845/7845 7847/7847/7847
f 7849/7849/7849 7848/7848/7848 7847/7847/7847
f 7850/7850/7850 7848/7848/7848 7849/7849/7849
f 7851/7851/7851 7850/7850/7850 7849/7849/7849
f 7852/7852/7852 7850/7850/7850 7851/7851/7851
f 7850/7850/7850 7852/7852/7852 7853/7853/7853
f 7852/7852/7852 7854/7854/7854 7853/7853/7853
f 7855/7855/7855 7853/7853/7853 7854/7854/7854
f 7858/7858/7858 7857/7857/7857 7856/7856/7856
f 7858/7858/7858 7856/7856/7856 7859/7859/7859
f 7862/7862/7862 7861/7861/7861 7860/7860/7860
f 7862/7862/7862 7863/7863/7863 7861/7861/7861
f 7866/7866/7866 7865/7865/7865 7864/7864/7864
f 7864/7864/7864 7865/7865/7865 7867/7867/7867
f 7870/7870/7870 7869/7869/7869 7868/7868/7868
f 7869/7869/7869 7871/7871/7871 7868/7868/7868
f 7868/7868/7868 7871/7871/7871 7872/7872/7872
f 7872/7872/7872 7871/7871/7871 7873/7873/7873
f 7872/7872/7872 7873/7873/7873 7874/7874/7874
f 7874/7874/7874 7873/7873/7873 7875/7875/7875
f 7878/7878/7878 7877/7877/7877 7876/7876/7876
f 7879/7879/7879 7878/7878/7878 7876/7876/7876
f 7882/7882/7882 7881/7881/7881 7880/7880/7880
f 7882/7882/7882 7883/7883/7883 7881/7881/7881
f 7886/7886/7886 7885/7885/7885 7884/7884/7884
f 7887/7887/7887 7886/7886/7886 7884/7884/7884
f 7887/7887/7887 7884/7884/7884 7888/7888/7888
f 7887/7887/7887 7888/7888/7888 7889/7889/7889
f 7888/7888/7888 7890/7890/7890 7889/7889/7889
f 7890/7890/7890 7891/7891/7891 7889/7889/7889
f 7887/7887/7887 7889/7889/7889 7892/7892/7892
f 7893/7893/7893 7887/7887/7887 7892/7892/7892
f 7896/7896/7896 7895/7895/7895 7894/7894/7894
f 7894/7894/7894 7895/7895/7895 7897/7897/7897
f 7900/7900/7900 7899/7899/7899 7898/7898/7898
f 7901/7901/7901 7898/7898/7898 7899/7899/7899
f 7904/7904/7904 7903/7903/7903 7902/7902/7902
f 7903/7903/7903 7904/7904/7904 7905/7905/7905
f 7905/7905/7905 7904/7904/7904 7906/7906/7906
f 7904/7904/7904 7907/7907/7907 7906/7906/7906
f 7904/7904/7904 7908/7908/7908 7907/7907/7907
f 7906/7906/7906 7907/7907/7907 7909/7909/7909
f 7910/7910/7910 7906/7906/7906 7909/7909/7909
f 7913/7913/7913 7912/7912/7912 7911/7911/7911
f 7912/7912/7912 7914/7914/7914 7911/7911/7911
f 7917/7917/7917 7916/7916/7916 7915/7915/7915
f 7917/7917/7917 7918/7918/7918 7916/7916/7916
f 7921/7921/7921 7920/7920/7920 7919/7919/7919
f 7921/7921/7921 7919/7919/7919 7922/7922/7922
f 7921/7921/7921 7922/7922/7922 7923/7923/7923
f 7926/7926/7926 7925/7925/7925 7924/7924/7924
f 7927/7927/7927 7925/7925/7925 7926/7926/7926
f 7930/7930/7930 7929/7929/7929 7928/7928/7928
f 7930/7930/7930 7928/7928/7928 7931/7931/7931
f 7934/7934/7934 7933/7933/7933 7932/7932/7932
f 7935/7935/7935 7934/7934/7934 7932/7932/7932
f 7938/7938/7938 7937/7937/7937 7936/7936/7936
f 7939/7939/7939 7938/7938/7938 7936/7936/7936
f 7940/7940/7940 7939/7939/7939 7936/7936/7936
f 7940/7940/7940 7936/7936/7936 7941/7941/7941
f 7941/7941/7941 7936/7936/7936 7942/7942/7942
f 7943/7943/7943 7940/7940/7940 7941/7941/7941
f 7944/7944/7944 7940/7940/7940 7943/7943/7943
f 7945/7945/7945 7944/7944/7944 7943/7943/7943
f 7946/7946/7946 7945/7945/7945 7943/7943/7943
f 7947/7947/7947 7945/7945/7945 7946/7946/7946
f 7948/7948/7948 7947/7947/7947 7946/7946/7946
f 7948/7948/7948 7949/7949/7949 7947/7947/7947
f 7950/7950/7950 7949/7949/7949 7948/7948/7948
f 7950/7950/7950 7948/7948/7948 7951/7951/7951
f 7950/7950/7950 7951/7951/7951 7952/7952/7952
f 7952/7952/7952 7951/7951/7951 7953/7953/7953
f 7954/7954/7954 7950/7950/7950 7952/7952/7952
f 7955/7955/7955 7954/7954/7954 7952/7952/7952
f 7955/7955/7955 7956/7956/7956 7954/7954/7954
f 7957/7957/7957 7956/7956/7956 7955/7955/7955
f 7957/7957/7957 7958/7958/7958 7956/7956/7956
f 7958/7958/7958 7959/7959/7959 7956/7956/7956
f 7960/7960/7960 7958/7958/7958 7957/7957/7957
f 7957/7957/7957 7961/7961/7961 7960/7960/7960
f 7962/7962/7962 7961/7961/7961 7957/7957/7957
f 7963/7963/7963 7961/7961/7961 7962/7962/7962
f 7963/7963/7963 7964/7964/7964 7961/7961/7961
f 7962/7962/7962 7957/7957/7957 7965/7965/7965
f 7962/7962/7962 7965/7965/7965 7966/7966/7966
f 7967/7967/7967 7965/7965/7965 7957/7957/7957
f 7967/7967/7967 7957/7957/7957 7968/7968/7968
f 7971/7971/7971 7970/7970/7970 7969/7969/7969
f 7971/7971/7971 7972/7972/7972 7970/7970/7970
f 7975/7975/7975 7974/7974/7974 7973/7973/7973
f 7973/7973/7973 7976/7976/7976 7975/7975/7975
f 7977/7977/7977 7976/7976/7976 7973/7973/7973
f 7977/7977/7977 7978/7978/7978 7976/7976/7976
f 7979/7979/7979 7978/7978/7978 7977/7977/7977
f 7980/7980/7980 7978/7978/7978 7979/7979/7979
f 7981/7981/7981 7980/7980/7980 7979/7979/7979
f 7984/7984/7984 7983/7983/7983 7982/7982/7982
f 7982/7982/7982 7983/7983/7983 7985/7985/7985
f 7982/7982/7982 7985/7985/7985 7986/7986/7986
f 7985/7985/7985 7987/7987/7987 7986/7986/7986
f 7986/7986/7986 7987/7987/7987 7988/7988/7988
f 7986/7986/7986 7988/7988/7988 7989/7989/7989
f 7988/7988/7988 7990/7990/7990 7989/7989/7989
f 7988/7988/7988 7991/7991/7991 7990/7990/7990
f 7994/7994/7994 7993/7993/7993 7992/7992/7992
f 7994/7994/7994 7992/7992/7992 7995/7995/7995
f 7998/7998/7998 7997/7997/7997 7996/7996/7996
f 7996/7996/7996 7997/7997/7997 7999/7999/7999
f 8002/8002/8002 8001/8001/8001 8000/8000/8000
f 8002/8002/8002 8000/8000/8000 8003/8003/8003
f 8002/8002/8002 8003/8003/8003 8004/8004/8004
f 8002/8002/8002 8004/8004/8004 8005/8005/8005
f 8005/8005/8005 8004/8004/8004 8006/8006/8006
f 8004/8004/8004 8007/8007/8007 8006/8006/8006
f 8006/8006/8006 8007/8007/8007 8008/8008/8008
f 8006/8006/8006 8008/8008/8008 8009/8009/8009
f 8009/8009/8009 8008/8008/8008 8010/8010/8010
f 8010/8010/8010 8008/8008/8008 8011/8011/8011
f 8010/8010/8010 8011/8011/8011 8012/8012/8012
f 8010/8010/8010 8012/8012/8012 8013/8013/8013
f 8013/8013/8013 8014/8014/8014 8010/8010/8010
f 8017/8017/8017 8016/8016/8016 8015/8015/8015
f 8017/8017/8017 8018/8018/8018 8016/8016/8016
f 8018/8018/8018 8019/8019/8019 8016/8016/8016
f 8022/8022/8022 8021/8021/8021 8020/8020/8020
f 8022/8022/8022 8023/8023/8023 8021/8021/8021
f 8024/8024/8024 8023/8023/8023 8022/8022/8022
f 8025/8025/8025 8024/8024/8024 8022/8022/8022
f 8028/8028/8028 8027/8027/8027 8026/8026/8026
f 8029/8029/8029 8027/8027/8027 8028/8028/8028
f 8032/8032/8032 8031/8031/8031 8030/8030/8030
f 8033/8033/8033 8032/8032/8032 8030/8030/8030
f 8036/8036/8036 8035/8035/8035 8034/8034/8034
f 8035/8035/8035 8036/8036/8036 8037/8037/8037
f 8040/8040/8040 8039/8039/8039 8038/8038/8038
f 8041/8041/8041 8038/8038/8038 8039/8039/8039
f 8044/8044/8044 8043/8043/8043 8042/8042/8042
f 8043/8043/8043 8045/8045/8045 8042/8042/8042
f 8048/8048/8048 8047/8047/8047 8046/8046/8046
f 8048/8048/8048 8046/8046/8046 8049/8049/8049
f 8052/8052/8052 8051/8051/8051 8050/8050/8050
f 8051/8051/8051 8053/8053/8053 8050/8050/8050
f 8056/8056/8056 8055/8055/8055 8054/8054/8054
f 8057/8057/8057 8054/8054/8054 8055/8055/8055
f 8060/8060/8060 8059/8059/8059 8058/8058/8058
f 8059/8059/8059 8061/8061/8061 8058/8058/8058
f 8064/8064/8064 8063/8063/8063 8062/8062/8062
f 8065/8065/8065 8063/8063/8063 8064/8064/8064
f 8068/8068/8068 8067/8067/8067 8066/8066/8066
f 8069/8069/8069 8068/8068/8068 8066/8066/8066
f 8066/8066/8066 8070/8070/8070 8069/8069/8069
f 8073/8073/8073 8072/8072/8072 8071/8071/8071
f 8071/8071/8071 8072/8072/8072 8074/8074/8074
f 8077/8077/8077 8076/8076/8076 8075/8075/8075
f 8077/8077/8077 8075/8075/8075 8078/8078/8078
f 8081/8081/8081 8080/8080/8080 8079/8079/8079
f 8081/8081/8081 8082/8082/8082 8080/8080/8080
f 8085/8085/8085 8084/8084/8084 8083/8083/8083
f 8085/8085/8085 8083/8083/8083 8086/8086/8086
f 8089/8089/8089 8088/8088/8088 8087/8087/8087
f 8089/8089/8089 8087/8087/8087 8090/8090/8090
f 8090/8090/8090 8087/8087/8087 8091/8091/8091
f 8092/8092/8092 8090/8090/8090 8091/8091/8091
f 8091/8091/8091 8093/8093/8093 8092/8092/8092
f 8091/8091/8091 8094/8094/8094 8093/8093/8093
f 8094/8094/8094 8095/8095/8095 8093/8093/8093
f 8095/8095/8095 8094/8094/8094 8096/8096/8096
f 8099/8099/8099 8098/8098/8098 8097/8097/8097
f 8097/8097/8097 8098/8098/8098 8100/8100/8100
f 8103/8103/8103 8102/8102/8102 8101/8101/8101
f 8104/8104/8104 8103/8103/8103 8101/8101/8101
f 8107/8107/8107 8106/8106/8106 8105/8105/8105
f 8108/8108/8108 8106/8106/8106 8107/8107/8107
f 8111/8111/8111 8110/8110/8110 8109/8109/8109
f 8112/8112/8112 8111/8111/8111 8109/8109/8109
f 8115/8115/8115 8114/8114/8114 8113/8113/8113
f 8113/8113/8113 8114/8114/8114 8116/8116/8116
f 8119/8119/8119 8118/8118/8118 8117/8117/8117
f 8120/8120/8120 8119/8119/8119 8117/8117/8117
f 8123/8123/8123 8122/8122/8122 8121/8121/8121
f 8123/8123/8123 8121/8121/8121 8124/8124/8124
f 8127/8127/8127 8126/8126/8126 8125/8125/8125
f 8128/8128/8128 8126/8126/8126 8127/8127/8127
f 8131/8131/8131 8130/8130/8130 8129/8129/8129
f 8130/8130/8130 8132/8132/8132 8129/8129/8129
f 8135/8135/8135 8134/8134/8134 8133/8133/8133
f 8136/8136/8136 8135/8135/8135 8133/8133/8133
f 8137/8137/8137 8135/8135/8135 8136/8136/8136
f 8140/8140/8140 8139/8139/8139 8138/8138/8138
f 8139/8139/8139 8140/8140/8140 8141/8141/8141
f 8144/8144/8144 8143/8143/8143 8142/8142/8142
f 8144/8144/8144 8142/8142/8142 8145/8145/8145
f 8148/8148/8148 8147/8147/8147 8146/8146/8146
f 8148/8148/8148 8146/8146/8146 8149/8149/8149
f 8150/8150/8150 8149/8149/8149 8146/8146/8146
f 8151/8151/8151 8150/8150/8150 8146/8146/8146
f 8154/8154/8154 8153/8153/8153 8152/8152/8152
f 8155/8155/8155 8153/8153/8153 8154/8154/8154
f 8158/8158/8158 8157/8157/8157 8156/8156/8156
f 8158/8158/8158 8159/8159/8159 8157/8157/8157
f 8162/8162/8162 8161/8161/8161 8160/8160/8160
f 8162/8162/8162 8163/8163/8163 8161/8161/8161
f 8166/8166/8166 8165/8165/8165 8164/8164/8164
f 8167/8167/8167 8165/8165/8165 8166/8166/8166
f 8170/8170/8170 8169/8169/8169 8168/8168/8168
f 8171/8171/8171 8169/8169/8169 8170/8170/8170
f 8174/8174/8174 8173/8173/8173 8172/8172/8172
f 8174/8174/8174 8172/8172/8172 8175/8175/8175
f 8178/8178/8178 8177/8177/8177 8176/8176/8176
f 8177/8177/8177 8179/8179/8179 8176/8176/8176
f 8180/8180/8180 8179/8179/8179 8177/8177/8177
f 8181/8181/8181 8179/8179/8179 8180/8180/8180
f 8184/8184/8184 8183/8183/8183 8182/8182/8182
f 8182/8182/8182 8183/8183/8183 8185/8185/8185
f 8188/8188/8188 8187/8187/8187 8186/8186/8186
f 8187/8187/8187 8189/8189/8189 8186/8186/8186
f 8192/8192/8192 8191/8191/8191 8190/8190/8190
f 8191/8191/8191 8192/8192/8192 8193/8193/8193
f 8196/8196/8196 8195/8195/8195 8194/8194/8194
f 8195/8195/8195 8196/8196/8196 8197/8197/8197
f 8194/8194/8194 8195/8195/8195 8198/8198/8198
f 8199/8199/8199 8195/8195/8195 8197/8197/8197
f 8200/8200/8200 8194/8194/8194 8198/8198/8198
f 8197/8197/8197 8201/8201/8201 8199/8199/8199
f 8200/8200/8200 8198/8198/8198 8202/8202/8202
f 8201/8201/8201 8203/8203/8203 8199/8199/8199
f 8200/8200/8200 8202/8202/8202 8204/8204/8204
f 8204/8204/8204 8202/8202/8202 8205/8205/8205
f 8204/8204/8204 8205/8205/8205 1236/1236/1236
f 1236/1236/1236 8205/8205/8205 8206/8206/8206
f 1236/1236/1236 8206/8206/8206 1235/1235/1235
f 8206/8206/8206 8207/8207/8207 1235/1235/1235
f 1235/1235/1235 8207/8207/8207 8208/8208/8208
f 8207/8207/8207 8209/8209/8209 8208/8208/8208
f 8208/8208/8208 8209/8209/8209 8210/8210/8210
f 8210/8210/8210 8209/8209/8209 8211/8211/8211
f 8210/8210/8210 8211/8211/8211 8212/8212/8212
f 8213/8213/8213 8212/8212/8212 8211/8211/8211
f 8213/8213/8213 8214/8214/8214 8212/8212/8212
f 8213/8213/8213 8215/8215/8215 8214/8214/8214
f 8214/8214/8214 8215/8215/8215 8216/8216/8216
f 8215/8215/8215 8217/8217/8217 8216/8216/8216
f 8216/8216/8216 8217/8217/8217 8218/8218/8218
f 8218/8218/8218 8217/8217/8217 8219/8219/8219
f 8218/8218/8218 8219/8219/8219 8220/8220/8220
f 8220/8220/8220 8219/8219/8219 8221/8221/8221
f 8220/8220/8220 8221/8221/8221 8222/8222/8222
f 8222/8222/8222 8221/8221/8221 8223/8223/8223
f 8223/8223/8223 8221/8221/8221 8224/8224/8224
f 8223/8223/8223 8224/8224/8224 8225/8225/8225
f 8226/8226/8226 8223/8223/8223 8225/8225/8225
f 8226/8226/8226 8225/8225/8225 8227/8227/8227
f 8227/8227/8227 8225/8225/8225 8228/8228/8228
f 8227/8227/8227 8228/8228/8228 8229/8229/8229
f 8227/8227/8227 8229/8229/8229 8230/8230/8230
f 8230/8230/8230 8229/8229/8229 8231/8231/8231
f 8230/8230/8230 8231/8231/8231 8232/8232/8232
f 8232/8232/8232 8231/8231/8231 8233/8233/8233
f 8234/8234/8234 8232/8232/8232 8233/8233/8233
f 8235/8235/8235 8234/8234/8234 8233/8233/8233
f 8234/8234/8234 8235/8235/8235 8236/8236/8236
f 8237/8237/8237 8236/8236/8236 8235/8235/8235
f 8238/8238/8238 8236/8236/8236 8237/8237/8237
f 8238/8238/8238 8237/8237/8237 8239/8239/8239
f 8240/8240/8240 8238/8238/8238 8239/8239/8239
f 8239/8239/8239 8241/8241/8241 8240/8240/8240
f 8241/8241/8241 8242/8242/8242 8240/8240/8240
f 8241/8241/8241 8243/8243/8243 8242/8242/8242
f 8242/8242/8242 8243/8243/8243 8244/8244/8244
f 8244/8244/8244 8243/8243/8243 8245/8245/8245
f 8244/8244/8244 8245/8245/8245 8246/8246/8246
f 8247/8247/8247 8246/8246/8246 8245/8245/8245
f 8246/8246/8246 8247/8247/8247 8248/8248/8248
f 8248/8248/8248 8247/8247/8247 8249/8249/8249
f 8247/8247/8247 8250/8250/8250 8249/8249/8249
f 8249/8249/8249 8250/8250/8250 8251/8251/8251
f 8251/8251/8251 8250/8250/8250 8252/8252/8252
f 8251/8251/8251 8252/8252/8252 8253/8253/8253
f 8253/8253/8253 8252/8252/8252 8254/8254/8254
f 8253/8253/8253 8254/8254/8254 8255/8255/8255
f 8255/8255/8255 8254/8254/8254 8256/8256/8256
f 8255/8255/8255 8256/8256/8256 8257/8257/8257
f 8257/8257/8257 8256/8256/8256 8258/8258/8258
f 8257/8257/8257 8258/8258/8258 8259/8259/8259
f 8258/8258/8258 8260/8260/8260 8259/8259/8259
f 8259/8259/8259 8260/8260/8260 8261/8261/8261
f 8262/8262/8262 8261/8261/8261 8260/8260/8260
f 8260/8260/8260 8263/8263/8263 8262/8262/8262
f 8263/8263/8263 8203/8203/8203 8262/8262/8262
f 8262/8262/8262 8203/8203/8203 8201/8201/8201
